# File generated by ImageToStl.com - Free Image and 3D model conversion tools

mtllib bed.mtl

o obj1
v -0.90459102 -0.39423081 2.47749724
v -0.90459088 -0.1480194 2.47749721
v 0.6067992 -0.14802022 2.47749803
v 0.60679906 -0.39423163 2.47749807
v -0.91727294 -0.39423112 4.86112004
v -0.9172728 -0.14801971 4.86112001
v -0.91727151 -0.14801939 2.4973295
v -0.91727165 -0.3942308 2.49732953
v 0.61947968 -0.39423164 2.49733037
v 0.61947981 -0.14802023 2.49733034
v 0.61947852 -0.14802055 4.86112085
v 0.61947839 -0.39423196 4.86112088
v 0.60679775 -0.39423196 4.88095317
v 0.60679789 -0.14802054 4.88095314
v -0.90459219 -0.14801972 4.88095231
v -0.90459233 -0.39423113 4.88095235
v 0.61313953 -0.14802022 2.48015495
v 0.6131394 -0.39423164 2.48015499
v 0.617781 -0.14802023 2.48741415
v 0.61778087 -0.39423164 2.48741418
v 0.61313809 -0.39423196 4.87829626
v 0.61313822 -0.14802055 4.87829622
v 0.61313822 -0.14802055 4.87829622
v 0.61313809 -0.39423196 4.87829626
v 0.61777957 -0.39423196 4.87103706
v 0.6177797 -0.14802055 4.87103703
v -0.91557413 -0.39423112 4.87103623
v -0.915574 -0.14801971 4.87103619
v -0.91093266 -0.39423113 4.87829543
v -0.91093252 -0.14801972 4.87829539
v -0.91093135 -0.39423081 2.48015416
v -0.91093122 -0.14801939 2.48015412
v -0.91557283 -0.3942308 2.48741335
v -0.9155727 -0.14801939 2.48741332
v -0.9155727 -0.14801939 2.48741332
v -0.91557283 -0.3942308 2.48741335
v 0.617781 -0.14802023 2.48741415
v 0.61947852 -0.14802055 4.86112085
v 0.61947981 -0.14802023 2.49733034
v 0.6177797 -0.14802055 4.87103703
v 0.61313953 -0.14802022 2.48015495
v 0.61313822 -0.14802055 4.87829622
v 0.6067992 -0.14802022 2.47749803
v -0.90459088 -0.1480194 2.47749721
v -0.91093122 -0.14801939 2.48015412
v -0.91093252 -0.14801972 4.87829539
v -0.9155727 -0.14801939 2.48741332
v -0.915574 -0.14801971 4.87103619
v -0.91727151 -0.14801939 2.4973295
v -0.9172728 -0.14801971 4.86112001
v 0.61777957 -0.39423196 4.87103706
v 0.61947968 -0.39423164 2.49733037
v 0.61947839 -0.39423196 4.86112088
v 0.61778087 -0.39423164 2.48741418
v 0.61313809 -0.39423196 4.87829626
v 0.6131394 -0.39423164 2.48015499
v 0.60679775 -0.39423196 4.88095317
v -0.90459233 -0.39423113 4.88095235
v -0.91093266 -0.39423113 4.87829543
v -0.91093135 -0.39423081 2.48015416
v -0.91557413 -0.39423112 4.87103623
v -0.91557283 -0.3942308 2.48741335
v -0.91727294 -0.39423112 4.86112004
v -0.91727165 -0.3942308 2.49732953
vn 0.13051 -0.99145 0
vn -0.13051 -0.99145 0
vn 0.99145 0.13051 0
vn 0.99145 -0.13051 0
vn -0.99145 -0.13051 0
vn -0.99145 0.13051 0
vn -0.13051 0.99145 0
vn 0.13051 0.99145 0
vn -0.50001 -0.86602 0
vn -0.86602 -0.50001 0
vn -0.49989 0.86609 0
vn -0.50001 0.86602 0
vn -0.50009 0.86598 0
vn -0.86602 0.50001 0
vn 0.86602 0.50001 0
vn 0.50001 0.86602 0
vn 0.50001 -0.86602 0
vn 0.86602 -0.50001 0
vn 0.86598 -0.50009 0
vn 0.86609 -0.49989 0
vn 0.86609 -0.49989 0.0001
vn 0 0 1
vn 0 0 -1
vt 0.72171 0.72438
vt 0.72171 0.70584
vt 0.70341 0.70584
vt 0.70341 0.72438
vt 0.70341 0.72438
vt 0.70341 0.70584
vt 0.72171 0.70584
vt 0.70333 0.70584
vt 0.70333 0.72438
vt 0.70325 0.72438
vt 0.70325 0.70584
vt 0.72186 0.70584
vt 0.72186 0.72438
vt 0.72179 0.72438
vt 0.72179 0.70584
vt 0.70327 0.7243
vt 0.70325 0.70599
vt 0.70325 0.72422
vt 0.70327 0.70592
vt 0.70333 0.72435
vt 0.70333 0.70586
vt 0.72179 0.72435
vt 0.72179 0.70586
vt 0.72184 0.7243
vt 0.72184 0.70592
vt 0.72186 0.72422
vt 0.72186 0.70599
vt 0.70327 0.70592
vt 0.70325 0.72422
vt 0.70327 0.7243
vt 0.70333 0.70586
vt 0.70333 0.72435
vt 0.72179 0.70586
vt 0.72179 0.72435
vt 0.72184 0.70592
vt 0.72184 0.7243
vt 0.72186 0.70599
vt 0.72186 0.72422
usemtl mat0
f 1/1/1 2/2/1 3/3/2
f 1/1/1 3/3/2 4/4/2
f 5/1/3 6/2/3 7/3/4
f 5/1/3 7/3/4 8/4/4
f 9/5/5 10/6/5 11/7/6
f 9/5/5 11/7/6 12/1/6
f 13/5/7 14/3/7 15/2/8
f 13/5/7 15/2/8 16/1/8
f 4/4/2 3/3/2 17/8/9
f 4/4/2 17/8/9 18/9/9
f 18/9/9 17/8/9 19/8/10
f 18/9/9 19/8/10 20/9/10
f 20/9/10 19/8/10 10/6/5
f 20/9/10 10/6/5 9/5/5
f 14/3/7 13/5/7 21/10/11
f 14/3/7 21/10/11 22/11/11
f 23/12/12 24/13/13 25/14/14
f 23/12/12 25/14/14 26/15/14
f 26/15/14 25/14/14 12/1/6
f 26/15/14 12/1/6 11/7/6
f 6/2/3 5/1/3 27/14/15
f 6/2/3 27/14/15 28/15/15
f 28/15/15 27/14/15 29/14/16
f 28/15/15 29/14/16 30/15/16
f 30/15/16 29/14/16 16/1/8
f 30/15/16 16/1/8 15/2/8
f 2/2/1 1/1/1 31/14/17
f 2/2/1 31/14/17 32/15/17
f 32/15/17 31/14/17 33/13/18
f 32/15/17 33/13/18 34/12/19
f 35/11/20 36/10/21 8/4/4
f 35/11/20 8/4/4 7/3/4
f 37/16/22 38/17/22 39/18/22
f 38/17/22 37/16/22 40/19/22
f 40/19/22 37/16/22 41/20/22
f 40/19/22 41/20/22 42/21/22
f 42/21/22 41/20/22 43/4/22
f 42/21/22 43/4/22 14/3/22
f 14/3/22 43/4/22 44/1/22
f 14/3/22 44/1/22 15/2/22
f 15/2/22 44/1/22 45/22/22
f 15/2/22 45/22/22 46/23/22
f 46/23/22 45/22/22 47/24/22
f 46/23/22 47/24/22 48/25/22
f 48/25/22 47/24/22 49/26/22
f 48/25/22 49/26/22 50/27/22
f 51/28/23 52/29/23 53/17/23
f 52/29/23 51/28/23 54/30/23
f 54/30/23 51/28/23 55/31/23
f 54/30/23 55/31/23 56/32/23
f 56/32/23 55/31/23 57/6/23
f 56/32/23 57/6/23 4/4/23
f 4/4/23 57/6/23 58/7/23
f 4/4/23 58/7/23 1/1/23
f 1/1/23 58/7/23 59/33/23
f 1/1/23 59/33/23 60/34/23
f 60/34/23 59/33/23 61/35/23
f 60/34/23 61/35/23 62/36/23
f 62/36/23 61/35/23 63/37/23
f 62/36/23 63/37/23 64/38/23
# Vertices: 64, normals: 23, texture coordinates: 38, faces: 60

o obj2
v -0.42926726 -0.15375615 2.45357681
v -0.42781687 -0.15375615 2.44508621
v -0.44009336 -0.15375616 2.4365957
v -0.42781687 -0.15375615 2.44508621
v -0.42385419 -0.15375615 2.43887066
v -0.42385419 -0.15375615 2.43887066
v -0.41844113 -0.15375615 2.43659572
v 0.12065994 -0.15375609 2.43659618
v 0.12607297 -0.15375609 2.43887113
v 0.14231217 -0.15375609 2.4365962
v 0.12607297 -0.15375609 2.43887113
v 0.13003561 -0.15375609 2.44508669
v 0.13003561 -0.15375609 2.44508669
v 0.13148604 -0.15375609 2.4535773
v 0.13148601 -0.15375609 2.45922643
v 0.13003562 -0.15375609 2.46771704
v 0.14231209 -0.15375609 2.47620766
v 0.13003562 -0.15375609 2.46771704
v 0.12607291 -0.15375609 2.47393249
v 0.12607291 -0.15375609 2.47393249
v 0.12065985 -0.15375609 2.47620764
v -0.41844121 -0.15375615 2.47620717
v -0.42385425 -0.15375615 2.47393201
v -0.44009345 -0.15375616 2.47620715
v -0.42385425 -0.15375615 2.47393201
v -0.42781686 -0.15375615 2.46771656
v -0.42781686 -0.15375615 2.46771656
v -0.42926729 -0.15375615 2.45922595
v 0.62642267 -1.09674132 2.56578835
v 0.61562125 -0.83257776 2.55509083
v 0.52710604 -0.83257777 2.55509075
v 0.51630468 -1.09674133 2.56578826
v 0.61526704 -0.76748436 2.46777754
v 0.62239722 -0.5032046 2.46071601
v 0.62239713 -0.5032046 2.56180169
v 0.61526697 -0.76748436 2.55474002
v 0.52131798 -1.14354472 2.56082317
v 0.52131807 -1.14354471 2.46169428
v 0.62140948 -1.1435447 2.46169436
v 0.62140939 -1.14354471 2.56082326
v 0.51630468 -0.45640123 2.45672913
v 0.51630459 -0.45640123 2.56578829
v 0.62642257 -0.45640122 2.56578839
v 0.62642267 -0.45640122 2.45672922
v 0.62642267 -0.48011488 2.45672922
v 0.62642267 -0.45640122 2.45672922
v 0.62642257 -0.48011488 2.56578839
v 0.51767405 -0.49554767 2.45808538
v 0.62505331 -0.49554766 2.45808547
v 0.62505331 -0.5032046 2.45808547
v 0.51767405 -0.50320461 2.45808538
v 0.52746025 -0.76748437 2.55473994
v 0.52033004 -0.50320462 2.5618016
v 0.52033013 -0.50320461 2.46071592
v 0.52746033 -0.76748437 2.46777746
v 0.62394948 -1.11983104 2.56333898
v 0.62394957 -1.11983104 2.45917865
v 0.6250534 -1.11983104 2.45808543
v 0.6250533 -1.11983104 2.5644322
v 0.51630478 -1.09674133 2.45672909
v 0.52710612 -0.83257777 2.46742664
v 0.61562133 -0.83257776 2.46742672
v 0.62642276 -1.09674132 2.45672918
v 0.51877798 -1.11983105 2.45917856
v 0.51877788 -1.11983106 2.56333889
v 0.51767405 -1.11983106 2.56443211
v 0.51767415 -1.11983105 2.45808534
v 0.52746033 -0.76748437 2.46777746
v 0.52033013 -0.50320461 2.46071592
v 0.62239722 -0.5032046 2.46071601
v 0.61526704 -0.76748436 2.46777754
v 0.61526697 -0.76748436 2.55474002
v 0.62239713 -0.5032046 2.56180169
v 0.52033004 -0.50320462 2.5618016
v 0.52746025 -0.76748437 2.55473994
v 0.51630468 -1.09674133 2.56578826
v 0.52710604 -0.83257777 2.55509075
v 0.52710612 -0.83257777 2.46742664
v 0.51630478 -1.09674133 2.45672909
v 0.51630469 -0.48011489 2.45672913
v 0.51630468 -0.45640123 2.45672913
v 0.62642267 -0.45640122 2.45672922
v 0.62642267 -0.48011488 2.45672922
v 0.51630459 -0.48011489 2.56578829
v 0.51630468 -0.45640123 2.45672913
v 0.51630469 -0.48011489 2.45672913
v 0.62642257 -0.48011488 2.56578839
v 0.62642257 -0.45640122 2.56578839
v 0.51630459 -0.45640123 2.56578829
v 0.51630459 -0.48011489 2.56578829
v 0.62642276 -1.09674132 2.45672918
v 0.62642267 -1.09674132 2.56578835
v 0.6250533 -1.09674132 2.5644322
v 0.6250534 -1.09674132 2.45808543
v 0.62642257 -0.48011488 2.56578839
v 0.62752635 -0.48011492 2.56688161
v 0.62752645 -0.48011488 2.45563611
v 0.52131807 -1.14354471 2.46169428
v 0.51630479 -1.13526379 2.45672909
v 0.62642277 -1.13526378 2.45672918
v 0.62140948 -1.1435447 2.46169436
v 0.51630468 -1.09674133 2.56578826
v 0.51767405 -1.09674133 2.56443211
v 0.6250533 -1.09674132 2.5644322
v 0.52033004 -0.50320462 2.5618016
v 0.62505321 -0.5032046 2.56443224
v 0.51767396 -0.50320462 2.56443215
v 0.62239713 -0.5032046 2.56180169
v 0.62505321 -0.5032046 2.56443224
v 0.62505321 -0.49554762 2.56443224
v 0.51767396 -0.49554763 2.56443215
v 0.51767396 -0.50320462 2.56443215
v 0.62642276 -1.09674132 2.45672918
v 0.6250534 -1.09674132 2.45808543
v 0.51767414 -1.09674133 2.45808534
v 0.62140939 -1.14354471 2.56082326
v 0.62642267 -1.13526378 2.56578835
v 0.51630469 -1.1352638 2.56578825
v 0.52131798 -1.14354472 2.56082317
v 0.6250533 -1.09674132 2.5644322
v 0.51767405 -1.09674133 2.56443211
v 0.51767405 -1.09674133 2.56443211
v 0.51767414 -1.09674133 2.45808534
v 0.51767415 -1.11983105 2.45808534
v 0.51767405 -1.11983106 2.56443211
v 0.51767414 -1.09674133 2.45808534
v 0.6250534 -1.09674132 2.45808543
v 0.6250534 -1.09674132 2.45808543
v 0.6250533 -1.09674132 2.5644322
v 0.6250533 -1.11983104 2.5644322
v 0.6250534 -1.11983104 2.45808543
v 0.62642267 -0.48011488 2.45672922
v 0.62752645 -0.48011488 2.45563611
v 0.51520091 -0.48011489 2.45563601
v 0.62505331 -0.49554766 2.45808547
v 0.62505321 -0.49554762 2.56443224
v 0.62505331 -0.5032046 2.45808547
v 0.51630469 -0.48011489 2.45672913
v 0.51520091 -0.48011489 2.45563601
v 0.51520081 -0.48011494 2.56688151
v 0.51767396 -0.49554763 2.56443215
v 0.51767405 -0.49554767 2.45808538
v 0.51767405 -0.50320461 2.45808538
v 0.51630469 -1.1352638 2.56578825
v 0.51630479 -1.13526379 2.45672909
v 0.52131807 -1.14354471 2.46169428
v 0.62239722 -0.5032046 2.46071601
v 0.62140948 -1.1435447 2.46169436
v 0.62642277 -1.13526378 2.45672918
v 0.62642267 -1.13526378 2.56578835
v 0.51630478 -1.09674133 2.45672909
v 0.51767414 -1.09674133 2.45808534
v 0.51767405 -1.09674133 2.56443211
v 0.51630459 -0.48011489 2.56578829
v 0.51520081 -0.48011494 2.56688151
v 0.62752635 -0.48011492 2.56688161
v 0.62394957 -1.11983104 2.45917865
v 0.51877798 -1.11983105 2.45917856
v 0.52033013 -0.50320461 2.46071592
v 0.51630469 -1.1352638 2.56578825
v 0.62394948 -1.11983104 2.56333898
v 0.51877788 -1.11983106 2.56333889
v 0.51630479 -1.13526379 2.45672909
v 0.51877788 -1.11983106 2.56333889
v 0.51877798 -1.11983105 2.45917856
v 0.62642277 -1.13526378 2.45672918
v 0.51877798 -1.11983105 2.45917856
v 0.62394957 -1.11983104 2.45917865
v 0.62642267 -1.13526378 2.56578835
v 0.62394957 -1.11983104 2.45917865
v 0.62394948 -1.11983104 2.56333898
v 0.62752645 -0.48011488 2.45563611
v 0.62752635 -0.48011492 2.56688161
v 0.62505321 -0.49554762 2.56443224
v 0.62505331 -0.49554766 2.45808547
v 0.51520091 -0.48011489 2.45563601
v 0.62752645 -0.48011488 2.45563611
v 0.62505331 -0.49554766 2.45808547
v 0.51767405 -0.49554767 2.45808538
v 0.51520081 -0.48011494 2.56688151
v 0.51520091 -0.48011489 2.45563601
v 0.51767405 -0.49554767 2.45808538
v 0.51767396 -0.49554763 2.56443215
v 0.62752635 -0.48011492 2.56688161
v 0.51520081 -0.48011494 2.56688151
v 0.51767396 -0.49554763 2.56443215
v 0.62505321 -0.49554762 2.56443224
v 0.51877788 -1.11983106 2.56333889
v 0.62394948 -1.11983104 2.56333898
v 0.61526697 -0.76748436 2.55474002
v 0.62392596 -0.80000696 2.56331571
v 0.62392605 -0.80000695 2.45920196
v 0.62392605 -0.80000695 2.45920196
v 0.62392596 -0.80000696 2.56331571
v 0.61562125 -0.83257776 2.55509083
v 0.61562133 -0.83257776 2.46742672
v 0.61526704 -0.76748436 2.46777754
v 0.62392605 -0.80000695 2.45920196
v 0.5188014 -0.80000697 2.45920187
v 0.5188014 -0.80000697 2.45920187
v 0.62392605 -0.80000695 2.45920196
v 0.52710612 -0.83257777 2.46742664
v 0.52746033 -0.76748437 2.46777746
v 0.5188014 -0.80000697 2.45920187
v 0.51880131 -0.80000697 2.56331561
v 0.51880131 -0.80000697 2.56331561
v 0.5188014 -0.80000697 2.45920187
v 0.52710604 -0.83257777 2.55509075
v 0.52746025 -0.76748437 2.55473994
v 0.51880131 -0.80000697 2.56331561
v 0.62392596 -0.80000696 2.56331571
v 0.62392596 -0.80000696 2.56331571
v 0.51880131 -0.80000697 2.56331561
v 0.61562125 -0.83257776 2.55509083
v 0.61562133 -0.83257776 2.46742672
v 0.62642267 -1.09674132 2.56578835
v -0.9242073 -1.09674151 2.56578701
v -0.81408931 -1.09674149 2.56578711
v -0.82489073 -0.83257793 2.55508958
v -0.91340594 -0.83257794 2.55508951
v -0.91305165 -0.76748454 2.46777622
v -0.91305173 -0.76748454 2.5547387
v -0.92018188 -0.50320479 2.56180036
v -0.92018179 -0.50320479 2.46071468
v -0.81910259 -1.14354488 2.56082202
v -0.919194 -1.14354489 2.56082193
v -0.91919391 -1.14354489 2.46169303
v -0.8191025 -1.14354487 2.46169301
v -0.81408931 -0.45640139 2.45672798
v -0.92420729 -0.4564014 2.45672799
v -0.92420739 -0.45640141 2.56578715
v -0.81408941 -0.45640139 2.56578714
v -0.92420729 -0.48011506 2.45672798
v -0.92420739 -0.48011507 2.56578705
v -0.92420729 -0.4564014 2.45672799
v -0.81545872 -0.49554783 2.45808422
v -0.81545872 -0.50320477 2.45808422
v -0.92283787 -0.50320479 2.45808413
v -0.92283787 -0.49554784 2.45808413
v -0.82524496 -0.76748453 2.55473877
v -0.82524488 -0.76748453 2.46777629
v -0.81811481 -0.50320477 2.46071476
v -0.8181149 -0.50320478 2.56180045
v -0.92173415 -1.11983123 2.56333765
v -0.92283787 -1.11983123 2.56443086
v -0.92283778 -1.11983123 2.45808409
v -0.92173405 -1.11983123 2.45917731
v -0.81408921 -1.09674149 2.45672794
v -0.9242072 -1.0967415 2.45672795
v -0.91340586 -0.83257794 2.4674254
v -0.82489065 -0.83257793 2.46742547
v -0.81656236 -1.11983121 2.4591774
v -0.81545863 -1.11983121 2.45808419
v -0.81545873 -1.11983122 2.56443096
v -0.81656245 -1.11983122 2.56333774
v -0.82524488 -0.76748453 2.46777629
v -0.91305165 -0.76748454 2.46777622
v -0.92018179 -0.50320479 2.46071468
v -0.81811481 -0.50320477 2.46071476
v -0.91305173 -0.76748454 2.5547387
v -0.82524496 -0.76748453 2.55473877
v -0.8181149 -0.50320478 2.56180045
v -0.92018188 -0.50320479 2.56180036
v -0.81408931 -1.09674149 2.56578711
v -0.81408921 -1.09674149 2.45672794
v -0.82489065 -0.83257793 2.46742547
v -0.82489073 -0.83257793 2.55508958
v -0.81408931 -0.48011505 2.45672798
v -0.92420729 -0.48011506 2.45672798
v -0.92420729 -0.4564014 2.45672799
v -0.81408931 -0.45640139 2.45672798
v -0.8140894 -0.48011505 2.56578714
v -0.81408931 -0.48011505 2.45672798
v -0.81408931 -0.45640139 2.45672798
v -0.92420739 -0.48011507 2.56578705
v -0.8140894 -0.48011505 2.56578714
v -0.81408941 -0.45640139 2.56578714
v -0.92420739 -0.45640141 2.56578715
v -0.9242072 -1.0967415 2.45672795
v -0.92283778 -1.0967415 2.4580841
v -0.92283788 -1.09674151 2.56443087
v -0.9242073 -1.09674151 2.56578701
v -0.92531112 -0.48011506 2.45563477
v -0.92531111 -0.48011511 2.56688026
v -0.92420739 -0.48011507 2.56578705
v -0.8191025 -1.14354487 2.46169301
v -0.91919391 -1.14354489 2.46169303
v -0.92420719 -1.13526397 2.45672795
v -0.81408921 -1.13526395 2.45672794
v -0.92283788 -1.09674151 2.56443087
v -0.81545873 -1.09674149 2.56443096
v -0.81408931 -1.09674149 2.56578711
v -0.8181149 -0.50320478 2.56180045
v -0.81545882 -0.50320478 2.56443099
v -0.92283797 -0.50320479 2.5644309
v -0.92018188 -0.50320479 2.56180036
v -0.92283797 -0.50320479 2.5644309
v -0.92283797 -0.49554781 2.5644309
v -0.81545882 -0.50320478 2.56443099
v -0.81545882 -0.49554779 2.56443099
v -0.81545863 -1.09674149 2.45808419
v -0.92283778 -1.0967415 2.4580841
v -0.9242072 -1.0967415 2.45672795
v -0.919194 -1.14354489 2.56082193
v -0.81910259 -1.14354488 2.56082202
v -0.81408931 -1.13526396 2.5657871
v -0.92420729 -1.13526397 2.56578711
v -0.92283788 -1.09674151 2.56443087
v -0.81545873 -1.09674149 2.56443096
v -0.81545873 -1.09674149 2.56443096
v -0.81545873 -1.11983122 2.56443096
v -0.81545863 -1.11983121 2.45808419
v -0.81545863 -1.09674149 2.45808419
v -0.81545863 -1.09674149 2.45808419
v -0.92283778 -1.0967415 2.4580841
v -0.92283778 -1.0967415 2.4580841
v -0.92283778 -1.11983123 2.45808409
v -0.92283787 -1.11983123 2.56443086
v -0.92283788 -1.09674151 2.56443087
v -0.81298558 -0.48011505 2.45563486
v -0.92531112 -0.48011506 2.45563477
v -0.92420729 -0.48011506 2.45672798
v -0.92283787 -0.49554784 2.45808413
v -0.92283787 -0.50320479 2.45808413
v -0.92283797 -0.49554781 2.5644309
v -0.81298557 -0.48011509 2.56688036
v -0.81298558 -0.48011505 2.45563486
v -0.81408931 -0.48011505 2.45672798
v -0.81545882 -0.49554779 2.56443099
v -0.81545872 -0.50320477 2.45808422
v -0.81545872 -0.49554783 2.45808422
v -0.8191025 -1.14354487 2.46169301
v -0.81408921 -1.13526395 2.45672794
v -0.81408931 -1.13526396 2.5657871
v -0.92018179 -0.50320479 2.46071468
v -0.91919391 -1.14354489 2.46169303
v -0.92420729 -1.13526397 2.56578711
v -0.92420719 -1.13526397 2.45672795
v -0.81545873 -1.09674149 2.56443096
v -0.81545863 -1.09674149 2.45808419
v -0.81408921 -1.09674149 2.45672794
v -0.92531111 -0.48011511 2.56688026
v -0.81298557 -0.48011509 2.56688036
v -0.8140894 -0.48011505 2.56578714
v -0.92173405 -1.11983123 2.45917731
v -0.81656236 -1.11983121 2.4591774
v -0.81811481 -0.50320477 2.46071476
v -0.81408931 -1.13526396 2.5657871
v -0.81656245 -1.11983122 2.56333774
v -0.92173415 -1.11983123 2.56333765
v -0.81408921 -1.13526395 2.45672794
v -0.81656236 -1.11983121 2.4591774
v -0.81656245 -1.11983122 2.56333774
v -0.92420719 -1.13526397 2.45672795
v -0.92173405 -1.11983123 2.45917731
v -0.81656236 -1.11983121 2.4591774
v -0.92420729 -1.13526397 2.56578711
v -0.92173415 -1.11983123 2.56333765
v -0.92173405 -1.11983123 2.45917731
v -0.92531112 -0.48011506 2.45563477
v -0.92283787 -0.49554784 2.45808413
v -0.92283797 -0.49554781 2.5644309
v -0.92531111 -0.48011511 2.56688026
v -0.81298558 -0.48011505 2.45563486
v -0.81545872 -0.49554783 2.45808422
v -0.92283787 -0.49554784 2.45808413
v -0.92531112 -0.48011506 2.45563477
v -0.81298557 -0.48011509 2.56688036
v -0.81545882 -0.49554779 2.56443099
v -0.81545872 -0.49554783 2.45808422
v -0.81298558 -0.48011505 2.45563486
v -0.92531111 -0.48011511 2.56688026
v -0.92283797 -0.49554781 2.5644309
v -0.81545882 -0.49554779 2.56443099
v -0.81298557 -0.48011509 2.56688036
v -0.81656245 -1.11983122 2.56333774
v -0.92173415 -1.11983123 2.56333765
v -0.92171058 -0.80000714 2.45920063
v -0.92171067 -0.80000714 2.56331437
v -0.91305173 -0.76748454 2.5547387
v -0.92171058 -0.80000714 2.45920063
v -0.91340586 -0.83257794 2.4674254
v -0.91340594 -0.83257794 2.55508951
v -0.92171067 -0.80000714 2.56331437
v -0.81658593 -0.80000713 2.45920072
v -0.92171058 -0.80000714 2.45920063
v -0.91305165 -0.76748454 2.46777622
v -0.81658593 -0.80000713 2.45920072
v -0.82489065 -0.83257793 2.46742547
v -0.92171058 -0.80000714 2.45920063
v -0.81658602 -0.80000713 2.56331446
v -0.81658593 -0.80000713 2.45920072
v -0.82524488 -0.76748453 2.46777629
v -0.81658602 -0.80000713 2.56331446
v -0.82489073 -0.83257793 2.55508958
v -0.81658593 -0.80000713 2.45920072
v -0.92171067 -0.80000714 2.56331437
v -0.81658602 -0.80000713 2.56331446
v -0.82524496 -0.76748453 2.55473877
v -0.92171067 -0.80000714 2.56331437
v -0.91340594 -0.83257794 2.55508951
v -0.81658602 -0.80000713 2.56331446
v -0.9242073 -1.09674151 2.56578701
v -0.91340586 -0.83257794 2.4674254
v 0.62642078 -1.09674139 4.79266432
v 0.5163028 -1.0967414 4.79266422
v 0.52710413 -0.83257784 4.80336178
v 0.61561934 -0.83257783 4.80336185
v 0.61526498 -0.76748443 4.89067526
v 0.61526506 -0.76748443 4.80371278
v 0.62239519 -0.50320467 4.79665114
v 0.62239515 -0.50320467 4.89773693
v 0.52131609 -1.14354478 4.79762931
v 0.62140744 -1.14354477 4.79762939
v 0.62140741 -1.14354477 4.8967584
v 0.521316 -1.14354479 4.89675831
v 0.5163026 -0.4564013 4.90172343
v 0.62642059 -0.45640129 4.90172352
v 0.62642068 -0.45640129 4.79266436
v 0.5163027 -0.4564013 4.79266426
v 0.62642059 -0.48011495 4.90172352
v 0.62642069 -0.48011495 4.79266436
v 0.62642059 -0.45640129 4.90172352
v 0.51767198 -0.49554774 4.90036718
v 0.51767198 -0.50320469 4.90036718
v 0.62505123 -0.50320467 4.90036727
v 0.62505123 -0.49554773 4.90036727
v 0.52745835 -0.76748444 4.8037127
v 0.52745827 -0.76748444 4.89067518
v 0.52032806 -0.50320469 4.89773684
v 0.52032815 -0.50320468 4.79665106
v 0.62394759 -1.11983111 4.79511368
v 0.62505136 -1.11983111 4.79402057
v 0.62505132 -1.11983111 4.90036723
v 0.62394749 -1.11983111 4.89927412
v 0.5163027 -1.0967414 4.90172339
v 0.62642068 -1.09674139 4.90172348
v 0.61561927 -0.83257783 4.89102596
v 0.52710406 -0.83257784 4.89102589
v 0.5187759 -1.11983113 4.89927403
v 0.51767207 -1.11983113 4.90036714
v 0.51767216 -1.11983112 4.79402047
v 0.51877594 -1.11983112 4.79511359
v 0.52745827 -0.76748444 4.89067518
v 0.61526498 -0.76748443 4.89067526
v 0.62239515 -0.50320467 4.89773693
v 0.52032806 -0.50320469 4.89773684
v 0.61526506 -0.76748443 4.80371278
v 0.52745835 -0.76748444 4.8037127
v 0.52032815 -0.50320468 4.79665106
v 0.62239519 -0.50320467 4.79665114
v 0.5163028 -1.0967414 4.79266422
v 0.5163027 -1.0967414 4.90172339
v 0.52710406 -0.83257784 4.89102589
v 0.52710413 -0.83257784 4.80336178
v 0.51630261 -0.48011496 4.90172343
v 0.62642059 -0.48011495 4.90172352
v 0.62642059 -0.45640129 4.90172352
v 0.5163026 -0.4564013 4.90172343
v 0.5163027 -0.48011496 4.79266426
v 0.51630261 -0.48011496 4.90172343
v 0.5163026 -0.4564013 4.90172343
v 0.62642069 -0.48011495 4.79266436
v 0.5163027 -0.48011496 4.79266426
v 0.5163027 -0.4564013 4.79266426
v 0.62642068 -0.45640129 4.79266436
v 0.62642068 -1.09674139 4.90172348
v 0.62505132 -1.09674139 4.90036723
v 0.62505136 -1.09674139 4.79402057
v 0.62642078 -1.09674139 4.79266432
v 0.62752437 -0.48011495 4.90281684
v 0.62752447 -0.48011499 4.79157124
v 0.62642069 -0.48011495 4.79266436
v 0.521316 -1.14354479 4.89675831
v 0.62140741 -1.14354477 4.8967584
v 0.62642069 -1.13526385 4.90172348
v 0.5163027 -1.13526387 4.90172339
v 0.62505136 -1.09674139 4.79402057
v 0.51767216 -1.0967414 4.79402047
v 0.5163028 -1.0967414 4.79266422
v 0.52032815 -0.50320468 4.79665106
v 0.51767207 -0.50320468 4.79402051
v 0.62505127 -0.50320467 4.7940206
v 0.62239519 -0.50320467 4.79665114
v 0.62505127 -0.50320467 4.7940206
v 0.62505127 -0.49554769 4.7940206
v 0.51767207 -0.50320468 4.79402051
v 0.51767207 -0.4955477 4.79402051
v 0.51767206 -1.0967414 4.90036714
v 0.62505132 -1.09674139 4.90036723
v 0.62642068 -1.09674139 4.90172348
v 0.62140744 -1.14354477 4.79762939
v 0.52131609 -1.14354478 4.79762931
v 0.5163028 -1.13526386 4.79266422
v 0.62642079 -1.13526385 4.79266432
v 0.62505136 -1.09674139 4.79402057
v 0.51767216 -1.0967414 4.79402047
v 0.51767216 -1.0967414 4.79402047
v 0.51767216 -1.11983112 4.79402047
v 0.51767207 -1.11983113 4.90036714
v 0.51767206 -1.0967414 4.90036714
v 0.51767206 -1.0967414 4.90036714
v 0.62505132 -1.09674139 4.90036723
v 0.62505132 -1.09674139 4.90036723
v 0.62505132 -1.11983111 4.90036723
v 0.62505136 -1.11983111 4.79402057
v 0.62505136 -1.09674139 4.79402057
v 0.51519883 -0.48011496 4.90281675
v 0.62752437 -0.48011495 4.90281684
v 0.62642059 -0.48011495 4.90172352
v 0.62505123 -0.49554773 4.90036727
v 0.62505123 -0.50320467 4.90036727
v 0.62505127 -0.49554769 4.7940206
v 0.51519893 -0.480115 4.79157115
v 0.51519883 -0.48011496 4.90281675
v 0.51630261 -0.48011496 4.90172343
v 0.51767207 -0.4955477 4.79402051
v 0.51767198 -0.50320469 4.90036718
v 0.51767198 -0.49554774 4.90036718
v 0.521316 -1.14354479 4.89675831
v 0.5163027 -1.13526387 4.90172339
v 0.5163028 -1.13526386 4.79266422
v 0.62239515 -0.50320467 4.89773693
v 0.62140741 -1.14354477 4.8967584
v 0.62642079 -1.13526385 4.79266432
v 0.62642069 -1.13526385 4.90172348
v 0.51767216 -1.0967414 4.79402047
v 0.51767206 -1.0967414 4.90036714
v 0.5163027 -1.0967414 4.90172339
v 0.62752447 -0.48011499 4.79157124
v 0.51519893 -0.480115 4.79157115
v 0.5163027 -0.48011496 4.79266426
v 0.62394749 -1.11983111 4.89927412
v 0.5187759 -1.11983113 4.89927403
v 0.52032806 -0.50320469 4.89773684
v 0.5163028 -1.13526386 4.79266422
v 0.51877594 -1.11983112 4.79511359
v 0.62394759 -1.11983111 4.79511368
v 0.5163027 -1.13526387 4.90172339
v 0.5187759 -1.11983113 4.89927403
v 0.51877594 -1.11983112 4.79511359
v 0.62642069 -1.13526385 4.90172348
v 0.62394749 -1.11983111 4.89927412
v 0.5187759 -1.11983113 4.89927403
v 0.62642079 -1.13526385 4.79266432
v 0.62394759 -1.11983111 4.79511368
v 0.62394749 -1.11983111 4.89927412
v 0.62752437 -0.48011495 4.90281684
v 0.62505123 -0.49554773 4.90036727
v 0.62505127 -0.49554769 4.7940206
v 0.62752447 -0.48011499 4.79157124
v 0.51519883 -0.48011496 4.90281675
v 0.51767198 -0.49554774 4.90036718
v 0.62505123 -0.49554773 4.90036727
v 0.62752437 -0.48011495 4.90281684
v 0.51519893 -0.480115 4.79157115
v 0.51767207 -0.4955477 4.79402051
v 0.51767198 -0.49554774 4.90036718
v 0.51519883 -0.48011496 4.90281675
v 0.62752447 -0.48011499 4.79157124
v 0.62505127 -0.49554769 4.7940206
v 0.51767207 -0.4955477 4.79402051
v 0.51519893 -0.480115 4.79157115
v 0.51877594 -1.11983112 4.79511359
v 0.62394759 -1.11983111 4.79511368
v 0.62392397 -0.80000703 4.89925084
v 0.62392407 -0.80000702 4.79513699
v 0.61526506 -0.76748443 4.80371278
v 0.62392397 -0.80000703 4.89925084
v 0.61561927 -0.83257783 4.89102596
v 0.61561934 -0.83257783 4.80336185
v 0.62392407 -0.80000702 4.79513699
v 0.51879932 -0.80000704 4.89925075
v 0.62392397 -0.80000703 4.89925084
v 0.61526498 -0.76748443 4.89067526
v 0.51879932 -0.80000704 4.89925075
v 0.52710406 -0.83257784 4.89102589
v 0.62392397 -0.80000703 4.89925084
v 0.51879942 -0.80000704 4.7951369
v 0.51879932 -0.80000704 4.89925075
v 0.52745827 -0.76748444 4.89067518
v 0.51879942 -0.80000704 4.7951369
v 0.52710413 -0.83257784 4.80336178
v 0.51879932 -0.80000704 4.89925075
v 0.62392407 -0.80000702 4.79513699
v 0.51879942 -0.80000704 4.7951369
v 0.52745835 -0.76748444 4.8037127
v 0.62392407 -0.80000702 4.79513699
v 0.61561934 -0.83257783 4.80336185
v 0.51879942 -0.80000704 4.7951369
v 0.62642078 -1.09674139 4.79266432
v 0.61561927 -0.83257783 4.89102596
v -0.92420918 -1.09674157 4.79266319
v -0.91340784 -0.83257801 4.80336074
v -0.82489263 -0.832578 4.80336082
v -0.8140912 -1.09674156 4.79266328
v -0.91305371 -0.76748461 4.89067393
v -0.92018386 -0.50320486 4.8977356
v -0.92018377 -0.50320485 4.79665002
v -0.91305363 -0.76748461 4.80371166
v -0.81910448 -1.14354494 4.79762836
v -0.81910457 -1.14354495 4.89675736
v -0.91919598 -1.14354496 4.89675727
v -0.91919589 -1.14354496 4.79762827
v -0.81409139 -0.45640146 4.90172249
v -0.81409129 -0.45640146 4.79266332
v -0.92420928 -0.45640147 4.79266322
v -0.92420937 -0.45640148 4.90172239
v -0.92420937 -0.48011514 4.90172239
v -0.92420937 -0.45640148 4.90172239
v -0.92420927 -0.48011513 4.79266322
v -0.8154608 -0.4955479 4.90036623
v -0.92283995 -0.49554792 4.90036614
v -0.92283995 -0.50320486 4.90036614
v -0.8154608 -0.50320485 4.90036623
v -0.82524687 -0.7674846 4.80371174
v -0.81811679 -0.50320484 4.79665011
v -0.81811688 -0.50320485 4.89773569
v -0.82524694 -0.7674846 4.89067401
v -0.92173604 -1.1198313 4.79511255
v -0.92173613 -1.1198313 4.89927299
v -0.92283986 -1.1198313 4.9003661
v -0.92283976 -1.1198313 4.79401944
v -0.8140913 -1.09674156 4.90172245
v -0.82489271 -0.832578 4.89102493
v -0.91340792 -0.83257801 4.89102485
v -0.92420928 -1.09674158 4.90172235
v -0.81656443 -1.11983129 4.89927308
v -0.81656434 -1.11983128 4.79511264
v -0.81546061 -1.11983128 4.79401953
v -0.81546071 -1.11983129 4.9003662
v -0.82524694 -0.7674846 4.89067401
v -0.81811688 -0.50320485 4.89773569
v -0.92018386 -0.50320486 4.8977356
v -0.91305371 -0.76748461 4.89067393
v -0.91305363 -0.76748461 4.80371166
v -0.92018377 -0.50320485 4.79665002
v -0.81811679 -0.50320484 4.79665011
v -0.82524687 -0.7674846 4.80371174
v -0.8140912 -1.09674156 4.79266328
v -0.82489263 -0.832578 4.80336082
v -0.82489271 -0.832578 4.89102493
v -0.8140913 -1.09674156 4.90172245
v -0.81409139 -0.48011512 4.90172248
v -0.81409139 -0.45640146 4.90172249
v -0.92420937 -0.45640148 4.90172239
v -0.92420937 -0.48011514 4.90172239
v -0.81409129 -0.48011512 4.79266332
v -0.81409139 -0.45640146 4.90172249
v -0.81409139 -0.48011512 4.90172248
v -0.92420927 -0.48011513 4.79266322
v -0.92420928 -0.45640147 4.79266322
v -0.81409129 -0.45640146 4.79266332
v -0.81409129 -0.48011512 4.79266332
v -0.92420928 -1.09674158 4.90172235
v -0.92420918 -1.09674157 4.79266319
v -0.92283977 -1.09674157 4.79401944
v -0.92283986 -1.09674158 4.9003661
v -0.92420927 -0.48011513 4.79266322
v -0.925313 -0.48011517 4.79157011
v -0.9253132 -0.48011514 4.9028155
v -0.81910457 -1.14354495 4.89675736
v -0.81409129 -1.13526403 4.90172245
v -0.92420927 -1.13526404 4.90172235
v -0.91919598 -1.14354496 4.89675727
v -0.8140912 -1.09674156 4.79266328
v -0.81546062 -1.09674156 4.79401953
v -0.92283977 -1.09674157 4.79401944
v -0.81811679 -0.50320484 4.79665011
v -0.92283985 -0.50320485 4.79401947
v -0.81546071 -0.50320484 4.79401957
v -0.92018377 -0.50320485 4.79665002
v -0.92283985 -0.50320485 4.79401947
v -0.92283986 -0.49554787 4.79401947
v -0.81546071 -0.49554786 4.79401957
v -0.81546071 -0.50320484 4.79401957
v -0.92420928 -1.09674158 4.90172235
v -0.92283986 -1.09674158 4.9003661
v -0.81546071 -1.09674156 4.9003662
v -0.91919589 -1.14354496 4.79762827
v -0.92420918 -1.13526404 4.79266318
v -0.81409119 -1.13526402 4.79266328
v -0.81910448 -1.14354494 4.79762836
v -0.92283977 -1.09674157 4.79401944
v -0.81546062 -1.09674156 4.79401953
v -0.81546062 -1.09674156 4.79401953
v -0.81546071 -1.09674156 4.9003662
v -0.81546071 -1.11983129 4.9003662
v -0.81546061 -1.11983128 4.79401953
v -0.81546071 -1.09674156 4.9003662
v -0.92283986 -1.09674158 4.9003661
v -0.92283986 -1.09674158 4.9003661
v -0.92283977 -1.09674157 4.79401944
v -0.92283976 -1.1198313 4.79401944
v -0.92283986 -1.1198313 4.9003661
v -0.92420937 -0.48011514 4.90172239
v -0.9253132 -0.48011514 4.9028155
v -0.81298766 -0.48011512 4.9028156
v -0.92283995 -0.49554792 4.90036614
v -0.92283986 -0.49554787 4.79401947
v -0.92283995 -0.50320486 4.90036614
v -0.81409139 -0.48011512 4.90172248
v -0.81298766 -0.48011512 4.9028156
v -0.81298746 -0.48011516 4.79157021
v -0.81546071 -0.49554786 4.79401957
v -0.8154608 -0.4955479 4.90036623
v -0.8154608 -0.50320485 4.90036623
v -0.81409119 -1.13526402 4.79266328
v -0.81409129 -1.13526403 4.90172245
v -0.81910457 -1.14354495 4.89675736
v -0.92018386 -0.50320486 4.8977356
v -0.91919598 -1.14354496 4.89675727
v -0.92420927 -1.13526404 4.90172235
v -0.92420918 -1.13526404 4.79266318
v -0.8140913 -1.09674156 4.90172245
v -0.81546071 -1.09674156 4.9003662
v -0.81546062 -1.09674156 4.79401953
v -0.81409129 -0.48011512 4.79266332
v -0.81298746 -0.48011516 4.79157021
v -0.925313 -0.48011517 4.79157011
v -0.92173613 -1.1198313 4.89927299
v -0.81656443 -1.11983129 4.89927308
v -0.81811688 -0.50320485 4.89773569
v -0.81409119 -1.13526402 4.79266328
v -0.92173604 -1.1198313 4.79511255
v -0.81656434 -1.11983128 4.79511264
v -0.81409129 -1.13526403 4.90172245
v -0.81656434 -1.11983128 4.79511264
v -0.81656443 -1.11983129 4.89927308
v -0.92420927 -1.13526404 4.90172235
v -0.81656443 -1.11983129 4.89927308
v -0.92173613 -1.1198313 4.89927299
v -0.92420918 -1.13526404 4.79266318
v -0.92173613 -1.1198313 4.89927299
v -0.92173604 -1.1198313 4.79511255
v -0.9253132 -0.48011514 4.9028155
v -0.925313 -0.48011517 4.79157011
v -0.92283986 -0.49554787 4.79401947
v -0.92283995 -0.49554792 4.90036614
v -0.81298766 -0.48011512 4.9028156
v -0.9253132 -0.48011514 4.9028155
v -0.92283995 -0.49554792 4.90036614
v -0.8154608 -0.4955479 4.90036623
v -0.81298746 -0.48011516 4.79157021
v -0.81298766 -0.48011512 4.9028156
v -0.8154608 -0.4955479 4.90036623
v -0.81546071 -0.49554786 4.79401957
v -0.925313 -0.48011517 4.79157011
v -0.81298746 -0.48011516 4.79157021
v -0.81546071 -0.49554786 4.79401957
v -0.92283986 -0.49554787 4.79401947
v -0.81656434 -1.11983128 4.79511264
v -0.92173604 -1.1198313 4.79511255
v -0.91305363 -0.76748461 4.80371166
v -0.92171256 -0.80000721 4.79513587
v -0.92171265 -0.80000721 4.89924971
v -0.92171265 -0.80000721 4.89924971
v -0.92171256 -0.80000721 4.79513587
v -0.91340784 -0.83257801 4.80336074
v -0.91340792 -0.83257801 4.89102485
v -0.91305371 -0.76748461 4.89067393
v -0.92171265 -0.80000721 4.89924971
v -0.816588 -0.8000072 4.8992498
v -0.816588 -0.8000072 4.8992498
v -0.92171265 -0.80000721 4.89924971
v -0.82489271 -0.832578 4.89102493
v -0.82524694 -0.7674846 4.89067401
v -0.816588 -0.8000072 4.8992498
v -0.81658791 -0.8000072 4.79513596
v -0.81658791 -0.8000072 4.79513596
v -0.816588 -0.8000072 4.8992498
v -0.82489263 -0.832578 4.80336082
v -0.82524687 -0.7674846 4.80371174
v -0.81658791 -0.8000072 4.79513596
v -0.92171256 -0.80000721 4.79513587
v -0.92171256 -0.80000721 4.79513587
v -0.81658791 -0.8000072 4.79513596
v -0.91340784 -0.83257801 4.80336074
v -0.91340792 -0.83257801 4.89102485
v -0.92420918 -1.09674157 4.79266319
v 0.64333208 -0.3942316 4.92185575
v 0.64333212 -0.3942316 4.88224429
v 0.64333206 -0.02924273 4.88224431
v 0.64333203 -0.02924273 4.92185577
v 0.64333212 -0.45640112 4.88224429
v 0.64333208 -0.3942316 4.92185575
v 0.64333209 -0.45640113 4.92185574
v -0.94111808 -0.45640131 4.92185416
v -0.94111809 -0.39423179 4.92185417
v -0.94111805 -0.39423179 4.88224271
v -0.94111804 -0.45640131 4.88224271
v -0.94111566 -0.39423171 2.43659515
v -0.94111569 -0.39423171 2.4762066
v -0.94111572 -0.1823612 2.47620661
v -0.94111569 -0.1823612 2.43659516
v -0.94111568 -0.45640124 2.4762066
v -0.94111566 -0.39423171 2.43659515
v -0.94111565 -0.45640124 2.43659514
v 0.64333209 -0.45640113 4.92185574
v 0.64333208 -0.3942316 4.92185575
v -0.94111809 -0.39423179 4.92185417
v -0.94111808 -0.45640131 4.92185416
v -0.94111565 -0.45640124 2.43659514
v -0.94111566 -0.39423171 2.43659515
v 0.64333451 -0.39423152 2.43659672
v 0.64333452 -0.45640105 2.43659672
v -0.94111814 -0.02924292 4.92185419
v -0.35626155 0.02846548 4.9218548
v -0.3562616 0.02846548 4.88224335
v -0.94111811 -0.02924292 4.88224274
v -0.94111569 -0.39423171 2.4762066
v -0.94111568 -0.45640124 2.4762066
v -0.94111804 -0.45640131 4.88224271
v -0.94111805 -0.39423179 4.88224271
v 0.64333212 -0.3942316 4.88224429
v 0.64333212 -0.45640112 4.88224429
v 0.64333449 -0.45640105 2.47620817
v 0.64333448 -0.39423152 2.47620818
v 0.64333452 -0.45640105 2.43659672
v 0.64333451 -0.39423152 2.43659672
v 0.64333448 -0.39423152 2.47620818
v 0.64333449 -0.45640105 2.47620817
v 0.64333449 -0.45640105 2.47620817
v -0.94111565 -0.45640124 2.43659514
v 0.64333448 -0.39423152 2.47620818
v 0.64333448 -0.18236101 2.43659674
v 0.64333444 -0.18236101 2.47620819
v 0.13148603 -0.0956028 2.4535773
v 0.131486 -0.0956028 2.45922644
v -0.94111805 -0.39423179 4.88224271
v -0.94111814 -0.02924292 4.92185419
v -0.94111808 -0.45640131 4.92185416
v 0.64333212 -0.45640112 4.88224429
v 0.64333449 -0.45640105 2.47620817
v 0.64333212 -0.45640112 4.88224429
v 0.64333451 -0.39423152 2.43659672
v -0.94111569 -0.1823612 2.43659516
v 0.64333448 -0.18236101 2.43659674
v -0.4292673 -0.09560287 2.45922595
v -0.42926727 -0.09560287 2.45357682
v -0.94111569 -0.1823612 2.43659516
v -0.94111572 -0.1823612 2.47620661
v -0.94111572 -0.17058886 2.47620661
v -0.94111569 -0.17058886 2.43659516
v -0.12514485 -0.08553332 2.47620743
v -0.12514479 -0.08553332 2.43659597
v -0.17263644 -0.08553332 2.43659593
v -0.1726365 -0.08553332 2.47620739
v 0.12655487 -0.09363834 2.47620764
v 0.12655494 -0.09363834 2.43659619
v 0.11195118 -0.09174933 2.43659618
v 0.1119511 -0.09174933 2.47620763
v 0.1119511 -0.09174933 2.47620763
v 0.11195118 -0.09174933 2.43659618
v 0.08823595 -0.09000841 2.43659616
v 0.08823586 -0.09000841 2.47620761
v 0.08823586 -0.09000841 2.47620761
v 0.08823595 -0.09000841 2.43659616
v 0.0563206 -0.08848252 2.43659613
v 0.05632054 -0.08848253 2.47620758
v 0.05632054 -0.08848253 2.47620758
v 0.0563206 -0.08848252 2.43659613
v 0.01743166 -0.08723031 2.4365961
v 0.0174316 -0.08723031 2.47620755
v 0.0174316 -0.08723031 2.47620755
v 0.01743166 -0.08723031 2.4365961
v -0.02693643 -0.08629977 2.43659606
v -0.02693649 -0.08629978 2.47620751
v -0.02693649 -0.08629978 2.47620751
v -0.02693643 -0.08629977 2.43659606
v -0.0750786 -0.08572679 2.43659602
v -0.07507867 -0.08572679 2.47620747
v -0.07507867 -0.08572679 2.47620747
v -0.0750786 -0.08572679 2.43659602
v -0.12514479 -0.08553332 2.43659597
v -0.12514485 -0.08553332 2.47620743
v -0.42433617 -0.09363841 2.43659571
v -0.42433623 -0.09363841 2.47620717
v -0.40973248 -0.09174939 2.47620718
v -0.40973239 -0.09174939 2.43659573
v -0.40973239 -0.09174939 2.43659573
v -0.40973248 -0.09174939 2.47620718
v -0.38601724 -0.09000847 2.4762072
v -0.38601715 -0.09000847 2.43659575
v -0.38601715 -0.09000847 2.43659575
v -0.38601724 -0.09000847 2.4762072
v -0.35410189 -0.08848257 2.47620723
v -0.35410183 -0.08848257 2.43659578
v -0.35410183 -0.08848257 2.43659578
v -0.35410189 -0.08848257 2.47620723
v -0.31521295 -0.08723035 2.47620726
v -0.31521289 -0.08723035 2.43659581
v -0.31521289 -0.08723035 2.43659581
v -0.31521295 -0.08723035 2.47620726
v -0.27084487 -0.0862998 2.4762073
v -0.27084481 -0.0862998 2.43659585
v -0.27084481 -0.0862998 2.43659585
v -0.27084487 -0.0862998 2.4762073
v -0.22270269 -0.08572681 2.47620734
v -0.22270263 -0.08572681 2.43659589
v -0.22270263 -0.08572681 2.43659589
v -0.22270269 -0.08572681 2.47620734
v -0.1726365 -0.08553332 2.47620739
v -0.17263644 -0.08553332 2.43659593
v 0.64333444 -0.18236101 2.47620819
v 0.64333448 -0.18236101 2.43659674
v 0.64333448 -0.17058867 2.43659674
v 0.64333444 -0.17058868 2.47620819
v 0.12607291 -0.15375609 2.47393249
v 0.12902041 -0.09462049 2.4739325
v 0.12902041 -0.09462049 2.4739325
v 0.13003562 -0.15375609 2.46771704
v 0.13082533 -0.09533953 2.46771704
v 0.13082533 -0.09533953 2.46771704
v 0.13148601 -0.15375609 2.45922643
v 0.12902052 -0.09462057 2.43887114
v 0.12607297 -0.15375609 2.43887113
v 0.12902052 -0.09462057 2.43887114
v 0.13082543 -0.09533953 2.4450867
v 0.13003561 -0.15375609 2.44508669
v 0.13082543 -0.09533953 2.4450867
v 0.13148604 -0.15375609 2.4535773
v -0.4292673 -0.09560287 2.45922595
v -0.42781686 -0.15375615 2.46771656
v -0.4286067 -0.09533959 2.46771656
v -0.4286067 -0.09533959 2.46771656
v -0.42385425 -0.15375615 2.47393201
v -0.42680181 -0.09462064 2.47393202
v -0.42680181 -0.09462064 2.47393202
v -0.41844121 -0.15375615 2.47620717
v -0.42433623 -0.09363841 2.47620717
v -0.42385419 -0.15375615 2.43887066
v -0.4268017 -0.09462055 2.43887066
v -0.4268017 -0.09462055 2.43887066
v -0.42781687 -0.15375615 2.44508621
v -0.4286066 -0.09533959 2.44508621
v -0.4286066 -0.09533959 2.44508621
v -0.42926726 -0.15375615 2.45357681
v -0.94111569 -0.17058886 2.43659516
v -0.94111572 -0.17058886 2.47620661
v -0.90846047 -0.16414723 2.47620664
v -0.90846049 -0.16414723 2.43659519
v -0.90846049 -0.16414723 2.43659519
v -0.90846047 -0.16414723 2.47620664
v -0.8154663 -0.15868635 2.47620683
v -0.81546632 -0.15868635 2.43659537
v -0.81546632 -0.15868635 2.43659537
v -0.8154663 -0.15868635 2.47620683
v -0.67629062 -0.15503748 2.47620695
v -0.67629069 -0.15503748 2.43659549
v -0.67629069 -0.15503748 2.43659549
v -0.67629062 -0.15503748 2.47620695
v -0.51212175 -0.15375616 2.47620709
v -0.51212171 -0.15375616 2.43659564
v 0.21434047 -0.15375608 2.43659626
v 0.21434044 -0.15375608 2.47620772
v 0.37850944 -0.15503736 2.47620786
v 0.37850937 -0.15503735 2.43659641
v 0.37850937 -0.15503735 2.43659641
v 0.37850944 -0.15503736 2.47620786
v 0.51768507 -0.15868619 2.47620798
v 0.51768505 -0.15868619 2.43659653
v 0.51768505 -0.15868619 2.43659653
v 0.51768507 -0.15868619 2.47620798
v 0.61067924 -0.16414705 2.47620816
v 0.61067922 -0.16414705 2.43659671
v 0.61067922 -0.16414705 2.43659671
v 0.61067924 -0.16414705 2.47620816
v 0.64333444 -0.17058868 2.47620819
v 0.64333448 -0.17058867 2.43659674
v -0.92037936 -0.39423171 2.47620662
v -0.9411157 -0.33004285 2.4762066
v -0.92037937 -0.33004284 2.47620662
v 0.62259578 -0.3942316 4.88224427
v 0.64333211 -0.33004273 4.8822443
v 0.62259577 -0.33004273 4.88224428
v -0.92038172 -0.39423178 4.88224273
v -0.53463732 -0.39406881 4.88224317
v -0.53463501 -0.39423167 2.47620706
v -0.53463501 -0.39423167 2.47620706
v -0.53463732 -0.39406881 4.88224317
v -0.14889296 -0.36549417 4.88224351
v -0.14889062 -0.39423162 2.47620739
v -0.14889062 -0.39423162 2.47620739
v -0.14889296 -0.36549417 4.88224351
v 0.23685143 -0.39406872 4.88224384
v 0.23685374 -0.39423157 2.47620772
v 0.23685374 -0.39423157 2.47620772
v 0.23685143 -0.39406872 4.88224384
v 0.62259578 -0.3942316 4.88224427
v 0.62259814 -0.39423153 2.47620816
v -0.92037937 -0.33004284 2.47620662
v -0.9411157 -0.33004285 2.4762066
v -0.94111806 -0.33004292 4.88224272
v -0.92038173 -0.33004291 4.88224274
v 0.64333447 -0.33004266 2.47620818
v 0.62259813 -0.33004266 2.47620816
v 0.62259577 -0.33004273 4.88224428
v 0.64333211 -0.33004273 4.8822443
v 0.64333448 -0.39423152 2.47620818
v 0.64333447 -0.33004266 2.47620818
v -0.92038173 -0.33004291 4.88224274
v -0.94111806 -0.33004292 4.88224272
v 0.62259814 -0.39423153 2.47620816
v 0.62259813 -0.33004266 2.47620816
v 0.64333447 -0.33004266 2.47620818
v -0.94111805 -0.39423179 4.88224271
v -0.9411157 -0.33004285 2.4762066
v -0.92038172 -0.39423178 4.88224273
v -0.92037936 -0.39423171 2.47620662
v -0.92037937 -0.33004284 2.47620662
v 0.62259814 -0.39423153 2.47620816
v 0.62259578 -0.3942316 4.88224427
v 0.62259813 -0.33004266 2.47620816
v 0.05847553 0.02846553 4.92185516
v 0.64333203 -0.02924273 4.92185577
v 0.05847548 0.02846553 4.88224371
v 0.05847548 0.02846553 4.88224371
v -0.00226138 0.04091193 4.88224366
v -0.00226132 0.04091193 4.92185511
v -0.00226132 0.04091193 4.92185511
v -0.00226138 0.04091193 4.88224366
v -0.07299091 0.05152673 4.8822436
v -0.07299087 0.05152673 4.92185505
v -0.07299087 0.05152673 4.92185505
v -0.07299091 0.05152673 4.8822436
v -0.14889305 0.05601347 4.88224353
v -0.14889304 0.05601347 4.92185498
v -0.14889304 0.05601347 4.92185498
v -0.14889305 0.05601347 4.88224353
v -0.22479521 0.05152671 4.88224346
v -0.22479517 0.05152671 4.92185492
v -0.22479517 0.05152671 4.92185492
v -0.22479521 0.05152671 4.88224346
v -0.29552476 0.04091189 4.8822434
v -0.2955247 0.04091189 4.92185486
v -0.2955247 0.04091189 4.92185486
v -0.29552476 0.04091189 4.8822434
v -0.35626155 0.02846548 4.9218548
v 0.05847553 0.02846553 4.92185516
v 0.64333208 -0.3942316 4.92185575
v 0.64333203 -0.02924273 4.92185577
v -0.94111809 -0.39423179 4.92185417
v -0.00226132 0.04091193 4.92185511
v -0.07299087 0.05152673 4.92185505
v -0.14889304 0.05601347 4.92185498
v -0.22479517 0.05152671 4.92185492
v -0.2955247 0.04091189 4.92185486
v -0.35626155 0.02846548 4.9218548
v -0.94111814 -0.02924292 4.92185419
v -0.94111569 -0.1823612 2.43659516
v 0.64333448 -0.17058867 2.43659674
v 0.64333448 -0.18236101 2.43659674
v 0.61067922 -0.16414705 2.43659671
v 0.51768505 -0.15868619 2.43659653
v 0.37850937 -0.15503735 2.43659641
v 0.21434047 -0.15375608 2.43659626
v 0.14231217 -0.15375609 2.4365962
v 0.12065994 -0.15375609 2.43659618
v -0.41844113 -0.15375615 2.43659572
v -0.44009336 -0.15375616 2.4365957
v -0.51212171 -0.15375616 2.43659564
v -0.67629069 -0.15503748 2.43659549
v -0.81546632 -0.15868635 2.43659537
v -0.90846049 -0.16414723 2.43659519
v -0.94111569 -0.17058886 2.43659516
v 0.12902041 -0.09462049 2.4739325
v 0.12655494 -0.09363834 2.43659619
v 0.12655487 -0.09363834 2.47620764
v 0.13082533 -0.09533953 2.46771704
v 0.131486 -0.0956028 2.45922644
v 0.13148603 -0.0956028 2.4535773
v 0.13082543 -0.09533953 2.4450867
v 0.12902052 -0.09462057 2.43887114
v 0.21434047 -0.15375608 2.43659626
v 0.14231209 -0.15375609 2.47620766
v 0.21434044 -0.15375608 2.47620772
v 0.13148601 -0.15375609 2.45922643
v 0.13148604 -0.15375609 2.4535773
v 0.14231217 -0.15375609 2.4365962
v 0.1119511 -0.09174933 2.47620763
v 0.12065985 -0.15375609 2.47620764
v 0.12655487 -0.09363834 2.47620764
v -0.41844121 -0.15375615 2.47620717
v 0.08823586 -0.09000841 2.47620761
v 0.05632054 -0.08848253 2.47620758
v 0.0174316 -0.08723031 2.47620755
v -0.02693649 -0.08629978 2.47620751
v -0.07507867 -0.08572679 2.47620747
v -0.12514485 -0.08553332 2.47620743
v -0.1726365 -0.08553332 2.47620739
v -0.22270269 -0.08572681 2.47620734
v -0.27084487 -0.0862998 2.4762073
v -0.31521295 -0.08723035 2.47620726
v -0.35410189 -0.08848257 2.47620723
v -0.38601724 -0.09000847 2.4762072
v -0.40973248 -0.09174939 2.47620718
v -0.42433623 -0.09363841 2.47620717
v 0.61067924 -0.16414705 2.47620816
v 0.64333444 -0.18236101 2.47620819
v 0.64333444 -0.17058868 2.47620819
v -0.94111572 -0.1823612 2.47620661
v 0.51768507 -0.15868619 2.47620798
v 0.37850944 -0.15503736 2.47620786
v 0.21434044 -0.15375608 2.47620772
v 0.14231209 -0.15375609 2.47620766
v 0.12065985 -0.15375609 2.47620764
v -0.41844121 -0.15375615 2.47620717
v -0.44009345 -0.15375616 2.47620715
v -0.51212175 -0.15375616 2.47620709
v -0.67629062 -0.15503748 2.47620695
v -0.8154663 -0.15868635 2.47620683
v -0.90846047 -0.16414723 2.47620664
v -0.94111572 -0.17058886 2.47620661
v -0.42433617 -0.09363841 2.43659571
v -0.42680181 -0.09462064 2.47393202
v -0.42433623 -0.09363841 2.47620717
v -0.4286067 -0.09533959 2.46771656
v -0.4292673 -0.09560287 2.45922595
v -0.42926727 -0.09560287 2.45357682
v -0.4286066 -0.09533959 2.44508621
v -0.4268017 -0.09462055 2.43887066
v 0.12065994 -0.15375609 2.43659618
v 0.11195118 -0.09174933 2.43659618
v 0.12655494 -0.09363834 2.43659619
v -0.41844113 -0.15375615 2.43659572
v 0.08823595 -0.09000841 2.43659616
v 0.0563206 -0.08848252 2.43659613
v 0.01743166 -0.08723031 2.4365961
v -0.02693643 -0.08629977 2.43659606
v -0.0750786 -0.08572679 2.43659602
v -0.12514479 -0.08553332 2.43659597
v -0.17263644 -0.08553332 2.43659593
v -0.22270263 -0.08572681 2.43659589
v -0.27084481 -0.0862998 2.43659585
v -0.31521289 -0.08723035 2.43659581
v -0.35410183 -0.08848257 2.43659578
v -0.38601715 -0.09000847 2.43659575
v -0.40973239 -0.09174939 2.43659573
v -0.42433617 -0.09363841 2.43659571
v -0.42926729 -0.15375615 2.45922595
v -0.51212175 -0.15375616 2.47620709
v -0.44009345 -0.15375616 2.47620715
v -0.51212171 -0.15375616 2.43659564
v -0.42926726 -0.15375615 2.45357681
v -0.44009336 -0.15375616 2.4365957
v -0.94111572 -0.1823612 2.47620661
v 0.64333448 -0.39423152 2.47620818
v 0.64333444 -0.18236101 2.47620819
v 0.62259814 -0.39423153 2.47620816
v 0.23685374 -0.39423157 2.47620772
v -0.14889062 -0.39423162 2.47620739
v -0.53463501 -0.39423167 2.47620706
v -0.92037936 -0.39423171 2.47620662
v -0.94111569 -0.39423171 2.4762066
v 0.62259578 -0.3942316 4.88224427
v 0.64333206 -0.02924273 4.88224431
v 0.64333212 -0.3942316 4.88224429
v 0.05847548 0.02846553 4.88224371
v 0.23685143 -0.39406872 4.88224384
v -0.14889296 -0.36549417 4.88224351
v -0.00226138 0.04091193 4.88224366
v -0.07299091 0.05152673 4.8822436
v -0.14889305 0.05601347 4.88224353
v -0.53463732 -0.39406881 4.88224317
v -0.22479521 0.05152671 4.88224346
v -0.29552476 0.04091189 4.8822434
v -0.3562616 0.02846548 4.88224335
v -0.94111811 -0.02924292 4.88224274
v -0.92038172 -0.39423178 4.88224273
v -0.94111805 -0.39423179 4.88224271
vn 0 0 1
vn -0.96897 0 0.24719
vn 0 -0.98613 -0.166
vn 0 0 -1
vn 0 -1 0
vn 1 0 0
vn 0 0.98613 -0.166
vn 0.96897 0 0.24719
vn 0.98613 0 -0.166
vn -0.98613 0 -0.166
vn 0 0.96897 0.24719
vn 0 1 0
vn -1 0 0
vn 0.2559 0 -0.9667
vn -0.2559 0 -0.9667
vn 0 0.2559 -0.9667
vn 0 -0.2559 -0.9667
vn -0.70711 0 0.70711
vn 0 0.70711 0.70711
vn 0.70711 0 0.70711
vn 0 -0.70711 0.70711
vn 0 -0.70711 -0.70711
vn 0.70711 0 -0.70711
vn 0 0.70711 -0.70711
vn -0.70711 0 -0.70711
vn 0 -0.51569 0.85678
vn 0 -0.53209 -0.84669
vn 0.51569 0 0.85678
vn 0.53221 0 -0.84661
vn 0.53209 0 -0.84669
vn 0 0.51569 0.85678
vn 0 0.53209 -0.84669
vn -0.51569 0 0.85678
vn -0.53209 0 -0.84669
vn 0 -0.96897 0.24719
vn 0 0.0158 0.99988
vn 0 -0.0207 0.99979
vn 0 -0.0118 0.99993
vn 0 -0.0077 0.99997
vn 0 -0.0052 0.99999
vn 0 -0.0034 0.99999
vn 0 -0.0019 1
vn 0 -0.0006 1
vn 0 0.0207 0.99979
vn 0 0.0118 0.99993
vn 0 0.0077 0.99997
vn 0 0.0052 0.99999
vn 0 0.0034 0.99999
vn 0 0.0019 1
vn 0 0.0006 1
vn -0.8435 -0.4875 -0.2255
vn -0.84357 -0.48738 -0.22549
vn -0.84354 -0.48742 -0.22551
vn -0.41231 -0.89362 -0.1773
vn -0.41219 -0.89368 -0.1773
vn -0.1222 -0.99162 -0.0419
vn 0.84357 -0.48738 -0.22549
vn 0.84354 -0.48742 -0.22551
vn 0.84361 -0.48731 -0.2255
vn 0.41231 -0.89362 -0.1773
vn 0.41219 -0.89368 -0.1773
vn 0.41227 -0.89364 -0.17729
vn 0.1222 -0.99162 -0.0419
vn 0.1222 -0.99162 -0.042
vn -0.1222 0.99162 -0.042
vn -0.1222 0.99162 -0.0419
vn -0.41231 0.89362 -0.1773
vn -0.41219 0.89368 -0.1773
vn -0.84354 0.48742 -0.22551
vn -0.84357 0.48738 -0.22549
vn -0.8435 0.4875 -0.2255
vn 0.84354 0.48742 -0.22551
vn 0.84357 0.48738 -0.22549
vn 0.84361 0.48731 -0.2255
vn 0.41227 0.89364 -0.17729
vn 0.41231 0.89362 -0.1773
vn 0.41219 0.89368 -0.1773
vn 0.1222 0.99162 -0.0419
vn 0 0.0316 0.9995
vn 0 0.0094 0.99996
vn 0 0.0042 0.99999
vn 0 0.0013 1
vn 0 -0.0013 1
vn 0 -0.0042 0.99999
vn 0 -0.0094 0.99996
vn 0 -0.0316 0.9995
vn 0 0.0001 1
vn 0.001 0.0059 0.99998
vn 0.001 0.006 0.99998
vn 0.001 -0.0059 0.99998
vn 0.001 -0.006 0.99998
vn 0 -0.0001 1
vn 0 -0.0158 0.99988
vn 0 -0.0328 0.99946
vn 0 -0.024 0.99971
vn 0 -0.0095 0.99995
vn 0 0.0095 0.99995
vn 0 0.024 0.99971
vn 0 0.0328 0.99946
vn 1 0 0.0002
vn 1 0 0.0001
vn 1 0 0.0003
vn 1 0 -0.0001
vn 0 -0.0637 0.99797
vn -1 0 -0.0001
vn -1 0 0.0001
vn -1 0 -0.0003
vn 0 0.0637 0.99797
vt 0.70508 0.49723
vt 0.71998 0.49723
vt 0.71998 0.48233
vt 0.70508 0.48233
vt 0.7199 0.49084
vt 0.71656 0.48352
vt 0.71931 0.48669
vt 0.71253 0.48233
vt 0.71816 0.49466
vt 0.71463 0.49693
vt 0.71043 0.49693
vt 0.7069 0.49466
vt 0.70516 0.49084
vt 0.70576 0.48669
vt 0.7085 0.48352
vt 0.71538 0.4829
vt 0.70968 0.4829
vt 0.70726 0.48452
vt 0.70565 0.48693
vt 0.70508 0.48978
vt 0.70565 0.49263
vt 0.70726 0.49505
vt 0.70968 0.49667
vt 0.71253 0.49723
vt 0.71538 0.49667
vt 0.7178 0.49505
vt 0.71941 0.49263
vt 0.71998 0.48978
vt 0.71941 0.48693
vt 0.7178 0.48452
vt 0.71691 0.48376
vt 0.70545 0.48978
vt 0.71034 0.48305
vt 0.71962 0.48748
vt 0.71962 0.49209
vt 0.71691 0.49581
vt 0.70815 0.49581
vt 0.71898 0.48606
vt 0.71898 0.49351
vt 0.70608 0.48606
vt 0.70608 0.49351
vt 0.71483 0.4827
vt 0.71773 0.48458
vt 0.71856 0.49416
vt 0.71483 0.49687
vt 0.71023 0.49687
vt 0.7065 0.49416
vt 0.70545 0.49209
vt 0.70508 0.48978
vt 0.70545 0.48748
vt 0.7065 0.48541
vt 0.70919 0.48323
vt 0.70774 0.48408
vt 0.7052 0.48849
vt 0.70998 0.49678
vt 0.71508 0.49678
vt 0.71987 0.48849
vt 0.71732 0.48408
usemtl mat1
f 65/39/24 66/40/24 67/41/24
f 68/39/24 69/40/24 67/41/24
f 70/39/24 71/40/24 67/41/24
f 72/39/24 73/40/24 74/41/24
f 75/39/24 76/40/24 74/41/24
f 77/39/24 78/40/24 74/41/24
f 79/39/24 80/40/24 81/41/24
f 82/39/24 83/40/24 81/41/24
f 84/39/24 85/40/24 81/41/24
f 86/39/24 87/40/24 88/41/24
f 89/39/24 90/40/24 88/41/24
f 91/39/24 92/40/24 88/41/24
f 93/39/25 94/40/25 95/41/25
f 93/39/25 95/41/25 96/42/25
f 97/39/26 98/40/26 99/41/26
f 97/39/26 99/41/26 100/42/26
f 101/39/27 102/40/27 103/41/27
f 101/39/27 103/41/27 104/42/27
f 105/39/24 106/40/24 107/41/24
f 105/39/24 107/41/24 108/42/24
f 109/39/28 110/40/28 107/41/28
f 109/39/28 107/41/28 111/42/28
f 112/39/29 113/40/29 114/41/29
f 112/39/29 114/41/29 115/42/29
f 116/39/30 117/40/30 118/41/30
f 116/39/30 118/41/30 119/42/30
f 120/39/27 121/40/27 122/41/27
f 120/39/27 122/41/27 123/42/27
f 124/39/31 125/40/31 126/41/31
f 124/39/31 126/41/31 127/42/31
f 128/39/27 129/40/27 130/41/27
f 128/39/27 130/41/27 131/42/27
f 132/39/32 133/40/32 134/41/32
f 132/39/32 134/41/32 135/42/32
f 136/39/33 137/40/33 138/41/33
f 136/39/33 138/41/33 139/42/33
f 140/39/34 141/40/34 142/41/34
f 140/39/34 142/41/34 143/42/34
f 144/39/29 145/40/29 146/41/29
f 144/39/29 146/41/29 147/42/29
f 148/39/35 106/40/35 149/41/35
f 148/39/35 149/41/35 150/42/35
f 151/39/36 152/40/36 153/41/36
f 151/39/36 153/41/36 154/42/36
f 155/39/27 156/40/27 157/41/27
f 155/39/27 157/41/27 158/42/27
f 109/39/24 159/40/24 160/41/24
f 109/39/24 160/41/24 161/42/24
f 162/39/37 163/40/37 164/41/37
f 162/39/37 164/41/37 165/42/37
f 93/39/27 166/40/27 167/41/27
f 93/39/27 167/41/27 168/42/27
f 169/39/27 137/40/27 170/41/27
f 169/39/27 170/41/27 171/42/27
f 172/39/27 98/40/27 114/41/27
f 172/39/27 114/41/27 173/42/27
f 174/39/36 175/40/36 176/41/36
f 174/39/36 176/41/36 173/42/36
f 124/39/27 177/40/27 178/41/27
f 124/39/27 178/41/27 179/42/27
f 180/39/38 181/40/38 182/41/38
f 180/39/38 182/41/38 183/42/38
f 184/39/36 185/40/36 130/41/36
f 184/39/36 130/41/36 123/42/36
f 186/39/35 187/40/35 188/41/35
f 186/39/35 188/41/35 189/42/35
f 190/39/29 191/40/29 122/41/29
f 190/39/29 122/41/29 131/42/29
f 192/39/28 193/40/28 194/41/28
f 192/39/28 194/41/28 195/42/28
f 144/39/24 196/40/24 197/41/24
f 144/39/24 197/41/24 198/42/24
f 199/39/28 200/40/28 170/41/28
f 199/39/28 170/41/28 201/42/28
f 148/39/24 202/40/24 203/41/24
f 148/39/24 203/41/24 204/42/24
f 205/39/35 206/40/35 207/41/35
f 205/39/35 207/41/35 171/42/35
f 101/39/39 208/40/39 209/41/39
f 101/39/39 209/41/39 210/42/39
f 211/39/27 133/40/27 207/41/27
f 211/39/27 207/41/27 201/42/27
f 212/39/40 213/40/40 214/41/40
f 212/39/40 214/41/40 104/42/40
f 140/39/27 215/40/27 216/41/27
f 140/39/27 216/41/27 217/42/27
f 151/39/24 218/40/24 219/41/24
f 151/39/24 219/41/24 220/42/24
f 221/39/27 222/40/27 188/41/27
f 221/39/27 188/41/27 195/42/27
f 223/39/27 117/40/27 176/41/27
f 223/39/27 176/41/27 115/42/27
f 224/39/41 181/40/41 225/41/41
f 224/39/41 225/41/41 226/42/41
f 227/39/42 208/40/42 228/41/42
f 227/39/42 228/41/42 229/42/42
f 230/39/43 163/40/43 231/41/43
f 230/39/43 231/41/43 232/42/43
f 233/39/44 213/40/44 234/41/44
f 233/39/44 234/41/44 235/42/44
f 236/39/45 237/40/45 238/41/45
f 236/39/45 238/41/45 239/42/45
f 240/39/46 241/40/46 242/41/46
f 240/39/46 242/41/46 243/42/46
f 244/39/47 245/40/47 246/41/47
f 244/39/47 246/41/47 247/42/47
f 248/39/48 249/40/48 250/41/48
f 248/39/48 250/41/48 251/42/48
f 252/39/27 253/40/27 194/41/27
f 252/39/27 194/41/27 189/42/27
f 97/39/49 254/40/49 255/41/49
f 97/39/49 255/41/49 256/42/49
f 257/39/50 258/40/50 259/41/50
f 257/39/50 259/41/50 260/42/50
f 132/39/51 261/40/51 262/41/51
f 132/39/51 262/41/51 263/42/51
f 264/39/52 265/40/52 126/41/52
f 264/39/53 126/41/53 266/42/53
f 116/39/54 267/40/54 268/41/54
f 116/39/54 268/41/54 269/42/54
f 270/39/55 271/40/55 142/41/55
f 270/39/55 142/41/55 272/42/55
f 136/39/56 273/40/56 274/41/56
f 136/39/56 274/41/56 275/42/56
f 276/39/57 277/40/57 95/41/57
f 276/39/57 95/41/57 278/42/57
f 155/39/58 279/40/58 259/41/58
f 155/39/58 259/41/58 280/42/58
f 281/39/25 282/40/25 283/41/25
f 281/39/25 283/41/25 284/42/25
f 285/39/30 286/40/30 287/41/30
f 285/39/30 287/41/30 288/42/30
f 289/39/27 290/40/27 291/41/27
f 289/39/27 291/41/27 292/42/27
f 293/39/24 294/40/24 295/41/24
f 293/39/24 295/41/24 296/42/24
f 297/39/35 298/40/35 295/41/35
f 297/39/35 295/41/35 299/42/35
f 300/39/29 301/40/29 302/41/29
f 300/39/29 302/41/29 303/42/29
f 304/39/26 305/40/26 306/41/26
f 304/39/26 306/41/26 307/42/26
f 308/39/27 309/40/27 310/41/27
f 308/39/27 310/41/27 311/42/27
f 312/39/31 313/40/31 314/41/31
f 312/39/31 314/41/31 315/42/31
f 316/39/27 317/40/27 318/41/27
f 316/39/27 318/41/27 319/42/27
f 320/39/32 321/40/32 322/41/32
f 320/39/32 322/41/32 323/42/32
f 324/39/33 325/40/33 326/41/33
f 324/39/33 326/41/33 327/42/33
f 328/39/58 329/40/58 330/41/58
f 328/39/58 330/41/58 331/42/58
f 332/39/29 333/40/29 334/41/29
f 332/39/29 334/41/29 335/42/29
f 336/39/28 337/40/28 338/41/28
f 336/39/28 338/41/28 296/42/28
f 339/39/36 340/40/36 341/41/36
f 339/39/36 341/41/36 342/42/36
f 343/39/27 344/40/27 345/41/27
f 343/39/27 345/41/27 346/42/27
f 297/39/24 347/40/24 348/41/24
f 297/39/24 348/41/24 349/42/24
f 350/39/37 351/40/37 352/41/37
f 350/39/37 352/41/37 353/42/37
f 281/39/27 354/40/27 355/41/27
f 281/39/27 355/41/27 356/42/27
f 357/39/27 358/40/27 359/41/27
f 357/39/27 359/41/27 327/42/27
f 360/39/27 361/40/27 302/41/27
f 360/39/27 302/41/27 288/42/27
f 362/39/36 361/40/36 363/41/36
f 362/39/36 363/41/36 364/42/36
f 312/39/27 365/40/27 366/41/27
f 312/39/27 366/41/27 367/42/27
f 368/39/38 369/40/38 370/41/38
f 368/39/38 370/41/38 371/42/38
f 372/39/36 309/40/36 318/41/36
f 372/39/36 318/41/36 373/42/36
f 374/39/28 375/40/28 376/41/28
f 374/39/28 376/41/28 377/42/28
f 378/39/29 317/40/29 310/41/29
f 378/39/29 310/41/29 379/42/29
f 380/39/35 381/40/35 382/41/35
f 380/39/35 382/41/35 383/42/35
f 332/39/24 384/40/24 385/41/24
f 332/39/24 385/41/24 386/42/24
f 387/39/35 388/40/35 359/41/35
f 387/39/35 359/41/35 389/42/35
f 336/39/24 390/40/24 391/41/24
f 336/39/24 391/41/24 392/42/24
f 393/39/28 358/40/28 394/41/28
f 393/39/28 394/41/28 395/42/28
f 289/39/40 396/40/40 397/41/40
f 289/39/40 397/41/40 398/42/40
f 399/39/27 388/40/27 394/41/27
f 399/39/27 394/41/27 323/42/27
f 400/39/39 290/40/39 401/41/39
f 400/39/39 401/41/39 402/42/39
f 328/39/27 403/40/27 404/41/27
f 328/39/27 404/41/27 405/42/27
f 339/39/24 406/40/24 407/41/24
f 339/39/24 407/41/24 408/42/24
f 409/39/27 381/40/27 376/41/27
f 409/39/27 376/41/27 410/42/27
f 411/39/27 301/40/27 363/41/27
f 411/39/27 363/41/27 307/42/27
f 412/39/41 413/40/41 414/41/41
f 412/39/41 414/41/41 371/42/41
f 415/39/44 416/40/44 417/41/44
f 415/39/44 417/41/44 398/42/44
f 418/39/43 419/40/43 420/41/43
f 418/39/43 420/41/43 353/42/43
f 421/39/42 422/40/42 423/41/42
f 421/39/42 423/41/42 402/42/42
f 424/39/47 425/40/47 426/41/47
f 424/39/47 426/41/47 427/42/47
f 428/39/46 429/40/46 430/41/46
f 428/39/46 430/41/46 431/42/46
f 432/39/45 433/40/45 434/41/45
f 432/39/45 434/41/45 435/42/45
f 436/39/48 437/40/48 438/41/48
f 436/39/48 438/41/48 439/42/48
f 440/39/27 375/40/27 382/41/27
f 440/39/27 382/41/27 441/42/27
f 285/39/54 442/40/54 443/41/54
f 285/39/54 443/41/54 444/42/54
f 445/39/55 446/40/55 447/41/55
f 445/39/55 447/41/55 448/42/55
f 320/39/51 449/40/51 450/41/51
f 320/39/51 450/41/51 451/42/51
f 452/39/53 453/40/53 314/41/53
f 452/39/52 314/41/52 454/42/52
f 304/39/49 455/40/49 456/41/49
f 304/39/49 456/41/49 457/42/49
f 458/39/50 459/40/50 330/41/50
f 458/39/50 330/41/50 460/42/50
f 324/39/56 461/40/56 462/41/56
f 324/39/56 462/41/56 463/42/56
f 464/39/57 465/40/57 283/41/57
f 464/39/57 283/41/57 466/42/57
f 343/39/34 467/40/34 447/41/34
f 343/39/34 447/41/34 468/42/34
f 469/39/31 470/40/31 471/41/31
f 469/39/31 471/41/31 472/42/31
f 473/39/26 474/40/26 475/41/26
f 473/39/26 475/41/26 476/42/26
f 477/39/27 478/40/27 479/41/27
f 477/39/27 479/41/27 480/42/27
f 481/39/24 482/40/24 483/41/24
f 481/39/24 483/41/24 484/42/24
f 485/39/28 486/40/28 483/41/28
f 485/39/28 483/41/28 487/42/28
f 488/39/36 489/40/36 490/41/36
f 488/39/36 490/41/36 491/42/36
f 492/39/30 493/40/30 494/41/30
f 492/39/30 494/41/30 495/42/30
f 496/39/27 497/40/27 498/41/27
f 496/39/27 498/41/27 499/42/27
f 500/39/25 501/40/25 502/41/25
f 500/39/25 502/41/25 503/42/25
f 504/39/27 505/40/27 506/41/27
f 504/39/27 506/41/27 507/42/27
f 508/39/33 509/40/33 510/41/33
f 508/39/33 510/41/33 511/42/33
f 512/39/32 513/40/32 514/41/32
f 512/39/32 514/41/32 515/42/32
f 516/39/34 517/40/34 518/41/34
f 516/39/34 518/41/34 519/42/34
f 520/39/36 521/40/36 522/41/36
f 520/39/36 522/41/36 523/42/36
f 524/39/35 525/40/35 526/41/35
f 524/39/35 526/41/35 484/42/35
f 527/39/29 528/40/29 529/41/29
f 527/39/29 529/41/29 530/42/29
f 531/39/27 532/40/27 533/41/27
f 531/39/27 533/41/27 534/42/27
f 485/39/24 535/40/24 536/41/24
f 485/39/24 536/41/24 537/42/24
f 538/39/38 539/40/38 540/41/38
f 538/39/38 540/41/38 541/42/38
f 469/39/27 542/40/27 543/41/27
f 469/39/27 543/41/27 544/42/27
f 545/39/27 546/40/27 547/41/27
f 545/39/27 547/41/27 515/42/27
f 548/39/27 549/40/27 490/41/27
f 548/39/27 490/41/27 476/42/27
f 550/39/29 549/40/29 551/41/29
f 550/39/29 551/41/29 552/42/29
f 500/39/27 553/40/27 554/41/27
f 500/39/27 554/41/27 555/42/27
f 556/39/37 557/40/37 558/41/37
f 556/39/37 558/41/37 559/42/37
f 560/39/29 497/40/29 506/41/29
f 560/39/29 506/41/29 561/42/29
f 562/39/35 563/40/35 564/41/35
f 562/39/35 564/41/35 565/42/35
f 566/39/36 505/40/36 498/41/36
f 566/39/36 498/41/36 567/42/36
f 568/39/28 569/40/28 570/41/28
f 568/39/28 570/41/28 571/42/28
f 520/39/24 572/40/24 573/41/24
f 520/39/24 573/41/24 574/42/24
f 575/39/28 576/40/28 547/41/28
f 575/39/28 547/41/28 577/42/28
f 524/39/24 578/40/24 579/41/24
f 524/39/24 579/41/24 580/42/24
f 581/39/35 546/40/35 582/41/35
f 581/39/35 582/41/35 583/42/35
f 477/39/39 584/40/39 585/41/39
f 477/39/39 585/41/39 586/42/39
f 587/39/27 576/40/27 582/41/27
f 587/39/27 582/41/27 511/42/27
f 588/39/40 478/40/40 589/41/40
f 588/39/40 589/41/40 590/42/40
f 516/39/27 591/40/27 592/41/27
f 516/39/27 592/41/27 593/42/27
f 527/39/24 594/40/24 595/41/24
f 527/39/24 595/41/24 596/42/24
f 597/39/27 569/40/27 564/41/27
f 597/39/27 564/41/27 598/42/27
f 599/39/27 489/40/27 551/41/27
f 599/39/27 551/41/27 495/42/27
f 600/39/43 601/40/43 602/41/43
f 600/39/43 602/41/43 559/42/43
f 603/39/42 604/40/42 605/41/42
f 603/39/42 605/41/42 586/42/42
f 606/39/41 607/40/41 608/41/41
f 606/39/41 608/41/41 541/42/41
f 609/39/44 610/40/44 611/41/44
f 609/39/44 611/41/44 590/42/44
f 612/39/45 613/40/45 614/41/45
f 612/39/45 614/41/45 615/42/45
f 616/39/48 617/40/48 618/41/48
f 616/39/48 618/41/48 619/42/48
f 620/39/47 621/40/47 622/41/47
f 620/39/47 622/41/47 623/42/47
f 624/39/46 625/40/46 626/41/46
f 624/39/46 626/41/46 627/42/46
f 628/39/27 563/40/27 570/41/27
f 628/39/27 570/41/27 629/42/27
f 473/39/49 630/40/49 631/41/49
f 473/39/49 631/41/49 632/42/49
f 633/39/50 634/40/50 635/41/50
f 633/39/50 635/41/50 636/42/50
f 508/39/56 637/40/56 638/41/56
f 508/39/56 638/41/56 639/42/56
f 640/39/57 641/40/57 502/41/57
f 640/39/57 502/41/57 642/42/57
f 492/39/54 643/40/54 644/41/54
f 492/39/54 644/41/54 645/42/54
f 646/39/55 647/40/55 518/41/55
f 646/39/55 518/41/55 648/42/55
f 512/39/51 649/40/51 650/41/51
f 512/39/51 650/41/51 651/42/51
f 652/39/53 653/40/53 471/41/53
f 652/39/53 471/41/53 654/42/53
f 531/39/58 655/40/58 635/41/58
f 531/39/58 635/41/58 656/42/58
f 657/39/31 658/40/31 659/41/31
f 657/39/31 659/41/31 660/42/31
f 661/39/30 662/40/30 663/41/30
f 661/39/30 663/41/30 664/42/30
f 665/39/27 666/40/27 667/41/27
f 665/39/27 667/41/27 668/42/27
f 669/39/24 670/40/24 671/41/24
f 669/39/24 671/41/24 672/42/24
f 673/39/35 674/40/35 671/41/35
f 673/39/35 671/41/35 675/42/35
f 676/39/36 677/40/36 678/41/36
f 676/39/36 678/41/36 679/42/36
f 680/39/26 681/40/26 682/41/26
f 680/39/26 682/41/26 683/42/26
f 684/39/27 685/40/27 686/41/27
f 684/39/27 686/41/27 687/42/27
f 688/39/25 689/40/25 690/41/25
f 688/39/25 690/41/25 691/42/25
f 692/39/27 693/40/27 694/41/27
f 692/39/27 694/41/27 695/42/27
f 696/39/33 697/40/33 698/41/33
f 696/39/33 698/41/33 699/42/33
f 700/39/32 701/40/32 702/41/32
f 700/39/32 702/41/32 703/42/32
f 704/39/58 705/40/58 706/41/58
f 704/39/58 706/41/58 707/42/58
f 708/39/36 709/40/36 710/41/36
f 708/39/36 710/41/36 711/42/36
f 712/39/28 670/40/28 713/41/28
f 712/39/28 713/41/28 714/42/28
f 715/39/29 716/40/29 717/41/29
f 715/39/29 717/41/29 718/42/29
f 719/39/27 720/40/27 721/41/27
f 719/39/27 721/41/27 722/42/27
f 673/39/24 723/40/24 724/41/24
f 673/39/24 724/41/24 725/42/24
f 726/39/38 727/40/38 728/41/38
f 726/39/38 728/41/38 729/42/38
f 657/39/27 730/40/27 731/41/27
f 657/39/27 731/41/27 732/42/27
f 733/39/27 701/40/27 734/41/27
f 733/39/27 734/41/27 735/42/27
f 736/39/27 662/40/27 678/41/27
f 736/39/27 678/41/27 737/42/27
f 738/39/29 739/40/29 740/41/29
f 738/39/29 740/41/29 737/42/29
f 688/39/27 741/40/27 742/41/27
f 688/39/27 742/41/27 743/42/27
f 744/39/37 745/40/37 746/41/37
f 744/39/37 746/41/37 747/42/37
f 748/39/29 749/40/29 694/41/29
f 748/39/29 694/41/29 687/42/29
f 750/39/28 751/40/28 752/41/28
f 750/39/28 752/41/28 753/42/28
f 754/39/36 755/40/36 686/41/36
f 754/39/36 686/41/36 695/42/36
f 756/39/35 757/40/35 758/41/35
f 756/39/35 758/41/35 759/42/35
f 708/39/24 760/40/24 761/41/24
f 708/39/24 761/41/24 762/42/24
f 763/39/35 764/40/35 734/41/35
f 763/39/35 734/41/35 765/42/35
f 712/39/24 766/40/24 767/41/24
f 712/39/24 767/41/24 768/42/24
f 769/39/28 770/40/28 771/41/28
f 769/39/28 771/41/28 735/42/28
f 665/39/40 772/40/40 773/41/40
f 665/39/40 773/41/40 774/42/40
f 775/39/27 697/40/27 771/41/27
f 775/39/27 771/41/27 765/42/27
f 776/39/39 777/40/39 778/41/39
f 776/39/39 778/41/39 668/42/39
f 704/39/27 779/40/27 780/41/27
f 704/39/27 780/41/27 781/42/27
f 715/39/24 782/40/24 783/41/24
f 715/39/24 783/41/24 784/42/24
f 785/39/27 786/40/27 752/41/27
f 785/39/27 752/41/27 759/42/27
f 787/39/27 681/40/27 740/41/27
f 787/39/27 740/41/27 679/42/27
f 788/39/43 745/40/43 789/41/43
f 788/39/43 789/41/43 790/42/43
f 791/39/44 772/40/44 792/41/44
f 791/39/44 792/41/44 793/42/44
f 794/39/41 727/40/41 795/41/41
f 794/39/41 795/41/41 796/42/41
f 797/39/42 777/40/42 798/41/42
f 797/39/42 798/41/42 799/42/42
f 800/39/47 801/40/47 802/41/47
f 800/39/47 802/41/47 803/42/47
f 804/39/48 805/40/48 806/41/48
f 804/39/48 806/41/48 807/42/48
f 808/39/45 809/40/45 810/41/45
f 808/39/45 810/41/45 811/42/45
f 812/39/46 813/40/46 814/41/46
f 812/39/46 814/41/46 815/42/46
f 816/39/27 817/40/27 758/41/27
f 816/39/27 758/41/27 753/42/27
f 661/39/54 818/40/54 819/41/54
f 661/39/54 819/41/54 820/42/54
f 821/39/55 822/40/55 823/41/55
f 821/39/55 823/41/55 824/42/55
f 696/39/56 825/40/56 826/41/56
f 696/39/56 826/41/56 827/42/56
f 828/39/57 829/40/57 690/41/57
f 828/39/57 690/41/57 830/42/57
f 680/39/49 831/40/49 832/41/49
f 680/39/49 832/41/49 833/42/49
f 834/39/50 835/40/50 706/41/50
f 834/39/50 706/41/50 836/42/50
f 700/39/51 837/40/51 838/41/51
f 700/39/51 838/41/51 839/42/51
f 840/39/53 841/40/53 659/41/53
f 840/39/53 659/41/53 842/42/53
f 719/39/34 843/40/34 823/41/34
f 719/39/34 823/41/34 844/42/34
f 845/39/28 846/40/28 847/41/28
f 845/39/28 847/41/28 848/42/28
f 849/39/28 846/40/28 850/41/28
f 849/39/28 850/41/28 851/42/28
f 852/39/35 853/40/35 854/41/35
f 852/39/35 854/41/35 855/42/35
f 856/39/35 857/40/35 858/41/35
f 856/39/35 858/41/35 859/42/35
f 860/39/35 857/40/35 861/41/35
f 860/39/35 861/41/35 862/42/35
f 863/39/36 864/40/36 865/41/36
f 863/39/36 865/41/36 866/42/36
f 867/39/29 868/40/29 869/41/29
f 867/39/29 869/41/29 870/42/29
f 871/39/59 872/40/59 873/41/59
f 871/39/59 873/41/59 874/42/59
f 875/39/35 876/40/35 877/41/35
f 875/39/35 877/41/35 878/42/35
f 879/39/28 880/40/28 881/41/28
f 879/39/28 881/41/28 882/42/28
f 883/39/28 884/40/28 885/41/28
f 883/39/28 885/41/28 886/42/28
f 887/39/27 876/40/27 888/41/27
f 887/39/27 888/41/27 870/42/27
f 889/39/28 884/40/28 890/41/28
f 889/39/28 890/41/28 891/42/28
f 79/39/28 78/40/28 892/41/28
f 79/39/28 892/41/28 893/42/28
f 894/39/35 853/40/35 895/41/35
f 894/39/35 895/41/35 874/42/35
f 863/39/27 896/40/27 877/41/27
f 863/39/27 877/41/27 897/42/27
f 860/39/27 898/40/27 899/41/27
f 860/39/27 899/41/27 855/42/27
f 900/39/29 868/40/29 901/41/29
f 900/39/29 901/41/29 902/42/29
f 65/39/35 92/40/35 903/41/35
f 65/39/35 903/41/35 904/42/35
f 905/39/35 906/40/35 907/41/35
f 905/39/35 907/41/35 908/42/35
f 909/39/24 910/40/24 911/41/24
f 909/39/24 911/41/24 912/42/24
f 913/39/60 914/40/60 915/41/60
f 913/39/60 915/41/60 916/42/60
f 917/39/61 918/40/61 919/41/61
f 917/39/61 919/41/61 920/42/61
f 921/39/62 922/40/62 923/41/62
f 921/39/62 923/41/62 924/42/62
f 925/39/63 926/40/63 927/41/63
f 925/39/63 927/41/63 928/42/63
f 929/39/64 930/40/64 931/41/64
f 929/39/64 931/41/64 932/42/64
f 933/39/65 934/40/65 935/41/65
f 933/39/65 935/41/65 936/42/65
f 937/39/66 938/40/66 939/41/66
f 937/39/66 939/41/66 940/42/66
f 941/39/67 942/40/67 943/41/67
f 941/39/67 943/41/67 944/42/67
f 945/39/68 946/40/68 947/41/68
f 945/39/68 947/41/68 948/42/68
f 949/39/69 950/40/69 951/41/69
f 949/39/69 951/41/69 952/42/69
f 953/39/70 954/40/70 955/41/70
f 953/39/70 955/41/70 956/42/70
f 957/39/71 958/40/71 959/41/71
f 957/39/71 959/41/71 960/42/71
f 961/39/72 962/40/72 963/41/72
f 961/39/72 963/41/72 964/42/72
f 965/39/73 966/40/73 967/41/73
f 965/39/73 967/41/73 968/42/73
f 969/39/28 970/40/28 971/41/28
f 969/39/28 971/41/28 972/42/28
f 913/39/74 85/40/75 973/41/76
f 913/39/74 973/41/76 974/42/74
f 975/39/77 83/40/77 976/41/77
f 975/39/77 976/41/77 977/42/78
f 978/39/79 80/40/79 979/41/79
f 978/39/79 979/41/79 893/42/79
f 72/39/80 914/40/81 980/41/80
f 72/39/80 980/41/80 981/42/82
f 75/39/83 982/40/84 983/41/85
f 75/39/83 983/41/85 984/42/83
f 77/39/86 985/40/87 892/41/87
f 77/39/86 892/41/87 986/42/86
f 987/39/88 92/40/89 988/41/89
f 987/39/88 988/41/89 989/42/88
f 990/39/90 90/40/90 991/41/90
f 990/39/90 991/41/90 992/42/91
f 993/39/92 87/40/93 994/41/92
f 993/39/92 994/41/92 995/42/94
f 941/39/95 71/40/96 996/41/97
f 941/39/95 996/41/97 997/42/95
f 998/39/98 69/40/99 999/41/98
f 998/39/98 999/41/98 1000/42/100
f 1001/39/101 66/40/101 1002/41/101
f 1001/39/101 1002/41/101 904/42/101
f 1003/39/102 1004/40/102 1005/41/102
f 1003/39/102 1005/41/102 1006/42/102
f 1007/39/103 1008/40/103 1009/41/103
f 1007/39/103 1009/41/103 1010/42/103
f 1011/39/104 1012/40/104 1013/41/104
f 1011/39/104 1013/41/104 1014/42/104
f 1015/39/105 1016/40/105 1017/41/105
f 1015/39/105 1017/41/105 1018/42/105
f 1019/39/106 1020/40/106 1021/41/106
f 1019/39/106 1021/41/106 1022/42/106
f 1023/39/107 1024/40/107 1025/41/107
f 1023/39/107 1025/41/107 1026/42/107
f 1027/39/108 1028/40/108 1029/41/108
f 1027/39/108 1029/41/108 1030/42/108
f 1031/39/109 1032/40/109 1033/41/109
f 1031/39/109 1033/41/109 1034/42/109
f 1035/39/29 857/40/29 1036/41/29
f 1035/39/29 1036/41/29 1037/42/29
f 1038/39/36 846/40/36 1039/41/36
f 1038/39/36 1039/41/36 1040/42/36
f 1035/39/110 1041/40/110 1042/41/110
f 1035/39/24 1042/41/24 1043/42/24
f 1044/39/111 1045/40/112 1046/41/111
f 1044/39/111 1046/41/111 1047/42/111
f 1048/39/113 1049/40/114 1050/41/113
f 1048/39/113 1050/41/113 1051/42/113
f 1052/39/115 1053/40/115 1054/41/115
f 1052/39/24 1054/41/24 1055/42/24
f 1056/39/24 1057/40/24 1058/41/24
f 1056/39/24 1058/41/24 1059/42/24
f 1060/39/24 1061/40/24 1062/41/24
f 1060/39/24 1062/41/24 1063/42/24
f 879/39/28 1064/40/28 1065/41/28
f 879/39/28 1065/41/28 1063/42/28
f 894/39/36 1041/40/36 1066/41/36
f 894/39/36 1066/41/36 1067/42/36
f 889/39/29 1068/40/29 1069/41/29
f 889/39/29 1069/41/29 1070/42/29
f 875/39/35 1071/40/35 1058/41/35
f 875/39/35 1058/41/35 1072/42/35
f 1073/39/28 1074/40/28 1075/41/28
f 1073/39/28 1075/41/28 1059/42/28
f 1076/39/35 1077/40/35 1062/41/35
f 1076/39/35 1062/41/35 1078/42/35
f 1079/39/116 1080/40/116 847/41/116
f 1079/39/116 847/41/116 1081/42/116
f 1079/39/117 1082/40/117 1083/41/117
f 1079/39/117 1083/41/117 1084/42/117
f 1085/39/118 1086/40/118 1087/41/118
f 1085/39/118 1087/41/118 1088/42/118
f 1089/39/119 1090/40/119 1091/41/119
f 1089/39/119 1091/41/119 1092/42/119
f 1093/39/120 1094/40/120 1095/41/120
f 1093/39/120 1095/41/120 1096/42/120
f 1097/39/121 1098/40/121 1099/41/121
f 1097/39/121 1099/41/121 1100/42/121
f 1101/39/122 1102/40/122 873/41/122
f 1101/39/122 873/41/122 1103/42/122
f 1104/43/36 1105/44/36 1106/45/36
f 1105/44/36 1104/43/36 1107/46/36
f 1107/46/36 1104/43/36 1108/47/36
f 1107/46/36 1108/47/36 1109/48/36
f 1107/46/36 1109/48/36 1110/49/36
f 1107/46/36 1110/49/36 1111/50/36
f 1107/46/36 1111/50/36 1112/51/36
f 1107/46/36 1112/51/36 1113/52/36
f 1107/46/36 1113/52/36 1114/53/36
f 1115/54/29 1116/55/29 1117/46/29
f 1116/55/29 1115/54/29 1118/56/29
f 1118/56/123 1115/54/123 1119/57/123
f 1119/57/29 1115/54/29 1120/58/29
f 1120/58/124 1115/54/124 1121/59/124
f 1121/59/124 1115/54/29 1122/60/29
f 1122/60/29 1115/54/29 1123/61/29
f 1123/61/29 1115/54/29 1124/62/29
f 1124/62/29 1115/54/29 1125/63/29
f 1125/63/125 1115/54/125 1126/64/125
f 1126/64/29 1115/54/29 1127/65/29
f 1127/65/126 1115/54/126 1128/66/126
f 1128/66/29 1115/54/29 1129/67/29
f 1129/67/29 1115/54/29 1130/68/29
f 1131/69/127 1132/70/127 1133/71/127
f 1132/70/127 1131/69/127 1134/72/127
f 1132/70/127 1134/72/127 1135/73/127
f 1132/70/127 1135/73/127 1136/74/127
f 1132/70/127 1136/74/127 1137/62/127
f 1132/70/127 1137/62/127 1138/75/127
f 1139/62/24 1140/76/24 1141/77/24
f 1140/76/24 1139/62/24 1142/46/24
f 1142/46/24 1139/62/24 1143/78/24
f 1143/78/24 1139/62/24 1144/79/24
f 1145/72/36 1146/80/36 1147/81/36
f 1146/80/36 1145/72/36 1148/46/36
f 1148/46/36 1145/72/36 1149/66/36
f 1148/46/128 1149/66/128 1150/73/128
f 1148/46/36 1150/73/36 1151/82/36
f 1148/46/36 1151/82/36 1152/74/36
f 1148/46/36 1152/74/36 1153/83/36
f 1148/46/36 1153/83/36 1154/62/36
f 1148/46/36 1154/62/36 1155/84/36
f 1148/46/129 1155/84/129 1156/75/129
f 1148/46/36 1156/75/36 1157/85/36
f 1148/46/36 1157/85/36 1158/86/36
f 1148/46/36 1158/86/36 1159/87/36
f 1148/46/36 1159/87/36 1160/88/36
f 1148/46/36 1160/88/36 1161/89/36
f 1148/46/36 1161/89/36 1162/90/36
f 1163/67/36 1164/54/36 1165/68/36
f 1164/54/36 1163/67/36 1166/46/36
f 1166/46/128 1163/67/128 1167/66/128
f 1166/46/128 1167/66/128 1168/65/128
f 1166/46/130 1168/65/130 1169/64/130
f 1166/46/36 1169/64/36 1170/63/36
f 1166/46/128 1170/63/128 1171/62/128
f 1166/46/36 1171/62/36 1172/61/36
f 1166/46/128 1172/61/128 1173/60/128
f 1166/46/129 1173/60/129 1174/59/129
f 1166/46/36 1174/59/36 1175/58/36
f 1166/46/36 1175/58/36 1176/57/36
f 1166/46/129 1176/57/129 1177/56/129
f 1166/46/36 1177/56/36 1178/55/36
f 1179/71/131 1180/75/131 1181/70/131
f 1180/75/131 1179/71/131 1182/62/131
f 1182/62/131 1179/71/131 1183/74/131
f 1183/74/131 1179/71/131 1184/73/131
f 1184/73/131 1179/71/131 1185/72/131
f 1185/72/131 1179/71/131 1186/69/131
f 1187/46/29 1188/89/29 1189/90/29
f 1188/89/29 1187/46/29 1190/80/29
f 1188/89/29 1190/80/29 1191/88/29
f 1191/88/123 1190/80/123 1192/87/123
f 1192/87/29 1190/80/29 1193/86/29
f 1193/86/29 1190/80/29 1194/85/29
f 1194/85/29 1190/80/29 1195/75/29
f 1195/75/126 1190/80/126 1196/84/126
f 1196/84/29 1190/80/29 1197/62/29
f 1197/62/29 1190/80/29 1198/83/29
f 1198/83/29 1190/80/29 1199/74/29
f 1199/74/29 1190/80/29 1200/82/29
f 1200/82/29 1190/80/29 1201/73/29
f 1201/73/29 1190/80/29 1202/66/29
f 1202/66/29 1190/80/29 1203/72/29
f 1203/72/29 1190/80/29 1204/81/29
f 1205/77/24 1206/46/24 1207/76/24
f 1206/46/24 1205/77/24 1208/78/24
f 1208/78/24 1205/77/24 1209/62/24
f 1208/78/24 1209/62/24 1210/79/24
f 1211/91/36 1212/79/36 1213/92/36
f 1212/79/36 1211/91/36 1214/93/36
f 1214/93/36 1211/91/36 1215/94/36
f 1215/94/36 1211/91/36 1216/77/36
f 1216/77/36 1211/91/36 1217/95/36
f 1217/95/36 1211/91/36 1218/96/36
f 1218/96/36 1211/91/36 1219/46/36
f 1220/54/29 1221/55/29 1222/46/29
f 1221/55/29 1220/54/29 1223/56/29
f 1223/56/29 1220/54/29 1224/68/29
f 1223/56/29 1224/68/29 1225/67/29
f 1223/56/29 1225/67/29 1226/57/29
f 1226/57/29 1225/67/29 1227/58/29
f 1227/58/29 1225/67/29 1228/59/29
f 1228/59/29 1225/67/29 1229/66/29
f 1228/59/29 1229/66/29 1230/60/29
f 1230/60/29 1229/66/29 1231/61/29
f 1231/61/29 1229/66/29 1232/62/29
f 1232/62/29 1229/66/29 1233/63/29
f 1233/63/29 1229/66/29 1234/65/29
f 1233/63/29 1234/65/29 1235/64/29
# Vertices: 1171, normals: 108, texture coordinates: 58, faces: 740

o obj3
v 0.64614417 -0.1472175 4.78258446
v -0.94393911 -0.1472177 4.78258346
v -0.94393786 -0.14721763 2.57586596
v 0.64614542 -0.14721744 2.57586695
v -0.94393786 -0.14721763 2.57586596
v -0.94393911 -0.1472177 4.78258346
v -0.94015225 -0.34196961 4.77813497
v -0.94015101 -0.34196956 2.58031443
v 0.64614417 -0.1472175 4.78258446
v 0.64614542 -0.14721744 2.57586695
v 0.64235862 -0.34196936 2.58031542
v 0.64235737 -0.34196943 4.77813596
v 0.65958246 -0.137075 4.77813625
v 0.6595837 -0.13707494 2.58031518
v -0.95737615 -0.13707513 2.58031417
v -0.95737739 -0.1370752 4.77813524
v -0.95737615 -0.13707513 2.58031417
v -0.95737625 -0.34196955 2.58031442
v -0.95737749 -0.34196961 4.77813496
v -0.95737739 -0.1370752 4.77813524
v 0.65958246 -0.137075 4.77813625
v 0.65958262 -0.34196942 4.77813598
v 0.65958386 -0.34196935 2.58031543
v 0.6595837 -0.13707494 2.58031518
v -0.94393911 -0.1472177 4.78258346
v 0.64614417 -0.1472175 4.78258446
v 0.65958246 -0.137075 4.77813625
v -0.95737739 -0.1370752 4.77813524
v 0.64614542 -0.14721744 2.57586695
v -0.94393786 -0.14721763 2.57586596
v -0.95737615 -0.13707513 2.58031417
v 0.6595837 -0.13707494 2.58031518
v 0.64235737 -0.34196943 4.77813596
v 0.64235862 -0.34196936 2.58031542
v 0.65958386 -0.34196935 2.58031543
v 0.65958262 -0.34196942 4.77813598
v -0.94015101 -0.34196956 2.58031443
v -0.94015225 -0.34196961 4.77813497
v -0.95737749 -0.34196961 4.77813496
v -0.95737625 -0.34196955 2.58031442
v -0.94015101 -0.34196956 2.58031443
v -0.95737625 -0.34196955 2.58031442
v -0.94015225 -0.34196961 4.77813497
v -0.95737749 -0.34196961 4.77813496
v 0.64235737 -0.34196943 4.77813596
v 0.65958262 -0.34196942 4.77813598
v 0.64235862 -0.34196936 2.58031542
v 0.65958386 -0.34196935 2.58031543
v 0.65442288 -0.14096913 4.75798745
v 0.6544241 -0.14096907 2.60046398
v -0.95221658 -0.14096926 2.60046297
v -0.95221779 -0.14096932 4.75798644
v -0.95221658 -0.14096926 2.60046297
v -0.95600337 -0.33000501 2.59601441
v -0.9560046 -0.33000509 4.76243497
v -0.95221779 -0.14096932 4.75798644
v 0.65442288 -0.14096913 4.75798745
v 0.65820974 -0.33000488 4.76243598
v 0.65821096 -0.33000483 2.59601542
v 0.6544241 -0.14096907 2.60046398
v 0.64373037 -0.14903931 4.76243566
v -0.94152529 -0.1490395 4.76243467
v -0.94152406 -0.14903944 2.59601476
v 0.6437316 -0.14903925 2.59601575
v -0.94152406 -0.14903944 2.59601476
v -0.94152529 -0.1490395 4.76243467
v -0.94152513 -0.33000509 4.76243498
v -0.94152391 -0.33000502 2.59601442
v 0.64373037 -0.14903931 4.76243566
v 0.6437316 -0.14903925 2.59601575
v 0.64373149 -0.33000483 2.59601541
v 0.64373027 -0.3300049 4.76243597
v -0.95221779 -0.14096932 4.75798644
v -0.94152529 -0.1490395 4.76243467
v 0.64373037 -0.14903931 4.76243566
v 0.65442288 -0.14096913 4.75798745
v 0.6544241 -0.14096907 2.60046398
v 0.6437316 -0.14903925 2.59601575
v -0.94152406 -0.14903944 2.59601476
v -0.95221658 -0.14096926 2.60046297
v 0.65820974 -0.33000488 4.76243598
v 0.64373027 -0.3300049 4.76243597
v 0.64373149 -0.33000483 2.59601541
v 0.65821096 -0.33000483 2.59601542
v -0.95600337 -0.33000501 2.59601441
v -0.94152391 -0.33000502 2.59601442
v -0.94152513 -0.33000509 4.76243498
v -0.9560046 -0.33000509 4.76243497
v -0.94152391 -0.33000502 2.59601442
v -0.95600337 -0.33000501 2.59601441
v -0.9560046 -0.33000509 4.76243497
v -0.94152513 -0.33000509 4.76243498
v 0.64373027 -0.3300049 4.76243597
v 0.65820974 -0.33000488 4.76243598
v 0.65821096 -0.33000483 2.59601542
v 0.64373149 -0.33000483 2.59601541
vn 0 0 -1
vn 0 -0.99989 0.0147
vn 0 0.99989 0.0147
vn 0 0 1
vn 0 1 0
vn 0 -1 0
vn -0.94842 0 0.31701
vn 0.94842 0 0.31701
vn 0.98879 0.149 -0.0094
vn 0.98879 0.149 -0.0095
vn -0.98881 0.1489 -0.0094
vn -0.98879 0.149 -0.0094
vn -0.98879 0.149 -0.0095
vn -0.98881 0.1489 -0.0095
vn -0.98879 -0.149 -0.0094
vn -0.98879 -0.149 -0.0095
vn 0.98881 -0.1489 -0.0094
vn 0.98879 -0.149 -0.0094
vn 0.98879 -0.149 -0.0095
vn 0.98881 -0.1489 -0.0095
vn 0 0.99989 0.0151
vn 0 -0.99989 0.0151
vn -0.92196 0 0.38728
vn 0.92196 0 0.38728
vn 0.98515 0.17141 0.0104
vn 0.98515 0.17141 0.0103
vn 0.98515 0.17139 0.0103
vn 0.98517 0.17129 0.0104
vn -0.98515 0.17139 0.0104
vn -0.98517 0.17129 0.0103
vn -0.98515 0.17141 0.0104
vn -0.98515 0.17141 0.0103
vn -0.98515 -0.17141 0.0104
vn -0.98515 -0.17141 0.0103
vn -0.98515 -0.17139 0.0103
vn -0.98517 -0.17129 0.0104
vn 0.98515 -0.17139 0.0104
vn 0.98517 -0.17129 0.0103
vn 0.98515 -0.17141 0.0104
vn 0.98515 -0.17141 0.0103
vt 0.5966 0.05886
vt 0.5966 0.0496
vt 0.60962 0.0496
vt 0.60962 0.05886
vt 0.60962 0.05362
vt 0.5966 0.05362
vt 0.59662 0.05512
vt 0.60959 0.05512
vt 0.59662 0.05894
vt 0.60959 0.05894
vt 0.60959 0.04953
vt 0.59662 0.04953
vt 0.60959 0.05354
vt 0.59662 0.05354
vt 0.60775 0.05362
vt 0.59846 0.05362
vt 0.59838 0.05354
vt 0.60783 0.05354
vt 0.59662 0.05884
vt 0.60959 0.05884
vt 0.59662 0.05894
vt 0.60959 0.04963
vt 0.59662 0.04963
vt 0.59662 0.04953
vt 0.60773 0.05512
vt 0.60783 0.05512
vt 0.59848 0.05512
vt 0.59838 0.05512
vt 0.59838 0.05512
vt 0.59674 0.05891
vt 0.60947 0.05891
vt 0.60947 0.04956
vt 0.59674 0.04956
vt 0.60947 0.05357
vt 0.6095 0.05503
vt 0.59672 0.05503
vt 0.59674 0.05357
vt 0.59672 0.05884
vt 0.59672 0.04962
vt 0.6095 0.04962
vt 0.6095 0.05884
vt 0.6095 0.05364
vt 0.59672 0.05364
vt 0.6078 0.05357
vt 0.60774 0.05364
vt 0.59848 0.05364
vt 0.59841 0.05357
vt 0.59672 0.05893
vt 0.6095 0.05893
vt 0.6095 0.04953
vt 0.59672 0.04953
vt 0.60774 0.05503
vt 0.60782 0.05503
vt 0.59848 0.05503
vt 0.59839 0.05503
usemtl mat2
f 1236/97/132 1237/98/132 1238/99/132
f 1236/97/132 1238/99/132 1239/100/132
f 1240/101/133 1241/102/133 1242/103/133
f 1240/101/133 1242/103/133 1243/104/133
f 1244/102/134 1245/101/134 1246/104/134
f 1244/102/134 1246/104/134 1247/103/134
f 1248/105/135 1249/106/135 1250/107/135
f 1248/105/135 1250/107/135 1251/108/135
f 1252/109/136 1253/104/136 1254/103/136
f 1252/109/136 1254/103/136 1255/110/136
f 1256/110/137 1257/103/137 1258/104/137
f 1256/110/137 1258/104/137 1259/109/137
f 1260/111/138 1261/112/138 1262/113/138
f 1260/111/138 1262/113/138 1263/114/138
f 1264/112/139 1265/111/139 1266/114/139
f 1264/112/139 1266/114/139 1267/113/139
f 1268/115/132 1269/116/132 1270/106/132
f 1268/115/132 1270/106/132 1271/117/132
f 1272/118/132 1273/119/132 1274/120/132
f 1272/118/132 1274/120/132 1275/107/132
f 1265/111/140 1276/121/141 1277/122/141
f 1265/111/140 1277/122/141 1266/114/140
f 1278/121/142 1260/111/143 1263/114/144
f 1278/121/142 1263/114/144 1279/122/145
f 1261/112/146 1280/123/147 1281/124/147
f 1261/112/146 1281/124/147 1262/113/146
f 1282/123/148 1264/112/149 1267/113/150
f 1282/123/148 1267/113/150 1283/125/151
f 1284/126/135 1285/127/135 1286/128/135
f 1284/126/135 1286/128/135 1287/129/135
f 1288/130/152 1289/131/152 1290/132/152
f 1288/130/152 1290/132/152 1291/133/152
f 1292/133/153 1293/132/153 1294/131/153
f 1292/133/153 1294/131/153 1295/130/153
f 1296/134/132 1297/135/132 1298/136/132
f 1296/134/132 1298/136/132 1299/137/132
f 1300/138/137 1301/139/137 1302/132/137
f 1300/138/137 1302/132/137 1303/131/137
f 1304/139/136 1305/138/136 1306/131/136
f 1304/139/136 1306/131/136 1307/132/136
f 1308/140/154 1309/141/154 1310/142/154
f 1308/140/154 1310/142/154 1311/143/154
f 1312/143/155 1313/142/155 1314/141/155
f 1312/143/155 1314/141/155 1315/140/155
f 1316/144/132 1317/134/132 1318/137/132
f 1316/144/132 1318/137/132 1319/145/132
f 1320/146/132 1321/136/132 1322/135/132
f 1320/146/132 1322/135/132 1323/147/132
f 1315/140/156 1314/141/157 1324/148/158
f 1315/140/156 1324/148/158 1325/149/159
f 1326/149/160 1327/148/161 1309/141/162
f 1326/149/160 1309/141/162 1308/140/163
f 1311/143/164 1310/142/165 1328/150/166
f 1311/143/164 1328/150/166 1329/151/167
f 1330/151/168 1331/150/169 1313/142/170
f 1330/151/168 1313/142/170 1312/143/171
# Vertices: 96, normals: 40, texture coordinates: 55, faces: 56

o obj4
v 0.1993558 -0.07009629 4.71905731
v 0.23704506 -0.0399056 4.7483679
v 0.19095142 -0.0399056 4.73294692
v 0.17985387 -0.07995348 4.71960566
v 0.19935584 -0.009715 4.71905731
v 0.17985392 0.00014231 4.71960565
v 0.11933106 0.00615465 4.73961251
v 0.1186561 -0.03990552 4.74356038
v 0.119331 -0.08596568 4.73961253
v 0.1800846 0.01772077 4.70612106
v 0.11933106 0.02630598 4.72432411
v 0.2013411 -0.0013753 4.7075841
v 0.1800846 0.01772077 4.70612106
v 0.2013411 -0.0013753 4.7075841
v 0.20175145 0.00034855 4.68010765
v 0.1801615 0.0202389 4.67862766
v 0.11933106 0.02630598 4.72432411
v 0.1800846 0.01772077 4.70612106
v 0.1801615 0.0202389 4.67862766
v 0.11933108 0.02918474 4.69395384
v -0.31241424 0.00034892 4.37327901
v -0.29082425 0.02023923 4.37475902
v -0.29074738 0.01772111 4.34726562
v -0.31200386 -0.00137493 4.34580261
v -0.29082425 0.02023923 4.37475902
v -0.23000602 0.02918501 4.35943283
v -0.23000604 0.02630626 4.32906256
v -0.29074738 0.01772111 4.34726562
v -0.29074738 0.01772111 4.34726562
v -0.23000604 0.02630626 4.32906256
v -0.23000601 0.00615493 4.31377418
v -0.29051669 0.00014265 4.33378103
v -0.31200386 -0.00137493 4.34580261
v -0.31001862 -0.00971463 4.33432939
v 0.20175139 -0.08015983 4.68010766
v 0.22776687 -0.03990558 4.69330651
v 0.24144863 -0.0399056 4.733297
v 0.20134101 -0.07843599 4.70758409
v 0.19935584 -0.009715 4.71905731
v 0.23704506 -0.0399056 4.7483679
v 0.1993558 -0.07009629 4.71905731
v -0.3100189 -0.07009597 4.71905699
v -0.34771904 -0.03990523 4.74836753
v -0.35212263 -0.03990522 4.73329663
v -0.31200415 -0.07843567 4.70758377
v -0.31001886 -0.00971468 4.71905699
v -0.3120041 -0.00137498 4.70758376
v -0.31241443 0.00034887 4.68010734
v -0.33843977 -0.03990523 4.69330612
v -0.31241446 -0.08015951 4.68010735
v -0.31001866 -0.07009592 4.33432938
v -0.34771876 -0.03990517 4.30501879
v -0.29909349 -0.03990524 4.33221561
v -0.29051676 -0.07995313 4.33378104
v -0.23210155 -0.03990524 4.32220806
v -0.23000608 -0.0859654 4.31377417
v 0.20175159 -0.08015979 4.37327936
v 0.1801616 -0.10005001 4.37475934
v 0.18008477 -0.09753189 4.34726593
v 0.20134124 -0.07843594 4.34580294
v 0.1801616 -0.10005001 4.37475934
v 0.11933121 -0.10899571 4.35943307
v 0.11933126 -0.10611695 4.3290628
v 0.18008477 -0.09753189 4.34726593
v 0.18008477 -0.09753189 4.34726593
v 0.11933126 -0.10611695 4.3290628
v 0.11933125 -0.08596562 4.31377441
v 0.1798541 -0.07995342 4.33378133
v 0.20134124 -0.07843594 4.34580294
v 0.19935604 -0.07009624 4.33432972
v -0.31241427 -0.08015947 4.37327902
v -0.33843956 -0.03990518 4.36008014
v -0.35212233 -0.03990517 4.32008969
v -0.3120039 -0.07843561 4.34580262
v -0.31001862 -0.00971463 4.33432939
v -0.34771876 -0.03990517 4.30501879
v -0.31001866 -0.07009592 4.33432938
v 0.20175164 0.00034859 4.37327935
v 0.18016168 0.02023894 4.37475932
v 0.18016165 0.02023893 4.41865249
v 0.20175164 0.00034859 4.41760006
v 0.11933129 0.02918479 4.35943305
v 0.11933127 0.04275655 4.40775392
v 0.11933123 0.04275654 4.46636607
v 0.18016161 0.02023892 4.47189396
v 0.20175158 0.00034857 4.47136017
v -0.2300061 0.04275676 4.46636585
v -0.29082433 0.02023922 4.47189366
v -0.29082438 0.02023922 4.52669319
v -0.23000615 0.04275676 4.52669322
v -0.3124143 0.0003489 4.47135986
v -0.31241433 0.00034889 4.52669318
v -0.31241437 0.00034889 4.58202651
v -0.2908244 0.02023921 4.58149271
v -0.23000617 0.04275674 4.5870206
v 0.18016158 0.02023892 4.52669348
v 0.20175158 0.00034857 4.5266935
v 0.1193312 0.04275653 4.52669344
v 0.11933116 0.04275652 4.58702082
v 0.18016155 0.02023891 4.58149301
v 0.20175151 0.00034856 4.58202683
v 0.18016151 0.0202389 4.63473448
v 0.20175151 0.00034856 4.63578693
v 0.11933112 0.04275651 4.64563297
v 0.11933108 0.02918474 4.69395384
v 0.11933113 -0.12256749 4.46636609
v 0.18016156 -0.10005003 4.47189398
v 0.18016152 -0.10005004 4.5266935
v 0.11933109 -0.1225675 4.52669347
v 0.20175151 -0.08015981 4.47136019
v 0.20175151 -0.08015982 4.52669351
v 0.20175146 -0.08015982 4.58202684
v 0.18016149 -0.10005004 4.58149301
v 0.11933105 -0.12256751 4.58702084
v -0.31241435 -0.08015948 4.47135987
v -0.29082439 -0.10004973 4.47189368
v -0.29082444 -0.10004974 4.5266932
v -0.31241438 -0.08015949 4.52669319
v -0.2300062 -0.12256727 4.46636588
v -0.23000624 -0.12256729 4.52669325
v -0.23000628 -0.12256729 4.58702062
v -0.29082446 -0.10004975 4.58149273
v -0.31241442 -0.0801595 4.58202652
v -0.29082451 -0.10004975 4.6347342
v -0.31241445 -0.0801595 4.63578662
v -0.23000632 -0.1225673 4.64563278
v -0.23000634 -0.10899554 4.69395363
v -0.29082452 -0.10004976 4.67862737
v -0.33843959 -0.03990519 4.408214
v -0.31241426 0.00034891 4.41759975
v -0.31241432 -0.08015948 4.41759976
v -0.33843961 -0.03990519 4.46659927
v -0.33843967 -0.0399052 4.52669315
v -0.33843969 -0.03990521 4.58678702
v -0.33843974 -0.03990522 4.64517233
v -0.3124144 0.00034888 4.63578661
v 0.2277669 -0.03990558 4.64517269
v 0.20175146 -0.08015983 4.63578696
v 0.22776693 -0.03990557 4.58678738
v 0.22776697 -0.03990556 4.52669351
v 0.22776701 -0.03990555 4.46659963
v 0.22776705 -0.03990554 4.40821433
v 0.20175159 -0.0801598 4.41760008
v 0.22776708 -0.03990554 4.36008049
v 0.19935604 -0.07009624 4.33432972
v 0.23704534 -0.03990554 4.30501915
v 0.24144886 -0.03990554 4.32009004
v 0.19935608 -0.00971494 4.33432969
v 0.20134132 -0.00137525 4.34580292
v 0.18016145 -0.10005005 4.6347345
v 0.11933102 -0.12256752 4.64563299
v 0.18016143 -0.10005006 4.67862768
v 0.119331 -0.10899576 4.69395386
v 0.11933121 -0.10899571 4.35943307
v 0.18016159 -0.10005002 4.4186525
v 0.11933117 -0.12256748 4.40775394
v -0.29082433 -0.10004972 4.37475901
v -0.29082437 -0.10004973 4.41865222
v -0.23000613 -0.10899549 4.35943286
v -0.23000617 -0.12256727 4.40775371
v -0.29082445 0.0202392 4.63473418
v -0.23000623 0.04275674 4.64563276
v -0.29082446 0.0202392 4.67862735
v -0.23000625 0.02918496 4.69395361
v -0.23000602 0.02918501 4.35943283
v -0.29082431 0.02023923 4.4186522
v -0.23000608 0.04275677 4.40775368
v -0.23000635 -0.08596547 4.73961232
v -0.29051699 -0.07995318 4.71960536
v -0.29074766 -0.09753164 4.70612076
v -0.23000634 -0.10611678 4.7243239
v -0.3100189 -0.07009597 4.71905699
v -0.31200415 -0.07843567 4.70758377
v -0.29074766 -0.09753164 4.70612076
v -0.23000634 -0.10611678 4.7243239
v -0.29074766 -0.09753164 4.70612076
v -0.29082452 -0.10004976 4.67862737
v -0.23000634 -0.10899554 4.69395363
v -0.31001886 -0.00971468 4.71905699
v -0.29051695 0.0001426 4.71960535
v -0.29074758 0.01772106 4.70612075
v -0.3120041 -0.00137498 4.70758376
v -0.23000628 0.00615488 4.73961231
v -0.23000625 0.0263062 4.72432389
v -0.29074758 0.01772106 4.70612075
v -0.23000625 0.0263062 4.72432389
v -0.23000625 0.02918496 4.69395361
v -0.29082446 0.0202392 4.67862735
v -0.29074758 0.01772106 4.70612075
v -0.23000613 -0.10899549 4.35943286
v -0.29082433 -0.10004972 4.37475901
v -0.29074746 -0.09753159 4.34726563
v -0.23000612 -0.10611673 4.32906257
v -0.29074746 -0.09753159 4.34726563
v -0.29074746 -0.09753159 4.34726563
v -0.3120039 -0.07843561 4.34580262
v -0.23000612 -0.10611673 4.32906257
v 0.11865636 -0.03990546 4.30982648
v 0.19095166 -0.03990555 4.32044009
v 0.11933131 0.00615471 4.31377438
v 0.17985415 0.00014236 4.33378134
v 0.19935608 -0.00971494 4.33432969
v 0.23704534 -0.03990554 4.30501915
v 0.18008451 -0.09753193 4.70612106
v 0.20134101 -0.07843599 4.70758409
v 0.11933098 -0.106117 4.72432412
v 0.18008451 -0.09753193 4.70612106
v 0.11933098 -0.106117 4.72432412
v 0.119331 -0.10899576 4.69395386
v 0.18016143 -0.10005006 4.67862768
v 0.18008451 -0.09753193 4.70612106
v -0.23210177 -0.0399053 4.73117836
v -0.29909374 -0.03990529 4.72117077
v -0.34771904 -0.03990523 4.74836753
v 0.11933105 -0.12256751 4.58702084
v 0.11933102 -0.12256752 4.64563299
v -0.05533764 -0.12256741 4.64563288
v -0.0553376 -0.12256741 4.58702073
v -0.05533766 -0.10899566 4.69395375
v -0.23000632 -0.1225673 4.64563278
v -0.23000628 -0.12256729 4.58702062
v 0.11933113 -0.12256749 4.46636609
v 0.11933109 -0.1225675 4.52669347
v -0.05533757 -0.1225674 4.52669335
v -0.05533753 -0.12256739 4.46636597
v -0.23000624 -0.12256729 4.52669325
v -0.2300062 -0.12256727 4.46636588
v 0.11933117 -0.12256748 4.40775394
v -0.05533749 -0.12256738 4.40775382
v -0.05533745 -0.10899561 4.35943294
v -0.23000617 -0.12256727 4.40775371
v -0.23000617 0.04275674 4.5870206
v -0.23000623 0.04275674 4.64563276
v -0.05533754 0.04275663 4.64563286
v -0.0553375 0.04275664 4.58702071
v -0.05533758 0.02918486 4.69395373
v 0.11933112 0.04275651 4.64563297
v 0.11933116 0.04275652 4.58702082
v -0.2300061 0.04275676 4.46636585
v -0.23000615 0.04275676 4.52669322
v -0.05533746 0.04275665 4.52669333
v -0.05533742 0.04275666 4.46636595
v 0.1193312 0.04275653 4.52669344
v 0.11933123 0.04275654 4.46636607
v -0.23000608 0.04275677 4.40775368
v -0.05533739 0.04275666 4.40775379
v -0.05533736 0.0291849 4.35943292
v 0.11933127 0.04275655 4.40775392
v 0.11933129 0.02918479 4.35943305
v -0.05533768 -0.10611689 4.72432401
v -0.05533768 -0.08596558 4.73961244
v -0.05533768 -0.10611689 4.72432401
v -0.05533743 -0.10611684 4.32906267
v -0.05533741 -0.08596552 4.31377428
v -0.05533743 -0.10611684 4.32906267
v 0.11933135 0.02630604 4.32906278
v -0.05533735 0.02630615 4.32906265
v 0.11933135 0.02630604 4.32906278
v -0.05533735 0.00615483 4.31377427
v -0.05533735 0.02630615 4.32906265
v -0.0553362 -0.03990535 4.30982637
v -0.05533647 -0.03990541 4.74356028
v -0.05533762 0.00615477 4.7396124
v -0.0553376 0.02630609 4.724324
v -0.0553376 0.02630609 4.724324
v 0.18016168 0.02023894 4.37475932
v 0.18008484 0.01772081 4.34726591
v 0.18008484 0.01772081 4.34726591
v 0.18008484 0.01772081 4.34726591
v 0.20134132 -0.00137525 4.34580292
vn -0.39859 0.86998 -0.29029
vn 0.19331 0.98114 0
vn -0.0441 0.99903 0
vn -0.44602 0.87875 -0.16991
vn -0.39862 0.86995 0.29032
vn -0.44602 0.87873 0.17001
vn -0.19959 0.96917 0.1445
vn -0.1507 0.98858 0
vn -0.19959 0.96917 -0.1445
vn -0.74922 0.48261 0.45361
vn -0.20099 0.95276 0.22769
vn -0.90252 0.35401 0.24521
vn -0.74922 0.48251 0.45371
vn -0.97685 -0.0073 0.21381
vn -0.84176 0.16359 0.51447
vn -0.27531 0.27551 0.92103
vn -0.84173 0.16361 0.51452
vn -0.36512 0.39662 0.84225
vn 0.97685 0.0073 0.21381
vn 0.84181 -0.1635 0.51441
vn 0.7493 -0.4825 0.4536
vn 0.90252 -0.35401 0.24521
vn 0.84176 -0.16359 0.51447
vn 0.36521 -0.39661 0.84222
vn 0.27541 -0.27541 0.92103
vn 0.20099 -0.95276 0.22769
vn 0.20899 -0.97087 0.1172
vn 0.4345 -0.88999 0.1383
vn 0.90247 -0.35409 0.24529
vn 0.7733 -0.5459 0.3225
vn -0.97685 -0.0073 -0.21381
vn -0.99735 -0.0727 0
vn -0.96998 0.24319 0
vn -0.90252 0.35401 -0.24521
vn -0.3987 0.86989 0.2904
vn -0.85296 0.52198 0
vn -0.39861 0.86993 -0.29041
vn 0.77328 0.54599 -0.32239
vn 0.85293 0.52202 0
vn 0.96998 0.24319 0
vn 0.90252 0.35401 -0.24521
vn 0.7733 0.5459 0.3225
vn 0.9025 0.354 0.2453
vn 0.97685 -0.0073 0.21381
vn 0.99735 -0.0727 0
vn 0.97685 -0.0073 -0.21381
vn -0.42568 -0.90306 -0.0572
vn -0.42641 -0.90453 0
vn -0.0846 -0.99641 0
vn 0.4345 -0.88999 -0.1383
vn -0.42572 -0.90304 0.0572
vn 0.1708 -0.98531 0
vn 0.20899 -0.97087 -0.1172
vn -0.97685 0.0073 -0.21381
vn -0.84176 -0.16359 -0.51447
vn -0.74922 -0.48251 -0.45371
vn -0.90252 -0.35401 -0.24521
vn -0.84173 -0.16361 -0.51452
vn -0.36512 -0.39662 -0.84225
vn -0.27531 -0.27551 -0.92103
vn -0.74922 -0.48261 -0.45361
vn -0.20099 -0.95276 -0.22769
vn -0.19959 -0.96917 -0.1445
vn -0.44602 -0.87873 -0.17001
vn -0.39862 -0.86995 -0.29032
vn 0.97685 0.0073 -0.21381
vn 0.99735 0.0727 0
vn 0.96998 -0.24319 0
vn 0.9025 -0.354 -0.2453
vn 0.85293 -0.52202 0
vn 0.7733 -0.5459 -0.3225
vn -0.97685 0.0073 0.21381
vn -0.84183 -0.16431 0.51412
vn -0.90187 -0.0676 0.42669
vn -0.97887 0 0.20449
vn -0.36511 -0.39671 0.84221
vn -0.41481 -0.27981 0.86582
vn -0.837 0 0.5472
vn -0.91391 0 0.40591
vn 0.83708 0 0.54708
vn 0.91397 0 0.40579
vn 0.97885 0 0.20459
vn -0.90187 0.0676 0.42669
vn -0.41481 0.27981 0.86582
vn -0.36521 0.39661 0.84222
vn -0.837 0 -0.5472
vn -0.91391 0 -0.40591
vn -0.97887 0 -0.20449
vn 0.97885 0 -0.20459
vn 0.91397 0 -0.40579
vn 0.83708 0 -0.54708
vn 0.90187 0.0676 -0.42669
vn 0.41481 0.27981 -0.86582
vn 0.36521 0.39661 -0.84222
vn 0.84181 0.1635 -0.51441
vn 1 0 0
vn -1 0 0
vn -0.99735 0.0727 0
vn -0.3987 -0.86989 -0.2904
vn -0.85296 -0.52198 0
vn -0.96998 -0.24319 0
vn -0.39861 -0.86993 0.29041
vn -0.90252 -0.35401 0.24521
vn -0.90187 0.0676 -0.42669
vn -0.41481 0.27981 -0.86582
vn -0.84183 0.16431 -0.51412
vn -0.36511 0.39671 -0.84221
vn -0.36521 -0.39661 -0.84222
vn -0.90187 -0.0676 -0.42669
vn -0.41481 -0.27981 -0.86582
vn 0.84183 -0.16431 -0.51412
vn 0.90187 -0.0676 -0.42669
vn 0.36521 -0.39661 -0.84222
vn 0.41481 -0.27981 -0.86582
vn 0.90187 0.0676 0.42669
vn 0.41481 0.27981 0.86582
vn 0.84183 0.16431 0.51412
vn 0.36521 0.39661 0.84222
vn 0.90187 -0.0676 0.42669
vn 0.41481 -0.27981 0.86582
vn 0.20899 0.97087 -0.1172
vn 0.4345 0.88999 -0.1383
vn 0.7493 0.4825 -0.4536
vn 0.20071 0.95273 -0.22811
vn 0.7733 0.5459 -0.3225
vn 0.9025 0.354 -0.2453
vn 0.27541 0.27541 -0.92103
vn 0.84176 0.16359 -0.51447
vn 0.77332 0.54592 0.32241
vn 0.4345 0.88999 0.1383
vn 0.74926 0.48257 0.45358
vn 0.90247 0.35409 0.24529
vn 0.20899 0.97087 0.1172
vn 0.20091 0.95273 0.22791
vn 0.74925 0.48253 0.45363
vn 0.2754 0.2755 0.92101
vn 0.36512 0.39662 0.84225
vn 0.84176 0.16359 0.51447
vn 0.7493 0.4825 0.4536
vn 0.36512 -0.39662 -0.84225
vn 0.84176 -0.16359 -0.51447
vn 0.74925 -0.48253 -0.45363
vn 0.2754 -0.2755 -0.92101
vn 0.7493 -0.4825 -0.4536
vn 0.90247 -0.35409 -0.24529
vn 0.77332 -0.54592 -0.32241
vn 0.20091 -0.95273 -0.22791
vn -0.1507 -0.98858 0
vn -0.0441 -0.99903 0
vn -0.19959 -0.96917 0.1445
vn -0.44602 -0.87875 0.16991
vn -0.39859 -0.86998 0.29029
vn 0.19331 -0.98114 0
vn -0.74922 0.48261 -0.45361
vn -0.90249 0.3541 -0.2452
vn -0.20091 0.95273 -0.22791
vn -0.74922 0.48251 -0.45371
vn -0.2754 0.2755 -0.92101
vn -0.36512 0.39662 -0.84225
vn -0.84173 0.16361 -0.51452
vn 0.1708 0.98531 0
vn -0.0846 0.99641 0
vn -0.42568 0.90306 0.0572
vn -0.42641 0.90453 0
vn -0.42568 0.90306 -0.0572
vn 0 0 -1
vn -0.41471 0.27991 -0.86583
vn 0 0.35608 -0.93445
vn 0 0.48829 -0.87268
vn -0.4148 -0.2799 -0.86579
vn 0 -0.35608 -0.93445
vn 0 -0.48829 -0.87268
vn 0.4148 -0.2799 -0.86579
vn 0 0 1
vn 0.4148 0.2799 0.86579
vn 0 0.35608 0.93445
vn 0 0.48829 0.87268
vn -0.4148 0.2799 0.86579
vn 0.4148 -0.2799 0.86579
vn 0 -0.35608 0.93445
vn 0 -0.48829 0.87268
vn -0.41471 -0.27991 0.86583
vn -0.36512 -0.39662 0.84225
vn 0 0.9726 -0.2325
vn 0.0114 0.99272 -0.1199
vn 0 0.2881 -0.9576
vn 0 -0.2881 -0.9576
vn 0.0115 -0.99271 -0.12
vn 0 -0.9726 -0.2325
vn -0.2753 -0.2756 0.92101
vn 0 -0.2881 0.9576
vn -0.20091 -0.95273 0.22791
vn 0.0115 -0.99271 0.12
vn 0 -0.9726 0.2325
vn 0.0229 -0.99974 0
vn 0.0229 0.99974 0
vn 0.0115 0.99271 0.12
vn 0 0.9726 0.2325
vn 0 0.2881 0.9576
vn -0.84173 -0.16361 0.51452
vn -0.74922 -0.48251 0.45371
vn -0.74922 -0.48261 0.45361
vn -0.90249 -0.3541 0.2452
vt 0.72721 0.38458
vt 0.72684 0.38344
vt 0.72729 0.38344
vt 0.7274 0.38495
vt 0.72721 0.38229
vt 0.7274 0.38192
vt 0.728 0.38169
vt 0.72801 0.38344
vt 0.728 0.38518
vt 0.7274 0.38126
vt 0.728 0.38093
vt 0.72719 0.38198
vt 0.73204 0.38126
vt 0.73206 0.38198
vt 0.73171 0.38191
vt 0.73169 0.38116
vt 0.728 0.38108
vt 0.7274 0.3813
vt 0.7274 0.38163
vt 0.728 0.38144
vt 0.72775 0.38191
vt 0.72777 0.38116
vt 0.72742 0.38126
vt 0.7274 0.38198
vt 0.73206 0.38525
vt 0.73146 0.38543
vt 0.73146 0.38579
vt 0.73206 0.38558
vt 0.73206 0.38126
vt 0.73146 0.38093
vt 0.73146 0.38169
vt 0.73206 0.38192
vt 0.73227 0.38198
vt 0.73225 0.38229
vt 0.73171 0.38496
vt 0.73188 0.38344
vt 0.73239 0.38344
vt 0.73206 0.3849
vt 0.73221 0.38229
vt 0.73259 0.38344
vt 0.73221 0.38458
vt 0.73225 0.38458
vt 0.73263 0.38344
vt 0.73214 0.38344
vt 0.73206 0.38495
vt 0.73148 0.38344
vt 0.73146 0.38518
vt 0.72775 0.38496
vt 0.72777 0.38571
vt 0.72742 0.38562
vt 0.7274 0.3849
vt 0.7274 0.38525
vt 0.728 0.38543
vt 0.728 0.38579
vt 0.7274 0.38558
vt 0.7274 0.38562
vt 0.728 0.38594
vt 0.72719 0.3849
vt 0.72758 0.38344
vt 0.72707 0.38344
vt 0.72725 0.38229
vt 0.72688 0.38344
vt 0.72725 0.38458
vt 0.72834 0.38116
vt 0.72833 0.38191
vt 0.72758 0.38082
vt 0.7282 0.38031
vt 0.72895 0.38031
vt 0.72903 0.38116
vt 0.72902 0.38191
vt 0.72973 0.38116
vt 0.72973 0.38031
vt 0.72973 0.38191
vt 0.73044 0.38191
vt 0.73044 0.38116
vt 0.73051 0.38031
vt 0.73112 0.38116
vt 0.73114 0.38191
vt 0.73126 0.38031
vt 0.73189 0.38082
vt 0.72895 0.38657
vt 0.72903 0.38571
vt 0.72973 0.38571
vt 0.72973 0.38657
vt 0.72902 0.38496
vt 0.72973 0.38496
vt 0.73044 0.38496
vt 0.73044 0.38571
vt 0.73051 0.38657
vt 0.73112 0.38571
vt 0.73114 0.38496
vt 0.73126 0.38657
vt 0.73189 0.38605
vt 0.73169 0.38571
vt 0.72821 0.38344
vt 0.72833 0.38496
vt 0.72896 0.38344
vt 0.72973 0.38344
vt 0.73051 0.38344
vt 0.73126 0.38344
vt 0.72758 0.38605
vt 0.72834 0.38571
vt 0.7282 0.38657
vt 0.73206 0.38562
vt 0.73146 0.38594
vt 0.73227 0.3849
vt 0.73204 0.38562
vt 0.73146 0.38108
vt 0.73206 0.3813
vt 0.73206 0.38163
vt 0.73146 0.38144
vt 0.728 0.38272
vt 0.728 0.38202
vt 0.72973 0.38202
vt 0.72973 0.38272
vt 0.72973 0.38144
vt 0.73146 0.38202
vt 0.73146 0.38272
vt 0.728 0.38416
vt 0.728 0.38344
vt 0.72973 0.38416
vt 0.73146 0.38344
vt 0.73146 0.38416
vt 0.728 0.38486
vt 0.72973 0.38486
vt 0.72973 0.38543
vt 0.73146 0.38486
vt 0.72973 0.38594
vt 0.72973 0.38518
vt 0.72973 0.38108
vt 0.72973 0.38579
vt 0.72973 0.38169
vt 0.72973 0.38093
usemtl mat3
f 1332/152/172 1333/153/173 1334/154/174
f 1332/152/172 1334/154/174 1335/155/175
f 1333/153/173 1336/156/176 1337/157/177
f 1333/153/173 1337/157/177 1334/154/174
f 1334/154/174 1337/157/177 1338/158/178
f 1334/154/174 1338/158/178 1339/159/179
f 1335/155/175 1334/154/174 1339/159/179
f 1335/155/175 1339/159/179 1340/160/180
f 1338/158/178 1337/157/177 1341/161/181
f 1338/158/178 1341/161/181 1342/162/182
f 1337/157/177 1336/156/176 1343/163/183
f 1337/157/177 1343/163/183 1341/161/181
f 1344/164/184 1345/165/183 1346/166/185
f 1344/164/184 1346/166/185 1347/167/186
f 1348/168/187 1349/169/184 1350/170/188
f 1348/168/187 1350/170/188 1351/171/189
f 1352/172/190 1353/173/191 1354/174/192
f 1352/172/190 1354/174/192 1355/175/193
f 1356/176/194 1357/177/195 1358/178/196
f 1356/176/194 1358/178/196 1359/179/192
f 1360/180/192 1361/181/197 1362/182/198
f 1360/180/192 1362/182/198 1363/183/199
f 1364/184/200 1360/180/192 1363/183/199
f 1364/184/200 1363/183/199 1365/185/201
f 1366/186/202 1367/187/203 1368/188/204
f 1366/186/202 1368/188/204 1369/189/205
f 1367/187/203 1346/166/185 1345/165/183
f 1367/187/203 1345/165/183 1368/188/204
f 1368/188/204 1345/165/183 1370/190/206
f 1368/188/204 1370/190/206 1371/191/207
f 1369/189/205 1368/188/204 1371/191/207
f 1369/189/205 1371/191/207 1372/192/208
f 1373/192/209 1374/191/210 1375/188/211
f 1373/192/209 1375/188/211 1376/189/212
f 1374/191/210 1377/190/213 1378/165/214
f 1374/191/210 1378/165/214 1375/188/211
f 1375/188/211 1378/165/214 1379/166/215
f 1375/188/211 1379/166/215 1380/187/216
f 1376/189/212 1375/188/211 1380/187/216
f 1376/189/212 1380/187/216 1381/186/217
f 1382/193/218 1383/194/219 1384/195/220
f 1382/193/218 1384/195/220 1385/196/221
f 1383/194/219 1365/185/222 1363/183/199
f 1383/194/219 1363/183/199 1384/195/220
f 1384/195/220 1363/183/199 1362/182/198
f 1384/195/220 1362/182/198 1386/197/223
f 1385/196/221 1384/195/220 1386/197/223
f 1385/196/221 1386/197/223 1387/198/224
f 1388/199/225 1389/200/226 1390/201/227
f 1388/199/225 1390/201/227 1391/202/228
f 1392/203/229 1393/204/230 1394/205/231
f 1392/203/229 1394/205/231 1395/206/227
f 1396/207/232 1397/208/233 1398/160/234
f 1396/207/232 1398/160/234 1399/155/235
f 1400/209/228 1396/207/232 1399/155/235
f 1400/209/228 1399/155/235 1401/152/236
f 1402/199/237 1403/210/238 1404/211/239
f 1402/199/237 1404/211/239 1405/202/240
f 1403/210/238 1352/172/190 1355/175/193
f 1403/210/238 1355/175/193 1404/211/239
f 1404/211/239 1355/175/193 1406/212/201
f 1404/211/239 1406/212/201 1407/213/241
f 1405/202/240 1404/211/239 1407/213/241
f 1405/202/240 1407/213/241 1408/214/242
f 1409/172/243 1410/173/244 1411/215/245
f 1409/172/243 1411/215/245 1412/216/246
f 1410/173/244 1413/217/247 1414/218/248
f 1410/173/244 1414/218/248 1411/215/245
f 1411/215/245 1414/218/248 1415/219/249
f 1411/215/245 1415/219/249 1416/220/250
f 1412/216/246 1411/215/245 1416/220/250
f 1412/216/246 1416/220/250 1417/221/246
f 1418/219/251 1419/220/252 1420/222/252
f 1418/219/251 1420/222/252 1421/223/251
f 1419/220/252 1422/221/253 1423/224/253
f 1419/220/252 1423/224/253 1420/222/252
f 1420/222/252 1423/224/253 1424/225/253
f 1420/222/252 1424/225/253 1425/226/252
f 1421/223/251 1420/222/252 1425/226/252
f 1421/223/251 1425/226/252 1426/227/251
f 1417/221/246 1416/220/250 1427/222/250
f 1417/221/246 1427/222/250 1428/224/246
f 1416/220/250 1415/219/249 1429/223/249
f 1416/220/250 1429/223/249 1427/222/250
f 1427/222/250 1429/223/249 1430/227/249
f 1427/222/250 1430/227/249 1431/226/250
f 1428/224/246 1427/222/250 1431/226/250
f 1428/224/246 1431/226/250 1432/225/246
f 1432/225/246 1431/226/250 1433/228/254
f 1432/225/246 1433/228/254 1434/229/246
f 1431/226/250 1430/227/249 1435/230/255
f 1431/226/250 1435/230/255 1433/228/254
f 1433/228/254 1435/230/255 1436/231/256
f 1433/228/254 1436/231/256 1347/167/186
f 1434/229/246 1433/228/254 1347/167/186
f 1434/229/246 1347/167/186 1346/166/185
f 1437/232/257 1438/233/258 1439/234/258
f 1437/232/257 1439/234/258 1440/235/257
f 1438/233/258 1441/236/259 1442/237/259
f 1438/233/258 1442/237/259 1439/234/258
f 1439/234/258 1442/237/259 1443/238/259
f 1439/234/258 1443/238/259 1444/239/258
f 1440/235/257 1439/234/258 1444/239/258
f 1440/235/257 1444/239/258 1445/240/257
f 1446/236/260 1447/233/261 1448/234/261
f 1446/236/260 1448/234/261 1449/237/260
f 1447/233/261 1450/232/262 1451/235/262
f 1447/233/261 1451/235/262 1448/234/261
f 1448/234/261 1451/235/262 1452/240/262
f 1448/234/261 1452/240/262 1453/239/261
f 1449/237/260 1448/234/261 1453/239/261
f 1449/237/260 1453/239/261 1454/238/260
f 1454/238/260 1453/239/261 1455/241/263
f 1454/238/260 1455/241/263 1456/242/260
f 1453/239/261 1452/240/262 1457/243/264
f 1453/239/261 1457/243/264 1455/241/263
f 1455/241/263 1457/243/264 1458/244/265
f 1455/241/263 1458/244/265 1459/245/266
f 1456/242/260 1455/241/263 1459/245/266
f 1456/242/260 1459/245/266 1381/186/217
f 1352/172/190 1403/210/238 1460/246/267
f 1352/172/190 1460/246/267 1461/216/253
f 1403/210/238 1402/199/237 1462/247/260
f 1403/210/238 1462/247/260 1460/246/267
f 1460/246/267 1462/247/260 1446/236/260
f 1460/246/267 1446/236/260 1463/248/267
f 1461/216/253 1460/246/267 1463/248/267
f 1461/216/253 1463/248/267 1422/221/253
f 1422/221/253 1463/248/267 1464/249/267
f 1422/221/253 1464/249/267 1423/224/253
f 1463/248/267 1446/236/260 1449/237/260
f 1463/248/267 1449/237/260 1464/249/267
f 1464/249/267 1449/237/260 1454/238/260
f 1464/249/267 1454/238/260 1465/250/267
f 1423/224/253 1464/249/267 1465/250/267
f 1423/224/253 1465/250/267 1424/225/253
f 1424/225/253 1465/250/267 1466/251/267
f 1424/225/253 1466/251/267 1467/229/253
f 1465/250/267 1454/238/260 1456/242/260
f 1465/250/267 1456/242/260 1466/251/267
f 1466/251/267 1456/242/260 1381/186/217
f 1466/251/267 1381/186/217 1380/187/216
f 1467/229/253 1466/251/267 1380/187/216
f 1467/229/253 1380/187/216 1379/166/215
f 1346/166/185 1367/187/203 1468/251/268
f 1346/166/185 1468/251/268 1434/229/246
f 1367/187/203 1366/186/202 1469/242/259
f 1367/187/203 1469/242/259 1468/251/268
f 1468/251/268 1469/242/259 1443/238/259
f 1468/251/268 1443/238/259 1470/250/268
f 1434/229/246 1468/251/268 1470/250/268
f 1434/229/246 1470/250/268 1432/225/246
f 1432/225/246 1470/250/268 1471/249/268
f 1432/225/246 1471/249/268 1428/224/246
f 1470/250/268 1443/238/259 1442/237/259
f 1470/250/268 1442/237/259 1471/249/268
f 1471/249/268 1442/237/259 1441/236/259
f 1471/249/268 1441/236/259 1472/248/268
f 1428/224/246 1471/249/268 1472/248/268
f 1428/224/246 1472/248/268 1417/221/246
f 1417/221/246 1472/248/268 1473/246/268
f 1417/221/246 1473/246/268 1412/216/246
f 1472/248/268 1441/236/259 1474/247/259
f 1472/248/268 1474/247/259 1473/246/268
f 1473/246/268 1474/247/259 1388/199/225
f 1473/246/268 1388/199/225 1475/210/269
f 1412/216/246 1473/246/268 1475/210/269
f 1412/216/246 1475/210/269 1409/172/243
f 1476/214/270 1477/213/271 1478/211/272
f 1476/214/270 1478/211/272 1391/202/228
f 1477/213/271 1479/212/273 1480/175/274
f 1477/213/271 1480/175/274 1478/211/272
f 1478/211/272 1480/175/274 1409/172/243
f 1478/211/272 1409/172/243 1475/210/269
f 1391/202/228 1478/211/272 1475/210/269
f 1391/202/228 1475/210/269 1388/199/225
f 1445/240/257 1444/239/258 1481/241/275
f 1445/240/257 1481/241/275 1482/243/276
f 1444/239/258 1443/238/259 1469/242/259
f 1444/239/258 1469/242/259 1481/241/275
f 1481/241/275 1469/242/259 1366/186/202
f 1481/241/275 1366/186/202 1483/245/277
f 1482/243/276 1481/241/275 1483/245/277
f 1482/243/276 1483/245/277 1484/244/278
f 1485/252/279 1389/200/226 1486/253/280
f 1485/252/279 1486/253/280 1487/254/281
f 1389/200/226 1388/199/225 1474/247/259
f 1389/200/226 1474/247/259 1486/253/280
f 1486/253/280 1474/247/259 1441/236/259
f 1486/253/280 1441/236/259 1438/233/258
f 1487/254/281 1486/253/280 1438/233/258
f 1487/254/281 1438/233/258 1437/232/257
f 1402/199/237 1488/200/282 1489/253/283
f 1402/199/237 1489/253/283 1462/247/260
f 1488/200/282 1490/252/284 1491/254/285
f 1488/200/282 1491/254/285 1489/253/283
f 1489/253/283 1491/254/285 1450/232/262
f 1489/253/283 1450/232/262 1447/233/261
f 1462/247/260 1489/253/283 1447/233/261
f 1462/247/260 1447/233/261 1446/236/260
f 1426/227/251 1425/226/252 1492/228/286
f 1426/227/251 1492/228/286 1493/230/287
f 1425/226/252 1424/225/253 1467/229/253
f 1425/226/252 1467/229/253 1492/228/286
f 1492/228/286 1467/229/253 1379/166/215
f 1492/228/286 1379/166/215 1494/167/288
f 1493/230/287 1492/228/286 1494/167/288
f 1493/230/287 1494/167/288 1495/231/289
f 1496/217/195 1353/173/191 1497/215/290
f 1496/217/195 1497/215/290 1498/218/291
f 1353/173/191 1352/172/190 1461/216/253
f 1353/173/191 1461/216/253 1497/215/290
f 1497/215/290 1461/216/253 1422/221/253
f 1497/215/290 1422/221/253 1419/220/252
f 1498/218/291 1497/215/290 1419/220/252
f 1498/218/291 1419/220/252 1418/219/251
f 1499/198/292 1500/196/293 1501/255/294
f 1499/198/292 1501/255/294 1502/256/295
f 1500/196/293 1503/193/296 1504/257/297
f 1500/196/293 1504/257/297 1501/255/294
f 1505/258/294 1376/189/212 1381/186/217
f 1505/258/294 1381/186/217 1459/245/266
f 1506/259/298 1507/260/294 1508/261/299
f 1506/259/298 1508/261/299 1509/262/265
f 1510/185/300 1511/183/301 1512/180/302
f 1510/185/300 1512/180/302 1513/184/303
f 1511/183/301 1514/182/304 1515/181/305
f 1511/183/301 1515/181/305 1512/180/302
f 1516/260/306 1517/259/307 1518/262/308
f 1516/260/306 1518/262/308 1519/261/309
f 1378/165/214 1520/164/310 1494/167/288
f 1378/165/214 1494/167/288 1379/166/215
f 1521/177/311 1522/176/312 1523/179/313
f 1521/177/311 1523/179/313 1524/178/314
f 1488/200/282 1402/199/237 1405/202/240
f 1488/200/282 1405/202/240 1525/201/315
f 1526/255/315 1527/257/316 1382/193/317
f 1526/255/315 1382/193/317 1385/196/221
f 1528/256/318 1526/255/315 1385/196/221
f 1528/256/318 1385/196/221 1387/198/224
f 1398/160/234 1529/159/319 1530/154/320
f 1398/160/234 1530/154/320 1399/155/235
f 1529/159/319 1531/158/321 1532/157/322
f 1529/159/319 1532/157/322 1530/154/320
f 1530/154/320 1532/157/322 1533/156/323
f 1530/154/320 1533/156/323 1534/153/324
f 1399/155/235 1530/154/320 1534/153/324
f 1399/155/235 1534/153/324 1401/152/236
f 1332/152/172 1335/155/175 1535/207/325
f 1332/152/172 1535/207/325 1536/209/326
f 1335/155/175 1340/160/180 1537/208/327
f 1335/155/175 1537/208/327 1535/207/325
f 1538/169/328 1539/168/329 1540/171/330
f 1538/169/328 1540/171/330 1541/170/331
f 1369/189/205 1542/258/328 1483/245/277
f 1369/189/205 1483/245/277 1366/186/202
f 1499/198/292 1543/197/332 1544/195/333
f 1499/198/292 1544/195/333 1500/196/293
f 1543/197/332 1514/182/304 1511/183/301
f 1543/197/332 1511/183/301 1544/195/333
f 1544/195/333 1511/183/301 1510/185/334
f 1544/195/333 1510/185/334 1545/194/335
f 1500/196/293 1544/195/333 1545/194/335
f 1500/196/293 1545/194/335 1503/193/336
f 1546/263/337 1547/264/338 1548/265/339
f 1546/263/337 1548/265/339 1549/266/337
f 1547/264/338 1540/171/330 1550/267/340
f 1547/264/338 1550/267/340 1548/265/339
f 1548/265/339 1550/267/340 1509/262/265
f 1548/265/339 1509/262/265 1551/268/264
f 1549/266/337 1548/265/339 1551/268/264
f 1549/266/337 1551/268/264 1552/269/337
f 1553/270/337 1554/271/337 1555/249/337
f 1553/270/337 1555/249/337 1556/272/337
f 1554/271/337 1546/263/337 1549/266/337
f 1554/271/337 1549/266/337 1555/249/337
f 1555/249/337 1549/266/337 1552/269/337
f 1555/249/337 1552/269/337 1557/273/337
f 1556/272/337 1555/249/337 1557/273/337
f 1556/272/337 1557/273/337 1558/274/337
f 1393/204/230 1559/275/341 1560/276/342
f 1393/204/230 1560/276/342 1561/277/343
f 1559/275/341 1553/270/337 1556/272/337
f 1559/275/341 1556/272/337 1560/276/342
f 1560/276/342 1556/272/337 1558/274/337
f 1560/276/342 1558/274/337 1562/278/344
f 1561/277/343 1560/276/342 1562/278/344
f 1561/277/343 1562/278/344 1521/177/311
f 1563/269/345 1564/268/346 1565/265/347
f 1563/269/345 1565/265/347 1566/266/345
f 1564/268/346 1518/262/308 1567/267/348
f 1564/268/346 1567/267/348 1565/265/347
f 1565/265/347 1567/267/348 1351/171/189
f 1565/265/347 1351/171/189 1568/264/349
f 1566/266/345 1565/265/347 1568/264/349
f 1566/266/345 1568/264/349 1569/263/345
f 1570/274/345 1571/273/345 1572/249/345
f 1570/274/345 1572/249/345 1573/272/345
f 1571/273/345 1563/269/345 1566/266/345
f 1571/273/345 1566/266/345 1572/249/345
f 1572/249/345 1566/266/345 1569/263/345
f 1572/249/345 1569/263/345 1574/271/345
f 1573/272/345 1572/249/345 1574/271/345
f 1573/272/345 1574/271/345 1575/270/345
f 1357/177/195 1576/278/350 1577/276/351
f 1357/177/195 1577/276/351 1578/277/352
f 1576/278/350 1570/274/345 1573/272/345
f 1576/278/350 1573/272/345 1577/276/351
f 1577/276/351 1573/272/345 1575/270/345
f 1577/276/351 1575/270/345 1579/275/353
f 1578/277/352 1577/276/351 1579/275/353
f 1578/277/352 1579/275/353 1580/204/354
f 1499/198/292 1502/256/295 1581/279/355
f 1499/198/292 1581/279/355 1582/280/356
f 1506/259/298 1509/262/265 1550/267/340
f 1506/259/298 1550/267/340 1583/281/357
f 1583/281/357 1550/267/340 1540/171/330
f 1583/281/357 1540/171/330 1539/168/329
f 1582/280/356 1581/279/355 1537/208/327
f 1582/280/356 1537/208/327 1340/160/180
f 1521/177/311 1524/178/314 1584/282/358
f 1521/177/311 1584/282/358 1561/277/343
f 1528/256/318 1387/198/224 1585/280/359
f 1528/256/318 1585/280/359 1586/279/360
f 1586/279/360 1585/280/359 1398/160/234
f 1586/279/360 1398/160/234 1397/208/233
f 1561/277/343 1584/282/358 1394/205/231
f 1561/277/343 1394/205/231 1393/204/230
f 1580/204/354 1587/205/361 1588/282/362
f 1580/204/354 1588/282/362 1578/277/352
f 1589/162/363 1531/158/321 1590/283/364
f 1589/162/363 1590/283/364 1591/284/365
f 1591/284/365 1590/283/364 1362/182/198
f 1591/284/365 1362/182/198 1361/181/197
f 1578/277/352 1588/282/362 1358/178/196
f 1578/277/352 1358/178/196 1357/177/195
f 1531/158/321 1529/159/319 1592/249/366
f 1531/158/321 1592/249/366 1590/283/364
f 1529/159/319 1398/160/234 1585/280/359
f 1529/159/319 1585/280/359 1592/249/366
f 1592/249/366 1585/280/359 1387/198/224
f 1592/249/366 1387/198/224 1386/197/223
f 1590/283/364 1592/249/366 1386/197/223
f 1590/283/364 1386/197/223 1362/182/198
f 1514/182/304 1543/197/332 1593/249/367
f 1514/182/304 1593/249/367 1594/283/368
f 1543/197/332 1499/198/292 1582/280/356
f 1543/197/332 1582/280/356 1593/249/367
f 1593/249/367 1582/280/356 1340/160/180
f 1593/249/367 1340/160/180 1339/159/179
f 1594/283/368 1593/249/367 1339/159/179
f 1594/283/368 1339/159/179 1338/158/178
f 1338/158/178 1342/162/182 1595/284/369
f 1338/158/178 1595/284/369 1594/283/368
f 1348/168/187 1351/171/189 1567/267/348
f 1348/168/187 1567/267/348 1596/281/370
f 1596/281/370 1567/267/348 1518/262/308
f 1596/281/370 1518/262/308 1517/259/307
f 1594/283/368 1595/284/369 1515/181/305
f 1594/283/368 1515/181/305 1514/182/304
f 1580/204/354 1597/203/371 1598/206/372
f 1580/204/354 1598/206/372 1587/205/361
f 1410/173/244 1409/172/243 1480/175/274
f 1410/173/244 1480/175/274 1599/174/372
f 1600/161/373 1601/163/374 1533/156/323
f 1600/161/373 1533/156/323 1532/157/322
f 1589/162/363 1600/161/373 1532/157/322
f 1589/162/363 1532/157/322 1531/158/321
# Vertices: 270, normals: 203, texture coordinates: 133, faces: 368

