# File generated by ImageToStl.com - Free Image and 3D model conversion tools

mtllib wardrobe2.mtl

o obj1
v -3.87742975 -0.58539412 -2.29629352
v -3.87742975 -0.58539446 -3.4160876
v -4.73433463 -0.58539446 -3.4160876
v -4.73433463 -0.58539412 -2.29629352
v -3.87742975 0.45854671 -3.41608792
v -3.87742975 0.4585474 -1.12799883
v -3.87742975 0.38547159 -1.12799881
v -3.87742975 0.3854709 -3.41608789
v -3.87742975 1.50248776 -3.41608823
v -4.73433463 1.50248776 -3.41608823
v -4.73433463 1.50248846 -1.12799915
v -3.87742975 1.50248846 -1.12799915
v -3.87742975 -1.09535973 -3.41608744
v -3.87742975 -0.65847038 -3.41608758
v -4.73433463 -0.65847038 -3.41608758
v -4.73433463 -1.09535973 -3.41608744
v -3.87742975 -0.13649939 -2.24779151
v -3.87742975 -0.13649905 -1.12799865
v -4.73433463 -0.13649905 -1.12799865
v -4.73433463 -0.13649939 -2.24779151
v -3.87742975 1.42941265 -1.12799913
v -3.87742975 0.98051793 -1.12799899
v -4.73433463 0.98051793 -1.12799899
v -4.73433463 1.42941265 -1.12799913
v -3.87742975 1.95138318 -1.12799929
v -4.73433463 1.95138318 -1.12799929
v -4.73433463 1.95138249 -3.41608837
v -3.87742975 1.95138249 -3.41608837
v -3.87742975 -0.58539411 -2.24779137
v -3.87742975 -0.1364994 -2.29629366
v -3.87742975 2.5098909 -3.4845972
v -3.87742975 -1.14390303 -3.48459609
v -4.75675604 -1.14390303 -3.48459609
v -4.75675604 2.5098909 -3.4845972
v -3.87742975 0.98051723 -3.41608807
v -3.87742975 0.90744212 -1.12799897
v -3.87742975 0.90744143 -3.41608805
v -3.87742975 1.42941196 -3.41608821
v -3.87742975 2.02445829 -3.41608839
v -3.87742975 2.02445899 -1.12799931
v -4.73433463 0.90744212 -1.12799897
v -4.73433463 0.90744143 -3.41608805
v -4.73433463 2.02445829 -3.41608839
v -4.73433463 2.4613475 -3.41608852
v -4.73433463 2.4613482 -1.12799951
v -4.73433463 2.02445899 -1.12799931
v -4.75675604 -1.14390303 -3.48459609
v -3.87742975 -1.14390229 -1.05948846
v -4.75675604 -1.14390229 -1.05948846
v -4.75675604 -1.14390229 -1.05948846
v -4.75675604 2.50989163 -1.05948956
v -4.73433463 0.98051723 -3.41608807
v -3.87742975 -0.65847003 -2.24779135
v -3.87742975 -0.65846969 -1.12799849
v -4.73433463 -0.65846969 -1.12799849
v -4.73433463 -0.65847003 -2.24779135
v -4.73433463 1.42941196 -3.41608821
v -3.87742975 2.50989092 -3.41608854
v -3.87742975 2.50989161 -1.12799945
v -3.87742975 2.4613482 -1.12799951
v -3.87742975 2.4613475 -3.41608852
v -3.87742975 -1.09535938 -2.24779121
v -4.73433463 -1.09535938 -2.24779121
v -4.73433463 0.45854671 -3.41608792
v -4.73433463 0.4585474 -1.12799883
v -4.73433463 -0.13649974 -3.41608774
v -4.73433463 -0.1364994 -2.29629366
v -4.73433463 0.38547159 -1.12799881
v -4.73433463 -0.06342324 -1.12799867
v -4.73433463 -0.06342393 -3.41608776
v -4.73433463 0.3854709 -3.41608789
v -4.73433463 -0.65847004 -2.2962935
v -4.73433463 -1.09535939 -2.29629336
v -4.73433463 -0.58539411 -2.24779137
v -4.73433463 -0.58539377 -1.12799852
v -4.73433463 -1.09535904 -1.12799836
v -3.87742975 -1.09535904 -1.12799836
v -3.87742975 -0.06342324 -1.12799867
v -3.87742975 -0.06342393 -3.41608776
v -3.87742975 -0.65847004 -2.2962935
v -3.87742975 -0.13649974 -3.41608774
v -3.87742975 -1.09535939 -2.29629336
v -3.87742975 -0.58539377 -1.12799852
v -3.87742975 2.50989163 -1.05948956
v -4.75675604 2.50989163 -1.05948956
v -4.75675604 -1.14390229 -1.05948846
v -4.75675604 2.5098909 -3.4845972
v -4.75675604 2.50989163 -1.05948956
vn 0 0 1
vn 1 0 0
vn 0 -1 0
vn 0 0 -1
vn 0 1 0
vn -1 0 0
vn 1 0 -0.0001
vt 0.72711 0.50945
vt 0.72711 0.51049
vt 0.72831 0.51049
vt 0.72831 0.50834
vt 0.72823 0.50834
vt 0.72823 0.51049
vt 0.72952 0.51049
vt 0.72952 0.50834
vt 0.72652 0.51049
vt 0.72702 0.51049
vt 0.72763 0.50937
vt 0.72763 0.50834
vt 0.72943 0.50834
vt 0.72891 0.50834
vt 0.73003 0.50834
vt 0.73003 0.51049
vt 0.72711 0.50937
vt 0.72763 0.50945
vt 0.73068 0.51152
vt 0.72646 0.51152
vt 0.72646 0.51573
vt 0.73068 0.51573
vt 0.72891 0.51049
vt 0.72883 0.50834
vt 0.72883 0.51049
vt 0.72943 0.51049
vt 0.73012 0.51049
vt 0.73012 0.50834
vt 0.73062 0.51049
vt 0.73062 0.50834
vt 0.72225 0.51152
vt 0.72646 0.5073
vt 0.72225 0.5073
vt 0.72646 0.51995
vt 0.73068 0.51995
vt 0.72702 0.50937
vt 0.72702 0.50834
vt 0.73068 0.51049
vt 0.73068 0.50834
vt 0.72652 0.50937
vt 0.72763 0.51049
vt 0.72771 0.50834
vt 0.72771 0.51049
vt 0.72702 0.50945
vt 0.72652 0.50945
vt 0.72711 0.50834
vt 0.72652 0.50834
vt 0.73068 0.5073
vt 0.73068 0.50309
vt 0.72646 0.50309
vt 0.73489 0.51152
vt 0.73489 0.5073
usemtl mat0
f 1/1/1 2/2/1 3/2/1
f 1/1/1 3/2/1 4/1/1
f 5/3/2 6/4/2 7/5/2
f 5/3/2 7/5/2 8/6/2
f 9/7/1 10/7/1 11/8/1
f 9/7/1 11/8/1 12/8/1
f 13/9/3 14/10/3 15/10/3
f 13/9/3 15/10/3 16/9/3
f 17/11/4 18/12/4 19/12/4
f 17/11/4 19/12/4 20/11/4
f 21/13/5 22/14/5 23/14/5
f 21/13/5 23/14/5 24/13/5
f 25/15/4 26/15/4 27/16/4
f 25/15/4 27/16/4 28/16/4
f 17/11/2 29/17/2 1/1/2
f 17/11/2 1/1/2 30/18/2
f 31/19/5 32/20/5 33/21/5
f 31/19/5 33/21/5 34/22/5
f 35/23/2 22/14/2 36/24/2
f 35/23/2 36/24/2 37/25/2
f 9/7/2 12/8/2 21/13/2
f 9/7/2 21/13/2 38/26/2
f 39/27/2 40/28/2 25/15/2
f 39/27/2 25/15/2 28/16/2
f 36/24/4 41/24/4 42/25/4
f 36/24/4 42/25/4 37/25/4
f 43/27/2 44/29/2 45/30/2
f 43/27/2 45/30/2 46/28/2
f 47/31/4 32/20/4 48/32/4
f 47/31/4 48/32/4 49/33/4
f 34/22/6 33/21/6 50/34/6
f 34/22/6 50/34/6 51/35/6
f 35/23/1 52/23/1 23/14/1
f 35/23/1 23/14/1 22/14/1
f 25/15/5 12/8/5 11/8/5
f 25/15/5 11/8/5 26/15/5
f 53/36/4 54/37/4 55/37/4
f 53/36/4 55/37/4 56/36/4
f 21/13/4 24/13/4 57/26/4
f 21/13/4 57/26/4 38/26/4
f 35/23/3 38/26/3 57/26/3
f 35/23/3 57/26/3 52/23/3
f 58/38/2 59/39/2 60/30/2
f 58/38/2 60/30/2 61/29/2
f 62/40/3 53/36/3 56/36/3
f 62/40/3 56/36/3 63/40/3
f 24/13/2 23/14/2 52/23/2
f 24/13/2 52/23/2 57/26/2
f 5/3/1 64/3/1 65/4/1
f 5/3/1 65/4/1 6/4/1
f 3/2/2 66/41/2 67/18/2
f 3/2/2 67/18/2 4/1/2
f 68/5/2 69/42/2 70/43/2
f 68/5/2 70/43/2 71/6/2
f 41/24/2 65/4/2 64/3/2
f 41/24/2 64/3/2 42/25/2
f 16/9/2 15/10/2 72/44/2
f 16/9/2 72/44/2 73/45/2
f 74/17/2 20/11/2 19/12/2
f 74/17/2 19/12/2 75/46/2
f 63/40/2 56/36/2 55/37/2
f 63/40/2 55/37/2 76/47/2
f 26/15/2 11/8/2 10/7/2
f 26/15/2 10/7/2 27/16/2
f 54/37/5 77/47/5 76/47/5
f 54/37/5 76/47/5 55/37/5
f 78/42/1 79/43/1 70/43/1
f 78/42/1 70/43/1 69/42/1
f 39/27/3 61/29/3 44/29/3
f 39/27/3 44/29/3 43/27/3
f 77/47/1 62/40/1 63/40/1
f 77/47/1 63/40/1 76/47/1
f 39/27/1 43/27/1 46/28/1
f 39/27/1 46/28/1 40/28/1
f 14/10/4 80/44/4 72/44/4
f 14/10/4 72/44/4 15/10/4
f 61/29/4 60/30/4 45/30/4
f 61/29/4 45/30/4 44/29/4
f 5/3/3 37/25/3 42/25/3
f 5/3/3 42/25/3 64/3/3
f 29/17/3 17/11/3 20/11/3
f 29/17/3 20/11/3 74/17/3
f 81/41/4 30/18/4 67/18/4
f 81/41/4 67/18/4 66/41/4
f 82/45/1 13/9/1 16/9/1
f 82/45/1 16/9/1 73/45/1
f 2/2/3 81/41/3 66/41/3
f 2/2/3 66/41/3 3/2/3
f 8/6/4 7/5/4 68/5/4
f 8/6/4 68/5/4 71/6/4
f 83/46/1 29/17/1 74/17/1
f 83/46/1 74/17/1 75/46/1
f 30/18/5 1/1/5 4/1/5
f 30/18/5 4/1/5 67/18/5
f 7/5/5 78/42/5 69/42/5
f 7/5/5 69/42/5 68/5/5
f 79/43/3 8/6/3 71/6/3
f 79/43/3 71/6/3 70/43/3
f 60/30/5 40/28/5 46/28/5
f 60/30/5 46/28/5 45/30/5
f 80/44/5 82/45/5 73/45/5
f 80/44/5 73/45/5 72/44/5
f 36/24/5 6/4/5 65/4/5
f 36/24/5 65/4/5 41/24/5
f 9/7/3 28/16/3 27/16/3
f 9/7/3 27/16/3 10/7/3
f 18/12/5 83/46/5 75/46/5
f 18/12/5 75/46/5 19/12/5
f 84/48/3 85/49/3 86/50/3
f 84/48/3 86/50/3 48/32/3
f 48/32/2 77/47/2 84/48/2
f 77/47/2 48/32/2 32/20/2
f 77/47/2 32/20/2 62/40/2
f 62/40/7 32/20/7 82/45/7
f 62/40/2 82/45/2 53/36/2
f 82/45/2 32/20/2 13/9/2
f 13/9/2 32/20/2 14/10/2
f 14/10/2 32/20/2 2/2/2
f 2/2/2 32/20/2 81/41/2
f 81/41/2 32/20/2 79/43/2
f 79/43/2 32/20/2 8/6/2
f 8/6/2 32/20/2 5/3/2
f 5/3/2 32/20/2 37/25/2
f 37/25/2 32/20/2 35/23/2
f 35/23/2 32/20/2 38/26/2
f 38/26/2 32/20/2 9/7/2
f 9/7/2 32/20/2 28/16/2
f 28/16/2 32/20/2 39/27/2
f 39/27/2 32/20/2 61/29/2
f 61/29/2 32/20/2 58/38/2
f 58/38/2 32/20/2 31/19/2
f 80/44/2 53/36/2 82/45/2
f 77/47/2 59/39/2 84/48/2
f 59/39/2 40/28/2 60/30/2
f 84/48/1 87/51/1 88/52/1
f 87/51/1 84/48/1 31/19/1
f 53/36/2 83/46/2 54/37/2
f 83/46/2 53/36/2 29/17/2
f 29/17/2 53/36/2 1/1/2
f 1/1/2 53/36/2 80/44/2
f 1/1/2 80/44/2 2/2/2
f 2/2/2 80/44/2 14/10/2
f 17/11/2 78/42/2 18/12/2
f 78/42/2 17/11/2 79/43/2
f 79/43/2 17/11/2 30/18/2
f 79/43/2 30/18/2 81/41/2
# Vertices: 88, normals: 7, texture coordinates: 52, faces: 146

o obj2
v -4.65270226 0.51567258 -2.504207
v -4.65624349 0.51960579 -2.5144057
v -4.65282956 0.51480624 -2.78836801
v -4.64907548 0.5156725 -2.78836801
v -4.66253784 0.5272083 -2.57189181
v -4.66189021 0.5244176 -2.78836801
v -4.66253788 0.52720817 -3.00484421
v -4.65624349 0.51960563 -3.06233036
v -4.65270226 0.51567241 -3.07252901
v -3.95347595 0.51567233 -3.21460949
v -3.95058724 0.54408794 -3.20006505
v -3.90187001 0.5323209 -3.18278544
v -3.90521954 0.51567235 -3.19684942
v -3.95058724 0.54408794 -3.20006505
v -3.94577267 0.56509082 -3.07812138
v -3.89630341 0.54518053 -3.065546
v -3.90187001 0.5323209 -3.18278544
v -3.89678025 0.52720817 -3.00484418
v -3.90307473 0.51960563 -3.06233031
v -3.90521954 0.51567235 -3.19684942
v -3.90661598 0.51567241 -3.07252899
v -3.90648887 0.51480624 -2.788368
v -3.91024299 0.5156725 -2.788368
v -3.89742802 0.5244176 -2.78836801
v -3.89678025 0.5272083 -2.57189181
v -3.90307478 0.51960579 -2.51440565
v -3.90661601 0.51567258 -2.504207
v -4.60584146 0.51567259 -2.36212652
v -4.6087302 0.54408819 -2.37667097
v -4.6574477 0.53232114 -2.39395058
v -4.65409823 0.5156726 -2.37988659
v -4.6087302 0.54408819 -2.37667097
v -4.61354474 0.56509099 -2.49861466
v -4.66301427 0.5451807 -2.51119003
v -4.6574477 0.53232114 -2.39395058
v -4.65409823 0.5156726 -2.37988659
v -3.94577264 0.46625391 -3.07812135
v -3.89630341 0.48616424 -3.06554598
v -3.89434065 0.48225084 -2.78836799
v -3.94384686 0.45884122 -2.78836799
v -3.89678025 0.50413667 -3.00484419
v -3.89742802 0.50692737 -2.78836801
v -3.89678025 0.5041368 -2.57189182
v -3.89630341 0.48616441 -2.51119004
v -3.94577267 0.46625408 -2.49861463
v -4.61354472 0.56509082 -3.07812138
v -4.66301427 0.54518053 -3.065546
v -4.66497703 0.54909409 -2.78836801
v -4.61547051 0.57250368 -2.78836802
v -4.61354472 0.46625408 -2.49861463
v -4.60873017 0.48725696 -2.37667093
v -4.6574477 0.49902404 -2.39395054
v -4.66301432 0.48616441 -2.51119004
v -4.60873017 0.48725696 -2.37667093
v -4.6574477 0.49902404 -2.39395054
v -4.65624349 0.51173936 -2.5144057
v -4.66253784 0.5041368 -2.57189183
v -3.90307473 0.51173919 -3.06233033
v -3.9064889 0.51653876 -2.788368
v -3.90307475 0.51173936 -2.51440565
v -3.95058719 0.48725672 -3.20006506
v -3.90187001 0.4990238 -3.18278543
v -3.95058719 0.48725672 -3.20006506
v -3.90187001 0.4990238 -3.18278543
v -4.65282953 0.51653876 -2.78836801
v -4.66189021 0.50692737 -2.788368
v -4.65624347 0.51173919 -3.06233036
v -4.66253788 0.50413667 -3.00484421
v -4.65744765 0.4990238 -3.18278543
v -4.66301427 0.48616424 -3.06554595
v -4.65409819 0.51567235 -3.19684944
v -4.65744765 0.4990238 -3.18278543
v -4.65409819 0.51567235 -3.19684944
v -4.60584146 0.51567233 -3.21460949
v -4.60873015 0.48725672 -3.20006506
v -4.60873015 0.48725672 -3.20006506
v -4.61354472 0.4662539 -3.07812135
v -4.61354472 0.4662539 -3.07812135
v -4.60873015 0.48725672 -3.20006506
v -4.47107035 0.48542009 -3.20006506
v -4.47387082 0.46305978 -3.07812135
v -4.46939003 0.51567232 -3.21460949
v -4.47107035 0.48542009 -3.20006506
v -4.27965899 0.51567232 -3.21460949
v -4.27965899 0.48711803 -3.20006506
v -4.27965899 0.48711803 -3.20006506
v -4.27965899 0.46601272 -3.07812135
v -4.08824734 0.48542009 -3.20006506
v -4.08544686 0.46305978 -3.07812135
v -4.08992764 0.51567232 -3.21460949
v -4.08824734 0.48542009 -3.20006506
v -3.95058719 0.48725672 -3.20006506
v -3.94577264 0.46625391 -3.07812135
v -3.90187003 0.49902404 -2.39395057
v -3.90521954 0.5156726 -2.37988657
v -3.90187003 0.49902404 -2.39395057
v -3.90521954 0.5156726 -2.37988657
v -3.95347595 0.51567259 -2.36212652
v -3.95058724 0.48725696 -2.37667093
v -3.95058724 0.48725696 -2.37667093
v -3.94577267 0.46625408 -2.49861463
v -3.95058724 0.48725696 -2.37667093
v -4.08824736 0.48542034 -2.37667093
v -4.08544686 0.46305996 -2.49861463
v -4.08992764 0.51567258 -2.36212652
v -4.08824736 0.48542034 -2.37667093
v -4.27965899 0.51567258 -2.36212652
v -4.27965899 0.48711828 -2.37667093
v -4.27965899 0.48711828 -2.37667093
v -4.27965898 0.4660129 -2.49861463
v -4.47107035 0.48542034 -2.37667093
v -4.47387082 0.46305996 -2.49861463
v -4.46939006 0.51567258 -2.36212652
v -4.47107035 0.48542034 -2.37667093
v -4.60873017 0.48725696 -2.37667093
v -4.61354472 0.46625408 -2.49861463
v -3.89434061 0.54909409 -2.78836801
v -3.94384683 0.57250367 -2.78836802
v -3.94577267 0.56509099 -2.49861466
v -3.89630341 0.5451807 -2.51119003
v -3.94577267 0.56509082 -3.07812138
v -4.08544686 0.56828493 -3.07812138
v -4.08432667 0.57617691 -2.78836803
v -3.94384683 0.57250367 -2.78836802
v -4.27965898 0.565332 -3.07812138
v -4.27965898 0.57278103 -2.78836802
v -4.27965898 0.56533217 -2.49861466
v -4.08544686 0.56828511 -2.49861466
v -3.94577267 0.56509099 -2.49861466
v -4.47387084 0.56828493 -3.07812138
v -4.47499101 0.57617691 -2.78836802
v -4.61354472 0.56509082 -3.07812138
v -4.61547051 0.57250368 -2.78836802
v -4.61354474 0.56509099 -2.49861466
v -4.47387082 0.56828511 -2.49861466
v -4.66497707 0.48225084 -2.78836799
v -4.61547051 0.45884122 -2.78836799
v -4.47499101 0.45516798 -2.78836798
v -4.61547051 0.45884122 -2.78836799
v -4.27965898 0.45856385 -2.78836799
v -4.08432667 0.45516798 -2.78836798
v -3.94384686 0.45884122 -2.78836799
v -3.90187005 0.53232114 -2.39395058
v -3.95058721 0.54408819 -2.37667094
v -3.90187005 0.53232114 -2.39395058
v -3.95058721 0.54408819 -2.37667094
v -4.08824734 0.54592481 -2.37667094
v -3.95058721 0.54408819 -2.37667094
v -4.08824734 0.54592481 -2.37667094
v -4.27965899 0.54422687 -2.37667094
v -4.27965899 0.54422687 -2.37667094
v -4.47107035 0.54592481 -2.37667094
v -4.47107035 0.54592481 -2.37667094
v -4.6087302 0.54408819 -2.37667097
v -4.6574477 0.5323209 -3.18278544
v -4.6087302 0.54408794 -3.20006508
v -4.6574477 0.5323209 -3.18278544
v -4.6087302 0.54408794 -3.20006508
v -4.47107035 0.54592456 -3.20006508
v -4.6087302 0.54408794 -3.20006508
v -4.47107035 0.54592456 -3.20006508
v -4.27965899 0.54422662 -3.20006508
v -4.27965899 0.54422662 -3.20006508
v -4.08824734 0.54592456 -3.20006508
v -4.08824734 0.54592456 -3.20006508
v -3.95058724 0.54408794 -3.20006505
vn -0.87298 -0.0077 -0.48769
vn -0.87302 -0.0078 -0.48761
vn -0.87303 -0.0077 -0.48761
vn -0.97912 -0.006 -0.2032
vn -0.9791 -0.0059 -0.2033
vn -0.9791 -0.006 -0.2033
vn -0.97912 0.006 -0.2032
vn -0.9791 0.006 -0.2033
vn -0.87298 0.0077 -0.48769
vn -0.87302 0.0078 -0.48761
vn 0.34691 0.93144 0.1099
vn 0.34692 0.93145 0.10981
vn 0.77778 0.38309 0.49829
vn 0.99709 0.0419 -0.0637
vn 0.99708 0.042 -0.0638
vn 0.99697 0.0074 -0.0775
vn 0.99697 0.0073 -0.0775
vn 0.87298 0.0077 -0.48769
vn 0.87298 0.0078 -0.48769
vn 0.87303 0.0077 -0.48761
vn 0.97912 0.006 -0.2032
vn 0.9791 0.006 -0.2033
vn 0.97912 -0.006 -0.2032
vn 0.9791 -0.006 -0.2033
vn 0.87298 -0.0077 -0.48769
vn 0.87302 -0.0078 -0.48761
vn -0.34688 -0.93145 0.10989
vn -0.34692 -0.93145 0.10981
vn -0.34691 -0.93144 0.1099
vn -0.77778 -0.38309 0.49829
vn -0.99708 -0.042 -0.0638
vn -0.99709 -0.0419 -0.0637
vn -0.99709 -0.042 -0.0637
vn -0.99697 -0.0074 -0.0775
vn -0.99697 -0.0074 -0.0774
vn 0.87909 0.0531 -0.47369
vn 0.87913 0.0531 -0.47362
vn 0.99978 0.0028 0.0207
vn 0.99978 0.0028 0.0206
vn 0.99978 0.0029 0.0207
vn 0.99978 -0.0028 0.0207
vn 0.99978 -0.0029 0.0207
vn 0.87913 -0.0531 -0.47362
vn 0.87909 -0.0531 -0.47369
vn -0.87909 0.0531 0.47369
vn -0.87913 0.0531 0.47362
vn -0.99978 0.0028 -0.0206
vn -0.99978 0.0029 -0.0207
vn -0.99978 -0.0028 -0.0207
vn -0.99978 -0.0029 -0.0207
vn -0.87913 -0.0531 0.47362
vn -0.87909 -0.0531 0.47369
vn -0.77778 -0.38309 -0.49829
vn -0.34691 -0.93144 -0.1099
vn -0.34688 -0.93145 -0.10989
vn -0.99697 -0.0074 0.0774
vn -0.99697 -0.0073 0.0774
vn -0.99697 -0.0074 0.0775
vn -0.99709 -0.042 0.0637
vn -0.99709 -0.0419 0.0637
vn 0.9791 0.006 0.2033
vn 0.97912 0.006 0.2032
vn 0.87298 0.0077 0.48769
vn 0.87303 0.0077 0.48761
vn 0.87302 0.0078 0.48761
vn 0.87298 -0.0078 0.48769
vn 0.87303 -0.0077 0.48761
vn 0.87298 -0.0077 0.48769
vn 0.97912 -0.006 0.2032
vn 0.9791 -0.006 0.2033
vn 0.77778 0.38309 -0.49829
vn 0.34691 0.93144 -0.1099
vn 0.34688 0.93145 -0.10989
vn 0.99697 0.0073 0.0774
vn 0.99697 0.0074 0.0775
vn 0.99708 0.042 0.0638
vn 0.99709 0.0419 0.0637
vn 0.99709 0.042 0.0637
vn -0.9791 -0.006 0.2033
vn -0.97912 -0.006 0.2032
vn -0.97912 -0.0059 0.2032
vn -0.87298 -0.0077 0.48769
vn -0.87302 -0.0078 0.48761
vn -0.87302 0.0078 0.48761
vn -0.87303 0.0077 0.48761
vn -0.87298 0.0077 0.48769
vn -0.97912 0.006 0.2032
vn -0.9791 0.006 0.2033
vn -0.99709 0.042 0.0637
vn -0.99708 0.042 0.0638
vn -0.99709 0.0419 0.0637
vn -0.99697 0.0074 0.0775
vn -0.34691 0.93144 -0.1099
vn -0.34692 0.93145 -0.10981
vn -0.77778 0.38309 -0.49829
vn -0.0575 0.65513 -0.75333
vn -0.0576 0.65518 -0.75328
vn -0.0576 0.65528 -0.75318
vn -0.0576 0.65523 -0.75323
vn -0.0026 0.99485 -0.10131
vn -0.0029 0.99487 -0.1011
vn -0.003 0.99489 -0.1009
vn -0.0028 0.99487 -0.1011
vn 0.0019 0.99489 -0.1009
vn 0.0019 0.99488 -0.101
vn 0.0383 0.65519 -0.75449
vn -0.0383 0.65519 -0.75449
vn -0.0384 0.65519 -0.75449
vn -0.0019 0.99488 -0.101
vn -0.0019 0.99489 -0.1009
vn 0.0027 0.99489 -0.1009
vn 0.0028 0.99487 -0.1011
vn 0.0031 0.99485 -0.10131
vn 0.0029 0.99487 -0.1011
vn 0.0576 0.65518 -0.75328
vn 0.99709 -0.0419 0.0637
vn 0.99697 -0.0074 0.0775
vn 0.99697 -0.0073 0.0775
vn 0.34691 -0.93144 -0.1099
vn 0.34688 -0.93145 -0.10989
vn 0.34692 -0.93145 -0.10981
vn 0.77778 -0.38309 -0.49829
vn 0.0575 -0.65513 -0.75333
vn 0.0575 -0.65518 -0.75328
vn 0.0574 -0.65508 -0.75338
vn 0.0576 -0.65518 -0.75328
vn 0.0029 -0.99487 -0.1011
vn 0.003 -0.99489 -0.1009
vn 0.0028 -0.99487 -0.1011
vn -0.0018 -0.99491 -0.1008
vn -0.0019 -0.99489 -0.1009
vn -0.0019 -0.99488 -0.101
vn -0.0383 -0.65519 -0.75449
vn 0.0383 -0.65519 -0.75449
vn 0.0384 -0.65519 -0.75449
vn 0.0018 -0.99489 -0.101
vn 0.0019 -0.99488 -0.101
vn 0.002 -0.9949 -0.1008
vn 0.0019 -0.99489 -0.1009
vn -0.0027 -0.99489 -0.1009
vn -0.0028 -0.99487 -0.1011
vn -0.0031 -0.99485 -0.10131
vn -0.0029 -0.99487 -0.1011
vn -0.0576 -0.65518 -0.75328
vn 0.99978 0.0028 -0.0207
vn 0.99978 0.0029 -0.0207
vn 0.87909 0.0531 0.47369
vn 0.87913 0.0531 0.47362
vn 0.87913 -0.0531 0.47362
vn 0.87909 -0.0531 0.47369
vn 0.99978 -0.0029 -0.0207
vn 0.99978 -0.0028 -0.0207
vn 0.99978 -0.0028 -0.0206
vn 0.1019 0.1277 0.98657
vn -0.0677 0.1274 0.98954
vn -0.0679 0.1276 0.9895
vn -0.068 0.1276 0.98949
vn -0.068 -0.1276 0.98949
vn -0.0679 -0.1276 0.9895
vn 0.1019 -0.1277 0.98657
vn 0.0679 0.1276 0.9895
vn 0.068 0.1276 0.98949
vn -0.1019 0.1277 0.98657
vn -0.1019 -0.1277 0.98657
vn 0.068 -0.1276 0.98949
vn 0.0679 -0.1275 0.98951
vn 0.0679 -0.1276 0.9895
vn -0.99978 0.0028 0.0207
vn -0.99978 0.0029 0.0207
vn -0.87909 0.0531 -0.47369
vn -0.87913 0.0531 -0.47362
vn -0.87913 -0.0531 -0.47362
vn -0.87909 -0.0531 -0.47369
vn -0.99978 -0.0029 0.0207
vn -0.99978 -0.0028 0.0207
vn -0.99978 -0.0028 0.0206
vn -0.1019 0.1277 -0.98657
vn 0.0678 0.1275 -0.98952
vn 0.0679 0.1276 -0.9895
vn 0.0679 -0.1276 -0.9895
vn 0.068 -0.1276 -0.98949
vn -0.1019 -0.1277 -0.98657
vn -0.0679 0.1276 -0.9895
vn 0.1019 0.1277 -0.98657
vn 0.1019 -0.1277 -0.98657
vn -0.0679 -0.1276 -0.9895
vn -0.0679 -0.1275 -0.98951
vn 0.99697 -0.0074 -0.0775
vn 0.99697 -0.0073 -0.0774
vn 0.99709 -0.042 -0.0637
vn 0.99708 -0.042 -0.0638
vn 0.99709 -0.0419 -0.0637
vn 0.77778 -0.38309 0.49829
vn 0.34688 -0.93145 0.10989
vn 0.34691 -0.93144 0.1099
vn 0.0031 -0.99485 0.10131
vn 0.0029 -0.99487 0.1011
vn 0.0029 -0.99486 0.1012
vn 0.0028 -0.99487 0.1011
vn 0.0576 -0.65518 0.75328
vn -0.0384 -0.65519 0.75449
vn -0.0383 -0.65519 0.75449
vn -0.0019 -0.99489 0.1009
vn -0.0019 -0.99488 0.101
vn 0.0019 -0.99488 0.101
vn 0.0018 -0.99491 0.1008
vn 0.0019 -0.99489 0.1009
vn 0.0383 -0.65519 0.75449
vn -0.0574 -0.65508 0.75338
vn -0.0576 -0.65518 0.75328
vn -0.0575 -0.65513 0.75333
vn -0.0575 -0.65518 0.75328
vn -0.003 -0.99489 0.1009
vn -0.0028 -0.99487 0.1011
vn -0.0026 -0.99485 0.10131
vn -0.99697 0.0074 -0.0775
vn -0.99697 0.0074 -0.0774
vn -0.99697 0.0073 -0.0774
vn -0.99709 0.042 -0.0637
vn -0.99709 0.0419 -0.0637
vn -0.77778 0.38309 0.49829
vn -0.34688 0.93145 0.10989
vn -0.34691 0.93144 0.1099
vn -0.0031 0.99485 0.10131
vn -0.0029 0.99487 0.1011
vn -0.0027 0.99489 0.1009
vn -0.0028 0.99487 0.1011
vn -0.0576 0.65518 0.75328
vn 0.0384 0.65519 0.75449
vn 0.0383 0.65519 0.75449
vn 0.002 0.9949 0.1008
vn 0.0019 0.99489 0.1009
vn 0.0019 0.99488 0.101
vn -0.0019 0.99489 0.1009
vn -0.0019 0.99488 0.101
vn -0.0383 0.65519 0.75449
vn 0.0574 0.65508 0.75338
vn 0.0576 0.65518 0.75328
vn 0.0575 0.65513 0.75333
vn 0.0575 0.65518 0.75328
vn 0.003 0.99489 0.1009
vn 0.0029 0.99487 0.1011
vn 0.0026 0.99485 0.10131
vt 0.4905 0.5935
vt 0.49074 0.59304
vt 0.49728 0.5936
vt 0.49728 0.5935
vt 0.49211 0.59216
vt 0.49728 0.59248
vt 0.50245 0.59216
vt 0.50382 0.59304
vt 0.50406 0.5935
vt 0.50629 0.5935
vt 0.50637 0.5902
vt 0.50772 0.59157
vt 0.50763 0.5935
vt 0.50711 0.5902
vt 0.5042 0.58777
vt 0.5039 0.59008
vt 0.50669 0.59157
vt 0.50703 0.5935
vt 0.48827 0.5935
vt 0.48819 0.5902
vt 0.48684 0.59157
vt 0.48693 0.5935
vt 0.48745 0.5902
vt 0.49036 0.58777
vt 0.49066 0.59008
vt 0.48786 0.59157
vt 0.48753 0.5935
vt 0.5042 0.59922
vt 0.5039 0.59692
vt 0.49728 0.59737
vt 0.49728 0.60008
vt 0.50245 0.59483
vt 0.49728 0.59451
vt 0.49211 0.59483
vt 0.49066 0.59692
vt 0.49036 0.59922
vt 0.49728 0.58962
vt 0.49728 0.58691
vt 0.48745 0.59679
vt 0.48786 0.59543
vt 0.48819 0.59679
vt 0.48684 0.59543
vt 0.49074 0.59395
vt 0.50382 0.59395
vt 0.49728 0.5934
vt 0.50711 0.59679
vt 0.50669 0.59543
vt 0.50637 0.59679
vt 0.50772 0.59543
vt 0.48805 0.58661
vt 0.48819 0.58371
vt 0.49199 0.58371
vt 0.49191 0.58661
vt 0.49204 0.5935
vt 0.49199 0.597
vt 0.49728 0.59681
vt 0.49728 0.58371
vt 0.49728 0.58661
vt 0.50257 0.58371
vt 0.50265 0.58661
vt 0.50252 0.5935
vt 0.50257 0.597
vt 0.50637 0.58371
vt 0.5065 0.58661
vt 0.5065 0.60038
vt 0.50637 0.60328
vt 0.50257 0.60328
vt 0.50265 0.60038
vt 0.49728 0.60328
vt 0.49728 0.60038
vt 0.49199 0.60328
vt 0.49191 0.60038
vt 0.48819 0.60328
vt 0.48805 0.60038
vt 0.50268 0.5935
vt 0.50656 0.5935
vt 0.49188 0.5935
vt 0.488 0.5935
vt 0.50257 0.58999
vt 0.49728 0.59019
vt 0.49199 0.58999
usemtl mat1
f 89/53/8 90/54/8 91/55/9
f 89/53/8 91/55/9 92/56/10
f 90/54/11 93/57/11 94/58/12
f 90/54/11 94/58/12 91/55/13
f 91/55/14 94/58/15 95/59/15
f 91/55/14 95/59/15 96/60/15
f 92/56/16 91/55/17 96/60/16
f 92/56/16 96/60/16 97/61/16
f 98/62/18 99/63/19 100/64/18
f 98/62/18 100/64/18 101/65/18
f 102/66/20 103/67/20 104/68/20
f 102/66/20 104/68/20 105/69/20
f 105/69/21 104/68/21 106/59/21
f 105/69/21 106/59/21 107/60/22
f 108/70/23 105/69/23 107/60/23
f 108/70/23 107/60/23 109/61/24
f 109/61/25 107/60/25 110/55/26
f 109/61/25 110/55/26 111/56/27
f 107/60/28 106/59/28 112/58/28
f 107/60/28 112/58/28 110/55/29
f 110/55/30 112/58/31 113/57/31
f 110/55/30 113/57/31 114/54/31
f 111/56/32 110/55/33 114/54/32
f 111/56/32 114/54/32 115/53/32
f 116/71/34 117/72/35 118/73/36
f 116/71/34 118/73/36 119/74/36
f 120/75/37 121/76/37 122/77/37
f 120/75/37 122/77/37 123/78/37
f 123/78/38 122/77/39 93/57/39
f 123/78/38 93/57/39 90/54/40
f 124/79/41 123/78/41 90/54/42
f 124/79/41 90/54/42 89/53/41
f 125/80/43 126/81/44 127/82/44
f 125/80/43 127/82/44 128/83/44
f 126/81/45 129/84/46 130/85/47
f 126/81/45 130/85/47 127/82/47
f 127/82/48 130/85/49 131/86/48
f 127/82/48 131/86/48 132/87/49
f 128/83/50 127/82/50 132/87/51
f 128/83/50 132/87/51 133/88/50
f 134/67/52 135/68/52 136/89/53
f 134/67/52 136/89/53 137/90/53
f 135/68/54 95/59/54 94/58/55
f 135/68/54 94/58/55 136/89/55
f 136/89/56 94/58/57 93/57/56
f 136/89/56 93/57/56 122/77/57
f 137/90/58 136/89/58 122/77/59
f 137/90/58 122/77/59 121/76/58
f 138/88/60 139/91/60 140/92/60
f 138/88/60 140/92/60 141/87/60
f 142/93/61 116/71/62 119/74/62
f 142/93/61 119/74/62 143/94/61
f 140/92/63 124/79/64 89/53/65
f 140/92/63 89/53/65 144/95/65
f 141/87/66 140/92/67 144/95/66
f 141/87/66 144/95/66 145/86/66
f 129/84/68 146/96/68 147/97/69
f 129/84/68 147/97/69 130/85/68
f 146/96/70 109/61/71 111/56/70
f 146/96/70 111/56/70 147/97/72
f 147/97/73 111/56/74 115/53/75
f 147/97/73 115/53/75 148/95/74
f 130/85/76 147/97/77 148/95/76
f 130/85/76 148/95/76 131/86/76
f 125/80/78 149/98/78 150/99/78
f 125/80/78 150/99/78 126/81/78
f 151/100/79 98/62/80 101/65/80
f 151/100/79 101/65/80 152/101/79
f 150/99/81 108/70/81 109/61/82
f 150/99/81 109/61/82 146/96/82
f 126/81/83 150/99/84 146/96/85
f 126/81/83 146/96/85 129/84/85
f 145/86/86 144/95/86 153/97/87
f 145/86/86 153/97/87 154/85/88
f 144/95/89 89/53/89 92/56/89
f 144/95/89 92/56/89 153/97/90
f 153/97/91 92/56/92 97/61/93
f 153/97/91 97/61/93 155/96/93
f 154/85/94 153/97/95 155/96/94
f 154/85/94 155/96/94 156/84/94
f 156/84/96 155/96/96 157/99/97
f 156/84/96 157/99/97 158/81/98
f 155/96/99 97/61/99 159/70/99
f 155/96/99 159/70/99 157/99/99
f 160/94/100 161/74/100 162/71/100
f 160/94/100 162/71/100 163/93/101
f 158/81/102 157/99/102 164/98/102
f 158/81/102 164/98/102 165/80/102
f 166/102/103 167/103/104 168/104/105
f 166/102/103 168/104/105 169/105/106
f 163/93/107 162/71/108 170/106/109
f 163/93/107 170/106/109 171/107/110
f 171/107/111 170/106/111 172/56/112
f 171/107/111 172/56/112 173/108/111
f 169/105/113 168/104/113 174/109/113
f 169/105/113 174/109/113 175/110/113
f 175/110/114 174/109/114 176/111/115
f 175/110/114 176/111/115 177/112/114
f 173/108/116 172/56/116 178/113/117
f 173/108/116 178/113/117 179/114/117
f 179/114/118 178/113/119 98/62/120
f 179/114/118 98/62/120 151/100/121
f 177/112/122 176/111/122 180/115/122
f 177/112/122 180/115/122 181/116/122
f 131/86/123 148/95/123 182/92/123
f 131/86/123 182/92/123 132/87/123
f 148/95/124 115/53/125 183/79/124
f 148/95/124 183/79/124 182/92/124
f 184/101/126 185/65/126 186/62/127
f 184/101/126 186/62/127 187/100/128
f 132/87/129 182/92/129 188/91/129
f 132/87/129 188/91/129 133/88/129
f 189/117/130 190/118/131 191/119/132
f 189/117/130 191/119/132 192/120/133
f 187/100/134 186/62/134 193/113/135
f 187/100/134 193/113/135 194/114/136
f 194/114/137 193/113/138 195/56/139
f 194/114/137 195/56/139 196/108/139
f 192/120/140 191/119/140 197/121/140
f 192/120/140 197/121/140 198/122/140
f 198/122/141 197/121/141 199/123/142
f 198/122/141 199/123/142 200/124/141
f 196/108/143 195/56/144 201/106/145
f 196/108/143 201/106/145 202/107/146
f 202/107/147 201/106/148 116/71/149
f 202/107/147 116/71/149 142/93/150
f 200/124/151 199/123/151 203/125/151
f 200/124/151 203/125/151 204/126/151
f 106/59/152 104/68/153 205/89/152
f 106/59/152 205/89/152 112/58/152
f 104/68/154 103/67/155 206/90/155
f 104/68/154 206/90/155 205/89/155
f 205/89/156 206/90/156 207/76/157
f 205/89/156 207/76/157 208/77/156
f 112/58/158 205/89/158 208/77/159
f 112/58/158 208/77/159 113/57/160
f 209/116/161 210/112/161 211/127/161
f 209/116/161 211/127/161 212/128/161
f 210/112/162 213/110/163 214/56/164
f 210/112/162 214/56/164 211/127/164
f 211/127/165 214/56/166 215/122/166
f 211/127/165 215/122/166 216/120/166
f 212/128/167 211/127/167 216/120/167
f 212/128/167 216/120/167 217/117/167
f 213/110/168 218/105/168 219/129/169
f 213/110/168 219/129/169 214/56/169
f 218/105/170 220/102/170 221/130/170
f 218/105/170 221/130/170 219/129/170
f 219/129/171 221/130/171 222/126/171
f 219/129/171 222/126/171 223/124/171
f 214/56/172 219/129/172 223/124/173
f 214/56/172 223/124/173 215/122/174
f 156/84/175 158/81/176 224/82/175
f 156/84/175 224/82/175 154/85/176
f 158/81/177 165/80/178 225/83/178
f 158/81/177 225/83/178 224/82/178
f 224/82/179 225/83/179 138/88/180
f 224/82/179 138/88/180 141/87/180
f 154/85/181 224/82/181 141/87/182
f 154/85/181 141/87/182 145/86/183
f 166/102/184 169/105/184 226/129/184
f 166/102/184 226/129/184 227/130/184
f 169/105/185 175/110/186 228/56/186
f 169/105/185 228/56/186 226/129/186
f 226/129/187 228/56/187 198/122/188
f 226/129/187 198/122/188 200/124/188
f 227/130/189 226/129/189 200/124/189
f 227/130/189 200/124/189 204/126/189
f 175/110/190 177/112/190 229/127/190
f 175/110/190 229/127/190 228/56/190
f 177/112/191 181/116/191 230/128/191
f 177/112/191 230/128/191 229/127/191
f 229/127/192 230/128/192 189/117/192
f 229/127/192 189/117/192 192/120/192
f 228/56/193 229/127/193 192/120/194
f 228/56/193 192/120/194 198/122/193
f 115/53/195 114/54/195 231/78/196
f 115/53/195 231/78/196 183/79/196
f 114/54/197 113/57/197 208/77/198
f 114/54/197 208/77/198 231/78/199
f 231/78/200 208/77/200 207/76/200
f 231/78/200 207/76/200 232/75/200
f 185/65/201 233/64/202 234/63/202
f 185/65/201 234/63/202 186/62/201
f 186/62/203 234/63/204 235/131/205
f 186/62/203 235/131/205 193/113/206
f 236/118/207 217/117/207 216/120/207
f 236/118/207 216/120/207 237/119/207
f 237/119/208 216/120/209 215/122/209
f 237/119/208 215/122/209 238/121/209
f 193/113/210 235/131/210 239/132/211
f 193/113/210 239/132/211 195/56/211
f 195/56/212 239/132/212 240/133/213
f 195/56/212 240/133/213 201/106/214
f 238/121/215 215/122/215 223/124/215
f 238/121/215 223/124/215 241/123/215
f 241/123/216 223/124/217 222/126/218
f 241/123/216 222/126/218 242/125/219
f 201/106/220 240/133/221 117/72/222
f 201/106/220 117/72/222 116/71/221
f 97/61/223 96/60/223 243/69/224
f 97/61/223 243/69/224 159/70/225
f 96/60/226 95/59/226 135/68/226
f 96/60/226 135/68/226 243/69/227
f 243/69/228 135/68/228 134/67/228
f 243/69/228 134/67/228 244/66/228
f 161/74/229 245/73/230 246/72/230
f 161/74/229 246/72/230 162/71/229
f 162/71/231 246/72/232 247/133/233
f 162/71/231 247/133/233 170/106/234
f 248/103/235 220/102/235 218/105/235
f 248/103/235 218/105/235 249/104/235
f 249/104/236 218/105/237 213/110/237
f 249/104/236 213/110/237 250/109/237
f 170/106/238 247/133/239 251/132/240
f 170/106/238 251/132/240 172/56/240
f 172/56/241 251/132/242 252/131/241
f 172/56/241 252/131/241 178/113/241
f 250/109/243 213/110/243 210/112/243
f 250/109/243 210/112/243 253/111/243
f 253/111/244 210/112/245 209/116/246
f 253/111/244 209/116/246 254/115/247
f 178/113/248 252/131/249 99/63/250
f 178/113/248 99/63/250 98/62/249
# Vertices: 166, normals: 243, texture coordinates: 81, faces: 224

o obj3
v -4.65270226 0.51567258 -1.53921948
v -4.65624349 0.51960579 -1.54941819
v -4.65282956 0.51480624 -1.82338049
v -4.64907548 0.5156725 -1.82338049
v -4.66253784 0.5272083 -1.6069043
v -4.66189021 0.5244176 -1.82338049
v -4.66253788 0.52720817 -2.0398567
v -4.65624349 0.51960563 -2.09734284
v -4.65270226 0.51567241 -2.1075415
v -3.95347595 0.51567233 -2.24962197
v -3.95058724 0.54408794 -2.23507754
v -3.90187001 0.5323209 -2.21779792
v -3.90521954 0.51567235 -2.2318619
v -3.95058724 0.54408794 -2.23507754
v -3.94577267 0.56509082 -2.11313386
v -3.89630341 0.54518053 -2.10055848
v -3.90187001 0.5323209 -2.21779792
v -3.89678025 0.52720817 -2.03985666
v -3.90307473 0.51960563 -2.09734279
v -3.90521954 0.51567235 -2.2318619
v -3.90661598 0.51567241 -2.10754147
v -3.90648887 0.51480624 -1.82338049
v -3.91024299 0.5156725 -1.82338049
v -3.89742802 0.5244176 -1.82338049
v -3.89678025 0.5272083 -1.6069043
v -3.90307478 0.51960579 -1.54941814
v -3.90661601 0.51567258 -1.53921948
v -4.60584146 0.51567259 -1.397139
v -4.6087302 0.54408819 -1.41168345
v -4.6574477 0.53232114 -1.42896306
v -4.65409823 0.5156726 -1.41489907
v -4.6087302 0.54408819 -1.41168345
v -4.61354474 0.56509099 -1.53362714
v -4.66301427 0.5451807 -1.54620251
v -4.6574477 0.53232114 -1.42896306
v -4.65409823 0.5156726 -1.41489907
v -3.94577264 0.46625391 -2.11313383
v -3.89630341 0.48616424 -2.10055846
v -3.89434065 0.48225084 -1.82338048
v -3.94384686 0.45884122 -1.82338047
v -3.89678025 0.50413667 -2.03985668
v -3.89742802 0.50692737 -1.82338049
v -3.89678025 0.5041368 -1.6069043
v -3.89630341 0.48616441 -1.54620252
v -3.94577267 0.46625408 -1.53362711
v -4.61354472 0.56509082 -2.11313386
v -4.66301427 0.54518053 -2.10055848
v -4.66497703 0.54909409 -1.8233805
v -4.61547051 0.57250368 -1.82338051
v -4.61354472 0.46625408 -1.53362711
v -4.60873017 0.48725696 -1.41168341
v -4.6574477 0.49902404 -1.42896303
v -4.66301432 0.48616441 -1.54620252
v -4.60873017 0.48725696 -1.41168341
v -4.6574477 0.49902404 -1.42896303
v -4.65624349 0.51173936 -1.54941819
v -4.66253784 0.5041368 -1.60690432
v -3.90307473 0.51173919 -2.09734281
v -3.9064889 0.51653876 -1.82338049
v -3.90307475 0.51173936 -1.54941813
v -3.95058719 0.48725672 -2.23507755
v -3.90187001 0.4990238 -2.21779791
v -3.95058719 0.48725672 -2.23507755
v -3.90187001 0.4990238 -2.21779791
v -4.65282953 0.51653876 -1.82338049
v -4.66189021 0.50692737 -1.82338048
v -4.65624347 0.51173919 -2.09734284
v -4.66253788 0.50413667 -2.03985669
v -4.65744765 0.4990238 -2.21779791
v -4.66301427 0.48616424 -2.10055843
v -4.65409819 0.51567235 -2.23186193
v -4.65744765 0.4990238 -2.21779791
v -4.65409819 0.51567235 -2.23186193
v -4.60584146 0.51567233 -2.24962197
v -4.60873015 0.48725672 -2.23507755
v -4.60873015 0.48725672 -2.23507755
v -4.61354472 0.4662539 -2.11313383
v -4.61354472 0.4662539 -2.11313383
v -4.60873015 0.48725672 -2.23507755
v -4.47107035 0.48542009 -2.23507755
v -4.47387082 0.46305978 -2.11313383
v -4.46939003 0.51567232 -2.24962197
v -4.47107035 0.48542009 -2.23507755
v -4.27965899 0.51567232 -2.24962197
v -4.27965899 0.48711803 -2.23507755
v -4.27965899 0.48711803 -2.23507755
v -4.27965899 0.46601272 -2.11313383
v -4.08824734 0.48542009 -2.23507755
v -4.08544686 0.46305978 -2.11313383
v -4.08992764 0.51567232 -2.24962197
v -4.08824734 0.48542009 -2.23507755
v -3.95058719 0.48725672 -2.23507755
v -3.94577264 0.46625391 -2.11313383
v -3.90187003 0.49902404 -1.42896305
v -3.90521954 0.5156726 -1.41489905
v -3.90187003 0.49902404 -1.42896305
v -3.90521954 0.5156726 -1.41489905
v -3.95347595 0.51567259 -1.397139
v -3.95058724 0.48725696 -1.41168341
v -3.95058724 0.48725696 -1.41168341
v -3.94577267 0.46625408 -1.53362711
v -3.95058724 0.48725696 -1.41168341
v -4.08824736 0.48542034 -1.41168341
v -4.08544686 0.46305996 -1.53362711
v -4.08992764 0.51567258 -1.397139
v -4.08824736 0.48542034 -1.41168341
v -4.27965899 0.51567258 -1.397139
v -4.27965899 0.48711828 -1.41168341
v -4.27965899 0.48711828 -1.41168341
v -4.27965898 0.4660129 -1.53362711
v -4.47107035 0.48542034 -1.41168341
v -4.47387082 0.46305996 -1.53362711
v -4.46939006 0.51567258 -1.397139
v -4.47107035 0.48542034 -1.41168341
v -4.60873017 0.48725696 -1.41168341
v -4.61354472 0.46625408 -1.53362711
v -3.89434061 0.54909409 -1.8233805
v -3.94384683 0.57250367 -1.82338051
v -3.94577267 0.56509099 -1.53362714
v -3.89630341 0.5451807 -1.54620251
v -3.94577267 0.56509082 -2.11313386
v -4.08544686 0.56828493 -2.11313386
v -4.08432667 0.57617691 -1.82338051
v -3.94384683 0.57250367 -1.82338051
v -4.27965898 0.565332 -2.11313386
v -4.27965898 0.57278103 -1.82338051
v -4.27965898 0.56533217 -1.53362714
v -4.08544686 0.56828511 -1.53362714
v -3.94577267 0.56509099 -1.53362714
v -4.47387084 0.56828493 -2.11313386
v -4.47499101 0.57617691 -1.82338051
v -4.61354472 0.56509082 -2.11313386
v -4.61547051 0.57250368 -1.82338051
v -4.61354474 0.56509099 -1.53362714
v -4.47387082 0.56828511 -1.53362714
v -4.66497707 0.48225084 -1.82338048
v -4.61547051 0.45884122 -1.82338047
v -4.47499101 0.45516798 -1.82338047
v -4.61547051 0.45884122 -1.82338047
v -4.27965898 0.45856385 -1.82338047
v -4.08432667 0.45516798 -1.82338047
v -3.94384686 0.45884122 -1.82338047
v -3.90187005 0.53232114 -1.42896306
v -3.95058721 0.54408819 -1.41168343
v -3.90187005 0.53232114 -1.42896306
v -3.95058721 0.54408819 -1.41168343
v -4.08824734 0.54592481 -1.41168343
v -3.95058721 0.54408819 -1.41168343
v -4.08824734 0.54592481 -1.41168343
v -4.27965899 0.54422687 -1.41168343
v -4.27965899 0.54422687 -1.41168343
v -4.47107035 0.54592481 -1.41168343
v -4.47107035 0.54592481 -1.41168343
v -4.6087302 0.54408819 -1.41168345
v -4.6574477 0.5323209 -2.21779792
v -4.6087302 0.54408794 -2.23507756
v -4.6574477 0.5323209 -2.21779792
v -4.6087302 0.54408794 -2.23507756
v -4.47107035 0.54592456 -2.23507757
v -4.6087302 0.54408794 -2.23507756
v -4.47107035 0.54592456 -2.23507757
v -4.27965899 0.54422662 -2.23507756
v -4.27965899 0.54422662 -2.23507756
v -4.08824734 0.54592456 -2.23507757
v -4.08824734 0.54592456 -2.23507757
v -3.95058724 0.54408794 -2.23507754
v -4.65270226 0.61247973 -1.53921951
v -4.65624349 0.61641294 -1.54941822
v -4.65282956 0.61161338 -1.82338052
v -4.64907548 0.61247964 -1.82338052
v -4.66253784 0.62401544 -1.60690433
v -4.66189021 0.62122475 -1.82338052
v -4.66253788 0.62401531 -2.03985673
v -4.65624349 0.61641278 -2.09734287
v -4.65270226 0.61247955 -2.10754152
v -3.95347595 0.61247947 -2.249622
v -3.95058724 0.64089509 -2.23507757
v -3.90187001 0.62912804 -2.21779795
v -3.90521954 0.61247949 -2.23186193
v -3.95058724 0.64089509 -2.23507757
v -3.94577267 0.66189796 -2.11313389
v -3.89630341 0.64198768 -2.10055851
v -3.90187001 0.62912804 -2.21779795
v -3.89678025 0.62401531 -2.03985669
v -3.90307473 0.61641278 -2.09734282
v -3.90521954 0.61247949 -2.23186193
v -3.90661598 0.61247955 -2.1075415
v -3.90648887 0.61161338 -1.82338051
v -3.91024299 0.61247964 -1.82338052
v -3.89742802 0.62122475 -1.82338052
v -3.89678025 0.62401544 -1.60690433
v -3.90307478 0.61641294 -1.54941817
v -3.90661601 0.61247973 -1.53921951
v -4.60584146 0.61247973 -1.39713903
v -4.6087302 0.64089533 -1.41168348
v -4.6574477 0.62912828 -1.42896309
v -4.65409823 0.61247974 -1.4148991
v -4.6087302 0.64089533 -1.41168348
v -4.61354474 0.66189814 -1.53362717
v -4.66301427 0.64198785 -1.54620254
v -4.6574477 0.62912828 -1.42896309
v -4.65409823 0.61247974 -1.4148991
v -3.94577264 0.56306106 -2.11313386
v -3.89630341 0.58297139 -2.10055849
v -3.89434065 0.57905798 -1.82338051
v -3.94384686 0.55564837 -1.8233805
v -3.89678025 0.60094382 -2.03985671
v -3.89742802 0.60373452 -1.82338052
v -3.89678025 0.60094395 -1.60690433
v -3.89630341 0.58297155 -1.54620255
v -3.94577267 0.56306122 -1.53362714
v -4.61354472 0.66189796 -2.11313389
v -4.66301427 0.64198768 -2.10055851
v -4.66497703 0.64590123 -1.82338053
v -4.61547051 0.66931082 -1.82338053
v -4.61354472 0.56306123 -1.53362714
v -4.60873017 0.58406411 -1.41168344
v -4.6574477 0.59583119 -1.42896306
v -4.66301432 0.58297155 -1.54620255
v -4.60873017 0.58406411 -1.41168344
v -4.6574477 0.59583119 -1.42896306
v -4.65624349 0.6085465 -1.54941822
v -4.66253784 0.60094395 -1.60690435
v -3.90307473 0.60854634 -2.09734284
v -3.9064889 0.61334591 -1.82338052
v -3.90307475 0.6085465 -1.54941816
v -3.95058719 0.58406386 -2.23507758
v -3.90187001 0.59583094 -2.21779794
v -3.95058719 0.58406386 -2.23507758
v -3.90187001 0.59583094 -2.21779794
v -4.65282953 0.61334591 -1.82338052
v -4.66189021 0.60373452 -1.82338051
v -4.65624347 0.60854634 -2.09734287
v -4.66253788 0.60094382 -2.03985672
v -4.65744765 0.59583094 -2.21779794
v -4.66301427 0.58297139 -2.10055846
v -4.65409819 0.61247949 -2.23186196
v -4.65744765 0.59583094 -2.21779794
v -4.65409819 0.61247949 -2.23186196
v -4.60584146 0.61247947 -2.249622
v -4.60873015 0.58406386 -2.23507758
v -4.60873015 0.58406386 -2.23507758
v -4.61354472 0.56306104 -2.11313386
v -4.61354472 0.56306104 -2.11313386
v -4.60873015 0.58406386 -2.23507758
v -4.47107035 0.58222723 -2.23507758
v -4.47387082 0.55986692 -2.11313386
v -4.46939003 0.61247947 -2.249622
v -4.47107035 0.58222723 -2.23507758
v -4.27965899 0.61247947 -2.249622
v -4.27965899 0.58392517 -2.23507758
v -4.27965899 0.58392517 -2.23507758
v -4.27965899 0.56281986 -2.11313386
v -4.08824734 0.58222723 -2.23507758
v -4.08544686 0.55986692 -2.11313386
v -4.08992764 0.61247947 -2.249622
v -4.08824734 0.58222723 -2.23507758
v -3.95058719 0.58406386 -2.23507758
v -3.94577264 0.56306106 -2.11313386
v -3.90187003 0.59583118 -1.42896308
v -3.90521954 0.61247974 -1.41489908
v -3.90187003 0.59583118 -1.42896308
v -3.90521954 0.61247974 -1.41489908
v -3.95347595 0.61247973 -1.39713903
v -3.95058724 0.58406411 -1.41168344
v -3.95058724 0.58406411 -1.41168344
v -3.94577267 0.56306122 -1.53362714
v -3.95058724 0.58406411 -1.41168344
v -4.08824736 0.58222748 -1.41168344
v -4.08544686 0.55986709 -1.53362714
v -4.08992764 0.61247973 -1.39713903
v -4.08824736 0.58222748 -1.41168344
v -4.27965899 0.61247973 -1.39713903
v -4.27965899 0.58392542 -1.41168344
v -4.27965899 0.58392542 -1.41168344
v -4.27965898 0.56282004 -1.53362714
v -4.47107035 0.58222748 -1.41168344
v -4.47387082 0.55986709 -1.53362714
v -4.46939006 0.61247973 -1.39713903
v -4.47107035 0.58222748 -1.41168344
v -4.60873017 0.58406411 -1.41168344
v -4.61354472 0.56306123 -1.53362714
v -3.89434061 0.64590123 -1.82338053
v -3.94384683 0.6693108 -1.82338053
v -3.94577267 0.66189814 -1.53362717
v -3.89630341 0.64198785 -1.54620254
v -3.94577267 0.66189796 -2.11313389
v -4.08544686 0.66509208 -2.11313389
v -4.08432667 0.67298405 -1.82338054
v -3.94384683 0.6693108 -1.82338053
v -4.27965898 0.66213914 -2.11313389
v -4.27965898 0.66958818 -1.82338053
v -4.27965898 0.66213932 -1.53362717
v -4.08544686 0.66509225 -1.53362717
v -3.94577267 0.66189814 -1.53362717
v -4.47387084 0.66509208 -2.11313389
v -4.47499101 0.67298405 -1.82338054
v -4.61354472 0.66189796 -2.11313389
v -4.61547051 0.66931082 -1.82338053
v -4.61354474 0.66189814 -1.53362717
v -4.47387082 0.66509225 -1.53362717
v -4.66497707 0.57905798 -1.82338051
v -4.61547051 0.55564836 -1.8233805
v -4.47499101 0.55197512 -1.8233805
v -4.61547051 0.55564836 -1.8233805
v -4.27965898 0.55537099 -1.8233805
v -4.08432667 0.55197512 -1.8233805
v -3.94384686 0.55564837 -1.8233805
v -3.90187005 0.62912828 -1.42896309
v -3.95058721 0.64089533 -1.41168346
v -3.90187005 0.62912828 -1.42896309
v -3.95058721 0.64089533 -1.41168346
v -4.08824734 0.64273194 -1.41168346
v -3.95058721 0.64089533 -1.41168346
v -4.08824734 0.64273194 -1.41168346
v -4.27965899 0.641034 -1.41168346
v -4.27965899 0.641034 -1.41168346
v -4.47107035 0.64273194 -1.41168346
v -4.47107035 0.64273194 -1.41168346
v -4.6087302 0.64089533 -1.41168348
v -4.6574477 0.62912804 -2.21779795
v -4.6087302 0.64089509 -2.23507759
v -4.6574477 0.62912804 -2.21779795
v -4.6087302 0.64089509 -2.23507759
v -4.47107035 0.64273169 -2.23507759
v -4.6087302 0.64089509 -2.23507759
v -4.47107035 0.64273169 -2.23507759
v -4.27965899 0.64103375 -2.23507759
v -4.27965899 0.64103375 -2.23507759
v -4.08824734 0.64273169 -2.23507759
v -4.08824734 0.64273169 -2.23507759
v -3.95058724 0.64089509 -2.23507757
vn -0.87298 -0.0077 -0.48769
vn -0.87302 -0.0078 -0.48761
vn -0.87303 -0.0077 -0.48761
vn -0.97912 -0.006 -0.2032
vn -0.9791 -0.0059 -0.2033
vn -0.9791 -0.006 -0.2033
vn -0.97912 0.006 -0.2032
vn -0.9791 0.006 -0.2033
vn -0.87298 0.0077 -0.48769
vn -0.87302 0.0078 -0.48761
vn 0.34691 0.93144 0.1099
vn 0.34692 0.93145 0.10981
vn 0.77778 0.38309 0.49829
vn 0.99709 0.0419 -0.0637
vn 0.99708 0.042 -0.0638
vn 0.99697 0.0074 -0.0775
vn 0.99697 0.0073 -0.0775
vn 0.87298 0.0077 -0.48769
vn 0.87298 0.0078 -0.48769
vn 0.87303 0.0077 -0.48761
vn 0.97912 0.006 -0.2032
vn 0.9791 0.006 -0.2033
vn 0.97912 -0.006 -0.2032
vn 0.9791 -0.006 -0.2033
vn 0.87298 -0.0077 -0.48769
vn 0.87302 -0.0078 -0.48761
vn -0.34688 -0.93145 0.10989
vn -0.34692 -0.93145 0.10981
vn -0.34691 -0.93144 0.1099
vn -0.77778 -0.38309 0.49829
vn -0.99708 -0.042 -0.0638
vn -0.99709 -0.0419 -0.0637
vn -0.99709 -0.042 -0.0637
vn -0.99697 -0.0074 -0.0775
vn -0.99697 -0.0074 -0.0774
vn 0.87909 0.0531 -0.47369
vn 0.87913 0.0531 -0.47362
vn 0.99978 0.0028 0.0207
vn 0.99978 0.0028 0.0206
vn 0.99978 0.0029 0.0207
vn 0.99978 -0.0028 0.0207
vn 0.99978 -0.0029 0.0207
vn 0.87913 -0.0531 -0.47362
vn 0.87909 -0.0531 -0.47369
vn -0.87909 0.0531 0.47369
vn -0.87913 0.0531 0.47362
vn -0.99978 0.0028 -0.0206
vn -0.99978 0.0029 -0.0207
vn -0.99978 -0.0028 -0.0207
vn -0.99978 -0.0029 -0.0207
vn -0.87913 -0.0531 0.47362
vn -0.87909 -0.0531 0.47369
vn -0.77778 -0.38309 -0.49829
vn -0.34691 -0.93144 -0.1099
vn -0.34688 -0.93145 -0.10989
vn -0.99697 -0.0074 0.0774
vn -0.99697 -0.0073 0.0774
vn -0.99697 -0.0074 0.0775
vn -0.99709 -0.042 0.0637
vn -0.99709 -0.0419 0.0637
vn 0.9791 0.006 0.2033
vn 0.97912 0.006 0.2032
vn 0.87298 0.0077 0.48769
vn 0.87303 0.0077 0.48761
vn 0.87302 0.0078 0.48761
vn 0.87298 -0.0078 0.48769
vn 0.87303 -0.0077 0.48761
vn 0.87298 -0.0077 0.48769
vn 0.97912 -0.006 0.2032
vn 0.9791 -0.006 0.2033
vn 0.77778 0.38309 -0.49829
vn 0.34691 0.93144 -0.1099
vn 0.34688 0.93145 -0.10989
vn 0.99697 0.0073 0.0774
vn 0.99697 0.0074 0.0775
vn 0.99708 0.042 0.0638
vn 0.99709 0.0419 0.0637
vn 0.99709 0.042 0.0637
vn -0.9791 -0.006 0.2033
vn -0.97912 -0.006 0.2032
vn -0.97912 -0.0059 0.2032
vn -0.87298 -0.0077 0.48769
vn -0.87302 -0.0078 0.48761
vn -0.87302 0.0078 0.48761
vn -0.87303 0.0077 0.48761
vn -0.87298 0.0077 0.48769
vn -0.97912 0.006 0.2032
vn -0.9791 0.006 0.2033
vn -0.99709 0.042 0.0637
vn -0.99708 0.042 0.0638
vn -0.99709 0.0419 0.0637
vn -0.99697 0.0074 0.0775
vn -0.34691 0.93144 -0.1099
vn -0.34692 0.93145 -0.10981
vn -0.77778 0.38309 -0.49829
vn -0.0575 0.65513 -0.75333
vn -0.0576 0.65518 -0.75328
vn -0.0576 0.65528 -0.75318
vn -0.0576 0.65523 -0.75323
vn -0.0026 0.99485 -0.10131
vn -0.0029 0.99487 -0.1011
vn -0.003 0.99489 -0.1009
vn -0.0028 0.99487 -0.1011
vn 0.0019 0.99489 -0.1009
vn 0.0019 0.99488 -0.101
vn 0.0383 0.65519 -0.75449
vn -0.0383 0.65519 -0.75449
vn -0.0384 0.65519 -0.75449
vn -0.0019 0.99488 -0.101
vn -0.0019 0.99489 -0.1009
vn 0.0027 0.99489 -0.1009
vn 0.0028 0.99487 -0.1011
vn 0.0031 0.99485 -0.10131
vn 0.0029 0.99487 -0.1011
vn 0.0576 0.65518 -0.75328
vn 0.99709 -0.0419 0.0637
vn 0.99697 -0.0074 0.0775
vn 0.99697 -0.0073 0.0775
vn 0.34691 -0.93144 -0.1099
vn 0.34688 -0.93145 -0.10989
vn 0.34692 -0.93145 -0.10981
vn 0.77778 -0.38309 -0.49829
vn 0.0575 -0.65513 -0.75333
vn 0.0575 -0.65518 -0.75328
vn 0.0574 -0.65508 -0.75338
vn 0.0576 -0.65518 -0.75328
vn 0.0029 -0.99487 -0.1011
vn 0.003 -0.99489 -0.1009
vn 0.0028 -0.99487 -0.1011
vn -0.0018 -0.99491 -0.1008
vn -0.0019 -0.99489 -0.1009
vn -0.0019 -0.99488 -0.101
vn -0.0383 -0.65519 -0.75449
vn 0.0383 -0.65519 -0.75449
vn 0.0384 -0.65519 -0.75449
vn 0.0018 -0.99489 -0.101
vn 0.0019 -0.99488 -0.101
vn 0.002 -0.9949 -0.1008
vn 0.0019 -0.99489 -0.1009
vn -0.0027 -0.99489 -0.1009
vn -0.0028 -0.99487 -0.1011
vn -0.0031 -0.99485 -0.10131
vn -0.0029 -0.99487 -0.1011
vn -0.0576 -0.65518 -0.75328
vn 0.99978 0.0028 -0.0207
vn 0.99978 0.0029 -0.0207
vn 0.87909 0.0531 0.47369
vn 0.87913 0.0531 0.47362
vn 0.87913 -0.0531 0.47362
vn 0.87909 -0.0531 0.47369
vn 0.99978 -0.0029 -0.0207
vn 0.99978 -0.0028 -0.0207
vn 0.99978 -0.0028 -0.0206
vn 0.1019 0.1277 0.98657
vn -0.0677 0.1274 0.98954
vn -0.0679 0.1276 0.9895
vn -0.068 0.1276 0.98949
vn -0.068 -0.1276 0.98949
vn -0.0679 -0.1276 0.9895
vn 0.1019 -0.1277 0.98657
vn 0.0679 0.1276 0.9895
vn 0.068 0.1276 0.98949
vn -0.1019 0.1277 0.98657
vn -0.1019 -0.1277 0.98657
vn 0.068 -0.1276 0.98949
vn 0.0679 -0.1275 0.98951
vn 0.0679 -0.1276 0.9895
vn -0.99978 0.0028 0.0207
vn -0.99978 0.0029 0.0207
vn -0.87909 0.0531 -0.47369
vn -0.87913 0.0531 -0.47362
vn -0.87913 -0.0531 -0.47362
vn -0.87909 -0.0531 -0.47369
vn -0.99978 -0.0029 0.0207
vn -0.99978 -0.0028 0.0207
vn -0.99978 -0.0028 0.0206
vn -0.1019 0.1277 -0.98657
vn 0.0678 0.1275 -0.98952
vn 0.0679 0.1276 -0.9895
vn 0.0679 -0.1276 -0.9895
vn 0.068 -0.1276 -0.98949
vn -0.1019 -0.1277 -0.98657
vn -0.0679 0.1276 -0.9895
vn 0.1019 0.1277 -0.98657
vn 0.1019 -0.1277 -0.98657
vn -0.0679 -0.1276 -0.9895
vn -0.0679 -0.1275 -0.98951
vn 0.99697 -0.0074 -0.0775
vn 0.99697 -0.0073 -0.0774
vn 0.99709 -0.042 -0.0637
vn 0.99708 -0.042 -0.0638
vn 0.99709 -0.0419 -0.0637
vn 0.77778 -0.38309 0.49829
vn 0.34688 -0.93145 0.10989
vn 0.34691 -0.93144 0.1099
vn 0.0031 -0.99485 0.10131
vn 0.0029 -0.99487 0.1011
vn 0.0029 -0.99486 0.1012
vn 0.0028 -0.99487 0.1011
vn 0.0576 -0.65518 0.75328
vn -0.0384 -0.65519 0.75449
vn -0.0383 -0.65519 0.75449
vn -0.0019 -0.99489 0.1009
vn -0.0019 -0.99488 0.101
vn 0.0019 -0.99488 0.101
vn 0.0018 -0.99491 0.1008
vn 0.0019 -0.99489 0.1009
vn 0.0383 -0.65519 0.75449
vn -0.0574 -0.65508 0.75338
vn -0.0576 -0.65518 0.75328
vn -0.0575 -0.65513 0.75333
vn -0.0575 -0.65518 0.75328
vn -0.003 -0.99489 0.1009
vn -0.0028 -0.99487 0.1011
vn -0.0026 -0.99485 0.10131
vn -0.99697 0.0074 -0.0775
vn -0.99697 0.0074 -0.0774
vn -0.99697 0.0073 -0.0774
vn -0.99709 0.042 -0.0637
vn -0.99709 0.0419 -0.0637
vn -0.77778 0.38309 0.49829
vn -0.34688 0.93145 0.10989
vn -0.34691 0.93144 0.1099
vn -0.0031 0.99485 0.10131
vn -0.0029 0.99487 0.1011
vn -0.0027 0.99489 0.1009
vn -0.0028 0.99487 0.1011
vn -0.0576 0.65518 0.75328
vn 0.0384 0.65519 0.75449
vn 0.0383 0.65519 0.75449
vn 0.002 0.9949 0.1008
vn 0.0019 0.99489 0.1009
vn 0.0019 0.99488 0.101
vn -0.0019 0.99489 0.1009
vn -0.0019 0.99488 0.101
vn -0.0383 0.65519 0.75449
vn 0.0574 0.65508 0.75338
vn 0.0576 0.65518 0.75328
vn 0.0575 0.65513 0.75333
vn 0.0575 0.65518 0.75328
vn 0.003 0.99489 0.1009
vn 0.0029 0.99487 0.1011
vn 0.0026 0.99485 0.10131
vn -0.87303 0.0077 -0.48761
vn 0.34688 0.93145 0.10989
vn 0.87298 0.0076 -0.48769
vn 0.97912 -0.0059 -0.2032
vn -0.99978 -0.0029 -0.0206
vn 0.97912 0.0059 0.2032
vn 0.34688 0.93146 -0.1098
vn -0.34688 0.93145 -0.10989
vn -0.0575 0.65518 -0.75328
vn -0.0574 0.65508 -0.75338
vn 0.0018 0.99491 -0.1008
vn 0.0384 0.65519 -0.75449
vn 0.0029 0.99486 -0.1012
vn -0.0679 0.1275 0.98951
vn -0.068 -0.1275 0.9895
vn -0.99978 0.0029 0.0206
vn 0.0679 0.1275 -0.98951
vn 0.0027 -0.99489 0.1009
vn -0.002 -0.9949 0.1008
vn -0.0029 -0.99487 0.1011
vn -0.99708 0.0421 -0.0637
vn -0.0029 0.99486 0.1012
vn 0.0018 0.99489 0.101
vn 0.0577 0.65533 0.75313
vt 0.79798 0.04878
vt 0.79822 0.04832
vt 0.80476 0.04888
vt 0.80476 0.04878
vt 0.79959 0.04744
vt 0.80476 0.04777
vt 0.80993 0.04744
vt 0.8113 0.04832
vt 0.81154 0.04878
vt 0.81377 0.04878
vt 0.81385 0.04549
vt 0.8152 0.04685
vt 0.81511 0.04878
vt 0.81459 0.04549
vt 0.81168 0.04305
vt 0.81138 0.04536
vt 0.81418 0.04685
vt 0.81451 0.04878
vt 0.79575 0.04878
vt 0.79567 0.04549
vt 0.79432 0.04685
vt 0.79442 0.04878
vt 0.79494 0.04549
vt 0.79785 0.04305
vt 0.79815 0.04536
vt 0.79535 0.04685
vt 0.79501 0.04878
vt 0.81168 0.05451
vt 0.81138 0.0522
vt 0.80476 0.05266
vt 0.80476 0.05537
vt 0.80993 0.05012
vt 0.80476 0.04979
vt 0.79959 0.05012
vt 0.79815 0.0522
vt 0.79785 0.05451
vt 0.80476 0.04491
vt 0.80476 0.04219
vt 0.79494 0.05207
vt 0.79535 0.05071
vt 0.79567 0.05207
vt 0.79432 0.05071
vt 0.79822 0.04924
vt 0.8113 0.04924
vt 0.80476 0.04868
vt 0.81459 0.05207
vt 0.81418 0.05071
vt 0.81385 0.05207
vt 0.8152 0.05071
vt 0.79554 0.04189
vt 0.79567 0.03899
vt 0.79947 0.03899
vt 0.7994 0.04189
vt 0.79952 0.04878
vt 0.79947 0.05229
vt 0.80476 0.05209
vt 0.80476 0.03899
vt 0.80476 0.04189
vt 0.81005 0.03899
vt 0.81013 0.04189
vt 0.81 0.04878
vt 0.81005 0.05229
vt 0.81385 0.03899
vt 0.81399 0.04189
vt 0.81399 0.05567
vt 0.81385 0.05857
vt 0.81005 0.05857
vt 0.81013 0.05567
vt 0.80476 0.05857
vt 0.80476 0.05567
vt 0.79947 0.05857
vt 0.7994 0.05567
vt 0.79567 0.05857
vt 0.79554 0.05567
vt 0.81016 0.04878
vt 0.81404 0.04878
vt 0.79936 0.04878
vt 0.79548 0.04878
vt 0.81005 0.04527
vt 0.80476 0.04547
vt 0.79947 0.04527
usemtl mat1
f 255/134/251 256/135/251 257/136/252
f 255/134/251 257/136/252 258/137/253
f 256/135/254 259/138/254 260/139/255
f 256/135/254 260/139/255 257/136/256
f 257/136/257 260/139/258 261/140/258
f 257/136/257 261/140/258 262/141/258
f 258/137/259 257/136/260 262/141/259
f 258/137/259 262/141/259 263/142/259
f 264/143/261 265/144/262 266/145/261
f 264/143/261 266/145/261 267/146/261
f 268/147/263 269/148/263 270/149/263
f 268/147/263 270/149/263 271/150/263
f 271/150/264 270/149/264 272/140/264
f 271/150/264 272/140/264 273/141/265
f 274/151/266 271/150/266 273/141/266
f 274/151/266 273/141/266 275/142/267
f 275/142/268 273/141/268 276/136/269
f 275/142/268 276/136/269 277/137/270
f 273/141/271 272/140/271 278/139/271
f 273/141/271 278/139/271 276/136/272
f 276/136/273 278/139/274 279/138/274
f 276/136/273 279/138/274 280/135/274
f 277/137/275 276/136/276 280/135/275
f 277/137/275 280/135/275 281/134/275
f 282/152/277 283/153/278 284/154/279
f 282/152/277 284/154/279 285/155/279
f 286/156/280 287/157/280 288/158/280
f 286/156/280 288/158/280 289/159/280
f 289/159/281 288/158/282 259/138/282
f 289/159/281 259/138/282 256/135/283
f 290/160/284 289/159/284 256/135/285
f 290/160/284 256/135/285 255/134/284
f 291/161/286 292/162/287 293/163/287
f 291/161/286 293/163/287 294/164/287
f 292/162/288 295/165/289 296/166/290
f 292/162/288 296/166/290 293/163/290
f 293/163/291 296/166/292 297/167/291
f 293/163/291 297/167/291 298/168/292
f 294/164/293 293/163/293 298/168/294
f 294/164/293 298/168/294 299/169/293
f 300/148/295 301/149/295 302/170/296
f 300/148/295 302/170/296 303/171/296
f 301/149/297 261/140/297 260/139/298
f 301/149/297 260/139/298 302/170/298
f 302/170/299 260/139/300 259/138/299
f 302/170/299 259/138/299 288/158/300
f 303/171/301 302/170/301 288/158/302
f 303/171/301 288/158/302 287/157/301
f 304/169/303 305/172/303 306/173/303
f 304/169/303 306/173/303 307/168/303
f 308/174/304 282/152/305 285/155/305
f 308/174/304 285/155/305 309/175/304
f 306/173/306 290/160/307 255/134/308
f 306/173/306 255/134/308 310/176/308
f 307/168/309 306/173/310 310/176/309
f 307/168/309 310/176/309 311/167/309
f 295/165/311 312/177/311 313/178/312
f 295/165/311 313/178/312 296/166/311
f 312/177/313 275/142/314 277/137/313
f 312/177/313 277/137/313 313/178/315
f 313/178/316 277/137/317 281/134/318
f 313/178/316 281/134/318 314/176/317
f 296/166/319 313/178/320 314/176/319
f 296/166/319 314/176/319 297/167/319
f 291/161/321 315/179/321 316/180/321
f 291/161/321 316/180/321 292/162/321
f 317/181/322 264/143/323 267/146/323
f 317/181/322 267/146/323 318/182/322
f 316/180/324 274/151/324 275/142/325
f 316/180/324 275/142/325 312/177/325
f 292/162/326 316/180/327 312/177/328
f 292/162/326 312/177/328 295/165/328
f 311/167/329 310/176/329 319/178/330
f 311/167/329 319/178/330 320/166/331
f 310/176/332 255/134/332 258/137/332
f 310/176/332 258/137/332 319/178/333
f 319/178/334 258/137/335 263/142/336
f 319/178/334 263/142/336 321/177/336
f 320/166/337 319/178/338 321/177/337
f 320/166/337 321/177/337 322/165/337
f 322/165/339 321/177/339 323/180/340
f 322/165/339 323/180/340 324/162/341
f 321/177/342 263/142/342 325/151/342
f 321/177/342 325/151/342 323/180/342
f 326/175/343 327/155/343 328/152/343
f 326/175/343 328/152/343 329/174/344
f 324/162/345 323/180/345 330/179/345
f 324/162/345 330/179/345 331/161/345
f 332/183/346 333/184/347 334/185/348
f 332/183/346 334/185/348 335/186/349
f 329/174/350 328/152/351 336/187/352
f 329/174/350 336/187/352 337/188/353
f 337/188/354 336/187/354 338/137/355
f 337/188/354 338/137/355 339/189/354
f 335/186/356 334/185/356 340/190/356
f 335/186/356 340/190/356 341/191/356
f 341/191/357 340/190/357 342/192/358
f 341/191/357 342/192/358 343/193/357
f 339/189/359 338/137/359 344/194/360
f 339/189/359 344/194/360 345/195/360
f 345/195/361 344/194/362 264/143/363
f 345/195/361 264/143/363 317/181/364
f 343/193/365 342/192/365 346/196/365
f 343/193/365 346/196/365 347/197/365
f 297/167/366 314/176/366 348/173/366
f 297/167/366 348/173/366 298/168/366
f 314/176/367 281/134/368 349/160/367
f 314/176/367 349/160/367 348/173/367
f 350/182/369 351/146/369 352/143/370
f 350/182/369 352/143/370 353/181/371
f 298/168/372 348/173/372 354/172/372
f 298/168/372 354/172/372 299/169/372
f 355/198/373 356/199/374 357/200/375
f 355/198/373 357/200/375 358/201/376
f 353/181/377 352/143/377 359/194/378
f 353/181/377 359/194/378 360/195/379
f 360/195/380 359/194/381 361/137/382
f 360/195/380 361/137/382 362/189/382
f 358/201/383 357/200/383 363/202/383
f 358/201/383 363/202/383 364/203/383
f 364/203/384 363/202/384 365/204/385
f 364/203/384 365/204/385 366/205/384
f 362/189/386 361/137/387 367/187/388
f 362/189/386 367/187/388 368/188/389
f 368/188/390 367/187/391 282/152/392
f 368/188/390 282/152/392 308/174/393
f 366/205/394 365/204/394 369/206/394
f 366/205/394 369/206/394 370/207/394
f 272/140/395 270/149/396 371/170/395
f 272/140/395 371/170/395 278/139/395
f 270/149/397 269/148/398 372/171/398
f 270/149/397 372/171/398 371/170/398
f 371/170/399 372/171/399 373/157/400
f 371/170/399 373/157/400 374/158/399
f 278/139/401 371/170/401 374/158/402
f 278/139/401 374/158/402 279/138/403
f 375/197/404 376/193/404 377/208/404
f 375/197/404 377/208/404 378/209/404
f 376/193/405 379/191/406 380/137/407
f 376/193/405 380/137/407 377/208/407
f 377/208/408 380/137/409 381/203/409
f 377/208/408 381/203/409 382/201/409
f 378/209/410 377/208/410 382/201/410
f 378/209/410 382/201/410 383/198/410
f 379/191/411 384/186/411 385/210/412
f 379/191/411 385/210/412 380/137/412
f 384/186/413 386/183/413 387/211/413
f 384/186/413 387/211/413 385/210/413
f 385/210/414 387/211/414 388/207/414
f 385/210/414 388/207/414 389/205/414
f 380/137/415 385/210/415 389/205/416
f 380/137/415 389/205/416 381/203/417
f 322/165/418 324/162/419 390/163/418
f 322/165/418 390/163/418 320/166/419
f 324/162/420 331/161/421 391/164/421
f 324/162/420 391/164/421 390/163/421
f 390/163/422 391/164/422 304/169/423
f 390/163/422 304/169/423 307/168/423
f 320/166/424 390/163/424 307/168/425
f 320/166/424 307/168/425 311/167/426
f 332/183/427 335/186/427 392/210/427
f 332/183/427 392/210/427 393/211/427
f 335/186/428 341/191/429 394/137/429
f 335/186/428 394/137/429 392/210/429
f 392/210/430 394/137/430 364/203/431
f 392/210/430 364/203/431 366/205/431
f 393/211/432 392/210/432 366/205/432
f 393/211/432 366/205/432 370/207/432
f 341/191/433 343/193/433 395/208/433
f 341/191/433 395/208/433 394/137/433
f 343/193/434 347/197/434 396/209/434
f 343/193/434 396/209/434 395/208/434
f 395/208/435 396/209/435 355/198/435
f 395/208/435 355/198/435 358/201/435
f 394/137/436 395/208/436 358/201/437
f 394/137/436 358/201/437 364/203/436
f 281/134/438 280/135/438 397/159/439
f 281/134/438 397/159/439 349/160/439
f 280/135/440 279/138/440 374/158/441
f 280/135/440 374/158/441 397/159/442
f 397/159/443 374/158/443 373/157/443
f 397/159/443 373/157/443 398/156/443
f 351/146/444 399/145/445 400/144/445
f 351/146/444 400/144/445 352/143/444
f 352/143/446 400/144/447 401/212/448
f 352/143/446 401/212/448 359/194/449
f 402/199/450 383/198/450 382/201/450
f 402/199/450 382/201/450 403/200/450
f 403/200/451 382/201/452 381/203/452
f 403/200/451 381/203/452 404/202/452
f 359/194/453 401/212/453 405/213/454
f 359/194/453 405/213/454 361/137/454
f 361/137/455 405/213/455 406/214/456
f 361/137/455 406/214/456 367/187/457
f 404/202/458 381/203/458 389/205/458
f 404/202/458 389/205/458 407/204/458
f 407/204/459 389/205/460 388/207/461
f 407/204/459 388/207/461 408/206/462
f 367/187/463 406/214/464 283/153/465
f 367/187/463 283/153/465 282/152/464
f 263/142/466 262/141/466 409/150/467
f 263/142/466 409/150/467 325/151/468
f 262/141/469 261/140/469 301/149/469
f 262/141/469 301/149/469 409/150/470
f 409/150/471 301/149/471 300/148/471
f 409/150/471 300/148/471 410/147/471
f 327/155/472 411/154/473 412/153/473
f 327/155/472 412/153/473 328/152/472
f 328/152/474 412/153/475 413/214/476
f 328/152/474 413/214/476 336/187/477
f 414/184/478 386/183/478 384/186/478
f 414/184/478 384/186/478 415/185/478
f 415/185/479 384/186/480 379/191/480
f 415/185/479 379/191/480 416/190/480
f 336/187/481 413/214/482 417/213/483
f 336/187/481 417/213/483 338/137/483
f 338/137/484 417/213/485 418/212/484
f 338/137/484 418/212/484 344/194/484
f 416/190/486 379/191/486 376/193/486
f 416/190/486 376/193/486 419/192/486
f 419/192/487 376/193/488 375/197/489
f 419/192/487 375/197/489 420/196/490
f 344/194/491 418/212/492 265/144/493
f 344/194/491 265/144/493 264/143/492
f 421/134/251 422/135/251 423/136/252
f 421/134/251 423/136/252 424/137/253
f 422/135/254 425/138/254 426/139/254
f 422/135/254 426/139/254 423/136/256
f 423/136/257 426/139/258 427/140/258
f 423/136/257 427/140/258 428/141/258
f 424/137/259 423/136/260 428/141/259
f 424/137/259 428/141/259 429/142/494
f 430/143/495 431/144/262 432/145/261
f 430/143/495 432/145/261 433/146/261
f 434/147/263 435/148/263 436/149/263
f 434/147/263 436/149/263 437/150/263
f 437/150/264 436/149/264 438/140/264
f 437/150/264 438/140/264 439/141/265
f 440/151/266 437/150/266 439/141/266
f 440/151/266 439/141/266 441/142/267
f 441/142/268 439/141/268 442/136/496
f 441/142/268 442/136/496 443/137/270
f 439/141/271 438/140/271 444/139/271
f 439/141/271 444/139/271 442/136/272
f 442/136/273 444/139/497 445/138/274
f 442/136/273 445/138/274 446/135/274
f 443/137/275 442/136/276 446/135/275
f 443/137/275 446/135/275 447/134/275
f 448/152/277 449/153/278 450/154/279
f 448/152/277 450/154/279 451/155/279
f 452/156/280 453/157/280 454/158/280
f 452/156/280 454/158/280 455/159/280
f 455/159/282 454/158/282 425/138/282
f 455/159/282 425/138/282 422/135/283
f 456/160/284 455/159/284 422/135/285
f 456/160/284 422/135/285 421/134/284
f 457/161/286 458/162/287 459/163/287
f 457/161/286 459/163/287 460/164/287
f 458/162/288 461/165/289 462/166/290
f 458/162/288 462/166/290 459/163/290
f 459/163/291 462/166/292 463/167/291
f 459/163/291 463/167/291 464/168/292
f 460/164/293 459/163/293 464/168/294
f 460/164/293 464/168/294 465/169/293
f 466/148/295 467/149/295 468/170/296
f 466/148/295 468/170/296 469/171/296
f 467/149/297 427/140/297 426/139/298
f 467/149/297 426/139/298 468/170/298
f 468/170/498 426/139/300 425/138/299
f 468/170/498 425/138/299 454/158/300
f 469/171/301 468/170/301 454/158/302
f 469/171/301 454/158/302 453/157/301
f 470/169/303 471/172/303 472/173/303
f 470/169/303 472/173/303 473/168/303
f 474/174/304 448/152/305 451/155/305
f 474/174/304 451/155/305 475/175/304
f 472/173/306 456/160/307 421/134/308
f 472/173/306 421/134/308 476/176/308
f 473/168/310 472/173/310 476/176/310
f 473/168/310 476/176/310 477/167/309
f 461/165/311 478/177/311 479/178/312
f 461/165/311 479/178/312 462/166/499
f 478/177/313 441/142/314 443/137/313
f 478/177/313 443/137/313 479/178/315
f 479/178/316 443/137/317 447/134/318
f 479/178/316 447/134/318 480/176/318
f 462/166/319 479/178/320 480/176/319
f 462/166/319 480/176/319 463/167/319
f 457/161/321 481/179/321 482/180/321
f 457/161/321 482/180/321 458/162/321
f 483/181/322 430/143/323 433/146/500
f 483/181/322 433/146/500 484/182/322
f 482/180/324 440/151/324 441/142/325
f 482/180/324 441/142/325 478/177/325
f 458/162/327 482/180/327 478/177/328
f 458/162/327 478/177/328 461/165/328
f 477/167/329 476/176/329 485/178/330
f 477/167/329 485/178/330 486/166/331
f 476/176/332 421/134/332 424/137/332
f 476/176/332 424/137/332 485/178/333
f 485/178/334 424/137/335 429/142/336
f 485/178/334 429/142/336 487/177/336
f 486/166/337 485/178/338 487/177/337
f 486/166/337 487/177/337 488/165/337
f 488/165/339 487/177/339 489/180/341
f 488/165/339 489/180/341 490/162/341
f 487/177/342 429/142/342 491/151/342
f 487/177/342 491/151/342 489/180/342
f 492/175/343 493/155/343 494/152/501
f 492/175/343 494/152/501 495/174/344
f 490/162/345 489/180/345 496/179/345
f 490/162/345 496/179/345 497/161/345
f 498/183/346 499/184/502 500/185/503
f 498/183/346 500/185/503 501/186/502
f 495/174/351 494/152/351 502/187/352
f 495/174/351 502/187/352 503/188/353
f 503/188/504 502/187/354 504/137/355
f 503/188/504 504/137/355 505/189/355
f 501/186/356 500/185/356 506/190/505
f 501/186/356 506/190/505 507/191/356
f 507/191/357 506/190/357 508/192/357
f 507/191/357 508/192/357 509/193/357
f 505/189/360 504/137/359 510/194/360
f 505/189/360 510/194/360 511/195/360
f 511/195/506 510/194/362 430/143/363
f 511/195/506 430/143/363 483/181/364
f 509/193/365 508/192/365 512/196/365
f 509/193/365 512/196/365 513/197/365
f 463/167/366 480/176/366 514/173/366
f 463/167/366 514/173/366 464/168/366
f 480/176/367 447/134/368 515/160/367
f 480/176/367 515/160/367 514/173/367
f 516/182/369 517/146/369 518/143/370
f 516/182/369 518/143/370 519/181/371
f 464/168/372 514/173/372 520/172/372
f 464/168/372 520/172/372 465/169/372
f 521/198/373 522/199/374 523/200/375
f 521/198/373 523/200/375 524/201/376
f 519/181/377 518/143/377 525/194/378
f 519/181/377 525/194/378 526/195/379
f 526/195/382 525/194/381 527/137/381
f 526/195/382 527/137/381 528/189/381
f 524/201/383 523/200/383 529/202/383
f 524/201/383 529/202/383 530/203/383
f 530/203/384 529/202/384 531/204/385
f 530/203/384 531/204/385 532/205/384
f 528/189/387 527/137/387 533/187/388
f 528/189/387 533/187/388 534/188/389
f 534/188/390 533/187/391 448/152/392
f 534/188/390 448/152/392 474/174/393
f 532/205/394 531/204/394 535/206/394
f 532/205/394 535/206/394 536/207/394
f 438/140/395 436/149/396 537/170/395
f 438/140/395 537/170/395 444/139/396
f 436/149/397 435/148/398 538/171/398
f 436/149/397 538/171/398 537/170/398
f 537/170/399 538/171/399 539/157/400
f 537/170/399 539/157/400 540/158/399
f 444/139/401 537/170/401 540/158/402
f 444/139/401 540/158/402 445/138/403
f 541/197/404 542/193/404 543/208/404
f 541/197/404 543/208/404 544/209/404
f 542/193/507 545/191/406 546/137/406
f 542/193/507 546/137/406 543/208/406
f 543/208/409 546/137/409 547/203/508
f 543/208/409 547/203/508 548/201/409
f 544/209/410 543/208/410 548/201/410
f 544/209/410 548/201/410 549/198/410
f 545/191/411 550/186/412 551/210/411
f 545/191/411 551/210/411 546/137/411
f 550/186/413 552/183/413 553/211/413
f 550/186/413 553/211/413 551/210/413
f 551/210/414 553/211/414 554/207/414
f 551/210/414 554/207/414 555/205/414
f 546/137/417 551/210/417 555/205/416
f 546/137/417 555/205/416 547/203/417
f 488/165/418 490/162/419 556/163/509
f 488/165/418 556/163/509 486/166/419
f 490/162/420 497/161/421 557/164/421
f 490/162/420 557/164/421 556/163/421
f 556/163/422 557/164/422 470/169/422
f 556/163/422 470/169/422 473/168/423
f 486/166/424 556/163/424 473/168/425
f 486/166/424 473/168/425 477/167/426
f 498/183/427 501/186/427 558/210/427
f 498/183/427 558/210/427 559/211/427
f 501/186/510 507/191/429 560/137/429
f 501/186/510 560/137/429 558/210/429
f 558/210/430 560/137/430 530/203/431
f 558/210/430 530/203/431 532/205/430
f 559/211/432 558/210/432 532/205/432
f 559/211/432 532/205/432 536/207/432
f 507/191/433 509/193/433 561/208/433
f 507/191/433 561/208/433 560/137/433
f 509/193/434 513/197/434 562/209/434
f 509/193/434 562/209/434 561/208/434
f 561/208/435 562/209/435 521/198/435
f 561/208/435 521/198/435 524/201/435
f 560/137/436 561/208/436 524/201/437
f 560/137/436 524/201/437 530/203/436
f 447/134/438 446/135/438 563/159/439
f 447/134/438 563/159/439 515/160/439
f 446/135/440 445/138/440 540/158/441
f 446/135/440 540/158/441 563/159/442
f 563/159/443 540/158/443 539/157/443
f 563/159/443 539/157/443 564/156/443
f 517/146/444 565/145/445 566/144/445
f 517/146/444 566/144/445 518/143/444
f 518/143/446 566/144/447 567/212/511
f 518/143/446 567/212/511 525/194/449
f 568/199/450 549/198/450 548/201/450
f 568/199/450 548/201/450 569/200/450
f 569/200/452 548/201/452 547/203/452
f 569/200/452 547/203/452 570/202/452
f 525/194/512 567/212/453 571/213/454
f 525/194/512 571/213/454 527/137/454
f 527/137/456 571/213/457 572/214/455
f 527/137/456 572/214/455 533/187/457
f 570/202/458 547/203/458 555/205/458
f 570/202/458 555/205/458 573/204/458
f 573/204/459 555/205/460 554/207/461
f 573/204/459 554/207/461 574/206/460
f 533/187/463 572/214/513 449/153/465
f 533/187/463 449/153/465 448/152/513
f 429/142/466 428/141/466 575/150/467
f 429/142/466 575/150/467 491/151/468
f 428/141/469 427/140/469 467/149/514
f 428/141/469 467/149/514 575/150/470
f 575/150/471 467/149/471 466/148/471
f 575/150/471 466/148/471 576/147/471
f 493/155/472 577/154/473 578/153/473
f 493/155/472 578/153/473 494/152/472
f 494/152/477 578/153/475 579/214/515
f 494/152/477 579/214/515 502/187/477
f 580/184/478 552/183/478 550/186/478
f 580/184/478 550/186/478 581/185/478
f 581/185/479 550/186/480 545/191/480
f 581/185/479 545/191/480 582/190/480
f 502/187/481 579/214/482 583/213/516
f 502/187/481 583/213/516 504/137/483
f 504/137/485 583/213/484 584/212/484
f 504/137/485 584/212/484 510/194/484
f 582/190/486 545/191/486 542/193/486
f 582/190/486 542/193/486 585/192/486
f 585/192/517 542/193/488 541/197/489
f 585/192/517 541/197/489 586/196/490
f 510/194/491 584/212/492 431/144/493
f 510/194/491 431/144/493 430/143/492
# Vertices: 332, normals: 267, texture coordinates: 81, faces: 448

o obj4
v -4.66648 1.03762688 -1.53435681
v -4.67002123 1.04156009 -1.54455552
v -4.66660729 1.03676053 -1.81851783
v -4.66285322 1.0376268 -1.81851782
v -4.67631557 1.0491626 -1.60204163
v -4.67566794 1.0463719 -1.81851782
v -4.67631561 1.04916247 -2.03499403
v -4.67002123 1.04155992 -2.09248018
v -4.66648 1.03762671 -2.10267883
v -3.96725368 1.03762663 -2.24475931
v -3.96436497 1.06604224 -2.23021487
v -3.91564774 1.0542752 -2.21293526
v -3.91899727 1.03762665 -2.22699923
v -3.96436497 1.06604224 -2.23021487
v -3.9595504 1.08704512 -2.1082712
v -3.91008114 1.06713483 -2.09569581
v -3.91564774 1.0542752 -2.21293526
v -3.91055799 1.04916247 -2.03499399
v -3.91685246 1.04155992 -2.09248012
v -3.91899727 1.03762665 -2.22699923
v -3.92039372 1.03762671 -2.1026788
v -3.92026661 1.03676053 -1.81851782
v -3.92402072 1.0376268 -1.81851782
v -3.91120575 1.0463719 -1.81851782
v -3.91055799 1.0491626 -1.60204163
v -3.91685251 1.04156009 -1.54455547
v -3.92039374 1.03762688 -1.53435681
v -4.61961919 1.03762689 -1.39227634
v -4.62250793 1.06604249 -1.40682079
v -4.67122543 1.05427544 -1.4241004
v -4.66787596 1.0376269 -1.41003641
v -4.62250793 1.06604249 -1.40682079
v -4.62732248 1.08704529 -1.52876448
v -4.67679201 1.06713499 -1.54133985
v -4.67122543 1.05427544 -1.4241004
v -4.66787596 1.0376269 -1.41003641
v -3.95955038 0.9882082 -2.10827117
v -3.91008114 1.00811854 -2.09569579
v -3.90811839 1.00420514 -1.81851781
v -3.95762459 0.98079552 -1.8185178
v -3.91055799 1.02609097 -2.03499401
v -3.91120575 1.02888167 -1.81851782
v -3.91055799 1.0260911 -1.60204164
v -3.91008114 1.00811871 -1.54133986
v -3.9595504 0.98820838 -1.52876445
v -4.62732245 1.08704512 -2.1082712
v -4.67679201 1.06713483 -2.09569581
v -4.67875476 1.07104839 -1.81851783
v -4.62924824 1.09445798 -1.81851784
v -4.62732245 0.98820838 -1.52876445
v -4.62250791 1.00921126 -1.40682074
v -4.67122543 1.02097834 -1.42410036
v -4.67679205 1.00811871 -1.54133986
v -4.62250791 1.00921126 -1.40682074
v -4.67122543 1.02097834 -1.42410036
v -4.67002123 1.03369366 -1.54455552
v -4.67631557 1.0260911 -1.60204165
v -3.91685246 1.03369349 -2.09248015
v -3.92026663 1.03849306 -1.81851782
v -3.91685249 1.03369366 -1.54455547
v -3.96436492 1.00921101 -2.23021488
v -3.91564774 1.0209781 -2.21293525
v -3.96436492 1.00921101 -2.23021488
v -3.91564774 1.0209781 -2.21293525
v -4.66660727 1.03849306 -1.81851782
v -4.67566794 1.02888167 -1.81851781
v -4.6700212 1.03369349 -2.09248017
v -4.67631561 1.02609097 -2.03499403
v -4.67122538 1.0209781 -2.21293525
v -4.67679201 1.00811854 -2.09569577
v -4.66787592 1.03762665 -2.22699926
v -4.67122538 1.0209781 -2.21293525
v -4.66787592 1.03762665 -2.22699926
v -4.61961919 1.03762663 -2.24475931
v -4.62250789 1.00921101 -2.23021488
v -4.62250789 1.00921101 -2.23021488
v -4.62732245 0.9882082 -2.10827117
v -4.62732245 0.9882082 -2.10827117
v -4.62250789 1.00921101 -2.23021488
v -4.48484808 1.00737439 -2.23021488
v -4.48764855 0.98501408 -2.10827117
v -4.48316777 1.03762662 -2.24475931
v -4.48484808 1.00737439 -2.23021488
v -4.29343672 1.03762662 -2.24475931
v -4.29343672 1.00907233 -2.23021488
v -4.29343672 1.00907233 -2.23021488
v -4.29343672 0.98796702 -2.10827117
v -4.10202507 1.00737439 -2.23021488
v -4.0992246 0.98501408 -2.10827117
v -4.10370537 1.03762662 -2.24475931
v -4.10202507 1.00737439 -2.23021488
v -3.96436492 1.00921101 -2.23021488
v -3.95955038 0.9882082 -2.10827117
v -3.91564776 1.02097834 -1.42410039
v -3.91899727 1.0376269 -1.41003638
v -3.91564776 1.02097834 -1.42410039
v -3.91899727 1.0376269 -1.41003638
v -3.96725368 1.03762689 -1.39227634
v -3.96436497 1.00921126 -1.40682074
v -3.96436497 1.00921126 -1.40682074
v -3.9595504 0.98820838 -1.52876445
v -3.96436497 1.00921126 -1.40682074
v -4.10202509 1.00737464 -1.40682074
v -4.0992246 0.98501425 -1.52876444
v -4.10370537 1.03762688 -1.39227634
v -4.10202509 1.00737464 -1.40682074
v -4.29343672 1.03762688 -1.39227634
v -4.29343672 1.00907258 -1.40682074
v -4.29343672 1.00907258 -1.40682074
v -4.29343672 0.98796719 -1.52876445
v -4.48484808 1.00737464 -1.40682074
v -4.48764855 0.98501425 -1.52876444
v -4.48316779 1.03762688 -1.39227634
v -4.48484808 1.00737464 -1.40682074
v -4.62250791 1.00921126 -1.40682074
v -4.62732245 0.98820838 -1.52876445
v -3.90811834 1.07104839 -1.81851783
v -3.95762457 1.09445797 -1.81851784
v -3.9595504 1.08704529 -1.52876448
v -3.91008114 1.06713499 -1.54133985
v -3.9595504 1.08704512 -2.1082712
v -4.0992246 1.09023923 -2.1082712
v -4.0981044 1.09813121 -1.81851784
v -3.95762457 1.09445797 -1.81851784
v -4.29343672 1.0872863 -2.1082712
v -4.29343671 1.09473532 -1.81851784
v -4.29343672 1.08728647 -1.52876448
v -4.0992246 1.09023941 -1.52876448
v -3.9595504 1.08704529 -1.52876448
v -4.48764857 1.09023923 -2.1082712
v -4.48876874 1.09813121 -1.81851784
v -4.62732245 1.08704512 -2.1082712
v -4.62924824 1.09445798 -1.81851784
v -4.62732248 1.08704529 -1.52876448
v -4.48764855 1.09023941 -1.52876448
v -4.67875481 1.00420514 -1.81851781
v -4.62924824 0.98079551 -1.8185178
v -4.48876874 0.97712228 -1.8185178
v -4.62924824 0.98079551 -1.8185178
v -4.29343671 0.98051815 -1.8185178
v -4.0981044 0.97712227 -1.8185178
v -3.95762459 0.98079552 -1.8185178
v -3.91564779 1.05427544 -1.4241004
v -3.96436495 1.06604249 -1.40682076
v -3.91564779 1.05427544 -1.4241004
v -3.96436495 1.06604249 -1.40682076
v -4.10202507 1.0678791 -1.40682076
v -3.96436495 1.06604249 -1.40682076
v -4.10202507 1.0678791 -1.40682076
v -4.29343672 1.06618117 -1.40682076
v -4.29343672 1.06618117 -1.40682076
v -4.48484808 1.0678791 -1.40682076
v -4.48484808 1.0678791 -1.40682076
v -4.62250793 1.06604249 -1.40682079
v -4.67122543 1.0542752 -2.21293526
v -4.62250793 1.06604224 -2.2302149
v -4.67122543 1.0542752 -2.21293526
v -4.62250793 1.06604224 -2.2302149
v -4.48484808 1.06787885 -2.2302149
v -4.62250793 1.06604224 -2.2302149
v -4.48484808 1.06787885 -2.2302149
v -4.29343672 1.06618092 -2.2302149
v -4.29343672 1.06618092 -2.2302149
v -4.10202507 1.06787885 -2.2302149
v -4.10202507 1.06787885 -2.2302149
v -3.96436497 1.06604224 -2.23021487
vn -0.87298 -0.0077 -0.48769
vn -0.87302 -0.0078 -0.48761
vn -0.87303 -0.0077 -0.48761
vn -0.97912 -0.006 -0.2032
vn -0.9791 -0.0059 -0.2033
vn -0.9791 -0.006 -0.2033
vn -0.97912 0.006 -0.2032
vn -0.9791 0.006 -0.2033
vn -0.87298 0.0077 -0.48769
vn -0.87302 0.0078 -0.48761
vn 0.34691 0.93144 0.1099
vn 0.34692 0.93145 0.10981
vn 0.77778 0.38309 0.49829
vn 0.99709 0.0419 -0.0637
vn 0.99708 0.042 -0.0638
vn 0.99697 0.0074 -0.0775
vn 0.99697 0.0073 -0.0775
vn 0.87298 0.0077 -0.48769
vn 0.87298 0.0078 -0.48769
vn 0.87303 0.0077 -0.48761
vn 0.97912 0.006 -0.2032
vn 0.9791 0.006 -0.2033
vn 0.97912 -0.006 -0.2032
vn 0.9791 -0.006 -0.2033
vn 0.87298 -0.0077 -0.48769
vn 0.87302 -0.0078 -0.48761
vn -0.34688 -0.93145 0.10989
vn -0.34692 -0.93145 0.10981
vn -0.34691 -0.93144 0.1099
vn -0.77778 -0.38309 0.49829
vn -0.99708 -0.042 -0.0638
vn -0.99709 -0.0419 -0.0637
vn -0.99709 -0.042 -0.0637
vn -0.99697 -0.0074 -0.0775
vn -0.99697 -0.0074 -0.0774
vn 0.87909 0.0531 -0.47369
vn 0.87913 0.0531 -0.47362
vn 0.99978 0.0028 0.0207
vn 0.99978 0.0028 0.0206
vn 0.99978 0.0029 0.0207
vn 0.99978 -0.0028 0.0207
vn 0.99978 -0.0029 0.0207
vn 0.87913 -0.0531 -0.47362
vn 0.87909 -0.0531 -0.47369
vn -0.87909 0.0531 0.47369
vn -0.87913 0.0531 0.47362
vn -0.99978 0.0028 -0.0206
vn -0.99978 0.0029 -0.0207
vn -0.99978 -0.0028 -0.0207
vn -0.99978 -0.0029 -0.0207
vn -0.87913 -0.0531 0.47362
vn -0.87909 -0.0531 0.47369
vn -0.77778 -0.38309 -0.49829
vn -0.34691 -0.93144 -0.1099
vn -0.34688 -0.93145 -0.10989
vn -0.99697 -0.0074 0.0774
vn -0.99697 -0.0073 0.0774
vn -0.99697 -0.0074 0.0775
vn -0.99709 -0.042 0.0637
vn -0.99709 -0.0419 0.0637
vn 0.9791 0.006 0.2033
vn 0.97912 0.006 0.2032
vn 0.87298 0.0077 0.48769
vn 0.87303 0.0077 0.48761
vn 0.87302 0.0078 0.48761
vn 0.87298 -0.0078 0.48769
vn 0.87303 -0.0077 0.48761
vn 0.87298 -0.0077 0.48769
vn 0.97912 -0.006 0.2032
vn 0.9791 -0.006 0.2033
vn 0.77778 0.38309 -0.49829
vn 0.34691 0.93144 -0.1099
vn 0.34688 0.93145 -0.10989
vn 0.99697 0.0073 0.0774
vn 0.99697 0.0074 0.0775
vn 0.99708 0.042 0.0638
vn 0.99709 0.0419 0.0637
vn 0.99709 0.042 0.0637
vn -0.9791 -0.006 0.2033
vn -0.97912 -0.006 0.2032
vn -0.97912 -0.0059 0.2032
vn -0.87298 -0.0077 0.48769
vn -0.87302 -0.0078 0.48761
vn -0.87302 0.0078 0.48761
vn -0.87303 0.0077 0.48761
vn -0.87298 0.0077 0.48769
vn -0.97912 0.006 0.2032
vn -0.9791 0.006 0.2033
vn -0.99709 0.042 0.0637
vn -0.99708 0.042 0.0638
vn -0.99709 0.0419 0.0637
vn -0.99697 0.0074 0.0775
vn -0.34691 0.93144 -0.1099
vn -0.34692 0.93145 -0.10981
vn -0.77778 0.38309 -0.49829
vn -0.0575 0.65513 -0.75333
vn -0.0576 0.65518 -0.75328
vn -0.0576 0.65528 -0.75318
vn -0.0576 0.65523 -0.75323
vn -0.0026 0.99485 -0.10131
vn -0.0029 0.99487 -0.1011
vn -0.003 0.99489 -0.1009
vn -0.0028 0.99487 -0.1011
vn 0.0019 0.99489 -0.1009
vn 0.0019 0.99488 -0.101
vn 0.0383 0.65519 -0.75449
vn -0.0383 0.65519 -0.75449
vn -0.0384 0.65519 -0.75449
vn -0.0019 0.99488 -0.101
vn -0.0019 0.99489 -0.1009
vn 0.0027 0.99489 -0.1009
vn 0.0028 0.99487 -0.1011
vn 0.0031 0.99485 -0.10131
vn 0.0029 0.99487 -0.1011
vn 0.0576 0.65518 -0.75328
vn 0.99709 -0.0419 0.0637
vn 0.99697 -0.0074 0.0775
vn 0.99697 -0.0073 0.0775
vn 0.34691 -0.93144 -0.1099
vn 0.34688 -0.93145 -0.10989
vn 0.34692 -0.93145 -0.10981
vn 0.77778 -0.38309 -0.49829
vn 0.0575 -0.65513 -0.75333
vn 0.0575 -0.65518 -0.75328
vn 0.0574 -0.65508 -0.75338
vn 0.0576 -0.65518 -0.75328
vn 0.0029 -0.99487 -0.1011
vn 0.003 -0.99489 -0.1009
vn 0.0028 -0.99487 -0.1011
vn -0.0018 -0.99491 -0.1008
vn -0.0019 -0.99489 -0.1009
vn -0.0019 -0.99488 -0.101
vn -0.0383 -0.65519 -0.75449
vn 0.0383 -0.65519 -0.75449
vn 0.0384 -0.65519 -0.75449
vn 0.0018 -0.99489 -0.101
vn 0.0019 -0.99488 -0.101
vn 0.002 -0.9949 -0.1008
vn 0.0019 -0.99489 -0.1009
vn -0.0027 -0.99489 -0.1009
vn -0.0028 -0.99487 -0.1011
vn -0.0031 -0.99485 -0.10131
vn -0.0029 -0.99487 -0.1011
vn -0.0576 -0.65518 -0.75328
vn 0.99978 0.0028 -0.0207
vn 0.99978 0.0029 -0.0207
vn 0.87909 0.0531 0.47369
vn 0.87913 0.0531 0.47362
vn 0.87913 -0.0531 0.47362
vn 0.87909 -0.0531 0.47369
vn 0.99978 -0.0029 -0.0207
vn 0.99978 -0.0028 -0.0207
vn 0.99978 -0.0028 -0.0206
vn 0.1019 0.1277 0.98657
vn -0.0677 0.1274 0.98954
vn -0.0679 0.1276 0.9895
vn -0.068 0.1276 0.98949
vn -0.068 -0.1276 0.98949
vn -0.0679 -0.1276 0.9895
vn 0.1019 -0.1277 0.98657
vn 0.0679 0.1276 0.9895
vn 0.068 0.1276 0.98949
vn -0.1019 0.1277 0.98657
vn -0.1019 -0.1277 0.98657
vn 0.068 -0.1276 0.98949
vn 0.0679 -0.1275 0.98951
vn 0.0679 -0.1276 0.9895
vn -0.99978 0.0028 0.0207
vn -0.99978 0.0029 0.0207
vn -0.87909 0.0531 -0.47369
vn -0.87913 0.0531 -0.47362
vn -0.87913 -0.0531 -0.47362
vn -0.87909 -0.0531 -0.47369
vn -0.99978 -0.0029 0.0207
vn -0.99978 -0.0028 0.0207
vn -0.99978 -0.0028 0.0206
vn -0.1019 0.1277 -0.98657
vn 0.0678 0.1275 -0.98952
vn 0.0679 0.1276 -0.9895
vn 0.0679 -0.1276 -0.9895
vn 0.068 -0.1276 -0.98949
vn -0.1019 -0.1277 -0.98657
vn -0.0679 0.1276 -0.9895
vn 0.1019 0.1277 -0.98657
vn 0.1019 -0.1277 -0.98657
vn -0.0679 -0.1276 -0.9895
vn -0.0679 -0.1275 -0.98951
vn 0.99697 -0.0074 -0.0775
vn 0.99697 -0.0073 -0.0774
vn 0.99709 -0.042 -0.0637
vn 0.99708 -0.042 -0.0638
vn 0.99709 -0.0419 -0.0637
vn 0.77778 -0.38309 0.49829
vn 0.34688 -0.93145 0.10989
vn 0.34691 -0.93144 0.1099
vn 0.0031 -0.99485 0.10131
vn 0.0029 -0.99487 0.1011
vn 0.0029 -0.99486 0.1012
vn 0.0028 -0.99487 0.1011
vn 0.0576 -0.65518 0.75328
vn -0.0384 -0.65519 0.75449
vn -0.0383 -0.65519 0.75449
vn -0.0019 -0.99489 0.1009
vn -0.0019 -0.99488 0.101
vn 0.0019 -0.99488 0.101
vn 0.0018 -0.99491 0.1008
vn 0.0019 -0.99489 0.1009
vn 0.0383 -0.65519 0.75449
vn -0.0574 -0.65508 0.75338
vn -0.0576 -0.65518 0.75328
vn -0.0575 -0.65513 0.75333
vn -0.0575 -0.65518 0.75328
vn -0.003 -0.99489 0.1009
vn -0.0028 -0.99487 0.1011
vn -0.0026 -0.99485 0.10131
vn -0.99697 0.0074 -0.0775
vn -0.99697 0.0074 -0.0774
vn -0.99697 0.0073 -0.0774
vn -0.99709 0.042 -0.0637
vn -0.99709 0.0419 -0.0637
vn -0.77778 0.38309 0.49829
vn -0.34688 0.93145 0.10989
vn -0.34691 0.93144 0.1099
vn -0.0031 0.99485 0.10131
vn -0.0029 0.99487 0.1011
vn -0.0027 0.99489 0.1009
vn -0.0028 0.99487 0.1011
vn -0.0576 0.65518 0.75328
vn 0.0384 0.65519 0.75449
vn 0.0383 0.65519 0.75449
vn 0.002 0.9949 0.1008
vn 0.0019 0.99489 0.1009
vn 0.0019 0.99488 0.101
vn -0.0019 0.99489 0.1009
vn -0.0019 0.99488 0.101
vn -0.0383 0.65519 0.75449
vn 0.0574 0.65508 0.75338
vn 0.0576 0.65518 0.75328
vn 0.0575 0.65513 0.75333
vn 0.0575 0.65518 0.75328
vn 0.003 0.99489 0.1009
vn 0.0029 0.99487 0.1011
vn 0.0026 0.99485 0.10131
vt 0.71499 0.37534
vt 0.71523 0.37488
vt 0.72177 0.37544
vt 0.72177 0.37534
vt 0.7166 0.374
vt 0.72177 0.37433
vt 0.72694 0.374
vt 0.72831 0.37488
vt 0.72855 0.37534
vt 0.73078 0.37534
vt 0.73086 0.37204
vt 0.73221 0.37341
vt 0.73212 0.37534
vt 0.7316 0.37204
vt 0.72869 0.36961
vt 0.72838 0.37192
vt 0.73118 0.37341
vt 0.73152 0.37534
vt 0.71276 0.37534
vt 0.71268 0.37204
vt 0.71133 0.37341
vt 0.71142 0.37534
vt 0.71194 0.37204
vt 0.71485 0.36961
vt 0.71515 0.37192
vt 0.71235 0.37341
vt 0.71202 0.37534
vt 0.72869 0.38107
vt 0.72838 0.37876
vt 0.72177 0.37921
vt 0.72177 0.38193
vt 0.72694 0.37668
vt 0.72177 0.37635
vt 0.7166 0.37668
vt 0.71515 0.37876
vt 0.71485 0.38107
vt 0.72177 0.37146
vt 0.72177 0.36875
vt 0.71194 0.37863
vt 0.71235 0.37727
vt 0.71268 0.37863
vt 0.71133 0.37727
vt 0.71523 0.37579
vt 0.72831 0.37579
vt 0.72177 0.37524
vt 0.7316 0.37863
vt 0.73118 0.37727
vt 0.73086 0.37863
vt 0.73221 0.37727
vt 0.71254 0.36845
vt 0.71268 0.36555
vt 0.71648 0.36555
vt 0.7164 0.36845
vt 0.71653 0.37534
vt 0.71648 0.37885
vt 0.72177 0.37865
vt 0.72177 0.36555
vt 0.72177 0.36845
vt 0.72706 0.36555
vt 0.72714 0.36845
vt 0.72701 0.37534
vt 0.72706 0.37885
vt 0.73086 0.36555
vt 0.73099 0.36845
vt 0.73099 0.38223
vt 0.73086 0.38513
vt 0.72706 0.38513
vt 0.72714 0.38223
vt 0.72177 0.38513
vt 0.72177 0.38223
vt 0.71648 0.38513
vt 0.7164 0.38223
vt 0.71268 0.38513
vt 0.71254 0.38223
vt 0.72717 0.37534
vt 0.73105 0.37534
vt 0.71637 0.37534
vt 0.71249 0.37534
vt 0.72706 0.37183
vt 0.72177 0.37203
vt 0.71648 0.37183
usemtl mat1
f 587/215/518 588/216/518 589/217/519
f 587/215/518 589/217/519 590/218/520
f 588/216/521 591/219/521 592/220/522
f 588/216/521 592/220/522 589/217/523
f 589/217/524 592/220/525 593/221/525
f 589/217/524 593/221/525 594/222/525
f 590/218/526 589/217/527 594/222/526
f 590/218/526 594/222/526 595/223/526
f 596/224/528 597/225/529 598/226/528
f 596/224/528 598/226/528 599/227/528
f 600/228/530 601/229/530 602/230/530
f 600/228/530 602/230/530 603/231/530
f 603/231/531 602/230/531 604/221/531
f 603/231/531 604/221/531 605/222/532
f 606/232/533 603/231/533 605/222/533
f 606/232/533 605/222/533 607/223/534
f 607/223/535 605/222/535 608/217/536
f 607/223/535 608/217/536 609/218/537
f 605/222/538 604/221/538 610/220/538
f 605/222/538 610/220/538 608/217/539
f 608/217/540 610/220/541 611/219/541
f 608/217/540 611/219/541 612/216/541
f 609/218/542 608/217/543 612/216/542
f 609/218/542 612/216/542 613/215/542
f 614/233/544 615/234/545 616/235/546
f 614/233/544 616/235/546 617/236/546
f 618/237/547 619/238/547 620/239/547
f 618/237/547 620/239/547 621/240/547
f 621/240/548 620/239/549 591/219/549
f 621/240/548 591/219/549 588/216/550
f 622/241/551 621/240/551 588/216/552
f 622/241/551 588/216/552 587/215/551
f 623/242/553 624/243/554 625/244/554
f 623/242/553 625/244/554 626/245/554
f 624/243/555 627/246/556 628/247/557
f 624/243/555 628/247/557 625/244/557
f 625/244/558 628/247/559 629/248/558
f 625/244/558 629/248/558 630/249/559
f 626/245/560 625/244/560 630/249/561
f 626/245/560 630/249/561 631/250/560
f 632/229/562 633/230/562 634/251/563
f 632/229/562 634/251/563 635/252/563
f 633/230/564 593/221/564 592/220/565
f 633/230/564 592/220/565 634/251/565
f 634/251/566 592/220/567 591/219/566
f 634/251/566 591/219/566 620/239/567
f 635/252/568 634/251/568 620/239/569
f 635/252/568 620/239/569 619/238/568
f 636/250/570 637/253/570 638/254/570
f 636/250/570 638/254/570 639/249/570
f 640/255/571 614/233/572 617/236/572
f 640/255/571 617/236/572 641/256/571
f 638/254/573 622/241/574 587/215/575
f 638/254/573 587/215/575 642/257/575
f 639/249/576 638/254/577 642/257/576
f 639/249/576 642/257/576 643/248/576
f 627/246/578 644/258/578 645/259/579
f 627/246/578 645/259/579 628/247/578
f 644/258/580 607/223/581 609/218/580
f 644/258/580 609/218/580 645/259/582
f 645/259/583 609/218/584 613/215/585
f 645/259/583 613/215/585 646/257/584
f 628/247/586 645/259/587 646/257/586
f 628/247/586 646/257/586 629/248/586
f 623/242/588 647/260/588 648/261/588
f 623/242/588 648/261/588 624/243/588
f 649/262/589 596/224/590 599/227/590
f 649/262/589 599/227/590 650/263/589
f 648/261/591 606/232/591 607/223/592
f 648/261/591 607/223/592 644/258/592
f 624/243/593 648/261/594 644/258/595
f 624/243/593 644/258/595 627/246/595
f 643/248/596 642/257/596 651/259/597
f 643/248/596 651/259/597 652/247/598
f 642/257/599 587/215/599 590/218/599
f 642/257/599 590/218/599 651/259/600
f 651/259/601 590/218/602 595/223/603
f 651/259/601 595/223/603 653/258/603
f 652/247/604 651/259/605 653/258/604
f 652/247/604 653/258/604 654/246/604
f 654/246/606 653/258/606 655/261/607
f 654/246/606 655/261/607 656/243/608
f 653/258/609 595/223/609 657/232/609
f 653/258/609 657/232/609 655/261/609
f 658/256/610 659/236/610 660/233/610
f 658/256/610 660/233/610 661/255/611
f 656/243/612 655/261/612 662/260/612
f 656/243/612 662/260/612 663/242/612
f 664/264/613 665/265/614 666/266/615
f 664/264/613 666/266/615 667/267/616
f 661/255/617 660/233/618 668/268/619
f 661/255/617 668/268/619 669/269/620
f 669/269/621 668/268/621 670/218/622
f 669/269/621 670/218/622 671/270/621
f 667/267/623 666/266/623 672/271/623
f 667/267/623 672/271/623 673/272/623
f 673/272/624 672/271/624 674/273/625
f 673/272/624 674/273/625 675/274/624
f 671/270/626 670/218/626 676/275/627
f 671/270/626 676/275/627 677/276/627
f 677/276/628 676/275/629 596/224/630
f 677/276/628 596/224/630 649/262/631
f 675/274/632 674/273/632 678/277/632
f 675/274/632 678/277/632 679/278/632
f 629/248/633 646/257/633 680/254/633
f 629/248/633 680/254/633 630/249/633
f 646/257/634 613/215/635 681/241/634
f 646/257/634 681/241/634 680/254/634
f 682/263/636 683/227/636 684/224/637
f 682/263/636 684/224/637 685/262/638
f 630/249/639 680/254/639 686/253/639
f 630/249/639 686/253/639 631/250/639
f 687/279/640 688/280/641 689/281/642
f 687/279/640 689/281/642 690/282/643
f 685/262/644 684/224/644 691/275/645
f 685/262/644 691/275/645 692/276/646
f 692/276/647 691/275/648 693/218/649
f 692/276/647 693/218/649 694/270/649
f 690/282/650 689/281/650 695/283/650
f 690/282/650 695/283/650 696/284/650
f 696/284/651 695/283/651 697/285/652
f 696/284/651 697/285/652 698/286/651
f 694/270/653 693/218/654 699/268/655
f 694/270/653 699/268/655 700/269/656
f 700/269/657 699/268/658 614/233/659
f 700/269/657 614/233/659 640/255/660
f 698/286/661 697/285/661 701/287/661
f 698/286/661 701/287/661 702/288/661
f 604/221/662 602/230/663 703/251/662
f 604/221/662 703/251/662 610/220/662
f 602/230/664 601/229/665 704/252/665
f 602/230/664 704/252/665 703/251/665
f 703/251/666 704/252/666 705/238/667
f 703/251/666 705/238/667 706/239/666
f 610/220/668 703/251/668 706/239/669
f 610/220/668 706/239/669 611/219/670
f 707/278/671 708/274/671 709/289/671
f 707/278/671 709/289/671 710/290/671
f 708/274/672 711/272/673 712/218/674
f 708/274/672 712/218/674 709/289/674
f 709/289/675 712/218/676 713/284/676
f 709/289/675 713/284/676 714/282/676
f 710/290/677 709/289/677 714/282/677
f 710/290/677 714/282/677 715/279/677
f 711/272/678 716/267/678 717/291/679
f 711/272/678 717/291/679 712/218/679
f 716/267/680 718/264/680 719/292/680
f 716/267/680 719/292/680 717/291/680
f 717/291/681 719/292/681 720/288/681
f 717/291/681 720/288/681 721/286/681
f 712/218/682 717/291/682 721/286/683
f 712/218/682 721/286/683 713/284/684
f 654/246/685 656/243/686 722/244/685
f 654/246/685 722/244/685 652/247/686
f 656/243/687 663/242/688 723/245/688
f 656/243/687 723/245/688 722/244/688
f 722/244/689 723/245/689 636/250/690
f 722/244/689 636/250/690 639/249/690
f 652/247/691 722/244/691 639/249/692
f 652/247/691 639/249/692 643/248/693
f 664/264/694 667/267/694 724/291/694
f 664/264/694 724/291/694 725/292/694
f 667/267/695 673/272/696 726/218/696
f 667/267/695 726/218/696 724/291/696
f 724/291/697 726/218/697 696/284/698
f 724/291/697 696/284/698 698/286/698
f 725/292/699 724/291/699 698/286/699
f 725/292/699 698/286/699 702/288/699
f 673/272/700 675/274/700 727/289/700
f 673/272/700 727/289/700 726/218/700
f 675/274/701 679/278/701 728/290/701
f 675/274/701 728/290/701 727/289/701
f 727/289/702 728/290/702 687/279/702
f 727/289/702 687/279/702 690/282/702
f 726/218/703 727/289/703 690/282/704
f 726/218/703 690/282/704 696/284/703
f 613/215/705 612/216/705 729/240/706
f 613/215/705 729/240/706 681/241/706
f 612/216/707 611/219/707 706/239/708
f 612/216/707 706/239/708 729/240/709
f 729/240/710 706/239/710 705/238/710
f 729/240/710 705/238/710 730/237/710
f 683/227/711 731/226/712 732/225/712
f 683/227/711 732/225/712 684/224/711
f 684/224/713 732/225/714 733/293/715
f 684/224/713 733/293/715 691/275/716
f 734/280/717 715/279/717 714/282/717
f 734/280/717 714/282/717 735/281/717
f 735/281/718 714/282/719 713/284/719
f 735/281/718 713/284/719 736/283/719
f 691/275/720 733/293/720 737/294/721
f 691/275/720 737/294/721 693/218/721
f 693/218/722 737/294/722 738/295/723
f 693/218/722 738/295/723 699/268/724
f 736/283/725 713/284/725 721/286/725
f 736/283/725 721/286/725 739/285/725
f 739/285/726 721/286/727 720/288/728
f 739/285/726 720/288/728 740/287/729
f 699/268/730 738/295/731 615/234/732
f 699/268/730 615/234/732 614/233/731
f 595/223/733 594/222/733 741/231/734
f 595/223/733 741/231/734 657/232/735
f 594/222/736 593/221/736 633/230/736
f 594/222/736 633/230/736 741/231/737
f 741/231/738 633/230/738 632/229/738
f 741/231/738 632/229/738 742/228/738
f 659/236/739 743/235/740 744/234/740
f 659/236/739 744/234/740 660/233/739
f 660/233/741 744/234/742 745/295/743
f 660/233/741 745/295/743 668/268/744
f 746/265/745 718/264/745 716/267/745
f 746/265/745 716/267/745 747/266/745
f 747/266/746 716/267/747 711/272/747
f 747/266/746 711/272/747 748/271/747
f 668/268/748 745/295/749 749/294/750
f 668/268/748 749/294/750 670/218/750
f 670/218/751 749/294/752 750/293/751
f 670/218/751 750/293/751 676/275/751
f 748/271/753 711/272/753 708/274/753
f 748/271/753 708/274/753 751/273/753
f 751/273/754 708/274/755 707/278/756
f 751/273/754 707/278/756 752/277/757
f 676/275/758 750/293/759 597/225/760
f 676/275/758 597/225/760 596/224/759
# Vertices: 166, normals: 243, texture coordinates: 81, faces: 224

o obj5
v -4.71331876 1.55956878 -2.53964744
v -4.71685999 1.56350199 -2.54984615
v -4.71344605 1.55870243 -2.82380845
v -4.70969198 1.5595687 -2.82380845
v -4.72315433 1.5711045 -2.60733226
v -4.7225067 1.5683138 -2.82380845
v -4.72315437 1.57110437 -3.04028466
v -4.71685999 1.56350183 -3.0977708
v -4.71331876 1.55956861 -3.10796946
v -4.01409244 1.55956853 -3.25004993
v -4.01120373 1.58798414 -3.2355055
v -3.9624865 1.5762171 -3.21822588
v -3.96583603 1.55956855 -3.23228986
v -4.01120373 1.58798414 -3.2355055
v -4.00638916 1.60898702 -3.11356183
v -3.9569199 1.58907673 -3.10098644
v -3.9624865 1.5762171 -3.21822588
v -3.95739675 1.57110437 -3.04028462
v -3.96369123 1.56350183 -3.09777075
v -3.96583603 1.55956855 -3.23228986
v -3.96723248 1.55956861 -3.10796943
v -3.96710537 1.55870243 -2.82380845
v -3.97085948 1.5595687 -2.82380845
v -3.95804451 1.5683138 -2.82380845
v -3.95739675 1.5711045 -2.60733226
v -3.96369127 1.56350199 -2.5498461
v -3.9672325 1.55956878 -2.53964744
v -4.66645795 1.55956879 -2.39756696
v -4.66934669 1.58798439 -2.41211142
v -4.71806419 1.57621734 -2.42939102
v -4.71471473 1.5595688 -2.41532704
v -4.66934669 1.58798439 -2.41211142
v -4.67416124 1.60898719 -2.5340551
v -4.72363077 1.58907689 -2.54663048
v -4.71806419 1.57621734 -2.42939102
v -4.71471473 1.5595688 -2.41532704
v -4.00638914 1.51015011 -3.1135618
v -3.9569199 1.53006044 -3.10098642
v -3.95495715 1.52614704 -2.82380844
v -4.00446335 1.50273742 -2.82380843
v -3.95739675 1.54803287 -3.04028464
v -3.95804451 1.55082357 -2.82380845
v -3.95739675 1.548033 -2.60733226
v -3.9569199 1.53006061 -2.54663048
v -4.00638916 1.51015028 -2.53405507
v -4.67416121 1.60898702 -3.11356183
v -4.72363077 1.58907673 -3.10098644
v -4.72559352 1.59299029 -2.82380846
v -4.676087 1.61639988 -2.82380847
v -4.67416121 1.51015028 -2.53405507
v -4.66934667 1.53115316 -2.41211137
v -4.71806419 1.54292024 -2.42939099
v -4.72363081 1.53006061 -2.54663048
v -4.66934667 1.53115316 -2.41211137
v -4.71806419 1.54292024 -2.42939099
v -4.71685999 1.55563556 -2.54984615
v -4.72315433 1.548033 -2.60733228
v -3.96369123 1.55563539 -3.09777077
v -3.96710539 1.56043496 -2.82380845
v -3.96369125 1.55563556 -2.5498461
v -4.01120368 1.53115291 -3.23550551
v -3.9624865 1.54292 -3.21822587
v -4.01120368 1.53115291 -3.23550551
v -3.9624865 1.54292 -3.21822587
v -4.71344603 1.56043496 -2.82380845
v -4.7225067 1.55082357 -2.82380844
v -4.71685996 1.55563539 -3.0977708
v -4.72315437 1.54803287 -3.04028465
v -4.71806414 1.54292 -3.21822587
v -4.72363077 1.53006044 -3.1009864
v -4.71471468 1.55956855 -3.23228989
v -4.71806414 1.54292 -3.21822587
v -4.71471468 1.55956855 -3.23228989
v -4.66645795 1.55956853 -3.25004993
v -4.66934665 1.53115291 -3.23550551
v -4.66934665 1.53115291 -3.23550551
v -4.67416121 1.5101501 -3.1135618
v -4.67416121 1.5101501 -3.1135618
v -4.66934665 1.53115291 -3.23550551
v -4.53168684 1.52931629 -3.23550551
v -4.53448731 1.50695598 -3.11356179
v -4.53000653 1.55956852 -3.25004993
v -4.53168684 1.52931629 -3.23550551
v -4.34027548 1.55956852 -3.25004993
v -4.34027548 1.53101423 -3.23550551
v -4.34027548 1.53101423 -3.23550551
v -4.34027548 1.50990892 -3.1135618
v -4.14886383 1.52931629 -3.23550551
v -4.14606336 1.50695598 -3.11356179
v -4.15054413 1.55956852 -3.25004993
v -4.14886383 1.52931629 -3.23550551
v -4.01120368 1.53115291 -3.23550551
v -4.00638914 1.51015011 -3.1135618
v -3.96248652 1.54292024 -2.42939101
v -3.96583603 1.5595688 -2.41532701
v -3.96248652 1.54292024 -2.42939101
v -3.96583603 1.5595688 -2.41532701
v -4.01409244 1.55956879 -2.39756696
v -4.01120373 1.53115316 -2.41211137
v -4.01120373 1.53115316 -2.41211137
v -4.00638916 1.51015028 -2.53405507
v -4.01120373 1.53115316 -2.41211137
v -4.14886385 1.52931654 -2.41211137
v -4.14606336 1.50695616 -2.53405507
v -4.15054413 1.55956878 -2.39756696
v -4.14886385 1.52931654 -2.41211137
v -4.34027548 1.55956878 -2.39756696
v -4.34027548 1.53101448 -2.41211137
v -4.34027548 1.53101448 -2.41211137
v -4.34027548 1.50990909 -2.53405507
v -4.53168684 1.52931654 -2.41211137
v -4.53448731 1.50695616 -2.53405507
v -4.53000655 1.55956878 -2.39756696
v -4.53168684 1.52931654 -2.41211137
v -4.66934667 1.53115316 -2.41211137
v -4.67416121 1.51015028 -2.53405507
v -3.9549571 1.59299029 -2.82380846
v -4.00446333 1.61639987 -2.82380847
v -4.00638916 1.60898719 -2.5340551
v -3.9569199 1.58907689 -2.54663048
v -4.00638916 1.60898702 -3.11356183
v -4.14606336 1.61218113 -3.11356183
v -4.14494316 1.62007311 -2.82380847
v -4.00446333 1.61639987 -2.82380847
v -4.34027548 1.6092282 -3.11356183
v -4.34027547 1.61667723 -2.82380847
v -4.34027548 1.60922837 -2.5340551
v -4.14606336 1.61218131 -2.5340551
v -4.00638916 1.60898719 -2.5340551
v -4.53448733 1.61218113 -3.11356183
v -4.5356075 1.62007311 -2.82380847
v -4.67416121 1.60898702 -3.11356183
v -4.676087 1.61639988 -2.82380847
v -4.67416124 1.60898719 -2.5340551
v -4.53448731 1.61218131 -2.5340551
v -4.72559357 1.52614704 -2.82380844
v -4.676087 1.50273741 -2.82380843
v -4.5356075 1.49906418 -2.82380843
v -4.676087 1.50273741 -2.82380843
v -4.34027547 1.50246005 -2.82380843
v -4.14494316 1.49906417 -2.82380843
v -4.00446335 1.50273742 -2.82380843
v -3.96248655 1.57621734 -2.42939102
v -4.01120371 1.58798439 -2.41211139
v -3.96248655 1.57621734 -2.42939102
v -4.01120371 1.58798439 -2.41211139
v -4.14886383 1.589821 -2.41211139
v -4.01120371 1.58798439 -2.41211139
v -4.14886383 1.589821 -2.41211139
v -4.34027548 1.58812307 -2.41211139
v -4.34027548 1.58812307 -2.41211139
v -4.53168684 1.589821 -2.41211139
v -4.53168684 1.589821 -2.41211139
v -4.66934669 1.58798439 -2.41211142
v -4.71806419 1.5762171 -3.21822588
v -4.66934669 1.58798414 -3.23550553
v -4.71806419 1.5762171 -3.21822588
v -4.66934669 1.58798414 -3.23550553
v -4.53168684 1.58982076 -3.23550553
v -4.66934669 1.58798414 -3.23550553
v -4.53168684 1.58982076 -3.23550553
v -4.34027548 1.58812282 -3.23550553
v -4.34027548 1.58812282 -3.23550553
v -4.14886383 1.58982076 -3.23550553
v -4.14886383 1.58982076 -3.23550553
v -4.01120373 1.58798414 -3.2355055
v -4.71331876 1.65637592 -2.53964747
v -4.71685999 1.66030914 -2.54984618
v -4.71344605 1.65550958 -2.82380848
v -4.70969198 1.65637584 -2.82380848
v -4.72315433 1.66791164 -2.60733229
v -4.7225067 1.66512095 -2.82380848
v -4.72315437 1.66791151 -3.04028469
v -4.71685999 1.66030897 -3.09777083
v -4.71331876 1.65637575 -3.10796949
v -4.01409244 1.65637567 -3.25004996
v -4.01120373 1.68479128 -3.23550553
v -3.9624865 1.67302424 -3.21822591
v -3.96583603 1.65637569 -3.23228989
v -4.01120373 1.68479128 -3.23550553
v -4.00638916 1.70579416 -3.11356185
v -3.9569199 1.68588388 -3.10098647
v -3.9624865 1.67302424 -3.21822591
v -3.95739675 1.66791151 -3.04028465
v -3.96369123 1.66030897 -3.09777078
v -3.96583603 1.65637569 -3.23228989
v -3.96723248 1.65637575 -3.10796946
v -3.96710537 1.65550958 -2.82380848
v -3.97085948 1.65637584 -2.82380848
v -3.95804451 1.66512095 -2.82380848
v -3.95739675 1.66791164 -2.60733229
v -3.96369127 1.66030914 -2.54984613
v -3.9672325 1.65637592 -2.53964747
v -4.66645795 1.65637592 -2.39756699
v -4.66934669 1.68479153 -2.41211144
v -4.71806419 1.67302448 -2.42939105
v -4.71471473 1.65637594 -2.41532707
v -4.66934669 1.68479153 -2.41211144
v -4.67416124 1.70579434 -2.53405513
v -4.72363077 1.68588405 -2.54663051
v -4.71806419 1.67302448 -2.42939105
v -4.71471473 1.65637594 -2.41532707
v -4.00638914 1.60695725 -3.11356182
v -3.9569199 1.62686758 -3.10098645
v -3.95495715 1.62295418 -2.82380847
v -4.00446335 1.59954457 -2.82380846
v -3.95739675 1.64484002 -3.04028467
v -3.95804451 1.64763071 -2.82380848
v -3.95739675 1.64484015 -2.60733229
v -3.9569199 1.62686775 -2.54663051
v -4.00638916 1.60695742 -2.5340551
v -4.67416121 1.70579416 -3.11356185
v -4.72363077 1.68588388 -3.10098647
v -4.72559352 1.68979743 -2.82380849
v -4.676087 1.71320702 -2.8238085
v -4.67416121 1.60695743 -2.5340551
v -4.66934667 1.62796031 -2.4121114
v -4.71806419 1.63972739 -2.42939102
v -4.72363081 1.62686775 -2.54663051
v -4.66934667 1.62796031 -2.4121114
v -4.71806419 1.63972739 -2.42939102
v -4.71685999 1.6524427 -2.54984618
v -4.72315433 1.64484015 -2.60733231
v -3.96369123 1.65244254 -3.0977708
v -3.96710539 1.65724211 -2.82380848
v -3.96369125 1.6524427 -2.54984612
v -4.01120368 1.62796006 -3.23550554
v -3.9624865 1.63972714 -3.2182259
v -4.01120368 1.62796006 -3.23550554
v -3.9624865 1.63972714 -3.2182259
v -4.71344603 1.65724211 -2.82380848
v -4.7225067 1.64763071 -2.82380847
v -4.71685996 1.65244254 -3.09777083
v -4.72315437 1.64484002 -3.04028468
v -4.71806414 1.63972714 -3.2182259
v -4.72363077 1.62686758 -3.10098643
v -4.71471468 1.65637569 -3.23228992
v -4.71806414 1.63972714 -3.2182259
v -4.71471468 1.65637569 -3.23228992
v -4.66645795 1.65637567 -3.25004996
v -4.66934665 1.62796006 -3.23550554
v -4.66934665 1.62796006 -3.23550554
v -4.67416121 1.60695724 -3.11356182
v -4.67416121 1.60695724 -3.11356182
v -4.66934665 1.62796006 -3.23550554
v -4.53168684 1.62612343 -3.23550554
v -4.53448731 1.60376312 -3.11356182
v -4.53000653 1.65637567 -3.25004996
v -4.53168684 1.62612343 -3.23550554
v -4.34027548 1.65637567 -3.25004996
v -4.34027548 1.62782137 -3.23550554
v -4.34027548 1.62782137 -3.23550554
v -4.34027548 1.60671606 -3.11356182
v -4.14886383 1.62612343 -3.23550554
v -4.14606336 1.60376312 -3.11356182
v -4.15054413 1.65637567 -3.25004996
v -4.14886383 1.62612343 -3.23550554
v -4.01120368 1.62796006 -3.23550554
v -4.00638914 1.60695725 -3.11356182
v -3.96248652 1.63972738 -2.42939104
v -3.96583603 1.65637594 -2.41532704
v -3.96248652 1.63972738 -2.42939104
v -3.96583603 1.65637594 -2.41532704
v -4.01409244 1.65637592 -2.39756699
v -4.01120373 1.62796031 -2.4121114
v -4.01120373 1.62796031 -2.4121114
v -4.00638916 1.60695742 -2.5340551
v -4.01120373 1.62796031 -2.4121114
v -4.14886385 1.62612368 -2.4121114
v -4.14606336 1.60376329 -2.5340551
v -4.15054413 1.65637592 -2.39756699
v -4.14886385 1.62612368 -2.4121114
v -4.34027548 1.65637592 -2.39756699
v -4.34027548 1.62782162 -2.4121114
v -4.34027548 1.62782162 -2.4121114
v -4.34027548 1.60671624 -2.5340551
v -4.53168684 1.62612368 -2.4121114
v -4.53448731 1.60376329 -2.5340551
v -4.53000655 1.65637592 -2.39756699
v -4.53168684 1.62612368 -2.4121114
v -4.66934667 1.62796031 -2.4121114
v -4.67416121 1.60695743 -2.5340551
v -3.9549571 1.68979743 -2.82380849
v -4.00446333 1.713207 -2.8238085
v -4.00638916 1.70579434 -2.53405513
v -3.9569199 1.68588405 -2.54663051
v -4.00638916 1.70579416 -3.11356185
v -4.14606336 1.70898828 -3.11356186
v -4.14494316 1.71688025 -2.8238085
v -4.00446333 1.713207 -2.8238085
v -4.34027548 1.70603534 -3.11356185
v -4.34027547 1.71348438 -2.8238085
v -4.34027548 1.70603552 -2.53405513
v -4.14606336 1.70898845 -2.53405513
v -4.00638916 1.70579434 -2.53405513
v -4.53448733 1.70898828 -3.11356186
v -4.5356075 1.71688025 -2.8238085
v -4.67416121 1.70579416 -3.11356185
v -4.676087 1.71320702 -2.8238085
v -4.67416124 1.70579434 -2.53405513
v -4.53448731 1.70898845 -2.53405513
v -4.72559357 1.62295418 -2.82380847
v -4.676087 1.59954456 -2.82380846
v -4.5356075 1.59587132 -2.82380846
v -4.676087 1.59954456 -2.82380846
v -4.34027547 1.59926719 -2.82380846
v -4.14494316 1.59587132 -2.82380846
v -4.00446335 1.59954457 -2.82380846
v -3.96248655 1.67302448 -2.42939105
v -4.01120371 1.68479153 -2.41211142
v -3.96248655 1.67302448 -2.42939105
v -4.01120371 1.68479153 -2.41211142
v -4.14886383 1.68662814 -2.41211142
v -4.01120371 1.68479153 -2.41211142
v -4.14886383 1.68662814 -2.41211142
v -4.34027548 1.6849302 -2.41211142
v -4.34027548 1.6849302 -2.41211142
v -4.53168684 1.68662814 -2.41211142
v -4.53168684 1.68662814 -2.41211142
v -4.66934669 1.68479153 -2.41211144
v -4.71806419 1.67302424 -3.21822591
v -4.66934669 1.68479128 -3.23550556
v -4.71806419 1.67302424 -3.21822591
v -4.66934669 1.68479128 -3.23550556
v -4.53168684 1.68662789 -3.23550556
v -4.66934669 1.68479128 -3.23550556
v -4.53168684 1.68662789 -3.23550556
v -4.34027548 1.68492995 -3.23550556
v -4.34027548 1.68492995 -3.23550556
v -4.14886383 1.68662789 -3.23550556
v -4.14886383 1.68662789 -3.23550556
v -4.01120373 1.68479128 -3.23550553
vn -0.87298 -0.0077 -0.48769
vn -0.87302 -0.0078 -0.48761
vn -0.87303 -0.0077 -0.48761
vn -0.97912 -0.006 -0.2032
vn -0.9791 -0.0059 -0.2033
vn -0.9791 -0.006 -0.2033
vn -0.97912 0.006 -0.2032
vn -0.9791 0.006 -0.2033
vn -0.87298 0.0077 -0.48769
vn -0.87302 0.0078 -0.48761
vn 0.34691 0.93144 0.1099
vn 0.34692 0.93145 0.10981
vn 0.77778 0.38309 0.49829
vn 0.99709 0.0419 -0.0637
vn 0.99708 0.042 -0.0638
vn 0.99697 0.0074 -0.0775
vn 0.99697 0.0073 -0.0775
vn 0.87298 0.0077 -0.48769
vn 0.87298 0.0078 -0.48769
vn 0.87303 0.0077 -0.48761
vn 0.97912 0.006 -0.2032
vn 0.9791 0.006 -0.2033
vn 0.97912 -0.006 -0.2032
vn 0.9791 -0.006 -0.2033
vn 0.87298 -0.0077 -0.48769
vn 0.87302 -0.0078 -0.48761
vn -0.34688 -0.93145 0.10989
vn -0.34692 -0.93145 0.10981
vn -0.34691 -0.93144 0.1099
vn -0.77778 -0.38309 0.49829
vn -0.99708 -0.042 -0.0638
vn -0.99709 -0.0419 -0.0637
vn -0.99709 -0.042 -0.0637
vn -0.99697 -0.0074 -0.0775
vn -0.99697 -0.0074 -0.0774
vn 0.87909 0.0531 -0.47369
vn 0.87913 0.0531 -0.47362
vn 0.99978 0.0028 0.0207
vn 0.99978 0.0028 0.0206
vn 0.99978 0.0029 0.0207
vn 0.99978 -0.0028 0.0207
vn 0.99978 -0.0029 0.0207
vn 0.87913 -0.0531 -0.47362
vn 0.87909 -0.0531 -0.47369
vn -0.87909 0.0531 0.47369
vn -0.87913 0.0531 0.47362
vn -0.99978 0.0028 -0.0206
vn -0.99978 0.0029 -0.0207
vn -0.99978 -0.0028 -0.0207
vn -0.99978 -0.0029 -0.0207
vn -0.87913 -0.0531 0.47362
vn -0.87909 -0.0531 0.47369
vn -0.77778 -0.38309 -0.49829
vn -0.34691 -0.93144 -0.1099
vn -0.34688 -0.93145 -0.10989
vn -0.99697 -0.0074 0.0774
vn -0.99697 -0.0073 0.0774
vn -0.99697 -0.0074 0.0775
vn -0.99709 -0.042 0.0637
vn -0.99709 -0.0419 0.0637
vn 0.9791 0.006 0.2033
vn 0.97912 0.006 0.2032
vn 0.87298 0.0077 0.48769
vn 0.87303 0.0077 0.48761
vn 0.87302 0.0078 0.48761
vn 0.87298 -0.0078 0.48769
vn 0.87303 -0.0077 0.48761
vn 0.87298 -0.0077 0.48769
vn 0.97912 -0.006 0.2032
vn 0.9791 -0.006 0.2033
vn 0.77778 0.38309 -0.49829
vn 0.34691 0.93144 -0.1099
vn 0.34688 0.93145 -0.10989
vn 0.99697 0.0073 0.0774
vn 0.99697 0.0074 0.0775
vn 0.99708 0.042 0.0638
vn 0.99709 0.0419 0.0637
vn 0.99709 0.042 0.0637
vn -0.9791 -0.006 0.2033
vn -0.97912 -0.006 0.2032
vn -0.97912 -0.0059 0.2032
vn -0.87298 -0.0077 0.48769
vn -0.87302 -0.0078 0.48761
vn -0.87302 0.0078 0.48761
vn -0.87303 0.0077 0.48761
vn -0.87298 0.0077 0.48769
vn -0.97912 0.006 0.2032
vn -0.9791 0.006 0.2033
vn -0.99709 0.042 0.0637
vn -0.99708 0.042 0.0638
vn -0.99709 0.0419 0.0637
vn -0.99697 0.0074 0.0775
vn -0.34691 0.93144 -0.1099
vn -0.34692 0.93145 -0.10981
vn -0.77778 0.38309 -0.49829
vn -0.0575 0.65513 -0.75333
vn -0.0576 0.65518 -0.75328
vn -0.0576 0.65528 -0.75318
vn -0.0576 0.65523 -0.75323
vn -0.0026 0.99485 -0.10131
vn -0.0029 0.99487 -0.1011
vn -0.003 0.99489 -0.1009
vn -0.0028 0.99487 -0.1011
vn 0.0019 0.99489 -0.1009
vn 0.0019 0.99488 -0.101
vn 0.0383 0.65519 -0.75449
vn -0.0383 0.65519 -0.75449
vn -0.0384 0.65519 -0.75449
vn -0.0019 0.99488 -0.101
vn -0.0019 0.99489 -0.1009
vn 0.0027 0.99489 -0.1009
vn 0.0028 0.99487 -0.1011
vn 0.0031 0.99485 -0.10131
vn 0.0029 0.99487 -0.1011
vn 0.0576 0.65518 -0.75328
vn 0.99709 -0.0419 0.0637
vn 0.99697 -0.0074 0.0775
vn 0.99697 -0.0073 0.0775
vn 0.34691 -0.93144 -0.1099
vn 0.34688 -0.93145 -0.10989
vn 0.34692 -0.93145 -0.10981
vn 0.77778 -0.38309 -0.49829
vn 0.0575 -0.65513 -0.75333
vn 0.0575 -0.65518 -0.75328
vn 0.0574 -0.65508 -0.75338
vn 0.0576 -0.65518 -0.75328
vn 0.0029 -0.99487 -0.1011
vn 0.003 -0.99489 -0.1009
vn 0.0028 -0.99487 -0.1011
vn -0.0018 -0.99491 -0.1008
vn -0.0019 -0.99489 -0.1009
vn -0.0019 -0.99488 -0.101
vn -0.0383 -0.65519 -0.75449
vn 0.0383 -0.65519 -0.75449
vn 0.0384 -0.65519 -0.75449
vn 0.0018 -0.99489 -0.101
vn 0.0019 -0.99488 -0.101
vn 0.002 -0.9949 -0.1008
vn 0.0019 -0.99489 -0.1009
vn -0.0027 -0.99489 -0.1009
vn -0.0028 -0.99487 -0.1011
vn -0.0031 -0.99485 -0.10131
vn -0.0029 -0.99487 -0.1011
vn -0.0576 -0.65518 -0.75328
vn 0.99978 0.0028 -0.0207
vn 0.99978 0.0029 -0.0207
vn 0.87909 0.0531 0.47369
vn 0.87913 0.0531 0.47362
vn 0.87913 -0.0531 0.47362
vn 0.87909 -0.0531 0.47369
vn 0.99978 -0.0029 -0.0207
vn 0.99978 -0.0028 -0.0207
vn 0.99978 -0.0028 -0.0206
vn 0.1019 0.1277 0.98657
vn -0.0677 0.1274 0.98954
vn -0.0679 0.1276 0.9895
vn -0.068 0.1276 0.98949
vn -0.068 -0.1276 0.98949
vn -0.0679 -0.1276 0.9895
vn 0.1019 -0.1277 0.98657
vn 0.0679 0.1276 0.9895
vn 0.068 0.1276 0.98949
vn -0.1019 0.1277 0.98657
vn -0.1019 -0.1277 0.98657
vn 0.068 -0.1276 0.98949
vn 0.0679 -0.1275 0.98951
vn 0.0679 -0.1276 0.9895
vn -0.99978 0.0028 0.0207
vn -0.99978 0.0029 0.0207
vn -0.87909 0.0531 -0.47369
vn -0.87913 0.0531 -0.47362
vn -0.87913 -0.0531 -0.47362
vn -0.87909 -0.0531 -0.47369
vn -0.99978 -0.0029 0.0207
vn -0.99978 -0.0028 0.0207
vn -0.99978 -0.0028 0.0206
vn -0.1019 0.1277 -0.98657
vn 0.0678 0.1275 -0.98952
vn 0.0679 0.1276 -0.9895
vn 0.0679 -0.1276 -0.9895
vn 0.068 -0.1276 -0.98949
vn -0.1019 -0.1277 -0.98657
vn -0.0679 0.1276 -0.9895
vn 0.1019 0.1277 -0.98657
vn 0.1019 -0.1277 -0.98657
vn -0.0679 -0.1276 -0.9895
vn -0.0679 -0.1275 -0.98951
vn 0.99697 -0.0074 -0.0775
vn 0.99697 -0.0073 -0.0774
vn 0.99709 -0.042 -0.0637
vn 0.99708 -0.042 -0.0638
vn 0.99709 -0.0419 -0.0637
vn 0.77778 -0.38309 0.49829
vn 0.34688 -0.93145 0.10989
vn 0.34691 -0.93144 0.1099
vn 0.0031 -0.99485 0.10131
vn 0.0029 -0.99487 0.1011
vn 0.0029 -0.99486 0.1012
vn 0.0028 -0.99487 0.1011
vn 0.0576 -0.65518 0.75328
vn -0.0384 -0.65519 0.75449
vn -0.0383 -0.65519 0.75449
vn -0.0019 -0.99489 0.1009
vn -0.0019 -0.99488 0.101
vn 0.0019 -0.99488 0.101
vn 0.0018 -0.99491 0.1008
vn 0.0019 -0.99489 0.1009
vn 0.0383 -0.65519 0.75449
vn -0.0574 -0.65508 0.75338
vn -0.0576 -0.65518 0.75328
vn -0.0575 -0.65513 0.75333
vn -0.0575 -0.65518 0.75328
vn -0.003 -0.99489 0.1009
vn -0.0028 -0.99487 0.1011
vn -0.0026 -0.99485 0.10131
vn -0.99697 0.0074 -0.0775
vn -0.99697 0.0074 -0.0774
vn -0.99697 0.0073 -0.0774
vn -0.99709 0.042 -0.0637
vn -0.99709 0.0419 -0.0637
vn -0.77778 0.38309 0.49829
vn -0.34688 0.93145 0.10989
vn -0.34691 0.93144 0.1099
vn -0.0031 0.99485 0.10131
vn -0.0029 0.99487 0.1011
vn -0.0027 0.99489 0.1009
vn -0.0028 0.99487 0.1011
vn -0.0576 0.65518 0.75328
vn 0.0384 0.65519 0.75449
vn 0.0383 0.65519 0.75449
vn 0.002 0.9949 0.1008
vn 0.0019 0.99489 0.1009
vn 0.0019 0.99488 0.101
vn -0.0019 0.99489 0.1009
vn -0.0019 0.99488 0.101
vn -0.0383 0.65519 0.75449
vn 0.0574 0.65508 0.75338
vn 0.0576 0.65518 0.75328
vn 0.0575 0.65513 0.75333
vn 0.0575 0.65518 0.75328
vn 0.003 0.99489 0.1009
vn 0.0029 0.99487 0.1011
vn 0.0026 0.99485 0.10131
vn -0.87303 0.0077 -0.48761
vn 0.34688 0.93145 0.10989
vn 0.87298 0.0076 -0.48769
vn 0.97912 -0.0059 -0.2032
vn -0.99978 -0.0029 -0.0206
vn 0.97912 0.0059 0.2032
vn 0.34688 0.93146 -0.1098
vn -0.34688 0.93145 -0.10989
vn -0.0575 0.65518 -0.75328
vn -0.0574 0.65508 -0.75338
vn 0.0018 0.99491 -0.1008
vn 0.0384 0.65519 -0.75449
vn 0.0029 0.99486 -0.1012
vn -0.0679 0.1275 0.98951
vn -0.068 -0.1275 0.9895
vn -0.99978 0.0029 0.0206
vn 0.0679 0.1275 -0.98951
vn 0.0027 -0.99489 0.1009
vn -0.002 -0.9949 0.1008
vn -0.0029 -0.99487 0.1011
vn -0.99708 0.0421 -0.0637
vn -0.0029 0.99486 0.1012
vn 0.0018 0.99489 0.101
vn 0.0577 0.65533 0.75313
vt 0.58982 0.48238
vt 0.59006 0.48193
vt 0.5966 0.48249
vt 0.5966 0.48238
vt 0.59143 0.48105
vt 0.5966 0.48137
vt 0.60177 0.48105
vt 0.60314 0.48193
vt 0.60338 0.48238
vt 0.60561 0.48238
vt 0.60569 0.47909
vt 0.60704 0.48045
vt 0.60695 0.48238
vt 0.60643 0.47909
vt 0.60351 0.47666
vt 0.60321 0.47896
vt 0.60601 0.48045
vt 0.60635 0.48238
vt 0.58759 0.48238
vt 0.58751 0.47909
vt 0.58616 0.48045
vt 0.58625 0.48238
vt 0.58677 0.47909
vt 0.58968 0.47666
vt 0.58998 0.47896
vt 0.58718 0.48045
vt 0.58685 0.48238
vt 0.60351 0.48811
vt 0.60321 0.48581
vt 0.5966 0.48626
vt 0.5966 0.48897
vt 0.60177 0.48372
vt 0.5966 0.4834
vt 0.59143 0.48372
vt 0.58998 0.48581
vt 0.58968 0.48811
vt 0.5966 0.47851
vt 0.5966 0.4758
vt 0.58677 0.48568
vt 0.58718 0.48431
vt 0.58751 0.48568
vt 0.58616 0.48431
vt 0.59006 0.48284
vt 0.60314 0.48284
vt 0.5966 0.48228
vt 0.60643 0.48568
vt 0.60601 0.48431
vt 0.60569 0.48568
vt 0.60704 0.48431
vt 0.58737 0.4755
vt 0.58751 0.4726
vt 0.59131 0.4726
vt 0.59123 0.4755
vt 0.59136 0.48238
vt 0.59131 0.48589
vt 0.5966 0.4857
vt 0.5966 0.4726
vt 0.5966 0.4755
vt 0.60189 0.4726
vt 0.60197 0.4755
vt 0.60184 0.48238
vt 0.60189 0.48589
vt 0.60569 0.4726
vt 0.60582 0.4755
vt 0.60582 0.48927
vt 0.60569 0.49217
vt 0.60189 0.49217
vt 0.60197 0.48927
vt 0.5966 0.49217
vt 0.5966 0.48927
vt 0.59131 0.49217
vt 0.59123 0.48927
vt 0.58751 0.49217
vt 0.58737 0.48927
vt 0.602 0.48238
vt 0.60588 0.48238
vt 0.5912 0.48238
vt 0.58732 0.48238
vt 0.60189 0.47888
vt 0.5966 0.47907
vt 0.59131 0.47888
usemtl mat1
f 753/296/761 754/297/761 755/298/762
f 753/296/761 755/298/762 756/299/763
f 754/297/764 757/300/764 758/301/765
f 754/297/764 758/301/765 755/298/766
f 755/298/767 758/301/768 759/302/768
f 755/298/767 759/302/768 760/303/768
f 756/299/769 755/298/770 760/303/769
f 756/299/769 760/303/769 761/304/769
f 762/305/771 763/306/772 764/307/771
f 762/305/771 764/307/771 765/308/771
f 766/309/773 767/310/773 768/311/773
f 766/309/773 768/311/773 769/312/773
f 769/312/774 768/311/774 770/302/774
f 769/312/774 770/302/774 771/303/775
f 772/313/776 769/312/776 771/303/776
f 772/313/776 771/303/776 773/304/777
f 773/304/778 771/303/778 774/298/779
f 773/304/778 774/298/779 775/299/780
f 771/303/781 770/302/781 776/301/781
f 771/303/781 776/301/781 774/298/782
f 774/298/783 776/301/784 777/300/784
f 774/298/783 777/300/784 778/297/784
f 775/299/785 774/298/786 778/297/785
f 775/299/785 778/297/785 779/296/785
f 780/314/787 781/315/788 782/316/789
f 780/314/787 782/316/789 783/317/789
f 784/318/790 785/319/790 786/320/790
f 784/318/790 786/320/790 787/321/790
f 787/321/791 786/320/792 757/300/792
f 787/321/791 757/300/792 754/297/793
f 788/322/794 787/321/794 754/297/795
f 788/322/794 754/297/795 753/296/794
f 789/323/796 790/324/797 791/325/797
f 789/323/796 791/325/797 792/326/797
f 790/324/798 793/327/799 794/328/800
f 790/324/798 794/328/800 791/325/800
f 791/325/801 794/328/802 795/329/801
f 791/325/801 795/329/801 796/330/802
f 792/326/803 791/325/803 796/330/804
f 792/326/803 796/330/804 797/331/803
f 798/310/805 799/311/805 800/332/806
f 798/310/805 800/332/806 801/333/806
f 799/311/807 759/302/807 758/301/808
f 799/311/807 758/301/808 800/332/808
f 800/332/809 758/301/810 757/300/809
f 800/332/809 757/300/809 786/320/810
f 801/333/811 800/332/811 786/320/812
f 801/333/811 786/320/812 785/319/811
f 802/331/813 803/334/813 804/335/813
f 802/331/813 804/335/813 805/330/813
f 806/336/814 780/314/815 783/317/815
f 806/336/814 783/317/815 807/337/814
f 804/335/816 788/322/817 753/296/818
f 804/335/816 753/296/818 808/338/818
f 805/330/819 804/335/820 808/338/819
f 805/330/819 808/338/819 809/329/819
f 793/327/821 810/339/821 811/340/822
f 793/327/821 811/340/822 794/328/821
f 810/339/823 773/304/824 775/299/823
f 810/339/823 775/299/823 811/340/825
f 811/340/826 775/299/827 779/296/828
f 811/340/826 779/296/828 812/338/827
f 794/328/829 811/340/830 812/338/829
f 794/328/829 812/338/829 795/329/829
f 789/323/831 813/341/831 814/342/831
f 789/323/831 814/342/831 790/324/831
f 815/343/832 762/305/833 765/308/833
f 815/343/832 765/308/833 816/344/832
f 814/342/834 772/313/834 773/304/835
f 814/342/834 773/304/835 810/339/835
f 790/324/836 814/342/837 810/339/838
f 790/324/836 810/339/838 793/327/838
f 809/329/839 808/338/839 817/340/840
f 809/329/839 817/340/840 818/328/841
f 808/338/842 753/296/842 756/299/842
f 808/338/842 756/299/842 817/340/843
f 817/340/844 756/299/845 761/304/846
f 817/340/844 761/304/846 819/339/846
f 818/328/847 817/340/848 819/339/847
f 818/328/847 819/339/847 820/327/847
f 820/327/849 819/339/849 821/342/850
f 820/327/849 821/342/850 822/324/851
f 819/339/852 761/304/852 823/313/852
f 819/339/852 823/313/852 821/342/852
f 824/337/853 825/317/853 826/314/853
f 824/337/853 826/314/853 827/336/854
f 822/324/855 821/342/855 828/341/855
f 822/324/855 828/341/855 829/323/855
f 830/345/856 831/346/857 832/347/858
f 830/345/856 832/347/858 833/348/859
f 827/336/860 826/314/861 834/349/862
f 827/336/860 834/349/862 835/350/863
f 835/350/864 834/349/864 836/299/865
f 835/350/864 836/299/865 837/351/864
f 833/348/866 832/347/866 838/352/866
f 833/348/866 838/352/866 839/353/866
f 839/353/867 838/352/867 840/354/868
f 839/353/867 840/354/868 841/355/867
f 837/351/869 836/299/869 842/356/870
f 837/351/869 842/356/870 843/357/870
f 843/357/871 842/356/872 762/305/873
f 843/357/871 762/305/873 815/343/874
f 841/355/875 840/354/875 844/358/875
f 841/355/875 844/358/875 845/359/875
f 795/329/876 812/338/876 846/335/876
f 795/329/876 846/335/876 796/330/876
f 812/338/877 779/296/878 847/322/877
f 812/338/877 847/322/877 846/335/877
f 848/344/879 849/308/879 850/305/880
f 848/344/879 850/305/880 851/343/881
f 796/330/882 846/335/882 852/334/882
f 796/330/882 852/334/882 797/331/882
f 853/360/883 854/361/884 855/362/885
f 853/360/883 855/362/885 856/363/886
f 851/343/887 850/305/887 857/356/888
f 851/343/887 857/356/888 858/357/889
f 858/357/890 857/356/891 859/299/892
f 858/357/890 859/299/892 860/351/892
f 856/363/893 855/362/893 861/364/893
f 856/363/893 861/364/893 862/365/893
f 862/365/894 861/364/894 863/366/895
f 862/365/894 863/366/895 864/367/894
f 860/351/896 859/299/897 865/349/898
f 860/351/896 865/349/898 866/350/899
f 866/350/900 865/349/901 780/314/902
f 866/350/900 780/314/902 806/336/903
f 864/367/904 863/366/904 867/368/904
f 864/367/904 867/368/904 868/369/904
f 770/302/905 768/311/906 869/332/905
f 770/302/905 869/332/905 776/301/905
f 768/311/907 767/310/908 870/333/908
f 768/311/907 870/333/908 869/332/908
f 869/332/909 870/333/909 871/319/910
f 869/332/909 871/319/910 872/320/909
f 776/301/911 869/332/911 872/320/912
f 776/301/911 872/320/912 777/300/913
f 873/359/914 874/355/914 875/370/914
f 873/359/914 875/370/914 876/371/914
f 874/355/915 877/353/916 878/299/917
f 874/355/915 878/299/917 875/370/917
f 875/370/918 878/299/919 879/365/919
f 875/370/918 879/365/919 880/363/919
f 876/371/920 875/370/920 880/363/920
f 876/371/920 880/363/920 881/360/920
f 877/353/921 882/348/921 883/372/922
f 877/353/921 883/372/922 878/299/922
f 882/348/923 884/345/923 885/373/923
f 882/348/923 885/373/923 883/372/923
f 883/372/924 885/373/924 886/369/924
f 883/372/924 886/369/924 887/367/924
f 878/299/925 883/372/925 887/367/926
f 878/299/925 887/367/926 879/365/927
f 820/327/928 822/324/929 888/325/928
f 820/327/928 888/325/928 818/328/929
f 822/324/930 829/323/931 889/326/931
f 822/324/930 889/326/931 888/325/931
f 888/325/932 889/326/932 802/331/933
f 888/325/932 802/331/933 805/330/933
f 818/328/934 888/325/934 805/330/935
f 818/328/934 805/330/935 809/329/936
f 830/345/937 833/348/937 890/372/937
f 830/345/937 890/372/937 891/373/937
f 833/348/938 839/353/939 892/299/939
f 833/348/938 892/299/939 890/372/939
f 890/372/940 892/299/940 862/365/941
f 890/372/940 862/365/941 864/367/941
f 891/373/942 890/372/942 864/367/942
f 891/373/942 864/367/942 868/369/942
f 839/353/943 841/355/943 893/370/943
f 839/353/943 893/370/943 892/299/943
f 841/355/944 845/359/944 894/371/944
f 841/355/944 894/371/944 893/370/944
f 893/370/945 894/371/945 853/360/945
f 893/370/945 853/360/945 856/363/945
f 892/299/946 893/370/946 856/363/947
f 892/299/946 856/363/947 862/365/946
f 779/296/948 778/297/948 895/321/949
f 779/296/948 895/321/949 847/322/949
f 778/297/950 777/300/950 872/320/951
f 778/297/950 872/320/951 895/321/952
f 895/321/953 872/320/953 871/319/953
f 895/321/953 871/319/953 896/318/953
f 849/308/954 897/307/955 898/306/955
f 849/308/954 898/306/955 850/305/954
f 850/305/956 898/306/957 899/374/958
f 850/305/956 899/374/958 857/356/959
f 900/361/960 881/360/960 880/363/960
f 900/361/960 880/363/960 901/362/960
f 901/362/961 880/363/962 879/365/962
f 901/362/961 879/365/962 902/364/962
f 857/356/963 899/374/963 903/375/964
f 857/356/963 903/375/964 859/299/964
f 859/299/965 903/375/965 904/376/966
f 859/299/965 904/376/966 865/349/967
f 902/364/968 879/365/968 887/367/968
f 902/364/968 887/367/968 905/366/968
f 905/366/969 887/367/970 886/369/971
f 905/366/969 886/369/971 906/368/972
f 865/349/973 904/376/974 781/315/975
f 865/349/973 781/315/975 780/314/974
f 761/304/976 760/303/976 907/312/977
f 761/304/976 907/312/977 823/313/978
f 760/303/979 759/302/979 799/311/979
f 760/303/979 799/311/979 907/312/980
f 907/312/981 799/311/981 798/310/981
f 907/312/981 798/310/981 908/309/981
f 825/317/982 909/316/983 910/315/983
f 825/317/982 910/315/983 826/314/982
f 826/314/984 910/315/985 911/376/986
f 826/314/984 911/376/986 834/349/987
f 912/346/988 884/345/988 882/348/988
f 912/346/988 882/348/988 913/347/988
f 913/347/989 882/348/990 877/353/990
f 913/347/989 877/353/990 914/352/990
f 834/349/991 911/376/992 915/375/993
f 834/349/991 915/375/993 836/299/993
f 836/299/994 915/375/995 916/374/994
f 836/299/994 916/374/994 842/356/994
f 914/352/996 877/353/996 874/355/996
f 914/352/996 874/355/996 917/354/996
f 917/354/997 874/355/998 873/359/999
f 917/354/997 873/359/999 918/358/1000
f 842/356/1001 916/374/1002 763/306/1003
f 842/356/1001 763/306/1003 762/305/1002
f 919/296/761 920/297/761 921/298/762
f 919/296/761 921/298/762 922/299/763
f 920/297/764 923/300/764 924/301/764
f 920/297/764 924/301/764 921/298/766
f 921/298/767 924/301/768 925/302/768
f 921/298/767 925/302/768 926/303/768
f 922/299/769 921/298/770 926/303/769
f 922/299/769 926/303/769 927/304/1004
f 928/305/1005 929/306/772 930/307/771
f 928/305/1005 930/307/771 931/308/771
f 932/309/773 933/310/773 934/311/773
f 932/309/773 934/311/773 935/312/773
f 935/312/774 934/311/774 936/302/774
f 935/312/774 936/302/774 937/303/775
f 938/313/776 935/312/776 937/303/776
f 938/313/776 937/303/776 939/304/777
f 939/304/778 937/303/778 940/298/1006
f 939/304/778 940/298/1006 941/299/780
f 937/303/781 936/302/781 942/301/781
f 937/303/781 942/301/781 940/298/782
f 940/298/783 942/301/1007 943/300/784
f 940/298/783 943/300/784 944/297/784
f 941/299/785 940/298/786 944/297/785
f 941/299/785 944/297/785 945/296/785
f 946/314/787 947/315/788 948/316/789
f 946/314/787 948/316/789 949/317/789
f 950/318/790 951/319/790 952/320/790
f 950/318/790 952/320/790 953/321/790
f 953/321/792 952/320/792 923/300/792
f 953/321/792 923/300/792 920/297/793
f 954/322/794 953/321/794 920/297/795
f 954/322/794 920/297/795 919/296/794
f 955/323/796 956/324/797 957/325/797
f 955/323/796 957/325/797 958/326/797
f 956/324/798 959/327/799 960/328/800
f 956/324/798 960/328/800 957/325/800
f 957/325/801 960/328/802 961/329/801
f 957/325/801 961/329/801 962/330/802
f 958/326/803 957/325/803 962/330/804
f 958/326/803 962/330/804 963/331/803
f 964/310/805 965/311/805 966/332/806
f 964/310/805 966/332/806 967/333/806
f 965/311/807 925/302/807 924/301/808
f 965/311/807 924/301/808 966/332/808
f 966/332/1008 924/301/810 923/300/809
f 966/332/1008 923/300/809 952/320/810
f 967/333/811 966/332/811 952/320/812
f 967/333/811 952/320/812 951/319/811
f 968/331/813 969/334/813 970/335/813
f 968/331/813 970/335/813 971/330/813
f 972/336/814 946/314/815 949/317/815
f 972/336/814 949/317/815 973/337/814
f 970/335/816 954/322/817 919/296/818
f 970/335/816 919/296/818 974/338/818
f 971/330/820 970/335/820 974/338/820
f 971/330/820 974/338/820 975/329/819
f 959/327/821 976/339/821 977/340/822
f 959/327/821 977/340/822 960/328/1009
f 976/339/823 939/304/824 941/299/823
f 976/339/823 941/299/823 977/340/825
f 977/340/826 941/299/827 945/296/828
f 977/340/826 945/296/828 978/338/828
f 960/328/829 977/340/830 978/338/829
f 960/328/829 978/338/829 961/329/829
f 955/323/831 979/341/831 980/342/831
f 955/323/831 980/342/831 956/324/831
f 981/343/832 928/305/833 931/308/1010
f 981/343/832 931/308/1010 982/344/832
f 980/342/834 938/313/834 939/304/835
f 980/342/834 939/304/835 976/339/835
f 956/324/837 980/342/837 976/339/838
f 956/324/837 976/339/838 959/327/838
f 975/329/839 974/338/839 983/340/840
f 975/329/839 983/340/840 984/328/841
f 974/338/842 919/296/842 922/299/842
f 974/338/842 922/299/842 983/340/843
f 983/340/844 922/299/845 927/304/846
f 983/340/844 927/304/846 985/339/846
f 984/328/847 983/340/848 985/339/847
f 984/328/847 985/339/847 986/327/847
f 986/327/849 985/339/849 987/342/851
f 986/327/849 987/342/851 988/324/851
f 985/339/852 927/304/852 989/313/852
f 985/339/852 989/313/852 987/342/852
f 990/337/853 991/317/853 992/314/1011
f 990/337/853 992/314/1011 993/336/854
f 988/324/855 987/342/855 994/341/855
f 988/324/855 994/341/855 995/323/855
f 996/345/856 997/346/1012 998/347/1013
f 996/345/856 998/347/1013 999/348/1012
f 993/336/861 992/314/861 1000/349/862
f 993/336/861 1000/349/862 1001/350/863
f 1001/350/1014 1000/349/864 1002/299/865
f 1001/350/1014 1002/299/865 1003/351/865
f 999/348/866 998/347/866 1004/352/1015
f 999/348/866 1004/352/1015 1005/353/866
f 1005/353/867 1004/352/867 1006/354/867
f 1005/353/867 1006/354/867 1007/355/867
f 1003/351/870 1002/299/869 1008/356/870
f 1003/351/870 1008/356/870 1009/357/870
f 1009/357/1016 1008/356/872 928/305/873
f 1009/357/1016 928/305/873 981/343/874
f 1007/355/875 1006/354/875 1010/358/875
f 1007/355/875 1010/358/875 1011/359/875
f 961/329/876 978/338/876 1012/335/876
f 961/329/876 1012/335/876 962/330/876
f 978/338/877 945/296/878 1013/322/877
f 978/338/877 1013/322/877 1012/335/877
f 1014/344/879 1015/308/879 1016/305/880
f 1014/344/879 1016/305/880 1017/343/881
f 962/330/882 1012/335/882 1018/334/882
f 962/330/882 1018/334/882 963/331/882
f 1019/360/883 1020/361/884 1021/362/885
f 1019/360/883 1021/362/885 1022/363/886
f 1017/343/887 1016/305/887 1023/356/888
f 1017/343/887 1023/356/888 1024/357/889
f 1024/357/892 1023/356/891 1025/299/891
f 1024/357/892 1025/299/891 1026/351/891
f 1022/363/893 1021/362/893 1027/364/893
f 1022/363/893 1027/364/893 1028/365/893
f 1028/365/894 1027/364/894 1029/366/895
f 1028/365/894 1029/366/895 1030/367/894
f 1026/351/897 1025/299/897 1031/349/898
f 1026/351/897 1031/349/898 1032/350/899
f 1032/350/900 1031/349/901 946/314/902
f 1032/350/900 946/314/902 972/336/903
f 1030/367/904 1029/366/904 1033/368/904
f 1030/367/904 1033/368/904 1034/369/904
f 936/302/905 934/311/906 1035/332/905
f 936/302/905 1035/332/905 942/301/906
f 934/311/907 933/310/908 1036/333/908
f 934/311/907 1036/333/908 1035/332/908
f 1035/332/909 1036/333/909 1037/319/910
f 1035/332/909 1037/319/910 1038/320/909
f 942/301/911 1035/332/911 1038/320/912
f 942/301/911 1038/320/912 943/300/913
f 1039/359/914 1040/355/914 1041/370/914
f 1039/359/914 1041/370/914 1042/371/914
f 1040/355/1017 1043/353/916 1044/299/916
f 1040/355/1017 1044/299/916 1041/370/916
f 1041/370/919 1044/299/919 1045/365/1018
f 1041/370/919 1045/365/1018 1046/363/919
f 1042/371/920 1041/370/920 1046/363/920
f 1042/371/920 1046/363/920 1047/360/920
f 1043/353/921 1048/348/922 1049/372/921
f 1043/353/921 1049/372/921 1044/299/921
f 1048/348/923 1050/345/923 1051/373/923
f 1048/348/923 1051/373/923 1049/372/923
f 1049/372/924 1051/373/924 1052/369/924
f 1049/372/924 1052/369/924 1053/367/924
f 1044/299/927 1049/372/927 1053/367/926
f 1044/299/927 1053/367/926 1045/365/927
f 986/327/928 988/324/929 1054/325/1019
f 986/327/928 1054/325/1019 984/328/929
f 988/324/930 995/323/931 1055/326/931
f 988/324/930 1055/326/931 1054/325/931
f 1054/325/932 1055/326/932 968/331/932
f 1054/325/932 968/331/932 971/330/933
f 984/328/934 1054/325/934 971/330/935
f 984/328/934 971/330/935 975/329/936
f 996/345/937 999/348/937 1056/372/937
f 996/345/937 1056/372/937 1057/373/937
f 999/348/1020 1005/353/939 1058/299/939
f 999/348/1020 1058/299/939 1056/372/939
f 1056/372/940 1058/299/940 1028/365/941
f 1056/372/940 1028/365/941 1030/367/940
f 1057/373/942 1056/372/942 1030/367/942
f 1057/373/942 1030/367/942 1034/369/942
f 1005/353/943 1007/355/943 1059/370/943
f 1005/353/943 1059/370/943 1058/299/943
f 1007/355/944 1011/359/944 1060/371/944
f 1007/355/944 1060/371/944 1059/370/944
f 1059/370/945 1060/371/945 1019/360/945
f 1059/370/945 1019/360/945 1022/363/945
f 1058/299/946 1059/370/946 1022/363/947
f 1058/299/946 1022/363/947 1028/365/946
f 945/296/948 944/297/948 1061/321/949
f 945/296/948 1061/321/949 1013/322/949
f 944/297/950 943/300/950 1038/320/951
f 944/297/950 1038/320/951 1061/321/952
f 1061/321/953 1038/320/953 1037/319/953
f 1061/321/953 1037/319/953 1062/318/953
f 1015/308/954 1063/307/955 1064/306/955
f 1015/308/954 1064/306/955 1016/305/954
f 1016/305/956 1064/306/957 1065/374/1021
f 1016/305/956 1065/374/1021 1023/356/959
f 1066/361/960 1047/360/960 1046/363/960
f 1066/361/960 1046/363/960 1067/362/960
f 1067/362/962 1046/363/962 1045/365/962
f 1067/362/962 1045/365/962 1068/364/962
f 1023/356/1022 1065/374/963 1069/375/964
f 1023/356/1022 1069/375/964 1025/299/964
f 1025/299/966 1069/375/967 1070/376/965
f 1025/299/966 1070/376/965 1031/349/967
f 1068/364/968 1045/365/968 1053/367/968
f 1068/364/968 1053/367/968 1071/366/968
f 1071/366/969 1053/367/970 1052/369/971
f 1071/366/969 1052/369/971 1072/368/970
f 1031/349/973 1070/376/1023 947/315/975
f 1031/349/973 947/315/975 946/314/1023
f 927/304/976 926/303/976 1073/312/977
f 927/304/976 1073/312/977 989/313/978
f 926/303/979 925/302/979 965/311/1024
f 926/303/979 965/311/1024 1073/312/980
f 1073/312/981 965/311/981 964/310/981
f 1073/312/981 964/310/981 1074/309/981
f 991/317/982 1075/316/983 1076/315/983
f 991/317/982 1076/315/983 992/314/982
f 992/314/987 1076/315/985 1077/376/1025
f 992/314/987 1077/376/1025 1000/349/987
f 1078/346/988 1050/345/988 1048/348/988
f 1078/346/988 1048/348/988 1079/347/988
f 1079/347/989 1048/348/990 1043/353/990
f 1079/347/989 1043/353/990 1080/352/990
f 1000/349/991 1077/376/992 1081/375/1026
f 1000/349/991 1081/375/1026 1002/299/993
f 1002/299/995 1081/375/994 1082/374/994
f 1002/299/995 1082/374/994 1008/356/994
f 1080/352/996 1043/353/996 1040/355/996
f 1080/352/996 1040/355/996 1083/354/996
f 1083/354/1027 1040/355/998 1039/359/999
f 1083/354/1027 1039/359/999 1084/358/1000
f 1008/356/1001 1082/374/1002 929/306/1003
f 1008/356/1001 929/306/1003 928/305/1002
# Vertices: 332, normals: 267, texture coordinates: 81, faces: 448

o obj6
v -4.69436162 1.55958118 -1.35498891
v -4.69790285 1.56351439 -1.36518762
v -4.69448891 1.55871483 -1.63914993
v -4.69073484 1.5595811 -1.63914992
v -4.70419719 1.5711169 -1.42267373
v -4.70354957 1.5683262 -1.63914992
v -4.70419724 1.57111677 -1.85562613
v -4.69790285 1.56351422 -1.91311228
v -4.69436162 1.55958101 -1.92331093
v -3.9951353 1.55958093 -2.06539141
v -3.99224659 1.58799654 -2.05084697
v -3.94352936 1.5762295 -2.03356736
v -3.9468789 1.55958095 -2.04763133
v -3.99224659 1.58799654 -2.05084697
v -3.98743202 1.60899941 -1.9289033
v -3.93796276 1.58908912 -1.91632791
v -3.94352936 1.5762295 -2.03356736
v -3.93843961 1.57111677 -1.85562609
v -3.94473409 1.56351422 -1.91311222
v -3.9468789 1.55958095 -2.04763133
v -3.94827534 1.55958101 -1.9233109
v -3.94814823 1.55871483 -1.63914992
v -3.95190234 1.5595811 -1.63914992
v -3.93908737 1.5683262 -1.63914992
v -3.93843961 1.5711169 -1.42267373
v -3.94473413 1.56351439 -1.36518757
v -3.94827536 1.55958118 -1.35498891
v -4.64750082 1.55958118 -1.21290844
v -4.65038955 1.58799679 -1.22745289
v -4.69910705 1.57622973 -1.2447325
v -4.69575759 1.55958119 -1.23066851
v -4.65038955 1.58799679 -1.22745289
v -4.6552041 1.60899959 -1.34939658
v -4.70467363 1.58908929 -1.36197195
v -4.69910705 1.57622973 -1.2447325
v -4.69575759 1.55958119 -1.23066851
v -3.987432 1.5101625 -1.92890327
v -3.93796276 1.53007284 -1.91632789
v -3.93600001 1.52615944 -1.63914991
v -3.98550621 1.50274982 -1.6391499
v -3.93843961 1.54804527 -1.85562611
v -3.93908737 1.55083597 -1.63914992
v -3.93843961 1.5480454 -1.42267374
v -3.93796276 1.53007301 -1.36197196
v -3.98743202 1.51016267 -1.34939655
v -4.65520408 1.60899941 -1.9289033
v -4.70467363 1.58908912 -1.91632791
v -4.70663638 1.59300268 -1.63914993
v -4.65712986 1.61641228 -1.63914994
v -4.65520408 1.51016268 -1.34939655
v -4.65038953 1.53116556 -1.22745284
v -4.69910705 1.54293264 -1.24473246
v -4.70467367 1.53007301 -1.36197196
v -4.65038953 1.53116556 -1.22745284
v -4.69910705 1.54293264 -1.24473246
v -4.69790285 1.55564796 -1.36518762
v -4.70419719 1.5480454 -1.42267375
v -3.94473409 1.55564779 -1.91311225
v -3.94814825 1.56044736 -1.63914992
v -3.94473411 1.55564796 -1.36518757
v -3.99224655 1.53116531 -2.05084698
v -3.94352936 1.5429324 -2.03356735
v -3.99224655 1.53116531 -2.05084698
v -3.94352936 1.5429324 -2.03356735
v -4.69448889 1.56044736 -1.63914992
v -4.70354957 1.55083597 -1.63914991
v -4.69790283 1.55564779 -1.91311227
v -4.70419724 1.54804527 -1.85562613
v -4.69910701 1.5429324 -2.03356735
v -4.70467363 1.53007284 -1.91632787
v -4.69575754 1.55958095 -2.04763136
v -4.69910701 1.5429324 -2.03356735
v -4.69575754 1.55958095 -2.04763136
v -4.64750082 1.55958093 -2.06539141
v -4.65038951 1.53116531 -2.05084698
v -4.65038951 1.53116531 -2.05084698
v -4.65520408 1.5101625 -1.92890327
v -4.65520408 1.5101625 -1.92890327
v -4.65038951 1.53116531 -2.05084698
v -4.5127297 1.52932869 -2.05084698
v -4.51553017 1.50696838 -1.92890327
v -4.51104939 1.55958091 -2.06539141
v -4.5127297 1.52932869 -2.05084698
v -4.32131834 1.55958091 -2.06539141
v -4.32131834 1.53102662 -2.05084698
v -4.32131834 1.53102662 -2.05084698
v -4.32131834 1.50992132 -1.92890327
v -4.12990669 1.52932869 -2.05084698
v -4.12710622 1.50696838 -1.92890327
v -4.13158699 1.55958091 -2.06539141
v -4.12990669 1.52932869 -2.05084698
v -3.99224655 1.53116531 -2.05084698
v -3.987432 1.5101625 -1.92890327
v -3.94352939 1.54293264 -1.24473249
v -3.9468789 1.55958119 -1.23066848
v -3.94352939 1.54293264 -1.24473249
v -3.9468789 1.55958119 -1.23066848
v -3.9951353 1.55958118 -1.21290844
v -3.99224659 1.53116556 -1.22745284
v -3.99224659 1.53116556 -1.22745284
v -3.98743202 1.51016267 -1.34939655
v -3.99224659 1.53116556 -1.22745284
v -4.12990671 1.52932894 -1.22745284
v -4.12710622 1.50696855 -1.34939654
v -4.13158699 1.55958117 -1.21290844
v -4.12990671 1.52932894 -1.22745284
v -4.32131834 1.55958117 -1.21290844
v -4.32131834 1.53102687 -1.22745284
v -4.32131834 1.53102687 -1.22745284
v -4.32131834 1.50992149 -1.34939655
v -4.5127297 1.52932894 -1.22745284
v -4.51553017 1.50696855 -1.34939654
v -4.51104941 1.55958117 -1.21290844
v -4.5127297 1.52932894 -1.22745284
v -4.65038953 1.53116556 -1.22745284
v -4.65520408 1.51016268 -1.34939655
v -3.93599996 1.59300268 -1.63914993
v -3.98550619 1.61641227 -1.63914994
v -3.98743202 1.60899959 -1.34939658
v -3.93796276 1.58908929 -1.36197195
v -3.98743202 1.60899941 -1.9289033
v -4.12710622 1.61219353 -1.9289033
v -4.12598603 1.62008551 -1.63914994
v -3.98550619 1.61641227 -1.63914994
v -4.32131834 1.6092406 -1.9289033
v -4.32131834 1.61668962 -1.63914994
v -4.32131834 1.60924077 -1.34939658
v -4.12710622 1.61219371 -1.34939658
v -3.98743202 1.60899959 -1.34939658
v -4.5155302 1.61219353 -1.9289033
v -4.51665037 1.62008551 -1.63914994
v -4.65520408 1.60899941 -1.9289033
v -4.65712986 1.61641228 -1.63914994
v -4.6552041 1.60899959 -1.34939658
v -4.51553017 1.61219371 -1.34939658
v -4.70663643 1.52615944 -1.63914991
v -4.65712986 1.50274981 -1.6391499
v -4.51665037 1.49907658 -1.6391499
v -4.65712986 1.50274981 -1.6391499
v -4.32131834 1.50247245 -1.6391499
v -4.12598603 1.49907657 -1.6391499
v -3.98550621 1.50274982 -1.6391499
v -3.94352941 1.57622973 -1.2447325
v -3.99224657 1.58799679 -1.22745286
v -3.94352941 1.57622973 -1.2447325
v -3.99224657 1.58799679 -1.22745286
v -4.12990669 1.5898334 -1.22745286
v -3.99224657 1.58799679 -1.22745286
v -4.12990669 1.5898334 -1.22745286
v -4.32131834 1.58813547 -1.22745286
v -4.32131834 1.58813547 -1.22745286
v -4.5127297 1.5898334 -1.22745286
v -4.5127297 1.5898334 -1.22745286
v -4.65038955 1.58799679 -1.22745289
v -4.69910705 1.5762295 -2.03356736
v -4.65038955 1.58799654 -2.050847
v -4.69910705 1.5762295 -2.03356736
v -4.65038955 1.58799654 -2.050847
v -4.5127297 1.58983315 -2.050847
v -4.65038955 1.58799654 -2.050847
v -4.5127297 1.58983315 -2.050847
v -4.32131835 1.58813522 -2.050847
v -4.32131835 1.58813522 -2.050847
v -4.12990669 1.58983315 -2.050847
v -4.12990669 1.58983315 -2.050847
v -3.99224659 1.58799654 -2.05084697
v -4.69436162 1.65638832 -1.35498894
v -4.69790285 1.66032154 -1.36518765
v -4.69448891 1.65552197 -1.63914996
v -4.69073484 1.65638824 -1.63914995
v -4.70419719 1.66792403 -1.42267376
v -4.70354957 1.66513335 -1.63914995
v -4.70419724 1.6679239 -1.85562616
v -4.69790285 1.66032137 -1.9131123
v -4.69436162 1.65638815 -1.92331096
v -3.9951353 1.65638806 -2.06539144
v -3.99224659 1.68480368 -2.050847
v -3.94352936 1.67303664 -2.03356739
v -3.9468789 1.65638809 -2.04763136
v -3.99224659 1.68480368 -2.050847
v -3.98743202 1.70580656 -1.92890333
v -3.93796276 1.68589628 -1.91632794
v -3.94352936 1.67303664 -2.03356739
v -3.93843961 1.6679239 -1.85562612
v -3.94473409 1.66032137 -1.91311225
v -3.9468789 1.65638809 -2.04763136
v -3.94827534 1.65638815 -1.92331093
v -3.94814823 1.65552197 -1.63914995
v -3.95190234 1.65638824 -1.63914995
v -3.93908737 1.66513335 -1.63914995
v -3.93843961 1.66792403 -1.42267376
v -3.94473413 1.66032154 -1.3651876
v -3.94827536 1.65638832 -1.35498894
v -4.64750082 1.65638832 -1.21290847
v -4.65038955 1.68480393 -1.22745292
v -4.69910705 1.67303688 -1.24473253
v -4.69575759 1.65638834 -1.23066854
v -4.65038955 1.68480393 -1.22745292
v -4.6552041 1.70580673 -1.3493966
v -4.70467363 1.68589645 -1.36197198
v -4.69910705 1.67303688 -1.24473253
v -4.69575759 1.65638834 -1.23066854
v -3.987432 1.60696965 -1.9289033
v -3.93796276 1.62687998 -1.91632792
v -3.93600001 1.62296658 -1.63914994
v -3.98550621 1.59955697 -1.63914993
v -3.93843961 1.64485241 -1.85562614
v -3.93908737 1.64764311 -1.63914995
v -3.93843961 1.64485255 -1.42267377
v -3.93796276 1.62688015 -1.36197199
v -3.98743202 1.60696982 -1.34939657
v -4.65520408 1.70580656 -1.92890333
v -4.70467363 1.68589628 -1.91632794
v -4.70663638 1.68980983 -1.63914996
v -4.65712986 1.71321942 -1.63914997
v -4.65520408 1.60696983 -1.34939657
v -4.65038953 1.6279727 -1.22745287
v -4.69910705 1.63973979 -1.24473249
v -4.70467367 1.62688015 -1.36197199
v -4.65038953 1.6279727 -1.22745287
v -4.69910705 1.63973979 -1.24473249
v -4.69790285 1.6524551 -1.36518765
v -4.70419719 1.64485255 -1.42267378
v -3.94473409 1.65245493 -1.91311228
v -3.94814825 1.65725451 -1.63914995
v -3.94473411 1.6524551 -1.3651876
v -3.99224655 1.62797245 -2.05084701
v -3.94352936 1.63973954 -2.03356738
v -3.99224655 1.62797245 -2.05084701
v -3.94352936 1.63973954 -2.03356738
v -4.69448889 1.65725451 -1.63914995
v -4.70354957 1.64764311 -1.63914994
v -4.69790283 1.65245493 -1.9131123
v -4.70419724 1.64485241 -1.85562615
v -4.69910701 1.63973954 -2.03356738
v -4.70467363 1.62687998 -1.9163279
v -4.69575754 1.65638809 -2.04763139
v -4.69910701 1.63973954 -2.03356738
v -4.69575754 1.65638809 -2.04763139
v -4.64750082 1.65638806 -2.06539144
v -4.65038951 1.62797245 -2.05084701
v -4.65038951 1.62797245 -2.05084701
v -4.65520408 1.60696964 -1.9289033
v -4.65520408 1.60696964 -1.9289033
v -4.65038951 1.62797245 -2.05084701
v -4.5127297 1.62613583 -2.05084701
v -4.51553017 1.60377552 -1.9289033
v -4.51104939 1.65638806 -2.06539144
v -4.5127297 1.62613583 -2.05084701
v -4.32131834 1.65638806 -2.06539144
v -4.32131834 1.62783377 -2.05084701
v -4.32131834 1.62783377 -2.05084701
v -4.32131834 1.60672846 -1.9289033
v -4.12990669 1.62613583 -2.05084701
v -4.12710622 1.60377552 -1.9289033
v -4.13158699 1.65638806 -2.06539144
v -4.12990669 1.62613583 -2.05084701
v -3.99224655 1.62797245 -2.05084701
v -3.987432 1.60696965 -1.9289033
v -3.94352939 1.63973978 -1.24473252
v -3.9468789 1.65638834 -1.23066851
v -3.94352939 1.63973978 -1.24473252
v -3.9468789 1.65638834 -1.23066851
v -3.9951353 1.65638832 -1.21290847
v -3.99224659 1.6279727 -1.22745287
v -3.99224659 1.6279727 -1.22745287
v -3.98743202 1.60696982 -1.34939657
v -3.99224659 1.6279727 -1.22745287
v -4.12990671 1.62613608 -1.22745287
v -4.12710622 1.60377569 -1.34939657
v -4.13158699 1.65638832 -1.21290847
v -4.12990671 1.62613608 -1.22745287
v -4.32131834 1.65638832 -1.21290847
v -4.32131834 1.62783401 -1.22745287
v -4.32131834 1.62783401 -1.22745287
v -4.32131834 1.60672864 -1.34939657
v -4.5127297 1.62613608 -1.22745287
v -4.51553017 1.60377569 -1.34939657
v -4.51104941 1.65638832 -1.21290847
v -4.5127297 1.62613608 -1.22745287
v -4.65038953 1.6279727 -1.22745287
v -4.65520408 1.60696983 -1.34939657
v -3.93599996 1.68980983 -1.63914996
v -3.98550619 1.7132194 -1.63914997
v -3.98743202 1.70580673 -1.3493966
v -3.93796276 1.68589645 -1.36197198
v -3.98743202 1.70580656 -1.92890333
v -4.12710622 1.70900067 -1.92890333
v -4.12598603 1.71689265 -1.63914997
v -3.98550619 1.7132194 -1.63914997
v -4.32131834 1.70604774 -1.92890333
v -4.32131834 1.71349678 -1.63914997
v -4.32131834 1.70604791 -1.3493966
v -4.12710622 1.70900085 -1.34939661
v -3.98743202 1.70580673 -1.3493966
v -4.5155302 1.70900067 -1.92890333
v -4.51665037 1.71689265 -1.63914997
v -4.65520408 1.70580656 -1.92890333
v -4.65712986 1.71321942 -1.63914997
v -4.6552041 1.70580673 -1.3493966
v -4.51553017 1.70900085 -1.34939661
v -4.70663643 1.62296658 -1.63914994
v -4.65712986 1.59955696 -1.63914993
v -4.51665037 1.59588371 -1.63914993
v -4.65712986 1.59955696 -1.63914993
v -4.32131834 1.59927959 -1.63914993
v -4.12598603 1.59588371 -1.63914993
v -3.98550621 1.59955697 -1.63914993
v -3.94352941 1.67303688 -1.24473253
v -3.99224657 1.68480393 -1.22745289
v -3.94352941 1.67303688 -1.24473253
v -3.99224657 1.68480393 -1.22745289
v -4.12990669 1.68664053 -1.22745289
v -3.99224657 1.68480393 -1.22745289
v -4.12990669 1.68664053 -1.22745289
v -4.32131834 1.6849426 -1.22745289
v -4.32131834 1.6849426 -1.22745289
v -4.5127297 1.68664053 -1.22745289
v -4.5127297 1.68664053 -1.22745289
v -4.65038955 1.68480393 -1.22745292
v -4.69910705 1.67303664 -2.03356739
v -4.65038955 1.68480368 -2.05084703
v -4.69910705 1.67303664 -2.03356739
v -4.65038955 1.68480368 -2.05084703
v -4.5127297 1.68664029 -2.05084703
v -4.65038955 1.68480368 -2.05084703
v -4.5127297 1.68664029 -2.05084703
v -4.32131835 1.68494235 -2.05084703
v -4.32131835 1.68494235 -2.05084703
v -4.12990669 1.68664029 -2.05084703
v -4.12990669 1.68664029 -2.05084703
v -3.99224659 1.68480368 -2.050847
vn -0.87298 -0.0077 -0.48769
vn -0.87302 -0.0078 -0.48761
vn -0.87303 -0.0077 -0.48761
vn -0.97912 -0.006 -0.2032
vn -0.9791 -0.0059 -0.2033
vn -0.9791 -0.006 -0.2033
vn -0.97912 0.006 -0.2032
vn -0.9791 0.006 -0.2033
vn -0.87298 0.0077 -0.48769
vn -0.87302 0.0078 -0.48761
vn 0.34691 0.93144 0.1099
vn 0.34692 0.93145 0.10981
vn 0.77778 0.38309 0.49829
vn 0.99709 0.0419 -0.0637
vn 0.99708 0.042 -0.0638
vn 0.99697 0.0074 -0.0775
vn 0.99697 0.0073 -0.0775
vn 0.87298 0.0077 -0.48769
vn 0.87298 0.0078 -0.48769
vn 0.87303 0.0077 -0.48761
vn 0.97912 0.006 -0.2032
vn 0.9791 0.006 -0.2033
vn 0.97912 -0.006 -0.2032
vn 0.9791 -0.006 -0.2033
vn 0.87298 -0.0077 -0.48769
vn 0.87302 -0.0078 -0.48761
vn -0.34688 -0.93145 0.10989
vn -0.34692 -0.93145 0.10981
vn -0.34691 -0.93144 0.1099
vn -0.77778 -0.38309 0.49829
vn -0.99708 -0.042 -0.0638
vn -0.99709 -0.0419 -0.0637
vn -0.99709 -0.042 -0.0637
vn -0.99697 -0.0074 -0.0775
vn -0.99697 -0.0074 -0.0774
vn 0.87909 0.0531 -0.47369
vn 0.87913 0.0531 -0.47362
vn 0.99978 0.0028 0.0207
vn 0.99978 0.0028 0.0206
vn 0.99978 0.0029 0.0207
vn 0.99978 -0.0028 0.0207
vn 0.99978 -0.0029 0.0207
vn 0.87913 -0.0531 -0.47362
vn 0.87909 -0.0531 -0.47369
vn -0.87909 0.0531 0.47369
vn -0.87913 0.0531 0.47362
vn -0.99978 0.0028 -0.0206
vn -0.99978 0.0029 -0.0207
vn -0.99978 -0.0028 -0.0207
vn -0.99978 -0.0029 -0.0207
vn -0.87913 -0.0531 0.47362
vn -0.87909 -0.0531 0.47369
vn -0.77778 -0.38309 -0.49829
vn -0.34691 -0.93144 -0.1099
vn -0.34688 -0.93145 -0.10989
vn -0.99697 -0.0074 0.0774
vn -0.99697 -0.0073 0.0774
vn -0.99697 -0.0074 0.0775
vn -0.99709 -0.042 0.0637
vn -0.99709 -0.0419 0.0637
vn 0.9791 0.006 0.2033
vn 0.97912 0.006 0.2032
vn 0.87298 0.0077 0.48769
vn 0.87303 0.0077 0.48761
vn 0.87302 0.0078 0.48761
vn 0.87298 -0.0078 0.48769
vn 0.87303 -0.0077 0.48761
vn 0.87298 -0.0077 0.48769
vn 0.97912 -0.006 0.2032
vn 0.9791 -0.006 0.2033
vn 0.77778 0.38309 -0.49829
vn 0.34691 0.93144 -0.1099
vn 0.34688 0.93145 -0.10989
vn 0.99697 0.0073 0.0774
vn 0.99697 0.0074 0.0775
vn 0.99708 0.042 0.0638
vn 0.99709 0.0419 0.0637
vn 0.99709 0.042 0.0637
vn -0.9791 -0.006 0.2033
vn -0.97912 -0.006 0.2032
vn -0.97912 -0.0059 0.2032
vn -0.87298 -0.0077 0.48769
vn -0.87302 -0.0078 0.48761
vn -0.87302 0.0078 0.48761
vn -0.87303 0.0077 0.48761
vn -0.87298 0.0077 0.48769
vn -0.97912 0.006 0.2032
vn -0.9791 0.006 0.2033
vn -0.99709 0.042 0.0637
vn -0.99708 0.042 0.0638
vn -0.99709 0.0419 0.0637
vn -0.99697 0.0074 0.0775
vn -0.34691 0.93144 -0.1099
vn -0.34692 0.93145 -0.10981
vn -0.77778 0.38309 -0.49829
vn -0.0575 0.65513 -0.75333
vn -0.0576 0.65518 -0.75328
vn -0.0576 0.65528 -0.75318
vn -0.0576 0.65523 -0.75323
vn -0.0026 0.99485 -0.10131
vn -0.0029 0.99487 -0.1011
vn -0.003 0.99489 -0.1009
vn -0.0028 0.99487 -0.1011
vn 0.0019 0.99489 -0.1009
vn 0.0019 0.99488 -0.101
vn 0.0383 0.65519 -0.75449
vn -0.0383 0.65519 -0.75449
vn -0.0384 0.65519 -0.75449
vn -0.0019 0.99488 -0.101
vn -0.0019 0.99489 -0.1009
vn 0.0027 0.99489 -0.1009
vn 0.0028 0.99487 -0.1011
vn 0.0031 0.99485 -0.10131
vn 0.0029 0.99487 -0.1011
vn 0.0576 0.65518 -0.75328
vn 0.99709 -0.0419 0.0637
vn 0.99697 -0.0074 0.0775
vn 0.99697 -0.0073 0.0775
vn 0.34691 -0.93144 -0.1099
vn 0.34688 -0.93145 -0.10989
vn 0.34692 -0.93145 -0.10981
vn 0.77778 -0.38309 -0.49829
vn 0.0575 -0.65513 -0.75333
vn 0.0575 -0.65518 -0.75328
vn 0.0574 -0.65508 -0.75338
vn 0.0576 -0.65518 -0.75328
vn 0.0029 -0.99487 -0.1011
vn 0.003 -0.99489 -0.1009
vn 0.0028 -0.99487 -0.1011
vn -0.0018 -0.99491 -0.1008
vn -0.0019 -0.99489 -0.1009
vn -0.0019 -0.99488 -0.101
vn -0.0383 -0.65519 -0.75449
vn 0.0383 -0.65519 -0.75449
vn 0.0384 -0.65519 -0.75449
vn 0.0018 -0.99489 -0.101
vn 0.0019 -0.99488 -0.101
vn 0.002 -0.9949 -0.1008
vn 0.0019 -0.99489 -0.1009
vn -0.0027 -0.99489 -0.1009
vn -0.0028 -0.99487 -0.1011
vn -0.0031 -0.99485 -0.10131
vn -0.0029 -0.99487 -0.1011
vn -0.0576 -0.65518 -0.75328
vn 0.99978 0.0028 -0.0207
vn 0.99978 0.0029 -0.0207
vn 0.87909 0.0531 0.47369
vn 0.87913 0.0531 0.47362
vn 0.87913 -0.0531 0.47362
vn 0.87909 -0.0531 0.47369
vn 0.99978 -0.0029 -0.0207
vn 0.99978 -0.0028 -0.0207
vn 0.99978 -0.0028 -0.0206
vn 0.1019 0.1277 0.98657
vn -0.0677 0.1274 0.98954
vn -0.0679 0.1276 0.9895
vn -0.068 0.1276 0.98949
vn -0.068 -0.1276 0.98949
vn -0.0679 -0.1276 0.9895
vn 0.1019 -0.1277 0.98657
vn 0.0679 0.1276 0.9895
vn 0.068 0.1276 0.98949
vn -0.1019 0.1277 0.98657
vn -0.1019 -0.1277 0.98657
vn 0.068 -0.1276 0.98949
vn 0.0679 -0.1275 0.98951
vn 0.0679 -0.1276 0.9895
vn -0.99978 0.0028 0.0207
vn -0.99978 0.0029 0.0207
vn -0.87909 0.0531 -0.47369
vn -0.87913 0.0531 -0.47362
vn -0.87913 -0.0531 -0.47362
vn -0.87909 -0.0531 -0.47369
vn -0.99978 -0.0029 0.0207
vn -0.99978 -0.0028 0.0207
vn -0.99978 -0.0028 0.0206
vn -0.1019 0.1277 -0.98657
vn 0.0678 0.1275 -0.98952
vn 0.0679 0.1276 -0.9895
vn 0.0679 -0.1276 -0.9895
vn 0.068 -0.1276 -0.98949
vn -0.1019 -0.1277 -0.98657
vn -0.0679 0.1276 -0.9895
vn 0.1019 0.1277 -0.98657
vn 0.1019 -0.1277 -0.98657
vn -0.0679 -0.1276 -0.9895
vn -0.0679 -0.1275 -0.98951
vn 0.99697 -0.0074 -0.0775
vn 0.99697 -0.0073 -0.0774
vn 0.99709 -0.042 -0.0637
vn 0.99708 -0.042 -0.0638
vn 0.99709 -0.0419 -0.0637
vn 0.77778 -0.38309 0.49829
vn 0.34688 -0.93145 0.10989
vn 0.34691 -0.93144 0.1099
vn 0.0031 -0.99485 0.10131
vn 0.0029 -0.99487 0.1011
vn 0.0029 -0.99486 0.1012
vn 0.0028 -0.99487 0.1011
vn 0.0576 -0.65518 0.75328
vn -0.0384 -0.65519 0.75449
vn -0.0383 -0.65519 0.75449
vn -0.0019 -0.99489 0.1009
vn -0.0019 -0.99488 0.101
vn 0.0019 -0.99488 0.101
vn 0.0018 -0.99491 0.1008
vn 0.0019 -0.99489 0.1009
vn 0.0383 -0.65519 0.75449
vn -0.0574 -0.65508 0.75338
vn -0.0576 -0.65518 0.75328
vn -0.0575 -0.65513 0.75333
vn -0.0575 -0.65518 0.75328
vn -0.003 -0.99489 0.1009
vn -0.0028 -0.99487 0.1011
vn -0.0026 -0.99485 0.10131
vn -0.99697 0.0074 -0.0775
vn -0.99697 0.0074 -0.0774
vn -0.99697 0.0073 -0.0774
vn -0.99709 0.042 -0.0637
vn -0.99709 0.0419 -0.0637
vn -0.77778 0.38309 0.49829
vn -0.34688 0.93145 0.10989
vn -0.34691 0.93144 0.1099
vn -0.0031 0.99485 0.10131
vn -0.0029 0.99487 0.1011
vn -0.0027 0.99489 0.1009
vn -0.0028 0.99487 0.1011
vn -0.0576 0.65518 0.75328
vn 0.0384 0.65519 0.75449
vn 0.0383 0.65519 0.75449
vn 0.002 0.9949 0.1008
vn 0.0019 0.99489 0.1009
vn 0.0019 0.99488 0.101
vn -0.0019 0.99489 0.1009
vn -0.0019 0.99488 0.101
vn -0.0383 0.65519 0.75449
vn 0.0574 0.65508 0.75338
vn 0.0576 0.65518 0.75328
vn 0.0575 0.65513 0.75333
vn 0.0575 0.65518 0.75328
vn 0.003 0.99489 0.1009
vn 0.0029 0.99487 0.1011
vn 0.0026 0.99485 0.10131
vn -0.87303 0.0077 -0.48761
vn 0.34688 0.93145 0.10989
vn 0.87298 0.0076 -0.48769
vn 0.97912 -0.0059 -0.2032
vn -0.99978 -0.0029 -0.0206
vn 0.97912 0.0059 0.2032
vn 0.34688 0.93146 -0.1098
vn -0.34688 0.93145 -0.10989
vn -0.0575 0.65518 -0.75328
vn -0.0574 0.65508 -0.75338
vn 0.0018 0.99491 -0.1008
vn 0.0384 0.65519 -0.75449
vn 0.0029 0.99486 -0.1012
vn -0.0679 0.1275 0.98951
vn -0.068 -0.1275 0.9895
vn -0.99978 0.0029 0.0206
vn 0.0679 0.1275 -0.98951
vn 0.0027 -0.99489 0.1009
vn -0.002 -0.9949 0.1008
vn -0.0029 -0.99487 0.1011
vn -0.99708 0.0421 -0.0637
vn -0.0029 0.99486 0.1012
vn 0.0018 0.99489 0.101
vn 0.0577 0.65533 0.75313
vt 0.71499 0.37534
vt 0.71523 0.37488
vt 0.72177 0.37544
vt 0.72177 0.37534
vt 0.7166 0.374
vt 0.72177 0.37433
vt 0.72694 0.374
vt 0.72831 0.37488
vt 0.72855 0.37534
vt 0.73078 0.37534
vt 0.73086 0.37204
vt 0.73221 0.37341
vt 0.73212 0.37534
vt 0.7316 0.37204
vt 0.72869 0.36961
vt 0.72838 0.37192
vt 0.73118 0.37341
vt 0.73152 0.37534
vt 0.71276 0.37534
vt 0.71268 0.37204
vt 0.71133 0.37341
vt 0.71142 0.37534
vt 0.71194 0.37204
vt 0.71485 0.36961
vt 0.71515 0.37192
vt 0.71235 0.37341
vt 0.71202 0.37534
vt 0.72869 0.38107
vt 0.72838 0.37876
vt 0.72177 0.37921
vt 0.72177 0.38193
vt 0.72694 0.37668
vt 0.72177 0.37635
vt 0.7166 0.37668
vt 0.71515 0.37876
vt 0.71485 0.38107
vt 0.72177 0.37146
vt 0.72177 0.36875
vt 0.71194 0.37863
vt 0.71235 0.37727
vt 0.71268 0.37863
vt 0.71133 0.37727
vt 0.71523 0.37579
vt 0.72831 0.37579
vt 0.72177 0.37524
vt 0.7316 0.37863
vt 0.73118 0.37727
vt 0.73086 0.37863
vt 0.73221 0.37727
vt 0.71254 0.36845
vt 0.71268 0.36555
vt 0.71648 0.36555
vt 0.7164 0.36845
vt 0.71653 0.37534
vt 0.71648 0.37885
vt 0.72177 0.37865
vt 0.72177 0.36555
vt 0.72177 0.36845
vt 0.72706 0.36555
vt 0.72714 0.36845
vt 0.72701 0.37534
vt 0.72706 0.37885
vt 0.73086 0.36555
vt 0.73099 0.36845
vt 0.73099 0.38223
vt 0.73086 0.38513
vt 0.72706 0.38513
vt 0.72714 0.38223
vt 0.72177 0.38513
vt 0.72177 0.38223
vt 0.71648 0.38513
vt 0.7164 0.38223
vt 0.71268 0.38513
vt 0.71254 0.38223
vt 0.72717 0.37534
vt 0.73105 0.37534
vt 0.71637 0.37534
vt 0.71249 0.37534
vt 0.72706 0.37183
vt 0.72177 0.37203
vt 0.71648 0.37183
usemtl mat1
f 1085/377/1028 1086/378/1028 1087/379/1029
f 1085/377/1028 1087/379/1029 1088/380/1030
f 1086/378/1031 1089/381/1031 1090/382/1032
f 1086/378/1031 1090/382/1032 1087/379/1033
f 1087/379/1034 1090/382/1035 1091/383/1035
f 1087/379/1034 1091/383/1035 1092/384/1035
f 1088/380/1036 1087/379/1037 1092/384/1036
f 1088/380/1036 1092/384/1036 1093/385/1036
f 1094/386/1038 1095/387/1039 1096/388/1038
f 1094/386/1038 1096/388/1038 1097/389/1038
f 1098/390/1040 1099/391/1040 1100/392/1040
f 1098/390/1040 1100/392/1040 1101/393/1040
f 1101/393/1041 1100/392/1041 1102/383/1041
f 1101/393/1041 1102/383/1041 1103/384/1042
f 1104/394/1043 1101/393/1043 1103/384/1043
f 1104/394/1043 1103/384/1043 1105/385/1044
f 1105/385/1045 1103/384/1045 1106/379/1046
f 1105/385/1045 1106/379/1046 1107/380/1047
f 1103/384/1048 1102/383/1048 1108/382/1048
f 1103/384/1048 1108/382/1048 1106/379/1049
f 1106/379/1050 1108/382/1051 1109/381/1051
f 1106/379/1050 1109/381/1051 1110/378/1051
f 1107/380/1052 1106/379/1053 1110/378/1052
f 1107/380/1052 1110/378/1052 1111/377/1052
f 1112/395/1054 1113/396/1055 1114/397/1056
f 1112/395/1054 1114/397/1056 1115/398/1056
f 1116/399/1057 1117/400/1057 1118/401/1057
f 1116/399/1057 1118/401/1057 1119/402/1057
f 1119/402/1058 1118/401/1059 1089/381/1059
f 1119/402/1058 1089/381/1059 1086/378/1060
f 1120/403/1061 1119/402/1061 1086/378/1062
f 1120/403/1061 1086/378/1062 1085/377/1061
f 1121/404/1063 1122/405/1064 1123/406/1064
f 1121/404/1063 1123/406/1064 1124/407/1064
f 1122/405/1065 1125/408/1066 1126/409/1067
f 1122/405/1065 1126/409/1067 1123/406/1067
f 1123/406/1068 1126/409/1069 1127/410/1068
f 1123/406/1068 1127/410/1068 1128/411/1069
f 1124/407/1070 1123/406/1070 1128/411/1071
f 1124/407/1070 1128/411/1071 1129/412/1070
f 1130/391/1072 1131/392/1072 1132/413/1073
f 1130/391/1072 1132/413/1073 1133/414/1073
f 1131/392/1074 1091/383/1074 1090/382/1075
f 1131/392/1074 1090/382/1075 1132/413/1075
f 1132/413/1076 1090/382/1077 1089/381/1076
f 1132/413/1076 1089/381/1076 1118/401/1077
f 1133/414/1078 1132/413/1078 1118/401/1079
f 1133/414/1078 1118/401/1079 1117/400/1078
f 1134/412/1080 1135/415/1080 1136/416/1080
f 1134/412/1080 1136/416/1080 1137/411/1080
f 1138/417/1081 1112/395/1082 1115/398/1082
f 1138/417/1081 1115/398/1082 1139/418/1081
f 1136/416/1083 1120/403/1084 1085/377/1085
f 1136/416/1083 1085/377/1085 1140/419/1085
f 1137/411/1086 1136/416/1087 1140/419/1086
f 1137/411/1086 1140/419/1086 1141/410/1086
f 1125/408/1088 1142/420/1088 1143/421/1089
f 1125/408/1088 1143/421/1089 1126/409/1088
f 1142/420/1090 1105/385/1091 1107/380/1090
f 1142/420/1090 1107/380/1090 1143/421/1092
f 1143/421/1093 1107/380/1094 1111/377/1095
f 1143/421/1093 1111/377/1095 1144/419/1094
f 1126/409/1096 1143/421/1097 1144/419/1096
f 1126/409/1096 1144/419/1096 1127/410/1096
f 1121/404/1098 1145/422/1098 1146/423/1098
f 1121/404/1098 1146/423/1098 1122/405/1098
f 1147/424/1099 1094/386/1100 1097/389/1100
f 1147/424/1099 1097/389/1100 1148/425/1099
f 1146/423/1101 1104/394/1101 1105/385/1102
f 1146/423/1101 1105/385/1102 1142/420/1102
f 1122/405/1103 1146/423/1104 1142/420/1105
f 1122/405/1103 1142/420/1105 1125/408/1105
f 1141/410/1106 1140/419/1106 1149/421/1107
f 1141/410/1106 1149/421/1107 1150/409/1108
f 1140/419/1109 1085/377/1109 1088/380/1109
f 1140/419/1109 1088/380/1109 1149/421/1110
f 1149/421/1111 1088/380/1112 1093/385/1113
f 1149/421/1111 1093/385/1113 1151/420/1113
f 1150/409/1114 1149/421/1115 1151/420/1114
f 1150/409/1114 1151/420/1114 1152/408/1114
f 1152/408/1116 1151/420/1116 1153/423/1117
f 1152/408/1116 1153/423/1117 1154/405/1118
f 1151/420/1119 1093/385/1119 1155/394/1119
f 1151/420/1119 1155/394/1119 1153/423/1119
f 1156/418/1120 1157/398/1120 1158/395/1120
f 1156/418/1120 1158/395/1120 1159/417/1121
f 1154/405/1122 1153/423/1122 1160/422/1122
f 1154/405/1122 1160/422/1122 1161/404/1122
f 1162/426/1123 1163/427/1124 1164/428/1125
f 1162/426/1123 1164/428/1125 1165/429/1126
f 1159/417/1127 1158/395/1128 1166/430/1129
f 1159/417/1127 1166/430/1129 1167/431/1130
f 1167/431/1131 1166/430/1131 1168/380/1132
f 1167/431/1131 1168/380/1132 1169/432/1131
f 1165/429/1133 1164/428/1133 1170/433/1133
f 1165/429/1133 1170/433/1133 1171/434/1133
f 1171/434/1134 1170/433/1134 1172/435/1135
f 1171/434/1134 1172/435/1135 1173/436/1134
f 1169/432/1136 1168/380/1136 1174/437/1137
f 1169/432/1136 1174/437/1137 1175/438/1137
f 1175/438/1138 1174/437/1139 1094/386/1140
f 1175/438/1138 1094/386/1140 1147/424/1141
f 1173/436/1142 1172/435/1142 1176/439/1142
f 1173/436/1142 1176/439/1142 1177/440/1142
f 1127/410/1143 1144/419/1143 1178/416/1143
f 1127/410/1143 1178/416/1143 1128/411/1143
f 1144/419/1144 1111/377/1145 1179/403/1144
f 1144/419/1144 1179/403/1144 1178/416/1144
f 1180/425/1146 1181/389/1146 1182/386/1147
f 1180/425/1146 1182/386/1147 1183/424/1148
f 1128/411/1149 1178/416/1149 1184/415/1149
f 1128/411/1149 1184/415/1149 1129/412/1149
f 1185/441/1150 1186/442/1151 1187/443/1152
f 1185/441/1150 1187/443/1152 1188/444/1153
f 1183/424/1154 1182/386/1154 1189/437/1155
f 1183/424/1154 1189/437/1155 1190/438/1156
f 1190/438/1157 1189/437/1158 1191/380/1159
f 1190/438/1157 1191/380/1159 1192/432/1159
f 1188/444/1160 1187/443/1160 1193/445/1160
f 1188/444/1160 1193/445/1160 1194/446/1160
f 1194/446/1161 1193/445/1161 1195/447/1162
f 1194/446/1161 1195/447/1162 1196/448/1161
f 1192/432/1163 1191/380/1164 1197/430/1165
f 1192/432/1163 1197/430/1165 1198/431/1166
f 1198/431/1167 1197/430/1168 1112/395/1169
f 1198/431/1167 1112/395/1169 1138/417/1170
f 1196/448/1171 1195/447/1171 1199/449/1171
f 1196/448/1171 1199/449/1171 1200/450/1171
f 1102/383/1172 1100/392/1173 1201/413/1172
f 1102/383/1172 1201/413/1172 1108/382/1172
f 1100/392/1174 1099/391/1175 1202/414/1175
f 1100/392/1174 1202/414/1175 1201/413/1175
f 1201/413/1176 1202/414/1176 1203/400/1177
f 1201/413/1176 1203/400/1177 1204/401/1176
f 1108/382/1178 1201/413/1178 1204/401/1179
f 1108/382/1178 1204/401/1179 1109/381/1180
f 1205/440/1181 1206/436/1181 1207/451/1181
f 1205/440/1181 1207/451/1181 1208/452/1181
f 1206/436/1182 1209/434/1183 1210/380/1184
f 1206/436/1182 1210/380/1184 1207/451/1184
f 1207/451/1185 1210/380/1186 1211/446/1186
f 1207/451/1185 1211/446/1186 1212/444/1186
f 1208/452/1187 1207/451/1187 1212/444/1187
f 1208/452/1187 1212/444/1187 1213/441/1187
f 1209/434/1188 1214/429/1188 1215/453/1189
f 1209/434/1188 1215/453/1189 1210/380/1189
f 1214/429/1190 1216/426/1190 1217/454/1190
f 1214/429/1190 1217/454/1190 1215/453/1190
f 1215/453/1191 1217/454/1191 1218/450/1191
f 1215/453/1191 1218/450/1191 1219/448/1191
f 1210/380/1192 1215/453/1192 1219/448/1193
f 1210/380/1192 1219/448/1193 1211/446/1194
f 1152/408/1195 1154/405/1196 1220/406/1195
f 1152/408/1195 1220/406/1195 1150/409/1196
f 1154/405/1197 1161/404/1198 1221/407/1198
f 1154/405/1197 1221/407/1198 1220/406/1198
f 1220/406/1199 1221/407/1199 1134/412/1200
f 1220/406/1199 1134/412/1200 1137/411/1200
f 1150/409/1201 1220/406/1201 1137/411/1202
f 1150/409/1201 1137/411/1202 1141/410/1203
f 1162/426/1204 1165/429/1204 1222/453/1204
f 1162/426/1204 1222/453/1204 1223/454/1204
f 1165/429/1205 1171/434/1206 1224/380/1206
f 1165/429/1205 1224/380/1206 1222/453/1206
f 1222/453/1207 1224/380/1207 1194/446/1208
f 1222/453/1207 1194/446/1208 1196/448/1208
f 1223/454/1209 1222/453/1209 1196/448/1209
f 1223/454/1209 1196/448/1209 1200/450/1209
f 1171/434/1210 1173/436/1210 1225/451/1210
f 1171/434/1210 1225/451/1210 1224/380/1210
f 1173/436/1211 1177/440/1211 1226/452/1211
f 1173/436/1211 1226/452/1211 1225/451/1211
f 1225/451/1212 1226/452/1212 1185/441/1212
f 1225/451/1212 1185/441/1212 1188/444/1212
f 1224/380/1213 1225/451/1213 1188/444/1214
f 1224/380/1213 1188/444/1214 1194/446/1213
f 1111/377/1215 1110/378/1215 1227/402/1216
f 1111/377/1215 1227/402/1216 1179/403/1216
f 1110/378/1217 1109/381/1217 1204/401/1218
f 1110/378/1217 1204/401/1218 1227/402/1219
f 1227/402/1220 1204/401/1220 1203/400/1220
f 1227/402/1220 1203/400/1220 1228/399/1220
f 1181/389/1221 1229/388/1222 1230/387/1222
f 1181/389/1221 1230/387/1222 1182/386/1221
f 1182/386/1223 1230/387/1224 1231/455/1225
f 1182/386/1223 1231/455/1225 1189/437/1226
f 1232/442/1227 1213/441/1227 1212/444/1227
f 1232/442/1227 1212/444/1227 1233/443/1227
f 1233/443/1228 1212/444/1229 1211/446/1229
f 1233/443/1228 1211/446/1229 1234/445/1229
f 1189/437/1230 1231/455/1230 1235/456/1231
f 1189/437/1230 1235/456/1231 1191/380/1231
f 1191/380/1232 1235/456/1232 1236/457/1233
f 1191/380/1232 1236/457/1233 1197/430/1234
f 1234/445/1235 1211/446/1235 1219/448/1235
f 1234/445/1235 1219/448/1235 1237/447/1235
f 1237/447/1236 1219/448/1237 1218/450/1238
f 1237/447/1236 1218/450/1238 1238/449/1239
f 1197/430/1240 1236/457/1241 1113/396/1242
f 1197/430/1240 1113/396/1242 1112/395/1241
f 1093/385/1243 1092/384/1243 1239/393/1244
f 1093/385/1243 1239/393/1244 1155/394/1245
f 1092/384/1246 1091/383/1246 1131/392/1246
f 1092/384/1246 1131/392/1246 1239/393/1247
f 1239/393/1248 1131/392/1248 1130/391/1248
f 1239/393/1248 1130/391/1248 1240/390/1248
f 1157/398/1249 1241/397/1250 1242/396/1250
f 1157/398/1249 1242/396/1250 1158/395/1249
f 1158/395/1251 1242/396/1252 1243/457/1253
f 1158/395/1251 1243/457/1253 1166/430/1254
f 1244/427/1255 1216/426/1255 1214/429/1255
f 1244/427/1255 1214/429/1255 1245/428/1255
f 1245/428/1256 1214/429/1257 1209/434/1257
f 1245/428/1256 1209/434/1257 1246/433/1257
f 1166/430/1258 1243/457/1259 1247/456/1260
f 1166/430/1258 1247/456/1260 1168/380/1260
f 1168/380/1261 1247/456/1262 1248/455/1261
f 1168/380/1261 1248/455/1261 1174/437/1261
f 1246/433/1263 1209/434/1263 1206/436/1263
f 1246/433/1263 1206/436/1263 1249/435/1263
f 1249/435/1264 1206/436/1265 1205/440/1266
f 1249/435/1264 1205/440/1266 1250/439/1267
f 1174/437/1268 1248/455/1269 1095/387/1270
f 1174/437/1268 1095/387/1270 1094/386/1269
f 1251/377/1028 1252/378/1028 1253/379/1029
f 1251/377/1028 1253/379/1029 1254/380/1030
f 1252/378/1031 1255/381/1031 1256/382/1031
f 1252/378/1031 1256/382/1031 1253/379/1033
f 1253/379/1034 1256/382/1035 1257/383/1035
f 1253/379/1034 1257/383/1035 1258/384/1035
f 1254/380/1036 1253/379/1037 1258/384/1036
f 1254/380/1036 1258/384/1036 1259/385/1271
f 1260/386/1272 1261/387/1039 1262/388/1038
f 1260/386/1272 1262/388/1038 1263/389/1038
f 1264/390/1040 1265/391/1040 1266/392/1040
f 1264/390/1040 1266/392/1040 1267/393/1040
f 1267/393/1041 1266/392/1041 1268/383/1041
f 1267/393/1041 1268/383/1041 1269/384/1042
f 1270/394/1043 1267/393/1043 1269/384/1043
f 1270/394/1043 1269/384/1043 1271/385/1044
f 1271/385/1045 1269/384/1045 1272/379/1273
f 1271/385/1045 1272/379/1273 1273/380/1047
f 1269/384/1048 1268/383/1048 1274/382/1048
f 1269/384/1048 1274/382/1048 1272/379/1049
f 1272/379/1050 1274/382/1274 1275/381/1051
f 1272/379/1050 1275/381/1051 1276/378/1051
f 1273/380/1052 1272/379/1053 1276/378/1052
f 1273/380/1052 1276/378/1052 1277/377/1052
f 1278/395/1054 1279/396/1055 1280/397/1056
f 1278/395/1054 1280/397/1056 1281/398/1056
f 1282/399/1057 1283/400/1057 1284/401/1057
f 1282/399/1057 1284/401/1057 1285/402/1057
f 1285/402/1059 1284/401/1059 1255/381/1059
f 1285/402/1059 1255/381/1059 1252/378/1060
f 1286/403/1061 1285/402/1061 1252/378/1062
f 1286/403/1061 1252/378/1062 1251/377/1061
f 1287/404/1063 1288/405/1064 1289/406/1064
f 1287/404/1063 1289/406/1064 1290/407/1064
f 1288/405/1065 1291/408/1066 1292/409/1067
f 1288/405/1065 1292/409/1067 1289/406/1067
f 1289/406/1068 1292/409/1069 1293/410/1068
f 1289/406/1068 1293/410/1068 1294/411/1069
f 1290/407/1070 1289/406/1070 1294/411/1071
f 1290/407/1070 1294/411/1071 1295/412/1070
f 1296/391/1072 1297/392/1072 1298/413/1073
f 1296/391/1072 1298/413/1073 1299/414/1073
f 1297/392/1074 1257/383/1074 1256/382/1075
f 1297/392/1074 1256/382/1075 1298/413/1075
f 1298/413/1275 1256/382/1077 1255/381/1076
f 1298/413/1275 1255/381/1076 1284/401/1077
f 1299/414/1078 1298/413/1078 1284/401/1079
f 1299/414/1078 1284/401/1079 1283/400/1078
f 1300/412/1080 1301/415/1080 1302/416/1080
f 1300/412/1080 1302/416/1080 1303/411/1080
f 1304/417/1081 1278/395/1082 1281/398/1082
f 1304/417/1081 1281/398/1082 1305/418/1081
f 1302/416/1083 1286/403/1084 1251/377/1085
f 1302/416/1083 1251/377/1085 1306/419/1085
f 1303/411/1087 1302/416/1087 1306/419/1087
f 1303/411/1087 1306/419/1087 1307/410/1086
f 1291/408/1088 1308/420/1088 1309/421/1089
f 1291/408/1088 1309/421/1089 1292/409/1276
f 1308/420/1090 1271/385/1091 1273/380/1090
f 1308/420/1090 1273/380/1090 1309/421/1092
f 1309/421/1093 1273/380/1094 1277/377/1095
f 1309/421/1093 1277/377/1095 1310/419/1095
f 1292/409/1096 1309/421/1097 1310/419/1096
f 1292/409/1096 1310/419/1096 1293/410/1096
f 1287/404/1098 1311/422/1098 1312/423/1098
f 1287/404/1098 1312/423/1098 1288/405/1098
f 1313/424/1099 1260/386/1100 1263/389/1277
f 1313/424/1099 1263/389/1277 1314/425/1099
f 1312/423/1101 1270/394/1101 1271/385/1102
f 1312/423/1101 1271/385/1102 1308/420/1102
f 1288/405/1104 1312/423/1104 1308/420/1105
f 1288/405/1104 1308/420/1105 1291/408/1105
f 1307/410/1106 1306/419/1106 1315/421/1107
f 1307/410/1106 1315/421/1107 1316/409/1108
f 1306/419/1109 1251/377/1109 1254/380/1109
f 1306/419/1109 1254/380/1109 1315/421/1110
f 1315/421/1111 1254/380/1112 1259/385/1113
f 1315/421/1111 1259/385/1113 1317/420/1113
f 1316/409/1114 1315/421/1115 1317/420/1114
f 1316/409/1114 1317/420/1114 1318/408/1114
f 1318/408/1116 1317/420/1116 1319/423/1118
f 1318/408/1116 1319/423/1118 1320/405/1118
f 1317/420/1119 1259/385/1119 1321/394/1119
f 1317/420/1119 1321/394/1119 1319/423/1119
f 1322/418/1120 1323/398/1120 1324/395/1278
f 1322/418/1120 1324/395/1278 1325/417/1121
f 1320/405/1122 1319/423/1122 1326/422/1122
f 1320/405/1122 1326/422/1122 1327/404/1122
f 1328/426/1123 1329/427/1279 1330/428/1280
f 1328/426/1123 1330/428/1280 1331/429/1279
f 1325/417/1128 1324/395/1128 1332/430/1129
f 1325/417/1128 1332/430/1129 1333/431/1130
f 1333/431/1281 1332/430/1131 1334/380/1132
f 1333/431/1281 1334/380/1132 1335/432/1132
f 1331/429/1133 1330/428/1133 1336/433/1282
f 1331/429/1133 1336/433/1282 1337/434/1133
f 1337/434/1134 1336/433/1134 1338/435/1134
f 1337/434/1134 1338/435/1134 1339/436/1134
f 1335/432/1137 1334/380/1136 1340/437/1137
f 1335/432/1137 1340/437/1137 1341/438/1137
f 1341/438/1283 1340/437/1139 1260/386/1140
f 1341/438/1283 1260/386/1140 1313/424/1141
f 1339/436/1142 1338/435/1142 1342/439/1142
f 1339/436/1142 1342/439/1142 1343/440/1142
f 1293/410/1143 1310/419/1143 1344/416/1143
f 1293/410/1143 1344/416/1143 1294/411/1143
f 1310/419/1144 1277/377/1145 1345/403/1144
f 1310/419/1144 1345/403/1144 1344/416/1144
f 1346/425/1146 1347/389/1146 1348/386/1147
f 1346/425/1146 1348/386/1147 1349/424/1148
f 1294/411/1149 1344/416/1149 1350/415/1149
f 1294/411/1149 1350/415/1149 1295/412/1149
f 1351/441/1150 1352/442/1151 1353/443/1152
f 1351/441/1150 1353/443/1152 1354/444/1153
f 1349/424/1154 1348/386/1154 1355/437/1155
f 1349/424/1154 1355/437/1155 1356/438/1156
f 1356/438/1159 1355/437/1158 1357/380/1158
f 1356/438/1159 1357/380/1158 1358/432/1158
f 1354/444/1160 1353/443/1160 1359/445/1160
f 1354/444/1160 1359/445/1160 1360/446/1160
f 1360/446/1161 1359/445/1161 1361/447/1162
f 1360/446/1161 1361/447/1162 1362/448/1161
f 1358/432/1164 1357/380/1164 1363/430/1165
f 1358/432/1164 1363/430/1165 1364/431/1166
f 1364/431/1167 1363/430/1168 1278/395/1169
f 1364/431/1167 1278/395/1169 1304/417/1170
f 1362/448/1171 1361/447/1171 1365/449/1171
f 1362/448/1171 1365/449/1171 1366/450/1171
f 1268/383/1172 1266/392/1173 1367/413/1172
f 1268/383/1172 1367/413/1172 1274/382/1173
f 1266/392/1174 1265/391/1175 1368/414/1175
f 1266/392/1174 1368/414/1175 1367/413/1175
f 1367/413/1176 1368/414/1176 1369/400/1177
f 1367/413/1176 1369/400/1177 1370/401/1176
f 1274/382/1178 1367/413/1178 1370/401/1179
f 1274/382/1178 1370/401/1179 1275/381/1180
f 1371/440/1181 1372/436/1181 1373/451/1181
f 1371/440/1181 1373/451/1181 1374/452/1181
f 1372/436/1284 1375/434/1183 1376/380/1183
f 1372/436/1284 1376/380/1183 1373/451/1183
f 1373/451/1186 1376/380/1186 1377/446/1285
f 1373/451/1186 1377/446/1285 1378/444/1186
f 1374/452/1187 1373/451/1187 1378/444/1187
f 1374/452/1187 1378/444/1187 1379/441/1187
f 1375/434/1188 1380/429/1189 1381/453/1188
f 1375/434/1188 1381/453/1188 1376/380/1188
f 1380/429/1190 1382/426/1190 1383/454/1190
f 1380/429/1190 1383/454/1190 1381/453/1190
f 1381/453/1191 1383/454/1191 1384/450/1191
f 1381/453/1191 1384/450/1191 1385/448/1191
f 1376/380/1194 1381/453/1194 1385/448/1193
f 1376/380/1194 1385/448/1193 1377/446/1194
f 1318/408/1195 1320/405/1196 1386/406/1286
f 1318/408/1195 1386/406/1286 1316/409/1196
f 1320/405/1197 1327/404/1198 1387/407/1198
f 1320/405/1197 1387/407/1198 1386/406/1198
f 1386/406/1199 1387/407/1199 1300/412/1199
f 1386/406/1199 1300/412/1199 1303/411/1200
f 1316/409/1201 1386/406/1201 1303/411/1202
f 1316/409/1201 1303/411/1202 1307/410/1203
f 1328/426/1204 1331/429/1204 1388/453/1204
f 1328/426/1204 1388/453/1204 1389/454/1204
f 1331/429/1287 1337/434/1206 1390/380/1206
f 1331/429/1287 1390/380/1206 1388/453/1206
f 1388/453/1207 1390/380/1207 1360/446/1208
f 1388/453/1207 1360/446/1208 1362/448/1207
f 1389/454/1209 1388/453/1209 1362/448/1209
f 1389/454/1209 1362/448/1209 1366/450/1209
f 1337/434/1210 1339/436/1210 1391/451/1210
f 1337/434/1210 1391/451/1210 1390/380/1210
f 1339/436/1211 1343/440/1211 1392/452/1211
f 1339/436/1211 1392/452/1211 1391/451/1211
f 1391/451/1212 1392/452/1212 1351/441/1212
f 1391/451/1212 1351/441/1212 1354/444/1212
f 1390/380/1213 1391/451/1213 1354/444/1214
f 1390/380/1213 1354/444/1214 1360/446/1213
f 1277/377/1215 1276/378/1215 1393/402/1216
f 1277/377/1215 1393/402/1216 1345/403/1216
f 1276/378/1217 1275/381/1217 1370/401/1218
f 1276/378/1217 1370/401/1218 1393/402/1219
f 1393/402/1220 1370/401/1220 1369/400/1220
f 1393/402/1220 1369/400/1220 1394/399/1220
f 1347/389/1221 1395/388/1222 1396/387/1222
f 1347/389/1221 1396/387/1222 1348/386/1221
f 1348/386/1223 1396/387/1224 1397/455/1288
f 1348/386/1223 1397/455/1288 1355/437/1226
f 1398/442/1227 1379/441/1227 1378/444/1227
f 1398/442/1227 1378/444/1227 1399/443/1227
f 1399/443/1229 1378/444/1229 1377/446/1229
f 1399/443/1229 1377/446/1229 1400/445/1229
f 1355/437/1289 1397/455/1230 1401/456/1231
f 1355/437/1289 1401/456/1231 1357/380/1231
f 1357/380/1233 1401/456/1234 1402/457/1232
f 1357/380/1233 1402/457/1232 1363/430/1234
f 1400/445/1235 1377/446/1235 1385/448/1235
f 1400/445/1235 1385/448/1235 1403/447/1235
f 1403/447/1236 1385/448/1237 1384/450/1238
f 1403/447/1236 1384/450/1238 1404/449/1237
f 1363/430/1240 1402/457/1290 1279/396/1242
f 1363/430/1240 1279/396/1242 1278/395/1290
f 1259/385/1243 1258/384/1243 1405/393/1244
f 1259/385/1243 1405/393/1244 1321/394/1245
f 1258/384/1246 1257/383/1246 1297/392/1291
f 1258/384/1246 1297/392/1291 1405/393/1247
f 1405/393/1248 1297/392/1248 1296/391/1248
f 1405/393/1248 1296/391/1248 1406/390/1248
f 1323/398/1249 1407/397/1250 1408/396/1250
f 1323/398/1249 1408/396/1250 1324/395/1249
f 1324/395/1254 1408/396/1252 1409/457/1292
f 1324/395/1254 1409/457/1292 1332/430/1254
f 1410/427/1255 1382/426/1255 1380/429/1255
f 1410/427/1255 1380/429/1255 1411/428/1255
f 1411/428/1256 1380/429/1257 1375/434/1257
f 1411/428/1256 1375/434/1257 1412/433/1257
f 1332/430/1258 1409/457/1259 1413/456/1293
f 1332/430/1258 1413/456/1293 1334/380/1260
f 1334/380/1262 1413/456/1261 1414/455/1261
f 1334/380/1262 1414/455/1261 1340/437/1261
f 1412/433/1263 1375/434/1263 1372/436/1263
f 1412/433/1263 1372/436/1263 1415/435/1263
f 1415/435/1294 1372/436/1265 1371/440/1266
f 1415/435/1294 1371/440/1266 1416/439/1267
f 1340/437/1268 1414/455/1269 1261/387/1270
f 1340/437/1268 1261/387/1270 1260/386/1269
# Vertices: 332, normals: 267, texture coordinates: 81, faces: 448

o obj7
v -4.62030321 -0.0147913 -2.38524051
v -3.9840464 -0.0147913 -2.38524076
v -3.9840464 -0.03639161 -2.38524076
v -4.62030321 -0.03639161 -2.38524051
v -4.62030321 -0.02411935 -2.37591522
v -4.62030321 -0.02706356 -2.37591522
v -3.9840464 -0.02706356 -2.37591547
v -3.9840464 -0.02411936 -2.37591547
v -4.01364399 -0.0391273 -1.52033996
v -3.98404614 -0.0385527 -1.71708728
v -3.98404614 -0.0253628 -1.71709121
v -4.01364399 -0.02593741 -1.52034389
v -4.08509961 -0.03936531 -1.45808299
v -4.08509961 -0.02617542 -1.45808692
v -4.51924928 -0.03936531 -1.45808282
v -4.51924928 -0.02617542 -1.45808675
v -4.59070495 -0.0391273 -1.52033974
v -4.59070495 -0.02593741 -1.52034367
v -4.62030295 -0.0385527 -1.71708704
v -4.62030295 -0.0253628 -1.71709096
v -3.98404614 -0.01263033 -1.71708728
v -4.01364399 -0.01205572 -1.52033996
v -4.01364399 -0.02524562 -1.52034389
v -3.98404614 -0.02582023 -1.71709121
v -4.08509961 -0.01181771 -1.45808299
v -4.08509961 -0.02500761 -1.45808692
v -4.51924928 -0.01181771 -1.45808282
v -4.51924928 -0.02500761 -1.45808675
v -4.59070495 -0.01205572 -1.52033974
v -4.59070495 -0.02524562 -1.52034367
v -4.62030295 -0.01263033 -1.71708704
v -4.62030295 -0.02582023 -1.71709096
v -3.95039363 -0.03985007 -1.49615746
v -4.58388143 -0.03985007 -1.43686201
v -4.58388143 -0.06145038 -1.43686201
v -3.95039363 -0.06145038 -1.49615746
v -3.9512627 -0.04917812 -1.50544218
v -3.9512627 -0.05212232 -1.50544218
v -4.58475048 -0.05212233 -1.44614673
v -4.58475048 -0.04917812 -1.44614673
v -4.63501605 -0.064186 -2.30075712
v -4.64614947 -0.06361141 -2.10210768
v -4.64614909 -0.05042151 -2.10210378
v -4.63501567 -0.0509961 -2.30075319
v -4.56967337 -0.064424 -2.36940232
v -4.56967301 -0.05123411 -2.36939844
v -4.13741316 -0.064424 -2.40986262
v -4.1374128 -0.0512341 -2.40985869
v -4.06046652 -0.064186 -2.35453587
v -4.06046614 -0.0509961 -2.35453194
v -4.01266169 -0.06361141 -2.16140316
v -4.01266131 -0.05042151 -2.16139925
v -4.64614947 -0.03768904 -2.10210768
v -4.63501605 -0.03711442 -2.30075712
v -4.63501567 -0.05030431 -2.30075319
v -4.64614909 -0.05087894 -2.10210378
v -4.56967337 -0.0368764 -2.36940232
v -4.56967301 -0.0500663 -2.36939844
v -4.13741316 -0.0368764 -2.40986262
v -4.1374128 -0.0500663 -2.40985869
v -4.06046652 -0.03711442 -2.35453587
v -4.06046614 -0.05030431 -2.35453194
v -4.01266169 -0.03768904 -2.16140316
v -4.01266131 -0.05087893 -2.16139925
vn 0 0 1
vn 0 0 -1
vn -0.97906 0.0001 -0.20359
vn -0.53331 0.0003 -0.84592
vn 0 0.0003 -1
vn 0.53331 0.0003 -0.84592
vn 0.97906 0.0001 -0.20359
vn -0.97906 -0.0001 -0.20359
vn -0.53331 -0.0003 -0.84592
vn 0 -0.0003 -1
vn 0.53331 -0.0003 -0.84592
vn 0.97906 -0.0001 -0.20359
vn 1 0 0
vn -1 0 0
vn -0.0676 0 -0.99771
vn 0.0676 0 0.99771
vn 0.99702 0.0001 0.0772
vn 0.60519 0.0003 0.79608
vn 0.0676 0.0003 0.99771
vn -0.46152 0.0002 0.88713
vn -0.94616 0.0001 0.32369
vn 0.99702 -0.0001 0.0772
vn 0.60519 -0.0003 0.79608
vn 0.0676 -0.0003 0.99771
vn -0.46152 -0.0002 0.88713
vn -0.94616 -0.0001 0.32369
vn -0.99173 0 0.1283
vn 0.99173 0 -0.1283
vn 0 0.99999 0.0032
vn 0 0.99999 0.0033
vn 0 -0.99999 0.0032
vn 0 -0.99999 0.0033
vn 0 -1 0.0011
vn 0 1 0.0011
vn -0.0002 0.99999 -0.0032
vn -0.0002 1 -0.0029
vn -0.0002 0.99999 -0.0035
vn -0.0002 -0.99999 -0.0032
vn -0.0002 -1 -0.0029
vn -0.0002 -0.99999 -0.0035
vn -0.0002 -0.99999 -0.0033
vn -0.0001 -1 -0.0011
vn -0.0001 -1 -0.001
vn -0.0001 1 -0.0011
vn -0.0001 1 -0.001
vt 0.28499 0.69556
vt 0.25929 0.69556
vt 0.26049 0.70845
vt 0.25929 0.70557
vt 0.26338 0.70965
vt 0.28091 0.70965
vt 0.2838 0.70845
vt 0.28499 0.70557
vt 0.62682 0.59465
vt 0.59402 0.59465
vt 0.59554 0.61111
vt 0.59402 0.60743
vt 0.59923 0.61264
vt 0.62161 0.61264
vt 0.62529 0.61111
vt 0.62682 0.60743
usemtl mat1
f 1417/458/1295 1418/459/1295 1419/459/1295
f 1417/458/1295 1419/459/1295 1420/458/1295
f 1421/458/1296 1422/458/1296 1423/459/1296
f 1421/458/1296 1423/459/1296 1424/459/1296
f 1425/460/1297 1426/461/1297 1427/461/1297
f 1425/460/1297 1427/461/1297 1428/460/1297
f 1429/462/1298 1425/460/1298 1428/460/1298
f 1429/462/1298 1428/460/1298 1430/462/1298
f 1431/463/1299 1429/462/1299 1430/462/1299
f 1431/463/1299 1430/462/1299 1432/463/1299
f 1433/464/1300 1431/463/1300 1432/463/1300
f 1433/464/1300 1432/463/1300 1434/464/1300
f 1435/465/1301 1433/464/1301 1434/464/1301
f 1435/465/1301 1434/464/1301 1436/465/1301
f 1437/461/1302 1438/460/1302 1439/460/1302
f 1437/461/1302 1439/460/1302 1440/461/1302
f 1438/460/1303 1441/462/1303 1442/462/1303
f 1438/460/1303 1442/462/1303 1439/460/1303
f 1441/462/1304 1443/463/1304 1444/463/1304
f 1441/462/1304 1444/463/1304 1442/462/1304
f 1443/463/1305 1445/464/1305 1446/464/1305
f 1443/463/1305 1446/464/1305 1444/463/1305
f 1445/464/1306 1447/465/1306 1448/465/1306
f 1445/464/1306 1448/465/1306 1446/464/1306
f 1417/458/1307 1420/458/1307 1422/458/1307
f 1417/458/1307 1422/458/1307 1421/458/1307
f 1419/459/1308 1418/459/1308 1424/459/1308
f 1419/459/1308 1424/459/1308 1423/459/1308
f 1426/461/1308 1419/459/1308 1423/459/1308
f 1426/461/1308 1423/459/1308 1427/461/1308
f 1420/458/1307 1435/465/1307 1436/465/1307
f 1420/458/1307 1436/465/1307 1422/458/1307
f 1418/459/1308 1437/461/1308 1440/461/1308
f 1418/459/1308 1440/461/1308 1424/459/1308
f 1447/465/1307 1417/458/1307 1421/458/1307
f 1447/465/1307 1421/458/1307 1448/465/1307
f 1449/466/1309 1450/467/1309 1451/467/1309
f 1449/466/1309 1451/467/1309 1452/466/1309
f 1453/466/1310 1454/466/1310 1455/467/1310
f 1453/466/1310 1455/467/1310 1456/467/1310
f 1457/468/1311 1458/469/1311 1459/469/1311
f 1457/468/1311 1459/469/1311 1460/468/1311
f 1461/470/1312 1457/468/1312 1460/468/1312
f 1461/470/1312 1460/468/1312 1462/470/1312
f 1463/471/1313 1461/470/1313 1462/470/1313
f 1463/471/1313 1462/470/1313 1464/471/1313
f 1465/472/1314 1463/471/1314 1464/471/1314
f 1465/472/1314 1464/471/1314 1466/472/1314
f 1467/473/1315 1465/472/1315 1466/472/1315
f 1467/473/1315 1466/472/1315 1468/473/1315
f 1469/469/1316 1470/468/1316 1471/468/1316
f 1469/469/1316 1471/468/1316 1472/469/1316
f 1470/468/1317 1473/470/1317 1474/470/1317
f 1470/468/1317 1474/470/1317 1471/468/1317
f 1473/470/1318 1475/471/1318 1476/471/1318
f 1473/470/1318 1476/471/1318 1474/470/1318
f 1475/471/1319 1477/472/1319 1478/472/1319
f 1475/471/1319 1478/472/1319 1476/471/1319
f 1477/472/1320 1479/473/1320 1480/473/1320
f 1477/472/1320 1480/473/1320 1478/472/1320
f 1449/466/1321 1452/466/1321 1454/466/1321
f 1449/466/1321 1454/466/1321 1453/466/1321
f 1451/467/1322 1450/467/1322 1456/467/1322
f 1451/467/1322 1456/467/1322 1455/467/1322
f 1458/469/1322 1451/467/1322 1455/467/1322
f 1458/469/1322 1455/467/1322 1459/469/1322
f 1452/466/1321 1467/473/1321 1468/473/1321
f 1452/466/1321 1468/473/1321 1454/466/1321
f 1450/467/1322 1469/469/1322 1472/469/1322
f 1450/467/1322 1472/469/1322 1456/467/1322
f 1479/473/1321 1449/466/1321 1453/466/1321
f 1479/473/1321 1453/466/1321 1480/473/1321
f 1438/460/1323 1443/463/1323 1441/462/1323
f 1443/463/1323 1438/460/1323 1445/464/1323
f 1445/464/1324 1438/460/1324 1437/461/1324
f 1445/464/1324 1437/461/1324 1447/465/1324
f 1447/465/1323 1437/461/1323 1418/459/1323
f 1447/465/1323 1418/459/1323 1417/458/1323
f 1433/464/1325 1429/462/1325 1431/463/1325
f 1429/462/1325 1433/464/1325 1425/460/1325
f 1425/460/1326 1433/464/1326 1435/465/1326
f 1425/460/1326 1435/465/1326 1426/461/1326
f 1426/461/1325 1435/465/1325 1420/458/1325
f 1426/461/1325 1420/458/1325 1419/459/1325
f 1446/464/1327 1442/462/1327 1444/463/1327
f 1442/462/1327 1446/464/1327 1439/460/1327
f 1439/460/1327 1446/464/1327 1448/465/1327
f 1439/460/1327 1448/465/1327 1440/461/1327
f 1440/461/1327 1448/465/1327 1421/458/1327
f 1440/461/1327 1421/458/1327 1424/459/1327
f 1428/460/1328 1432/463/1328 1430/462/1328
f 1432/463/1328 1428/460/1328 1434/464/1328
f 1434/464/1328 1428/460/1328 1427/461/1328
f 1434/464/1328 1427/461/1328 1436/465/1328
f 1436/465/1328 1427/461/1328 1423/459/1328
f 1436/465/1328 1423/459/1328 1422/458/1328
f 1449/466/1329 1469/469/1329 1450/467/1329
f 1469/469/1329 1449/466/1329 1479/473/1329
f 1469/469/1330 1479/473/1330 1470/468/1330
f 1470/468/1330 1479/473/1330 1477/472/1330
f 1470/468/1329 1477/472/1329 1473/470/1329
f 1473/470/1331 1477/472/1331 1475/471/1331
f 1458/469/1332 1452/466/1332 1451/467/1332
f 1452/466/1332 1458/469/1332 1467/473/1332
f 1467/473/1333 1458/469/1333 1457/468/1333
f 1467/473/1333 1457/468/1333 1465/472/1333
f 1465/472/1334 1457/468/1332 1461/470/1335
f 1465/472/1334 1461/470/1335 1463/471/1335
f 1472/469/1336 1453/466/1336 1456/467/1336
f 1453/466/1336 1472/469/1336 1480/473/1337
f 1480/473/1337 1472/469/1336 1471/468/1336
f 1480/473/1337 1471/468/1336 1478/472/1337
f 1478/472/1337 1471/468/1336 1474/470/1336
f 1478/472/1337 1474/470/1336 1476/471/1336
f 1454/466/1338 1459/469/1338 1455/467/1338
f 1459/469/1338 1454/466/1338 1468/473/1339
f 1459/469/1338 1468/473/1339 1460/468/1338
f 1460/468/1338 1468/473/1339 1466/472/1339
f 1460/468/1338 1466/472/1339 1462/470/1338
f 1462/470/1338 1466/472/1339 1464/471/1338
# Vertices: 64, normals: 45, texture coordinates: 16, faces: 120

o obj8
v -4.66462714 1.01664228 -3.3470412
v -4.02837032 1.01664228 -3.34704145
v -4.02837032 0.99504197 -3.34704145
v -4.66462714 0.99504197 -3.3470412
v -4.66462713 1.00731423 -3.33771591
v -4.66462713 1.00437002 -3.33771591
v -4.02837032 1.00437002 -3.33771616
v -4.02837032 1.00731423 -3.33771616
v -4.05796791 0.99230628 -2.48214066
v -4.02837006 0.99288088 -2.67888798
v -4.02837006 1.00607078 -2.6788919
v -4.05796791 1.00549617 -2.48214459
v -4.12942353 0.99206827 -2.41988368
v -4.12942353 1.00525816 -2.41988761
v -4.5635732 0.99206827 -2.41988351
v -4.5635732 1.00525816 -2.41988744
v -4.63502887 0.99230628 -2.48214043
v -4.63502887 1.00549617 -2.48214436
v -4.66462688 0.99288088 -2.67888773
v -4.66462688 1.00607078 -2.67889165
v -4.02837006 1.01880325 -2.67888798
v -4.05796791 1.01937786 -2.48214066
v -4.05796791 1.00618796 -2.48214459
v -4.02837006 1.00561336 -2.6788919
v -4.12942353 1.01961587 -2.41988368
v -4.12942353 1.00642597 -2.41988761
v -4.5635732 1.01961587 -2.41988351
v -4.5635732 1.00642597 -2.41988744
v -4.63502887 1.01937786 -2.48214043
v -4.63502887 1.00618796 -2.48214436
v -4.66462688 1.01880325 -2.67888773
v -4.66462688 1.00561336 -2.67889165
v -3.99471634 0.99158356 -2.45795847
v -4.62820414 0.99158355 -2.39866302
v -4.62820414 0.96998324 -2.39866302
v -3.99471634 0.96998325 -2.45795847
v -3.99558541 0.9822555 -2.46724319
v -3.99558541 0.9793113 -2.46724319
v -4.62907319 0.97931129 -2.40794774
v -4.62907319 0.9822555 -2.40794774
v -4.67933875 0.96724763 -3.26255813
v -4.69047218 0.96782222 -3.06390869
v -4.6904718 0.98101211 -3.06390479
v -4.67933838 0.98043752 -3.2625542
v -4.61399608 0.96700962 -3.33120333
v -4.61399572 0.98019952 -3.33119945
v -4.18173587 0.96700963 -3.37166363
v -4.18173551 0.98019952 -3.3716597
v -4.10478922 0.96724763 -3.31633688
v -4.10478884 0.98043753 -3.31633295
v -4.05698439 0.96782222 -3.12320416
v -4.05698402 0.98101212 -3.12320026
v -4.69047218 0.99374458 -3.06390869
v -4.67933875 0.99431921 -3.26255813
v -4.67933838 0.98112931 -3.2625542
v -4.6904718 0.98055469 -3.06390479
v -4.61399608 0.99455722 -3.33120333
v -4.61399572 0.98136733 -3.33119945
v -4.18173587 0.99455723 -3.37166363
v -4.18173551 0.98136733 -3.3716597
v -4.10478922 0.99431921 -3.31633688
v -4.10478884 0.98112931 -3.31633295
v -4.05698439 0.99374459 -3.12320416
v -4.05698402 0.98055469 -3.12320026
vn 0 0 1
vn 0 0 -1
vn -0.97906 0.0001 -0.20359
vn -0.53331 0.0003 -0.84592
vn 0 0.0003 -1
vn 0.53331 0.0003 -0.84592
vn 0.97906 0.0001 -0.20359
vn -0.97906 -0.0001 -0.20359
vn -0.53331 -0.0003 -0.84592
vn 0 -0.0003 -1
vn 0.53331 -0.0003 -0.84592
vn 0.97906 -0.0001 -0.20359
vn 1 0 0
vn -1 0 0
vn -0.0676 0 -0.99771
vn 0.0676 0 0.99771
vn 0.99702 0.0001 0.0772
vn 0.60519 0.0003 0.79608
vn 0.0676 0.0003 0.99771
vn -0.46152 0.0002 0.88713
vn -0.94616 0.0001 0.32369
vn 0.99702 -0.0001 0.0772
vn 0.60519 -0.0003 0.79608
vn 0.0676 -0.0003 0.99771
vn -0.46152 -0.0002 0.88713
vn -0.94616 -0.0001 0.32369
vn -0.99173 0 0.1283
vn 0.99173 0 -0.1283
vn 0 0.99999 0.0032
vn 0 0.99999 0.0033
vn 0 -0.99999 0.0032
vn 0 -0.99999 0.0033
vn 0 -1 0.0011
vn 0 1 0.0011
vn -0.0002 0.99999 -0.0032
vn -0.0002 1 -0.0029
vn -0.0002 0.99999 -0.0033
vn -0.0002 0.99999 -0.0035
vn -0.0002 -0.99999 -0.0032
vn -0.0002 -1 -0.0029
vn -0.0002 -0.99999 -0.0035
vn -0.0001 -1 -0.0011
vn -0.0001 -1 -0.001
vn -0.0001 1 -0.0011
vn -0.0001 1 -0.001
vt 0.40608 0.92185
vt 0.38038 0.92185
vt 0.38158 0.93474
vt 0.38038 0.93185
vt 0.38446 0.93594
vt 0.402 0.93594
vt 0.40488 0.93474
vt 0.40608 0.93185
vt 0.40097 0.58923
vt 0.36817 0.58923
vt 0.36969 0.60569
vt 0.36817 0.60201
vt 0.37338 0.60722
vt 0.39576 0.60722
vt 0.39944 0.60569
vt 0.40097 0.60201
usemtl mat1
f 1481/474/1340 1482/475/1340 1483/475/1340
f 1481/474/1340 1483/475/1340 1484/474/1340
f 1485/474/1341 1486/474/1341 1487/475/1341
f 1485/474/1341 1487/475/1341 1488/475/1341
f 1489/476/1342 1490/477/1342 1491/477/1342
f 1489/476/1342 1491/477/1342 1492/476/1342
f 1493/478/1343 1489/476/1343 1492/476/1343
f 1493/478/1343 1492/476/1343 1494/478/1343
f 1495/479/1344 1493/478/1344 1494/478/1344
f 1495/479/1344 1494/478/1344 1496/479/1344
f 1497/480/1345 1495/479/1345 1496/479/1345
f 1497/480/1345 1496/479/1345 1498/480/1345
f 1499/481/1346 1497/480/1346 1498/480/1346
f 1499/481/1346 1498/480/1346 1500/481/1346
f 1501/477/1347 1502/476/1347 1503/476/1347
f 1501/477/1347 1503/476/1347 1504/477/1347
f 1502/476/1348 1505/478/1348 1506/478/1348
f 1502/476/1348 1506/478/1348 1503/476/1348
f 1505/478/1349 1507/479/1349 1508/479/1349
f 1505/478/1349 1508/479/1349 1506/478/1349
f 1507/479/1350 1509/480/1350 1510/480/1350
f 1507/479/1350 1510/480/1350 1508/479/1350
f 1509/480/1351 1511/481/1351 1512/481/1351
f 1509/480/1351 1512/481/1351 1510/480/1351
f 1481/474/1352 1484/474/1352 1486/474/1352
f 1481/474/1352 1486/474/1352 1485/474/1352
f 1483/475/1353 1482/475/1353 1488/475/1353
f 1483/475/1353 1488/475/1353 1487/475/1353
f 1490/477/1353 1483/475/1353 1487/475/1353
f 1490/477/1353 1487/475/1353 1491/477/1353
f 1484/474/1352 1499/481/1352 1500/481/1352
f 1484/474/1352 1500/481/1352 1486/474/1352
f 1482/475/1353 1501/477/1353 1504/477/1353
f 1482/475/1353 1504/477/1353 1488/475/1353
f 1511/481/1352 1481/474/1352 1485/474/1352
f 1511/481/1352 1485/474/1352 1512/481/1352
f 1513/482/1354 1514/483/1354 1515/483/1354
f 1513/482/1354 1515/483/1354 1516/482/1354
f 1517/482/1355 1518/482/1355 1519/483/1355
f 1517/482/1355 1519/483/1355 1520/483/1355
f 1521/484/1356 1522/485/1356 1523/485/1356
f 1521/484/1356 1523/485/1356 1524/484/1356
f 1525/486/1357 1521/484/1357 1524/484/1357
f 1525/486/1357 1524/484/1357 1526/486/1357
f 1527/487/1358 1525/486/1358 1526/486/1358
f 1527/487/1358 1526/486/1358 1528/487/1358
f 1529/488/1359 1527/487/1359 1528/487/1359
f 1529/488/1359 1528/487/1359 1530/488/1359
f 1531/489/1360 1529/488/1360 1530/488/1360
f 1531/489/1360 1530/488/1360 1532/489/1360
f 1533/485/1361 1534/484/1361 1535/484/1361
f 1533/485/1361 1535/484/1361 1536/485/1361
f 1534/484/1362 1537/486/1362 1538/486/1362
f 1534/484/1362 1538/486/1362 1535/484/1362
f 1537/486/1363 1539/487/1363 1540/487/1363
f 1537/486/1363 1540/487/1363 1538/486/1363
f 1539/487/1364 1541/488/1364 1542/488/1364
f 1539/487/1364 1542/488/1364 1540/487/1364
f 1541/488/1365 1543/489/1365 1544/489/1365
f 1541/488/1365 1544/489/1365 1542/488/1365
f 1513/482/1366 1516/482/1366 1518/482/1366
f 1513/482/1366 1518/482/1366 1517/482/1366
f 1515/483/1367 1514/483/1367 1520/483/1367
f 1515/483/1367 1520/483/1367 1519/483/1367
f 1522/485/1367 1515/483/1367 1519/483/1367
f 1522/485/1367 1519/483/1367 1523/485/1367
f 1516/482/1366 1531/489/1366 1532/489/1366
f 1516/482/1366 1532/489/1366 1518/482/1366
f 1514/483/1367 1533/485/1367 1536/485/1367
f 1514/483/1367 1536/485/1367 1520/483/1367
f 1543/489/1366 1513/482/1366 1517/482/1366
f 1543/489/1366 1517/482/1366 1544/489/1366
f 1502/476/1368 1507/479/1368 1505/478/1368
f 1507/479/1368 1502/476/1368 1509/480/1368
f 1509/480/1369 1502/476/1369 1501/477/1369
f 1509/480/1369 1501/477/1369 1511/481/1369
f 1511/481/1368 1501/477/1368 1482/475/1368
f 1511/481/1368 1482/475/1368 1481/474/1368
f 1497/480/1370 1493/478/1370 1495/479/1370
f 1493/478/1370 1497/480/1370 1489/476/1370
f 1489/476/1371 1497/480/1371 1499/481/1371
f 1489/476/1371 1499/481/1371 1490/477/1371
f 1490/477/1370 1499/481/1370 1484/474/1370
f 1490/477/1370 1484/474/1370 1483/475/1370
f 1510/480/1372 1506/478/1372 1508/479/1372
f 1506/478/1372 1510/480/1372 1503/476/1372
f 1503/476/1372 1510/480/1372 1512/481/1372
f 1503/476/1372 1512/481/1372 1504/477/1372
f 1504/477/1372 1512/481/1372 1485/474/1372
f 1504/477/1372 1485/474/1372 1488/475/1372
f 1492/476/1373 1496/479/1373 1494/478/1373
f 1496/479/1373 1492/476/1373 1498/480/1373
f 1498/480/1373 1492/476/1373 1491/477/1373
f 1498/480/1373 1491/477/1373 1500/481/1373
f 1500/481/1373 1491/477/1373 1487/475/1373
f 1500/481/1373 1487/475/1373 1486/474/1373
f 1513/482/1374 1533/485/1374 1514/483/1374
f 1533/485/1374 1513/482/1374 1543/489/1374
f 1533/485/1375 1543/489/1375 1534/484/1375
f 1534/484/1375 1543/489/1375 1541/488/1375
f 1534/484/1376 1541/488/1377 1537/486/1376
f 1537/486/1376 1541/488/1377 1539/487/1376
f 1522/485/1378 1516/482/1378 1515/483/1378
f 1516/482/1378 1522/485/1378 1531/489/1378
f 1531/489/1379 1522/485/1379 1521/484/1379
f 1531/489/1379 1521/484/1379 1529/488/1379
f 1529/488/1378 1521/484/1378 1525/486/1378
f 1529/488/1380 1525/486/1380 1527/487/1380
f 1536/485/1381 1517/482/1381 1520/483/1381
f 1517/482/1381 1536/485/1381 1544/489/1382
f 1544/489/1382 1536/485/1381 1535/484/1381
f 1544/489/1382 1535/484/1381 1542/488/1382
f 1542/488/1382 1535/484/1381 1538/486/1381
f 1542/488/1382 1538/486/1381 1540/487/1381
f 1518/482/1383 1523/485/1383 1519/483/1383
f 1523/485/1383 1518/482/1383 1532/489/1384
f 1523/485/1383 1532/489/1384 1524/484/1383
f 1524/484/1383 1532/489/1384 1530/488/1384
f 1524/484/1383 1530/488/1384 1526/486/1383
f 1526/486/1383 1530/488/1384 1528/487/1383
# Vertices: 64, normals: 45, texture coordinates: 16, faces: 120

o obj9
v -4.52759965 -1.05860143 -1.82303172
v -4.46963778 -1.05860142 -1.82303173
v -4.46963778 -1.05860142 -1.81521282
v -4.48247098 -1.05860143 -1.81470289
v -4.48247098 -1.05860143 -1.8145329
v -4.49343443 -1.05860143 -1.7960055
v -4.46963777 -1.05860143 -1.7767132
v -4.46963777 -1.05860143 -1.76897929
v -4.48247097 -1.05860143 -1.7774781
v -4.48247097 -1.05860143 -1.77730812
v -4.52759964 -1.05860144 -1.76897927
v -4.52759965 -1.05860143 -1.81470288
v -4.50490784 -1.05860143 -1.79668539
v -4.50490784 -1.05860143 -1.7953256
v -4.52759964 -1.05860144 -1.77730811
v -4.52759966 -1.05860142 -1.88940743
v -4.46963779 -1.05860141 -1.88940744
v -4.46963779 -1.05860141 -1.88158853
v -4.48247099 -1.05860142 -1.8810786
v -4.48247099 -1.05860142 -1.88090862
v -4.49343446 -1.05860142 -1.86238121
v -4.46963778 -1.05860142 -1.84308891
v -4.46963778 -1.05860142 -1.83535499
v -4.48247099 -1.05860142 -1.84385381
v -4.48247099 -1.05860142 -1.84368383
v -4.52759965 -1.05860143 -1.83535498
v -4.52759966 -1.05860143 -1.8810786
v -4.50490786 -1.05860142 -1.86306111
v -4.50490786 -1.05860142 -1.8617013
v -4.52759965 -1.05860143 -1.84368382
v -4.52759965 -1.05718317 -1.82303172
v -4.46963778 -1.05718316 -1.81521282
v -4.46963778 -1.05718315 -1.82303173
v -4.48247098 -1.05718316 -1.81470289
v -4.48247098 -1.05718316 -1.81453291
v -4.49343443 -1.05718316 -1.7960055
v -4.46963777 -1.05718316 -1.76897929
v -4.46963777 -1.05718316 -1.7767132
v -4.48247097 -1.05718316 -1.7774781
v -4.48247097 -1.05718316 -1.77730812
v -4.52759964 -1.05718317 -1.76897928
v -4.52759965 -1.05718317 -1.81470288
v -4.50490784 -1.05718317 -1.79668539
v -4.50490784 -1.05718317 -1.7953256
v -4.52759964 -1.05718317 -1.77730811
v -4.52759966 -1.05718316 -1.88940743
v -4.46963779 -1.05718315 -1.88158853
v -4.46963779 -1.05718315 -1.88940744
v -4.48247099 -1.05718315 -1.8810786
v -4.48247099 -1.05718315 -1.88090862
v -4.49343446 -1.05718315 -1.86238121
v -4.46963778 -1.05718315 -1.83535499
v -4.46963778 -1.05718315 -1.84308891
v -4.48247099 -1.05718315 -1.84385381
v -4.48247099 -1.05718315 -1.84368383
v -4.52759965 -1.05718316 -1.83535498
v -4.52759966 -1.05718316 -1.8810786
v -4.50490786 -1.05718316 -1.86306111
v -4.50490786 -1.05718316 -1.8617013
v -4.52759965 -1.05718316 -1.84368382
v -4.52759962 -1.05860147 -1.50169212
v -4.46963773 -1.05860146 -1.50169213
v -4.46963773 -1.05860146 -1.49387321
v -4.48247094 -1.05860146 -1.49336328
v -4.48247094 -1.05860146 -1.49319329
v -4.49343439 -1.05860147 -1.47466589
v -4.46963772 -1.05860147 -1.4553736
v -4.46963772 -1.05860147 -1.44763967
v -4.48247093 -1.05860147 -1.45613848
v -4.48247093 -1.05860147 -1.4559685
v -4.52759961 -1.05860148 -1.44763966
v -4.52759962 -1.05860147 -1.49336327
v -4.5049078 -1.05860147 -1.47534578
v -4.5049078 -1.05860147 -1.47398599
v -4.52759961 -1.05860148 -1.45596849
v -4.52759964 -1.05860146 -1.56806783
v -4.46963775 -1.05860145 -1.56806784
v -4.46963774 -1.05860145 -1.56024893
v -4.48247095 -1.05860146 -1.559739
v -4.48247095 -1.05860146 -1.55956902
v -4.49343442 -1.05860146 -1.54104162
v -4.46963774 -1.05860146 -1.52174931
v -4.46963774 -1.05860146 -1.5140154
v -4.48247094 -1.05860146 -1.52251421
v -4.48247094 -1.05860146 -1.52234423
v -4.52759963 -1.05860147 -1.51401538
v -4.52759963 -1.05860146 -1.55973899
v -4.50490781 -1.05860146 -1.54172151
v -4.50490781 -1.05860146 -1.5403617
v -4.52759963 -1.05860147 -1.52234422
v -4.52759962 -1.0571832 -1.50169212
v -4.46963773 -1.05718319 -1.49387321
v -4.46963773 -1.05718319 -1.50169213
v -4.48247094 -1.0571832 -1.49336328
v -4.48247094 -1.0571832 -1.49319329
v -4.49343439 -1.0571832 -1.47466589
v -4.46963772 -1.0571832 -1.44763967
v -4.46963772 -1.0571832 -1.4553736
v -4.48247093 -1.0571832 -1.45613848
v -4.48247093 -1.0571832 -1.4559685
v -4.52759961 -1.05718321 -1.44763966
v -4.52759962 -1.05718321 -1.49336327
v -4.5049078 -1.0571832 -1.47534578
v -4.5049078 -1.0571832 -1.47398599
v -4.52759961 -1.05718321 -1.45596849
v -4.52759964 -1.0571832 -1.56806783
v -4.46963774 -1.05718318 -1.56024893
v -4.46963775 -1.05718318 -1.56806784
v -4.48247095 -1.05718319 -1.559739
v -4.48247095 -1.05718319 -1.55956902
v -4.49343442 -1.05718319 -1.54104162
v -4.46963774 -1.05718319 -1.5140154
v -4.46963774 -1.05718319 -1.52174931
v -4.48247094 -1.05718319 -1.52251421
v -4.48247094 -1.05718319 -1.52234423
v -4.52759963 -1.0571832 -1.51401538
v -4.52759963 -1.0571832 -1.55973899
v -4.50490781 -1.05718319 -1.54172151
v -4.50490781 -1.05718319 -1.5403617
v -4.52759963 -1.0571832 -1.52234422
v -4.02832082 -1.06340285 -1.78029372
v -4.03220113 -1.06340305 -1.86748302
v -4.03133362 -1.09042264 -1.86752888
v -4.0277012 -1.09042256 -1.78082404
v -4.56332009 -1.06340214 -1.73537155
v -4.54212724 -1.06340169 -1.72442116
v -4.54244316 -1.09052552 -1.72389696
v -4.56388413 -1.09050305 -1.73495533
v -4.18419488 -1.06364919 -1.9456817
v -4.26174015 -1.06352987 -1.94567512
v -4.26174186 -1.09026596 -1.94635161
v -4.18419657 -1.09026621 -1.94635146
v -4.58031349 -1.06340263 -1.75259513
v -4.56332009 -1.06340214 -1.73537155
v -4.56388413 -1.09050305 -1.73495533
v -4.58103767 -1.09048309 -1.75231675
v -4.10687278 -1.06356886 -1.94568139
v -4.10689555 -1.09038866 -1.94630859
v -4.59130042 -1.0634031 -1.77444346
v -4.59210954 -1.0904711 -1.77430934
v -4.10347685 -1.06363837 -1.72664813
v -4.18419481 -1.0637571 -1.72066819
v -4.18419481 -1.03504183 -1.72441843
v -4.10590422 -1.03504182 -1.72770774
v -4.26174011 -1.0636384 -1.72067459
v -4.26174011 -1.03504185 -1.72441841
v -4.18419482 -1.00837622 -1.7354713
v -4.10664952 -1.0083762 -1.73548198
v -4.26174012 -1.00837623 -1.73547129
v -4.10664952 -1.0083762 -1.73548198
v -4.18419482 -1.00837622 -1.7354713
v -4.18419483 -0.98523695 -1.75322613
v -4.10664953 -0.98523694 -1.75322614
v -4.26174012 -1.00837623 -1.73547129
v -4.26174013 -0.98523697 -1.75322611
v -4.18419484 -0.96734505 -1.77652694
v -4.10664954 -0.96734503 -1.77652695
v -4.26174014 -0.96734506 -1.77652692
v -4.18419484 -0.95604032 -1.80377092
v -4.10664955 -0.95604031 -1.80377094
v -4.26174014 -0.95604034 -1.80377091
v -4.18419485 -0.95215803 -1.83306263
v -4.10664955 -0.95215802 -1.83306264
v -4.26174015 -0.95215805 -1.83306261
v -4.18419486 -0.95598237 -1.86236214
v -4.10664956 -0.95598235 -1.86236216
v -4.26174015 -0.95598238 -1.86236213
v -4.18419486 -0.96723338 -1.88962902
v -4.10664956 -0.96723337 -1.88962903
v -4.26174016 -0.9672334 -1.889629
v -4.18419486 -0.98507987 -1.91296615
v -4.10664956 -0.98507986 -1.91296617
v -4.26174016 -0.98507989 -1.91296614
v -4.18419486 -1.00818554 -1.93076792
v -4.10664956 -1.00818553 -1.93076794
v -4.26174016 -1.00818556 -1.93076791
v -4.10664956 -1.00818553 -1.93076794
v -4.18419486 -1.00818554 -1.93076792
v -4.18419489 -1.0348301 -1.94187415
v -4.10664963 -1.03482997 -1.94187413
v -4.26174016 -1.00818556 -1.93076791
v -4.26174015 -1.03483022 -1.94187416
v -4.59597355 -1.09042385 -1.79884228
v -4.59210947 -1.05789052 -1.77430559
v -4.59597348 -1.05784327 -1.79883852
v -4.18419652 -1.09037769 -1.72001662
v -4.26174182 -1.0903777 -1.72001661
v -4.51851395 -1.06340147 -1.72066654
v -4.51860498 -1.09046 -1.72005863
v -4.08394272 -1.06340478 -1.94193569
v -4.0836256 -1.090528 -1.9424767
v -4.03591877 -1.06340337 -1.89191771
v -4.03511062 -1.09046941 -1.89206811
v -4.10397808 -1.09037767 -1.72648047
v -4.04665732 -1.06340383 -1.91377348
v -4.04593205 -1.09048239 -1.91406626
v -4.51851403 -1.06336742 -1.94568298
v -4.51860492 -1.09042413 -1.94630971
v -4.06325918 -1.06340432 -1.93099597
v -4.06269226 -1.09050413 -1.9314265
v -4.06325918 -1.06340432 -1.93099597
v -4.06269226 -1.09050413 -1.9314265
v -4.54212729 -1.063379 -1.9419284
v -4.54244302 -1.09050108 -1.94247157
v -4.56332002 -1.06338922 -1.93097809
v -4.56388394 -1.09048875 -1.93141332
v -4.10387239 -1.06340134 -1.72664247
v -4.10426025 -1.0904617 -1.7265141
v -4.56332002 -1.06338922 -1.93097809
v -4.58031345 -1.06339717 -1.91375455
v -4.58103755 -1.09047669 -1.91405198
v -4.56388394 -1.09048875 -1.93141332
v -4.07772041 -1.06340141 -1.7343505
v -4.07766919 -1.09052746 -1.73457562
v -4.59130041 -1.0634021 -1.89190627
v -4.59210945 -1.09046962 -1.89205946
v -4.0570363 -1.06340172 -1.74110133
v -4.05677075 -1.09050286 -1.7413941
v -4.59510362 -1.06340363 -1.8674799
v -4.59597353 -1.09042392 -1.86752658
v -4.0570363 -1.06340172 -1.74110133
v -4.04043449 -1.06340212 -1.75172896
v -4.04003834 -1.09048156 -1.75210679
v -4.05677075 -1.09050286 -1.7413941
v -4.59510361 -1.06340343 -1.79886975
v -4.02969601 -1.06340254 -1.76521567
v -4.02923134 -1.09046901 -1.76568139
v -4.02225152 -1.06340353 -1.78013417
v -4.02310452 -1.09534888 -1.78016296
v -4.0268783 -1.09534877 -1.86771549
v -4.02600735 -1.06340331 -1.8677414
v -4.56765699 -1.06340446 -1.73208837
v -4.56709642 -1.09526861 -1.73252456
v -4.54429347 -1.09524614 -1.72075612
v -4.54460592 -1.0634049 -1.72021195
v -4.18419482 -1.06292996 -1.95024967
v -4.18419658 -1.095278 -1.94959988
v -4.26174188 -1.09527828 -1.94959971
v -4.26174015 -1.06304931 -1.95025622
v -4.58577573 -1.06340397 -1.75041837
v -4.58505501 -1.09528858 -1.75071673
v -4.56709642 -1.09526861 -1.73252456
v -4.56765699 -1.06340446 -1.73208837
v -4.10642115 -1.06308601 -1.95025017
v -4.1064018 -1.09523127 -1.94964292
v -4.59733218 -1.0634035 -1.77337016
v -4.59652653 -1.09530056 -1.77352425
v -4.10362112 -1.06316805 -1.72308904
v -4.10621441 -1.03238105 -1.72362159
v -4.18419481 -1.03238106 -1.72016226
v -4.18419481 -1.06304935 -1.71609948
v -4.26174011 -1.03238107 -1.72016224
v -4.2617401 -1.06316808 -1.71609305
v -4.10664952 -1.00370492 -1.73201667
v -4.18419482 -1.00370493 -1.73201666
v -4.26174012 -1.00370495 -1.73201664
v -4.10664952 -1.00370492 -1.73201667
v -4.10664953 -0.97931099 -1.75070421
v -4.18419483 -0.979311 -1.7507042
v -4.18419482 -1.00370493 -1.73201666
v -4.26174013 -0.97931102 -1.75070418
v -4.26174012 -1.00370495 -1.73201664
v -4.10664954 -0.96071349 -1.77490051
v -4.18419484 -0.9607135 -1.7749005
v -4.26174014 -0.96071352 -1.77490048
v -4.10664955 -0.94905617 -1.80297557
v -4.18419485 -0.94905618 -1.80297556
v -4.26174014 -0.9490562 -1.80297554
v -4.10664955 -0.94506669 -1.83305967
v -4.18419485 -0.9450667 -1.83305966
v -4.26174015 -0.94506672 -1.83305964
v -4.10664956 -0.94899656 -1.86315143
v -4.18419486 -0.94899658 -1.86315142
v -4.26174016 -0.94899659 -1.8631514
v -4.10664956 -0.96059802 -1.89124896
v -4.18419486 -0.96059803 -1.89124895
v -4.26174016 -0.96059805 -1.89124893
v -4.10664956 -0.9791468 -1.9154811
v -4.18419486 -0.97914681 -1.91548108
v -4.26174016 -0.97914683 -1.91548107
v -4.10664956 -1.00350209 -1.93421569
v -4.18419486 -1.00350211 -1.93421567
v -4.26174016 -1.00350212 -1.93421566
v -4.10664956 -1.00350209 -1.93421569
v -4.10664948 -1.03215393 -1.94612629
v -4.18419482 -1.03215382 -1.94612625
v -4.18419486 -1.00350211 -1.93421567
v -4.26174016 -1.03215374 -1.94612621
v -4.26174016 -1.00350212 -1.93421566
v -4.26174184 -1.09539384 -1.716771
v -4.18419654 -1.09539383 -1.71677101
v -4.51908693 -1.09531164 -1.71672887
v -4.5191745 -1.06340511 -1.716101
v -4.08142002 -1.06340158 -1.94613054
v -4.08174058 -1.09524342 -1.94560949
v -4.03069121 -1.095302 -1.89283759
v -4.02987962 -1.06340298 -1.89296802
v -4.10392232 -1.09539381 -1.72361641
v -4.04189657 -1.09528902 -1.91563956
v -4.04116786 -1.06340252 -1.91591237
v -4.51908709 -1.09527202 -1.94964175
v -4.51917451 -1.06336368 -1.95024853
v -4.05944391 -1.09526728 -1.93383289
v -4.05887353 -1.06340203 -1.93424347
v -4.05887353 -1.06340203 -1.93424347
v -4.05944391 -1.09526728 -1.93383289
v -4.5442937 -1.09521839 -1.94561439
v -4.54460597 -1.06337541 -1.94613759
v -4.56709668 -1.09525177 -1.93384584
v -4.56765714 -1.06338623 -1.93426111
v -4.10361815 -1.09530978 -1.72358374
v -4.10320809 -1.06340508 -1.72309699
v -4.56765714 -1.06338623 -1.93426111
v -4.56709668 -1.09525177 -1.93384584
v -4.58505519 -1.09528052 -1.91565363
v -4.58577583 -1.06339499 -1.91593109
v -4.07551793 -1.09524401 -1.73209609
v -4.07519689 -1.063405 -1.73176212
v -4.59652666 -1.09529832 -1.89284604
v -4.59733224 -1.06340077 -1.89297925
v -4.0532214 -1.0952686 -1.73936354
v -4.052651 -1.06340468 -1.73909721
v -4.60043052 -1.09534771 -1.86771758
v -4.60129696 -1.06340294 -1.86774429
v -4.052651 -1.06340468 -1.73909721
v -4.0532214 -1.0952686 -1.73936354
v -4.03567404 -1.09528989 -1.75059018
v -4.03494526 -1.06340427 -1.7504089
v -4.60043047 -1.09534781 -1.79865265
v -4.60129695 -1.06340317 -1.79860519
v -4.0244686 -1.09530243 -1.76466072
v -4.02365697 -1.06340385 -1.76456733
v -4.03220113 -1.06340305 -1.86748302
v -4.02832082 -1.06340285 -1.78029372
v -4.02225152 -1.06340353 -1.78013417
v -4.02600735 -1.06340331 -1.8677414
v -4.03591877 -1.06340337 -1.89191771
v -4.02987962 -1.06340298 -1.89296802
v -4.04665732 -1.06340383 -1.91377348
v -4.04116786 -1.06340252 -1.91591237
v -4.06325918 -1.06340432 -1.93099597
v -4.05887353 -1.06340203 -1.93424347
v -4.08394272 -1.06340478 -1.94193569
v -4.08142002 -1.06340158 -1.94613054
v -4.10387239 -1.06340134 -1.72664247
v -4.10347685 -1.06363837 -1.72664813
v -4.10362112 -1.06316805 -1.72308904
v -4.10320809 -1.06340508 -1.72309699
v -4.07772041 -1.06340141 -1.7343505
v -4.07519689 -1.063405 -1.73176212
v -4.0570363 -1.06340172 -1.74110133
v -4.052651 -1.06340468 -1.73909721
v -4.04043449 -1.06340212 -1.75172896
v -4.03494526 -1.06340427 -1.7504089
v -4.02969601 -1.06340254 -1.76521567
v -4.02365697 -1.06340385 -1.76456733
v -4.10347685 -1.06363837 -1.72664813
v -4.10590422 -1.03504182 -1.72770774
v -4.10621441 -1.03238105 -1.72362159
v -4.10362112 -1.06316805 -1.72308904
v -4.26174011 -1.03504185 -1.72441841
v -4.26174011 -1.0636384 -1.72067459
v -4.2617401 -1.06316808 -1.71609305
v -4.26174011 -1.03238107 -1.72016224
v -4.10664952 -1.0083762 -1.73548198
v -4.10664952 -1.00370492 -1.73201667
v -4.26174012 -1.00837623 -1.73547129
v -4.26174012 -1.00370495 -1.73201664
v -4.10664953 -0.98523694 -1.75322614
v -4.10664953 -0.97931099 -1.75070421
v -4.26174013 -0.98523697 -1.75322611
v -4.26174013 -0.97931102 -1.75070418
v -4.10664954 -0.96734503 -1.77652695
v -4.10664954 -0.96071349 -1.77490051
v -4.26174014 -0.96734506 -1.77652692
v -4.26174014 -0.96071352 -1.77490048
v -4.10664955 -0.95604031 -1.80377094
v -4.10664955 -0.94905617 -1.80297557
v -4.26174014 -0.95604034 -1.80377091
v -4.26174014 -0.9490562 -1.80297554
v -4.10664955 -0.95215802 -1.83306264
v -4.10664955 -0.94506669 -1.83305967
v -4.26174015 -0.95215805 -1.83306261
v -4.26174015 -0.94506672 -1.83305964
v -4.10664956 -0.95598235 -1.86236216
v -4.10664956 -0.94899656 -1.86315143
v -4.26174015 -0.95598238 -1.86236213
v -4.26174016 -0.94899659 -1.8631514
v -4.10664956 -0.96723337 -1.88962903
v -4.10664956 -0.96059802 -1.89124896
v -4.26174016 -0.9672334 -1.889629
v -4.26174016 -0.96059805 -1.89124893
v -4.10664956 -0.98507986 -1.91296617
v -4.10664956 -0.9791468 -1.9154811
v -4.26174016 -0.98507989 -1.91296614
v -4.26174016 -0.97914683 -1.91548107
v -4.10664956 -1.00818553 -1.93076794
v -4.10664956 -1.00350209 -1.93421569
v -4.26174016 -1.00818556 -1.93076791
v -4.26174016 -1.00350212 -1.93421566
v -4.10664963 -1.03482997 -1.94187413
v -4.10664948 -1.03215393 -1.94612629
v -4.26174015 -1.03483022 -1.94187416
v -4.26174016 -1.03215374 -1.94612621
v -4.10687278 -1.06356886 -1.94568139
v -4.10642115 -1.06308601 -1.95025017
v -4.10687278 -1.06356886 -1.94568139
v -4.10642115 -1.06308601 -1.95025017
v -4.26174015 -1.06352987 -1.94567512
v -4.26174015 -1.06304931 -1.95025622
v -4.51851403 -1.06336742 -1.94568298
v -4.26174015 -1.06352987 -1.94567512
v -4.26174015 -1.06304931 -1.95025622
v -4.51917451 -1.06336368 -1.95024853
v -4.54212729 -1.063379 -1.9419284
v -4.54460597 -1.06337541 -1.94613759
v -4.56332002 -1.06338922 -1.93097809
v -4.56765714 -1.06338623 -1.93426111
v -4.58031345 -1.06339717 -1.91375455
v -4.58577583 -1.06339499 -1.91593109
v -4.59130041 -1.0634021 -1.89190627
v -4.59733224 -1.06340077 -1.89297925
v -4.59510362 -1.06340363 -1.8674799
v -4.60129696 -1.06340294 -1.86774429
v -4.59510361 -1.06340343 -1.79886975
v -4.60129695 -1.06340317 -1.79860519
v -4.59130042 -1.0634031 -1.77444346
v -4.59733218 -1.0634035 -1.77337016
v -4.58031349 -1.06340263 -1.75259513
v -4.58577573 -1.06340397 -1.75041837
v -4.56332009 -1.06340214 -1.73537155
v -4.56765699 -1.06340446 -1.73208837
v -4.54212724 -1.06340169 -1.72442116
v -4.54460592 -1.0634049 -1.72021195
v -4.51851395 -1.06340147 -1.72066654
v -4.5191745 -1.06340511 -1.716101
v -4.26174011 -1.0636384 -1.72067459
v -4.2617401 -1.06316808 -1.71609305
v -4.07764135 -1.05794688 -1.73457331
v -4.10389903 -1.05788112 -1.72651118
v -4.5810376 -1.05790251 -1.75231299
v -4.05671161 -1.05792228 -1.74139178
v -4.56388406 -1.05792247 -1.73495158
v -4.03995493 -1.05790098 -1.75210447
v -4.05671161 -1.05792228 -1.74139178
v -4.5424431 -1.05794494 -1.72389321
v -4.56388406 -1.05792247 -1.73495158
v -4.02913596 -1.05788843 -1.76567908
v -4.18419651 -1.05768563 -1.94634771
v -4.1068955 -1.05780808 -1.94630484
v -4.51860491 -1.05787942 -1.72005488
v -4.02770187 -1.05784197 -1.78082172
v -4.26174181 -1.05768538 -1.94634786
v -4.26174176 -1.05779712 -1.72001286
v -4.08362556 -1.05794742 -1.94247295
v -4.18419646 -1.05779711 -1.72001287
v -4.51860485 -1.05784355 -1.94630597
v -4.10361894 -1.05779709 -1.72647756
v -4.54244296 -1.0579205 -1.94246783
v -4.03133357 -1.05784206 -1.86752514
v -4.56388388 -1.05790817 -1.93140958
v -4.03511056 -1.05788883 -1.89206435
v -4.58103748 -1.05789611 -1.91404824
v -4.56388388 -1.05790817 -1.93140958
v -4.04593199 -1.05790181 -1.91406249
v -4.59210938 -1.05788904 -1.89205571
v -4.06269221 -1.05792355 -1.93142275
v -4.59597346 -1.05784334 -1.86752282
v -4.06269221 -1.05792355 -1.93142275
v -4.52759966 -1.05860142 -1.88940743
v -4.52759966 -1.05860143 -1.8810786
v -4.52759966 -1.05718316 -1.8810786
v -4.52759966 -1.05718316 -1.88940743
v -4.48247098 -1.05860143 -1.81470289
v -4.48247098 -1.05860143 -1.8145329
v -4.48247098 -1.05718316 -1.81453291
v -4.48247098 -1.05718316 -1.81470289
v -4.48247099 -1.05860142 -1.8810786
v -4.48247099 -1.05860142 -1.88090862
v -4.48247099 -1.05718315 -1.88090862
v -4.48247099 -1.05718315 -1.8810786
v -4.52759965 -1.05860143 -1.81470288
v -4.48247098 -1.05860143 -1.81470289
v -4.48247098 -1.05718316 -1.81470289
v -4.52759965 -1.05718317 -1.81470288
v -4.52759966 -1.05860143 -1.8810786
v -4.48247099 -1.05860142 -1.8810786
v -4.48247099 -1.05718315 -1.8810786
v -4.52759966 -1.05718316 -1.8810786
v -4.48247098 -1.05860143 -1.8145329
v -4.50490784 -1.05860143 -1.79668539
v -4.50490784 -1.05718317 -1.79668539
v -4.48247098 -1.05718316 -1.81453291
v -4.48247099 -1.05860142 -1.88090862
v -4.50490786 -1.05860142 -1.86306111
v -4.50490786 -1.05718316 -1.86306111
v -4.48247099 -1.05718315 -1.88090862
v -4.49343443 -1.05860143 -1.7960055
v -4.46963778 -1.05860142 -1.81521282
v -4.46963778 -1.05718316 -1.81521282
v -4.49343443 -1.05718316 -1.7960055
v -4.49343446 -1.05860142 -1.86238121
v -4.46963779 -1.05860141 -1.88158853
v -4.46963779 -1.05718315 -1.88158853
v -4.49343446 -1.05718315 -1.86238121
v -4.46963777 -1.05860143 -1.7767132
v -4.46963777 -1.05718316 -1.7767132
v -4.46963778 -1.05860142 -1.84308891
v -4.46963778 -1.05718315 -1.84308891
v -4.50490784 -1.05860143 -1.7953256
v -4.48247097 -1.05860143 -1.7774781
v -4.48247097 -1.05718316 -1.7774781
v -4.50490784 -1.05718317 -1.7953256
v -4.50490786 -1.05860142 -1.8617013
v -4.48247099 -1.05860142 -1.84385381
v -4.48247099 -1.05718315 -1.84385381
v -4.50490786 -1.05718316 -1.8617013
v -4.48247097 -1.05860143 -1.77730812
v -4.52759964 -1.05860144 -1.77730811
v -4.52759964 -1.05718317 -1.77730811
v -4.48247097 -1.05718316 -1.77730812
v -4.48247099 -1.05860142 -1.84368383
v -4.52759965 -1.05860143 -1.84368382
v -4.52759965 -1.05718316 -1.84368382
v -4.48247099 -1.05718315 -1.84368383
v -4.46963777 -1.05860143 -1.76897929
v -4.46963777 -1.05860143 -1.7767132
v -4.46963777 -1.05718316 -1.7767132
v -4.46963777 -1.05718316 -1.76897929
v -4.46963778 -1.05860142 -1.83535499
v -4.46963778 -1.05860142 -1.84308891
v -4.46963778 -1.05718315 -1.84308891
v -4.46963778 -1.05718315 -1.83535499
v -4.52759964 -1.05860144 -1.77730811
v -4.52759964 -1.05860144 -1.76897927
v -4.52759964 -1.05718317 -1.76897928
v -4.52759964 -1.05718317 -1.77730811
v -4.52759965 -1.05860143 -1.84368382
v -4.52759965 -1.05860143 -1.83535498
v -4.52759965 -1.05718316 -1.83535498
v -4.52759965 -1.05718316 -1.84368382
v -4.50490784 -1.05860143 -1.79668539
v -4.50490784 -1.05860143 -1.7953256
v -4.50490784 -1.05718317 -1.7953256
v -4.50490784 -1.05718317 -1.79668539
v -4.50490786 -1.05860142 -1.86306111
v -4.50490786 -1.05860142 -1.8617013
v -4.50490786 -1.05718316 -1.8617013
v -4.50490786 -1.05718316 -1.86306111
v -4.46963778 -1.05860142 -1.82303173
v -4.52759965 -1.05860143 -1.82303172
v -4.52759965 -1.05718317 -1.82303172
v -4.46963778 -1.05718315 -1.82303173
v -4.46963779 -1.05860141 -1.88940744
v -4.52759966 -1.05860142 -1.88940743
v -4.52759966 -1.05718316 -1.88940743
v -4.46963779 -1.05718315 -1.88940744
v -4.48247097 -1.05860143 -1.7774781
v -4.48247097 -1.05860143 -1.77730812
v -4.48247097 -1.05718316 -1.77730812
v -4.48247097 -1.05718316 -1.7774781
v -4.48247099 -1.05860142 -1.84385381
v -4.48247099 -1.05860142 -1.84368383
v -4.48247099 -1.05718315 -1.84368383
v -4.48247099 -1.05718315 -1.84385381
v -4.46963778 -1.05860142 -1.81521282
v -4.46963778 -1.05860142 -1.82303173
v -4.46963778 -1.05718315 -1.82303173
v -4.46963778 -1.05718316 -1.81521282
v -4.46963779 -1.05860141 -1.88158853
v -4.46963779 -1.05860141 -1.88940744
v -4.46963779 -1.05718315 -1.88940744
v -4.46963779 -1.05718315 -1.88158853
v -4.52759964 -1.05860144 -1.76897927
v -4.46963777 -1.05860143 -1.76897929
v -4.46963777 -1.05718316 -1.76897929
v -4.52759964 -1.05718317 -1.76897928
v -4.52759965 -1.05860143 -1.83535498
v -4.46963778 -1.05860142 -1.83535499
v -4.46963778 -1.05718315 -1.83535499
v -4.52759965 -1.05718316 -1.83535498
v -4.52759965 -1.05860143 -1.82303172
v -4.52759965 -1.05860143 -1.81470288
v -4.52759965 -1.05718317 -1.81470288
v -4.52759965 -1.05718317 -1.82303172
v -4.03220102 -1.06340289 -1.47752725
v -4.02832076 -1.06340308 -1.56471851
v -4.02770092 -1.09042269 -1.56420396
v -4.03133347 -1.0904226 -1.47750058
v -4.56332007 -1.06340218 -1.41403193
v -4.54212722 -1.06340173 -1.40308155
v -4.54244314 -1.09052556 -1.40255736
v -4.5638841 -1.09050309 -1.41361571
v -4.18419481 -1.06364923 -1.62434211
v -4.26174008 -1.06352991 -1.62433553
v -4.2617418 -1.090266 -1.62501202
v -4.18419649 -1.09026625 -1.62501187
v -4.58031346 -1.06340267 -1.43125552
v -4.56332007 -1.06340218 -1.41403193
v -4.5638841 -1.09050309 -1.41361571
v -4.58103764 -1.09048313 -1.43097713
v -4.10374452 -1.0635689 -1.61836703
v -4.10426938 -1.0903887 -1.61851364
v -4.5913004 -1.06340314 -1.45310385
v -4.59210951 -1.09047114 -1.45296973
v -4.10664943 -1.06363841 -1.39933502
v -4.18419474 -1.06375714 -1.39932857
v -4.18419474 -1.03504187 -1.40307883
v -4.10664943 -1.03504185 -1.40307884
v -4.26174004 -1.06363844 -1.39933499
v -4.26174004 -1.03504188 -1.40307881
v -4.18419475 -1.00837625 -1.41413169
v -4.10664944 -1.00837623 -1.41413171
v -4.26174005 -1.00837627 -1.41413168
v -4.10664944 -1.00837623 -1.41413171
v -4.18419475 -1.00837625 -1.41413169
v -4.18419476 -0.98523698 -1.4318865
v -4.10664945 -0.98523697 -1.43188652
v -4.26174005 -1.00837627 -1.41413168
v -4.26174006 -0.985237 -1.43188649
v -4.18419476 -0.96734508 -1.45518733
v -4.10664946 -0.96734506 -1.45518734
v -4.26174007 -0.96734509 -1.45518731
v -4.18419477 -0.95604035 -1.48243131
v -4.10664946 -0.95604033 -1.48243132
v -4.26174008 -0.95604036 -1.48243129
v -4.18419478 -0.95215806 -1.51172303
v -4.10664947 -0.95215804 -1.51172304
v -4.26174008 -0.95215807 -1.51172301
v -4.18419478 -0.95598239 -1.54102254
v -4.10664948 -0.95598237 -1.54102256
v -4.26174009 -0.9559824 -1.54102253
v -4.18419479 -0.96723341 -1.56828942
v -4.10664948 -0.9672334 -1.56828943
v -4.26174009 -0.96723343 -1.5682894
v -4.18419479 -0.98507991 -1.59162655
v -4.10664948 -0.98507989 -1.59162656
v -4.26174009 -0.98507992 -1.59162653
v -4.18419479 -1.00818558 -1.60942834
v -4.10664948 -1.00818556 -1.60941939
v -4.26174009 -1.00818559 -1.60942832
v -4.10664948 -1.00818556 -1.60941939
v -4.18419479 -1.00818558 -1.60942834
v -4.18419482 -1.03483014 -1.62053456
v -4.10592683 -1.03483001 -1.61727735
v -4.26174009 -1.00818559 -1.60942832
v -4.26174009 -1.03483026 -1.62053457
v -4.59597352 -1.09042389 -1.47750267
v -4.59210945 -1.05789055 -1.45296598
v -4.59597346 -1.05784331 -1.47749891
v -4.18419645 -1.09037773 -1.39867701
v -4.26174175 -1.09037774 -1.398677
v -4.51851391 -1.06340151 -1.39932692
v -4.51860494 -1.09046005 -1.39871901
v -4.07771996 -1.06340482 -1.61066158
v -4.07766907 -1.09052804 -1.61045257
v -4.02969599 -1.06340341 -1.57979661
v -4.0292313 -1.09046946 -1.57934655
v -4.10665114 -1.09037772 -1.39867703
v -4.04043454 -1.06340387 -1.59328331
v -4.04003831 -1.09048243 -1.59292112
v -4.51851399 -1.06336746 -1.62434339
v -4.51860487 -1.09042417 -1.62497013
v -4.0570364 -1.06340436 -1.60391092
v -4.05677076 -1.09050417 -1.60363374
v -4.0570364 -1.06340436 -1.60391092
v -4.05677076 -1.09050417 -1.60363374
v -4.54212726 -1.06337904 -1.62058881
v -4.542443 -1.09050112 -1.621132
v -4.56331999 -1.06338926 -1.6096385
v -4.56388392 -1.09048879 -1.61007373
v -4.10697946 -1.06340138 -1.3993264
v -4.10688995 -1.09046175 -1.39871975
v -4.56331999 -1.06338926 -1.6096385
v -4.58031342 -1.06339721 -1.59241497
v -4.58103753 -1.09047673 -1.5927124
v -4.56388392 -1.09048879 -1.61007373
v -4.083943 -1.06340146 -1.40307433
v -4.08362541 -1.0905275 -1.40255307
v -4.59130039 -1.06340214 -1.57056667
v -4.59210943 -1.09046966 -1.57071986
v -4.0632589 -1.06340176 -1.41401432
v -4.06269193 -1.0905029 -1.4136027
v -4.5951036 -1.06340367 -1.5461403
v -4.5959735 -1.09042397 -1.54618698
v -4.0632589 -1.06340176 -1.41401432
v -4.04665707 -1.06340216 -1.43123685
v -4.04593174 -1.0904816 -1.43096305
v -4.06269193 -1.0905029 -1.4136027
v -4.59510358 -1.06340347 -1.47753014
v -4.03591859 -1.06340258 -1.45309264
v -4.03511039 -1.09046905 -1.45296127
v -4.02600723 -1.06340357 -1.47726869
v -4.02687821 -1.09534892 -1.47731535
v -4.02310446 -1.09534881 -1.56486196
v -4.02225142 -1.06340335 -1.56487795
v -4.56765696 -1.0634045 -1.41074878
v -4.56709639 -1.09526866 -1.41118494
v -4.54429344 -1.09524618 -1.39941651
v -4.5446059 -1.06340494 -1.39887235
v -4.18419475 -1.06293 -1.62891008
v -4.18419651 -1.09527804 -1.6282603
v -4.26174181 -1.09527832 -1.6282601
v -4.26174008 -1.06304935 -1.62891662
v -4.5857757 -1.06340401 -1.42907875
v -4.58505499 -1.09528862 -1.42937712
v -4.56709639 -1.09526866 -1.41118494
v -4.56765696 -1.0634045 -1.41074878
v -4.1033481 -1.06308605 -1.62191596
v -4.10362396 -1.09523131 -1.62144426
v -4.59733215 -1.06340354 -1.45203055
v -4.5965265 -1.09530061 -1.45218464
v -4.10664943 -1.06316809 -1.39475345
v -4.10664943 -1.03238108 -1.39882266
v -4.18419474 -1.03238109 -1.39882265
v -4.18419473 -1.06304939 -1.39475987
v -4.26174004 -1.03238111 -1.39882263
v -4.26174004 -1.06316812 -1.39475342
v -4.10664944 -1.00370495 -1.41067706
v -4.18419475 -1.00370497 -1.41067704
v -4.26174005 -1.00370498 -1.41067703
v -4.10664944 -1.00370495 -1.41067706
v -4.10664945 -0.97931102 -1.42936458
v -4.18419476 -0.97931104 -1.42936457
v -4.18419475 -1.00370497 -1.41067704
v -4.26174006 -0.97931105 -1.42936455
v -4.26174005 -1.00370498 -1.41067703
v -4.10664946 -0.96071351 -1.4535609
v -4.18419477 -0.96071353 -1.45356088
v -4.26174007 -0.96071354 -1.45356087
v -4.10664947 -0.94905619 -1.48163596
v -4.18419477 -0.94905621 -1.48163595
v -4.26174008 -0.94905622 -1.48163593
v -4.10664947 -0.94506671 -1.51172007
v -4.18419478 -0.94506673 -1.51172006
v -4.26174008 -0.94506674 -1.51172004
v -4.10664948 -0.94899659 -1.54181184
v -4.18419479 -0.9489966 -1.54181182
v -4.26174009 -0.94899662 -1.54181181
v -4.10664948 -0.96059804 -1.56990936
v -4.18419479 -0.96059806 -1.56990935
v -4.26174009 -0.96059807 -1.56990933
v -4.10664948 -0.97914683 -1.59414149
v -4.18419479 -0.97914685 -1.59414148
v -4.26174009 -0.97914686 -1.59414146
v -4.10664948 -1.00350212 -1.61287611
v -4.18419479 -1.00350214 -1.61287609
v -4.26174009 -1.00350215 -1.61287607
v -4.10664948 -1.00350212 -1.61287611
v -4.10623377 -1.03215397 -1.62136419
v -4.18419475 -1.03215386 -1.62478666
v -4.18419479 -1.00350214 -1.61287609
v -4.26174009 -1.03215377 -1.62478662
v -4.26174009 -1.00350215 -1.61287607
v -4.26174177 -1.09539389 -1.39543139
v -4.18419647 -1.09539387 -1.3954314
v -4.51908689 -1.09531169 -1.39538924
v -4.51917445 -1.06340515 -1.39476139
v -4.07519726 -1.06340162 -1.61325013
v -4.07551782 -1.09524346 -1.6129286
v -4.02446843 -1.09530204 -1.58036425
v -4.02365684 -1.06340302 -1.58044473
v -4.10665116 -1.09539385 -1.39543142
v -4.03567379 -1.09528906 -1.59443484
v -4.03494508 -1.06340256 -1.59460318
v -4.51908704 -1.09527206 -1.62830217
v -4.51917446 -1.06336372 -1.62890895
v -4.05322113 -1.09526732 -1.60566152
v -4.05265075 -1.06340207 -1.60591489
v -4.05265075 -1.06340207 -1.60591489
v -4.05322113 -1.09526732 -1.60566152
v -4.54429367 -1.09521844 -1.62427478
v -4.54460594 -1.06337545 -1.624798
v -4.56709666 -1.09525181 -1.61250626
v -4.56765711 -1.06338627 -1.61292152
v -4.10639683 -1.09530983 -1.3953887
v -4.10630388 -1.06340512 -1.39476207
v -4.56765711 -1.06338627 -1.61292152
v -4.56709666 -1.09525181 -1.61250626
v -4.58505517 -1.09528057 -1.59431402
v -4.58577581 -1.06339503 -1.59459149
v -4.08174053 -1.09524406 -1.39942096
v -4.08141949 -1.06340504 -1.39887975
v -4.59652663 -1.09529836 -1.57150644
v -4.59733221 -1.06340081 -1.57163966
v -4.05944397 -1.09526865 -1.41119818
v -4.05887358 -1.06340472 -1.41076655
v -4.6004305 -1.09534776 -1.54637799
v -4.60129693 -1.06340298 -1.54640469
v -4.05887358 -1.06340472 -1.41076655
v -4.05944397 -1.09526865 -1.41119818
v -4.04189662 -1.09528994 -1.4293914
v -4.04116784 -1.06340431 -1.42909764
v -4.60043045 -1.09534785 -1.47731303
v -4.60129692 -1.06340321 -1.47726558
v -4.03069118 -1.09530248 -1.45219332
v -4.02987955 -1.06340389 -1.45204197
v -4.02832076 -1.06340308 -1.56471851
v -4.03220102 -1.06340289 -1.47752725
v -4.02600723 -1.06340357 -1.47726869
v -4.02225142 -1.06340335 -1.56487795
v -4.02969599 -1.06340341 -1.57979661
v -4.02365684 -1.06340302 -1.58044473
v -4.04043454 -1.06340387 -1.59328331
v -4.03494508 -1.06340256 -1.59460318
v -4.0570364 -1.06340436 -1.60391092
v -4.05265075 -1.06340207 -1.60591489
v -4.07771996 -1.06340482 -1.61066158
v -4.07519726 -1.06340162 -1.61325013
v -4.10697946 -1.06340138 -1.3993264
v -4.10664943 -1.06363841 -1.39933502
v -4.10664943 -1.06316809 -1.39475345
v -4.10630388 -1.06340512 -1.39476207
v -4.083943 -1.06340146 -1.40307433
v -4.08141949 -1.06340504 -1.39887975
v -4.0632589 -1.06340176 -1.41401432
v -4.05887358 -1.06340472 -1.41076655
v -4.04665707 -1.06340216 -1.43123685
v -4.04116784 -1.06340431 -1.42909764
v -4.03591859 -1.06340258 -1.45309264
v -4.02987955 -1.06340389 -1.45204197
v -4.10664943 -1.06363841 -1.39933502
v -4.10664943 -1.03504185 -1.40307884
v -4.10664943 -1.03238108 -1.39882266
v -4.10664943 -1.06316809 -1.39475345
v -4.26174004 -1.03504188 -1.40307881
v -4.26174004 -1.06363844 -1.39933499
v -4.26174004 -1.06316812 -1.39475342
v -4.26174004 -1.03238111 -1.39882263
v -4.10664944 -1.00837623 -1.41413171
v -4.10664944 -1.00370495 -1.41067706
v -4.26174005 -1.00837627 -1.41413168
v -4.26174005 -1.00370498 -1.41067703
v -4.10664945 -0.98523697 -1.43188652
v -4.10664945 -0.97931102 -1.42936458
v -4.26174006 -0.985237 -1.43188649
v -4.26174006 -0.97931105 -1.42936455
v -4.10664946 -0.96734506 -1.45518734
v -4.10664946 -0.96071351 -1.4535609
v -4.26174007 -0.96734509 -1.45518731
v -4.26174007 -0.96071354 -1.45356087
v -4.10664946 -0.95604033 -1.48243132
v -4.10664947 -0.94905619 -1.48163596
v -4.26174008 -0.95604036 -1.48243129
v -4.26174008 -0.94905622 -1.48163593
v -4.10664947 -0.95215804 -1.51172304
v -4.10664947 -0.94506671 -1.51172007
v -4.26174008 -0.95215807 -1.51172301
v -4.26174008 -0.94506674 -1.51172004
v -4.10664948 -0.95598237 -1.54102256
v -4.10664948 -0.94899659 -1.54181184
v -4.26174009 -0.9559824 -1.54102253
v -4.26174009 -0.94899662 -1.54181181
v -4.10664948 -0.9672334 -1.56828943
v -4.10664948 -0.96059804 -1.56990936
v -4.26174009 -0.96723343 -1.5682894
v -4.26174009 -0.96059807 -1.56990933
v -4.10664948 -0.98507989 -1.59162656
v -4.10664948 -0.97914683 -1.59414149
v -4.26174009 -0.98507992 -1.59162653
v -4.26174009 -0.97914686 -1.59414146
v -4.10664948 -1.00818556 -1.60941939
v -4.10664948 -1.00350212 -1.61287611
v -4.26174009 -1.00818559 -1.60942832
v -4.26174009 -1.00350215 -1.61287607
v -4.10592683 -1.03483001 -1.61727735
v -4.10623377 -1.03215397 -1.62136419
v -4.26174009 -1.03483026 -1.62053457
v -4.26174009 -1.03215377 -1.62478662
v -4.10374452 -1.0635689 -1.61836703
v -4.1033481 -1.06308605 -1.62191596
v -4.10374452 -1.0635689 -1.61836703
v -4.1033481 -1.06308605 -1.62191596
v -4.26174008 -1.06352991 -1.62433553
v -4.26174008 -1.06304935 -1.62891662
v -4.51851399 -1.06336746 -1.62434339
v -4.26174008 -1.06352991 -1.62433553
v -4.26174008 -1.06304935 -1.62891662
v -4.51917446 -1.06336372 -1.62890895
v -4.54212726 -1.06337904 -1.62058881
v -4.54460594 -1.06337545 -1.624798
v -4.56331999 -1.06338926 -1.6096385
v -4.56765711 -1.06338627 -1.61292152
v -4.58031342 -1.06339721 -1.59241497
v -4.58577581 -1.06339503 -1.59459149
v -4.59130039 -1.06340214 -1.57056667
v -4.59733221 -1.06340081 -1.57163966
v -4.5951036 -1.06340367 -1.5461403
v -4.60129693 -1.06340298 -1.54640469
v -4.59510358 -1.06340347 -1.47753014
v -4.60129692 -1.06340321 -1.47726558
v -4.5913004 -1.06340314 -1.45310385
v -4.59733215 -1.06340354 -1.45203055
v -4.58031346 -1.06340267 -1.43125552
v -4.5857757 -1.06340401 -1.42907875
v -4.56332007 -1.06340218 -1.41403193
v -4.56765696 -1.0634045 -1.41074878
v -4.54212722 -1.06340173 -1.40308155
v -4.5446059 -1.06340494 -1.39887235
v -4.51851391 -1.06340151 -1.39932692
v -4.51917445 -1.06340515 -1.39476139
v -4.26174004 -1.06363844 -1.39933499
v -4.26174004 -1.06316812 -1.39475342
v -4.08362536 -1.05794692 -1.40254932
v -4.10688989 -1.05788116 -1.398716
v -4.58103757 -1.05790254 -1.43097338
v -4.06269188 -1.05792232 -1.41359896
v -4.56388403 -1.05792251 -1.41361197
v -4.04593167 -1.05790101 -1.43095931
v -4.06269188 -1.05792232 -1.41359896
v -4.54244307 -1.05794497 -1.40255361
v -4.56388403 -1.05792251 -1.41361197
v -4.03511034 -1.05788847 -1.45295752
v -4.18419643 -1.05768566 -1.62500812
v -4.10390933 -1.05780812 -1.61851073
v -4.51860487 -1.05787946 -1.39871527
v -4.03133342 -1.05784201 -1.47749682
v -4.26174174 -1.05768542 -1.62500827
v -4.26174169 -1.05779716 -1.39867325
v -4.07764162 -1.05794746 -1.61045027
v -4.18419639 -1.05779715 -1.39867327
v -4.5186048 -1.05784359 -1.62496637
v -4.10665109 -1.05779713 -1.39867328
v -4.54244293 -1.05792054 -1.62112824
v -4.02769978 -1.0578421 -1.56420164
v -4.56388385 -1.0579082 -1.61006998
v -4.02913598 -1.05788887 -1.57934424
v -4.58103746 -1.05789614 -1.59270865
v -4.56388385 -1.0579082 -1.61006998
v -4.0399551 -1.05790185 -1.59291881
v -4.59210936 -1.05788908 -1.57071611
v -4.05671186 -1.05792359 -1.60363143
v -4.59597343 -1.05784338 -1.54618323
v -4.05671186 -1.05792359 -1.60363143
v -4.52759964 -1.05860146 -1.56806783
v -4.52759963 -1.05860146 -1.55973899
v -4.52759963 -1.0571832 -1.55973899
v -4.52759964 -1.0571832 -1.56806783
v -4.48247094 -1.05860146 -1.49336328
v -4.48247094 -1.05860146 -1.49319329
v -4.48247094 -1.0571832 -1.49319329
v -4.48247094 -1.0571832 -1.49336328
v -4.48247095 -1.05860146 -1.559739
v -4.48247095 -1.05860146 -1.55956902
v -4.48247095 -1.05718319 -1.55956902
v -4.48247095 -1.05718319 -1.559739
v -4.52759962 -1.05860147 -1.49336327
v -4.48247094 -1.05860146 -1.49336328
v -4.48247094 -1.0571832 -1.49336328
v -4.52759962 -1.05718321 -1.49336327
v -4.52759963 -1.05860146 -1.55973899
v -4.48247095 -1.05860146 -1.559739
v -4.48247095 -1.05718319 -1.559739
v -4.52759963 -1.0571832 -1.55973899
v -4.48247094 -1.05860146 -1.49319329
v -4.5049078 -1.05860147 -1.47534578
v -4.5049078 -1.0571832 -1.47534578
v -4.48247094 -1.0571832 -1.49319329
v -4.48247095 -1.05860146 -1.55956902
v -4.50490781 -1.05860146 -1.54172151
v -4.50490781 -1.05718319 -1.54172151
v -4.48247095 -1.05718319 -1.55956902
v -4.49343439 -1.05860147 -1.47466589
v -4.46963773 -1.05860146 -1.49387321
v -4.46963773 -1.05718319 -1.49387321
v -4.49343439 -1.0571832 -1.47466589
v -4.49343442 -1.05860146 -1.54104162
v -4.46963774 -1.05860145 -1.56024893
v -4.46963774 -1.05718318 -1.56024893
v -4.49343442 -1.05718319 -1.54104162
v -4.46963772 -1.05860147 -1.4553736
v -4.46963772 -1.0571832 -1.4553736
v -4.46963774 -1.05860146 -1.52174931
v -4.46963774 -1.05718319 -1.52174931
v -4.5049078 -1.05860147 -1.47398599
v -4.48247093 -1.05860147 -1.45613848
v -4.48247093 -1.0571832 -1.45613848
v -4.5049078 -1.0571832 -1.47398599
v -4.50490781 -1.05860146 -1.5403617
v -4.48247094 -1.05860146 -1.52251421
v -4.48247094 -1.05718319 -1.52251421
v -4.50490781 -1.05718319 -1.5403617
v -4.48247093 -1.05860147 -1.4559685
v -4.52759961 -1.05860148 -1.45596849
v -4.52759961 -1.05718321 -1.45596849
v -4.48247093 -1.0571832 -1.4559685
v -4.48247094 -1.05860146 -1.52234423
v -4.52759963 -1.05860147 -1.52234422
v -4.52759963 -1.0571832 -1.52234422
v -4.48247094 -1.05718319 -1.52234423
v -4.46963772 -1.05860147 -1.44763967
v -4.46963772 -1.05860147 -1.4553736
v -4.46963772 -1.0571832 -1.4553736
v -4.46963772 -1.0571832 -1.44763967
v -4.46963774 -1.05860146 -1.5140154
v -4.46963774 -1.05860146 -1.52174931
v -4.46963774 -1.05718319 -1.52174931
v -4.46963774 -1.05718319 -1.5140154
v -4.52759961 -1.05860148 -1.45596849
v -4.52759961 -1.05860148 -1.44763966
v -4.52759961 -1.05718321 -1.44763966
v -4.52759961 -1.05718321 -1.45596849
v -4.52759963 -1.05860147 -1.52234422
v -4.52759963 -1.05860147 -1.51401538
v -4.52759963 -1.0571832 -1.51401538
v -4.52759963 -1.0571832 -1.52234422
v -4.5049078 -1.05860147 -1.47534578
v -4.5049078 -1.05860147 -1.47398599
v -4.5049078 -1.0571832 -1.47398599
v -4.5049078 -1.0571832 -1.47534578
v -4.50490781 -1.05860146 -1.54172151
v -4.50490781 -1.05860146 -1.5403617
v -4.50490781 -1.05718319 -1.5403617
v -4.50490781 -1.05718319 -1.54172151
v -4.46963773 -1.05860146 -1.50169213
v -4.52759962 -1.05860147 -1.50169212
v -4.52759962 -1.0571832 -1.50169212
v -4.46963773 -1.05718319 -1.50169213
v -4.46963775 -1.05860145 -1.56806784
v -4.52759964 -1.05860146 -1.56806783
v -4.52759964 -1.0571832 -1.56806783
v -4.46963775 -1.05718318 -1.56806784
v -4.48247093 -1.05860147 -1.45613848
v -4.48247093 -1.05860147 -1.4559685
v -4.48247093 -1.0571832 -1.4559685
v -4.48247093 -1.0571832 -1.45613848
v -4.48247094 -1.05860146 -1.52251421
v -4.48247094 -1.05860146 -1.52234423
v -4.48247094 -1.05718319 -1.52234423
v -4.48247094 -1.05718319 -1.52251421
v -4.46963773 -1.05860146 -1.49387321
v -4.46963773 -1.05860146 -1.50169213
v -4.46963773 -1.05718319 -1.50169213
v -4.46963773 -1.05718319 -1.49387321
v -4.46963774 -1.05860145 -1.56024893
v -4.46963775 -1.05860145 -1.56806784
v -4.46963775 -1.05718318 -1.56806784
v -4.46963774 -1.05718318 -1.56024893
v -4.52759961 -1.05860148 -1.44763966
v -4.46963772 -1.05860147 -1.44763967
v -4.46963772 -1.0571832 -1.44763967
v -4.52759961 -1.05718321 -1.44763966
v -4.52759963 -1.05860147 -1.51401538
v -4.46963774 -1.05860146 -1.5140154
v -4.46963774 -1.05718319 -1.5140154
v -4.52759963 -1.0571832 -1.51401538
v -4.52759962 -1.05860147 -1.50169212
v -4.52759962 -1.05860147 -1.49336327
v -4.52759962 -1.05718321 -1.49336327
v -4.52759962 -1.0571832 -1.50169212
v -4.0244686 -1.09530243 -1.76466072
v -4.0268783 -1.09534877 -1.86771549
v -4.02310452 -1.09534888 -1.78016296
v -4.03567404 -1.09528989 -1.75059018
v -4.03069121 -1.095302 -1.89283759
v -4.04189657 -1.09528902 -1.91563956
v -4.0532214 -1.0952686 -1.73936354
v -4.05944391 -1.09526728 -1.93383289
v -4.07551793 -1.09524401 -1.73209609
v -4.08174058 -1.09524342 -1.94560949
v -4.10361815 -1.09530978 -1.72358374
v -4.1064018 -1.09523127 -1.94964292
v -4.10392232 -1.09539381 -1.72361641
v -4.18419654 -1.09539383 -1.71677101
v -4.18419658 -1.095278 -1.94959988
v -4.26174184 -1.09539384 -1.716771
v -4.26174188 -1.09527828 -1.94959971
v -4.51908693 -1.09531164 -1.71672887
v -4.51908709 -1.09527202 -1.94964175
v -4.54429347 -1.09524614 -1.72075612
v -4.5442937 -1.09521839 -1.94561439
v -4.56709642 -1.09526861 -1.73252456
v -4.56709668 -1.09525177 -1.93384584
v -4.58505501 -1.09528858 -1.75071673
v -4.58505519 -1.09528052 -1.91565363
v -4.59652653 -1.09530056 -1.77352425
v -4.59652666 -1.09529832 -1.89284604
v -4.60043047 -1.09534781 -1.79865265
v -4.60043052 -1.09534771 -1.86771758
v -4.03133357 -1.05784206 -1.86752514
v -4.02913596 -1.05788843 -1.76567908
v -4.02770187 -1.05784197 -1.78082172
v -4.03995493 -1.05790098 -1.75210447
v -4.03511056 -1.05788883 -1.89206435
v -4.04593199 -1.05790181 -1.91406249
v -4.05671161 -1.05792228 -1.74139178
v -4.06269221 -1.05792355 -1.93142275
v -4.07764135 -1.05794688 -1.73457331
v -4.08362556 -1.05794742 -1.94247295
v -4.10389903 -1.05788112 -1.72651118
v -4.1068955 -1.05780808 -1.94630484
v -4.18419646 -1.05779711 -1.72001287
v -4.10361894 -1.05779709 -1.72647756
v -4.18419651 -1.05768563 -1.94634771
v -4.26174181 -1.05768538 -1.94634786
v -4.26174176 -1.05779712 -1.72001286
v -4.51860485 -1.05784355 -1.94630597
v -4.51860491 -1.05787942 -1.72005488
v -4.54244296 -1.0579205 -1.94246783
v -4.5424431 -1.05794494 -1.72389321
v -4.56388388 -1.05790817 -1.93140958
v -4.56388406 -1.05792247 -1.73495158
v -4.58103748 -1.05789611 -1.91404824
v -4.5810376 -1.05790251 -1.75231299
v -4.59210938 -1.05788904 -1.89205571
v -4.59210947 -1.05789052 -1.77430559
v -4.59597346 -1.05784334 -1.86752282
v -4.59597348 -1.05784327 -1.79883852
v -4.02687821 -1.09534892 -1.47731535
v -4.02446843 -1.09530204 -1.58036425
v -4.02310446 -1.09534881 -1.56486196
v -4.03567379 -1.09528906 -1.59443484
v -4.03069118 -1.09530248 -1.45219332
v -4.04189662 -1.09528994 -1.4293914
v -4.05322113 -1.09526732 -1.60566152
v -4.05944397 -1.09526865 -1.41119818
v -4.07551782 -1.09524346 -1.6129286
v -4.08174053 -1.09524406 -1.39942096
v -4.10362396 -1.09523131 -1.62144426
v -4.10639683 -1.09530983 -1.3953887
v -4.18419651 -1.09527804 -1.6282603
v -4.10665116 -1.09539385 -1.39543142
v -4.18419647 -1.09539387 -1.3954314
v -4.26174177 -1.09539389 -1.39543139
v -4.26174181 -1.09527832 -1.6282601
v -4.51908689 -1.09531169 -1.39538924
v -4.51908704 -1.09527206 -1.62830217
v -4.54429344 -1.09524618 -1.39941651
v -4.54429367 -1.09521844 -1.62427478
v -4.56709639 -1.09526866 -1.41118494
v -4.56709666 -1.09525181 -1.61250626
v -4.58505499 -1.09528862 -1.42937712
v -4.58505517 -1.09528057 -1.59431402
v -4.5965265 -1.09530061 -1.45218464
v -4.59652663 -1.09529836 -1.57150644
v -4.60043045 -1.09534785 -1.47731303
v -4.6004305 -1.09534776 -1.54637799
v -4.02913598 -1.05788887 -1.57934424
v -4.03133342 -1.05784201 -1.47749682
v -4.02769978 -1.0578421 -1.56420164
v -4.0399551 -1.05790185 -1.59291881
v -4.03511034 -1.05788847 -1.45295752
v -4.04593167 -1.05790101 -1.43095931
v -4.05671186 -1.05792359 -1.60363143
v -4.06269188 -1.05792232 -1.41359896
v -4.07764162 -1.05794746 -1.61045027
v -4.08362536 -1.05794692 -1.40254932
v -4.10390933 -1.05780812 -1.61851073
v -4.10688989 -1.05788116 -1.398716
v -4.18419643 -1.05768566 -1.62500812
v -4.18419639 -1.05779715 -1.39867327
v -4.10665109 -1.05779713 -1.39867328
v -4.26174174 -1.05768542 -1.62500827
v -4.26174169 -1.05779716 -1.39867325
v -4.5186048 -1.05784359 -1.62496637
v -4.51860487 -1.05787946 -1.39871527
v -4.54244293 -1.05792054 -1.62112824
v -4.54244307 -1.05794497 -1.40255361
v -4.56388385 -1.0579082 -1.61006998
v -4.56388403 -1.05792251 -1.41361197
v -4.58103746 -1.05789614 -1.59270865
v -4.58103757 -1.05790254 -1.43097338
v -4.59210936 -1.05788908 -1.57071611
v -4.59210945 -1.05789055 -1.45296598
v -4.59597343 -1.05784338 -1.54618323
v -4.59597346 -1.05784331 -1.47749891
vn 0 0 -1
vn 0 0 1
vn 0.99898 0.0319 -0.0319
vn 0.99898 0.0319 -0.032
vn -0.57171 -0.81981 -0.0326
vn -0.57178 -0.81977 -0.0325
vn -0.57171 -0.81981 -0.0327
vn 0.0001 0.99925 -0.0386
vn 0 0.99925 -0.0388
vn -0.80691 -0.58971 -0.0337
vn -0.80695 -0.58966 -0.0336
vn 0.0004 0.9993 -0.0374
vn 0.0004 0.9993 -0.0375
vn -0.93657 -0.34879 -0.0344
vn -0.93648 -0.34899 -0.0347
vn 0.0777 -0.98823 -0.1318
vn 0.0778 -0.98821 -0.1319
vn 0.0777 -0.98821 -0.1319
vn 0.0002 -0.98016 -0.19819
vn 0 -0.98026 -0.19769
vn 0.0251 -0.87755 -0.47883
vn 0 -0.84223 -0.53912
vn 0.0001 -0.64493 -0.76424
vn 0 -0.6451 -0.7641
vn 0 -0.64493 -0.76424
vn 0 -0.44521 -0.89543
vn 0 -0.25949 -0.96575
vn 0 -0.0855 -0.99634
vn 0 0.0842 -0.99645
vn 0 0.2581 -0.96612
vn 0 0.44369 -0.89618
vn 0 0.64341 -0.76552
vn 0 0.84082 -0.54131
vn 0 0.97982 -0.1999
vn -0.0002 0.97971 -0.2004
vn 0 0.97971 -0.2004
vn 0.0002 0.97982 -0.1999
vn 0.99327 0.1158 0
vn -0.0001 -0.99929 -0.0378
vn -0.0001 -0.99929 -0.0377
vn -0.21119 -0.97688 -0.0333
vn -0.21119 -0.97687 -0.0334
vn -0.21129 -0.97686 -0.0333
vn 0.21619 0.97576 -0.034
vn 0.21631 0.97574 -0.0339
vn 0.99299 0.1126 -0.036
vn 0.99301 0.1125 -0.0358
vn 0.99299 0.1126 -0.0359
vn 0.1039 -0.99433 -0.0225
vn 0.1039 -0.99434 -0.0224
vn -0.0001 -0.99934 -0.0363
vn 0.93921 0.3416 -0.0345
vn 0.93909 0.34189 -0.035
vn -0.0001 0.9993 -0.0374
vn -0.0001 0.9993 -0.0373
vn 0.81332 0.58081 -0.0342
vn 0.8134 0.5807 -0.0341
vn 0.58067 0.81346 -0.0334
vn 0.58079 0.81338 -0.0332
vn 0.58072 0.81342 -0.0333
vn 0.5806 0.8135 -0.0335
vn -0.21121 0.97684 -0.0344
vn -0.57169 0.81979 -0.0334
vn -0.5718 0.81971 -0.0335
vn 0.0538 0.99851 0.0095
vn -0.80694 0.58963 -0.0343
vn -0.8067 0.59 -0.0338
vn 0.3745 -0.92721 0.0052
vn 0.37459 -0.92718 0.0052
vn -0.93662 0.34861 -0.035
vn -0.93649 0.349 -0.0345
vn 0.40351 -0.91491 0.0107
vn 0.4033 -0.915 0.0109
vn -0.9927 0.1152 -0.0357
vn -0.99271 0.115 -0.036
vn -0.99272 0.1149 -0.0361
vn -0.9927 0.1152 -0.0358
vn 0.6542 -0.7563 0.0054
vn 0.6542 -0.7563 0.0053
vn -0.99932 0 -0.0368
vn 0.86152 -0.50771 -0.0034
vn 0.86152 -0.50771 -0.0035
vn -0.99272 -0.115 -0.0357
vn -0.99271 -0.1151 -0.0358
vn -0.99269 -0.1152 -0.0359
vn 0.99726 -0.0709 -0.0209
vn 0.99726 -0.071 -0.0208
vn 0.99724 -0.0713 -0.0205
vn -0.99903 -0.0319 -0.0304
vn -0.99901 -0.0317 -0.0312
vn 0.57139 0.82019 -0.0284
vn 0 -0.99952 -0.031
vn -0.0002 -0.99951 -0.0314
vn 0.80689 0.58999 -0.029
vn 0.80689 0.58999 -0.0289
vn 0.0004 -0.99955 -0.0301
vn 0.0004 -0.99954 -0.0302
vn 0.93677 0.34869 -0.0296
vn 0.93663 0.34911 -0.0292
vn -0.0881 0.98905 0.11841
vn -0.0881 0.98904 0.1185
vn 0 0.97971 0.2004
vn 0.0002 0.9798 0.2
vn -0.0264 0.87754 0.47877
vn -0.0264 0.87759 0.47869
vn -0.0264 0.87752 0.47881
vn 0 0.84289 0.53809
vn 0 0.64553 0.76374
vn 0 0.44549 0.89529
vn 0 0.2596 0.96572
vn 0 0.0856 0.99633
vn 0 -0.0843 0.99644
vn 0 -0.25829 0.96607
vn 0 -0.44409 0.89598
vn 0 -0.64401 0.76501
vn 0 -0.84148 0.54029
vn -0.0002 -0.97937 0.20209
vn -0.0001 -0.97932 0.2023
vn 0.0002 -0.97926 0.20259
vn 0.0001 -0.97928 0.2025
vn 0 0.99947 -0.0325
vn 0 0.99948 -0.0324
vn 0.2122 0.97679 -0.0293
vn 0.2121 0.97681 -0.0293
vn 0.2121 0.97681 -0.0292
vn -0.21631 -0.97593 -0.0278
vn -0.2164 -0.97591 -0.0278
vn -0.21631 -0.97593 -0.0277
vn -0.99322 -0.1122 -0.0304
vn -0.99323 -0.1121 -0.0305
vn -0.99322 -0.1123 -0.0302
vn -0.99321 -0.1123 -0.0303
vn -0.1153 0.9929 -0.0292
vn -0.1154 0.99289 -0.0291
vn -0.1154 0.9929 -0.029
vn -0.0001 0.9995 -0.0315
vn -0.0001 0.99951 -0.0314
vn -0.93935 -0.34168 -0.0295
vn -0.93924 -0.34202 -0.0291
vn -0.0001 -0.99954 -0.0304
vn -0.0001 -0.99953 -0.0305
vn -0.0001 -0.99954 -0.0303
vn -0.8134 -0.581 -0.0286
vn -0.81335 -0.58107 -0.0286
vn -0.81332 -0.58112 -0.0285
vn -0.58031 -0.81392 -0.0277
vn -0.58038 -0.81387 -0.0277
vn -0.5802 -0.814 -0.0276
vn 0.2122 -0.97682 -0.0282
vn 0.21211 -0.97684 -0.0282
vn 0.21211 -0.97684 -0.0283
vn 0.5714 -0.82021 -0.0276
vn 0.5714 -0.8202 -0.0277
vn 0.0509 0.99842 -0.0237
vn 0.8069 -0.59 -0.0285
vn 0.80673 -0.59022 -0.0288
vn -0.3819 0.9239 -0.0236
vn -0.38211 0.92382 -0.0234
vn 0.93679 -0.3487 -0.0289
vn 0.93662 -0.34911 -0.0293
vn -0.40271 0.91512 -0.0197
vn 0.99293 -0.1148 -0.0301
vn 0.99291 -0.1149 -0.0303
vn 0.99292 -0.1149 -0.0302
vn -0.65381 0.75631 -0.0231
vn -0.65321 0.75681 -0.0237
vn 0.99952 0 -0.031
vn -0.86118 0.50759 -0.027
vn -0.86092 0.50801 -0.0273
vn 0.99292 0.1148 -0.0304
vn 0.99293 0.1148 -0.0303
vn 0.99292 0.1149 -0.0302
vn 0.99291 0.1149 -0.0303
vn -0.99737 0.066 -0.03
vn -0.99738 0.0658 -0.0299
vn -0.99738 0.0659 -0.03
vn -0.0001 0 1
vn 0.0001 0 1
vn 0.0002 0.0001 1
vn 0.0003 0.0002 1
vn 0.0002 0.0003 1
vn 0.0003 0.0004 1
vn 0.0074 -0.0421 0.99909
vn 0.0073 -0.0421 0.99909
vn -0.0003 0.0006 1
vn -0.0003 0.0007 1
vn -0.0002 0.0006 1
vn -0.0004 0.0004 1
vn -0.0002 0.0003 1
vn -0.0003 0.0002 1
vn -0.0002 0.0001 1
vn -0.0002 0 1
vn -0.99513 0.0181 0.0969
vn -0.99513 0.018 0.0969
vn 1 0 0
vn -0.99949 0.0117 0.0297
vn -1 0 0
vn -0.99932 0.0362 -0.0073
vn 0.0049 0.0347 0.99939
vn 0.0049 0.0346 0.99939
vn 0.0003 0.0343 0.99941
vn 0.0003 0.0006 1
vn 0.0003 0.0007 1
vn 0 0.0006 1
vn -0.0002 0.0004 1
vn -0.0001 0.0004 1
vn -0.0002 0.0002 1
vn -0.0001 0.0002 1
vn -0.0001 0.0001 1
vn 0.0001 0.0004 1
vn 0.0001 0.0005 1
vn 0 -0.033 0.99946
vn -0.38111 0.92453 -0.0027
vn 0.93705 0.34918 -0.0001
vn -0.403 0.9152 -0.0006
vn -0.40308 0.91516 -0.0007
vn 0.80719 0.59029 -0.0001
vn -0.654 0.7565 -0.0018
vn -0.65368 0.75677 -0.0014
vn 0.57168 0.82047 -0.0001
vn -0.86152 0.50771 -0.0029
vn -0.8613 0.5081 -0.0026
vn -0.0007 -1 0.0002
vn 0.21261 0.97714 -0.0002
vn -0.99738 0.0723 -0.0016
vn -0.99739 0.0722 -0.0017
vn 0 -1 0.0002
vn 0.0002 1 -0.0002
vn -0.21721 -0.97613 0.0002
vn 0 1 -0.0002
vn 0.0002 -1 0.0002
vn -0.1079 0.99416 -0.0005
vn -0.10801 0.99415 -0.001
vn -0.10801 0.99415 -0.0009
vn 0.21261 -0.97714 0.0002
vn -0.99952 -0.031 0
vn 0.57168 -0.82047 0.0001
vn -0.99357 -0.1132 0
vn 0.80719 -0.59029 0.0001
vn -0.93967 -0.34209 0.0001
vn 0.93705 -0.34918 0.0001
vn -0.81361 -0.58141 0.0001
vn 0.99327 -0.1158 0
vn -0.58066 -0.81415 0.0001
vn -0.1601 -0.9871 -0.0019
vn -0.1599 -0.98713 -0.0019
vn 0 1 0
vn 0.7321 -0.6812 0
vn -0.737 0.6759 0
vn -0.73853 -0.67422 0
vn 0.7321 0.6812 0
vn 0 -1 0
vn 0.99898 -0.0319 -0.0319
vn 0.99898 -0.0319 -0.032
vn 0 0.99925 -0.0387
vn -0.80669 -0.58999 -0.034
vn 0.1045 0.99428 -0.0223
vn -0.93664 -0.34862 -0.0342
vn -0.0002 -0.98026 -0.19769
vn 0 -0.98016 -0.19819
vn 0 -0.25951 -0.96574
vn 0.0001 0.64358 -0.76538
vn 0.0248 0.87592 -0.48181
vn 0.0776 0.98805 -0.13321
vn 0.0001 0.97975 -0.20021
vn 0 -0.99928 -0.038
vn 0.37521 0.92692 0.0054
vn 0.99729 0.0706 -0.0206
vn 0.99726 0.071 -0.0209
vn 0.99723 0.0713 -0.0212
vn 0.0001 -0.99928 -0.038
vn 0 -0.99929 -0.0378
vn 0.86152 0.50771 -0.0039
vn -0.0001 0.9993 -0.0375
vn 0.6542 0.7563 0.0046
vn 0.6542 0.7563 0.0047
vn 0.40351 0.91492 0.01
vn 0.40339 0.91498 0.0099
vn -0.21121 0.97684 -0.0343
vn -0.5718 0.8197 -0.0336
vn -0.57163 0.81984 -0.0333
vn 0.0722 0.99674 0.036
vn 0.0723 0.99673 0.036
vn 0.0723 0.99673 0.0361
vn -0.8069 0.5897 -0.0342
vn -0.80698 0.58958 -0.0343
vn 0.21591 -0.97585 -0.0332
vn 0.21589 -0.97585 -0.0332
vn 0.21601 -0.97582 -0.0333
vn -0.93652 0.34891 -0.0347
vn 0.58069 -0.81348 -0.0324
vn 0.58069 -0.81348 -0.0325
vn -0.99272 0.115 -0.0359
vn -0.9927 0.1151 -0.0359
vn 0.81349 -0.5806 -0.0337
vn 0.81334 -0.58083 -0.0334
vn 0.93915 -0.34178 -0.0343
vn 0.93918 -0.34169 -0.0345
vn -0.99269 -0.1152 -0.036
vn -0.99271 -0.1151 -0.0357
vn 0.99302 -0.1124 -0.0358
vn 0.99301 -0.1125 -0.0357
vn 0.993 -0.1127 -0.0354
vn -0.99902 0.0318 -0.0309
vn -0.99903 0.0317 -0.0305
vn 0.57173 0.81994 -0.0288
vn 0.5711 0.8204 -0.0281
vn 0.80673 0.59022 -0.0287
vn -0.1148 -0.99302 -0.0272
vn -0.1148 -0.99301 -0.0273
vn 0 0.9798 0.2
vn -0.0002 0.97971 0.2004
vn -0.0261 -0.87589 0.4818
vn -0.026 -0.8759 0.4818
vn -0.0878 -0.98883 0.1204
vn -0.0877 -0.98884 0.12041
vn 0 -0.97932 0.2023
vn 0 -0.97934 0.20221
vn -0.0002 0.99949 -0.032
vn -0.38109 -0.92428 -0.0216
vn -0.38121 -0.92423 -0.0217
vn -0.38138 -0.92416 -0.0219
vn -0.3813 -0.9242 -0.0218
vn -0.99737 -0.066 -0.0298
vn -0.99739 -0.0657 -0.0299
vn -0.99739 -0.0657 -0.03
vn -0.99738 -0.0659 -0.0298
vn 0.0001 0.99948 -0.0324
vn 0.0002 0.99947 -0.0325
vn -0.0001 0.99951 -0.0313
vn -0.86118 -0.50759 -0.027
vn -0.86093 -0.50802 -0.0266
vn -0.65381 -0.75631 -0.0232
vn -0.65349 -0.75659 -0.023
vn -0.40259 -0.91518 -0.0192
vn -0.40251 -0.91522 -0.0191
vn -0.40271 -0.91512 -0.0193
vn 0.21199 -0.97686 -0.0283
vn 0.5711 -0.8204 -0.028
vn 0.0834 0.99603 -0.0312
vn 0.0835 0.99602 -0.0311
vn 0.0835 0.99602 -0.0312
vn 0.8069 -0.59 -0.0284
vn -0.21701 0.97573 -0.0292
vn -0.21691 0.97575 -0.0292
vn -0.21679 0.97578 -0.0293
vn -0.21689 0.97576 -0.0292
vn -0.5803 0.8139 -0.0285
vn -0.5803 0.8139 -0.0284
vn -0.81339 0.58099 -0.029
vn -0.81339 0.58099 -0.0291
vn -0.93922 0.34201 -0.0298
vn -0.99322 0.1122 -0.0304
vn -0.9932 0.1123 -0.0306
vn -0.99322 0.1122 -0.0305
vn 0.0002 0.0002 1
vn 0.0003 0.0003 1
vn 0.0002 0.0004 1
vn 0.0002 -0.033 0.99946
vn 0.0003 -0.0331 0.99945
vn -0.0001 0.0005 1
vn -0.0003 0.0004 1
vn -0.0004 0.0002 1
vn -0.0003 0.0001 1
vn -0.99951 -0.0118 0.0289
vn -0.99951 -0.0119 0.0289
vn -0.99488 0.0341 0.0951
vn 0.0162 0.0455 0.99883
vn 0.0161 0.0455 0.99883
vn -0.2173 0.9761 -0.0002
vn -0.58059 0.81419 -0.0001
vn -0.81361 0.58141 -0.0001
vn -0.93967 0.34209 -0.0001
vn -0.10889 -0.99405 -0.0006
vn -0.109 -0.99404 -0.0005
vn -0.109 -0.99404 -0.0004
vn -0.10889 -0.99405 -0.0007
vn -0.99357 0.1132 0
vn -0.3809 -0.92461 -0.0025
vn -0.99952 0.031 0
vn -0.99737 -0.0724 -0.0017
vn -0.99738 -0.0723 -0.0017
vn -0.99739 -0.0722 -0.0016
vn -0.86152 -0.50771 -0.0025
vn -0.86141 -0.50791 -0.0026
vn -0.65389 -0.75659 -0.0016
vn -0.65368 -0.75677 -0.0018
vn -0.403 -0.9152 -0.0006
vn -0.40288 -0.91525 -0.0007
vn -0.235 -0.972 0.0002
vn -0.23519 -0.97195 0.0002
vn 0 -0.0002 -1
vn 0.0001 -0.0002 -1
vn -0.0001 -0.0002 -1
vn 0.0004 -0.0002 -1
vn 0.0001 -0.0005 -1
vn -0.0005 -0.0003 -1
vn 0.0001 0 -1
vn 0.0003 -0.0003 -1
vn 0 -0.0004 -1
vn 0 0.0002 1
vn 0.0001 0.0002 1
vn 0 0.0001 1
vn 0 0.0003 1
vn 0.0004 0.0002 1
vn 0.0005 -0.0003 -1
vn 0.0002 0 -1
vn -0.0002 -0.0002 -1
vn 0 -0.0001 -1
vn 0.0003 0.0001 1
vt 0.39318 0.37419
vt 0.39318 0.36978
vt 0.39378 0.36978
vt 0.39382 0.37076
vt 0.39383 0.37076
vt 0.39525 0.37159
vt 0.39672 0.36978
vt 0.39731 0.36978
vt 0.39666 0.37076
vt 0.39668 0.37076
vt 0.39731 0.37419
vt 0.39382 0.37419
vt 0.39519 0.37247
vt 0.3953 0.37247
vt 0.39668 0.37419
vt 0.38811 0.37419
vt 0.38811 0.36978
vt 0.3887 0.36978
vt 0.38874 0.37076
vt 0.38876 0.37076
vt 0.39017 0.37159
vt 0.39165 0.36978
vt 0.39224 0.36978
vt 0.39159 0.37076
vt 0.3916 0.37076
vt 0.39224 0.37419
vt 0.38874 0.37419
vt 0.39012 0.37247
vt 0.39022 0.37247
vt 0.3916 0.37419
vt 0.39395 0.37869
vt 0.39395 0.36714
vt 0.39552 0.36714
vt 0.39562 0.3697
vt 0.39565 0.3697
vt 0.39936 0.37188
vt 0.40322 0.36714
vt 0.40477 0.36714
vt 0.40307 0.3697
vt 0.4031 0.3697
vt 0.40477 0.37869
vt 0.39562 0.37869
vt 0.39923 0.37417
vt 0.3995 0.37417
vt 0.4031 0.37869
vt 0.38067 0.37869
vt 0.38067 0.36714
vt 0.38223 0.36714
vt 0.38234 0.3697
vt 0.38237 0.3697
vt 0.38608 0.37188
vt 0.38994 0.36714
vt 0.39149 0.36714
vt 0.38979 0.3697
vt 0.38982 0.3697
vt 0.39149 0.37869
vt 0.38234 0.37869
vt 0.38594 0.37417
vt 0.38621 0.37417
vt 0.38982 0.37869
vt 0.62552 0.41549
vt 0.62735 0.41549
vt 0.62736 0.41509
vt 0.62552 0.41509
vt 0.62013 0.41549
vt 0.62049 0.41549
vt 0.62048 0.41509
vt 0.62012 0.41509
vt 0.62657 0.41549
vt 0.62525 0.41549
vt 0.62525 0.41509
vt 0.62657 0.41509
vt 0.62472 0.41549
vt 0.62432 0.41549
vt 0.62431 0.41509
vt 0.62471 0.41509
vt 0.62788 0.41549
vt 0.62788 0.41509
vt 0.62522 0.41549
vt 0.62522 0.41509
vt 0.62788 0.41549
vt 0.62657 0.41549
vt 0.62657 0.41591
vt 0.62788 0.41591
vt 0.62525 0.41549
vt 0.62525 0.41591
vt 0.62657 0.41631
vt 0.62788 0.41631
vt 0.62525 0.41631
vt 0.62788 0.41773
vt 0.62657 0.41773
vt 0.62657 0.41732
vt 0.62788 0.41732
vt 0.62525 0.41773
vt 0.62525 0.41732
vt 0.62657 0.41679
vt 0.62788 0.41679
vt 0.62525 0.41679
vt 0.62657 0.41616
vt 0.62788 0.41616
vt 0.62525 0.41616
vt 0.62657 0.41549
vt 0.62788 0.41549
vt 0.62525 0.41549
vt 0.62657 0.41482
vt 0.62788 0.41482
vt 0.62525 0.41482
vt 0.62657 0.4142
vt 0.62788 0.4142
vt 0.62525 0.4142
vt 0.62657 0.41367
vt 0.62788 0.41367
vt 0.62525 0.41367
vt 0.62657 0.41326
vt 0.62788 0.41326
vt 0.62525 0.41326
vt 0.62788 0.41631
vt 0.62657 0.41631
vt 0.62657 0.41592
vt 0.62788 0.41592
vt 0.62525 0.41631
vt 0.62525 0.41592
vt 0.62578 0.41509
vt 0.62522 0.41557
vt 0.62578 0.41557
vt 0.62657 0.41509
vt 0.62525 0.41509
vt 0.62089 0.41549
vt 0.62089 0.41509
vt 0.62827 0.41549
vt 0.62828 0.41509
vt 0.62792 0.41549
vt 0.62792 0.41509
vt 0.62788 0.41509
vt 0.62842 0.41549
vt 0.62842 0.41509
vt 0.62089 0.41549
vt 0.62089 0.41509
vt 0.62881 0.41549
vt 0.62882 0.41509
vt 0.62862 0.41549
vt 0.62863 0.41509
vt 0.62049 0.41549
vt 0.62048 0.41509
vt 0.62013 0.41549
vt 0.62012 0.41509
vt 0.62788 0.41549
vt 0.62788 0.41509
vt 0.62881 0.41549
vt 0.62842 0.41549
vt 0.62842 0.41509
vt 0.62882 0.41509
vt 0.62792 0.41549
vt 0.62792 0.41509
vt 0.62735 0.41549
vt 0.62438 0.41549
vt 0.62469 0.41549
vt 0.62469 0.41509
vt 0.62438 0.41509
vt 0.62578 0.41549
vt 0.62508 0.41549
vt 0.62509 0.41509
vt 0.62551 0.41549
vt 0.62551 0.41502
vt 0.62736 0.41502
vt 0.62736 0.41549
vt 0.62005 0.41549
vt 0.62006 0.41502
vt 0.62045 0.41502
vt 0.62044 0.41549
vt 0.62657 0.4155
vt 0.62657 0.41502
vt 0.62525 0.41502
vt 0.62525 0.4155
vt 0.62467 0.41549
vt 0.62467 0.41502
vt 0.62426 0.41502
vt 0.62425 0.41549
vt 0.62789 0.4155
vt 0.62789 0.41502
vt 0.62519 0.41549
vt 0.6252 0.41502
vt 0.62788 0.4155
vt 0.62788 0.41595
vt 0.62657 0.41595
vt 0.62657 0.4155
vt 0.62525 0.41595
vt 0.62525 0.4155
vt 0.62788 0.41638
vt 0.62657 0.41638
vt 0.62525 0.41638
vt 0.62788 0.4178
vt 0.62788 0.41738
vt 0.62657 0.41738
vt 0.62657 0.4178
vt 0.62525 0.41738
vt 0.62525 0.4178
vt 0.62788 0.41682
vt 0.62657 0.41682
vt 0.62525 0.41682
vt 0.62788 0.41618
vt 0.62657 0.41618
vt 0.62525 0.41618
vt 0.62788 0.41549
vt 0.62657 0.41549
vt 0.62525 0.41549
vt 0.62788 0.41481
vt 0.62657 0.41481
vt 0.62525 0.41481
vt 0.62788 0.41416
vt 0.62657 0.41416
vt 0.62525 0.41416
vt 0.62788 0.41361
vt 0.62657 0.41361
vt 0.62525 0.41361
vt 0.62788 0.41318
vt 0.62657 0.41318
vt 0.62525 0.41318
vt 0.62788 0.41638
vt 0.62788 0.41595
vt 0.62657 0.41595
vt 0.62657 0.41638
vt 0.62525 0.41595
vt 0.62525 0.41638
vt 0.62525 0.41502
vt 0.62657 0.41502
vt 0.62088 0.41502
vt 0.62088 0.41549
vt 0.62831 0.41549
vt 0.62831 0.41502
vt 0.62794 0.41502
vt 0.62794 0.41549
vt 0.62788 0.41502
vt 0.62846 0.41502
vt 0.62847 0.41549
vt 0.62088 0.41502
vt 0.62088 0.41549
vt 0.62888 0.41502
vt 0.62889 0.41549
vt 0.6287 0.41549
vt 0.62869 0.41502
vt 0.62045 0.41502
vt 0.62044 0.41549
vt 0.62006 0.41502
vt 0.62005 0.41549
vt 0.62789 0.41502
vt 0.62789 0.41549
vt 0.62889 0.41549
vt 0.62888 0.41502
vt 0.62846 0.41502
vt 0.62847 0.41549
vt 0.62794 0.41502
vt 0.62794 0.41549
vt 0.62736 0.41549
vt 0.62433 0.41549
vt 0.62433 0.41502
vt 0.62466 0.41502
vt 0.62465 0.41549
vt 0.62577 0.41502
vt 0.62577 0.41549
vt 0.62506 0.41502
vt 0.62506 0.41549
vt 0.62915 0.41471
vt 0.62915 0.41654
vt 0.62925 0.41654
vt 0.62925 0.4147
vt 0.62909 0.41415
vt 0.62919 0.41413
vt 0.6289 0.41365
vt 0.629 0.4136
vt 0.62862 0.41326
vt 0.6287 0.41318
vt 0.62827 0.41301
vt 0.62831 0.41291
vt 0.62788 0.41793
vt 0.62788 0.41793
vt 0.62788 0.41801
vt 0.62789 0.41801
vt 0.62827 0.41786
vt 0.62831 0.41794
vt 0.62862 0.41767
vt 0.6287 0.41772
vt 0.6289 0.41736
vt 0.629 0.4174
vt 0.62909 0.41697
vt 0.62919 0.41699
vt 0.62412 0.41549
vt 0.62415 0.41591
vt 0.62405 0.41595
vt 0.62404 0.4155
vt 0.62407 0.41591
vt 0.62398 0.41549
vt 0.62388 0.4155
vt 0.62397 0.41595
vt 0.62432 0.41631
vt 0.62424 0.41638
vt 0.62432 0.41631
vt 0.62473 0.41665
vt 0.62467 0.41674
vt 0.62527 0.41691
vt 0.62523 0.41701
vt 0.62589 0.41708
vt 0.62587 0.41718
vt 0.62656 0.41714
vt 0.62656 0.41724
vt 0.62724 0.41708
vt 0.62726 0.41719
vt 0.62786 0.41692
vt 0.6279 0.41701
vt 0.6284 0.41665
vt 0.62846 0.41674
vt 0.62881 0.41631
vt 0.62889 0.41638
vt 0.62906 0.41592
vt 0.62916 0.41595
vt 0.62915 0.41549
vt 0.62925 0.4155
vt 0.62788 0.41292
vt 0.62789 0.41282
vt 0.62915 0.41549
vt 0.62925 0.4155
vt 0.62089 0.41292
vt 0.62525 0.41292
vt 0.62525 0.41282
vt 0.62088 0.41282
vt 0.62049 0.41301
vt 0.62044 0.41291
vt 0.62013 0.41326
vt 0.62005 0.41318
vt 0.61984 0.41365
vt 0.61974 0.4136
vt 0.61965 0.41415
vt 0.61955 0.41413
vt 0.61959 0.41471
vt 0.61948 0.4147
vt 0.61959 0.41628
vt 0.61948 0.41628
vt 0.61965 0.41683
vt 0.61955 0.41686
vt 0.61984 0.41733
vt 0.61974 0.41738
vt 0.62013 0.41773
vt 0.62005 0.4178
vt 0.62049 0.41798
vt 0.62044 0.41807
vt 0.62089 0.41806
vt 0.62088 0.41817
vt 0.62525 0.41806
vt 0.62525 0.41817
vt 0.62828 0.41557
vt 0.62788 0.41557
vt 0.62471 0.41557
vt 0.62863 0.41557
vt 0.62431 0.41557
vt 0.62469 0.41557
vt 0.62438 0.41557
vt 0.62048 0.41557
vt 0.62012 0.41557
vt 0.62509 0.41557
vt 0.62657 0.41558
vt 0.62788 0.41558
vt 0.62089 0.41557
vt 0.62552 0.41557
vt 0.62525 0.41558
vt 0.62525 0.41558
vt 0.62657 0.41558
vt 0.62089 0.41557
vt 0.62788 0.41558
vt 0.62048 0.41557
vt 0.62736 0.41557
vt 0.62012 0.41557
vt 0.62792 0.41557
vt 0.62842 0.41557
vt 0.62882 0.41557
vt 0.62842 0.41557
vt 0.62792 0.41557
vt 0.62882 0.41557
vt 0.62736 0.41557
vt 0.38811 0.37141
vt 0.38874 0.37141
vt 0.38874 0.37131
vt 0.38811 0.37131
vt 0.39382 0.37141
vt 0.39383 0.37141
vt 0.39383 0.37131
vt 0.39382 0.37131
vt 0.38876 0.37141
vt 0.38876 0.37131
vt 0.38991 0.37141
vt 0.39336 0.37141
vt 0.39336 0.37131
vt 0.38991 0.37131
vt 0.39165 0.37141
vt 0.39165 0.37131
vt 0.39252 0.37141
vt 0.39434 0.37141
vt 0.39434 0.37131
vt 0.39252 0.37131
vt 0.39731 0.37141
vt 0.39672 0.37141
vt 0.39672 0.37131
vt 0.39731 0.37131
vt 0.39224 0.37141
vt 0.39224 0.37131
vt 0.39668 0.37141
vt 0.39668 0.37131
vt 0.3916 0.37141
vt 0.3916 0.37131
vt 0.39519 0.37141
vt 0.3953 0.37141
vt 0.3953 0.37131
vt 0.39519 0.37131
vt 0.39012 0.37141
vt 0.39022 0.37141
vt 0.39022 0.37131
vt 0.39012 0.37131
vt 0.39666 0.37141
vt 0.39666 0.37131
vt 0.39159 0.37141
vt 0.39159 0.37131
vt 0.39378 0.37141
vt 0.39318 0.37141
vt 0.39318 0.37131
vt 0.39378 0.37131
vt 0.3887 0.37141
vt 0.3887 0.37131
vt 0.62513 0.41549
vt 0.62849 0.41549
vt 0.62848 0.41476
vt 0.62513 0.41476
vt 0.61479 0.41549
vt 0.61545 0.41549
vt 0.61544 0.41476
vt 0.61477 0.41476
vt 0.62657 0.41549
vt 0.62416 0.41549
vt 0.62416 0.41477
vt 0.62657 0.41477
vt 0.62319 0.41549
vt 0.62246 0.41549
vt 0.62245 0.41476
vt 0.62317 0.41476
vt 0.62897 0.41549
vt 0.62897 0.41476
vt 0.6241 0.41549
vt 0.6241 0.41476
vt 0.62898 0.41549
vt 0.62657 0.41548
vt 0.62657 0.41626
vt 0.62898 0.41626
vt 0.62416 0.41549
vt 0.62416 0.41626
vt 0.62657 0.41698
vt 0.62898 0.41698
vt 0.62416 0.41698
vt 0.62898 0.41958
vt 0.62657 0.41958
vt 0.62657 0.41883
vt 0.62898 0.41883
vt 0.62416 0.41958
vt 0.62416 0.41883
vt 0.62657 0.41786
vt 0.62898 0.41786
vt 0.62416 0.41786
vt 0.62657 0.41672
vt 0.62898 0.41672
vt 0.62416 0.41672
vt 0.62657 0.4155
vt 0.62898 0.4155
vt 0.62416 0.4155
vt 0.62657 0.41427
vt 0.62898 0.41427
vt 0.62416 0.41427
vt 0.62657 0.41313
vt 0.62898 0.41313
vt 0.62416 0.41313
vt 0.62657 0.41216
vt 0.62898 0.41216
vt 0.62416 0.41216
vt 0.62657 0.41141
vt 0.62898 0.41141
vt 0.62416 0.41141
vt 0.62898 0.41699
vt 0.62657 0.41699
vt 0.62657 0.41627
vt 0.62898 0.41627
vt 0.62416 0.41699
vt 0.62416 0.41627
vt 0.62513 0.41476
vt 0.6241 0.41564
vt 0.62513 0.41564
vt 0.62657 0.41476
vt 0.62416 0.41476
vt 0.61618 0.41549
vt 0.61618 0.41476
vt 0.62968 0.41549
vt 0.62969 0.41476
vt 0.62928 0.41549
vt 0.62928 0.41476
vt 0.62898 0.41476
vt 0.63 0.41549
vt 0.62999 0.41476
vt 0.61618 0.41549
vt 0.61618 0.41476
vt 0.63056 0.41549
vt 0.63056 0.41476
vt 0.63032 0.41549
vt 0.63034 0.41476
vt 0.61545 0.41549
vt 0.61544 0.41476
vt 0.61479 0.41549
vt 0.61477 0.41476
vt 0.62897 0.41549
vt 0.62897 0.41476
vt 0.63067 0.41549
vt 0.62995 0.41549
vt 0.62996 0.41476
vt 0.63069 0.41476
vt 0.62968 0.41549
vt 0.62969 0.41476
vt 0.62903 0.41549
vt 0.62904 0.41476
vt 0.63032 0.41549
vt 0.63034 0.41476
vt 0.62801 0.41549
vt 0.62801 0.41476
vt 0.62246 0.41549
vt 0.62318 0.41549
vt 0.62317 0.41476
vt 0.62244 0.41476
vt 0.62513 0.41549
vt 0.6241 0.41549
vt 0.6241 0.41476
vt 0.62512 0.41549
vt 0.62512 0.41463
vt 0.6285 0.41463
vt 0.6285 0.41549
vt 0.61466 0.41549
vt 0.61467 0.41463
vt 0.61538 0.41463
vt 0.61537 0.41549
vt 0.62657 0.41551
vt 0.62657 0.41463
vt 0.62416 0.41463
vt 0.62416 0.4155
vt 0.62309 0.41549
vt 0.62311 0.41463
vt 0.62234 0.41463
vt 0.62232 0.41549
vt 0.62898 0.4155
vt 0.62898 0.41463
vt 0.62406 0.41549
vt 0.62406 0.41463
vt 0.62898 0.4155
vt 0.62898 0.41633
vt 0.62657 0.41633
vt 0.62657 0.4155
vt 0.62416 0.41633
vt 0.62416 0.4155
vt 0.62898 0.41711
vt 0.62657 0.41711
vt 0.62416 0.41711
vt 0.62898 0.41972
vt 0.62898 0.41894
vt 0.62657 0.41894
vt 0.62657 0.41972
vt 0.62416 0.41894
vt 0.62416 0.41972
vt 0.62898 0.41793
vt 0.62657 0.41793
vt 0.62416 0.41793
vt 0.62898 0.41675
vt 0.62657 0.41675
vt 0.62416 0.41675
vt 0.62898 0.4155
vt 0.62657 0.4155
vt 0.62416 0.4155
vt 0.62898 0.41424
vt 0.62657 0.41424
vt 0.62416 0.41424
vt 0.62898 0.41307
vt 0.62657 0.41307
vt 0.62416 0.41307
vt 0.62898 0.41205
vt 0.62657 0.41205
vt 0.62416 0.41205
vt 0.62898 0.41127
vt 0.62657 0.41127
vt 0.62416 0.41127
vt 0.62898 0.41711
vt 0.62898 0.41634
vt 0.62657 0.41634
vt 0.62657 0.41711
vt 0.62416 0.41634
vt 0.62416 0.41711
vt 0.62416 0.41463
vt 0.62657 0.41463
vt 0.61616 0.41463
vt 0.61616 0.41549
vt 0.62976 0.41549
vt 0.62975 0.41463
vt 0.62931 0.41463
vt 0.62932 0.41549
vt 0.62898 0.41463
vt 0.63006 0.41463
vt 0.63007 0.41549
vt 0.61616 0.41463
vt 0.61616 0.41549
vt 0.63065 0.41463
vt 0.63066 0.41549
vt 0.63046 0.41549
vt 0.63044 0.41463
vt 0.61538 0.41463
vt 0.61537 0.41549
vt 0.61467 0.41463
vt 0.61466 0.41549
vt 0.62898 0.41463
vt 0.62899 0.41549
vt 0.63081 0.41549
vt 0.63079 0.41463
vt 0.63003 0.41463
vt 0.63004 0.41549
vt 0.62976 0.41549
vt 0.62907 0.41463
vt 0.62908 0.41549
vt 0.63046 0.41549
vt 0.62802 0.41463
vt 0.62802 0.41549
vt 0.62233 0.41549
vt 0.62234 0.41463
vt 0.62311 0.41463
vt 0.62309 0.41549
vt 0.62512 0.41463
vt 0.62512 0.41549
vt 0.62406 0.41463
vt 0.62406 0.41549
vt 0.63129 0.41358
vt 0.63129 0.41693
vt 0.63148 0.41694
vt 0.63148 0.41357
vt 0.63117 0.41279
vt 0.63136 0.41275
vt 0.63084 0.41208
vt 0.63101 0.41201
vt 0.63032 0.41152
vt 0.63046 0.41141
vt 0.62968 0.41116
vt 0.62976 0.41103
vt 0.62897 0.42019
vt 0.62898 0.42019
vt 0.62898 0.42039
vt 0.62899 0.42039
vt 0.62968 0.42004
vt 0.62976 0.42021
vt 0.63032 0.41958
vt 0.63046 0.41972
vt 0.63084 0.41886
vt 0.63101 0.41895
vt 0.63117 0.41795
vt 0.63136 0.41799
vt 0.62185 0.41549
vt 0.622 0.41626
vt 0.62182 0.41633
vt 0.62165 0.4155
vt 0.62247 0.41698
vt 0.62232 0.41711
vt 0.62321 0.41761
vt 0.62311 0.41777
vt 0.62419 0.41809
vt 0.62412 0.41827
vt 0.62533 0.4184
vt 0.6253 0.41859
vt 0.62656 0.4185
vt 0.62656 0.41869
vt 0.62779 0.4184
vt 0.62782 0.41859
vt 0.62894 0.41809
vt 0.629 0.41827
vt 0.62992 0.41761
vt 0.63002 0.41777
vt 0.63066 0.41699
vt 0.63081 0.41711
vt 0.63066 0.41699
vt 0.63099 0.41627
vt 0.63116 0.41634
vt 0.63113 0.41627
vt 0.63131 0.41634
vt 0.63104 0.41549
vt 0.63119 0.4155
vt 0.62897 0.41104
vt 0.62898 0.41089
vt 0.63129 0.41549
vt 0.63148 0.4155
vt 0.61618 0.41079
vt 0.62416 0.41079
vt 0.62416 0.4106
vt 0.61616 0.4106
vt 0.61545 0.41095
vt 0.61537 0.41077
vt 0.61479 0.4114
vt 0.61466 0.41127
vt 0.61426 0.41212
vt 0.61409 0.41203
vt 0.61392 0.41304
vt 0.61373 0.41299
vt 0.6138 0.41406
vt 0.61361 0.41405
vt 0.6138 0.41693
vt 0.61361 0.41694
vt 0.61392 0.41795
vt 0.61373 0.41799
vt 0.61426 0.41886
vt 0.61409 0.41895
vt 0.61479 0.41958
vt 0.61466 0.41972
vt 0.61545 0.42004
vt 0.61537 0.42021
vt 0.61618 0.42019
vt 0.61616 0.42039
vt 0.62416 0.42019
vt 0.62416 0.42039
vt 0.62969 0.41564
vt 0.62897 0.41564
vt 0.62317 0.41564
vt 0.63034 0.41564
vt 0.62244 0.41564
vt 0.62317 0.41564
vt 0.62244 0.41564
vt 0.61544 0.41564
vt 0.61477 0.41564
vt 0.6241 0.41564
vt 0.62657 0.41565
vt 0.62897 0.41564
vt 0.61618 0.41564
vt 0.62513 0.41564
vt 0.62416 0.41565
vt 0.62416 0.41564
vt 0.62657 0.41564
vt 0.61618 0.41564
vt 0.62898 0.41564
vt 0.61544 0.41564
vt 0.62848 0.41564
vt 0.61477 0.41564
vt 0.62928 0.41564
vt 0.62996 0.41564
vt 0.63069 0.41564
vt 0.62999 0.41564
vt 0.62904 0.41564
vt 0.63056 0.41564
vt 0.62801 0.41564
vt 0.63034 0.41564
vt 0.38067 0.37141
vt 0.38234 0.37141
vt 0.38234 0.37113
vt 0.38067 0.37113
vt 0.39562 0.37141
vt 0.39565 0.37141
vt 0.39565 0.37113
vt 0.39562 0.37113
vt 0.38237 0.37141
vt 0.38237 0.37113
vt 0.3854 0.37141
vt 0.39443 0.37141
vt 0.39443 0.37113
vt 0.3854 0.37113
vt 0.38994 0.37141
vt 0.38994 0.37113
vt 0.39223 0.37141
vt 0.397 0.37141
vt 0.397 0.37113
vt 0.39223 0.37113
vt 0.40477 0.37141
vt 0.40322 0.37141
vt 0.40322 0.37113
vt 0.40477 0.37113
vt 0.39149 0.37141
vt 0.38994 0.37141
vt 0.38994 0.37113
vt 0.39149 0.37113
vt 0.4031 0.37141
vt 0.4031 0.37113
vt 0.38982 0.37141
vt 0.38982 0.37113
vt 0.39923 0.37141
vt 0.3995 0.37141
vt 0.3995 0.37113
vt 0.39923 0.37113
vt 0.38594 0.37141
vt 0.38621 0.37141
vt 0.38621 0.37113
vt 0.38594 0.37113
vt 0.40307 0.37141
vt 0.40307 0.37113
vt 0.38979 0.37141
vt 0.38979 0.37113
vt 0.39552 0.37141
vt 0.39395 0.37141
vt 0.39395 0.37113
vt 0.39552 0.37113
vt 0.38223 0.37141
vt 0.38223 0.37113
vt 0.62917 0.41699
vt 0.62924 0.4147
vt 0.62924 0.41654
vt 0.62898 0.41739
vt 0.62917 0.41413
vt 0.62898 0.41361
vt 0.62869 0.41772
vt 0.62869 0.41319
vt 0.62831 0.41793
vt 0.62831 0.41292
vt 0.62789 0.418
vt 0.62789 0.41283
vt 0.62788 0.418
vt 0.62657 0.41815
vt 0.62657 0.41283
vt 0.62525 0.41815
vt 0.62525 0.41283
vt 0.62088 0.41815
vt 0.62088 0.41283
vt 0.62045 0.41806
vt 0.62045 0.41292
vt 0.62006 0.41779
vt 0.62006 0.41319
vt 0.61976 0.41738
vt 0.61976 0.41361
vt 0.61956 0.41686
vt 0.61956 0.41413
vt 0.61949 0.41628
vt 0.61949 0.4147
vt 0.62916 0.41471
vt 0.6291 0.41697
vt 0.62916 0.41653
vt 0.62892 0.41736
vt 0.6291 0.41415
vt 0.62892 0.41364
vt 0.62863 0.41767
vt 0.62863 0.41325
vt 0.62828 0.41786
vt 0.62828 0.41299
vt 0.62788 0.41793
vt 0.62788 0.41291
vt 0.62657 0.41808
vt 0.62788 0.41793
vt 0.62657 0.4129
vt 0.62525 0.4129
vt 0.62525 0.41808
vt 0.62089 0.41291
vt 0.62089 0.41808
vt 0.62048 0.41299
vt 0.62048 0.41799
vt 0.62012 0.41325
vt 0.62012 0.41774
vt 0.61982 0.41364
vt 0.61982 0.41734
vt 0.61964 0.41415
vt 0.61964 0.41684
vt 0.61957 0.41471
vt 0.61957 0.41628
vt 0.63145 0.41693
vt 0.63133 0.41276
vt 0.63145 0.41357
vt 0.63099 0.41202
vt 0.63133 0.41798
vt 0.63099 0.41894
vt 0.63044 0.41142
vt 0.63044 0.4197
vt 0.62975 0.41104
vt 0.62975 0.42019
vt 0.62898 0.41091
vt 0.62898 0.42036
vt 0.62657 0.41063
vt 0.62898 0.42036
vt 0.62657 0.42036
vt 0.62416 0.42036
vt 0.62416 0.41063
vt 0.61616 0.42036
vt 0.61616 0.41062
vt 0.61538 0.42019
vt 0.61538 0.41079
vt 0.61467 0.4197
vt 0.61467 0.41128
vt 0.61412 0.41894
vt 0.61412 0.41205
vt 0.61376 0.41799
vt 0.61376 0.413
vt 0.61364 0.41694
vt 0.61364 0.41405
vt 0.6312 0.41279
vt 0.63131 0.41693
vt 0.63131 0.41359
vt 0.63086 0.41208
vt 0.6312 0.41795
vt 0.63086 0.41887
vt 0.63034 0.41152
vt 0.63034 0.4196
vt 0.62969 0.41116
vt 0.62969 0.42006
vt 0.62897 0.41103
vt 0.62897 0.42022
vt 0.62657 0.41076
vt 0.62657 0.42022
vt 0.62898 0.42022
vt 0.62416 0.41076
vt 0.62416 0.42022
vt 0.61618 0.41076
vt 0.61618 0.42022
vt 0.61544 0.41092
vt 0.61544 0.42006
vt 0.61477 0.41139
vt 0.61477 0.4196
vt 0.61424 0.41211
vt 0.61424 0.41887
vt 0.6139 0.41303
vt 0.6139 0.41795
vt 0.61378 0.41406
vt 0.61378 0.41693
usemtl mat2
f 1545/490/1385 1546/491/1385 1547/492/1385
f 1545/490/1385 1547/492/1385 1548/493/1385
f 1548/493/1385 1547/492/1385 1549/494/1385
f 1549/494/1385 1547/492/1385 1550/495/1385
f 1550/495/1385 1551/496/1385 1552/497/1385
f 1550/495/1385 1552/497/1385 1553/498/1385
f 1553/498/1385 1552/497/1385 1554/499/1385
f 1554/499/1385 1552/497/1385 1555/500/1385
f 1545/490/1385 1548/493/1385 1556/501/1385
f 1557/502/1385 1549/494/1385 1550/495/1385
f 1550/495/1385 1553/498/1385 1558/503/1385
f 1559/504/1385 1554/499/1385 1555/500/1385
f 1557/502/1385 1550/495/1385 1558/503/1385
f 1560/505/1385 1561/506/1385 1562/507/1385
f 1560/505/1385 1562/507/1385 1563/508/1385
f 1563/508/1385 1562/507/1385 1564/509/1385
f 1564/509/1385 1562/507/1385 1565/510/1385
f 1565/510/1385 1566/511/1385 1567/512/1385
f 1565/510/1385 1567/512/1385 1568/513/1385
f 1568/513/1385 1567/512/1385 1569/514/1385
f 1569/514/1385 1567/512/1385 1570/515/1385
f 1560/505/1385 1563/508/1385 1571/516/1385
f 1572/517/1385 1564/509/1385 1565/510/1385
f 1565/510/1385 1568/513/1385 1573/518/1385
f 1574/519/1385 1569/514/1385 1570/515/1385
f 1572/517/1385 1565/510/1385 1573/518/1385
f 1575/490/1386 1576/492/1386 1577/491/1386
f 1575/490/1386 1578/493/1386 1576/492/1386
f 1578/493/1386 1579/494/1386 1576/492/1386
f 1579/494/1386 1580/495/1386 1576/492/1386
f 1580/495/1386 1581/497/1386 1582/496/1386
f 1580/495/1386 1583/498/1386 1581/497/1386
f 1583/498/1386 1584/499/1386 1581/497/1386
f 1584/499/1386 1585/500/1386 1581/497/1386
f 1575/490/1386 1586/501/1386 1578/493/1386
f 1587/502/1386 1580/495/1386 1579/494/1386
f 1580/495/1386 1588/503/1386 1583/498/1386
f 1589/504/1386 1585/500/1386 1584/499/1386
f 1587/502/1386 1588/503/1386 1580/495/1386
f 1590/505/1386 1591/507/1386 1592/506/1386
f 1590/505/1386 1593/508/1386 1591/507/1386
f 1593/508/1386 1594/509/1386 1591/507/1386
f 1594/509/1386 1595/510/1386 1591/507/1386
f 1595/510/1386 1596/512/1386 1597/511/1386
f 1595/510/1386 1598/513/1386 1596/512/1386
f 1598/513/1386 1599/514/1386 1596/512/1386
f 1599/514/1386 1600/515/1386 1596/512/1386
f 1590/505/1386 1601/516/1386 1593/508/1386
f 1602/517/1386 1595/510/1386 1594/509/1386
f 1595/510/1386 1603/518/1386 1598/513/1386
f 1604/519/1386 1600/515/1386 1599/514/1386
f 1602/517/1386 1603/518/1386 1595/510/1386
f 1605/520/1385 1606/521/1385 1607/522/1385
f 1605/520/1385 1607/522/1385 1608/523/1385
f 1608/523/1385 1607/522/1385 1609/524/1385
f 1609/524/1385 1607/522/1385 1610/525/1385
f 1610/525/1385 1611/526/1385 1612/527/1385
f 1610/525/1385 1612/527/1385 1613/528/1385
f 1613/528/1385 1612/527/1385 1614/529/1385
f 1614/529/1385 1612/527/1385 1615/530/1385
f 1605/520/1385 1608/523/1385 1616/531/1385
f 1617/532/1385 1609/524/1385 1610/525/1385
f 1610/525/1385 1613/528/1385 1618/533/1385
f 1619/534/1385 1614/529/1385 1615/530/1385
f 1617/532/1385 1610/525/1385 1618/533/1385
f 1620/535/1385 1621/536/1385 1622/537/1385
f 1620/535/1385 1622/537/1385 1623/538/1385
f 1623/538/1385 1622/537/1385 1624/539/1385
f 1624/539/1385 1622/537/1385 1625/540/1385
f 1625/540/1385 1626/541/1385 1627/542/1385
f 1625/540/1385 1627/542/1385 1628/543/1385
f 1628/543/1385 1627/542/1385 1629/544/1385
f 1629/544/1385 1627/542/1385 1630/545/1385
f 1620/535/1385 1623/538/1385 1631/546/1385
f 1632/547/1385 1624/539/1385 1625/540/1385
f 1625/540/1385 1628/543/1385 1633/548/1385
f 1634/549/1385 1629/544/1385 1630/545/1385
f 1632/547/1385 1625/540/1385 1633/548/1385
f 1635/520/1386 1636/522/1386 1637/521/1386
f 1635/520/1386 1638/523/1386 1636/522/1386
f 1638/523/1386 1639/524/1386 1636/522/1386
f 1639/524/1386 1640/525/1386 1636/522/1386
f 1640/525/1386 1641/527/1386 1642/526/1386
f 1640/525/1386 1643/528/1386 1641/527/1386
f 1643/528/1386 1644/529/1386 1641/527/1386
f 1644/529/1386 1645/530/1386 1641/527/1386
f 1635/520/1386 1646/531/1386 1638/523/1386
f 1647/532/1386 1640/525/1386 1639/524/1386
f 1640/525/1386 1648/533/1386 1643/528/1386
f 1649/534/1386 1645/530/1386 1644/529/1386
f 1647/532/1386 1648/533/1386 1640/525/1386
f 1650/535/1386 1651/537/1386 1652/536/1386
f 1650/535/1386 1653/538/1386 1651/537/1386
f 1653/538/1386 1654/539/1386 1651/537/1386
f 1654/539/1386 1655/540/1386 1651/537/1386
f 1655/540/1386 1656/542/1386 1657/541/1386
f 1655/540/1386 1658/543/1386 1656/542/1386
f 1658/543/1386 1659/544/1386 1656/542/1386
f 1659/544/1386 1660/545/1386 1656/542/1386
f 1650/535/1386 1661/546/1386 1653/538/1386
f 1662/547/1386 1655/540/1386 1654/539/1386
f 1655/540/1386 1663/548/1386 1658/543/1386
f 1664/549/1386 1660/545/1386 1659/544/1386
f 1662/547/1386 1663/548/1386 1655/540/1386
f 1665/550/1387 1666/551/1387 1667/552/1388
f 1665/550/1387 1667/552/1388 1668/553/1387
f 1669/554/1389 1670/555/1389 1671/556/1390
f 1669/554/1389 1671/556/1390 1672/557/1391
f 1673/558/1392 1674/559/1392 1675/560/1392
f 1673/558/1393 1675/560/1393 1676/561/1393
f 1677/562/1394 1678/563/1395 1679/564/1395
f 1677/562/1394 1679/564/1395 1680/565/1394
f 1681/566/1396 1673/558/1397 1676/561/1397
f 1681/566/1396 1676/561/1397 1682/567/1397
f 1683/568/1398 1677/562/1398 1680/565/1398
f 1683/568/1399 1680/565/1399 1684/569/1399
f 1685/570/1400 1686/571/1401 1687/572/1402
f 1685/570/1400 1687/572/1402 1688/573/1400
f 1686/571/1403 1689/574/1403 1690/575/1403
f 1686/571/1404 1690/575/1404 1687/572/1404
f 1688/573/1405 1687/572/1405 1691/576/1405
f 1688/573/1405 1691/576/1405 1692/577/1405
f 1687/572/1406 1690/575/1406 1693/578/1406
f 1687/572/1406 1693/578/1406 1691/576/1406
f 1694/579/1407 1695/580/1407 1696/581/1407
f 1694/579/1408 1696/581/1408 1697/582/1408
f 1695/580/1409 1698/583/1409 1699/584/1409
f 1695/580/1409 1699/584/1409 1696/581/1409
f 1697/582/1410 1696/581/1410 1700/585/1410
f 1697/582/1410 1700/585/1410 1701/586/1410
f 1696/581/1410 1699/584/1410 1702/587/1410
f 1696/581/1410 1702/587/1410 1700/585/1410
f 1701/586/1411 1700/585/1411 1703/588/1411
f 1701/586/1411 1703/588/1411 1704/589/1411
f 1700/585/1411 1702/587/1411 1705/590/1411
f 1700/585/1411 1705/590/1411 1703/588/1411
f 1704/589/1412 1703/588/1412 1706/591/1412
f 1704/589/1412 1706/591/1412 1707/592/1412
f 1703/588/1412 1705/590/1412 1708/593/1412
f 1703/588/1412 1708/593/1412 1706/591/1412
f 1707/592/1413 1706/591/1413 1709/594/1413
f 1707/592/1413 1709/594/1413 1710/595/1413
f 1706/591/1413 1708/593/1413 1711/596/1413
f 1706/591/1413 1711/596/1413 1709/594/1413
f 1710/595/1414 1709/594/1414 1712/597/1414
f 1710/595/1414 1712/597/1414 1713/598/1414
f 1709/594/1414 1711/596/1414 1714/599/1414
f 1709/594/1414 1714/599/1414 1712/597/1414
f 1713/598/1415 1712/597/1415 1715/600/1415
f 1713/598/1415 1715/600/1415 1716/601/1415
f 1712/597/1415 1714/599/1415 1717/602/1415
f 1712/597/1415 1717/602/1415 1715/600/1415
f 1716/601/1416 1715/600/1416 1718/603/1416
f 1716/601/1416 1718/603/1416 1719/604/1416
f 1715/600/1416 1717/602/1416 1720/605/1416
f 1715/600/1416 1720/605/1416 1718/603/1416
f 1721/606/1417 1722/607/1417 1723/608/1417
f 1721/606/1417 1723/608/1417 1724/609/1417
f 1722/607/1417 1725/610/1417 1726/611/1417
f 1722/607/1417 1726/611/1417 1723/608/1417
f 1724/609/1418 1723/608/1418 1673/558/1418
f 1724/609/1419 1673/558/1419 1681/566/1419
f 1723/608/1420 1726/611/1420 1674/559/1420
f 1723/608/1421 1674/559/1421 1673/558/1421
f 1727/612/1422 1684/569/1422 1728/613/1422
f 1727/612/1422 1728/613/1422 1729/614/1422
f 1689/574/1423 1686/571/1423 1730/615/1423
f 1689/574/1424 1730/615/1424 1731/616/1424
f 1670/555/1425 1732/617/1426 1733/618/1426
f 1670/555/1425 1733/618/1426 1671/556/1427
f 1734/619/1428 1681/566/1428 1682/567/1428
f 1734/619/1428 1682/567/1428 1735/620/1429
f 1666/551/1430 1736/621/1431 1737/622/1432
f 1666/551/1430 1737/622/1432 1667/552/1431
f 1686/571/1433 1685/570/1433 1738/623/1433
f 1686/571/1433 1738/623/1433 1730/615/1434
f 1732/617/1435 1689/574/1435 1731/616/1435
f 1732/617/1435 1731/616/1435 1733/618/1435
f 1736/621/1436 1739/624/1436 1740/625/1436
f 1736/621/1437 1740/625/1437 1737/622/1437
f 1674/559/1438 1741/626/1438 1742/627/1439
f 1674/559/1438 1742/627/1439 1675/560/1438
f 1739/624/1440 1743/628/1441 1744/629/1441
f 1739/624/1440 1744/629/1441 1740/625/1440
f 1745/630/1442 1734/619/1443 1735/620/1444
f 1745/630/1442 1735/620/1444 1746/631/1445
f 1741/626/1446 1747/632/1446 1748/633/1446
f 1741/626/1446 1748/633/1446 1742/627/1446
f 1747/632/1447 1749/634/1447 1750/635/1448
f 1747/632/1447 1750/635/1448 1748/633/1447
f 1685/570/1449 1751/636/1449 1752/637/1449
f 1685/570/1449 1752/637/1449 1738/623/1449
f 1753/638/1450 1754/639/1450 1755/640/1450
f 1753/638/1451 1755/640/1451 1756/641/1451
f 1751/636/1452 1757/619/1452 1758/620/1452
f 1751/636/1452 1758/620/1452 1752/637/1453
f 1754/639/1454 1759/642/1454 1760/643/1454
f 1754/639/1455 1760/643/1455 1755/640/1455
f 1757/619/1456 1761/630/1456 1762/631/1456
f 1757/619/1457 1762/631/1457 1758/620/1457
f 1759/642/1458 1763/644/1459 1764/552/1460
f 1759/642/1458 1764/552/1460 1760/643/1461
f 1765/645/1462 1766/646/1462 1767/647/1462
f 1765/645/1463 1767/647/1463 1768/648/1463
f 1763/644/1464 1769/649/1464 1727/612/1464
f 1763/644/1464 1727/612/1464 1764/552/1464
f 1766/646/1465 1770/650/1465 1771/651/1465
f 1766/646/1466 1771/651/1466 1767/647/1466
f 1769/649/1467 1683/568/1468 1684/569/1469
f 1769/649/1467 1684/569/1469 1727/612/1467
f 1770/650/1470 1665/550/1471 1668/553/1472
f 1770/650/1470 1668/553/1472 1771/651/1471
f 1772/652/1473 1773/653/1473 1774/654/1473
f 1772/652/1474 1774/654/1474 1775/655/1474
f 1776/656/1475 1777/657/1475 1778/658/1475
f 1776/656/1475 1778/658/1475 1779/659/1475
f 1780/660/1476 1781/661/1476 1782/662/1476
f 1780/660/1477 1782/662/1477 1783/663/1477
f 1784/664/1478 1785/665/1478 1786/666/1478
f 1784/664/1479 1786/666/1479 1787/667/1479
f 1788/668/1480 1789/669/1480 1781/661/1480
f 1788/668/1480 1781/661/1480 1780/660/1481
f 1790/670/1482 1791/671/1482 1785/665/1482
f 1790/670/1483 1785/665/1483 1784/664/1483
f 1792/672/1484 1793/673/1485 1794/674/1485
f 1792/672/1484 1794/674/1485 1795/675/1485
f 1795/675/1486 1794/674/1486 1796/676/1486
f 1795/675/1487 1796/676/1487 1797/677/1487
f 1793/673/1488 1798/678/1489 1799/679/1488
f 1793/673/1488 1799/679/1488 1794/674/1490
f 1794/674/1491 1799/679/1491 1800/680/1491
f 1794/674/1491 1800/680/1491 1796/676/1491
f 1801/681/1492 1802/682/1492 1803/683/1492
f 1801/681/1492 1803/683/1492 1804/684/1492
f 1804/684/1492 1803/683/1492 1805/685/1492
f 1804/684/1492 1805/685/1492 1806/686/1492
f 1802/682/1493 1807/687/1493 1808/688/1493
f 1802/682/1493 1808/688/1493 1803/683/1493
f 1803/683/1493 1808/688/1493 1809/689/1493
f 1803/683/1493 1809/689/1493 1805/685/1493
f 1807/687/1494 1810/690/1494 1811/691/1494
f 1807/687/1494 1811/691/1494 1808/688/1494
f 1808/688/1494 1811/691/1494 1812/692/1494
f 1808/688/1494 1812/692/1494 1809/689/1494
f 1810/690/1495 1813/693/1495 1814/694/1495
f 1810/690/1495 1814/694/1495 1811/691/1495
f 1811/691/1495 1814/694/1495 1815/695/1495
f 1811/691/1495 1815/695/1495 1812/692/1495
f 1813/693/1496 1816/696/1496 1817/697/1496
f 1813/693/1496 1817/697/1496 1814/694/1496
f 1814/694/1496 1817/697/1496 1818/698/1496
f 1814/694/1496 1818/698/1496 1815/695/1496
f 1816/696/1497 1819/699/1497 1820/700/1497
f 1816/696/1497 1820/700/1497 1817/697/1497
f 1817/697/1497 1820/700/1497 1821/701/1497
f 1817/697/1497 1821/701/1497 1818/698/1497
f 1819/699/1498 1822/702/1498 1823/703/1498
f 1819/699/1498 1823/703/1498 1820/700/1498
f 1820/700/1498 1823/703/1498 1824/704/1498
f 1820/700/1498 1824/704/1498 1821/701/1498
f 1822/702/1499 1825/705/1499 1826/706/1499
f 1822/702/1499 1826/706/1499 1823/703/1499
f 1823/703/1499 1826/706/1499 1827/707/1499
f 1823/703/1499 1827/707/1499 1824/704/1499
f 1828/708/1500 1829/709/1500 1830/710/1500
f 1828/708/1500 1830/710/1500 1831/711/1500
f 1831/711/1500 1830/710/1500 1832/712/1500
f 1831/711/1500 1832/712/1500 1833/713/1500
f 1829/709/1501 1788/668/1501 1780/660/1501
f 1829/709/1502 1780/660/1502 1830/710/1502
f 1830/710/1503 1780/660/1503 1783/663/1503
f 1830/710/1504 1783/663/1504 1832/712/1504
f 1797/677/1505 1834/714/1505 1835/715/1505
f 1797/677/1506 1835/715/1506 1795/675/1506
f 1779/659/1507 1778/658/1508 1836/716/1509
f 1779/659/1507 1836/716/1509 1837/717/1507
f 1838/718/1510 1839/719/1511 1789/669/1512
f 1838/718/1510 1789/669/1512 1788/668/1511
f 1775/655/1513 1774/654/1514 1840/720/1515
f 1775/655/1513 1840/720/1515 1841/721/1516
f 1795/675/1517 1835/715/1518 1842/722/1519
f 1795/675/1517 1842/722/1519 1792/672/1518
f 1837/717/1520 1836/716/1520 1834/714/1521
f 1837/717/1520 1834/714/1521 1797/677/1521
f 1841/721/1522 1840/720/1522 1843/723/1522
f 1841/721/1523 1843/723/1523 1844/724/1523
f 1783/663/1524 1782/662/1525 1845/725/1524
f 1783/663/1524 1845/725/1524 1846/726/1526
f 1844/724/1527 1843/723/1528 1847/727/1529
f 1844/724/1527 1847/727/1529 1848/728/1528
f 1849/729/1530 1850/730/1531 1839/719/1530
f 1849/729/1530 1839/719/1530 1838/718/1532
f 1846/726/1533 1845/725/1534 1851/731/1535
f 1846/726/1533 1851/731/1535 1852/732/1533
f 1852/732/1536 1851/731/1536 1853/733/1536
f 1852/732/1536 1853/733/1536 1854/734/1537
f 1792/672/1538 1842/722/1538 1855/735/1538
f 1792/672/1538 1855/735/1538 1856/736/1538
f 1857/737/1539 1858/738/1539 1859/739/1539
f 1857/737/1540 1859/739/1540 1860/740/1540
f 1856/736/1541 1855/735/1542 1861/719/1542
f 1856/736/1541 1861/719/1542 1862/718/1542
f 1860/740/1543 1859/739/1543 1863/741/1543
f 1860/740/1544 1863/741/1544 1864/742/1544
f 1862/718/1545 1861/719/1545 1865/730/1545
f 1862/718/1545 1865/730/1545 1866/729/1545
f 1864/742/1546 1863/741/1546 1867/654/1547
f 1864/742/1546 1867/654/1547 1868/743/1548
f 1869/744/1549 1870/745/1549 1871/746/1549
f 1869/744/1550 1871/746/1550 1872/747/1550
f 1868/743/1551 1867/654/1551 1873/748/1551
f 1868/743/1551 1873/748/1551 1874/749/1551
f 1872/747/1552 1871/746/1552 1875/750/1552
f 1872/747/1553 1875/750/1553 1876/751/1553
f 1874/749/1554 1873/748/1555 1791/671/1556
f 1874/749/1554 1791/671/1556 1790/670/1557
f 1876/751/1558 1875/750/1559 1773/653/1558
f 1876/751/1558 1773/653/1558 1772/652/1560
f 1877/752/1561 1878/753/1561 1879/754/1561
f 1877/752/1386 1879/754/1386 1880/755/1386
f 1881/756/1386 1877/752/1386 1880/755/1386
f 1881/756/1562 1880/755/1562 1882/757/1562
f 1883/758/1562 1881/756/1562 1882/757/1562
f 1883/758/1563 1882/757/1563 1884/759/1563
f 1885/760/1563 1883/758/1563 1884/759/1563
f 1885/760/1564 1884/759/1564 1886/761/1564
f 1887/762/1565 1885/760/1565 1886/761/1565
f 1887/762/1566 1886/761/1566 1888/763/1566
f 1889/764/1567 1890/765/1568 1891/766/1567
f 1889/764/1567 1891/766/1567 1892/767/1567
f 1893/768/1569 1889/764/1569 1892/767/1569
f 1893/768/1570 1892/767/1570 1894/769/1570
f 1895/770/1570 1893/768/1570 1894/769/1570
f 1895/770/1571 1894/769/1571 1896/771/1571
f 1897/772/1572 1895/770/1572 1896/771/1572
f 1897/772/1573 1896/771/1573 1898/773/1573
f 1899/774/1574 1897/772/1574 1898/773/1574
f 1899/774/1575 1898/773/1575 1900/775/1575
f 1878/753/1576 1899/774/1576 1900/775/1576
f 1878/753/1561 1900/775/1561 1879/754/1561
f 1901/776/1577 1902/777/1578 1903/778/1578
f 1901/776/1577 1903/778/1578 1904/779/1577
f 1905/780/1579 1906/781/1579 1907/782/1579
f 1905/780/1579 1907/782/1579 1908/783/1579
f 1902/777/1580 1909/784/1580 1910/785/1580
f 1902/777/1580 1910/785/1580 1903/778/1580
f 1911/786/1579 1905/780/1579 1908/783/1579
f 1911/786/1579 1908/783/1579 1912/785/1579
f 1909/784/1581 1913/787/1581 1914/788/1581
f 1909/784/1581 1914/788/1581 1910/785/1581
f 1915/787/1579 1911/786/1579 1912/785/1579
f 1915/787/1579 1912/785/1579 1916/788/1579
f 1913/787/1581 1917/789/1581 1918/790/1581
f 1913/787/1581 1918/790/1581 1914/788/1581
f 1919/789/1579 1915/787/1579 1916/788/1579
f 1919/789/1579 1916/788/1579 1920/790/1579
f 1917/789/1581 1921/791/1581 1922/792/1581
f 1917/789/1581 1922/792/1581 1918/790/1581
f 1923/791/1579 1919/789/1579 1920/790/1579
f 1923/791/1579 1920/790/1579 1924/792/1579
f 1921/791/1581 1925/793/1581 1926/794/1581
f 1921/791/1581 1926/794/1581 1922/792/1581
f 1927/793/1579 1923/791/1579 1924/792/1579
f 1927/793/1579 1924/792/1579 1928/794/1579
f 1925/793/1581 1929/795/1581 1930/796/1581
f 1925/793/1581 1930/796/1581 1926/794/1581
f 1931/795/1579 1927/793/1579 1928/794/1579
f 1931/795/1579 1928/794/1579 1932/796/1579
f 1929/795/1581 1933/797/1581 1934/798/1581
f 1929/795/1581 1934/798/1581 1930/796/1581
f 1935/797/1579 1931/795/1579 1932/796/1579
f 1935/797/1579 1932/796/1579 1936/798/1579
f 1933/797/1581 1937/799/1581 1938/800/1581
f 1933/797/1581 1938/800/1581 1934/798/1581
f 1939/799/1579 1935/797/1579 1936/798/1579
f 1939/799/1579 1936/798/1579 1940/800/1579
f 1937/799/1581 1941/801/1581 1942/802/1581
f 1937/799/1581 1942/802/1581 1938/800/1581
f 1943/801/1579 1939/799/1579 1940/800/1579
f 1943/801/1579 1940/800/1579 1944/802/1579
f 1941/801/1581 1945/803/1581 1946/804/1581
f 1941/801/1581 1946/804/1581 1942/802/1581
f 1947/803/1579 1943/801/1579 1944/802/1579
f 1947/803/1579 1944/802/1579 1948/804/1579
f 1945/803/1582 1949/805/1582 1950/806/1582
f 1945/803/1582 1950/806/1582 1946/804/1582
f 1951/807/1583 1887/762/1584 1888/763/1583
f 1951/807/1583 1888/763/1583 1952/808/1583
f 1953/809/1579 1947/803/1579 1948/804/1579
f 1953/809/1579 1948/804/1579 1954/810/1579
f 1955/811/1585 1956/812/1585 1957/813/1585
f 1955/811/1585 1957/813/1585 1958/814/1585
f 1959/815/1586 1955/811/1586 1958/814/1586
f 1959/815/1587 1958/814/1587 1960/816/1587
f 1961/817/1588 1959/815/1588 1960/816/1588
f 1961/817/1588 1960/816/1588 1962/818/1588
f 1963/819/1589 1961/817/1589 1962/818/1589
f 1963/819/1590 1962/818/1590 1964/820/1590
f 1965/821/1591 1963/819/1591 1964/820/1591
f 1965/821/1592 1964/820/1592 1966/822/1592
f 1967/823/1575 1965/821/1575 1966/822/1575
f 1967/823/1593 1966/822/1593 1968/824/1593
f 1969/825/1561 1967/823/1561 1968/824/1561
f 1969/825/1386 1968/824/1386 1970/826/1386
f 1971/827/1386 1969/825/1386 1970/826/1386
f 1971/827/1562 1970/826/1562 1972/828/1562
f 1973/829/1562 1971/827/1562 1972/828/1562
f 1973/829/1563 1972/828/1563 1974/830/1563
f 1975/831/1563 1973/829/1563 1974/830/1563
f 1975/831/1564 1974/830/1564 1976/832/1564
f 1977/833/1565 1975/831/1565 1976/832/1565
f 1977/833/1566 1976/832/1566 1978/834/1566
f 1979/835/1594 1977/833/1594 1978/834/1594
f 1979/835/1595 1978/834/1595 1980/836/1595
f 1981/837/1596 1979/835/1596 1980/836/1596
f 1981/837/1596 1980/836/1596 1982/838/1596
f 1752/637/1597 1758/620/1597 1983/839/1597
f 1752/637/1597 1983/839/1597 1984/840/1597
f 1684/569/1598 1680/565/1598 1985/841/1598
f 1684/569/1598 1985/841/1598 1728/613/1598
f 1758/620/1599 1762/631/1599 1986/842/1599
f 1758/620/1600 1986/842/1600 1983/839/1600
f 1680/565/1601 1679/564/1601 1987/843/1601
f 1680/565/1601 1987/843/1601 1985/841/1601
f 1768/648/1602 1767/647/1602 1988/844/1602
f 1768/648/1603 1988/844/1603 1989/845/1603
f 1672/557/1604 1671/556/1604 1990/846/1604
f 1672/557/1604 1990/846/1604 1991/847/1604
f 1767/647/1605 1771/651/1605 1992/848/1605
f 1767/647/1606 1992/848/1606 1988/844/1606
f 1682/567/1607 1676/561/1607 1993/849/1607
f 1682/567/1607 1993/849/1607 1994/850/1607
f 1671/556/1608 1733/618/1608 1995/851/1608
f 1671/556/1608 1995/851/1608 1990/846/1608
f 1771/651/1609 1668/553/1609 1996/852/1610
f 1771/651/1609 1996/852/1610 1992/848/1610
f 1676/561/1611 1675/560/1611 1997/853/1611
f 1676/561/1611 1997/853/1611 1993/849/1611
f 1733/618/1612 1731/616/1612 1998/854/1612
f 1733/618/1612 1998/854/1612 1995/851/1612
f 1735/620/1613 1682/567/1613 1994/850/1613
f 1735/620/1613 1994/850/1613 1999/839/1613
f 1731/616/1614 1730/615/1614 2000/855/1614
f 1731/616/1614 2000/855/1614 1998/854/1614
f 1675/560/1615 1742/627/1615 2001/856/1615
f 1675/560/1615 2001/856/1615 1997/853/1615
f 1730/615/1616 1738/623/1617 2002/857/1618
f 1730/615/1616 2002/857/1618 2000/855/1618
f 1742/627/1619 1748/633/1619 2003/858/1619
f 1742/627/1619 2003/858/1619 2001/856/1619
f 1668/553/1620 1667/552/1620 2004/859/1620
f 1668/553/1620 2004/859/1620 1996/852/1620
f 1748/633/1621 1750/635/1621 2005/860/1621
f 1748/633/1621 2005/860/1621 2003/858/1621
f 1667/552/1622 1737/622/1622 2006/861/1622
f 1667/552/1622 2006/861/1622 2004/859/1622
f 1756/641/1623 1755/640/1623 2007/862/1623
f 1756/641/1623 2007/862/1623 2008/863/1623
f 1737/622/1624 1740/625/1624 2009/864/1624
f 1737/622/1624 2009/864/1624 2006/861/1624
f 1755/640/1625 1760/643/1625 2010/865/1625
f 1755/640/1625 2010/865/1625 2007/862/1625
f 1740/625/1626 1744/629/1626 2011/866/1626
f 1740/625/1626 2011/866/1626 2009/864/1626
f 1760/643/1627 1764/552/1627 2012/867/1627
f 1760/643/1627 2012/867/1627 2010/865/1627
f 1746/631/1628 1735/620/1628 1999/839/1628
f 1746/631/1628 1999/839/1628 2013/842/1628
f 1764/552/1579 1727/612/1579 1729/614/1579
f 1764/552/1579 1729/614/1579 2012/867/1579
f 1738/623/1629 1752/637/1630 1984/840/1629
f 1738/623/1629 1984/840/1629 2002/857/1629
f 2014/868/1579 2015/869/1579 2016/870/1579
f 2014/868/1579 2016/870/1579 2017/871/1579
f 2018/872/1579 2019/873/1579 2020/874/1579
f 2018/872/1579 2020/874/1579 2021/875/1579
f 2022/869/1579 2023/876/1579 2024/877/1579
f 2022/869/1579 2024/877/1579 2025/870/1579
f 2026/878/1631 2027/879/1631 2028/880/1631
f 2026/878/1631 2028/880/1631 2029/881/1631
f 2030/878/1631 2031/879/1631 2032/880/1631
f 2030/878/1631 2032/880/1631 2033/881/1631
f 2034/879/1632 2035/882/1632 2036/883/1632
f 2034/879/1632 2036/883/1632 2037/880/1632
f 2038/879/1632 2039/882/1632 2040/883/1632
f 2038/879/1632 2040/883/1632 2041/880/1632
f 2042/884/1633 2043/885/1633 2044/886/1633
f 2042/884/1633 2044/886/1633 2045/887/1633
f 2046/884/1633 2047/885/1633 2048/886/1633
f 2046/884/1633 2048/886/1633 2049/887/1633
f 2050/885/1634 2042/884/1634 2045/887/1634
f 2050/885/1634 2045/887/1634 2051/886/1634
f 2052/885/1634 2046/884/1634 2049/887/1634
f 2052/885/1634 2049/887/1634 2053/886/1634
f 2054/882/1635 2055/879/1635 2056/880/1635
f 2054/882/1635 2056/880/1635 2057/883/1635
f 2058/882/1635 2059/879/1635 2060/880/1635
f 2058/882/1635 2060/880/1635 2061/883/1635
f 2062/879/1636 2063/878/1636 2064/881/1636
f 2062/879/1636 2064/881/1636 2065/880/1636
f 2066/879/1636 2067/878/1636 2068/881/1636
f 2066/879/1636 2068/881/1636 2069/880/1636
f 2070/888/1581 2071/889/1581 2072/890/1581
f 2070/888/1581 2072/890/1581 2073/891/1581
f 2074/892/1581 2075/882/1581 2076/883/1581
f 2074/892/1581 2076/883/1581 2077/893/1581
f 2078/894/1579 2079/888/1579 2080/891/1579
f 2078/894/1579 2080/891/1579 2081/895/1579
f 2082/896/1579 2083/892/1579 2084/893/1579
f 2082/896/1579 2084/893/1579 2085/897/1579
f 2086/898/1579 2087/899/1579 2088/900/1579
f 2086/898/1579 2088/900/1579 2089/901/1579
f 2090/902/1579 2091/903/1579 2092/904/1579
f 2090/902/1579 2092/904/1579 2093/905/1579
f 2094/885/1636 2095/878/1636 2096/881/1636
f 2094/885/1636 2096/881/1636 2097/886/1636
f 2098/885/1636 2099/878/1636 2100/881/1636
f 2098/885/1636 2100/881/1636 2101/886/1636
f 2102/906/1579 2103/894/1579 2104/895/1579
f 2102/906/1579 2104/895/1579 2105/907/1579
f 2106/908/1579 2107/896/1579 2108/897/1579
f 2106/908/1579 2108/897/1579 2109/909/1579
f 2110/910/1581 2111/911/1581 2112/912/1581
f 2110/910/1581 2112/912/1581 2113/913/1581
f 2114/914/1581 2115/868/1581 2116/871/1581
f 2114/914/1581 2116/871/1581 2117/915/1581
f 2118/878/1631 2119/885/1631 2120/886/1631
f 2118/878/1631 2120/886/1631 2121/881/1631
f 2122/878/1631 2123/885/1631 2124/886/1631
f 2122/878/1631 2124/886/1631 2125/881/1631
f 2126/911/1579 2127/872/1579 2128/875/1579
f 2126/911/1579 2128/875/1579 2129/912/1579
f 2130/916/1637 2131/917/1637 2132/918/1637
f 2130/916/1637 2132/918/1637 2133/919/1638
f 2134/920/1389 2135/921/1389 2136/922/1390
f 2134/920/1389 2136/922/1390 2137/923/1390
f 2138/924/1639 2139/925/1639 2140/926/1639
f 2138/924/1393 2140/926/1393 2141/927/1393
f 2142/928/1395 2143/929/1395 2144/930/1395
f 2142/928/1640 2144/930/1640 2145/931/1640
f 2146/932/1641 2138/924/1641 2141/927/1641
f 2146/932/1641 2141/927/1641 2147/933/1641
f 2148/934/1642 2142/928/1642 2145/931/1642
f 2148/934/1399 2145/931/1399 2149/935/1399
f 2150/936/1643 2151/937/1643 2152/938/1643
f 2150/936/1644 2152/938/1644 2153/939/1644
f 2151/937/1403 2154/940/1403 2155/941/1403
f 2151/937/1404 2155/941/1404 2152/938/1404
f 2153/939/1406 2152/938/1406 2156/942/1406
f 2153/939/1406 2156/942/1406 2157/943/1406
f 2152/938/1406 2155/941/1406 2158/944/1406
f 2152/938/1406 2158/944/1406 2156/942/1406
f 2159/945/1409 2160/946/1409 2161/947/1409
f 2159/945/1409 2161/947/1409 2162/948/1409
f 2160/946/1409 2163/949/1409 2164/950/1409
f 2160/946/1409 2164/950/1409 2161/947/1409
f 2162/948/1410 2161/947/1410 2165/951/1410
f 2162/948/1410 2165/951/1410 2166/952/1410
f 2161/947/1410 2164/950/1410 2167/953/1410
f 2161/947/1410 2167/953/1410 2165/951/1410
f 2166/952/1411 2165/951/1411 2168/954/1411
f 2166/952/1411 2168/954/1411 2169/955/1411
f 2165/951/1411 2167/953/1411 2170/956/1411
f 2165/951/1645 2170/956/1645 2168/954/1645
f 2169/955/1412 2168/954/1412 2171/957/1412
f 2169/955/1412 2171/957/1412 2172/958/1412
f 2168/954/1412 2170/956/1412 2173/959/1412
f 2168/954/1412 2173/959/1412 2171/957/1412
f 2172/958/1413 2171/957/1413 2174/960/1413
f 2172/958/1413 2174/960/1413 2175/961/1413
f 2171/957/1413 2173/959/1413 2176/962/1413
f 2171/957/1413 2176/962/1413 2174/960/1413
f 2175/961/1414 2174/960/1414 2177/963/1414
f 2175/961/1414 2177/963/1414 2178/964/1414
f 2174/960/1414 2176/962/1414 2179/965/1414
f 2174/960/1414 2179/965/1414 2177/963/1414
f 2178/964/1415 2177/963/1415 2180/966/1415
f 2178/964/1415 2180/966/1415 2181/967/1415
f 2177/963/1415 2179/965/1415 2182/968/1415
f 2177/963/1415 2182/968/1415 2180/966/1415
f 2181/967/1416 2180/966/1416 2183/969/1416
f 2181/967/1646 2183/969/1646 2184/970/1646
f 2180/966/1416 2182/968/1416 2185/971/1416
f 2180/966/1416 2185/971/1416 2183/969/1416
f 2186/972/1647 2187/973/1647 2188/974/1647
f 2186/972/1647 2188/974/1647 2189/975/1647
f 2187/973/1417 2190/976/1417 2191/977/1417
f 2187/973/1417 2191/977/1417 2188/974/1417
f 2189/975/1648 2188/974/1648 2138/924/1648
f 2189/975/1648 2138/924/1648 2146/932/1648
f 2188/974/1420 2191/977/1420 2139/925/1420
f 2188/974/1649 2139/925/1649 2138/924/1649
f 2192/978/1422 2149/935/1422 2193/979/1422
f 2192/978/1422 2193/979/1422 2194/980/1422
f 2154/940/1423 2151/937/1423 2195/981/1423
f 2154/940/1650 2195/981/1650 2196/982/1650
f 2135/921/1425 2197/983/1427 2198/984/1426
f 2135/921/1425 2198/984/1426 2136/922/1425
f 2199/985/1651 2146/932/1651 2147/933/1651
f 2199/985/1651 2147/933/1651 2200/986/1651
f 2131/917/1652 2201/987/1653 2202/988/1654
f 2131/917/1652 2202/988/1654 2132/918/1653
f 2151/937/1655 2150/936/1655 2203/989/1655
f 2151/937/1656 2203/989/1656 2195/981/1656
f 2197/983/1435 2154/940/1435 2196/982/1435
f 2197/983/1435 2196/982/1435 2198/984/1435
f 2201/987/1657 2204/990/1657 2205/991/1657
f 2201/987/1657 2205/991/1657 2202/988/1657
f 2139/925/1658 2206/992/1438 2207/993/1439
f 2139/925/1658 2207/993/1439 2140/926/1438
f 2204/990/1659 2208/994/1659 2209/995/1659
f 2204/990/1660 2209/995/1660 2205/991/1660
f 2210/996/1661 2199/985/1661 2200/986/1661
f 2210/996/1662 2200/986/1662 2211/997/1662
f 2206/992/1446 2212/998/1446 2213/999/1446
f 2206/992/1446 2213/999/1446 2207/993/1663
f 2212/998/1447 2214/1000/1664 2215/1001/1448
f 2212/998/1447 2215/1001/1448 2213/999/1665
f 2150/936/1666 2216/1002/1666 2217/1003/1667
f 2150/936/1666 2217/1003/1667 2203/989/1668
f 2218/1004/1669 2219/1005/1669 2220/1006/1450
f 2218/1004/1669 2220/1006/1450 2221/1007/1670
f 2216/1002/1671 2222/1008/1672 2223/1009/1671
f 2216/1002/1671 2223/1009/1671 2217/1003/1673
f 2219/1005/1674 2224/1010/1674 2225/1011/1674
f 2219/1005/1455 2225/1011/1455 2220/1006/1455
f 2222/1008/1675 2226/1012/1675 2227/1013/1676
f 2222/1008/1675 2227/1013/1676 2223/1009/1676
f 2224/1010/1458 2228/1014/1677 2229/1015/1460
f 2224/1010/1458 2229/1015/1460 2225/1011/1678
f 2230/1016/1679 2231/1017/1679 2232/1018/1679
f 2230/1016/1680 2232/1018/1680 2233/1019/1680
f 2228/1014/1464 2234/1020/1464 2192/978/1464
f 2228/1014/1464 2192/978/1464 2229/1015/1464
f 2231/1017/1681 2235/1021/1681 2236/1022/1681
f 2231/1017/1682 2236/1022/1682 2232/1018/1682
f 2234/1020/1683 2148/934/1684 2149/935/1468
f 2234/1020/1683 2149/935/1468 2192/978/1468
f 2235/1021/1685 2130/916/1686 2133/919/1687
f 2235/1021/1685 2133/919/1687 2236/1022/1686
f 2237/1023/1688 2238/1024/1688 2239/1025/1688
f 2237/1023/1689 2239/1025/1689 2240/1026/1689
f 2241/1027/1690 2242/1028/1690 2243/1029/1690
f 2241/1027/1691 2243/1029/1691 2244/1030/1691
f 2245/1031/1476 2246/1032/1476 2247/1033/1476
f 2245/1031/1477 2247/1033/1477 2248/1034/1477
f 2249/1035/1478 2250/1036/1478 2251/1037/1478
f 2249/1035/1692 2251/1037/1692 2252/1038/1692
f 2253/1039/1693 2254/1040/1693 2246/1032/1694
f 2253/1039/1693 2246/1032/1694 2245/1031/1694
f 2255/1041/1482 2256/1042/1482 2250/1036/1482
f 2255/1041/1483 2250/1036/1483 2249/1035/1483
f 2257/1043/1695 2258/1044/1695 2259/1045/1695
f 2257/1043/1696 2259/1045/1696 2260/1046/1696
f 2260/1046/1486 2259/1045/1486 2261/1047/1486
f 2260/1046/1487 2261/1047/1487 2262/1048/1487
f 2258/1044/1491 2263/1049/1491 2264/1050/1491
f 2258/1044/1491 2264/1050/1491 2259/1045/1491
f 2259/1045/1491 2264/1050/1491 2265/1051/1491
f 2259/1045/1491 2265/1051/1491 2261/1047/1491
f 2266/1052/1492 2267/1053/1492 2268/1054/1492
f 2266/1052/1492 2268/1054/1492 2269/1055/1492
f 2269/1055/1492 2268/1054/1492 2270/1056/1492
f 2269/1055/1492 2270/1056/1492 2271/1057/1492
f 2267/1053/1493 2272/1058/1493 2273/1059/1493
f 2267/1053/1493 2273/1059/1493 2268/1054/1493
f 2268/1054/1493 2273/1059/1493 2274/1060/1493
f 2268/1054/1493 2274/1060/1493 2270/1056/1493
f 2272/1058/1494 2275/1061/1494 2276/1062/1494
f 2272/1058/1494 2276/1062/1494 2273/1059/1494
f 2273/1059/1494 2276/1062/1494 2277/1063/1494
f 2273/1059/1494 2277/1063/1494 2274/1060/1494
f 2275/1061/1495 2278/1064/1495 2279/1065/1495
f 2275/1061/1495 2279/1065/1495 2276/1062/1495
f 2276/1062/1495 2279/1065/1495 2280/1066/1495
f 2276/1062/1495 2280/1066/1495 2277/1063/1495
f 2278/1064/1496 2281/1067/1496 2282/1068/1496
f 2278/1064/1496 2282/1068/1496 2279/1065/1496
f 2279/1065/1496 2282/1068/1496 2283/1069/1496
f 2279/1065/1496 2283/1069/1496 2280/1066/1496
f 2281/1067/1497 2284/1070/1497 2285/1071/1497
f 2281/1067/1497 2285/1071/1497 2282/1068/1497
f 2282/1068/1497 2285/1071/1497 2286/1072/1497
f 2282/1068/1497 2286/1072/1497 2283/1069/1497
f 2284/1070/1498 2287/1073/1498 2288/1074/1498
f 2284/1070/1498 2288/1074/1498 2285/1071/1498
f 2285/1071/1498 2288/1074/1498 2289/1075/1498
f 2285/1071/1498 2289/1075/1498 2286/1072/1498
f 2287/1073/1499 2290/1076/1499 2291/1077/1499
f 2287/1073/1499 2291/1077/1499 2288/1074/1499
f 2288/1074/1499 2291/1077/1499 2292/1078/1499
f 2288/1074/1499 2292/1078/1499 2289/1075/1499
f 2293/1079/1697 2294/1080/1698 2295/1081/1698
f 2293/1079/1697 2295/1081/1698 2296/1082/1698
f 2296/1082/1500 2295/1081/1500 2297/1083/1500
f 2296/1082/1500 2297/1083/1500 2298/1084/1500
f 2294/1080/1699 2253/1039/1700 2245/1031/1700
f 2294/1080/1699 2245/1031/1700 2295/1081/1700
f 2295/1081/1701 2245/1031/1701 2248/1034/1701
f 2295/1081/1702 2248/1034/1702 2297/1083/1702
f 2262/1048/1505 2299/1085/1505 2300/1086/1505
f 2262/1048/1703 2300/1086/1703 2260/1046/1703
f 2244/1030/1507 2243/1029/1507 2301/1087/1509
f 2244/1030/1507 2301/1087/1509 2302/1088/1507
f 2303/1089/1704 2304/1090/1705 2254/1040/1706
f 2303/1089/1704 2254/1040/1706 2253/1039/1707
f 2240/1026/1708 2239/1025/1709 2305/1091/1710
f 2240/1026/1708 2305/1091/1710 2306/1092/1711
f 2260/1046/1712 2300/1086/1712 2307/1093/1712
f 2260/1046/1713 2307/1093/1713 2257/1043/1713
f 2302/1088/1714 2301/1087/1714 2299/1085/1521
f 2302/1088/1714 2299/1085/1521 2262/1048/1521
f 2306/1092/1715 2305/1091/1715 2308/1094/1715
f 2306/1092/1716 2308/1094/1716 2309/1095/1716
f 2248/1034/1524 2247/1033/1525 2310/1096/1524
f 2248/1034/1524 2310/1096/1524 2311/1097/1526
f 2309/1095/1717 2308/1094/1717 2312/1098/1717
f 2309/1095/1718 2312/1098/1718 2313/1099/1718
f 2314/1100/1719 2315/1101/1720 2304/1090/1719
f 2314/1100/1719 2304/1090/1719 2303/1089/1721
f 2311/1097/1533 2310/1096/1722 2316/1102/1535
f 2311/1097/1533 2316/1102/1535 2317/1103/1533
f 2317/1103/1536 2316/1102/1536 2318/1104/1536
f 2317/1103/1723 2318/1104/1723 2319/1105/1723
f 2257/1043/1724 2307/1093/1725 2320/1106/1726
f 2257/1043/1724 2320/1106/1726 2321/1107/1724
f 2322/1108/1727 2323/1109/1727 2324/1110/1727
f 2322/1108/1540 2324/1110/1540 2325/1111/1540
f 2321/1107/1728 2320/1106/1729 2326/1090/1730
f 2321/1107/1728 2326/1090/1730 2327/1112/1731
f 2325/1111/1543 2324/1110/1543 2328/1113/1543
f 2325/1111/1544 2328/1113/1544 2329/1114/1544
f 2327/1112/1732 2326/1090/1732 2330/1101/1732
f 2327/1112/1732 2330/1101/1732 2331/1115/1733
f 2329/1114/1546 2328/1113/1548 2332/1116/1547
f 2329/1114/1546 2332/1116/1547 2333/1117/1548
f 2334/1118/1734 2335/1119/1734 2336/1120/1734
f 2334/1118/1735 2336/1120/1735 2337/1121/1735
f 2333/1117/1551 2332/1116/1551 2338/1122/1551
f 2333/1117/1551 2338/1122/1551 2339/1123/1551
f 2337/1121/1736 2336/1120/1736 2340/1124/1736
f 2337/1121/1736 2340/1124/1736 2341/1125/1736
f 2339/1123/1554 2338/1122/1555 2256/1042/1556
f 2339/1123/1554 2256/1042/1556 2255/1041/1556
f 2341/1125/1737 2340/1124/1737 2238/1024/1738
f 2341/1125/1737 2238/1024/1738 2237/1023/1739
f 2342/1126/1561 2343/1127/1561 2344/1128/1561
f 2342/1126/1386 2344/1128/1386 2345/1129/1386
f 2346/1130/1386 2342/1126/1386 2345/1129/1386
f 2346/1130/1562 2345/1129/1562 2347/1131/1562
f 2348/1132/1562 2346/1130/1562 2347/1131/1562
f 2348/1132/1563 2347/1131/1563 2349/1133/1563
f 2350/1134/1740 2348/1132/1740 2349/1133/1740
f 2350/1134/1741 2349/1133/1741 2351/1135/1741
f 2352/1136/1742 2350/1134/1742 2351/1135/1742
f 2352/1136/1586 2351/1135/1586 2353/1137/1586
f 2354/1138/1743 2355/1139/1744 2356/1140/1743
f 2354/1138/1743 2356/1140/1743 2357/1141/1743
f 2358/1142/1745 2354/1138/1745 2357/1141/1745
f 2358/1142/1745 2357/1141/1745 2359/1143/1745
f 2360/1144/1746 2358/1142/1746 2359/1143/1746
f 2360/1144/1589 2359/1143/1589 2361/1145/1589
f 2362/1146/1747 2360/1144/1747 2361/1145/1747
f 2362/1146/1591 2361/1145/1591 2363/1147/1591
f 2364/1148/1748 2362/1146/1748 2363/1147/1748
f 2364/1148/1575 2363/1147/1575 2365/1149/1575
f 2343/1127/1576 2364/1148/1576 2365/1149/1576
f 2343/1127/1561 2365/1149/1561 2344/1128/1561
f 2366/1150/1581 2367/1151/1581 2368/1152/1581
f 2366/1150/1581 2368/1152/1581 2369/1153/1581
f 2370/1151/1579 2371/1150/1579 2372/1153/1579
f 2370/1151/1579 2372/1153/1579 2373/1152/1579
f 2367/1151/1581 2374/1154/1581 2375/1155/1581
f 2367/1151/1581 2375/1155/1581 2368/1152/1581
f 2376/1154/1579 2370/1151/1579 2373/1152/1579
f 2376/1154/1579 2373/1152/1579 2377/1155/1579
f 2374/1154/1581 2378/1156/1581 2379/1157/1581
f 2374/1154/1581 2379/1157/1581 2375/1155/1581
f 2380/1156/1579 2376/1154/1579 2377/1155/1579
f 2380/1156/1579 2377/1155/1579 2381/1157/1579
f 2378/1156/1581 2382/1158/1581 2383/1159/1581
f 2378/1156/1581 2383/1159/1581 2379/1157/1581
f 2384/1158/1579 2380/1156/1579 2381/1157/1579
f 2384/1158/1579 2381/1157/1579 2385/1159/1579
f 2382/1158/1581 2386/1160/1581 2387/1161/1581
f 2382/1158/1581 2387/1161/1581 2383/1159/1581
f 2388/1160/1579 2384/1158/1579 2385/1159/1579
f 2388/1160/1579 2385/1159/1579 2389/1161/1579
f 2386/1160/1581 2390/1162/1581 2391/1163/1581
f 2386/1160/1581 2391/1163/1581 2387/1161/1581
f 2392/1162/1579 2388/1160/1579 2389/1161/1579
f 2392/1162/1579 2389/1161/1579 2393/1163/1579
f 2390/1162/1581 2394/1164/1581 2395/1165/1581
f 2390/1162/1581 2395/1165/1581 2391/1163/1581
f 2396/1164/1579 2392/1162/1579 2393/1163/1579
f 2396/1164/1579 2393/1163/1579 2397/1165/1579
f 2394/1164/1581 2398/1166/1581 2399/1167/1581
f 2394/1164/1581 2399/1167/1581 2395/1165/1581
f 2400/1166/1579 2396/1164/1579 2397/1165/1579
f 2400/1166/1579 2397/1165/1579 2401/1167/1579
f 2398/1166/1581 2402/1168/1581 2403/1169/1581
f 2398/1166/1581 2403/1169/1581 2399/1167/1581
f 2404/1168/1579 2400/1166/1579 2401/1167/1579
f 2404/1168/1579 2401/1167/1579 2405/1169/1579
f 2402/1168/1581 2406/1170/1581 2407/1171/1581
f 2402/1168/1581 2407/1171/1581 2403/1169/1581
f 2408/1172/1579 2404/1168/1579 2405/1169/1579
f 2408/1172/1579 2405/1169/1579 2409/1171/1579
f 2406/1170/1749 2410/1173/1750 2411/1174/1749
f 2406/1170/1749 2411/1174/1749 2407/1171/1749
f 2412/1175/1579 2408/1172/1579 2409/1171/1579
f 2412/1175/1579 2409/1171/1579 2413/1176/1579
f 2410/1173/1751 2414/1177/1751 2415/1178/1751
f 2410/1173/1751 2415/1178/1751 2411/1174/1751
f 2416/1179/1752 2352/1136/1753 2353/1137/1752
f 2416/1179/1752 2353/1137/1752 2417/1180/1753
f 2418/1181/1579 2412/1175/1579 2413/1176/1579
f 2418/1181/1579 2413/1176/1579 2419/1182/1579
f 2420/1183/1585 2421/1184/1585 2422/1185/1585
f 2420/1183/1585 2422/1185/1585 2423/1186/1585
f 2424/1187/1586 2420/1183/1586 2423/1186/1586
f 2424/1187/1587 2423/1186/1587 2425/1188/1587
f 2426/1189/1588 2424/1187/1588 2425/1188/1588
f 2426/1189/1588 2425/1188/1588 2427/1190/1588
f 2428/1191/1589 2426/1189/1589 2427/1190/1589
f 2428/1191/1590 2427/1190/1590 2429/1192/1590
f 2430/1193/1591 2428/1191/1591 2429/1192/1591
f 2430/1193/1592 2429/1192/1592 2431/1194/1592
f 2432/1195/1575 2430/1193/1575 2431/1194/1575
f 2432/1195/1593 2431/1194/1593 2433/1196/1593
f 2434/1197/1561 2432/1195/1561 2433/1196/1561
f 2434/1197/1386 2433/1196/1386 2435/1198/1386
f 2436/1199/1386 2434/1197/1386 2435/1198/1386
f 2436/1199/1562 2435/1198/1562 2437/1200/1562
f 2438/1201/1562 2436/1199/1562 2437/1200/1562
f 2438/1201/1563 2437/1200/1563 2439/1202/1563
f 2440/1203/1563 2438/1201/1563 2439/1202/1563
f 2440/1203/1564 2439/1202/1564 2441/1204/1564
f 2442/1205/1565 2440/1203/1565 2441/1204/1565
f 2442/1205/1566 2441/1204/1566 2443/1206/1566
f 2444/1207/1594 2442/1205/1594 2443/1206/1594
f 2444/1207/1595 2443/1206/1595 2445/1208/1595
f 2446/1209/1596 2444/1207/1596 2445/1208/1596
f 2446/1209/1596 2445/1208/1596 2447/1210/1596
f 2217/1003/1754 2223/1009/1754 2448/1211/1754
f 2217/1003/1754 2448/1211/1754 2449/1212/1754
f 2149/935/1598 2145/931/1598 2450/1213/1598
f 2149/935/1598 2450/1213/1598 2193/979/1598
f 2223/1009/1755 2227/1013/1755 2451/1214/1755
f 2223/1009/1755 2451/1214/1755 2448/1211/1755
f 2145/931/1601 2144/930/1601 2452/1215/1601
f 2145/931/1601 2452/1215/1601 2450/1213/1601
f 2233/1019/1756 2232/1018/1756 2453/1216/1756
f 2233/1019/1756 2453/1216/1756 2454/1217/1756
f 2137/923/1604 2136/922/1604 2455/1218/1604
f 2137/923/1604 2455/1218/1604 2456/1219/1604
f 2232/1018/1757 2236/1022/1757 2457/1220/1757
f 2232/1018/1757 2457/1220/1757 2453/1216/1757
f 2147/933/1758 2141/927/1759 2458/1221/1760
f 2147/933/1758 2458/1221/1760 2459/1222/1761
f 2136/922/1608 2198/984/1608 2460/1223/1608
f 2136/922/1608 2460/1223/1608 2455/1218/1608
f 2236/1022/1762 2133/919/1762 2461/1224/1762
f 2236/1022/1762 2461/1224/1762 2457/1220/1762
f 2141/927/1611 2140/926/1611 2462/1225/1611
f 2141/927/1611 2462/1225/1611 2458/1221/1611
f 2198/984/1612 2196/982/1612 2463/1226/1612
f 2198/984/1612 2463/1226/1612 2460/1223/1612
f 2200/986/1763 2147/933/1763 2459/1222/1763
f 2200/986/1763 2459/1222/1763 2464/1211/1763
f 2196/982/1614 2195/981/1614 2465/1227/1614
f 2196/982/1614 2465/1227/1614 2463/1226/1614
f 2140/926/1615 2207/993/1615 2466/1228/1615
f 2140/926/1615 2466/1228/1615 2462/1225/1615
f 2195/981/1614 2203/989/1614 2467/1229/1614
f 2195/981/1614 2467/1229/1614 2465/1227/1614
f 2207/993/1619 2213/999/1619 2468/1230/1619
f 2207/993/1619 2468/1230/1619 2466/1228/1619
f 2133/919/1764 2132/918/1764 2469/1231/1764
f 2133/919/1764 2469/1231/1764 2461/1224/1764
f 2213/999/1621 2215/1001/1621 2470/1232/1621
f 2213/999/1621 2470/1232/1621 2468/1230/1621
f 2132/918/1765 2202/988/1766 2471/1233/1767
f 2132/918/1765 2471/1233/1767 2469/1231/1766
f 2221/1007/1623 2220/1006/1623 2472/1234/1623
f 2221/1007/1623 2472/1234/1623 2473/1235/1623
f 2202/988/1768 2205/991/1768 2474/1236/1768
f 2202/988/1769 2474/1236/1769 2471/1233/1769
f 2220/1006/1625 2225/1011/1625 2475/1237/1625
f 2220/1006/1625 2475/1237/1625 2472/1234/1625
f 2205/991/1770 2209/995/1770 2476/1238/1770
f 2205/991/1771 2476/1238/1771 2474/1236/1771
f 2225/1011/1627 2229/1015/1627 2477/1239/1627
f 2225/1011/1627 2477/1239/1627 2475/1237/1627
f 2211/997/1772 2200/986/1772 2464/1211/1772
f 2211/997/1773 2464/1211/1773 2478/1240/1773
f 2229/1015/1579 2192/978/1579 2194/980/1579
f 2229/1015/1579 2194/980/1579 2477/1239/1579
f 2203/989/1774 2217/1003/1774 2449/1212/1774
f 2203/989/1775 2449/1212/1775 2467/1229/1775
f 2479/1241/1579 2480/1242/1579 2481/1243/1579
f 2479/1241/1579 2481/1243/1579 2482/1244/1579
f 2483/1245/1579 2484/1246/1579 2485/1247/1579
f 2483/1245/1579 2485/1247/1579 2486/1248/1579
f 2487/1242/1579 2488/1249/1579 2489/1250/1579
f 2487/1242/1579 2489/1250/1579 2490/1243/1579
f 2491/1251/1631 2492/1252/1631 2493/1253/1631
f 2491/1251/1631 2493/1253/1631 2494/1254/1631
f 2495/1251/1631 2496/1252/1631 2497/1253/1631
f 2495/1251/1631 2497/1253/1631 2498/1254/1631
f 2499/1252/1632 2500/1255/1632 2501/1256/1632
f 2499/1252/1632 2501/1256/1632 2502/1253/1632
f 2503/1252/1632 2504/1255/1632 2505/1256/1632
f 2503/1252/1632 2505/1256/1632 2506/1253/1632
f 2507/1257/1633 2508/1258/1633 2509/1259/1633
f 2507/1257/1633 2509/1259/1633 2510/1260/1633
f 2511/1257/1633 2512/1258/1633 2513/1259/1633
f 2511/1257/1633 2513/1259/1633 2514/1260/1633
f 2515/1258/1634 2507/1257/1634 2510/1260/1634
f 2515/1258/1634 2510/1260/1634 2516/1259/1634
f 2517/1258/1634 2511/1257/1634 2514/1260/1634
f 2517/1258/1634 2514/1260/1634 2518/1259/1634
f 2519/1255/1635 2520/1252/1635 2521/1253/1635
f 2519/1255/1635 2521/1253/1635 2522/1256/1635
f 2523/1255/1635 2524/1252/1635 2525/1253/1635
f 2523/1255/1635 2525/1253/1635 2526/1256/1635
f 2527/1252/1636 2528/1251/1636 2529/1254/1636
f 2527/1252/1636 2529/1254/1636 2530/1253/1636
f 2531/1252/1636 2532/1251/1636 2533/1254/1636
f 2531/1252/1636 2533/1254/1636 2534/1253/1636
f 2535/1261/1581 2536/1262/1581 2537/1263/1581
f 2535/1261/1581 2537/1263/1581 2538/1264/1581
f 2539/1265/1581 2540/1266/1581 2541/1267/1581
f 2539/1265/1581 2541/1267/1581 2542/1268/1581
f 2543/1269/1579 2544/1261/1579 2545/1264/1579
f 2543/1269/1579 2545/1264/1579 2546/1270/1579
f 2547/1271/1579 2548/1265/1579 2549/1268/1579
f 2547/1271/1579 2549/1268/1579 2550/1272/1579
f 2551/1273/1579 2552/1274/1579 2553/1275/1579
f 2551/1273/1579 2553/1275/1579 2554/1276/1579
f 2555/1277/1579 2556/1278/1579 2557/1279/1579
f 2555/1277/1579 2557/1279/1579 2558/1280/1579
f 2559/1258/1636 2560/1251/1636 2561/1254/1636
f 2559/1258/1636 2561/1254/1636 2562/1259/1636
f 2563/1258/1636 2564/1251/1636 2565/1254/1636
f 2563/1258/1636 2565/1254/1636 2566/1259/1636
f 2567/1281/1579 2568/1269/1579 2569/1270/1579
f 2567/1281/1579 2569/1270/1579 2570/1282/1579
f 2571/1283/1579 2572/1271/1579 2573/1272/1579
f 2571/1283/1579 2573/1272/1579 2574/1284/1579
f 2575/1285/1581 2576/1286/1581 2577/1287/1581
f 2575/1285/1581 2577/1287/1581 2578/1288/1581
f 2579/1289/1581 2580/1241/1581 2581/1244/1581
f 2579/1289/1581 2581/1244/1581 2582/1290/1581
f 2583/1251/1631 2584/1258/1631 2585/1259/1631
f 2583/1251/1631 2585/1259/1631 2586/1254/1631
f 2587/1251/1631 2588/1258/1631 2589/1259/1631
f 2587/1251/1631 2589/1259/1631 2590/1254/1631
f 2591/1286/1579 2592/1245/1579 2593/1248/1579
f 2591/1286/1579 2593/1248/1579 2594/1287/1579
f 2595/1291/1776 2596/1292/1776 2597/1293/1776
f 2596/1292/1776 2595/1291/1776 2598/1294/1776
f 2596/1292/1776 2598/1294/1776 2599/1295/1776
f 2599/1295/1776 2598/1294/1776 2600/1296/1776
f 2600/1296/1776 2598/1294/1776 2601/1297/1777
f 2600/1296/1776 2601/1297/1777 2602/1298/1776
f 2602/1298/1776 2601/1297/1777 2603/1299/1778
f 2602/1298/1776 2603/1299/1778 2604/1300/1776
f 2604/1300/1776 2603/1299/1778 2605/1301/1776
f 2604/1300/1779 2605/1301/1779 2606/1302/1779
f 2606/1302/1776 2605/1301/1776 2607/1303/1776
f 2606/1302/1780 2607/1303/1780 2608/1304/1780
f 2606/1302/1781 2608/1304/1781 2609/1305/1781
f 2609/1305/1782 2608/1304/1782 2610/1306/1782
f 2609/1305/1782 2610/1306/1782 2611/1307/1782
f 2611/1307/1783 2610/1306/1783 2612/1308/1783
f 2611/1307/1784 2612/1308/1784 2613/1309/1784
f 2613/1309/1777 2612/1308/1776 2614/1310/1776
f 2613/1309/1777 2614/1310/1776 2615/1311/1778
f 2615/1311/1778 2614/1310/1776 2616/1312/1778
f 2615/1311/1778 2616/1312/1778 2617/1313/1776
f 2617/1313/1776 2616/1312/1778 2618/1314/1778
f 2617/1313/1776 2618/1314/1778 2619/1315/1776
f 2619/1315/1776 2618/1314/1778 2620/1316/1776
f 2619/1315/1776 2620/1316/1776 2621/1317/1776
f 2621/1317/1776 2620/1316/1776 2622/1318/1776
f 2621/1317/1776 2622/1318/1776 2623/1319/1776
f 2624/1320/1785 2625/1321/1785 2626/1322/1785
f 2625/1321/1740 2624/1320/1740 2627/1323/1740
f 2627/1323/1785 2624/1320/1785 2628/1324/1785
f 2627/1323/1785 2628/1324/1785 2629/1325/1785
f 2627/1323/1785 2629/1325/1785 2630/1326/1786
f 2630/1326/1786 2629/1325/1785 2631/1327/1785
f 2630/1326/1786 2631/1327/1785 2632/1328/1786
f 2632/1328/1786 2631/1327/1785 2633/1329/1785
f 2632/1328/1786 2633/1329/1785 2634/1330/1787
f 2634/1330/1787 2633/1329/1785 2635/1331/1785
f 2634/1330/1787 2636/1332/1785 2637/1333/1785
f 2636/1332/1785 2634/1330/1787 2635/1331/1785
f 2636/1332/1785 2635/1331/1785 2638/1334/1785
f 2636/1332/1788 2638/1334/1788 2639/1335/1788
f 2636/1332/1788 2639/1335/1788 2640/1336/1788
f 2640/1336/1789 2639/1335/1785 2641/1337/1785
f 2640/1336/1789 2641/1337/1785 2642/1338/1785
f 2642/1338/1785 2641/1337/1785 2643/1339/1785
f 2642/1338/1785 2643/1339/1785 2644/1340/1785
f 2644/1340/1575 2643/1339/1575 2645/1341/1575
f 2644/1340/1785 2645/1341/1785 2646/1342/1785
f 2646/1342/1785 2645/1341/1785 2647/1343/1785
f 2646/1342/1785 2647/1343/1785 2648/1344/1785
f 2648/1344/1785 2647/1343/1785 2649/1345/1592
f 2648/1344/1785 2649/1345/1592 2650/1346/1785
f 2650/1346/1785 2649/1345/1592 2651/1347/1785
f 2650/1346/1785 2651/1347/1785 2652/1348/1785
f 2653/1349/1776 2654/1350/1776 2655/1351/1776
f 2654/1350/1790 2653/1349/1790 2656/1352/1790
f 2656/1352/1777 2653/1349/1776 2657/1353/1776
f 2656/1352/1777 2657/1353/1776 2658/1354/1776
f 2656/1352/1777 2658/1354/1776 2659/1355/1777
f 2659/1355/1777 2658/1354/1776 2660/1356/1776
f 2659/1355/1777 2660/1356/1776 2661/1357/1776
f 2661/1357/1776 2660/1356/1776 2662/1358/1776
f 2661/1357/1776 2662/1358/1776 2663/1359/1791
f 2663/1359/1791 2662/1358/1776 2664/1360/1776
f 2663/1359/1792 2664/1360/1792 2665/1361/1792
f 2665/1361/1776 2664/1360/1776 2666/1362/1776
f 2665/1361/1385 2666/1362/1385 2667/1363/1385
f 2665/1361/1385 2667/1363/1385 2668/1364/1385
f 2665/1361/1385 2668/1364/1385 2669/1365/1385
f 2669/1365/1783 2668/1364/1783 2670/1366/1783
f 2669/1365/1793 2670/1366/1793 2671/1367/1793
f 2671/1367/1776 2670/1366/1776 2672/1368/1776
f 2671/1367/1776 2672/1368/1776 2673/1369/1778
f 2673/1369/1778 2672/1368/1776 2674/1370/1778
f 2673/1369/1778 2674/1370/1778 2675/1371/1776
f 2675/1371/1776 2674/1370/1778 2676/1372/1778
f 2675/1371/1776 2676/1372/1778 2677/1373/1776
f 2677/1373/1776 2676/1372/1778 2678/1374/1776
f 2677/1373/1776 2678/1374/1776 2679/1375/1776
f 2679/1375/1776 2678/1374/1776 2680/1376/1776
f 2679/1375/1776 2680/1376/1776 2681/1377/1776
f 2682/1378/1785 2683/1379/1785 2684/1380/1785
f 2683/1379/1785 2682/1378/1785 2685/1381/1785
f 2683/1379/1785 2685/1381/1785 2686/1382/1785
f 2686/1382/1785 2685/1381/1785 2687/1383/1786
f 2687/1383/1786 2685/1381/1785 2688/1384/1786
f 2687/1383/1786 2688/1384/1786 2689/1385/1785
f 2689/1385/1785 2688/1384/1786 2690/1386/1785
f 2689/1385/1785 2690/1386/1785 2691/1387/1785
f 2691/1387/1785 2690/1386/1785 2692/1388/1785
f 2691/1387/1785 2692/1388/1785 2693/1389/1787
f 2693/1389/1787 2692/1388/1785 2694/1390/1785
f 2693/1389/1787 2695/1391/1785 2696/1392/1785
f 2695/1391/1785 2693/1389/1787 2694/1390/1785
f 2695/1391/1788 2694/1390/1788 2697/1393/1788
f 2695/1391/1788 2697/1393/1788 2698/1394/1788
f 2698/1394/1786 2697/1393/1786 2699/1395/1786
f 2698/1394/1794 2699/1395/1794 2700/1396/1794
f 2700/1396/1785 2699/1395/1785 2701/1397/1785
f 2700/1396/1785 2701/1397/1785 2702/1398/1592
f 2702/1398/1592 2701/1397/1785 2703/1399/1785
f 2702/1398/1592 2703/1399/1785 2704/1400/1785
f 2704/1400/1785 2703/1399/1785 2705/1401/1785
f 2704/1400/1785 2705/1401/1785 2706/1402/1592
f 2706/1402/1592 2705/1401/1785 2707/1403/1592
f 2706/1402/1592 2707/1403/1592 2708/1404/1785
f 2708/1404/1785 2707/1403/1592 2709/1405/1785
f 2708/1404/1785 2709/1405/1785 2710/1406/1785
# Vertices: 1166, normals: 410, texture coordinates: 917, faces: 1068

