# File generated by ImageToStl.com - Free Image and 3D model conversion tools

mtllib fartuc.mtl

o obj1
v 2.53011312 59.52560244 3.48742932
v 2.53011376 59.52560244 1.68576568
v 4.93184729 59.5256024 1.68576641
v 4.93184671 59.5256024 3.48743013
v 2.53011522 61.92754313 1.68576568
v 2.53011457 61.92754313 3.48742948
v 4.93184671 61.92754313 3.48743029
v 4.93184729 61.92754313 1.68576649
v 4.93184729 59.5256024 1.68576641
v 4.93184729 61.92754313 1.68576649
v 4.93184671 61.92754313 3.48743029
v 4.93184671 59.5256024 3.48743013
v 2.53011457 61.92754313 3.48742948
v 2.53011312 59.52560244 3.48742932
v 2.52861331 61.75366041 1.84491269
v 2.52861299 61.75366041 3.32828247
v 2.53011376 59.52560244 1.68576568
v 2.53011522 61.92754313 1.68576568
v 4.93184729 61.92754313 1.68576649
v 4.93184729 59.5256024 1.68576641
v 2.52861186 59.69976391 3.32828247
v 2.52861218 59.69976391 1.84491269
v 2.52861218 59.69976391 1.84491269
v 2.52861331 61.75366041 1.84491269
v 2.52861299 61.75366041 3.32828247
v 2.52861186 59.69976391 3.32828247
v 4.82343425 61.75365912 3.3282832
v 4.8234331 59.69976262 3.3282832
v 4.8234331 59.69976262 3.3282832
v 4.82343358 59.69976262 1.84491341
v 4.82343474 61.75365912 1.84491341
v 4.82343425 61.75365912 3.3282832
v 4.82343358 59.69976262 1.84491341
v 4.82343474 61.75365912 1.84491341
v 4.82343425 61.75365912 3.3282832
v 4.82343474 61.75365912 1.84491341
v 4.82343358 59.69976262 1.84491341
v 4.8234331 59.69976262 3.3282832
v 2.55263457 60.76274544 3.32828247
v 4.82343367 60.76274414 3.3282832
v 4.82343416 60.76274414 1.84491341
v 2.5526349 60.76274544 1.84491269
v 2.55263457 60.69067891 3.32828247
v 2.5526349 60.69067891 1.84491269
v 4.82343416 60.69067762 1.84491341
v 4.82343367 60.69067762 3.3282832
v 2.34463722 61.94189209 3.4874294
v 2.37860967 61.92782057 3.48742948
v 2.37860999 62.09734946 3.48742932
v 2.34463722 62.08189188 3.4874294
v 4.97940183 61.92754313 3.48743029
v 2.37860967 61.92782057 3.48742948
v 2.37861031 61.92782057 1.68576568
v 4.97940241 61.92754313 1.68576649
v 4.97940183 61.92754313 3.48743029
v 4.97940183 62.09734946 3.48743013
v 2.34463787 62.08189188 1.6857656
v 2.34463787 61.94189209 1.6857656
v 2.33164991 61.97586341 1.68576568
v 2.33164991 62.04792056 1.68576568
v 2.33164926 62.04792056 3.4874294
v 2.33164926 61.97586341 3.4874294
v 4.97940241 62.09734946 1.68576641
v 4.97940241 61.92754313 1.68576649
v 2.37861063 62.09734946 1.68576568
v 2.37861031 61.92782057 1.68576568
v 2.33164926 62.04792056 3.4874294
v 2.34463722 62.08189188 3.4874294
v 2.34463787 62.08189188 1.6857656
v 2.33164991 62.04792056 1.68576568
v 2.37860999 62.09734946 3.48742932
v 2.37861063 62.09734946 1.68576568
v 2.34463722 61.94189209 3.4874294
v 2.34463787 61.94189209 1.6857656
v 2.33164926 61.97586341 3.4874294
v 2.33164991 61.97586341 1.68576568
v 4.97940241 62.09734946 1.68576641
v 4.97940183 62.09734946 3.48743013
v 4.80021 59.57364627 1.88001936
v 4.80021 59.47755806 1.88001928
v 4.80021004 59.47755806 1.7839306
v 4.80021004 59.57364627 1.7839306
v 4.80021004 59.57364627 1.7839306
v 4.70412127 59.47755806 1.7839306
v 4.70412127 59.57364627 1.7839306
v 4.70412127 59.57364627 1.7839306
v 4.70412123 59.47755806 1.88001928
v 4.70412123 59.57364627 1.88001936
v 4.70412123 59.57364627 1.88001936
v 4.80021 59.57364627 1.88001936
v 4.80020952 59.57364627 3.38926125
v 4.80020952 59.47755806 3.38926125
v 4.80020956 59.47755806 3.29317265
v 4.80020956 59.57364627 3.29317249
v 4.80020956 59.57364627 3.29317249
v 4.70412078 59.47755806 3.29317265
v 4.70412078 59.57364627 3.29317249
v 4.70412078 59.57364627 3.29317249
v 4.70412074 59.47755806 3.38926125
v 4.70412074 59.57364627 3.38926125
v 4.70412074 59.57364627 3.38926125
v 4.80020952 59.57364627 3.38926125
v 2.75832454 59.57364742 1.88001871
v 2.75832454 59.47755806 1.88001863
v 2.7583247 59.47755806 1.78392996
v 2.7583247 59.57364742 1.78392996
v 2.7583247 59.57364742 1.78392996
v 2.66223562 59.47755806 1.78392996
v 2.66223562 59.57364742 1.78392996
v 2.66223562 59.57364742 1.78392996
v 2.66223546 59.47755806 1.88001863
v 2.66223546 59.57364742 1.88001871
v 2.66223546 59.57364742 1.88001871
v 2.75832454 59.57364742 1.88001871
v 2.75832405 59.57364742 3.3892606
v 2.75832405 59.47755806 3.3892606
v 2.75832421 59.47755806 3.29317201
v 2.75832421 59.57364742 3.29317184
v 2.75832421 59.57364742 3.29317184
v 2.66223514 59.47755806 3.29317201
v 2.66223514 59.57364742 3.29317184
v 2.66223514 59.57364742 3.29317184
v 2.66223497 59.47755806 3.3892606
v 2.66223497 59.57364742 3.3892606
v 2.66223497 59.57364742 3.3892606
v 2.75832405 59.57364742 3.3892606
vn 0.57822 -0.57562 -0.57822
vn -0.57822 -0.57562 -0.57822
vn -0.57728 0.57738 -0.57738
vn 0.57738 0.57728 -0.57738
vn -0.57822 -0.57562 0.57822
vn 0.57822 -0.57562 0.57822
vn 0.57728 0.57738 0.57738
vn -0.57738 0.57728 0.57738
vn -0.57738 0.57738 -0.57728
vn -0.57728 0.57738 0.57738
vn 0.57732 0.57732 0.57742
vn 0.57818 -0.57558 0.57828
vn 0.57812 -0.57562 -0.57832
vn 0.29791 -0.90672 -0.29851
vn -0.29792 -0.90675 -0.29842
vn -0.57808 -0.57568 -0.57828
vn -0.57812 -0.57572 0.57822
vn -0.57738 0.57738 0.57728
vn -0.57738 0.57728 -0.57738
vn -0.29791 -0.90672 0.29851
vn 0.29791 -0.90672 0.29851
vn 0.29792 -0.90675 0.29842
vn 0.29801 -0.90672 -0.29841
vn -0.29801 -0.90672 -0.29841
vn -0.29801 -0.90672 0.29841
vn -0.57738 -0.57738 -0.57728
vn -0.57738 -0.57728 0.57738
vn -0.57728 -0.57738 0.57738
vn 0.57738 -0.57728 0.57738
vn 0.57728 -0.57738 -0.57738
vn -0.57738 -0.57728 -0.57738
vn 0.57738 -0.57738 0.57728
vn 0.57738 -0.57728 -0.57738
vn -0.57728 -0.57738 -0.57738
vn 0.57738 -0.57738 -0.57728
vn 0.57728 -0.57738 0.57738
vn -0.57738 -0.57738 0.57728
vn 0 -0.70711 0.70711
vn 0 0 1
vn 0 -0.70711 -0.70711
vn 0 0 -1
vn 0.62798 -0.55789 -0.54259
vn 0.66569 -0.1456 -0.73189
vn 0.66237 -0.15869 0.73217
vn 0.63081 -0.56531 0.53151
vn 0.66579 -0.1456 -0.73179
vn -0.66574 -0.14561 -0.73184
vn -0.57732 0.57732 -0.57742
vn 0.57732 0.57732 -0.57742
vn 0.57738 0.57728 0.57738
vn -0.63081 -0.56541 0.53141
vn -0.62798 -0.55779 -0.54269
vn -0.66841 -0.73142 -0.1351
vn -0.66842 -0.73143 0.135
vn 0.66841 -0.73142 0.1351
vn 0.66842 -0.73143 -0.135
vn -0.57732 0.57732 0.57742
vn -0.66236 -0.15879 0.73216
vn -0.66569 -0.1456 -0.73189
vn 0.66848 -0.73138 0.135
vn 0.63087 -0.56537 0.53137
vn -0.63084 -0.56534 0.53144
vn -0.66848 -0.73138 0.135
vn 0.66241 -0.1588 0.73211
vn -0.66242 -0.15871 0.73213
vn 0.62808 -0.55778 -0.54258
vn -0.62802 -0.55782 -0.54262
vn 0.66847 -0.73137 -0.13509
vn -0.66847 -0.73137 -0.13509
vn 0.70711 0.70711 0
vn -0.57732 0.57742 -0.57732
vn -0.70711 0.70711 0
vn -0.70711 -0.70711 0
vn 0.57732 -0.57742 -0.57732
vn 0.70711 -0.70711 0
vt 0.82048 0.75441
vt 0.98782 0.75441
vt 0.98782 0.97754
vt 0.82048 0.97754
vt 0.98782 0.25714
vt 0.82048 0.25714
vt 0.82048 0.03401
vt 0.98782 0.03401
vt 0.34731 0.9834
vt 0.13446 0.9834
vt 0.13446 0.81319
vt 0.34731 0.81319
vt 0.13446 0.56424
vt 0.34731 0.56424
vt 0.98782 0.27905
vt 0.82048 0.27905
vt 0.79138 0.72743
vt 0.58364 0.72743
vt 0.58364 0.48446
vt 0.79138 0.48446
vt 0.82048 0.7325
vt 0.98782 0.7325
vt 0.79138 0.75129
vt 0.58364 0.75129
vt 0.13446 0.5398
vt 0.34731 0.5398
vt 0.13446 0.30198
vt 0.34731 0.30198
vt 0.82048 0.51935
vt 0.98782 0.51935
vt 0.98782 0.4922
vt 0.82048 0.4922
vt 0.79138 0.9834
vt 0.58364 0.9834
vt 0.1709 0.06888
vt 0.31596 0.06888
vt 0.31596 0.26973
vt 0.1709 0.26973
vt 0.77531 0.24502
vt 0.77531 0.46708
vt 0.63025 0.46708
vt 0.63025 0.24502
vt 0.77531 0.23798
vt 0.63025 0.23798
vt 0.63025 0.01591
vt 0.77531 0.01591
vt 0.04147 0.97616
vt 0.04009 0.97284
vt 0.05654 0.97284
vt 0.05516 0.97616
vt 0.37836 0.9834
vt 0.37836 0.72902
vt 0.55454 0.72902
vt 0.55455 0.9834
vt 0.04004 0.71846
vt 0.05648 0.71846
vt 0.05516 0.28458
vt 0.04147 0.28458
vt 0.04479 0.2832
vt 0.05184 0.2832
vt 0.05184 0.97754
vt 0.04479 0.97754
vt 0.05648 0.54228
vt 0.04004 0.54228
vt 0.05654 0.2879
vt 0.04009 0.2879
vt 0.37836 0.71478
vt 0.37836 0.71118
vt 0.55454 0.71118
vt 0.55454 0.71478
vt 0.37836 0.70759
vt 0.55454 0.70759
vt 0.37836 0.72542
vt 0.55454 0.72542
vt 0.37836 0.72183
vt 0.55454 0.72183
vt 0.55455 0.45321
vt 0.37836 0.45321
vt 0.10304 0.14405
vt 0.10304 0.12525
vt 0.12183 0.12525
vt 0.12183 0.14405
vt 0.14062 0.12525
vt 0.12183 0.10646
vt 0.14062 0.10646
vt 0.12183 0.08767
vt 0.10304 0.10646
vt 0.10304 0.08767
vt 0.08424 0.10646
vt 0.08424 0.12525
vt 0.06942 0.02546
vt 0.06942 0.04425
vt 0.05063 0.04425
vt 0.05063 0.02546
vt 0.03184 0.04425
vt 0.05063 0.06305
vt 0.03184 0.06305
vt 0.05063 0.08184
vt 0.06942 0.06305
vt 0.06942 0.08184
vt 0.08822 0.06305
vt 0.08822 0.04425
vt 0.04676 0.20953
vt 0.04676 0.19074
vt 0.06556 0.19074
vt 0.06556 0.20953
vt 0.08435 0.19074
vt 0.06556 0.17194
vt 0.08435 0.17194
vt 0.06556 0.15315
vt 0.04676 0.17194
vt 0.04676 0.15315
vt 0.02797 0.17194
vt 0.02797 0.19074
vt 0.1423 0.24778
vt 0.12351 0.24778
vt 0.12351 0.22898
vt 0.1423 0.22898
vt 0.12351 0.21019
vt 0.10471 0.22898
vt 0.10471 0.21019
vt 0.08592 0.22898
vt 0.10471 0.24778
vt 0.08592 0.24778
vt 0.10471 0.26657
vt 0.12351 0.26657
usemtl mat0
f 1/1/1 2/2/2 3/3/3
f 1/1/1 3/3/3 4/4/4
f 5/5/5 6/6/6 7/7/7
f 5/5/5 7/7/7 8/8/8
f 9/9/9 10/10/10 11/11/11
f 9/9/9 11/11/11 12/12/4
f 11/11/11 13/13/12 14/14/13
f 11/11/11 14/14/13 12/12/4
f 15/15/14 16/16/15 6/6/6
f 15/15/14 6/6/6 5/5/5
f 17/17/16 18/18/17 19/19/18
f 17/17/16 19/19/18 20/20/19
f 21/21/20 22/22/21 2/2/2
f 21/21/20 2/2/2 1/1/1
f 23/23/22 24/24/23 18/18/17
f 23/23/22 18/18/17 17/17/16
f 25/25/24 26/26/25 14/14/13
f 25/25/24 14/14/13 13/13/12
f 26/26/25 25/25/24 27/27/26
f 26/26/25 27/27/26 28/28/27
f 22/22/21 21/21/20 29/29/28
f 22/22/21 29/29/28 30/30/29
f 16/16/15 15/15/14 31/31/30
f 16/16/15 31/31/30 32/32/31
f 24/24/23 23/23/22 33/33/32
f 24/24/23 33/33/32 34/34/33
f 35/35/34 36/36/35 37/37/36
f 35/35/34 37/37/36 38/38/37
f 39/39/38 40/40/39 41/41/39
f 39/39/38 41/41/39 42/42/38
f 43/43/40 44/44/40 45/45/41
f 43/43/40 45/45/41 46/46/41
f 42/42/38 44/44/40 43/43/40
f 42/42/38 43/43/40 39/39/38
f 47/47/42 48/48/43 49/49/44
f 47/47/42 49/49/44 50/50/45
f 51/51/4 52/52/46 53/53/47
f 51/51/4 53/53/47 54/54/48
f 55/55/49 56/56/50 49/49/44
f 55/55/49 49/49/44 48/48/43
f 57/57/51 58/58/52 59/59/53
f 57/57/51 59/59/53 60/60/54
f 47/47/42 50/50/45 61/61/55
f 47/47/42 61/61/55 62/62/56
f 63/63/57 56/56/50 55/55/49
f 63/63/57 55/55/49 64/64/48
f 58/58/52 57/57/51 65/65/58
f 58/58/52 65/65/58 66/66/59
f 64/64/48 66/66/59 65/65/58
f 64/64/48 65/65/58 63/63/57
f 67/67/60 68/68/61 69/69/62
f 67/67/60 69/69/62 70/70/63
f 68/68/61 71/71/64 72/72/65
f 68/68/61 72/72/65 69/69/62
f 52/52/46 73/73/66 74/74/67
f 52/52/46 74/74/67 53/53/47
f 73/73/66 75/75/68 76/76/69
f 73/73/66 76/76/69 74/74/67
f 67/67/60 70/70/63 76/76/69
f 67/67/60 76/76/69 75/75/68
f 77/77/8 72/72/65 71/71/64
f 77/77/8 71/71/64 78/78/7
f 79/79/70 80/80/4 81/81/71
f 79/79/70 81/81/71 82/82/72
f 83/83/72 81/81/71 84/84/31
f 83/83/72 84/84/31 85/85/73
f 86/86/73 84/84/31 87/87/74
f 86/86/73 87/87/74 88/88/75
f 89/89/75 87/87/74 80/80/4
f 89/89/75 80/80/4 90/90/70
f 80/80/4 87/87/74 84/84/31
f 80/80/4 84/84/31 81/81/71
f 91/91/70 92/92/4 93/93/71
f 91/91/70 93/93/71 94/94/72
f 95/95/72 93/93/71 96/96/31
f 95/95/72 96/96/31 97/97/73
f 98/98/73 96/96/31 99/99/74
f 98/98/73 99/99/74 100/100/75
f 101/101/75 99/99/74 92/92/4
f 101/101/75 92/92/4 102/102/70
f 92/92/4 99/99/74 96/96/31
f 92/92/4 96/96/31 93/93/71
f 103/103/70 104/104/4 105/105/71
f 103/103/70 105/105/71 106/106/72
f 107/107/72 105/105/71 108/108/31
f 107/107/72 108/108/31 109/109/73
f 110/110/73 108/108/31 111/111/74
f 110/110/73 111/111/74 112/112/75
f 113/113/75 111/111/74 104/104/4
f 113/113/75 104/104/4 114/114/70
f 104/104/4 111/111/74 108/108/31
f 104/104/4 108/108/31 105/105/71
f 115/115/70 116/116/4 117/117/71
f 115/115/70 117/117/71 118/118/72
f 119/119/72 117/117/71 120/120/31
f 119/119/72 120/120/31 121/121/73
f 122/122/73 120/120/31 123/123/74
f 122/122/73 123/123/74 124/124/75
f 125/125/75 123/123/74 116/116/4
f 125/125/75 116/116/4 126/126/70
f 116/116/4 123/123/74 120/120/31
f 116/116/4 120/120/31 117/117/71
# Vertices: 126, normals: 75, texture coordinates: 126, faces: 102

o obj2
v 2.53011312 59.52560244 -3.73632473
v 4.93184671 59.5256024 -3.73632553
v 4.93184729 59.5256024 -1.93466181
v 2.53011376 59.52560244 -1.93466109
v 2.53011522 61.92754313 -1.93466109
v 4.93184729 61.92754313 -1.9346619
v 4.93184671 61.92754313 -3.7363257
v 2.53011457 61.92754313 -3.73632489
v 4.93184729 59.5256024 -1.93466181
v 4.93184671 59.5256024 -3.73632553
v 4.93184671 61.92754313 -3.7363257
v 4.93184729 61.92754313 -1.9346619
v 2.53011312 59.52560244 -3.73632473
v 2.53011457 61.92754313 -3.73632489
v 2.52861331 61.75366041 -2.09380809
v 2.52861299 61.75366041 -3.57717788
v 2.53011376 59.52560244 -1.93466109
v 4.93184729 59.5256024 -1.93466181
v 4.93184729 61.92754313 -1.9346619
v 2.53011522 61.92754313 -1.93466109
v 2.52861186 59.69976391 -3.57717788
v 2.52861218 59.69976391 -2.09380809
v 2.52861218 59.69976391 -2.09380809
v 2.52861331 61.75366041 -2.09380809
v 2.52861299 61.75366041 -3.57717788
v 2.52861186 59.69976391 -3.57717788
v 4.8234331 59.69976262 -3.57717861
v 4.82343425 61.75365912 -3.57717861
v 4.82343358 59.69976262 -2.09380882
v 4.8234331 59.69976262 -3.57717861
v 4.82343425 61.75365912 -3.57717861
v 4.82343474 61.75365912 -2.09380882
v 4.82343474 61.75365912 -2.09380882
v 4.82343358 59.69976262 -2.09380882
v 4.82343425 61.75365912 -3.57717861
v 4.8234331 59.69976262 -3.57717861
v 4.82343358 59.69976262 -2.09380882
v 4.82343474 61.75365912 -2.09380882
v 2.55263457 60.76274544 -3.57717788
v 2.5526349 60.76274544 -2.09380809
v 4.82343416 60.76274414 -2.09380882
v 4.82343367 60.76274414 -3.57717861
v 2.55263457 60.69067891 -3.57717788
v 4.82343367 60.69067762 -3.57717861
v 4.82343416 60.69067762 -2.09380882
v 2.5526349 60.69067891 -2.09380809
v 2.34463722 61.94189209 -3.73632481
v 2.34463722 62.08189188 -3.73632481
v 2.37860999 62.09734946 -3.73632473
v 2.37860967 61.92782057 -3.73632489
v 4.97940183 61.92754313 -3.7363257
v 4.97940241 61.92754313 -1.9346619
v 2.37861031 61.92782057 -1.93466109
v 2.37860967 61.92782057 -3.73632489
v 4.97940183 61.92754313 -3.7363257
v 4.97940183 62.09734946 -3.73632553
v 2.34463787 62.08189188 -1.93466101
v 2.33164991 62.04792056 -1.93466109
v 2.33164991 61.97586341 -1.93466109
v 2.34463787 61.94189209 -1.93466101
v 2.33164926 61.97586341 -3.73632481
v 2.33164926 62.04792056 -3.73632481
v 4.97940241 62.09734946 -1.93466181
v 4.97940241 61.92754313 -1.9346619
v 2.37861031 61.92782057 -1.93466109
v 2.37861063 62.09734946 -1.93466109
v 2.33164926 62.04792056 -3.73632481
v 2.33164991 62.04792056 -1.93466109
v 2.34463787 62.08189188 -1.93466101
v 2.34463722 62.08189188 -3.73632481
v 2.37861063 62.09734946 -1.93466109
v 2.37860999 62.09734946 -3.73632473
v 2.34463787 61.94189209 -1.93466101
v 2.34463722 61.94189209 -3.73632481
v 2.33164991 61.97586341 -1.93466109
v 2.33164926 61.97586341 -3.73632481
v 4.97940241 62.09734946 -1.93466181
v 4.97940183 62.09734946 -3.73632553
v 4.80021 59.57364627 -2.12891476
v 4.80021004 59.57364627 -2.03282601
v 4.80021004 59.47755806 -2.03282601
v 4.80021 59.47755806 -2.12891468
v 4.80021004 59.57364627 -2.03282601
v 4.70412127 59.57364627 -2.03282601
v 4.70412127 59.47755806 -2.03282601
v 4.70412127 59.57364627 -2.03282601
v 4.70412123 59.57364627 -2.12891476
v 4.70412123 59.47755806 -2.12891468
v 4.70412123 59.57364627 -2.12891476
v 4.80021 59.57364627 -2.12891476
v 4.80020952 59.57364627 -3.63815665
v 4.80020956 59.57364627 -3.5420679
v 4.80020956 59.47755806 -3.54206806
v 4.80020952 59.47755806 -3.63815665
v 4.80020956 59.57364627 -3.5420679
v 4.70412078 59.57364627 -3.5420679
v 4.70412078 59.47755806 -3.54206806
v 4.70412078 59.57364627 -3.5420679
v 4.70412074 59.57364627 -3.63815665
v 4.70412074 59.47755806 -3.63815665
v 4.70412074 59.57364627 -3.63815665
v 4.80020952 59.57364627 -3.63815665
v 2.75832454 59.57364742 -2.12891412
v 2.7583247 59.57364742 -2.03282536
v 2.7583247 59.47755806 -2.03282536
v 2.75832454 59.47755806 -2.12891404
v 2.7583247 59.57364742 -2.03282536
v 2.66223562 59.57364742 -2.03282536
v 2.66223562 59.47755806 -2.03282536
v 2.66223562 59.57364742 -2.03282536
v 2.66223546 59.57364742 -2.12891412
v 2.66223546 59.47755806 -2.12891404
v 2.66223546 59.57364742 -2.12891412
v 2.75832454 59.57364742 -2.12891412
v 2.75832405 59.57364742 -3.63815601
v 2.75832421 59.57364742 -3.54206725
v 2.75832421 59.47755806 -3.54206741
v 2.75832405 59.47755806 -3.63815601
v 2.75832421 59.57364742 -3.54206725
v 2.66223514 59.57364742 -3.54206725
v 2.66223514 59.47755806 -3.54206741
v 2.66223514 59.57364742 -3.54206725
v 2.66223497 59.57364742 -3.63815601
v 2.66223497 59.47755806 -3.63815601
v 2.66223497 59.57364742 -3.63815601
v 2.75832405 59.57364742 -3.63815601
vn -0.57822 -0.57562 -0.57822
vn -0.57728 0.57738 -0.57738
vn 0.57738 0.57728 -0.57738
vn 0.57822 -0.57562 -0.57822
vn 0.57822 -0.57562 0.57822
vn 0.57728 0.57738 0.57738
vn -0.57738 0.57728 0.57738
vn -0.57822 -0.57562 0.57822
vn 0.57728 0.57738 -0.57738
vn 0.57738 0.57738 0.57728
vn -0.57808 -0.57568 -0.57828
vn -0.57818 -0.57558 0.57828
vn -0.29791 -0.90672 -0.29851
vn 0.29789 -0.90677 -0.29839
vn 0.57812 -0.57562 -0.57832
vn 0.57738 0.57738 -0.57728
vn 0.57738 0.57728 0.57738
vn 0.57818 -0.57558 0.57828
vn 0.29792 -0.90675 0.29842
vn -0.29791 -0.90672 0.29851
vn -0.29792 -0.90675 0.29842
vn -0.29789 -0.90677 -0.29839
vn 0.57738 -0.57738 0.57728
vn 0.57738 -0.57728 -0.57738
vn -0.57728 -0.57738 0.57738
vn 0.57738 -0.57728 0.57738
vn 0.57728 -0.57738 -0.57738
vn -0.57738 -0.57728 -0.57738
vn -0.57738 -0.57738 -0.57728
vn -0.57738 -0.57728 0.57738
vn 0.57738 -0.57738 -0.57728
vn 0.57728 -0.57738 0.57738
vn -0.57738 -0.57738 0.57728
vn -0.57728 -0.57738 -0.57738
vn 0 -0.70711 0.70711
vn 0 0 1
vn 0 -0.70711 -0.70711
vn 0 0 -1
vn -0.62798 -0.55779 -0.54269
vn -0.63081 -0.56541 0.53141
vn -0.66236 -0.15879 0.73216
vn -0.66569 -0.1456 -0.73189
vn -0.57732 0.57732 -0.57742
vn 0.66574 -0.14561 -0.73184
vn -0.66579 -0.1456 -0.73179
vn -0.57738 0.57728 -0.57738
vn -0.57728 0.57738 0.57738
vn 0.63081 -0.56531 0.53151
vn 0.66841 -0.73142 0.1351
vn 0.66842 -0.73143 -0.135
vn 0.62798 -0.55789 -0.54259
vn -0.66841 -0.73142 -0.1351
vn -0.66842 -0.73143 0.135
vn 0.57732 0.57732 0.57742
vn 0.57732 0.57732 -0.57742
vn 0.66569 -0.1456 -0.73189
vn 0.66237 -0.15869 0.73217
vn -0.66848 -0.73138 0.135
vn 0.66847 -0.73137 0.13509
vn -0.63087 -0.56537 0.53137
vn 0.66242 -0.15871 0.73213
vn -0.66241 -0.1588 0.73211
vn 0.62802 -0.55782 -0.54262
vn -0.62808 -0.55778 -0.54258
vn 0.66848 -0.73138 -0.135
vn -0.66848 -0.73138 -0.135
vn -0.70711 0.70711 0
vn 0.70711 0.70711 0
vn 0.57732 0.57742 -0.57732
vn 0.70711 -0.70711 0
vn -0.70711 -0.70711 0
vn -0.57732 -0.57742 -0.57732
vt 0.82048 0.75441
vt 0.82048 0.97754
vt 0.98782 0.97754
vt 0.98782 0.75441
vt 0.98782 0.25714
vt 0.98782 0.03401
vt 0.82048 0.03401
vt 0.82048 0.25714
vt 0.34731 0.9834
vt 0.34731 0.81319
vt 0.13446 0.81319
vt 0.13446 0.9834
vt 0.34731 0.56424
vt 0.13446 0.56424
vt 0.98782 0.27905
vt 0.82048 0.27905
vt 0.79138 0.72743
vt 0.79138 0.48446
vt 0.58364 0.48446
vt 0.58364 0.72743
vt 0.82048 0.7325
vt 0.98782 0.7325
vt 0.79138 0.75129
vt 0.58364 0.75129
vt 0.13446 0.5398
vt 0.34731 0.5398
vt 0.34731 0.30198
vt 0.13446 0.30198
vt 0.98782 0.51935
vt 0.82048 0.51935
vt 0.82048 0.4922
vt 0.98782 0.4922
vt 0.58364 0.9834
vt 0.79138 0.9834
vt 0.1709 0.06888
vt 0.1709 0.26973
vt 0.31596 0.26973
vt 0.31596 0.06888
vt 0.77531 0.24502
vt 0.63025 0.24502
vt 0.63025 0.46708
vt 0.77531 0.46708
vt 0.77531 0.23798
vt 0.77531 0.01591
vt 0.63025 0.01591
vt 0.63025 0.23798
vt 0.04147 0.97616
vt 0.05516 0.97616
vt 0.05654 0.97284
vt 0.04009 0.97284
vt 0.37836 0.9834
vt 0.55455 0.9834
vt 0.55454 0.72902
vt 0.37836 0.72902
vt 0.04004 0.71846
vt 0.05648 0.71846
vt 0.05516 0.28458
vt 0.05184 0.2832
vt 0.04479 0.2832
vt 0.04147 0.28458
vt 0.04479 0.97754
vt 0.05184 0.97754
vt 0.05648 0.54228
vt 0.04004 0.54228
vt 0.04009 0.2879
vt 0.05654 0.2879
vt 0.37836 0.71478
vt 0.55454 0.71478
vt 0.55454 0.71118
vt 0.37836 0.71118
vt 0.55454 0.70759
vt 0.37836 0.70759
vt 0.55454 0.72542
vt 0.37836 0.72542
vt 0.55454 0.72183
vt 0.37836 0.72183
vt 0.55455 0.45321
vt 0.37836 0.45321
vt 0.10304 0.14405
vt 0.12183 0.14405
vt 0.12183 0.12525
vt 0.10304 0.12525
vt 0.14062 0.12525
vt 0.14062 0.10646
vt 0.12183 0.10646
vt 0.12183 0.08767
vt 0.10304 0.08767
vt 0.10304 0.10646
vt 0.08424 0.10646
vt 0.08424 0.12525
vt 0.06942 0.02546
vt 0.05063 0.02546
vt 0.05063 0.04425
vt 0.06942 0.04425
vt 0.03184 0.04425
vt 0.03184 0.06305
vt 0.05063 0.06305
vt 0.05063 0.08184
vt 0.06942 0.08184
vt 0.06942 0.06305
vt 0.08822 0.06305
vt 0.08822 0.04425
vt 0.04676 0.20953
vt 0.06556 0.20953
vt 0.06556 0.19074
vt 0.04676 0.19074
vt 0.08435 0.19074
vt 0.08435 0.17194
vt 0.06556 0.17194
vt 0.06556 0.15315
vt 0.04676 0.15315
vt 0.04676 0.17194
vt 0.02797 0.17194
vt 0.02797 0.19074
vt 0.1423 0.24778
vt 0.1423 0.22898
vt 0.12351 0.22898
vt 0.12351 0.24778
vt 0.12351 0.21019
vt 0.10471 0.21019
vt 0.10471 0.22898
vt 0.08592 0.22898
vt 0.08592 0.24778
vt 0.10471 0.24778
vt 0.10471 0.26657
vt 0.12351 0.26657
usemtl mat0
f 127/127/76 128/128/77 129/129/78
f 127/127/76 129/129/78 130/130/79
f 131/131/80 132/132/81 133/133/82
f 131/131/80 133/133/82 134/134/83
f 135/135/84 136/136/77 137/137/82
f 135/135/84 137/137/82 138/138/85
f 137/137/82 136/136/77 139/139/86
f 137/137/82 139/139/86 140/140/87
f 141/141/88 131/131/80 134/134/83
f 141/141/88 134/134/83 142/142/89
f 143/143/90 144/144/91 145/145/92
f 143/143/90 145/145/92 146/146/93
f 147/147/94 127/127/76 130/130/79
f 147/147/94 130/130/79 148/148/95
f 149/149/96 143/143/90 146/146/93
f 149/149/96 146/146/93 150/150/97
f 151/151/89 140/140/87 139/139/86
f 151/151/89 139/139/86 152/152/94
f 152/152/94 153/153/98 154/154/99
f 152/152/94 154/154/99 151/151/89
f 148/148/95 155/155/100 156/156/101
f 148/148/95 156/156/101 147/147/94
f 142/142/89 157/157/102 158/158/103
f 142/142/89 158/158/103 141/141/88
f 150/150/97 159/159/104 160/160/105
f 150/150/97 160/160/105 149/149/96
f 161/161/106 162/162/107 163/163/108
f 161/161/106 163/163/108 164/164/109
f 165/165/110 166/166/110 167/167/111
f 165/165/110 167/167/111 168/168/111
f 169/169/112 170/170/113 171/171/113
f 169/169/112 171/171/113 172/172/112
f 166/166/110 165/165/110 169/169/112
f 166/166/110 169/169/112 172/172/112
f 173/173/114 174/174/115 175/175/116
f 173/173/114 175/175/116 176/176/117
f 177/177/118 178/178/78 179/179/119
f 177/177/118 179/179/119 180/180/120
f 181/181/121 176/176/117 175/175/116
f 181/181/121 175/175/116 182/182/122
f 183/183/123 184/184/124 185/185/125
f 183/183/123 185/185/125 186/186/126
f 173/173/114 187/187/127 188/188/128
f 173/173/114 188/188/128 174/174/115
f 189/189/129 190/190/130 181/181/121
f 189/189/129 181/181/121 182/182/122
f 186/186/126 191/191/131 192/192/132
f 186/186/126 192/192/132 183/183/123
f 190/190/130 189/189/129 192/192/132
f 190/190/130 192/192/132 191/191/131
f 193/193/133 194/194/134 195/195/123
f 193/193/133 195/195/123 196/196/135
f 196/196/135 195/195/123 197/197/136
f 196/196/135 197/197/136 198/198/137
f 180/180/120 179/179/119 199/199/138
f 180/180/120 199/199/138 200/200/139
f 200/200/139 199/199/138 201/201/140
f 200/200/139 201/201/140 202/202/141
f 193/193/133 202/202/141 201/201/140
f 193/193/133 201/201/140 194/194/134
f 203/203/81 204/204/82 198/198/137
f 203/203/81 198/198/137 197/197/136
f 205/205/142 206/206/143 207/207/144
f 205/205/142 207/207/144 208/208/121
f 209/209/143 210/210/145 211/211/99
f 209/209/143 211/211/99 207/207/144
f 212/212/145 213/213/146 214/214/147
f 212/212/145 214/214/147 211/211/99
f 215/215/146 216/216/142 208/208/121
f 215/215/146 208/208/121 214/214/147
f 208/208/121 207/207/144 211/211/99
f 208/208/121 211/211/99 214/214/147
f 217/217/142 218/218/143 219/219/144
f 217/217/142 219/219/144 220/220/121
f 221/221/143 222/222/145 223/223/99
f 221/221/143 223/223/99 219/219/144
f 224/224/145 225/225/146 226/226/147
f 224/224/145 226/226/147 223/223/99
f 227/227/146 228/228/142 220/220/121
f 227/227/146 220/220/121 226/226/147
f 220/220/121 219/219/144 223/223/99
f 220/220/121 223/223/99 226/226/147
f 229/229/142 230/230/143 231/231/144
f 229/229/142 231/231/144 232/232/121
f 233/233/143 234/234/145 235/235/99
f 233/233/143 235/235/99 231/231/144
f 236/236/145 237/237/146 238/238/147
f 236/236/145 238/238/147 235/235/99
f 239/239/146 240/240/142 232/232/121
f 239/239/146 232/232/121 238/238/147
f 232/232/121 231/231/144 235/235/99
f 232/232/121 235/235/99 238/238/147
f 241/241/142 242/242/143 243/243/144
f 241/241/142 243/243/144 244/244/121
f 245/245/143 246/246/145 247/247/99
f 245/245/143 247/247/99 243/243/144
f 248/248/145 249/249/146 250/250/147
f 248/248/145 250/250/147 247/247/99
f 251/251/146 252/252/142 244/244/121
f 251/251/146 244/244/121 250/250/147
f 244/244/121 243/243/144 247/247/99
f 244/244/121 247/247/99 250/250/147
# Vertices: 126, normals: 72, texture coordinates: 126, faces: 102

o obj3
v 2.47156066 61.7197198 -3.54058845
v 2.52861283 61.76002723 -3.58149066
v 2.52861202 59.69243377 -3.58149066
v 2.47155953 59.73333578 -3.54058845
v 2.47156018 59.73333578 -2.11547688
v 2.47156131 61.72092407 -2.08043944
v 2.52861234 59.69243373 -2.07528692
v 2.52861348 61.76244029 -2.03880171
v 2.52861202 59.69243377 -3.58149066
v 2.52861234 59.69243373 -2.07528692
v 2.52861348 61.76244029 -2.03880171
v 2.52861283 61.76002723 -3.58149066
v 2.52861283 61.76002723 -3.58149066
v 2.52861202 59.69243377 -3.58149066
v 2.42631981 60.64622052 -2.28902431
v 2.42631997 60.64313188 -2.18128598
v 2.42631997 61.09069381 -2.16659947
v 2.42631981 61.09378229 -2.2743378
v 2.47436459 61.09069381 -2.16659947
v 2.47436443 61.09378229 -2.2743378
v 2.47436427 60.64313188 -2.18128598
v 2.47436459 61.09069381 -2.16659947
v 2.47436411 60.64622052 -2.28902431
v 2.47436427 60.64313188 -2.18128598
v 2.47436443 61.09378229 -2.2743378
v 2.47436411 60.64622052 -2.28902431
vn -0.36359 -0.85729 0.36449
vn -0.68138 0.28209 0.67538
vn -0.67801 0.2839 -0.67801
vn -0.36401 -0.85732 -0.36401
vn 0.36161 -0.85662 -0.36801
vn 0.36691 -0.85802 0.35941
vn 0.67158 0.28609 -0.68348
vn 0.68112 0.28361 0.67502
vn 0.67152 0.28611 -0.68352
vn 0.681 0.2837 0.6751
vn -0.68128 0.28209 0.67548
vn -0.68118 0.28209 0.67558
vn -0.67804 0.28402 -0.67794
vn -0.59494 -0.57713 -0.55943
vn 0.5592 -0.5776 -0.5947
vn 0.59494 -0.57713 0.55943
vn -0.5592 -0.5776 0.5947
vn 0.72852 0 0.68502
vn -0.68507 0 0.72847
vn 0.68502 0 -0.72852
vn 0.72847 0 0.68507
vn -0.72852 0 -0.68502
vn 0.68507 0 -0.72847
vn -0.68502 0 0.72852
vn -0.72847 0 -0.68507
vt 0.58803 0.12799
vt 0.58803 0.12012
vt 0.3901 0.12012
vt 0.3901 0.12799
vt 0.3901 0.2717
vt 0.58803 0.2717
vt 0.3901 0.27957
vt 0.58803 0.27957
vt 0.38217 0.12799
vt 0.38217 0.2717
vt 0.59596 0.2717
vt 0.59596 0.12799
vt 0.58803 0.42328
vt 0.3901 0.42328
vt 0.44652 0.04558
vt 0.44661 0.06666
vt 0.53419 0.06666
vt 0.53411 0.04558
vt 0.54359 0.06662
vt 0.5435 0.04554
vt 0.44661 0.07605
vt 0.53419 0.07605
vt 0.43713 0.04561
vt 0.43722 0.0667
vt 0.53411 0.03618
vt 0.44652 0.03618
usemtl mat0
f 253/253/148 254/254/149 255/255/150
f 253/253/148 255/255/150 256/256/151
f 253/253/148 256/256/151 257/257/152
f 253/253/148 257/257/152 258/258/153
f 257/257/152 259/259/154 260/260/155
f 257/257/152 260/260/155 258/258/153
f 256/256/151 261/261/150 262/262/156
f 256/256/151 262/262/156 257/257/152
f 258/258/153 263/263/157 264/264/158
f 258/258/153 264/264/158 253/253/148
f 265/265/159 260/260/155 259/259/154
f 265/265/159 259/259/154 266/266/160
f 267/267/161 268/268/162 269/269/163
f 267/267/161 269/269/163 270/270/164
f 270/270/164 269/269/163 271/271/165
f 270/270/164 271/271/165 272/272/166
f 269/269/163 268/268/162 273/273/167
f 269/269/163 273/273/167 274/274/168
f 268/268/162 267/267/161 275/275/169
f 268/268/162 275/275/169 276/276/170
f 267/267/161 270/270/164 277/277/171
f 267/267/161 277/277/171 278/278/172
# Vertices: 26, normals: 25, texture coordinates: 26, faces: 22

o obj4
v 2.66131728 64.23363559 1.07238288
v 2.66131792 64.23363559 -0.72928108
v 5.06428772 64.23363559 -0.72928028
v 5.06428713 64.23363559 1.07238369
v 2.66131792 66.63585383 -0.72928108
v 2.66131728 66.63585383 1.07238288
v 5.06428713 66.63585383 1.07238369
v 5.06428772 66.63585383 -0.72928028
v 5.06428772 64.23363559 -0.72928028
v 5.06428772 66.63585383 -0.72928028
v 5.06428713 66.63585383 1.07238369
v 5.06428713 64.23363559 1.07238369
v 2.66131728 66.63585383 1.07238288
v 2.66131728 64.23363559 1.07238288
v 2.66131776 66.47080125 -0.570134
v 2.66131744 66.47080125 0.91323571
v 2.66131792 64.23363559 -0.72928108
v 2.66131792 66.63585383 -0.72928108
v 5.06428772 66.63585383 -0.72928028
v 5.06428772 64.23363559 -0.72928028
v 2.66131744 64.39868642 0.91323571
v 2.66131776 64.39868642 -0.570134
v 2.66131776 64.39868642 -0.570134
v 2.66131776 66.47080125 -0.570134
v 2.66131744 66.47080125 0.91323571
v 2.66131744 64.39868642 0.91323571
v 4.95538915 66.47079996 0.9132366
v 4.955388 64.39868506 0.9132366
v 4.955388 64.39868506 0.9132366
v 4.95538848 64.39868506 -0.57013319
v 4.95538963 66.47079996 -0.57013319
v 4.95538915 66.47079996 0.9132366
v 4.95538848 64.39868506 -0.57013319
v 4.95538963 66.47079996 -0.57013319
v 4.95538915 66.47079996 0.9132366
v 4.95538963 66.47079996 -0.57013319
v 4.95538848 64.39868506 -0.57013319
v 4.955388 64.39868506 0.9132366
v 2.6845896 65.47077862 0.91323579
v 4.95538857 65.47077733 0.9132366
v 4.95538906 65.47077733 -0.57013319
v 2.68458993 65.47077862 -0.570134
v 2.6845896 65.3987121 0.91323579
v 2.68458993 65.3987121 -0.570134
v 4.95538906 65.3987108 -0.57013319
v 4.95538857 65.3987108 0.9132366
vn 0.57742 -0.57732 -0.57732
vn -0.57738 -0.57738 -0.57728
vn -0.57728 0.57738 -0.57738
vn 0.57738 0.57728 -0.57738
vn -0.57742 -0.57732 0.57732
vn 0.57738 -0.57738 0.57728
vn 0.57728 0.57738 0.57738
vn -0.57738 0.57728 0.57738
vn -0.57738 0.57738 -0.57728
vn -0.57728 0.57738 0.57738
vn 0.57732 0.57732 0.57742
vn 0.57732 -0.57742 0.57732
vn 0.57728 -0.57738 -0.57738
vn 0.30151 -0.90453 -0.30151
vn -0.30151 -0.90453 -0.30151
vn -0.57728 -0.57738 -0.57738
vn -0.57732 -0.57742 0.57732
vn -0.57738 0.57738 0.57728
vn -0.57738 0.57728 -0.57738
vn -0.30151 -0.90453 0.30151
vn 0.30151 -0.90453 0.30151
vn 0.3016 -0.90451 -0.3015
vn -0.3016 -0.90451 0.3015
vn -0.57738 -0.57728 0.57738
vn -0.57728 -0.57738 0.57738
vn 0.57738 -0.57728 0.57738
vn -0.57738 -0.57728 -0.57738
vn 0.57738 -0.57728 -0.57738
vn 0.57738 -0.57738 -0.57728
vn 0.57728 -0.57738 0.57738
vn -0.57738 -0.57738 0.57728
vn 0 -0.70711 0.70711
vn 0 0 1
vn 0 -0.70711 -0.70711
vn 0 0 -1
vt 0.55133 0.7088
vt 0.75853 0.7088
vt 0.75853 0.98506
vt 0.55133 0.98506
vt 0.98735 0.69696
vt 0.78015 0.69696
vt 0.78015 0.42069
vt 0.98735 0.42069
vt 0.26357 0.99252
vt 0.01325 0.99252
vt 0.01325 0.79234
vt 0.26357 0.79234
vt 0.01325 0.49957
vt 0.26357 0.49957
vt 0.98735 0.72409
vt 0.78015 0.72409
vt 0.52812 0.68923
vt 0.28381 0.68923
vt 0.28381 0.40349
vt 0.52812 0.40349
vt 0.55133 0.68166
vt 0.75853 0.68166
vt 0.52812 0.71729
vt 0.28381 0.71729
vt 0.01325 0.47082
vt 0.26357 0.47082
vt 0.01325 0.19114
vt 0.26357 0.19114
vt 0.55133 0.41775
vt 0.75853 0.41775
vt 0.98735 0.98801
vt 0.78015 0.98801
vt 0.52812 0.99026
vt 0.28381 0.99026
vt 0.52444 0.20781
vt 0.52444 0.3784
vt 0.28824 0.3784
vt 0.28824 0.20781
vt 0.27378 0.17884
vt 0.01263 0.17884
vt 0.01263 0.00825
vt 0.27378 0.00825
vt 0.28207 0.17884
vt 0.28207 0.00825
vt 0.54323 0.00825
vt 0.54323 0.17884
usemtl mat1
f 279/279/173 280/280/174 281/281/175
f 279/279/173 281/281/175 282/282/176
f 283/283/177 284/284/178 285/285/179
f 283/283/177 285/285/179 286/286/180
f 287/287/181 288/288/182 289/289/183
f 287/287/181 289/289/183 290/290/176
f 289/289/183 291/291/184 292/292/185
f 289/289/183 292/292/185 290/290/176
f 293/293/186 294/294/187 284/284/178
f 293/293/186 284/284/178 283/283/177
f 295/295/188 296/296/189 297/297/190
f 295/295/188 297/297/190 298/298/191
f 299/299/192 300/300/193 280/280/174
f 299/299/192 280/280/174 279/279/173
f 301/301/193 302/302/194 296/296/189
f 301/301/193 296/296/189 295/295/188
f 303/303/187 304/304/195 292/292/185
f 303/303/187 292/292/185 291/291/184
f 304/304/195 303/303/187 305/305/174
f 304/304/195 305/305/174 306/306/196
f 300/300/193 299/299/192 307/307/197
f 300/300/193 307/307/197 308/308/198
f 294/294/187 293/293/186 309/309/185
f 294/294/187 309/309/185 310/310/199
f 302/302/194 301/301/193 311/311/178
f 302/302/194 311/311/178 312/312/200
f 313/313/188 314/314/201 315/315/202
f 313/313/188 315/315/202 316/316/203
f 317/317/204 318/318/205 319/319/205
f 317/317/204 319/319/205 320/320/204
f 321/321/206 322/322/206 323/323/207
f 321/321/206 323/323/207 324/324/207
f 320/320/204 322/322/206 321/321/206
f 320/320/204 321/321/206 317/317/204
# Vertices: 46, normals: 35, texture coordinates: 46, faces: 34

o obj5
v 2.55827428 65.35425255 -0.37491753
v 2.5582741 65.80181442 -0.38960408
v 2.55827426 65.79872594 -0.49734245
v 2.55827445 65.3511639 -0.48265598
v 2.60631871 65.80181444 -0.38960408
v 2.60631888 65.79872596 -0.49734245
v 2.60631888 65.79872596 -0.49734245
v 2.60631874 65.35116392 -0.48265598
v 2.60631874 65.35116392 -0.48265598
v 2.60631858 65.35425257 -0.37491753
v 2.60631858 65.35425257 -0.37491753
v 2.60631871 65.80181444 -0.38960408
v 2.60351452 66.44323307 0.87664617
v 2.60351422 64.43193637 0.87664617
v 2.6613176 64.39103439 0.91754821
v 2.66131673 66.48354053 0.91754821
v 2.60351516 66.44443709 -0.58350256
v 2.60351487 64.43193628 -0.54846553
v 2.66131737 66.48595351 -0.62514029
v 2.66131825 64.39103423 -0.58865517
v 2.66131825 64.39103423 -0.58865517
v 2.6613176 64.39103439 0.91754821
v 2.66131673 66.48354053 0.91754821
v 2.66131737 66.48595351 -0.62514029
v 2.66131673 66.48354053 0.91754821
v 2.6613176 64.39103439 0.91754821
vn 0.59494 0.57713 0.55943
vn 0.5592 0.5776 -0.5947
vn -0.59494 0.57713 -0.55943
vn -0.5592 0.5776 0.5947
vn 0.68507 0 -0.72847
vn -0.72852 0 -0.68502
vn -0.72847 0 -0.68507
vn -0.68502 0 0.72852
vn -0.68507 0 0.72847
vn 0.72852 0 0.68502
vn 0.72847 0 0.68507
vn 0.68502 0 -0.72852
vn 0.36591 0.85532 -0.36681
vn 0.36642 0.85526 0.36642
vn 0.67749 -0.28639 0.67749
vn 0.68078 -0.28449 -0.67498
vn -0.36931 0.85593 -0.36191
vn -0.36399 0.85459 0.37039
vn -0.68049 -0.2861 -0.67459
vn -0.67109 -0.28839 0.68299
vn -0.67111 -0.28851 0.68291
vn 0.68073 -0.28451 -0.67503
vn 0.68076 -0.28458 -0.67496
vn 0.67743 -0.28641 0.67753
vt 0.6427 0.15575
vt 0.6427 0.25875
vt 0.61791 0.25885
vt 0.61791 0.15585
vt 0.64274 0.2698
vt 0.61795 0.2699
vt 0.60686 0.25885
vt 0.60686 0.15585
vt 0.61786 0.1448
vt 0.64265 0.1447
vt 0.65375 0.15575
vt 0.65375 0.25875
vt 0.95572 0.03631
vt 0.72293 0.03631
vt 0.72293 0.02705
vt 0.95572 0.02705
vt 0.95572 0.20531
vt 0.72293 0.20531
vt 0.95572 0.21457
vt 0.72293 0.21457
vt 0.71361 0.20531
vt 0.71361 0.03631
vt 0.96505 0.03631
vt 0.96505 0.20531
vt 0.95572 0.38357
vt 0.72293 0.38357
usemtl mat1
f 325/325/208 326/326/209 327/327/210
f 325/325/208 327/327/210 328/328/211
f 326/326/209 329/329/212 330/330/213
f 326/326/209 330/330/213 327/327/210
f 327/327/210 331/331/214 332/332/215
f 327/327/210 332/332/215 328/328/211
f 328/328/211 333/333/216 334/334/217
f 328/328/211 334/334/217 325/325/208
f 325/325/208 335/335/218 336/336/219
f 325/325/208 336/336/219 326/326/209
f 337/337/220 338/338/221 339/339/222
f 337/337/220 339/339/222 340/340/223
f 337/337/220 341/341/224 342/342/225
f 337/337/220 342/342/225 338/338/221
f 342/342/225 341/341/224 343/343/226
f 342/342/225 343/343/226 344/344/227
f 338/338/221 342/342/225 345/345/228
f 338/338/221 345/345/228 346/346/222
f 341/341/224 337/337/220 347/347/229
f 341/341/224 347/347/229 348/348/226
f 349/349/230 350/350/231 344/344/227
f 349/349/230 344/344/227 343/343/226
# Vertices: 26, normals: 24, texture coordinates: 26, faces: 22

o obj6
v 2.66131728 64.23363559 -6.15457339
v 5.06428713 64.23363559 -6.1545742
v 5.06428772 64.23363559 -4.35291024
v 2.66131792 64.23363559 -4.35290943
v 2.66131792 66.63585383 -4.35290943
v 5.06428772 66.63585383 -4.35291024
v 5.06428713 66.63585383 -6.1545742
v 2.66131728 66.63585383 -6.15457339
v 5.06428772 64.23363559 -4.35291024
v 5.06428713 64.23363559 -6.1545742
v 5.06428713 66.63585383 -6.1545742
v 5.06428772 66.63585383 -4.35291024
v 2.66131728 64.23363559 -6.15457339
v 2.66131728 66.63585383 -6.15457339
v 2.66131776 66.47080125 -4.51205652
v 2.66131744 66.47080125 -5.99542622
v 2.66131792 64.23363559 -4.35290943
v 5.06428772 64.23363559 -4.35291024
v 5.06428772 66.63585383 -4.35291024
v 2.66131792 66.63585383 -4.35290943
v 2.66131744 64.39868642 -5.99542622
v 2.66131776 64.39868642 -4.51205652
v 2.66131776 64.39868642 -4.51205652
v 2.66131776 66.47080125 -4.51205652
v 2.66131744 66.47080125 -5.99542622
v 2.66131744 64.39868642 -5.99542622
v 4.955388 64.39868506 -5.99542711
v 4.95538915 66.47079996 -5.99542711
v 4.95538848 64.39868506 -4.51205732
v 4.955388 64.39868506 -5.99542711
v 4.95538915 66.47079996 -5.99542711
v 4.95538963 66.47079996 -4.51205732
v 4.95538963 66.47079996 -4.51205732
v 4.95538848 64.39868506 -4.51205732
v 4.95538915 66.47079996 -5.99542711
v 4.955388 64.39868506 -5.99542711
v 4.95538848 64.39868506 -4.51205732
v 4.95538963 66.47079996 -4.51205732
v 2.6845896 65.47077862 -5.9954263
v 2.68458993 65.47077862 -4.51205652
v 4.95538906 65.47077733 -4.51205732
v 4.95538857 65.47077733 -5.99542711
v 2.6845896 65.3987121 -5.9954263
v 4.95538857 65.3987108 -5.99542711
v 4.95538906 65.3987108 -4.51205732
v 2.68458993 65.3987121 -4.51205652
vn -0.57738 -0.57738 -0.57728
vn -0.57728 0.57738 -0.57738
vn 0.57738 0.57728 -0.57738
vn 0.57742 -0.57732 -0.57732
vn 0.57738 -0.57738 0.57728
vn 0.57728 0.57738 0.57738
vn -0.57738 0.57728 0.57738
vn -0.57742 -0.57732 0.57732
vn 0.57728 0.57738 -0.57738
vn -0.57732 0.57732 0.57742
vn 0.57738 0.57738 0.57728
vn -0.57728 -0.57738 -0.57738
vn -0.57728 -0.57738 0.57738
vn -0.30151 -0.90453 -0.30151
vn 0.30151 -0.90453 -0.30151
vn 0.57728 -0.57738 -0.57738
vn 0.57738 0.57738 -0.57728
vn 0.57738 0.57728 0.57738
vn 0.57732 -0.57742 0.57732
vn 0.30151 -0.90453 0.30151
vn -0.30151 -0.90453 0.30151
vn -0.3016 -0.90451 0.3015
vn 0.3016 -0.90451 -0.3015
vn 0.3016 -0.90451 0.3015
vn 0.57738 -0.57728 -0.57738
vn 0.57738 -0.57728 0.57738
vn -0.57738 -0.57728 -0.57738
vn -0.57738 -0.57728 0.57738
vn 0.57738 -0.57738 -0.57728
vn 0.57728 -0.57738 0.57738
vn -0.57738 -0.57738 0.57728
vn 0 -0.70711 0.70711
vn 0 0 1
vn 0 -0.70711 -0.70711
vn 0 0 -1
vt 0.55133 0.7088
vt 0.55133 0.98506
vt 0.75853 0.98506
vt 0.75853 0.7088
vt 0.98735 0.69696
vt 0.98735 0.42069
vt 0.78015 0.42069
vt 0.78015 0.69696
vt 0.26357 0.99252
vt 0.26357 0.79234
vt 0.01325 0.79234
vt 0.01325 0.99252
vt 0.26357 0.49957
vt 0.01325 0.49957
vt 0.98735 0.72409
vt 0.78015 0.72409
vt 0.52812 0.68923
vt 0.52812 0.40349
vt 0.28381 0.40349
vt 0.28381 0.68923
vt 0.55133 0.68166
vt 0.75853 0.68166
vt 0.52812 0.71729
vt 0.28381 0.71729
vt 0.01325 0.47082
vt 0.26357 0.47082
vt 0.26357 0.19114
vt 0.01325 0.19114
vt 0.75853 0.41775
vt 0.55133 0.41775
vt 0.78015 0.98801
vt 0.98735 0.98801
vt 0.28381 0.99026
vt 0.52812 0.99026
vt 0.52444 0.20781
vt 0.28824 0.20781
vt 0.28824 0.3784
vt 0.52444 0.3784
vt 0.27378 0.17884
vt 0.27378 0.00825
vt 0.01263 0.00825
vt 0.01263 0.17884
vt 0.28207 0.17884
vt 0.54323 0.17884
vt 0.54323 0.00825
vt 0.28207 0.00825
usemtl mat1
f 351/351/232 352/352/233 353/353/234
f 351/351/232 353/353/234 354/354/235
f 355/355/236 356/356/237 357/357/238
f 355/355/236 357/357/238 358/358/239
f 359/359/240 360/360/233 361/361/241
f 359/359/240 361/361/241 362/362/242
f 361/361/241 360/360/233 363/363/243
f 361/361/241 363/363/243 364/364/244
f 365/365/245 355/355/236 358/358/239
f 365/365/245 358/358/239 366/366/246
f 367/367/247 368/368/248 369/369/249
f 367/367/247 369/369/249 370/370/250
f 371/371/251 351/351/232 354/354/235
f 371/371/251 354/354/235 372/372/252
f 373/373/253 367/367/247 370/370/250
f 373/373/253 370/370/250 374/374/245
f 375/375/254 364/364/244 363/363/243
f 375/375/254 363/363/243 376/376/255
f 376/376/255 377/377/236 378/378/256
f 376/376/255 378/378/256 375/375/254
f 372/372/252 379/379/244 380/380/257
f 372/372/252 380/380/257 371/371/251
f 366/366/246 381/381/247 382/382/258
f 366/366/246 382/382/258 365/365/245
f 374/374/245 383/383/232 384/384/259
f 374/374/245 384/384/259 373/373/253
f 385/385/260 386/386/261 387/387/262
f 385/385/260 387/387/262 388/388/243
f 389/389/263 390/390/263 391/391/264
f 389/389/263 391/391/264 392/392/264
f 393/393/265 394/394/266 395/395/266
f 393/393/265 395/395/266 396/396/265
f 390/390/263 389/389/263 393/393/265
f 390/390/263 393/393/265 396/396/265
# Vertices: 46, normals: 35, texture coordinates: 46, faces: 34

o obj7
v 2.55827468 65.35425371 -4.7072733
v 2.55827484 65.35116507 -4.59953484
v 2.55827484 65.79872708 -4.58484838
v 2.55827468 65.80181556 -4.69258675
v 2.60631946 65.79872708 -4.58484838
v 2.6063193 65.80181556 -4.69258675
v 2.60631914 65.35116507 -4.59953484
v 2.60631946 65.79872708 -4.58484838
v 2.60631898 65.35425371 -4.7072733
v 2.60631914 65.35116507 -4.59953484
v 2.6063193 65.80181556 -4.69258675
v 2.60631898 65.35425371 -4.7072733
v 2.60351537 66.44323407 -5.95883703
v 2.6613176 66.4835415 -5.99973908
v 2.6613176 64.39103549 -5.99973908
v 2.60351424 64.43193749 -5.95883703
v 2.60351488 64.43193749 -4.5337253
v 2.60351601 66.44443818 -4.49868827
v 2.66131825 64.39103542 -4.49353566
v 2.66131825 66.48595457 -4.45705053
v 2.6613176 64.39103549 -5.99973908
v 2.66131825 64.39103542 -4.49353566
v 2.66131825 66.48595457 -4.45705053
v 2.6613176 66.4835415 -5.99973908
v 2.6613176 66.4835415 -5.99973908
v 2.6613176 64.39103549 -5.99973908
vn -0.59494 -0.57713 -0.55943
vn 0.5592 -0.5776 -0.5947
vn 0.59494 -0.57713 0.55943
vn -0.5592 -0.5776 0.5947
vn 0.72852 0 0.68502
vn -0.68507 0 0.72847
vn 0.68502 0 -0.72852
vn 0.72847 0 0.68507
vn -0.72852 0 -0.68502
vn 0.68507 0 -0.72847
vn -0.68502 0 0.72852
vn -0.72847 0 -0.68507
vn -0.36589 -0.85528 0.36689
vn -0.68078 0.28449 0.67498
vn -0.67749 0.28639 -0.67749
vn -0.36642 -0.85526 -0.36642
vn 0.36399 -0.85459 -0.37039
vn 0.36928 -0.85596 0.36188
vn 0.67109 0.28839 -0.68299
vn 0.68061 0.28601 0.67451
vn 0.67107 0.28849 -0.68297
vn 0.68049 0.2861 0.67459
vn -0.68073 0.28451 0.67503
vn -0.68071 0.2846 0.67501
vn -0.67753 0.28641 -0.67743
vt 0.6427 0.15575
vt 0.61791 0.15585
vt 0.61791 0.25885
vt 0.6427 0.25875
vt 0.61795 0.2699
vt 0.64274 0.2698
vt 0.60686 0.15585
vt 0.60686 0.25885
vt 0.64265 0.1447
vt 0.61786 0.1448
vt 0.65375 0.25875
vt 0.65375 0.15575
vt 0.95572 0.03631
vt 0.95572 0.02705
vt 0.72293 0.02705
vt 0.72293 0.03631
vt 0.72293 0.20531
vt 0.95572 0.20531
vt 0.72293 0.21457
vt 0.95572 0.21457
vt 0.71361 0.03631
vt 0.71361 0.20531
vt 0.96505 0.20531
vt 0.96505 0.03631
vt 0.95572 0.38357
vt 0.72293 0.38357
usemtl mat1
f 397/397/267 398/398/268 399/399/269
f 397/397/267 399/399/269 400/400/270
f 400/400/270 399/399/269 401/401/271
f 400/400/270 401/401/271 402/402/272
f 399/399/269 398/398/268 403/403/273
f 399/399/269 403/403/273 404/404/274
f 398/398/268 397/397/267 405/405/275
f 398/398/268 405/405/275 406/406/276
f 397/397/267 400/400/270 407/407/277
f 397/397/267 407/407/277 408/408/278
f 409/409/279 410/410/280 411/411/281
f 409/409/279 411/411/281 412/412/282
f 409/409/279 412/412/282 413/413/283
f 409/409/279 413/413/283 414/414/284
f 413/413/283 415/415/285 416/416/286
f 413/413/283 416/416/286 414/414/284
f 412/412/282 417/417/281 418/418/287
f 412/412/282 418/418/287 413/413/283
f 414/414/284 419/419/288 420/420/289
f 414/414/284 420/420/289 409/409/279
f 421/421/290 416/416/286 415/415/285
f 421/421/290 415/415/285 422/422/291
# Vertices: 26, normals: 25, texture coordinates: 26, faces: 22

o obj8
v 2.32174725 61.92754423 3.69779636
v -1.2815818 61.92754377 3.69779811
v -1.28158068 61.92754345 6.10050287
v 2.32174804 61.92754391 6.10050125
v -1.28158133 59.52560255 3.69779843
v 2.32174755 59.52560301 3.69779668
v 2.32174834 59.52560265 6.10050157
v -1.28158038 59.52560219 6.1005032
v -1.28158068 61.92754345 6.10050287
v -1.2815818 61.92754377 3.69779811
v -1.28158133 59.52560255 3.69779843
v -1.28158038 59.52560219 6.1005032
v -1.11652984 59.69065407 3.69779823
v -1.1165301 61.76276974 3.69779795
v -1.11652916 61.76276943 6.02230149
v -1.1165289 59.69065376 6.02230177
v 2.32174755 59.52560301 3.69779668
v 2.32174725 61.92754423 3.69779636
v 2.32174804 61.92754391 6.10050125
v 2.32174834 59.52560265 6.10050157
v -1.11652984 59.69065407 3.69779823
v 2.15669586 59.69065448 3.69779733
v -1.1165301 61.76276974 3.69779795
v 2.1566956 61.76277016 3.69779705
v 2.1566967 61.76276984 6.02230044
v -1.11652916 61.76276943 6.02230149
v -1.1165289 59.69065376 6.02230177
v -1.11652916 61.76276943 6.02230149
v 2.1566967 61.76276984 6.02230044
v 2.15669696 59.69065417 6.02230072
v 2.15669586 59.69065448 3.69779733
v 2.1566956 61.76277016 3.69779705
v -1.1165289 59.69065376 6.02230177
v 2.15669696 59.69065417 6.02230072
v 2.15669696 59.69065417 6.02230072
v 2.1566967 61.76276984 6.02230044
v 2.32174834 59.52560265 6.10050157
v 2.32174804 61.92754391 6.10050125
v -1.28158068 61.92754345 6.10050287
v -1.28158038 59.52560219 6.1005032
v 2.15669684 60.69067868 6.02230058
v -1.11652902 60.69067826 6.02230163
v -1.11652996 60.69067857 3.72182016
v 2.15669574 60.69067898 3.72181942
v 2.15669683 60.76274522 6.02230057
v 2.15669573 60.76274553 3.72181941
v -1.11652997 60.76274511 3.72182015
v -1.11652903 60.7627448 6.02230163
v -1.28374994 62.09735016 3.54726588
v -1.28374848 62.09734981 6.14805798
v 2.32391613 62.09735026 6.14805635
v 2.32391499 62.09735061 3.54726413
v -1.28158182 61.92782123 3.54726558
v 2.32174691 61.92782169 3.54726383
v 2.32174837 61.9275439 6.14805637
v -1.28158068 61.92754344 6.148058
v -1.28356833 62.08189258 3.51329311
v -1.28176328 61.94189276 3.51329313
v -1.28158182 61.92782123 3.54726558
v -1.28374994 62.09735016 3.54726588
v -1.28313044 62.04792126 3.50030515
v 2.32329549 62.04792172 3.5003034
v 2.32236624 61.97586455 3.50030341
v -1.28220117 61.97586409 3.50030516
v -1.28313044 62.04792126 3.50030515
v -1.28220117 61.97586409 3.50030516
v 2.32391613 62.09735026 6.14805635
v 2.32174837 61.9275439 6.14805637
v 2.32174691 61.92782169 3.54726383
v 2.32391499 62.09735061 3.54726413
v -1.28374848 62.09734981 6.14805798
v -1.28158068 61.92754344 6.148058
v 2.32192836 61.94189322 3.51329138
v 2.32373337 62.08189304 3.51329136
v 2.32373337 62.08189304 3.51329136
v -1.28356833 62.08189258 3.51329311
v 2.32192836 61.94189322 3.51329138
v -1.28176328 61.94189276 3.51329313
v 2.32236624 61.97586455 3.50030341
v 2.32329549 62.04792172 3.5003034
v 2.20868759 59.57364711 5.87180481
v 2.20868776 59.5736471 5.9678936
v 2.20868778 59.4775583 5.96789361
v 2.2086876 59.47755831 5.87180482
v 2.20868776 59.5736471 5.9678936
v 2.11259914 59.57364709 5.96789363
v 2.11259915 59.47755829 5.96789364
v 2.11259914 59.57364709 5.96789363
v 2.11259896 59.5736471 5.87180484
v 2.11259897 59.4775583 5.87180485
v 2.11259896 59.5736471 5.87180484
v 2.20868759 59.57364711 5.87180481
v -1.07242622 59.5736467 5.87180587
v -1.07242605 59.57364668 5.96789466
v -1.07242603 59.47755788 5.96789467
v -1.07242621 59.47755789 5.87180588
v -1.07242605 59.57364668 5.96789466
v -1.168515 59.57364667 5.96789469
v -1.16851531 59.47755787 5.96789471
v -1.168515 59.57364667 5.96789469
v -1.16851517 59.57364668 5.8718059
v -1.16851548 59.47755788 5.87180592
v -1.16851517 59.57364668 5.8718059
v -1.07242622 59.5736467 5.87180587
v 2.20868701 59.57364739 3.82991905
v 2.20868718 59.57364737 3.92600798
v 2.20868687 59.47755857 3.92600799
v 2.2086867 59.47755858 3.82991906
v 2.20868718 59.57364737 3.92600798
v 2.11259855 59.57364736 3.92600799
v 2.11259824 59.47755856 3.926008
v 2.11259855 59.57364736 3.92600799
v 2.11259838 59.57364737 3.82991906
v 2.11259807 59.47755857 3.82991907
v 2.11259838 59.57364737 3.82991906
v 2.20868701 59.57364739 3.82991905
v -1.0724268 59.57364697 3.82992011
v -1.07242663 59.57364696 3.92600888
v -1.07242629 59.47755816 3.92600889
v -1.07242647 59.47755817 3.82992012
v -1.07242663 59.57364696 3.92600888
v -1.16851558 59.57364695 3.92600889
v -1.16851557 59.47755814 3.9260089
v -1.16851558 59.57364695 3.92600889
v -1.16851575 59.57364696 3.82992012
v -1.16851574 59.47755816 3.82992014
v -1.16851575 59.57364696 3.82992012
v -1.0724268 59.57364697 3.82992011
vn -0.57732 -0.57742 0.57732
vn 0.57738 -0.57738 0.57728
vn 0.57728 0.57738 0.57738
vn -0.57738 0.57728 0.57738
vn 0.57738 -0.57738 -0.57728
vn -0.57732 -0.57742 -0.57732
vn -0.57728 0.57738 -0.57738
vn 0.57738 0.57728 -0.57738
vn 0.57738 0.57728 0.57738
vn 0.57728 -0.57738 0.57738
vn 0.57728 -0.57738 -0.57738
vn 0.57738 0.57738 -0.57728
vn -0.30151 -0.90453 0.30151
vn -0.3016 -0.90451 -0.3015
vn -0.57738 -0.57738 -0.57728
vn -0.57738 -0.57728 0.57738
vn -0.57732 -0.57732 -0.57742
vn -0.57728 -0.57738 0.57738
vn -0.57738 0.57738 0.57728
vn -0.57738 0.57728 -0.57738
vn -0.3015 -0.90451 0.3016
vn 0.3015 -0.90451 0.3016
vn -0.30151 -0.90453 -0.30151
vn 0.30151 -0.90453 -0.30151
vn -0.57738 -0.57728 -0.57738
vn -0.57738 -0.57738 0.57728
vn -0.57728 -0.57738 -0.57738
vn 0.30151 -0.90453 0.30151
vn 0.57738 -0.57728 0.57738
vn 0.57738 -0.57728 -0.57738
vn -0.57738 0.57738 -0.57728
vn -0.57728 0.57738 0.57738
vn 0.57738 0.57738 0.57728
vn 0.57728 0.57738 -0.57738
vn 0 0 -1
vn 0 -0.70711 -0.70711
vn 0 0 1
vn 0 -0.70711 0.70711
vn 0.66712 -0.1593 0.72772
vn 0.58131 0.57671 0.57401
vn -0.58141 0.57661 0.57401
vn -0.66712 -0.1593 0.72772
vn 0.66102 -0.145 -0.73622
vn -0.66102 -0.145 -0.73622
vn -0.57331 0.57801 -0.58071
vn 0.57331 0.57801 -0.58071
vn 0.63443 -0.56602 0.52642
vn 0.62437 -0.55707 -0.54757
vn 0.66097 -0.14499 -0.73627
vn 0.66701 -0.1593 0.72782
vn 0.66928 -0.73198 0.1276
vn -0.66927 -0.73197 0.12769
vn -0.66753 -0.73084 -0.14241
vn 0.66759 -0.73079 -0.1424
vn 0.66922 -0.73202 0.1276
vn 0.66747 -0.73087 -0.14249
vn -0.58131 0.57671 0.57401
vn -0.66092 -0.145 -0.73632
vn -0.66701 -0.1593 0.72782
vn -0.6244 -0.557 -0.5476
vn -0.63439 -0.56609 0.52639
vn -0.63449 -0.56599 0.52639
vn 0.63449 -0.56599 0.52639
vn -0.6245 -0.557 -0.5475
vn 0.62444 -0.55703 -0.54753
vn -0.66747 -0.73087 -0.14249
vn -0.66922 -0.73202 0.1276
vn -0.70711 -0.70711 0
vn -0.70711 0.70711 0
vn -0.57742 0.57732 -0.57732
vn 0.70711 0.70711 0
vn 0.70711 -0.70711 0
vn 0.57742 -0.57732 -0.57732
vt 0.45732 0.79211
vt 0.7373 0.79211
vt 0.7373 0.60545
vt 0.45732 0.60545
vt 0.13924 0.79418
vt 0.41922 0.79418
vt 0.41922 0.60752
vt 0.13924 0.60752
vt 0.76575 0.21877
vt 0.76575 0.40321
vt 0.95019 0.40321
vt 0.95019 0.21877
vt 0.95019 0.42113
vt 0.76575 0.42113
vt 0.76575 0.5996
vt 0.95019 0.5996
vt 0.76529 0.79401
vt 0.94973 0.79401
vt 0.94973 0.60957
vt 0.76529 0.60957
vt 0.13924 0.81231
vt 0.41922 0.81231
vt 0.7373 0.81024
vt 0.45732 0.81024
vt 0.45732 0.99086
vt 0.7373 0.99086
vt 0.6789 0.19061
vt 0.6789 0.02471
vt 0.41682 0.02471
vt 0.41682 0.19061
vt 0.76529 0.81193
vt 0.94973 0.81193
vt 0.13924 0.99293
vt 0.41922 0.99293
vt 0.76529 0.9904
vt 0.94973 0.9904
vt 0.98423 0.20115
vt 0.98423 0.00881
vt 0.69572 0.00881
vt 0.69572 0.20115
vt 0.73779 0.21882
vt 0.47571 0.21882
vt 0.47571 0.40301
vt 0.73779 0.40301
vt 0.73779 0.59298
vt 0.73779 0.40878
vt 0.47571 0.40878
vt 0.47571 0.59298
vt 0.24523 0.58596
vt 0.45382 0.58596
vt 0.45382 0.2971
vt 0.24523 0.2971
vt 0.22767 0.58578
vt 0.22768 0.29727
vt 0.0194 0.29727
vt 0.0194 0.58578
vt 0.97192 0.98145
vt 0.98313 0.98145
vt 0.98429 0.97873
vt 0.97083 0.97873
vt 0.23936 0.58591
vt 0.23936 0.29715
vt 0.23359 0.29723
vt 0.23359 0.58583
vt 0.97463 0.98257
vt 0.9804 0.98257
vt 0.97083 0.48158
vt 0.98429 0.48158
vt 0.98429 0.27315
vt 0.97083 0.27315
vt 0.97083 0.7703
vt 0.98429 0.7703
vt 0.98313 0.27043
vt 0.97192 0.27043
vt 0.2423 0.29712
vt 0.24229 0.58594
vt 0.23064 0.29726
vt 0.23063 0.5858
vt 0.9804 0.26931
vt 0.97463 0.26931
vt 0.04285 0.86239
vt 0.02367 0.86239
vt 0.02367 0.88156
vt 0.04285 0.88156
vt 0.0045 0.88156
vt 0.0045 0.90074
vt 0.02367 0.90074
vt 0.02367 0.91991
vt 0.04285 0.91991
vt 0.04285 0.90074
vt 0.06202 0.90074
vt 0.06202 0.88156
vt 0.06202 0.97556
vt 0.06202 0.95638
vt 0.04285 0.95638
vt 0.04285 0.97556
vt 0.04285 0.93721
vt 0.02367 0.93721
vt 0.02367 0.95638
vt 0.0045 0.95638
vt 0.0045 0.97556
vt 0.02367 0.97556
vt 0.02367 0.99473
vt 0.04285 0.99473
vt 0.12678 0.90074
vt 0.12678 0.88156
vt 0.10761 0.88156
vt 0.10761 0.90074
vt 0.10761 0.86239
vt 0.08843 0.86239
vt 0.08843 0.88156
vt 0.06926 0.88156
vt 0.06926 0.90074
vt 0.08843 0.90074
vt 0.08843 0.91991
vt 0.10761 0.91991
vt 0.08843 0.99473
vt 0.10761 0.99473
vt 0.10761 0.97556
vt 0.08843 0.97556
vt 0.12678 0.97556
vt 0.12678 0.95638
vt 0.10761 0.95638
vt 0.10761 0.93721
vt 0.08843 0.93721
vt 0.08843 0.95638
vt 0.06926 0.95638
vt 0.06926 0.97556
usemtl mat2
f 423/423/292 424/424/293 425/425/294
f 423/423/292 425/425/294 426/426/295
f 427/427/296 428/428/297 429/429/298
f 427/427/296 429/429/298 430/430/299
f 431/431/300 432/432/301 433/433/302
f 431/431/300 433/433/302 434/434/303
f 435/435/304 436/436/305 437/437/306
f 435/435/304 437/437/306 438/438/307
f 439/439/308 440/440/309 441/441/310
f 439/439/308 441/441/310 442/442/311
f 443/443/312 444/444/313 428/428/297
f 443/443/312 428/428/297 427/427/296
f 445/445/314 446/446/315 447/447/302
f 445/445/314 447/447/302 448/448/316
f 449/449/317 450/450/318 451/451/296
f 449/449/317 451/451/296 452/452/301
f 446/446/315 445/445/314 424/424/293
f 446/446/315 424/424/293 423/423/292
f 453/453/319 454/454/315 440/440/309
f 453/453/319 440/440/309 439/439/308
f 444/444/313 443/443/312 455/455/309
f 444/444/313 455/455/309 456/456/320
f 436/436/305 435/435/304 433/433/302
f 436/436/305 433/433/302 432/432/301
f 454/454/315 453/453/319 457/457/293
f 454/454/315 457/457/293 458/458/321
f 459/459/322 460/460/323 461/461/324
f 459/459/322 461/461/324 462/462/325
f 463/463/326 464/464/326 465/465/327
f 463/463/326 465/465/327 466/466/327
f 467/467/328 468/468/329 469/469/329
f 467/467/328 469/469/329 470/470/328
f 466/466/327 465/465/327 469/469/329
f 466/466/327 469/469/329 468/468/329
f 471/471/330 472/472/331 473/473/332
f 471/471/330 473/473/332 474/474/333
f 475/475/334 476/476/335 477/477/336
f 475/475/334 477/477/336 478/478/337
f 479/479/338 480/480/339 481/481/340
f 479/479/338 481/481/340 482/482/341
f 483/483/342 484/484/343 485/485/344
f 483/483/342 485/485/344 486/486/345
f 487/487/346 488/488/347 480/480/339
f 487/487/346 480/480/339 479/479/338
f 489/489/348 490/490/336 491/491/349
f 489/489/348 491/491/349 492/492/350
f 493/493/331 494/494/337 490/490/336
f 493/493/331 490/490/336 489/489/348
f 493/493/331 482/482/341 481/481/340
f 493/493/331 481/481/340 494/494/337
f 492/492/350 491/491/349 495/495/351
f 492/492/350 495/495/351 496/496/352
f 471/471/330 474/474/333 497/497/353
f 471/471/330 497/497/353 498/498/354
f 498/498/354 497/497/353 484/484/343
f 498/498/354 484/484/343 483/483/342
f 486/486/345 485/485/344 499/499/355
f 486/486/345 499/499/355 500/500/356
f 500/500/356 499/499/355 476/476/335
f 500/500/356 476/476/335 475/475/334
f 496/496/352 495/495/351 501/501/357
f 496/496/352 501/501/357 502/502/358
f 503/503/359 504/504/360 505/505/361
f 503/503/359 505/505/361 506/506/318
f 507/507/360 508/508/362 509/509/325
f 507/507/360 509/509/325 505/505/361
f 510/510/362 511/511/363 512/512/364
f 510/510/362 512/512/364 509/509/325
f 513/513/363 514/514/359 506/506/318
f 513/513/363 506/506/318 512/512/364
f 506/506/318 505/505/361 509/509/325
f 506/506/318 509/509/325 512/512/364
f 515/515/359 516/516/360 517/517/361
f 515/515/359 517/517/361 518/518/318
f 519/519/360 520/520/362 521/521/325
f 519/519/360 521/521/325 517/517/361
f 522/522/362 523/523/363 524/524/364
f 522/522/362 524/524/364 521/521/325
f 525/525/363 526/526/359 518/518/318
f 525/525/363 518/518/318 524/524/364
f 518/518/318 517/517/361 521/521/325
f 518/518/318 521/521/325 524/524/364
f 527/527/359 528/528/360 529/529/361
f 527/527/359 529/529/361 530/530/318
f 531/531/360 532/532/362 533/533/325
f 531/531/360 533/533/325 529/529/361
f 534/534/362 535/535/363 536/536/364
f 534/534/362 536/536/364 533/533/325
f 537/537/363 538/538/359 530/530/318
f 537/537/363 530/530/318 536/536/364
f 530/530/318 529/529/361 533/533/325
f 530/530/318 533/533/325 536/536/364
f 539/539/359 540/540/360 541/541/361
f 539/539/359 541/541/361 542/542/318
f 543/543/360 544/544/362 545/545/325
f 543/543/360 545/545/325 541/541/361
f 546/546/362 547/547/363 548/548/364
f 546/546/362 548/548/364 545/545/325
f 549/549/363 550/550/359 542/542/318
f 549/549/363 542/542/318 548/548/364
f 542/542/318 541/541/361 545/545/325
f 542/542/318 545/545/325 548/548/364
# Vertices: 128, normals: 73, texture coordinates: 128, faces: 102

o obj9
v -1.09705321 61.75130163 3.64975412
v -1.09705295 59.70960215 3.64975439
v -1.12391176 59.68274544 3.6977987
v -1.12391202 61.77815832 3.69779842
v 0.49322698 59.70960238 3.64975355
v 0.49322672 61.75130183 3.64975327
v 0.52008295 61.77815853 3.69779773
v 0.52008321 59.68274567 3.69779801
v -1.12391202 61.77815832 3.69779842
v 0.52008295 61.77815853 3.69779773
v 0.52008321 59.68274567 3.69779801
v -1.12391176 59.68274544 3.6977987
v -1.12391202 61.77815832 3.69779842
v -1.12391176 59.68274544 3.6977987
v 0.39967603 60.64487884 3.60301164
v 0.29190211 60.64421578 3.60301166
v 0.28953003 61.09203529 3.6030116
v 0.39730524 61.09269827 3.60301158
v 0.28953004 61.09203528 3.65105638
v 0.39730396 61.09269827 3.65105637
v 0.29190212 60.64421577 3.65105644
v 0.28953004 61.09203528 3.65105638
v 0.39967604 60.64487884 3.65105643
v 0.29190212 60.64421577 3.65105644
v 0.39730396 61.09269827 3.65105637
v 0.39967604 60.64487884 3.65105643
vn 0.40731 -0.81743 0.40731
vn 0.40731 -0.81743 -0.40731
vn 0.66772 0.32931 -0.66762
vn 0.66772 0.32931 0.66762
vn -0.40731 -0.81743 -0.40731
vn -0.40731 -0.81743 0.40731
vn -0.66762 0.32931 0.66772
vn -0.66762 0.32931 -0.66772
vn 0.66767 0.32929 0.66767
vn -0.66759 0.3294 0.66769
vn 0.66762 0.32931 -0.66772
vn 0.66769 0.3294 0.66759
vn 0.66759 0.3294 -0.66769
vn -0.58061 -0.57741 -0.57401
vn 0.57408 -0.57728 -0.58068
vn 0.58061 -0.57741 0.57401
vn -0.57411 -0.57731 0.58061
vn 0.71119 0 0.703
vn -0.7031 0 0.7111
vn 0.703 0 -0.71119
vn 0.7111 0 0.7031
vn -0.71119 0 -0.703
vn 0.7031 0 -0.7111
vn -0.703 0 0.71119
vn -0.7111 0 -0.7031
vt 0.02611 0.01476
vt 0.19152 0.01476
vt 0.19152 0.00988
vt 0.02611 0.00988
vt 0.19152 0.1436
vt 0.02611 0.1436
vt 0.02611 0.14848
vt 0.19152 0.14848
vt 0.02121 0.01476
vt 0.02121 0.1436
vt 0.19642 0.1436
vt 0.19642 0.01476
vt 0.02611 0.27732
vt 0.19152 0.27732
vt 0.05633 0.70977
vt 0.07359 0.70978
vt 0.07359 0.63807
vt 0.05633 0.63806
vt 0.07359 0.63038
vt 0.05633 0.63036
vt 0.08128 0.70978
vt 0.08128 0.63807
vt 0.05632 0.71746
vt 0.07358 0.71748
vt 0.04863 0.63806
vt 0.04863 0.70977
usemtl mat2
f 551/551/365 552/552/366 553/553/367
f 551/551/365 553/553/367 554/554/368
f 555/555/369 556/556/370 557/557/371
f 555/555/369 557/557/371 558/558/372
f 555/555/369 552/552/366 551/551/365
f 555/555/369 551/551/365 556/556/370
f 556/556/370 551/551/365 559/559/373
f 556/556/370 559/559/373 560/560/374
f 552/552/366 555/555/369 561/561/372
f 552/552/366 561/561/372 562/562/375
f 558/558/372 557/557/371 563/563/376
f 558/558/372 563/563/376 564/564/377
f 565/565/378 566/566/379 567/567/380
f 565/565/378 567/567/380 568/568/381
f 568/568/381 567/567/380 569/569/382
f 568/568/381 569/569/382 570/570/383
f 567/567/380 566/566/379 571/571/384
f 567/567/380 571/571/384 572/572/385
f 566/566/379 565/565/378 573/573/386
f 566/566/379 573/573/386 574/574/387
f 565/565/378 568/568/381 575/575/388
f 565/565/378 575/575/388 576/576/389
# Vertices: 26, normals: 25, texture coordinates: 26, faces: 22

o obj10
v 2.13371873 59.70960256 3.64975238
v 0.54693931 59.70960238 3.64975259
v 0.54693905 61.75130184 3.64975231
v 2.13371847 61.75130204 3.64975211
v 0.52008283 61.77815853 3.69779678
v 2.16057469 61.77815874 3.69779592
v 2.16057469 61.77815874 3.69779592
v 2.16057496 59.68274585 3.6977962
v 2.16057496 59.68274585 3.6977962
v 0.52008309 59.68274567 3.69779706
v 0.52008309 59.68274567 3.69779706
v 0.52008283 61.77815853 3.69779678
v 2.16057496 59.68274585 3.6977962
v 2.16057469 61.77815874 3.69779592
v 0.64743674 60.64302359 3.60301066
v 0.63594885 61.09067917 3.6030106
v 0.74368398 61.09389063 3.60301058
v 0.75517188 60.64623505 3.60301064
v 0.63594885 61.09067917 3.65105539
v 0.74368399 61.09389062 3.65105537
v 0.74368399 61.09389062 3.65105537
v 0.75517188 60.64623504 3.65105543
v 0.75517188 60.64623504 3.65105543
v 0.64743674 60.64302358 3.65105544
v 0.64743674 60.64302358 3.65105544
v 0.63594885 61.09067917 3.65105539
vn -0.40731 -0.81743 -0.40731
vn 0.40731 -0.81743 -0.40731
vn 0.40731 -0.81743 0.40731
vn -0.40731 -0.81743 0.40731
vn 0.66762 0.32931 0.66772
vn -0.66759 0.3294 0.66769
vn -0.66772 0.32931 0.66762
vn -0.66769 0.3294 -0.66759
vn -0.66762 0.32931 -0.66772
vn 0.66759 0.3294 -0.66769
vn 0.66767 0.32929 -0.66767
vn 0.56123 -0.57714 -0.59324
vn 0.593 -0.5776 0.561
vn -0.56123 -0.57714 0.59324
vn -0.593 -0.5776 -0.561
vn 0.72648 0 0.68718
vn -0.68729 0 0.72639
vn -0.68718 0 0.72648
vn -0.72639 0 -0.68729
vn -0.72648 0 -0.68718
vn 0.68729 0 -0.72639
vn 0.68718 0 -0.72648
vn 0.72639 0 0.68729
vt 0.21895 0.01622
vt 0.21895 0.14478
vt 0.38437 0.14478
vt 0.38437 0.01622
vt 0.38927 0.14478
vt 0.38927 0.01622
vt 0.38437 0.01134
vt 0.21895 0.01134
vt 0.21405 0.01622
vt 0.21405 0.14478
vt 0.21895 0.14966
vt 0.38437 0.14966
vt 0.21895 0.27822
vt 0.38437 0.27822
vt 0.07264 0.81938
vt 0.07264 0.74767
vt 0.05538 0.7476
vt 0.05538 0.81931
vt 0.07267 0.73998
vt 0.05541 0.7399
vt 0.04769 0.7476
vt 0.04769 0.81931
vt 0.05535 0.827
vt 0.07261 0.82707
vt 0.08034 0.81938
vt 0.08034 0.74767
usemtl mat2
f 577/577/390 578/578/391 579/579/392
f 577/577/390 579/579/392 580/580/393
f 580/580/393 579/579/392 581/581/394
f 580/580/393 581/581/394 582/582/395
f 577/577/390 580/580/393 583/583/396
f 577/577/390 583/583/396 584/584/397
f 578/578/391 577/577/390 585/585/398
f 578/578/391 585/585/398 586/586/399
f 579/579/392 578/578/391 587/587/400
f 579/579/392 587/587/400 588/588/394
f 587/587/400 589/589/397 590/590/395
f 587/587/400 590/590/395 588/588/394
f 591/591/401 592/592/402 593/593/403
f 591/591/401 593/593/403 594/594/404
f 593/593/403 592/592/402 595/595/405
f 593/593/403 595/595/405 596/596/406
f 594/594/404 593/593/403 597/597/407
f 594/594/404 597/597/407 598/598/408
f 591/591/401 594/594/404 599/599/409
f 591/591/401 599/599/409 600/600/410
f 592/592/402 591/591/401 601/601/411
f 592/592/402 601/601/411 602/602/412
# Vertices: 26, normals: 23, texture coordinates: 26, faces: 22

o obj11
v 2.66131695 66.63585303 -4.34160724
v 2.66131825 66.63585303 -0.73827996
v 5.06428722 66.63585303 -0.73828077
v 5.06428605 66.63585303 -4.34160805
v 2.66131825 64.23363495 -0.73827996
v 2.66131695 64.23363495 -4.34160724
v 5.06428605 64.23363495 -4.34160805
v 5.06428722 64.23363495 -0.73828077
v 5.06428722 66.63585303 -0.73828077
v 2.66131825 66.63585303 -0.73827996
v 2.66131825 64.23363495 -0.73827996
v 5.06428722 64.23363495 -0.73828077
v 2.66131808 64.39868642 -0.90333158
v 2.66131808 66.47080157 -0.90333158
v 4.98657211 66.47080157 -0.90333223
v 4.98657211 64.39868638 -0.90333223
v 2.66131695 64.23363495 -4.34160724
v 2.66131695 66.63585303 -4.34160724
v 5.06428605 66.63585303 -4.34160805
v 5.06428605 64.23363495 -4.34160805
v 2.66131808 64.39868642 -0.90333158
v 2.66131711 64.39868642 -4.17655611
v 2.66131808 66.47080157 -0.90333158
v 2.66131711 66.47080157 -4.17655611
v 4.98657147 66.47080157 -4.17655692
v 4.98657211 66.47080157 -0.90333223
v 4.98657211 64.39868638 -0.90333223
v 4.98657211 66.47080157 -0.90333223
v 4.98657147 66.47080157 -4.17655692
v 4.98657147 64.39868638 -4.17655692
v 2.66131711 64.39868642 -4.17655611
v 2.66131711 66.47080157 -4.17655611
v 4.98657211 64.39868638 -0.90333223
v 4.98657147 64.39868638 -4.17655692
v 4.98657147 64.39868638 -4.17655692
v 4.98657147 66.47080157 -4.17655692
v 5.06428605 64.23363495 -4.34160805
v 5.06428605 66.63585303 -4.34160805
v 5.06428722 66.63585303 -0.73828077
v 5.06428722 64.23363495 -0.73828077
vn -0.57738 -0.57738 0.57728
vn 0.57732 -0.57742 0.57732
vn 0.57728 0.57738 0.57738
vn -0.57738 0.57728 0.57738
vn 0.57738 -0.57738 -0.57728
vn -0.57732 -0.57742 -0.57732
vn -0.57728 0.57738 -0.57738
vn 0.57738 0.57728 -0.57738
vn 0.57738 0.57728 0.57738
vn 0.57728 -0.57738 0.57738
vn 0.57728 -0.57738 -0.57738
vn 0.57738 0.57738 -0.57728
vn -0.30151 -0.90453 0.30151
vn -0.30151 -0.90453 -0.30151
vn -0.57738 -0.57738 -0.57728
vn -0.57738 -0.57728 0.57738
vn -0.57732 -0.57732 -0.57742
vn -0.57728 -0.57738 0.57738
vn -0.57738 0.57738 0.57728
vn -0.57738 0.57728 -0.57738
vn -0.3015 -0.90451 0.3016
vn 0.30151 -0.90453 0.30151
vn 0.3015 -0.90451 -0.3016
vn -0.57738 -0.57728 -0.57738
vn -0.57728 -0.57738 -0.57738
vn 0.30151 -0.90453 -0.30151
vn 0.57738 -0.57728 0.57738
vn 0.57738 -0.57738 0.57728
vn 0.57738 -0.57728 -0.57738
vn -0.57738 0.57738 -0.57728
vn -0.57728 0.57738 0.57738
vn 0.57738 0.57738 0.57728
vn 0.57728 0.57738 -0.57738
vt 0.007 0.76113
vt 0.32491 0.76113
vt 0.32491 0.54919
vt 0.007 0.54919
vt 0.00763 0.31063
vt 0.32554 0.31063
vt 0.32554 0.09869
vt 0.00763 0.09869
vt 0.99088 0.24864
vt 0.78145 0.24864
vt 0.78145 0.45807
vt 0.99088 0.45807
vt 0.7611 0.45807
vt 0.7611 0.24864
vt 0.55845 0.24864
vt 0.55845 0.45807
vt 0.78145 0.47104
vt 0.78145 0.68047
vt 0.99087 0.68047
vt 0.99087 0.47104
vt 0.00763 0.33123
vt 0.32554 0.33123
vt 0.32491 0.78172
vt 0.007 0.78172
vt 0.007 0.98681
vt 0.32491 0.98681
vt 0.53967 0.68226
vt 0.35128 0.68226
vt 0.35128 0.97984
vt 0.53967 0.97984
vt 0.7611 0.47104
vt 0.7611 0.68047
vt 0.00763 0.53631
vt 0.32554 0.53631
vt 0.55845 0.47104
vt 0.55845 0.68047
vt 0.92975 0.23273
vt 0.92975 0.01434
vt 0.60215 0.01434
vt 0.60215 0.23273
usemtl mat3
f 603/603/413 604/604/414 605/605/415
f 603/603/413 605/605/415 606/606/416
f 607/607/417 608/608/418 609/609/419
f 607/607/417 609/609/419 610/610/420
f 611/611/421 612/612/422 613/613/423
f 611/611/421 613/613/423 614/614/424
f 615/615/425 616/616/426 617/617/427
f 615/615/425 617/617/427 618/618/428
f 619/619/429 620/620/430 621/621/431
f 619/619/429 621/621/431 622/622/432
f 623/623/433 624/624/434 608/608/418
f 623/623/433 608/608/418 607/607/417
f 625/625/426 626/626/435 627/627/423
f 625/625/426 627/627/423 628/628/436
f 629/629/413 630/630/437 631/631/417
f 629/629/413 631/631/417 632/632/422
f 626/626/435 625/625/426 604/604/414
f 626/626/435 604/604/414 603/603/413
f 633/633/434 634/634/438 620/620/430
f 633/633/434 620/620/430 619/619/429
f 624/624/434 623/623/433 635/635/430
f 624/624/434 635/635/430 636/636/439
f 616/616/426 615/615/425 613/613/423
f 616/616/426 613/613/423 612/612/422
f 634/634/438 633/633/434 637/637/440
f 634/634/438 637/637/440 638/638/441
f 639/639/442 640/640/443 641/641/444
f 639/639/442 641/641/444 642/642/445
# Vertices: 40, normals: 33, texture coordinates: 40, faces: 28

o obj12
v 2.60351569 66.45933345 -0.9228081
v 2.60351569 64.41763447 -0.9228081
v 2.66131857 64.39077776 -0.89595124
v 2.66131857 66.48619015 -0.89595124
v 2.60351537 64.41763449 -2.51308734
v 2.60351537 66.45933345 -2.5130872
v 2.66131792 66.48619015 -2.53994393
v 2.66131792 64.39077776 -2.53994407
v 2.66131857 66.48619015 -0.89595124
v 2.66131792 66.48619015 -2.53994393
v 2.66131792 64.39077776 -2.53994407
v 2.66131857 64.39077776 -0.89595124
v 2.66131857 66.48619015 -0.89595124
v 2.66131857 64.39077776 -0.89595124
v 2.55827452 65.3529108 -2.41953769
v 2.55827468 65.35224767 -2.31176342
v 2.55827468 65.80006708 -2.3093915
v 2.55827452 65.80073005 -2.41716576
v 2.6063193 65.80006708 -2.3093915
v 2.60631914 65.80073005 -2.41716573
v 2.6063193 65.35224767 -2.3117634
v 2.6063193 65.80006708 -2.3093915
v 2.60631914 65.3529108 -2.41953767
v 2.6063193 65.35224767 -2.3117634
v 2.60631914 65.80073005 -2.41716573
v 2.60631914 65.3529108 -2.41953767
vn 0.43557 -0.78775 0.43557
vn 0.43557 -0.78775 -0.43557
vn 0.65931 0.3616 -0.65921
vn 0.65928 0.36169 0.65918
vn -0.43557 -0.78775 -0.43557
vn -0.43557 -0.78775 0.43557
vn -0.65921 0.3616 0.65931
vn -0.65918 0.36169 -0.65928
vn 0.65921 0.3616 0.65931
vn -0.65921 0.3616 -0.65931
vn 0.65918 0.36169 -0.65928
vn -0.58061 -0.57741 -0.57401
vn 0.57408 -0.57728 -0.58068
vn 0.58061 -0.57741 0.57401
vn -0.57408 -0.57728 0.58068
vn 0.71119 0 0.703
vn -0.7031 0 0.7111
vn 0.703 0 -0.71119
vn 0.7111 0 0.7031
vn -0.71119 0 -0.703
vn 0.7031 0 -0.7111
vn -0.703 0 0.71119
vn -0.7111 0 -0.7031
vt 0.5389 0.30965
vt 0.35328 0.30965
vt 0.35328 0.31513
vt 0.5389 0.31513
vt 0.35328 0.16507
vt 0.5389 0.16507
vt 0.5389 0.1596
vt 0.35328 0.1596
vt 0.5444 0.30965
vt 0.5444 0.16507
vt 0.34779 0.16507
vt 0.34779 0.30965
vt 0.5389 0.01502
vt 0.35328 0.01502
vt 0.1997 0.03869
vt 0.19968 0.05828
vt 0.28111 0.05828
vt 0.28112 0.03869
vt 0.28984 0.05829
vt 0.28986 0.03869
vt 0.19968 0.06702
vt 0.28111 0.06702
vt 0.19096 0.03868
vt 0.19094 0.05828
vt 0.28112 0.02995
vt 0.1997 0.02995
usemtl mat3
f 643/643/446 644/644/447 645/645/448
f 643/643/446 645/645/448 646/646/449
f 647/647/450 648/648/451 649/649/452
f 647/647/450 649/649/452 650/650/453
f 647/647/450 644/644/447 643/643/446
f 647/647/450 643/643/446 648/648/451
f 648/648/451 643/643/446 651/651/454
f 648/648/451 651/651/454 652/652/452
f 644/644/447 647/647/450 653/653/455
f 644/644/447 653/653/455 654/654/456
f 650/650/453 649/649/452 655/655/449
f 650/650/453 655/655/449 656/656/456
f 657/657/457 658/658/458 659/659/459
f 657/657/457 659/659/459 660/660/460
f 660/660/460 659/659/459 661/661/461
f 660/660/460 661/661/461 662/662/462
f 659/659/459 658/658/458 663/663/463
f 659/659/459 663/663/463 664/664/464
f 658/658/458 657/657/457 665/665/465
f 658/658/458 665/665/465 666/666/466
f 657/657/457 660/660/460 667/667/467
f 657/657/457 667/667/467 668/668/468
# Vertices: 26, normals: 23, texture coordinates: 26, faces: 22

o obj13
v 2.60351504 64.41763447 -4.15357988
v 2.60351537 64.41763449 -2.56680077
v 2.60351537 66.45933345 -2.56680063
v 2.60351504 66.45933345 -4.15357988
v 2.66131792 66.48619015 -2.53994393
v 2.66131728 66.48619015 -4.18043674
v 2.66131728 66.48619015 -4.18043674
v 2.66131728 64.39077776 -4.18043674
v 2.66131728 64.39077776 -4.18043674
v 2.66131792 64.39077776 -2.53994407
v 2.66131792 64.39077776 -2.53994407
v 2.66131792 66.48619015 -2.53994393
v 2.66131728 64.39077776 -4.18043674
v 2.66131728 66.48619015 -4.18043674
v 2.55827452 65.35105544 -2.66729856
v 2.55827452 65.79871092 -2.6558108
v 2.55827436 65.80192236 -2.76354563
v 2.55827436 65.35426688 -2.77503338
v 2.60631914 65.79871092 -2.65581082
v 2.60631898 65.80192236 -2.76354565
v 2.60631898 65.80192236 -2.76354565
v 2.60631898 65.35426688 -2.7750334
v 2.60631898 65.35426688 -2.7750334
v 2.60631914 65.35105544 -2.66729858
v 2.60631914 65.35105544 -2.66729858
v 2.60631914 65.79871092 -2.65581082
vn -0.43549 -0.78779 -0.43559
vn 0.43557 -0.78775 -0.43557
vn 0.43557 -0.78775 0.43557
vn -0.43557 -0.78775 0.43557
vn 0.65921 0.3616 0.65931
vn -0.65921 0.3616 0.65931
vn -0.65931 0.3616 0.65921
vn -0.65931 0.3616 -0.65921
vn -0.65921 0.3616 -0.65931
vn 0.65921 0.3616 -0.65931
vn 0.65918 0.36169 0.65928
vn -0.65928 0.36169 -0.65918
vn -0.65918 0.36169 0.65928
vn 0.56123 -0.57714 -0.59324
vn 0.593 -0.5776 0.561
vn -0.56123 -0.57714 0.59324
vn -0.593 -0.5776 -0.561
vn 0.72648 0 0.68718
vn -0.68729 0 0.72639
vn -0.68718 0 0.72648
vn -0.72639 0 -0.68729
vn -0.72648 0 -0.68718
vn 0.68729 0 -0.72639
vn 0.68718 0 -0.72648
vn 0.72639 0 0.68729
vt 0.35267 0.3533
vt 0.35267 0.49756
vt 0.53829 0.49756
vt 0.53829 0.3533
vt 0.54378 0.49756
vt 0.54378 0.3533
vt 0.53829 0.34782
vt 0.35267 0.34782
vt 0.34717 0.3533
vt 0.34717 0.49756
vt 0.35267 0.50303
vt 0.53829 0.50303
vt 0.35267 0.64729
vt 0.53829 0.64729
vt 0.04979 0.05803
vt 0.13121 0.05803
vt 0.1313 0.03843
vt 0.04987 0.03843
vt 0.13995 0.05807
vt 0.14003 0.03847
vt 0.13129 0.0297
vt 0.04987 0.0297
vt 0.04114 0.0384
vt 0.04105 0.058
vt 0.04979 0.06677
vt 0.13121 0.06677
usemtl mat3
f 669/669/469 670/670/470 671/671/471
f 669/669/469 671/671/471 672/672/472
f 672/672/472 671/671/471 673/673/473
f 672/672/472 673/673/473 674/674/474
f 669/669/469 672/672/472 675/675/475
f 669/669/469 675/675/475 676/676/476
f 670/670/470 669/669/469 677/677/477
f 670/670/470 677/677/477 678/678/478
f 671/671/471 670/670/470 679/679/478
f 671/671/471 679/679/478 680/680/479
f 679/679/478 681/681/480 682/682/481
f 679/679/478 682/682/481 680/680/479
f 683/683/482 684/684/483 685/685/484
f 683/683/482 685/685/484 686/686/485
f 685/685/484 684/684/483 687/687/486
f 685/685/484 687/687/486 688/688/487
f 686/686/485 685/685/484 689/689/488
f 686/686/485 689/689/488 690/690/489
f 683/683/482 686/686/485 691/691/490
f 683/683/482 691/691/490 692/692/491
f 684/684/483 683/683/482 693/693/492
f 684/684/483 693/693/492 694/694/493
# Vertices: 26, normals: 25, texture coordinates: 26, faces: 22

o obj14
v 2.37861063 62.09734946 -3.75232641
v 4.97940251 62.09734946 -3.75232722
v 4.97940173 62.09734946 -6.15454578
v 2.37860999 62.09734946 -6.15454498
v 2.37861031 61.92782057 -3.75232641
v 2.37860967 61.92782057 -6.15454465
v 4.97940173 61.92754313 -6.15454562
v 4.97940251 61.92754313 -3.75232722
v 4.97940173 62.09734946 -6.15454578
v 4.97940251 62.09734946 -3.75232722
v 4.97940251 61.92754313 -3.75232722
v 4.97940173 61.92754313 -6.15454562
v 2.33164991 62.04792056 -3.75232641
v 2.33164991 61.97586341 -3.75232641
v 2.34463787 61.94189209 -3.75232633
v 2.34463787 62.08189188 -3.75232633
v 2.33164991 62.04792056 -3.75232641
v 2.33164926 62.04792056 -6.15454473
v 2.33164926 61.97586341 -6.15454473
v 2.33164991 61.97586341 -3.75232641
v 2.34463722 62.08189188 -6.15454457
v 2.34463787 62.08189188 -3.75232633
v 2.34463722 61.94189209 -6.15454457
v 2.34463787 61.94189209 -3.75232633
v 2.34463722 62.08189188 -6.15454457
v 2.34463722 61.94189209 -6.15454457
v 2.33164926 61.97586341 -6.15454473
v 2.33164926 62.04792056 -6.15454473
v 2.37860999 62.09734946 -6.15454498
v 2.37860967 61.92782057 -6.15454465
v 2.37861031 61.92782057 -3.75232641
v 2.37861063 62.09734946 -3.75232641
v 2.54697145 60.43431256 -3.92648148
v 4.81460155 60.43431256 -3.9264822
v 4.81460089 60.43431256 -5.98038466
v 2.5469708 60.42990008 -5.98038393
v 2.54697145 61.12750315 -3.92648148
v 4.81460155 61.12750315 -3.9264822
v 4.81460089 61.12750315 -5.98038466
v 2.5469708 61.12766279 -5.98038393
v 4.81460089 61.01911171 -5.98038466
v 4.81460155 61.01911171 -3.9264822
v 2.54697145 61.01911171 -3.92648148
v 2.5469708 61.02616395 -5.98038393
v 4.81460089 60.32591627 -5.98038466
v 4.81460155 60.32591627 -3.9264822
v 2.54697145 60.32591627 -3.92648148
v 2.5469708 60.32839679 -5.98038393
v 4.93184739 61.92754313 -3.75232157
v 4.93184739 59.5256024 -3.75232124
v 4.9318466 59.5256024 -6.15454578
v 4.9318466 61.92754313 -6.15454562
v 2.53010892 59.52560244 -6.15454498
v 2.53010892 61.92754313 -6.15454481
v 2.52860847 61.75365977 -3.92648148
v 2.53010956 61.92754313 -3.75232076
v 2.53010892 61.92754313 -6.15454481
v 2.52860782 61.75365977 -5.98038393
v 2.52860847 59.73541786 -3.92648148
v 2.53010956 59.52560244 -3.75232044
v 2.53010956 61.92754313 -3.75232076
v 2.52860847 61.75365977 -3.92648148
v 2.53010892 59.52560244 -6.15454498
v 2.53010956 59.52560244 -3.75232044
v 2.52860847 59.73541786 -3.92648148
v 2.52860782 59.73541786 -5.98038393
v 4.80931674 59.69976331 -3.9264822
v 4.80931606 59.69976331 -5.98038466
v 4.80931606 61.75365977 -5.98038466
v 4.80931674 61.75365977 -3.9264822
v 4.80931606 59.69976331 -5.98038466
v 4.80931606 61.75365977 -5.98038466
v 2.52860782 61.75365977 -5.98038393
v 2.52860782 59.73541786 -5.98038393
v 4.80931674 59.69976331 -3.9264822
v 4.80931674 61.75365977 -3.9264822
v 4.80931606 61.75365977 -5.98038466
v 4.80931606 59.69976331 -5.98038466
v 4.80931674 61.75365977 -3.9264822
v 4.80931674 59.69976331 -3.9264822
v 4.80544538 59.57364684 -6.02242352
v 4.8054454 59.57364684 -5.92633477
v 4.8054454 59.47755806 -5.92633477
v 4.80544538 59.47755806 -6.02242352
v 4.8054454 59.57364684 -5.92633477
v 4.70888561 59.57364684 -5.92633477
v 4.70888561 59.47755806 -5.92633477
v 4.70888561 59.57364684 -5.92633477
v 4.70888559 59.57364684 -6.02242352
v 4.70888559 59.47755806 -6.02242352
v 4.70888559 59.57364684 -6.02242352
v 4.80544538 59.57364684 -6.02242352
v 4.80544605 59.57364684 -3.98053783
v 4.80544607 59.57364684 -3.88444908
v 4.80544607 59.47755806 -3.88444908
v 4.80544605 59.47755806 -3.98053783
v 4.80544607 59.57364684 -3.88444908
v 4.70888628 59.57364684 -3.88444908
v 4.70888628 59.47755806 -3.88444908
v 4.70888628 59.57364684 -3.88444908
v 4.70888626 59.57364684 -3.98053783
v 4.70888626 59.47755806 -3.98053783
v 4.70888626 59.57364684 -3.98053783
v 4.80544605 59.57364684 -3.98053783
v 2.7535506 59.57364684 -6.02242288
v 2.7535506 59.57364684 -5.92633412
v 2.7535506 59.47755806 -5.92633412
v 2.7535506 59.47755806 -6.02242288
v 2.7535506 59.57364684 -5.92633412
v 2.65699083 59.57364684 -5.92633412
v 2.65699083 59.47755806 -5.92633412
v 2.65699083 59.57364684 -5.92633412
v 2.65699083 59.57364684 -6.02242288
v 2.65699083 59.47755806 -6.02242288
v 2.65699083 59.57364684 -6.02242288
v 2.7535506 59.57364684 -6.02242288
v 2.75355124 59.57364684 -3.98053719
v 2.75355124 59.57364684 -3.88444843
v 2.75355124 59.47755806 -3.88444843
v 2.75355124 59.47755806 -3.98053719
v 2.75355124 59.57364684 -3.88444843
v 2.65699148 59.57364684 -3.88444843
v 2.65699148 59.47755806 -3.88444843
v 2.65699148 59.57364684 -3.88444843
v 2.65699148 59.57364684 -3.98053719
v 2.65699148 59.47755806 -3.98053719
v 2.65699148 59.57364684 -3.98053719
v 2.75355124 59.57364684 -3.98053719
vn 0.66241 -0.1588 0.73211
vn 0.57728 0.57738 0.57738
vn -0.57738 0.57728 0.57738
vn -0.66242 -0.15871 0.73213
vn 0.66579 -0.1456 -0.73179
vn -0.66579 -0.1456 -0.73179
vn -0.57732 0.57732 -0.57742
vn 0.57738 0.57728 -0.57738
vn -0.57732 0.57732 0.57742
vn 0.57732 0.57732 0.57742
vn 0.57732 0.57732 -0.57742
vn 0.66841 -0.73142 0.1351
vn 0.66842 -0.73143 -0.135
vn 0.62798 -0.55789 -0.54259
vn 0.63081 -0.56531 0.53151
vn 0.66848 -0.73138 0.135
vn -0.66847 -0.73137 0.13509
vn -0.66848 -0.73138 -0.135
vn 0.66848 -0.73138 -0.135
vn -0.63081 -0.56541 0.53141
vn 0.63087 -0.56537 0.53137
vn -0.62802 -0.55782 -0.54262
vn 0.62802 -0.55782 -0.54262
vn -0.62798 -0.55779 -0.54269
vn -0.66841 -0.73142 -0.1351
vn -0.66842 -0.73143 0.135
vn -0.66236 -0.15879 0.73216
vn -0.66569 -0.1456 -0.73189
vn 0.66569 -0.1456 -0.73189
vn 0.66237 -0.15869 0.73217
vn -0.0008 -0.70701 0.70721
vn -0.001 -0.0009 1
vn -0.0008 -0.70796 0.70626
vn 0 -0.70711 0.70711
vn 0 0 1
vn 0.0001 -0.70711 0.70711
vn -0.0016 -0.0015 -1
vn -0.0017 -0.0015 -1
vn -0.0013 -0.70691 -0.70731
vn -0.0012 -0.70841 -0.70581
vn -0.0006 -0.0005 -1
vn -0.0005 -0.70701 -0.70721
vn -0.0003 -0.70751 -0.70671
vn 0.57738 0.57738 0.57728
vn 0.57735 0.57735 -0.57735
vn -0.57728 0.57738 -0.57738
vn -0.57798 -0.57588 -0.57818
vn -0.57812 -0.57572 0.57822
vn -0.29831 -0.90662 -0.29841
vn 0.57822 -0.57572 0.57812
vn -0.57822 -0.57572 0.57812
vn 0.29832 -0.90665 -0.29832
vn -0.3022 -0.90481 0.3
vn 0.57798 -0.57588 -0.57818
vn 0.57818 -0.57568 0.57818
vn -0.29832 -0.90665 -0.29832
vn -0.57808 -0.57588 -0.57808
vn 0.57808 -0.57588 -0.57808
vn -0.30219 -0.90478 0.30009
vn 0.3021 -0.90481 0.3001
vn -0.5765 -0.5732 0.5823
vn 0.5765 -0.5732 0.5823
vn 0.57728 -0.57738 -0.57738
vn -0.57738 -0.57728 -0.57738
vn 0.57654 -0.57324 0.58224
vn 0.57738 -0.57728 -0.57738
vn 0.29829 -0.90667 -0.29829
vn 0.3022 -0.90481 0.3
vn -0.57654 -0.57324 0.58224
vn -0.57728 -0.57738 -0.57738
vn 0.57738 -0.57738 -0.57728
vn -0.57738 -0.57738 -0.57728
vn -0.70711 0.70711 0
vn 0.70711 0.70711 0
vn 0.57732 0.57742 -0.57732
vn -0.57738 0.57728 -0.57738
vn 0.70711 -0.70711 0
vn -0.70711 -0.70711 0
vn -0.57732 -0.57742 -0.57732
vt 0.76333 0.47217
vt 0.92898 0.47217
vt 0.92898 0.31919
vt 0.76333 0.31919
vt 0.74937 0.47217
vt 0.74937 0.31919
vt 0.58371 0.31919
vt 0.58371 0.47217
vt 0.97045 0.82276
vt 0.97045 0.66978
vt 0.95974 0.66978
vt 0.95974 0.82276
vt 0.96739 0.50106
vt 0.9628 0.50106
vt 0.96064 0.50195
vt 0.96955 0.50195
vt 0.75864 0.47217
vt 0.75864 0.31919
vt 0.75405 0.31919
vt 0.75405 0.47217
vt 0.76098 0.31919
vt 0.76098 0.47217
vt 0.75171 0.31919
vt 0.75171 0.47217
vt 0.96955 0.99058
vt 0.96064 0.99058
vt 0.9628 0.99147
vt 0.96739 0.99147
vt 0.97045 0.98841
vt 0.95974 0.98841
vt 0.95974 0.50412
vt 0.97045 0.50412
vt 0.16536 0.69808
vt 0.02165 0.69808
vt 0.02187 0.82888
vt 0.16558 0.82888
vt 0.16517 0.846
vt 0.02146 0.84624
vt 0.02168 0.97703
vt 0.16538 0.9768
vt 0.31555 0.97703
vt 0.31578 0.84624
vt 0.17207 0.84599
vt 0.17185 0.97679
vt 0.31575 0.82888
vt 0.31597 0.69808
vt 0.17226 0.69808
vt 0.17204 0.82888
vt 0.3414 0.53469
vt 0.3414 0.67663
vt 0.48334 0.67663
vt 0.48334 0.53469
vt 0.63637 0.67663
vt 0.63637 0.53469
vt 0.3414 0.36445
vt 0.3414 0.38105
vt 0.48334 0.38105
vt 0.48334 0.36445
vt 0.17183 0.67663
vt 0.18837 0.67663
vt 0.18837 0.53469
vt 0.17183 0.53469
vt 0.48334 0.83028
vt 0.3414 0.83028
vt 0.3414 0.84688
vt 0.48334 0.84688
vt 0.3414 0.99276
vt 0.48334 0.99276
vt 0.48334 0.21856
vt 0.3414 0.21856
vt 0.7982 0.67663
vt 0.7982 0.53469
vt 0.6529 0.53469
vt 0.6529 0.67663
vt 0.8264 0.70335
vt 0.69561 0.70335
vt 0.69561 0.83415
vt 0.8264 0.83415
vt 0.02653 0.53469
vt 0.02653 0.67663
vt 0.91289 0.53971
vt 0.91289 0.52747
vt 0.90066 0.52747
vt 0.90066 0.53971
vt 0.90066 0.51523
vt 0.88842 0.51523
vt 0.88842 0.52747
vt 0.87618 0.52747
vt 0.87618 0.53971
vt 0.88842 0.53971
vt 0.88842 0.55195
vt 0.90066 0.55195
vt 0.88842 0.63628
vt 0.90066 0.63628
vt 0.90066 0.62404
vt 0.88842 0.62404
vt 0.91289 0.62404
vt 0.91289 0.6118
vt 0.90066 0.6118
vt 0.90066 0.59957
vt 0.88842 0.59957
vt 0.88842 0.6118
vt 0.87618 0.6118
vt 0.87618 0.62404
vt 0.90066 0.78682
vt 0.88842 0.78682
vt 0.88842 0.79906
vt 0.90066 0.79906
vt 0.87618 0.79906
vt 0.87618 0.8113
vt 0.88842 0.8113
vt 0.88842 0.82354
vt 0.90066 0.82354
vt 0.90066 0.8113
vt 0.91289 0.8113
vt 0.91289 0.79906
vt 0.87618 0.69921
vt 0.87618 0.71145
vt 0.88842 0.71145
vt 0.88842 0.69921
vt 0.88842 0.72369
vt 0.90066 0.72369
vt 0.90066 0.71145
vt 0.91289 0.71145
vt 0.91289 0.69921
vt 0.90066 0.69921
vt 0.90066 0.68697
vt 0.88842 0.68697
usemtl mat4
f 695/695/494 696/696/495 697/697/496
f 695/695/494 697/697/496 698/698/497
f 699/699/498 700/700/499 701/701/500
f 699/699/498 701/701/500 702/702/501
f 703/703/502 704/704/503 705/705/504
f 703/703/502 705/705/504 706/706/500
f 707/707/505 708/708/506 709/709/507
f 707/707/505 709/709/507 710/710/508
f 711/711/509 712/712/510 713/713/511
f 711/711/509 713/713/511 714/714/512
f 695/695/494 698/698/497 715/715/513
f 695/695/494 715/715/513 716/716/514
f 716/716/514 715/715/513 712/712/510
f 716/716/514 712/712/510 711/711/509
f 714/714/512 713/713/511 717/717/515
f 714/714/512 717/717/515 718/718/516
f 718/718/516 717/717/515 700/700/499
f 718/718/516 700/700/499 699/699/498
f 719/719/513 720/720/517 721/721/518
f 719/719/513 721/721/518 722/722/519
f 723/723/520 724/724/521 720/720/517
f 723/723/520 720/720/517 719/719/513
f 706/706/500 724/724/521 723/723/520
f 706/706/500 723/723/520 703/703/502
f 710/710/508 709/709/507 725/725/522
f 710/710/508 725/725/522 726/726/523
f 705/705/504 704/704/503 726/726/523
f 705/705/504 726/726/523 725/725/522
f 727/727/524 728/728/525 729/729/525
f 727/727/524 729/729/525 730/730/526
f 731/731/527 732/732/528 733/733/528
f 731/731/527 733/733/528 734/734/529
f 735/735/530 736/736/531 737/737/532
f 735/735/530 737/737/532 738/738/533
f 739/739/534 740/740/534 741/741/535
f 739/739/534 741/741/535 742/742/536
f 730/730/526 742/742/536 741/741/535
f 730/730/526 741/741/535 727/727/524
f 734/734/529 738/738/533 737/737/532
f 734/734/529 737/737/532 731/731/527
f 743/743/537 744/744/538 745/745/539
f 743/743/537 745/745/539 746/746/496
f 747/747/540 748/748/541 746/746/496
f 747/747/540 746/746/496 745/745/539
f 749/749/542 750/750/543 751/751/544
f 749/749/542 751/751/544 752/752/545
f 753/753/546 754/754/547 755/755/548
f 753/753/546 755/755/548 756/756/549
f 757/757/550 758/758/551 759/759/552
f 757/757/550 759/759/552 760/760/553
f 750/750/543 743/743/537 746/746/496
f 750/750/543 746/746/496 751/751/544
f 745/745/539 744/744/538 758/758/551
f 745/745/539 758/758/551 757/757/550
f 759/759/552 761/761/554 762/762/555
f 759/759/552 762/762/555 760/760/553
f 763/763/556 764/764/557 749/749/542
f 763/763/556 749/749/542 752/752/545
f 765/765/558 766/766/559 767/767/560
f 765/765/558 767/767/560 768/768/561
f 769/769/562 770/770/563 771/771/564
f 769/769/562 771/771/564 772/772/555
f 754/754/547 744/744/538 743/743/537
f 754/754/547 743/743/537 755/755/548
f 756/756/549 773/773/565 774/774/554
f 756/756/549 774/774/554 753/753/546
f 768/768/561 767/767/560 748/748/541
f 768/768/561 748/748/541 747/747/540
f 775/775/566 776/776/567 777/777/568
f 775/775/566 777/777/568 778/778/569
f 779/779/567 780/780/570 781/781/559
f 779/779/567 781/781/559 777/777/568
f 782/782/570 783/783/571 784/784/572
f 782/782/570 784/784/572 781/781/559
f 785/785/571 786/786/566 778/778/569
f 785/785/571 778/778/569 784/784/572
f 778/778/569 777/777/568 781/781/559
f 778/778/569 781/781/559 784/784/572
f 787/787/566 788/788/567 789/789/568
f 787/787/566 789/789/568 790/790/569
f 791/791/567 792/792/570 793/793/559
f 791/791/567 793/793/559 789/789/568
f 794/794/570 795/795/571 796/796/572
f 794/794/570 796/796/572 793/793/559
f 797/797/571 798/798/566 790/790/569
f 797/797/571 790/790/569 796/796/572
f 790/790/569 789/789/568 793/793/559
f 790/790/569 793/793/559 796/796/572
f 799/799/566 800/800/567 801/801/568
f 799/799/566 801/801/568 802/802/569
f 803/803/567 804/804/570 805/805/559
f 803/803/567 805/805/559 801/801/568
f 806/806/570 807/807/571 808/808/572
f 806/806/570 808/808/572 805/805/559
f 809/809/571 810/810/566 802/802/569
f 809/809/571 802/802/569 808/808/572
f 802/802/569 801/801/568 805/805/559
f 802/802/569 805/805/559 808/808/572
f 811/811/566 812/812/567 813/813/568
f 811/811/566 813/813/568 814/814/569
f 815/815/567 816/816/570 817/817/559
f 815/815/567 817/817/559 813/813/568
f 818/818/570 819/819/571 820/820/572
f 818/818/570 820/820/572 817/817/559
f 821/821/571 822/822/566 814/814/569
f 821/821/571 814/814/569 820/820/572
f 814/814/569 813/813/568 817/817/559
f 814/814/569 817/817/559 820/820/572
# Vertices: 128, normals: 79, texture coordinates: 128, faces: 108

o obj15
v 2.45777966 60.34600818 -3.93136675
v 2.45777966 59.70565438 -3.94180058
v 2.52811419 59.68800002 -3.92414629
v 2.52811435 60.36366254 -3.9137123
v 2.52811419 59.73861169 -3.96895273
v 2.52811419 60.32119662 -3.96895273
v 2.52811419 59.68800002 -3.92414629
v 2.52811354 59.69614609 -5.98801828
v 2.52811354 59.73861169 -5.93791785
v 2.52811419 59.73861169 -3.96895273
v 2.52811354 60.36366254 -5.98801828
v 2.52811435 60.36366254 -3.9137123
v 2.52811419 60.32119662 -3.96895273
v 2.52811354 60.32119662 -5.93791785
v 2.52811354 59.69614609 -5.98801828
v 2.52811354 60.36366254 -5.98801828
v 2.52811354 60.32119662 -5.93791785
v 2.52811354 59.73861169 -5.93791785
v 2.52811354 59.73861169 -5.93791785
v 2.52811354 60.32119662 -5.93791785
v 4.79682488 60.32898923 -5.94571135
v 4.79682488 59.73081908 -5.94571135
v 2.52811419 60.32119662 -3.96895273
v 2.52811419 59.73861169 -3.96895273
v 4.79682565 59.73081908 -3.96116101
v 4.79682565 60.32898923 -3.96116101
v 2.52811419 59.73861169 -3.96895273
v 2.52811354 59.73861169 -5.93791785
v 4.79682488 59.73081908 -5.94571135
v 4.79682565 59.73081908 -3.96116101
v 4.79682565 60.32898923 -3.96116101
v 4.79682565 59.73081908 -3.96116101
v 4.79682488 59.73081908 -5.94571135
v 4.79682488 60.32898923 -5.94571135
v 4.73647563 60.32872691 -5.88539273
v 2.58846247 60.32145951 -5.87812445
v 2.58846247 59.79297185 -5.87812445
v 4.73647563 59.80023869 -5.88539273
v 2.58846311 60.32145951 -4.02874606
v 2.58846247 60.32145951 -5.87812445
v 2.52811354 60.32119662 -5.93791785
v 2.52811419 60.32119662 -3.96895273
v 4.73647636 60.32872691 -4.0214798
v 2.58846311 60.32145951 -4.02874606
v 4.73647563 60.32872691 -5.88539273
v 4.73647636 60.32872691 -4.0214798
v 2.58846311 59.79297185 -4.02874606
v 4.73647636 59.80023869 -4.0214798
v 2.45777901 59.71380046 -5.97036375
v 2.45777901 60.34600818 -5.97036375
v 2.41701544 60.1433213 -4.7433854
v 2.41701544 60.24089709 -4.74087482
v 2.41701511 60.25177091 -5.1634831
v 2.41701511 60.15419491 -5.16599396
v 2.46553188 60.24089709 -4.74087484
v 2.46553155 60.25177091 -5.16348312
v 2.46553155 60.25177091 -5.16348312
v 2.46553155 60.15419491 -5.16599398
v 2.46553155 60.15419491 -5.16599398
v 2.46553188 60.1433213 -4.74338542
v 2.46553188 60.1433213 -4.74338542
v 2.46553188 60.24089709 -4.74087484
vn 0.50741 -0.70301 0.49831
vn 0.49742 -0.70262 -0.50882
vn 0.62548 0.45228 -0.63578
vn 0.63611 0.4483 0.62801
vn 0.3026 0.90381 -0.3026
vn 0.3026 0.90381 0.3026
vn 0.62552 0.45231 -0.63572
vn -0.6321 0.4513 -0.6299
vn -0.3026 0.90381 -0.3026
vn -0.6313 0.4506 0.6312
vn 0.63621 0.4483 0.62791
vn 0.30259 0.90378 0.30269
vn -0.30269 0.90378 0.30259
vn -0.632 0.4513 -0.63
vn -0.6312 0.4506 0.6313
vn -0.30269 0.90378 -0.30259
vn -0.30268 0.90375 0.30268
vn -0.57832 0.57542 0.57832
vn -0.57822 0.57552 -0.57832
vn 0.30269 0.90378 0.30259
vn 0.30269 0.90378 -0.30259
vn 0.57822 0.57552 -0.57832
vn 0.57828 0.57538 0.57838
vn 0.30259 0.90378 -0.30269
vn -0.30259 0.90378 -0.30269
vn -0.57832 0.57552 -0.57822
vn 0.57832 0.57552 -0.57822
vn 0.57842 0.57532 0.57832
vn -0.57828 0.57538 0.57838
vn 0.30052 -0.30362 0.90416
vn 0.3025 0.2994 0.9049
vn 0.57612 0.57732 0.57862
vn 0.57862 -0.57732 0.57612
vn -0.3025 0.2994 0.9049
vn -0.30259 0.90378 0.30269
vn -0.30049 -0.30359 0.90418
vn -0.30251 0.29931 0.90493
vn 0.30048 -0.30368 0.90415
vn -0.30048 -0.30368 0.90415
vn -0.57612 0.57732 0.57862
vn -0.57862 -0.57732 0.57612
vn -0.50422 -0.70273 -0.50192
vn -0.50306 -0.70275 0.50306
vn 0.56232 -0.57732 -0.59202
vn 0.59199 -0.57739 0.56229
vn -0.56232 -0.57732 0.59202
vn -0.59199 -0.57739 -0.56229
vn 0.72507 0 0.68867
vn -0.68872 0 0.72502
vn -0.68867 0 0.72507
vn -0.72502 0 -0.68872
vn -0.72507 0 -0.68867
vn 0.68872 0 -0.72502
vn 0.68867 0 -0.72507
vn 0.72502 0 0.68872
vt 0.96303 0.23299
vt 0.96303 0.2721
vt 0.96777 0.2721
vt 0.96777 0.23299
vt 0.97205 0.2721
vt 0.97205 0.23299
vt 0.96303 0.27677
vt 0.83804 0.27677
vt 0.83804 0.28099
vt 0.96303 0.28099
vt 0.83804 0.22832
vt 0.96303 0.22832
vt 0.96303 0.2241
vt 0.83804 0.2241
vt 0.83331 0.2721
vt 0.83331 0.23299
vt 0.82903 0.23299
vt 0.82903 0.2721
vt 0.78051 0.06012
vt 0.74266 0.06012
vt 0.74266 0.19751
vt 0.78051 0.19751
vt 0.54868 0.06012
vt 0.51083 0.06012
vt 0.51083 0.19751
vt 0.54868 0.19751
vt 0.83821 0.98437
vt 0.83821 0.85848
vt 0.69444 0.85848
vt 0.69444 0.98437
vt 0.586 0.23586
vt 0.586 0.27476
vt 0.70534 0.27476
vt 0.70534 0.23586
vt 0.73749 0.19751
vt 0.73749 0.06012
vt 0.70534 0.06012
vt 0.70534 0.19751
vt 0.586 0.02708
vt 0.70534 0.02708
vt 0.70534 0.02177
vt 0.586 0.02177
vt 0.55385 0.19751
vt 0.55385 0.06012
vt 0.70534 0.23055
vt 0.586 0.23055
vt 0.586 0.06012
vt 0.586 0.19751
vt 0.83804 0.2721
vt 0.83804 0.23299
vt 0.43226 0.09921
vt 0.43226 0.08678
vt 0.37841 0.08678
vt 0.37841 0.09921
vt 0.43226 0.08066
vt 0.37841 0.08066
vt 0.37229 0.08678
vt 0.37229 0.09921
vt 0.37841 0.10533
vt 0.43226 0.10533
vt 0.43838 0.09921
vt 0.43838 0.08678
usemtl mat4
f 823/823/573 824/824/574 825/825/575
f 823/823/573 825/825/575 826/826/576
f 826/826/576 825/825/575 827/827/577
f 826/826/576 827/827/577 828/828/578
f 829/829/579 830/830/580 831/831/581
f 829/829/579 831/831/581 832/832/577
f 833/833/582 834/834/583 835/835/584
f 833/833/582 835/835/584 836/836/585
f 837/837/586 838/838/587 839/839/585
f 837/837/586 839/839/585 840/840/581
f 841/841/588 842/842/589 843/843/590
f 841/841/588 843/843/590 844/844/591
f 845/845/592 846/846/593 847/847/594
f 845/845/592 847/847/594 848/848/595
f 849/849/596 850/850/597 851/851/598
f 849/849/596 851/851/598 852/852/599
f 853/853/600 854/854/594 855/855/598
f 853/853/600 855/855/598 856/856/601
f 857/857/602 858/858/603 859/859/604
f 857/857/602 859/859/604 860/860/605
f 861/861/606 862/862/603 863/863/607
f 861/861/606 863/863/607 864/864/584
f 865/865/608 866/866/609 845/845/592
f 865/865/608 845/845/592 848/848/595
f 867/867/610 868/868/611 853/853/600
f 867/867/610 853/853/600 856/856/601
f 858/858/603 857/857/602 843/843/590
f 858/858/603 843/843/590 842/842/589
f 859/859/604 869/869/612 870/870/613
f 859/859/604 870/870/613 860/860/605
f 866/866/609 865/865/608 870/870/613
f 866/866/609 870/870/613 869/869/612
f 868/868/611 867/867/610 860/860/605
f 868/868/611 860/860/605 870/870/613
f 862/862/603 861/861/606 869/869/612
f 862/862/603 869/869/612 859/859/604
f 871/871/614 872/872/615 838/838/587
f 871/871/614 838/838/587 837/837/586
f 823/823/573 872/872/615 871/871/614
f 823/823/573 871/871/614 824/824/574
f 824/824/574 871/871/614 830/830/580
f 824/824/574 830/830/580 829/829/579
f 872/872/615 823/823/573 834/834/583
f 872/872/615 834/834/583 833/833/582
f 873/873/616 874/874/617 875/875/618
f 873/873/616 875/875/618 876/876/619
f 875/875/618 874/874/617 877/877/620
f 875/875/618 877/877/620 878/878/621
f 876/876/619 875/875/618 879/879/622
f 876/876/619 879/879/622 880/880/623
f 873/873/616 876/876/619 881/881/624
f 873/873/616 881/881/624 882/882/625
f 874/874/617 873/873/616 883/883/626
f 874/874/617 883/883/626 884/884/627
# Vertices: 62, normals: 55, texture coordinates: 62, faces: 54

o obj16
v 2.41701576 60.853295 -4.74059274
v 2.41701576 60.95085205 -4.7437488
v 2.41701544 60.93718383 -5.16627574
v 2.41701544 60.83962686 -5.16311999
v 2.46553188 60.95085205 -4.74374882
v 2.46553155 60.93718383 -5.16627576
v 2.46553155 60.93718383 -5.16627576
v 2.46553155 60.83962686 -5.16312001
v 2.46553155 60.83962686 -5.16312001
v 2.46553188 60.853295 -4.74059276
v 2.46553188 60.853295 -4.74059276
v 2.46553188 60.95085205 -4.74374882
v 2.45777966 61.06066396 -3.93451767
v 2.45777966 60.41149379 -3.93451767
v 2.52811419 60.39383943 -3.91686315
v 2.52811419 61.07831841 -3.91686315
v 2.52811419 60.43630503 -3.96895273
v 2.52811419 61.01889002 -3.96895273
v 2.52811419 60.39383943 -3.91686315
v 2.52811338 60.39383943 -5.9915234
v 2.52811354 60.43630503 -5.93791785
v 2.52811419 60.43630503 -3.96895273
v 2.52811338 61.06135586 -6.0022547
v 2.52811419 61.07831841 -3.91686315
v 2.52811419 61.01889002 -3.96895273
v 2.52811354 61.01889002 -5.93791785
v 2.52811338 60.39383943 -5.9915234
v 2.52811338 61.06135586 -6.0022547
v 2.52811354 61.01889002 -5.93791785
v 2.52811354 60.43630503 -5.93791785
v 2.52811354 60.43630503 -5.93791785
v 2.52811354 61.01889002 -5.93791785
v 4.79682502 61.02668263 -5.94571135
v 4.79682502 60.42851241 -5.94571135
v 2.52811419 61.01889002 -3.96895273
v 2.52811419 60.43630503 -3.96895273
v 4.79682579 60.42851241 -3.96116101
v 4.79682579 61.02668263 -3.96116101
v 2.52811419 60.43630503 -3.96895273
v 2.52811354 60.43630503 -5.93791785
v 4.79682502 60.42851241 -5.94571135
v 4.79682579 60.42851241 -3.96116101
v 4.79682579 61.02668263 -3.96116101
v 4.79682579 60.42851241 -3.96116101
v 4.79682502 60.42851241 -5.94571135
v 4.79682502 61.02668263 -5.94571135
v 4.73647577 61.02642022 -5.88539273
v 2.58846263 61.01915291 -5.87812445
v 2.58846263 60.49066516 -5.87812445
v 4.73647577 60.49793199 -5.88539273
v 2.58846327 61.01915291 -4.02874606
v 2.58846263 61.01915291 -5.87812445
v 2.52811354 61.01889002 -5.93791785
v 2.52811419 61.01889002 -3.96895273
v 4.7364765 61.02642022 -4.0214798
v 2.58846327 61.01915291 -4.02874606
v 4.73647577 61.02642022 -5.88539273
v 4.7364765 61.02642022 -4.0214798
v 2.58846327 60.49066516 -4.02874606
v 4.7364765 60.49793199 -4.0214798
v 2.45777901 60.41149379 -5.97386887
v 2.45777901 61.04370157 -5.98460017
vn 0.59572 -0.57732 -0.55842
vn 0.55838 -0.57738 0.59568
vn -0.59572 -0.57732 0.55842
vn -0.55838 -0.57738 -0.59568
vn 0.68389 0 0.72959
vn -0.72959 0 0.68389
vn -0.68389 0 -0.72959
vn 0.72959 0 -0.68389
vn 0.5006 -0.7029 0.5053
vn 0.50306 -0.70275 -0.50306
vn 0.6312 0.4506 -0.6313
vn 0.62951 0.44931 0.63391
vn 0.3026 0.90381 -0.3026
vn 0.3026 0.90381 0.3026
vn 0.6313 0.4506 -0.6312
vn -0.62612 0.45302 -0.63462
vn -0.3026 0.90381 -0.3026
vn -0.6381 0.4494 0.6252
vn 0.62958 0.44939 0.63378
vn 0.30259 0.90378 0.30269
vn -0.3026 0.90381 0.3026
vn -0.62608 0.45299 -0.63468
vn -0.63797 0.44948 0.62527
vn -0.30269 0.90378 -0.30259
vn -0.30268 0.90375 0.30268
vn -0.57832 0.57542 0.57832
vn -0.57822 0.57552 -0.57832
vn 0.30269 0.90378 0.30259
vn 0.30269 0.90378 -0.30259
vn 0.57822 0.57552 -0.57832
vn 0.57828 0.57538 0.57838
vn 0.30259 0.90378 -0.30269
vn -0.30259 0.90378 -0.30269
vn -0.57832 0.57552 -0.57822
vn 0.57832 0.57552 -0.57822
vn 0.57842 0.57532 0.57832
vn -0.57828 0.57538 0.57838
vn 0.30052 -0.30362 0.90416
vn 0.3025 0.2994 0.9049
vn 0.57612 0.57732 0.57862
vn 0.57862 -0.57732 0.57612
vn -0.3025 0.2994 0.9049
vn -0.30259 0.90378 0.30269
vn -0.30049 -0.30359 0.90418
vn -0.30251 0.29931 0.90493
vn 0.30048 -0.30368 0.90415
vn -0.30048 -0.30368 0.90415
vn -0.57612 0.57732 0.57862
vn -0.57862 -0.57732 0.57612
vn -0.49847 -0.70256 -0.50787
vn -0.51001 -0.70282 0.49591
vt 0.43226 0.16067
vt 0.43226 0.14824
vt 0.37841 0.14824
vt 0.37841 0.16067
vt 0.43226 0.14212
vt 0.37841 0.14212
vt 0.37229 0.14824
vt 0.37229 0.16067
vt 0.37841 0.16679
vt 0.43226 0.16679
vt 0.43837 0.16067
vt 0.43837 0.14824
vt 0.83827 0.17954
vt 0.83827 0.14033
vt 0.83354 0.14033
vt 0.83354 0.17954
vt 0.82889 0.14033
vt 0.82889 0.17954
vt 0.83827 0.13566
vt 0.96341 0.13566
vt 0.96341 0.13108
vt 0.83827 0.13108
vt 0.96341 0.18421
vt 0.83827 0.18421
vt 0.83827 0.18879
vt 0.96341 0.18879
vt 0.96814 0.14033
vt 0.96814 0.17954
vt 0.97278 0.17954
vt 0.97278 0.14033
vt 0.29896 0.03998
vt 0.26105 0.03998
vt 0.26105 0.17735
vt 0.29896 0.17735
vt 0.06725 0.03998
vt 0.02934 0.03998
vt 0.02934 0.17735
vt 0.06725 0.17735
vt 0.66018 0.83046
vt 0.66018 0.70457
vt 0.51641 0.70457
vt 0.51641 0.83046
vt 0.10449 0.21569
vt 0.10449 0.25472
vt 0.22381 0.25472
vt 0.22381 0.21569
vt 0.2559 0.17735
vt 0.2559 0.03998
vt 0.22381 0.03998
vt 0.22381 0.17735
vt 0.10449 0.00694
vt 0.22381 0.00694
vt 0.22381 0.00163
vt 0.10449 0.00163
vt 0.0724 0.17735
vt 0.0724 0.03998
vt 0.22381 0.21039
vt 0.10449 0.21039
vt 0.10449 0.03998
vt 0.10449 0.17735
vt 0.96341 0.14033
vt 0.96341 0.17954
usemtl mat4
f 885/885/628 886/886/629 887/887/630
f 885/885/628 887/887/630 888/888/631
f 887/887/630 886/886/629 889/889/632
f 887/887/630 889/889/632 890/890/633
f 888/888/631 887/887/630 891/891/633
f 888/888/631 891/891/633 892/892/634
f 885/885/628 888/888/631 893/893/634
f 885/885/628 893/893/634 894/894/635
f 886/886/629 885/885/628 895/895/635
f 886/886/629 895/895/635 896/896/632
f 897/897/636 898/898/637 899/899/638
f 897/897/636 899/899/638 900/900/639
f 900/900/639 899/899/638 901/901/640
f 900/900/639 901/901/640 902/902/641
f 903/903/642 904/904/643 905/905/644
f 903/903/642 905/905/644 906/906/640
f 907/907/645 908/908/646 909/909/647
f 907/907/645 909/909/647 910/910/648
f 911/911/649 912/912/650 913/913/648
f 911/911/649 913/913/648 914/914/644
f 915/915/651 916/916/652 917/917/653
f 915/915/651 917/917/653 918/918/654
f 919/919/655 920/920/656 921/921/657
f 919/919/655 921/921/657 922/922/658
f 923/923/659 924/924/660 925/925/661
f 923/923/659 925/925/661 926/926/662
f 927/927/663 928/928/657 929/929/661
f 927/927/663 929/929/661 930/930/664
f 931/931/665 932/932/666 933/933/667
f 931/931/665 933/933/667 934/934/668
f 935/935/669 936/936/666 937/937/670
f 935/935/669 937/937/670 938/938/647
f 939/939/671 940/940/672 919/919/655
f 939/939/671 919/919/655 922/922/658
f 941/941/673 942/942/674 927/927/663
f 941/941/673 927/927/663 930/930/664
f 932/932/666 931/931/665 917/917/653
f 932/932/666 917/917/653 916/916/652
f 933/933/667 943/943/675 944/944/676
f 933/933/667 944/944/676 934/934/668
f 940/940/672 939/939/671 944/944/676
f 940/940/672 944/944/676 943/943/675
f 942/942/674 941/941/673 934/934/668
f 942/942/674 934/934/668 944/944/676
f 936/936/666 935/935/669 943/943/675
f 936/936/666 943/943/675 933/933/667
f 945/945/677 946/946/678 912/912/650
f 945/945/677 912/912/650 911/911/649
f 897/897/636 946/946/678 945/945/677
f 897/897/636 945/945/677 898/898/637
f 898/898/637 945/945/677 904/904/643
f 898/898/637 904/904/643 903/903/642
f 946/946/678 897/897/636 908/908/646
f 946/946/678 908/908/646 907/907/645
# Vertices: 62, normals: 51, texture coordinates: 62, faces: 54

o obj17
v 2.45777966 61.74334858 -3.93503797
v 2.45777966 61.12215495 -3.93503797
v 2.52811419 61.10450067 -3.91738352
v 2.52811419 61.76100286 -3.91738352
v 2.52811419 61.13000379 -3.96895273
v 2.52811419 61.7125887 -3.96895273
v 2.52811419 61.10450067 -3.91738352
v 2.52811354 61.08753811 -5.98680811
v 2.52811354 61.13000379 -5.93791785
v 2.52811419 61.13000379 -3.96895273
v 2.52811354 61.77681818 -5.98680811
v 2.52811419 61.76100286 -3.91738352
v 2.52811419 61.7125887 -3.96895273
v 2.52811354 61.7125887 -5.93791785
v 2.52811354 61.08753811 -5.98680811
v 2.52811354 61.77681818 -5.98680811
v 2.52811354 61.7125887 -5.93791785
v 2.52811354 61.13000379 -5.93791785
v 2.52811354 61.13000379 -5.93791785
v 2.52811354 61.7125887 -5.93791785
v 4.79682488 61.72038132 -5.94571135
v 4.79682488 61.12221118 -5.94571135
v 2.52811419 61.7125887 -3.96895273
v 2.52811419 61.13000379 -3.96895273
v 4.79682565 61.12221118 -3.96116101
v 4.79682565 61.72038132 -3.96116101
v 2.52811419 61.13000379 -3.96895273
v 2.52811354 61.13000379 -5.93791785
v 4.79682488 61.12221118 -5.94571135
v 4.79682565 61.12221118 -3.96116101
v 4.79682565 61.72038132 -3.96116101
v 4.79682565 61.12221118 -3.96116101
v 4.79682488 61.12221118 -5.94571135
v 4.79682488 61.72038132 -5.94571135
v 4.73647563 61.72011907 -5.88539273
v 2.58846247 61.7128516 -5.87812445
v 2.58846247 61.18436385 -5.87812445
v 4.73647563 61.19163067 -5.88539273
v 2.58846311 61.7128516 -4.02874606
v 2.58846247 61.7128516 -5.87812445
v 2.52811354 61.7125887 -5.93791785
v 2.52811419 61.7125887 -3.96895273
v 4.73647636 61.72011907 -4.0214798
v 2.58846311 61.7128516 -4.02874606
v 4.73647563 61.72011907 -5.88539273
v 4.73647636 61.72011907 -4.0214798
v 2.58846311 61.18436385 -4.02874606
v 4.73647636 61.19163067 -4.0214798
v 2.45777901 61.1051924 -5.96915415
v 2.45777901 61.7591639 -5.96915415
v 2.41701544 61.54409895 -4.74118381
v 2.41701544 61.64168993 -4.74301083
v 2.41701511 61.63377742 -5.16568468
v 2.41701511 61.53618644 -5.16385823
v 2.46553188 61.64168993 -4.74301085
v 2.46553155 61.63377742 -5.1656847
v 2.46553155 61.63377742 -5.1656847
v 2.46553155 61.53618644 -5.16385825
v 2.46553155 61.53618644 -5.16385825
v 2.46553188 61.54409895 -4.74118383
v 2.46553188 61.54409895 -4.74118383
v 2.46553188 61.64168993 -4.74301085
vn 0.50533 -0.70264 0.50093
vn 0.50551 -0.70261 -0.50081
vn 0.63292 0.45181 -0.62872
vn 0.63278 0.45178 0.62888
vn 0.3026 0.90381 -0.3026
vn 0.3026 0.90381 0.3026
vn 0.63299 0.45189 -0.62859
vn -0.62958 0.44939 -0.63378
vn -0.3026 0.90381 -0.3026
vn -0.62972 0.44942 0.63362
vn 0.63288 0.45178 0.62878
vn 0.30259 0.90378 0.30269
vn -0.30259 0.90378 0.30269
vn -0.62948 0.44939 -0.63388
vn -0.62962 0.44942 0.63372
vn -0.30269 0.90378 0.30259
vn -0.30269 0.90378 -0.30259
vn -0.30268 0.90375 0.30268
vn -0.57832 0.57542 0.57832
vn -0.57822 0.57552 -0.57832
vn 0.30269 0.90378 0.30259
vn 0.30269 0.90378 -0.30259
vn 0.57822 0.57552 -0.57832
vn 0.57828 0.57538 0.57838
vn 0.30259 0.90378 -0.30269
vn -0.30259 0.90378 -0.30269
vn -0.57832 0.57552 -0.57822
vn 0.57832 0.57552 -0.57822
vn 0.57842 0.57532 0.57832
vn 0.30052 -0.30362 0.90416
vn 0.3025 0.2994 0.9049
vn 0.57612 0.57732 0.57862
vn 0.57862 -0.57732 0.57612
vn -0.3025 0.2994 0.9049
vn -0.30049 -0.30359 0.90418
vn -0.30251 0.29931 0.90493
vn 0.30048 -0.30368 0.90415
vn -0.30048 -0.30368 0.90415
vn -0.57612 0.57732 0.57862
vn -0.57862 -0.57732 0.57612
vn -0.5006 -0.7029 -0.5053
vn -0.50078 -0.70287 0.50518
vn 0.58808 -0.57728 -0.56648
vn 0.56638 -0.57738 0.58808
vn -0.58808 -0.57728 0.56648
vn -0.56638 -0.57738 -0.58808
vn 0.69378 0 0.72018
vn -0.72023 0 0.69373
vn -0.72018 0 0.69378
vn -0.69373 0 -0.72023
vn -0.69378 0 -0.72018
vn 0.72023 0 -0.69373
vn 0.72018 0 -0.69378
vn 0.69373 0 0.72023
vt 0.83811 0.08175
vt 0.83811 0.04261
vt 0.83338 0.04261
vt 0.83338 0.08175
vt 0.82902 0.04261
vt 0.82902 0.08175
vt 0.83811 0.03794
vt 0.96299 0.03794
vt 0.96298 0.03364
vt 0.83811 0.03364
vt 0.96298 0.08642
vt 0.83811 0.08642
vt 0.83811 0.09072
vt 0.96298 0.09072
vt 0.96772 0.04261
vt 0.96772 0.08175
vt 0.97207 0.08175
vt 0.97207 0.04261
vt 0.299 0.30794
vt 0.26112 0.30794
vt 0.26112 0.44531
vt 0.299 0.44531
vt 0.06718 0.30794
vt 0.0293 0.30794
vt 0.0293 0.44531
vt 0.06718 0.44531
vt 0.66018 0.98437
vt 0.66018 0.85848
vt 0.51641 0.85848
vt 0.51641 0.98437
vt 0.10449 0.48365
vt 0.10449 0.52259
vt 0.22381 0.52259
vt 0.22381 0.48365
vt 0.25596 0.44531
vt 0.25596 0.30794
vt 0.22381 0.30794
vt 0.22381 0.44531
vt 0.10449 0.2749
vt 0.22381 0.2749
vt 0.22381 0.26959
vt 0.10449 0.26959
vt 0.07235 0.44531
vt 0.07235 0.30794
vt 0.22381 0.47834
vt 0.10449 0.47834
vt 0.10449 0.30794
vt 0.10449 0.44531
vt 0.96298 0.04261
vt 0.96298 0.08175
vt 0.43226 0.04361
vt 0.43226 0.03118
vt 0.37841 0.03118
vt 0.37841 0.04361
vt 0.43226 0.02506
vt 0.37841 0.02506
vt 0.37229 0.03118
vt 0.37229 0.04361
vt 0.37841 0.04973
vt 0.43226 0.04973
vt 0.43838 0.04361
vt 0.43838 0.03118
usemtl mat4
f 947/947/679 948/948/680 949/949/681
f 947/947/679 949/949/681 950/950/682
f 950/950/682 949/949/681 951/951/683
f 950/950/682 951/951/683 952/952/684
f 953/953/685 954/954/686 955/955/687
f 953/953/685 955/955/687 956/956/683
f 957/957/688 958/958/689 959/959/690
f 957/957/688 959/959/690 960/960/691
f 961/961/692 962/962/693 963/963/694
f 961/961/692 963/963/694 964/964/687
f 965/965/695 966/966/696 967/967/697
f 965/965/695 967/967/697 968/968/698
f 969/969/699 970/970/700 971/971/701
f 969/969/699 971/971/701 972/972/702
f 973/973/703 974/974/704 975/975/705
f 973/973/703 975/975/705 976/976/706
f 977/977/707 978/978/701 979/979/705
f 977/977/707 979/979/705 980/980/697
f 981/981/708 982/982/709 983/983/710
f 981/981/708 983/983/710 984/984/711
f 985/985/712 986/986/709 987/987/691
f 985/985/712 987/987/691 988/988/690
f 989/989/713 990/990/714 969/969/699
f 989/989/713 969/969/699 972/972/702
f 991/991/715 992/992/716 977/977/707
f 991/991/715 977/977/707 980/980/697
f 982/982/709 981/981/708 967/967/697
f 982/982/709 967/967/697 966/966/696
f 983/983/710 993/993/717 994/994/718
f 983/983/710 994/994/718 984/984/711
f 990/990/714 989/989/713 994/994/718
f 990/990/714 994/994/718 993/993/717
f 992/992/716 991/991/715 984/984/711
f 992/992/716 984/984/711 994/994/718
f 986/986/709 985/985/712 993/993/717
f 986/986/709 993/993/717 983/983/710
f 995/995/719 996/996/720 962/962/693
f 995/995/719 962/962/693 961/961/692
f 947/947/679 996/996/720 995/995/719
f 947/947/679 995/995/719 948/948/680
f 948/948/680 995/995/719 954/954/686
f 948/948/680 954/954/686 953/953/685
f 996/996/720 947/947/679 958/958/689
f 996/996/720 958/958/689 957/957/688
f 997/997/721 998/998/722 999/999/723
f 997/997/721 999/999/723 1000/1000/724
f 999/999/723 998/998/722 1001/1001/725
f 999/999/723 1001/1001/725 1002/1002/726
f 1000/1000/724 999/999/723 1003/1003/727
f 1000/1000/724 1003/1003/727 1004/1004/728
f 997/997/721 1000/1000/724 1005/1005/729
f 997/997/721 1005/1005/729 1006/1006/730
f 998/998/722 997/997/721 1007/1007/731
f 998/998/722 1007/1007/731 1008/1008/732
# Vertices: 62, normals: 54, texture coordinates: 62, faces: 54

o obj18
v 2.33906393 59.52560244 6.10011926
v 4.93184698 59.5256024 6.10011899
v 4.93184698 61.92754313 6.10011928
v 2.33906393 61.92754313 6.10011926
v 2.33906393 61.92754313 6.10011926
v 4.93184698 61.92754313 6.10011928
v 2.53010827 61.92754313 3.69790148
v 2.33906313 61.92754313 3.69790148
v 4.93184614 59.5256024 3.49581398
v 4.93184614 61.92754313 3.49581398
v 4.93184614 61.92754313 3.49581398
v 4.93184614 59.5256024 3.49581398
v 2.53010827 59.52560244 3.49581479
v 2.53010827 61.92754313 3.49581479
v 2.53010827 61.92754313 3.69790148
v 2.53010827 59.52560244 3.69790148
v 4.93184614 59.5256024 3.49581398
v 4.93184698 59.5256024 6.10011899
v 2.53010827 59.52560244 3.69790148
v 2.53010827 59.52560244 3.49581479
v 2.33906313 59.52560244 3.69790148
v 2.33906393 59.52560244 6.10011926
v 2.33906393 61.92754313 6.10011926
v 2.33906313 61.92754313 3.69790148
v 4.93184614 61.92754313 3.49581398
v 2.53010827 61.92754313 3.49581479
v 2.33906393 59.52560244 6.10011926
v 2.33906313 59.52560244 3.69790148
v 4.77854879 59.57364684 3.81733559
v 4.77854883 59.57364684 3.91342435
v 4.77854883 59.47755806 3.91342435
v 4.77854879 59.47755806 3.81733576
v 4.77854883 59.57364684 3.91342435
v 4.68245955 59.57364684 3.91342451
v 4.68245951 59.47755806 3.91342451
v 4.68245955 59.57364684 3.91342451
v 4.68245951 59.57364684 3.81733576
v 4.68245947 59.47755806 3.81733592
v 4.68245951 59.57364684 3.81733576
v 4.77854879 59.57364684 3.81733559
v 4.73530132 59.57364684 5.80699973
v 4.73530136 59.57364684 5.9030885
v 4.7353014 59.47755806 5.90308844
v 4.73530136 59.47755806 5.80699981
v 4.73530136 59.57364684 5.9030885
v 4.6392121 59.57364684 5.90308854
v 4.6392121 59.47755806 5.90308848
v 4.6392121 59.57364684 5.90308854
v 4.63921206 59.57364684 5.80699977
v 4.63921206 59.47755806 5.80699985
v 4.63921206 59.57364684 5.80699977
v 4.73530132 59.57364684 5.80699973
v 2.70245111 59.57364684 3.77408996
v 2.70245111 59.57364684 3.87017871
v 2.70245111 59.47755806 3.87017855
v 2.70245111 59.47755806 3.77408996
v 2.70245111 59.57364684 3.87017871
v 2.60636171 59.57364684 3.87017871
v 2.60636171 59.47755806 3.87017855
v 2.60636171 59.57364684 3.87017871
v 2.60636171 59.57364684 3.77408996
v 2.60636171 59.47755806 3.77408996
v 2.60636171 59.57364684 3.77408996
v 2.70245111 59.57364684 3.77408996
v 2.74569982 59.57364684 5.85024676
v 2.74569998 59.57364684 5.94633553
v 2.74569998 59.47755806 5.94633561
v 2.74569982 59.47755806 5.85024698
v 2.74569998 59.57364684 5.94633553
v 2.64961058 59.57364684 5.94633557
v 2.64961058 59.47755806 5.94633565
v 2.64961058 59.57364684 5.94633557
v 2.64961041 59.57364684 5.8502468
v 2.64961041 59.47755806 5.85024702
v 2.64961041 59.57364684 5.8502468
v 2.74569982 59.57364684 5.85024676
v 4.97940212 62.09734946 6.15010142
v 4.97940212 61.92754313 6.14901781
v 4.97940126 61.92754313 3.49581398
v 4.97940126 62.09734946 3.49798241
v 2.33164958 62.09734946 6.15010286
v 2.33164958 61.92754313 6.15010257
v 4.97940212 61.92754313 6.14901781
v 2.33164878 62.09734946 3.49798322
v 4.97940212 61.92754313 6.14901781
v 2.33164958 61.92754313 6.15010257
v 2.33164878 61.92754313 3.49581479
v 4.97940126 61.92754313 3.49581398
v 4.97940126 61.92754313 3.49581398
v 2.33164878 61.92754313 3.49581479
v 2.33164878 61.92754313 3.49581479
v 2.33164958 61.92754313 6.15010257
vn 0.57738 -0.57728 -0.57738
vn 0.57738 0.57728 -0.57738
vn 0.57728 0.57738 0.57738
vn 0.57738 -0.57738 0.57728
vn 0.57738 -0.57728 0.57738
vn -0.30151 -0.30151 0.90453
vn -0.57728 -0.57738 0.57738
vn -0.57738 0.57738 -0.57728
vn -0.57728 0.57738 0.57738
vn -0.57738 0.57738 0.57728
vn -0.57738 0.57728 -0.57738
vn -0.57732 -0.57732 -0.57742
vn -0.3016 -0.3015 0.90451
vn -0.3015 -0.3016 -0.90451
vn -0.57728 0.57738 -0.57738
vn -0.30151 -0.30151 -0.90453
vn -0.57738 -0.57728 -0.57738
vn 0.57738 -0.57738 -0.57728
vn 0.57728 -0.57738 0.57738
vn -0.57738 0.57728 0.57738
vn 0.57728 -0.57738 -0.57738
vn -0.70711 0.70711 0
vn 0.70711 0.70711 0
vn 0.57732 0.57742 -0.57732
vn 0.70711 -0.70711 0
vn -0.70711 -0.70711 0
vn -0.57732 -0.57742 -0.57732
vn 0.57872 0.57652 0.57682
vn 0.57582 0.57832 -0.57792
vn -0.58141 0.57671 -0.57391
vn -0.57331 0.57801 0.58071
vn 0.57798 -0.57788 0.57618
vn 0.57678 -0.57668 -0.57858
vn 0.57588 0.57828 -0.57788
vn -0.57331 -0.57801 0.58071
vn 0.57678 -0.57678 -0.57848
vn -0.58138 -0.57668 -0.57398
vn -0.58131 0.57671 -0.57401
vn -0.58141 0.57661 -0.57401
vn -0.58141 -0.57671 -0.57391
vn -0.58131 -0.57671 -0.57401
vn 0.57688 -0.57668 -0.57848
vt 0.60694 0.97168
vt 0.60694 0.66488
vt 0.32274 0.66488
vt 0.32274 0.97168
vt 0.01316 0.33707
vt 0.31995 0.33707
vt 0.03576 0.05287
vt 0.01316 0.05287
vt 0.60694 0.35678
vt 0.32274 0.35678
vt 0.0166 0.97168
vt 0.3008 0.97168
vt 0.3008 0.68749
vt 0.0166 0.68749
vt 0.0166 0.66358
vt 0.30079 0.66358
vt 0.34339 0.33707
vt 0.65149 0.33707
vt 0.3673 0.05287
vt 0.34339 0.05287
vt 0.3008 0.64098
vt 0.3008 0.35678
vt 0.0166 0.35678
vt 0.0166 0.64098
vt 0.31995 0.02897
vt 0.03576 0.02897
vt 0.65149 0.03027
vt 0.3673 0.03027
vt 0.83032 0.41167
vt 0.83032 0.4344
vt 0.85306 0.4344
vt 0.85306 0.41167
vt 0.85306 0.45714
vt 0.8758 0.45714
vt 0.8758 0.4344
vt 0.89853 0.4344
vt 0.89853 0.41167
vt 0.8758 0.41167
vt 0.8758 0.38893
vt 0.85306 0.38893
vt 0.77843 0.49149
vt 0.7557 0.49149
vt 0.7557 0.51422
vt 0.77843 0.51422
vt 0.73296 0.51422
vt 0.73296 0.53696
vt 0.7557 0.53696
vt 0.7557 0.55969
vt 0.77843 0.55969
vt 0.77843 0.53696
vt 0.80117 0.53696
vt 0.80117 0.51422
vt 0.69279 0.45714
vt 0.71553 0.45714
vt 0.71553 0.4344
vt 0.69279 0.4344
vt 0.73826 0.4344
vt 0.73826 0.41167
vt 0.71553 0.41167
vt 0.71553 0.38893
vt 0.69279 0.38893
vt 0.69279 0.41167
vt 0.67005 0.41167
vt 0.67005 0.4344
vt 0.91597 0.55969
vt 0.9387 0.55969
vt 0.9387 0.53696
vt 0.91597 0.53696
vt 0.96144 0.53696
vt 0.96144 0.51422
vt 0.9387 0.51422
vt 0.9387 0.49149
vt 0.91597 0.49149
vt 0.91597 0.51422
vt 0.89323 0.51422
vt 0.89323 0.53696
vt 0.64682 0.94192
vt 0.64694 0.96181
vt 0.96082 0.96191
vt 0.96058 0.94202
vt 0.64682 0.62862
vt 0.62693 0.62837
vt 0.62693 0.9418
vt 0.96058 0.62837
vt 0.67498 0.03092
vt 0.67486 0.34435
vt 0.98887 0.34435
vt 0.98887 0.03069
vt 0.98047 0.94202
vt 0.98047 0.62837
vt 0.96082 0.60848
vt 0.6468 0.60873
usemtl mat5
f 1009/1009/733 1010/1010/734 1011/1011/735
f 1009/1009/733 1011/1011/735 1012/1012/736
f 1013/1013/737 1014/1014/735 1015/1015/738
f 1013/1013/737 1015/1015/738 1016/1016/739
f 1011/1011/735 1010/1010/734 1017/1017/740
f 1011/1011/735 1017/1017/740 1018/1018/741
f 1019/1019/742 1020/1020/743 1021/1021/744
f 1019/1019/742 1021/1021/744 1022/1022/739
f 1023/1023/745 1022/1022/739 1021/1021/744
f 1023/1023/745 1021/1021/744 1024/1024/746
f 1025/1025/747 1026/1026/734 1027/1027/748
f 1025/1025/747 1027/1027/748 1028/1028/749
f 1029/1029/744 1030/1030/750 1031/1031/751
f 1029/1029/744 1031/1031/751 1032/1032/739
f 1033/1033/752 1034/1034/739 1015/1015/738
f 1033/1033/752 1015/1015/738 1014/1014/735
f 1035/1035/753 1036/1036/749 1027/1027/748
f 1035/1035/753 1027/1027/748 1026/1026/734
f 1024/1024/746 1029/1029/744 1032/1032/739
f 1024/1024/746 1032/1032/739 1023/1023/745
f 1037/1037/754 1038/1038/755 1039/1039/756
f 1037/1037/754 1039/1039/756 1040/1040/743
f 1041/1041/755 1042/1042/757 1043/1043/733
f 1041/1041/755 1043/1043/733 1039/1039/756
f 1044/1044/757 1045/1045/758 1046/1046/759
f 1044/1044/757 1046/1046/759 1043/1043/733
f 1047/1047/758 1048/1048/754 1040/1040/743
f 1047/1047/758 1040/1040/743 1046/1046/759
f 1040/1040/743 1039/1039/756 1043/1043/733
f 1040/1040/743 1043/1043/733 1046/1046/759
f 1049/1049/754 1050/1050/755 1051/1051/756
f 1049/1049/754 1051/1051/756 1052/1052/743
f 1053/1053/755 1054/1054/757 1055/1055/733
f 1053/1053/755 1055/1055/733 1051/1051/756
f 1056/1056/757 1057/1057/758 1058/1058/759
f 1056/1056/757 1058/1058/759 1055/1055/733
f 1059/1059/758 1060/1060/754 1052/1052/743
f 1059/1059/758 1052/1052/743 1058/1058/759
f 1052/1052/743 1051/1051/756 1055/1055/733
f 1052/1052/743 1055/1055/733 1058/1058/759
f 1061/1061/754 1062/1062/755 1063/1063/756
f 1061/1061/754 1063/1063/756 1064/1064/743
f 1065/1065/755 1066/1066/757 1067/1067/733
f 1065/1065/755 1067/1067/733 1063/1063/756
f 1068/1068/757 1069/1069/758 1070/1070/759
f 1068/1068/757 1070/1070/759 1067/1067/733
f 1071/1071/758 1072/1072/754 1064/1064/743
f 1071/1071/758 1064/1064/743 1070/1070/759
f 1064/1064/743 1063/1063/756 1067/1067/733
f 1064/1064/743 1067/1067/733 1070/1070/759
f 1073/1073/754 1074/1074/755 1075/1075/756
f 1073/1073/754 1075/1075/756 1076/1076/743
f 1077/1077/755 1078/1078/757 1079/1079/733
f 1077/1077/755 1079/1079/733 1075/1075/756
f 1080/1080/757 1081/1081/758 1082/1082/759
f 1080/1080/757 1082/1082/759 1079/1079/733
f 1083/1083/758 1084/1084/754 1076/1076/743
f 1083/1083/758 1076/1076/743 1082/1082/759
f 1076/1076/743 1075/1075/756 1079/1079/733
f 1076/1076/743 1079/1079/733 1082/1082/759
f 1085/1085/760 1086/1086/761 1087/1087/762
f 1085/1085/760 1087/1087/762 1088/1088/763
f 1085/1085/760 1089/1089/764 1090/1090/765
f 1085/1085/760 1090/1090/765 1091/1091/766
f 1089/1089/764 1085/1085/760 1088/1088/763
f 1089/1089/764 1088/1088/763 1092/1092/767
f 1093/1093/766 1094/1094/768 1095/1095/769
f 1093/1093/766 1095/1095/769 1096/1096/770
f 1097/1097/771 1098/1098/772 1092/1092/767
f 1097/1097/771 1092/1092/767 1088/1088/763
f 1092/1092/767 1099/1099/773 1100/1100/774
f 1092/1092/767 1100/1100/774 1089/1089/764
# Vertices: 92, normals: 42, texture coordinates: 92, faces: 72

o obj19
v 5.0642871 66.63585303 3.48756917
v 5.0642871 64.23363495 3.48756917
v 5.06428632 64.23363495 1.08534495
v 5.06428632 66.63585303 1.08534495
v 2.66131792 66.46169223 3.3134091
v 2.66131792 66.63585303 3.48756998
v 2.66131728 66.63585303 1.08534576
v 2.66131728 66.46169223 1.25950664
v 2.66131728 64.23363495 1.08534576
v 2.66131728 66.63585303 1.08534576
v 5.06428632 66.63585303 1.08534495
v 5.06428632 64.23363495 1.08534495
v 2.66131728 64.23363495 1.08534576
v 2.66131792 64.23363495 3.48756998
v 2.66131792 64.44345034 3.3134091
v 2.66131728 64.44345034 1.25950664
v 5.0642871 66.63585303 3.48756917
v 5.06428632 66.63585303 1.08534495
v 5.06428632 64.23363495 1.08534495
v 5.0642871 64.23363495 3.48756917
v 4.94127592 64.40779581 3.31340829
v 4.94127526 64.40779581 1.25950583
v 4.94127526 66.46169223 1.25950583
v 4.94127592 66.46169223 3.31340829
v 2.66131792 64.44345034 3.3134091
v 2.66131792 64.23363495 3.48756998
v 2.66131792 66.63585303 3.48756998
v 2.66131792 66.46169223 3.3134091
v 4.94127526 64.40779581 1.25950583
v 4.94127526 66.46169223 1.25950583
v 2.66131728 66.46169223 1.25950664
v 2.66131728 64.44345034 1.25950664
v 4.94127592 64.40779581 3.31340829
v 4.94127592 66.46169223 3.31340829
v 4.94127526 66.46169223 1.25950583
v 4.94127526 64.40779581 1.25950583
v 5.0642871 64.23363495 3.48756917
v 5.0642871 66.63585303 3.48756917
v 4.94127592 66.46169223 3.31340829
v 4.94127592 64.40779581 3.31340829
v 2.66710143 65.41653919 3.3134091
v 2.66710078 65.41653919 1.25950664
v 4.94099061 65.39871186 1.25950583
v 4.94099128 65.39871194 3.31340829
v 2.66767068 65.48860338 3.3134091
v 4.94156057 65.4707762 3.31340829
v 4.9415599 65.47077604 1.25950583
v 2.66767003 65.48860338 1.25950664
vn 0.57738 0.57738 0.57728
vn 0.57728 0.57738 -0.57738
vn -0.57738 0.57738 -0.57728
vn -0.57728 0.57738 0.57738
vn -0.30151 -0.90453 -0.30151
vn 0.57738 -0.57738 0.57728
vn -0.57738 -0.57738 0.57728
vn 0.30151 -0.90453 -0.30151
vn -0.57732 -0.57742 -0.57732
vn -0.57728 -0.57738 0.57738
vn -0.57738 0.57738 0.57728
vn -0.57738 0.57728 -0.57738
vn -0.57738 -0.57738 -0.57728
vn 0.57738 -0.57738 -0.57728
vn -0.30549 -0.90287 0.30249
vn 0.30549 -0.90287 0.30249
vn 0.57728 0.57738 0.57738
vn -0.57738 0.57728 0.57738
vn -0.57728 0.57738 -0.57738
vn 0.57738 0.57728 -0.57738
vn -0.5765 -0.5732 0.5823
vn 0.5765 -0.5732 0.5823
vn 0.57728 -0.57738 -0.57738
vn -0.57738 -0.57728 -0.57738
vn -0.30561 -0.90282 0.30251
vn 0.57728 -0.57738 0.57738
vn 0.57654 -0.57324 0.58224
vn 0.57738 -0.57728 -0.57738
vn 0.30561 -0.90282 0.30251
vn -0.57654 -0.57324 0.58224
vn -0.57728 -0.57738 -0.57738
vn 0.57738 0.57738 -0.57728
vn 0.57738 0.57728 0.57738
vn 0 -0.71264 -0.70153
vn 0 -0.71268 -0.70148
vn 0 -0.0078 -0.99997
vn 0 -0.70148 0.71268
vn 0 0.0078 0.99997
vn 0 -0.70153 0.71264
vt 0.00642 0.25871
vt 0.26132 0.25871
vt 0.26132 0.00381
vt 0.00642 0.00381
vt 0.50681 0.76578
vt 0.50681 0.73947
vt 0.26322 0.73947
vt 0.26322 0.76578
vt 0.74835 0.00815
vt 0.74835 0.25125
vt 0.99145 0.25125
vt 0.99145 0.00815
vt 0.25111 0.73852
vt 0.00662 0.73852
vt 0.00662 0.76493
vt 0.25111 0.76493
vt 0.50681 0.49588
vt 0.26322 0.49588
vt 0.25111 0.49403
vt 0.00662 0.49403
vt 0.00662 0.99707
vt 0.25111 0.99707
vt 0.26322 0.99707
vt 0.50681 0.99707
vt 0.76394 0.76625
vt 0.76394 0.73999
vt 0.52084 0.73999
vt 0.52084 0.76625
vt 0.49127 0.00815
vt 0.49127 0.25125
vt 0.72209 0.25125
vt 0.72209 0.00815
vt 0.98609 0.26532
vt 0.76815 0.26532
vt 0.76815 0.48327
vt 0.98609 0.48326
vt 0.76394 0.49689
vt 0.52084 0.49689
vt 0.52084 0.99707
vt 0.76394 0.99707
vt 0.77509 0.74997
vt 0.99303 0.74997
vt 0.99303 0.51051
vt 0.77509 0.51051
vt 0.77509 0.75762
vt 0.77509 0.99707
vt 0.99303 0.99707
vt 0.99303 0.75762
usemtl mat6
f 1101/1101/775 1102/1102/776 1103/1103/777
f 1101/1101/775 1103/1103/777 1104/1104/778
f 1105/1105/779 1106/1106/780 1107/1107/781
f 1105/1105/779 1107/1107/781 1108/1108/782
f 1109/1109/783 1110/1110/784 1111/1111/785
f 1109/1109/783 1111/1111/785 1112/1112/786
f 1113/1113/787 1114/1114/788 1115/1115/789
f 1113/1113/787 1115/1115/789 1116/1116/790
f 1106/1106/780 1117/1117/791 1118/1118/792
f 1106/1106/780 1118/1118/792 1107/1107/781
f 1119/1119/793 1120/1120/794 1114/1114/788
f 1119/1119/793 1114/1114/788 1113/1113/787
f 1115/1115/789 1121/1121/795 1122/1122/796
f 1115/1115/789 1122/1122/796 1116/1116/790
f 1123/1123/797 1124/1124/798 1105/1105/779
f 1123/1123/797 1105/1105/779 1108/1108/782
f 1125/1125/799 1126/1126/797 1127/1127/800
f 1125/1125/799 1127/1127/800 1128/1128/779
f 1129/1129/801 1130/1130/802 1131/1131/782
f 1129/1129/801 1131/1131/782 1132/1132/803
f 1133/1133/804 1134/1134/805 1135/1135/788
f 1133/1133/804 1135/1135/788 1136/1136/796
f 1126/1126/797 1137/1137/806 1138/1138/807
f 1126/1126/797 1138/1138/807 1127/1127/800
f 1128/1128/779 1139/1139/787 1140/1140/795
f 1128/1128/779 1140/1140/795 1125/1125/799
f 1132/1132/803 1131/1131/782 1110/1110/784
f 1132/1132/803 1110/1110/784 1109/1109/783
f 1141/1141/808 1142/1142/809 1143/1143/810
f 1141/1141/808 1143/1143/810 1144/1144/810
f 1145/1145/811 1146/1146/812 1147/1147/812
f 1145/1145/811 1147/1147/812 1148/1148/813
f 1142/1142/809 1141/1141/808 1145/1145/811
f 1142/1142/809 1145/1145/811 1148/1148/813
# Vertices: 48, normals: 39, texture coordinates: 48, faces: 34

o obj20
v 2.54370241 64.56121621 2.49711115
v 2.54370241 64.6588143 2.49850592
v 2.54370241 64.66485585 2.07580104
v 2.54370241 64.56725743 2.07440626
v 2.59221917 64.6588143 2.49850592
v 2.59221901 64.66485585 2.07580104
v 2.59221901 64.66485585 2.07580104
v 2.59221901 64.56725743 2.07440594
v 2.59221901 64.56725743 2.07440594
v 2.59221917 64.56121621 2.49711115
v 2.59221917 64.56121621 2.49711115
v 2.59221917 64.6588143 2.49850592
v 2.66132358 64.43144068 1.25950672
v 2.66132358 65.41653935 1.25950672
v 2.66132439 65.41653935 3.31340902
v 2.66132439 64.41805362 3.31340902
v 2.60097384 64.46161159 1.28967795
v 2.60097465 64.44822485 3.28323811
v 2.60097465 65.38636812 3.28323811
v 2.60097384 65.38636812 1.28967795
v 2.66132439 64.41805362 3.31340902
v 2.66132439 65.41653935 3.31340902
v 2.66132439 65.41653935 3.31340902
v 2.66132358 65.41653935 1.25950672
v 2.66132358 65.41653935 1.25950672
v 2.66132358 64.43144068 1.25950672
vn 0.56901 -0.57731 -0.58561
vn 0.58551 -0.57741 0.56901
vn -0.56901 -0.57731 0.58561
vn -0.58551 -0.57741 -0.56901
vn 0.71718 0 0.69688
vn -0.69693 0 0.71714
vn -0.69688 0 0.71718
vn -0.71714 0 -0.69693
vn -0.71718 0 -0.69688
vn 0.69693 0 -0.71714
vn 0.69688 0 -0.71718
vn 0.71714 0 0.69693
vn -0.6636 0.3505 -0.6609
vn -0.66257 0.34909 0.66267
vn 0.66267 0.34909 0.66257
vn 0.66169 0.34749 -0.66439
vn -0.42679 -0.79918 -0.42329
vn 0.4228 -0.7997 -0.4263
vn 0.42481 -0.79942 0.42481
vn -0.42481 -0.79942 0.42481
vn 0.66171 0.34761 -0.66431
vn 0.66262 0.34911 0.66262
vn 0.66257 0.34909 0.66267
vn -0.66262 0.34911 0.66262
vn -0.66267 0.34909 0.66257
vn -0.66362 0.35061 -0.66082
vt 0.18023 0.44303
vt 0.18023 0.42232
vt 0.09051 0.42232
vt 0.09051 0.44303
vt 0.18023 0.41212
vt 0.09051 0.41212
vt 0.08031 0.42232
vt 0.08031 0.44303
vt 0.09051 0.45323
vt 0.18023 0.45323
vt 0.19042 0.44303
vt 0.19042 0.42232
vt 0.48931 0.38284
vt 0.48931 0.48359
vt 0.27366 0.48359
vt 0.27366 0.38284
vt 0.48931 0.3751
vt 0.27366 0.3751
vt 0.27366 0.27434
vt 0.48931 0.27434
vt 0.26579 0.3751
vt 0.26579 0.27434
vt 0.27366 0.2666
vt 0.48931 0.2666
vt 0.49718 0.27434
vt 0.49718 0.3751
usemtl mat6
f 1149/1149/814 1150/1150/815 1151/1151/816
f 1149/1149/814 1151/1151/816 1152/1152/817
f 1151/1151/816 1150/1150/815 1153/1153/818
f 1151/1151/816 1153/1153/818 1154/1154/819
f 1152/1152/817 1151/1151/816 1155/1155/820
f 1152/1152/817 1155/1155/820 1156/1156/821
f 1149/1149/814 1152/1152/817 1157/1157/822
f 1149/1149/814 1157/1157/822 1158/1158/823
f 1150/1150/815 1149/1149/814 1159/1159/824
f 1150/1150/815 1159/1159/824 1160/1160/825
f 1161/1161/826 1162/1162/827 1163/1163/828
f 1161/1161/826 1163/1163/828 1164/1164/829
f 1165/1165/830 1166/1166/831 1167/1167/832
f 1165/1165/830 1167/1167/832 1168/1168/833
f 1166/1166/831 1169/1169/834 1170/1170/835
f 1166/1166/831 1170/1170/835 1167/1167/832
f 1167/1167/832 1171/1171/836 1172/1172/837
f 1167/1167/832 1172/1172/837 1168/1168/833
f 1168/1168/833 1173/1173/838 1174/1174/839
f 1168/1168/833 1174/1174/839 1165/1165/830
f 1165/1165/830 1161/1161/826 1164/1164/829
f 1165/1165/830 1164/1164/829 1166/1166/831
# Vertices: 26, normals: 26, texture coordinates: 26, faces: 22

o obj21
v 2.54369627 65.59256998 2.49870661
v 2.54369627 65.69016096 2.49687976
v 2.54369595 65.68224862 2.07420558
v 2.54369595 65.58465699 2.07603242
v 2.59221287 65.69016096 2.49687976
v 2.59221271 65.68224862 2.07420558
v 2.59221271 65.68224862 2.07420558
v 2.59221271 65.58465699 2.07603242
v 2.59221271 65.58465699 2.07603242
v 2.59221287 65.59256998 2.49870661
v 2.59221287 65.59256998 2.49870661
v 2.59221287 65.69016096 2.49687976
v 2.66131728 65.47659355 1.25950672
v 2.66131728 66.46169223 1.25950672
v 2.66131808 66.46169223 3.31340902
v 2.66131808 65.47659355 3.31340902
v 2.60096754 65.50676479 1.28967795
v 2.60096835 65.50676479 3.28323811
v 2.60096835 66.431521 3.28323811
v 2.60096754 66.431521 1.28967795
v 2.66131728 66.46169223 1.25950672
v 2.66131728 65.47659355 1.25950672
v 2.66131808 65.47659355 3.31340902
v 2.66131808 66.46169223 3.31340902
v 2.66131808 66.46169223 3.31340902
v 2.66131728 66.46169223 1.25950672
vn 0.58808 -0.57728 -0.56648
vn 0.56638 -0.57738 0.58808
vn -0.58808 -0.57728 0.56648
vn -0.56638 -0.57738 -0.58808
vn 0.69378 0 0.72018
vn -0.72023 0 0.69373
vn -0.72018 0 0.69378
vn -0.69373 0 -0.72023
vn -0.69378 0 -0.72018
vn 0.72023 0 -0.69373
vn 0.72018 0 -0.69378
vn 0.69373 0 0.72023
vn -0.66262 0.34911 -0.66262
vn -0.66257 0.34909 0.66267
vn 0.66267 0.34909 0.66257
vn 0.66262 0.34911 -0.66262
vn -0.42481 -0.79942 -0.42481
vn 0.42481 -0.79942 -0.42481
vn 0.42481 -0.79942 0.42481
vn -0.42481 -0.79942 0.42481
vn -0.66267 0.34909 0.66257
vn 0.66267 0.34909 -0.66257
vn 0.66262 0.34911 0.66262
vn 0.66257 0.34909 0.66267
vn -0.66262 0.34911 0.66262
vt 0.09206 0.3133
vt 0.09206 0.33401
vt 0.18178 0.33401
vt 0.18178 0.3133
vt 0.09206 0.34421
vt 0.18178 0.34421
vt 0.19197 0.33401
vt 0.19197 0.3133
vt 0.18178 0.3031
vt 0.09206 0.3031
vt 0.08186 0.3133
vt 0.08186 0.33401
vt 0.73702 0.38109
vt 0.73702 0.48113
vt 0.52136 0.48113
vt 0.52136 0.38109
vt 0.73702 0.37335
vt 0.52136 0.37335
vt 0.52136 0.27331
vt 0.73702 0.27331
vt 0.7449 0.27331
vt 0.7449 0.37335
vt 0.51348 0.37335
vt 0.51348 0.27331
vt 0.52136 0.26557
vt 0.73702 0.26557
usemtl mat6
f 1175/1175/840 1176/1176/841 1177/1177/842
f 1175/1175/840 1177/1177/842 1178/1178/843
f 1177/1177/842 1176/1176/841 1179/1179/844
f 1177/1177/842 1179/1179/844 1180/1180/845
f 1178/1178/843 1177/1177/842 1181/1181/846
f 1178/1178/843 1181/1181/846 1182/1182/847
f 1175/1175/840 1178/1178/843 1183/1183/848
f 1175/1175/840 1183/1183/848 1184/1184/849
f 1176/1176/841 1175/1175/840 1185/1185/850
f 1176/1176/841 1185/1185/850 1186/1186/851
f 1187/1187/852 1188/1188/853 1189/1189/854
f 1187/1187/852 1189/1189/854 1190/1190/855
f 1191/1191/856 1192/1192/857 1193/1193/858
f 1191/1191/856 1193/1193/858 1194/1194/859
f 1194/1194/859 1195/1195/860 1196/1196/852
f 1194/1194/859 1196/1196/852 1191/1191/856
f 1192/1192/857 1197/1197/861 1198/1198/862
f 1192/1192/857 1198/1198/862 1193/1193/858
f 1191/1191/856 1187/1187/852 1190/1190/855
f 1191/1191/856 1190/1190/855 1192/1192/857
f 1193/1193/858 1199/1199/863 1200/1200/864
f 1193/1193/858 1200/1200/864 1194/1194/859
# Vertices: 26, normals: 25, texture coordinates: 26, faces: 22

o obj22
v -3.69199224 59.52560264 3.69876591
v -3.57225995 61.3700231 3.69726422
v -3.57225974 59.70665641 3.69726445
v -1.28976717 59.52560294 3.69876496
v -1.40949971 59.70665669 3.69726353
v -1.40949992 61.37002338 3.6972633
v -1.28976747 61.92782159 3.69876463
v -1.40949998 61.82830338 3.69726324
v -3.57226001 61.82830311 3.69726416
v -3.69199255 61.92782129 3.69876558
v -1.28976636 61.92782127 6.10050152
v -1.28976606 59.52560262 6.10050184
v -1.28976606 59.52560262 6.10050184
v -3.69199113 59.52560231 6.10050293
v -3.69199113 59.52560231 6.10050293
v -3.69199143 61.92782096 6.10050261
v -3.69199143 61.92782096 6.10050261
v -1.28976636 61.92782127 6.10050152
v -1.40949991 61.37002337 3.77125412
v -3.57225995 61.37002309 3.77125504
v -3.57225973 59.7066564 3.77125526
v -1.4094997 59.70665668 3.77125434
v -1.44714704 59.86441492 3.77125433
v -1.44714723 61.33237621 3.77125413
v -1.40949991 61.37002337 3.77125412
v -1.4094997 59.70665668 3.77125434
v -3.53461262 61.33237595 3.77125504
v -3.53461244 59.86441465 3.77125524
v -3.57225973 59.7066564 3.77125526
v -3.57225995 61.37002309 3.77125504
v -1.44714723 61.33237621 3.77125413
v -3.53461262 61.33237595 3.77125504
v -3.57225995 61.37002309 3.77125504
v -1.40949991 61.37002337 3.77125412
v -1.44714614 59.86441465 5.76635782
v -3.53461154 59.86441438 5.76635873
v -3.53461172 61.33237568 5.76635853
v -1.44714633 61.33237594 5.76635762
v -1.44714704 59.86441492 3.77125433
v -3.53461244 59.86441465 3.77125524
v -1.4094997 59.70665668 3.77125434
v -3.57225973 59.7066564 3.77125526
v -1.51578395 62.09735019 5.89851035
v -1.51578484 62.09735046 3.94753724
v -1.51578484 62.11410005 3.94753723
v -1.51578395 62.11409978 5.89851034
v -3.69198675 61.92782131 3.54726518
v -1.28976749 61.92782161 3.54726423
v -1.28976635 61.92754382 6.14805664
v -3.69198561 61.92754352 6.14805773
v -3.69198685 62.08189266 3.51329271
v -3.69198684 61.94189284 3.51329273
v -3.69198675 61.92782131 3.54726518
v -3.69198677 62.09735023 3.54726548
v -1.28976638 62.09735019 6.14805662
v -3.69198563 62.09734988 6.14805771
v -3.69198561 61.92754352 6.14805773
v -1.28976635 61.92754382 6.14805664
v -1.28976751 62.09735054 3.54726453
v -1.28976749 61.92782161 3.54726423
v -1.28976758 61.94189315 3.51329178
v -1.2897676 62.08189296 3.51329176
v -3.69198685 62.04792134 3.50030475
v -1.28976759 62.04792164 3.5003038
v -1.28976758 61.97586447 3.50030381
v -3.69198684 61.97586417 3.50030476
v -1.51578395 62.09735019 5.89851035
v -3.4659682 62.09734995 5.89851124
v -3.69198563 62.09734988 6.14805771
v -1.28976638 62.09735019 6.14805662
v -3.4659691 62.09735021 3.94753813
v -3.69198677 62.09735023 3.54726548
v -1.51578484 62.09735046 3.94753724
v -1.28976751 62.09735054 3.54726453
v -3.4659691 62.1140998 3.94753813
v -3.46596821 62.11409954 5.89851124
v -3.4659682 62.09734995 5.89851124
v -1.51578395 62.09735019 5.89851035
v -1.51578484 62.09735046 3.94753724
v -3.4659691 62.09735021 3.94753813
v -3.4659691 62.09735021 3.94753813
v -3.4659682 62.09734995 5.89851124
v -1.2897676 62.08189296 3.51329176
v -3.69198685 62.08189266 3.51329271
v -1.28976758 61.94189315 3.51329178
v -3.69198684 61.94189284 3.51329273
v -1.28976758 61.97586447 3.50030381
v -1.28976759 62.04792164 3.5003038
v -3.69198685 62.04792134 3.50030475
v -3.69198684 61.97586417 3.50030476
v -3.37210244 59.74271748 3.71166671
v -3.37210243 59.74271747 3.74964898
v -3.19585789 59.7427175 3.74964879
v -3.1958579 59.7427175 3.71166652
v -1.78590156 59.74271768 3.71166602
v -1.78590156 59.74271768 3.74964829
v -1.60965702 59.7427177 3.74964811
v -1.60965702 59.7427177 3.71166584
v -3.37210243 59.69467309 3.74964898
v -3.19585789 59.69467311 3.7496488
v -3.19585789 59.69467311 3.71166653
v -3.37210243 59.69467309 3.71166671
v -3.37210243 59.69467309 3.71166671
v -3.37210243 59.69467309 3.74964898
v -3.19585789 59.69467311 3.7496488
v -3.19585789 59.69467311 3.71166653
v -1.78590155 59.69467329 3.7496483
v -1.60965701 59.69467331 3.74964811
v -1.60965702 59.69467331 3.71166584
v -1.78590156 59.69467329 3.71166603
v -1.78590156 59.69467329 3.71166603
v -1.78590155 59.69467329 3.7496483
v -1.60965701 59.69467331 3.74964811
v -1.60965702 59.69467331 3.71166584
v -1.43286497 60.62241751 5.76128784
v -1.43286587 60.62241778 3.79038262
v -3.54889379 60.62241751 3.79038354
v -3.5488929 60.62241724 5.76128883
v -1.43286497 60.57437312 5.76128785
v -3.54889289 60.57437286 5.76128884
v -3.54889379 60.57437312 3.79038354
v -1.43286586 60.57437339 3.79038263
v -1.42188823 59.57364702 5.96886145
v -1.51797701 59.57364701 5.96886148
v -1.517977 59.47755821 5.9688615
v -1.42188821 59.47755822 5.96886146
v -1.51797701 59.57364701 5.96886148
v -1.51797703 59.57364702 5.8727727
v -1.51797701 59.47755822 5.87277271
v -1.51797703 59.57364702 5.8727727
v -1.42188824 59.57364703 5.87277266
v -1.42188823 59.47755823 5.87277268
v -1.42188824 59.57364703 5.87277266
v -1.42188823 59.57364702 5.96886145
v -3.46377464 59.57364676 5.96886238
v -3.55986343 59.57364675 5.96886241
v -3.55986342 59.47755795 5.96886242
v -3.46377463 59.47755796 5.96886239
v -3.55986343 59.57364675 5.96886241
v -3.55986344 59.57364676 5.87277362
v -3.55986343 59.47755796 5.87277363
v -3.55986344 59.57364676 5.87277362
v -3.46377465 59.57364677 5.87277359
v -3.46377464 59.47755797 5.8727736
v -3.46377465 59.57364677 5.87277359
v -3.46377464 59.57364676 5.96886238
v -1.42188913 59.57364729 3.92697577
v -1.51797792 59.57364728 3.92697578
v -1.51797791 59.47755848 3.9269758
v -1.42188912 59.47755849 3.92697578
v -1.51797792 59.57364728 3.92697578
v -1.51797793 59.5736473 3.83088685
v -1.51797792 59.47755849 3.83088687
v -1.51797793 59.5736473 3.83088685
v -1.42188914 59.57364731 3.83088684
v -1.42188913 59.47755851 3.83088685
v -1.42188914 59.57364731 3.83088684
v -1.42188913 59.57364729 3.92697577
v -3.46377555 59.57364704 3.92697668
v -3.55986434 59.57364702 3.92697669
v -3.55986432 59.47755822 3.9269767
v -3.46377553 59.47755823 3.92697669
v -3.55986434 59.57364702 3.92697669
v -3.55986435 59.57364704 3.83088776
v -3.55986434 59.47755823 3.83088777
v -3.55986435 59.57364704 3.83088776
v -3.46377556 59.57364705 3.83088775
v -3.46377555 59.47755825 3.83088776
v -3.46377556 59.57364705 3.83088775
v -3.46377555 59.57364704 3.92697668
v -1.59898284 61.63220228 3.65703536
v -1.55894087 61.63220228 3.65703535
v -1.56895128 61.57510986 3.65703536
v -1.58897234 61.57510986 3.65703536
v -2.00874317 61.63220222 3.65703557
v -1.96870121 61.63220223 3.65703557
v -1.97871169 61.57510981 3.65703557
v -1.99873268 61.57510981 3.65703558
v -1.58897236 61.74638695 3.65703534
v -1.5689513 61.74638695 3.65703534
v -1.55894088 61.6892947 3.65703534
v -1.59898285 61.68929469 3.65703535
v -1.9987327 61.74638689 3.65703555
v -1.97871172 61.7463869 3.65703555
v -1.96870122 61.68929464 3.65703556
v -2.00874318 61.68929464 3.65703556
v -1.59898284 61.68929469 3.68105742
v -1.58897236 61.74638694 3.68105741
v -1.58897236 61.74638694 3.68105741
v -1.5689513 61.74638694 3.68105741
v -1.55894087 61.63220228 3.68105742
v -1.56895127 61.57510986 3.68105743
v -1.56895127 61.57510986 3.68105743
v -1.58897234 61.57510986 3.68105743
v -1.99873267 61.57510981 3.68105765
v -2.00874317 61.63220222 3.68105764
v -1.9987327 61.74638689 3.68105762
v -1.97871171 61.74638689 3.68105762
v -1.97871171 61.74638689 3.68105762
v -1.96870121 61.68929464 3.68105763
v -1.97871169 61.57510981 3.68105764
v -1.99873267 61.57510981 3.68105765
v -1.58897234 61.57510986 3.68105743
v -1.59898284 61.63220227 3.68105743
v -1.5689513 61.74638694 3.68105741
v -1.55894088 61.68929469 3.68105741
v -2.00874318 61.68929464 3.68105763
v -1.9987327 61.74638689 3.68105762
v -1.96870121 61.63220223 3.68105764
v -1.97871169 61.57510981 3.68105764
v -3.38277712 61.63220205 3.65703623
v -3.3927876 61.57510963 3.65703624
v -3.41280866 61.57510963 3.65703624
v -3.42281908 61.63220204 3.65703623
v -2.97301678 61.6322021 3.65703602
v -2.98302726 61.57510969 3.65703602
v -3.00304825 61.57510968 3.65703603
v -3.01305874 61.6322021 3.65703602
v -3.39278762 61.74638672 3.65703621
v -3.38277712 61.68929446 3.65703622
v -3.42281909 61.68929446 3.65703623
v -3.41280869 61.74638671 3.65703622
v -2.98302729 61.74638677 3.657036
v -2.97301679 61.68929452 3.65703601
v -3.01305875 61.68929451 3.65703601
v -3.00304827 61.74638677 3.657036
v -3.39278762 61.74638671 3.68105829
v -3.38277712 61.68929446 3.68105829
v -3.41280868 61.74638671 3.68105829
v -3.39278762 61.74638671 3.68105829
v -3.41280866 61.57510963 3.68105831
v -3.42281908 61.63220204 3.68105831
v -3.3927876 61.57510963 3.68105831
v -3.41280866 61.57510963 3.68105831
v -2.97301678 61.6322021 3.68105809
v -2.98302726 61.57510968 3.6810581
v -3.00304826 61.74638676 3.68105807
v -2.98302728 61.74638677 3.68105807
v -3.01305875 61.68929451 3.68105808
v -3.00304826 61.74638676 3.68105807
v -2.98302726 61.57510968 3.6810581
v -3.00304824 61.57510968 3.6810581
v -3.38277711 61.63220205 3.6810583
v -3.3927876 61.57510963 3.68105831
v -3.42281909 61.68929446 3.6810583
v -3.41280868 61.74638671 3.68105829
v -2.98302728 61.74638677 3.68105807
v -2.97301678 61.68929451 3.68105808
v -3.00304824 61.57510968 3.6810581
v -3.01305874 61.63220209 3.68105809
v -1.94350687 61.76668176 3.67475366
v -2.07204747 61.744074 3.67475367
v -2.03393746 61.76668159 3.67475367
v -1.98872217 61.77443284 3.67475366
v -1.90539686 61.74407402 3.67475365
v -2.09465509 61.70596391 3.67475368
v -1.88278927 61.70596394 3.67475366
v -2.10240626 61.66074874 3.67475369
v -1.87503809 61.66074877 3.67475366
v -2.09465508 61.61553341 3.67475369
v -1.88278926 61.61553344 3.67475367
v -2.07204745 61.57742333 3.6747537
v -1.90539688 61.57742335 3.67475368
v -2.0339374 61.55481559 3.67475369
v -1.94350684 61.5548156 3.67475368
v -1.98872214 61.54706451 3.67475369
v -1.6848947 61.61553346 3.67475348
v -1.66228703 61.57742338 3.67475348
v -1.66228703 61.57742338 3.69877555
v -1.6848947 61.61553346 3.69877555
v -1.6926458 61.66074879 3.67475348
v -1.6926458 61.66074879 3.69877555
v -1.68489471 61.70596396 3.67475347
v -1.68489471 61.70596396 3.69877554
v -1.66228705 61.74407405 3.67475346
v -1.66228705 61.74407405 3.69877553
v -1.62417705 61.76668164 3.67475345
v -1.62417704 61.76668163 3.69877552
v -1.57896179 61.77443289 3.67475345
v -1.57896179 61.77443289 3.69877552
v -1.53374645 61.76668181 3.67475344
v -1.53374645 61.76668181 3.69877551
v -1.49563644 61.74407407 3.67475344
v -1.49563644 61.74407407 3.69877551
v -1.47302885 61.70596399 3.67475344
v -1.47302885 61.70596398 3.69877551
v -1.46527767 61.66074882 3.67475345
v -1.46527767 61.66074882 3.69877552
v -1.47302876 61.61553349 3.67475345
v -1.47302875 61.61553349 3.69877552
v -1.49563642 61.5774234 3.67475346
v -1.49563642 61.5774234 3.69877553
v -1.53374643 61.55481565 3.67475347
v -1.53374642 61.55481565 3.69877554
v -1.57896176 61.54706456 3.67475348
v -1.57896176 61.54706455 3.69877555
v -1.62417702 61.55481564 3.67475348
v -1.57896176 61.54706456 3.67475348
v -1.57896176 61.54706455 3.69877555
v -1.62417702 61.55481564 3.69877555
v -2.07204747 61.744074 3.67475367
v -2.09465509 61.70596391 3.67475368
v -2.09465509 61.70596391 3.69877575
v -2.07204747 61.74407399 3.69877575
v -2.10240626 61.66074874 3.67475369
v -2.10240625 61.66074874 3.69877576
v -2.09465508 61.61553341 3.67475369
v -2.09465508 61.61553341 3.69877577
v -2.07204745 61.57742333 3.6747537
v -2.07204744 61.57742333 3.69877577
v -1.90539686 61.74407402 3.67475365
v -1.94350687 61.76668176 3.67475366
v -1.94350687 61.76668176 3.69877573
v -1.90539686 61.74407401 3.69877572
v -1.98872217 61.77443284 3.67475366
v -1.98872216 61.77443284 3.69877573
v -2.03393746 61.76668159 3.67475367
v -2.03393746 61.76668158 3.69877574
v -1.90539688 61.57742335 3.67475368
v -1.88278926 61.61553344 3.67475367
v -1.88278925 61.61553343 3.69877574
v -1.90539688 61.57742335 3.69877575
v -1.87503809 61.66074877 3.67475366
v -1.87503809 61.66074877 3.69877573
v -1.88278927 61.70596394 3.67475366
v -1.88278926 61.70596393 3.69877573
v -2.0339374 61.55481559 3.67475369
v -2.03393739 61.55481559 3.69877577
v -1.98872214 61.54706451 3.67475369
v -1.98872214 61.5470645 3.69877576
v -1.98872214 61.54706451 3.67475369
v -1.94350684 61.5548156 3.67475368
v -1.94350684 61.5548156 3.69877575
v -1.98872214 61.5470645 3.69877576
v -3.29686524 61.61553326 3.67475433
v -3.29686524 61.61553326 3.6987764
v -3.3194729 61.57742317 3.69877641
v -3.31947291 61.57742317 3.67475434
v -3.28911416 61.66074859 3.67475432
v -3.28911416 61.66074859 3.6987764
v -3.29686525 61.70596376 3.67475432
v -3.29686525 61.70596375 3.69877639
v -3.31947293 61.74407384 3.67475432
v -3.31947292 61.74407384 3.69877639
v -3.35758294 61.76668142 3.67475432
v -3.35758294 61.76668141 3.69877639
v -3.4027982 61.77443266 3.67475432
v -3.40279819 61.77443266 3.69877639
v -3.44801353 61.76668157 3.67475433
v -3.44801353 61.76668156 3.6987764
v -3.48612354 61.74407382 3.67475434
v -3.48612353 61.74407381 3.69877641
v -3.50873112 61.70596373 3.67475435
v -3.50873112 61.70596373 3.69877642
v -3.51648228 61.66074856 3.67475435
v -3.51648228 61.66074856 3.69877642
v -3.50873119 61.61553323 3.67475436
v -3.50873119 61.61553323 3.69877643
v -3.48612352 61.57742315 3.67475436
v -3.48612351 61.57742315 3.69877643
v -3.4480135 61.55481541 3.67475436
v -3.4480135 61.55481541 3.69877643
v -3.40279817 61.54706433 3.67475435
v -3.40279816 61.54706432 3.69877643
v -3.35758291 61.55481542 3.67475435
v -3.35758291 61.55481542 3.69877642
v -3.40279816 61.54706432 3.69877643
v -3.40279817 61.54706433 3.67475435
v -2.90971251 61.74407389 3.6747541
v -2.90971251 61.74407389 3.69877617
v -2.88710487 61.70596381 3.69877618
v -2.88710488 61.70596381 3.67475411
v -2.8793537 61.66074864 3.69877618
v -2.8793537 61.66074864 3.67475411
v -2.88710486 61.61553331 3.69877619
v -2.88710487 61.61553331 3.67475412
v -2.90971249 61.57742322 3.6987762
v -2.90971249 61.57742322 3.67475413
v -3.07636312 61.74407387 3.67475412
v -3.07636312 61.74407387 3.6987762
v -3.03825311 61.76668162 3.69877619
v -3.03825311 61.76668162 3.67475412
v -2.99303782 61.77443271 3.69877618
v -2.99303782 61.77443271 3.67475411
v -2.94782252 61.76668147 3.69877618
v -2.94782252 61.76668147 3.67475411
v -3.07636306 61.5774232 3.67475415
v -3.07636305 61.5774232 3.69877622
v -3.09897069 61.61553328 3.69877622
v -3.09897069 61.61553328 3.67475414
v -3.10672186 61.66074861 3.69877621
v -3.10672187 61.66074861 3.67475414
v -3.0989707 61.70596378 3.6987762
v -3.0989707 61.70596378 3.67475413
v -2.94782253 61.55481547 3.6987762
v -2.94782254 61.55481547 3.67475413
v -2.99303779 61.54706438 3.69877621
v -2.99303779 61.54706438 3.67475414
v -2.99303779 61.54706438 3.67475414
v -2.99303779 61.54706438 3.69877621
v -3.03825308 61.55481546 3.69877622
v -3.03825309 61.55481546 3.67475415
v -1.49563642 61.5774234 3.67475346
v -1.53374643 61.55481565 3.67475347
v -1.57896176 61.54706456 3.67475348
v -1.62417702 61.55481564 3.67475348
v -1.47302876 61.61553349 3.67475345
v -1.66228703 61.57742338 3.67475348
v -1.6848947 61.61553346 3.67475348
v -1.46527767 61.66074882 3.67475345
v -1.6926458 61.66074879 3.67475348
v -1.47302885 61.70596399 3.67475344
v -1.68489471 61.70596396 3.67475347
v -1.49563644 61.74407407 3.67475344
v -1.66228705 61.74407405 3.67475346
v -1.53374645 61.76668181 3.67475344
v -1.62417705 61.76668164 3.67475345
v -1.57896179 61.77443289 3.67475345
v -2.90971249 61.57742322 3.67475413
v -2.94782254 61.55481547 3.67475413
v -2.99303779 61.54706438 3.67475414
v -3.03825309 61.55481546 3.67475415
v -2.88710487 61.61553331 3.67475412
v -3.07636306 61.5774232 3.67475415
v -2.8793537 61.66074864 3.67475411
v -3.09897069 61.61553328 3.67475414
v -2.88710488 61.70596381 3.67475411
v -3.10672187 61.66074861 3.67475414
v -2.90971251 61.74407389 3.6747541
v -3.0989707 61.70596378 3.67475413
v -2.94782252 61.76668147 3.67475411
v -3.07636312 61.74407387 3.67475412
v -3.03825311 61.76668162 3.67475412
v -2.99303782 61.77443271 3.67475411
v -3.4480135 61.55481541 3.67475436
v -3.31947291 61.57742317 3.67475434
v -3.35758291 61.55481542 3.67475435
v -3.40279817 61.54706433 3.67475435
v -3.48612352 61.57742315 3.67475436
v -3.29686524 61.61553326 3.67475433
v -3.50873119 61.61553323 3.67475436
v -3.28911416 61.66074859 3.67475432
v -3.51648228 61.66074856 3.67475435
v -3.29686525 61.70596376 3.67475432
v -3.50873112 61.70596373 3.67475435
v -3.31947293 61.74407384 3.67475432
v -3.48612354 61.74407382 3.67475434
v -3.35758294 61.76668142 3.67475432
v -3.44801353 61.76668157 3.67475433
v -3.4027982 61.77443266 3.67475432
v -2.32648073 62.12962064 4.44543106
v -1.77509556 62.12962069 4.55510816
v -1.75327941 62.12962071 4.44543083
v -2.30466459 62.12962065 4.33575389
v -1.77509567 62.12962072 4.3357535
v -2.24253743 62.12962067 4.24277379
v -1.83722292 62.12962072 4.24277374
v -2.14955758 62.12962069 4.18064648
v -1.93020288 62.12962072 4.18064629
v -2.03988023 62.12962071 4.15883031
v -2.14955758 62.12962069 4.18064648
v -2.03988023 62.12962071 4.15883031
v -2.03988023 62.11160399 4.15883031
v -2.14955758 62.11160398 4.18064648
v -2.24253743 62.12962067 4.24277379
v -2.24253746 62.11160396 4.24277379
v -2.30466459 62.12962065 4.33575389
v -2.30466461 62.11160394 4.33575389
v -2.32648073 62.12962064 4.44543106
v -2.32648076 62.11160392 4.44543106
v -2.30466452 62.12962062 4.55510839
v -2.30466456 62.11160391 4.55510839
v -2.24253723 62.12962062 4.64808815
v -2.24253727 62.1116039 4.64808815
v -2.14955735 62.12962062 4.71021528
v -2.14955735 62.11160391 4.71021528
v -2.03987992 62.12962063 4.73203142
v -2.03987991 62.11160392 4.73203142
v -1.93020265 62.12962065 4.71021525
v -2.03987992 62.12962063 4.73203142
v -2.03987991 62.11160392 4.73203142
v -1.93020265 62.11160393 4.71021526
v -1.83722274 62.12962067 4.6480881
v -1.83722274 62.11160395 4.6480881
v -1.77509556 62.12962069 4.55510816
v -1.77509556 62.11160397 4.55510816
v -1.75327941 62.12962071 4.44543083
v -1.75327941 62.11160399 4.44543083
v -1.77509567 62.12962072 4.3357535
v -1.77509567 62.111604 4.3357535
v -1.83722292 62.12962072 4.24277374
v -1.83722291 62.11160401 4.24277374
v -1.93020288 62.12962072 4.18064629
v -1.93020287 62.111604 4.18064629
v -2.9418794 62.1296206 4.13293966
v -2.82229402 62.12962061 4.15672677
v -2.82229402 62.11160389 4.15672677
v -2.9418794 62.11160388 4.13293966
v -2.72091442 62.12962061 4.22446613
v -2.72091442 62.1116039 4.22446613
v -2.65317462 62.12962061 4.32584573
v -2.65317461 62.11160389 4.32584573
v -2.62938756 62.1296206 4.4454311
v -2.62938755 62.11160388 4.4454311
v -2.65317447 62.12962058 4.56501648
v -2.65317447 62.11160386 4.56501648
v -2.72091422 62.12962056 4.6663961
v -2.72091422 62.11160384 4.6663961
v -2.82229376 62.12962053 4.73413596
v -2.82229376 62.11160382 4.73413597
v -2.94187916 62.12962052 4.75792295
v -2.94187916 62.1116038 4.75792295
v -2.94187916 62.12962052 4.75792295
v -3.06146457 62.1296205 4.73413599
v -3.06146456 62.11160379 4.734136
v -2.94187916 62.1116038 4.75792295
v -3.16284425 62.1296205 4.66639631
v -3.16284424 62.11160378 4.66639632
v -3.23058385 62.1296205 4.56501671
v -3.23058384 62.11160379 4.56501672
v -3.25437108 62.12962052 4.4454315
v -3.25437108 62.1116038 4.44543151
v -3.23058396 62.12962054 4.3258458
v -3.23058395 62.11160382 4.3258458
v -3.16284446 62.12962056 4.22446635
v -3.16284446 62.11160384 4.22446635
v -3.06146484 62.12962058 4.1567268
v -3.06146484 62.11160386 4.1567268
v -2.03987955 62.1296205 5.71465216
v -2.17777297 62.12962049 5.68722344
v -2.17777296 62.11160377 5.68722344
v -2.03987955 62.11160378 5.71465217
v -2.29467339 62.12962048 5.60911322
v -2.29467339 62.11160377 5.60911323
v -2.37278379 62.12962049 5.49221291
v -2.37278379 62.11160377 5.49221291
v -2.40021257 62.1296205 5.35431965
v -2.40021256 62.11160379 5.35431965
v -2.37278395 62.12962053 5.21642623
v -2.37278394 62.11160381 5.21642623
v -2.29467361 62.12962055 5.09952569
v -2.29467361 62.11160384 5.09952569
v -2.17777327 62.12962058 5.02141541
v -2.17777327 62.11160386 5.02141541
v -2.0398798 62.1296206 4.99398652
v -2.0398798 62.11160388 4.99398652
v -1.90198639 62.12962061 5.02141529
v -1.90198639 62.1116039 5.02141529
v -1.78508594 62.12962062 5.09952546
v -1.78508594 62.1116039 5.09952546
v -1.70697564 62.12962061 5.21642582
v -1.70697564 62.11160389 5.21642582
v -1.67954676 62.1296206 5.35431932
v -1.67954675 62.11160388 5.35431932
v -1.70697553 62.12962057 5.4922127
v -1.70697553 62.11160386 5.4922127
v -1.78508572 62.12962055 5.609113
v -1.78508572 62.11160383 5.609113
v -1.9019861 62.12962052 5.68722344
v -1.9019861 62.11160381 5.68722344
v -2.03987955 62.1296205 5.71465216
v -2.03987955 62.11160378 5.71465217
v -2.81286796 62.12962041 5.66577912
v -2.94187872 62.12962039 5.69144115
v -2.94187872 62.11160367 5.69144115
v -2.81286796 62.11160369 5.66577913
v -2.70349796 62.12962043 5.59270038
v -2.70349796 62.11160372 5.59270039
v -2.6304193 62.12962046 5.48333037
v -2.63041928 62.11160374 5.48333038
v -2.60475753 62.12962048 5.35431968
v -2.60475751 62.11160376 5.35431968
v -2.63041939 62.12962049 5.22530899
v -2.63041937 62.11160378 5.22530899
v -2.70349819 62.1296205 5.115939
v -2.70349818 62.11160378 5.115939
v -2.81286824 62.12962049 5.04286024
v -2.81286824 62.11160378 5.04286025
v -2.94187905 62.12962048 5.01719862
v -2.94187905 62.11160376 5.01719862
v -3.07088977 62.12962046 5.04286036
v -3.07088976 62.11160374 5.04286036
v -3.18025978 62.12962044 5.11593922
v -3.18025978 62.11160372 5.11593922
v -3.25333839 62.12962041 5.22530915
v -3.25333839 62.1116037 5.22530915
v -3.27900026 62.12962039 5.35432
v -3.27900026 62.11160368 5.35432001
v -3.25333828 62.12962038 5.48333074
v -3.25333827 62.11160366 5.48333074
v -3.18025956 62.12962037 5.59270061
v -3.18025956 62.11160366 5.59270061
v -3.07088949 62.12962038 5.66577936
v -3.07088948 62.11160366 5.66577936
v -2.94187872 62.12962039 5.69144115
v -2.94187872 62.11160367 5.69144115
v -2.30466452 62.12962062 4.55510839
v -1.83722274 62.12962067 4.6480881
v -2.24253723 62.12962062 4.64808815
v -1.93020265 62.12962065 4.71021525
v -2.14955735 62.12962062 4.71021528
v -2.03987992 62.12962063 4.73203142
v -2.0398798 62.1296206 4.99398652
v -2.17777327 62.12962058 5.02141541
v -1.78508594 62.12962062 5.09952546
v -1.90198639 62.12962061 5.02141529
v -2.29467361 62.12962055 5.09952569
v -1.70697564 62.12962061 5.21642582
v -2.37278395 62.12962053 5.21642623
v -1.67954676 62.1296206 5.35431932
v -2.40021257 62.1296205 5.35431965
v -1.70697553 62.12962057 5.4922127
v -2.37278379 62.12962049 5.49221291
v -1.78508572 62.12962055 5.609113
v -2.29467339 62.12962048 5.60911322
v -1.9019861 62.12962052 5.68722344
v -2.03987955 62.1296205 5.71465216
v -2.17777297 62.12962049 5.68722344
v -2.81286824 62.12962049 5.04286024
v -2.94187905 62.12962048 5.01719862
v -3.07088977 62.12962046 5.04286036
v -2.70349819 62.1296205 5.115939
v -3.18025978 62.12962044 5.11593922
v -2.63041939 62.12962049 5.22530899
v -3.25333839 62.12962041 5.22530915
v -2.60475753 62.12962048 5.35431968
v -3.27900026 62.12962039 5.35432
v -2.6304193 62.12962046 5.48333037
v -3.25333828 62.12962038 5.48333074
v -2.70349796 62.12962043 5.59270038
v -3.18025956 62.12962037 5.59270061
v -2.81286796 62.12962041 5.66577912
v -3.07088949 62.12962038 5.66577936
v -2.94187872 62.12962039 5.69144115
v -2.9418794 62.1296206 4.13293966
v -3.06146484 62.12962058 4.1567268
v -2.72091442 62.12962061 4.22446613
v -2.82229402 62.12962061 4.15672677
v -2.65317462 62.12962061 4.32584573
v -3.16284446 62.12962056 4.22446635
v -2.62938756 62.1296206 4.4454311
v -3.23058396 62.12962054 4.3258458
v -2.65317447 62.12962058 4.56501648
v -3.25437108 62.12962052 4.4454315
v -2.72091422 62.12962056 4.6663961
v -3.23058385 62.1296205 4.56501671
v -2.82229376 62.12962053 4.73413596
v -3.16284425 62.1296205 4.66639631
v -2.94187916 62.12962052 4.75792295
v -3.06146457 62.1296205 4.73413599
vn 0.57818 -0.57538 -0.57848
vn -0.29459 -0.90658 -0.30219
vn -0.29621 -0.90712 0.29901
vn -0.57822 -0.57542 -0.57842
vn 0.29621 -0.90712 0.29901
vn 0.29459 -0.90658 -0.30219
vn -0.70959 -0.70459 0.0047
vn -0.0045 -0.99997 0.0059
vn 0.0045 -0.99997 0.0059
vn 0.70959 -0.70459 0.0047
vn -0.70711 0.70711 0
vn -0.57738 0.57728 -0.57738
vn -0.57742 0.57732 -0.57732
vn 0.57742 0.57732 -0.57732
vn 0.57738 0.57738 -0.57728
vn 0.70711 0.70711 0
vn 0.57738 -0.57738 -0.57728
vn -0.57732 -0.57742 -0.57732
vn -0.57738 -0.57738 0.57728
vn 0.57728 -0.57738 0.57738
vn 0.30151 -0.90453 0.30151
vn 0.30151 -0.90453 -0.30151
vn 0.57738 -0.57738 0.57728
vn -0.30151 -0.90453 -0.30151
vn -0.30151 -0.90453 0.30151
vn -0.57742 -0.57732 -0.57732
vn 0.3015 -0.90451 -0.3016
vn -0.57728 -0.57738 -0.57738
vn -0.57732 -0.57732 0.57742
vn -0.57738 -0.57738 -0.57728
vn 0.57732 -0.57732 -0.57742
vn -0.57728 -0.57738 0.57738
vn -0.30159 0.30159 0.90448
vn -0.3016 -0.3015 0.90451
vn -0.57742 -0.57732 0.57732
vn -0.57732 0.57732 0.57742
vn 0.66579 -0.1456 -0.73179
vn -0.66579 -0.1456 -0.73179
vn -0.57732 0.57732 -0.57742
vn 0.57738 0.57728 -0.57738
vn 0.63081 -0.56531 0.53151
vn 0.62798 -0.55789 -0.54259
vn 0.66569 -0.1456 -0.73189
vn 0.66237 -0.15869 0.73217
vn 0.57728 0.57738 0.57738
vn 0.57732 0.57732 -0.57742
vn -0.66236 -0.15879 0.73216
vn -0.66569 -0.1456 -0.73189
vn -0.62798 -0.55779 -0.54269
vn -0.63081 -0.56541 0.53141
vn 0.66848 -0.73138 0.135
vn -0.66847 -0.73137 0.13509
vn -0.66848 -0.73138 -0.135
vn 0.66848 -0.73138 -0.135
vn -0.30151 0.30151 0.90453
vn 0.30151 0.30151 0.90453
vn -0.57738 0.57728 0.57738
vn 0.30151 -0.30151 0.90453
vn 0.66242 -0.15871 0.73213
vn -0.30151 -0.30151 0.90453
vn -0.66242 -0.15871 0.73213
vn 0.57732 -0.57732 0.57742
vn 0.57742 0.57732 0.57732
vn 0.30159 0.30159 0.90448
vn -0.3015 0.3016 0.90451
vn -0.30159 -0.30159 0.90448
vn 0.3015 -0.3016 0.90451
vn 0.30159 -0.30159 0.90448
vn 0.3016 0.3015 0.90451
vn 0.63087 -0.56537 0.53137
vn 0.62802 -0.55782 -0.54262
vn -0.66841 -0.73142 -0.1351
vn -0.66842 -0.73143 0.135
vn 0.66841 -0.73142 0.1351
vn 0.66842 -0.73143 -0.135
vn 0.57742 -0.57732 0.57732
vn -0.57742 0.57732 0.57732
vn -0.70711 -0.70711 0
vn 0.70711 -0.70711 0
vn 0 0 1
vn 0 -0.70711 0.70711
vn 0 0 -1
vn 0 -0.70711 -0.70711
vn 0.57732 0.57742 -0.57732
vn 0.57738 -0.57728 -0.57738
vn 0.72289 -0.68809 -0.0629
vn -0.72289 -0.68809 -0.0629
vn -0.52071 -0.58701 -0.61991
vn 0.52071 -0.58701 -0.61991
vn 0.52071 -0.58701 0.61991
vn -0.52071 -0.58701 0.61991
vn -0.72289 -0.68809 0.0629
vn 0.72289 -0.68809 0.0629
vn 0.99623 0 0.0867
vn 0.64309 0 0.76579
vn 0.6432 0 0.7657
vn -0.6432 0 0.7657
vn -0.99623 0 -0.0867
vn -0.64309 0 -0.76579
vn -0.6432 0 -0.7657
vn 0.6432 0 -0.7657
vn 0.64309 0 -0.76579
vn 0.99623 0 -0.0867
vn -0.64309 0 0.76579
vn -0.99623 0 0.0867
vn -0.64309 -0.0002 0.76579
vn -0.2569 -0.66831 0.69811
vn 0.53411 -0.65541 0.53401
vn 0.25689 -0.66837 0.69807
vn 0 -0.67092 0.74153
vn -0.53401 -0.65541 0.53411
vn 0.69808 -0.66838 0.25679
vn -0.69807 -0.66837 0.25689
vn 0.74153 -0.67092 0
vn -0.74153 -0.67092 0
vn 0.69811 -0.66831 -0.2569
vn -0.69811 -0.66831 -0.2569
vn 0.53401 -0.65541 -0.53411
vn -0.53411 -0.65541 -0.53401
vn 0.2569 -0.66831 -0.69811
vn -0.2569 -0.66831 -0.69811
vn 0 -0.67092 -0.74153
vn 0.69801 -0.66841 -0.25691
vn 0.53397 -0.65547 -0.53407
vn 0.70711 0 -0.70711
vn 0.93849 0 -0.3453
vn 0.74143 -0.67103 0
vn 1 0 0
vn 0.69803 -0.66843 0.25681
vn 0.93849 0 0.3453
vn 0.53407 -0.65547 0.53397
vn 0.70711 0 0.70711
vn 0.25691 -0.66841 0.69801
vn 0.3453 0 0.93849
vn 0 -0.67103 0.74143
vn -0.25681 -0.66843 0.69803
vn -0.3453 0 0.93849
vn -0.53397 -0.65547 0.53407
vn -0.70711 0 0.70711
vn -0.69801 -0.66841 0.25691
vn -0.93849 0 0.3453
vn -0.74143 -0.67103 0
vn -1 0 0
vn -0.69801 -0.66841 -0.25691
vn -0.93849 0 -0.3453
vn -0.53407 -0.65547 -0.53397
vn -0.70711 0 -0.70711
vn -0.25691 -0.66841 -0.69801
vn -0.3453 0 -0.93849
vn 0 -0.67103 -0.74143
vn 0.25681 -0.66843 -0.69803
vn 0.3453 0 -0.93849
vn 0.69801 -0.66841 0.25691
vn -0.69803 -0.66843 -0.25681
vn -0.53397 -0.65547 -0.53407
vn -0.69803 -0.66843 0.25681
vn -0.53407 -0.65547 0.53397
vn -0.25691 -0.66841 0.69801
vn 0.25681 -0.66843 0.69803
vn 0.53397 -0.65547 0.53407
vn 0.69803 -0.66843 -0.25681
vn 0.53407 -0.65547 -0.53397
vn 0.25691 -0.66841 -0.69801
vn -0.25681 -0.66843 -0.69803
vn 0 -0.0001 -1
vn -0.74153 -0.67092 -0.0001
vn -0.69811 -0.66831 0.2569
vn 0.69811 -0.66831 0.2569
vn 0.2569 -0.66831 0.69811
vn -0.25679 -0.66838 0.69808
vn 0.74621 0 0.66571
vn -0.6894 0.2856 0.6657
vn -0.74621 0 0.66571
vn 0.6894 -0.2856 0.6657
vn -0.68942 -0.28551 0.66572
vn 0.5276 -0.5277 0.6657
vn -0.5277 -0.5276 0.6657
vn 0.28551 -0.68942 0.66572
vn -0.2856 -0.6894 0.6657
vn 0 -0.74621 0.66571
vn 0 -1 0
vn 0.38269 -0.92388 0
vn 0.92388 -0.38269 0
vn 0.6894 0.2856 0.6657
vn 0.92388 0.38269 0
vn 0.5276 0.5277 0.6657
vn 0.2856 0.6894 0.6657
vn 0.38269 0.92388 0
vn 0 0.74616 0.66577
vn 0 1 0
vn -0.28551 0.68942 0.66572
vn -0.38269 0.92388 0
vn -0.5277 0.5276 0.6657
vn -0.68942 0.28551 0.66572
vn -0.92388 0.38269 0
vn -0.92388 -0.38269 0
vn -0.28551 -0.68942 0.66572
vn -0.38269 -0.92388 0
vn -0.5276 -0.5277 0.6657
vn -0.6894 -0.2856 0.6657
vn -0.5276 0.5277 0.6657
vn -0.2856 0.6894 0.6657
vn 0.28551 0.68942 0.66572
vn 0.52763 0.52763 0.66574
vn 0.5277 -0.5276 0.6657
vn 0.68942 0.28551 0.66572
vn 0.2856 -0.6894 0.6657
vn -0.28558 0.68936 0.66576
vn 0 1 0.0001
vn -0.5276 0.5276 0.6658
vn -0.68936 0.28558 0.66576
vn -0.74616 0 0.66577
vn -0.68936 -0.28558 0.66576
vn -0.5276 -0.5276 0.6658
vn -0.28558 -0.68936 0.66576
vn 0 -0.74616 0.66577
vn 0.28558 -0.68936 0.66576
vn 0.5276 -0.5276 0.6658
vn 0.68938 -0.28549 0.66578
vn 0.74616 0 0.66577
vn 0.68936 0.28558 0.66576
vn 0.5276 0.5276 0.6658
vn 0.28558 0.68936 0.66576
vn 0.5277 0.5276 0.6657
vn 0 0.74621 0.66571
vt 0.4248 0.5918
vt 0.41553 0.42773
vt 0.41504 0.57812
vt 0.22168 0.5918
vt 0.23145 0.57812
vt 0.23145 0.42773
vt 0.22168 0.38086
vt 0.23145 0.38867
vt 0.41553 0.38867
vt 0.4248 0.38086
vt 0.01172 0.38086
vt 0.01172 0.5918
vt 0.22168 0.79492
vt 0.4248 0.79492
vt 0.63574 0.5918
vt 0.63574 0.38086
vt 0.4248 0.99805
vt 0.22168 0.99805
vt 0.23828 0.43457
vt 0.40918 0.43457
vt 0.40918 0.57129
vt 0.23828 0.57129
vt 0.77441 0.96875
vt 0.64844 0.96875
vt 0.64844 0.97754
vt 0.77441 0.97754
vt 0.64844 0.4502
vt 0.77441 0.4502
vt 0.77441 0.44043
vt 0.64844 0.44043
vt 0.47852 0.79883
vt 0.47852 0.62012
vt 0.47363 0.62012
vt 0.47363 0.79883
vt 0.77441 0.79883
vt 0.77441 0.62012
vt 0.64844 0.62012
vt 0.64844 0.79883
vt 0.94434 0.79883
vt 0.94434 0.62012
vt 0.95801 0.79883
vt 0.95801 0.62012
vt 0.4834 0.00879
vt 0.31836 0.00879
vt 0.31836 0.01172
vt 0.4834 0.01172
vt 0.74414 0.16309
vt 0.74414 0.36914
vt 0.9668 0.36914
vt 0.9668 0.16309
vt 0.99219 0.31641
vt 0.97754 0.31641
vt 0.97754 0.32031
vt 0.99219 0.32031
vt 0.99219 0.75098
vt 0.99219 0.54395
vt 0.97754 0.54395
vt 0.97754 0.75098
vt 0.99219 0.97559
vt 0.97754 0.97559
vt 0.97754 0.97852
vt 0.99219 0.97852
vt 0.73047 0.16309
vt 0.73047 0.36914
vt 0.7373 0.36914
vt 0.7373 0.16309
vt 0.52246 0.34961
vt 0.52246 0.18262
vt 0.50098 0.16309
vt 0.50098 0.36914
vt 0.68945 0.18262
vt 0.72363 0.16309
vt 0.68945 0.34961
vt 0.72363 0.36914
vt 0.31836 0.17676
vt 0.4834 0.17676
vt 0.48633 0.17676
vt 0.48633 0.01172
vt 0.31543 0.01172
vt 0.31543 0.17676
vt 0.31836 0.17969
vt 0.4834 0.17969
vt 0.72754 0.36914
vt 0.72754 0.16309
vt 0.74023 0.36914
vt 0.74023 0.16309
vt 0.97754 0.98145
vt 0.99219 0.98145
vt 0.99219 0.31348
vt 0.97754 0.31348
vt 0.51868 0.13273
vt 0.52161 0.13273
vt 0.52161 0.11711
vt 0.51868 0.11711
vt 0.56262 0.13149
vt 0.56653 0.13149
vt 0.56653 0.11684
vt 0.56262 0.11684
vt 0.52649 0.13273
vt 0.52649 0.11711
vt 0.51478 0.11711
vt 0.51478 0.13273
vt 0.51868 0.13664
vt 0.52161 0.13664
vt 0.52161 0.1132
vt 0.51868 0.1132
vt 0.57043 0.13149
vt 0.57043 0.11684
vt 0.55872 0.11684
vt 0.55872 0.13149
vt 0.56262 0.13637
vt 0.56653 0.13637
vt 0.56653 0.11293
vt 0.56262 0.11293
vt 0.01562 0.625
vt 0.01562 0.79395
vt 0.19727 0.79395
vt 0.19727 0.625
vt 0.01562 0.96777
vt 0.19727 0.96777
vt 0.19727 0.79785
vt 0.01562 0.79785
vt 0.56847 0.0685
vt 0.56066 0.0685
vt 0.56066 0.07631
vt 0.56847 0.07631
vt 0.55284 0.07631
vt 0.55284 0.0851
vt 0.56066 0.0851
vt 0.56066 0.09291
vt 0.56847 0.09291
vt 0.56847 0.0851
vt 0.57726 0.0851
vt 0.57726 0.07631
vt 0.51562 0.09291
vt 0.52441 0.09291
vt 0.52441 0.0851
vt 0.51562 0.0851
vt 0.53223 0.0851
vt 0.53223 0.07631
vt 0.52441 0.07631
vt 0.52441 0.0685
vt 0.51562 0.0685
vt 0.51562 0.07631
vt 0.50781 0.07631
vt 0.50781 0.0851
vt 0.50781 0.03149
vt 0.50781 0.03931
vt 0.51562 0.03931
vt 0.51562 0.03149
vt 0.51562 0.0481
vt 0.52441 0.0481
vt 0.52441 0.03931
vt 0.53223 0.03931
vt 0.53223 0.03149
vt 0.52441 0.03149
vt 0.52441 0.02271
vt 0.51562 0.02271
vt 0.57733 0.04053
vt 0.57733 0.03174
vt 0.56854 0.03174
vt 0.56854 0.04053
vt 0.56854 0.02393
vt 0.56073 0.02393
vt 0.56073 0.03174
vt 0.55194 0.03174
vt 0.55194 0.04053
vt 0.56073 0.04053
vt 0.56073 0.04834
vt 0.56854 0.04834
vt 0.6406 0.0999
vt 0.63749 0.0999
vt 0.63749 0.10741
vt 0.6406 0.10741
vt 0.60341 0.09997
vt 0.6003 0.09997
vt 0.6003 0.10748
vt 0.60341 0.10748
vt 0.6406 0.08499
vt 0.63749 0.08499
vt 0.63749 0.09251
vt 0.6406 0.09251
vt 0.60341 0.08506
vt 0.6003 0.08506
vt 0.6003 0.09257
vt 0.60341 0.09257
vt 0.6434 0.09251
vt 0.6434 0.08499
vt 0.6406 0.08188
vt 0.63749 0.08188
vt 0.63469 0.0999
vt 0.63469 0.10741
vt 0.63749 0.11053
vt 0.6406 0.11053
vt 0.60621 0.10748
vt 0.60621 0.09996
vt 0.60341 0.08194
vt 0.6003 0.08194
vt 0.59749 0.08506
vt 0.59749 0.09257
vt 0.6003 0.11059
vt 0.60341 0.11059
vt 0.6434 0.10741
vt 0.6434 0.0999
vt 0.63469 0.08499
vt 0.63469 0.09251
vt 0.60621 0.09257
vt 0.60621 0.08506
vt 0.59749 0.09996
vt 0.59749 0.10748
vt 0.60341 0.12743
vt 0.60341 0.11992
vt 0.6003 0.11992
vt 0.6003 0.12743
vt 0.63749 0.13574
vt 0.63749 0.14326
vt 0.6406 0.14326
vt 0.6406 0.13574
vt 0.60341 0.14234
vt 0.60341 0.13483
vt 0.6003 0.13483
vt 0.6003 0.14234
vt 0.63749 0.12084
vt 0.63749 0.12835
vt 0.6406 0.12835
vt 0.6406 0.12084
vt 0.60621 0.14234
vt 0.60621 0.13483
vt 0.6003 0.14545
vt 0.60341 0.14545
vt 0.59749 0.11992
vt 0.59749 0.12743
vt 0.60341 0.11681
vt 0.6003 0.11681
vt 0.63469 0.13574
vt 0.63469 0.14326
vt 0.6406 0.11772
vt 0.63749 0.11772
vt 0.6434 0.12835
vt 0.6434 0.12084
vt 0.63749 0.14637
vt 0.6406 0.14637
vt 0.60621 0.12743
vt 0.60621 0.11992
vt 0.59749 0.13483
vt 0.59749 0.14234
vt 0.63469 0.12084
vt 0.63469 0.12835
vt 0.6434 0.14326
vt 0.6434 0.13574
vt 0.7308 0.09747
vt 0.74844 0.09747
vt 0.74277 0.09537
vt 0.73657 0.09537
vt 0.72637 0.10169
vt 0.75248 0.10169
vt 0.72451 0.10742
vt 0.75483 0.10742
vt 0.72451 0.11362
vt 0.75483 0.11362
vt 0.72686 0.11934
vt 0.75297 0.11934
vt 0.73089 0.12357
vt 0.74854 0.12357
vt 0.73657 0.12566
vt 0.74277 0.12566
vt 0.89605 0.11937
vt 0.88824 0.11937
vt 0.88824 0.12328
vt 0.89605 0.12328
vt 0.90386 0.11937
vt 0.90386 0.12328
vt 0.91168 0.11937
vt 0.91168 0.12328
vt 0.91949 0.11937
vt 0.91949 0.12328
vt 0.9273 0.11937
vt 0.9273 0.12328
vt 0.93511 0.11937
vt 0.93511 0.12328
vt 0.94293 0.11937
vt 0.94293 0.12328
vt 0.95074 0.11937
vt 0.95074 0.12328
vt 0.95855 0.11937
vt 0.95855 0.12328
vt 0.96636 0.11937
vt 0.96636 0.12328
vt 0.97418 0.11937
vt 0.97418 0.12328
vt 0.98199 0.11937
vt 0.98199 0.12328
vt 0.9898 0.11937
vt 0.9898 0.12328
vt 0.99761 0.11937
vt 0.99761 0.12328
vt 0.88043 0.11937
vt 0.87261 0.11937
vt 0.87261 0.12328
vt 0.88043 0.12328
vt 0.95074 0.14452
vt 0.95855 0.14452
vt 0.95855 0.14061
vt 0.95074 0.14061
vt 0.96636 0.14452
vt 0.96636 0.14061
vt 0.97418 0.14452
vt 0.97418 0.14061
vt 0.98199 0.14452
vt 0.98199 0.14061
vt 0.91949 0.14452
vt 0.9273 0.14452
vt 0.9273 0.14061
vt 0.91949 0.14061
vt 0.93511 0.14452
vt 0.93511 0.14061
vt 0.94293 0.14452
vt 0.94293 0.14061
vt 0.88824 0.14452
vt 0.89605 0.14452
vt 0.89605 0.14061
vt 0.88824 0.14061
vt 0.90386 0.14452
vt 0.90386 0.14061
vt 0.91168 0.14452
vt 0.91168 0.14061
vt 0.9898 0.14452
vt 0.9898 0.14061
vt 0.99761 0.14452
vt 0.99761 0.14061
vt 0.87261 0.14452
vt 0.88238 0.14452
vt 0.88238 0.14061
vt 0.87261 0.14061
vt 0.89605 0.10179
vt 0.89605 0.09789
vt 0.88824 0.09789
vt 0.88824 0.10179
vt 0.90386 0.10179
vt 0.90386 0.09789
vt 0.91168 0.10179
vt 0.91168 0.09789
vt 0.91949 0.10179
vt 0.91949 0.09789
vt 0.9273 0.10179
vt 0.9273 0.09789
vt 0.93511 0.10179
vt 0.93511 0.09789
vt 0.94293 0.10179
vt 0.94293 0.09789
vt 0.95074 0.10179
vt 0.95074 0.09789
vt 0.95855 0.10179
vt 0.95855 0.09789
vt 0.96636 0.10179
vt 0.96636 0.09789
vt 0.97418 0.10179
vt 0.97418 0.09789
vt 0.98199 0.10179
vt 0.98199 0.09789
vt 0.9898 0.10179
vt 0.9898 0.09789
vt 0.99761 0.10179
vt 0.99761 0.09789
vt 0.88043 0.10179
vt 0.88043 0.09789
vt 0.87261 0.09789
vt 0.87261 0.10179
vt 0.91949 0.08129
vt 0.91949 0.07738
vt 0.91168 0.07738
vt 0.91168 0.08129
vt 0.90386 0.07738
vt 0.90386 0.08129
vt 0.89605 0.07738
vt 0.89605 0.08129
vt 0.88824 0.07738
vt 0.88824 0.08129
vt 0.95074 0.08129
vt 0.95074 0.07738
vt 0.94293 0.07738
vt 0.94293 0.08129
vt 0.93511 0.07738
vt 0.93511 0.08129
vt 0.9273 0.07738
vt 0.9273 0.08129
vt 0.98199 0.08129
vt 0.98199 0.07738
vt 0.97418 0.07738
vt 0.97418 0.08129
vt 0.96636 0.07738
vt 0.96636 0.08129
vt 0.95855 0.07738
vt 0.95855 0.08129
vt 0.88043 0.07738
vt 0.88043 0.08129
vt 0.87261 0.07738
vt 0.87261 0.08129
vt 0.99761 0.08129
vt 0.99761 0.07738
vt 0.9898 0.07738
vt 0.9898 0.08129
vt 0.68482 0.123
vt 0.6905 0.12509
vt 0.6967 0.12509
vt 0.70247 0.123
vt 0.68079 0.11877
vt 0.7069 0.11877
vt 0.70886 0.11305
vt 0.67854 0.11305
vt 0.70866 0.10685
vt 0.67834 0.10685
vt 0.7064 0.10113
vt 0.6803 0.10113
vt 0.70237 0.0969
vt 0.68473 0.0969
vt 0.6967 0.09481
vt 0.6905 0.09481
vt 0.83484 0.09635
vt 0.82917 0.09426
vt 0.82297 0.09426
vt 0.8172 0.09635
vt 0.83887 0.10057
vt 0.81277 0.10057
vt 0.84112 0.10629
vt 0.81081 0.10629
vt 0.84132 0.11249
vt 0.81101 0.11249
vt 0.83936 0.11821
vt 0.81326 0.11821
vt 0.83493 0.12244
vt 0.81729 0.12244
vt 0.82297 0.12453
vt 0.82917 0.12453
vt 0.77569 0.0967
vt 0.79334 0.09666
vt 0.78766 0.09458
vt 0.78146 0.09459
vt 0.77127 0.10094
vt 0.79738 0.10088
vt 0.76933 0.10667
vt 0.79965 0.10659
vt 0.76954 0.11287
vt 0.79986 0.11279
vt 0.77181 0.11858
vt 0.79792 0.11852
vt 0.77585 0.1228
vt 0.7935 0.12276
vt 0.78153 0.12488
vt 0.78773 0.12487
vt 0.2412 0.09407
vt 0.31075 0.09407
vt 0.31075 0.08024
vt 0.2412 0.08024
vt 0.30546 0.06745
vt 0.24649 0.06745
vt 0.29568 0.05767
vt 0.25628 0.05767
vt 0.28289 0.05238
vt 0.26906 0.05238
vt 0.82379 0.05932
vt 0.84332 0.05932
vt 0.84332 0.05541
vt 0.82379 0.05541
vt 0.80621 0.05932
vt 0.80621 0.05541
vt 0.78668 0.05932
vt 0.78668 0.05541
vt 0.76714 0.05932
vt 0.76714 0.05541
vt 0.74761 0.05932
vt 0.74761 0.05541
vt 0.72808 0.05932
vt 0.72808 0.05541
vt 0.70855 0.05932
vt 0.70855 0.05541
vt 0.68902 0.05932
vt 0.68902 0.05541
vt 0.97808 0.05932
vt 0.99761 0.05932
vt 0.99761 0.05541
vt 0.97808 0.05541
vt 0.95855 0.05932
vt 0.95855 0.05541
vt 0.93902 0.05932
vt 0.93902 0.05541
vt 0.92144 0.05932
vt 0.92144 0.05541
vt 0.90191 0.05932
vt 0.90191 0.05541
vt 0.88238 0.05932
vt 0.88238 0.05541
vt 0.86285 0.05932
vt 0.86285 0.05541
vt 0.82997 0.04194
vt 0.80901 0.04194
vt 0.80901 0.04504
vt 0.82997 0.04504
vt 0.78805 0.04194
vt 0.78805 0.04504
vt 0.7671 0.04194
vt 0.7671 0.04504
vt 0.74614 0.04194
vt 0.74614 0.04504
vt 0.72519 0.04194
vt 0.72519 0.04504
vt 0.70423 0.04194
vt 0.70423 0.04504
vt 0.68328 0.04194
vt 0.68328 0.04504
vt 0.66232 0.04194
vt 0.66232 0.04504
vt 0.99761 0.04194
vt 0.97666 0.04194
vt 0.97666 0.04504
vt 0.99761 0.04504
vt 0.9557 0.04194
vt 0.9557 0.04504
vt 0.93475 0.04194
vt 0.93475 0.04504
vt 0.91379 0.04194
vt 0.91379 0.04504
vt 0.89283 0.04194
vt 0.89283 0.04504
vt 0.87188 0.04194
vt 0.87188 0.04504
vt 0.85092 0.04194
vt 0.85092 0.04504
vt 0.99761 0.01036
vt 0.97345 0.01036
vt 0.97345 0.01345
vt 0.99761 0.01345
vt 0.94929 0.01036
vt 0.94929 0.01345
vt 0.92512 0.01036
vt 0.92512 0.01345
vt 0.90096 0.01036
vt 0.90096 0.01345
vt 0.87679 0.01036
vt 0.87679 0.01345
vt 0.85263 0.01036
vt 0.85263 0.01345
vt 0.82847 0.01036
vt 0.82847 0.01345
vt 0.8043 0.01036
vt 0.8043 0.01345
vt 0.78014 0.01036
vt 0.78014 0.01345
vt 0.75598 0.01036
vt 0.75598 0.01345
vt 0.73181 0.01036
vt 0.73181 0.01345
vt 0.70765 0.01036
vt 0.70765 0.01345
vt 0.68348 0.01036
vt 0.68348 0.01345
vt 0.65932 0.01036
vt 0.65932 0.01345
vt 0.63515 0.01036
vt 0.63515 0.01345
vt 0.61099 0.01036
vt 0.61099 0.01345
vt 0.6585 0.02566
vt 0.63589 0.02566
vt 0.63589 0.02876
vt 0.6585 0.02876
vt 0.68111 0.02566
vt 0.68111 0.02876
vt 0.70372 0.02566
vt 0.70372 0.02876
vt 0.72632 0.02566
vt 0.72632 0.02876
vt 0.74893 0.02566
vt 0.74893 0.02876
vt 0.77154 0.02566
vt 0.77154 0.02876
vt 0.79415 0.02566
vt 0.79415 0.02876
vt 0.81675 0.02566
vt 0.81675 0.02876
vt 0.83936 0.02566
vt 0.83936 0.02876
vt 0.86197 0.02566
vt 0.86197 0.02876
vt 0.88458 0.02566
vt 0.88458 0.02876
vt 0.90718 0.02566
vt 0.90718 0.02876
vt 0.92979 0.02566
vt 0.92979 0.02876
vt 0.9524 0.02566
vt 0.9524 0.02876
vt 0.97501 0.02566
vt 0.97501 0.02876
vt 0.99761 0.02566
vt 0.99761 0.02876
vt 0.24649 0.10685
vt 0.30546 0.10685
vt 0.25628 0.11664
vt 0.29568 0.11664
vt 0.26906 0.12193
vt 0.28289 0.12193
vt 0.03718 0.07988
vt 0.02111 0.08653
vt 0.07064 0.08653
vt 0.05458 0.07988
vt 0.00881 0.09883
vt 0.08294 0.09883
vt 0.00216 0.1149
vt 0.0896 0.1149
vt 0.00216 0.13229
vt 0.0896 0.13229
vt 0.00881 0.14836
vt 0.08294 0.14836
vt 0.02111 0.16066
vt 0.07064 0.16066
vt 0.05458 0.16732
vt 0.03718 0.16732
vt 0.14184 0.05326
vt 0.12557 0.05326
vt 0.11053 0.05948
vt 0.15688 0.05948
vt 0.09903 0.07099
vt 0.16838 0.07099
vt 0.0928 0.08602
vt 0.17461 0.08602
vt 0.0928 0.1023
vt 0.17461 0.1023
vt 0.09903 0.11733
vt 0.16838 0.11733
vt 0.11053 0.12884
vt 0.15688 0.12884
vt 0.12557 0.13507
vt 0.14184 0.13507
vt 0.20323 0.09324
vt 0.18929 0.09901
vt 0.23224 0.09901
vt 0.21831 0.09324
vt 0.24291 0.10968
vt 0.17863 0.10968
vt 0.24868 0.12361
vt 0.17286 0.12361
vt 0.24868 0.13869
vt 0.17286 0.13869
vt 0.24291 0.15263
vt 0.17863 0.15263
vt 0.23224 0.16329
vt 0.18929 0.16329
vt 0.21831 0.16906
vt 0.20323 0.16906
usemtl mat7
f 1201/1201/865 1202/1202/866 1203/1203/867
f 1204/1204/868 1205/1205/869 1206/1206/870
f 1207/1207/871 1204/1204/868 1206/1206/870
f 1207/1207/871 1206/1206/870 1208/1208/872
f 1209/1209/873 1210/1210/874 1207/1207/871
f 1209/1209/873 1207/1207/871 1208/1208/872
f 1204/1204/868 1207/1207/871 1211/1211/875
f 1204/1204/868 1211/1211/875 1212/1212/876
f 1204/1204/868 1201/1201/865 1203/1203/867
f 1204/1204/868 1203/1203/867 1205/1205/869
f 1213/1213/877 1214/1214/878 1201/1201/865
f 1213/1213/877 1201/1201/865 1204/1204/868
f 1201/1201/865 1210/1210/874 1209/1209/873
f 1201/1201/865 1209/1209/873 1202/1202/866
f 1201/1201/865 1215/1215/879 1216/1216/880
f 1201/1201/865 1216/1216/880 1210/1210/874
f 1217/1217/880 1214/1214/878 1213/1213/877
f 1217/1217/880 1213/1213/877 1218/1218/875
f 1206/1206/870 1202/1202/866 1209/1209/873
f 1206/1206/870 1209/1209/873 1208/1208/872
f 1202/1202/866 1206/1206/870 1219/1219/881
f 1202/1202/866 1219/1219/881 1220/1220/882
f 1203/1203/867 1202/1202/866 1220/1220/882
f 1203/1203/867 1220/1220/882 1221/1221/883
f 1205/1205/869 1203/1203/867 1221/1221/883
f 1205/1205/869 1221/1221/883 1222/1222/884
f 1206/1206/870 1205/1205/869 1222/1222/884
f 1206/1206/870 1222/1222/884 1219/1219/881
f 1223/1223/885 1224/1224/886 1225/1225/881
f 1223/1223/885 1225/1225/881 1226/1226/887
f 1227/1227/888 1228/1228/889 1229/1229/883
f 1227/1227/888 1229/1229/883 1230/1230/890
f 1231/1231/891 1232/1232/888 1233/1233/892
f 1231/1231/891 1233/1233/892 1234/1234/881
f 1235/1235/887 1236/1236/893 1237/1237/894
f 1235/1235/887 1237/1237/894 1238/1238/895
f 1228/1228/889 1227/1227/888 1237/1237/894
f 1228/1228/889 1237/1237/894 1236/1236/893
f 1224/1224/886 1223/1223/885 1235/1235/887
f 1224/1224/886 1235/1235/887 1238/1238/895
f 1232/1232/888 1231/1231/891 1238/1238/895
f 1232/1232/888 1238/1238/895 1237/1237/894
f 1239/1239/885 1240/1240/889 1236/1236/893
f 1239/1239/885 1236/1236/893 1235/1235/887
f 1240/1240/889 1239/1239/885 1241/1241/884
f 1240/1240/889 1241/1241/884 1242/1242/896
f 1243/1243/897 1244/1244/898 1245/1245/899
f 1243/1243/897 1245/1245/899 1246/1246/900
f 1247/1247/901 1248/1248/902 1249/1249/903
f 1247/1247/901 1249/1249/903 1250/1250/904
f 1251/1251/905 1252/1252/906 1253/1253/907
f 1251/1251/905 1253/1253/907 1254/1254/908
f 1255/1255/900 1256/1256/909 1257/1257/910
f 1255/1255/900 1257/1257/910 1258/1258/903
f 1259/1259/911 1255/1255/900 1258/1258/903
f 1259/1259/911 1258/1258/903 1260/1260/912
f 1256/1256/909 1254/1254/908 1253/1253/907
f 1256/1256/909 1253/1253/907 1257/1257/910
f 1259/1259/911 1260/1260/912 1261/1261/913
f 1259/1259/911 1261/1261/913 1262/1262/914
f 1263/1263/915 1264/1264/916 1265/1265/917
f 1263/1263/915 1265/1265/917 1266/1266/918
f 1267/1267/919 1268/1268/920 1269/1269/909
f 1267/1267/919 1269/1269/909 1270/1270/921
f 1268/1268/920 1271/1271/922 1272/1272/923
f 1268/1268/920 1272/1272/923 1269/1269/909
f 1273/1273/924 1267/1267/919 1270/1270/921
f 1273/1273/924 1270/1270/921 1274/1274/925
f 1271/1271/922 1273/1273/924 1274/1274/925
f 1271/1271/922 1274/1274/925 1272/1272/923
f 1275/1275/926 1276/1276/927 1246/1246/900
f 1275/1275/926 1246/1246/900 1245/1245/899
f 1277/1277/928 1278/1278/929 1246/1246/900
f 1277/1277/928 1246/1246/900 1276/1276/927
f 1279/1279/930 1280/1280/931 1275/1275/926
f 1279/1279/930 1275/1275/926 1245/1245/899
f 1281/1281/932 1282/1282/933 1276/1276/927
f 1281/1281/932 1276/1276/927 1275/1275/926
f 1272/1272/923 1274/1274/925 1283/1283/914
f 1272/1272/923 1283/1283/914 1284/1284/934
f 1284/1284/934 1283/1283/914 1264/1264/916
f 1284/1284/934 1264/1264/916 1263/1263/915
f 1266/1266/918 1265/1265/917 1285/1285/913
f 1266/1266/918 1285/1285/913 1286/1286/935
f 1286/1286/935 1285/1285/913 1248/1248/902
f 1286/1286/935 1248/1248/902 1247/1247/901
f 1262/1262/914 1261/1261/913 1287/1287/936
f 1262/1262/914 1287/1287/936 1288/1288/937
f 1289/1289/938 1290/1290/939 1252/1252/906
f 1289/1289/938 1252/1252/906 1251/1251/905
f 1291/1291/940 1292/1292/927 1293/1293/941
f 1291/1291/940 1293/1293/941 1294/1294/899
f 1295/1295/940 1296/1296/927 1297/1297/941
f 1295/1295/940 1297/1297/941 1298/1298/899
f 1299/1299/880 1300/1300/875 1293/1293/941
f 1299/1299/880 1293/1293/941 1292/1292/927
f 1301/1301/942 1302/1302/943 1291/1291/940
f 1301/1301/942 1291/1291/940 1294/1294/899
f 1303/1303/943 1304/1304/880 1292/1292/927
f 1303/1303/943 1292/1292/927 1291/1291/940
f 1305/1305/875 1306/1306/942 1294/1294/899
f 1305/1305/875 1294/1294/899 1293/1293/941
f 1307/1307/880 1308/1308/875 1297/1297/941
f 1307/1307/880 1297/1297/941 1296/1296/927
f 1309/1309/942 1310/1310/943 1295/1295/940
f 1309/1309/942 1295/1295/940 1298/1298/899
f 1311/1311/943 1312/1312/880 1296/1296/927
f 1311/1311/943 1296/1296/927 1295/1295/940
f 1313/1313/875 1314/1314/942 1298/1298/899
f 1313/1313/875 1298/1298/899 1297/1297/941
f 1315/1315/944 1316/1316/945 1317/1317/945
f 1315/1315/944 1317/1317/945 1318/1318/944
f 1319/1319/946 1320/1320/946 1321/1321/947
f 1319/1319/946 1321/1321/947 1322/1322/947
f 1317/1317/945 1316/1316/945 1322/1322/947
f 1317/1317/945 1322/1322/947 1321/1321/947
f 1323/1323/875 1324/1324/880 1325/1325/948
f 1323/1323/875 1325/1325/948 1326/1326/876
f 1327/1327/880 1328/1328/943 1329/1329/949
f 1327/1327/880 1329/1329/949 1325/1325/948
f 1330/1330/943 1331/1331/942 1332/1332/882
f 1330/1330/943 1332/1332/882 1329/1329/949
f 1333/1333/942 1334/1334/875 1326/1326/876
f 1333/1333/942 1326/1326/876 1332/1332/882
f 1326/1326/876 1325/1325/948 1329/1329/949
f 1326/1326/876 1329/1329/949 1332/1332/882
f 1335/1335/875 1336/1336/880 1337/1337/948
f 1335/1335/875 1337/1337/948 1338/1338/876
f 1339/1339/880 1340/1340/943 1341/1341/949
f 1339/1339/880 1341/1341/949 1337/1337/948
f 1342/1342/943 1343/1343/942 1344/1344/882
f 1342/1342/943 1344/1344/882 1341/1341/949
f 1345/1345/942 1346/1346/875 1338/1338/876
f 1345/1345/942 1338/1338/876 1344/1344/882
f 1338/1338/876 1337/1337/948 1341/1341/949
f 1338/1338/876 1341/1341/949 1344/1344/882
f 1347/1347/875 1348/1348/880 1349/1349/948
f 1347/1347/875 1349/1349/948 1350/1350/876
f 1351/1351/880 1352/1352/943 1353/1353/949
f 1351/1351/880 1353/1353/949 1349/1349/948
f 1354/1354/943 1355/1355/942 1356/1356/882
f 1354/1354/943 1356/1356/882 1353/1353/949
f 1357/1357/942 1358/1358/875 1350/1350/876
f 1357/1357/942 1350/1350/876 1356/1356/882
f 1350/1350/876 1349/1349/948 1353/1353/949
f 1350/1350/876 1353/1353/949 1356/1356/882
f 1359/1359/875 1360/1360/880 1361/1361/948
f 1359/1359/875 1361/1361/948 1362/1362/876
f 1363/1363/880 1364/1364/943 1365/1365/949
f 1363/1363/880 1365/1365/949 1361/1361/948
f 1366/1366/943 1367/1367/942 1368/1368/882
f 1366/1366/943 1368/1368/882 1365/1365/949
f 1369/1369/942 1370/1370/875 1362/1362/876
f 1369/1369/942 1362/1362/876 1368/1368/882
f 1362/1362/876 1361/1361/948 1365/1365/949
f 1362/1362/876 1365/1365/949 1368/1368/882
f 1371/1371/950 1372/1372/951 1373/1373/952
f 1371/1371/950 1373/1373/952 1374/1374/953
f 1375/1375/950 1376/1376/951 1377/1377/952
f 1375/1375/950 1377/1377/952 1378/1378/953
f 1379/1379/954 1380/1380/955 1381/1381/956
f 1379/1379/954 1381/1381/956 1382/1382/957
f 1382/1382/957 1381/1381/956 1372/1372/951
f 1382/1382/957 1372/1372/951 1371/1371/950
f 1383/1383/954 1384/1384/955 1385/1385/956
f 1383/1383/954 1385/1385/956 1386/1386/957
f 1386/1386/957 1385/1385/956 1376/1376/951
f 1386/1386/957 1376/1376/951 1375/1375/950
f 1379/1379/954 1382/1382/957 1387/1387/958
f 1379/1379/954 1387/1387/958 1388/1388/959
f 1380/1380/955 1379/1379/954 1389/1389/960
f 1380/1380/955 1389/1389/960 1390/1390/961
f 1373/1373/952 1372/1372/951 1391/1391/962
f 1373/1373/952 1391/1391/962 1392/1392/963
f 1374/1374/953 1373/1373/952 1393/1393/964
f 1374/1374/953 1393/1393/964 1394/1394/965
f 1375/1375/950 1378/1378/953 1395/1395/966
f 1375/1375/950 1395/1395/966 1396/1396/967
f 1384/1384/955 1383/1383/954 1397/1397/960
f 1384/1384/955 1397/1397/960 1398/1398/961
f 1385/1385/956 1384/1384/955 1399/1399/968
f 1385/1385/956 1399/1399/968 1400/1400/969
f 1378/1378/953 1377/1377/952 1401/1401/964
f 1378/1378/953 1401/1401/964 1402/1402/965
f 1371/1371/950 1374/1374/953 1403/1403/966
f 1371/1371/950 1403/1403/966 1404/1404/967
f 1382/1382/957 1371/1371/950 1404/1404/967
f 1382/1382/957 1404/1404/967 1387/1387/958
f 1381/1381/956 1380/1380/955 1405/1405/968
f 1381/1381/956 1405/1405/968 1406/1406/969
f 1372/1372/951 1381/1381/956 1406/1406/969
f 1372/1372/951 1406/1406/969 1391/1391/962
f 1383/1383/954 1386/1386/957 1407/1407/958
f 1383/1383/954 1407/1407/958 1408/1408/959
f 1386/1386/957 1375/1375/950 1396/1396/967
f 1386/1386/957 1396/1396/967 1407/1407/958
f 1377/1377/952 1376/1376/951 1409/1409/962
f 1377/1377/952 1409/1409/962 1410/1410/963
f 1376/1376/951 1385/1385/956 1400/1400/969
f 1376/1376/951 1400/1400/969 1409/1409/962
f 1411/1411/951 1412/1412/952 1413/1413/953
f 1411/1411/951 1413/1413/953 1414/1414/950
f 1415/1415/951 1416/1416/952 1417/1417/953
f 1415/1415/951 1417/1417/953 1418/1418/950
f 1419/1419/955 1420/1420/956 1421/1421/957
f 1419/1419/955 1421/1421/957 1422/1422/954
f 1420/1420/956 1411/1411/951 1414/1414/950
f 1420/1420/956 1414/1414/950 1421/1421/957
f 1423/1423/955 1424/1424/956 1425/1425/957
f 1423/1423/955 1425/1425/957 1426/1426/954
f 1424/1424/956 1415/1415/951 1418/1418/950
f 1424/1424/956 1418/1418/950 1425/1425/957
f 1419/1419/955 1427/1427/968 1428/1428/969
f 1419/1419/955 1428/1428/969 1420/1420/956
f 1422/1422/954 1429/1429/960 1430/1430/961
f 1422/1422/954 1430/1430/961 1419/1419/955
f 1413/1413/953 1431/1431/966 1432/1432/967
f 1413/1413/953 1432/1432/967 1414/1414/950
f 1412/1412/952 1433/1433/964 1434/1434/965
f 1412/1412/952 1434/1434/965 1413/1413/953
f 1415/1415/951 1435/1435/962 1436/1436/963
f 1415/1415/951 1436/1436/963 1416/1416/952
f 1426/1426/954 1437/1437/960 1438/1438/961
f 1426/1426/954 1438/1438/961 1423/1423/955
f 1425/1425/957 1439/1439/958 1440/1440/959
f 1425/1425/957 1440/1440/959 1426/1426/954
f 1416/1416/952 1441/1441/964 1442/1442/965
f 1416/1416/952 1442/1442/965 1417/1417/953
f 1411/1411/951 1443/1443/962 1444/1444/963
f 1411/1411/951 1444/1444/963 1412/1412/952
f 1420/1420/956 1428/1428/969 1443/1443/962
f 1420/1420/956 1443/1443/962 1411/1411/951
f 1421/1421/957 1445/1445/958 1446/1446/959
f 1421/1421/957 1446/1446/959 1422/1422/954
f 1414/1414/950 1432/1432/967 1445/1445/958
f 1414/1414/950 1445/1445/958 1421/1421/957
f 1423/1423/955 1447/1447/970 1448/1448/969
f 1423/1423/955 1448/1448/969 1424/1424/956
f 1424/1424/956 1448/1448/969 1435/1435/962
f 1424/1424/956 1435/1435/962 1415/1415/951
f 1417/1417/953 1449/1449/966 1450/1450/967
f 1417/1417/953 1450/1450/967 1418/1418/950
f 1418/1418/950 1450/1450/967 1439/1439/958
f 1418/1418/950 1439/1439/958 1425/1425/957
f 1451/1451/971 1452/1452/972 1453/1453/973
f 1451/1451/971 1453/1453/973 1454/1454/974
f 1452/1452/972 1451/1451/971 1455/1455/975
f 1452/1452/972 1455/1455/975 1456/1456/976
f 1456/1456/976 1455/1455/975 1457/1457/977
f 1456/1456/976 1457/1457/977 1458/1458/978
f 1458/1458/978 1457/1457/977 1459/1459/979
f 1458/1458/978 1459/1459/979 1460/1460/980
f 1460/1460/980 1459/1459/979 1461/1461/981
f 1460/1460/980 1461/1461/981 1462/1462/982
f 1463/1463/983 1464/1464/984 1462/1462/982
f 1463/1463/983 1462/1462/982 1461/1461/981
f 1464/1464/984 1463/1463/983 1465/1465/985
f 1464/1464/984 1465/1465/985 1466/1466/986
f 1467/1467/987 1468/1468/988 1469/1469/989
f 1467/1467/987 1469/1469/989 1470/1470/990
f 1471/1471/991 1467/1467/987 1470/1470/990
f 1471/1471/991 1470/1470/990 1472/1472/992
f 1473/1473/993 1471/1471/991 1472/1472/992
f 1473/1473/993 1472/1472/992 1474/1474/994
f 1475/1475/995 1473/1473/993 1474/1474/994
f 1475/1475/995 1474/1474/994 1476/1476/996
f 1477/1477/997 1475/1475/995 1476/1476/996
f 1477/1477/997 1476/1476/996 1478/1478/998
f 1479/1479/999 1477/1477/997 1478/1478/998
f 1479/1479/999 1478/1478/998 1480/1480/944
f 1481/1481/1000 1479/1479/999 1480/1480/944
f 1481/1481/1000 1480/1480/944 1482/1482/1001
f 1483/1483/1002 1481/1481/1000 1482/1482/1001
f 1483/1483/1002 1482/1482/1001 1484/1484/1003
f 1485/1485/1004 1483/1483/1002 1484/1484/1003
f 1485/1485/1004 1484/1484/1003 1486/1486/1005
f 1487/1487/1006 1485/1485/1004 1486/1486/1005
f 1487/1487/1006 1486/1486/1005 1488/1488/1007
f 1489/1489/1008 1487/1487/1006 1488/1488/1007
f 1489/1489/1008 1488/1488/1007 1490/1490/1009
f 1491/1491/1010 1489/1489/1008 1490/1490/1009
f 1491/1491/1010 1490/1490/1009 1492/1492/1011
f 1493/1493/1012 1491/1491/1010 1492/1492/1011
f 1493/1493/1012 1492/1492/1011 1494/1494/1013
f 1495/1495/1014 1493/1493/1012 1494/1494/1013
f 1495/1495/1014 1494/1494/1013 1496/1496/946
f 1497/1497/1015 1498/1498/1014 1499/1499/946
f 1497/1497/1015 1499/1499/946 1500/1500/1016
f 1468/1468/988 1497/1497/1015 1500/1500/1016
f 1468/1468/988 1500/1500/1016 1469/1469/989
f 1501/1501/995 1502/1502/1017 1503/1503/994
f 1501/1501/995 1503/1503/994 1504/1504/996
f 1502/1502/1017 1505/1505/991 1506/1506/992
f 1502/1502/1017 1506/1506/992 1503/1503/994
f 1505/1505/991 1507/1507/987 1508/1508/990
f 1505/1505/991 1508/1508/990 1506/1506/992
f 1507/1507/987 1509/1509/988 1510/1510/989
f 1507/1507/987 1510/1510/989 1508/1508/990
f 1511/1511/1002 1512/1512/1000 1513/1513/1001
f 1511/1511/1002 1513/1513/1001 1514/1514/1003
f 1512/1512/1000 1515/1515/999 1516/1516/944
f 1512/1512/1000 1516/1516/944 1513/1513/1001
f 1515/1515/999 1517/1517/997 1518/1518/998
f 1515/1515/999 1518/1518/998 1516/1516/944
f 1517/1517/997 1501/1501/995 1504/1504/996
f 1517/1517/997 1504/1504/996 1518/1518/998
f 1519/1519/1010 1520/1520/1018 1521/1521/1009
f 1519/1519/1010 1521/1521/1009 1522/1522/1011
f 1520/1520/1018 1523/1523/1006 1524/1524/1007
f 1520/1520/1018 1524/1524/1007 1521/1521/1009
f 1523/1523/1006 1525/1525/1004 1526/1526/1005
f 1523/1523/1006 1526/1526/1005 1524/1524/1007
f 1525/1525/1004 1511/1511/1002 1514/1514/1003
f 1525/1525/1004 1514/1514/1003 1526/1526/1005
f 1509/1509/988 1527/1527/1015 1528/1528/1016
f 1509/1509/988 1528/1528/1016 1510/1510/989
f 1527/1527/1015 1529/1529/1014 1530/1530/946
f 1527/1527/1015 1530/1530/946 1528/1528/1016
f 1531/1531/1014 1532/1532/1012 1533/1533/1013
f 1531/1531/1014 1533/1533/1013 1534/1534/946
f 1532/1532/1012 1519/1519/1010 1522/1522/1011
f 1532/1532/1012 1522/1522/1011 1533/1533/1013
f 1535/1535/1008 1536/1536/1009 1537/1537/1011
f 1535/1535/1008 1537/1537/1011 1538/1538/1019
f 1539/1539/1006 1540/1540/1007 1536/1536/1009
f 1539/1539/1006 1536/1536/1009 1535/1535/1008
f 1541/1541/1020 1542/1542/1005 1540/1540/1007
f 1541/1541/1020 1540/1540/1007 1539/1539/1006
f 1543/1543/1021 1544/1544/1003 1542/1542/1005
f 1543/1543/1021 1542/1542/1005 1541/1541/1020
f 1545/1545/1022 1546/1546/1001 1544/1544/1003
f 1545/1545/1022 1544/1544/1003 1543/1543/1021
f 1547/1547/999 1548/1548/944 1546/1546/1001
f 1547/1547/999 1546/1546/1001 1545/1545/1022
f 1549/1549/1023 1550/1550/998 1548/1548/944
f 1549/1549/1023 1548/1548/944 1547/1547/999
f 1551/1551/1024 1552/1552/996 1550/1550/998
f 1551/1551/1024 1550/1550/998 1549/1549/1023
f 1553/1553/993 1554/1554/994 1552/1552/996
f 1553/1553/993 1552/1552/996 1551/1551/1024
f 1555/1555/991 1556/1556/992 1554/1554/994
f 1555/1555/991 1554/1554/994 1553/1553/993
f 1557/1557/1025 1558/1558/990 1556/1556/992
f 1557/1557/1025 1556/1556/992 1555/1555/991
f 1559/1559/1026 1560/1560/989 1558/1558/990
f 1559/1559/1026 1558/1558/990 1557/1557/1025
f 1561/1561/1027 1562/1562/1016 1560/1560/989
f 1561/1561/1027 1560/1560/989 1559/1559/1026
f 1563/1563/1014 1564/1564/946 1562/1562/1016
f 1563/1563/1014 1562/1562/1016 1561/1561/1027
f 1565/1565/1028 1566/1566/1013 1567/1567/946
f 1565/1565/1028 1567/1567/946 1568/1568/1014
f 1538/1538/1019 1537/1537/1011 1566/1566/1013
f 1538/1538/1019 1566/1566/1013 1565/1565/1028
f 1569/1569/1021 1570/1570/1003 1571/1571/1005
f 1569/1569/1021 1571/1571/1005 1572/1572/1004
f 1572/1572/1004 1571/1571/1005 1573/1573/1007
f 1572/1572/1004 1573/1573/1007 1574/1574/1006
f 1574/1574/1006 1573/1573/1007 1575/1575/1009
f 1574/1574/1006 1575/1575/1009 1576/1576/1008
f 1576/1576/1008 1575/1575/1009 1577/1577/1011
f 1576/1576/1008 1577/1577/1011 1578/1578/1019
f 1579/1579/1024 1580/1580/996 1581/1581/998
f 1579/1579/1024 1581/1581/998 1582/1582/1023
f 1582/1582/1023 1581/1581/998 1583/1583/944
f 1582/1582/1023 1583/1583/944 1584/1584/999
f 1584/1584/999 1583/1583/944 1585/1585/1001
f 1584/1584/999 1585/1585/1001 1586/1586/1022
f 1586/1586/1022 1585/1585/1001 1570/1570/1003
f 1586/1586/1022 1570/1570/1003 1569/1569/1021
f 1587/1587/1026 1588/1588/989 1589/1589/990
f 1587/1587/1026 1589/1589/990 1590/1590/1025
f 1590/1590/1025 1589/1589/990 1591/1591/992
f 1590/1590/1025 1591/1591/992 1592/1592/991
f 1592/1592/991 1591/1591/992 1593/1593/994
f 1592/1592/991 1593/1593/994 1594/1594/1017
f 1594/1594/1017 1593/1593/994 1580/1580/996
f 1594/1594/1017 1580/1580/996 1579/1579/1024
f 1578/1578/1019 1577/1577/1011 1595/1595/1013
f 1578/1578/1019 1595/1595/1013 1596/1596/1028
f 1596/1596/1028 1595/1595/1013 1597/1597/946
f 1596/1596/1028 1597/1597/946 1598/1598/1014
f 1599/1599/1014 1600/1600/1029 1601/1601/1016
f 1599/1599/1014 1601/1601/1016 1602/1602/1027
f 1602/1602/1027 1601/1601/1016 1588/1588/989
f 1602/1602/1027 1588/1588/989 1587/1587/1026
f 1603/1603/983 1604/1604/985 1605/1605/986
f 1603/1603/983 1605/1605/986 1606/1606/984
f 1607/1607/981 1603/1603/983 1606/1606/984
f 1607/1607/981 1606/1606/984 1608/1608/982
f 1608/1608/982 1609/1609/980 1610/1610/1030
f 1608/1608/982 1610/1610/1030 1607/1607/981
f 1609/1609/980 1611/1611/978 1612/1612/1031
f 1609/1609/980 1612/1612/1031 1610/1610/1030
f 1611/1611/978 1613/1613/1032 1614/1614/975
f 1611/1611/978 1614/1614/975 1612/1612/1031
f 1613/1613/1032 1615/1615/972 1616/1616/971
f 1613/1613/1032 1616/1616/971 1614/1614/975
f 1615/1615/972 1617/1617/1033 1618/1618/974
f 1615/1615/972 1618/1618/974 1616/1616/971
f 1619/1619/983 1620/1620/985 1621/1621/986
f 1619/1619/983 1621/1621/986 1622/1622/984
f 1623/1623/981 1619/1619/983 1622/1622/984
f 1623/1623/981 1622/1622/984 1624/1624/982
f 1625/1625/979 1623/1623/981 1624/1624/982
f 1625/1625/979 1624/1624/982 1626/1626/980
f 1627/1627/977 1625/1625/979 1626/1626/980
f 1627/1627/977 1626/1626/980 1628/1628/978
f 1629/1629/975 1627/1627/977 1628/1628/978
f 1629/1629/975 1628/1628/978 1630/1630/976
f 1631/1631/1034 1629/1629/975 1630/1630/976
f 1631/1631/1034 1630/1630/976 1632/1632/972
f 1632/1632/972 1633/1633/1033 1634/1634/974
f 1632/1632/972 1634/1634/974 1631/1631/1034
f 1635/1635/984 1636/1636/983 1637/1637/985
f 1635/1635/984 1637/1637/985 1638/1638/986
f 1636/1636/983 1635/1635/984 1639/1639/982
f 1636/1636/983 1639/1639/982 1640/1640/981
f 1640/1640/981 1639/1639/982 1641/1641/980
f 1640/1640/981 1641/1641/980 1642/1642/979
f 1642/1642/979 1641/1641/980 1643/1643/978
f 1642/1642/979 1643/1643/978 1644/1644/1031
f 1644/1644/1031 1643/1643/978 1645/1645/976
f 1644/1644/1031 1645/1645/976 1646/1646/975
f 1646/1646/975 1645/1645/976 1647/1647/972
f 1646/1646/975 1647/1647/972 1648/1648/1034
f 1648/1648/1034 1647/1647/972 1649/1649/1033
f 1648/1648/1034 1649/1649/1033 1650/1650/974
f 1651/1651/1035 1652/1652/1036 1653/1653/1037
f 1651/1651/1035 1653/1653/1037 1654/1654/1038
f 1654/1654/1038 1653/1653/1037 1655/1655/1039
f 1654/1654/1038 1655/1655/1039 1656/1656/1040
f 1656/1656/1040 1655/1655/1039 1657/1657/1041
f 1656/1656/1040 1657/1657/1041 1658/1658/1042
f 1658/1658/1042 1657/1657/1041 1659/1659/1043
f 1658/1658/1042 1659/1659/1043 1660/1660/1044
f 1661/1661/1042 1662/1662/1044 1663/1663/1045
f 1661/1661/1042 1663/1663/1045 1664/1664/1046
f 1665/1665/1040 1661/1661/1042 1664/1664/1046
f 1665/1665/1040 1664/1664/1046 1666/1666/943
f 1667/1667/1038 1665/1665/1040 1666/1666/943
f 1667/1667/1038 1666/1666/943 1668/1668/1047
f 1669/1669/1035 1667/1667/1038 1668/1668/1047
f 1669/1669/1035 1668/1668/1047 1670/1670/992
f 1671/1671/1048 1669/1669/1035 1670/1670/992
f 1671/1671/1048 1670/1670/992 1672/1672/1049
f 1673/1673/1050 1671/1671/1048 1672/1672/1049
f 1673/1673/1050 1672/1672/1049 1674/1674/880
f 1675/1675/1051 1673/1673/1050 1674/1674/880
f 1675/1675/1051 1674/1674/880 1676/1676/1052
f 1677/1677/1053 1675/1675/1051 1676/1676/1052
f 1677/1677/1053 1676/1676/1052 1678/1678/1054
f 1679/1679/1055 1680/1680/1053 1681/1681/1054
f 1679/1679/1055 1681/1681/1054 1682/1682/1056
f 1683/1683/1057 1679/1679/1055 1682/1682/1056
f 1683/1683/1057 1682/1682/1056 1684/1684/875
f 1685/1685/1058 1683/1683/1057 1684/1684/875
f 1685/1685/1058 1684/1684/875 1686/1686/1059
f 1687/1687/1037 1685/1685/1058 1686/1686/1059
f 1687/1687/1037 1686/1686/1059 1688/1688/1007
f 1689/1689/1039 1687/1687/1037 1688/1688/1007
f 1689/1689/1039 1688/1688/1007 1690/1690/1060
f 1691/1691/1041 1689/1689/1039 1690/1690/1060
f 1691/1691/1041 1690/1690/1060 1692/1692/942
f 1693/1693/1061 1691/1691/1041 1692/1692/942
f 1693/1693/1061 1692/1692/942 1694/1694/1062
f 1662/1662/1044 1693/1693/1061 1694/1694/1062
f 1662/1662/1044 1694/1694/1062 1663/1663/1045
f 1695/1695/1044 1696/1696/1043 1697/1697/1062
f 1695/1695/1044 1697/1697/1062 1698/1698/1045
f 1696/1696/1043 1699/1699/1063 1700/1700/942
f 1696/1696/1043 1700/1700/942 1697/1697/1062
f 1699/1699/1063 1701/1701/1064 1702/1702/1060
f 1699/1699/1063 1702/1702/1060 1700/1700/942
f 1701/1701/1064 1703/1703/1037 1704/1704/1007
f 1701/1701/1064 1704/1704/1007 1702/1702/1060
f 1703/1703/1037 1705/1705/1036 1706/1706/1059
f 1703/1703/1037 1706/1706/1059 1704/1704/1007
f 1705/1705/1036 1707/1707/1065 1708/1708/875
f 1705/1705/1036 1708/1708/875 1706/1706/1059
f 1707/1707/1065 1709/1709/1066 1710/1710/1056
f 1707/1707/1065 1710/1710/1056 1708/1708/875
f 1709/1709/1066 1711/1711/1053 1712/1712/1054
f 1709/1709/1066 1712/1712/1054 1710/1710/1056
f 1713/1713/1053 1714/1714/1067 1715/1715/1052
f 1713/1713/1053 1715/1715/1052 1716/1716/1054
f 1714/1714/1067 1717/1717/1068 1718/1718/880
f 1714/1714/1067 1718/1718/880 1715/1715/1052
f 1717/1717/1068 1719/1719/1048 1720/1720/1049
f 1717/1717/1068 1720/1720/1049 1718/1718/880
f 1719/1719/1048 1721/1721/1035 1722/1722/992
f 1719/1719/1048 1722/1722/992 1720/1720/1049
f 1721/1721/1035 1723/1723/1038 1724/1724/1047
f 1721/1721/1035 1724/1724/1047 1722/1722/992
f 1723/1723/1038 1725/1725/1069 1726/1726/943
f 1723/1723/1038 1726/1726/943 1724/1724/1047
f 1725/1725/1069 1727/1727/1042 1728/1728/1046
f 1725/1725/1069 1728/1728/1046 1726/1726/943
f 1727/1727/1042 1695/1695/1044 1698/1698/1045
f 1727/1727/1042 1698/1698/1045 1728/1728/1046
f 1729/1729/1053 1730/1730/1051 1731/1731/1052
f 1729/1729/1053 1731/1731/1052 1732/1732/1054
f 1730/1730/1051 1733/1733/1068 1734/1734/880
f 1730/1730/1051 1734/1734/880 1731/1731/1052
f 1733/1733/1068 1735/1735/1070 1736/1736/1049
f 1733/1733/1068 1736/1736/1049 1734/1734/880
f 1735/1735/1070 1737/1737/1035 1738/1738/992
f 1735/1735/1070 1738/1738/992 1736/1736/1049
f 1737/1737/1035 1739/1739/1038 1740/1740/1047
f 1737/1737/1035 1740/1740/1047 1738/1738/992
f 1739/1739/1038 1741/1741/1069 1742/1742/943
f 1739/1739/1038 1742/1742/943 1740/1740/1047
f 1741/1741/1069 1743/1743/1071 1744/1744/1046
f 1741/1741/1069 1744/1744/1046 1742/1742/943
f 1743/1743/1071 1745/1745/1044 1746/1746/1045
f 1743/1743/1071 1746/1746/1045 1744/1744/1046
f 1745/1745/1044 1747/1747/1043 1748/1748/1062
f 1745/1745/1044 1748/1748/1062 1746/1746/1045
f 1747/1747/1043 1749/1749/1063 1750/1750/942
f 1747/1747/1043 1750/1750/942 1748/1748/1062
f 1749/1749/1063 1751/1751/1064 1752/1752/1060
f 1749/1749/1063 1752/1752/1060 1750/1750/942
f 1751/1751/1064 1753/1753/1037 1754/1754/1007
f 1751/1751/1064 1754/1754/1007 1752/1752/1060
f 1753/1753/1037 1755/1755/1058 1756/1756/1059
f 1753/1753/1037 1756/1756/1059 1754/1754/1007
f 1755/1755/1058 1757/1757/1057 1758/1758/875
f 1755/1755/1058 1758/1758/875 1756/1756/1059
f 1757/1757/1057 1759/1759/1055 1760/1760/1056
f 1757/1757/1057 1760/1760/1056 1758/1758/875
f 1759/1759/1055 1761/1761/1053 1762/1762/1054
f 1759/1759/1055 1762/1762/1054 1760/1760/1056
f 1763/1763/1072 1764/1764/1053 1765/1765/1073
f 1763/1763/1072 1765/1765/1073 1766/1766/1056
f 1767/1767/1074 1763/1763/1072 1766/1766/1056
f 1767/1767/1074 1766/1766/1056 1768/1768/875
f 1769/1769/1075 1767/1767/1074 1768/1768/875
f 1769/1769/1075 1768/1768/875 1770/1770/1059
f 1771/1771/1076 1769/1769/1075 1770/1770/1059
f 1771/1771/1076 1770/1770/1059 1772/1772/1007
f 1773/1773/1077 1771/1771/1076 1772/1772/1007
f 1773/1773/1077 1772/1772/1007 1774/1774/1060
f 1775/1775/1078 1773/1773/1077 1774/1774/1060
f 1775/1775/1078 1774/1774/1060 1776/1776/942
f 1777/1777/1079 1775/1775/1078 1776/1776/942
f 1777/1777/1079 1776/1776/942 1778/1778/1062
f 1779/1779/1080 1777/1777/1079 1778/1778/1062
f 1779/1779/1080 1778/1778/1062 1780/1780/1045
f 1781/1781/1081 1779/1779/1080 1780/1780/1045
f 1781/1781/1081 1780/1780/1045 1782/1782/1046
f 1783/1783/1082 1781/1781/1081 1782/1782/1046
f 1783/1783/1082 1782/1782/1046 1784/1784/943
f 1785/1785/1083 1783/1783/1082 1784/1784/943
f 1785/1785/1083 1784/1784/943 1786/1786/1047
f 1787/1787/1084 1785/1785/1083 1786/1786/1047
f 1787/1787/1084 1786/1786/1047 1788/1788/992
f 1789/1789/1085 1787/1787/1084 1788/1788/992
f 1789/1789/1085 1788/1788/992 1790/1790/1049
f 1791/1791/1086 1789/1789/1085 1790/1790/1049
f 1791/1791/1086 1790/1790/1049 1792/1792/880
f 1793/1793/1087 1791/1791/1086 1792/1792/880
f 1793/1793/1087 1792/1792/880 1794/1794/1052
f 1795/1795/1053 1793/1793/1087 1794/1794/1052
f 1795/1795/1053 1794/1794/1052 1796/1796/1054
f 1797/1797/1070 1798/1798/1065 1652/1652/1036
f 1797/1797/1070 1652/1652/1036 1651/1651/1035
f 1799/1799/1088 1800/1800/1055 1798/1798/1065
f 1799/1799/1088 1798/1798/1065 1797/1797/1070
f 1801/1801/1051 1802/1802/1089 1800/1800/1055
f 1801/1801/1051 1800/1800/1055 1799/1799/1088
f 1803/1803/1044 1804/1804/1042 1805/1805/1041
f 1803/1803/1044 1805/1805/1041 1806/1806/1043
f 1804/1804/1042 1807/1807/1040 1808/1808/1039
f 1804/1804/1042 1808/1808/1039 1805/1805/1041
f 1807/1807/1040 1809/1809/1038 1810/1810/1037
f 1807/1807/1040 1810/1810/1037 1808/1808/1039
f 1809/1809/1038 1811/1811/1035 1812/1812/1036
f 1809/1809/1038 1812/1812/1036 1810/1810/1037
f 1811/1811/1035 1813/1813/1070 1814/1814/1065
f 1811/1811/1035 1814/1814/1065 1812/1812/1036
f 1813/1813/1070 1815/1815/1088 1816/1816/1055
f 1813/1813/1070 1816/1816/1055 1814/1814/1065
f 1817/1817/1089 1816/1816/1055 1815/1815/1088
f 1817/1817/1089 1815/1815/1088 1818/1818/1051
f 1819/1819/1043 1820/1820/1044 1821/1821/1042
f 1819/1819/1043 1821/1821/1042 1822/1822/1041
f 1822/1822/1041 1821/1821/1042 1823/1823/1040
f 1822/1822/1041 1823/1823/1040 1824/1824/1039
f 1824/1824/1039 1823/1823/1040 1825/1825/1038
f 1824/1824/1039 1825/1825/1038 1826/1826/1037
f 1826/1826/1037 1825/1825/1038 1827/1827/1035
f 1826/1826/1037 1827/1827/1035 1828/1828/1036
f 1828/1828/1036 1827/1827/1035 1829/1829/1070
f 1828/1828/1036 1829/1829/1070 1830/1830/1065
f 1830/1830/1065 1829/1829/1070 1831/1831/1088
f 1830/1830/1065 1831/1831/1088 1832/1832/1055
f 1832/1832/1055 1831/1831/1088 1833/1833/1051
f 1832/1832/1055 1833/1833/1051 1834/1834/1089
f 1835/1835/1044 1836/1836/1042 1837/1837/1041
f 1835/1835/1044 1837/1837/1041 1838/1838/1043
f 1839/1839/1039 1837/1837/1041 1836/1836/1042
f 1839/1839/1039 1836/1836/1042 1840/1840/1040
f 1841/1841/1037 1839/1839/1039 1840/1840/1040
f 1841/1841/1037 1840/1840/1040 1842/1842/1038
f 1843/1843/1036 1841/1841/1037 1842/1842/1038
f 1843/1843/1036 1842/1842/1038 1844/1844/1035
f 1845/1845/1065 1843/1843/1036 1844/1844/1035
f 1845/1845/1065 1844/1844/1035 1846/1846/1070
f 1847/1847/1055 1845/1845/1065 1846/1846/1070
f 1847/1847/1055 1846/1846/1070 1848/1848/1088
f 1849/1849/1089 1847/1847/1055 1848/1848/1088
f 1849/1849/1089 1848/1848/1088 1850/1850/1051
# Vertices: 650, normals: 225, texture coordinates: 650, faces: 612

o obj23
v -3.35085153 61.17353457 3.70602698
v -3.27878594 61.17353458 3.70602697
v -3.27878595 61.24560112 3.70602696
v -3.35085154 61.24560111 3.70602697
v -3.35085155 61.24560112 3.62741022
v -3.27878596 61.24560113 3.62741021
v -3.27878595 61.17353459 3.62741022
v -3.35085154 61.17353458 3.62741023
v -3.27878595 61.24560112 3.70602696
v -3.27878594 61.17353458 3.70602697
v -3.35085153 61.17353457 3.70602698
v -3.35085154 61.24560111 3.70602697
v -1.63090914 61.1735348 3.62740936
v -1.63090913 61.17353479 3.70602611
v -1.70297601 61.17353478 3.70602612
v -1.70297602 61.17353479 3.62740937
v -1.63090913 61.17353479 3.70602611
v -1.63090914 61.24560133 3.7060261
v -1.70297602 61.24560132 3.70602611
v -1.70297601 61.17353478 3.70602612
v -1.63090915 61.24560134 3.62740936
v -1.70297603 61.24560133 3.62740936
v -1.70297601 61.17353478 3.70602612
v -1.70297602 61.24560132 3.70602611
v -1.63090914 61.24560133 3.7060261
v -1.63090913 61.17353479 3.70602611
v -3.27878594 61.17353458 3.70602697
v -3.35085153 61.17353457 3.70602698
v -3.42444245 61.15683766 3.6329824
v -1.55731951 61.15683789 3.63298151
v -1.55731953 61.26229843 3.6329815
v -3.42444246 61.26229819 3.63298238
v -3.42444246 61.15683767 3.52751977
v -3.42444248 61.2622982 3.52751976
v -1.55731954 61.26229844 3.52751887
v -1.55731953 61.15683791 3.52751889
v -3.42444245 61.15683766 3.6329824
v -3.42444246 61.26229819 3.63298238
v -1.55731951 61.15683789 3.63298151
v -3.42444245 61.15683766 3.6329824
v -1.55731953 61.26229843 3.6329815
v -1.55731951 61.15683789 3.63298151
v -3.54834723 59.73070635 3.76828813
v -1.43341305 59.73070662 3.76828689
v -1.43341326 61.34611957 3.76828667
v -3.54834743 61.3461193 3.76828791
v -3.54834723 59.73070636 3.69793355
v -3.54834744 61.34611931 3.69793334
v -1.43341326 61.34611958 3.6979321
v -1.43341306 59.73070663 3.69793232
v -1.43341305 59.73070662 3.76828689
v -3.54834723 59.73070635 3.76828813
v -3.54834723 59.73070635 3.76828813
v -3.54834743 61.3461193 3.76828791
v -1.43341326 61.34611957 3.76828667
v -1.43341305 59.73070662 3.76828689
vn 0.57728 0.57738 -0.57738
vn -0.57738 0.57738 -0.57728
vn -0.57742 0.57732 0.57732
vn 0.57732 0.57742 0.57732
vn 0.57738 -0.57738 0.57728
vn -0.57732 -0.57732 0.57742
vn -0.57738 -0.57738 -0.57728
vn 0.57732 -0.57732 -0.57742
vn -0.57738 0.57738 0.57728
vn -0.57738 0.57728 -0.57738
vn 0.57738 0.57738 -0.57728
vn 0.57738 0.57728 0.57738
vn -0.57732 -0.57732 -0.57742
vn -0.57728 0.57738 -0.57738
vn 0.57738 0.57728 -0.57738
vn 0.57738 -0.57738 -0.57728
vn -0.57732 0.57742 0.57732
vn 0.57742 0.57732 0.57732
vn -0.57738 -0.57738 0.57728
vn 0.57732 -0.57732 0.57742
vn -0.57738 0.57728 0.57738
vn 0.57738 0.57738 0.57728
vn 0.57728 -0.57738 -0.57738
vn 0.57742 -0.57732 0.57732
vn -0.57728 -0.57738 0.57738
vn -0.57742 -0.57732 -0.57732
vn 0.57732 -0.57742 -0.57732
vn -0.57732 -0.57742 0.57732
vt 0.59993 0.06798
vt 0.60612 0.06798
vt 0.60612 0.06178
vt 0.59993 0.06178
vt 0.59993 0.05503
vt 0.60612 0.05503
vt 0.60612 0.04884
vt 0.59993 0.04884
vt 0.61288 0.05503
vt 0.61288 0.04884
vt 0.59317 0.04884
vt 0.59317 0.05503
vt 0.63534 0.06147
vt 0.63534 0.06831
vt 0.6412 0.06831
vt 0.6412 0.06147
vt 0.63534 0.04194
vt 0.63534 0.04878
vt 0.6412 0.04878
vt 0.6412 0.04194
vt 0.63534 0.05561
vt 0.6412 0.05561
vt 0.64804 0.06147
vt 0.64804 0.05561
vt 0.62851 0.05561
vt 0.62851 0.06147
vt 0.60612 0.04208
vt 0.59993 0.04208
vt 0.08691 0.04145
vt 0.24805 0.04145
vt 0.24805 0.03266
vt 0.08691 0.03266
vt 0.08691 0.0141
vt 0.08691 0.02289
vt 0.24805 0.02289
vt 0.24805 0.0141
vt 0.07812 0.0141
vt 0.07812 0.02289
vt 0.24805 0.00531
vt 0.08691 0.00531
vt 0.25684 0.02289
vt 0.25684 0.0141
vt 0.29688 0.3623
vt 0.29688 0.18066
vt 0.1582 0.18066
vt 0.1582 0.3623
vt 0.01367 0.3623
vt 0.15234 0.3623
vt 0.15234 0.18066
vt 0.01367 0.18066
vt 0.00781 0.18066
vt 0.00781 0.3623
vt 0.01367 0.36914
vt 0.15234 0.36914
vt 0.15234 0.1748
vt 0.01367 0.1748
usemtl mat7
f 1851/1851/1090 1852/1852/1091 1853/1853/1092
f 1851/1851/1090 1853/1853/1092 1854/1854/1093
f 1855/1855/1094 1856/1856/1095 1857/1857/1096
f 1855/1855/1094 1857/1857/1096 1858/1858/1097
f 1857/1857/1096 1856/1856/1095 1859/1859/1098
f 1857/1857/1096 1859/1859/1098 1860/1860/1099
f 1856/1856/1095 1855/1855/1094 1854/1854/1093
f 1856/1856/1095 1854/1854/1093 1853/1853/1092
f 1855/1855/1094 1858/1858/1097 1861/1861/1100
f 1855/1855/1094 1861/1861/1100 1862/1862/1101
f 1863/1863/1102 1864/1864/1103 1865/1865/1104
f 1863/1863/1102 1865/1865/1104 1866/1866/1105
f 1867/1867/1091 1868/1868/1106 1869/1869/1107
f 1867/1867/1091 1869/1869/1107 1870/1870/1090
f 1871/1871/1108 1863/1863/1102 1866/1866/1105
f 1871/1871/1108 1866/1866/1105 1872/1872/1109
f 1866/1866/1105 1873/1873/1100 1874/1874/1101
f 1866/1866/1105 1874/1874/1101 1872/1872/1109
f 1872/1872/1109 1869/1869/1107 1868/1868/1106
f 1872/1872/1109 1868/1868/1106 1871/1871/1108
f 1871/1871/1108 1875/1875/1098 1876/1876/1099
f 1871/1871/1108 1876/1876/1099 1863/1863/1102
f 1858/1858/1097 1857/1857/1096 1877/1877/1103
f 1858/1858/1097 1877/1877/1103 1878/1878/1104
f 1879/1879/1090 1880/1880/1091 1881/1881/1110
f 1879/1879/1090 1881/1881/1110 1882/1882/1111
f 1883/1883/1112 1884/1884/1113 1885/1885/1114
f 1883/1883/1112 1885/1885/1114 1886/1886/1115
f 1887/1887/1100 1888/1888/1101 1884/1884/1113
f 1887/1887/1100 1884/1884/1113 1883/1883/1112
f 1889/1889/1103 1890/1890/1104 1883/1883/1112
f 1889/1889/1103 1883/1883/1112 1886/1886/1115
f 1882/1882/1111 1881/1881/1110 1885/1885/1114
f 1882/1882/1111 1885/1885/1114 1884/1884/1113
f 1891/1891/1098 1892/1892/1099 1886/1886/1115
f 1891/1891/1098 1886/1886/1115 1885/1885/1114
f 1893/1893/1090 1894/1894/1091 1895/1895/1092
f 1893/1893/1090 1895/1895/1092 1896/1896/1111
f 1897/1897/1116 1898/1898/1113 1899/1899/1117
f 1897/1897/1116 1899/1899/1117 1900/1900/1115
f 1899/1899/1117 1898/1898/1113 1896/1896/1111
f 1899/1899/1117 1896/1896/1111 1895/1895/1092
f 1897/1897/1116 1900/1900/1115 1901/1901/1103
f 1897/1897/1116 1901/1901/1103 1902/1902/1104
f 1898/1898/1113 1897/1897/1116 1903/1903/1100
f 1898/1898/1113 1903/1903/1100 1904/1904/1101
f 1900/1900/1115 1899/1899/1117 1905/1905/1098
f 1900/1900/1115 1905/1905/1098 1906/1906/1099
# Vertices: 56, normals: 28, texture coordinates: 56, faces: 48

o obj24
v 2.52914201 59.52560244 -1.92526682
v 2.5291433 59.52560244 1.67806062
v 2.5291433 61.92754313 1.67806062
v 2.52914201 61.92754313 -1.92526682
v 4.93184641 59.5256024 -1.92526763
v 4.93184758 59.5256024 1.67805981
v 4.93184758 61.92754313 1.67805981
v 2.5291433 61.92754313 1.67806062
v 2.52914201 61.92754313 -1.92526682
v 4.93184641 61.92754313 -1.92526763
v 2.47058875 59.72776021 -0.15159716
v 2.47058875 61.72575957 -0.15159745
v 2.47058826 61.73274702 -1.71049724
v 2.47058826 59.72791113 -1.67564385
v 2.52764107 59.69976327 -0.12360312
v 2.52764107 61.75362891 -0.12360312
v 2.52764059 59.69991978 -1.7031556
v 2.52764107 59.69976327 -0.12360312
v 2.52764059 61.76086907 -1.73898463
v 2.52764059 59.69991978 -1.7031556
v 2.52764107 61.75362891 -0.12360312
v 2.52764059 61.76086907 -1.73898463
v 4.93184641 61.92754313 -1.92526763
v 4.93184758 61.92754313 1.67805981
v 2.47058923 61.72049216 1.48672042
v 2.47058923 59.71462527 1.47122988
v 2.52764156 59.68852752 1.49694776
v 2.52764156 61.74629405 1.51283918
v 2.47058875 61.72759353 -0.09768433
v 2.52764156 61.74629405 1.51283918
v 2.52764107 61.75362891 -0.12360312
v 2.47058875 59.72550291 -0.09768433
v 2.52764107 59.69976327 -0.12360312
v 2.52764156 59.68852752 1.49694776
v 2.52764107 61.75362891 -0.12360312
v 2.52764107 59.69976327 -0.12360312
v 4.75372576 62.36615301 -0.12360327
v 4.75372576 62.11522721 -0.12360327
v 4.7665991 62.11522721 -0.07555896
v 4.7665991 62.31810855 -0.07555896
v 4.75372576 62.11522721 -0.12360327
v 4.75372576 62.36615301 -0.12360327
v 4.76659906 62.36615301 -0.17164759
v 4.76659906 62.11522721 -0.17164759
v 4.80177006 62.36615301 -0.20681859
v 4.80177006 62.11522721 -0.20681859
v 4.84981436 62.36615301 -0.21969223
v 4.84981436 62.11522721 -0.21969223
v 4.89785883 62.36615301 -0.20681863
v 4.89785883 62.11522721 -0.20681863
v 4.93302969 62.36615301 -0.17164765
v 4.93302969 62.11522721 -0.17164765
v 4.94590332 62.36615301 -0.12360333
v 4.94590332 62.11522721 -0.12360333
v 4.94590332 62.11522721 -0.12360333
v 4.94590332 62.36615301 -0.12360333
v 4.93302972 62.31810855 -0.07555901
v 4.93302972 62.11522721 -0.07555901
v 4.89785888 62.28293765 -0.04038801
v 4.89785888 62.11522721 -0.04038801
v 4.84981443 62.27006442 -0.02751438
v 4.84981443 62.11522721 -0.02751438
v 4.8017701 62.28293765 -0.04038798
v 4.8017701 62.11522721 -0.04038798
v 4.7537258 62.36615301 0.02052997
v 4.75372576 62.36615301 -0.12360327
v 4.7665991 62.31810855 -0.07555896
v 4.76659912 62.31810855 0.02052997
v 4.76659912 62.41419715 0.02052997
v 4.7665991 62.41419715 -0.07555896
v 4.80177012 62.44936837 0.02052996
v 4.8017701 62.44936837 -0.04038798
v 4.84981445 62.46224161 0.02052994
v 4.84981443 62.46224161 -0.02751438
v 4.8978589 62.44936837 0.02052993
v 4.89785888 62.44936837 -0.04038801
v 4.93302975 62.41419715 0.02052992
v 4.93302972 62.41419715 -0.07555901
v 4.94590337 62.36615301 0.02052991
v 4.94590332 62.36615301 -0.12360333
v 4.94590332 62.36615301 -0.12360333
v 4.94590337 62.36615301 0.02052991
v 4.93302975 62.31810855 0.02052992
v 4.93302972 62.31810855 -0.07555901
v 4.8978589 62.28293765 0.02052993
v 4.89785888 62.28293765 -0.04038801
v 4.84981445 62.27006442 0.02052994
v 4.84981443 62.27006442 -0.02751438
v 4.80177012 62.28293765 0.02052996
v 4.8017701 62.28293765 -0.04038798
v 4.75372576 62.56544272 -0.12360327
v 4.75372576 62.36615301 -0.12360327
v 4.7665991 62.41419715 -0.07555896
v 4.7665991 62.56544272 -0.07555896
v 4.75372576 62.56544272 -0.12360327
v 4.76659906 62.56544272 -0.17164759
v 4.80177006 62.56544272 -0.20681859
v 4.84981436 62.56544272 -0.21969223
v 4.89785883 62.56544272 -0.20681863
v 4.93302969 62.56544272 -0.17164765
v 4.94590332 62.56544272 -0.12360333
v 4.94590332 62.36615301 -0.12360333
v 4.94590332 62.56544272 -0.12360333
v 4.93302972 62.56544272 -0.07555901
v 4.93302972 62.41419715 -0.07555901
v 4.89785888 62.56544272 -0.04038801
v 4.89785888 62.44936837 -0.04038801
v 4.84981443 62.56544272 -0.02751438
v 4.84981443 62.46224161 -0.02751438
v 4.8017701 62.56544272 -0.04038798
v 4.8017701 62.44936837 -0.04038798
v 4.76659912 62.31810855 0.02052997
v 4.80177012 62.28293765 0.02052996
v 4.7942716 62.2699497 0.02052996
v 4.75361154 62.31061018 0.02052997
v 4.76659912 62.41419715 0.02052997
v 4.7537258 62.36615301 0.02052997
v 4.73872877 62.36615301 0.02052998
v 4.75361154 62.42169584 0.02052997
v 4.8978589 62.28293765 0.02052993
v 4.93302975 62.31810855 0.02052992
v 4.94601763 62.31061018 0.02052991
v 4.90535727 62.2699497 0.02052992
v 4.93302975 62.41419715 0.02052992
v 4.8978589 62.44936837 0.02052993
v 4.90535727 62.46235601 0.02052992
v 4.94601763 62.42169584 0.02052991
v 4.80177012 62.44936837 0.02052996
v 4.7942716 62.46235601 0.02052996
v 4.84981445 62.27006442 0.02052994
v 4.84981445 62.25506735 0.02052994
v 4.94590337 62.36615301 0.02052991
v 4.9609001 62.36615301 0.02052991
v 4.84981445 62.46224161 0.02052994
v 4.84981445 62.47723868 0.02052994
v 4.94590337 62.36615301 0.02052991
v 4.9609001 62.36615301 0.02052991
v 4.90535731 62.2699497 0.11775
v 4.84981448 62.25506735 0.11775002
v 4.90535731 62.46235601 0.11775
v 4.94601766 62.42169584 0.11775
v 4.96090014 62.36615301 0.11774998
v 4.94601766 62.31061018 0.11775
v 4.75361158 62.42169584 0.11775006
v 4.79427164 62.46235601 0.11775004
v 4.79427164 62.2699497 0.11775004
v 4.96090014 62.36615301 0.11774998
v 4.84981448 62.47723868 0.11775002
v 4.75361158 62.31061018 0.11775006
v 4.73872881 62.36615301 0.11775006
v 4.75361158 62.42169584 0.11775006
v 4.90535731 62.46235601 0.11775
v 4.84981448 62.47723868 0.11775002
v 4.79427164 62.46235601 0.11775004
v 4.73872881 62.36615301 0.11775006
v 4.94601766 62.42169584 0.11775
v 4.96090014 62.36615301 0.11774998
v 4.75361158 62.31061018 0.11775006
v 4.79427164 62.2699497 0.11775004
v 4.94601766 62.31061018 0.11775
v 4.84981448 62.25506735 0.11775002
v 4.90535731 62.2699497 0.11775
v 4.80177006 62.11522721 -0.20681859
v 4.84981436 62.11522721 -0.21969223
v 4.84981435 62.11522721 -0.23968635
v 4.79177298 62.11522721 -0.22413404
v 4.84981443 62.11522721 -0.02751438
v 4.8017701 62.11522721 -0.04038798
v 4.79177306 62.11522721 -0.02307253
v 4.84981444 62.11522721 -0.00752025
v 4.94590332 62.11522721 -0.12360333
v 4.93302972 62.11522721 -0.07555901
v 4.95034517 62.11522721 -0.06556167
v 4.96589744 62.11522721 -0.12360334
v 4.89785883 62.11522721 -0.20681863
v 4.90785603 62.11522721 -0.22413408
v 4.7665991 62.11522721 -0.07555896
v 4.75372576 62.11522721 -0.12360327
v 4.73373149 62.11522721 -0.12360326
v 4.74928365 62.11522721 -0.0655616
v 4.76659906 62.11522721 -0.17164759
v 4.74928361 62.11522721 -0.18164493
v 4.89785888 62.11522721 -0.04038801
v 4.90785609 62.11522721 -0.02307257
v 4.93302969 62.11522721 -0.17164765
v 4.95034513 62.11522721 -0.181645
v 4.94590332 62.11522721 -0.12360333
v 4.96589744 62.11522721 -0.12360334
v 4.95034517 62.09115295 -0.06556167
v 4.96589744 62.09115295 -0.12360334
v 4.90785603 62.11522721 -0.22413408
v 4.90785603 62.09115295 -0.22413408
v 4.84981435 62.09115295 -0.23968635
v 4.73373149 62.09115295 -0.12360326
v 4.74928365 62.09115295 -0.0655616
v 4.74928361 62.09115295 -0.18164493
v 4.90785609 62.09115295 -0.02307257
v 4.95034513 62.09115295 -0.181645
v 4.79177306 62.09115295 -0.02307253
v 4.79177298 62.09115295 -0.22413404
v 4.84981444 62.09115295 -0.00752025
v 4.96589744 62.11522721 -0.12360334
v 4.96589744 62.09115295 -0.12360334
v 4.82578141 62.46060284 0.07061949
v 4.82578141 62.70082417 0.07061949
v 4.83281745 62.70082417 0.05363337
v 4.83281745 62.46060284 0.05363337
v 4.84980356 62.70082417 0.04659732
v 4.84980356 62.46060284 0.04659732
v 4.86678998 62.70082417 0.05363337
v 4.86678998 62.46060284 0.05363337
v 4.86678998 62.46060284 0.05363337
v 4.86678998 62.70082417 0.05363337
v 4.87382573 62.70082417 0.07061949
v 4.87382573 62.46060284 0.07061949
v 4.86678999 62.70082417 0.08760561
v 4.86678999 62.46060284 0.08760561
v 4.84980358 62.70082417 0.09464164
v 4.84980358 62.46060284 0.09464164
v 4.83281745 62.70082417 0.05363337
v 4.82578141 62.70082417 0.07061949
v 4.86678998 62.70082417 0.05363337
v 4.84980356 62.70082417 0.04659732
v 4.83281746 62.70082417 0.08760561
v 4.83281746 62.46060284 0.08760561
v 4.93302969 62.56544272 -0.17164765
v 4.89785883 62.56544272 -0.20681863
v 4.88017512 62.56544272 -0.17618969
v 4.90240077 62.56544272 -0.15396421
v 4.80177006 62.56544272 -0.20681859
v 4.76659906 62.56544272 -0.17164759
v 4.79722829 62.56544272 -0.15396417
v 4.81945377 62.56544272 -0.17618967
v 4.84981443 62.56544272 -0.02751438
v 4.89785888 62.56544272 -0.04038801
v 4.88017516 62.56544272 -0.07101693
v 4.84981441 62.56544272 -0.06288182
v 4.94590332 62.56544272 -0.12360333
v 4.91053588 62.56544272 -0.12360332
v 4.84981436 62.56544272 -0.21969223
v 4.84981437 62.56544272 -0.18432479
v 4.8017701 62.56544272 -0.04038798
v 4.81945381 62.56544272 -0.07101691
v 4.93302972 62.56544272 -0.07555901
v 4.94590332 62.56544272 -0.12360333
v 4.91053588 62.56544272 -0.12360332
v 4.90240079 62.56544272 -0.09324243
v 4.7665991 62.56544272 -0.07555896
v 4.79722829 62.56544272 -0.0932424
v 4.75372576 62.56544272 -0.12360327
v 4.78909318 62.56544272 -0.12360328
v 4.75372576 62.56544272 -0.12360327
v 4.78909318 62.56544272 -0.12360328
v 4.79722829 62.64922975 -0.15396417
v 4.81945377 62.64922975 -0.17618967
v 4.88017516 62.64922975 -0.07101693
v 4.84981441 62.64922975 -0.06288182
v 4.90240077 62.64922975 -0.15396421
v 4.91053588 62.64922975 -0.12360332
v 4.84981437 62.64922975 -0.18432479
v 4.81945381 62.64922975 -0.07101691
v 4.91053588 62.64922975 -0.12360332
v 4.90240079 62.64922975 -0.09324243
v 4.88017512 62.64922975 -0.17618969
v 4.79722829 62.64922975 -0.0932424
v 4.78909318 62.64922975 -0.12360328
v 4.78909318 62.64922975 -0.12360328
v 4.8498144 62.64922975 -0.08198706
v 4.82900642 62.64922975 -0.08756261
v 4.81377372 62.64922975 -0.10279502
v 4.80819815 62.64922975 -0.12360329
v 4.87062265 62.64922975 -0.15964399
v 4.88585507 62.64922975 -0.14441158
v 4.87062267 62.64922975 -0.08756262
v 4.89143064 62.64922975 -0.12360331
v 4.84981438 62.64922975 -0.16521955
v 4.88585509 62.64922975 -0.10279505
v 4.8290064 62.64922975 -0.15964398
v 4.8137737 62.64922975 -0.14441156
v 4.89143064 62.64922975 -0.12360331
v 4.80819815 62.64922975 -0.12360329
v 4.28808855 63.14752591 -0.12360312
v 4.30500828 63.14534359 -0.16478896
v 4.28562555 62.99506008 -0.16478924
v 4.26870582 62.99724208 -0.1236034
v 4.34585559 63.14007569 -0.1818487
v 4.38670323 63.1348078 -0.16478899
v 4.36732051 62.98452396 -0.16478927
v 4.32647315 62.98979218 -0.18184898
v 4.40362292 63.13262482 -0.12360316
v 4.3842402 62.98234131 -0.12360344
v 4.34585559 63.14007569 -0.06535757
v 4.30500828 63.14534359 -0.08241729
v 4.28562555 62.99506008 -0.08241757
v 4.32647315 62.98979218 -0.06535786
v 4.34585559 63.14007569 -0.17164774
v 4.37954923 63.13573043 -0.15757569
v 4.37041928 62.98412421 -0.12360343
v 4.35754767 62.98578398 -0.09227147
v 4.35890536 62.9963104 -0.09227147
v 4.37177694 62.99465063 -0.12360343
v 4.31216228 63.14442095 -0.15757567
v 4.335614 63.26698184 -0.15757568
v 4.36789525 63.25639596 -0.17164746
v 4.29820592 63.14622098 -0.12360312
v 4.32224265 63.27136621 -0.12360313
v 4.31216228 63.14442095 -0.08963058
v 4.335614 63.26698184 -0.08963059
v 4.34585559 63.14007569 -0.07555882
v 4.36789525 63.25639596 -0.07555882
v 4.37954923 63.13572978 -0.0896306
v 4.40017622 63.24581073 -0.08963061
v 4.39350531 63.13393008 -0.12360315
v 4.41354785 63.24142604 -0.12360316
v 4.4001765 63.24581073 -0.1575757
v 4.41354785 63.24142604 -0.12360316
v 4.39350531 63.13393008 -0.12360315
v 4.38260761 63.36442611 -0.15757569
v 4.40997742 63.3443014 -0.17164747
v 4.37127038 63.37276245 -0.12360315
v 4.38260733 63.36442611 -0.0896306
v 4.40997742 63.3443014 -0.07555884
v 4.43734722 63.32417637 -0.08963062
v 4.44868418 63.31584003 -0.12360317
v 4.43734722 63.32417637 -0.15757571
v 4.44868418 63.31584003 -0.12360317
v 4.45659676 63.43324419 -0.15757572
v 4.47467738 63.4044826 -0.17164749
v 4.44910744 63.44515698 -0.12360317
v 4.45659676 63.43324419 -0.08963063
v 4.47467738 63.4044826 -0.07555886
v 4.492758 63.37572101 -0.08963064
v 4.50024736 63.36380757 -0.12360319
v 4.49275832 63.37572101 -0.15757573
v 4.50024736 63.36380757 -0.12360319
v 4.54739735 63.46880644 -0.15757575
v 4.55369771 63.43542296 -0.17164752
v 4.54478772 63.48263398 -0.1236032
v 4.54739735 63.46880644 -0.08963066
v 4.55369771 63.43542296 -0.07555889
v 4.55999807 63.40203981 -0.08963066
v 4.56260774 63.38821194 -0.12360321
v 4.55999807 63.40203981 -0.15757575
v 4.56260774 63.38821194 -0.12360321
v 4.64385081 63.4687835 -0.15757578
v 4.63749262 63.43541133 -0.17164755
v 4.64648456 63.48260684 -0.12360324
v 4.64385085 63.46878415 -0.08963069
v 4.6374925 63.43541133 -0.07555892
v 4.63113413 63.40203948 -0.08963069
v 4.62850042 63.38821582 -0.12360323
v 4.63113413 63.40203948 -0.15757578
v 4.62850042 63.38821582 -0.12360323
v 4.73479031 63.43282214 -0.15757581
v 4.71654044 63.40416752 -0.17164758
v 4.74234954 63.4446913 -0.12360327
v 4.73479035 63.43282214 -0.08963072
v 4.71654034 63.40416752 -0.07555894
v 4.69829034 63.37551322 -0.08963071
v 4.69073109 63.36364438 -0.12360325
v 4.69829044 63.37551322 -0.1575758
v 4.69073109 63.36364438 -0.12360325
v 4.80918867 63.36230648 -0.15757583
v 4.78134424 63.34284393 -0.1716476
v 4.8207224 63.37036877 -0.12360329
v 4.80918871 63.36230712 -0.08963074
v 4.78134414 63.34284393 -0.07555896
v 4.75349955 63.32338074 -0.08963073
v 4.74196611 63.31531876 -0.12360327
v 4.75349965 63.32338074 -0.15757582
v 4.74196611 63.31531876 -0.12360327
v 4.85639939 63.25357248 -0.15757585
v 4.8235133 63.24504968 -0.17164761
v 4.87002129 63.25710272 -0.12360331
v 4.85639941 63.25357248 -0.08963076
v 4.82351334 63.24504968 -0.07555898
v 4.79062728 63.23652687 -0.08963074
v 4.7770055 63.23299663 -0.12360328
v 4.79062724 63.23652687 -0.15757583
v 4.7770055 63.23299663 -0.12360328
v 4.87659311 63.14059501 -0.15757586
v 4.84287199 63.13577858 -0.17164762
v 4.89055894 63.14258926 -0.12360331
v 4.87659313 63.14059501 -0.08963077
v 4.84287203 63.13577858 -0.07555898
v 4.8091429 63.13095891 -0.08963074
v 4.79516875 63.12896111 -0.12360328
v 4.80914286 63.13095891 -0.15757583
v 4.79516875 63.12896111 -0.12360328
v 4.88099055 63.02427991 -0.15757586
v 4.88378693 62.6157936 -0.15757586
v 4.84981437 62.6157936 -0.17164762
v 4.84704535 63.02331947 -0.17164762
v 4.89505117 63.02467773 -0.12360332
v 4.89785886 62.6157936 -0.12360332
v 4.88099072 63.02427991 -0.08963077
v 4.88378695 62.6157936 -0.08963077
v 4.84704539 63.02331947 -0.07555898
v 4.84981441 62.6157936 -0.07555899
v 4.81310018 63.02235903 -0.08963074
v 4.815842 62.6157936 -0.08963075
v 4.79903942 63.02196089 -0.12360328
v 4.80177008 62.6157936 -0.12360329
v 4.81310002 63.02235903 -0.15757583
v 4.81584198 62.6157936 -0.15757584
v 4.80177008 62.6157936 -0.12360329
v 4.79903942 63.02196089 -0.12360328
v 4.38670323 63.13480715 -0.08241731
v 4.36732051 62.98452364 -0.0824176
v 4.40362292 63.13262482 -0.12360316
v 4.3842402 62.98234131 -0.12360344
v 4.32647315 62.98979218 -0.16791352
v 4.29539835 62.99379941 -0.15493536
v 4.28252673 62.99545983 -0.1236034
v 4.29539835 62.99379941 -0.09227145
v 4.32647315 62.98979218 -0.07929332
v 4.37041928 62.98412421 -0.12360343
v 4.35754767 62.98578398 -0.15493538
v 4.32783056 63.00031828 -0.16791352
v 4.35890536 62.9963104 -0.15493538
v 4.28388443 63.00598625 -0.1236034
v 4.29675605 63.00432583 -0.15493536
v 4.29675605 63.00432583 -0.09227145
v 4.32783056 63.00031828 -0.07929332
v 4.29675605 63.00432583 -0.15493536
v 4.28388443 63.00598625 -0.1236034
v 4.37177694 62.99465063 -0.12360343
v 4.35890536 62.9963104 -0.15493538
v 4.32783056 63.00031828 -0.16791352
v 4.37177694 62.99465063 -0.12360343
v 4.29675605 63.00432583 -0.09227145
v 4.35890536 62.9963104 -0.09227147
v 4.32783056 63.00031828 -0.07929332
v 4.87382573 62.70082417 0.07061949
v 4.83281746 62.70082417 0.08760561
v 4.86678999 62.70082417 0.08760561
v 4.84980358 62.70082417 0.09464164
v 2.73134746 62.09734946 -1.46615283
v 4.72155936 62.09734946 -1.46615348
v 4.97940153 62.09734946 -1.92526763
v 2.37860967 62.09734946 -1.92526682
v 4.72156024 62.09734946 1.21894582
v 4.97940271 62.09734946 1.67805981
v 4.66369556 61.92754313 1.26483962
v 4.97940271 61.92754313 1.67805981
v 2.37861063 61.92782057 1.67806062
v 2.61756257 61.92754313 1.26495887
v 2.6175616 61.92754313 -1.51216524
v 2.37860934 61.92782057 -1.92526682
v 4.97940153 61.92754313 -1.92526763
v 4.66369467 61.92754313 -1.51204744
v 2.73134843 62.09734946 1.21894647
v 2.37861096 62.09734946 1.67806062
v 2.34463819 62.08189188 1.67806062
v 2.34463819 61.94189209 1.67806062
v 2.37861063 61.92782057 1.67806062
v 2.37861096 62.09734946 1.67806062
v 2.33165023 62.04792056 1.67806062
v 2.33164894 62.04792056 -1.92526682
v 2.33164894 61.97586341 -1.92526682
v 2.33165023 61.97586341 1.67806062
v 4.72156024 62.09734946 1.21894582
v 4.72156024 62.12135149 1.21894582
v 2.73134843 62.12135149 1.21894647
v 2.73134843 62.09734946 1.21894647
v 4.72155936 62.09734946 -1.46615348
v 4.72155936 62.12135149 -1.46615348
v 4.72156024 62.12135149 1.21894582
v 4.72156024 62.09734946 1.21894582
v 2.73134746 62.09734946 -1.46615283
v 2.73134746 62.12135149 -1.46615283
v 4.72155936 62.12135149 -1.46615348
v 4.72155936 62.09734946 -1.46615348
v 2.73134843 62.09734946 1.21894647
v 2.73134843 62.12135149 1.21894647
v 2.73134746 62.12135149 -1.46615283
v 2.73134746 62.09734946 -1.46615283
v 2.85808783 62.12135149 -1.23883892
v 2.85808847 62.12135149 0.99163215
v 3.06716794 61.7773409 0.74050663
v 3.0671673 61.7773409 -0.98771405
v 2.85808847 62.12135149 0.99163215
v 4.53925426 62.12135149 0.99163159
v 4.33017467 61.7773409 0.74050623
v 4.53925353 62.12135149 -1.23883949
v 2.85808783 62.12135149 -1.23883892
v 4.33017411 61.7773409 -0.98771445
v 4.53925426 62.12135149 0.99163159
v 4.53925353 62.12135149 -1.23883949
v 4.97940153 62.09734946 -1.92526763
v 4.97940153 61.92754313 -1.92526763
v 2.37860934 61.92782057 -1.92526682
v 2.37860967 62.09734946 -1.92526682
v 4.97940271 62.09734946 1.67805981
v 4.97940271 61.92754313 1.67805981
v 2.3446369 61.94189209 -1.92526682
v 2.3446369 62.08189188 -1.92526682
v 4.66369556 61.57340911 1.26483962
v 2.61756257 61.57347245 1.26495887
v 2.6175616 61.57347245 -1.51216524
v 4.66369467 61.57340911 -1.51204744
v 4.66369556 61.92754313 1.26483962
v 2.61756257 61.92754313 1.26495887
v 4.66369467 61.92754313 -1.51204744
v 4.66369556 61.92754313 1.26483962
v 2.61756257 61.92754313 1.26495887
v 2.6175616 61.92754313 -1.51216524
v 2.6175616 61.92754313 -1.51216524
v 4.66369467 61.92754313 -1.51204744
v 2.3446369 62.08189188 -1.92526682
v 2.34463819 62.08189188 1.67806062
v 2.3446369 61.94189209 -1.92526682
v 2.34463819 61.94189209 1.67806062
v 2.33164894 61.97586341 -1.92526682
v 2.33164894 62.04792056 -1.92526682
v 2.33165023 62.04792056 1.67806062
v 2.33165023 61.97586341 1.67806062
v 4.79923825 59.57364694 -1.81220743
v 4.79923827 59.57364694 -1.71611852
v 4.79923827 59.47755806 -1.71611852
v 4.79923825 59.47755806 -1.81220743
v 4.79923827 59.57364694 -1.71611852
v 4.70314964 59.57364694 -1.71611836
v 4.70314964 59.47755806 -1.71611836
v 4.70314964 59.57364694 -1.71611836
v 4.70314962 59.57364694 -1.81220727
v 4.70314962 59.47755806 -1.81220727
v 4.70314962 59.57364694 -1.81220727
v 4.79923825 59.57364694 -1.81220743
v 4.79923932 59.57364694 1.46890553
v 4.79923934 59.57364694 1.56499412
v 4.79923934 59.47755806 1.56499412
v 4.79923932 59.47755806 1.46890553
v 4.79923934 59.57364694 1.56499412
v 4.70315071 59.57364694 1.56499428
v 4.70315071 59.47755806 1.56499428
v 4.70315071 59.57364694 1.56499428
v 4.70315069 59.57364694 1.46890569
v 4.70315069 59.47755806 1.46890569
v 4.70315069 59.57364694 1.46890569
v 4.79923932 59.57364694 1.46890553
v 2.75735278 59.57364694 -1.81220679
v 2.75735278 59.57364694 -1.71611787
v 2.75735278 59.47755806 -1.71611787
v 2.75735278 59.47755806 -1.81220679
v 2.75735278 59.57364694 -1.71611787
v 2.66126403 59.57364694 -1.71611771
v 2.66126403 59.47755806 -1.71611771
v 2.66126403 59.57364694 -1.71611771
v 2.66126403 59.57364694 -1.81220663
v 2.66126403 59.47755806 -1.81220663
v 2.66126403 59.57364694 -1.81220663
v 2.75735278 59.57364694 -1.81220679
v 2.75735375 59.57364694 1.46890617
v 2.75735375 59.57364694 1.56499477
v 2.75735375 59.47755806 1.56499477
v 2.75735375 59.47755806 1.46890617
v 2.75735375 59.57364694 1.56499477
v 2.661265 59.57364694 1.56499493
v 2.661265 59.47755806 1.56499493
v 2.661265 59.57364694 1.56499493
v 2.661265 59.57364694 1.46890634
v 2.661265 59.47755806 1.46890634
v 2.661265 59.57364694 1.46890634
v 2.75735375 59.57364694 1.46890617
v 3.74329411 61.80011911 -0.00810035
v 3.65833859 61.80011911 -0.20826294
v 3.62738546 61.80011911 -0.12360405
v 3.65833859 61.80011911 -0.03894518
v 3.74329411 61.80011911 -0.23910782
v 3.8282497 61.80011911 -0.03894524
v 3.8282497 61.80011911 -0.208263
v 3.85920251 61.80011911 -0.12360412
v 3.85920275 61.77609688 -0.12360412
v 3.8282497 61.77609688 -0.208263
v 3.8282497 61.77609688 -0.03894524
v 3.74329411 61.77609688 -0.23910782
v 3.65833827 61.77609688 -0.20826294
v 3.65833827 61.77609688 -0.03894518
v 3.74329411 61.77609688 -0.00810035
v 3.62738546 61.77609688 -0.12360405
v 2.42534854 60.64302306 -0.25095782
v 2.42534854 61.09067846 -0.23946993
v 2.42534854 61.09388974 -0.34720481
v 2.42534854 60.64623442 -0.3586927
v 2.42534854 60.64487826 -0.00319705
v 2.42534854 60.64421521 0.10457736
v 2.42534854 61.09203462 0.10694934
v 2.42534854 61.09269759 -0.00082478
v 2.47339284 61.09067846 -0.23946994
v 2.47339284 61.09388974 -0.34720483
v 2.47339284 61.09388974 -0.34720483
v 2.47339284 60.64623442 -0.35869272
v 2.47339284 60.64623442 -0.35869272
v 2.47339284 60.64302306 -0.25095783
v 2.47339284 60.64302306 -0.25095783
v 2.47339284 61.09067846 -0.23946994
v 2.47339284 61.09203462 0.10694932
v 2.47339284 61.09269759 -0.00082479
v 2.47339284 60.64421521 0.10457734
v 2.47339284 61.09203462 0.10694932
v 2.47339284 60.64487826 -0.00319706
v 2.47339284 60.64421521 0.10457734
v 2.47339284 61.09269759 -0.00082479
v 2.47339284 60.64487826 -0.00319706
vn -0.57742 -0.57732 -0.57732
vn 0.57742 -0.57732 -0.57732
vn 0.70711 -0.70711 0
vn -0.70711 -0.70711 0
vn -0.57728 0.57738 -0.57738
vn 0.57735 0.57735 -0.57735
vn 0.70711 0.70711 0
vn -0.70711 0.70711 0
vn 0.42761 -0.79643 -0.42761
vn 0.42869 -0.79629 0.42679
vn -0.42968 -0.79715 0.42418
vn -0.4244 -0.79589 -0.43179
vn 0.58089 -0.57009 -0.58099
vn 0.58269 -0.56919 0.58009
vn -0.57749 -0.56679 -0.58759
vn 0.58093 -0.57013 -0.58093
vn -0.58254 -0.57434 0.57514
vn 0.58272 -0.56922 0.58002
vn -0.5826 -0.5744 0.575
vn 0.44131 -0.78431 0.43601
vn 0.4355 -0.7842 -0.442
vn 0.5906 -0.5404 -0.5993
vn 0.59823 -0.54112 0.59103
vn -0.43759 -0.78439 0.43959
vn 0.59829 -0.54119 0.59089
vn -0.59321 -0.54141 0.59581
vn -0.44042 -0.78403 -0.43742
vn -0.5976 -0.5392 -0.5934
vn 0.59063 -0.54033 -0.59933
vn -0.59311 -0.54141 0.59591
vn -0.59757 -0.53917 -0.59347
vn -0.0646 -0.99791 0
vn 0 -0.63769 0.77029
vn 0.3188 -0.55229 0.77029
vn 0.2086 -0.95552 -0.2085
vn -0.0647 -0.9979 0
vn -0.50001 -0.86602 0
vn -0.3188 -0.55229 0.77029
vn -0.86602 -0.50001 0
vn -0.55229 -0.3188 0.77029
vn -1 0 0
vn -0.63769 0 0.77029
vn -0.86602 0.50001 0
vn -0.5522 0.3189 0.77031
vn -0.50001 0.86602 0
vn -0.3188 0.55229 0.77029
vn -0.0647 0.9979 0
vn 0 0.63769 0.77029
vn -0.0646 0.99791 0
vn 0.2086 0.95552 -0.2085
vn 0.3189 0.5522 0.77031
vn 0.51342 0.68753 -0.51352
vn 0.55227 0.31888 0.77026
vn 0.70711 0 -0.70711
vn 0.63769 0 0.77029
vn 0.51342 -0.68753 -0.51352
vn 0.55227 -0.31888 0.77026
vn -0.77029 -0.63769 0
vn 0.2085 -0.95552 -0.2086
vn -0.77029 -0.55229 -0.3188
vn -0.77029 -0.55229 0.3188
vn 0.2085 -0.95552 0.2086
vn -0.77026 -0.31888 0.55227
vn 0.51352 -0.68753 0.51342
vn -0.77029 0 0.63769
vn 0.70711 0 0.70711
vn -0.77031 0.3189 0.5522
vn 0.51352 0.68753 0.51342
vn -0.77029 0.55229 0.3188
vn 0.2085 0.95552 0.2086
vn -0.77029 0.63769 0
vn -0.77029 0.55229 -0.3188
vn 0.2085 0.95552 -0.2086
vn -0.77029 0.3188 -0.55229
vn 0.51352 0.68753 -0.51342
vn -0.77029 0 -0.63769
vn -0.77031 -0.3189 -0.5522
vn 0.51352 -0.68753 -0.51342
vn 0 -0.7571 0.6533
vn 0.2086 -0.95552 0.2085
vn 0.37858 -0.65567 0.65327
vn -0.37861 -0.65572 0.65322
vn -0.65572 -0.37861 0.65322
vn -0.75719 0 0.65319
vn -0.65572 0.37861 0.65322
vn -0.37861 0.65572 0.65322
vn 0 0.7571 0.6533
vn 0.37861 0.65572 0.65322
vn 0.2086 0.95552 0.2085
vn 0.65567 0.37858 0.65327
vn 0.51342 0.68753 0.51352
vn 0.7571 0 0.6533
vn 0.6557 -0.3785 0.6533
vn 0.51349 -0.68749 0.51349
vn -0.77022 -0.55232 -0.31891
vn -0.77022 -0.31891 -0.55232
vn -0.65322 -0.37861 -0.65572
vn -0.65322 -0.65572 -0.37861
vn -0.77022 -0.55232 0.31891
vn -0.7702 -0.6378 0
vn -0.65319 -0.75719 0
vn -0.65322 -0.65572 0.37861
vn -0.77022 0.31891 -0.55232
vn -0.77022 0.55232 -0.31891
vn -0.65322 0.65572 -0.37861
vn -0.65322 0.37861 -0.65572
vn -0.77022 0.55232 0.31891
vn -0.77026 0.31888 0.55227
vn -0.65322 0.37861 0.65572
vn -0.65322 0.65572 0.37861
vn -0.77022 -0.31891 0.55232
vn -0.65322 -0.37861 0.65572
vn -0.7702 0 -0.6378
vn -0.65319 0 -0.75719
vn -0.7702 0.6378 0
vn -0.65319 0.75719 0.0001
vn -0.7702 0 0.6378
vn -0.65319 0 0.75719
vn -0.65319 0.75719 -0.0001
vn 0.6533 0.3785 -0.6557
vn 0.6533 0 -0.7571
vn 0.6533 0.3785 0.6557
vn 0.65327 0.65567 0.37858
vn 0.6533 0.7571 0
vn 0.6533 0.6557 -0.3785
vn 0.6533 -0.6557 0.3785
vn 0.6533 -0.3785 0.6557
vn 0.65322 -0.37861 -0.65572
vn 0.6533 0 0.7571
vn 0.6533 -0.6557 -0.3785
vn 0.6533 -0.7571 0
vn 0.65322 -0.65572 0.37861
vn 0.65322 0.37861 0.65572
vn 0.65319 0 0.75719
vn 0.65317 -0.37858 0.65577
vn 0.65319 -0.75719 0
vn 0.65317 0.65577 0.37858
vn 0.65319 0.75719 0
vn 0.65317 -0.65577 -0.37858
vn 0.65322 0.65572 -0.37861
vn 0.65319 0 -0.75719
vn 0.65317 0.37858 -0.65577
vn -0.55232 -0.31891 0.77022
vn -0.6378 0 0.7702
vn 0.6378 0 0.7702
vn 0.55232 -0.31891 0.77022
vn 0.65572 -0.37861 0.65322
vn 0.75719 0 0.65319
vn 0 0.6378 0.7702
vn 0.31891 0.55232 0.77022
vn 0 0.75719 0.65319
vn -0.55232 0.31891 0.77022
vn 0.31888 -0.55227 0.77026
vn 0 -0.6378 0.7702
vn 0 -0.75719 0.65319
vn 0.37861 -0.65572 0.65322
vn -0.31891 -0.55232 0.77022
vn 0.55232 0.31891 0.77022
vn 0.65572 0.37861 0.65322
vn -0.31891 0.55232 0.77022
vn -0.37858 0.65577 0.65317
vn 0.50001 0.86602 0
vn 0.0001 1 0
vn -0.6557 0.3785 0.6533
vn 0 -1 0
vn 0.50001 -0.86602 0
vn 0.86602 0.50001 0
vn -0.3785 0.6557 0.6533
vn 0.86602 -0.50001 0
vn 1 0 0
vn -0.0001 1 0
vn 0 -0.77637 0.63028
vn -0.54891 -0.54901 0.63031
vn -0.77633 0 0.63033
vn -0.54898 0.54898 0.63027
vn -0.54901 0.54891 0.63031
vn 0 0.77637 0.63028
vn 0 1 0
vn 0.54898 0.54898 0.63027
vn 0.77637 0 0.63028
vn -0.54901 -0.54891 0.63031
vn -0.0001 -0.77637 0.63028
vn -0.54891 0.54901 0.63031
vn -0.77637 0.0001 0.63028
vn 0.54898 -0.54898 0.63027
vn -0.55227 0.31888 0.77026
vn -0.31888 0.55227 0.77026
vn -0.65577 -0.37858 0.65317
vn -0.31888 -0.55227 0.77026
vn -0.55227 -0.31888 0.77026
vn 0.65577 0.37858 0.65317
vn -0.0001 0.63769 0.77029
vn 0.31888 0.55227 0.77026
vn 0.37858 -0.65577 0.65317
vn 0.75715 0 0.65324
vn -0.75715 0 0.65324
vn 0 0 1
vn 0 -0.68939 0.72439
vn -0.54899 -0.46389 0.69528
vn -0.54898 -0.62508 -0.55488
vn 0 -0.85061 -0.5258
vn -0.77638 0.0806 0.62509
vn -0.54898 0.62508 0.55488
vn -0.54899 0.46389 -0.69528
vn -0.77638 -0.0806 -0.62509
vn -0.0001 0.85061 0.5258
vn 0 0.68939 -0.72439
vn 0.77638 0.0806 0.62509
vn 0.54899 -0.46389 0.69528
vn 0.54898 -0.62508 -0.55488
vn 0.77638 -0.0806 -0.62509
vn -0.59388 0.0946 0.79897
vn -0.43471 0.52501 0.73171
vn -0.0001 -0.69236 -0.72156
vn -0.4203 -0.51971 -0.74381
vn -0.40411 -0.30541 0.86222
vn -0.69161 -0.68581 0.2266
vn -0.99951 -0.0296 0.0101
vn 0.0001 -0.46152 0.88713
vn -0.0003 -0.94936 0.31419
vn 0.40401 -0.30551 0.86223
vn 0.69158 -0.68578 0.22679
vn 0.5939 0.0943 0.799
vn 0.99949 -0.0301 0.0103
vn 0.43482 0.52502 0.73163
vn 0.72305 0.65695 -0.21358
vn 0.0001 0.71159 0.70259
vn 0.0001 0.95129 -0.3083
vn -0.723 0.6571 -0.2133
vn -0.0001 0.95132 -0.30821
vn 0 0.71159 0.70259
vn -0.68557 -0.58577 0.43228
vn -0.99897 -0.0364 0.0272
vn 0.0001 -0.80461 0.59381
vn 0.68563 -0.58582 0.43212
vn 0.99895 -0.0368 0.0273
vn 0.73138 0.55009 -0.40309
vn 0 0.80702 -0.59052
vn -0.73142 0.55002 -0.40311
vn -0.68498 -0.38779 0.61678
vn -0.99896 -0.0243 0.0387
vn 0 -0.53221 0.84661
vn 0.68498 -0.38779 0.61678
vn 0.99896 -0.0243 0.0387
vn 0.7307 0.3633 -0.578
vn 0 0.53221 -0.84661
vn -0.7307 0.3633 -0.578
vn -0.68511 -0.1351 0.71581
vn -0.99897 -0.0084 0.0446
vn 0 -0.18539 0.98266
vn 0.68511 -0.1351 0.71581
vn 0.99897 -0.0084 0.0446
vn 0.73049 0.1266 -0.67109
vn 0.0001 0.18549 -0.98265
vn -0.73048 0.1267 -0.67108
vn 0 0.18551 -0.98264
vn -0.68497 0.13649 0.71567
vn -0.99895 0.0086 0.0449
vn 0 0.1873 0.9823
vn 0.68497 0.13649 0.71567
vn 0.99895 0.0086 0.0449
vn 0.73068 -0.1277 -0.67068
vn 0.0001 -0.1869 -0.98238
vn -0.73068 -0.1277 -0.67068
vn 0 -0.1869 -0.98238
vn -0.6844 0.3921 0.6147
vn -0.99893 0.0249 0.039
vn 0 0.53767 0.84315
vn 0.6846 0.3919 0.6146
vn 0.99892 0.025 0.0391
vn 0.73092 -0.36631 -0.57582
vn 0 -0.5365 -0.8439
vn -0.73091 -0.3662 -0.57591
vn -0.68408 0.59748 0.41839
vn -0.99878 0.0405 0.0284
vn -0.0001 0.81904 0.57373
vn 0.68409 0.59739 0.4185
vn 0.99879 0.0402 0.0284
vn 0.73363 -0.55732 -0.38882
vn 0 -0.8204 -0.5718
vn -0.73359 -0.55739 -0.38879
vn 0 -0.82035 -0.57186
vn -0.693 0.6901 0.2086
vn -0.99959 0.0269 0.0096
vn -0.0002 0.95751 0.2884
vn 0.69301 0.69011 0.2085
vn 0.99959 0.0268 0.0097
vn 0.72098 -0.66418 -0.1976
vn 0 -0.95847 -0.28519
vn -0.72117 -0.66398 -0.19759
vn 0 -0.95844 -0.28531
vn -0.69921 0.71081 0.0766
vn -0.99986 0.0166 0.0015
vn -0.0001 0.99415 0.10799
vn 0.69921 0.71081 0.0765
vn 0.99986 0.0167 0.0014
vn 0.71577 -0.69447 -0.0733
vn 0 -0.99459 -0.1039
vn -0.71607 -0.69418 -0.0732
vn 0 -0.99458 -0.104
vn -0.70511 0.70891 0.0159
vn -0.7063 0.7079 0.0049
vn -1 0.0017 0
vn -0.99999 0.0037 0.0001
vn -0.0001 0.99975 0.0224
vn 0 0.99998 0.0069
vn 0.70512 0.70892 0.0158
vn 0.7063 0.7079 0.0048
vn 0.99999 0.0037 0.0001
vn 1 0.0016 0
vn 0.70877 -0.70527 -0.0152
vn 0.7079 -0.7063 -0.0048
vn 0.0001 -0.99977 -0.0215
vn 0 -0.99998 -0.0068
vn -0.70877 -0.70527 -0.0153
vn -0.7079 -0.7063 -0.0048
vn 0 -0.99998 -0.0067
vn 0 -0.99977 -0.0215
vn 0.54901 0.62511 0.55481
vn 0.54901 0.46381 -0.69532
vn 0.0001 0.85065 0.52573
vn 0.0001 0.68939 -0.72439
vn 0.59438 -0.1029 -0.79757
vn 0.42027 0.31398 -0.85134
vn 0 0.48661 -0.87362
vn -0.42029 0.31389 -0.85137
vn -0.59438 -0.1029 -0.79757
vn 0 -0.69241 -0.72151
vn 0.4203 -0.51971 -0.74381
vn 0.54899 0.46389 -0.69528
vn -0.54901 0.46381 -0.69532
vn -0.0001 -0.85061 -0.5258
vn -0.54901 -0.62511 -0.55481
vn -0.77643 -0.0807 -0.62502
vn 0.0001 0.77637 0.63028
vn 0.54891 -0.54901 0.63031
vn 0.54901 0.54891 0.63031
vn 0.77637 -0.0001 0.63028
vn -0.30151 -0.30151 0.90453
vn -0.30151 0.30151 0.90453
vn -0.57738 0.57728 0.57738
vn -0.66242 -0.15871 0.73213
vn 0.30151 0.30151 0.90453
vn 0.57728 0.57738 0.57738
vn 0.3016 0.3015 -0.90451
vn 0.57742 0.57732 -0.57732
vn 0.66578 -0.1457 -0.73178
vn 0.30161 -0.30201 -0.90433
vn -0.30149 -0.30199 -0.90438
vn -0.66578 -0.1457 -0.73178
vn -0.57732 0.57742 -0.57732
vn -0.30169 0.30149 -0.90448
vn 0.30151 -0.30151 0.90453
vn 0.66242 -0.15871 0.73213
vn 0.63081 -0.56531 0.53151
vn 0.62798 -0.55789 -0.54259
vn 0.66573 -0.14571 -0.73183
vn 0.66237 -0.15869 0.73217
vn 0.66848 -0.73138 0.135
vn -0.66848 -0.73138 0.135
vn -0.66848 -0.73138 -0.135
vn 0.66848 -0.73138 -0.135
vn 0.3016 0.3015 0.90451
vn 0.57732 0.57742 0.57732
vn 0.57728 -0.57738 0.57738
vn 0.30159 -0.30159 0.90448
vn -0.3015 0.3016 0.90451
vn 0.57732 0.57732 0.57742
vn 0.30159 0.30159 0.90448
vn -0.3016 -0.3015 0.90451
vn -0.57728 -0.57738 0.57738
vn -0.57732 0.57732 0.57742
vn -0.30159 0.30159 0.90448
vn 0.3015 -0.3016 0.90451
vn 0.57732 -0.57732 0.57742
vn -0.57742 -0.57732 0.57732
vn -0.30159 -0.30159 0.90448
vn 0.1493 0.1437 0.97829
vn -0.1493 0.1437 0.97829
vn -0.3575 0.39709 0.84529
vn 0.3575 0.39709 0.84529
vn -0.1494 0.1436 0.97829
vn -0.1494 -0.1436 0.97829
vn -0.3575 -0.39709 0.84529
vn 0.1494 -0.1436 0.97829
vn 0.1494 0.1436 0.97829
vn 0.3575 -0.39709 0.84529
vn -0.1493 -0.1437 0.97829
vn 0.1493 -0.1437 0.97829
vn -0.57728 0.57738 0.57738
vn -0.57738 0.57728 -0.57738
vn -0.66573 -0.14571 -0.73183
vn -0.66236 -0.15879 0.73216
vn -0.62798 -0.55779 -0.54269
vn -0.63081 -0.56541 0.53141
vn 0.57728 0.57738 -0.57738
vn 0.30169 0.30149 -0.90448
vn 0.3016 -0.3021 -0.90431
vn -0.3016 -0.3021 -0.90431
vn -0.63087 -0.56537 0.53137
vn 0.63081 -0.56541 0.53141
vn -0.62802 -0.55782 -0.54262
vn 0.62808 -0.55778 -0.54258
vn -0.66841 -0.73142 -0.1351
vn -0.66842 -0.73143 0.135
vn 0.66841 -0.73142 0.1351
vn 0.66842 -0.73143 -0.135
vn 0.57732 0.57742 -0.57732
vn 0.57738 -0.57728 -0.57738
vn -0.57732 -0.57742 -0.57732
vn 0.77029 0 0.63769
vn -0.5536 -0.5523 0.6233
vn 0 -0.77056 0.63737
vn 0.5536 -0.5523 0.6233
vn 0.5536 0.5523 0.6233
vn -0.5536 0.5523 0.6233
vn 0 0.77056 0.63737
vn -0.70791 0.70631 0
vn 0.70791 0.70631 0
vn -0.70791 -0.70631 0
vn 0.70791 -0.70631 0
vn 0.56123 -0.57714 -0.59324
vn 0.593 -0.5776 0.561
vn -0.56123 -0.57714 0.59324
vn -0.593 -0.5776 -0.561
vn -0.58061 -0.57741 -0.57401
vn 0.57408 -0.57728 -0.58068
vn 0.58061 -0.57741 0.57401
vn -0.57408 -0.57728 0.58068
vn 0.72648 0.0003 0.68718
vn -0.68729 0 0.72639
vn -0.68718 0 0.72648
vn -0.72639 0 -0.68729
vn -0.72648 0 -0.68718
vn 0.68729 0 -0.72639
vn 0.68718 0 -0.72648
vn 0.72639 0 0.68729
vn 0.71119 0 0.703
vn -0.7031 0 0.7111
vn 0.703 0 -0.71119
vn 0.7111 0 0.7031
vn -0.71119 0 -0.703
vn 0.7031 0 -0.7111
vn -0.703 0 0.71119
vn -0.7111 0 -0.7031
vt 0.42921 0.45213
vt 0.42921 0.77165
vt 0.64223 0.77165
vt 0.64223 0.45213
vt 0.2162 0.45213
vt 0.2162 0.77165
vt 0.2162 0.98467
vt 0.42921 0.98467
vt 0.42921 0.23912
vt 0.2162 0.23912
vt 0.17303 0.414
vt 0.17303 0.2372
vt 0.03686 0.2372
vt 0.03686 0.414
vt 0.17906 0.414
vt 0.17906 0.2372
vt 0.03686 0.42005
vt 0.17303 0.42005
vt 0.03083 0.2372
vt 0.03083 0.414
vt 0.17303 0.23115
vt 0.03686 0.23115
vt 0.00318 0.45213
vt 0.00318 0.77165
vt 0.03673 0.9803
vt 0.03673 0.80317
vt 0.03083 0.80317
vt 0.03083 0.9803
vt 0.17609 0.9803
vt 0.03673 0.98622
vt 0.17609 0.98622
vt 0.17609 0.80317
vt 0.17609 0.79725
vt 0.03673 0.79725
vt 0.18199 0.9803
vt 0.18199 0.80317
vt 0.13225 0.04093
vt 0.13225 0.08543
vt 0.14107 0.08543
vt 0.14107 0.04945
vt 0.25237 0.08654
vt 0.29687 0.08654
vt 0.29687 0.07772
vt 0.25237 0.07772
vt 0.29687 0.06889
vt 0.25237 0.06889
vt 0.29687 0.06007
vt 0.25237 0.06007
vt 0.29687 0.05125
vt 0.25237 0.05125
vt 0.29687 0.04243
vt 0.25237 0.04243
vt 0.29687 0.03361
vt 0.25237 0.03361
vt 0.18517 0.08543
vt 0.18517 0.04093
vt 0.17635 0.04945
vt 0.17635 0.08543
vt 0.16753 0.05569
vt 0.16753 0.08543
vt 0.15871 0.05797
vt 0.15871 0.08543
vt 0.14989 0.05569
vt 0.14989 0.08543
vt 0.08508 0.16111
vt 0.08508 0.18667
vt 0.0939 0.17815
vt 0.0939 0.16111
vt 0.07626 0.16111
vt 0.07626 0.17815
vt 0.06744 0.16111
vt 0.06744 0.17191
vt 0.05862 0.16111
vt 0.05862 0.16963
vt 0.0498 0.16111
vt 0.0498 0.17191
vt 0.04098 0.16111
vt 0.04098 0.17815
vt 0.03216 0.16111
vt 0.03216 0.18667
vt 0.13801 0.18667
vt 0.13801 0.16111
vt 0.12919 0.16111
vt 0.12919 0.17815
vt 0.12037 0.16111
vt 0.12037 0.17191
vt 0.11155 0.16111
vt 0.11155 0.16963
vt 0.10272 0.16111
vt 0.10272 0.17191
vt 0.07934 0.08415
vt 0.07934 0.04881
vt 0.07052 0.05733
vt 0.07052 0.08415
vt 0.33222 0.08654
vt 0.33222 0.07772
vt 0.33222 0.06889
vt 0.33222 0.06007
vt 0.33222 0.05125
vt 0.33222 0.04243
vt 0.33222 0.03361
vt 0.02641 0.04881
vt 0.02641 0.08415
vt 0.03523 0.08415
vt 0.03523 0.05733
vt 0.04405 0.08415
vt 0.04405 0.06357
vt 0.05287 0.08415
vt 0.05287 0.06585
vt 0.06169 0.08415
vt 0.06169 0.06357
vt 0.54006 0.24548
vt 0.52991 0.24548
vt 0.52991 0.24812
vt 0.54006 0.24812
vt 0.56037 0.24548
vt 0.55022 0.24548
vt 0.55022 0.24812
vt 0.56037 0.24812
vt 0.50959 0.24548
vt 0.49944 0.24548
vt 0.49944 0.24812
vt 0.50959 0.24812
vt 0.601 0.24548
vt 0.59084 0.24548
vt 0.59084 0.24812
vt 0.601 0.24812
vt 0.57053 0.24548
vt 0.57053 0.24812
vt 0.51975 0.24548
vt 0.51975 0.24812
vt 0.61116 0.24548
vt 0.61116 0.24812
vt 0.58069 0.24548
vt 0.58069 0.24812
vt 0.48928 0.24548
vt 0.48928 0.24812
vt 0.50959 0.2652
vt 0.51975 0.2652
vt 0.59084 0.2652
vt 0.601 0.2652
vt 0.48928 0.2652
vt 0.49944 0.2652
vt 0.56037 0.2652
vt 0.57053 0.2652
vt 0.52991 0.2652
vt 0.61116 0.2652
vt 0.58069 0.2652
vt 0.54006 0.2652
vt 0.55022 0.2652
vt 0.59703 0.10463
vt 0.62116 0.09069
vt 0.61096 0.09069
vt 0.60213 0.09579
vt 0.59703 0.11482
vt 0.62999 0.09579
vt 0.63509 0.10463
vt 0.60213 0.12366
vt 0.61096 0.12875
vt 0.63509 0.11482
vt 0.62116 0.12875
vt 0.62999 0.12366
vt 0.53033 0.21097
vt 0.51987 0.21097
vt 0.51987 0.21439
vt 0.53033 0.21439
vt 0.58265 0.21097
vt 0.57219 0.21097
vt 0.57219 0.21439
vt 0.58265 0.21439
vt 0.61405 0.21097
vt 0.60358 0.21097
vt 0.60358 0.21439
vt 0.61405 0.21439
vt 0.5094 0.21097
vt 0.5094 0.21439
vt 0.56172 0.21097
vt 0.55126 0.21097
vt 0.55126 0.21439
vt 0.56172 0.21439
vt 0.5408 0.21097
vt 0.5408 0.21439
vt 0.59312 0.21097
vt 0.59312 0.21439
vt 0.49894 0.21097
vt 0.49894 0.21439
vt 0.48848 0.21097
vt 0.48848 0.21439
vt 0.60358 0.2185
vt 0.61405 0.2185
vt 0.5094 0.21439
vt 0.5094 0.2185
vt 0.51987 0.2185
vt 0.55126 0.2185
vt 0.56172 0.2185
vt 0.5408 0.2185
vt 0.59312 0.2185
vt 0.49894 0.2185
vt 0.57219 0.2185
vt 0.53033 0.2185
vt 0.58265 0.2185
vt 0.48848 0.21439
vt 0.48848 0.2185
vt 0.47144 0.05129
vt 0.51404 0.05129
vt 0.51404 0.04803
vt 0.47144 0.04803
vt 0.51404 0.04477
vt 0.47144 0.04477
vt 0.51404 0.04151
vt 0.47144 0.04151
vt 0.47144 0.06759
vt 0.51404 0.06759
vt 0.51404 0.06433
vt 0.47144 0.06433
vt 0.51404 0.06107
vt 0.47144 0.06107
vt 0.51404 0.05781
vt 0.47144 0.05781
vt 0.62582 0.03256
vt 0.62352 0.03026
vt 0.62352 0.03813
vt 0.62582 0.03582
vt 0.51404 0.05455
vt 0.47144 0.05455
vt 0.38995 0.08722
vt 0.39643 0.08722
vt 0.39643 0.08162
vt 0.38995 0.08162
vt 0.40939 0.08722
vt 0.41587 0.08722
vt 0.41587 0.08162
vt 0.40939 0.08162
vt 0.40228 0.04638
vt 0.40876 0.04638
vt 0.40876 0.04078
vt 0.40228 0.04078
vt 0.38347 0.08722
vt 0.38347 0.08162
vt 0.40291 0.08722
vt 0.40291 0.08162
vt 0.3958 0.04638
vt 0.3958 0.04078
vt 0.41524 0.04638
vt 0.42172 0.04638
vt 0.42172 0.04078
vt 0.41524 0.04078
vt 0.38932 0.04638
vt 0.38932 0.04078
vt 0.38284 0.04638
vt 0.38284 0.04078
vt 0.42235 0.08722
vt 0.42235 0.08162
vt 0.41587 0.06836
vt 0.40939 0.06836
vt 0.40876 0.02752
vt 0.40228 0.02752
vt 0.38995 0.06836
vt 0.38347 0.06836
vt 0.40291 0.06836
vt 0.3958 0.02752
vt 0.42172 0.02752
vt 0.41524 0.02752
vt 0.39643 0.06836
vt 0.38932 0.02752
vt 0.38284 0.02752
vt 0.42235 0.06836
vt 0.40228 0.02449
vt 0.3958 0.02449
vt 0.38932 0.02449
vt 0.38284 0.02449
vt 0.39643 0.06533
vt 0.38995 0.06533
vt 0.40876 0.02449
vt 0.38347 0.06533
vt 0.40291 0.06533
vt 0.41524 0.02449
vt 0.40939 0.06533
vt 0.41587 0.06533
vt 0.42172 0.02449
vt 0.42235 0.06533
vt 0.21553 0.16287
vt 0.21553 0.15671
vt 0.1871 0.15671
vt 0.1871 0.16287
vt 0.21553 0.15012
vt 0.21553 0.14396
vt 0.1871 0.14396
vt 0.1871 0.15012
vt 0.21553 0.1378
vt 0.1871 0.1378
vt 0.21553 0.17518
vt 0.21553 0.16902
vt 0.1871 0.16902
vt 0.1871 0.17518
vt 0.21744 0.15012
vt 0.21744 0.14396
vt 0.18449 0.18793
vt 0.18449 0.18177
vt 0.1825 0.18177
vt 0.1825 0.18793
vt 0.21744 0.15671
vt 0.23965 0.15671
vt 0.23965 0.15012
vt 0.21744 0.16287
vt 0.23965 0.16287
vt 0.21744 0.16902
vt 0.23965 0.16902
vt 0.21744 0.17518
vt 0.23965 0.17518
vt 0.21744 0.18177
vt 0.23965 0.18177
vt 0.21744 0.18793
vt 0.23965 0.18793
vt 0.23965 0.14396
vt 0.23965 0.1378
vt 0.21744 0.1378
vt 0.25793 0.15671
vt 0.25793 0.15012
vt 0.25793 0.16287
vt 0.25793 0.16902
vt 0.25793 0.17518
vt 0.25793 0.18177
vt 0.25793 0.18793
vt 0.25793 0.14396
vt 0.25793 0.1378
vt 0.2745 0.15671
vt 0.2745 0.15012
vt 0.2745 0.16287
vt 0.2745 0.16902
vt 0.2745 0.17518
vt 0.2745 0.18177
vt 0.2745 0.18793
vt 0.2745 0.14396
vt 0.2745 0.1378
vt 0.29042 0.15671
vt 0.29042 0.15012
vt 0.29042 0.16287
vt 0.29042 0.16902
vt 0.29042 0.17518
vt 0.29042 0.18177
vt 0.29042 0.18793
vt 0.29042 0.14396
vt 0.29042 0.1378
vt 0.30614 0.15671
vt 0.30614 0.15012
vt 0.30614 0.16287
vt 0.30614 0.16902
vt 0.30614 0.17518
vt 0.30614 0.18177
vt 0.30614 0.18793
vt 0.30614 0.14396
vt 0.30614 0.1378
vt 0.32209 0.15671
vt 0.32209 0.15012
vt 0.32209 0.16287
vt 0.32209 0.16902
vt 0.32209 0.17518
vt 0.32209 0.18177
vt 0.32209 0.18793
vt 0.32209 0.14396
vt 0.32209 0.1378
vt 0.33882 0.15671
vt 0.33882 0.15012
vt 0.33882 0.16287
vt 0.33882 0.16902
vt 0.33882 0.17518
vt 0.33882 0.18177
vt 0.33882 0.18793
vt 0.33882 0.14396
vt 0.33882 0.1378
vt 0.3588 0.15671
vt 0.3588 0.15012
vt 0.3588 0.16287
vt 0.3588 0.16902
vt 0.3588 0.17518
vt 0.3588 0.18177
vt 0.3588 0.18793
vt 0.3588 0.14396
vt 0.3588 0.1378
vt 0.37962 0.15671
vt 0.37962 0.15012
vt 0.37962 0.16287
vt 0.37962 0.16902
vt 0.37962 0.17518
vt 0.37962 0.18177
vt 0.37962 0.18793
vt 0.37962 0.14396
vt 0.37962 0.1378
vt 0.40073 0.15671
vt 0.47718 0.15671
vt 0.47718 0.15012
vt 0.40073 0.15012
vt 0.40073 0.16287
vt 0.47718 0.16287
vt 0.40073 0.16902
vt 0.47718 0.16902
vt 0.40073 0.17518
vt 0.47718 0.17518
vt 0.40073 0.18177
vt 0.47718 0.18177
vt 0.40073 0.18793
vt 0.47718 0.18793
vt 0.40073 0.14396
vt 0.47718 0.14396
vt 0.47718 0.1378
vt 0.40073 0.1378
vt 0.21553 0.18177
vt 0.1871 0.18177
vt 0.21553 0.18793
vt 0.1871 0.18793
vt 0.18449 0.15012
vt 0.18449 0.15671
vt 0.18449 0.16287
vt 0.18449 0.16902
vt 0.18449 0.17518
vt 0.18449 0.1378
vt 0.18449 0.14396
vt 0.55503 0.0641
vt 0.55928 0.06836
vt 0.55928 0.05384
vt 0.55503 0.05809
vt 0.1825 0.16902
vt 0.1825 0.17518
vt 0.1825 0.15671
vt 0.1825 0.16287
vt 0.1825 0.1378
vt 0.1825 0.14396
vt 0.1825 0.15012
vt 0.56529 0.06836
vt 0.56529 0.05384
vt 0.56955 0.0641
vt 0.56955 0.05809
vt 0.62026 0.03813
vt 0.62026 0.03026
vt 0.61795 0.03582
vt 0.61795 0.03256
vt 0.69171 0.7108
vt 0.69171 0.53432
vt 0.6508 0.51128
vt 0.6508 0.7423
vt 0.92981 0.53432
vt 0.97072 0.51128
vt 0.93387 0.96442
vt 0.97052 0.99242
vt 0.97053 0.76174
vt 0.93389 0.78298
vt 0.68763 0.78297
vt 0.65099 0.76173
vt 0.65099 0.99241
vt 0.68763 0.96441
vt 0.92981 0.7108
vt 0.97072 0.7423
vt 0.98207 0.86708
vt 0.99448 0.86708
vt 0.99576 0.86407
vt 0.98085 0.86407
vt 0.97066 0.7488
vt 0.65086 0.74879
vt 0.65094 0.75518
vt 0.97058 0.75519
vt 0.67342 0.19223
vt 0.67467 0.19223
vt 0.67467 0.0613
vt 0.67342 0.0613
vt 0.89976 0.24206
vt 0.89976 0.24075
vt 0.72061 0.24075
vt 0.72061 0.24206
vt 0.94695 0.0613
vt 0.9457 0.0613
vt 0.9457 0.19223
vt 0.94695 0.19223
vt 0.72061 0.01147
vt 0.72061 0.01279
vt 0.89976 0.01279
vt 0.89976 0.01147
vt 0.89976 0.03059
vt 0.72061 0.03059
vt 0.72061 0.0613
vt 0.89976 0.0613
vt 0.69153 0.0613
vt 0.69153 0.19223
vt 0.72061 0.19223
vt 0.92884 0.19223
vt 0.92884 0.0613
vt 0.89976 0.19223
vt 0.72061 0.22294
vt 0.89976 0.22294
vt 0.98085 0.31351
vt 0.99576 0.31351
vt 0.99576 0.08267
vt 0.98085 0.08267
vt 0.98085 0.63323
vt 0.99576 0.63323
vt 0.99448 0.07966
vt 0.98207 0.07966
vt 0.68768 0.28549
vt 0.68767 0.46693
vt 0.93393 0.46693
vt 0.93392 0.28549
vt 0.65551 0.28549
vt 0.6555 0.46693
vt 0.93392 0.25332
vt 0.68768 0.25332
vt 0.68767 0.49911
vt 0.93393 0.49911
vt 0.96611 0.46693
vt 0.9661 0.28549
vt 0.65082 0.74555
vt 0.9707 0.74555
vt 0.65098 0.75846
vt 0.97054 0.75846
vt 0.99145 0.07841
vt 0.98507 0.07841
vt 0.98507 0.86833
vt 0.99145 0.86833
vt 0.50911 0.91273
vt 0.49206 0.91273
vt 0.49206 0.92977
vt 0.50911 0.92977
vt 0.47502 0.92977
vt 0.47502 0.94682
vt 0.49206 0.94682
vt 0.49206 0.96386
vt 0.50911 0.96386
vt 0.50911 0.94682
vt 0.52615 0.94682
vt 0.52615 0.92977
vt 0.49206 0.87161
vt 0.50911 0.87161
vt 0.50911 0.85457
vt 0.49206 0.85457
vt 0.52615 0.85457
vt 0.52615 0.83753
vt 0.50911 0.83753
vt 0.50911 0.82048
vt 0.49206 0.82048
vt 0.49206 0.83753
vt 0.47502 0.83753
vt 0.47502 0.85457
vt 0.55552 0.83753
vt 0.55552 0.85457
vt 0.57256 0.85457
vt 0.57256 0.83753
vt 0.57256 0.87161
vt 0.5896 0.87161
vt 0.5896 0.85457
vt 0.60664 0.85457
vt 0.60664 0.83753
vt 0.5896 0.83753
vt 0.5896 0.82048
vt 0.57256 0.82048
vt 0.55552 0.92977
vt 0.55552 0.94682
vt 0.57256 0.94682
vt 0.57256 0.92977
vt 0.57256 0.96386
vt 0.5896 0.96386
vt 0.5896 0.94682
vt 0.60664 0.94682
vt 0.60664 0.92977
vt 0.5896 0.92977
vt 0.5896 0.91273
vt 0.57256 0.91273
vt 0.52769 0.13471
vt 0.56563 0.13412
vt 0.55424 0.12305
vt 0.53836 0.12293
vt 0.5649 0.15001
vt 0.52696 0.1506
vt 0.55423 0.16178
vt 0.53835 0.16167
vt 0.53656 0.16604
vt 0.55591 0.1656
vt 0.52307 0.15213
vt 0.56885 0.15164
vt 0.56952 0.13259
vt 0.53668 0.11911
vt 0.52374 0.13308
vt 0.55604 0.11867
vt 0.50705 0.34136
vt 0.58647 0.34136
vt 0.58655 0.32224
vt 0.50713 0.32224
vt 0.50691 0.38996
vt 0.5069 0.40908
vt 0.58632 0.40907
vt 0.58633 0.38996
vt 0.59499 0.34139
vt 0.59507 0.32228
vt 0.58655 0.31372
vt 0.50713 0.31372
vt 0.49861 0.32221
vt 0.49853 0.34132
vt 0.50705 0.34988
vt 0.58647 0.34988
vt 0.59484 0.40908
vt 0.59485 0.38997
vt 0.5069 0.4176
vt 0.58632 0.4176
vt 0.49839 0.38995
vt 0.49838 0.40907
vt 0.58633 0.38144
vt 0.50691 0.38144
usemtl mat8
f 1907/1907/1118 1908/1908/1119 1909/1909/1120
f 1907/1907/1118 1909/1909/1120 1910/1910/1121
f 1908/1908/1119 1907/1907/1118 1911/1911/1122
f 1908/1908/1119 1911/1911/1122 1912/1912/1123
f 1913/1913/1124 1914/1914/1120 1908/1908/1119
f 1913/1913/1124 1908/1908/1119 1912/1912/1123
f 1907/1907/1118 1915/1915/1121 1916/1916/1125
f 1907/1907/1118 1916/1916/1125 1911/1911/1122
f 1917/1917/1126 1918/1918/1127 1919/1919/1128
f 1917/1917/1126 1919/1919/1128 1920/1920/1129
f 1918/1918/1127 1917/1917/1126 1921/1921/1130
f 1918/1918/1127 1921/1921/1130 1922/1922/1131
f 1917/1917/1126 1920/1920/1129 1923/1923/1132
f 1917/1917/1126 1923/1923/1132 1924/1924/1133
f 1920/1920/1129 1919/1919/1128 1925/1925/1134
f 1920/1920/1129 1925/1925/1134 1926/1926/1132
f 1919/1919/1128 1918/1918/1127 1927/1927/1135
f 1919/1919/1128 1927/1927/1135 1928/1928/1136
f 1911/1911/1122 1929/1929/1125 1930/1930/1124
f 1911/1911/1122 1930/1930/1124 1912/1912/1123
f 1931/1931/1137 1932/1932/1138 1933/1933/1139
f 1931/1931/1137 1933/1933/1139 1934/1934/1140
f 1935/1935/1141 1931/1931/1137 1936/1936/1142
f 1935/1935/1141 1936/1936/1142 1937/1937/1143
f 1932/1932/1138 1938/1938/1144 1939/1939/1145
f 1932/1932/1138 1939/1939/1145 1940/1940/1146
f 1932/1932/1138 1931/1931/1137 1935/1935/1141
f 1932/1932/1138 1935/1935/1141 1938/1938/1144
f 1938/1938/1144 1935/1935/1141 1941/1941/1147
f 1938/1938/1144 1941/1941/1147 1942/1942/1148
f 1943/1943/1149 1944/1944/1150 1945/1945/1151
f 1943/1943/1149 1945/1945/1151 1946/1946/1152
f 1947/1947/1150 1948/1948/1153 1949/1949/1154
f 1947/1947/1150 1949/1949/1154 1950/1950/1155
f 1950/1950/1155 1949/1949/1154 1951/1951/1156
f 1950/1950/1155 1951/1951/1156 1952/1952/1157
f 1952/1952/1157 1951/1951/1156 1953/1953/1158
f 1952/1952/1157 1953/1953/1158 1954/1954/1159
f 1954/1954/1159 1953/1953/1158 1955/1955/1160
f 1954/1954/1159 1955/1955/1160 1956/1956/1161
f 1956/1956/1161 1955/1955/1160 1957/1957/1162
f 1956/1956/1161 1957/1957/1162 1958/1958/1163
f 1958/1958/1163 1957/1957/1162 1959/1959/1164
f 1958/1958/1163 1959/1959/1164 1960/1960/1165
f 1961/1961/1165 1962/1962/1166 1963/1963/1167
f 1961/1961/1165 1963/1963/1167 1964/1964/1168
f 1964/1964/1168 1963/1963/1167 1965/1965/1169
f 1964/1964/1168 1965/1965/1169 1966/1966/1170
f 1966/1966/1170 1965/1965/1169 1967/1967/1171
f 1966/1966/1170 1967/1967/1171 1968/1968/1172
f 1968/1968/1172 1967/1967/1171 1969/1969/1173
f 1968/1968/1172 1969/1969/1173 1970/1970/1174
f 1970/1970/1174 1969/1969/1173 1946/1946/1152
f 1970/1970/1174 1946/1946/1152 1945/1945/1151
f 1971/1971/1175 1972/1972/1153 1973/1973/1176
f 1971/1971/1175 1973/1973/1176 1974/1974/1177
f 1972/1972/1153 1971/1971/1175 1975/1975/1178
f 1972/1972/1153 1975/1975/1178 1976/1976/1179
f 1976/1976/1179 1975/1975/1178 1977/1977/1180
f 1976/1976/1179 1977/1977/1180 1978/1978/1181
f 1978/1978/1181 1977/1977/1180 1979/1979/1182
f 1978/1978/1181 1979/1979/1182 1980/1980/1183
f 1980/1980/1183 1979/1979/1182 1981/1981/1184
f 1980/1980/1183 1981/1981/1184 1982/1982/1185
f 1982/1982/1185 1981/1981/1184 1983/1983/1186
f 1982/1982/1185 1983/1983/1186 1984/1984/1187
f 1984/1984/1187 1983/1983/1186 1985/1985/1188
f 1984/1984/1187 1985/1985/1188 1986/1986/1166
f 1987/1987/1166 1988/1988/1188 1989/1989/1189
f 1987/1987/1166 1989/1989/1189 1990/1990/1190
f 1990/1990/1190 1989/1989/1189 1991/1991/1191
f 1990/1990/1190 1991/1991/1191 1992/1992/1192
f 1992/1992/1192 1991/1991/1191 1993/1993/1193
f 1992/1992/1192 1993/1993/1193 1994/1994/1171
f 1994/1994/1171 1993/1993/1193 1995/1995/1194
f 1994/1994/1171 1995/1995/1194 1996/1996/1195
f 1996/1996/1195 1995/1995/1194 1974/1974/1177
f 1996/1996/1195 1974/1974/1177 1973/1973/1176
f 1997/1997/1196 1998/1998/1149 1999/1999/1197
f 1997/1997/1196 1999/1999/1197 2000/2000/1198
f 1948/1948/1153 2001/2001/1196 2002/2002/1199
f 1948/1948/1153 2002/2002/1199 1949/1949/1154
f 1949/1949/1154 2002/2002/1199 2003/2003/1200
f 1949/1949/1154 2003/2003/1200 1951/1951/1156
f 1951/1951/1156 2003/2003/1200 2004/2004/1201
f 1951/1951/1156 2004/2004/1201 1953/1953/1158
f 1953/1953/1158 2004/2004/1201 2005/2005/1202
f 1953/1953/1158 2005/2005/1202 1955/1955/1160
f 1955/1955/1160 2005/2005/1202 2006/2006/1203
f 1955/1955/1160 2006/2006/1203 1957/1957/1162
f 1957/1957/1162 2006/2006/1203 2007/2007/1204
f 1957/1957/1162 2007/2007/1204 1959/1959/1164
f 2008/2008/1166 2009/2009/1204 2010/2010/1205
f 2008/2008/1166 2010/2010/1205 2011/2011/1206
f 2011/2011/1206 2010/2010/1205 2012/2012/1207
f 2011/2011/1206 2012/2012/1207 2013/2013/1208
f 2013/2013/1208 2012/2012/1207 2014/2014/1209
f 2013/2013/1208 2014/2014/1209 2015/2015/1183
f 2015/2015/1183 2014/2014/1209 2016/2016/1210
f 2015/2015/1183 2016/2016/1210 2017/2017/1211
f 2017/2017/1211 2016/2016/1210 2000/2000/1198
f 2017/2017/1211 2000/2000/1198 1999/1999/1197
f 2018/2018/1212 2019/2019/1213 2020/2020/1214
f 2018/2018/1212 2020/2020/1214 2021/2021/1215
f 2022/2022/1216 2023/2023/1217 2024/2024/1218
f 2022/2022/1216 2024/2024/1218 2025/2025/1219
f 2026/2026/1220 2027/2027/1221 2028/2028/1222
f 2026/2026/1220 2028/2028/1222 2029/2029/1223
f 2030/2030/1224 2031/2031/1225 2032/2032/1226
f 2030/2030/1224 2032/2032/1226 2033/2033/1227
f 2034/2034/1228 2022/2022/1216 2025/2025/1219
f 2034/2034/1228 2025/2025/1219 2035/2035/1229
f 2036/2036/1230 2026/2026/1220 2029/2029/1223
f 2036/2036/1230 2029/2029/1223 2037/2037/1231
f 2038/2038/1232 2030/2030/1224 2033/2033/1227
f 2038/2038/1232 2033/2033/1227 2039/2039/1233
f 2040/2040/1234 2034/2034/1228 2035/2035/1229
f 2040/2040/1234 2035/2035/1229 2041/2041/1235
f 2019/2019/1213 2036/2036/1230 2037/2037/1231
f 2019/2019/1213 2037/2037/1231 2020/2020/1214
f 2027/2027/1221 2042/2042/1188 2043/2043/1236
f 2027/2027/1221 2043/2043/1236 2028/2028/1222
f 2031/2031/1225 2040/2040/1234 2041/2041/1235
f 2031/2031/1225 2041/2041/1235 2032/2032/1226
f 2023/2023/1217 2018/2018/1212 2021/2021/1215
f 2023/2023/1217 2021/2021/1215 2024/2024/1218
f 2037/2037/1231 2029/2029/1223 2044/2044/1237
f 2037/2037/1231 2044/2044/1237 2045/2045/1238
f 2033/2033/1227 2032/2032/1226 2046/2046/1239
f 2033/2033/1227 2046/2046/1239 2047/2047/1240
f 2028/2028/1222 2043/2043/1236 2048/2048/1241
f 2028/2028/1222 2048/2048/1241 2049/2049/1242
f 2035/2035/1229 2025/2025/1219 2050/2050/1243
f 2035/2035/1229 2050/2050/1243 2051/2051/1244
f 2020/2020/1214 2037/2037/1231 2045/2045/1238
f 2020/2020/1214 2045/2045/1238 2052/2052/1245
f 2039/2039/1233 2033/2033/1227 2047/2047/1240
f 2039/2039/1233 2047/2047/1240 2053/2053/1241
f 2041/2041/1235 2035/2035/1229 2051/2051/1244
f 2041/2041/1235 2051/2051/1244 2054/2054/1246
f 2024/2024/1218 2021/2021/1215 2055/2055/1247
f 2024/2024/1218 2055/2055/1247 2056/2056/1248
f 2029/2029/1223 2028/2028/1222 2049/2049/1242
f 2029/2029/1223 2049/2049/1242 2044/2044/1237
f 2032/2032/1226 2041/2041/1235 2054/2054/1246
f 2032/2032/1226 2054/2054/1246 2046/2046/1239
f 2021/2021/1215 2020/2020/1214 2052/2052/1245
f 2021/2021/1215 2052/2052/1245 2055/2055/1247
f 2025/2025/1219 2024/2024/1218 2056/2056/1248
f 2025/2025/1219 2056/2056/1248 2050/2050/1243
f 2057/2057/1249 2058/2058/1250 2059/2059/1251
f 2057/2057/1249 2059/2059/1251 2060/2060/1252
f 2061/2061/1253 2062/2062/1254 2058/2058/1250
f 2061/2061/1253 2058/2058/1250 2057/2057/1249
f 2063/2063/1255 2062/2062/1254 2061/2061/1253
f 2063/2063/1255 2061/2061/1253 2064/2064/1256
f 2065/2065/1245 2066/2066/1257 2063/2063/1255
f 2065/2065/1245 2063/2063/1255 2064/2064/1256
f 2066/2066/1257 2065/2065/1245 2067/2067/1258
f 2066/2066/1257 2067/2067/1258 2068/2068/1259
f 2069/2069/1260 2070/2070/1261 2071/2071/1201
f 2069/2069/1260 2071/2071/1201 2072/2072/1200
f 2073/2073/1262 2074/2074/1263 2075/2075/1264
f 2073/2073/1262 2075/2075/1264 2076/2076/1265
f 2077/2077/1266 2078/2078/1267 2079/2079/1205
f 2077/2077/1266 2079/2079/1205 2080/2080/1268
f 2070/2070/1261 2081/2081/1269 2082/2082/1202
f 2070/2070/1261 2082/2082/1202 2071/2071/1201
f 2083/2083/1270 2084/2084/1271 2085/2085/1272
f 2083/2083/1270 2085/2085/1272 2086/2086/1273
f 2084/2084/1271 2087/2087/1274 2088/2088/1199
f 2084/2084/1271 2088/2088/1199 2085/2085/1272
f 2078/2078/1267 2089/2089/1275 2090/2090/1276
f 2078/2078/1267 2090/2090/1276 2079/2079/1205
f 2081/2081/1269 2091/2091/1277 2092/2092/1278
f 2081/2081/1269 2092/2092/1278 2082/2082/1202
f 2087/2087/1274 2069/2069/1260 2072/2072/1200
f 2087/2087/1274 2072/2072/1200 2088/2088/1199
f 2089/2089/1275 2073/2073/1262 2076/2076/1265
f 2089/2089/1275 2076/2076/1265 2090/2090/1276
f 2074/2074/1263 2083/2083/1270 2086/2086/1273
f 2074/2074/1263 2086/2086/1273 2075/2075/1264
f 2091/2091/1277 2093/2093/1266 2094/2094/1268
f 2091/2091/1277 2094/2094/1268 2092/2092/1278
f 2080/2080/1268 2079/2079/1205 2095/2095/1279
f 2080/2080/1268 2095/2095/1279 2096/2096/1280
f 2071/2071/1201 2097/2097/1281 2098/2098/1160
f 2071/2071/1201 2098/2098/1160 2099/2099/1158
f 2086/2086/1273 2085/2085/1272 2100/2100/1282
f 2086/2086/1273 2100/2100/1282 2101/2101/1283
f 2085/2085/1272 2088/2088/1199 2102/2102/1154
f 2085/2085/1272 2102/2102/1154 2100/2100/1282
f 2079/2079/1205 2090/2090/1276 2103/2103/1284
f 2079/2079/1205 2103/2103/1284 2095/2095/1279
f 2097/2097/1281 2092/2092/1285 2104/2104/1162
f 2097/2097/1281 2104/2104/1162 2098/2098/1160
f 2075/2075/1264 2086/2086/1273 2101/2101/1283
f 2075/2075/1264 2101/2101/1283 2105/2105/1286
f 2088/2088/1199 2072/2072/1200 2106/2106/1156
f 2088/2088/1199 2106/2106/1156 2102/2102/1154
f 2090/2090/1276 2076/2076/1265 2107/2107/1287
f 2090/2090/1276 2107/2107/1287 2103/2103/1284
f 2092/2092/1285 2108/2108/1204 2109/2109/1288
f 2092/2092/1285 2109/2109/1288 2104/2104/1162
f 2072/2072/1200 2071/2071/1201 2099/2099/1158
f 2072/2072/1200 2099/2099/1158 2106/2106/1156
f 2076/2076/1265 2075/2075/1264 2105/2105/1286
f 2076/2076/1265 2105/2105/1286 2107/2107/1287
f 2110/2110/1282 2111/2111/1289 2112/2112/1290
f 2110/2110/1282 2112/2112/1290 2113/2113/1121
f 2113/2113/1121 2112/2112/1290 2114/2114/1291
f 2113/2113/1121 2114/2114/1291 2115/2115/1158
f 2115/2115/1158 2114/2114/1291 2116/2116/1292
f 2115/2115/1158 2116/2116/1292 2117/2117/1125
f 2118/2118/1125 2119/2119/1293 2120/2120/1294
f 2118/2118/1125 2120/2120/1294 2121/2121/1295
f 2121/2121/1295 2120/2120/1294 2122/2122/1296
f 2121/2121/1295 2122/2122/1296 2123/2123/1124
f 2123/2123/1124 2122/2122/1296 2124/2124/1297
f 2123/2123/1124 2124/2124/1297 2125/2125/1287
f 2126/2126/1298 2127/2127/1299 2128/2128/1300
f 2126/2126/1298 2128/2128/1300 2129/2129/1301
f 2125/2125/1287 2124/2124/1297 2130/2130/1302
f 2125/2125/1287 2130/2130/1302 2131/2131/1120
f 2131/2131/1120 2130/2130/1302 2111/2111/1289
f 2131/2131/1120 2111/2111/1289 2110/2110/1282
f 2132/2132/1278 2133/2133/1202 2134/2134/1303
f 2132/2132/1278 2134/2134/1303 2135/2135/1304
f 2136/2136/1305 2137/2137/1199 2138/2138/1306
f 2136/2136/1305 2138/2138/1306 2139/2139/1307
f 2140/2140/1265 2141/2141/1308 2142/2142/1170
f 2140/2140/1265 2142/2142/1170 2143/2143/1172
f 2144/2144/1268 2132/2132/1278 2135/2135/1304
f 2144/2144/1268 2135/2135/1304 2145/2145/1309
f 2146/2146/1201 2136/2136/1305 2139/2139/1307
f 2146/2146/1201 2139/2139/1307 2147/2147/1159
f 2148/2148/1264 2140/2140/1265 2143/2143/1172
f 2148/2148/1264 2143/2143/1172 2149/2149/1174
f 2150/2150/1205 2151/2151/1268 2152/2152/1165
f 2150/2150/1205 2152/2152/1165 2153/2153/1310
f 2154/2154/1311 2148/2148/1264 2149/2149/1174
f 2154/2154/1311 2149/2149/1174 2155/2155/1270
f 2133/2133/1202 2146/2146/1201 2147/2147/1159
f 2133/2133/1202 2147/2147/1159 2134/2134/1303
f 2156/2156/1272 2154/2154/1311 2155/2155/1270
f 2156/2156/1272 2155/2155/1270 2157/2157/1150
f 2137/2137/1199 2158/2158/1272 2159/2159/1150
f 2137/2137/1199 2159/2159/1150 2138/2138/1306
f 2141/2141/1308 2150/2150/1205 2153/2153/1310
f 2141/2141/1308 2153/2153/1310 2142/2142/1170
f 2139/2139/1307 2138/2138/1306 2160/2160/1199
f 2139/2139/1307 2160/2160/1199 2161/2161/1200
f 2143/2143/1172 2142/2142/1170 2162/2162/1276
f 2143/2143/1172 2162/2162/1276 2163/2163/1312
f 2145/2145/1309 2135/2135/1304 2164/2164/1203
f 2145/2145/1309 2164/2164/1203 2165/2165/1268
f 2147/2147/1159 2139/2139/1307 2161/2161/1200
f 2147/2147/1159 2161/2161/1200 2166/2166/1313
f 2149/2149/1174 2143/2143/1172 2163/2163/1312
f 2149/2149/1174 2163/2163/1312 2167/2167/1264
f 2153/2153/1310 2152/2152/1165 2168/2168/1268
f 2153/2153/1310 2168/2168/1268 2169/2169/1205
f 2134/2134/1303 2147/2147/1159 2166/2166/1313
f 2134/2134/1303 2166/2166/1313 2170/2170/1202
f 2157/2157/1150 2155/2155/1270 2171/2171/1273
f 2157/2157/1150 2171/2171/1273 2172/2172/1272
f 2138/2138/1306 2159/2159/1150 2173/2173/1272
f 2138/2138/1306 2173/2173/1272 2160/2160/1199
f 2142/2142/1170 2153/2153/1310 2169/2169/1205
f 2142/2142/1170 2169/2169/1205 2162/2162/1276
f 2135/2135/1304 2134/2134/1303 2170/2170/1202
f 2135/2135/1304 2170/2170/1202 2164/2164/1203
f 2155/2155/1270 2149/2149/1174 2167/2167/1264
f 2155/2155/1270 2167/2167/1264 2171/2171/1273
f 2167/2167/1264 2163/2163/1312 2174/2174/1314
f 2167/2167/1264 2174/2174/1314 2175/2175/1314
f 2172/2172/1272 2171/2171/1273 2176/2176/1314
f 2172/2172/1272 2176/2176/1314 2177/2177/1314
f 2164/2164/1203 2170/2170/1202 2178/2178/1314
f 2164/2164/1203 2178/2178/1314 2179/2179/1314
f 2163/2163/1312 2162/2162/1276 2180/2180/1314
f 2163/2163/1312 2180/2180/1314 2174/2174/1314
f 2165/2165/1268 2164/2164/1203 2179/2179/1314
f 2165/2165/1268 2179/2179/1314 2181/2181/1314
f 2170/2170/1202 2166/2166/1313 2182/2182/1314
f 2170/2170/1202 2182/2182/1314 2178/2178/1314
f 2162/2162/1276 2169/2169/1205 2183/2183/1314
f 2162/2162/1276 2183/2183/1314 2180/2180/1314
f 2166/2166/1313 2161/2161/1200 2184/2184/1314
f 2166/2166/1313 2184/2184/1314 2182/2182/1314
f 2161/2161/1200 2160/2160/1199 2185/2185/1314
f 2161/2161/1200 2185/2185/1314 2184/2184/1314
f 2169/2169/1205 2168/2168/1268 2186/2186/1314
f 2169/2169/1205 2186/2186/1314 2183/2183/1314
f 2160/2160/1199 2173/2173/1272 2187/2187/1314
f 2160/2160/1199 2187/2187/1314 2185/2185/1314
f 2171/2171/1273 2167/2167/1264 2175/2175/1314
f 2171/2171/1273 2175/2175/1314 2176/2176/1314
f 2188/2188/1315 2189/2189/1316 2190/2190/1317
f 2188/2188/1315 2190/2190/1317 2191/2191/1318
f 2192/2192/1319 2193/2193/1320 2194/2194/1321
f 2192/2192/1319 2194/2194/1321 2195/2195/1322
f 2189/2189/1316 2192/2192/1319 2195/2195/1322
f 2189/2189/1316 2195/2195/1322 2190/2190/1317
f 2193/2193/1320 2196/2196/1323 2197/2197/1324
f 2193/2193/1320 2197/2197/1324 2194/2194/1321
f 2198/2198/1325 2199/2199/1326 2200/2200/1327
f 2198/2198/1325 2200/2200/1327 2201/2201/1328
f 2199/2199/1326 2188/2188/1315 2191/2191/1318
f 2199/2199/1326 2191/2191/1318 2200/2200/1327
f 2192/2192/1319 2202/2202/1329 2203/2203/1330
f 2192/2192/1319 2203/2203/1330 2193/2193/1320
f 2204/2204/1331 2205/2205/1332 2206/2206/1317
f 2204/2204/1331 2206/2206/1317 2207/2207/1318
f 2208/2208/1333 2209/2209/1334 2210/2210/1335
f 2208/2208/1333 2210/2210/1335 2202/2202/1329
f 2211/2211/1336 2212/2212/1337 2209/2209/1334
f 2211/2211/1336 2209/2209/1334 2208/2208/1333
f 2213/2213/1338 2214/2214/1339 2212/2212/1337
f 2213/2213/1338 2212/2212/1337 2211/2211/1336
f 2215/2215/1340 2216/2216/1341 2214/2214/1339
f 2215/2215/1340 2214/2214/1339 2213/2213/1338
f 2217/2217/1342 2218/2218/1343 2216/2216/1341
f 2217/2217/1342 2216/2216/1341 2215/2215/1340
f 2219/2219/1344 2220/2220/1345 2218/2218/1343
f 2219/2219/1344 2218/2218/1343 2217/2217/1342
f 2203/2203/1330 2221/2221/1346 2222/2222/1347
f 2203/2203/1330 2222/2222/1347 2223/2223/1348
f 2202/2202/1329 2210/2210/1335 2221/2221/1346
f 2202/2202/1329 2221/2221/1346 2203/2203/1330
f 2209/2209/1334 2224/2224/1349 2225/2225/1350
f 2209/2209/1334 2225/2225/1350 2210/2210/1335
f 2212/2212/1337 2226/2226/1351 2224/2224/1349
f 2212/2212/1337 2224/2224/1349 2209/2209/1334
f 2214/2214/1339 2227/2227/1352 2226/2226/1351
f 2214/2214/1339 2226/2226/1351 2212/2212/1337
f 2216/2216/1341 2228/2228/1353 2227/2227/1352
f 2216/2216/1341 2227/2227/1352 2214/2214/1339
f 2218/2218/1343 2229/2229/1354 2228/2228/1353
f 2218/2218/1343 2228/2228/1353 2216/2216/1341
f 2220/2220/1345 2230/2230/1355 2229/2229/1354
f 2220/2220/1345 2229/2229/1354 2218/2218/1343
f 2221/2221/1346 2231/2231/1356 2232/2232/1355
f 2221/2221/1346 2232/2232/1355 2222/2222/1347
f 2210/2210/1335 2225/2225/1350 2231/2231/1356
f 2210/2210/1335 2231/2231/1356 2221/2221/1346
f 2224/2224/1349 2233/2233/1357 2234/2234/1358
f 2224/2224/1349 2234/2234/1358 2225/2225/1350
f 2226/2226/1351 2235/2235/1359 2233/2233/1357
f 2226/2226/1351 2233/2233/1357 2224/2224/1349
f 2227/2227/1352 2236/2236/1360 2235/2235/1359
f 2227/2227/1352 2235/2235/1359 2226/2226/1351
f 2228/2228/1353 2237/2237/1361 2236/2236/1360
f 2228/2228/1353 2236/2236/1360 2227/2227/1352
f 2229/2229/1354 2238/2238/1362 2237/2237/1361
f 2229/2229/1354 2237/2237/1361 2228/2228/1353
f 2230/2230/1355 2239/2239/1363 2238/2238/1362
f 2230/2230/1355 2238/2238/1362 2229/2229/1354
f 2231/2231/1356 2240/2240/1364 2241/2241/1363
f 2231/2231/1356 2241/2241/1363 2232/2232/1355
f 2225/2225/1350 2234/2234/1358 2240/2240/1364
f 2225/2225/1350 2240/2240/1364 2231/2231/1356
f 2233/2233/1357 2242/2242/1365 2243/2243/1366
f 2233/2233/1357 2243/2243/1366 2234/2234/1358
f 2235/2235/1359 2244/2244/1367 2242/2242/1365
f 2235/2235/1359 2242/2242/1365 2233/2233/1357
f 2236/2236/1360 2245/2245/1368 2244/2244/1367
f 2236/2236/1360 2244/2244/1367 2235/2235/1359
f 2237/2237/1361 2246/2246/1369 2245/2245/1368
f 2237/2237/1361 2245/2245/1368 2236/2236/1360
f 2238/2238/1362 2247/2247/1370 2246/2246/1369
f 2238/2238/1362 2246/2246/1369 2237/2237/1361
f 2239/2239/1363 2248/2248/1371 2247/2247/1370
f 2239/2239/1363 2247/2247/1370 2238/2238/1362
f 2240/2240/1364 2249/2249/1372 2250/2250/1373
f 2240/2240/1364 2250/2250/1373 2241/2241/1363
f 2234/2234/1358 2243/2243/1366 2249/2249/1372
f 2234/2234/1358 2249/2249/1372 2240/2240/1364
f 2242/2242/1365 2251/2251/1374 2252/2252/1375
f 2242/2242/1365 2252/2252/1375 2243/2243/1366
f 2244/2244/1367 2253/2253/1376 2251/2251/1374
f 2244/2244/1367 2251/2251/1374 2242/2242/1365
f 2245/2245/1368 2254/2254/1377 2253/2253/1376
f 2245/2245/1368 2253/2253/1376 2244/2244/1367
f 2246/2246/1369 2255/2255/1378 2254/2254/1377
f 2246/2246/1369 2254/2254/1377 2245/2245/1368
f 2247/2247/1370 2256/2256/1379 2255/2255/1378
f 2247/2247/1370 2255/2255/1378 2246/2246/1369
f 2248/2248/1371 2257/2257/1380 2256/2256/1379
f 2248/2248/1371 2256/2256/1379 2247/2247/1370
f 2249/2249/1372 2258/2258/1381 2259/2259/1382
f 2249/2249/1372 2259/2259/1382 2250/2250/1373
f 2243/2243/1366 2252/2252/1375 2258/2258/1381
f 2243/2243/1366 2258/2258/1381 2249/2249/1372
f 2251/2251/1374 2260/2260/1383 2261/2261/1384
f 2251/2251/1374 2261/2261/1384 2252/2252/1375
f 2253/2253/1376 2262/2262/1385 2260/2260/1383
f 2253/2253/1376 2260/2260/1383 2251/2251/1374
f 2254/2254/1377 2263/2263/1386 2262/2262/1385
f 2254/2254/1377 2262/2262/1385 2253/2253/1376
f 2255/2255/1378 2264/2264/1387 2263/2263/1386
f 2255/2255/1378 2263/2263/1386 2254/2254/1377
f 2256/2256/1379 2265/2265/1388 2264/2264/1387
f 2256/2256/1379 2264/2264/1387 2255/2255/1378
f 2257/2257/1380 2266/2266/1389 2265/2265/1388
f 2257/2257/1380 2265/2265/1388 2256/2256/1379
f 2258/2258/1381 2267/2267/1390 2268/2268/1389
f 2258/2258/1381 2268/2268/1389 2259/2259/1382
f 2252/2252/1375 2261/2261/1384 2267/2267/1390
f 2252/2252/1375 2267/2267/1390 2258/2258/1381
f 2260/2260/1383 2269/2269/1391 2270/2270/1392
f 2260/2260/1383 2270/2270/1392 2261/2261/1384
f 2262/2262/1385 2271/2271/1393 2269/2269/1391
f 2262/2262/1385 2269/2269/1391 2260/2260/1383
f 2263/2263/1386 2272/2272/1394 2271/2271/1393
f 2263/2263/1386 2271/2271/1393 2262/2262/1385
f 2264/2264/1387 2273/2273/1395 2272/2272/1394
f 2264/2264/1387 2272/2272/1394 2263/2263/1386
f 2265/2265/1388 2274/2274/1396 2273/2273/1395
f 2265/2265/1388 2273/2273/1395 2264/2264/1387
f 2266/2266/1389 2275/2275/1397 2274/2274/1396
f 2266/2266/1389 2274/2274/1396 2265/2265/1388
f 2267/2267/1390 2276/2276/1398 2277/2277/1399
f 2267/2267/1390 2277/2277/1399 2268/2268/1389
f 2261/2261/1384 2270/2270/1392 2276/2276/1398
f 2261/2261/1384 2276/2276/1398 2267/2267/1390
f 2269/2269/1391 2278/2278/1400 2279/2279/1401
f 2269/2269/1391 2279/2279/1401 2270/2270/1392
f 2271/2271/1393 2280/2280/1402 2278/2278/1400
f 2271/2271/1393 2278/2278/1400 2269/2269/1391
f 2272/2272/1394 2281/2281/1403 2280/2280/1402
f 2272/2272/1394 2280/2280/1402 2271/2271/1393
f 2273/2273/1395 2282/2282/1404 2281/2281/1403
f 2273/2273/1395 2281/2281/1403 2272/2272/1394
f 2274/2274/1396 2283/2283/1405 2282/2282/1404
f 2274/2274/1396 2282/2282/1404 2273/2273/1395
f 2275/2275/1397 2284/2284/1406 2283/2283/1405
f 2275/2275/1397 2283/2283/1405 2274/2274/1396
f 2276/2276/1398 2285/2285/1407 2286/2286/1408
f 2276/2276/1398 2286/2286/1408 2277/2277/1399
f 2270/2270/1392 2279/2279/1401 2285/2285/1407
f 2270/2270/1392 2285/2285/1407 2276/2276/1398
f 2278/2278/1400 2287/2287/1409 2288/2288/1410
f 2278/2278/1400 2288/2288/1410 2279/2279/1401
f 2280/2280/1402 2289/2289/1411 2287/2287/1409
f 2280/2280/1402 2287/2287/1409 2278/2278/1400
f 2281/2281/1403 2290/2290/1412 2289/2289/1411
f 2281/2281/1403 2289/2289/1411 2280/2280/1402
f 2282/2282/1404 2291/2291/1413 2290/2290/1412
f 2282/2282/1404 2290/2290/1412 2281/2281/1403
f 2283/2283/1405 2292/2292/1414 2291/2291/1413
f 2283/2283/1405 2291/2291/1413 2282/2282/1404
f 2284/2284/1406 2293/2293/1415 2292/2292/1414
f 2284/2284/1406 2292/2292/1414 2283/2283/1405
f 2285/2285/1407 2294/2294/1416 2295/2295/1417
f 2285/2285/1407 2295/2295/1417 2286/2286/1408
f 2279/2279/1401 2288/2288/1410 2294/2294/1416
f 2279/2279/1401 2294/2294/1416 2285/2285/1407
f 2296/2296/1418 2297/2297/1419 2298/2298/1420
f 2296/2296/1418 2298/2298/1420 2299/2299/1421
f 2300/2300/1422 2301/2301/1423 2297/2297/1419
f 2300/2300/1422 2297/2297/1419 2296/2296/1418
f 2302/2302/1424 2303/2303/1425 2301/2301/1423
f 2302/2302/1424 2301/2301/1423 2300/2300/1422
f 2304/2304/1426 2305/2305/1427 2303/2303/1425
f 2304/2304/1426 2303/2303/1425 2302/2302/1424
f 2306/2306/1428 2307/2307/1429 2305/2305/1427
f 2306/2306/1428 2305/2305/1427 2304/2304/1426
f 2308/2308/1430 2309/2309/1431 2307/2307/1429
f 2308/2308/1430 2307/2307/1429 2306/2306/1428
f 2310/2310/1432 2311/2311/1433 2312/2312/1434
f 2310/2310/1432 2312/2312/1434 2313/2313/1435
f 2299/2299/1421 2298/2298/1420 2311/2311/1433
f 2299/2299/1421 2311/2311/1433 2310/2310/1432
f 2288/2288/1410 2299/2299/1421 2310/2310/1432
f 2288/2288/1410 2310/2310/1432 2294/2294/1416
f 2294/2294/1416 2310/2310/1432 2313/2313/1435
f 2294/2294/1416 2313/2313/1435 2295/2295/1417
f 2293/2293/1415 2308/2308/1430 2306/2306/1428
f 2293/2293/1415 2306/2306/1428 2292/2292/1414
f 2292/2292/1414 2306/2306/1428 2304/2304/1426
f 2292/2292/1414 2304/2304/1426 2291/2291/1413
f 2291/2291/1413 2304/2304/1426 2302/2302/1424
f 2291/2291/1413 2302/2302/1424 2290/2290/1412
f 2290/2290/1412 2302/2302/1424 2300/2300/1422
f 2290/2290/1412 2300/2300/1422 2289/2289/1411
f 2289/2289/1411 2300/2300/1422 2296/2296/1418
f 2289/2289/1411 2296/2296/1418 2287/2287/1409
f 2287/2287/1409 2296/2296/1418 2299/2299/1421
f 2287/2287/1409 2299/2299/1421 2288/2288/1410
f 2314/2314/1436 2198/2198/1325 2201/2201/1328
f 2314/2314/1436 2201/2201/1328 2315/2315/1437
f 2316/2316/1438 2314/2314/1436 2315/2315/1437
f 2316/2316/1438 2315/2315/1437 2317/2317/1439
f 2193/2193/1320 2203/2203/1330 2223/2223/1348
f 2193/2193/1320 2223/2223/1348 2196/2196/1323
f 2316/2316/1438 2219/2219/1344 2217/2217/1342
f 2316/2316/1438 2217/2217/1342 2314/2314/1436
f 2217/2217/1342 2215/2215/1340 2198/2198/1325
f 2217/2217/1342 2198/2198/1325 2314/2314/1436
f 2215/2215/1340 2213/2213/1338 2199/2199/1326
f 2215/2215/1340 2199/2199/1326 2198/2198/1325
f 2213/2213/1338 2211/2211/1336 2188/2188/1315
f 2213/2213/1338 2188/2188/1315 2199/2199/1326
f 2211/2211/1336 2208/2208/1333 2189/2189/1316
f 2211/2211/1336 2189/2189/1316 2188/2188/1315
f 2202/2202/1329 2192/2192/1319 2189/2189/1316
f 2202/2202/1329 2189/2189/1316 2208/2208/1333
f 2318/2318/1440 2319/2319/1441 2190/2190/1317
f 2318/2318/1440 2190/2190/1317 2195/2195/1322
f 2319/2319/1441 2320/2320/1442 2191/2191/1318
f 2319/2319/1441 2191/2191/1318 2190/2190/1317
f 2320/2320/1442 2321/2321/1443 2200/2200/1327
f 2320/2320/1442 2200/2200/1327 2191/2191/1318
f 2321/2321/1443 2322/2322/1444 2201/2201/1328
f 2321/2321/1443 2201/2201/1328 2200/2200/1327
f 2322/2322/1444 2205/2205/1332 2315/2315/1437
f 2322/2322/1444 2315/2315/1437 2201/2201/1328
f 2205/2205/1332 2204/2204/1331 2317/2317/1439
f 2205/2205/1332 2317/2317/1439 2315/2315/1437
f 2323/2323/1445 2324/2324/1446 2194/2194/1321
f 2323/2323/1445 2194/2194/1321 2197/2197/1324
f 2324/2324/1446 2318/2318/1440 2195/2195/1322
f 2324/2324/1446 2195/2195/1322 2194/2194/1321
f 2325/2325/1328 2326/2326/1327 2327/2327/1324
f 2325/2325/1328 2327/2327/1324 2328/2328/1447
f 2322/2322/1444 2321/2321/1443 2329/2329/1448
f 2322/2322/1444 2329/2329/1448 2330/2330/1322
f 2320/2320/1442 2319/2319/1441 2331/2331/1437
f 2320/2320/1442 2331/2331/1437 2332/2332/1324
f 2324/2324/1446 2323/2323/1445 2333/2333/1449
f 2324/2324/1446 2333/2333/1449 2334/2334/1327
f 2205/2205/1332 2322/2322/1444 2330/2330/1322
f 2205/2205/1332 2330/2330/1322 2206/2206/1317
f 2321/2321/1443 2320/2320/1442 2332/2332/1324
f 2321/2321/1443 2332/2332/1324 2329/2329/1448
f 2319/2319/1441 2318/2318/1440 2335/2335/1328
f 2319/2319/1441 2335/2335/1328 2331/2331/1437
f 2318/2318/1440 2324/2324/1446 2334/2334/1327
f 2318/2318/1440 2334/2334/1327 2335/2335/1328
f 2327/2327/1324 2326/2326/1327 2336/2336/1318
f 2327/2327/1324 2336/2336/1318 2337/2337/1448
f 2337/2337/1448 2336/2336/1318 2338/2338/1450
f 2337/2337/1448 2338/2338/1450 2339/2339/1451
f 2340/2340/1452 2128/2128/1300 2127/2127/1299
f 2340/2340/1452 2127/2127/1299 2341/2341/1453
f 2342/2342/1454 2340/2340/1452 2341/2341/1453
f 2342/2342/1454 2341/2341/1453 2343/2343/1455
f 2344/2344/1456 2345/2345/1457 2346/2346/1458
f 2344/2344/1456 2346/2346/1458 2347/2347/1459
f 2345/2345/1457 2348/2348/1460 2349/2349/1461
f 2345/2345/1457 2349/2349/1461 2346/2346/1458
f 2350/2350/1462 2351/2351/1463 2352/2352/1464
f 2350/2350/1462 2352/2352/1464 2353/2353/1465
f 2354/2354/1466 2355/2355/1467 2356/2356/1468
f 2354/2354/1466 2356/2356/1468 2357/2357/1469
f 2357/2357/1469 2356/2356/1468 2351/2351/1463
f 2357/2357/1469 2351/2351/1463 2350/2350/1462
f 2348/2348/1460 2358/2358/1470 2359/2359/1471
f 2348/2348/1460 2359/2359/1471 2349/2349/1461
f 2344/2344/1456 2347/2347/1459 2359/2359/1471
f 2344/2344/1456 2359/2359/1471 2358/2358/1470
f 2360/2360/1472 2361/2361/1473 2362/2362/1474
f 2360/2360/1472 2362/2362/1474 2363/2363/1475
f 2364/2364/1476 2365/2365/1477 2366/2366/1478
f 2364/2364/1476 2366/2366/1478 2367/2367/1479
f 2368/2368/1480 2369/2369/1481 2370/2370/1482
f 2368/2368/1480 2370/2370/1482 2371/2371/1483
f 2372/2372/1484 2373/2373/1458 2374/2374/1485
f 2372/2372/1484 2374/2374/1485 2375/2375/1486
f 2376/2376/1487 2377/2377/1488 2378/2378/1489
f 2376/2376/1487 2378/2378/1489 2379/2379/1490
f 2380/2380/1491 2381/2381/1492 2382/2382/1493
f 2380/2380/1491 2382/2382/1493 2383/2383/1494
f 2384/2384/1495 2385/2385/1496 2386/2386/1497
f 2384/2384/1495 2386/2386/1497 2387/2387/1498
f 2388/2388/1499 2389/2389/1500 2390/2390/1501
f 2388/2388/1499 2390/2390/1501 2386/2386/1497
f 2391/2391/1502 2392/2392/1503 2387/2387/1498
f 2391/2391/1502 2387/2387/1498 2393/2393/1504
f 2394/2394/1505 2395/2395/1506 2393/2393/1504
f 2394/2394/1505 2393/2393/1504 2390/2390/1501
f 2386/2386/1497 2390/2390/1501 2393/2393/1504
f 2386/2386/1497 2393/2393/1504 2387/2387/1498
f 2384/2384/1495 2382/2382/1493 2381/2381/1492
f 2384/2384/1495 2381/2381/1492 2385/2385/1496
f 2389/2389/1500 2388/2388/1499 2370/2370/1482
f 2389/2389/1500 2370/2370/1482 2369/2369/1481
f 2395/2395/1506 2394/2394/1505 2374/2374/1485
f 2395/2395/1506 2374/2374/1485 2373/2373/1458
f 2392/2392/1503 2391/2391/1502 2378/2378/1489
f 2392/2392/1503 2378/2378/1489 2377/2377/1488
f 2396/2396/1507 2397/2397/1508 2398/2398/1509
f 2396/2396/1507 2398/2398/1509 2399/2399/1510
f 2400/2400/1461 2401/2401/1463 2397/2397/1508
f 2400/2400/1461 2397/2397/1508 2396/2396/1507
f 2400/2400/1461 2363/2363/1475 2362/2362/1474
f 2400/2400/1461 2362/2362/1474 2401/2401/1463
f 2399/2399/1510 2398/2398/1509 2402/2402/1511
f 2399/2399/1510 2402/2402/1511 2403/2403/1512
f 2404/2404/1513 2405/2405/1119 2406/2406/1118
f 2404/2404/1513 2406/2406/1118 2407/2407/1122
f 2408/2408/1514 2409/2409/1465 2405/2405/1119
f 2408/2408/1514 2405/2405/1119 2404/2404/1513
f 2410/2410/1469 2411/2411/1462 2404/2404/1513
f 2410/2410/1469 2404/2404/1513 2407/2407/1122
f 2412/2412/1515 2413/2413/1516 2406/2406/1118
f 2412/2412/1515 2406/2406/1118 2405/2405/1119
f 2414/2414/1516 2415/2415/1469 2407/2407/1122
f 2414/2414/1516 2407/2407/1122 2406/2406/1118
f 2359/2359/1471 2347/2347/1459 2416/2416/1517
f 2359/2359/1471 2416/2416/1517 2417/2417/1518
f 2417/2417/1518 2416/2416/1517 2365/2365/1477
f 2417/2417/1518 2365/2365/1477 2364/2364/1476
f 2367/2367/1479 2366/2366/1478 2418/2418/1519
f 2367/2367/1479 2418/2418/1519 2419/2419/1520
f 2419/2419/1520 2418/2418/1519 2355/2355/1467
f 2419/2419/1520 2355/2355/1467 2352/2352/1464
f 2354/2354/1466 2353/2353/1465 2352/2352/1464
f 2354/2354/1466 2352/2352/1464 2355/2355/1467
f 2403/2403/1512 2402/2402/1511 2420/2420/1521
f 2403/2403/1512 2420/2420/1521 2421/2421/1522
f 2422/2422/1523 2423/2423/1524 2361/2361/1473
f 2422/2422/1523 2361/2361/1473 2360/2360/1472
f 2424/2424/1125 2425/2425/1124 2426/2426/1525
f 2424/2424/1125 2426/2426/1525 2427/2427/1508
f 2428/2428/1124 2429/2429/1120 2430/2430/1526
f 2428/2428/1124 2430/2430/1526 2426/2426/1525
f 2431/2431/1120 2432/2432/1121 2433/2433/1527
f 2431/2431/1120 2433/2433/1527 2430/2430/1526
f 2434/2434/1121 2435/2435/1125 2427/2427/1508
f 2434/2434/1121 2427/2427/1508 2433/2433/1527
f 2427/2427/1508 2426/2426/1525 2430/2430/1526
f 2427/2427/1508 2430/2430/1526 2433/2433/1527
f 2436/2436/1125 2437/2437/1124 2438/2438/1525
f 2436/2436/1125 2438/2438/1525 2439/2439/1508
f 2440/2440/1124 2441/2441/1120 2442/2442/1526
f 2440/2440/1124 2442/2442/1526 2438/2438/1525
f 2443/2443/1120 2444/2444/1121 2445/2445/1527
f 2443/2443/1120 2445/2445/1527 2442/2442/1526
f 2446/2446/1121 2447/2447/1125 2439/2439/1508
f 2446/2446/1121 2439/2439/1508 2445/2445/1527
f 2439/2439/1508 2438/2438/1525 2442/2442/1526
f 2439/2439/1508 2442/2442/1526 2445/2445/1527
f 2448/2448/1125 2449/2449/1124 2450/2450/1525
f 2448/2448/1125 2450/2450/1525 2451/2451/1508
f 2452/2452/1124 2453/2453/1120 2454/2454/1526
f 2452/2452/1124 2454/2454/1526 2450/2450/1525
f 2455/2455/1120 2456/2456/1121 2457/2457/1527
f 2455/2455/1120 2457/2457/1527 2454/2454/1526
f 2458/2458/1121 2459/2459/1125 2451/2451/1508
f 2458/2458/1121 2451/2451/1508 2457/2457/1527
f 2451/2451/1508 2450/2450/1525 2454/2454/1526
f 2451/2451/1508 2454/2454/1526 2457/2457/1527
f 2460/2460/1125 2461/2461/1124 2462/2462/1525
f 2460/2460/1125 2462/2462/1525 2463/2463/1508
f 2464/2464/1124 2465/2465/1120 2466/2466/1526
f 2464/2464/1124 2466/2466/1526 2462/2462/1525
f 2467/2467/1120 2468/2468/1121 2469/2469/1527
f 2467/2467/1120 2469/2469/1527 2466/2466/1526
f 2470/2470/1121 2471/2471/1125 2463/2463/1508
f 2470/2470/1121 2463/2463/1508 2469/2469/1527
f 2463/2463/1508 2462/2462/1525 2466/2466/1526
f 2463/2463/1508 2466/2466/1526 2469/2469/1527
f 2472/2472/1528 2473/2473/1529 2474/2474/1530
f 2472/2472/1528 2474/2474/1530 2475/2475/1531
f 2476/2476/1234 2473/2473/1529 2472/2472/1528
f 2476/2476/1234 2472/2472/1528 2477/2477/1532
f 2478/2478/1533 2476/2476/1234 2477/2477/1532
f 2478/2478/1533 2477/2477/1532 2479/2479/1534
f 2478/2478/1533 2479/2479/1534 2480/2480/1295
f 2478/2478/1533 2480/2480/1295 2481/2481/1535
f 2479/2479/1534 2477/2477/1532 2482/2482/1536
f 2479/2479/1534 2482/2482/1536 2480/2480/1295
f 2473/2473/1529 2476/2476/1234 2483/2483/1158
f 2473/2473/1529 2483/2483/1158 2484/2484/1537
f 2476/2476/1234 2478/2478/1533 2481/2481/1535
f 2476/2476/1234 2481/2481/1535 2483/2483/1158
f 2472/2472/1528 2475/2475/1531 2485/2485/1538
f 2472/2472/1528 2485/2485/1538 2486/2486/1287
f 2477/2477/1532 2472/2472/1528 2486/2486/1287
f 2477/2477/1532 2486/2486/1287 2482/2482/1536
f 2475/2475/1531 2474/2474/1530 2487/2487/1282
f 2475/2475/1531 2487/2487/1282 2485/2485/1538
f 2474/2474/1530 2473/2473/1529 2484/2484/1537
f 2474/2474/1530 2484/2484/1537 2487/2487/1282
f 2488/2488/1539 2489/2489/1540 2490/2490/1541
f 2488/2488/1539 2490/2490/1541 2491/2491/1542
f 2492/2492/1543 2493/2493/1544 2494/2494/1545
f 2492/2492/1543 2494/2494/1545 2495/2495/1546
f 2490/2490/1541 2489/2489/1540 2496/2496/1547
f 2490/2490/1541 2496/2496/1547 2497/2497/1548
f 2491/2491/1542 2490/2490/1541 2498/2498/1549
f 2491/2491/1542 2498/2498/1549 2499/2499/1550
f 2488/2488/1539 2491/2491/1542 2500/2500/1551
f 2488/2488/1539 2500/2500/1551 2501/2501/1552
f 2489/2489/1540 2488/2488/1539 2502/2502/1553
f 2489/2489/1540 2502/2502/1553 2503/2503/1554
f 2495/2495/1546 2494/2494/1545 2504/2504/1555
f 2495/2495/1546 2504/2504/1555 2505/2505/1556
f 2494/2494/1545 2493/2493/1544 2506/2506/1557
f 2494/2494/1545 2506/2506/1557 2507/2507/1558
f 2493/2493/1544 2492/2492/1543 2508/2508/1559
f 2493/2493/1544 2508/2508/1559 2509/2509/1560
f 2492/2492/1543 2495/2495/1546 2510/2510/1561
f 2492/2492/1543 2510/2510/1561 2511/2511/1562
# Vertices: 605, normals: 445, texture coordinates: 605, faces: 706

