# Blender 4.2.1 LTS
# www.blender.org
mtllib magicpotion.mtl
o Cylinder
v -0.000000 1.743341 -0.238185
v 0.024897 1.743341 -0.236880
v 0.049521 1.743341 -0.232980
v 0.073603 1.743341 -0.226527
v 0.096879 1.743341 -0.217592
v 0.119093 1.743341 -0.206274
v 0.140002 1.743341 -0.192695
v 0.159377 1.743341 -0.177006
v 0.177006 1.743341 -0.159376
v 0.192696 1.743341 -0.140001
v 0.206275 1.743341 -0.119092
v 0.217593 1.743341 -0.096878
v 0.226528 1.743341 -0.073602
v 0.232981 1.743341 -0.049521
v 0.236881 1.743341 -0.024896
v 0.238186 1.743341 0.000001
v 0.236881 1.743341 0.024898
v 0.232981 1.743341 0.049523
v 0.226528 1.743341 0.073604
v 0.217593 1.743341 0.096880
v 0.206275 1.743341 0.119094
v 0.192696 1.743341 0.140003
v 0.177006 1.743341 0.159378
v 0.159377 1.743341 0.177007
v 0.140002 1.743341 0.192697
v 0.119093 1.743341 0.206276
v 0.096879 1.743341 0.217594
v 0.073603 1.743341 0.226529
v 0.049522 1.743341 0.232982
v 0.024897 1.743341 0.236882
v 0.000000 1.743341 0.238187
v -0.024897 1.743341 0.236882
v -0.049521 1.743341 0.232982
v -0.073603 1.743341 0.226529
v -0.096879 1.743341 0.217595
v -0.119093 1.743341 0.206276
v -0.140002 1.743341 0.192698
v -0.159377 1.743341 0.177008
v -0.177006 1.743341 0.159379
v -0.192696 1.743341 0.140003
v -0.206275 1.743341 0.119094
v -0.217593 1.743341 0.096880
v -0.226528 1.743341 0.073605
v -0.232981 1.743341 0.049523
v -0.236881 1.743341 0.024899
v -0.238186 1.743341 0.000002
v -0.236881 1.743341 -0.024895
v -0.232981 1.743341 -0.049520
v -0.226529 1.743341 -0.073602
v -0.217594 1.743341 -0.096877
v -0.206275 1.743341 -0.119091
v -0.192697 1.743341 -0.140000
v -0.177007 1.743341 -0.159376
v -0.159378 1.743341 -0.177005
v -0.140003 1.743341 -0.192695
v -0.119094 1.743341 -0.206273
v -0.096880 1.743341 -0.217592
v -0.073605 1.743341 -0.226527
v -0.049523 1.743341 -0.232980
v -0.024898 1.743341 -0.236880
v 0.000001 -1.198602 -0.660646
v -0.000000 -0.556442 -1.129968
v 0.000001 -1.217433 -0.774607
v 0.000001 -1.249773 -0.883746
v 0.000001 -1.265612 -0.990463
v 0.000001 -1.242259 -1.088892
v 0.000000 -1.175375 -1.164891
v 0.000000 -1.088419 -1.214446
v 0.000000 -0.992039 -1.240730
v 0.000000 -0.888110 -1.244494
v 0.000000 -0.779274 -1.226418
v 0.000000 -0.667694 -1.187601
v 0.069058 -1.198602 -0.657027
v 0.118114 -0.556442 -1.123778
v 0.080970 -1.217433 -0.770363
v 0.092378 -1.249773 -0.878905
v 0.103533 -1.265612 -0.985037
v 0.113821 -1.242259 -1.082927
v 0.121765 -1.175375 -1.158510
v 0.126945 -1.088419 -1.207793
v 0.129692 -0.992039 -1.233933
v 0.130085 -0.888110 -1.237676
v 0.128196 -0.779274 -1.219700
v 0.124138 -0.667694 -1.181095
v 0.137356 -1.198602 -0.646210
v 0.234933 -0.556442 -1.105275
v 0.161049 -1.217433 -0.757680
v 0.183741 -1.249773 -0.864435
v 0.205929 -1.265612 -0.968819
v 0.226393 -1.242259 -1.065097
v 0.242194 -1.175375 -1.139436
v 0.252497 -1.088419 -1.187907
v 0.257962 -0.992039 -1.213617
v 0.258745 -0.888110 -1.217299
v 0.254987 -0.779274 -1.199618
v 0.246916 -0.667694 -1.161649
v 0.204150 -1.198602 -0.628312
v 0.349179 -0.556442 -1.074663
v 0.239366 -1.217433 -0.736695
v 0.273092 -1.249773 -0.840493
v 0.306069 -1.265612 -0.941987
v 0.336486 -1.242259 -1.035598
v 0.359971 -1.175375 -1.107877
v 0.375284 -1.088419 -1.155007
v 0.383406 -0.992040 -1.180004
v 0.384570 -0.888110 -1.183584
v 0.378984 -0.779274 -1.166393
v 0.366989 -0.667694 -1.129476
v 0.268710 -1.198602 -0.603530
v 0.459599 -0.556442 -1.032277
v 0.315061 -1.217433 -0.707638
v 0.359453 -1.249773 -0.807342
v 0.402858 -1.265612 -0.904833
v 0.442893 -1.242259 -0.994752
v 0.473804 -1.175375 -1.064181
v 0.493960 -1.088419 -1.109451
v 0.504651 -0.992040 -1.133463
v 0.506182 -0.888110 -1.136902
v 0.498830 -0.779274 -1.120389
v 0.483041 -0.667694 -1.084928
v 0.330323 -1.198602 -0.572137
v 0.564984 -0.556442 -0.978581
v 0.387303 -1.217433 -0.670829
v 0.441873 -1.249773 -0.765347
v 0.495231 -1.265612 -0.857766
v 0.544446 -1.242259 -0.943008
v 0.582446 -1.175375 -1.008825
v 0.607223 -1.088419 -1.051741
v 0.620365 -0.992039 -1.074503
v 0.622247 -0.888110 -1.077763
v 0.613209 -0.779274 -1.062109
v 0.593801 -0.667694 -1.028493
v 0.388319 -1.198602 -0.534473
v 0.664178 -0.556442 -0.914163
v 0.455304 -1.217433 -0.626669
v 0.519454 -1.249773 -0.714965
v 0.582180 -1.265612 -0.801301
v 0.640035 -1.242259 -0.880932
v 0.684706 -1.175375 -0.942417
v 0.713834 -1.088419 -0.982507
v 0.729283 -0.992040 -1.003771
v 0.731495 -0.888110 -1.006817
v 0.720871 -0.779274 -0.992193
v 0.698055 -0.667694 -0.960790
v 0.442059 -1.198602 -0.490956
v 0.756096 -0.556442 -0.839730
v 0.518313 -1.217433 -0.575645
v 0.591342 -1.249773 -0.656752
v 0.662749 -1.265612 -0.736058
v 0.728611 -1.242259 -0.809205
v 0.779464 -1.175375 -0.865683
v 0.812623 -1.088419 -0.902509
v 0.830211 -0.992040 -0.922042
v 0.832729 -0.888110 -0.924839
v 0.820634 -0.779274 -0.911406
v 0.794661 -0.667694 -0.882560
v 0.490955 -1.198602 -0.442060
v 0.839730 -0.556442 -0.756096
v 0.575644 -1.217433 -0.518314
v 0.656751 -1.249773 -0.591343
v 0.736057 -1.265612 -0.662750
v 0.809204 -1.242259 -0.728611
v 0.865683 -1.175375 -0.779465
v 0.902509 -1.088419 -0.812623
v 0.922042 -0.992040 -0.830210
v 0.924839 -0.888110 -0.832729
v 0.911407 -0.779274 -0.820634
v 0.882560 -0.667694 -0.794660
v 0.534474 -1.198602 -0.388318
v 0.914163 -0.556442 -0.664178
v 0.626670 -1.217433 -0.455302
v 0.714966 -1.249773 -0.519453
v 0.801302 -1.265612 -0.582179
v 0.880932 -1.242259 -0.640034
v 0.942417 -1.175375 -0.684706
v 0.982508 -1.088419 -0.713833
v 1.003772 -0.992040 -0.729282
v 1.006817 -0.888110 -0.731495
v 0.992194 -0.779274 -0.720870
v 0.960790 -0.667694 -0.698054
v 0.572137 -1.198602 -0.330322
v 0.978581 -0.556442 -0.564984
v 0.670830 -1.217433 -0.387302
v 0.765348 -1.249773 -0.441872
v 0.857767 -1.265612 -0.495231
v 0.943009 -1.242259 -0.544445
v 1.008826 -1.175375 -0.582445
v 1.051741 -1.088419 -0.607222
v 1.074504 -0.992039 -0.620365
v 1.077764 -0.888110 -0.622247
v 1.062110 -0.779274 -0.613209
v 1.028493 -0.667694 -0.593801
v 0.603530 -1.198602 -0.268710
v 1.032277 -0.556442 -0.459599
v 0.707638 -1.217433 -0.315062
v 0.807343 -1.249773 -0.359453
v 0.904833 -1.265612 -0.402858
v 0.994752 -1.242259 -0.442893
v 1.064181 -1.175375 -0.473804
v 1.109452 -1.088419 -0.493960
v 1.133463 -0.992040 -0.504650
v 1.136902 -0.888110 -0.506181
v 1.120389 -0.779274 -0.498829
v 1.084928 -0.667694 -0.483041
v 0.628312 -1.198602 -0.204151
v 1.074664 -0.556442 -0.349179
v 0.736695 -1.217433 -0.239366
v 0.840493 -1.249773 -0.273092
v 0.941987 -1.265612 -0.306070
v 1.035598 -1.242259 -0.336486
v 1.107877 -1.175375 -0.359971
v 1.155007 -1.088419 -0.375284
v 1.180004 -0.992040 -0.383406
v 1.183584 -0.888110 -0.384570
v 1.166394 -0.779274 -0.378984
v 1.129476 -0.667694 -0.366989
v 0.646209 -1.198602 -0.137357
v 1.105275 -0.556442 -0.234933
v 0.757680 -1.217433 -0.161051
v 0.864434 -1.249773 -0.183742
v 0.968819 -1.265612 -0.205930
v 1.065097 -1.242259 -0.226394
v 1.139436 -1.175375 -0.242195
v 1.187907 -1.088419 -0.252498
v 1.213617 -0.992039 -0.257962
v 1.217299 -0.888110 -0.258745
v 1.199618 -0.779274 -0.254987
v 1.161649 -0.667694 -0.246916
v 0.657027 -1.198602 -0.069056
v 1.123778 -0.556442 -0.118114
v 0.770364 -1.217433 -0.080968
v 0.878905 -1.249773 -0.092377
v 0.985037 -1.265612 -0.103531
v 1.082927 -1.242259 -0.113820
v 1.158510 -1.175375 -0.121764
v 1.207793 -1.088419 -0.126944
v 1.233933 -0.992040 -0.129691
v 1.237677 -0.888110 -0.130085
v 1.219700 -0.779274 -0.128195
v 1.181096 -0.667694 -0.124138
v 0.660646 -1.198602 -0.000000
v 1.129968 -0.556442 0.000000
v 0.774607 -1.217433 -0.000000
v 0.883747 -1.249773 -0.000000
v 0.990463 -1.265612 -0.000000
v 1.088892 -1.242259 0.000000
v 1.164891 -1.175375 0.000000
v 1.214446 -1.088419 0.000000
v 1.240730 -0.992040 0.000000
v 1.244494 -0.888110 0.000000
v 1.226419 -0.779274 0.000000
v 1.187602 -0.667694 0.000000
v 0.657027 -1.198602 0.069056
v 1.123778 -0.556442 0.118114
v 0.770363 -1.217433 0.080968
v 0.878905 -1.249773 0.092376
v 0.985037 -1.265612 0.103531
v 1.082927 -1.242259 0.113820
v 1.158510 -1.175375 0.121764
v 1.207793 -1.088419 0.126944
v 1.233933 -0.992039 0.129692
v 1.237677 -0.888110 0.130085
v 1.219700 -0.779274 0.128196
v 1.181096 -0.667694 0.124138
v 0.646209 -1.198602 0.137357
v 1.105275 -0.556442 0.234934
v 0.757680 -1.217433 0.161051
v 0.864434 -1.249773 0.183742
v 0.968819 -1.265612 0.205929
v 1.065097 -1.242259 0.226394
v 1.139436 -1.175375 0.242195
v 1.187907 -1.088419 0.252498
v 1.213617 -0.992040 0.257962
v 1.217299 -0.888110 0.258745
v 1.199618 -0.779274 0.254987
v 1.161649 -0.667694 0.246916
v 0.628312 -1.198602 0.204151
v 1.074664 -0.556442 0.349179
v 0.736695 -1.217433 0.239367
v 0.840493 -1.249773 0.273093
v 0.941986 -1.265612 0.306070
v 1.035598 -1.242259 0.336486
v 1.107877 -1.175375 0.359971
v 1.155007 -1.088419 0.375284
v 1.180004 -0.992040 0.383407
v 1.183584 -0.888110 0.384570
v 1.166394 -0.779274 0.378984
v 1.129476 -0.667694 0.366989
v 0.603531 -1.198602 0.268709
v 1.032277 -0.556442 0.459600
v 0.707639 -1.217433 0.315061
v 0.807343 -1.249773 0.359452
v 0.904833 -1.265612 0.402858
v 0.994753 -1.242259 0.442892
v 1.064181 -1.175375 0.473804
v 1.109452 -1.088419 0.493960
v 1.133463 -0.992039 0.504650
v 1.136902 -0.888110 0.506182
v 1.120389 -0.779274 0.498830
v 1.084928 -0.667694 0.483041
v 0.572137 -1.198602 0.330323
v 0.978581 -0.556442 0.564984
v 0.670830 -1.217433 0.387303
v 0.765347 -1.249773 0.441873
v 0.857766 -1.265612 0.495231
v 0.943008 -1.242259 0.544446
v 1.008826 -1.175375 0.582446
v 1.051741 -1.088419 0.607223
v 1.074504 -0.992039 0.620365
v 1.077764 -0.888110 0.622247
v 1.062109 -0.779274 0.613210
v 1.028493 -0.667694 0.593801
v 0.534474 -1.198602 0.388318
v 0.914163 -0.556442 0.664179
v 0.626670 -1.217433 0.455302
v 0.714966 -1.249773 0.519453
v 0.801302 -1.265612 0.582179
v 0.880932 -1.242259 0.640034
v 0.942417 -1.175375 0.684706
v 0.982508 -1.088419 0.713833
v 1.003772 -0.992040 0.729283
v 1.006817 -0.888110 0.731495
v 0.992194 -0.779274 0.720871
v 0.960790 -0.667694 0.698055
v 0.490956 -1.198602 0.442058
v 0.839730 -0.556442 0.756096
v 0.575646 -1.217433 0.518312
v 0.656752 -1.249773 0.591341
v 0.736058 -1.265612 0.662749
v 0.809205 -1.242259 0.728611
v 0.865683 -1.175375 0.779464
v 0.902509 -1.088419 0.812623
v 0.922042 -0.992039 0.830210
v 0.924840 -0.888110 0.832729
v 0.911407 -0.779274 0.820634
v 0.882560 -0.667694 0.794661
v 0.442060 -1.198602 0.490954
v 0.756096 -0.556442 0.839730
v 0.518314 -1.217433 0.575644
v 0.591343 -1.249773 0.656750
v 0.662750 -1.265612 0.736056
v 0.728611 -1.242259 0.809203
v 0.779465 -1.175375 0.865682
v 0.812623 -1.088419 0.902508
v 0.830211 -0.992039 0.922041
v 0.832729 -0.888110 0.924839
v 0.820634 -0.779274 0.911406
v 0.794661 -0.667694 0.882560
v 0.388317 -1.198602 0.534474
v 0.664179 -0.556442 0.914163
v 0.455302 -1.217433 0.626670
v 0.519453 -1.249773 0.714966
v 0.582179 -1.265612 0.801301
v 0.640035 -1.242259 0.880932
v 0.684706 -1.175375 0.942416
v 0.713834 -1.088419 0.982507
v 0.729283 -0.992039 1.003771
v 0.731496 -0.888110 1.006817
v 0.720871 -0.779273 0.992193
v 0.698055 -0.667693 0.960790
v 0.330324 -1.198602 0.572136
v 0.564985 -0.556442 0.978581
v 0.387304 -1.217433 0.670829
v 0.441874 -1.249773 0.765346
v 0.495232 -1.265612 0.857766
v 0.544447 -1.242259 0.943007
v 0.582446 -1.175375 1.008825
v 0.607224 -1.088419 1.051740
v 0.620366 -0.992039 1.074503
v 0.622248 -0.888110 1.077763
v 0.613210 -0.779273 1.062109
v 0.593801 -0.667693 1.028493
v 0.268710 -1.198602 0.603530
v 0.459600 -0.556442 1.032277
v 0.315062 -1.217433 0.707638
v 0.359453 -1.249773 0.807342
v 0.402858 -1.265612 0.904833
v 0.442893 -1.242259 0.994752
v 0.473805 -1.175375 1.064180
v 0.493960 -1.088419 1.109451
v 0.504651 -0.992039 1.133463
v 0.506182 -0.888110 1.136901
v 0.498830 -0.779273 1.120389
v 0.483042 -0.667693 1.084928
v 0.204151 -1.198602 0.628312
v 0.349180 -0.556442 1.074663
v 0.239367 -1.217433 0.736694
v 0.273093 -1.249773 0.840492
v 0.306070 -1.265612 0.941986
v 0.336487 -1.242259 1.035597
v 0.359972 -1.175375 1.107877
v 0.375285 -1.088419 1.155006
v 0.383407 -0.992039 1.180004
v 0.384571 -0.888110 1.183584
v 0.378985 -0.779273 1.166393
v 0.366990 -0.667693 1.129476
v 0.137358 -1.198602 0.646209
v 0.234934 -0.556442 1.105275
v 0.161051 -1.217433 0.757679
v 0.183743 -1.249773 0.864434
v 0.205930 -1.265612 0.968819
v 0.226395 -1.242259 1.065096
v 0.242196 -1.175375 1.139435
v 0.252499 -1.088419 1.187907
v 0.257964 -0.992039 1.213617
v 0.258746 -0.888110 1.217299
v 0.254988 -0.779273 1.199618
v 0.246917 -0.667693 1.161649
v 0.069057 -1.198602 0.657027
v 0.118115 -0.556442 1.123778
v 0.080969 -1.217433 0.770363
v 0.092378 -1.249773 0.878905
v 0.103533 -1.265612 0.985037
v 0.113821 -1.242259 1.082926
v 0.121766 -1.175375 1.158509
v 0.126945 -1.088419 1.207792
v 0.129693 -0.992039 1.233933
v 0.130086 -0.888110 1.237676
v 0.128197 -0.779273 1.219700
v 0.124139 -0.667693 1.181096
v 0.000001 -1.198602 0.660646
v 0.000001 -0.556442 1.129968
v 0.000001 -1.217433 0.774606
v 0.000001 -1.249773 0.883746
v 0.000001 -1.265612 0.990463
v 0.000001 -1.242259 1.088891
v 0.000001 -1.175375 1.164891
v 0.000001 -1.088419 1.214445
v 0.000001 -0.992039 1.240729
v 0.000001 -0.888110 1.244494
v 0.000001 -0.779274 1.226418
v 0.000001 -0.667694 1.187601
v -0.069056 -1.198602 0.657027
v -0.118112 -0.556442 1.123778
v -0.080968 -1.217433 0.770363
v -0.092376 -1.249773 0.878905
v -0.103531 -1.265612 0.985037
v -0.113819 -1.242259 1.082927
v -0.121763 -1.175375 1.158510
v -0.126943 -1.088419 1.207793
v -0.129690 -0.992039 1.233933
v -0.130083 -0.888110 1.237677
v -0.128194 -0.779274 1.219700
v -0.124137 -0.667694 1.181096
v -0.137357 -1.198602 0.646209
v -0.234932 -0.556442 1.105276
v -0.161050 -1.217433 0.757680
v -0.183741 -1.249773 0.864434
v -0.205928 -1.265612 0.968819
v -0.226393 -1.242259 1.065097
v -0.242193 -1.175375 1.139435
v -0.252496 -1.088419 1.187907
v -0.257961 -0.992039 1.213617
v -0.258743 -0.888110 1.217299
v -0.254985 -0.779273 1.199619
v -0.246915 -0.667693 1.161650
v -0.204148 -1.198602 0.628313
v -0.349178 -0.556442 1.074664
v -0.239364 -1.217433 0.736695
v -0.273090 -1.249773 0.840494
v -0.306067 -1.265612 0.941987
v -0.336484 -1.242259 1.035598
v -0.359969 -1.175375 1.107878
v -0.375282 -1.088419 1.155007
v -0.383405 -0.992039 1.180005
v -0.384568 -0.888110 1.183585
v -0.378982 -0.779273 1.166394
v -0.366987 -0.667693 1.129477
v -0.268707 -1.198602 0.603531
v -0.459598 -0.556442 1.032278
v -0.315059 -1.217433 0.707639
v -0.359450 -1.249773 0.807343
v -0.402855 -1.265612 0.904833
v -0.442890 -1.242259 0.994753
v -0.473802 -1.175375 1.064182
v -0.493957 -1.088419 1.109452
v -0.504648 -0.992039 1.133464
v -0.506179 -0.888110 1.136902
v -0.498828 -0.779274 1.120390
v -0.483039 -0.667694 1.084929
v -0.330322 -1.198602 0.572136
v -0.564982 -0.556442 0.978582
v -0.387302 -1.217433 0.670829
v -0.441872 -1.249773 0.765347
v -0.495230 -1.265612 0.857766
v -0.544444 -1.242259 0.943008
v -0.582444 -1.175375 1.008826
v -0.607221 -1.088419 1.051741
v -0.620363 -0.992039 1.074504
v -0.622245 -0.888110 1.077764
v -0.613207 -0.779274 1.062110
v -0.593799 -0.667694 1.028494
v -0.388318 -1.198602 0.534474
v -0.664177 -0.556442 0.914165
v -0.455302 -1.217433 0.626670
v -0.519452 -1.249773 0.714966
v -0.582178 -1.265612 0.801302
v -0.640033 -1.242259 0.880933
v -0.684704 -1.175375 0.942418
v -0.713831 -1.088419 0.982508
v -0.729281 -0.992039 1.003773
v -0.731493 -0.888110 1.006818
v -0.720869 -0.779273 0.992195
v -0.698053 -0.667693 0.960791
v -0.442057 -1.198602 0.490957
v -0.756094 -0.556442 0.839731
v -0.518312 -1.217433 0.575646
v -0.591340 -1.249773 0.656753
v -0.662747 -1.265612 0.736059
v -0.728609 -1.242259 0.809206
v -0.779462 -1.175375 0.865684
v -0.812621 -1.088419 0.902511
v -0.830208 -0.992039 0.922044
v -0.832727 -0.888110 0.924841
v -0.820632 -0.779273 0.911408
v -0.794659 -0.667693 0.882562
v -0.490954 -1.198602 0.442060
v -0.839728 -0.556442 0.756098
v -0.575643 -1.217433 0.518315
v -0.656749 -1.249773 0.591344
v -0.736055 -1.265612 0.662751
v -0.809202 -1.242259 0.728613
v -0.865680 -1.175375 0.779466
v -0.902507 -1.088419 0.812625
v -0.922040 -0.992039 0.830212
v -0.924837 -0.888110 0.832731
v -0.911405 -0.779273 0.820636
v -0.882558 -0.667693 0.794662
v -0.534473 -1.198602 0.388319
v -0.914161 -0.556442 0.664181
v -0.626669 -1.217433 0.455303
v -0.714964 -1.249773 0.519454
v -0.801300 -1.265612 0.582181
v -0.880930 -1.242259 0.640036
v -0.942415 -1.175375 0.684708
v -0.982505 -1.088419 0.713835
v -1.003770 -0.992039 0.729285
v -1.006815 -0.888110 0.731497
v -0.992191 -0.779273 0.720873
v -0.960788 -0.667693 0.698057
v -0.572135 -1.198602 0.330325
v -0.978579 -0.556442 0.564986
v -0.670827 -1.217433 0.387305
v -0.765345 -1.249773 0.441875
v -0.857764 -1.265612 0.495234
v -0.943006 -1.242259 0.544448
v -1.008824 -1.175375 0.582448
v -1.051739 -1.088419 0.607225
v -1.074502 -0.992039 0.620367
v -1.077762 -0.888110 0.622249
v -1.062108 -0.779273 0.613212
v -1.028491 -0.667693 0.593803
v -0.603530 -1.198602 0.268709
v -1.032276 -0.556442 0.459602
v -0.707638 -1.217433 0.315061
v -0.807341 -1.249773 0.359453
v -0.904832 -1.265612 0.402859
v -0.994751 -1.242259 0.442894
v -1.064180 -1.175375 0.473806
v -1.109450 -1.088419 0.493962
v -1.133461 -0.992039 0.504653
v -1.136900 -0.888110 0.506184
v -1.120387 -0.779273 0.498832
v -1.084926 -0.667693 0.483044
v -0.628311 -1.198602 0.204153
v -1.074662 -0.556442 0.349182
v -0.736694 -1.217433 0.239369
v -0.840491 -1.249773 0.273095
v -0.941985 -1.265612 0.306072
v -1.035596 -1.242259 0.336489
v -1.107876 -1.175375 0.359974
v -1.155005 -1.088419 0.375287
v -1.180003 -0.992039 0.383410
v -1.183583 -0.888110 0.384573
v -1.166392 -0.779273 0.378987
v -1.129475 -0.667693 0.366992
v -0.646209 -1.198602 0.137358
v -1.105274 -0.556442 0.234937
v -0.757679 -1.217433 0.161052
v -0.864433 -1.249773 0.183743
v -0.968818 -1.265612 0.205931
v -1.065096 -1.242259 0.226396
v -1.139434 -1.175375 0.242197
v -1.187906 -1.088419 0.252501
v -1.213616 -0.992039 0.257965
v -1.217298 -0.888110 0.258748
v -1.199617 -0.779274 0.254990
v -1.161648 -0.667694 0.246919
v -0.657027 -1.198602 0.069057
v -1.123777 -0.556442 0.118117
v -0.770363 -1.217433 0.080970
v -0.878905 -1.249773 0.092378
v -0.985037 -1.265612 0.103534
v -1.082926 -1.242259 0.113823
v -1.158509 -1.175375 0.121767
v -1.207792 -1.088419 0.126947
v -1.233932 -0.992040 0.129695
v -1.237676 -0.888110 0.130088
v -1.219700 -0.779274 0.128199
v -1.181095 -0.667694 0.124142
v -0.660646 -1.198602 0.000002
v -1.129968 -0.556442 0.000003
v -0.774606 -1.217433 0.000002
v -0.883746 -1.249773 0.000003
v -0.990462 -1.265612 0.000003
v -1.088892 -1.242259 0.000003
v -1.164891 -1.175375 0.000003
v -1.214445 -1.088419 0.000003
v -1.240729 -0.992040 0.000004
v -1.244494 -0.888110 0.000004
v -1.226418 -0.779274 0.000004
v -1.187601 -0.667694 0.000004
v -0.657027 -1.198602 -0.069055
v -1.123778 -0.556442 -0.118110
v -0.770363 -1.217433 -0.080966
v -0.878905 -1.249773 -0.092374
v -0.985037 -1.265612 -0.103529
v -1.082927 -1.242259 -0.113817
v -1.158510 -1.175375 -0.121761
v -1.207793 -1.088419 -0.126941
v -1.233933 -0.992040 -0.129688
v -1.237677 -0.888110 -0.130081
v -1.219700 -0.779274 -0.128192
v -1.181096 -0.667694 -0.124134
v -0.646209 -1.198602 -0.137354
v -1.105276 -0.556442 -0.234930
v -0.757680 -1.217433 -0.161048
v -0.864434 -1.249773 -0.183739
v -0.968819 -1.265612 -0.205926
v -1.065097 -1.242259 -0.226390
v -1.139436 -1.175375 -0.242191
v -1.187907 -1.088419 -0.252494
v -1.213617 -0.992040 -0.257958
v -1.217299 -0.888110 -0.258741
v -1.199619 -0.779274 -0.254983
v -1.161650 -0.667694 -0.246912
v -0.628312 -1.198602 -0.204149
v -1.074664 -0.556442 -0.349176
v -0.736695 -1.217433 -0.239365
v -0.840493 -1.249773 -0.273090
v -0.941987 -1.265612 -0.306067
v -1.035598 -1.242259 -0.336483
v -1.107878 -1.175375 -0.359968
v -1.155007 -1.088419 -0.375281
v -1.180005 -0.992039 -0.383403
v -1.183585 -0.888110 -0.384566
v -1.166394 -0.779274 -0.378980
v -1.129477 -0.667694 -0.366985
v -0.603531 -1.198602 -0.268707
v -1.032279 -0.556442 -0.459596
v -0.707639 -1.217433 -0.315059
v -0.807343 -1.249773 -0.359450
v -0.904834 -1.265612 -0.402855
v -0.994753 -1.242259 -0.442889
v -1.064182 -1.175375 -0.473800
v -1.109453 -1.088419 -0.493956
v -1.133465 -0.992039 -0.504646
v -1.136903 -0.888110 -0.506177
v -1.120391 -0.779274 -0.498825
v -1.084929 -0.667694 -0.483037
v -0.572137 -1.198602 -0.330321
v -0.978583 -0.556442 -0.564980
v -0.670830 -1.217433 -0.387301
v -0.765348 -1.249773 -0.441870
v -0.857767 -1.265612 -0.495228
v -0.943009 -1.242259 -0.544443
v -1.008827 -1.175375 -0.582442
v -1.051743 -1.088419 -0.607219
v -1.074505 -0.992040 -0.620361
v -1.077765 -0.888110 -0.622243
v -1.062111 -0.779274 -0.613205
v -1.028495 -0.667694 -0.593797
v -0.534475 -1.198602 -0.388316
v -0.914165 -0.556442 -0.664175
v -0.626671 -1.217433 -0.455300
v -0.714967 -1.249773 -0.519450
v -0.801303 -1.265612 -0.582177
v -0.880934 -1.242259 -0.640031
v -0.942419 -1.175375 -0.684702
v -0.982509 -1.088419 -0.713830
v -1.003774 -0.992039 -0.729279
v -1.006819 -0.888110 -0.731492
v -0.992196 -0.779274 -0.720867
v -0.960792 -0.667694 -0.698051
v -0.490957 -1.198602 -0.442057
v -0.839732 -0.556442 -0.756093
v -0.575647 -1.217433 -0.518311
v -0.656753 -1.249773 -0.591339
v -0.736060 -1.265612 -0.662746
v -0.809207 -1.242259 -0.728608
v -0.865685 -1.175375 -0.779461
v -0.902512 -1.088419 -0.812619
v -0.922045 -0.992040 -0.830207
v -0.924842 -0.888110 -0.832726
v -0.911409 -0.779274 -0.820631
v -0.882562 -0.667694 -0.794657
v -0.442059 -1.198602 -0.490955
v -0.756099 -0.556442 -0.839727
v -0.518314 -1.217433 -0.575644
v -0.591343 -1.249773 -0.656750
v -0.662751 -1.265612 -0.736055
v -0.728613 -1.242259 -0.809202
v -0.779467 -1.175375 -0.865680
v -0.812626 -1.088419 -0.902506
v -0.830213 -0.992040 -0.922039
v -0.832732 -0.888110 -0.924836
v -0.820637 -0.779274 -0.911403
v -0.794664 -0.667694 -0.882557
v -0.388321 -1.198602 -0.534472
v -0.664182 -0.556442 -0.914160
v -0.455305 -1.217433 -0.626668
v -0.519456 -1.249773 -0.714963
v -0.582183 -1.265612 -0.801299
v -0.640038 -1.242259 -0.880929
v -0.684709 -1.175375 -0.942414
v -0.713837 -1.088419 -0.982504
v -0.729286 -0.992040 -1.003768
v -0.731499 -0.888110 -1.006814
v -0.720874 -0.779274 -0.992190
v -0.698058 -0.667694 -0.960787
v -0.330326 -1.198602 -0.572134
v -0.564988 -0.556442 -0.978578
v -0.387307 -1.217433 -0.670827
v -0.441877 -1.249773 -0.765345
v -0.495235 -1.265612 -0.857764
v -0.544450 -1.242259 -0.943005
v -0.582450 -1.175375 -1.008823
v -0.607227 -1.088419 -1.051738
v -0.620369 -0.992040 -1.074501
v -0.622251 -0.888110 -1.077761
v -0.613213 -0.779274 -1.062107
v -0.593805 -0.667694 -1.028490
v -0.268710 -1.198602 -0.603530
v -0.459604 -0.556442 -1.032275
v -0.315063 -1.217433 -0.707637
v -0.359454 -1.249773 -0.807341
v -0.402861 -1.265612 -0.904831
v -0.442896 -1.242259 -0.994750
v -0.473808 -1.175375 -1.064179
v -0.493964 -1.088419 -1.109449
v -0.504655 -0.992040 -1.133461
v -0.506186 -0.888110 -1.136900
v -0.498834 -0.779274 -1.120387
v -0.483046 -0.667694 -1.084926
v -0.204153 -1.198602 -0.628311
v -0.349184 -0.556442 -1.074662
v -0.239369 -1.217433 -0.736694
v -0.273096 -1.249773 -0.840492
v -0.306073 -1.265612 -0.941985
v -0.336490 -1.242259 -1.035597
v -0.359976 -1.175375 -1.107876
v -0.375289 -1.088419 -1.155005
v -0.383411 -0.992039 -1.180003
v -0.384575 -0.888110 -1.183583
v -0.378989 -0.779274 -1.166392
v -0.366994 -0.667694 -1.129475
v -0.137359 -1.198602 -0.646209
v -0.234938 -0.556442 -1.105274
v -0.161053 -1.217433 -0.757679
v -0.183745 -1.249773 -0.864434
v -0.205933 -1.265612 -0.968818
v -0.226398 -1.242259 -1.065096
v -0.242199 -1.175375 -1.139434
v -0.252503 -1.088419 -1.187906
v -0.257968 -0.992039 -1.213616
v -0.258750 -0.888110 -1.217298
v -0.254992 -0.779274 -1.199617
v -0.246921 -0.667694 -1.161648
v -0.069061 -1.198602 -0.657027
v -0.118119 -0.556442 -1.123777
v -0.080973 -1.217433 -0.770363
v -0.092382 -1.249773 -0.878905
v -0.103537 -1.265612 -0.985037
v -0.113826 -1.242259 -1.082926
v -0.121770 -1.175375 -1.158509
v -0.126950 -1.088419 -1.207792
v -0.129697 -0.992040 -1.233932
v -0.130091 -0.888110 -1.237676
v -0.128201 -0.779274 -1.219700
v -0.124143 -0.667694 -1.181095
v -0.000000 1.091688 -0.247063
v -0.000000 0.751874 -0.341556
v -0.000000 1.064405 -0.247999
v -0.000000 1.034672 -0.250820
v -0.000000 1.002444 -0.255526
v -0.000000 0.968553 -0.262037
v -0.000000 0.933822 -0.270216
v -0.000000 0.899067 -0.279881
v -0.000000 0.865097 -0.290805
v -0.000000 0.832706 -0.302725
v -0.000000 0.802670 -0.315331
v -0.000000 0.775743 -0.328266
v 0.035702 0.751874 -0.339685
v 0.025825 1.091688 -0.245710
v 0.034313 0.775743 -0.326467
v 0.032961 0.802670 -0.313604
v 0.031643 0.832706 -0.301066
v 0.030397 0.865097 -0.289212
v 0.029255 0.899067 -0.278348
v 0.028245 0.933822 -0.268736
v 0.027390 0.968553 -0.260602
v 0.026710 1.002444 -0.254126
v 0.026218 1.034672 -0.249446
v 0.025923 1.064405 -0.246641
v 0.071014 0.751874 -0.334092
v 0.051367 1.091688 -0.241664
v 0.068250 0.775743 -0.321092
v 0.065561 0.802670 -0.308441
v 0.062940 0.832706 -0.296110
v 0.060462 0.865097 -0.284451
v 0.058190 0.899067 -0.273765
v 0.056181 0.933822 -0.264312
v 0.054481 0.968553 -0.256311
v 0.053127 1.002444 -0.249942
v 0.052148 1.034672 -0.245339
v 0.051562 1.064405 -0.242580
v 0.105547 0.751874 -0.324839
v 0.076347 1.091688 -0.234971
v 0.101440 0.775743 -0.312199
v 0.097443 0.802671 -0.299898
v 0.093547 0.832706 -0.287908
v 0.089864 0.865097 -0.276572
v 0.086488 0.899067 -0.266182
v 0.083502 0.933822 -0.256991
v 0.080974 0.968553 -0.249212
v 0.078962 1.002444 -0.243020
v 0.077508 1.034672 -0.238544
v 0.076636 1.064405 -0.235861
v 0.138924 0.751874 -0.312027
v 0.100490 1.091688 -0.225703
v 0.133518 0.775743 -0.299886
v 0.128257 0.802670 -0.288070
v 0.123130 0.832706 -0.276553
v 0.118281 0.865097 -0.265664
v 0.113838 0.899067 -0.255684
v 0.109907 0.933822 -0.246855
v 0.106580 0.968553 -0.239383
v 0.103932 1.002444 -0.233435
v 0.102018 1.034672 -0.229135
v 0.100871 1.064405 -0.226558
v 0.170778 0.751874 -0.295796
v 0.123532 1.091688 -0.213963
v 0.164133 0.775743 -0.284286
v 0.157666 0.802671 -0.273085
v 0.151363 0.832706 -0.262167
v 0.145403 0.865097 -0.251845
v 0.139941 0.899067 -0.242384
v 0.135108 0.933822 -0.234014
v 0.131019 0.968553 -0.226931
v 0.127763 1.002444 -0.221292
v 0.125410 1.034672 -0.217216
v 0.124000 1.064405 -0.214773
v 0.200762 0.751874 -0.276325
v 0.145221 1.091688 -0.199878
v 0.192950 0.775743 -0.265572
v 0.185348 0.802670 -0.255108
v 0.177938 0.832706 -0.244909
v 0.170931 0.865096 -0.235266
v 0.164510 0.899067 -0.226428
v 0.158830 0.933822 -0.218610
v 0.154022 0.968553 -0.211992
v 0.150195 1.002444 -0.206725
v 0.147429 1.034672 -0.202917
v 0.145771 1.064405 -0.200635
v 0.228546 0.751874 -0.253825
v 0.165318 1.091688 -0.183604
v 0.219653 0.775743 -0.243949
v 0.210998 0.802670 -0.234337
v 0.202563 0.832706 -0.224968
v 0.194587 0.865096 -0.216110
v 0.187277 0.899067 -0.207992
v 0.180811 0.933822 -0.200810
v 0.175338 0.968553 -0.194731
v 0.170981 1.002444 -0.189893
v 0.167832 1.034672 -0.186395
v 0.165944 1.064405 -0.184299
v 0.253826 0.751874 -0.228545
v 0.183604 1.091688 -0.165317
v 0.243949 0.775743 -0.219652
v 0.234338 0.802670 -0.210998
v 0.224969 0.832706 -0.202562
v 0.216111 0.865096 -0.194586
v 0.207993 0.899067 -0.187276
v 0.200810 0.933822 -0.180810
v 0.194732 0.968553 -0.175337
v 0.189893 1.002444 -0.170980
v 0.186396 1.034672 -0.167831
v 0.184300 1.064405 -0.165943
v 0.276325 0.751874 -0.200761
v 0.199879 1.091688 -0.145220
v 0.265573 0.775743 -0.192949
v 0.255109 0.802670 -0.185347
v 0.244910 0.832706 -0.177937
v 0.235267 0.865096 -0.170931
v 0.226429 0.899067 -0.164509
v 0.218610 0.933822 -0.158829
v 0.211993 0.968553 -0.154021
v 0.206726 1.002444 -0.150194
v 0.202918 1.034672 -0.147428
v 0.200636 1.064405 -0.145770
v 0.295797 0.751874 -0.170778
v 0.213964 1.091688 -0.123531
v 0.284287 0.775743 -0.164132
v 0.273086 0.802670 -0.157665
v 0.262168 0.832706 -0.151362
v 0.251845 0.865097 -0.145402
v 0.242385 0.899067 -0.139940
v 0.234015 0.933822 -0.135108
v 0.226932 0.968553 -0.131018
v 0.221293 1.002444 -0.127763
v 0.217217 1.034672 -0.125409
v 0.214774 1.064405 -0.123999
v 0.312028 0.751874 -0.138923
v 0.225704 1.091688 -0.100489
v 0.299886 0.775743 -0.133517
v 0.288070 0.802670 -0.128256
v 0.276554 0.832706 -0.123129
v 0.265665 0.865096 -0.118281
v 0.255685 0.899067 -0.113837
v 0.246856 0.933822 -0.109906
v 0.239384 0.968553 -0.106579
v 0.233435 1.002444 -0.103931
v 0.229136 1.034672 -0.102017
v 0.226559 1.064405 -0.100870
v 0.324840 0.751874 -0.105546
v 0.234972 1.091688 -0.076346
v 0.312200 0.775743 -0.101439
v 0.299899 0.802670 -0.097442
v 0.287909 0.832706 -0.093546
v 0.276573 0.865096 -0.089863
v 0.266183 0.899067 -0.086487
v 0.256992 0.933822 -0.083501
v 0.249213 0.968553 -0.080973
v 0.243021 1.002444 -0.078961
v 0.238545 1.034672 -0.077507
v 0.235862 1.064405 -0.076635
v 0.334093 0.751874 -0.071013
v 0.241665 1.091688 -0.051366
v 0.321093 0.775743 -0.068249
v 0.308441 0.802670 -0.065560
v 0.296110 0.832706 -0.062939
v 0.284451 0.865096 -0.060461
v 0.273766 0.899067 -0.058190
v 0.264312 0.933822 -0.056180
v 0.256312 0.968553 -0.054480
v 0.249943 1.002444 -0.053126
v 0.245340 1.034672 -0.052147
v 0.242581 1.064405 -0.051561
v 0.339686 0.751874 -0.035702
v 0.245711 1.091688 -0.025824
v 0.326468 0.775743 -0.034312
v 0.313605 0.802670 -0.032960
v 0.301067 0.832706 -0.031643
v 0.289213 0.865096 -0.030397
v 0.278348 0.899067 -0.029255
v 0.268737 0.933822 -0.028244
v 0.260602 0.968553 -0.027389
v 0.254127 1.002444 -0.026709
v 0.249447 1.034672 -0.026217
v 0.246641 1.064405 -0.025922
v 0.341557 0.751874 0.000001
v 0.247064 1.091688 0.000001
v 0.328266 0.775743 0.000001
v 0.315332 0.802670 0.000001
v 0.302726 0.832706 0.000001
v 0.290806 0.865096 0.000001
v 0.279882 0.899067 0.000001
v 0.270217 0.933822 0.000001
v 0.262038 0.968553 0.000001
v 0.255527 1.002444 0.000001
v 0.250821 1.034672 0.000001
v 0.248000 1.064405 0.000001
v 0.339686 0.751874 0.035703
v 0.245711 1.091688 0.025826
v 0.326468 0.775743 0.034314
v 0.313605 0.802670 0.032962
v 0.301067 0.832706 0.031644
v 0.289213 0.865096 0.030399
v 0.278348 0.899067 0.029257
v 0.268737 0.933822 0.028246
v 0.260602 0.968553 0.027392
v 0.254127 1.002444 0.026711
v 0.249447 1.034672 0.026219
v 0.246641 1.064405 0.025924
v 0.334093 0.751874 0.071015
v 0.241665 1.091688 0.051369
v 0.321093 0.775743 0.068251
v 0.308441 0.802670 0.065562
v 0.296110 0.832706 0.062941
v 0.284451 0.865096 0.060463
v 0.273766 0.899067 0.058192
v 0.264312 0.933822 0.056182
v 0.256312 0.968553 0.054482
v 0.249943 1.002444 0.053128
v 0.245340 1.034672 0.052150
v 0.242581 1.064405 0.051563
v 0.324840 0.751874 0.105548
v 0.234972 1.091688 0.076348
v 0.312200 0.775743 0.101441
v 0.299899 0.802670 0.097444
v 0.287909 0.832706 0.093548
v 0.276573 0.865096 0.089865
v 0.266183 0.899067 0.086489
v 0.256992 0.933822 0.083503
v 0.249213 0.968553 0.080975
v 0.243021 1.002444 0.078963
v 0.238545 1.034672 0.077509
v 0.235862 1.064405 0.076637
v 0.312028 0.751873 0.138925
v 0.225704 1.091688 0.100491
v 0.299886 0.775743 0.133519
v 0.288070 0.802670 0.128258
v 0.276554 0.832706 0.123131
v 0.265665 0.865096 0.118283
v 0.255685 0.899067 0.113839
v 0.246856 0.933822 0.109908
v 0.239384 0.968553 0.106582
v 0.233435 1.002444 0.103933
v 0.229136 1.034672 0.102019
v 0.226559 1.064405 0.100872
v 0.295797 0.751874 0.170780
v 0.213964 1.091688 0.123533
v 0.284287 0.775743 0.164134
v 0.273086 0.802670 0.157667
v 0.262168 0.832706 0.151364
v 0.251845 0.865096 0.145404
v 0.242385 0.899067 0.139942
v 0.234015 0.933822 0.135110
v 0.226931 0.968553 0.131020
v 0.221293 1.002444 0.127765
v 0.217217 1.034672 0.125411
v 0.214774 1.064405 0.124001
v 0.276325 0.751874 0.200763
v 0.199879 1.091688 0.145222
v 0.265573 0.775743 0.192951
v 0.255109 0.802670 0.185349
v 0.244910 0.832706 0.177939
v 0.235267 0.865096 0.170933
v 0.226429 0.899067 0.164511
v 0.218610 0.933822 0.158831
v 0.211993 0.968553 0.154023
v 0.206726 1.002444 0.150196
v 0.202918 1.034672 0.147430
v 0.200636 1.064405 0.145772
v 0.253826 0.751874 0.228547
v 0.183604 1.091688 0.165319
v 0.243950 0.775743 0.219654
v 0.234338 0.802670 0.211000
v 0.224969 0.832706 0.202564
v 0.216111 0.865096 0.194588
v 0.207993 0.899067 0.187278
v 0.200811 0.933822 0.180812
v 0.194732 0.968553 0.175339
v 0.189893 1.002444 0.170982
v 0.186396 1.034672 0.167833
v 0.184300 1.064405 0.165946
v 0.228546 0.751874 0.253827
v 0.165318 1.091688 0.183605
v 0.219653 0.775743 0.243951
v 0.210998 0.802670 0.234339
v 0.202563 0.832706 0.224970
v 0.194587 0.865096 0.216112
v 0.187277 0.899067 0.207994
v 0.180811 0.933822 0.200812
v 0.175338 0.968553 0.194733
v 0.170981 1.002444 0.189895
v 0.167832 1.034672 0.186397
v 0.165944 1.064405 0.184301
v 0.200762 0.751874 0.276326
v 0.145221 1.091688 0.199880
v 0.192950 0.775743 0.265574
v 0.185348 0.802670 0.255110
v 0.177938 0.832706 0.244911
v 0.170932 0.865096 0.235268
v 0.164510 0.899067 0.226430
v 0.158830 0.933822 0.218611
v 0.154022 0.968553 0.211994
v 0.150195 1.002444 0.206727
v 0.147429 1.034672 0.202919
v 0.145771 1.064405 0.200637
v 0.170779 0.751874 0.295798
v 0.123532 1.091688 0.213965
v 0.164133 0.775743 0.284288
v 0.157666 0.802670 0.273087
v 0.151363 0.832706 0.262169
v 0.145403 0.865096 0.251847
v 0.139941 0.899066 0.242386
v 0.135109 0.933822 0.234016
v 0.131019 0.968553 0.226933
v 0.127763 1.002444 0.221294
v 0.125410 1.034672 0.217218
v 0.124000 1.064405 0.214775
v 0.138924 0.751874 0.312029
v 0.100490 1.091688 0.225705
v 0.133518 0.775743 0.299887
v 0.128257 0.802670 0.288071
v 0.123130 0.832706 0.276555
v 0.118282 0.865096 0.265666
v 0.113838 0.899066 0.255686
v 0.109907 0.933822 0.246857
v 0.106581 0.968553 0.239385
v 0.103932 1.002444 0.233437
v 0.102018 1.034672 0.229137
v 0.100871 1.064405 0.226560
v 0.105547 0.751874 0.324841
v 0.076347 1.091688 0.234973
v 0.101440 0.775743 0.312201
v 0.097443 0.802670 0.299900
v 0.093547 0.832706 0.287910
v 0.089864 0.865096 0.276574
v 0.086488 0.899066 0.266184
v 0.083502 0.933822 0.256993
v 0.080974 0.968553 0.249214
v 0.078962 1.002444 0.243022
v 0.077508 1.034672 0.238546
v 0.076636 1.064405 0.235863
v 0.071014 0.751874 0.334094
v 0.051368 1.091688 0.241666
v 0.068251 0.775743 0.321094
v 0.065561 0.802670 0.308443
v 0.062940 0.832706 0.296111
v 0.060462 0.865096 0.284452
v 0.058191 0.899067 0.273767
v 0.056181 0.933822 0.264313
v 0.054481 0.968553 0.256313
v 0.053127 1.002444 0.249944
v 0.052149 1.034672 0.245341
v 0.051562 1.064405 0.242582
v 0.035703 0.751874 0.339687
v 0.025825 1.091688 0.245712
v 0.034313 0.775743 0.326469
v 0.032961 0.802670 0.313606
v 0.031644 0.832706 0.301068
v 0.030398 0.865096 0.289214
v 0.029256 0.899067 0.278350
v 0.028245 0.933822 0.268738
v 0.027390 0.968553 0.260604
v 0.026710 1.002444 0.254128
v 0.026218 1.034672 0.249448
v 0.025923 1.064405 0.246643
v 0.000000 0.751874 0.341558
v 0.000000 1.091688 0.247065
v 0.000000 0.775743 0.328268
v 0.000000 0.802670 0.315333
v 0.000000 0.832706 0.302727
v 0.000000 0.865096 0.290807
v 0.000000 0.899066 0.279883
v 0.000000 0.933822 0.270218
v 0.000000 0.968553 0.262039
v 0.000000 1.002444 0.255528
v 0.000000 1.034672 0.250822
v 0.000000 1.064405 0.248001
v -0.035702 0.751874 0.339687
v -0.025825 1.091688 0.245712
v -0.034313 0.775743 0.326469
v -0.032961 0.802670 0.313606
v -0.031643 0.832706 0.301068
v -0.030397 0.865096 0.289214
v -0.029255 0.899066 0.278350
v -0.028245 0.933822 0.268738
v -0.027390 0.968553 0.260604
v -0.026710 1.002444 0.254128
v -0.026218 1.034672 0.249448
v -0.025923 1.064405 0.246643
v -0.071013 0.751874 0.334094
v -0.051367 1.091688 0.241666
v -0.068250 0.775743 0.321094
v -0.065561 0.802670 0.308443
v -0.062940 0.832706 0.296112
v -0.060462 0.865096 0.284453
v -0.058190 0.899067 0.273767
v -0.056181 0.933822 0.264314
v -0.054481 0.968553 0.256313
v -0.053127 1.002444 0.249944
v -0.052148 1.034672 0.245341
v -0.051562 1.064405 0.242582
v -0.105547 0.751874 0.324841
v -0.076347 1.091688 0.234973
v -0.101440 0.775743 0.312201
v -0.097443 0.802670 0.299900
v -0.093547 0.832706 0.287910
v -0.089864 0.865096 0.276574
v -0.086488 0.899067 0.266185
v -0.083502 0.933822 0.256993
v -0.080974 0.968553 0.249214
v -0.078962 1.002444 0.243022
v -0.077508 1.034672 0.238546
v -0.076636 1.064405 0.235863
v -0.138924 0.751874 0.312029
v -0.100490 1.091688 0.225706
v -0.133518 0.775743 0.299888
v -0.128257 0.802670 0.288072
v -0.123129 0.832706 0.276555
v -0.118281 0.865096 0.265666
v -0.113838 0.899067 0.255686
v -0.109907 0.933822 0.246857
v -0.106580 0.968553 0.239385
v -0.103932 1.002444 0.233437
v -0.102018 1.034672 0.229137
v -0.100871 1.064405 0.226561
v -0.170778 0.751874 0.295798
v -0.123532 1.091688 0.213965
v -0.164133 0.775743 0.284288
v -0.157666 0.802670 0.273087
v -0.151363 0.832706 0.262169
v -0.145403 0.865096 0.251847
v -0.139941 0.899067 0.242386
v -0.135109 0.933822 0.234016
v -0.131019 0.968553 0.226933
v -0.127763 1.002444 0.221294
v -0.125410 1.034672 0.217218
v -0.124000 1.064405 0.214776
v -0.200762 0.751874 0.276327
v -0.145221 1.091688 0.199881
v -0.192950 0.775743 0.265575
v -0.185347 0.802670 0.255111
v -0.177937 0.832706 0.244912
v -0.170931 0.865096 0.235269
v -0.164510 0.899067 0.226430
v -0.158830 0.933822 0.218612
v -0.154022 0.968553 0.211995
v -0.150195 1.002444 0.206727
v -0.147428 1.034672 0.202920
v -0.145771 1.064405 0.200638
v -0.228546 0.751873 0.253828
v -0.165318 1.091688 0.183606
v -0.219653 0.775743 0.243951
v -0.210998 0.802670 0.234339
v -0.202563 0.832706 0.224970
v -0.194587 0.865096 0.216113
v -0.187277 0.899067 0.207994
v -0.180811 0.933822 0.200812
v -0.175338 0.968553 0.194734
v -0.170981 1.002444 0.189895
v -0.167832 1.034672 0.186397
v -0.165944 1.064405 0.184301
v -0.253826 0.751874 0.228548
v -0.183604 1.091688 0.165320
v -0.243949 0.775743 0.219655
v -0.234337 0.802670 0.211000
v -0.224969 0.832706 0.202564
v -0.216111 0.865096 0.194589
v -0.207993 0.899066 0.187279
v -0.200810 0.933822 0.180812
v -0.194732 0.968553 0.175339
v -0.189893 1.002444 0.170982
v -0.186396 1.034672 0.167833
v -0.184300 1.064405 0.165946
v -0.276325 0.751874 0.200764
v -0.199879 1.091688 0.145222
v -0.265573 0.775743 0.192952
v -0.255109 0.802670 0.185349
v -0.244910 0.832706 0.177939
v -0.235267 0.865096 0.170933
v -0.226429 0.899066 0.164512
v -0.218610 0.933822 0.158831
v -0.211993 0.968553 0.154024
v -0.206726 1.002444 0.150196
v -0.202918 1.034672 0.147430
v -0.200636 1.064405 0.145772
v -0.295797 0.751874 0.170780
v -0.213964 1.091688 0.123534
v -0.284287 0.775743 0.164135
v -0.273086 0.802670 0.157668
v -0.262168 0.832706 0.151364
v -0.251845 0.865096 0.145405
v -0.242385 0.899067 0.139942
v -0.234015 0.933822 0.135110
v -0.226932 0.968553 0.131021
v -0.221293 1.002444 0.127765
v -0.217217 1.034672 0.125412
v -0.214774 1.064405 0.124002
v -0.312028 0.751874 0.138925
v -0.225704 1.091688 0.100492
v -0.299886 0.775743 0.133520
v -0.288070 0.802670 0.128259
v -0.276554 0.832706 0.123131
v -0.265665 0.865096 0.118283
v -0.255685 0.899067 0.113840
v -0.246856 0.933822 0.109909
v -0.239384 0.968553 0.106582
v -0.233435 1.002444 0.103934
v -0.229136 1.034672 0.102020
v -0.226559 1.064405 0.100872
v -0.324840 0.751874 0.105549
v -0.234972 1.091688 0.076349
v -0.312200 0.775743 0.101442
v -0.299899 0.802670 0.097445
v -0.287909 0.832706 0.093549
v -0.276573 0.865096 0.089866
v -0.266183 0.899067 0.086490
v -0.256992 0.933822 0.083503
v -0.249213 0.968553 0.080976
v -0.243021 1.002444 0.078964
v -0.238545 1.034672 0.077510
v -0.235862 1.064405 0.076638
v -0.334093 0.751874 0.071016
v -0.241665 1.091688 0.051369
v -0.321093 0.775743 0.068252
v -0.308442 0.802670 0.065563
v -0.296110 0.832706 0.062942
v -0.284451 0.865096 0.060464
v -0.273766 0.899067 0.058192
v -0.264313 0.933822 0.056183
v -0.256312 0.968553 0.054482
v -0.249943 1.002444 0.053129
v -0.245340 1.034672 0.052150
v -0.242581 1.064405 0.051564
v -0.339686 0.751874 0.035704
v -0.245711 1.091688 0.025827
v -0.326468 0.775743 0.034315
v -0.313605 0.802670 0.032963
v -0.301068 0.832706 0.031645
v -0.289213 0.865096 0.030399
v -0.278349 0.899066 0.029257
v -0.268737 0.933822 0.028247
v -0.260603 0.968553 0.027392
v -0.254127 1.002444 0.026712
v -0.249447 1.034672 0.026220
v -0.246642 1.064405 0.025925
v -0.341557 0.751874 0.000002
v -0.247064 1.091688 0.000002
v -0.328267 0.775743 0.000002
v -0.315333 0.802670 0.000002
v -0.302726 0.832706 0.000002
v -0.290807 0.865096 0.000002
v -0.279882 0.899067 0.000002
v -0.270218 0.933822 0.000002
v -0.262038 0.968553 0.000002
v -0.255527 1.002444 0.000002
v -0.250821 1.034672 0.000002
v -0.248000 1.064405 0.000002
v -0.339686 0.751874 -0.035701
v -0.245711 1.091688 -0.025824
v -0.326469 0.775743 -0.034311
v -0.313605 0.802670 -0.032959
v -0.301068 0.832706 -0.031642
v -0.289213 0.865096 -0.030396
v -0.278349 0.899067 -0.029254
v -0.268737 0.933822 -0.028244
v -0.260603 0.968553 -0.027389
v -0.254128 1.002444 -0.026708
v -0.249447 1.034672 -0.026216
v -0.246642 1.064405 -0.025921
v -0.334094 0.751874 -0.071012
v -0.241666 1.091688 -0.051366
v -0.321094 0.775743 -0.068248
v -0.308442 0.802670 -0.065559
v -0.296111 0.832706 -0.062938
v -0.284452 0.865096 -0.060460
v -0.273766 0.899067 -0.058189
v -0.264313 0.933822 -0.056179
v -0.256312 0.968553 -0.054479
v -0.249944 1.002444 -0.053125
v -0.245340 1.034672 -0.052147
v -0.242581 1.064405 -0.051560
v -0.324841 0.751874 -0.105545
v -0.234973 1.091688 -0.076345
v -0.312201 0.775743 -0.101438
v -0.299900 0.802670 -0.097441
v -0.287910 0.832706 -0.093545
v -0.276574 0.865096 -0.089862
v -0.266184 0.899067 -0.086486
v -0.256993 0.933822 -0.083500
v -0.249214 0.968553 -0.080972
v -0.243021 1.002444 -0.078960
v -0.238545 1.034672 -0.077506
v -0.235863 1.064405 -0.076634
v -0.312029 0.751874 -0.138922
v -0.225705 1.091688 -0.100488
v -0.299887 0.775743 -0.133516
v -0.288071 0.802670 -0.128255
v -0.276554 0.832706 -0.123128
v -0.265665 0.865096 -0.118280
v -0.255685 0.899067 -0.113836
v -0.246856 0.933822 -0.109906
v -0.239384 0.968553 -0.106579
v -0.233436 1.002444 -0.103930
v -0.229137 1.034672 -0.102016
v -0.226560 1.064405 -0.100869
v -0.295798 0.751874 -0.170777
v -0.213964 1.091688 -0.123530
v -0.284288 0.775743 -0.164131
v -0.273087 0.802670 -0.157664
v -0.262169 0.832706 -0.151361
v -0.251846 0.865096 -0.145401
v -0.242385 0.899067 -0.139939
v -0.234016 0.933822 -0.135107
v -0.226932 0.968553 -0.131017
v -0.221294 1.002444 -0.127762
v -0.217218 1.034672 -0.125409
v -0.214775 1.064405 -0.123998
v -0.276326 0.751874 -0.200760
v -0.199880 1.091688 -0.145219
v -0.265574 0.775743 -0.192948
v -0.255110 0.802670 -0.185346
v -0.244911 0.832706 -0.177936
v -0.235268 0.865096 -0.170930
v -0.226430 0.899067 -0.164509
v -0.218611 0.933822 -0.158828
v -0.211994 0.968553 -0.154020
v -0.206726 1.002444 -0.150193
v -0.202919 1.034672 -0.147427
v -0.200637 1.064405 -0.145769
v -0.253827 0.751874 -0.228544
v -0.183605 1.091688 -0.165317
v -0.243951 0.775743 -0.219651
v -0.234339 0.802670 -0.210997
v -0.224970 0.832706 -0.202561
v -0.216112 0.865096 -0.194586
v -0.207994 0.899067 -0.187276
v -0.200812 0.933822 -0.180809
v -0.194733 0.968553 -0.175336
v -0.189894 1.002444 -0.170979
v -0.186397 1.034672 -0.167830
v -0.184301 1.064405 -0.165943
v -0.228547 0.751874 -0.253825
v -0.165319 1.091688 -0.183603
v -0.219654 0.775743 -0.243948
v -0.211000 0.802670 -0.234336
v -0.202564 0.832706 -0.224967
v -0.194588 0.865097 -0.216110
v -0.187278 0.899067 -0.207991
v -0.180812 0.933822 -0.200809
v -0.175339 0.968553 -0.194731
v -0.170982 1.002444 -0.189892
v -0.167833 1.034672 -0.186395
v -0.165945 1.064405 -0.184298
v -0.200763 0.751874 -0.276324
v -0.145222 1.091688 -0.199878
v -0.192951 0.775743 -0.265572
v -0.185349 0.802670 -0.255108
v -0.177939 0.832706 -0.244909
v -0.170933 0.865096 -0.235266
v -0.164511 0.899067 -0.226427
v -0.158831 0.933822 -0.218609
v -0.154023 0.968553 -0.211992
v -0.150196 1.002444 -0.206724
v -0.147430 1.034672 -0.202917
v -0.145772 1.064405 -0.200635
v -0.170780 0.751874 -0.295795
v -0.123533 1.091688 -0.213962
v -0.164135 0.775743 -0.284286
v -0.157668 0.802670 -0.273084
v -0.151364 0.832706 -0.262167
v -0.145404 0.865096 -0.251844
v -0.139942 0.899067 -0.242383
v -0.135110 0.933822 -0.234014
v -0.131020 0.968553 -0.226930
v -0.127765 1.002444 -0.221291
v -0.125411 1.034672 -0.217216
v -0.124001 1.064405 -0.214773
v -0.138925 0.751874 -0.312026
v -0.100491 1.091688 -0.225703
v -0.133520 0.775743 -0.299885
v -0.128259 0.802670 -0.288069
v -0.123131 0.832706 -0.276552
v -0.118283 0.865096 -0.265663
v -0.113839 0.899067 -0.255683
v -0.109909 0.933822 -0.246854
v -0.106582 0.968553 -0.239382
v -0.103933 1.002444 -0.233434
v -0.102019 1.034672 -0.229135
v -0.100872 1.064405 -0.226558
v -0.105549 0.751874 -0.324839
v -0.076348 1.091688 -0.234971
v -0.101441 0.775743 -0.312199
v -0.097445 0.802670 -0.299898
v -0.093549 0.832706 -0.287908
v -0.089865 0.865096 -0.276572
v -0.086490 0.899067 -0.266182
v -0.083503 0.933822 -0.256991
v -0.080975 0.968553 -0.249212
v -0.078963 1.002444 -0.243019
v -0.077509 1.034672 -0.238543
v -0.076637 1.064405 -0.235861
v -0.071015 0.751874 -0.334092
v -0.051369 1.091688 -0.241664
v -0.068252 0.775743 -0.321092
v -0.065563 0.802671 -0.308440
v -0.062942 0.832706 -0.296109
v -0.060463 0.865097 -0.284450
v -0.058192 0.899067 -0.273764
v -0.056183 0.933822 -0.264311
v -0.054482 0.968553 -0.256311
v -0.053128 1.002444 -0.249942
v -0.052150 1.034672 -0.245338
v -0.051563 1.064405 -0.242580
v -0.035704 0.751874 -0.339685
v -0.025826 1.091688 -0.245710
v -0.034315 0.775743 -0.326467
v -0.032963 0.802670 -0.313604
v -0.031645 0.832706 -0.301066
v -0.030399 0.865097 -0.289212
v -0.029257 0.899067 -0.278347
v -0.028247 0.933822 -0.268736
v -0.027392 0.968553 -0.260602
v -0.026711 1.002444 -0.254126
v -0.026219 1.034672 -0.249446
v -0.025924 1.064405 -0.246640
v -0.055441 1.512847 -0.260821
v -0.051368 1.453161 -0.241662
v -0.054900 1.509029 -0.258278
v -0.054398 1.504840 -0.255915
v -0.053861 1.499694 -0.253390
v -0.053329 1.493842 -0.250884
v -0.052828 1.487525 -0.248529
v -0.052382 1.480985 -0.246430
v -0.052007 1.474471 -0.244666
v -0.051715 1.468238 -0.243294
v -0.051514 1.462564 -0.242347
v -0.051403 1.457758 -0.241824
v -0.076348 1.453161 -0.234969
v -0.082400 1.512847 -0.253597
v -0.076399 1.457758 -0.235126
v -0.076564 1.462564 -0.235635
v -0.076863 1.468238 -0.236556
v -0.077297 1.474471 -0.237890
v -0.077854 1.480985 -0.239605
v -0.078517 1.487525 -0.241646
v -0.079261 1.493842 -0.243935
v -0.080053 1.499694 -0.246372
v -0.080851 1.504840 -0.248827
v -0.081597 1.509029 -0.251125
v -0.100490 1.453161 -0.225701
v -0.108457 1.512847 -0.243595
v -0.100558 1.457758 -0.225852
v -0.100775 1.462564 -0.226341
v -0.101169 1.468238 -0.227225
v -0.101740 1.474471 -0.228507
v -0.102473 1.480985 -0.230154
v -0.103346 1.487525 -0.232115
v -0.104325 1.493842 -0.234314
v -0.105367 1.499694 -0.236655
v -0.106417 1.504840 -0.239013
v -0.107400 1.509029 -0.241220
v -0.133326 1.512847 -0.230923
v -0.123532 1.453161 -0.213960
v -0.132026 1.509029 -0.228672
v -0.130818 1.504840 -0.226580
v -0.129527 1.499694 -0.224344
v -0.128246 1.493842 -0.222125
v -0.127042 1.487525 -0.220041
v -0.125969 1.480985 -0.218182
v -0.125068 1.474471 -0.216620
v -0.124366 1.468238 -0.215406
v -0.123882 1.462564 -0.214567
v -0.123615 1.457758 -0.214104
v -0.145220 1.453161 -0.199876
v -0.156733 1.512847 -0.215722
v -0.145318 1.457758 -0.200010
v -0.145632 1.462564 -0.200442
v -0.146201 1.468238 -0.201226
v -0.147026 1.474471 -0.202361
v -0.148086 1.480985 -0.203820
v -0.149347 1.487525 -0.205556
v -0.150762 1.493842 -0.207503
v -0.152268 1.499694 -0.209576
v -0.153785 1.504840 -0.211665
v -0.155205 1.509029 -0.213619
v -0.165318 1.453161 -0.183601
v -0.178424 1.512847 -0.198157
v -0.165429 1.457758 -0.183725
v -0.165786 1.462564 -0.184122
v -0.166434 1.468238 -0.184841
v -0.167373 1.474471 -0.185884
v -0.168580 1.480985 -0.187224
v -0.170015 1.487525 -0.188819
v -0.171626 1.493842 -0.190607
v -0.173341 1.499694 -0.192512
v -0.175068 1.504840 -0.194430
v -0.176685 1.509029 -0.196225
v -0.198160 1.512847 -0.178421
v -0.183604 1.453161 -0.165315
v -0.196228 1.509029 -0.176682
v -0.194433 1.504840 -0.175065
v -0.192514 1.499694 -0.173338
v -0.190610 1.493842 -0.171623
v -0.188821 1.487525 -0.170013
v -0.187226 1.480986 -0.168577
v -0.185886 1.474471 -0.167370
v -0.184844 1.468238 -0.166432
v -0.184124 1.462564 -0.165784
v -0.183727 1.457758 -0.165426
v -0.199878 1.453161 -0.145218
v -0.215724 1.512847 -0.156731
v -0.200012 1.457758 -0.145315
v -0.200445 1.462564 -0.145629
v -0.201228 1.468238 -0.146198
v -0.202363 1.474471 -0.147023
v -0.203822 1.480986 -0.148083
v -0.205558 1.487525 -0.149344
v -0.207505 1.493842 -0.150759
v -0.209579 1.499694 -0.152265
v -0.211667 1.504840 -0.153783
v -0.213621 1.509029 -0.155203
v -0.213963 1.453161 -0.123529
v -0.230925 1.512847 -0.133323
v -0.214106 1.457758 -0.123612
v -0.214569 1.462564 -0.123879
v -0.215408 1.468238 -0.124364
v -0.216622 1.474471 -0.125065
v -0.218184 1.480986 -0.125967
v -0.220043 1.487525 -0.127040
v -0.222127 1.493842 -0.128243
v -0.224347 1.499694 -0.129524
v -0.226582 1.504840 -0.130815
v -0.228674 1.509029 -0.132023
v -0.243597 1.512847 -0.108454
v -0.225703 1.453161 -0.100487
v -0.241222 1.509029 -0.107397
v -0.239015 1.504840 -0.106414
v -0.236657 1.499694 -0.105364
v -0.234316 1.493842 -0.104322
v -0.232117 1.487525 -0.103343
v -0.230156 1.480985 -0.102470
v -0.228509 1.474471 -0.101737
v -0.227227 1.468238 -0.101166
v -0.226343 1.462564 -0.100772
v -0.225854 1.457758 -0.100555
v -0.234970 1.453161 -0.076345
v -0.253599 1.512847 -0.082397
v -0.235128 1.457758 -0.076396
v -0.235636 1.462564 -0.076561
v -0.236557 1.468238 -0.076860
v -0.237891 1.474471 -0.077294
v -0.239607 1.480985 -0.077851
v -0.241647 1.487525 -0.078514
v -0.243937 1.493842 -0.079258
v -0.246374 1.499694 -0.080050
v -0.248829 1.504840 -0.080847
v -0.251127 1.509029 -0.081594
v -0.241663 1.453161 -0.051365
v -0.260823 1.512847 -0.055438
v -0.241826 1.457758 -0.051400
v -0.242348 1.462564 -0.051511
v -0.243296 1.468238 -0.051712
v -0.244668 1.474471 -0.052004
v -0.246432 1.480985 -0.052379
v -0.248531 1.487525 -0.052825
v -0.250885 1.493842 -0.053325
v -0.253392 1.499694 -0.053858
v -0.255917 1.504840 -0.054395
v -0.258280 1.509029 -0.054897
v -0.265189 1.512847 -0.027871
v -0.245709 1.453161 -0.025823
v -0.262603 1.509029 -0.027599
v -0.260201 1.504840 -0.027346
v -0.257634 1.499694 -0.027077
v -0.255085 1.493842 -0.026809
v -0.252691 1.487525 -0.026557
v -0.250557 1.480986 -0.026333
v -0.248763 1.474471 -0.026144
v -0.247368 1.468238 -0.025998
v -0.246405 1.462564 -0.025896
v -0.245874 1.457758 -0.025841
v -0.247062 1.453161 0.000002
v -0.266649 1.512847 0.000002
v -0.247228 1.457758 0.000002
v -0.247763 1.462564 0.000002
v -0.248731 1.468238 0.000002
v -0.250134 1.474471 0.000002
v -0.251937 1.480986 0.000002
v -0.254083 1.487525 0.000002
v -0.256490 1.493842 0.000002
v -0.259053 1.499694 0.000002
v -0.261634 1.504840 0.000002
v -0.264050 1.509029 0.000002
v -0.245709 1.453161 0.025827
v -0.265188 1.512847 0.027874
v -0.245874 1.457758 0.025844
v -0.246405 1.462564 0.025900
v -0.247368 1.468238 0.026001
v -0.248763 1.474471 0.026148
v -0.250557 1.480986 0.026336
v -0.252691 1.487525 0.026561
v -0.255085 1.493842 0.026812
v -0.257633 1.499694 0.027080
v -0.260201 1.504840 0.027350
v -0.262603 1.509029 0.027603
v -0.260822 1.512847 0.055441
v -0.241663 1.453161 0.051369
v -0.258280 1.509029 0.054901
v -0.255916 1.504840 0.054398
v -0.253392 1.499694 0.053862
v -0.250885 1.493842 0.053329
v -0.248530 1.487525 0.052828
v -0.246431 1.480986 0.052382
v -0.244667 1.474471 0.052007
v -0.243295 1.468238 0.051716
v -0.242348 1.462564 0.051514
v -0.241825 1.457758 0.051403
v -0.234970 1.453161 0.076348
v -0.253598 1.512847 0.082401
v -0.235128 1.457758 0.076399
v -0.235636 1.462564 0.076564
v -0.236557 1.468238 0.076864
v -0.237891 1.474471 0.077297
v -0.239606 1.480986 0.077854
v -0.241647 1.487525 0.078517
v -0.243936 1.493842 0.079261
v -0.246374 1.499694 0.080053
v -0.248829 1.504840 0.080851
v -0.251126 1.509029 0.081597
v -0.225702 1.453161 0.100491
v -0.243596 1.512847 0.108458
v -0.225854 1.457758 0.100558
v -0.226342 1.462564 0.100776
v -0.227227 1.468238 0.101169
v -0.228508 1.474471 0.101740
v -0.230156 1.480986 0.102474
v -0.232116 1.487525 0.103346
v -0.234315 1.493842 0.104325
v -0.236656 1.499694 0.105368
v -0.239014 1.504840 0.106418
v -0.241221 1.509029 0.107400
v -0.230925 1.512847 0.133326
v -0.213962 1.453161 0.123532
v -0.228674 1.509029 0.132026
v -0.226581 1.504840 0.130818
v -0.224346 1.499694 0.129528
v -0.222127 1.493842 0.128246
v -0.220042 1.487525 0.127043
v -0.218184 1.480986 0.125970
v -0.216622 1.474471 0.125068
v -0.215407 1.468238 0.124367
v -0.214568 1.462564 0.123883
v -0.214106 1.457758 0.123615
v -0.199877 1.453161 0.145221
v -0.215723 1.512847 0.156734
v -0.200011 1.457758 0.145318
v -0.200444 1.462564 0.145632
v -0.201227 1.468238 0.146202
v -0.202362 1.474471 0.147026
v -0.203821 1.480986 0.148086
v -0.205557 1.487525 0.149348
v -0.207504 1.493842 0.150762
v -0.209578 1.499694 0.152269
v -0.211666 1.504840 0.153786
v -0.213621 1.509029 0.155206
v -0.183603 1.453161 0.165318
v -0.198159 1.512847 0.178424
v -0.183726 1.457758 0.165429
v -0.184123 1.462564 0.165787
v -0.184843 1.468238 0.166435
v -0.185885 1.474471 0.167373
v -0.187225 1.480986 0.168580
v -0.188820 1.487525 0.170016
v -0.190609 1.493842 0.171626
v -0.192513 1.499694 0.173341
v -0.194432 1.504840 0.175069
v -0.196227 1.509029 0.176685
v -0.178423 1.512847 0.198160
v -0.165317 1.453161 0.183604
v -0.176684 1.509029 0.196229
v -0.175067 1.504840 0.194433
v -0.173340 1.499694 0.192515
v -0.171625 1.493842 0.190610
v -0.170014 1.487525 0.188822
v -0.168579 1.480986 0.187227
v -0.167372 1.474471 0.185887
v -0.166433 1.468238 0.184844
v -0.165785 1.462564 0.184125
v -0.165428 1.457758 0.183728
v -0.145219 1.453161 0.199879
v -0.156732 1.512847 0.215725
v -0.145317 1.457758 0.200013
v -0.145631 1.462564 0.200445
v -0.146200 1.468238 0.201229
v -0.147024 1.474471 0.202363
v -0.148085 1.480986 0.203823
v -0.149346 1.487525 0.205559
v -0.150761 1.493842 0.207506
v -0.152267 1.499694 0.209579
v -0.153784 1.504840 0.211668
v -0.155204 1.509029 0.213622
v -0.123531 1.453161 0.213963
v -0.133324 1.512847 0.230926
v -0.123614 1.457758 0.214107
v -0.123881 1.462564 0.214570
v -0.124365 1.468238 0.215408
v -0.125066 1.474471 0.216623
v -0.125968 1.480986 0.218185
v -0.127041 1.487525 0.220043
v -0.128245 1.493842 0.222128
v -0.129526 1.499694 0.224347
v -0.130817 1.504840 0.226583
v -0.132025 1.509029 0.228675
v -0.108456 1.512847 0.243597
v -0.100489 1.453161 0.225704
v -0.107399 1.509029 0.241222
v -0.106416 1.504840 0.239015
v -0.105366 1.499694 0.236657
v -0.104324 1.493842 0.234316
v -0.103345 1.487525 0.232117
v -0.102472 1.480985 0.230157
v -0.101738 1.474471 0.228509
v -0.101168 1.468238 0.227228
v -0.100774 1.462564 0.226343
v -0.100557 1.457758 0.225855
v -0.076346 1.453161 0.234971
v -0.082399 1.512847 0.253599
v -0.076398 1.457758 0.235129
v -0.076563 1.462564 0.235637
v -0.076862 1.468238 0.236558
v -0.077295 1.474471 0.237892
v -0.077853 1.480986 0.239607
v -0.078516 1.487525 0.241648
v -0.079260 1.493842 0.243937
v -0.080052 1.499694 0.246375
v -0.080849 1.504840 0.248830
v -0.081596 1.509029 0.251127
v -0.051367 1.453161 0.241664
v -0.055439 1.512847 0.260823
v -0.051401 1.457758 0.241827
v -0.051513 1.462564 0.242349
v -0.051714 1.468238 0.243296
v -0.052006 1.474471 0.244668
v -0.052380 1.480985 0.246433
v -0.052827 1.487525 0.248532
v -0.053327 1.493842 0.250886
v -0.053860 1.499694 0.253393
v -0.054397 1.504840 0.255918
v -0.054899 1.509029 0.258281
v -0.027872 1.512847 0.265189
v -0.025825 1.453161 0.245710
v -0.027601 1.509029 0.262604
v -0.027348 1.504840 0.260202
v -0.027078 1.499694 0.257634
v -0.026810 1.493842 0.255086
v -0.026559 1.487525 0.252692
v -0.026334 1.480985 0.250558
v -0.026146 1.474471 0.248764
v -0.025999 1.468238 0.247369
v -0.025898 1.462564 0.246406
v -0.025842 1.457758 0.245875
v 0.000000 1.453161 0.247063
v 0.000000 1.512847 0.266650
v 0.000000 1.457758 0.247229
v 0.000000 1.462564 0.247763
v 0.000000 1.468238 0.248732
v 0.000000 1.474471 0.250134
v 0.000000 1.480986 0.251938
v 0.000000 1.487525 0.254084
v 0.000000 1.493842 0.256491
v 0.000000 1.499694 0.259053
v 0.000000 1.504840 0.261635
v 0.000000 1.509029 0.264051
v 0.025825 1.453161 0.245710
v 0.027872 1.512847 0.265189
v 0.025842 1.457758 0.245875
v 0.025898 1.462564 0.246406
v 0.025999 1.468238 0.247369
v 0.026146 1.474471 0.248764
v 0.026335 1.480986 0.250558
v 0.026559 1.487525 0.252692
v 0.026811 1.493842 0.255086
v 0.027078 1.499694 0.257634
v 0.027348 1.504840 0.260202
v 0.027601 1.509029 0.262604
v 0.055440 1.512847 0.260823
v 0.051367 1.453161 0.241664
v 0.054899 1.509029 0.258281
v 0.054397 1.504840 0.255917
v 0.053860 1.499694 0.253392
v 0.053327 1.493842 0.250886
v 0.052827 1.487525 0.248531
v 0.052381 1.480985 0.246432
v 0.052006 1.474471 0.244668
v 0.051714 1.468238 0.243296
v 0.051513 1.462564 0.242349
v 0.051402 1.457758 0.241826
v 0.076346 1.453161 0.234971
v 0.082399 1.512847 0.253599
v 0.076398 1.457758 0.235129
v 0.076563 1.462564 0.235637
v 0.076862 1.468238 0.236558
v 0.077295 1.474471 0.237892
v 0.077853 1.480985 0.239607
v 0.078516 1.487525 0.241648
v 0.079260 1.493842 0.243937
v 0.080052 1.499694 0.246374
v 0.080849 1.504840 0.248829
v 0.081596 1.509029 0.251127
v 0.100489 1.453161 0.225703
v 0.108456 1.512847 0.243597
v 0.100557 1.457758 0.225855
v 0.100774 1.462564 0.226343
v 0.101168 1.468238 0.227228
v 0.101738 1.474471 0.228509
v 0.102472 1.480986 0.230157
v 0.103345 1.487525 0.232117
v 0.104324 1.493842 0.234316
v 0.105366 1.499694 0.236657
v 0.106416 1.504840 0.239015
v 0.107399 1.509029 0.241222
v 0.133324 1.512847 0.230926
v 0.123531 1.453161 0.213963
v 0.132025 1.509029 0.228675
v 0.130817 1.504840 0.226582
v 0.129526 1.499694 0.224347
v 0.128245 1.493842 0.222128
v 0.127041 1.487525 0.220043
v 0.125968 1.480986 0.218185
v 0.125067 1.474471 0.216623
v 0.124365 1.468238 0.215408
v 0.123881 1.462564 0.214569
v 0.123614 1.457758 0.214107
v 0.145219 1.453161 0.199878
v 0.156732 1.512847 0.215725
v 0.145317 1.457758 0.200013
v 0.145631 1.462564 0.200445
v 0.146200 1.468238 0.201228
v 0.147025 1.474471 0.202363
v 0.148085 1.480986 0.203822
v 0.149346 1.487525 0.205558
v 0.150761 1.493842 0.207505
v 0.152267 1.499694 0.209579
v 0.153784 1.504840 0.211667
v 0.155205 1.509029 0.213622
v 0.165317 1.453161 0.183604
v 0.178423 1.512847 0.198160
v 0.165428 1.457758 0.183727
v 0.165785 1.462564 0.184124
v 0.166433 1.468238 0.184844
v 0.167372 1.474471 0.185886
v 0.168578 1.480986 0.187227
v 0.170014 1.487525 0.188821
v 0.171625 1.493842 0.190610
v 0.173340 1.499694 0.192514
v 0.175067 1.504840 0.194433
v 0.176684 1.509029 0.196228
v 0.198159 1.512847 0.178424
v 0.183603 1.453161 0.165318
v 0.196227 1.509029 0.176685
v 0.194432 1.504840 0.175068
v 0.192513 1.499694 0.173341
v 0.190609 1.493842 0.171626
v 0.188820 1.487525 0.170016
v 0.187225 1.480985 0.168580
v 0.185885 1.474471 0.167373
v 0.184843 1.468238 0.166434
v 0.184123 1.462564 0.165786
v 0.183726 1.457758 0.165429
v 0.199877 1.453161 0.145220
v 0.215723 1.512847 0.156733
v 0.200011 1.457758 0.145318
v 0.200444 1.462564 0.145632
v 0.201227 1.468238 0.146201
v 0.202362 1.474471 0.147026
v 0.203821 1.480985 0.148086
v 0.205557 1.487525 0.149347
v 0.207504 1.493842 0.150762
v 0.209578 1.499694 0.152268
v 0.211666 1.504840 0.153785
v 0.213621 1.509029 0.155205
v 0.213962 1.453161 0.123532
v 0.230925 1.512847 0.133326
v 0.214105 1.457758 0.123615
v 0.214568 1.462564 0.123882
v 0.215407 1.468238 0.124366
v 0.216622 1.474471 0.125068
v 0.218184 1.480985 0.125970
v 0.220042 1.487525 0.127042
v 0.222126 1.493842 0.128246
v 0.224346 1.499694 0.129527
v 0.226581 1.504840 0.130818
v 0.228674 1.509029 0.132026
v 0.243596 1.512847 0.108457
v 0.225702 1.453161 0.100490
v 0.241221 1.509029 0.107400
v 0.239014 1.504840 0.106417
v 0.236656 1.499694 0.105367
v 0.234315 1.493842 0.104325
v 0.232116 1.487525 0.103346
v 0.230156 1.480985 0.102473
v 0.228508 1.474471 0.101739
v 0.227227 1.468238 0.101169
v 0.226342 1.462564 0.100775
v 0.225854 1.457758 0.100558
v 0.234970 1.453161 0.076347
v 0.253598 1.512847 0.082400
v 0.235128 1.457758 0.076399
v 0.235636 1.462564 0.076564
v 0.236557 1.468238 0.076863
v 0.237891 1.474471 0.077296
v 0.239606 1.480986 0.077854
v 0.241647 1.487525 0.078517
v 0.243936 1.493842 0.079261
v 0.246373 1.499694 0.080053
v 0.248828 1.504840 0.080850
v 0.251126 1.509029 0.081597
v 0.241663 1.453161 0.051368
v 0.260822 1.512847 0.055440
v 0.241825 1.457758 0.051403
v 0.242348 1.462564 0.051514
v 0.243295 1.468238 0.051715
v 0.244667 1.474471 0.052007
v 0.246431 1.480986 0.052382
v 0.248530 1.487525 0.052828
v 0.250885 1.493842 0.053328
v 0.253391 1.499694 0.053861
v 0.255916 1.504840 0.054398
v 0.258279 1.509029 0.054900
v 0.265188 1.512847 0.027873
v 0.245708 1.453161 0.025826
v 0.262603 1.509029 0.027602
v 0.260200 1.504840 0.027349
v 0.257633 1.499694 0.027079
v 0.255084 1.493842 0.026812
v 0.252691 1.487525 0.026560
v 0.250557 1.480986 0.026336
v 0.248763 1.474471 0.026147
v 0.247368 1.468238 0.026001
v 0.246405 1.462564 0.025899
v 0.245873 1.457758 0.025843
v 0.247062 1.453161 0.000001
v 0.266649 1.512847 0.000001
v 0.247228 1.457758 0.000001
v 0.247762 1.462564 0.000001
v 0.248730 1.468238 0.000001
v 0.250133 1.474471 0.000001
v 0.251937 1.480986 0.000001
v 0.254083 1.487525 0.000001
v 0.256490 1.493842 0.000001
v 0.259052 1.499694 0.000001
v 0.261634 1.504840 0.000001
v 0.264050 1.509029 0.000001
v 0.245708 1.453161 -0.025824
v 0.265188 1.512847 -0.027871
v 0.245873 1.457758 -0.025841
v 0.246405 1.462564 -0.025897
v 0.247368 1.468238 -0.025998
v 0.248763 1.474471 -0.026145
v 0.250557 1.480986 -0.026334
v 0.252691 1.487525 -0.026558
v 0.255084 1.493842 -0.026809
v 0.257633 1.499694 -0.027077
v 0.260200 1.504840 -0.027347
v 0.262603 1.509029 -0.027600
v 0.260822 1.512847 -0.055438
v 0.241663 1.453161 -0.051366
v 0.258279 1.509029 -0.054898
v 0.255916 1.504840 -0.054396
v 0.253391 1.499694 -0.053859
v 0.250885 1.493842 -0.053326
v 0.248530 1.487525 -0.052826
v 0.246431 1.480986 -0.052380
v 0.244667 1.474471 -0.052005
v 0.243295 1.468238 -0.051713
v 0.242348 1.462564 -0.051512
v 0.241825 1.457758 -0.051400
v 0.234970 1.453161 -0.076345
v 0.253598 1.512847 -0.082398
v 0.235128 1.457758 -0.076397
v 0.235636 1.462564 -0.076562
v 0.236557 1.468238 -0.076861
v 0.237891 1.474471 -0.077294
v 0.239606 1.480986 -0.077852
v 0.241647 1.487525 -0.078515
v 0.243936 1.493842 -0.079259
v 0.246373 1.499694 -0.080050
v 0.248828 1.504840 -0.080848
v 0.251126 1.509029 -0.081595
v 0.225702 1.453161 -0.100488
v 0.243596 1.512847 -0.108455
v 0.225854 1.457758 -0.100556
v 0.226342 1.462564 -0.100773
v 0.227227 1.468238 -0.101167
v 0.228508 1.474471 -0.101737
v 0.230156 1.480985 -0.102471
v 0.232116 1.487525 -0.103344
v 0.234315 1.493842 -0.104323
v 0.236656 1.499694 -0.105365
v 0.239014 1.504840 -0.106415
v 0.241221 1.509029 -0.107398
v 0.230925 1.512847 -0.133324
v 0.213962 1.453161 -0.123530
v 0.228674 1.509029 -0.132024
v 0.226581 1.504840 -0.130816
v 0.224346 1.499694 -0.129525
v 0.222126 1.493842 -0.128244
v 0.220042 1.487525 -0.127040
v 0.218184 1.480985 -0.125967
v 0.216622 1.474471 -0.125066
v 0.215407 1.468238 -0.124364
v 0.214568 1.462564 -0.123880
v 0.214105 1.457758 -0.123613
v 0.199877 1.453161 -0.145218
v 0.215723 1.512847 -0.156731
v 0.200011 1.457758 -0.145316
v 0.200444 1.462564 -0.145630
v 0.201227 1.468238 -0.146199
v 0.202362 1.474471 -0.147024
v 0.203821 1.480985 -0.148084
v 0.205557 1.487525 -0.149345
v 0.207504 1.493842 -0.150760
v 0.209578 1.499694 -0.152266
v 0.211666 1.504840 -0.153783
v 0.213620 1.509029 -0.155203
v 0.183603 1.453161 -0.165316
v 0.198159 1.512847 -0.178422
v 0.183726 1.457758 -0.165427
v 0.184123 1.462564 -0.165784
v 0.184843 1.468238 -0.166432
v 0.185885 1.474471 -0.167371
v 0.187225 1.480986 -0.168578
v 0.188820 1.487525 -0.170014
v 0.190609 1.493842 -0.171624
v 0.192513 1.499694 -0.173339
v 0.194432 1.504840 -0.175066
v 0.196227 1.509029 -0.176683
v 0.178423 1.512847 -0.198158
v 0.165317 1.453161 -0.183602
v 0.176684 1.509029 -0.196226
v 0.175067 1.504840 -0.194431
v 0.173340 1.499694 -0.192512
v 0.171625 1.493842 -0.190608
v 0.170014 1.487525 -0.188819
v 0.168579 1.480985 -0.187225
v 0.167372 1.474471 -0.185884
v 0.166433 1.468238 -0.184842
v 0.165785 1.462564 -0.184122
v 0.165428 1.457758 -0.183725
v 0.145219 1.453161 -0.199876
v 0.156732 1.512847 -0.215723
v 0.145317 1.457758 -0.200011
v 0.145631 1.462564 -0.200443
v 0.146200 1.468238 -0.201226
v 0.147024 1.474471 -0.202361
v 0.148085 1.480986 -0.203820
v 0.149346 1.487525 -0.205556
v 0.150761 1.493842 -0.207504
v 0.152267 1.499694 -0.209577
v 0.153784 1.504840 -0.211665
v 0.155204 1.509029 -0.213620
v 0.123531 1.453161 -0.213961
v 0.133324 1.512847 -0.230924
v 0.123614 1.457758 -0.214105
v 0.123881 1.462564 -0.214567
v 0.124365 1.468238 -0.215406
v 0.125066 1.474471 -0.216621
v 0.125968 1.480986 -0.218183
v 0.127041 1.487525 -0.220041
v 0.128245 1.493842 -0.222126
v 0.129526 1.499694 -0.224345
v 0.130817 1.504840 -0.226581
v 0.132025 1.509029 -0.228673
v 0.108456 1.512847 -0.243595
v 0.100489 1.453161 -0.225701
v 0.107398 1.509029 -0.241220
v 0.106416 1.504840 -0.239013
v 0.105366 1.499694 -0.236655
v 0.104324 1.493842 -0.234314
v 0.103345 1.487525 -0.232115
v 0.102472 1.480986 -0.230155
v 0.101738 1.474471 -0.228507
v 0.101168 1.468238 -0.227226
v 0.100774 1.462564 -0.226341
v 0.100556 1.457758 -0.225853
v 0.076346 1.453161 -0.234969
v 0.082399 1.512847 -0.253597
v 0.076397 1.457758 -0.235127
v 0.076563 1.462564 -0.235635
v 0.076862 1.468238 -0.236556
v 0.077295 1.474471 -0.237890
v 0.077853 1.480986 -0.239605
v 0.078516 1.487525 -0.241646
v 0.079259 1.493842 -0.243935
v 0.080051 1.499694 -0.246372
v 0.080849 1.504840 -0.248827
v 0.081596 1.509029 -0.251125
v 0.051367 1.453161 -0.241662
v 0.055439 1.512847 -0.260821
v 0.051401 1.457758 -0.241824
v 0.051512 1.462564 -0.242347
v 0.051714 1.468238 -0.243294
v 0.052005 1.474471 -0.244666
v 0.052380 1.480986 -0.246430
v 0.052827 1.487525 -0.248529
v 0.053327 1.493842 -0.250884
v 0.053860 1.499694 -0.253390
v 0.054396 1.504840 -0.255915
v 0.054899 1.509029 -0.258279
v 0.027872 1.512847 -0.265187
v 0.025825 1.453161 -0.245708
v 0.027600 1.509029 -0.262602
v 0.027348 1.504840 -0.260200
v 0.027078 1.499694 -0.257632
v 0.026810 1.493842 -0.255084
v 0.026559 1.487525 -0.252690
v 0.026334 1.480986 -0.250556
v 0.026146 1.474471 -0.248762
v 0.025999 1.468238 -0.247367
v 0.025898 1.462564 -0.246404
v 0.025842 1.457758 -0.245873
v -0.000000 1.453161 -0.247061
v -0.000000 1.512847 -0.266648
v -0.000000 1.457758 -0.247227
v -0.000000 1.462564 -0.247761
v -0.000000 1.468238 -0.248730
v -0.000000 1.474471 -0.250132
v -0.000000 1.480985 -0.251936
v -0.000000 1.487525 -0.254082
v -0.000000 1.493842 -0.256489
v -0.000000 1.499694 -0.259051
v -0.000000 1.504840 -0.261633
v -0.000000 1.509029 -0.264049
v -0.025826 1.453161 -0.245707
v -0.027874 1.512847 -0.265187
v -0.025844 1.457758 -0.245872
v -0.025899 1.462564 -0.246404
v -0.026001 1.468238 -0.247367
v -0.026147 1.474471 -0.248762
v -0.026336 1.480985 -0.250556
v -0.026560 1.487525 -0.252690
v -0.026812 1.493842 -0.255084
v -0.027080 1.499694 -0.257632
v -0.027349 1.504840 -0.260199
v -0.027602 1.509029 -0.262602
v -0.089687 1.672534 -0.276024
v -0.089687 1.544938 -0.276023
v -0.091544 1.662980 -0.281737
v -0.093220 1.651522 -0.286895
v -0.094458 1.639607 -0.290706
v -0.095275 1.627380 -0.293220
v -0.095681 1.614971 -0.294469
v -0.095681 1.602502 -0.294469
v -0.095275 1.590093 -0.293220
v -0.094458 1.577866 -0.290706
v -0.093220 1.565951 -0.286895
v -0.091544 1.554492 -0.281737
v -0.170594 1.672534 -0.234799
v -0.170594 1.544938 -0.234799
v -0.174125 1.662980 -0.239659
v -0.177313 1.651522 -0.244047
v -0.179668 1.639607 -0.247288
v -0.181222 1.627380 -0.249427
v -0.181994 1.614971 -0.250490
v -0.181994 1.602502 -0.250490
v -0.181222 1.590093 -0.249427
v -0.179668 1.577866 -0.247289
v -0.177313 1.565951 -0.244047
v -0.174125 1.554492 -0.239659
v -0.234802 1.672534 -0.170591
v -0.234802 1.544938 -0.170591
v -0.239662 1.662980 -0.174122
v -0.244049 1.651522 -0.177310
v -0.247291 1.639607 -0.179665
v -0.249430 1.627380 -0.181219
v -0.250492 1.614971 -0.181991
v -0.250492 1.602502 -0.181991
v -0.249430 1.590093 -0.181219
v -0.247291 1.577866 -0.179665
v -0.244049 1.565951 -0.177310
v -0.239661 1.554492 -0.174122
v -0.276025 1.672534 -0.089684
v -0.276025 1.544938 -0.089684
v -0.281739 1.662980 -0.091540
v -0.286896 1.651522 -0.093216
v -0.290707 1.639607 -0.094455
v -0.293222 1.627380 -0.095271
v -0.294471 1.614971 -0.095677
v -0.294471 1.602502 -0.095677
v -0.293222 1.590093 -0.095271
v -0.290707 1.577866 -0.094455
v -0.286896 1.565951 -0.093216
v -0.281738 1.554492 -0.091540
v -0.290230 1.672534 0.000002
v -0.290230 1.544938 0.000002
v -0.296237 1.662980 0.000002
v -0.301660 1.651522 0.000002
v -0.305668 1.639607 0.000002
v -0.308311 1.627380 0.000002
v -0.309625 1.614971 0.000002
v -0.309625 1.602502 0.000002
v -0.308311 1.590093 0.000002
v -0.305668 1.577866 0.000002
v -0.301661 1.565951 0.000002
v -0.296237 1.554492 0.000002
v -0.276025 1.672534 0.089688
v -0.276025 1.544938 0.089688
v -0.281738 1.662980 0.091544
v -0.286896 1.651522 0.093220
v -0.290707 1.639607 0.094458
v -0.293221 1.627380 0.095275
v -0.294471 1.614971 0.095681
v -0.294471 1.602502 0.095681
v -0.293221 1.590093 0.095275
v -0.290707 1.577866 0.094458
v -0.286896 1.565951 0.093220
v -0.281738 1.554492 0.091544
v -0.234801 1.672534 0.170594
v -0.234801 1.544938 0.170594
v -0.239661 1.662980 0.174125
v -0.244048 1.651522 0.177313
v -0.247290 1.639607 0.179668
v -0.249429 1.627380 0.181222
v -0.250491 1.614971 0.181994
v -0.250491 1.602502 0.181994
v -0.249429 1.590093 0.181222
v -0.247290 1.577866 0.179668
v -0.244048 1.565951 0.177313
v -0.239661 1.554493 0.174125
v -0.170592 1.672534 0.234802
v -0.170593 1.544939 0.234802
v -0.174123 1.662980 0.239662
v -0.177311 1.651522 0.244050
v -0.179666 1.639607 0.247291
v -0.181220 1.627380 0.249430
v -0.181993 1.614971 0.250493
v -0.181993 1.602502 0.250493
v -0.181220 1.590093 0.249430
v -0.179666 1.577866 0.247291
v -0.177311 1.565951 0.244050
v -0.174124 1.554493 0.239662
v -0.089686 1.672534 0.276026
v -0.089686 1.544939 0.276026
v -0.091542 1.662980 0.281739
v -0.093218 1.651522 0.286897
v -0.094456 1.639607 0.290708
v -0.095273 1.627380 0.293222
v -0.095679 1.614971 0.294472
v -0.095679 1.602502 0.294472
v -0.095273 1.590093 0.293222
v -0.094456 1.577866 0.290708
v -0.093218 1.565951 0.286897
v -0.091542 1.554493 0.281739
v 0.000000 1.672534 0.290231
v 0.000000 1.544938 0.290231
v 0.000000 1.662980 0.296238
v 0.000000 1.651522 0.301661
v 0.000000 1.639607 0.305668
v 0.000000 1.627380 0.308312
v 0.000000 1.614971 0.309626
v 0.000000 1.602502 0.309626
v 0.000000 1.590093 0.308312
v 0.000000 1.577866 0.305668
v 0.000000 1.565951 0.301661
v 0.000000 1.554493 0.296238
v 0.089686 1.672534 0.276026
v 0.089686 1.544938 0.276026
v 0.091542 1.662980 0.281739
v 0.093218 1.651522 0.286897
v 0.094456 1.639607 0.290708
v 0.095273 1.627380 0.293222
v 0.095679 1.614971 0.294471
v 0.095679 1.602502 0.294471
v 0.095273 1.590093 0.293222
v 0.094456 1.577866 0.290708
v 0.093218 1.565951 0.286897
v 0.091542 1.554493 0.281739
v 0.170593 1.672534 0.234802
v 0.170593 1.544938 0.234802
v 0.174124 1.662980 0.239662
v 0.177311 1.651522 0.244049
v 0.179667 1.639607 0.247291
v 0.181221 1.627380 0.249430
v 0.181993 1.614971 0.250493
v 0.181993 1.602502 0.250492
v 0.181221 1.590093 0.249430
v 0.179667 1.577866 0.247291
v 0.177311 1.565951 0.244049
v 0.174124 1.554493 0.239662
v 0.234801 1.672534 0.170594
v 0.234801 1.544938 0.170594
v 0.239661 1.662980 0.174125
v 0.244048 1.651522 0.177312
v 0.247290 1.639607 0.179668
v 0.249429 1.627380 0.181221
v 0.250492 1.614971 0.181994
v 0.250492 1.602502 0.181994
v 0.249429 1.590093 0.181222
v 0.247290 1.577866 0.179668
v 0.244048 1.565951 0.177312
v 0.239661 1.554492 0.174125
v 0.276025 1.672534 0.089687
v 0.276025 1.544938 0.089687
v 0.281738 1.662980 0.091543
v 0.286896 1.651522 0.093219
v 0.290707 1.639607 0.094457
v 0.293221 1.627380 0.095274
v 0.294470 1.614971 0.095680
v 0.294470 1.602502 0.095680
v 0.293221 1.590093 0.095274
v 0.290707 1.577866 0.094457
v 0.286896 1.565951 0.093219
v 0.281738 1.554492 0.091543
v 0.290230 1.672534 0.000001
v 0.290229 1.544938 0.000001
v 0.296237 1.662980 0.000001
v 0.301660 1.651522 0.000001
v 0.305667 1.639607 0.000001
v 0.308311 1.627380 0.000001
v 0.309625 1.614971 0.000001
v 0.309625 1.602502 0.000001
v 0.308311 1.590093 0.000001
v 0.305667 1.577866 0.000001
v 0.301660 1.565951 0.000001
v 0.296237 1.554492 0.000001
v 0.276025 1.672534 -0.089685
v 0.276025 1.544938 -0.089685
v 0.281738 1.662980 -0.091541
v 0.286896 1.651522 -0.093217
v 0.290707 1.639607 -0.094455
v 0.293221 1.627380 -0.095272
v 0.294470 1.614971 -0.095678
v 0.294470 1.602502 -0.095678
v 0.293221 1.590093 -0.095272
v 0.290707 1.577866 -0.094455
v 0.286896 1.565951 -0.093217
v 0.281738 1.554492 -0.091541
v 0.234801 1.672534 -0.170592
v 0.234801 1.544938 -0.170592
v 0.239661 1.662980 -0.174123
v 0.244048 1.651522 -0.177311
v 0.247290 1.639607 -0.179666
v 0.249429 1.627380 -0.181220
v 0.250491 1.614971 -0.181992
v 0.250492 1.602502 -0.181992
v 0.249429 1.590093 -0.181220
v 0.247290 1.577866 -0.179666
v 0.244048 1.565951 -0.177311
v 0.239660 1.554492 -0.174123
v 0.170593 1.672534 -0.234800
v 0.170593 1.544938 -0.234800
v 0.174124 1.662980 -0.239660
v 0.177311 1.651522 -0.244047
v 0.179667 1.639607 -0.247289
v 0.181220 1.627380 -0.249428
v 0.181993 1.614971 -0.250491
v 0.181993 1.602502 -0.250491
v 0.181220 1.590093 -0.249428
v 0.179667 1.577866 -0.247289
v 0.177311 1.565951 -0.244047
v 0.174123 1.554492 -0.239660
v 0.089686 1.544938 -0.276024
v 0.089686 1.672534 -0.276024
v 0.091542 1.554492 -0.281737
v 0.093218 1.565951 -0.286895
v 0.094456 1.577866 -0.290706
v 0.095273 1.590093 -0.293220
v 0.095679 1.602502 -0.294470
v 0.095679 1.614971 -0.294470
v 0.095273 1.627380 -0.293220
v 0.094456 1.639607 -0.290706
v 0.093218 1.651522 -0.286895
v 0.091542 1.662980 -0.281737
v -0.000000 1.672534 -0.290229
v -0.000000 1.544938 -0.290229
v -0.000000 1.662980 -0.296236
v -0.000000 1.651522 -0.301659
v -0.000000 1.639607 -0.305666
v -0.000000 1.627380 -0.308310
v -0.000000 1.614971 -0.309624
v -0.000000 1.602502 -0.309624
v -0.000000 1.590093 -0.308310
v -0.000000 1.577866 -0.305666
v -0.000000 1.565951 -0.301659
v -0.000000 1.554492 -0.296236
v 0.060342 1.544938 -0.283886
v 0.060342 1.672534 -0.283887
v 0.061591 1.554492 -0.289762
v 0.062719 1.565951 -0.295067
v 0.063552 1.577866 -0.298987
v 0.064101 1.590093 -0.301573
v 0.064374 1.602502 -0.302858
v 0.064374 1.614971 -0.302858
v 0.064101 1.627380 -0.301573
v 0.063552 1.639607 -0.298987
v 0.062718 1.651522 -0.295067
v 0.061591 1.662980 -0.289763
v 0.145115 1.672534 -0.251345
v 0.145115 1.544938 -0.251345
v 0.148118 1.662980 -0.256548
v 0.150830 1.651522 -0.261244
v 0.152834 1.639607 -0.264715
v 0.154155 1.627380 -0.267004
v 0.154812 1.614971 -0.268142
v 0.154812 1.602502 -0.268142
v 0.154155 1.590093 -0.267004
v 0.152834 1.577866 -0.264715
v 0.150830 1.565951 -0.261244
v 0.148118 1.554492 -0.256548
v 0.215683 1.672534 -0.194201
v 0.215683 1.544938 -0.194201
v 0.220147 1.662980 -0.198220
v 0.224177 1.651522 -0.201849
v 0.227155 1.639607 -0.204530
v 0.229120 1.627380 -0.206299
v 0.230096 1.614971 -0.207178
v 0.230096 1.602502 -0.207178
v 0.229120 1.590093 -0.206299
v 0.227155 1.577866 -0.204530
v 0.224177 1.565951 -0.201849
v 0.220147 1.554492 -0.198220
v 0.265138 1.672534 -0.118046
v 0.265138 1.544938 -0.118046
v 0.270626 1.662980 -0.120489
v 0.275580 1.651522 -0.122695
v 0.279241 1.639607 -0.124325
v 0.281656 1.627380 -0.125400
v 0.282856 1.614971 -0.125935
v 0.282856 1.602502 -0.125935
v 0.281656 1.590093 -0.125400
v 0.279241 1.577866 -0.124325
v 0.275580 1.565951 -0.122695
v 0.270626 1.554492 -0.120489
v 0.288640 1.672534 -0.030336
v 0.288640 1.544938 -0.030336
v 0.294614 1.662980 -0.030964
v 0.300007 1.651522 -0.031531
v 0.303993 1.639607 -0.031950
v 0.306622 1.627380 -0.032226
v 0.307928 1.614971 -0.032364
v 0.307928 1.602502 -0.032364
v 0.306622 1.590093 -0.032226
v 0.303993 1.577866 -0.031950
v 0.300008 1.565951 -0.031531
v 0.294614 1.554492 -0.030964
v 0.283887 1.672534 0.060343
v 0.283887 1.544938 0.060343
v 0.289763 1.662980 0.061592
v 0.295068 1.651522 0.062720
v 0.298988 1.639607 0.063553
v 0.301573 1.627380 0.064102
v 0.302859 1.614971 0.064376
v 0.302859 1.602502 0.064376
v 0.301574 1.590093 0.064102
v 0.298988 1.577866 0.063553
v 0.295068 1.565951 0.062720
v 0.289763 1.554492 0.061592
v 0.251346 1.672534 0.145116
v 0.251346 1.544938 0.145116
v 0.256548 1.662980 0.148120
v 0.261245 1.651522 0.150831
v 0.264716 1.639607 0.152835
v 0.267005 1.627380 0.154156
v 0.268143 1.614971 0.154813
v 0.268143 1.602502 0.154813
v 0.267005 1.590093 0.154157
v 0.264716 1.577866 0.152835
v 0.261245 1.565951 0.150831
v 0.256548 1.554492 0.148120
v 0.194201 1.672534 0.215684
v 0.194201 1.544938 0.215684
v 0.198221 1.662980 0.220148
v 0.201850 1.651522 0.224178
v 0.204531 1.639607 0.227156
v 0.206300 1.627380 0.229121
v 0.207179 1.614971 0.230097
v 0.207179 1.602502 0.230097
v 0.206300 1.590093 0.229121
v 0.204531 1.577866 0.227156
v 0.201850 1.565951 0.224178
v 0.198221 1.554492 0.220148
v 0.118047 1.672534 0.265139
v 0.118047 1.544938 0.265139
v 0.120491 1.662980 0.270627
v 0.122696 1.651522 0.275581
v 0.124326 1.639607 0.279242
v 0.125401 1.627380 0.281657
v 0.125936 1.614971 0.282857
v 0.125936 1.602502 0.282857
v 0.125401 1.590093 0.281657
v 0.124326 1.577866 0.279242
v 0.122696 1.565951 0.275581
v 0.120490 1.554493 0.270627
v 0.030337 1.672534 0.288641
v 0.030337 1.544938 0.288641
v 0.030965 1.662980 0.294615
v 0.031532 1.651522 0.300009
v 0.031951 1.639607 0.303994
v 0.032227 1.627380 0.306623
v 0.032365 1.614971 0.307929
v 0.032365 1.602502 0.307929
v 0.032227 1.590093 0.306623
v 0.031951 1.577866 0.303994
v 0.031532 1.565951 0.300009
v 0.030965 1.554492 0.294615
v -0.060342 1.672534 0.283889
v -0.060342 1.544939 0.283889
v -0.061591 1.662980 0.289764
v -0.062718 1.651522 0.295069
v -0.063551 1.639607 0.298989
v -0.064101 1.627380 0.301575
v -0.064374 1.614971 0.302860
v -0.064374 1.602502 0.302860
v -0.064101 1.590093 0.301575
v -0.063552 1.577866 0.298989
v -0.062718 1.565951 0.295069
v -0.061591 1.554493 0.289765
v -0.145115 1.672534 0.251347
v -0.145115 1.544938 0.251348
v -0.148118 1.662980 0.256550
v -0.150830 1.651522 0.261247
v -0.152833 1.639607 0.264717
v -0.154155 1.627380 0.267006
v -0.154812 1.614971 0.268144
v -0.154812 1.602502 0.268144
v -0.154155 1.590093 0.267006
v -0.152833 1.577866 0.264717
v -0.150830 1.565951 0.261247
v -0.148118 1.554493 0.256550
v -0.215683 1.672534 0.194203
v -0.215683 1.544938 0.194203
v -0.220147 1.662980 0.198223
v -0.224177 1.651522 0.201851
v -0.227155 1.639607 0.204533
v -0.229119 1.627380 0.206302
v -0.230096 1.614971 0.207181
v -0.230096 1.602502 0.207181
v -0.229119 1.590093 0.206302
v -0.227155 1.577866 0.204533
v -0.224177 1.565951 0.201852
v -0.220147 1.554493 0.198223
v -0.265138 1.672534 0.118049
v -0.265138 1.544938 0.118049
v -0.270626 1.662980 0.120492
v -0.275580 1.651522 0.122698
v -0.279241 1.639607 0.124328
v -0.281656 1.627380 0.125403
v -0.282856 1.614971 0.125937
v -0.282856 1.602502 0.125937
v -0.281656 1.590093 0.125403
v -0.279241 1.577866 0.124328
v -0.275580 1.565951 0.122698
v -0.270626 1.554492 0.120492
v -0.288640 1.672534 0.030339
v -0.288640 1.544938 0.030339
v -0.294614 1.662980 0.030967
v -0.300008 1.651522 0.031534
v -0.303993 1.639607 0.031953
v -0.306622 1.627380 0.032229
v -0.307929 1.614971 0.032367
v -0.307929 1.602502 0.032366
v -0.306622 1.590093 0.032229
v -0.303993 1.577866 0.031953
v -0.300008 1.565951 0.031534
v -0.294614 1.554492 0.030967
v -0.283888 1.672534 -0.060340
v -0.283888 1.544938 -0.060340
v -0.289764 1.662980 -0.061589
v -0.295069 1.651522 -0.062717
v -0.298988 1.639607 -0.063550
v -0.301574 1.627380 -0.064099
v -0.302859 1.614971 -0.064373
v -0.302859 1.602502 -0.064373
v -0.301574 1.590093 -0.064100
v -0.298988 1.577866 -0.063550
v -0.295069 1.565951 -0.062717
v -0.289764 1.554492 -0.061589
v -0.251347 1.672534 -0.145113
v -0.251347 1.544938 -0.145113
v -0.256549 1.662980 -0.148117
v -0.261246 1.651522 -0.150828
v -0.264716 1.639607 -0.152832
v -0.267006 1.627380 -0.154154
v -0.268144 1.614971 -0.154811
v -0.268144 1.602502 -0.154810
v -0.267006 1.590093 -0.154154
v -0.264716 1.577866 -0.152832
v -0.261246 1.565951 -0.150828
v -0.256549 1.554492 -0.148117
v -0.194203 1.672534 -0.215681
v -0.194203 1.544938 -0.215681
v -0.198222 1.662980 -0.220145
v -0.201851 1.651522 -0.224175
v -0.204532 1.639607 -0.227153
v -0.206301 1.627380 -0.229118
v -0.207180 1.614971 -0.230094
v -0.207180 1.602502 -0.230094
v -0.206301 1.590093 -0.229118
v -0.204532 1.577866 -0.227153
v -0.201851 1.565951 -0.224176
v -0.198222 1.554492 -0.220145
v -0.118048 1.672534 -0.265137
v -0.118048 1.544938 -0.265137
v -0.120492 1.662980 -0.270625
v -0.122698 1.651522 -0.275579
v -0.124327 1.639607 -0.279240
v -0.125403 1.627380 -0.281655
v -0.125937 1.614971 -0.282855
v -0.125937 1.602502 -0.282855
v -0.125403 1.590092 -0.281655
v -0.124328 1.577866 -0.279240
v -0.122698 1.565951 -0.275579
v -0.120492 1.554492 -0.270624
v -0.060344 1.672534 -0.283886
v -0.060344 1.544938 -0.283886
v -0.061593 1.662980 -0.289762
v -0.062720 1.651522 -0.295067
v -0.063553 1.639607 -0.298987
v -0.064103 1.627380 -0.301572
v -0.064376 1.614971 -0.302857
v -0.064376 1.602502 -0.302857
v -0.064103 1.590093 -0.301572
v -0.063553 1.577866 -0.298987
v -0.062720 1.565951 -0.295067
v -0.061593 1.554492 -0.289762
v -0.145116 1.672534 -0.251345
v -0.145116 1.544938 -0.251345
v -0.148120 1.662980 -0.256547
v -0.150831 1.651522 -0.261244
v -0.152835 1.639607 -0.264714
v -0.154157 1.627380 -0.267004
v -0.154814 1.614971 -0.268141
v -0.154814 1.602502 -0.268141
v -0.154157 1.590093 -0.267004
v -0.152835 1.577866 -0.264714
v -0.150831 1.565951 -0.261244
v -0.148120 1.554492 -0.256547
v -0.215684 1.672534 -0.194200
v -0.215684 1.544938 -0.194200
v -0.220148 1.662980 -0.198219
v -0.224178 1.651522 -0.201848
v -0.227156 1.639607 -0.204530
v -0.229121 1.627380 -0.206298
v -0.230097 1.614971 -0.207178
v -0.230097 1.602502 -0.207178
v -0.229121 1.590093 -0.206298
v -0.227156 1.577866 -0.204530
v -0.224178 1.565951 -0.201848
v -0.220148 1.554492 -0.198219
v -0.265139 1.672534 -0.118045
v -0.265139 1.544938 -0.118045
v -0.270627 1.662980 -0.120489
v -0.275581 1.651522 -0.122694
v -0.279242 1.639607 -0.124324
v -0.281657 1.627380 -0.125399
v -0.282857 1.614971 -0.125934
v -0.282857 1.602502 -0.125934
v -0.281657 1.590093 -0.125399
v -0.279242 1.577866 -0.124324
v -0.275581 1.565951 -0.122694
v -0.270626 1.554492 -0.120489
v -0.288640 1.672534 -0.030335
v -0.288640 1.544938 -0.030335
v -0.294614 1.662980 -0.030963
v -0.300008 1.651522 -0.031530
v -0.303993 1.639607 -0.031949
v -0.306622 1.627380 -0.032225
v -0.307929 1.614971 -0.032363
v -0.307929 1.602502 -0.032363
v -0.306622 1.590093 -0.032225
v -0.303993 1.577866 -0.031949
v -0.300008 1.565951 -0.031530
v -0.294614 1.554492 -0.030963
v -0.283888 1.672534 0.060344
v -0.283887 1.544938 0.060344
v -0.289763 1.662980 0.061593
v -0.295068 1.651522 0.062721
v -0.298988 1.639607 0.063554
v -0.301574 1.627380 0.064103
v -0.302859 1.614971 0.064376
v -0.302859 1.602502 0.064376
v -0.301574 1.590093 0.064103
v -0.298988 1.577866 0.063554
v -0.295068 1.565951 0.062721
v -0.289763 1.554492 0.061593
v -0.251346 1.672534 0.145116
v -0.251346 1.544938 0.145116
v -0.256549 1.662980 0.148120
v -0.261245 1.651522 0.150832
v -0.264716 1.639607 0.152835
v -0.267005 1.627380 0.154157
v -0.268143 1.614971 0.154814
v -0.268143 1.602502 0.154814
v -0.267005 1.590093 0.154157
v -0.264715 1.577866 0.152835
v -0.261245 1.565951 0.150832
v -0.256549 1.554492 0.148120
v -0.194201 1.672534 0.215684
v -0.194201 1.544938 0.215684
v -0.198221 1.662980 0.220148
v -0.201850 1.651522 0.224179
v -0.204531 1.639607 0.227157
v -0.206300 1.627380 0.229121
v -0.207179 1.614971 0.230097
v -0.207179 1.602502 0.230097
v -0.206300 1.590093 0.229121
v -0.204531 1.577866 0.227157
v -0.201850 1.565951 0.224179
v -0.198221 1.554493 0.220148
v -0.118047 1.672534 0.265139
v -0.118047 1.544938 0.265139
v -0.120490 1.662980 0.270627
v -0.122696 1.651522 0.275581
v -0.124326 1.639607 0.279242
v -0.125401 1.627380 0.281657
v -0.125935 1.614971 0.282857
v -0.125935 1.602502 0.282857
v -0.125401 1.590093 0.281657
v -0.124326 1.577866 0.279242
v -0.122696 1.565951 0.275581
v -0.120490 1.554493 0.270627
v -0.030337 1.672534 0.288641
v -0.030337 1.544939 0.288641
v -0.030965 1.662980 0.294615
v -0.031532 1.651522 0.300009
v -0.031951 1.639607 0.303994
v -0.032227 1.627380 0.306623
v -0.032364 1.614971 0.307930
v -0.032364 1.602502 0.307930
v -0.032227 1.590093 0.306623
v -0.031951 1.577866 0.303994
v -0.031532 1.565951 0.300009
v -0.030965 1.554493 0.294615
v 0.060342 1.672534 0.283889
v 0.060342 1.544938 0.283888
v 0.061591 1.662980 0.289764
v 0.062719 1.651522 0.295069
v 0.063552 1.639607 0.298989
v 0.064102 1.627380 0.301575
v 0.064375 1.614971 0.302860
v 0.064375 1.602502 0.302860
v 0.064102 1.590093 0.301575
v 0.063552 1.577866 0.298989
v 0.062719 1.565951 0.295069
v 0.061591 1.554493 0.289764
v 0.145115 1.672534 0.251347
v 0.145115 1.544938 0.251347
v 0.148119 1.662980 0.256550
v 0.150830 1.651522 0.261246
v 0.152834 1.639607 0.264717
v 0.154155 1.627380 0.267006
v 0.154812 1.614971 0.268144
v 0.154812 1.602502 0.268144
v 0.154155 1.590093 0.267006
v 0.152834 1.577866 0.264717
v 0.150830 1.565951 0.261246
v 0.148119 1.554492 0.256550
v 0.215683 1.672534 0.194203
v 0.215683 1.544938 0.194203
v 0.220147 1.662980 0.198222
v 0.224177 1.651522 0.201851
v 0.227155 1.639607 0.204532
v 0.229120 1.627380 0.206301
v 0.230096 1.614971 0.207180
v 0.230096 1.602502 0.207180
v 0.229120 1.590093 0.206301
v 0.227155 1.577866 0.204532
v 0.224177 1.565951 0.201851
v 0.220147 1.554492 0.198222
v 0.265138 1.672534 0.118048
v 0.265138 1.544938 0.118048
v 0.270626 1.662980 0.120491
v 0.275580 1.651522 0.122697
v 0.279241 1.639607 0.124327
v 0.281656 1.627380 0.125402
v 0.282856 1.614971 0.125937
v 0.282856 1.602502 0.125937
v 0.281656 1.590093 0.125402
v 0.279241 1.577866 0.124327
v 0.275580 1.565951 0.122697
v 0.270626 1.554492 0.120491
v 0.288640 1.672534 0.030338
v 0.288640 1.544938 0.030338
v 0.294614 1.662980 0.030966
v 0.300007 1.651522 0.031533
v 0.303993 1.639607 0.031952
v 0.306622 1.627380 0.032228
v 0.307928 1.614971 0.032366
v 0.307928 1.602502 0.032366
v 0.306622 1.590093 0.032228
v 0.303993 1.577866 0.031952
v 0.300008 1.565951 0.031533
v 0.294614 1.554492 0.030966
v 0.283887 1.672534 -0.060341
v 0.283887 1.544938 -0.060341
v 0.289763 1.662980 -0.061590
v 0.295068 1.651522 -0.062718
v 0.298988 1.639607 -0.063551
v 0.301574 1.627380 -0.064100
v 0.302859 1.614971 -0.064374
v 0.302859 1.602502 -0.064374
v 0.301574 1.590093 -0.064100
v 0.298988 1.577866 -0.063551
v 0.295068 1.565951 -0.062718
v 0.289763 1.554492 -0.061590
v 0.251346 1.672534 -0.145114
v 0.251346 1.544938 -0.145114
v 0.256549 1.662980 -0.148118
v 0.261245 1.651522 -0.150829
v 0.264716 1.639607 -0.152833
v 0.267005 1.627380 -0.154154
v 0.268143 1.614971 -0.154811
v 0.268143 1.602502 -0.154811
v 0.267005 1.590093 -0.154154
v 0.264716 1.577866 -0.152833
v 0.261245 1.565951 -0.150829
v 0.256549 1.554492 -0.148118
v 0.194201 1.672534 -0.215682
v 0.194201 1.544938 -0.215682
v 0.198221 1.662980 -0.220146
v 0.201850 1.651522 -0.224176
v 0.204531 1.639607 -0.227154
v 0.206300 1.627380 -0.229119
v 0.207179 1.614971 -0.230095
v 0.207179 1.602502 -0.230095
v 0.206300 1.590093 -0.229119
v 0.204531 1.577866 -0.227154
v 0.201850 1.565951 -0.224176
v 0.198221 1.554492 -0.220146
v 0.118047 1.672534 -0.265137
v 0.118047 1.544938 -0.265137
v 0.120490 1.662980 -0.270625
v 0.122696 1.651522 -0.275579
v 0.124326 1.639607 -0.279240
v 0.125401 1.627380 -0.281655
v 0.125936 1.614971 -0.282855
v 0.125936 1.602502 -0.282855
v 0.125401 1.590092 -0.281655
v 0.124326 1.577866 -0.279240
v 0.122696 1.565951 -0.275579
v 0.120490 1.554492 -0.270625
v 0.030337 1.672534 -0.288639
v 0.030337 1.544938 -0.288639
v 0.030965 1.662980 -0.294613
v 0.031532 1.651522 -0.300007
v 0.031951 1.639607 -0.303992
v 0.032227 1.627380 -0.306621
v 0.032364 1.614971 -0.307928
v 0.032364 1.602502 -0.307928
v 0.032227 1.590093 -0.306621
v 0.031951 1.577866 -0.303992
v 0.031532 1.565951 -0.300007
v 0.030965 1.554492 -0.294613
v -0.030339 1.544938 -0.288639
v -0.030339 1.672534 -0.288639
v -0.030967 1.554492 -0.294613
v -0.031534 1.565951 -0.300007
v -0.031952 1.577866 -0.303992
v -0.032229 1.590093 -0.306621
v -0.032366 1.602502 -0.307927
v -0.032366 1.614971 -0.307927
v -0.032229 1.627380 -0.306621
v -0.031952 1.639607 -0.303992
v -0.031534 1.651522 -0.300007
v -0.030967 1.662980 -0.294613
v -0.000000 1.716263 -0.201368
v 0.021049 1.716263 -0.200265
v 0.041867 1.716263 -0.196968
v 0.062226 1.716263 -0.191512
v 0.081904 1.716263 -0.183959
v 0.100684 1.716263 -0.174390
v 0.118362 1.716263 -0.162910
v 0.134742 1.716263 -0.149645
v 0.149646 1.716263 -0.134741
v 0.162911 1.716263 -0.118361
v 0.174390 1.716263 -0.100683
v 0.183960 1.716263 -0.081903
v 0.191513 1.716263 -0.062225
v 0.196968 1.716263 -0.041866
v 0.200266 1.716263 -0.021048
v 0.201369 1.716263 0.000001
v 0.200266 1.716263 0.021050
v 0.196968 1.716263 0.041868
v 0.191513 1.716263 0.062227
v 0.183960 1.716263 0.081905
v 0.174390 1.716263 0.100686
v 0.162911 1.716263 0.118363
v 0.149646 1.716263 0.134743
v 0.134742 1.716263 0.149647
v 0.118362 1.716263 0.162912
v 0.100684 1.716263 0.174392
v 0.081904 1.716263 0.183961
v 0.062226 1.716263 0.191514
v 0.041867 1.716263 0.196970
v 0.021049 1.716263 0.200267
v 0.000000 1.716263 0.201370
v -0.021049 1.716263 0.200267
v -0.041867 1.716263 0.196970
v -0.062226 1.716263 0.191514
v -0.081904 1.716263 0.183961
v -0.100684 1.716263 0.174392
v -0.118362 1.716263 0.162912
v -0.134742 1.716263 0.149648
v -0.149646 1.716263 0.134743
v -0.162911 1.716263 0.118363
v -0.174391 1.716263 0.100686
v -0.183960 1.716263 0.081906
v -0.191513 1.716263 0.062228
v -0.196969 1.716263 0.041869
v -0.200266 1.716263 0.021050
v -0.201369 1.716263 0.000002
v -0.200266 1.716263 -0.021047
v -0.196969 1.716263 -0.041865
v -0.191514 1.716263 -0.062225
v -0.183960 1.716263 -0.081903
v -0.174391 1.716263 -0.100683
v -0.162912 1.716263 -0.118360
v -0.149647 1.716263 -0.134741
v -0.134743 1.716263 -0.149645
v -0.118363 1.716263 -0.162909
v -0.100685 1.716263 -0.174389
v -0.081905 1.716263 -0.183958
v -0.062227 1.716263 -0.191512
v -0.041868 1.716263 -0.196967
v -0.021050 1.716263 -0.200265
v 0.000001 -1.153062 -0.664498
v 0.000000 -0.578754 -1.090082
v 0.000001 -1.172912 -0.784930
v 0.000001 -1.205165 -0.893687
v 0.000001 -1.219949 -0.988556
v 0.000001 -1.201816 -1.067605
v 0.000000 -1.146798 -1.129225
v 0.000000 -1.071075 -1.172162
v 0.000000 -0.985205 -1.195541
v 0.000000 -0.891061 -1.198887
v 0.000000 -0.790559 -1.182131
v 0.000000 -0.685746 -1.145615
v 0.069461 -1.153062 -0.660858
v 0.113945 -0.578754 -1.084111
v 0.082049 -1.172912 -0.780630
v 0.093417 -1.205165 -0.888792
v 0.103333 -1.219949 -0.983141
v 0.111596 -1.201816 -1.061757
v 0.118037 -1.146798 -1.123039
v 0.122525 -1.071075 -1.165741
v 0.124968 -0.985205 -1.188992
v 0.125318 -0.891061 -1.192320
v 0.123567 -0.790559 -1.175656
v 0.119749 -0.685746 -1.139340
v 0.138156 -1.153062 -0.649978
v 0.226641 -0.578754 -1.066262
v 0.163196 -1.172912 -0.767778
v 0.185808 -1.205165 -0.874159
v 0.205532 -1.219949 -0.966954
v 0.221967 -1.201816 -1.044276
v 0.234779 -1.146798 -1.104550
v 0.243706 -1.071075 -1.146548
v 0.248567 -0.985205 -1.169416
v 0.249263 -0.891061 -1.172689
v 0.245779 -0.790559 -1.156299
v 0.238187 -0.685746 -1.120581
v 0.205340 -1.153062 -0.631976
v 0.336854 -0.578754 -1.036730
v 0.242556 -1.172912 -0.746513
v 0.276164 -1.205165 -0.849948
v 0.305480 -1.219949 -0.940173
v 0.329908 -1.201816 -1.015353
v 0.348950 -1.146798 -1.073958
v 0.362218 -1.071075 -1.114793
v 0.369443 -0.985205 -1.137028
v 0.370476 -0.891061 -1.140210
v 0.365299 -0.790559 -1.124274
v 0.354015 -0.685746 -1.089545
v 0.270276 -1.153062 -0.607049
v 0.443377 -0.578754 -0.995840
v 0.319260 -1.172912 -0.717069
v 0.363496 -1.205165 -0.816424
v 0.402083 -1.219949 -0.903091
v 0.434235 -1.201817 -0.975306
v 0.459298 -1.146798 -1.031599
v 0.476762 -1.071075 -1.070824
v 0.486271 -0.985205 -1.092182
v 0.487632 -0.891061 -1.095238
v 0.480816 -0.790559 -1.079931
v 0.465964 -0.685746 -1.046572
v 0.332249 -1.153062 -0.575473
v 0.545041 -0.578754 -0.944039
v 0.392465 -1.172912 -0.679770
v 0.446844 -1.205165 -0.773956
v 0.494278 -1.219949 -0.856115
v 0.533803 -1.201816 -0.924573
v 0.564613 -1.146798 -0.977938
v 0.586081 -1.071075 -1.015122
v 0.597771 -0.985205 -1.035369
v 0.599444 -0.891061 -1.038267
v 0.591066 -0.790559 -1.023756
v 0.572808 -0.685746 -0.992132
v 0.390584 -1.153062 -0.537590
v 0.640734 -0.578754 -0.881895
v 0.461371 -1.172912 -0.635021
v 0.525297 -1.205165 -0.723008
v 0.581060 -1.219949 -0.799758
v 0.627523 -1.201817 -0.863711
v 0.663743 -1.146798 -0.913562
v 0.688980 -1.071075 -0.948299
v 0.702722 -0.985205 -0.967213
v 0.704688 -0.891061 -0.969920
v 0.694840 -0.790559 -0.956365
v 0.673376 -0.685746 -0.926822
v 0.444636 -1.153062 -0.493819
v 0.729408 -0.578754 -0.810089
v 0.525221 -1.172912 -0.583317
v 0.597994 -1.205165 -0.664140
v 0.661473 -1.219949 -0.734641
v 0.714368 -1.201817 -0.793386
v 0.755600 -1.146798 -0.839178
v 0.784330 -1.071075 -0.871087
v 0.799974 -0.985205 -0.888461
v 0.802212 -0.891061 -0.890947
v 0.791001 -0.790559 -0.878495
v 0.766567 -0.685746 -0.851358
v 0.493818 -1.153062 -0.444637
v 0.810089 -0.578754 -0.729407
v 0.583316 -1.172912 -0.525222
v 0.664139 -1.205165 -0.597994
v 0.734640 -1.219949 -0.661474
v 0.793385 -1.201817 -0.714368
v 0.839178 -1.146798 -0.755600
v 0.871086 -1.071075 -0.784330
v 0.888460 -0.985205 -0.799973
v 0.890947 -0.891061 -0.802212
v 0.878495 -0.790559 -0.791000
v 0.851358 -0.685746 -0.766566
v 0.537591 -1.153062 -0.390582
v 0.881895 -0.578754 -0.640734
v 0.635022 -1.172912 -0.461370
v 0.723009 -1.205165 -0.525296
v 0.799759 -1.219949 -0.581059
v 0.863711 -1.201817 -0.627522
v 0.913563 -1.146798 -0.663742
v 0.948299 -1.071075 -0.688979
v 0.967214 -0.985205 -0.702721
v 0.969920 -0.891061 -0.704688
v 0.956365 -0.790559 -0.694839
v 0.926823 -0.685746 -0.673376
v 0.575473 -1.153062 -0.332248
v 0.944039 -0.578754 -0.545041
v 0.679770 -1.172912 -0.392464
v 0.773957 -1.205165 -0.446843
v 0.856116 -1.219949 -0.494277
v 0.924574 -1.201816 -0.533802
v 0.977938 -1.146798 -0.564612
v 1.015123 -1.071075 -0.586081
v 1.035370 -0.985205 -0.597770
v 1.038267 -0.891061 -0.599443
v 1.023756 -0.790559 -0.591066
v 0.992132 -0.685746 -0.572808
v 0.607049 -1.153062 -0.270277
v 0.995840 -0.578754 -0.443376
v 0.717069 -1.172912 -0.319261
v 0.816424 -1.205165 -0.363496
v 0.903091 -1.219949 -0.402083
v 0.975306 -1.201817 -0.434235
v 1.031599 -1.146798 -0.459298
v 1.070824 -1.071075 -0.476762
v 1.092182 -0.985205 -0.486271
v 1.095238 -0.891061 -0.487631
v 1.079931 -0.790559 -0.480816
v 1.046572 -0.685746 -0.465964
v 0.631976 -1.153062 -0.205341
v 1.036730 -0.578754 -0.336854
v 0.746513 -1.172912 -0.242556
v 0.849948 -1.205165 -0.276164
v 0.940173 -1.219949 -0.305480
v 1.015353 -1.201817 -0.329908
v 1.073958 -1.146798 -0.348950
v 1.114793 -1.071075 -0.362218
v 1.137028 -0.985205 -0.369442
v 1.140210 -0.891061 -0.370476
v 1.124274 -0.790559 -0.365299
v 1.089545 -0.685746 -0.354014
v 0.649977 -1.153062 -0.138158
v 1.066262 -0.578754 -0.226641
v 0.767778 -1.172912 -0.163197
v 0.874158 -1.205165 -0.185809
v 0.966954 -1.219949 -0.205533
v 1.044276 -1.201817 -0.221968
v 1.104549 -1.146798 -0.234780
v 1.146548 -1.071075 -0.243706
v 1.169416 -0.985205 -0.248567
v 1.172689 -0.891061 -0.249263
v 1.156299 -0.790559 -0.245779
v 1.120581 -0.685746 -0.238187
v 0.660858 -1.153062 -0.069459
v 1.084111 -0.578754 -0.113944
v 0.780630 -1.172912 -0.082047
v 0.888792 -1.205165 -0.093416
v 0.983141 -1.219949 -0.103332
v 1.061757 -1.201817 -0.111595
v 1.123040 -1.146798 -0.118036
v 1.165741 -1.071075 -0.122524
v 1.188992 -0.985205 -0.124968
v 1.192320 -0.891061 -0.125318
v 1.175656 -0.790559 -0.123566
v 1.139340 -0.685746 -0.119749
v 0.664498 -1.153062 -0.000000
v 1.090083 -0.578754 0.000000
v 0.784930 -1.172912 -0.000000
v 0.893688 -1.205165 -0.000000
v 0.988557 -1.219949 -0.000000
v 1.067606 -1.201817 -0.000000
v 1.129226 -1.146798 0.000000
v 1.172163 -1.071075 0.000000
v 1.195542 -0.985205 0.000000
v 1.198888 -0.891061 0.000000
v 1.182132 -0.790559 0.000000
v 1.145616 -0.685746 0.000000
v 0.660858 -1.153062 0.069459
v 1.084111 -0.578754 0.113945
v 0.780630 -1.172912 0.082047
v 0.888792 -1.205165 0.093416
v 0.983141 -1.219949 0.103332
v 1.061757 -1.201817 0.111595
v 1.123040 -1.146798 0.118036
v 1.165741 -1.071075 0.122524
v 1.188992 -0.985205 0.124968
v 1.192320 -0.891061 0.125318
v 1.175656 -0.790559 0.123567
v 1.139340 -0.685746 0.119750
v 0.649977 -1.153062 0.138158
v 1.066262 -0.578754 0.226641
v 0.767778 -1.172912 0.163197
v 0.874158 -1.205165 0.185809
v 0.966954 -1.219950 0.205533
v 1.044276 -1.201817 0.221968
v 1.104549 -1.146798 0.234780
v 1.146548 -1.071075 0.243707
v 1.169416 -0.985205 0.248567
v 1.172689 -0.891061 0.249263
v 1.156299 -0.790559 0.245779
v 1.120581 -0.685746 0.238187
v 0.631975 -1.153062 0.205342
v 1.036730 -0.578754 0.336854
v 0.746513 -1.172912 0.242557
v 0.849947 -1.205165 0.276165
v 0.940173 -1.219949 0.305481
v 1.015353 -1.201817 0.329908
v 1.073957 -1.146798 0.348950
v 1.114793 -1.071075 0.362218
v 1.137028 -0.985205 0.369443
v 1.140210 -0.891061 0.370477
v 1.124274 -0.790559 0.365299
v 1.089545 -0.685746 0.354015
v 0.607050 -1.153062 0.270276
v 0.995840 -0.578754 0.443377
v 0.717070 -1.172912 0.319260
v 0.816425 -1.205165 0.363495
v 0.903092 -1.219949 0.402082
v 0.975306 -1.201817 0.434234
v 1.031599 -1.146798 0.459297
v 1.070824 -1.071075 0.476761
v 1.092182 -0.985205 0.486271
v 1.095238 -0.891061 0.487632
v 1.079931 -0.790559 0.480817
v 1.046572 -0.685746 0.465964
v 0.575473 -1.153062 0.332249
v 0.944039 -0.578754 0.545042
v 0.679770 -1.172912 0.392465
v 0.773956 -1.205165 0.446843
v 0.856115 -1.219949 0.494278
v 0.924574 -1.201817 0.533803
v 0.977938 -1.146798 0.564613
v 1.015122 -1.071075 0.586081
v 1.035369 -0.985205 0.597771
v 1.038267 -0.891061 0.599444
v 1.023756 -0.790559 0.591066
v 0.992132 -0.685746 0.572808
v 0.537591 -1.153062 0.390582
v 0.881895 -0.578754 0.640735
v 0.635022 -1.172912 0.461370
v 0.723009 -1.205165 0.525296
v 0.799759 -1.219949 0.581059
v 0.863711 -1.201817 0.627522
v 0.913563 -1.146798 0.663742
v 0.948299 -1.071075 0.688980
v 0.967214 -0.985205 0.702722
v 0.969920 -0.891061 0.704688
v 0.956365 -0.790559 0.694840
v 0.926823 -0.685746 0.673376
v 0.493819 -1.153062 0.444635
v 0.810089 -0.578754 0.729408
v 0.583317 -1.172912 0.525220
v 0.664140 -1.205165 0.597993
v 0.734641 -1.219949 0.661473
v 0.793386 -1.201817 0.714367
v 0.839179 -1.146798 0.755599
v 0.871087 -1.071075 0.784329
v 0.888461 -0.985205 0.799973
v 0.890947 -0.891061 0.802212
v 0.878495 -0.790559 0.791001
v 0.851359 -0.685746 0.766567
v 0.444637 -1.153062 0.493817
v 0.729408 -0.578754 0.810089
v 0.525222 -1.172912 0.583316
v 0.597994 -1.205165 0.664138
v 0.661474 -1.219949 0.734640
v 0.714368 -1.201817 0.793385
v 0.755600 -1.146798 0.839177
v 0.784330 -1.071075 0.871086
v 0.799974 -0.985205 0.888460
v 0.802212 -0.891061 0.890946
v 0.791001 -0.790559 0.878495
v 0.766567 -0.685746 0.851358
v 0.390582 -1.153062 0.537591
v 0.640735 -0.578754 0.881895
v 0.461370 -1.172912 0.635022
v 0.525296 -1.205165 0.723008
v 0.581059 -1.219949 0.799759
v 0.627523 -1.201816 0.863711
v 0.663742 -1.146798 0.913562
v 0.688980 -1.071075 0.948299
v 0.702722 -0.985205 0.967213
v 0.704689 -0.891061 0.969920
v 0.694840 -0.790559 0.956364
v 0.673376 -0.685745 0.926822
v 0.332250 -1.153062 0.575472
v 0.545042 -0.578754 0.944039
v 0.392466 -1.172912 0.679769
v 0.446844 -1.205165 0.773956
v 0.494279 -1.219949 0.856114
v 0.533803 -1.201817 0.924573
v 0.564613 -1.146798 0.977937
v 0.586082 -1.071075 1.015122
v 0.597771 -0.985205 1.035369
v 0.599444 -0.891061 1.038266
v 0.591066 -0.790559 1.023756
v 0.572808 -0.685745 0.992132
v 0.270276 -1.153062 0.607049
v 0.443377 -0.578754 0.995840
v 0.319261 -1.172912 0.717069
v 0.363496 -1.205165 0.816424
v 0.402083 -1.219949 0.903091
v 0.434235 -1.201816 0.975306
v 0.459298 -1.146798 1.031598
v 0.476762 -1.071075 1.070823
v 0.486271 -0.985205 1.092181
v 0.487632 -0.891061 1.095238
v 0.480817 -0.790559 1.079931
v 0.465964 -0.685745 1.046572
v 0.205341 -1.153062 0.631975
v 0.336855 -0.578754 1.036730
v 0.242557 -1.172912 0.746513
v 0.276165 -1.205165 0.849947
v 0.305481 -1.219949 0.940173
v 0.329909 -1.201816 1.015353
v 0.348951 -1.146798 1.073957
v 0.362219 -1.071075 1.114792
v 0.369443 -0.985205 1.137027
v 0.370477 -0.891061 1.140209
v 0.365300 -0.790559 1.124274
v 0.354015 -0.685745 1.089545
v 0.138158 -1.153062 0.649977
v 0.226642 -0.578754 1.066261
v 0.163198 -1.172912 0.767777
v 0.185810 -1.205165 0.874158
v 0.205534 -1.219949 0.966954
v 0.221969 -1.201817 1.044275
v 0.234781 -1.146798 1.104549
v 0.243708 -1.071075 1.146547
v 0.248568 -0.985205 1.169416
v 0.249264 -0.891061 1.172688
v 0.245780 -0.790559 1.156299
v 0.238188 -0.685745 1.120581
v 0.069460 -1.153062 0.660858
v 0.113946 -0.578754 1.084111
v 0.082049 -1.172912 0.780630
v 0.093417 -1.205165 0.888791
v 0.103333 -1.219949 0.983140
v 0.111596 -1.201816 1.061756
v 0.118037 -1.146798 1.123039
v 0.122526 -1.071075 1.165741
v 0.124969 -0.985205 1.188992
v 0.125319 -0.891061 1.192319
v 0.123568 -0.790559 1.175656
v 0.119751 -0.685745 1.139340
v 0.000001 -1.153062 0.664498
v 0.000001 -0.578754 1.090082
v 0.000001 -1.172912 0.784930
v 0.000001 -1.205165 0.893687
v 0.000001 -1.219949 0.988556
v 0.000001 -1.201817 1.067605
v 0.000001 -1.146798 1.129225
v 0.000001 -1.071075 1.172162
v 0.000001 -0.985205 1.195541
v 0.000001 -0.891061 1.198887
v 0.000001 -0.790559 1.182131
v 0.000001 -0.685746 1.145615
v -0.069459 -1.153062 0.660858
v -0.113943 -0.578754 1.084111
v -0.082047 -1.172912 0.780630
v -0.093415 -1.205165 0.888792
v -0.103331 -1.219949 0.983141
v -0.111594 -1.201817 1.061757
v -0.118035 -1.146798 1.123039
v -0.122523 -1.071075 1.165741
v -0.124967 -0.985205 1.188992
v -0.125316 -0.891061 1.192320
v -0.123565 -0.790559 1.175656
v -0.119748 -0.685746 1.139340
v -0.138157 -1.153062 0.649977
v -0.226639 -0.578754 1.066262
v -0.163196 -1.172912 0.767777
v -0.185808 -1.205165 0.874158
v -0.205532 -1.219949 0.966954
v -0.221967 -1.201816 1.044276
v -0.234778 -1.146798 1.104549
v -0.243705 -1.071075 1.146548
v -0.248566 -0.985205 1.169416
v -0.249261 -0.891061 1.172689
v -0.245777 -0.790559 1.156300
v -0.238185 -0.685745 1.120582
v -0.205339 -1.153062 0.631976
v -0.336852 -0.578754 1.036731
v -0.242554 -1.172912 0.746514
v -0.276162 -1.205165 0.849948
v -0.305478 -1.219949 0.940174
v -0.329906 -1.201817 1.015354
v -0.348948 -1.146798 1.073958
v -0.362216 -1.071075 1.114793
v -0.369441 -0.985205 1.137028
v -0.370475 -0.891061 1.140210
v -0.365297 -0.790559 1.124275
v -0.354013 -0.685745 1.089546
v -0.270273 -1.153062 0.607050
v -0.443375 -0.578754 0.995841
v -0.319258 -1.172912 0.717070
v -0.363493 -1.205165 0.816425
v -0.402080 -1.219949 0.903092
v -0.434232 -1.201817 0.975307
v -0.459295 -1.146798 1.031599
v -0.476759 -1.071075 1.070824
v -0.486269 -0.985205 1.092182
v -0.487630 -0.891061 1.095239
v -0.480814 -0.790559 1.079932
v -0.465962 -0.685746 1.046573
v -0.332248 -1.153062 0.575472
v -0.545040 -0.578754 0.944040
v -0.392464 -1.172912 0.679769
v -0.446843 -1.205165 0.773956
v -0.494277 -1.219949 0.856115
v -0.533801 -1.201817 0.924574
v -0.564611 -1.146798 0.977939
v -0.586079 -1.071075 1.015123
v -0.597769 -0.985205 1.035370
v -0.599442 -0.891061 1.038268
v -0.591064 -0.790559 1.023757
v -0.572806 -0.685746 0.992133
v -0.390582 -1.153062 0.537590
v -0.640733 -0.578754 0.881897
v -0.461370 -1.172912 0.635022
v -0.525295 -1.205165 0.723009
v -0.581058 -1.219949 0.799759
v -0.627521 -1.201817 0.863712
v -0.663741 -1.146798 0.913564
v -0.688978 -1.071075 0.948300
v -0.702720 -0.985205 0.967214
v -0.704686 -0.891061 0.969921
v -0.694838 -0.790559 0.956366
v -0.673374 -0.685745 0.926824
v -0.444635 -1.153062 0.493819
v -0.729406 -0.578754 0.810091
v -0.525219 -1.172912 0.583318
v -0.597992 -1.205165 0.664140
v -0.661472 -1.219949 0.734642
v -0.714366 -1.201817 0.793387
v -0.755598 -1.146798 0.839180
v -0.784328 -1.071075 0.871088
v -0.799971 -0.985205 0.888462
v -0.802210 -0.891061 0.890949
v -0.790999 -0.790559 0.878497
v -0.766565 -0.685745 0.851360
v -0.493816 -1.153062 0.444638
v -0.810087 -0.578754 0.729409
v -0.583314 -1.172912 0.525223
v -0.664137 -1.205165 0.597996
v -0.734638 -1.219949 0.661475
v -0.793383 -1.201817 0.714369
v -0.839176 -1.146798 0.755601
v -0.871084 -1.071075 0.784332
v -0.888458 -0.985205 0.799975
v -0.890945 -0.891061 0.802214
v -0.878493 -0.790559 0.791002
v -0.851356 -0.685745 0.766568
v -0.537589 -1.153062 0.390583
v -0.881894 -0.578754 0.640736
v -0.635020 -1.172912 0.461371
v -0.723007 -1.205165 0.525298
v -0.799757 -1.219949 0.581060
v -0.863709 -1.201817 0.627524
v -0.913561 -1.146798 0.663744
v -0.948297 -1.071075 0.688981
v -0.967211 -0.985205 0.702724
v -0.969918 -0.891061 0.704690
v -0.956363 -0.790559 0.694842
v -0.926821 -0.685745 0.673378
v -0.575471 -1.153062 0.332251
v -0.944038 -0.578754 0.545043
v -0.679768 -1.172912 0.392467
v -0.773954 -1.205165 0.446846
v -0.856113 -1.219949 0.494280
v -0.924572 -1.201817 0.533805
v -0.977936 -1.146798 0.564615
v -1.015121 -1.071075 0.586083
v -1.035367 -0.985205 0.597773
v -1.038265 -0.891061 0.599446
v -1.023754 -0.790559 0.591068
v -0.992131 -0.685745 0.572810
v -0.607049 -1.153062 0.270276
v -0.995838 -0.578754 0.443379
v -0.717068 -1.172912 0.319260
v -0.816423 -1.205165 0.363496
v -0.903090 -1.219949 0.402083
v -0.975305 -1.201816 0.434236
v -1.031597 -1.146798 0.459299
v -1.070822 -1.071075 0.476763
v -1.092180 -0.985205 0.486273
v -1.095236 -0.891061 0.487634
v -1.079929 -0.790559 0.480819
v -1.046570 -0.685745 0.465966
v -0.631974 -1.153062 0.205343
v -1.036729 -0.578754 0.336857
v -0.746512 -1.172912 0.242559
v -0.849946 -1.205165 0.276167
v -0.940172 -1.219949 0.305483
v -1.015352 -1.201816 0.329911
v -1.073956 -1.146798 0.348953
v -1.114791 -1.071075 0.362221
v -1.137026 -0.985205 0.369446
v -1.140208 -0.891061 0.370480
v -1.124273 -0.790559 0.365302
v -1.089544 -0.685745 0.354018
v -0.649976 -1.153062 0.138159
v -1.066261 -0.578754 0.226644
v -0.767776 -1.172912 0.163198
v -0.874157 -1.205165 0.185810
v -0.966953 -1.219949 0.205535
v -1.044274 -1.201816 0.221970
v -1.104548 -1.146798 0.234782
v -1.146546 -1.071075 0.243709
v -1.169415 -0.985205 0.248570
v -1.172688 -0.891061 0.249266
v -1.156298 -0.790559 0.245782
v -1.120580 -0.685746 0.238190
v -0.660858 -1.153062 0.069460
v -1.084110 -0.578754 0.113948
v -0.780630 -1.172912 0.082049
v -0.888791 -1.205165 0.093417
v -0.983140 -1.219950 0.103334
v -1.061756 -1.201817 0.111598
v -1.123039 -1.146798 0.118039
v -1.165740 -1.071075 0.122527
v -1.188992 -0.985205 0.124971
v -1.192319 -0.891061 0.125321
v -1.175655 -0.790559 0.123570
v -1.139339 -0.685746 0.119753
v -0.664498 -1.153062 0.000002
v -1.090082 -0.578754 0.000003
v -0.784930 -1.172912 0.000002
v -0.893687 -1.205165 0.000003
v -0.988556 -1.219949 0.000003
v -1.067605 -1.201817 0.000003
v -1.129225 -1.146798 0.000003
v -1.172162 -1.071075 0.000003
v -1.195541 -0.985205 0.000003
v -1.198887 -0.891061 0.000004
v -1.182132 -0.790559 0.000004
v -1.145615 -0.685746 0.000003
v -0.660858 -1.153062 -0.069457
v -1.084111 -0.578754 -0.113941
v -0.780630 -1.172912 -0.082046
v -0.888792 -1.205165 -0.093413
v -0.983141 -1.219949 -0.103330
v -1.061757 -1.201817 -0.111592
v -1.123039 -1.146798 -0.118033
v -1.165741 -1.071075 -0.122521
v -1.188992 -0.985205 -0.124965
v -1.192320 -0.891061 -0.125314
v -1.175656 -0.790559 -0.123563
v -1.139340 -0.685746 -0.119746
v -0.649977 -1.153062 -0.138155
v -1.066262 -0.578754 -0.226637
v -0.767778 -1.172912 -0.163194
v -0.874158 -1.205165 -0.185805
v -0.966954 -1.219949 -0.205530
v -1.044276 -1.201817 -0.221964
v -1.104550 -1.146798 -0.234776
v -1.146548 -1.071075 -0.243703
v -1.169416 -0.985205 -0.248563
v -1.172689 -0.891061 -0.249259
v -1.156300 -0.790559 -0.245775
v -1.120582 -0.685746 -0.238183
v -0.631976 -1.153062 -0.205340
v -1.036731 -0.578754 -0.336850
v -0.746513 -1.172912 -0.242555
v -0.849948 -1.205165 -0.276162
v -0.940174 -1.219949 -0.305478
v -1.015354 -1.201817 -0.329905
v -1.073958 -1.146798 -0.348947
v -1.114793 -1.071075 -0.362215
v -1.137028 -0.985205 -0.369439
v -1.140211 -0.891061 -0.370473
v -1.124275 -0.790559 -0.365295
v -1.089546 -0.685746 -0.354011
v -0.607050 -1.153062 -0.270274
v -0.995841 -0.578754 -0.443373
v -0.717070 -1.172912 -0.319258
v -0.816425 -1.205165 -0.363493
v -0.903092 -1.219949 -0.402079
v -0.975307 -1.201816 -0.434231
v -1.031600 -1.146798 -0.459294
v -1.070825 -1.071075 -0.476758
v -1.092183 -0.985205 -0.486267
v -1.095240 -0.891061 -0.487628
v -1.079932 -0.790559 -0.480812
v -1.046573 -0.685746 -0.465960
v -0.575473 -1.153062 -0.332247
v -0.944041 -0.578754 -0.545038
v -0.679770 -1.172912 -0.392463
v -0.773957 -1.205165 -0.446841
v -0.856116 -1.219949 -0.494275
v -0.924575 -1.201816 -0.533799
v -0.977940 -1.146798 -0.564609
v -1.015124 -1.071075 -0.586078
v -1.035371 -0.985205 -0.597767
v -1.038269 -0.891061 -0.599440
v -1.023758 -0.790559 -0.591062
v -0.992134 -0.685746 -0.572804
v -0.537592 -1.153062 -0.390580
v -0.881897 -0.578754 -0.640731
v -0.635023 -1.172912 -0.461368
v -0.723010 -1.205165 -0.525294
v -0.799761 -1.219949 -0.581056
v -0.863713 -1.201817 -0.627520
v -0.913565 -1.146798 -0.663739
v -0.948301 -1.071075 -0.688976
v -0.967216 -0.985205 -0.702718
v -0.969922 -0.891061 -0.704685
v -0.956367 -0.790559 -0.694836
v -0.926825 -0.685746 -0.673372
v -0.493820 -1.153062 -0.444634
v -0.810092 -0.578754 -0.729404
v -0.583318 -1.172912 -0.525219
v -0.664141 -1.205165 -0.597991
v -0.734643 -1.219949 -0.661471
v -0.793388 -1.201817 -0.714365
v -0.839181 -1.146798 -0.755596
v -0.871089 -1.071075 -0.784326
v -0.888463 -0.985205 -0.799970
v -0.890949 -0.891061 -0.802209
v -0.878498 -0.790559 -0.790997
v -0.851361 -0.685746 -0.766563
v -0.444637 -1.153062 -0.493818
v -0.729410 -0.578754 -0.810086
v -0.525222 -1.172912 -0.583316
v -0.597995 -1.205165 -0.664138
v -0.661475 -1.219949 -0.734639
v -0.714370 -1.201817 -0.793383
v -0.755602 -1.146798 -0.839176
v -0.784332 -1.071075 -0.871084
v -0.799976 -0.985205 -0.888458
v -0.802215 -0.891061 -0.890944
v -0.791003 -0.790559 -0.878492
v -0.766569 -0.685746 -0.851355
v -0.390585 -1.153062 -0.537588
v -0.640738 -0.578754 -0.881892
v -0.461373 -1.172912 -0.635020
v -0.525299 -1.205165 -0.723006
v -0.581062 -1.219949 -0.799756
v -0.627526 -1.201816 -0.863708
v -0.663746 -1.146798 -0.913560
v -0.688983 -1.071075 -0.948296
v -0.702725 -0.985205 -0.967210
v -0.704692 -0.891061 -0.969917
v -0.694843 -0.790559 -0.956362
v -0.673379 -0.685746 -0.926820
v -0.332252 -1.153062 -0.575470
v -0.545045 -0.578754 -0.944037
v -0.392468 -1.172912 -0.679767
v -0.446847 -1.205165 -0.773954
v -0.494282 -1.219949 -0.856113
v -0.533807 -1.201816 -0.924571
v -0.564617 -1.146798 -0.977935
v -0.586085 -1.071075 -1.015120
v -0.597775 -0.985205 -1.035367
v -0.599448 -0.891061 -1.038264
v -0.591070 -0.790559 -1.023753
v -0.572812 -0.685746 -0.992130
v -0.270277 -1.153062 -0.607049
v -0.443381 -0.578754 -0.995838
v -0.319262 -1.172912 -0.717068
v -0.363498 -1.205165 -0.816423
v -0.402085 -1.219949 -0.903090
v -0.434238 -1.201816 -0.975304
v -0.459301 -1.146798 -1.031597
v -0.476765 -1.071075 -1.070821
v -0.486275 -0.985205 -1.092179
v -0.487636 -0.891061 -1.095236
v -0.480821 -0.790559 -1.079929
v -0.465968 -0.685746 -1.046570
v -0.205343 -1.153062 -0.631975
v -0.336858 -0.578754 -1.036729
v -0.242559 -1.172912 -0.746512
v -0.276168 -1.205165 -0.849946
v -0.305484 -1.219949 -0.940172
v -0.329912 -1.201817 -1.015352
v -0.348954 -1.146798 -1.073956
v -0.362223 -1.071075 -1.114791
v -0.369447 -0.985205 -1.137026
v -0.370481 -0.891061 -1.140208
v -0.365304 -0.790559 -1.124273
v -0.354019 -0.685746 -1.089544
v -0.138160 -1.153062 -0.649977
v -0.226646 -0.578754 -1.066260
v -0.163200 -1.172912 -0.767777
v -0.185812 -1.205165 -0.874158
v -0.205537 -1.219949 -0.966953
v -0.221972 -1.201817 -1.044275
v -0.234784 -1.146798 -1.104548
v -0.243711 -1.071075 -1.146547
v -0.248572 -0.985205 -1.169415
v -0.249268 -0.891061 -1.172688
v -0.245784 -0.790559 -1.156298
v -0.238192 -0.685746 -1.120580
v -0.069463 -1.153062 -0.660858
v -0.113949 -0.578754 -1.084110
v -0.082052 -1.172912 -0.780630
v -0.093421 -1.205165 -0.888791
v -0.103337 -1.219949 -0.983140
v -0.111600 -1.201817 -1.061756
v -0.118042 -1.146798 -1.123039
v -0.122530 -1.071075 -1.165740
v -0.124974 -0.985205 -1.188992
v -0.125323 -0.891061 -1.192319
v -0.123572 -0.790559 -1.175655
v -0.119754 -0.685746 -1.139339
v -0.000000 1.090893 -0.201368
v -0.000000 0.728957 -0.302015
v -0.000000 1.061453 -0.202392
v -0.000000 1.029212 -0.205445
v -0.000000 0.994826 -0.210463
v -0.000000 0.958997 -0.217345
v -0.000000 0.922452 -0.225951
v -0.000000 0.885937 -0.236105
v -0.000000 0.850194 -0.247601
v -0.000000 0.815951 -0.260205
v -0.000000 0.783905 -0.273659
v -0.000000 0.754709 -0.287691
v 0.031569 0.728957 -0.300361
v 0.021049 1.090893 -0.200265
v 0.030072 0.754709 -0.286115
v 0.028605 0.783905 -0.272160
v 0.027199 0.815951 -0.258779
v 0.025881 0.850194 -0.246245
v 0.024680 0.885937 -0.234812
v 0.023618 0.922452 -0.224713
v 0.022719 0.958997 -0.216155
v 0.021999 0.994826 -0.209310
v 0.021475 1.029212 -0.204320
v 0.021156 1.061453 -0.201284
v 0.062792 0.728957 -0.295415
v 0.041867 1.090893 -0.196968
v 0.059814 0.754709 -0.281405
v 0.056897 0.783905 -0.267679
v 0.054100 0.815951 -0.254519
v 0.051479 0.850194 -0.242190
v 0.049089 0.885937 -0.230946
v 0.046978 0.922452 -0.221013
v 0.045189 0.958997 -0.212596
v 0.043758 0.994826 -0.205864
v 0.042714 1.029212 -0.200955
v 0.042080 1.061453 -0.197970
v 0.093328 0.728957 -0.287233
v 0.062226 1.090893 -0.191512
v 0.088902 0.754709 -0.273611
v 0.084566 0.783905 -0.260266
v 0.080408 0.815951 -0.247469
v 0.076513 0.850194 -0.235483
v 0.072961 0.885937 -0.224549
v 0.069823 0.922452 -0.214892
v 0.067164 0.958997 -0.206708
v 0.065037 0.994826 -0.200162
v 0.063486 1.029212 -0.195390
v 0.062543 1.061453 -0.192487
v 0.122841 0.728957 -0.275904
v 0.081904 1.090893 -0.183959
v 0.117015 0.754709 -0.262819
v 0.111308 0.783905 -0.250000
v 0.105835 0.815951 -0.237709
v 0.100709 0.850194 -0.226195
v 0.096033 0.885937 -0.215693
v 0.091903 0.922452 -0.206416
v 0.088403 0.958997 -0.198555
v 0.085603 0.994826 -0.192268
v 0.083562 1.029212 -0.187683
v 0.082321 1.061453 -0.184895
v 0.151008 0.728957 -0.261552
v 0.100684 1.090893 -0.174390
v 0.143846 0.754709 -0.249148
v 0.136830 0.783905 -0.236996
v 0.130103 0.815951 -0.225344
v 0.123801 0.850194 -0.214429
v 0.118053 0.885937 -0.204473
v 0.112976 0.922452 -0.195679
v 0.108673 0.958997 -0.188226
v 0.105232 0.994826 -0.182266
v 0.102723 1.029212 -0.177920
v 0.101197 1.061453 -0.175277
v 0.177520 0.728957 -0.244335
v 0.118362 1.090893 -0.162910
v 0.169101 0.754709 -0.232747
v 0.160853 0.783905 -0.221395
v 0.152945 0.815951 -0.210510
v 0.145537 0.850194 -0.200313
v 0.138780 0.885937 -0.191013
v 0.132811 0.922452 -0.182798
v 0.127753 0.958997 -0.175836
v 0.123708 0.994826 -0.170268
v 0.120758 1.029212 -0.166208
v 0.118964 1.061453 -0.163739
v 0.202088 0.728957 -0.224441
v 0.134742 1.090893 -0.149645
v 0.192504 0.754709 -0.213796
v 0.183114 0.783905 -0.203368
v 0.174111 0.815951 -0.193370
v 0.165678 0.850194 -0.184003
v 0.157986 0.885937 -0.175460
v 0.151191 0.922452 -0.167914
v 0.145433 0.958997 -0.161519
v 0.140828 0.994826 -0.156404
v 0.137470 1.029212 -0.152675
v 0.135427 1.061453 -0.150407
v 0.224441 0.728957 -0.202087
v 0.149646 1.090893 -0.134741
v 0.213797 0.754709 -0.192503
v 0.203369 0.783905 -0.183114
v 0.193370 0.815951 -0.174111
v 0.184004 0.850194 -0.165677
v 0.175461 0.885937 -0.157985
v 0.167915 0.922452 -0.151190
v 0.161520 0.958997 -0.145432
v 0.156405 0.994826 -0.140827
v 0.152676 1.029212 -0.137469
v 0.150407 1.061453 -0.135427
v 0.244336 0.728957 -0.177520
v 0.162911 1.090893 -0.118361
v 0.232748 0.754709 -0.169100
v 0.221396 0.783905 -0.160853
v 0.210511 0.815951 -0.152944
v 0.200314 0.850194 -0.145536
v 0.191014 0.885937 -0.138779
v 0.182799 0.922452 -0.132810
v 0.175837 0.958997 -0.127752
v 0.170269 0.994826 -0.123707
v 0.166209 1.029211 -0.120757
v 0.163740 1.061452 -0.118963
v 0.261553 0.728957 -0.151007
v 0.174390 1.090893 -0.100683
v 0.249149 0.754709 -0.143845
v 0.236997 0.783905 -0.136829
v 0.225345 0.815951 -0.130102
v 0.214430 0.850194 -0.123800
v 0.204474 0.885937 -0.118052
v 0.195680 0.922452 -0.112975
v 0.188227 0.958997 -0.108672
v 0.182267 0.994826 -0.105231
v 0.177921 1.029212 -0.102722
v 0.175278 1.061453 -0.101196
v 0.275905 0.728957 -0.122840
v 0.183960 1.090893 -0.081903
v 0.262820 0.754709 -0.117014
v 0.250001 0.783905 -0.111307
v 0.237710 0.815951 -0.105834
v 0.226196 0.850194 -0.100708
v 0.215694 0.885937 -0.096032
v 0.206417 0.922452 -0.091902
v 0.198556 0.958997 -0.088402
v 0.192269 0.994826 -0.085603
v 0.187684 1.029212 -0.083561
v 0.184895 1.061453 -0.082320
v 0.287234 0.728957 -0.093327
v 0.191513 1.090893 -0.062225
v 0.273612 0.754709 -0.088901
v 0.260266 0.783905 -0.084565
v 0.247470 0.815951 -0.080407
v 0.235483 0.850194 -0.076512
v 0.224550 0.885937 -0.072960
v 0.214893 0.922452 -0.069822
v 0.206708 0.958997 -0.067163
v 0.200163 0.994826 -0.065036
v 0.195391 1.029212 -0.063485
v 0.192487 1.061453 -0.062542
v 0.295416 0.728957 -0.062792
v 0.196968 1.090893 -0.041866
v 0.281405 0.754709 -0.059814
v 0.267680 0.783905 -0.056896
v 0.254519 0.815951 -0.054099
v 0.242191 0.850194 -0.051478
v 0.230947 0.885937 -0.049088
v 0.221014 0.922452 -0.046977
v 0.212597 0.958997 -0.045188
v 0.205865 0.994826 -0.043757
v 0.200956 1.029212 -0.042714
v 0.197970 1.061453 -0.042079
v 0.300361 0.728957 -0.031568
v 0.200266 1.090893 -0.021048
v 0.286116 0.754709 -0.030071
v 0.272161 0.783905 -0.028604
v 0.258780 0.815951 -0.027198
v 0.246245 0.850194 -0.025880
v 0.234813 0.885937 -0.024679
v 0.224714 0.922452 -0.023617
v 0.216155 0.958997 -0.022718
v 0.209311 0.994826 -0.021998
v 0.204320 1.029212 -0.021474
v 0.201285 1.061453 -0.021155
v 0.302016 0.728957 0.000001
v 0.201369 1.090893 0.000001
v 0.287692 0.754709 0.000001
v 0.273660 0.783905 0.000001
v 0.260206 0.815951 0.000001
v 0.247602 0.850194 0.000001
v 0.236106 0.885937 0.000001
v 0.225952 0.922452 0.000001
v 0.217346 0.958997 0.000001
v 0.210464 0.994826 0.000001
v 0.205446 1.029212 0.000001
v 0.202393 1.061453 0.000001
v 0.300361 0.728957 0.031570
v 0.200266 1.090893 0.021050
v 0.286116 0.754709 0.030073
v 0.272161 0.783905 0.028606
v 0.258780 0.815951 0.027200
v 0.246246 0.850194 0.025882
v 0.234813 0.885937 0.024681
v 0.224714 0.922452 0.023619
v 0.216155 0.958997 0.022720
v 0.209311 0.994826 0.022001
v 0.204320 1.029212 0.021476
v 0.201285 1.061453 0.021157
v 0.295416 0.728957 0.062794
v 0.196968 1.090893 0.041868
v 0.281405 0.754709 0.059816
v 0.267680 0.783905 0.056898
v 0.254519 0.815951 0.054101
v 0.242191 0.850194 0.051480
v 0.230947 0.885937 0.049090
v 0.221014 0.922452 0.046979
v 0.212597 0.958997 0.045190
v 0.205865 0.994826 0.043759
v 0.200956 1.029211 0.042716
v 0.197970 1.061452 0.042081
v 0.287234 0.728957 0.093329
v 0.191513 1.090893 0.062227
v 0.273612 0.754709 0.088903
v 0.260266 0.783905 0.084567
v 0.247470 0.815951 0.080409
v 0.235483 0.850194 0.076514
v 0.224550 0.885937 0.072962
v 0.214893 0.922452 0.069824
v 0.206708 0.958997 0.067165
v 0.200163 0.994826 0.065038
v 0.195390 1.029212 0.063487
v 0.192487 1.061453 0.062544
v 0.275905 0.728957 0.122842
v 0.183960 1.090893 0.081905
v 0.262820 0.754709 0.117016
v 0.250001 0.783905 0.111309
v 0.237710 0.815951 0.105836
v 0.226196 0.850194 0.100710
v 0.215694 0.885937 0.096034
v 0.206417 0.922452 0.091904
v 0.198556 0.958997 0.088404
v 0.192269 0.994826 0.085605
v 0.187684 1.029212 0.083563
v 0.184895 1.061453 0.082322
v 0.261553 0.728957 0.151009
v 0.174390 1.090893 0.100686
v 0.249149 0.754709 0.143847
v 0.236997 0.783905 0.136831
v 0.225345 0.815951 0.130104
v 0.214430 0.850194 0.123802
v 0.204474 0.885937 0.118054
v 0.195680 0.922452 0.112977
v 0.188227 0.958997 0.108674
v 0.182267 0.994826 0.105233
v 0.177921 1.029211 0.102724
v 0.175278 1.061452 0.101198
v 0.244336 0.728957 0.177521
v 0.162911 1.090893 0.118363
v 0.232748 0.754709 0.169102
v 0.221396 0.783905 0.160854
v 0.210511 0.815951 0.152946
v 0.200314 0.850194 0.145538
v 0.191014 0.885937 0.138781
v 0.182799 0.922452 0.132812
v 0.175837 0.958997 0.127754
v 0.170269 0.994826 0.123709
v 0.166209 1.029211 0.120759
v 0.163740 1.061452 0.118965
v 0.224441 0.728957 0.202089
v 0.149646 1.090893 0.134743
v 0.213797 0.754709 0.192505
v 0.203369 0.783905 0.183116
v 0.193370 0.815951 0.174113
v 0.184004 0.850194 0.165679
v 0.175461 0.885937 0.157987
v 0.167915 0.922452 0.151192
v 0.161520 0.958997 0.145434
v 0.156405 0.994826 0.140829
v 0.152676 1.029211 0.137471
v 0.150408 1.061452 0.135429
v 0.202088 0.728957 0.224442
v 0.134742 1.090893 0.149647
v 0.192504 0.754709 0.213798
v 0.183114 0.783905 0.203370
v 0.174111 0.815951 0.193371
v 0.165678 0.850194 0.184005
v 0.157986 0.885937 0.175462
v 0.151191 0.922452 0.167916
v 0.145433 0.958997 0.161521
v 0.140828 0.994826 0.156406
v 0.137470 1.029212 0.152677
v 0.135427 1.061453 0.150409
v 0.177520 0.728957 0.244337
v 0.118362 1.090893 0.162912
v 0.169101 0.754709 0.232749
v 0.160853 0.783905 0.221397
v 0.152945 0.815951 0.210512
v 0.145537 0.850194 0.200315
v 0.138780 0.885937 0.191015
v 0.132811 0.922452 0.182800
v 0.127753 0.958997 0.175838
v 0.123708 0.994826 0.170270
v 0.120758 1.029211 0.166210
v 0.118964 1.061452 0.163741
v 0.151008 0.728957 0.261554
v 0.100684 1.090893 0.174392
v 0.143846 0.754709 0.249150
v 0.136830 0.783905 0.236998
v 0.130103 0.815951 0.225346
v 0.123801 0.850194 0.214431
v 0.118053 0.885937 0.204475
v 0.112976 0.922452 0.195681
v 0.108673 0.958997 0.188228
v 0.105232 0.994826 0.182268
v 0.102723 1.029211 0.177922
v 0.101197 1.061452 0.175279
v 0.122841 0.728957 0.275906
v 0.081904 1.090893 0.183961
v 0.117015 0.754709 0.262821
v 0.111308 0.783905 0.250002
v 0.105835 0.815951 0.237711
v 0.100709 0.850194 0.226197
v 0.096033 0.885937 0.215695
v 0.091903 0.922452 0.206418
v 0.088403 0.958997 0.198557
v 0.085603 0.994826 0.192270
v 0.083562 1.029211 0.187685
v 0.082321 1.061452 0.184897
v 0.093328 0.728957 0.287235
v 0.062226 1.090893 0.191514
v 0.088902 0.754709 0.273613
v 0.084566 0.783905 0.260267
v 0.080408 0.815951 0.247471
v 0.076513 0.850194 0.235484
v 0.072961 0.885937 0.224551
v 0.069823 0.922452 0.214894
v 0.067164 0.958997 0.206710
v 0.065037 0.994826 0.200164
v 0.063486 1.029211 0.195392
v 0.062543 1.061452 0.192489
v 0.062793 0.728957 0.295417
v 0.041867 1.090893 0.196970
v 0.059815 0.754709 0.281406
v 0.056897 0.783905 0.267681
v 0.054100 0.815951 0.254521
v 0.051479 0.850194 0.242192
v 0.049089 0.885937 0.230948
v 0.046978 0.922452 0.221015
v 0.045189 0.958997 0.212598
v 0.043758 0.994826 0.205866
v 0.042715 1.029211 0.200957
v 0.042080 1.061452 0.197972
v 0.031569 0.728957 0.300362
v 0.021049 1.090893 0.200267
v 0.030072 0.754709 0.286117
v 0.028605 0.783905 0.272162
v 0.027199 0.815951 0.258781
v 0.025882 0.850194 0.246247
v 0.024680 0.885937 0.234814
v 0.023618 0.922452 0.224715
v 0.022719 0.958997 0.216157
v 0.022000 0.994826 0.209312
v 0.021475 1.029211 0.204321
v 0.021156 1.061452 0.201286
v 0.000000 0.728957 0.302017
v 0.000000 1.090893 0.201370
v 0.000000 0.754709 0.287693
v 0.000000 0.783905 0.273661
v 0.000000 0.815951 0.260207
v 0.000000 0.850194 0.247603
v 0.000000 0.885937 0.236107
v 0.000000 0.922452 0.225953
v 0.000000 0.958997 0.217347
v 0.000000 0.994826 0.210465
v 0.000000 1.029211 0.205447
v 0.000000 1.061452 0.202394
v -0.031569 0.728957 0.300362
v -0.021049 1.090893 0.200267
v -0.030072 0.754709 0.286117
v -0.028605 0.783905 0.272162
v -0.027199 0.815951 0.258781
v -0.025881 0.850194 0.246247
v -0.024680 0.885937 0.234814
v -0.023618 0.922452 0.224715
v -0.022719 0.958997 0.216157
v -0.021999 0.994826 0.209312
v -0.021475 1.029211 0.204321
v -0.021156 1.061452 0.201286
v -0.062792 0.728957 0.295417
v -0.041867 1.090893 0.196970
v -0.059814 0.754709 0.281407
v -0.056897 0.783905 0.267681
v -0.054100 0.815951 0.254521
v -0.051479 0.850194 0.242192
v -0.049089 0.885937 0.230948
v -0.046978 0.922452 0.221016
v -0.045189 0.958997 0.212598
v -0.043758 0.994826 0.205866
v -0.042715 1.029211 0.200957
v -0.042080 1.061452 0.197972
v -0.093328 0.728957 0.287235
v -0.062226 1.090893 0.191514
v -0.088902 0.754709 0.273613
v -0.084566 0.783905 0.260268
v -0.080408 0.815951 0.247471
v -0.076513 0.850194 0.235485
v -0.072961 0.885937 0.224551
v -0.069823 0.922452 0.214894
v -0.067164 0.958997 0.206710
v -0.065037 0.994826 0.200165
v -0.063486 1.029211 0.195392
v -0.062543 1.061452 0.192489
v -0.122841 0.728957 0.275906
v -0.081904 1.090893 0.183961
v -0.117015 0.754709 0.262821
v -0.111308 0.783905 0.250002
v -0.105835 0.815951 0.237711
v -0.100709 0.850194 0.226197
v -0.096033 0.885937 0.215695
v -0.091903 0.922452 0.206419
v -0.088403 0.958997 0.198557
v -0.085603 0.994826 0.192270
v -0.083562 1.029211 0.187685
v -0.082321 1.061452 0.184897
v -0.151008 0.728957 0.261555
v -0.100684 1.090893 0.174392
v -0.143846 0.754709 0.249150
v -0.136830 0.783905 0.236998
v -0.130103 0.815951 0.225346
v -0.123801 0.850194 0.214431
v -0.118053 0.885937 0.204475
v -0.112976 0.922452 0.195681
v -0.108673 0.958997 0.188229
v -0.105232 0.994826 0.182269
v -0.102723 1.029211 0.177923
v -0.101197 1.061452 0.175279
v -0.177520 0.728957 0.244337
v -0.118362 1.090893 0.162912
v -0.169101 0.754709 0.232749
v -0.160853 0.783905 0.221397
v -0.152945 0.815951 0.210512
v -0.145537 0.850194 0.200316
v -0.138780 0.885937 0.191015
v -0.132811 0.922452 0.182800
v -0.127753 0.958997 0.175838
v -0.123708 0.994826 0.170270
v -0.120758 1.029211 0.166210
v -0.118964 1.061452 0.163741
v -0.202088 0.728957 0.224443
v -0.134742 1.090893 0.149648
v -0.192504 0.754709 0.213798
v -0.183114 0.783905 0.203371
v -0.174111 0.815951 0.193372
v -0.165678 0.850194 0.184006
v -0.157986 0.885937 0.175462
v -0.151191 0.922452 0.167916
v -0.145433 0.958997 0.161521
v -0.140828 0.994826 0.156407
v -0.137470 1.029212 0.152677
v -0.135428 1.061453 0.150409
v -0.224441 0.728957 0.202089
v -0.149646 1.090893 0.134743
v -0.213797 0.754709 0.192505
v -0.203369 0.783905 0.183116
v -0.193370 0.815951 0.174113
v -0.184004 0.850194 0.165679
v -0.175461 0.885937 0.157987
v -0.167915 0.922452 0.151193
v -0.161520 0.958997 0.145434
v -0.156405 0.994826 0.140829
v -0.152676 1.029211 0.137471
v -0.150408 1.061452 0.135429
v -0.244336 0.728957 0.177522
v -0.162911 1.090893 0.118363
v -0.232748 0.754709 0.169103
v -0.221396 0.783905 0.160855
v -0.210511 0.815951 0.152946
v -0.200314 0.850194 0.145538
v -0.191014 0.885937 0.138781
v -0.182799 0.922452 0.132813
v -0.175837 0.958997 0.127754
v -0.170269 0.994826 0.123709
v -0.166209 1.029211 0.120759
v -0.163740 1.061452 0.118965
v -0.261553 0.728957 0.151009
v -0.174391 1.090893 0.100686
v -0.249149 0.754709 0.143848
v -0.236997 0.783905 0.136832
v -0.225345 0.815951 0.130104
v -0.214430 0.850194 0.123802
v -0.204474 0.885937 0.118055
v -0.195680 0.922452 0.112977
v -0.188227 0.958997 0.108675
v -0.182267 0.994826 0.105234
v -0.177921 1.029211 0.102724
v -0.175278 1.061452 0.101198
v -0.275905 0.728957 0.122843
v -0.183960 1.090893 0.081906
v -0.262820 0.754709 0.117017
v -0.250001 0.783905 0.111309
v -0.237710 0.815951 0.105837
v -0.226196 0.850194 0.100710
v -0.215694 0.885937 0.096035
v -0.206417 0.922452 0.091904
v -0.198556 0.958997 0.088404
v -0.192269 0.994826 0.085605
v -0.187684 1.029211 0.083564
v -0.184896 1.061452 0.082322
v -0.287234 0.728957 0.093330
v -0.191513 1.090893 0.062228
v -0.273612 0.754709 0.088903
v -0.260266 0.783905 0.084567
v -0.247470 0.815951 0.080410
v -0.235484 0.850194 0.076515
v -0.224550 0.885937 0.072962
v -0.214893 0.922452 0.069825
v -0.206709 0.958997 0.067165
v -0.200163 0.994826 0.065039
v -0.195391 1.029211 0.063488
v -0.192488 1.061452 0.062545
v -0.295416 0.728957 0.062794
v -0.196969 1.090893 0.041869
v -0.281406 0.754709 0.059816
v -0.267680 0.783905 0.056899
v -0.254520 0.815951 0.054101
v -0.242191 0.850194 0.051481
v -0.230947 0.885937 0.049091
v -0.221014 0.922452 0.046980
v -0.212597 0.958997 0.045190
v -0.205865 0.994826 0.043760
v -0.200957 1.029212 0.042716
v -0.197971 1.061453 0.042082
v -0.300362 0.728957 0.031571
v -0.200266 1.090893 0.021050
v -0.286116 0.754709 0.030074
v -0.272161 0.783905 0.028607
v -0.258780 0.815951 0.027201
v -0.246246 0.850194 0.025883
v -0.234813 0.885937 0.024681
v -0.224714 0.922452 0.023620
v -0.216156 0.958997 0.022720
v -0.209311 0.994826 0.022001
v -0.204321 1.029211 0.021477
v -0.201285 1.061452 0.021157
v -0.302016 0.728957 0.000002
v -0.201369 1.090893 0.000002
v -0.287693 0.754709 0.000002
v -0.273661 0.783905 0.000002
v -0.260206 0.815951 0.000002
v -0.247602 0.850194 0.000002
v -0.236106 0.885937 0.000002
v -0.225952 0.922452 0.000002
v -0.217347 0.958997 0.000002
v -0.210465 0.994826 0.000002
v -0.205446 1.029211 0.000002
v -0.202394 1.061452 0.000002
v -0.300362 0.728957 -0.031567
v -0.200266 1.090893 -0.021047
v -0.286117 0.754709 -0.030070
v -0.272161 0.783905 -0.028604
v -0.258780 0.815951 -0.027197
v -0.246246 0.850194 -0.025880
v -0.234813 0.885937 -0.024678
v -0.224715 0.922452 -0.023617
v -0.216156 0.958997 -0.022717
v -0.209312 0.994826 -0.021998
v -0.204321 1.029211 -0.021473
v -0.201285 1.061452 -0.021154
v -0.295416 0.728957 -0.062791
v -0.196969 1.090893 -0.041865
v -0.281406 0.754709 -0.059813
v -0.267681 0.783905 -0.056895
v -0.254520 0.815951 -0.054098
v -0.242192 0.850194 -0.051478
v -0.230947 0.885937 -0.049088
v -0.221015 0.922452 -0.046976
v -0.212597 0.958997 -0.045187
v -0.205865 0.994826 -0.043756
v -0.200957 1.029212 -0.042713
v -0.197971 1.061453 -0.042078
v -0.287235 0.728957 -0.093326
v -0.191514 1.090893 -0.062225
v -0.273612 0.754709 -0.088900
v -0.260267 0.783905 -0.084564
v -0.247471 0.815951 -0.080406
v -0.235484 0.850194 -0.076512
v -0.224551 0.885937 -0.072959
v -0.214894 0.922452 -0.069821
v -0.206709 0.958997 -0.067162
v -0.200164 0.994826 -0.065035
v -0.195391 1.029212 -0.063485
v -0.192488 1.061453 -0.062541
v -0.275906 0.728957 -0.122839
v -0.183960 1.090893 -0.081903
v -0.262821 0.754709 -0.117013
v -0.250002 0.783905 -0.111306
v -0.237710 0.815951 -0.105833
v -0.226196 0.850194 -0.100707
v -0.215694 0.885937 -0.096031
v -0.206418 0.922452 -0.091901
v -0.198556 0.958997 -0.088401
v -0.192269 0.994826 -0.085602
v -0.187685 1.029212 -0.083561
v -0.184896 1.061453 -0.082319
v -0.261554 0.728957 -0.151006
v -0.174391 1.090893 -0.100683
v -0.249150 0.754709 -0.143844
v -0.236997 0.783905 -0.136828
v -0.225345 0.815951 -0.130101
v -0.214430 0.850194 -0.123799
v -0.204475 0.885937 -0.118051
v -0.195681 0.922452 -0.112974
v -0.188228 0.958997 -0.108672
v -0.182268 0.994826 -0.105230
v -0.177922 1.029212 -0.102721
v -0.175278 1.061453 -0.101195
v -0.244337 0.728957 -0.177519
v -0.162912 1.090893 -0.118360
v -0.232749 0.754709 -0.169100
v -0.221397 0.783905 -0.160852
v -0.210511 0.815951 -0.152943
v -0.200315 0.850194 -0.145535
v -0.191015 0.885937 -0.138778
v -0.182800 0.922452 -0.132810
v -0.175838 0.958997 -0.127751
v -0.170270 0.994826 -0.123706
v -0.166210 1.029212 -0.120756
v -0.163740 1.061453 -0.118962
v -0.224442 0.728957 -0.202086
v -0.149647 1.090893 -0.134741
v -0.213798 0.754709 -0.192502
v -0.203370 0.783905 -0.183113
v -0.193371 0.815951 -0.174110
v -0.184005 0.850194 -0.165676
v -0.175462 0.885937 -0.157984
v -0.167916 0.922452 -0.151190
v -0.161520 0.958997 -0.145431
v -0.156406 0.994826 -0.140826
v -0.152677 1.029212 -0.137469
v -0.150408 1.061453 -0.135426
v -0.202089 0.728957 -0.224440
v -0.134743 1.090893 -0.149645
v -0.192505 0.754709 -0.213795
v -0.183115 0.783905 -0.203368
v -0.174112 0.815951 -0.193369
v -0.165679 0.850194 -0.184003
v -0.157987 0.885937 -0.175460
v -0.151192 0.922452 -0.167914
v -0.145434 0.958997 -0.161518
v -0.140829 0.994826 -0.156404
v -0.137471 1.029212 -0.152675
v -0.135428 1.061453 -0.150406
v -0.177522 0.728957 -0.244334
v -0.118363 1.090893 -0.162909
v -0.169102 0.754709 -0.232746
v -0.160855 0.783905 -0.221394
v -0.152946 0.815951 -0.210509
v -0.145538 0.850194 -0.200313
v -0.138781 0.885937 -0.191012
v -0.132812 0.922452 -0.182798
v -0.127754 0.958997 -0.175835
v -0.123709 0.994826 -0.170268
v -0.120759 1.029212 -0.166208
v -0.118965 1.061453 -0.163738
v -0.151009 0.728957 -0.261552
v -0.100685 1.090893 -0.174389
v -0.143847 0.754709 -0.249147
v -0.136831 0.783905 -0.236995
v -0.130104 0.815951 -0.225343
v -0.123802 0.850194 -0.214428
v -0.118054 0.885937 -0.204472
v -0.112977 0.922452 -0.195679
v -0.108674 0.958997 -0.188226
v -0.105233 0.994826 -0.182266
v -0.102724 1.029212 -0.177920
v -0.101198 1.061453 -0.175276
v -0.122842 0.728957 -0.275904
v -0.081905 1.090893 -0.183958
v -0.117016 0.754709 -0.262819
v -0.111309 0.783905 -0.250000
v -0.105836 0.815951 -0.237708
v -0.100710 0.850194 -0.226194
v -0.096034 0.885937 -0.215692
v -0.091904 0.922452 -0.206416
v -0.088404 0.958997 -0.198554
v -0.085605 0.994826 -0.192267
v -0.083563 1.029212 -0.187683
v -0.082322 1.061453 -0.184894
v -0.093329 0.728957 -0.287233
v -0.062227 1.090893 -0.191512
v -0.088903 0.754709 -0.273610
v -0.084567 0.783905 -0.260265
v -0.080409 0.815951 -0.247469
v -0.076514 0.850194 -0.235482
v -0.072962 0.885937 -0.224549
v -0.069824 0.922452 -0.214892
v -0.067165 0.958997 -0.206707
v -0.065038 0.994826 -0.200162
v -0.063487 1.029212 -0.195389
v -0.062544 1.061453 -0.192486
v -0.062794 0.728957 -0.295415
v -0.041868 1.090893 -0.196967
v -0.059816 0.754709 -0.281404
v -0.056899 0.783905 -0.267679
v -0.054101 0.815951 -0.254518
v -0.051481 0.850194 -0.242190
v -0.049090 0.885937 -0.230945
v -0.046979 0.922452 -0.221013
v -0.045190 0.958997 -0.212596
v -0.043759 0.994826 -0.205864
v -0.042716 1.029212 -0.200955
v -0.042081 1.061453 -0.197969
v -0.031571 0.728957 -0.300360
v -0.021050 1.090893 -0.200265
v -0.030073 0.754709 -0.286115
v -0.028607 0.783905 -0.272160
v -0.027200 0.815951 -0.258779
v -0.025883 0.850194 -0.246245
v -0.024681 0.885937 -0.234812
v -0.023620 0.922452 -0.224713
v -0.022720 0.958997 -0.216155
v -0.022001 0.994826 -0.209310
v -0.021476 1.029212 -0.204319
v -0.021157 1.061453 -0.201284
v -0.047677 1.539197 -0.224296
v -0.041868 1.454077 -0.196967
v -0.046850 1.533311 -0.220407
v -0.046040 1.526585 -0.216596
v -0.045264 1.519157 -0.212943
v -0.044536 1.511177 -0.209521
v -0.043873 1.502808 -0.206400
v -0.043287 1.494221 -0.203642
v -0.042790 1.485589 -0.201306
v -0.042393 1.477089 -0.199437
v -0.042103 1.468894 -0.198074
v -0.041927 1.461171 -0.197246
v -0.062227 1.454077 -0.191512
v -0.070861 1.539197 -0.218083
v -0.062315 1.461171 -0.191783
v -0.062577 1.468894 -0.192588
v -0.063008 1.477089 -0.193913
v -0.063598 1.485589 -0.195730
v -0.064336 1.494221 -0.198002
v -0.065207 1.502808 -0.200683
v -0.066193 1.511177 -0.203718
v -0.067275 1.519157 -0.207045
v -0.068429 1.526585 -0.210597
v -0.069632 1.533311 -0.214302
v -0.081905 1.454077 -0.183958
v -0.093269 1.539197 -0.209482
v -0.082021 1.461171 -0.184218
v -0.082365 1.468894 -0.184992
v -0.082932 1.477089 -0.186265
v -0.083709 1.485589 -0.188010
v -0.084681 1.494221 -0.190192
v -0.085827 1.502808 -0.192767
v -0.087125 1.511177 -0.195683
v -0.088548 1.519157 -0.198879
v -0.090067 1.526585 -0.202291
v -0.091652 1.533311 -0.205849
v -0.114655 1.539197 -0.198585
v -0.100685 1.454077 -0.174389
v -0.112667 1.533311 -0.195141
v -0.110719 1.526585 -0.191768
v -0.108852 1.519157 -0.188534
v -0.107102 1.511177 -0.185504
v -0.105507 1.502808 -0.182740
v -0.104097 1.494221 -0.180299
v -0.102903 1.485589 -0.178230
v -0.101948 1.477089 -0.176576
v -0.101251 1.468894 -0.175369
v -0.100828 1.461171 -0.174636
v -0.118363 1.454077 -0.162909
v -0.134785 1.539197 -0.185512
v -0.118530 1.461171 -0.163140
v -0.119028 1.468894 -0.163825
v -0.119847 1.477089 -0.164952
v -0.120969 1.485589 -0.166498
v -0.122374 1.494221 -0.168430
v -0.124030 1.502808 -0.170711
v -0.125906 1.511177 -0.173292
v -0.127963 1.519157 -0.176123
v -0.130158 1.526585 -0.179144
v -0.132448 1.533311 -0.182296
v -0.134743 1.454077 -0.149645
v -0.153438 1.539197 -0.170407
v -0.134933 1.461171 -0.149856
v -0.135500 1.468894 -0.150486
v -0.136432 1.477089 -0.151521
v -0.137711 1.485589 -0.152941
v -0.139309 1.494221 -0.154716
v -0.141195 1.502808 -0.156811
v -0.143330 1.511177 -0.159182
v -0.145672 1.519157 -0.161782
v -0.148171 1.526585 -0.164558
v -0.150777 1.533311 -0.167453
v -0.170410 1.539197 -0.153435
v -0.149647 1.454077 -0.134741
v -0.167455 1.533311 -0.150775
v -0.164560 1.526585 -0.148168
v -0.161785 1.519157 -0.145669
v -0.159185 1.511177 -0.143328
v -0.156813 1.502808 -0.141193
v -0.154718 1.494221 -0.139307
v -0.152943 1.485589 -0.137708
v -0.151523 1.477089 -0.136430
v -0.150488 1.468894 -0.135498
v -0.149858 1.461171 -0.134931
v -0.162912 1.454077 -0.118360
v -0.185515 1.539197 -0.134782
v -0.163142 1.461171 -0.118527
v -0.163827 1.468894 -0.119025
v -0.164954 1.477089 -0.119844
v -0.166500 1.485589 -0.120967
v -0.168432 1.494221 -0.122371
v -0.170713 1.502808 -0.124028
v -0.173294 1.511177 -0.125904
v -0.176125 1.519157 -0.127960
v -0.179147 1.526585 -0.130156
v -0.182298 1.533311 -0.132445
v -0.174391 1.454077 -0.100683
v -0.198587 1.539197 -0.114652
v -0.174637 1.461171 -0.100825
v -0.175371 1.468894 -0.101249
v -0.176578 1.477089 -0.101945
v -0.178232 1.485589 -0.102900
v -0.180301 1.494221 -0.104095
v -0.182742 1.502808 -0.105504
v -0.185506 1.511177 -0.107100
v -0.188536 1.519157 -0.108849
v -0.191770 1.526585 -0.110717
v -0.195143 1.533311 -0.112664
v -0.209484 1.539197 -0.093266
v -0.183960 1.454077 -0.081903
v -0.205851 1.533311 -0.091649
v -0.202293 1.526585 -0.090065
v -0.198881 1.519157 -0.088546
v -0.195685 1.511177 -0.087122
v -0.192769 1.502808 -0.085825
v -0.190194 1.494221 -0.084678
v -0.188012 1.485589 -0.083706
v -0.186267 1.477089 -0.082929
v -0.184994 1.468894 -0.082363
v -0.184220 1.461171 -0.082018
v -0.191514 1.454077 -0.062225
v -0.218085 1.539197 -0.070858
v -0.191784 1.461171 -0.062313
v -0.192590 1.468894 -0.062575
v -0.193915 1.477089 -0.063005
v -0.195732 1.485589 -0.063595
v -0.198004 1.494221 -0.064334
v -0.200685 1.502808 -0.065205
v -0.203719 1.511177 -0.066191
v -0.207047 1.519157 -0.067272
v -0.210599 1.526585 -0.068426
v -0.214304 1.533311 -0.069630
v -0.196969 1.454077 -0.041865
v -0.224297 1.539197 -0.047674
v -0.197247 1.461171 -0.041924
v -0.198076 1.468894 -0.042101
v -0.199439 1.477089 -0.042390
v -0.201307 1.485589 -0.042787
v -0.203644 1.494221 -0.043284
v -0.206401 1.502808 -0.043870
v -0.209522 1.511177 -0.044534
v -0.212945 1.519157 -0.045261
v -0.216598 1.526585 -0.046038
v -0.220408 1.533311 -0.046847
v -0.228052 1.539197 -0.023968
v -0.200266 1.454077 -0.021047
v -0.224098 1.533311 -0.023552
v -0.220224 1.526585 -0.023145
v -0.216509 1.519157 -0.022754
v -0.213030 1.511177 -0.022389
v -0.209856 1.502808 -0.022055
v -0.207053 1.494221 -0.021760
v -0.204677 1.485589 -0.021511
v -0.202777 1.477089 -0.021311
v -0.201392 1.468894 -0.021165
v -0.200549 1.461171 -0.021077
v -0.201369 1.454077 0.000002
v -0.229308 1.539197 0.000002
v -0.201654 1.461171 0.000002
v -0.202501 1.468894 0.000002
v -0.203894 1.477089 0.000002
v -0.205804 1.485589 0.000002
v -0.208193 1.494221 0.000002
v -0.211012 1.502808 0.000002
v -0.214203 1.511177 0.000002
v -0.217702 1.519157 0.000002
v -0.221437 1.526585 0.000002
v -0.225332 1.533311 0.000002
v -0.200266 1.454077 0.021050
v -0.228052 1.539197 0.023971
v -0.200549 1.461171 0.021080
v -0.201392 1.468894 0.021169
v -0.202777 1.477089 0.021314
v -0.204677 1.485589 0.021514
v -0.207053 1.494221 0.021764
v -0.209856 1.502808 0.022058
v -0.213030 1.511177 0.022392
v -0.216509 1.519157 0.022758
v -0.220224 1.526585 0.023148
v -0.224097 1.533311 0.023555
v -0.224297 1.539197 0.047677
v -0.196969 1.454077 0.041869
v -0.220408 1.533311 0.046851
v -0.216598 1.526585 0.046041
v -0.212944 1.519157 0.045264
v -0.209522 1.511177 0.044537
v -0.206401 1.502808 0.043873
v -0.203644 1.494221 0.043287
v -0.201307 1.485589 0.042791
v -0.199438 1.477089 0.042393
v -0.198076 1.468894 0.042104
v -0.197247 1.461171 0.041928
v -0.191513 1.454077 0.062228
v -0.218085 1.539197 0.070862
v -0.191784 1.461171 0.062316
v -0.192590 1.468894 0.062578
v -0.193915 1.477089 0.063008
v -0.195731 1.485589 0.063599
v -0.198003 1.494221 0.064337
v -0.200684 1.502808 0.065208
v -0.203719 1.511177 0.066194
v -0.207047 1.519157 0.067275
v -0.210599 1.526585 0.068429
v -0.214303 1.533311 0.069633
v -0.183960 1.454077 0.081906
v -0.209483 1.539197 0.093269
v -0.184220 1.461171 0.082021
v -0.184994 1.468894 0.082366
v -0.186266 1.477089 0.082933
v -0.188011 1.485589 0.083710
v -0.190194 1.494221 0.084681
v -0.192769 1.502808 0.085828
v -0.195684 1.511177 0.087126
v -0.198880 1.519157 0.088549
v -0.202292 1.526585 0.090068
v -0.205851 1.533311 0.091652
v -0.198586 1.539197 0.114655
v -0.174391 1.454077 0.100686
v -0.195143 1.533311 0.112667
v -0.191770 1.526585 0.110720
v -0.188535 1.519157 0.108852
v -0.185505 1.511177 0.107103
v -0.182742 1.502808 0.105507
v -0.180300 1.494221 0.104098
v -0.178232 1.485589 0.102904
v -0.176577 1.477089 0.101948
v -0.175371 1.468894 0.101252
v -0.174637 1.461171 0.100828
v -0.162911 1.454077 0.118363
v -0.185514 1.539197 0.134785
v -0.163141 1.461171 0.118530
v -0.163826 1.468894 0.119028
v -0.164953 1.477089 0.119847
v -0.166499 1.485589 0.120970
v -0.168432 1.494221 0.122374
v -0.170712 1.502808 0.124031
v -0.173294 1.511177 0.125907
v -0.176124 1.519157 0.127963
v -0.179146 1.526585 0.130158
v -0.182297 1.533311 0.132448
v -0.149646 1.454077 0.134743
v -0.170409 1.539197 0.153438
v -0.149858 1.461171 0.134934
v -0.150487 1.468894 0.135501
v -0.151522 1.477089 0.136433
v -0.152942 1.485589 0.137711
v -0.154717 1.494221 0.139310
v -0.156812 1.502808 0.141196
v -0.159184 1.511177 0.143331
v -0.161784 1.519157 0.145672
v -0.164559 1.526585 0.148171
v -0.167454 1.533311 0.150778
v -0.153437 1.539197 0.170410
v -0.134742 1.454077 0.149648
v -0.150776 1.533311 0.167455
v -0.148170 1.526585 0.164561
v -0.145671 1.519157 0.161785
v -0.143330 1.511177 0.159185
v -0.141194 1.502808 0.156814
v -0.139308 1.494221 0.154719
v -0.137710 1.485589 0.152944
v -0.136431 1.477089 0.151524
v -0.135499 1.468894 0.150489
v -0.134932 1.461171 0.149859
v -0.118362 1.454077 0.162912
v -0.134784 1.539197 0.185515
v -0.118529 1.461171 0.163142
v -0.119027 1.468894 0.163828
v -0.119846 1.477089 0.164955
v -0.120969 1.485589 0.166500
v -0.122373 1.494221 0.168433
v -0.124029 1.502808 0.170713
v -0.125905 1.511177 0.173295
v -0.127962 1.519157 0.176126
v -0.130157 1.526585 0.179147
v -0.132446 1.533311 0.182298
v -0.100684 1.454077 0.174392
v -0.114654 1.539197 0.198588
v -0.100827 1.461171 0.174638
v -0.101250 1.468894 0.175372
v -0.101947 1.477089 0.176578
v -0.102902 1.485589 0.178233
v -0.104096 1.494221 0.180302
v -0.105506 1.502808 0.182743
v -0.107101 1.511177 0.185506
v -0.108851 1.519157 0.188536
v -0.110718 1.526585 0.191771
v -0.112666 1.533311 0.195144
v -0.093268 1.539197 0.209484
v -0.081904 1.454077 0.183961
v -0.091651 1.533311 0.205852
v -0.090066 1.526585 0.202293
v -0.088547 1.519157 0.198881
v -0.087124 1.511177 0.195685
v -0.085826 1.502808 0.192770
v -0.084680 1.494221 0.190195
v -0.083708 1.485589 0.188013
v -0.082931 1.477089 0.186267
v -0.082364 1.468894 0.184995
v -0.082020 1.461171 0.184221
v -0.062226 1.454077 0.191514
v -0.070860 1.539197 0.218086
v -0.062314 1.461171 0.191785
v -0.062576 1.468894 0.192591
v -0.063007 1.477089 0.193916
v -0.063597 1.485589 0.195733
v -0.064335 1.494221 0.198005
v -0.065206 1.502808 0.200685
v -0.066192 1.511177 0.203720
v -0.067273 1.519157 0.207048
v -0.068428 1.526585 0.210600
v -0.069631 1.533311 0.214304
v -0.041867 1.454077 0.196970
v -0.047676 1.539197 0.224298
v -0.041926 1.461171 0.197248
v -0.042102 1.468894 0.198077
v -0.042392 1.477089 0.199439
v -0.042789 1.485589 0.201308
v -0.043286 1.494221 0.203645
v -0.043872 1.502808 0.206402
v -0.044535 1.511177 0.209523
v -0.045263 1.519157 0.212945
v -0.046039 1.526585 0.216599
v -0.046849 1.533311 0.220409
v -0.023969 1.539197 0.228053
v -0.021049 1.454077 0.200267
v -0.023553 1.533311 0.224098
v -0.023146 1.526585 0.220225
v -0.022756 1.519157 0.216510
v -0.022390 1.511177 0.213031
v -0.022057 1.502808 0.209857
v -0.021762 1.494221 0.207054
v -0.021512 1.485589 0.204678
v -0.021313 1.477089 0.202778
v -0.021167 1.468894 0.201392
v -0.021078 1.461171 0.200550
v 0.000000 1.454077 0.201370
v 0.000000 1.539197 0.229309
v 0.000000 1.461171 0.201654
v 0.000000 1.468894 0.202502
v 0.000000 1.477089 0.203895
v 0.000000 1.485589 0.205805
v 0.000000 1.494221 0.208194
v 0.000000 1.502808 0.211013
v 0.000000 1.511177 0.214204
v 0.000000 1.519157 0.217703
v 0.000000 1.526585 0.221438
v 0.000000 1.533311 0.225333
v 0.021049 1.454077 0.200267
v 0.023969 1.539197 0.228053
v 0.021079 1.461171 0.200550
v 0.021167 1.468894 0.201392
v 0.021313 1.477089 0.202778
v 0.021512 1.485589 0.204678
v 0.021762 1.494221 0.207054
v 0.022057 1.502808 0.209857
v 0.022390 1.511177 0.213031
v 0.022756 1.519157 0.216510
v 0.023146 1.526585 0.220224
v 0.023554 1.533311 0.224098
v 0.047676 1.539197 0.224298
v 0.041867 1.454077 0.196970
v 0.046849 1.533311 0.220409
v 0.046039 1.526585 0.216599
v 0.045263 1.519157 0.212945
v 0.044535 1.511177 0.209523
v 0.043872 1.502808 0.206402
v 0.043286 1.494221 0.203645
v 0.042789 1.485589 0.201308
v 0.042392 1.477089 0.199439
v 0.042102 1.468894 0.198077
v 0.041926 1.461171 0.197248
v 0.062226 1.454077 0.191514
v 0.070860 1.539197 0.218086
v 0.062314 1.461171 0.191785
v 0.062576 1.468894 0.192591
v 0.063007 1.477089 0.193916
v 0.063597 1.485589 0.195732
v 0.064335 1.494221 0.198004
v 0.065206 1.502808 0.200685
v 0.066192 1.511177 0.203720
v 0.067273 1.519157 0.207047
v 0.068428 1.526585 0.210600
v 0.069631 1.533311 0.214304
v 0.081904 1.454077 0.183961
v 0.093268 1.539197 0.209484
v 0.082020 1.461171 0.184221
v 0.082364 1.468894 0.184995
v 0.082931 1.477089 0.186267
v 0.083708 1.485589 0.188012
v 0.084680 1.494221 0.190195
v 0.085826 1.502808 0.192770
v 0.087124 1.511177 0.195685
v 0.088547 1.519157 0.198881
v 0.090066 1.526585 0.202293
v 0.091651 1.533311 0.205852
v 0.114654 1.539197 0.198587
v 0.100684 1.454077 0.174392
v 0.112666 1.533311 0.195144
v 0.110718 1.526585 0.191771
v 0.108851 1.519157 0.188536
v 0.107101 1.511177 0.185506
v 0.105506 1.502808 0.182743
v 0.104096 1.494221 0.180301
v 0.102902 1.485589 0.178233
v 0.101947 1.477089 0.176578
v 0.101250 1.468894 0.175372
v 0.100827 1.461171 0.174638
v 0.118362 1.454077 0.162912
v 0.134784 1.539197 0.185515
v 0.118529 1.461171 0.163142
v 0.119027 1.468894 0.163827
v 0.119846 1.477089 0.164954
v 0.120969 1.485589 0.166500
v 0.122373 1.494221 0.168433
v 0.124030 1.502808 0.170713
v 0.125905 1.511177 0.173295
v 0.127962 1.519157 0.176125
v 0.130157 1.526585 0.179147
v 0.132447 1.533311 0.182298
v 0.134742 1.454077 0.149647
v 0.153437 1.539197 0.170410
v 0.134932 1.461171 0.149859
v 0.135499 1.468894 0.150488
v 0.136431 1.477089 0.151524
v 0.137710 1.485589 0.152943
v 0.139308 1.494221 0.154719
v 0.141194 1.502808 0.156813
v 0.143330 1.511177 0.159185
v 0.145671 1.519157 0.161785
v 0.148170 1.526585 0.164560
v 0.150776 1.533311 0.167455
v 0.170409 1.539197 0.153438
v 0.149646 1.454077 0.134743
v 0.167454 1.533311 0.150777
v 0.164559 1.526585 0.148171
v 0.161784 1.519157 0.145672
v 0.159184 1.511177 0.143331
v 0.156812 1.502808 0.141195
v 0.154717 1.494221 0.139309
v 0.152942 1.485589 0.137711
v 0.151522 1.477089 0.136433
v 0.150487 1.468894 0.135500
v 0.149858 1.461171 0.134933
v 0.162911 1.454077 0.118363
v 0.185514 1.539197 0.134785
v 0.163141 1.461171 0.118530
v 0.163826 1.468894 0.119028
v 0.164953 1.477089 0.119847
v 0.166499 1.485589 0.120970
v 0.168432 1.494221 0.122374
v 0.170712 1.502808 0.124031
v 0.173294 1.511177 0.125906
v 0.176124 1.519157 0.127963
v 0.179146 1.526585 0.130158
v 0.182297 1.533311 0.132448
v 0.174390 1.454077 0.100686
v 0.198586 1.539197 0.114655
v 0.174637 1.461171 0.100828
v 0.175371 1.468894 0.101251
v 0.176577 1.477089 0.101948
v 0.178231 1.485589 0.102903
v 0.180300 1.494221 0.104098
v 0.182741 1.502808 0.105507
v 0.185505 1.511177 0.107103
v 0.188535 1.519157 0.108852
v 0.191770 1.526585 0.110719
v 0.195143 1.533311 0.112667
v 0.209483 1.539197 0.093269
v 0.183960 1.454077 0.081905
v 0.205851 1.533311 0.091652
v 0.202292 1.526585 0.090067
v 0.198880 1.519157 0.088548
v 0.195684 1.511177 0.087125
v 0.192769 1.502808 0.085827
v 0.190194 1.494221 0.084681
v 0.188011 1.485589 0.083709
v 0.186266 1.477089 0.082932
v 0.184993 1.468894 0.082366
v 0.184219 1.461171 0.082021
v 0.191513 1.454077 0.062227
v 0.218085 1.539197 0.070861
v 0.191784 1.461171 0.062315
v 0.192589 1.468894 0.062577
v 0.193914 1.477089 0.063008
v 0.195731 1.485589 0.063598
v 0.198003 1.494221 0.064336
v 0.200684 1.502808 0.065207
v 0.203719 1.511177 0.066193
v 0.207046 1.519157 0.067275
v 0.210599 1.526585 0.068429
v 0.214303 1.533311 0.069632
v 0.196968 1.454077 0.041868
v 0.224297 1.539197 0.047677
v 0.197247 1.461171 0.041927
v 0.198075 1.468894 0.042103
v 0.199438 1.477089 0.042393
v 0.201307 1.485589 0.042790
v 0.203643 1.494221 0.043287
v 0.206400 1.502808 0.043873
v 0.209522 1.511177 0.044536
v 0.212944 1.519157 0.045264
v 0.216597 1.526585 0.046040
v 0.220407 1.533311 0.046850
v 0.228051 1.539197 0.023970
v 0.200266 1.454077 0.021050
v 0.224097 1.533311 0.023555
v 0.220223 1.526585 0.023147
v 0.216509 1.519157 0.022757
v 0.213029 1.511177 0.022391
v 0.209856 1.502808 0.022058
v 0.207052 1.494221 0.021763
v 0.204677 1.485589 0.021513
v 0.202777 1.477089 0.021314
v 0.201391 1.468894 0.021168
v 0.200548 1.461171 0.021080
v 0.201369 1.454077 0.000001
v 0.229308 1.539197 0.000001
v 0.201653 1.461171 0.000001
v 0.202501 1.468894 0.000001
v 0.203894 1.477089 0.000001
v 0.205804 1.485589 0.000001
v 0.208193 1.494221 0.000001
v 0.211012 1.502808 0.000001
v 0.214203 1.511177 0.000001
v 0.217701 1.519157 0.000001
v 0.221436 1.526585 0.000001
v 0.225332 1.533311 0.000001
v 0.200266 1.454077 -0.021048
v 0.228051 1.539197 -0.023968
v 0.200548 1.461171 -0.021077
v 0.201391 1.468894 -0.021166
v 0.202777 1.477089 -0.021312
v 0.204677 1.485589 -0.021511
v 0.207052 1.494221 -0.021761
v 0.209856 1.502808 -0.022056
v 0.213029 1.511177 -0.022389
v 0.216509 1.519157 -0.022755
v 0.220223 1.526585 -0.023145
v 0.224097 1.533311 -0.023553
v 0.224297 1.539197 -0.047675
v 0.196968 1.454077 -0.041866
v 0.220407 1.533311 -0.046848
v 0.216597 1.526585 -0.046038
v 0.212944 1.519157 -0.045262
v 0.209522 1.511177 -0.044534
v 0.206400 1.502808 -0.043871
v 0.203643 1.494221 -0.043285
v 0.201307 1.485589 -0.042788
v 0.199438 1.477089 -0.042391
v 0.198075 1.468894 -0.042101
v 0.197247 1.461171 -0.041925
v 0.191513 1.454077 -0.062225
v 0.218084 1.539197 -0.070859
v 0.191784 1.461171 -0.062313
v 0.192589 1.468894 -0.062575
v 0.193914 1.477089 -0.063006
v 0.195731 1.485589 -0.063596
v 0.198003 1.494221 -0.064334
v 0.200684 1.502808 -0.065205
v 0.203719 1.511177 -0.066191
v 0.207046 1.519157 -0.067272
v 0.210598 1.526585 -0.068427
v 0.214303 1.533311 -0.069630
v 0.183960 1.454077 -0.081903
v 0.209483 1.539197 -0.093267
v 0.184219 1.461171 -0.082019
v 0.184993 1.468894 -0.082363
v 0.186266 1.477089 -0.082930
v 0.188011 1.485589 -0.083707
v 0.190194 1.494221 -0.084679
v 0.192769 1.502808 -0.085825
v 0.195684 1.511177 -0.087123
v 0.198880 1.519157 -0.088546
v 0.202292 1.526585 -0.090065
v 0.205851 1.533311 -0.091650
v 0.198586 1.539197 -0.114653
v 0.174390 1.454077 -0.100683
v 0.195143 1.533311 -0.112665
v 0.191769 1.526585 -0.110717
v 0.188535 1.519157 -0.108850
v 0.185505 1.511177 -0.107100
v 0.182741 1.502808 -0.105505
v 0.180300 1.494221 -0.104096
v 0.178231 1.485589 -0.102901
v 0.176577 1.477089 -0.101946
v 0.175371 1.468894 -0.101249
v 0.174637 1.461171 -0.100826
v 0.162911 1.454077 -0.118361
v 0.185514 1.539197 -0.134783
v 0.163141 1.461171 -0.118528
v 0.163826 1.468894 -0.119026
v 0.164953 1.477089 -0.119845
v 0.166499 1.485589 -0.120968
v 0.168432 1.494221 -0.122372
v 0.170712 1.502808 -0.124029
v 0.173294 1.511177 -0.125904
v 0.176124 1.519157 -0.127961
v 0.179146 1.526585 -0.130156
v 0.182297 1.533311 -0.132446
v 0.149646 1.454077 -0.134741
v 0.170409 1.539197 -0.153436
v 0.149857 1.461171 -0.134931
v 0.150487 1.468894 -0.135498
v 0.151522 1.477089 -0.136431
v 0.152942 1.485589 -0.137709
v 0.154717 1.494221 -0.139307
v 0.156812 1.502808 -0.141193
v 0.159184 1.511177 -0.143329
v 0.161784 1.519157 -0.145670
v 0.164559 1.526585 -0.148169
v 0.167454 1.533311 -0.150775
v 0.153437 1.539197 -0.170408
v 0.134742 1.454077 -0.149645
v 0.150776 1.533311 -0.167453
v 0.148170 1.526585 -0.164558
v 0.145671 1.519157 -0.161783
v 0.143330 1.511177 -0.159183
v 0.141194 1.502808 -0.156811
v 0.139308 1.494221 -0.154717
v 0.137710 1.485589 -0.152941
v 0.136431 1.477089 -0.151522
v 0.135499 1.468894 -0.150486
v 0.134932 1.461171 -0.149857
v 0.118362 1.454077 -0.162910
v 0.134784 1.539197 -0.185513
v 0.118529 1.461171 -0.163140
v 0.119027 1.468894 -0.163826
v 0.119846 1.477089 -0.164953
v 0.120968 1.485589 -0.166498
v 0.122373 1.494221 -0.168431
v 0.124029 1.502808 -0.170711
v 0.125905 1.511177 -0.173293
v 0.127962 1.519157 -0.176123
v 0.130157 1.526585 -0.179145
v 0.132446 1.533311 -0.182296
v 0.100684 1.454077 -0.174390
v 0.114654 1.539197 -0.198585
v 0.100827 1.461171 -0.174636
v 0.101250 1.468894 -0.175370
v 0.101947 1.477089 -0.176576
v 0.102902 1.485589 -0.178231
v 0.104096 1.494221 -0.180299
v 0.105506 1.502808 -0.182741
v 0.107101 1.511177 -0.185504
v 0.108851 1.519157 -0.188534
v 0.110718 1.526585 -0.191769
v 0.112666 1.533311 -0.195142
v 0.093268 1.539197 -0.209482
v 0.081904 1.454077 -0.183959
v 0.091650 1.533311 -0.205850
v 0.090066 1.526585 -0.202291
v 0.088547 1.519157 -0.198879
v 0.087124 1.511177 -0.195683
v 0.085826 1.502808 -0.192768
v 0.084680 1.494221 -0.190193
v 0.083708 1.485589 -0.188010
v 0.082931 1.477089 -0.186265
v 0.082364 1.468894 -0.184993
v 0.082020 1.461171 -0.184219
v 0.062226 1.454077 -0.191512
v 0.070860 1.539197 -0.218084
v 0.062314 1.461171 -0.191783
v 0.062576 1.468894 -0.192589
v 0.063006 1.477089 -0.193913
v 0.063597 1.485589 -0.195730
v 0.064335 1.494221 -0.198002
v 0.065206 1.502808 -0.200683
v 0.066192 1.511177 -0.203718
v 0.067273 1.519157 -0.207046
v 0.068427 1.526585 -0.210598
v 0.069631 1.533311 -0.214302
v 0.041867 1.454077 -0.196968
v 0.047676 1.539197 -0.224296
v 0.041926 1.461171 -0.197246
v 0.042102 1.468894 -0.198075
v 0.042392 1.477089 -0.199437
v 0.042789 1.485589 -0.201306
v 0.043286 1.494221 -0.203643
v 0.043872 1.502808 -0.206400
v 0.044535 1.511177 -0.209521
v 0.045263 1.519157 -0.212943
v 0.046039 1.526585 -0.216597
v 0.046849 1.533311 -0.220407
v 0.023969 1.539197 -0.228051
v 0.021049 1.454077 -0.200265
v 0.023553 1.533311 -0.224096
v 0.023146 1.526585 -0.220222
v 0.022756 1.519157 -0.216508
v 0.022390 1.511177 -0.213029
v 0.022057 1.502808 -0.209855
v 0.021762 1.494221 -0.207052
v 0.021512 1.485589 -0.204676
v 0.021313 1.477089 -0.202776
v 0.021167 1.468894 -0.201390
v 0.021078 1.461171 -0.200548
v -0.000000 1.454077 -0.201368
v -0.000000 1.539197 -0.229307
v -0.000000 1.461171 -0.201652
v -0.000000 1.468894 -0.202500
v -0.000000 1.477089 -0.203893
v -0.000000 1.485589 -0.205803
v -0.000000 1.494221 -0.208192
v -0.000000 1.502808 -0.211011
v -0.000000 1.511177 -0.214202
v -0.000000 1.519157 -0.217701
v -0.000000 1.526585 -0.221436
v -0.000000 1.533311 -0.225331
v -0.021050 1.454077 -0.200265
v -0.023970 1.539197 -0.228051
v -0.021080 1.461171 -0.200548
v -0.021168 1.468894 -0.201390
v -0.021314 1.477089 -0.202776
v -0.021513 1.485589 -0.204676
v -0.021763 1.494221 -0.207051
v -0.022058 1.502808 -0.209855
v -0.022391 1.511177 -0.213028
v -0.022757 1.519157 -0.216508
v -0.023148 1.526585 -0.220222
v -0.023555 1.533311 -0.224096
v -0.078032 1.646724 -0.240154
v -0.078032 1.570749 -0.240154
v -0.079173 1.640931 -0.243665
v -0.080115 1.634483 -0.246563
v -0.080839 1.627510 -0.248791
v -0.081329 1.620156 -0.250301
v -0.081577 1.612569 -0.251064
v -0.081577 1.604904 -0.251064
v -0.081329 1.597317 -0.250301
v -0.080839 1.589962 -0.248791
v -0.080115 1.582990 -0.246563
v -0.079173 1.576542 -0.243665
v -0.148425 1.646724 -0.204286
v -0.148425 1.570749 -0.204286
v -0.150595 1.640931 -0.207273
v -0.152386 1.634483 -0.209739
v -0.153763 1.627510 -0.211633
v -0.154696 1.620156 -0.212918
v -0.155168 1.612569 -0.213567
v -0.155168 1.604904 -0.213567
v -0.154696 1.597317 -0.212918
v -0.153763 1.589962 -0.211633
v -0.152386 1.582990 -0.209739
v -0.150595 1.576542 -0.207273
v -0.204289 1.646724 -0.148422
v -0.204289 1.570749 -0.148422
v -0.207275 1.640931 -0.150592
v -0.209741 1.634483 -0.152384
v -0.211636 1.627510 -0.153760
v -0.212921 1.620156 -0.154694
v -0.213570 1.612569 -0.155165
v -0.213570 1.604904 -0.155165
v -0.212921 1.597317 -0.154694
v -0.211636 1.589962 -0.153760
v -0.209741 1.582990 -0.152384
v -0.207275 1.576542 -0.150592
v -0.240155 1.646724 -0.078029
v -0.240155 1.570749 -0.078029
v -0.243666 1.640931 -0.079170
v -0.246565 1.634483 -0.080112
v -0.248792 1.627510 -0.080836
v -0.250303 1.620156 -0.081326
v -0.251066 1.612569 -0.081574
v -0.251066 1.604904 -0.081574
v -0.250303 1.597317 -0.081326
v -0.248792 1.589962 -0.080836
v -0.246565 1.582990 -0.080112
v -0.243666 1.576542 -0.079170
v -0.252514 1.646724 0.000002
v -0.252514 1.570749 0.000002
v -0.256206 1.640931 0.000002
v -0.259254 1.634483 0.000002
v -0.261595 1.627510 0.000002
v -0.263184 1.620156 0.000002
v -0.263986 1.612569 0.000002
v -0.263986 1.604904 0.000002
v -0.263184 1.597317 0.000002
v -0.261595 1.589962 0.000002
v -0.259254 1.582990 0.000002
v -0.256206 1.576542 0.000002
v -0.240155 1.646724 0.078033
v -0.240155 1.570749 0.078033
v -0.243666 1.640931 0.079173
v -0.246565 1.634483 0.080115
v -0.248792 1.627510 0.080839
v -0.250302 1.620156 0.081330
v -0.251065 1.612569 0.081578
v -0.251065 1.604904 0.081578
v -0.250302 1.597317 0.081330
v -0.248792 1.589962 0.080839
v -0.246565 1.582990 0.080115
v -0.243666 1.576542 0.079173
v -0.204288 1.646724 0.148425
v -0.204288 1.570749 0.148425
v -0.207274 1.640931 0.150595
v -0.209740 1.634483 0.152387
v -0.211635 1.627510 0.153763
v -0.212920 1.620156 0.154697
v -0.213569 1.612569 0.155168
v -0.213569 1.604904 0.155168
v -0.212920 1.597317 0.154697
v -0.211635 1.589962 0.153763
v -0.209740 1.582990 0.152387
v -0.207274 1.576542 0.150595
v -0.148424 1.646724 0.204289
v -0.148424 1.570749 0.204289
v -0.150594 1.640931 0.207276
v -0.152385 1.634483 0.209742
v -0.153762 1.627510 0.211636
v -0.154695 1.620156 0.212921
v -0.155167 1.612569 0.213570
v -0.155167 1.604904 0.213570
v -0.154695 1.597317 0.212921
v -0.153762 1.589962 0.211636
v -0.152385 1.582990 0.209742
v -0.150594 1.576542 0.207276
v -0.078031 1.646724 0.240156
v -0.078031 1.570749 0.240156
v -0.079172 1.640931 0.243667
v -0.080113 1.634483 0.246566
v -0.080837 1.627510 0.248793
v -0.081328 1.620156 0.250303
v -0.081576 1.612569 0.251066
v -0.081576 1.604904 0.251066
v -0.081328 1.597317 0.250303
v -0.080837 1.589962 0.248793
v -0.080114 1.582990 0.246566
v -0.079172 1.576542 0.243667
v 0.000000 1.646724 0.252515
v 0.000000 1.570749 0.252515
v 0.000000 1.640931 0.256206
v 0.000000 1.634483 0.259254
v 0.000000 1.627510 0.261596
v 0.000000 1.620156 0.263184
v 0.000000 1.612569 0.263987
v 0.000000 1.604904 0.263987
v 0.000000 1.597317 0.263184
v 0.000000 1.589962 0.261596
v 0.000000 1.582990 0.259254
v 0.000000 1.576542 0.256206
v 0.078031 1.646724 0.240156
v 0.078031 1.570749 0.240156
v 0.079172 1.640931 0.243667
v 0.080114 1.634483 0.246565
v 0.080837 1.627510 0.248793
v 0.081328 1.620156 0.250303
v 0.081576 1.612569 0.251066
v 0.081576 1.604904 0.251066
v 0.081328 1.597317 0.250303
v 0.080837 1.589962 0.248793
v 0.080114 1.582990 0.246565
v 0.079172 1.576542 0.243667
v 0.148424 1.646724 0.204289
v 0.148424 1.570749 0.204289
v 0.150594 1.640931 0.207275
v 0.152385 1.634483 0.209741
v 0.153762 1.627510 0.211636
v 0.154695 1.620156 0.212921
v 0.155167 1.612569 0.213570
v 0.155167 1.604904 0.213570
v 0.154695 1.597317 0.212921
v 0.153762 1.589962 0.211636
v 0.152385 1.582990 0.209741
v 0.150594 1.576542 0.207276
v 0.204288 1.646724 0.148425
v 0.204288 1.570749 0.148425
v 0.207274 1.640931 0.150595
v 0.209740 1.634483 0.152386
v 0.211635 1.627510 0.153763
v 0.212920 1.620156 0.154696
v 0.213569 1.612569 0.155168
v 0.213569 1.604904 0.155168
v 0.212920 1.597317 0.154696
v 0.211635 1.589962 0.153763
v 0.209740 1.582990 0.152386
v 0.207274 1.576542 0.150595
v 0.240155 1.646724 0.078032
v 0.240155 1.570749 0.078032
v 0.243666 1.640931 0.079173
v 0.246564 1.634483 0.080115
v 0.248792 1.627510 0.080838
v 0.250302 1.620156 0.081329
v 0.251065 1.612569 0.081577
v 0.251065 1.604904 0.081577
v 0.250302 1.597317 0.081329
v 0.248792 1.589962 0.080838
v 0.246564 1.582990 0.080115
v 0.243666 1.576542 0.079173
v 0.252514 1.646724 0.000001
v 0.252514 1.570749 0.000001
v 0.256205 1.640931 0.000001
v 0.259253 1.634483 0.000001
v 0.261595 1.627510 0.000001
v 0.263183 1.620156 0.000001
v 0.263986 1.612569 0.000001
v 0.263986 1.604904 0.000001
v 0.263183 1.597317 0.000001
v 0.261595 1.589962 0.000001
v 0.259253 1.582990 0.000001
v 0.256205 1.576542 0.000001
v 0.240155 1.646724 -0.078030
v 0.240155 1.570749 -0.078030
v 0.243666 1.640931 -0.079171
v 0.246564 1.634483 -0.080113
v 0.248792 1.627510 -0.080836
v 0.250302 1.620156 -0.081327
v 0.251065 1.612569 -0.081575
v 0.251065 1.604904 -0.081575
v 0.250302 1.597317 -0.081327
v 0.248792 1.589962 -0.080836
v 0.246564 1.582990 -0.080113
v 0.243666 1.576542 -0.079171
v 0.204288 1.646724 -0.148423
v 0.204288 1.570749 -0.148423
v 0.207274 1.640931 -0.150593
v 0.209740 1.634483 -0.152384
v 0.211635 1.627510 -0.153761
v 0.212920 1.620156 -0.154694
v 0.213569 1.612569 -0.155166
v 0.213569 1.604904 -0.155166
v 0.212920 1.597317 -0.154694
v 0.211635 1.589962 -0.153761
v 0.209740 1.582990 -0.152384
v 0.207274 1.576542 -0.150593
v 0.148424 1.646724 -0.204287
v 0.148424 1.570749 -0.204287
v 0.150594 1.640931 -0.207274
v 0.152385 1.634483 -0.209739
v 0.153762 1.627510 -0.211634
v 0.154695 1.620156 -0.212919
v 0.155167 1.612569 -0.213568
v 0.155167 1.604904 -0.213568
v 0.154695 1.597317 -0.212919
v 0.153762 1.589962 -0.211634
v 0.152385 1.582990 -0.209739
v 0.150594 1.576542 -0.207274
v 0.078031 1.570749 -0.240154
v 0.078031 1.646724 -0.240154
v 0.079172 1.576542 -0.243665
v 0.080114 1.582990 -0.246564
v 0.080837 1.589962 -0.248791
v 0.081328 1.597317 -0.250301
v 0.081576 1.604904 -0.251064
v 0.081576 1.612569 -0.251064
v 0.081328 1.620156 -0.250301
v 0.080837 1.627510 -0.248791
v 0.080114 1.634483 -0.246564
v 0.079172 1.640931 -0.243665
v -0.000000 1.646724 -0.252513
v -0.000000 1.570749 -0.252513
v -0.000000 1.640931 -0.256204
v -0.000000 1.634483 -0.259252
v -0.000000 1.627510 -0.261594
v -0.000000 1.620156 -0.263182
v -0.000000 1.612569 -0.263985
v -0.000000 1.604904 -0.263985
v -0.000000 1.597317 -0.263182
v -0.000000 1.589962 -0.261594
v -0.000000 1.582990 -0.259252
v -0.000000 1.576542 -0.256205
v 0.052500 1.570749 -0.246995
v 0.052500 1.646724 -0.246995
v 0.053268 1.576542 -0.250606
v 0.053902 1.582990 -0.253587
v 0.054389 1.589962 -0.255878
v 0.054719 1.597317 -0.257431
v 0.054886 1.604904 -0.258216
v 0.054886 1.612569 -0.258216
v 0.054719 1.620156 -0.257431
v 0.054389 1.627510 -0.255878
v 0.053902 1.634483 -0.253587
v 0.053268 1.640931 -0.250606
v 0.126257 1.646724 -0.218682
v 0.126257 1.570749 -0.218682
v 0.128103 1.640931 -0.221879
v 0.129626 1.634483 -0.224519
v 0.130797 1.627510 -0.226547
v 0.131592 1.620156 -0.227923
v 0.131993 1.612569 -0.228617
v 0.131993 1.604904 -0.228617
v 0.131592 1.597317 -0.227923
v 0.130797 1.589962 -0.226547
v 0.129626 1.582990 -0.224519
v 0.128103 1.576542 -0.221879
v 0.187654 1.646724 -0.168964
v 0.187654 1.570749 -0.168964
v 0.190398 1.640931 -0.171434
v 0.192663 1.634483 -0.173473
v 0.194403 1.627510 -0.175040
v 0.195583 1.620156 -0.176103
v 0.196179 1.612569 -0.176640
v 0.196179 1.604904 -0.176640
v 0.195583 1.597317 -0.176103
v 0.194403 1.589962 -0.175040
v 0.192663 1.582990 -0.173473
v 0.190398 1.576542 -0.171434
v 0.230683 1.646724 -0.102706
v 0.230683 1.570749 -0.102706
v 0.234055 1.640931 -0.104207
v 0.236840 1.634483 -0.105447
v 0.238979 1.627510 -0.106399
v 0.240430 1.620156 -0.107045
v 0.241163 1.612569 -0.107372
v 0.241163 1.604904 -0.107372
v 0.240430 1.597317 -0.107045
v 0.238979 1.589962 -0.106399
v 0.236840 1.582990 -0.105447
v 0.234055 1.576542 -0.104207
v 0.251130 1.646724 -0.026394
v 0.251130 1.570749 -0.026394
v 0.254802 1.640931 -0.026780
v 0.257833 1.634483 -0.027098
v 0.260162 1.627510 -0.027343
v 0.261741 1.620156 -0.027509
v 0.262539 1.612569 -0.027593
v 0.262539 1.604904 -0.027593
v 0.261741 1.597317 -0.027509
v 0.260162 1.589962 -0.027343
v 0.257833 1.582990 -0.027098
v 0.254802 1.576542 -0.026780
v 0.246996 1.646724 0.052502
v 0.246996 1.570749 0.052502
v 0.250607 1.640931 0.053269
v 0.253588 1.634483 0.053903
v 0.255879 1.627510 0.054390
v 0.257432 1.620156 0.054720
v 0.258217 1.612569 0.054887
v 0.258217 1.604904 0.054887
v 0.257432 1.597317 0.054720
v 0.255879 1.589962 0.054390
v 0.253588 1.582990 0.053903
v 0.250607 1.576542 0.053269
v 0.218683 1.646724 0.126258
v 0.218683 1.570749 0.126258
v 0.221880 1.640931 0.128104
v 0.224520 1.634483 0.129628
v 0.226548 1.627510 0.130799
v 0.227923 1.620156 0.131593
v 0.228618 1.612569 0.131994
v 0.228618 1.604904 0.131994
v 0.227923 1.597317 0.131593
v 0.226548 1.589962 0.130799
v 0.224520 1.582990 0.129628
v 0.221880 1.576542 0.128104
v 0.168965 1.646724 0.187655
v 0.168965 1.570749 0.187655
v 0.171435 1.640931 0.190399
v 0.173474 1.634483 0.192664
v 0.175041 1.627510 0.194404
v 0.176104 1.620156 0.195584
v 0.176641 1.612569 0.196180
v 0.176641 1.604904 0.196180
v 0.176104 1.597317 0.195584
v 0.175041 1.589962 0.194404
v 0.173474 1.582990 0.192664
v 0.171435 1.576542 0.190399
v 0.102707 1.646724 0.230684
v 0.102707 1.570749 0.230684
v 0.104208 1.640931 0.234056
v 0.105448 1.634483 0.236841
v 0.106400 1.627510 0.238980
v 0.107046 1.620156 0.240431
v 0.107373 1.612569 0.241164
v 0.107373 1.604904 0.241164
v 0.107046 1.597317 0.240431
v 0.106400 1.589962 0.238980
v 0.105448 1.582990 0.236841
v 0.104208 1.576542 0.234056
v 0.026395 1.646724 0.251131
v 0.026395 1.570749 0.251131
v 0.026781 1.640931 0.254803
v 0.027099 1.634483 0.257834
v 0.027344 1.627510 0.260163
v 0.027510 1.620156 0.261743
v 0.027594 1.612569 0.262540
v 0.027594 1.604904 0.262540
v 0.027510 1.597317 0.261743
v 0.027344 1.589962 0.260163
v 0.027099 1.582990 0.257834
v 0.026781 1.576542 0.254803
v -0.052500 1.646724 0.246997
v -0.052500 1.570749 0.246997
v -0.053268 1.640931 0.250608
v -0.053902 1.634483 0.253589
v -0.054389 1.627510 0.255880
v -0.054719 1.620156 0.257433
v -0.054886 1.612569 0.258218
v -0.054886 1.604904 0.258218
v -0.054719 1.597317 0.257433
v -0.054389 1.589962 0.255880
v -0.053902 1.582990 0.253589
v -0.053268 1.576542 0.250608
v -0.126257 1.646724 0.218684
v -0.126257 1.570749 0.218684
v -0.128103 1.640931 0.221882
v -0.129626 1.634483 0.224521
v -0.130797 1.627510 0.226549
v -0.131592 1.620156 0.227925
v -0.131993 1.612569 0.228619
v -0.131993 1.604904 0.228619
v -0.131592 1.597317 0.227925
v -0.130797 1.589962 0.226549
v -0.129626 1.582990 0.224521
v -0.128103 1.576542 0.221882
v -0.187654 1.646724 0.168966
v -0.187654 1.570749 0.168966
v -0.190398 1.640931 0.171436
v -0.192663 1.634483 0.173476
v -0.194403 1.627510 0.175043
v -0.195583 1.620156 0.176105
v -0.196179 1.612569 0.176642
v -0.196179 1.604904 0.176642
v -0.195583 1.597317 0.176105
v -0.194403 1.589962 0.175043
v -0.192663 1.582990 0.173476
v -0.190398 1.576542 0.171436
v -0.230683 1.646724 0.102708
v -0.230683 1.570749 0.102708
v -0.234055 1.640931 0.104210
v -0.236840 1.634483 0.105449
v -0.238979 1.627510 0.106402
v -0.240430 1.620156 0.107048
v -0.241163 1.612569 0.107374
v -0.241163 1.604904 0.107374
v -0.240430 1.597317 0.107048
v -0.238979 1.589962 0.106402
v -0.236840 1.582990 0.105449
v -0.234055 1.576542 0.104210
v -0.251131 1.646724 0.026397
v -0.251131 1.570749 0.026397
v -0.254802 1.640931 0.026782
v -0.257833 1.634483 0.027101
v -0.260162 1.627510 0.027346
v -0.261742 1.620156 0.027512
v -0.262540 1.612569 0.027596
v -0.262540 1.604904 0.027596
v -0.261742 1.597317 0.027512
v -0.260162 1.589962 0.027346
v -0.257833 1.582990 0.027101
v -0.254802 1.576542 0.026782
v -0.246996 1.646724 -0.052499
v -0.246996 1.570749 -0.052499
v -0.250607 1.640931 -0.053266
v -0.253588 1.634483 -0.053900
v -0.255879 1.627510 -0.054387
v -0.257433 1.620156 -0.054717
v -0.258217 1.612569 -0.054884
v -0.258217 1.604904 -0.054884
v -0.257433 1.597317 -0.054717
v -0.255879 1.589962 -0.054387
v -0.253588 1.582990 -0.053900
v -0.250607 1.576542 -0.053266
v -0.218684 1.646724 -0.126255
v -0.218684 1.570749 -0.126255
v -0.221881 1.640931 -0.128101
v -0.224521 1.634483 -0.129625
v -0.226549 1.627510 -0.130796
v -0.227924 1.620156 -0.131590
v -0.228619 1.612569 -0.131991
v -0.228619 1.604904 -0.131991
v -0.227924 1.597317 -0.131590
v -0.226549 1.589962 -0.130796
v -0.224521 1.582990 -0.129625
v -0.221881 1.576542 -0.128101
v -0.168966 1.646724 -0.187653
v -0.168966 1.570749 -0.187653
v -0.171436 1.640931 -0.190396
v -0.173475 1.634483 -0.192661
v -0.175042 1.627510 -0.194402
v -0.176105 1.620156 -0.195582
v -0.176642 1.612569 -0.196178
v -0.176642 1.604904 -0.196178
v -0.176105 1.597317 -0.195582
v -0.175042 1.589962 -0.194402
v -0.173475 1.582990 -0.192661
v -0.171436 1.576542 -0.190396
v -0.102708 1.646724 -0.230681
v -0.102708 1.570749 -0.230681
v -0.104209 1.640931 -0.234054
v -0.105449 1.634483 -0.236838
v -0.106402 1.627510 -0.238978
v -0.107048 1.620156 -0.240429
v -0.107374 1.612569 -0.241162
v -0.107374 1.604904 -0.241162
v -0.107048 1.597317 -0.240429
v -0.106402 1.589962 -0.238978
v -0.105449 1.582990 -0.236838
v -0.104209 1.576542 -0.234054
v -0.052502 1.646724 -0.246995
v -0.052502 1.570749 -0.246995
v -0.053269 1.640931 -0.250606
v -0.053903 1.634483 -0.253587
v -0.054390 1.627510 -0.255877
v -0.054720 1.620156 -0.257431
v -0.054887 1.612569 -0.258216
v -0.054887 1.604904 -0.258216
v -0.054720 1.597317 -0.257431
v -0.054390 1.589962 -0.255878
v -0.053903 1.582990 -0.253587
v -0.053269 1.576542 -0.250606
v -0.126258 1.646724 -0.218682
v -0.126258 1.570749 -0.218682
v -0.128104 1.640931 -0.221879
v -0.129628 1.634483 -0.224518
v -0.130799 1.627510 -0.226547
v -0.131593 1.620156 -0.227922
v -0.131994 1.612569 -0.228617
v -0.131994 1.604904 -0.228617
v -0.131593 1.597317 -0.227922
v -0.130799 1.589962 -0.226547
v -0.129628 1.582990 -0.224518
v -0.128104 1.576542 -0.221879
v -0.187655 1.646724 -0.168963
v -0.187655 1.570749 -0.168963
v -0.190399 1.640931 -0.171433
v -0.192664 1.634483 -0.173473
v -0.194404 1.627510 -0.175040
v -0.195584 1.620156 -0.176102
v -0.196180 1.612569 -0.176639
v -0.196180 1.604904 -0.176639
v -0.195584 1.597317 -0.176102
v -0.194404 1.589962 -0.175040
v -0.192664 1.582990 -0.173473
v -0.190399 1.576542 -0.171433
v -0.230683 1.646724 -0.102705
v -0.230683 1.570749 -0.102705
v -0.234056 1.640931 -0.104206
v -0.236840 1.634483 -0.105446
v -0.238980 1.627510 -0.106399
v -0.240431 1.620156 -0.107045
v -0.241164 1.612569 -0.107371
v -0.241164 1.604904 -0.107371
v -0.240431 1.597317 -0.107045
v -0.238980 1.589962 -0.106399
v -0.236840 1.582990 -0.105446
v -0.234056 1.576542 -0.104206
v -0.251131 1.646724 -0.026393
v -0.251131 1.570749 -0.026393
v -0.254802 1.640931 -0.026779
v -0.257833 1.634483 -0.027098
v -0.260162 1.627510 -0.027342
v -0.261742 1.620156 -0.027508
v -0.262540 1.612569 -0.027592
v -0.262540 1.604904 -0.027592
v -0.261742 1.597317 -0.027508
v -0.260162 1.589962 -0.027342
v -0.257833 1.582990 -0.027098
v -0.254802 1.576542 -0.026779
v -0.246996 1.646724 0.052502
v -0.246996 1.570749 0.052502
v -0.250607 1.640931 0.053270
v -0.253588 1.634483 0.053903
v -0.255879 1.627510 0.054390
v -0.257432 1.620156 0.054721
v -0.258217 1.612569 0.054887
v -0.258217 1.604904 0.054887
v -0.257432 1.597317 0.054721
v -0.255879 1.589962 0.054390
v -0.253588 1.582990 0.053903
v -0.250607 1.576542 0.053270
v -0.218683 1.646724 0.126258
v -0.218683 1.570749 0.126258
v -0.221880 1.640931 0.128104
v -0.224520 1.634483 0.129628
v -0.226548 1.627510 0.130799
v -0.227923 1.620156 0.131593
v -0.228618 1.612569 0.131994
v -0.228618 1.604904 0.131994
v -0.227923 1.597317 0.131593
v -0.226548 1.589962 0.130799
v -0.224520 1.582990 0.129628
v -0.221880 1.576542 0.128104
v -0.168964 1.646724 0.187656
v -0.168965 1.570749 0.187656
v -0.171435 1.640931 0.190399
v -0.173474 1.634483 0.192664
v -0.175041 1.627510 0.194404
v -0.176104 1.620156 0.195585
v -0.176641 1.612569 0.196181
v -0.176641 1.604904 0.196181
v -0.176104 1.597317 0.195585
v -0.175041 1.589962 0.194404
v -0.173474 1.582990 0.192664
v -0.171435 1.576542 0.190399
v -0.102706 1.646724 0.230684
v -0.102706 1.570749 0.230684
v -0.104208 1.640931 0.234056
v -0.105448 1.634483 0.236841
v -0.106400 1.627510 0.238980
v -0.107046 1.620156 0.240431
v -0.107372 1.612569 0.241164
v -0.107372 1.604904 0.241164
v -0.107046 1.597317 0.240431
v -0.106400 1.589962 0.238980
v -0.105448 1.582990 0.236841
v -0.104208 1.576542 0.234056
v -0.026395 1.646724 0.251131
v -0.026395 1.570749 0.251131
v -0.026781 1.640931 0.254803
v -0.027099 1.634483 0.257834
v -0.027344 1.627510 0.260163
v -0.027510 1.620156 0.261743
v -0.027594 1.612569 0.262540
v -0.027594 1.604904 0.262540
v -0.027510 1.597317 0.261743
v -0.027344 1.589962 0.260163
v -0.027099 1.582990 0.257834
v -0.026781 1.576542 0.254803
v 0.052501 1.646724 0.246997
v 0.052501 1.570749 0.246997
v 0.053268 1.640931 0.250608
v 0.053902 1.634483 0.253589
v 0.054389 1.627510 0.255880
v 0.054719 1.620156 0.257433
v 0.054886 1.612569 0.258218
v 0.054886 1.604904 0.258218
v 0.054719 1.597317 0.257433
v 0.054389 1.589962 0.255880
v 0.053902 1.582990 0.253589
v 0.053268 1.576542 0.250608
v 0.126257 1.646724 0.218684
v 0.126257 1.570749 0.218684
v 0.128103 1.640931 0.221881
v 0.129627 1.634483 0.224521
v 0.130798 1.627510 0.226549
v 0.131592 1.620156 0.227924
v 0.131993 1.612569 0.228619
v 0.131993 1.604904 0.228619
v 0.131592 1.597317 0.227924
v 0.130798 1.589962 0.226549
v 0.129627 1.582990 0.224521
v 0.128103 1.576542 0.221881
v 0.187654 1.646724 0.168966
v 0.187654 1.570749 0.168966
v 0.190398 1.640931 0.171436
v 0.192663 1.634483 0.173475
v 0.194403 1.627510 0.175042
v 0.195583 1.620156 0.176105
v 0.196180 1.612569 0.176642
v 0.196180 1.604904 0.176642
v 0.195583 1.597317 0.176105
v 0.194403 1.589962 0.175042
v 0.192663 1.582990 0.173475
v 0.190398 1.576542 0.171436
v 0.230683 1.646724 0.102708
v 0.230683 1.570749 0.102708
v 0.234055 1.640931 0.104209
v 0.236840 1.634483 0.105449
v 0.238979 1.627510 0.106401
v 0.240430 1.620156 0.107047
v 0.241163 1.612569 0.107374
v 0.241163 1.604904 0.107374
v 0.240430 1.597317 0.107047
v 0.238979 1.589962 0.106401
v 0.236840 1.582990 0.105449
v 0.234055 1.576542 0.104209
v 0.251130 1.646724 0.026396
v 0.251130 1.570749 0.026396
v 0.254802 1.640931 0.026782
v 0.257833 1.634483 0.027100
v 0.260162 1.627510 0.027345
v 0.261741 1.620156 0.027511
v 0.262539 1.612569 0.027595
v 0.262539 1.604904 0.027595
v 0.261741 1.597317 0.027511
v 0.260162 1.589962 0.027345
v 0.257833 1.582990 0.027100
v 0.254802 1.576542 0.026782
v 0.246996 1.646724 -0.052500
v 0.246996 1.570749 -0.052500
v 0.250607 1.640931 -0.053267
v 0.253588 1.634483 -0.053901
v 0.255879 1.627510 -0.054388
v 0.257432 1.620156 -0.054718
v 0.258217 1.612569 -0.054885
v 0.258217 1.604904 -0.054885
v 0.257432 1.597317 -0.054718
v 0.255879 1.589962 -0.054388
v 0.253588 1.582990 -0.053901
v 0.250607 1.576542 -0.053267
v 0.218683 1.646724 -0.126256
v 0.218683 1.570749 -0.126256
v 0.221880 1.640931 -0.128102
v 0.224520 1.634483 -0.129626
v 0.226548 1.627510 -0.130797
v 0.227923 1.620156 -0.131591
v 0.228618 1.612569 -0.131992
v 0.228618 1.604904 -0.131992
v 0.227923 1.597317 -0.131591
v 0.226548 1.589962 -0.130797
v 0.224520 1.582990 -0.129626
v 0.221880 1.576542 -0.128102
v 0.168965 1.646724 -0.187653
v 0.168965 1.570749 -0.187653
v 0.171435 1.640931 -0.190397
v 0.173474 1.634483 -0.192662
v 0.175041 1.627510 -0.194402
v 0.176104 1.620156 -0.195582
v 0.176641 1.612569 -0.196179
v 0.176641 1.604904 -0.196179
v 0.176104 1.597317 -0.195582
v 0.175041 1.589962 -0.194402
v 0.173474 1.582990 -0.192662
v 0.171435 1.576542 -0.190397
v 0.102706 1.646724 -0.230682
v 0.102706 1.570749 -0.230682
v 0.104208 1.640931 -0.234054
v 0.105448 1.634483 -0.236839
v 0.106400 1.627510 -0.238978
v 0.107046 1.620156 -0.240429
v 0.107373 1.612569 -0.241162
v 0.107373 1.604904 -0.241162
v 0.107046 1.597317 -0.240429
v 0.106400 1.589962 -0.238978
v 0.105448 1.582990 -0.236839
v 0.104208 1.576542 -0.234054
v 0.026395 1.646724 -0.251129
v 0.026395 1.570749 -0.251130
v 0.026781 1.640931 -0.254801
v 0.027099 1.634483 -0.257832
v 0.027344 1.627510 -0.260161
v 0.027510 1.620156 -0.261741
v 0.027594 1.612569 -0.262539
v 0.027594 1.604904 -0.262539
v 0.027510 1.597317 -0.261741
v 0.027344 1.589962 -0.260161
v 0.027099 1.582990 -0.257832
v 0.026781 1.576542 -0.254801
v -0.026396 1.570749 -0.251129
v -0.026396 1.646724 -0.251129
v -0.026782 1.576542 -0.254801
v -0.027101 1.582990 -0.257832
v -0.027345 1.589962 -0.260161
v -0.027512 1.597317 -0.261741
v -0.027595 1.604904 -0.262538
v -0.027595 1.612569 -0.262538
v -0.027512 1.620156 -0.261741
v -0.027345 1.627510 -0.260161
v -0.027101 1.634483 -0.257832
v -0.026782 1.640931 -0.254801
vn 0.3364 0.5621 -0.7556
vn 0.3277 0.5922 -0.7361
vn 0.4029 0.5922 -0.6978
vn 0.4135 0.5621 -0.7163
vn 0.0912 0.4879 -0.8681
vn 0.0904 0.5016 -0.8603
vn 0.1799 0.5016 -0.8462
vn 0.1815 0.4879 -0.8538
vn 0.2673 0.5016 -0.8227
vn 0.2697 0.4879 -0.8302
vn 0.3519 0.5016 -0.7903
vn 0.3550 0.4879 -0.7975
vn 0.4325 0.5016 -0.7492
vn 0.4365 0.4879 -0.7560
vn 0.5085 0.5016 -0.6999
vn 0.5131 0.4879 -0.7062
vn 0.5789 0.5016 -0.6429
vn 0.5841 0.4879 -0.6487
vn 0.6429 0.5016 -0.5789
vn 0.6487 0.4879 -0.5841
vn 0.6999 0.5016 -0.5085
vn 0.7062 0.4879 -0.5131
vn 0.7492 0.5016 -0.4325
vn 0.7560 0.4879 -0.4365
vn 0.7903 0.5016 -0.3519
vn 0.7975 0.4879 -0.3550
vn 0.8227 0.5016 -0.2673
vn 0.8302 0.4879 -0.2697
vn 0.8462 0.5016 -0.1799
vn 0.8538 0.4879 -0.1815
vn 0.8603 0.5016 -0.0904
vn 0.8681 0.4879 -0.0912
vn 0.8651 0.5016 -0.0000
vn 0.8729 0.4879 -0.0000
vn 0.8603 0.5016 0.0904
vn 0.8681 0.4879 0.0912
vn 0.8462 0.5016 0.1799
vn 0.8538 0.4879 0.1815
vn 0.8227 0.5016 0.2673
vn 0.8302 0.4879 0.2697
vn 0.7903 0.5016 0.3519
vn 0.7975 0.4879 0.3550
vn 0.7492 0.5016 0.4325
vn 0.7560 0.4879 0.4365
vn 0.6999 0.5016 0.5085
vn 0.7062 0.4879 0.5131
vn 0.6429 0.5016 0.5789
vn 0.6487 0.4879 0.5841
vn 0.5789 0.5016 0.6429
vn 0.5841 0.4879 0.6487
vn 0.5085 0.5016 0.6999
vn 0.5131 0.4879 0.7062
vn 0.4325 0.5016 0.7492
vn 0.4365 0.4879 0.7560
vn 0.3519 0.5016 0.7903
vn 0.3550 0.4879 0.7975
vn 0.2673 0.5016 0.8227
vn 0.2697 0.4879 0.8302
vn 0.1799 0.5016 0.8462
vn 0.1815 0.4879 0.8538
vn 0.0904 0.5016 0.8603
vn 0.0912 0.4879 0.8681
vn -0.0000 0.5016 0.8651
vn -0.0000 0.4879 0.8729
vn -0.0904 0.5016 0.8603
vn -0.0912 0.4879 0.8681
vn -0.1799 0.5016 0.8462
vn -0.1815 0.4879 0.8538
vn -0.2673 0.5016 0.8227
vn -0.2697 0.4879 0.8302
vn -0.3519 0.5016 0.7903
vn -0.3550 0.4879 0.7975
vn -0.4325 0.5016 0.7492
vn -0.4365 0.4879 0.7560
vn -0.5085 0.5016 0.6999
vn -0.5131 0.4879 0.7062
vn -0.5789 0.5016 0.6429
vn -0.5841 0.4879 0.6487
vn -0.6429 0.5016 0.5789
vn -0.6487 0.4879 0.5841
vn -0.6999 0.5016 0.5085
vn -0.7062 0.4879 0.5131
vn -0.7492 0.5016 0.4325
vn -0.7560 0.4879 0.4365
vn -0.7903 0.5016 0.3519
vn -0.7975 0.4879 0.3551
vn -0.8227 0.5016 0.2673
vn -0.8302 0.4879 0.2697
vn -0.8462 0.5016 0.1799
vn -0.8538 0.4879 0.1815
vn -0.8603 0.5016 0.0904
vn -0.8681 0.4879 0.0912
vn -0.8651 0.5016 -0.0000
vn -0.8729 0.4879 -0.0000
vn -0.8603 0.5016 -0.0904
vn -0.8681 0.4879 -0.0912
vn -0.8462 0.5016 -0.1799
vn -0.8538 0.4879 -0.1815
vn -0.8227 0.5016 -0.2673
vn -0.8302 0.4879 -0.2697
vn -0.7903 0.5016 -0.3519
vn -0.7975 0.4879 -0.3550
vn -0.7492 0.5016 -0.4325
vn -0.7560 0.4879 -0.4365
vn -0.6999 0.5016 -0.5085
vn -0.7062 0.4879 -0.5131
vn -0.6429 0.5016 -0.5789
vn -0.6487 0.4879 -0.5841
vn -0.5789 0.5016 -0.6429
vn -0.5841 0.4879 -0.6487
vn -0.5085 0.5016 -0.6999
vn -0.5131 0.4879 -0.7062
vn -0.4325 0.5016 -0.7492
vn -0.4365 0.4879 -0.7560
vn -0.3519 0.5016 -0.7903
vn -0.3551 0.4879 -0.7975
vn -0.2673 0.5016 -0.8227
vn -0.2698 0.4879 -0.8302
vn -0.1799 0.5016 -0.8462
vn -0.1815 0.4879 -0.8538
vn -0.3364 0.5621 -0.7556
vn -0.3277 0.5922 -0.7361
vn -0.2490 0.5922 -0.7663
vn -0.2556 0.5621 -0.7866
vn -0.0904 0.5016 -0.8603
vn -0.0912 0.4879 -0.8681
vn -0.0000 0.4879 -0.8729
vn -0.0000 0.5016 -0.8651
vn 0.0865 0.5621 -0.8226
vn 0.0842 0.5922 -0.8013
vn 0.1675 0.5922 -0.7882
vn 0.1720 0.5621 -0.8090
vn -0.0865 0.5621 -0.8226
vn -0.0842 0.5922 -0.8013
vn -0.0000 0.5922 -0.8058
vn -0.0000 0.5621 -0.8271
vn 0.1697 -0.5778 -0.7983
vn 0.1720 -0.5620 -0.8091
vn 0.2556 -0.5620 -0.7866
vn 0.2522 -0.5778 -0.7762
vn -0.5534 0.5621 -0.6146
vn -0.5392 0.5922 -0.5988
vn -0.4736 0.5922 -0.6519
vn -0.4862 0.5621 -0.6691
vn -0.1675 0.5922 -0.7881
vn -0.1720 0.5621 -0.8090
vn -0.7163 0.5621 -0.4135
vn -0.6978 0.5922 -0.4029
vn -0.6519 0.5922 -0.4736
vn -0.6691 0.5621 -0.4862
vn -0.4029 0.5922 -0.6978
vn -0.4135 0.5621 -0.7163
vn -0.8090 0.5621 -0.1720
vn -0.7882 0.5922 -0.1675
vn -0.7663 0.5922 -0.2490
vn -0.7866 0.5621 -0.2556
vn -0.5988 0.5922 -0.5392
vn -0.6146 0.5621 -0.5534
vn -0.8226 0.5621 0.0865
vn -0.8013 0.5922 0.0842
vn -0.8058 0.5922 -0.0000
vn -0.8271 0.5621 -0.0000
vn -0.7361 0.5922 -0.3277
vn -0.7556 0.5621 -0.3364
vn -0.7556 0.5621 0.3364
vn -0.7361 0.5922 0.3277
vn -0.7663 0.5922 0.2490
vn -0.7866 0.5621 0.2556
vn -0.8013 0.5922 -0.0842
vn -0.8226 0.5621 -0.0865
vn -0.6146 0.5621 0.5534
vn -0.5988 0.5922 0.5392
vn -0.6519 0.5922 0.4736
vn -0.6691 0.5621 0.4862
vn -0.7881 0.5922 0.1675
vn -0.8090 0.5621 0.1720
vn -0.4135 0.5621 0.7163
vn -0.4029 0.5922 0.6978
vn -0.4736 0.5922 0.6519
vn -0.4861 0.5621 0.6691
vn -0.6978 0.5922 0.4029
vn -0.7163 0.5621 0.4135
vn -0.1720 0.5621 0.8090
vn -0.1675 0.5922 0.7882
vn -0.2490 0.5922 0.7663
vn -0.2556 0.5621 0.7866
vn -0.5392 0.5922 0.5988
vn -0.5534 0.5621 0.6146
vn 0.0865 0.5621 0.8226
vn 0.0842 0.5922 0.8013
vn -0.0000 0.5922 0.8058
vn -0.0000 0.5621 0.8271
vn -0.3277 0.5922 0.7361
vn -0.3364 0.5621 0.7556
vn 0.3364 0.5621 0.7556
vn 0.3277 0.5922 0.7361
vn 0.2490 0.5922 0.7663
vn 0.2556 0.5621 0.7866
vn -0.0842 0.5922 0.8013
vn -0.0865 0.5621 0.8226
vn 0.5534 0.5621 0.6146
vn 0.5392 0.5922 0.5988
vn 0.4736 0.5922 0.6519
vn 0.4862 0.5621 0.6691
vn 0.1675 0.5922 0.7882
vn 0.1720 0.5621 0.8090
vn 0.7163 0.5621 0.4135
vn 0.6978 0.5922 0.4029
vn 0.6519 0.5922 0.4736
vn 0.6691 0.5621 0.4862
vn 0.4029 0.5922 0.6978
vn 0.4135 0.5621 0.7163
vn 0.8090 0.5621 0.1720
vn 0.7882 0.5922 0.1675
vn 0.7663 0.5922 0.2490
vn 0.7866 0.5621 0.2556
vn 0.5988 0.5922 0.5392
vn 0.6146 0.5621 0.5534
vn 0.8226 0.5621 -0.0865
vn 0.8013 0.5922 -0.0842
vn 0.8058 0.5922 -0.0000
vn 0.8271 0.5621 -0.0000
vn 0.7361 0.5922 0.3277
vn 0.7556 0.5621 0.3364
vn 0.7556 0.5621 -0.3364
vn 0.7361 0.5922 -0.3277
vn 0.7663 0.5922 -0.2490
vn 0.7866 0.5621 -0.2556
vn 0.8013 0.5922 0.0842
vn 0.8226 0.5621 0.0865
vn 0.6146 0.5621 -0.5534
vn 0.5988 0.5922 -0.5392
vn 0.6519 0.5922 -0.4736
vn 0.6691 0.5621 -0.4862
vn 0.7882 0.5922 -0.1675
vn 0.8090 0.5621 -0.1720
vn 0.4736 0.5922 -0.6519
vn 0.4861 0.5621 -0.6691
vn 0.6978 0.5922 -0.4029
vn 0.7163 0.5621 -0.4135
vn 0.2556 0.5621 -0.7866
vn 0.2490 0.5922 -0.7663
vn 0.5392 0.5922 -0.5988
vn 0.5534 0.5621 -0.6146
vn -0.0000 -0.9964 0.0845
vn -0.0088 -0.9964 0.0840
vn -0.0176 -0.9964 0.0827
vn -0.0261 -0.9964 0.0804
vn -0.0344 -0.9964 0.0772
vn -0.0422 -0.9964 0.0732
vn -0.0497 -0.9964 0.0684
vn -0.0565 -0.9964 0.0628
vn -0.0628 -0.9964 0.0565
vn -0.0684 -0.9964 0.0497
vn -0.0732 -0.9964 0.0422
vn -0.0772 -0.9964 0.0344
vn -0.0804 -0.9964 0.0261
vn -0.0827 -0.9964 0.0176
vn -0.0840 -0.9964 0.0088
vn -0.0845 -0.9964 -0.0000
vn -0.0840 -0.9964 -0.0088
vn -0.0827 -0.9964 -0.0176
vn -0.0804 -0.9964 -0.0261
vn -0.0772 -0.9964 -0.0344
vn -0.0732 -0.9964 -0.0422
vn -0.0684 -0.9964 -0.0497
vn -0.0628 -0.9964 -0.0565
vn -0.0565 -0.9964 -0.0628
vn -0.0497 -0.9964 -0.0684
vn -0.0422 -0.9964 -0.0732
vn -0.0344 -0.9964 -0.0772
vn -0.0261 -0.9964 -0.0804
vn -0.0176 -0.9964 -0.0827
vn -0.0088 -0.9964 -0.0840
vn -0.0000 -0.9964 -0.0845
vn 0.0088 -0.9964 -0.0840
vn 0.0176 -0.9964 -0.0827
vn 0.0261 -0.9964 -0.0804
vn 0.0344 -0.9964 -0.0772
vn 0.0422 -0.9964 -0.0732
vn 0.0497 -0.9964 -0.0684
vn 0.0565 -0.9964 -0.0628
vn 0.0628 -0.9964 -0.0565
vn 0.0684 -0.9964 -0.0497
vn 0.0732 -0.9964 -0.0422
vn 0.0772 -0.9964 -0.0344
vn 0.0804 -0.9964 -0.0261
vn 0.0827 -0.9964 -0.0176
vn 0.0840 -0.9964 -0.0088
vn 0.0845 -0.9964 -0.0000
vn 0.0840 -0.9964 0.0088
vn 0.0827 -0.9964 0.0176
vn 0.0804 -0.9964 0.0261
vn 0.0772 -0.9964 0.0344
vn 0.0732 -0.9964 0.0422
vn 0.0684 -0.9964 0.0497
vn 0.0628 -0.9964 0.0565
vn 0.0565 -0.9964 0.0628
vn 0.0497 -0.9964 0.0684
vn 0.0422 -0.9964 0.0732
vn 0.0344 -0.9964 0.0772
vn 0.0261 -0.9964 0.0804
vn 0.0176 -0.9964 0.0827
vn 0.0088 -0.9964 0.0840
vn 0.0961 0.3944 -0.9139
vn -0.0000 0.3944 -0.9189
vn 0.1013 0.2464 -0.9639
vn -0.0000 0.2464 -0.9692
vn 0.1043 0.0639 -0.9925
vn -0.0000 0.0639 -0.9980
vn 0.1033 -0.1501 -0.9833
vn -0.0000 -0.1501 -0.9887
vn 0.0967 -0.3807 -0.9196
vn -0.0000 -0.3807 -0.9247
vn 0.0813 -0.6289 -0.7733
vn -0.0000 -0.6289 -0.7775
vn 0.0487 -0.8849 -0.4632
vn -0.0000 -0.8849 -0.4657
vn 0.0051 -0.9988 -0.0488
vn -0.0000 -0.9988 -0.0491
vn -0.0223 -0.9769 0.2126
vn -0.0000 -0.9769 0.2138
vn -0.0236 -0.9741 0.2247
vn -0.0000 -0.9741 0.2260
vn 0.1911 0.3944 -0.8988
vn 0.2015 0.2464 -0.9480
vn 0.2075 0.0639 -0.9761
vn 0.2056 -0.1501 -0.9671
vn 0.1923 -0.3807 -0.9045
vn 0.1617 -0.6289 -0.7605
vn 0.0968 -0.8849 -0.4555
vn 0.0102 -0.9988 -0.0480
vn -0.0444 -0.9769 0.2091
vn -0.0470 -0.9741 0.2210
vn 0.2840 0.3944 -0.8740
vn 0.2995 0.2464 -0.9217
vn 0.3084 0.0639 -0.9491
vn 0.3055 -0.1501 -0.9403
vn 0.2858 -0.3807 -0.8795
vn 0.2403 -0.6289 -0.7395
vn 0.1439 -0.8849 -0.4429
vn 0.0152 -0.9988 -0.0467
vn -0.0661 -0.9769 0.2033
vn -0.0698 -0.9741 0.2149
vn 0.3738 0.3944 -0.8395
vn 0.3942 0.2464 -0.8854
vn 0.4059 0.0639 -0.9117
vn 0.4021 -0.1501 -0.9032
vn 0.3761 -0.3807 -0.8448
vn 0.3162 -0.6289 -0.7103
vn 0.1894 -0.8849 -0.4254
vn 0.0200 -0.9988 -0.0448
vn -0.0869 -0.9769 0.1953
vn -0.0919 -0.9741 0.2064
vn 0.4595 0.3944 -0.7958
vn 0.4846 0.2464 -0.8393
vn 0.4990 0.0639 -0.8643
vn 0.4943 -0.1501 -0.8562
vn 0.4624 -0.3807 -0.8008
vn 0.3888 -0.6289 -0.6733
vn 0.2329 -0.8849 -0.4033
vn 0.0245 -0.9988 -0.0425
vn -0.1069 -0.9769 0.1851
vn -0.1130 -0.9741 0.1957
vn 0.5401 0.3944 -0.7434
vn 0.5697 0.2464 -0.7841
vn 0.5866 0.0639 -0.8074
vn 0.5811 -0.1501 -0.7999
vn 0.5435 -0.3807 -0.7481
vn 0.4570 -0.6289 -0.6290
vn 0.2737 -0.8849 -0.3768
vn 0.0288 -0.9988 -0.0397
vn -0.1256 -0.9769 0.1729
vn -0.1328 -0.9741 0.1828
vn 0.6149 0.3944 -0.6829
vn 0.6485 0.2464 -0.7202
vn 0.6678 0.0639 -0.7416
vn 0.6616 -0.1501 -0.7347
vn 0.6188 -0.3807 -0.6872
vn 0.5203 -0.6289 -0.5778
vn 0.3116 -0.8849 -0.3461
vn 0.0328 -0.9988 -0.0365
vn -0.1430 -0.9769 0.1589
vn -0.1512 -0.9741 0.1679
vn 0.6829 0.3944 -0.6149
vn 0.7202 0.2464 -0.6485
vn 0.7416 0.0639 -0.6678
vn 0.7347 -0.1501 -0.6616
vn 0.6872 -0.3807 -0.6188
vn 0.5778 -0.6289 -0.5203
vn 0.3461 -0.8849 -0.3116
vn 0.0365 -0.9988 -0.0328
vn -0.1589 -0.9769 0.1430
vn -0.1679 -0.9741 0.1512
vn 0.7434 0.3944 -0.5401
vn 0.7841 0.2464 -0.5697
vn 0.8074 0.0639 -0.5866
vn 0.7999 -0.1501 -0.5811
vn 0.7481 -0.3807 -0.5435
vn 0.6290 -0.6289 -0.4570
vn 0.3768 -0.8849 -0.2737
vn 0.0397 -0.9988 -0.0288
vn -0.1729 -0.9769 0.1256
vn -0.1828 -0.9741 0.1328
vn 0.7958 0.3944 -0.4595
vn 0.8393 0.2464 -0.4846
vn 0.8643 0.0639 -0.4990
vn 0.8562 -0.1501 -0.4943
vn 0.8008 -0.3807 -0.4624
vn 0.6733 -0.6289 -0.3888
vn 0.4033 -0.8849 -0.2329
vn 0.0425 -0.9988 -0.0245
vn -0.1851 -0.9769 0.1069
vn -0.1957 -0.9741 0.1130
vn 0.8395 0.3944 -0.3738
vn 0.8854 0.2464 -0.3942
vn 0.9117 0.0639 -0.4059
vn 0.9032 -0.1501 -0.4021
vn 0.8448 -0.3807 -0.3761
vn 0.7103 -0.6289 -0.3162
vn 0.4254 -0.8849 -0.1894
vn 0.0448 -0.9988 -0.0200
vn -0.1953 -0.9769 0.0869
vn -0.2064 -0.9741 0.0919
vn 0.8740 0.3944 -0.2840
vn 0.9217 0.2464 -0.2995
vn 0.9491 0.0639 -0.3084
vn 0.9403 -0.1501 -0.3055
vn 0.8795 -0.3807 -0.2858
vn 0.7395 -0.6289 -0.2403
vn 0.4429 -0.8849 -0.1439
vn 0.0467 -0.9988 -0.0152
vn -0.2033 -0.9769 0.0661
vn -0.2149 -0.9741 0.0698
vn 0.8988 0.3944 -0.1911
vn 0.9480 0.2464 -0.2015
vn 0.9761 0.0639 -0.2075
vn 0.9671 -0.1501 -0.2056
vn 0.9045 -0.3807 -0.1923
vn 0.7605 -0.6289 -0.1617
vn 0.4555 -0.8849 -0.0968
vn 0.0480 -0.9988 -0.0102
vn -0.2091 -0.9769 0.0444
vn -0.2210 -0.9741 0.0470
vn 0.9139 0.3944 -0.0961
vn 0.9639 0.2464 -0.1013
vn 0.9925 0.0639 -0.1043
vn 0.9833 -0.1501 -0.1033
vn 0.9196 -0.3807 -0.0967
vn 0.7733 -0.6289 -0.0813
vn 0.4632 -0.8849 -0.0487
vn 0.0488 -0.9988 -0.0051
vn -0.2126 -0.9769 0.0223
vn -0.2247 -0.9741 0.0236
vn 0.9189 0.3944 -0.0000
vn 0.9692 0.2464 -0.0000
vn 0.9980 0.0639 -0.0000
vn 0.9887 -0.1501 -0.0000
vn 0.9247 -0.3807 -0.0000
vn 0.7775 -0.6289 -0.0000
vn 0.4657 -0.8849 -0.0000
vn 0.0491 -0.9988 -0.0000
vn -0.2138 -0.9769 -0.0000
vn -0.2260 -0.9741 -0.0000
vn 0.9139 0.3944 0.0961
vn 0.9639 0.2464 0.1013
vn 0.9925 0.0639 0.1043
vn 0.9833 -0.1501 0.1033
vn 0.9196 -0.3807 0.0967
vn 0.7733 -0.6289 0.0813
vn 0.4632 -0.8849 0.0487
vn 0.0488 -0.9988 0.0051
vn -0.2126 -0.9769 -0.0223
vn -0.2247 -0.9741 -0.0236
vn 0.8988 0.3944 0.1911
vn 0.9480 0.2464 0.2015
vn 0.9761 0.0639 0.2075
vn 0.9671 -0.1501 0.2056
vn 0.9045 -0.3807 0.1923
vn 0.7605 -0.6289 0.1617
vn 0.4555 -0.8849 0.0968
vn 0.0480 -0.9988 0.0102
vn -0.2091 -0.9769 -0.0444
vn -0.2210 -0.9741 -0.0470
vn 0.8740 0.3944 0.2840
vn 0.9217 0.2464 0.2995
vn 0.9491 0.0639 0.3084
vn 0.9403 -0.1501 0.3055
vn 0.8795 -0.3807 0.2858
vn 0.7395 -0.6289 0.2403
vn 0.4429 -0.8849 0.1439
vn 0.0467 -0.9988 0.0152
vn -0.2033 -0.9769 -0.0661
vn -0.2149 -0.9741 -0.0698
vn 0.8395 0.3944 0.3738
vn 0.8854 0.2464 0.3942
vn 0.9117 0.0639 0.4059
vn 0.9032 -0.1501 0.4021
vn 0.8448 -0.3807 0.3761
vn 0.7103 -0.6289 0.3162
vn 0.4254 -0.8849 0.1894
vn 0.0448 -0.9988 0.0200
vn -0.1953 -0.9769 -0.0869
vn -0.2064 -0.9741 -0.0919
vn 0.7958 0.3944 0.4595
vn 0.8393 0.2464 0.4846
vn 0.8643 0.0639 0.4990
vn 0.8562 -0.1501 0.4943
vn 0.8008 -0.3807 0.4624
vn 0.6733 -0.6289 0.3888
vn 0.4033 -0.8849 0.2329
vn 0.0425 -0.9988 0.0245
vn -0.1851 -0.9769 -0.1069
vn -0.1957 -0.9741 -0.1130
vn 0.7434 0.3944 0.5401
vn 0.7841 0.2464 0.5697
vn 0.8074 0.0639 0.5866
vn 0.7999 -0.1501 0.5811
vn 0.7481 -0.3807 0.5435
vn 0.6290 -0.6289 0.4570
vn 0.3768 -0.8849 0.2737
vn 0.0397 -0.9988 0.0288
vn -0.1729 -0.9769 -0.1256
vn -0.1828 -0.9741 -0.1328
vn 0.6829 0.3944 0.6149
vn 0.7202 0.2464 0.6485
vn 0.7416 0.0639 0.6678
vn 0.7347 -0.1501 0.6616
vn 0.6872 -0.3807 0.6188
vn 0.5778 -0.6289 0.5203
vn 0.3461 -0.8849 0.3116
vn 0.0365 -0.9988 0.0328
vn -0.1589 -0.9769 -0.1430
vn -0.1679 -0.9741 -0.1512
vn 0.6149 0.3944 0.6829
vn 0.6485 0.2464 0.7202
vn 0.6678 0.0639 0.7416
vn 0.6616 -0.1501 0.7347
vn 0.6188 -0.3807 0.6872
vn 0.5203 -0.6289 0.5778
vn 0.3116 -0.8849 0.3461
vn 0.0328 -0.9988 0.0365
vn -0.1430 -0.9769 -0.1589
vn -0.1512 -0.9741 -0.1679
vn 0.5401 0.3944 0.7434
vn 0.5697 0.2464 0.7841
vn 0.5866 0.0639 0.8074
vn 0.5811 -0.1501 0.7999
vn 0.5435 -0.3807 0.7481
vn 0.4570 -0.6289 0.6290
vn 0.2737 -0.8849 0.3768
vn 0.0288 -0.9988 0.0397
vn -0.1256 -0.9769 -0.1729
vn -0.1328 -0.9741 -0.1828
vn 0.4595 0.3944 0.7958
vn 0.4846 0.2464 0.8393
vn 0.4990 0.0639 0.8643
vn 0.4943 -0.1501 0.8562
vn 0.4624 -0.3807 0.8008
vn 0.3888 -0.6289 0.6733
vn 0.2329 -0.8849 0.4033
vn 0.0245 -0.9988 0.0425
vn -0.1069 -0.9769 -0.1851
vn -0.1130 -0.9741 -0.1957
vn 0.3738 0.3944 0.8395
vn 0.3942 0.2464 0.8854
vn 0.4059 0.0639 0.9117
vn 0.4021 -0.1501 0.9032
vn 0.3761 -0.3807 0.8448
vn 0.3162 -0.6289 0.7103
vn 0.1894 -0.8849 0.4254
vn 0.0200 -0.9988 0.0448
vn -0.0869 -0.9769 -0.1953
vn -0.0919 -0.9741 -0.2064
vn 0.2840 0.3944 0.8740
vn 0.2995 0.2464 0.9217
vn 0.3084 0.0639 0.9491
vn 0.3055 -0.1501 0.9403
vn 0.2858 -0.3807 0.8795
vn 0.2403 -0.6289 0.7395
vn 0.1439 -0.8849 0.4429
vn 0.0152 -0.9988 0.0467
vn -0.0661 -0.9769 -0.2033
vn -0.0698 -0.9741 -0.2149
vn 0.1911 0.3944 0.8988
vn 0.2015 0.2464 0.9480
vn 0.2075 0.0639 0.9761
vn 0.2056 -0.1501 0.9671
vn 0.1923 -0.3807 0.9045
vn 0.1617 -0.6289 0.7605
vn 0.0968 -0.8849 0.4555
vn 0.0102 -0.9988 0.0480
vn -0.0444 -0.9769 -0.2091
vn -0.0470 -0.9741 -0.2210
vn 0.0961 0.3944 0.9139
vn 0.1013 0.2464 0.9639
vn 0.1043 0.0639 0.9925
vn 0.1033 -0.1501 0.9833
vn 0.0967 -0.3807 0.9196
vn 0.0813 -0.6289 0.7733
vn 0.0487 -0.8849 0.4632
vn 0.0051 -0.9988 0.0488
vn -0.0223 -0.9769 -0.2126
vn -0.0236 -0.9741 -0.2247
vn -0.0000 0.3944 0.9189
vn -0.0000 0.2464 0.9692
vn -0.0000 0.0639 0.9980
vn -0.0000 -0.1501 0.9887
vn -0.0000 -0.3807 0.9247
vn -0.0000 -0.6289 0.7775
vn -0.0000 -0.8849 0.4657
vn -0.0000 -0.9988 0.0491
vn -0.0000 -0.9769 -0.2138
vn -0.0000 -0.9741 -0.2260
vn -0.0961 0.3944 0.9139
vn -0.1013 0.2464 0.9639
vn -0.1043 0.0639 0.9925
vn -0.1033 -0.1501 0.9833
vn -0.0967 -0.3807 0.9196
vn -0.0813 -0.6289 0.7733
vn -0.0487 -0.8849 0.4632
vn -0.0051 -0.9988 0.0488
vn 0.0223 -0.9769 -0.2126
vn 0.0236 -0.9741 -0.2247
vn -0.1911 0.3944 0.8988
vn -0.2015 0.2464 0.9480
vn -0.2075 0.0639 0.9761
vn -0.2056 -0.1501 0.9671
vn -0.1923 -0.3807 0.9045
vn -0.1617 -0.6289 0.7605
vn -0.0968 -0.8849 0.4555
vn -0.0102 -0.9988 0.0480
vn 0.0444 -0.9769 -0.2091
vn 0.0470 -0.9741 -0.2210
vn -0.2840 0.3944 0.8740
vn -0.2995 0.2464 0.9217
vn -0.3084 0.0639 0.9491
vn -0.3055 -0.1501 0.9403
vn -0.2858 -0.3807 0.8795
vn -0.2403 -0.6289 0.7395
vn -0.1439 -0.8849 0.4429
vn -0.0152 -0.9988 0.0467
vn 0.0661 -0.9769 -0.2033
vn 0.0698 -0.9741 -0.2149
vn -0.3738 0.3944 0.8395
vn -0.3942 0.2464 0.8854
vn -0.4059 0.0639 0.9117
vn -0.4021 -0.1501 0.9032
vn -0.3761 -0.3807 0.8448
vn -0.3162 -0.6289 0.7103
vn -0.1894 -0.8849 0.4254
vn -0.0200 -0.9988 0.0448
vn 0.0869 -0.9769 -0.1953
vn 0.0919 -0.9741 -0.2064
vn -0.4595 0.3944 0.7958
vn -0.4846 0.2464 0.8393
vn -0.4990 0.0639 0.8643
vn -0.4943 -0.1501 0.8562
vn -0.4624 -0.3807 0.8008
vn -0.3888 -0.6289 0.6733
vn -0.2329 -0.8849 0.4033
vn -0.0245 -0.9988 0.0425
vn 0.1069 -0.9769 -0.1851
vn 0.1130 -0.9741 -0.1957
vn -0.5401 0.3944 0.7434
vn -0.5697 0.2464 0.7841
vn -0.5866 0.0639 0.8074
vn -0.5811 -0.1501 0.7999
vn -0.5435 -0.3807 0.7481
vn -0.4570 -0.6289 0.6290
vn -0.2737 -0.8849 0.3768
vn -0.0288 -0.9988 0.0397
vn 0.1256 -0.9769 -0.1729
vn 0.1328 -0.9741 -0.1828
vn -0.6149 0.3944 0.6829
vn -0.6485 0.2464 0.7202
vn -0.6678 0.0639 0.7416
vn -0.6616 -0.1501 0.7347
vn -0.6188 -0.3807 0.6872
vn -0.5203 -0.6289 0.5778
vn -0.3116 -0.8849 0.3461
vn -0.0328 -0.9988 0.0365
vn 0.1430 -0.9769 -0.1589
vn 0.1512 -0.9741 -0.1679
vn -0.6829 0.3944 0.6149
vn -0.7202 0.2464 0.6485
vn -0.7416 0.0639 0.6678
vn -0.7347 -0.1501 0.6616
vn -0.6872 -0.3807 0.6188
vn -0.5778 -0.6289 0.5203
vn -0.3461 -0.8849 0.3116
vn -0.0365 -0.9988 0.0328
vn 0.1589 -0.9769 -0.1430
vn 0.1679 -0.9741 -0.1512
vn -0.7434 0.3944 0.5401
vn -0.7841 0.2464 0.5697
vn -0.8074 0.0639 0.5866
vn -0.7999 -0.1501 0.5811
vn -0.7481 -0.3807 0.5435
vn -0.6290 -0.6289 0.4570
vn -0.3768 -0.8849 0.2737
vn -0.0397 -0.9988 0.0288
vn 0.1729 -0.9769 -0.1256
vn 0.1828 -0.9741 -0.1328
vn -0.7958 0.3944 0.4595
vn -0.8393 0.2464 0.4846
vn -0.8643 0.0639 0.4990
vn -0.8562 -0.1501 0.4943
vn -0.8008 -0.3807 0.4624
vn -0.6733 -0.6289 0.3888
vn -0.4033 -0.8849 0.2329
vn -0.0425 -0.9988 0.0245
vn 0.1851 -0.9769 -0.1069
vn 0.1957 -0.9741 -0.1130
vn -0.8395 0.3944 0.3738
vn -0.8854 0.2464 0.3942
vn -0.9117 0.0639 0.4059
vn -0.9032 -0.1501 0.4021
vn -0.8448 -0.3807 0.3761
vn -0.7103 -0.6289 0.3162
vn -0.4254 -0.8849 0.1894
vn -0.0448 -0.9988 0.0200
vn 0.1953 -0.9769 -0.0869
vn 0.2064 -0.9741 -0.0919
vn -0.8740 0.3944 0.2840
vn -0.9217 0.2464 0.2995
vn -0.9491 0.0639 0.3084
vn -0.9403 -0.1501 0.3055
vn -0.8795 -0.3807 0.2858
vn -0.7395 -0.6289 0.2403
vn -0.4429 -0.8849 0.1439
vn -0.0467 -0.9988 0.0152
vn 0.2033 -0.9769 -0.0661
vn 0.2149 -0.9741 -0.0698
vn -0.8988 0.3944 0.1911
vn -0.9480 0.2464 0.2015
vn -0.9761 0.0639 0.2075
vn -0.9671 -0.1501 0.2056
vn -0.9045 -0.3807 0.1923
vn -0.7605 -0.6289 0.1617
vn -0.4555 -0.8849 0.0968
vn -0.0480 -0.9988 0.0102
vn 0.2091 -0.9769 -0.0444
vn 0.2210 -0.9741 -0.0470
vn -0.9139 0.3944 0.0961
vn -0.9639 0.2464 0.1013
vn -0.9925 0.0639 0.1043
vn -0.9833 -0.1501 0.1033
vn -0.9196 -0.3807 0.0967
vn -0.7733 -0.6289 0.0813
vn -0.4632 -0.8849 0.0487
vn -0.0488 -0.9988 0.0051
vn 0.2126 -0.9769 -0.0223
vn 0.2247 -0.9741 -0.0236
vn -0.9189 0.3944 -0.0000
vn -0.9692 0.2464 -0.0000
vn -0.9980 0.0639 -0.0000
vn -0.9887 -0.1501 -0.0000
vn -0.9247 -0.3807 -0.0000
vn -0.7775 -0.6289 -0.0000
vn -0.4657 -0.8849 -0.0000
vn -0.0491 -0.9988 -0.0000
vn 0.2138 -0.9769 -0.0000
vn 0.2260 -0.9741 -0.0000
vn -0.9139 0.3944 -0.0961
vn -0.9639 0.2464 -0.1013
vn -0.9925 0.0639 -0.1043
vn -0.9833 -0.1501 -0.1033
vn -0.9196 -0.3807 -0.0967
vn -0.7733 -0.6289 -0.0813
vn -0.4632 -0.8849 -0.0487
vn -0.0488 -0.9988 -0.0051
vn 0.2126 -0.9769 0.0223
vn 0.2247 -0.9741 0.0236
vn -0.8988 0.3944 -0.1911
vn -0.9480 0.2464 -0.2015
vn -0.9761 0.0639 -0.2075
vn -0.9671 -0.1501 -0.2056
vn -0.9045 -0.3807 -0.1923
vn -0.7605 -0.6289 -0.1617
vn -0.4555 -0.8849 -0.0968
vn -0.0480 -0.9988 -0.0102
vn 0.2091 -0.9769 0.0444
vn 0.2210 -0.9741 0.0470
vn -0.8740 0.3944 -0.2840
vn -0.9217 0.2464 -0.2995
vn -0.9491 0.0639 -0.3084
vn -0.9403 -0.1501 -0.3055
vn -0.8795 -0.3807 -0.2857
vn -0.7395 -0.6289 -0.2403
vn -0.4429 -0.8849 -0.1439
vn -0.0467 -0.9988 -0.0152
vn 0.2033 -0.9769 0.0661
vn 0.2149 -0.9741 0.0698
vn -0.8395 0.3944 -0.3738
vn -0.8854 0.2464 -0.3942
vn -0.9117 0.0639 -0.4059
vn -0.9032 -0.1501 -0.4021
vn -0.8448 -0.3807 -0.3761
vn -0.7103 -0.6289 -0.3162
vn -0.4254 -0.8849 -0.1894
vn -0.0448 -0.9988 -0.0200
vn 0.1953 -0.9769 0.0869
vn 0.2064 -0.9741 0.0919
vn -0.7958 0.3944 -0.4595
vn -0.8393 0.2464 -0.4846
vn -0.8643 0.0639 -0.4990
vn -0.8562 -0.1501 -0.4943
vn -0.8008 -0.3807 -0.4624
vn -0.6733 -0.6289 -0.3888
vn -0.4033 -0.8849 -0.2329
vn -0.0425 -0.9988 -0.0245
vn 0.1851 -0.9769 0.1069
vn 0.1957 -0.9741 0.1130
vn -0.7434 0.3944 -0.5401
vn -0.7841 0.2464 -0.5697
vn -0.8074 0.0639 -0.5866
vn -0.7999 -0.1501 -0.5811
vn -0.7481 -0.3807 -0.5435
vn -0.6290 -0.6289 -0.4570
vn -0.3768 -0.8849 -0.2737
vn -0.0397 -0.9988 -0.0288
vn 0.1729 -0.9769 0.1256
vn 0.1828 -0.9741 0.1328
vn -0.6829 0.3944 -0.6149
vn -0.7202 0.2464 -0.6485
vn -0.7416 0.0639 -0.6678
vn -0.7347 -0.1501 -0.6615
vn -0.6872 -0.3807 -0.6187
vn -0.5778 -0.6289 -0.5203
vn -0.3461 -0.8849 -0.3116
vn -0.0365 -0.9988 -0.0328
vn 0.1589 -0.9769 0.1430
vn 0.1679 -0.9741 0.1512
vn -0.6149 0.3944 -0.6829
vn -0.6485 0.2464 -0.7202
vn -0.6678 0.0639 -0.7416
vn -0.6616 -0.1501 -0.7347
vn -0.6188 -0.3807 -0.6872
vn -0.5203 -0.6289 -0.5778
vn -0.3116 -0.8849 -0.3461
vn -0.0328 -0.9988 -0.0365
vn 0.1430 -0.9769 0.1589
vn 0.1512 -0.9741 0.1679
vn -0.5401 0.3944 -0.7434
vn -0.5697 0.2464 -0.7841
vn -0.5866 0.0639 -0.8074
vn -0.5811 -0.1501 -0.7999
vn -0.5435 -0.3807 -0.7481
vn -0.4570 -0.6289 -0.6290
vn -0.2737 -0.8849 -0.3768
vn -0.0288 -0.9988 -0.0397
vn 0.1256 -0.9769 0.1729
vn 0.1328 -0.9741 0.1828
vn -0.4595 0.3944 -0.7958
vn -0.4846 0.2464 -0.8393
vn -0.4990 0.0639 -0.8643
vn -0.4943 -0.1501 -0.8562
vn -0.4624 -0.3807 -0.8008
vn -0.3888 -0.6289 -0.6733
vn -0.2329 -0.8849 -0.4033
vn -0.0245 -0.9988 -0.0425
vn 0.1069 -0.9769 0.1851
vn 0.1130 -0.9741 0.1957
vn -0.3738 0.3944 -0.8395
vn -0.3942 0.2464 -0.8854
vn -0.4059 0.0639 -0.9117
vn -0.4021 -0.1501 -0.9032
vn -0.3761 -0.3807 -0.8448
vn -0.3162 -0.6289 -0.7103
vn -0.1894 -0.8849 -0.4254
vn -0.0200 -0.9988 -0.0448
vn 0.0869 -0.9769 0.1953
vn 0.0919 -0.9741 0.2064
vn -0.2840 0.3944 -0.8739
vn -0.2995 0.2464 -0.9217
vn -0.3084 0.0639 -0.9491
vn -0.3055 -0.1501 -0.9403
vn -0.2858 -0.3807 -0.8795
vn -0.2403 -0.6289 -0.7395
vn -0.1439 -0.8849 -0.4429
vn -0.0152 -0.9988 -0.0467
vn 0.0661 -0.9769 0.2033
vn 0.0698 -0.9741 0.2149
vn -0.1911 0.3944 -0.8988
vn -0.2015 0.2464 -0.9480
vn -0.2075 0.0639 -0.9761
vn -0.2056 -0.1501 -0.9671
vn -0.1923 -0.3807 -0.9045
vn -0.1617 -0.6289 -0.7605
vn -0.0968 -0.8849 -0.4555
vn -0.0102 -0.9988 -0.0480
vn 0.0444 -0.9769 0.2091
vn 0.0470 -0.9741 0.2210
vn -0.0961 0.3944 -0.9139
vn -0.1013 0.2464 -0.9639
vn -0.1043 0.0639 -0.9925
vn -0.1033 -0.1501 -0.9833
vn -0.0967 -0.3807 -0.9196
vn -0.0813 -0.6289 -0.7733
vn -0.0487 -0.8849 -0.4632
vn -0.0051 -0.9988 -0.0488
vn 0.0223 -0.9769 0.2126
vn 0.0236 -0.9741 0.2247
vn -0.1045 0.0172 -0.9944
vn -0.0000 0.0172 -0.9999
vn -0.0000 0.0645 -0.9979
vn -0.1043 0.0645 -0.9925
vn -0.0000 0.1196 -0.9928
vn -0.1038 0.1196 -0.9874
vn -0.0000 0.1668 -0.9860
vn -0.1031 0.1668 -0.9806
vn -0.0000 0.2091 -0.9779
vn -0.1022 0.2091 -0.9725
vn -0.0000 0.2488 -0.9686
vn -0.1012 0.2488 -0.9633
vn -0.0000 0.2873 -0.9579
vn -0.1001 0.2873 -0.9526
vn -0.0000 0.3260 -0.9454
vn -0.0988 0.3260 -0.9402
vn -0.0000 0.3665 -0.9304
vn -0.0973 0.3665 -0.9253
vn -0.0000 0.4104 -0.9119
vn -0.0953 0.4104 -0.9069
vn -0.0000 0.4603 -0.8877
vn -0.0928 0.4603 -0.8829
vn -0.2079 0.0172 -0.9780
vn -0.2075 0.0645 -0.9761
vn -0.2064 0.1196 -0.9711
vn -0.2050 0.1667 -0.9645
vn -0.2033 0.2091 -0.9565
vn -0.2014 0.2488 -0.9474
vn -0.1992 0.2873 -0.9369
vn -0.1966 0.3260 -0.9247
vn -0.1934 0.3665 -0.9101
vn -0.1896 0.4104 -0.8920
vn -0.1846 0.4603 -0.8683
vn -0.3090 0.0172 -0.9509
vn -0.3084 0.0645 -0.9491
vn -0.3068 0.1196 -0.9442
vn -0.3047 0.1667 -0.9377
vn -0.3022 0.2091 -0.9300
vn -0.2993 0.2488 -0.9212
vn -0.2960 0.2873 -0.9110
vn -0.2921 0.3260 -0.8991
vn -0.2875 0.3665 -0.8849
vn -0.2818 0.4104 -0.8673
vn -0.2743 0.4603 -0.8443
vn -0.4067 0.0172 -0.9134
vn -0.4059 0.0645 -0.9116
vn -0.4038 0.1196 -0.9070
vn -0.4010 0.1667 -0.9008
vn -0.3977 0.2091 -0.8933
vn -0.3940 0.2488 -0.8848
vn -0.3896 0.2873 -0.8750
vn -0.3845 0.3260 -0.8636
vn -0.3784 0.3665 -0.8500
vn -0.3709 0.4104 -0.8330
vn -0.3611 0.4603 -0.8110
vn -0.4999 0.0172 -0.8659
vn -0.4990 0.0645 -0.8642
vn -0.4964 0.1196 -0.8598
vn -0.4930 0.1667 -0.8539
vn -0.4889 0.2091 -0.8469
vn -0.4843 0.2488 -0.8388
vn -0.4789 0.2873 -0.8295
vn -0.4727 0.3260 -0.8187
vn -0.4652 0.3665 -0.8058
vn -0.4559 0.4104 -0.7897
vn -0.4439 0.4603 -0.7688
vn -0.5877 0.0172 -0.8089
vn -0.5866 0.0645 -0.8073
vn -0.5836 0.1196 -0.8032
vn -0.5796 0.1667 -0.7977
vn -0.5748 0.2091 -0.7911
vn -0.5693 0.2488 -0.7836
vn -0.5630 0.2873 -0.7749
vn -0.5557 0.3260 -0.7648
vn -0.5469 0.3665 -0.7527
vn -0.5360 0.4104 -0.7377
vn -0.5218 0.4603 -0.7182
vn -0.6690 0.0172 -0.7430
vn -0.6677 0.0645 -0.7416
vn -0.6643 0.1196 -0.7378
vn -0.6598 0.1667 -0.7327
vn -0.6543 0.2091 -0.7267
vn -0.6481 0.2488 -0.7198
vn -0.6409 0.2873 -0.7118
vn -0.6326 0.3260 -0.7025
vn -0.6226 0.3665 -0.6914
vn -0.6102 0.4104 -0.6777
vn -0.5940 0.4603 -0.6597
vn -0.7430 0.0172 -0.6690
vn -0.7416 0.0645 -0.6677
vn -0.7378 0.1196 -0.6643
vn -0.7327 0.1667 -0.6598
vn -0.7267 0.2091 -0.6543
vn -0.7198 0.2488 -0.6481
vn -0.7118 0.2873 -0.6409
vn -0.7025 0.3260 -0.6326
vn -0.6914 0.3665 -0.6226
vn -0.6777 0.4104 -0.6102
vn -0.6597 0.4603 -0.5940
vn -0.8089 0.0172 -0.5877
vn -0.8073 0.0645 -0.5866
vn -0.8032 0.1196 -0.5836
vn -0.7977 0.1668 -0.5796
vn -0.7911 0.2091 -0.5748
vn -0.7836 0.2488 -0.5693
vn -0.7749 0.2873 -0.5630
vn -0.7648 0.3260 -0.5557
vn -0.7527 0.3665 -0.5469
vn -0.7377 0.4104 -0.5360
vn -0.7182 0.4603 -0.5218
vn -0.8659 0.0172 -0.4999
vn -0.8642 0.0645 -0.4990
vn -0.8598 0.1196 -0.4964
vn -0.8539 0.1668 -0.4930
vn -0.8469 0.2091 -0.4889
vn -0.8388 0.2488 -0.4843
vn -0.8295 0.2873 -0.4789
vn -0.8187 0.3260 -0.4727
vn -0.8058 0.3665 -0.4652
vn -0.7897 0.4104 -0.4559
vn -0.7688 0.4603 -0.4439
vn -0.9134 0.0172 -0.4067
vn -0.9116 0.0645 -0.4059
vn -0.9070 0.1196 -0.4038
vn -0.9008 0.1667 -0.4010
vn -0.8933 0.2091 -0.3977
vn -0.8848 0.2488 -0.3939
vn -0.8750 0.2873 -0.3896
vn -0.8636 0.3260 -0.3845
vn -0.8500 0.3665 -0.3784
vn -0.8331 0.4104 -0.3709
vn -0.8110 0.4603 -0.3611
vn -0.9509 0.0172 -0.3090
vn -0.9491 0.0645 -0.3084
vn -0.9442 0.1196 -0.3068
vn -0.9377 0.1667 -0.3047
vn -0.9300 0.2091 -0.3022
vn -0.9212 0.2488 -0.2993
vn -0.9110 0.2873 -0.2960
vn -0.8991 0.3260 -0.2921
vn -0.8849 0.3665 -0.2875
vn -0.8673 0.4104 -0.2818
vn -0.8443 0.4603 -0.2743
vn -0.9780 0.0172 -0.2079
vn -0.9761 0.0645 -0.2075
vn -0.9711 0.1196 -0.2064
vn -0.9645 0.1667 -0.2050
vn -0.9565 0.2091 -0.2033
vn -0.9474 0.2488 -0.2014
vn -0.9369 0.2873 -0.1991
vn -0.9247 0.3260 -0.1965
vn -0.9101 0.3665 -0.1934
vn -0.8920 0.4104 -0.1896
vn -0.8683 0.4603 -0.1846
vn -0.9944 0.0172 -0.1045
vn -0.9925 0.0645 -0.1043
vn -0.9874 0.1196 -0.1038
vn -0.9806 0.1668 -0.1031
vn -0.9725 0.2091 -0.1022
vn -0.9633 0.2488 -0.1012
vn -0.9526 0.2873 -0.1001
vn -0.9402 0.3260 -0.0988
vn -0.9253 0.3665 -0.0973
vn -0.9069 0.4104 -0.0953
vn -0.8829 0.4603 -0.0928
vn -0.9999 0.0172 -0.0000
vn -0.9979 0.0645 -0.0000
vn -0.9928 0.1196 -0.0000
vn -0.9860 0.1667 -0.0000
vn -0.9779 0.2091 -0.0000
vn -0.9686 0.2488 -0.0000
vn -0.9579 0.2873 -0.0000
vn -0.9454 0.3260 -0.0000
vn -0.9304 0.3665 -0.0000
vn -0.9119 0.4104 -0.0000
vn -0.8877 0.4603 -0.0000
vn -0.9944 0.0172 0.1045
vn -0.9925 0.0645 0.1043
vn -0.9874 0.1196 0.1038
vn -0.9806 0.1667 0.1031
vn -0.9725 0.2091 0.1022
vn -0.9633 0.2488 0.1012
vn -0.9526 0.2873 0.1001
vn -0.9402 0.3260 0.0988
vn -0.9253 0.3665 0.0973
vn -0.9069 0.4104 0.0953
vn -0.8829 0.4603 0.0928
vn -0.9780 0.0172 0.2079
vn -0.9761 0.0645 0.2075
vn -0.9711 0.1196 0.2064
vn -0.9645 0.1667 0.2050
vn -0.9565 0.2091 0.2033
vn -0.9474 0.2488 0.2014
vn -0.9369 0.2873 0.1992
vn -0.9247 0.3260 0.1966
vn -0.9101 0.3665 0.1934
vn -0.8920 0.4104 0.1896
vn -0.8683 0.4603 0.1846
vn -0.9509 0.0172 0.3090
vn -0.9491 0.0645 0.3084
vn -0.9442 0.1196 0.3068
vn -0.9377 0.1667 0.3047
vn -0.9300 0.2091 0.3022
vn -0.9212 0.2488 0.2993
vn -0.9110 0.2873 0.2960
vn -0.8991 0.3260 0.2921
vn -0.8849 0.3665 0.2875
vn -0.8673 0.4104 0.2818
vn -0.8443 0.4603 0.2743
vn -0.9134 0.0172 0.4067
vn -0.9116 0.0645 0.4059
vn -0.9070 0.1196 0.4038
vn -0.9008 0.1667 0.4010
vn -0.8933 0.2091 0.3977
vn -0.8848 0.2488 0.3940
vn -0.8750 0.2873 0.3896
vn -0.8636 0.3260 0.3845
vn -0.8500 0.3665 0.3784
vn -0.8331 0.4104 0.3709
vn -0.8110 0.4603 0.3611
vn -0.8659 0.0172 0.4999
vn -0.8642 0.0645 0.4990
vn -0.8598 0.1196 0.4964
vn -0.8539 0.1667 0.4930
vn -0.8469 0.2091 0.4889
vn -0.8388 0.2488 0.4843
vn -0.8295 0.2873 0.4789
vn -0.8187 0.3260 0.4727
vn -0.8058 0.3665 0.4652
vn -0.7897 0.4104 0.4559
vn -0.7688 0.4603 0.4439
vn -0.8089 0.0172 0.5877
vn -0.8073 0.0645 0.5866
vn -0.8032 0.1196 0.5836
vn -0.7977 0.1667 0.5796
vn -0.7911 0.2091 0.5748
vn -0.7836 0.2488 0.5693
vn -0.7749 0.2873 0.5630
vn -0.7648 0.3260 0.5557
vn -0.7527 0.3665 0.5469
vn -0.7377 0.4104 0.5360
vn -0.7182 0.4603 0.5218
vn -0.7430 0.0172 0.6690
vn -0.7416 0.0645 0.6677
vn -0.7378 0.1196 0.6643
vn -0.7327 0.1667 0.6598
vn -0.7267 0.2091 0.6543
vn -0.7198 0.2488 0.6481
vn -0.7118 0.2873 0.6409
vn -0.7025 0.3260 0.6326
vn -0.6914 0.3665 0.6226
vn -0.6777 0.4104 0.6102
vn -0.6597 0.4603 0.5940
vn -0.6690 0.0172 0.7430
vn -0.6677 0.0645 0.7416
vn -0.6643 0.1196 0.7378
vn -0.6598 0.1667 0.7327
vn -0.6543 0.2091 0.7267
vn -0.6481 0.2488 0.7198
vn -0.6409 0.2873 0.7118
vn -0.6326 0.3260 0.7025
vn -0.6226 0.3665 0.6914
vn -0.6102 0.4104 0.6777
vn -0.5940 0.4603 0.6597
vn -0.5877 0.0172 0.8089
vn -0.5866 0.0645 0.8073
vn -0.5836 0.1196 0.8032
vn -0.5796 0.1668 0.7977
vn -0.5748 0.2091 0.7911
vn -0.5693 0.2488 0.7836
vn -0.5630 0.2873 0.7749
vn -0.5557 0.3260 0.7648
vn -0.5469 0.3665 0.7527
vn -0.5360 0.4104 0.7377
vn -0.5218 0.4603 0.7182
vn -0.4999 0.0172 0.8659
vn -0.4990 0.0645 0.8642
vn -0.4964 0.1196 0.8598
vn -0.4930 0.1668 0.8539
vn -0.4889 0.2091 0.8469
vn -0.4843 0.2488 0.8388
vn -0.4789 0.2873 0.8295
vn -0.4727 0.3260 0.8187
vn -0.4652 0.3665 0.8058
vn -0.4559 0.4104 0.7897
vn -0.4439 0.4603 0.7688
vn -0.4067 0.0172 0.9134
vn -0.4059 0.0645 0.9116
vn -0.4038 0.1196 0.9070
vn -0.4010 0.1668 0.9008
vn -0.3977 0.2091 0.8933
vn -0.3939 0.2488 0.8848
vn -0.3896 0.2873 0.8750
vn -0.3845 0.3260 0.8636
vn -0.3784 0.3665 0.8500
vn -0.3709 0.4104 0.8331
vn -0.3611 0.4603 0.8110
vn -0.3090 0.0172 0.9509
vn -0.3084 0.0645 0.9491
vn -0.3068 0.1196 0.9442
vn -0.3047 0.1668 0.9377
vn -0.3022 0.2091 0.9300
vn -0.2993 0.2488 0.9212
vn -0.2960 0.2873 0.9110
vn -0.2921 0.3260 0.8991
vn -0.2875 0.3665 0.8849
vn -0.2818 0.4104 0.8673
vn -0.2743 0.4603 0.8443
vn -0.2079 0.0172 0.9780
vn -0.2075 0.0645 0.9761
vn -0.2064 0.1196 0.9711
vn -0.2050 0.1667 0.9645
vn -0.2033 0.2091 0.9565
vn -0.2014 0.2488 0.9474
vn -0.1991 0.2873 0.9369
vn -0.1965 0.3260 0.9247
vn -0.1934 0.3665 0.9101
vn -0.1896 0.4104 0.8920
vn -0.1846 0.4603 0.8683
vn -0.1045 0.0172 0.9944
vn -0.1043 0.0645 0.9925
vn -0.1038 0.1196 0.9874
vn -0.1031 0.1667 0.9806
vn -0.1022 0.2091 0.9725
vn -0.1012 0.2488 0.9633
vn -0.1001 0.2873 0.9526
vn -0.0988 0.3260 0.9402
vn -0.0973 0.3665 0.9253
vn -0.0953 0.4104 0.9069
vn -0.0928 0.4603 0.8829
vn -0.0000 0.0172 0.9999
vn -0.0000 0.0645 0.9979
vn -0.0000 0.1196 0.9928
vn -0.0000 0.1667 0.9860
vn -0.0000 0.2091 0.9779
vn -0.0000 0.2488 0.9686
vn -0.0000 0.2873 0.9579
vn -0.0000 0.3260 0.9454
vn -0.0000 0.3665 0.9304
vn -0.0000 0.4104 0.9119
vn -0.0000 0.4603 0.8877
vn 0.1045 0.0172 0.9944
vn 0.1043 0.0645 0.9925
vn 0.1038 0.1196 0.9874
vn 0.1031 0.1667 0.9806
vn 0.1022 0.2091 0.9725
vn 0.1012 0.2488 0.9633
vn 0.1001 0.2873 0.9526
vn 0.0988 0.3260 0.9402
vn 0.0973 0.3665 0.9253
vn 0.0953 0.4104 0.9069
vn 0.0928 0.4603 0.8829
vn 0.2079 0.0172 0.9780
vn 0.2075 0.0645 0.9761
vn 0.2064 0.1196 0.9711
vn 0.2050 0.1668 0.9645
vn 0.2033 0.2091 0.9565
vn 0.2014 0.2488 0.9474
vn 0.1991 0.2873 0.9369
vn 0.1966 0.3260 0.9247
vn 0.1934 0.3665 0.9101
vn 0.1896 0.4104 0.8920
vn 0.1846 0.4603 0.8683
vn 0.3090 0.0172 0.9509
vn 0.3084 0.0645 0.9491
vn 0.3068 0.1196 0.9442
vn 0.3047 0.1668 0.9377
vn 0.3022 0.2091 0.9300
vn 0.2993 0.2488 0.9212
vn 0.2960 0.2873 0.9110
vn 0.2921 0.3260 0.8991
vn 0.2875 0.3665 0.8849
vn 0.2818 0.4104 0.8673
vn 0.2743 0.4603 0.8443
vn 0.4067 0.0172 0.9134
vn 0.4059 0.0645 0.9116
vn 0.4038 0.1196 0.9070
vn 0.4010 0.1668 0.9008
vn 0.3977 0.2091 0.8933
vn 0.3940 0.2488 0.8848
vn 0.3896 0.2873 0.8750
vn 0.3845 0.3260 0.8636
vn 0.3784 0.3665 0.8500
vn 0.3709 0.4104 0.8331
vn 0.3611 0.4603 0.8110
vn 0.4999 0.0172 0.8659
vn 0.4990 0.0645 0.8642
vn 0.4964 0.1196 0.8598
vn 0.4930 0.1668 0.8539
vn 0.4889 0.2091 0.8469
vn 0.4843 0.2488 0.8388
vn 0.4789 0.2873 0.8295
vn 0.4727 0.3260 0.8187
vn 0.4652 0.3665 0.8058
vn 0.4559 0.4104 0.7897
vn 0.4439 0.4603 0.7688
vn 0.5877 0.0172 0.8089
vn 0.5866 0.0645 0.8073
vn 0.5836 0.1196 0.8032
vn 0.5796 0.1667 0.7977
vn 0.5748 0.2091 0.7911
vn 0.5693 0.2488 0.7836
vn 0.5630 0.2873 0.7749
vn 0.5557 0.3260 0.7648
vn 0.5469 0.3665 0.7527
vn 0.5360 0.4104 0.7377
vn 0.5218 0.4603 0.7182
vn 0.6690 0.0172 0.7430
vn 0.6677 0.0645 0.7416
vn 0.6643 0.1196 0.7378
vn 0.6598 0.1667 0.7327
vn 0.6543 0.2091 0.7267
vn 0.6481 0.2488 0.7198
vn 0.6409 0.2873 0.7118
vn 0.6326 0.3260 0.7025
vn 0.6226 0.3665 0.6914
vn 0.6102 0.4104 0.6777
vn 0.5940 0.4603 0.6597
vn 0.7430 0.0172 0.6690
vn 0.7416 0.0645 0.6677
vn 0.7378 0.1196 0.6643
vn 0.7327 0.1667 0.6598
vn 0.7267 0.2091 0.6543
vn 0.7198 0.2488 0.6481
vn 0.7118 0.2873 0.6409
vn 0.7025 0.3260 0.6326
vn 0.6914 0.3665 0.6226
vn 0.6777 0.4104 0.6102
vn 0.6597 0.4603 0.5940
vn 0.8089 0.0172 0.5877
vn 0.8073 0.0645 0.5866
vn 0.8032 0.1196 0.5836
vn 0.7977 0.1668 0.5796
vn 0.7911 0.2091 0.5748
vn 0.7836 0.2488 0.5693
vn 0.7749 0.2873 0.5630
vn 0.7648 0.3260 0.5557
vn 0.7527 0.3665 0.5469
vn 0.7377 0.4104 0.5360
vn 0.7182 0.4603 0.5218
vn 0.8659 0.0172 0.4999
vn 0.8642 0.0645 0.4990
vn 0.8598 0.1196 0.4964
vn 0.8539 0.1668 0.4930
vn 0.8469 0.2091 0.4889
vn 0.8388 0.2488 0.4843
vn 0.8295 0.2873 0.4789
vn 0.8187 0.3260 0.4727
vn 0.8058 0.3665 0.4652
vn 0.7897 0.4104 0.4559
vn 0.7688 0.4603 0.4439
vn 0.9134 0.0172 0.4067
vn 0.9116 0.0645 0.4059
vn 0.9070 0.1196 0.4038
vn 0.9008 0.1668 0.4010
vn 0.8933 0.2091 0.3977
vn 0.8848 0.2488 0.3939
vn 0.8750 0.2873 0.3896
vn 0.8636 0.3260 0.3845
vn 0.8500 0.3665 0.3784
vn 0.8331 0.4104 0.3709
vn 0.8110 0.4603 0.3611
vn 0.9509 0.0172 0.3090
vn 0.9491 0.0645 0.3084
vn 0.9442 0.1196 0.3068
vn 0.9377 0.1668 0.3047
vn 0.9300 0.2091 0.3022
vn 0.9212 0.2488 0.2993
vn 0.9110 0.2873 0.2960
vn 0.8991 0.3260 0.2921
vn 0.8849 0.3665 0.2875
vn 0.8673 0.4104 0.2818
vn 0.8443 0.4603 0.2743
vn 0.9780 0.0172 0.2079
vn 0.9761 0.0645 0.2075
vn 0.9711 0.1196 0.2064
vn 0.9645 0.1667 0.2050
vn 0.9565 0.2091 0.2033
vn 0.9474 0.2488 0.2014
vn 0.9369 0.2873 0.1991
vn 0.9247 0.3260 0.1966
vn 0.9101 0.3665 0.1934
vn 0.8920 0.4104 0.1896
vn 0.8683 0.4603 0.1846
vn 0.9944 0.0172 0.1045
vn 0.9925 0.0645 0.1043
vn 0.9874 0.1196 0.1038
vn 0.9806 0.1667 0.1031
vn 0.9725 0.2091 0.1022
vn 0.9633 0.2488 0.1012
vn 0.9526 0.2873 0.1001
vn 0.9402 0.3260 0.0988
vn 0.9253 0.3665 0.0973
vn 0.9069 0.4104 0.0953
vn 0.8829 0.4603 0.0928
vn 0.9999 0.0172 -0.0000
vn 0.9979 0.0645 -0.0000
vn 0.9928 0.1196 -0.0000
vn 0.9860 0.1667 -0.0000
vn 0.9779 0.2091 -0.0000
vn 0.9686 0.2488 -0.0000
vn 0.9579 0.2873 -0.0000
vn 0.9454 0.3260 -0.0000
vn 0.9304 0.3665 -0.0000
vn 0.9119 0.4104 -0.0000
vn 0.8877 0.4603 -0.0000
vn 0.9944 0.0172 -0.1045
vn 0.9925 0.0645 -0.1043
vn 0.9874 0.1196 -0.1038
vn 0.9806 0.1667 -0.1031
vn 0.9725 0.2091 -0.1022
vn 0.9633 0.2488 -0.1012
vn 0.9526 0.2873 -0.1001
vn 0.9402 0.3260 -0.0988
vn 0.9253 0.3665 -0.0973
vn 0.9069 0.4104 -0.0953
vn 0.8829 0.4603 -0.0928
vn 0.9780 0.0172 -0.2079
vn 0.9761 0.0645 -0.2075
vn 0.9711 0.1196 -0.2064
vn 0.9645 0.1667 -0.2050
vn 0.9565 0.2091 -0.2033
vn 0.9474 0.2488 -0.2014
vn 0.9369 0.2873 -0.1991
vn 0.9247 0.3260 -0.1966
vn 0.9101 0.3665 -0.1934
vn 0.8920 0.4104 -0.1896
vn 0.8683 0.4603 -0.1846
vn 0.9509 0.0172 -0.3090
vn 0.9491 0.0645 -0.3084
vn 0.9442 0.1196 -0.3068
vn 0.9377 0.1667 -0.3047
vn 0.9300 0.2091 -0.3022
vn 0.9212 0.2488 -0.2993
vn 0.9110 0.2873 -0.2960
vn 0.8991 0.3260 -0.2921
vn 0.8849 0.3665 -0.2875
vn 0.8673 0.4104 -0.2818
vn 0.8443 0.4603 -0.2743
vn 0.9134 0.0172 -0.4067
vn 0.9116 0.0645 -0.4059
vn 0.9070 0.1196 -0.4038
vn 0.9008 0.1667 -0.4010
vn 0.8933 0.2091 -0.3977
vn 0.8848 0.2488 -0.3939
vn 0.8750 0.2873 -0.3896
vn 0.8636 0.3260 -0.3845
vn 0.8500 0.3665 -0.3784
vn 0.8331 0.4104 -0.3709
vn 0.8110 0.4603 -0.3611
vn 0.8659 0.0172 -0.4999
vn 0.8642 0.0645 -0.4990
vn 0.8598 0.1196 -0.4964
vn 0.8539 0.1667 -0.4930
vn 0.8469 0.2091 -0.4889
vn 0.8388 0.2488 -0.4843
vn 0.8295 0.2873 -0.4789
vn 0.8187 0.3260 -0.4727
vn 0.8058 0.3665 -0.4652
vn 0.7897 0.4104 -0.4559
vn 0.7688 0.4603 -0.4439
vn 0.8089 0.0172 -0.5877
vn 0.8073 0.0645 -0.5866
vn 0.8032 0.1196 -0.5836
vn 0.7977 0.1668 -0.5796
vn 0.7911 0.2091 -0.5748
vn 0.7836 0.2488 -0.5693
vn 0.7749 0.2873 -0.5630
vn 0.7648 0.3260 -0.5557
vn 0.7527 0.3665 -0.5469
vn 0.7377 0.4104 -0.5360
vn 0.7182 0.4603 -0.5218
vn 0.7430 0.0172 -0.6690
vn 0.7416 0.0645 -0.6677
vn 0.7378 0.1196 -0.6643
vn 0.7327 0.1668 -0.6598
vn 0.7267 0.2091 -0.6543
vn 0.7198 0.2488 -0.6481
vn 0.7118 0.2873 -0.6409
vn 0.7025 0.3260 -0.6326
vn 0.6914 0.3665 -0.6226
vn 0.6777 0.4104 -0.6102
vn 0.6597 0.4603 -0.5940
vn 0.6690 0.0172 -0.7430
vn 0.6677 0.0645 -0.7416
vn 0.6643 0.1196 -0.7378
vn 0.6598 0.1668 -0.7327
vn 0.6543 0.2091 -0.7267
vn 0.6481 0.2488 -0.7198
vn 0.6409 0.2873 -0.7118
vn 0.6326 0.3260 -0.7025
vn 0.6226 0.3665 -0.6914
vn 0.6102 0.4104 -0.6777
vn 0.5940 0.4603 -0.6597
vn 0.5877 0.0172 -0.8089
vn 0.5866 0.0645 -0.8073
vn 0.5836 0.1196 -0.8032
vn 0.5796 0.1667 -0.7977
vn 0.5748 0.2091 -0.7911
vn 0.5693 0.2488 -0.7836
vn 0.5630 0.2873 -0.7749
vn 0.5557 0.3260 -0.7648
vn 0.5469 0.3665 -0.7527
vn 0.5360 0.4104 -0.7377
vn 0.5218 0.4603 -0.7182
vn 0.4999 0.0172 -0.8659
vn 0.4990 0.0645 -0.8642
vn 0.4964 0.1196 -0.8598
vn 0.4930 0.1667 -0.8539
vn 0.4889 0.2091 -0.8469
vn 0.4843 0.2488 -0.8388
vn 0.4789 0.2873 -0.8295
vn 0.4727 0.3260 -0.8187
vn 0.4652 0.3665 -0.8058
vn 0.4559 0.4104 -0.7897
vn 0.4439 0.4603 -0.7688
vn 0.4067 0.0172 -0.9134
vn 0.4059 0.0645 -0.9116
vn 0.4038 0.1196 -0.9070
vn 0.4010 0.1667 -0.9008
vn 0.3977 0.2091 -0.8933
vn 0.3940 0.2488 -0.8848
vn 0.3896 0.2873 -0.8750
vn 0.3845 0.3260 -0.8636
vn 0.3784 0.3665 -0.8500
vn 0.3709 0.4104 -0.8331
vn 0.3611 0.4603 -0.8110
vn 0.3090 0.0172 -0.9509
vn 0.3084 0.0645 -0.9491
vn 0.3068 0.1196 -0.9442
vn 0.3047 0.1668 -0.9377
vn 0.3022 0.2091 -0.9300
vn 0.2993 0.2488 -0.9212
vn 0.2960 0.2873 -0.9110
vn 0.2921 0.3260 -0.8991
vn 0.2875 0.3665 -0.8849
vn 0.2818 0.4104 -0.8673
vn 0.2743 0.4603 -0.8443
vn 0.2079 0.0172 -0.9780
vn 0.2075 0.0645 -0.9761
vn 0.2064 0.1196 -0.9711
vn 0.2050 0.1668 -0.9645
vn 0.2033 0.2091 -0.9565
vn 0.2014 0.2488 -0.9474
vn 0.1991 0.2873 -0.9369
vn 0.1966 0.3260 -0.9247
vn 0.1934 0.3665 -0.9101
vn 0.1896 0.4104 -0.8920
vn 0.1846 0.4603 -0.8683
vn 0.1045 0.0172 -0.9944
vn 0.1043 0.0645 -0.9925
vn 0.1038 0.1196 -0.9874
vn 0.1031 0.1668 -0.9806
vn 0.1022 0.2091 -0.9725
vn 0.1012 0.2488 -0.9633
vn 0.1001 0.2873 -0.9526
vn 0.0988 0.3260 -0.9402
vn 0.0973 0.3665 -0.9253
vn 0.0953 0.4104 -0.9069
vn 0.0928 0.4603 -0.8829
vn 0.3364 -0.5620 -0.7556
vn 0.3320 -0.5778 -0.7456
vn 0.4136 -0.5620 -0.7163
vn 0.4081 -0.5778 -0.7068
vn 0.4862 -0.5620 -0.6692
vn 0.4797 -0.5778 -0.6603
vn 0.5535 -0.5620 -0.6147
vn 0.5461 -0.5778 -0.6065
vn 0.6147 -0.5620 -0.5535
vn 0.6065 -0.5778 -0.5461
vn 0.6692 -0.5620 -0.4862
vn 0.6603 -0.5778 -0.4797
vn 0.7163 -0.5620 -0.4136
vn 0.7068 -0.5778 -0.4081
vn 0.7556 -0.5620 -0.3364
vn 0.7456 -0.5778 -0.3320
vn 0.7866 -0.5620 -0.2556
vn 0.7762 -0.5778 -0.2522
vn 0.8091 -0.5620 -0.1720
vn 0.7983 -0.5778 -0.1697
vn 0.8226 -0.5620 -0.0865
vn 0.8117 -0.5778 -0.0853
vn 0.8271 -0.5620 -0.0000
vn 0.8162 -0.5778 -0.0000
vn 0.8226 -0.5620 0.0865
vn 0.8117 -0.5778 0.0853
vn 0.8091 -0.5620 0.1720
vn 0.7983 -0.5778 0.1697
vn 0.7866 -0.5620 0.2556
vn 0.7762 -0.5778 0.2522
vn 0.7556 -0.5620 0.3364
vn 0.7456 -0.5778 0.3320
vn 0.7163 -0.5620 0.4136
vn 0.7068 -0.5778 0.4081
vn 0.6692 -0.5620 0.4862
vn 0.6603 -0.5778 0.4797
vn 0.6147 -0.5620 0.5535
vn 0.6065 -0.5778 0.5461
vn 0.5535 -0.5620 0.6147
vn 0.5461 -0.5778 0.6065
vn 0.4862 -0.5620 0.6692
vn 0.4797 -0.5778 0.6603
vn 0.4136 -0.5620 0.7163
vn 0.4081 -0.5778 0.7068
vn 0.3364 -0.5620 0.7556
vn 0.3320 -0.5778 0.7456
vn 0.2556 -0.5620 0.7866
vn 0.2522 -0.5778 0.7762
vn 0.1720 -0.5620 0.8091
vn 0.1697 -0.5778 0.7983
vn 0.0865 -0.5620 0.8226
vn 0.0853 -0.5778 0.8117
vn -0.0000 -0.5620 0.8271
vn -0.0000 -0.5778 0.8162
vn -0.0865 -0.5620 0.8226
vn -0.0853 -0.5778 0.8117
vn -0.1720 -0.5620 0.8091
vn -0.1697 -0.5778 0.7983
vn -0.2556 -0.5620 0.7866
vn -0.2522 -0.5778 0.7762
vn -0.3364 -0.5620 0.7556
vn -0.3320 -0.5778 0.7456
vn -0.4136 -0.5620 0.7163
vn -0.4081 -0.5778 0.7068
vn -0.4862 -0.5620 0.6692
vn -0.4797 -0.5778 0.6603
vn -0.5535 -0.5620 0.6147
vn -0.5461 -0.5778 0.6065
vn -0.6147 -0.5620 0.5535
vn -0.6065 -0.5778 0.5461
vn -0.6692 -0.5620 0.4862
vn -0.6603 -0.5778 0.4797
vn -0.7163 -0.5620 0.4136
vn -0.7068 -0.5778 0.4081
vn -0.7556 -0.5620 0.3364
vn -0.7456 -0.5778 0.3320
vn -0.7866 -0.5620 0.2556
vn -0.7762 -0.5778 0.2522
vn -0.8091 -0.5620 0.1720
vn -0.7983 -0.5778 0.1697
vn -0.8226 -0.5620 0.0865
vn -0.8117 -0.5778 0.0853
vn -0.8271 -0.5620 -0.0000
vn -0.8162 -0.5778 -0.0000
vn -0.8226 -0.5620 -0.0865
vn -0.8117 -0.5778 -0.0853
vn -0.8091 -0.5620 -0.1720
vn -0.7983 -0.5778 -0.1697
vn -0.7866 -0.5620 -0.2556
vn -0.7762 -0.5778 -0.2522
vn -0.7556 -0.5620 -0.3364
vn -0.7456 -0.5778 -0.3320
vn -0.7163 -0.5620 -0.4136
vn -0.7068 -0.5778 -0.4081
vn -0.6692 -0.5620 -0.4862
vn -0.6603 -0.5778 -0.4797
vn -0.6147 -0.5620 -0.5535
vn -0.6065 -0.5778 -0.5461
vn -0.5535 -0.5620 -0.6147
vn -0.5461 -0.5778 -0.6065
vn -0.4862 -0.5620 -0.6692
vn -0.4797 -0.5778 -0.6603
vn -0.4136 -0.5620 -0.7163
vn -0.4081 -0.5778 -0.7068
vn -0.3364 -0.5620 -0.7556
vn -0.3320 -0.5778 -0.7456
vn -0.2556 -0.5620 -0.7866
vn -0.2522 -0.5778 -0.7762
vn -0.1697 -0.5778 -0.7983
vn -0.1720 -0.5620 -0.8091
vn -0.0865 -0.5620 -0.8226
vn -0.0853 -0.5778 -0.8117
vn 0.0853 -0.5778 -0.8117
vn 0.0865 -0.5620 -0.8226
vn -0.0000 -0.5620 -0.8271
vn -0.0000 -0.5778 -0.8162
vn -0.1045 -0.0180 -0.9944
vn -0.0000 -0.0180 -0.9998
vn 0.3090 -0.0180 -0.9509
vn 0.4067 -0.0180 -0.9134
vn 0.4999 -0.0180 -0.8659
vn 0.5877 -0.0180 -0.8089
vn 0.6690 -0.0180 -0.7430
vn 0.7430 -0.0180 -0.6690
vn 0.8089 -0.0180 -0.5877
vn 0.8659 -0.0180 -0.4999
vn 0.9134 -0.0180 -0.4067
vn 0.9509 -0.0180 -0.3090
vn 0.9780 -0.0180 -0.2079
vn 0.9944 -0.0180 -0.1045
vn 0.9998 -0.0180 -0.0000
vn 0.9944 -0.0180 0.1045
vn 0.9780 -0.0180 0.2079
vn 0.9509 -0.0180 0.3090
vn 0.9134 -0.0180 0.4067
vn 0.8659 -0.0180 0.4999
vn 0.8089 -0.0180 0.5877
vn 0.7430 -0.0180 0.6690
vn 0.6690 -0.0180 0.7430
vn 0.5877 -0.0180 0.8089
vn 0.4999 -0.0180 0.8659
vn 0.4067 -0.0180 0.9134
vn 0.3090 -0.0180 0.9509
vn 0.2079 -0.0180 0.9780
vn 0.1045 -0.0180 0.9944
vn -0.0000 -0.0180 0.9998
vn -0.1045 -0.0180 0.9944
vn -0.2079 -0.0180 0.9780
vn -0.3090 -0.0180 0.9509
vn -0.4067 -0.0180 0.9134
vn -0.4999 -0.0180 0.8659
vn -0.5877 -0.0180 0.8089
vn -0.6690 -0.0180 0.7430
vn -0.7430 -0.0180 0.6690
vn -0.8089 -0.0180 0.5877
vn -0.8659 -0.0180 0.4999
vn -0.9134 -0.0180 0.4067
vn -0.9509 -0.0180 0.3090
vn -0.9780 -0.0180 0.2079
vn -0.9944 -0.0180 0.1045
vn -0.9998 -0.0180 -0.0000
vn -0.9944 -0.0180 -0.1045
vn -0.9780 -0.0180 -0.2079
vn -0.9509 -0.0180 -0.3090
vn -0.9134 -0.0180 -0.4067
vn -0.8659 -0.0180 -0.4999
vn -0.8089 -0.0180 -0.5877
vn -0.7430 -0.0180 -0.6690
vn -0.6690 -0.0180 -0.7430
vn -0.5877 -0.0180 -0.8089
vn -0.4999 -0.0180 -0.8659
vn -0.4067 -0.0180 -0.9134
vn -0.3090 -0.0180 -0.9509
vn -0.2079 -0.0181 -0.9780
vn 0.2079 -0.0180 -0.9780
vn 0.1045 -0.0180 -0.9944
vn 0.0885 -0.5321 -0.8420
vn -0.0000 -0.5321 -0.8467
vn 0.0920 -0.4746 -0.8754
vn -0.0000 -0.4746 -0.8802
vn 0.0946 -0.4252 -0.9001
vn -0.0000 -0.4252 -0.9051
vn 0.0967 -0.3790 -0.9203
vn -0.0000 -0.3790 -0.9254
vn 0.0985 -0.3343 -0.9373
vn -0.0000 -0.3343 -0.9425
vn 0.1000 -0.2896 -0.9519
vn -0.0000 -0.2896 -0.9571
vn 0.1014 -0.2434 -0.9646
vn -0.0000 -0.2434 -0.9699
vn 0.1025 -0.1941 -0.9756
vn -0.0000 -0.1941 -0.9810
vn 0.1035 -0.1396 -0.9848
vn -0.0000 -0.1396 -0.9902
vn 0.1042 -0.0734 -0.9918
vn -0.0000 -0.0734 -0.9973
vn -0.1760 -0.5321 -0.8282
vn -0.2616 -0.5321 -0.8052
vn -0.1830 -0.4746 -0.8610
vn -0.2720 -0.4746 -0.8371
vn -0.1882 -0.4252 -0.8853
vn -0.2797 -0.4252 -0.8608
vn -0.1924 -0.3790 -0.9052
vn -0.2860 -0.3790 -0.8801
vn -0.1960 -0.3343 -0.9219
vn -0.2912 -0.3343 -0.8963
vn -0.1990 -0.2896 -0.9362
vn -0.2958 -0.2896 -0.9103
vn -0.2017 -0.2434 -0.9487
vn -0.2997 -0.2434 -0.9224
vn -0.2040 -0.1941 -0.9595
vn -0.3031 -0.1941 -0.9330
vn -0.2059 -0.1396 -0.9686
vn -0.3060 -0.1396 -0.9417
vn -0.2074 -0.0734 -0.9755
vn -0.3082 -0.0734 -0.9485
vn -0.4233 -0.5321 -0.7332
vn -0.4977 -0.5321 -0.6850
vn -0.4401 -0.4746 -0.7623
vn -0.5174 -0.4746 -0.7121
vn -0.4525 -0.4252 -0.7838
vn -0.5320 -0.4252 -0.7322
vn -0.4627 -0.3790 -0.8014
vn -0.5439 -0.3790 -0.7487
vn -0.4712 -0.3343 -0.8162
vn -0.5540 -0.3343 -0.7625
vn -0.4786 -0.2896 -0.8289
vn -0.5626 -0.2896 -0.7743
vn -0.4850 -0.2434 -0.8400
vn -0.5701 -0.2434 -0.7847
vn -0.4905 -0.1941 -0.8496
vn -0.5766 -0.1941 -0.7936
vn -0.4951 -0.1396 -0.8575
vn -0.5820 -0.1396 -0.8011
vn -0.4987 -0.0734 -0.8637
vn -0.5862 -0.0734 -0.8068
vn -0.6292 -0.5321 -0.5665
vn -0.6850 -0.5321 -0.4977
vn -0.6541 -0.4746 -0.5890
vn -0.7121 -0.4746 -0.5174
vn -0.6726 -0.4252 -0.6056
vn -0.7322 -0.4252 -0.5320
vn -0.6877 -0.3790 -0.6192
vn -0.7487 -0.3790 -0.5439
vn -0.7004 -0.3343 -0.6306
vn -0.7625 -0.3343 -0.5540
vn -0.7113 -0.2896 -0.6405
vn -0.7744 -0.2896 -0.5626
vn -0.7208 -0.2434 -0.6490
vn -0.7847 -0.2434 -0.5701
vn -0.7290 -0.1941 -0.6564
vn -0.7936 -0.1941 -0.5766
vn -0.7359 -0.1396 -0.6626
vn -0.8011 -0.1396 -0.5820
vn -0.7411 -0.0734 -0.6673
vn -0.8068 -0.0734 -0.5862
vn -0.7735 -0.5321 -0.3444
vn -0.8052 -0.5321 -0.2616
vn -0.8041 -0.4746 -0.3580
vn -0.8371 -0.4746 -0.2720
vn -0.8268 -0.4252 -0.3681
vn -0.8608 -0.4252 -0.2797
vn -0.8454 -0.3790 -0.3764
vn -0.8801 -0.3790 -0.2860
vn -0.8610 -0.3343 -0.3833
vn -0.8964 -0.3343 -0.2912
vn -0.8744 -0.2896 -0.3893
vn -0.9103 -0.2896 -0.2958
vn -0.8861 -0.2434 -0.3945
vn -0.9224 -0.2434 -0.2997
vn -0.8962 -0.1941 -0.3990
vn -0.9330 -0.1941 -0.3031
vn -0.9046 -0.1396 -0.4028
vn -0.9417 -0.1396 -0.3060
vn -0.9111 -0.0734 -0.4056
vn -0.9485 -0.0734 -0.3082
vn -0.8420 -0.5321 -0.0885
vn -0.8467 -0.5321 -0.0000
vn -0.8754 -0.4746 -0.0920
vn -0.8802 -0.4746 -0.0000
vn -0.9001 -0.4252 -0.0946
vn -0.9051 -0.4252 -0.0000
vn -0.9203 -0.3790 -0.0967
vn -0.9254 -0.3790 -0.0000
vn -0.9373 -0.3343 -0.0985
vn -0.9425 -0.3343 -0.0000
vn -0.9519 -0.2896 -0.1000
vn -0.9571 -0.2896 -0.0000
vn -0.9646 -0.2434 -0.1014
vn -0.9699 -0.2434 -0.0000
vn -0.9756 -0.1941 -0.1025
vn -0.9810 -0.1941 -0.0000
vn -0.9848 -0.1396 -0.1035
vn -0.9902 -0.1396 -0.0000
vn -0.9918 -0.0734 -0.1042
vn -0.9973 -0.0734 -0.0000
vn -0.8282 -0.5321 0.1760
vn -0.8052 -0.5321 0.2616
vn -0.8610 -0.4746 0.1830
vn -0.8371 -0.4746 0.2720
vn -0.8853 -0.4252 0.1882
vn -0.8608 -0.4252 0.2797
vn -0.9052 -0.3790 0.1924
vn -0.8801 -0.3790 0.2860
vn -0.9219 -0.3343 0.1960
vn -0.8964 -0.3343 0.2912
vn -0.9362 -0.2896 0.1990
vn -0.9103 -0.2896 0.2958
vn -0.9487 -0.2434 0.2017
vn -0.9224 -0.2434 0.2997
vn -0.9595 -0.1941 0.2040
vn -0.9330 -0.1941 0.3031
vn -0.9686 -0.1396 0.2059
vn -0.9417 -0.1396 0.3060
vn -0.9755 -0.0734 0.2074
vn -0.9485 -0.0734 0.3082
vn -0.7332 -0.5321 0.4233
vn -0.6850 -0.5321 0.4977
vn -0.7623 -0.4746 0.4401
vn -0.7121 -0.4746 0.5174
vn -0.7838 -0.4252 0.4525
vn -0.7322 -0.4252 0.5320
vn -0.8014 -0.3790 0.4627
vn -0.7487 -0.3790 0.5439
vn -0.8162 -0.3343 0.4712
vn -0.7625 -0.3343 0.5540
vn -0.8289 -0.2896 0.4786
vn -0.7743 -0.2896 0.5626
vn -0.8400 -0.2434 0.4850
vn -0.7847 -0.2434 0.5701
vn -0.8496 -0.1941 0.4905
vn -0.7936 -0.1941 0.5766
vn -0.8576 -0.1396 0.4951
vn -0.8011 -0.1396 0.5820
vn -0.8637 -0.0734 0.4987
vn -0.8068 -0.0734 0.5862
vn -0.5665 -0.5321 0.6292
vn -0.4977 -0.5321 0.6850
vn -0.5890 -0.4746 0.6541
vn -0.5174 -0.4746 0.7121
vn -0.6056 -0.4252 0.6726
vn -0.5320 -0.4252 0.7322
vn -0.6192 -0.3790 0.6877
vn -0.5439 -0.3790 0.7487
vn -0.6306 -0.3343 0.7004
vn -0.5540 -0.3343 0.7625
vn -0.6405 -0.2896 0.7113
vn -0.5626 -0.2896 0.7744
vn -0.6490 -0.2434 0.7208
vn -0.5701 -0.2434 0.7847
vn -0.6564 -0.1941 0.7290
vn -0.5766 -0.1941 0.7936
vn -0.6626 -0.1396 0.7359
vn -0.5820 -0.1396 0.8011
vn -0.6673 -0.0734 0.7411
vn -0.5862 -0.0734 0.8068
vn -0.3444 -0.5321 0.7735
vn -0.2616 -0.5321 0.8052
vn -0.3580 -0.4746 0.8041
vn -0.2720 -0.4746 0.8371
vn -0.3681 -0.4252 0.8268
vn -0.2797 -0.4252 0.8608
vn -0.3764 -0.3790 0.8454
vn -0.2860 -0.3790 0.8801
vn -0.3833 -0.3343 0.8610
vn -0.2912 -0.3343 0.8964
vn -0.3893 -0.2896 0.8744
vn -0.2958 -0.2896 0.9103
vn -0.3945 -0.2434 0.8861
vn -0.2997 -0.2434 0.9224
vn -0.3990 -0.1941 0.8962
vn -0.3031 -0.1941 0.9330
vn -0.4028 -0.1396 0.9046
vn -0.3060 -0.1396 0.9417
vn -0.4056 -0.0734 0.9111
vn -0.3082 -0.0734 0.9485
vn -0.0885 -0.5321 0.8420
vn -0.0000 -0.5321 0.8467
vn -0.0920 -0.4746 0.8754
vn -0.0000 -0.4746 0.8802
vn -0.0946 -0.4252 0.9001
vn -0.0000 -0.4252 0.9051
vn -0.0967 -0.3790 0.9203
vn -0.0000 -0.3790 0.9254
vn -0.0985 -0.3343 0.9373
vn -0.0000 -0.3343 0.9425
vn -0.1000 -0.2896 0.9519
vn -0.0000 -0.2896 0.9571
vn -0.1014 -0.2434 0.9646
vn -0.0000 -0.2434 0.9699
vn -0.1025 -0.1941 0.9756
vn -0.0000 -0.1941 0.9810
vn -0.1035 -0.1396 0.9848
vn -0.0000 -0.1396 0.9902
vn -0.1042 -0.0734 0.9918
vn -0.0000 -0.0734 0.9973
vn 0.1760 -0.5321 0.8282
vn 0.2616 -0.5321 0.8052
vn 0.1830 -0.4746 0.8610
vn 0.2720 -0.4746 0.8371
vn 0.1882 -0.4252 0.8853
vn 0.2797 -0.4252 0.8608
vn 0.1924 -0.3790 0.9052
vn 0.2860 -0.3790 0.8801
vn 0.1960 -0.3343 0.9219
vn 0.2912 -0.3343 0.8964
vn 0.1990 -0.2896 0.9362
vn 0.2958 -0.2896 0.9103
vn 0.2017 -0.2434 0.9487
vn 0.2997 -0.2434 0.9224
vn 0.2040 -0.1941 0.9595
vn 0.3031 -0.1941 0.9330
vn 0.2059 -0.1396 0.9686
vn 0.3060 -0.1396 0.9417
vn 0.2074 -0.0734 0.9755
vn 0.3082 -0.0734 0.9485
vn 0.4233 -0.5321 0.7332
vn 0.4977 -0.5321 0.6850
vn 0.4401 -0.4746 0.7623
vn 0.5174 -0.4746 0.7121
vn 0.4525 -0.4252 0.7838
vn 0.5320 -0.4252 0.7322
vn 0.4627 -0.3790 0.8014
vn 0.5439 -0.3790 0.7487
vn 0.4712 -0.3343 0.8162
vn 0.5540 -0.3343 0.7625
vn 0.4786 -0.2896 0.8289
vn 0.5626 -0.2896 0.7744
vn 0.4850 -0.2434 0.8400
vn 0.5701 -0.2434 0.7847
vn 0.4905 -0.1941 0.8495
vn 0.5766 -0.1941 0.7936
vn 0.4951 -0.1396 0.8575
vn 0.5820 -0.1396 0.8011
vn 0.4986 -0.0734 0.8637
vn 0.5862 -0.0734 0.8068
vn 0.6292 -0.5321 0.5665
vn 0.6850 -0.5321 0.4977
vn 0.6541 -0.4746 0.5890
vn 0.7121 -0.4746 0.5174
vn 0.6726 -0.4252 0.6056
vn 0.7322 -0.4252 0.5320
vn 0.6877 -0.3790 0.6192
vn 0.7487 -0.3790 0.5439
vn 0.7004 -0.3343 0.6306
vn 0.7625 -0.3343 0.5540
vn 0.7113 -0.2896 0.6405
vn 0.7744 -0.2896 0.5626
vn 0.7208 -0.2434 0.6490
vn 0.7847 -0.2434 0.5701
vn 0.7290 -0.1941 0.6564
vn 0.7936 -0.1941 0.5766
vn 0.7359 -0.1396 0.6626
vn 0.8011 -0.1396 0.5820
vn 0.7411 -0.0734 0.6673
vn 0.8068 -0.0734 0.5862
vn 0.7735 -0.5321 0.3444
vn 0.8052 -0.5321 0.2616
vn 0.8041 -0.4746 0.3580
vn 0.8371 -0.4746 0.2720
vn 0.8268 -0.4252 0.3681
vn 0.8608 -0.4252 0.2797
vn 0.8454 -0.3790 0.3764
vn 0.8801 -0.3790 0.2860
vn 0.8610 -0.3343 0.3833
vn 0.8964 -0.3343 0.2912
vn 0.8744 -0.2896 0.3893
vn 0.9103 -0.2896 0.2958
vn 0.8861 -0.2434 0.3945
vn 0.9224 -0.2434 0.2997
vn 0.8962 -0.1941 0.3990
vn 0.9330 -0.1941 0.3031
vn 0.9046 -0.1396 0.4028
vn 0.9417 -0.1396 0.3060
vn 0.9111 -0.0734 0.4056
vn 0.9485 -0.0734 0.3082
vn 0.8420 -0.5321 0.0885
vn 0.8467 -0.5321 -0.0000
vn 0.8754 -0.4746 0.0920
vn 0.8802 -0.4746 -0.0000
vn 0.9001 -0.4252 0.0946
vn 0.9051 -0.4252 -0.0000
vn 0.9203 -0.3790 0.0967
vn 0.9254 -0.3790 -0.0000
vn 0.9373 -0.3343 0.0985
vn 0.9425 -0.3343 -0.0000
vn 0.9519 -0.2896 0.1001
vn 0.9571 -0.2896 -0.0000
vn 0.9646 -0.2434 0.1014
vn 0.9699 -0.2434 -0.0000
vn 0.9756 -0.1941 0.1025
vn 0.9810 -0.1941 -0.0000
vn 0.9848 -0.1396 0.1035
vn 0.9902 -0.1396 -0.0000
vn 0.9918 -0.0734 0.1042
vn 0.9973 -0.0734 -0.0000
vn 0.8282 -0.5321 -0.1760
vn 0.8052 -0.5321 -0.2616
vn 0.8610 -0.4746 -0.1830
vn 0.8371 -0.4746 -0.2720
vn 0.8853 -0.4252 -0.1882
vn 0.8608 -0.4252 -0.2797
vn 0.9052 -0.3790 -0.1924
vn 0.8801 -0.3790 -0.2860
vn 0.9219 -0.3343 -0.1960
vn 0.8964 -0.3343 -0.2912
vn 0.9362 -0.2896 -0.1990
vn 0.9103 -0.2896 -0.2958
vn 0.9487 -0.2434 -0.2017
vn 0.9224 -0.2434 -0.2997
vn 0.9595 -0.1941 -0.2040
vn 0.9330 -0.1941 -0.3031
vn 0.9686 -0.1396 -0.2059
vn 0.9417 -0.1396 -0.3060
vn 0.9755 -0.0734 -0.2073
vn 0.9485 -0.0734 -0.3082
vn 0.7332 -0.5321 -0.4233
vn 0.6850 -0.5321 -0.4977
vn 0.7623 -0.4746 -0.4401
vn 0.7121 -0.4746 -0.5174
vn 0.7838 -0.4252 -0.4525
vn 0.7322 -0.4252 -0.5320
vn 0.8014 -0.3790 -0.4627
vn 0.7487 -0.3790 -0.5439
vn 0.8162 -0.3343 -0.4712
vn 0.7625 -0.3343 -0.5540
vn 0.8289 -0.2896 -0.4786
vn 0.7744 -0.2896 -0.5626
vn 0.8400 -0.2434 -0.4850
vn 0.7847 -0.2434 -0.5701
vn 0.8496 -0.1941 -0.4905
vn 0.7936 -0.1941 -0.5766
vn 0.8575 -0.1396 -0.4951
vn 0.8011 -0.1396 -0.5820
vn 0.8637 -0.0734 -0.4987
vn 0.8068 -0.0734 -0.5862
vn 0.5665 -0.5321 -0.6292
vn 0.4977 -0.5321 -0.6850
vn 0.5890 -0.4746 -0.6541
vn 0.5174 -0.4746 -0.7121
vn 0.6056 -0.4252 -0.6726
vn 0.5320 -0.4252 -0.7322
vn 0.6192 -0.3790 -0.6877
vn 0.5439 -0.3790 -0.7487
vn 0.6306 -0.3343 -0.7004
vn 0.5540 -0.3343 -0.7625
vn 0.6405 -0.2896 -0.7113
vn 0.5626 -0.2896 -0.7744
vn 0.6490 -0.2434 -0.7208
vn 0.5701 -0.2434 -0.7847
vn 0.6564 -0.1941 -0.7290
vn 0.5766 -0.1941 -0.7936
vn 0.6626 -0.1396 -0.7359
vn 0.5820 -0.1396 -0.8011
vn 0.6673 -0.0734 -0.7411
vn 0.5862 -0.0734 -0.8068
vn 0.3444 -0.5321 -0.7735
vn 0.2616 -0.5321 -0.8052
vn 0.3580 -0.4746 -0.8041
vn 0.2720 -0.4746 -0.8371
vn 0.3681 -0.4252 -0.8268
vn 0.2797 -0.4252 -0.8608
vn 0.3764 -0.3790 -0.8454
vn 0.2860 -0.3790 -0.8801
vn 0.3833 -0.3343 -0.8610
vn 0.2912 -0.3343 -0.8964
vn 0.3893 -0.2896 -0.8744
vn 0.2958 -0.2896 -0.9103
vn 0.3945 -0.2434 -0.8861
vn 0.2997 -0.2434 -0.9224
vn 0.3990 -0.1941 -0.8962
vn 0.3031 -0.1941 -0.9330
vn 0.4028 -0.1396 -0.9046
vn 0.3060 -0.1396 -0.9417
vn 0.4056 -0.0734 -0.9111
vn 0.3082 -0.0734 -0.9485
vn -0.0885 -0.5321 -0.8420
vn -0.0920 -0.4746 -0.8754
vn -0.0946 -0.4252 -0.9001
vn -0.0967 -0.3790 -0.9203
vn -0.0985 -0.3343 -0.9373
vn -0.1001 -0.2896 -0.9519
vn -0.1014 -0.2434 -0.9646
vn -0.1025 -0.1941 -0.9756
vn -0.1035 -0.1396 -0.9848
vn -0.1042 -0.0734 -0.9918
vn 0.4233 -0.5321 -0.7332
vn 0.4401 -0.4746 -0.7623
vn 0.4525 -0.4252 -0.7838
vn 0.4627 -0.3790 -0.8014
vn 0.4712 -0.3343 -0.8162
vn 0.4786 -0.2896 -0.8289
vn 0.4850 -0.2434 -0.8400
vn 0.4905 -0.1941 -0.8496
vn 0.4951 -0.1396 -0.8575
vn 0.4987 -0.0734 -0.8637
vn 0.6292 -0.5321 -0.5665
vn 0.6541 -0.4746 -0.5890
vn 0.6726 -0.4252 -0.6056
vn 0.6877 -0.3790 -0.6192
vn 0.7004 -0.3343 -0.6306
vn 0.7113 -0.2896 -0.6405
vn 0.7208 -0.2434 -0.6490
vn 0.7290 -0.1941 -0.6564
vn 0.7359 -0.1396 -0.6626
vn 0.7411 -0.0734 -0.6673
vn 0.7735 -0.5321 -0.3444
vn 0.8041 -0.4746 -0.3580
vn 0.8268 -0.4252 -0.3681
vn 0.8454 -0.3790 -0.3764
vn 0.8610 -0.3343 -0.3833
vn 0.8744 -0.2896 -0.3893
vn 0.8861 -0.2434 -0.3945
vn 0.8962 -0.1941 -0.3990
vn 0.9046 -0.1396 -0.4028
vn 0.9111 -0.0734 -0.4056
vn 0.8420 -0.5321 -0.0885
vn 0.8754 -0.4746 -0.0920
vn 0.9001 -0.4252 -0.0946
vn 0.9203 -0.3790 -0.0967
vn 0.9373 -0.3343 -0.0985
vn 0.9519 -0.2896 -0.1001
vn 0.9646 -0.2434 -0.1014
vn 0.9756 -0.1941 -0.1025
vn 0.9848 -0.1396 -0.1035
vn 0.9918 -0.0734 -0.1042
vn 0.8282 -0.5321 0.1760
vn 0.8610 -0.4746 0.1830
vn 0.8853 -0.4252 0.1882
vn 0.9052 -0.3790 0.1924
vn 0.9219 -0.3343 0.1960
vn 0.9362 -0.2896 0.1990
vn 0.9487 -0.2434 0.2017
vn 0.9595 -0.1941 0.2040
vn 0.9686 -0.1396 0.2059
vn 0.9755 -0.0734 0.2073
vn 0.7332 -0.5321 0.4233
vn 0.7623 -0.4746 0.4401
vn 0.7838 -0.4252 0.4525
vn 0.8014 -0.3790 0.4627
vn 0.8162 -0.3343 0.4712
vn 0.8289 -0.2896 0.4786
vn 0.8400 -0.2434 0.4850
vn 0.8496 -0.1941 0.4905
vn 0.8575 -0.1396 0.4951
vn 0.8637 -0.0734 0.4987
vn 0.5665 -0.5321 0.6292
vn 0.5890 -0.4746 0.6541
vn 0.6056 -0.4252 0.6726
vn 0.6192 -0.3790 0.6877
vn 0.6306 -0.3343 0.7004
vn 0.6405 -0.2896 0.7113
vn 0.6490 -0.2434 0.7208
vn 0.6564 -0.1941 0.7290
vn 0.6626 -0.1396 0.7359
vn 0.6673 -0.0734 0.7411
vn 0.3444 -0.5321 0.7735
vn 0.3580 -0.4746 0.8041
vn 0.3681 -0.4252 0.8268
vn 0.3764 -0.3790 0.8454
vn 0.3833 -0.3343 0.8610
vn 0.3893 -0.2896 0.8744
vn 0.3945 -0.2434 0.8861
vn 0.3990 -0.1941 0.8962
vn 0.4028 -0.1396 0.9046
vn 0.4056 -0.0734 0.9111
vn 0.0885 -0.5321 0.8420
vn 0.0920 -0.4746 0.8754
vn 0.0946 -0.4252 0.9001
vn 0.0967 -0.3790 0.9203
vn 0.0985 -0.3343 0.9373
vn 0.1001 -0.2896 0.9519
vn 0.1014 -0.2434 0.9646
vn 0.1025 -0.1941 0.9756
vn 0.1035 -0.1396 0.9848
vn 0.1042 -0.0734 0.9918
vn -0.1760 -0.5321 0.8282
vn -0.1830 -0.4746 0.8610
vn -0.1882 -0.4252 0.8853
vn -0.1924 -0.3790 0.9052
vn -0.1960 -0.3343 0.9219
vn -0.1990 -0.2896 0.9362
vn -0.2017 -0.2434 0.9487
vn -0.2040 -0.1941 0.9595
vn -0.2059 -0.1396 0.9686
vn -0.2073 -0.0734 0.9755
vn -0.4233 -0.5321 0.7332
vn -0.4401 -0.4746 0.7623
vn -0.4525 -0.4252 0.7838
vn -0.4627 -0.3790 0.8014
vn -0.4712 -0.3343 0.8162
vn -0.4786 -0.2896 0.8289
vn -0.4850 -0.2434 0.8400
vn -0.4905 -0.1941 0.8496
vn -0.4951 -0.1396 0.8576
vn -0.4986 -0.0734 0.8637
vn -0.6292 -0.5321 0.5665
vn -0.6541 -0.4746 0.5890
vn -0.6726 -0.4252 0.6056
vn -0.6877 -0.3790 0.6192
vn -0.7004 -0.3343 0.6306
vn -0.7113 -0.2896 0.6405
vn -0.7208 -0.2434 0.6490
vn -0.7290 -0.1941 0.6564
vn -0.7359 -0.1396 0.6626
vn -0.7411 -0.0734 0.6673
vn -0.7735 -0.5321 0.3444
vn -0.8041 -0.4746 0.3580
vn -0.8268 -0.4252 0.3681
vn -0.8454 -0.3790 0.3764
vn -0.8610 -0.3343 0.3833
vn -0.8744 -0.2896 0.3893
vn -0.8861 -0.2434 0.3945
vn -0.8962 -0.1941 0.3990
vn -0.9046 -0.1396 0.4028
vn -0.9111 -0.0734 0.4056
vn -0.8420 -0.5321 0.0885
vn -0.8754 -0.4746 0.0920
vn -0.9001 -0.4252 0.0946
vn -0.9203 -0.3790 0.0967
vn -0.9373 -0.3343 0.0985
vn -0.9519 -0.2896 0.1001
vn -0.9646 -0.2434 0.1014
vn -0.9756 -0.1941 0.1025
vn -0.9848 -0.1396 0.1035
vn -0.9918 -0.0734 0.1042
vn -0.8282 -0.5321 -0.1760
vn -0.8610 -0.4746 -0.1830
vn -0.8853 -0.4252 -0.1882
vn -0.9052 -0.3790 -0.1924
vn -0.9219 -0.3343 -0.1960
vn -0.9362 -0.2896 -0.1990
vn -0.9487 -0.2434 -0.2017
vn -0.9595 -0.1941 -0.2040
vn -0.9686 -0.1396 -0.2059
vn -0.9755 -0.0734 -0.2073
vn -0.7332 -0.5321 -0.4233
vn -0.7623 -0.4746 -0.4401
vn -0.7838 -0.4252 -0.4525
vn -0.8014 -0.3790 -0.4627
vn -0.8162 -0.3343 -0.4712
vn -0.8289 -0.2896 -0.4786
vn -0.8400 -0.2434 -0.4850
vn -0.8496 -0.1941 -0.4905
vn -0.8576 -0.1396 -0.4951
vn -0.8637 -0.0734 -0.4986
vn -0.5665 -0.5321 -0.6292
vn -0.5890 -0.4746 -0.6541
vn -0.6056 -0.4252 -0.6726
vn -0.6192 -0.3790 -0.6877
vn -0.6306 -0.3343 -0.7004
vn -0.6405 -0.2896 -0.7113
vn -0.6490 -0.2434 -0.7208
vn -0.6564 -0.1941 -0.7290
vn -0.6626 -0.1396 -0.7359
vn -0.6673 -0.0734 -0.7411
vn -0.3444 -0.5321 -0.7735
vn -0.3580 -0.4746 -0.8041
vn -0.3681 -0.4252 -0.8268
vn -0.3764 -0.3790 -0.8454
vn -0.3833 -0.3343 -0.8610
vn -0.3893 -0.2896 -0.8744
vn -0.3945 -0.2434 -0.8861
vn -0.3990 -0.1941 -0.8962
vn -0.4028 -0.1396 -0.9046
vn -0.4056 -0.0734 -0.9111
vn 0.1760 -0.5321 -0.8282
vn 0.1830 -0.4746 -0.8610
vn 0.1882 -0.4252 -0.8853
vn 0.1924 -0.3790 -0.9052
vn 0.1960 -0.3343 -0.9219
vn 0.1990 -0.2896 -0.9362
vn 0.2017 -0.2434 -0.9487
vn 0.2040 -0.1941 -0.9595
vn 0.2059 -0.1396 -0.9686
vn 0.2074 -0.0734 -0.9755
vn -0.0000 0.4801 -0.8772
vn -0.0917 0.4801 -0.8724
vn -0.0000 0.3733 -0.9277
vn -0.0970 0.3733 -0.9226
vn -0.0000 0.2650 -0.9643
vn -0.1008 0.2650 -0.9590
vn -0.0000 0.1583 -0.9874
vn -0.1032 0.1583 -0.9820
vn -0.0000 0.0526 -0.9986
vn -0.1044 0.0526 -0.9931
vn -0.0000 -0.0526 -0.9986
vn -0.1044 -0.0526 -0.9931
vn -0.0000 -0.1583 -0.9874
vn -0.1032 -0.1583 -0.9820
vn -0.0000 -0.2650 -0.9643
vn -0.1008 -0.2650 -0.9590
vn -0.0000 -0.3733 -0.9277
vn -0.0970 -0.3733 -0.9226
vn -0.0000 -0.4801 -0.8772
vn -0.0917 -0.4801 -0.8724
vn 0.3568 0.4801 -0.8014
vn 0.2711 0.4801 -0.8343
vn 0.3773 0.3733 -0.8475
vn 0.2867 0.3733 -0.8823
vn 0.3922 0.2650 -0.8809
vn 0.2980 0.2650 -0.9171
vn 0.4016 0.1583 -0.9020
vn 0.3051 0.1583 -0.9391
vn 0.4062 0.0526 -0.9123
vn 0.3086 0.0526 -0.9497
vn 0.4062 -0.0526 -0.9123
vn 0.3086 -0.0526 -0.9497
vn 0.4016 -0.1583 -0.9020
vn 0.3051 -0.1583 -0.9391
vn 0.3922 -0.2650 -0.8809
vn 0.2980 -0.2650 -0.9171
vn 0.3773 -0.3733 -0.8475
vn 0.2867 -0.3733 -0.8823
vn 0.3568 -0.4801 -0.8014
vn 0.2711 -0.4801 -0.8343
vn 0.4386 0.4801 -0.7597
vn 0.4639 0.3733 -0.8034
vn 0.4821 0.2650 -0.8351
vn 0.4937 0.1583 -0.8551
vn 0.4993 0.0526 -0.8648
vn 0.4993 -0.0526 -0.8648
vn 0.4937 -0.1583 -0.8551
vn 0.4821 -0.2650 -0.8351
vn 0.4639 -0.3733 -0.8034
vn 0.4386 -0.4801 -0.7597
vn 0.5156 0.4801 -0.7097
vn 0.5453 0.3733 -0.7505
vn 0.5668 0.2650 -0.7801
vn 0.5804 0.1583 -0.7988
vn 0.5870 0.0526 -0.8079
vn 0.5870 -0.0526 -0.8079
vn 0.5804 -0.1583 -0.7988
vn 0.5668 -0.2650 -0.7801
vn 0.5453 -0.3733 -0.7505
vn 0.5156 -0.4801 -0.7097
vn 0.5870 0.4801 -0.6519
vn 0.6208 0.3733 -0.6894
vn 0.6452 0.2650 -0.7166
vn 0.6607 0.1583 -0.7338
vn 0.6682 0.0526 -0.7421
vn 0.6682 -0.0526 -0.7421
vn 0.6607 -0.1583 -0.7338
vn 0.6452 -0.2650 -0.7166
vn 0.6208 -0.3733 -0.6894
vn 0.5870 -0.4801 -0.6519
vn 0.6519 0.4801 -0.5870
vn 0.6894 0.3733 -0.6208
vn 0.7166 0.2650 -0.6452
vn 0.7338 0.1583 -0.6607
vn 0.7421 0.0526 -0.6682
vn 0.7421 -0.0526 -0.6682
vn 0.7338 -0.1583 -0.6607
vn 0.7166 -0.2650 -0.6452
vn 0.6894 -0.3733 -0.6208
vn 0.6519 -0.4801 -0.5870
vn 0.7097 0.4801 -0.5156
vn 0.7505 0.3733 -0.5453
vn 0.7801 0.2650 -0.5668
vn 0.7988 0.1583 -0.5804
vn 0.8079 0.0526 -0.5870
vn 0.8079 -0.0526 -0.5870
vn 0.7988 -0.1583 -0.5804
vn 0.7801 -0.2650 -0.5668
vn 0.7505 -0.3733 -0.5453
vn 0.7097 -0.4801 -0.5156
vn 0.7597 0.4801 -0.4386
vn 0.8034 0.3733 -0.4639
vn 0.8351 0.2650 -0.4821
vn 0.8551 0.1583 -0.4937
vn 0.8648 0.0526 -0.4993
vn 0.8648 -0.0526 -0.4993
vn 0.8551 -0.1583 -0.4937
vn 0.8351 -0.2650 -0.4821
vn 0.8034 -0.3733 -0.4639
vn 0.7597 -0.4801 -0.4386
vn 0.8014 0.4801 -0.3568
vn 0.8475 0.3733 -0.3773
vn 0.8809 0.2650 -0.3922
vn 0.9020 0.1583 -0.4016
vn 0.9123 0.0526 -0.4062
vn 0.9123 -0.0526 -0.4062
vn 0.9020 -0.1583 -0.4016
vn 0.8809 -0.2650 -0.3922
vn 0.8475 -0.3733 -0.3773
vn 0.8014 -0.4801 -0.3568
vn 0.8343 0.4801 -0.2711
vn 0.8823 0.3733 -0.2867
vn 0.9171 0.2650 -0.2980
vn 0.9391 0.1583 -0.3051
vn 0.9497 0.0526 -0.3086
vn 0.9497 -0.0526 -0.3086
vn 0.9391 -0.1583 -0.3051
vn 0.9171 -0.2650 -0.2980
vn 0.8823 -0.3733 -0.2867
vn 0.8343 -0.4801 -0.2711
vn 0.8581 0.4801 -0.1824
vn 0.9075 0.3733 -0.1929
vn 0.9432 0.2650 -0.2005
vn 0.9658 0.1583 -0.2053
vn 0.9768 0.0526 -0.2076
vn 0.9768 -0.0526 -0.2076
vn 0.9658 -0.1583 -0.2053
vn 0.9432 -0.2650 -0.2005
vn 0.9075 -0.3733 -0.1929
vn 0.8581 -0.4801 -0.1824
vn 0.8724 0.4801 -0.0917
vn 0.9226 0.3733 -0.0970
vn 0.9590 0.2650 -0.1008
vn 0.9820 0.1583 -0.1032
vn 0.9931 0.0526 -0.1044
vn 0.9931 -0.0526 -0.1044
vn 0.9820 -0.1583 -0.1032
vn 0.9590 -0.2650 -0.1008
vn 0.9226 -0.3733 -0.0970
vn 0.8724 -0.4801 -0.0917
vn 0.8772 0.4801 -0.0000
vn 0.9277 0.3733 -0.0000
vn 0.9643 0.2650 -0.0000
vn 0.9874 0.1583 -0.0000
vn 0.9986 0.0526 -0.0000
vn 0.9986 -0.0526 -0.0000
vn 0.9874 -0.1583 -0.0000
vn 0.9643 -0.2650 -0.0000
vn 0.9277 -0.3733 -0.0000
vn 0.8772 -0.4801 -0.0000
vn 0.8724 0.4801 0.0917
vn 0.9226 0.3733 0.0970
vn 0.9590 0.2650 0.1008
vn 0.9820 0.1583 0.1032
vn 0.9931 0.0526 0.1044
vn 0.9931 -0.0526 0.1044
vn 0.9820 -0.1583 0.1032
vn 0.9590 -0.2650 0.1008
vn 0.9226 -0.3733 0.0970
vn 0.8724 -0.4801 0.0917
vn 0.8581 0.4801 0.1824
vn 0.9075 0.3733 0.1929
vn 0.9432 0.2650 0.2005
vn 0.9658 0.1583 0.2053
vn 0.9768 0.0526 0.2076
vn 0.9768 -0.0526 0.2076
vn 0.9658 -0.1583 0.2053
vn 0.9432 -0.2650 0.2005
vn 0.9075 -0.3733 0.1929
vn 0.8581 -0.4801 0.1824
vn 0.8343 0.4801 0.2711
vn 0.8823 0.3733 0.2867
vn 0.9171 0.2650 0.2980
vn 0.9391 0.1583 0.3051
vn 0.9497 0.0526 0.3086
vn 0.9497 -0.0526 0.3086
vn 0.9391 -0.1583 0.3051
vn 0.9171 -0.2650 0.2980
vn 0.8823 -0.3733 0.2867
vn 0.8343 -0.4801 0.2711
vn 0.8014 0.4801 0.3568
vn 0.8475 0.3733 0.3773
vn 0.8809 0.2650 0.3922
vn 0.9020 0.1583 0.4016
vn 0.9123 0.0526 0.4062
vn 0.9123 -0.0526 0.4062
vn 0.9020 -0.1583 0.4016
vn 0.8809 -0.2650 0.3922
vn 0.8475 -0.3733 0.3773
vn 0.8014 -0.4801 0.3568
vn 0.7597 0.4801 0.4386
vn 0.8034 0.3733 0.4639
vn 0.8351 0.2650 0.4821
vn 0.8551 0.1583 0.4937
vn 0.8648 0.0526 0.4993
vn 0.8648 -0.0526 0.4993
vn 0.8551 -0.1583 0.4937
vn 0.8351 -0.2650 0.4821
vn 0.8034 -0.3733 0.4639
vn 0.7597 -0.4801 0.4386
vn 0.7097 0.4801 0.5156
vn 0.7505 0.3733 0.5453
vn 0.7801 0.2650 0.5668
vn 0.7988 0.1583 0.5804
vn 0.8079 0.0526 0.5870
vn 0.8079 -0.0526 0.5870
vn 0.7988 -0.1583 0.5804
vn 0.7801 -0.2650 0.5668
vn 0.7505 -0.3733 0.5453
vn 0.7097 -0.4801 0.5156
vn 0.6519 0.4801 0.5870
vn 0.6894 0.3733 0.6208
vn 0.7166 0.2650 0.6452
vn 0.7338 0.1583 0.6607
vn 0.7421 0.0526 0.6682
vn 0.7421 -0.0526 0.6682
vn 0.7338 -0.1583 0.6607
vn 0.7166 -0.2650 0.6452
vn 0.6894 -0.3733 0.6208
vn 0.6519 -0.4801 0.5870
vn 0.5870 0.4801 0.6519
vn 0.6208 0.3733 0.6894
vn 0.6452 0.2650 0.7166
vn 0.6607 0.1583 0.7338
vn 0.6682 0.0526 0.7421
vn 0.6682 -0.0526 0.7421
vn 0.6607 -0.1583 0.7338
vn 0.6452 -0.2650 0.7166
vn 0.6208 -0.3733 0.6894
vn 0.5870 -0.4801 0.6519
vn 0.5156 0.4801 0.7097
vn 0.5453 0.3733 0.7505
vn 0.5668 0.2650 0.7801
vn 0.5804 0.1583 0.7988
vn 0.5870 0.0526 0.8079
vn 0.5870 -0.0526 0.8079
vn 0.5804 -0.1583 0.7988
vn 0.5668 -0.2650 0.7801
vn 0.5453 -0.3733 0.7505
vn 0.5156 -0.4801 0.7097
vn 0.4386 0.4801 0.7597
vn 0.4639 0.3733 0.8034
vn 0.4821 0.2650 0.8351
vn 0.4937 0.1583 0.8551
vn 0.4993 0.0526 0.8648
vn 0.4993 -0.0526 0.8648
vn 0.4937 -0.1583 0.8551
vn 0.4821 -0.2650 0.8351
vn 0.4639 -0.3733 0.8034
vn 0.4386 -0.4801 0.7597
vn 0.3568 0.4801 0.8014
vn 0.3773 0.3733 0.8475
vn 0.3922 0.2650 0.8809
vn 0.4016 0.1583 0.9020
vn 0.4062 0.0526 0.9123
vn 0.4062 -0.0526 0.9123
vn 0.4016 -0.1583 0.9020
vn 0.3922 -0.2650 0.8809
vn 0.3773 -0.3733 0.8475
vn 0.3568 -0.4801 0.8014
vn 0.2711 0.4801 0.8343
vn 0.2867 0.3733 0.8823
vn 0.2980 0.2650 0.9171
vn 0.3051 0.1583 0.9391
vn 0.3086 0.0526 0.9497
vn 0.3086 -0.0526 0.9497
vn 0.3051 -0.1583 0.9391
vn 0.2980 -0.2650 0.9171
vn 0.2867 -0.3733 0.8823
vn 0.2711 -0.4801 0.8343
vn 0.1824 0.4801 0.8581
vn 0.1929 0.3733 0.9075
vn 0.2005 0.2650 0.9432
vn 0.2053 0.1583 0.9658
vn 0.2076 0.0526 0.9768
vn 0.2076 -0.0526 0.9768
vn 0.2053 -0.1583 0.9658
vn 0.2005 -0.2650 0.9432
vn 0.1929 -0.3733 0.9075
vn 0.1824 -0.4801 0.8581
vn 0.0917 0.4801 0.8724
vn 0.0970 0.3733 0.9226
vn 0.1008 0.2650 0.9590
vn 0.1032 0.1583 0.9820
vn 0.1044 0.0526 0.9931
vn 0.1044 -0.0526 0.9931
vn 0.1032 -0.1583 0.9820
vn 0.1008 -0.2650 0.9590
vn 0.0970 -0.3733 0.9226
vn 0.0917 -0.4801 0.8724
vn -0.0000 0.4801 0.8772
vn -0.0000 0.3733 0.9277
vn -0.0000 0.2650 0.9643
vn -0.0000 0.1583 0.9874
vn -0.0000 0.0526 0.9986
vn -0.0000 -0.0526 0.9986
vn -0.0000 -0.1583 0.9874
vn -0.0000 -0.2650 0.9643
vn -0.0000 -0.3733 0.9277
vn -0.0000 -0.4801 0.8772
vn -0.0917 0.4801 0.8724
vn -0.0970 0.3733 0.9226
vn -0.1008 0.2650 0.9590
vn -0.1032 0.1583 0.9820
vn -0.1044 0.0526 0.9931
vn -0.1044 -0.0526 0.9931
vn -0.1032 -0.1583 0.9820
vn -0.1008 -0.2650 0.9590
vn -0.0970 -0.3733 0.9226
vn -0.0917 -0.4801 0.8724
vn -0.1824 0.4801 0.8581
vn -0.1929 0.3733 0.9075
vn -0.2005 0.2650 0.9432
vn -0.2053 0.1583 0.9658
vn -0.2076 0.0526 0.9768
vn -0.2076 -0.0526 0.9768
vn -0.2053 -0.1583 0.9658
vn -0.2005 -0.2650 0.9432
vn -0.1929 -0.3733 0.9075
vn -0.1824 -0.4801 0.8581
vn -0.2711 0.4801 0.8343
vn -0.2867 0.3733 0.8823
vn -0.2980 0.2650 0.9171
vn -0.3051 0.1583 0.9391
vn -0.3086 0.0526 0.9497
vn -0.3086 -0.0526 0.9497
vn -0.3051 -0.1583 0.9391
vn -0.2980 -0.2650 0.9171
vn -0.2867 -0.3733 0.8823
vn -0.2711 -0.4801 0.8343
vn -0.3568 0.4801 0.8014
vn -0.3773 0.3733 0.8475
vn -0.3922 0.2650 0.8809
vn -0.4016 0.1583 0.9020
vn -0.4062 0.0526 0.9123
vn -0.4062 -0.0526 0.9123
vn -0.4016 -0.1583 0.9020
vn -0.3922 -0.2650 0.8809
vn -0.3773 -0.3733 0.8475
vn -0.3568 -0.4801 0.8014
vn -0.4386 0.4801 0.7597
vn -0.4639 0.3733 0.8034
vn -0.4821 0.2650 0.8351
vn -0.4937 0.1583 0.8551
vn -0.4993 0.0526 0.8648
vn -0.4993 -0.0526 0.8648
vn -0.4937 -0.1583 0.8551
vn -0.4821 -0.2650 0.8351
vn -0.4639 -0.3733 0.8034
vn -0.4386 -0.4801 0.7597
vn -0.5156 0.4801 0.7097
vn -0.5453 0.3733 0.7505
vn -0.5668 0.2650 0.7801
vn -0.5804 0.1583 0.7988
vn -0.5870 0.0526 0.8079
vn -0.5870 -0.0526 0.8079
vn -0.5804 -0.1583 0.7988
vn -0.5668 -0.2650 0.7801
vn -0.5453 -0.3733 0.7505
vn -0.5156 -0.4801 0.7097
vn -0.5870 0.4801 0.6519
vn -0.6208 0.3733 0.6894
vn -0.6452 0.2650 0.7166
vn -0.6607 0.1583 0.7338
vn -0.6682 0.0526 0.7421
vn -0.6682 -0.0526 0.7421
vn -0.6607 -0.1583 0.7338
vn -0.6452 -0.2650 0.7166
vn -0.6208 -0.3733 0.6894
vn -0.5870 -0.4801 0.6519
vn -0.6519 0.4801 0.5870
vn -0.6894 0.3733 0.6208
vn -0.7166 0.2650 0.6452
vn -0.7338 0.1583 0.6607
vn -0.7421 0.0526 0.6682
vn -0.7421 -0.0526 0.6682
vn -0.7338 -0.1583 0.6607
vn -0.7166 -0.2650 0.6452
vn -0.6894 -0.3733 0.6208
vn -0.6519 -0.4801 0.5870
vn -0.7097 0.4801 0.5156
vn -0.7505 0.3733 0.5453
vn -0.7801 0.2650 0.5668
vn -0.7988 0.1583 0.5804
vn -0.8079 0.0526 0.5870
vn -0.8079 -0.0526 0.5870
vn -0.7988 -0.1583 0.5804
vn -0.7801 -0.2650 0.5668
vn -0.7505 -0.3733 0.5453
vn -0.7097 -0.4801 0.5156
vn -0.7597 0.4801 0.4386
vn -0.8034 0.3733 0.4639
vn -0.8351 0.2650 0.4821
vn -0.8551 0.1583 0.4937
vn -0.8648 0.0526 0.4993
vn -0.8648 -0.0526 0.4993
vn -0.8551 -0.1583 0.4937
vn -0.8351 -0.2650 0.4821
vn -0.8034 -0.3733 0.4639
vn -0.7597 -0.4801 0.4386
vn -0.8014 0.4801 0.3568
vn -0.8475 0.3733 0.3773
vn -0.8809 0.2650 0.3922
vn -0.9020 0.1583 0.4016
vn -0.9123 0.0526 0.4062
vn -0.9123 -0.0526 0.4062
vn -0.9020 -0.1583 0.4016
vn -0.8809 -0.2650 0.3922
vn -0.8475 -0.3733 0.3773
vn -0.8014 -0.4801 0.3568
vn -0.8343 0.4801 0.2711
vn -0.8823 0.3733 0.2867
vn -0.9171 0.2650 0.2980
vn -0.9391 0.1583 0.3051
vn -0.9497 0.0526 0.3086
vn -0.9497 -0.0526 0.3086
vn -0.9391 -0.1583 0.3051
vn -0.9171 -0.2650 0.2980
vn -0.8823 -0.3733 0.2867
vn -0.8343 -0.4801 0.2711
vn -0.8581 0.4801 0.1824
vn -0.9075 0.3733 0.1929
vn -0.9432 0.2650 0.2005
vn -0.9658 0.1583 0.2053
vn -0.9768 0.0526 0.2076
vn -0.9768 -0.0526 0.2076
vn -0.9658 -0.1583 0.2053
vn -0.9432 -0.2650 0.2005
vn -0.9075 -0.3733 0.1929
vn -0.8581 -0.4801 0.1824
vn -0.8724 0.4801 0.0917
vn -0.9226 0.3733 0.0970
vn -0.9590 0.2650 0.1008
vn -0.9820 0.1583 0.1032
vn -0.9931 0.0526 0.1044
vn -0.9931 -0.0526 0.1044
vn -0.9820 -0.1583 0.1032
vn -0.9590 -0.2650 0.1008
vn -0.9226 -0.3733 0.0970
vn -0.8724 -0.4801 0.0917
vn -0.8772 0.4801 -0.0000
vn -0.9277 0.3733 -0.0000
vn -0.9643 0.2650 -0.0000
vn -0.9874 0.1583 -0.0000
vn -0.9986 0.0526 -0.0000
vn -0.9986 -0.0526 -0.0000
vn -0.9874 -0.1583 -0.0000
vn -0.9643 -0.2650 -0.0000
vn -0.9277 -0.3733 -0.0000
vn -0.8772 -0.4801 -0.0000
vn -0.8724 0.4801 -0.0917
vn -0.9226 0.3733 -0.0970
vn -0.9590 0.2650 -0.1008
vn -0.9820 0.1583 -0.1032
vn -0.9931 0.0526 -0.1044
vn -0.9931 -0.0526 -0.1044
vn -0.9820 -0.1583 -0.1032
vn -0.9590 -0.2650 -0.1008
vn -0.9226 -0.3733 -0.0970
vn -0.8724 -0.4801 -0.0917
vn -0.8581 0.4801 -0.1824
vn -0.9075 0.3733 -0.1929
vn -0.9432 0.2650 -0.2005
vn -0.9658 0.1583 -0.2053
vn -0.9768 0.0526 -0.2076
vn -0.9768 -0.0526 -0.2076
vn -0.9658 -0.1583 -0.2053
vn -0.9432 -0.2650 -0.2005
vn -0.9075 -0.3733 -0.1929
vn -0.8581 -0.4801 -0.1824
vn -0.8343 0.4801 -0.2711
vn -0.8823 0.3733 -0.2867
vn -0.9171 0.2650 -0.2980
vn -0.9391 0.1583 -0.3051
vn -0.9497 0.0526 -0.3086
vn -0.9497 -0.0526 -0.3086
vn -0.9391 -0.1583 -0.3051
vn -0.9171 -0.2650 -0.2980
vn -0.8823 -0.3733 -0.2867
vn -0.8343 -0.4801 -0.2711
vn -0.8014 0.4801 -0.3568
vn -0.8475 0.3733 -0.3773
vn -0.8809 0.2650 -0.3922
vn -0.9020 0.1583 -0.4016
vn -0.9123 0.0526 -0.4062
vn -0.9123 -0.0526 -0.4062
vn -0.9020 -0.1583 -0.4016
vn -0.8809 -0.2650 -0.3922
vn -0.8475 -0.3733 -0.3773
vn -0.8014 -0.4801 -0.3568
vn -0.7597 0.4801 -0.4386
vn -0.8034 0.3733 -0.4639
vn -0.8351 0.2650 -0.4821
vn -0.8551 0.1583 -0.4937
vn -0.8648 0.0526 -0.4993
vn -0.8648 -0.0526 -0.4993
vn -0.8551 -0.1583 -0.4937
vn -0.8351 -0.2650 -0.4821
vn -0.8034 -0.3733 -0.4639
vn -0.7597 -0.4801 -0.4386
vn -0.7097 0.4801 -0.5156
vn -0.7505 0.3733 -0.5453
vn -0.7801 0.2650 -0.5668
vn -0.7988 0.1583 -0.5804
vn -0.8079 0.0526 -0.5870
vn -0.8079 -0.0526 -0.5870
vn -0.7988 -0.1583 -0.5804
vn -0.7801 -0.2650 -0.5668
vn -0.7506 -0.3733 -0.5453
vn -0.7097 -0.4801 -0.5156
vn -0.6519 0.4801 -0.5870
vn -0.6894 0.3733 -0.6208
vn -0.7166 0.2650 -0.6452
vn -0.7338 0.1583 -0.6607
vn -0.7421 0.0526 -0.6682
vn -0.7421 -0.0526 -0.6682
vn -0.7338 -0.1583 -0.6607
vn -0.7166 -0.2650 -0.6452
vn -0.6894 -0.3733 -0.6208
vn -0.6519 -0.4801 -0.5870
vn -0.5870 0.4801 -0.6519
vn -0.6208 0.3733 -0.6894
vn -0.6452 0.2650 -0.7166
vn -0.6607 0.1583 -0.7338
vn -0.6682 0.0526 -0.7421
vn -0.6682 -0.0526 -0.7421
vn -0.6607 -0.1583 -0.7338
vn -0.6452 -0.2650 -0.7166
vn -0.6208 -0.3733 -0.6894
vn -0.5870 -0.4801 -0.6519
vn -0.5156 0.4801 -0.7097
vn -0.5453 0.3733 -0.7505
vn -0.5668 0.2650 -0.7801
vn -0.5804 0.1583 -0.7988
vn -0.5870 0.0526 -0.8079
vn -0.5870 -0.0526 -0.8079
vn -0.5804 -0.1583 -0.7988
vn -0.5668 -0.2650 -0.7801
vn -0.5453 -0.3733 -0.7505
vn -0.5156 -0.4801 -0.7097
vn -0.4386 0.4801 -0.7597
vn -0.4639 0.3733 -0.8034
vn -0.4821 0.2650 -0.8351
vn -0.4937 0.1583 -0.8551
vn -0.4993 0.0526 -0.8648
vn -0.4993 -0.0526 -0.8648
vn -0.4937 -0.1583 -0.8551
vn -0.4821 -0.2650 -0.8351
vn -0.4639 -0.3733 -0.8034
vn -0.4386 -0.4801 -0.7597
vn -0.3568 0.4801 -0.8014
vn -0.3773 0.3733 -0.8475
vn -0.3922 0.2650 -0.8809
vn -0.4016 0.1583 -0.9020
vn -0.4062 0.0526 -0.9123
vn -0.4062 -0.0526 -0.9123
vn -0.4016 -0.1583 -0.9020
vn -0.3922 -0.2650 -0.8809
vn -0.3773 -0.3733 -0.8475
vn -0.3568 -0.4801 -0.8014
vn -0.2711 0.4801 -0.8343
vn -0.2867 0.3733 -0.8823
vn -0.2980 0.2650 -0.9171
vn -0.3051 0.1583 -0.9391
vn -0.3086 0.0526 -0.9497
vn -0.3086 -0.0526 -0.9497
vn -0.3051 -0.1583 -0.9391
vn -0.2980 -0.2650 -0.9171
vn -0.2867 -0.3733 -0.8823
vn -0.2711 -0.4801 -0.8343
vn -0.1824 0.4801 -0.8581
vn -0.1929 0.3733 -0.9075
vn -0.2005 0.2650 -0.9432
vn -0.2053 0.1583 -0.9658
vn -0.2076 0.0526 -0.9768
vn -0.2076 -0.0526 -0.9768
vn -0.2053 -0.1583 -0.9658
vn -0.2005 -0.2650 -0.9432
vn -0.1929 -0.3733 -0.9075
vn -0.1824 -0.4801 -0.8581
vn 0.1824 0.4801 -0.8581
vn 0.1929 0.3733 -0.9075
vn 0.2005 0.2650 -0.9432
vn 0.2053 0.1583 -0.9658
vn 0.2076 0.0526 -0.9768
vn 0.2076 -0.0526 -0.9768
vn 0.2053 -0.1583 -0.9658
vn 0.2005 -0.2650 -0.9432
vn 0.1929 -0.3733 -0.9075
vn 0.1824 -0.4801 -0.8581
vn 0.0917 0.4801 -0.8724
vn 0.0970 0.3733 -0.9226
vn 0.1008 0.2650 -0.9590
vn 0.1032 0.1583 -0.9820
vn 0.1044 0.0526 -0.9931
vn 0.1044 -0.0526 -0.9931
vn 0.1032 -0.1583 -0.9820
vn 0.1008 -0.2650 -0.9590
vn 0.0970 -0.3733 -0.9226
vn 0.0917 -0.4801 -0.8724
vn -0.3357 -0.5648 0.7539
vn -0.4126 -0.5648 0.7147
vn -0.4028 -0.5925 0.6977
vn -0.3277 -0.5925 0.7359
vn -0.0912 -0.4882 0.8679
vn -0.1814 -0.4882 0.8537
vn -0.1799 -0.5014 0.8463
vn -0.0904 -0.5014 0.8605
vn -0.2697 -0.4882 0.8300
vn -0.2674 -0.5014 0.8228
vn -0.3550 -0.4882 0.7973
vn -0.3519 -0.5014 0.7904
vn -0.4364 -0.4882 0.7558
vn -0.4326 -0.5014 0.7493
vn -0.5130 -0.4882 0.7060
vn -0.5085 -0.5014 0.7000
vn -0.5840 -0.4882 0.6486
vn -0.5789 -0.5014 0.6430
vn -0.6486 -0.4882 0.5840
vn -0.6430 -0.5014 0.5789
vn -0.7060 -0.4882 0.5130
vn -0.7000 -0.5014 0.5085
vn -0.7558 -0.4882 0.4364
vn -0.7493 -0.5014 0.4326
vn -0.7973 -0.4882 0.3550
vn -0.7904 -0.5014 0.3519
vn -0.8300 -0.4882 0.2697
vn -0.8228 -0.5014 0.2674
vn -0.8537 -0.4882 0.1814
vn -0.8463 -0.5014 0.1799
vn -0.8679 -0.4882 0.0912
vn -0.8605 -0.5014 0.0904
vn -0.8727 -0.4882 -0.0000
vn -0.8652 -0.5014 -0.0000
vn -0.8679 -0.4882 -0.0912
vn -0.8605 -0.5014 -0.0904
vn -0.8537 -0.4882 -0.1814
vn -0.8463 -0.5014 -0.1799
vn -0.8300 -0.4882 -0.2697
vn -0.8228 -0.5014 -0.2674
vn -0.7973 -0.4882 -0.3550
vn -0.7904 -0.5014 -0.3519
vn -0.7558 -0.4882 -0.4364
vn -0.7493 -0.5014 -0.4326
vn -0.7060 -0.4882 -0.5130
vn -0.7000 -0.5014 -0.5085
vn -0.6486 -0.4882 -0.5840
vn -0.6430 -0.5014 -0.5789
vn -0.5840 -0.4882 -0.6486
vn -0.5789 -0.5014 -0.6430
vn -0.5130 -0.4882 -0.7060
vn -0.5085 -0.5014 -0.7000
vn -0.4364 -0.4882 -0.7558
vn -0.4326 -0.5014 -0.7493
vn -0.3550 -0.4882 -0.7973
vn -0.3519 -0.5014 -0.7904
vn -0.2697 -0.4882 -0.8300
vn -0.2674 -0.5014 -0.8228
vn -0.1815 -0.4882 -0.8537
vn -0.1799 -0.5014 -0.8463
vn -0.0912 -0.4882 -0.8679
vn -0.0904 -0.5014 -0.8605
vn -0.0000 -0.4882 -0.8727
vn -0.0000 -0.5014 -0.8652
vn 0.0912 -0.4882 -0.8679
vn 0.0904 -0.5014 -0.8605
vn 0.1814 -0.4882 -0.8537
vn 0.1799 -0.5014 -0.8463
vn 0.2697 -0.4882 -0.8300
vn 0.2674 -0.5014 -0.8228
vn 0.3550 -0.4882 -0.7973
vn 0.3519 -0.5014 -0.7904
vn 0.4364 -0.4882 -0.7558
vn 0.4326 -0.5014 -0.7493
vn 0.5130 -0.4882 -0.7061
vn 0.5085 -0.5014 -0.7000
vn 0.5840 -0.4882 -0.6486
vn 0.5789 -0.5014 -0.6430
vn 0.6486 -0.4882 -0.5840
vn 0.6430 -0.5014 -0.5789
vn 0.7060 -0.4882 -0.5130
vn 0.7000 -0.5014 -0.5085
vn 0.7558 -0.4882 -0.4364
vn 0.7493 -0.5014 -0.4326
vn 0.7973 -0.4882 -0.3550
vn 0.7904 -0.5014 -0.3519
vn 0.8300 -0.4882 -0.2697
vn 0.8228 -0.5014 -0.2674
vn 0.8537 -0.4882 -0.1815
vn 0.8463 -0.5014 -0.1799
vn 0.8679 -0.4882 -0.0912
vn 0.8605 -0.5014 -0.0904
vn 0.8727 -0.4882 -0.0000
vn 0.8652 -0.5014 -0.0000
vn 0.8679 -0.4882 0.0912
vn 0.8605 -0.5014 0.0904
vn 0.8537 -0.4882 0.1814
vn 0.8463 -0.5014 0.1799
vn 0.8300 -0.4882 0.2697
vn 0.8228 -0.5014 0.2674
vn 0.7973 -0.4882 0.3550
vn 0.7904 -0.5014 0.3519
vn 0.7558 -0.4882 0.4364
vn 0.7493 -0.5014 0.4326
vn 0.7061 -0.4882 0.5130
vn 0.7000 -0.5014 0.5085
vn 0.6486 -0.4882 0.5840
vn 0.6430 -0.5014 0.5789
vn 0.5840 -0.4882 0.6486
vn 0.5789 -0.5014 0.6430
vn 0.5130 -0.4882 0.7060
vn 0.5085 -0.5014 0.7000
vn 0.4364 -0.4882 0.7558
vn 0.4326 -0.5014 0.7493
vn 0.3550 -0.4882 0.7973
vn 0.3519 -0.5014 0.7904
vn 0.2697 -0.4882 0.8300
vn 0.2674 -0.5014 0.8228
vn 0.1815 -0.4882 0.8537
vn 0.1799 -0.5014 0.8463
vn 0.3357 -0.5648 0.7539
vn 0.2550 -0.5648 0.7849
vn 0.2489 -0.5925 0.7662
vn 0.3277 -0.5925 0.7359
vn 0.0912 -0.4882 0.8679
vn 0.0904 -0.5014 0.8605
vn -0.0000 -0.4882 0.8727
vn -0.0000 -0.5014 0.8652
vn -0.0863 -0.5648 0.8207
vn -0.1716 -0.5648 0.8072
vn -0.1675 -0.5925 0.7880
vn -0.0842 -0.5925 0.8012
vn 0.0863 -0.5648 0.8207
vn -0.0000 -0.5648 0.8253
vn -0.0000 -0.5925 0.8056
vn 0.0842 -0.5925 0.8012
vn -0.1699 0.5766 0.7992
vn -0.2525 0.5766 0.7771
vn -0.2550 0.5648 0.7849
vn -0.1716 0.5648 0.8072
vn 0.5522 -0.5648 0.6133
vn 0.4851 -0.5648 0.6676
vn 0.4735 -0.5925 0.6517
vn 0.5390 -0.5925 0.5987
vn 0.1716 -0.5648 0.8072
vn 0.1675 -0.5925 0.7880
vn 0.7147 -0.5648 0.4126
vn 0.6677 -0.5648 0.4851
vn 0.6517 -0.5925 0.4735
vn 0.6977 -0.5925 0.4028
vn 0.4126 -0.5648 0.7147
vn 0.4028 -0.5925 0.6977
vn 0.8072 -0.5648 0.1716
vn 0.7849 -0.5648 0.2550
vn 0.7662 -0.5925 0.2489
vn 0.7880 -0.5925 0.1675
vn 0.6133 -0.5648 0.5522
vn 0.5987 -0.5925 0.5390
vn 0.8207 -0.5648 -0.0863
vn 0.8253 -0.5648 -0.0000
vn 0.8056 -0.5925 -0.0000
vn 0.8012 -0.5925 -0.0842
vn 0.7539 -0.5648 0.3357
vn 0.7359 -0.5925 0.3277
vn 0.7539 -0.5648 -0.3357
vn 0.7849 -0.5648 -0.2550
vn 0.7662 -0.5925 -0.2489
vn 0.7359 -0.5925 -0.3277
vn 0.8207 -0.5648 0.0863
vn 0.8012 -0.5925 0.0842
vn 0.6133 -0.5648 -0.5522
vn 0.6676 -0.5648 -0.4851
vn 0.6517 -0.5925 -0.4735
vn 0.5987 -0.5925 -0.5390
vn 0.8072 -0.5648 -0.1716
vn 0.7880 -0.5925 -0.1675
vn 0.4126 -0.5648 -0.7147
vn 0.4851 -0.5648 -0.6676
vn 0.4735 -0.5925 -0.6517
vn 0.4028 -0.5925 -0.6977
vn 0.7147 -0.5648 -0.4126
vn 0.6977 -0.5925 -0.4028
vn 0.1716 -0.5648 -0.8072
vn 0.2550 -0.5648 -0.7849
vn 0.2489 -0.5925 -0.7662
vn 0.1675 -0.5925 -0.7880
vn 0.5522 -0.5648 -0.6133
vn 0.5390 -0.5925 -0.5987
vn -0.0863 -0.5648 -0.8207
vn -0.0000 -0.5648 -0.8253
vn -0.0000 -0.5925 -0.8056
vn -0.0842 -0.5925 -0.8012
vn 0.3357 -0.5648 -0.7539
vn 0.3277 -0.5925 -0.7359
vn -0.3357 -0.5648 -0.7539
vn -0.2550 -0.5648 -0.7849
vn -0.2489 -0.5925 -0.7662
vn -0.3277 -0.5925 -0.7359
vn 0.0863 -0.5648 -0.8207
vn 0.0842 -0.5925 -0.8012
vn -0.5522 -0.5648 -0.6133
vn -0.4851 -0.5648 -0.6676
vn -0.4735 -0.5925 -0.6517
vn -0.5390 -0.5925 -0.5987
vn -0.1716 -0.5648 -0.8072
vn -0.1675 -0.5925 -0.7880
vn -0.7147 -0.5648 -0.4126
vn -0.6676 -0.5648 -0.4851
vn -0.6517 -0.5925 -0.4735
vn -0.6977 -0.5925 -0.4028
vn -0.4126 -0.5648 -0.7147
vn -0.4028 -0.5925 -0.6977
vn -0.8072 -0.5648 -0.1716
vn -0.7849 -0.5648 -0.2550
vn -0.7662 -0.5925 -0.2489
vn -0.7880 -0.5925 -0.1675
vn -0.6133 -0.5648 -0.5522
vn -0.5987 -0.5925 -0.5390
vn -0.8207 -0.5648 0.0863
vn -0.8253 -0.5648 -0.0000
vn -0.8056 -0.5925 -0.0000
vn -0.8012 -0.5925 0.0842
vn -0.7539 -0.5648 -0.3357
vn -0.7359 -0.5925 -0.3277
vn -0.7539 -0.5648 0.3357
vn -0.7849 -0.5648 0.2550
vn -0.7662 -0.5925 0.2489
vn -0.7359 -0.5925 0.3277
vn -0.8207 -0.5648 -0.0863
vn -0.8012 -0.5925 -0.0842
vn -0.6133 -0.5648 0.5522
vn -0.6676 -0.5648 0.4851
vn -0.6517 -0.5925 0.4735
vn -0.5987 -0.5925 0.5390
vn -0.8072 -0.5648 0.1716
vn -0.7880 -0.5925 0.1675
vn -0.4851 -0.5648 0.6676
vn -0.4735 -0.5925 0.6517
vn -0.7147 -0.5648 0.4126
vn -0.6977 -0.5925 0.4028
vn -0.2550 -0.5648 0.7849
vn -0.2489 -0.5925 0.7662
vn -0.5522 -0.5648 0.6133
vn -0.5390 -0.5925 0.5987
vn -0.0000 0.9964 -0.0843
vn -0.0088 0.9964 -0.0838
vn -0.0175 0.9964 -0.0824
vn -0.0260 0.9964 -0.0802
vn -0.0343 0.9964 -0.0770
vn -0.0421 0.9964 -0.0730
vn -0.0495 0.9964 -0.0682
vn -0.0564 0.9964 -0.0626
vn -0.0626 0.9964 -0.0564
vn -0.0682 0.9964 -0.0495
vn -0.0730 0.9964 -0.0421
vn -0.0770 0.9964 -0.0343
vn -0.0802 0.9964 -0.0260
vn -0.0824 0.9964 -0.0175
vn -0.0838 0.9964 -0.0088
vn -0.0843 0.9964 -0.0000
vn -0.0838 0.9964 0.0088
vn -0.0824 0.9964 0.0175
vn -0.0802 0.9964 0.0260
vn -0.0770 0.9964 0.0343
vn -0.0730 0.9964 0.0421
vn -0.0682 0.9964 0.0495
vn -0.0626 0.9964 0.0564
vn -0.0564 0.9964 0.0626
vn -0.0495 0.9964 0.0682
vn -0.0421 0.9964 0.0730
vn -0.0343 0.9964 0.0770
vn -0.0260 0.9964 0.0802
vn -0.0175 0.9964 0.0824
vn -0.0088 0.9964 0.0838
vn -0.0000 0.9964 0.0843
vn 0.0088 0.9964 0.0838
vn 0.0175 0.9964 0.0824
vn 0.0260 0.9964 0.0802
vn 0.0343 0.9964 0.0770
vn 0.0421 0.9964 0.0730
vn 0.0495 0.9964 0.0682
vn 0.0564 0.9964 0.0626
vn 0.0626 0.9964 0.0564
vn 0.0682 0.9964 0.0495
vn 0.0730 0.9964 0.0421
vn 0.0770 0.9964 0.0343
vn 0.0802 0.9964 0.0260
vn 0.0824 0.9964 0.0175
vn 0.0838 0.9964 0.0088
vn 0.0843 0.9964 -0.0000
vn 0.0838 0.9964 -0.0088
vn 0.0824 0.9964 -0.0175
vn 0.0802 0.9964 -0.0260
vn 0.0770 0.9964 -0.0343
vn 0.0730 0.9964 -0.0421
vn 0.0682 0.9964 -0.0495
vn 0.0626 0.9964 -0.0564
vn 0.0564 0.9964 -0.0626
vn 0.0495 0.9964 -0.0682
vn 0.0421 0.9964 -0.0730
vn 0.0343 0.9964 -0.0770
vn 0.0260 0.9964 -0.0802
vn 0.0175 0.9964 -0.0824
vn 0.0088 0.9964 -0.0838
vn -0.0000 -0.3950 0.9187
vn -0.0960 -0.3950 0.9137
vn -0.0000 -0.2469 0.9690
vn -0.1013 -0.2469 0.9637
vn -0.0000 -0.0646 0.9979
vn -0.1043 -0.0646 0.9924
vn -0.0000 0.1495 0.9888
vn -0.1034 0.1495 0.9833
vn -0.0000 0.3795 0.9252
vn -0.0967 0.3795 0.9201
vn -0.0000 0.6253 0.7804
vn -0.0816 0.6253 0.7761
vn -0.0000 0.8849 0.4658
vn -0.0487 0.8849 0.4632
vn -0.0000 0.9991 0.0417
vn -0.0044 0.9991 0.0415
vn -0.0000 0.9761 -0.2175
vn 0.0227 0.9761 -0.2163
vn -0.0000 0.9742 -0.2259
vn 0.0236 0.9742 -0.2246
vn -0.1910 -0.3950 0.8986
vn -0.2015 -0.2469 0.9479
vn -0.2075 -0.0646 0.9761
vn -0.2056 0.1495 0.9671
vn -0.1924 0.3795 0.9050
vn -0.1623 0.6253 0.7633
vn -0.0968 0.8849 0.4556
vn -0.0087 0.9991 0.0408
vn 0.0452 0.9761 -0.2128
vn 0.0470 0.9742 -0.2209
vn -0.2839 -0.3950 0.8737
vn -0.2994 -0.2469 0.9216
vn -0.3084 -0.0646 0.9491
vn -0.3055 0.1495 0.9404
vn -0.2859 0.3795 0.8799
vn -0.2412 0.6253 0.7422
vn -0.1439 0.8849 0.4430
vn -0.0129 0.9991 0.0397
vn 0.0672 0.9761 -0.2069
vn 0.0698 0.9742 -0.2148
vn -0.3737 -0.3950 0.8393
vn -0.3941 -0.2469 0.8853
vn -0.4059 -0.0646 0.9116
vn -0.4022 0.1495 0.9033
vn -0.3763 0.3795 0.8452
vn -0.3174 0.6253 0.7129
vn -0.1894 0.8849 0.4255
vn -0.0170 0.9991 0.0381
vn 0.0885 0.9761 -0.1987
vn 0.0919 0.9742 -0.2064
vn -0.4593 -0.3950 0.7956
vn -0.4845 -0.2469 0.8392
vn -0.4990 -0.0646 0.8642
vn -0.4944 0.1495 0.8563
vn -0.4626 0.3795 0.8012
vn -0.3902 0.6253 0.6758
vn -0.2329 0.8849 0.4034
vn -0.0209 0.9991 0.0361
vn 0.1088 0.9761 -0.1884
vn 0.1129 0.9742 -0.1956
vn -0.5400 -0.3950 0.7432
vn -0.5696 -0.2469 0.7840
vn -0.5866 -0.0646 0.8073
vn -0.5812 0.1495 0.7999
vn -0.5438 0.3795 0.7485
vn -0.4587 0.6253 0.6314
vn -0.2738 0.8849 0.3768
vn -0.0245 0.9991 0.0338
vn 0.1279 0.9761 -0.1760
vn 0.1328 0.9742 -0.1827
vn -0.6147 -0.3950 0.6827
vn -0.6484 -0.2469 0.7201
vn -0.6677 -0.0646 0.7416
vn -0.6616 0.1495 0.7348
vn -0.6191 0.3795 0.6876
vn -0.5222 0.6253 0.5799
vn -0.3117 0.8849 0.3461
vn -0.0279 0.9991 0.0310
vn 0.1455 0.9761 -0.1616
vn 0.1511 0.9742 -0.1679
vn -0.6827 -0.3950 0.6147
vn -0.7201 -0.2469 0.6484
vn -0.7416 -0.0646 0.6677
vn -0.7348 0.1495 0.6616
vn -0.6876 0.3795 0.6191
vn -0.5799 0.6253 0.5222
vn -0.3461 0.8849 0.3117
vn -0.0310 0.9991 0.0279
vn 0.1616 0.9761 -0.1455
vn 0.1679 0.9742 -0.1511
vn -0.7432 -0.3950 0.5400
vn -0.7840 -0.2469 0.5696
vn -0.8073 -0.0646 0.5866
vn -0.7999 0.1495 0.5812
vn -0.7485 0.3795 0.5438
vn -0.6314 0.6253 0.4587
vn -0.3768 0.8849 0.2738
vn -0.0338 0.9991 0.0245
vn 0.1760 0.9761 -0.1279
vn 0.1827 0.9742 -0.1328
vn -0.7956 -0.3950 0.4593
vn -0.8392 -0.2469 0.4845
vn -0.8642 -0.0646 0.4990
vn -0.8563 0.1495 0.4944
vn -0.8012 0.3795 0.4626
vn -0.6758 0.6253 0.3902
vn -0.4034 0.8849 0.2329
vn -0.0361 0.9991 0.0209
vn 0.1884 0.9761 -0.1088
vn 0.1956 0.9742 -0.1129
vn -0.8393 -0.3950 0.3737
vn -0.8853 -0.2469 0.3941
vn -0.9116 -0.0646 0.4059
vn -0.9033 0.1495 0.4022
vn -0.8452 0.3795 0.3763
vn -0.7129 0.6253 0.3174
vn -0.4255 0.8849 0.1894
vn -0.0381 0.9991 0.0170
vn 0.1987 0.9761 -0.0885
vn 0.2064 0.9742 -0.0919
vn -0.8737 -0.3950 0.2839
vn -0.9216 -0.2469 0.2994
vn -0.9491 -0.0646 0.3084
vn -0.9404 0.1495 0.3055
vn -0.8799 0.3795 0.2859
vn -0.7422 0.6253 0.2412
vn -0.4430 0.8849 0.1439
vn -0.0397 0.9991 0.0129
vn 0.2069 0.9761 -0.0672
vn 0.2148 0.9742 -0.0698
vn -0.8986 -0.3950 0.1910
vn -0.9479 -0.2469 0.2015
vn -0.9761 -0.0646 0.2075
vn -0.9671 0.1495 0.2056
vn -0.9050 0.3795 0.1924
vn -0.7633 0.6253 0.1623
vn -0.4556 0.8849 0.0968
vn -0.0408 0.9991 0.0087
vn 0.2128 0.9761 -0.0452
vn 0.2209 0.9742 -0.0470
vn -0.9137 -0.3950 0.0960
vn -0.9637 -0.2469 0.1013
vn -0.9924 -0.0646 0.1043
vn -0.9833 0.1495 0.1034
vn -0.9201 0.3795 0.0967
vn -0.7761 0.6253 0.0816
vn -0.4632 0.8849 0.0487
vn -0.0415 0.9991 0.0044
vn 0.2163 0.9761 -0.0227
vn 0.2246 0.9742 -0.0236
vn -0.9187 -0.3950 -0.0000
vn -0.9690 -0.2469 -0.0000
vn -0.9979 -0.0646 -0.0000
vn -0.9888 0.1495 -0.0000
vn -0.9252 0.3795 -0.0000
vn -0.7804 0.6253 -0.0000
vn -0.4658 0.8849 -0.0000
vn -0.0417 0.9991 -0.0000
vn 0.2175 0.9761 -0.0000
vn 0.2259 0.9742 -0.0000
vn -0.9137 -0.3950 -0.0960
vn -0.9637 -0.2469 -0.1013
vn -0.9924 -0.0646 -0.1043
vn -0.9833 0.1495 -0.1034
vn -0.9201 0.3795 -0.0967
vn -0.7761 0.6253 -0.0816
vn -0.4632 0.8849 -0.0487
vn -0.0415 0.9991 -0.0044
vn 0.2163 0.9761 0.0227
vn 0.2246 0.9742 0.0236
vn -0.8986 -0.3950 -0.1910
vn -0.9479 -0.2469 -0.2015
vn -0.9761 -0.0646 -0.2075
vn -0.9671 0.1495 -0.2056
vn -0.9050 0.3795 -0.1924
vn -0.7633 0.6253 -0.1623
vn -0.4556 0.8849 -0.0968
vn -0.0408 0.9991 -0.0087
vn 0.2128 0.9761 0.0452
vn 0.2209 0.9742 0.0470
vn -0.8737 -0.3950 -0.2839
vn -0.9216 -0.2469 -0.2994
vn -0.9491 -0.0646 -0.3084
vn -0.9404 0.1495 -0.3055
vn -0.8799 0.3795 -0.2859
vn -0.7422 0.6253 -0.2412
vn -0.4430 0.8849 -0.1439
vn -0.0397 0.9991 -0.0129
vn 0.2069 0.9761 0.0672
vn 0.2148 0.9742 0.0698
vn -0.8393 -0.3950 -0.3737
vn -0.8853 -0.2469 -0.3941
vn -0.9116 -0.0646 -0.4059
vn -0.9033 0.1495 -0.4022
vn -0.8452 0.3795 -0.3763
vn -0.7129 0.6253 -0.3174
vn -0.4255 0.8849 -0.1894
vn -0.0381 0.9991 -0.0170
vn 0.1987 0.9761 0.0885
vn 0.2064 0.9742 0.0919
vn -0.7956 -0.3950 -0.4593
vn -0.8392 -0.2469 -0.4845
vn -0.8642 -0.0646 -0.4990
vn -0.8563 0.1495 -0.4944
vn -0.8012 0.3795 -0.4626
vn -0.6758 0.6253 -0.3902
vn -0.4034 0.8849 -0.2329
vn -0.0361 0.9991 -0.0209
vn 0.1884 0.9761 0.1088
vn 0.1956 0.9742 0.1129
vn -0.7432 -0.3950 -0.5400
vn -0.7840 -0.2469 -0.5696
vn -0.8073 -0.0646 -0.5866
vn -0.7999 0.1495 -0.5812
vn -0.7485 0.3795 -0.5438
vn -0.6314 0.6253 -0.4587
vn -0.3768 0.8849 -0.2738
vn -0.0337 0.9991 -0.0245
vn 0.1760 0.9761 0.1279
vn 0.1827 0.9742 0.1328
vn -0.6827 -0.3950 -0.6147
vn -0.7201 -0.2469 -0.6484
vn -0.7416 -0.0646 -0.6677
vn -0.7348 0.1495 -0.6616
vn -0.6876 0.3795 -0.6191
vn -0.5799 0.6253 -0.5222
vn -0.3461 0.8849 -0.3117
vn -0.0310 0.9991 -0.0279
vn 0.1616 0.9761 0.1455
vn 0.1679 0.9742 0.1511
vn -0.6147 -0.3950 -0.6827
vn -0.6484 -0.2469 -0.7201
vn -0.6677 -0.0646 -0.7416
vn -0.6616 0.1495 -0.7348
vn -0.6191 0.3795 -0.6876
vn -0.5222 0.6253 -0.5799
vn -0.3117 0.8849 -0.3461
vn -0.0279 0.9991 -0.0310
vn 0.1455 0.9761 0.1616
vn 0.1511 0.9742 0.1679
vn -0.5400 -0.3950 -0.7432
vn -0.5696 -0.2469 -0.7840
vn -0.5866 -0.0646 -0.8073
vn -0.5812 0.1495 -0.7999
vn -0.5438 0.3795 -0.7485
vn -0.4587 0.6253 -0.6313
vn -0.2738 0.8849 -0.3768
vn -0.0245 0.9991 -0.0338
vn 0.1279 0.9761 0.1760
vn 0.1328 0.9742 0.1827
vn -0.4593 -0.3950 -0.7956
vn -0.4845 -0.2469 -0.8392
vn -0.4990 -0.0646 -0.8642
vn -0.4944 0.1495 -0.8563
vn -0.4626 0.3795 -0.8012
vn -0.3902 0.6253 -0.6758
vn -0.2329 0.8849 -0.4034
vn -0.0209 0.9991 -0.0361
vn 0.1088 0.9761 0.1884
vn 0.1129 0.9742 0.1956
vn -0.3737 -0.3950 -0.8393
vn -0.3941 -0.2469 -0.8853
vn -0.4059 -0.0646 -0.9116
vn -0.4022 0.1495 -0.9033
vn -0.3763 0.3795 -0.8452
vn -0.3174 0.6253 -0.7129
vn -0.1894 0.8849 -0.4255
vn -0.0170 0.9991 -0.0381
vn 0.0885 0.9761 0.1987
vn 0.0919 0.9742 0.2064
vn -0.2839 -0.3950 -0.8737
vn -0.2994 -0.2469 -0.9216
vn -0.3084 -0.0646 -0.9491
vn -0.3055 0.1495 -0.9404
vn -0.2859 0.3795 -0.8799
vn -0.2412 0.6253 -0.7422
vn -0.1439 0.8849 -0.4430
vn -0.0129 0.9991 -0.0397
vn 0.0672 0.9761 0.2069
vn 0.0698 0.9742 0.2148
vn -0.1910 -0.3950 -0.8986
vn -0.2015 -0.2469 -0.9479
vn -0.2075 -0.0646 -0.9761
vn -0.2056 0.1495 -0.9671
vn -0.1924 0.3795 -0.9050
vn -0.1623 0.6253 -0.7633
vn -0.0968 0.8849 -0.4556
vn -0.0087 0.9991 -0.0408
vn 0.0452 0.9761 0.2128
vn 0.0470 0.9742 0.2209
vn -0.0960 -0.3950 -0.9137
vn -0.1013 -0.2469 -0.9637
vn -0.1043 -0.0646 -0.9924
vn -0.1034 0.1495 -0.9833
vn -0.0967 0.3795 -0.9201
vn -0.0816 0.6253 -0.7761
vn -0.0487 0.8849 -0.4632
vn -0.0044 0.9991 -0.0415
vn 0.0227 0.9761 0.2163
vn 0.0236 0.9742 0.2246
vn -0.0000 -0.3950 -0.9187
vn -0.0000 -0.2469 -0.9690
vn -0.0000 -0.0646 -0.9979
vn -0.0000 0.1495 -0.9888
vn -0.0000 0.3795 -0.9252
vn -0.0000 0.6253 -0.7804
vn -0.0000 0.8849 -0.4658
vn -0.0000 0.9991 -0.0417
vn -0.0000 0.9761 0.2175
vn -0.0000 0.9742 0.2259
vn 0.0960 -0.3950 -0.9137
vn 0.1013 -0.2469 -0.9637
vn 0.1043 -0.0646 -0.9924
vn 0.1034 0.1495 -0.9833
vn 0.0967 0.3795 -0.9201
vn 0.0816 0.6253 -0.7761
vn 0.0487 0.8849 -0.4632
vn 0.0044 0.9991 -0.0415
vn -0.0227 0.9761 0.2163
vn -0.0236 0.9742 0.2246
vn 0.1910 -0.3950 -0.8986
vn 0.2015 -0.2469 -0.9479
vn 0.2075 -0.0646 -0.9761
vn 0.2056 0.1495 -0.9671
vn 0.1924 0.3795 -0.9050
vn 0.1623 0.6253 -0.7633
vn 0.0968 0.8849 -0.4556
vn 0.0087 0.9991 -0.0408
vn -0.0452 0.9761 0.2128
vn -0.0470 0.9742 0.2209
vn 0.2839 -0.3950 -0.8737
vn 0.2994 -0.2469 -0.9216
vn 0.3084 -0.0646 -0.9491
vn 0.3055 0.1495 -0.9404
vn 0.2859 0.3795 -0.8799
vn 0.2412 0.6253 -0.7422
vn 0.1439 0.8849 -0.4430
vn 0.0129 0.9991 -0.0397
vn -0.0672 0.9761 0.2069
vn -0.0698 0.9742 0.2148
vn 0.3737 -0.3950 -0.8393
vn 0.3941 -0.2469 -0.8853
vn 0.4059 -0.0646 -0.9116
vn 0.4022 0.1495 -0.9033
vn 0.3763 0.3795 -0.8452
vn 0.3174 0.6253 -0.7129
vn 0.1894 0.8849 -0.4255
vn 0.0170 0.9991 -0.0381
vn -0.0885 0.9761 0.1987
vn -0.0919 0.9742 0.2064
vn 0.4593 -0.3950 -0.7956
vn 0.4845 -0.2469 -0.8392
vn 0.4990 -0.0646 -0.8642
vn 0.4944 0.1495 -0.8563
vn 0.4626 0.3795 -0.8012
vn 0.3902 0.6253 -0.6758
vn 0.2329 0.8849 -0.4034
vn 0.0209 0.9991 -0.0361
vn -0.1088 0.9761 0.1884
vn -0.1129 0.9742 0.1956
vn 0.5400 -0.3950 -0.7432
vn 0.5696 -0.2469 -0.7840
vn 0.5866 -0.0646 -0.8073
vn 0.5812 0.1495 -0.7999
vn 0.5438 0.3795 -0.7485
vn 0.4587 0.6253 -0.6314
vn 0.2738 0.8849 -0.3768
vn 0.0245 0.9991 -0.0338
vn -0.1279 0.9761 0.1760
vn -0.1328 0.9742 0.1827
vn 0.6147 -0.3950 -0.6827
vn 0.6484 -0.2469 -0.7201
vn 0.6677 -0.0646 -0.7416
vn 0.6616 0.1495 -0.7348
vn 0.6191 0.3795 -0.6876
vn 0.5222 0.6253 -0.5799
vn 0.3117 0.8849 -0.3461
vn 0.0279 0.9991 -0.0310
vn -0.1455 0.9761 0.1616
vn -0.1511 0.9742 0.1679
vn 0.6827 -0.3950 -0.6147
vn 0.7201 -0.2469 -0.6484
vn 0.7416 -0.0646 -0.6677
vn 0.7348 0.1495 -0.6616
vn 0.6876 0.3795 -0.6191
vn 0.5799 0.6253 -0.5222
vn 0.3461 0.8849 -0.3117
vn 0.0310 0.9991 -0.0279
vn -0.1616 0.9761 0.1455
vn -0.1679 0.9742 0.1511
vn 0.7432 -0.3950 -0.5400
vn 0.7840 -0.2469 -0.5696
vn 0.8073 -0.0646 -0.5866
vn 0.7999 0.1495 -0.5812
vn 0.7485 0.3795 -0.5438
vn 0.6313 0.6253 -0.4587
vn 0.3768 0.8849 -0.2738
vn 0.0338 0.9991 -0.0245
vn -0.1760 0.9761 0.1279
vn -0.1827 0.9742 0.1328
vn 0.7956 -0.3950 -0.4593
vn 0.8392 -0.2469 -0.4845
vn 0.8642 -0.0646 -0.4990
vn 0.8563 0.1495 -0.4944
vn 0.8012 0.3795 -0.4626
vn 0.6758 0.6253 -0.3902
vn 0.4034 0.8849 -0.2329
vn 0.0361 0.9991 -0.0209
vn -0.1884 0.9761 0.1088
vn -0.1956 0.9742 0.1129
vn 0.8393 -0.3950 -0.3737
vn 0.8853 -0.2469 -0.3941
vn 0.9116 -0.0646 -0.4059
vn 0.9033 0.1495 -0.4022
vn 0.8452 0.3795 -0.3763
vn 0.7129 0.6253 -0.3174
vn 0.4255 0.8849 -0.1894
vn 0.0381 0.9991 -0.0170
vn -0.1987 0.9761 0.0885
vn -0.2064 0.9742 0.0919
vn 0.8737 -0.3950 -0.2839
vn 0.9216 -0.2469 -0.2994
vn 0.9491 -0.0646 -0.3084
vn 0.9404 0.1495 -0.3055
vn 0.8799 0.3795 -0.2859
vn 0.7422 0.6253 -0.2412
vn 0.4430 0.8849 -0.1439
vn 0.0397 0.9991 -0.0129
vn -0.2069 0.9761 0.0672
vn -0.2148 0.9742 0.0698
vn 0.8986 -0.3950 -0.1910
vn 0.9479 -0.2469 -0.2015
vn 0.9761 -0.0646 -0.2075
vn 0.9671 0.1495 -0.2056
vn 0.9050 0.3795 -0.1924
vn 0.7633 0.6253 -0.1623
vn 0.4556 0.8849 -0.0968
vn 0.0408 0.9991 -0.0087
vn -0.2128 0.9761 0.0452
vn -0.2209 0.9742 0.0470
vn 0.9137 -0.3950 -0.0960
vn 0.9637 -0.2469 -0.1013
vn 0.9924 -0.0646 -0.1043
vn 0.9833 0.1495 -0.1034
vn 0.9201 0.3795 -0.0967
vn 0.7761 0.6253 -0.0816
vn 0.4632 0.8849 -0.0487
vn 0.0415 0.9991 -0.0044
vn -0.2163 0.9761 0.0227
vn -0.2246 0.9742 0.0236
vn 0.9187 -0.3950 -0.0000
vn 0.9690 -0.2469 -0.0000
vn 0.9979 -0.0646 -0.0000
vn 0.9888 0.1495 -0.0000
vn 0.9252 0.3795 -0.0000
vn 0.7804 0.6253 -0.0000
vn 0.4658 0.8849 -0.0000
vn 0.0417 0.9991 -0.0000
vn -0.2175 0.9761 -0.0000
vn -0.2259 0.9742 -0.0000
vn 0.9137 -0.3950 0.0960
vn 0.9637 -0.2469 0.1013
vn 0.9924 -0.0646 0.1043
vn 0.9833 0.1495 0.1034
vn 0.9201 0.3795 0.0967
vn 0.7761 0.6253 0.0816
vn 0.4632 0.8849 0.0487
vn 0.0415 0.9991 0.0044
vn -0.2163 0.9761 -0.0227
vn -0.2246 0.9742 -0.0236
vn 0.8986 -0.3950 0.1910
vn 0.9479 -0.2469 0.2015
vn 0.9761 -0.0646 0.2075
vn 0.9671 0.1495 0.2056
vn 0.9050 0.3795 0.1924
vn 0.7633 0.6253 0.1622
vn 0.4556 0.8849 0.0968
vn 0.0408 0.9991 0.0087
vn -0.2128 0.9761 -0.0452
vn -0.2209 0.9742 -0.0470
vn 0.8737 -0.3950 0.2839
vn 0.9216 -0.2469 0.2994
vn 0.9491 -0.0646 0.3084
vn 0.9404 0.1495 0.3055
vn 0.8799 0.3795 0.2859
vn 0.7422 0.6253 0.2412
vn 0.4430 0.8849 0.1439
vn 0.0397 0.9991 0.0129
vn -0.2069 0.9761 -0.0672
vn -0.2148 0.9742 -0.0698
vn 0.8393 -0.3950 0.3737
vn 0.8853 -0.2469 0.3941
vn 0.9116 -0.0646 0.4059
vn 0.9033 0.1495 0.4022
vn 0.8452 0.3795 0.3763
vn 0.7129 0.6253 0.3174
vn 0.4255 0.8849 0.1894
vn 0.0381 0.9991 0.0170
vn -0.1987 0.9761 -0.0885
vn -0.2064 0.9742 -0.0919
vn 0.7956 -0.3950 0.4593
vn 0.8392 -0.2469 0.4845
vn 0.8642 -0.0646 0.4990
vn 0.8563 0.1495 0.4944
vn 0.8012 0.3795 0.4626
vn 0.6758 0.6253 0.3902
vn 0.4034 0.8849 0.2329
vn 0.0361 0.9991 0.0209
vn -0.1884 0.9761 -0.1088
vn -0.1956 0.9742 -0.1129
vn 0.7432 -0.3950 0.5400
vn 0.7840 -0.2469 0.5696
vn 0.8073 -0.0646 0.5866
vn 0.7999 0.1495 0.5812
vn 0.7485 0.3795 0.5438
vn 0.6314 0.6253 0.4587
vn 0.3768 0.8849 0.2738
vn 0.0338 0.9991 0.0245
vn -0.1760 0.9761 -0.1279
vn -0.1827 0.9742 -0.1328
vn 0.6827 -0.3950 0.6147
vn 0.7201 -0.2469 0.6484
vn 0.7416 -0.0646 0.6677
vn 0.7348 0.1495 0.6616
vn 0.6876 0.3795 0.6191
vn 0.5799 0.6253 0.5222
vn 0.3461 0.8849 0.3117
vn 0.0310 0.9991 0.0279
vn -0.1616 0.9761 -0.1455
vn -0.1679 0.9742 -0.1511
vn 0.6147 -0.3950 0.6827
vn 0.6484 -0.2469 0.7201
vn 0.6677 -0.0646 0.7416
vn 0.6616 0.1495 0.7348
vn 0.6191 0.3795 0.6876
vn 0.5222 0.6253 0.5799
vn 0.3117 0.8849 0.3461
vn 0.0279 0.9991 0.0310
vn -0.1455 0.9761 -0.1616
vn -0.1511 0.9742 -0.1679
vn 0.5400 -0.3950 0.7432
vn 0.5696 -0.2469 0.7840
vn 0.5866 -0.0646 0.8073
vn 0.5812 0.1495 0.7999
vn 0.5438 0.3795 0.7485
vn 0.4587 0.6253 0.6313
vn 0.2738 0.8849 0.3768
vn 0.0245 0.9991 0.0338
vn -0.1279 0.9761 -0.1760
vn -0.1328 0.9742 -0.1827
vn 0.4593 -0.3950 0.7956
vn 0.4845 -0.2469 0.8392
vn 0.4990 -0.0646 0.8642
vn 0.4944 0.1495 0.8563
vn 0.4626 0.3795 0.8012
vn 0.3902 0.6253 0.6758
vn 0.2329 0.8849 0.4034
vn 0.0209 0.9991 0.0361
vn -0.1088 0.9761 -0.1884
vn -0.1129 0.9742 -0.1956
vn 0.3737 -0.3950 0.8393
vn 0.3941 -0.2469 0.8853
vn 0.4059 -0.0646 0.9116
vn 0.4022 0.1495 0.9033
vn 0.3763 0.3795 0.8452
vn 0.3174 0.6253 0.7129
vn 0.1894 0.8849 0.4255
vn 0.0170 0.9991 0.0381
vn -0.0885 0.9761 -0.1987
vn -0.0919 0.9742 -0.2064
vn 0.2839 -0.3950 0.8737
vn 0.2995 -0.2469 0.9216
vn 0.3084 -0.0646 0.9491
vn 0.3055 0.1495 0.9404
vn 0.2859 0.3795 0.8799
vn 0.2412 0.6253 0.7422
vn 0.1439 0.8849 0.4430
vn 0.0129 0.9991 0.0397
vn -0.0672 0.9761 -0.2069
vn -0.0698 0.9742 -0.2148
vn 0.1910 -0.3950 0.8986
vn 0.2015 -0.2469 0.9479
vn 0.2075 -0.0646 0.9761
vn 0.2056 0.1495 0.9671
vn 0.1924 0.3795 0.9050
vn 0.1623 0.6253 0.7633
vn 0.0968 0.8849 0.4556
vn 0.0087 0.9991 0.0408
vn -0.0452 0.9761 -0.2128
vn -0.0470 0.9742 -0.2209
vn 0.0960 -0.3950 0.9137
vn 0.1013 -0.2469 0.9637
vn 0.1043 -0.0646 0.9924
vn 0.1034 0.1495 0.9833
vn 0.0967 0.3795 0.9201
vn 0.0816 0.6253 0.7761
vn 0.0487 0.8849 0.4632
vn 0.0044 0.9991 0.0415
vn -0.0227 0.9761 -0.2163
vn -0.0236 0.9742 -0.2246
vn 0.1045 -0.0174 0.9944
vn -0.0000 -0.0174 0.9998
vn 0.1038 -0.1195 0.9874
vn -0.0000 -0.1195 0.9928
vn 0.1031 -0.1667 0.9806
vn -0.0000 -0.1667 0.9860
vn 0.1022 -0.2091 0.9725
vn -0.0000 -0.2091 0.9779
vn 0.1012 -0.2488 0.9633
vn -0.0000 -0.2488 0.9686
vn 0.1001 -0.2873 0.9526
vn -0.0000 -0.2873 0.9578
vn 0.0988 -0.3261 0.9402
vn -0.0000 -0.3261 0.9453
vn 0.0973 -0.3666 0.9253
vn -0.0000 -0.3666 0.9304
vn 0.0953 -0.4106 0.9068
vn -0.0000 -0.4106 0.9118
vn 0.0928 -0.4602 0.8829
vn -0.0000 -0.4602 0.8878
vn 0.2079 -0.0174 0.9780
vn 0.2064 -0.1195 0.9711
vn 0.2050 -0.1667 0.9645
vn 0.2033 -0.2091 0.9565
vn 0.2014 -0.2488 0.9474
vn 0.1992 -0.2873 0.9369
vn 0.1966 -0.3261 0.9247
vn 0.1934 -0.3666 0.9100
vn 0.1896 -0.4106 0.8919
vn 0.1846 -0.4602 0.8684
vn 0.3090 -0.0174 0.9509
vn 0.3068 -0.1195 0.9442
vn 0.3047 -0.1667 0.9377
vn 0.3022 -0.2091 0.9300
vn 0.2993 -0.2488 0.9212
vn 0.2960 -0.2873 0.9110
vn 0.2921 -0.3261 0.8991
vn 0.2875 -0.3666 0.8848
vn 0.2818 -0.4106 0.8672
vn 0.2743 -0.4602 0.8443
vn 0.4067 -0.0174 0.9134
vn 0.4038 -0.1195 0.9070
vn 0.4011 -0.1667 0.9008
vn 0.3977 -0.2091 0.8933
vn 0.3940 -0.2488 0.8848
vn 0.3896 -0.2873 0.8750
vn 0.3845 -0.3261 0.8636
vn 0.3784 -0.3666 0.8499
vn 0.3709 -0.4106 0.8330
vn 0.3611 -0.4602 0.8110
vn 0.4999 -0.0174 0.8659
vn 0.4964 -0.1195 0.8598
vn 0.4930 -0.1667 0.8539
vn 0.4889 -0.2091 0.8469
vn 0.4843 -0.2488 0.8388
vn 0.4789 -0.2873 0.8295
vn 0.4727 -0.3261 0.8187
vn 0.4652 -0.3666 0.8057
vn 0.4559 -0.4106 0.7897
vn 0.4439 -0.4602 0.7689
vn 0.5877 -0.0174 0.8089
vn 0.5836 -0.1195 0.8032
vn 0.5796 -0.1667 0.7977
vn 0.5748 -0.2091 0.7911
vn 0.5693 -0.2488 0.7836
vn 0.5630 -0.2873 0.7749
vn 0.5557 -0.3261 0.7648
vn 0.5469 -0.3666 0.7527
vn 0.5360 -0.4106 0.7377
vn 0.5218 -0.4602 0.7182
vn 0.6690 -0.0174 0.7430
vn 0.6643 -0.1195 0.7378
vn 0.6598 -0.1667 0.7327
vn 0.6543 -0.2091 0.7267
vn 0.6481 -0.2488 0.7198
vn 0.6409 -0.2873 0.7118
vn 0.6326 -0.3261 0.7025
vn 0.6225 -0.3666 0.6914
vn 0.6101 -0.4106 0.6776
vn 0.5941 -0.4602 0.6598
vn 0.7430 -0.0174 0.6690
vn 0.7378 -0.1195 0.6643
vn 0.7328 -0.1667 0.6598
vn 0.7267 -0.2091 0.6543
vn 0.7198 -0.2488 0.6481
vn 0.7118 -0.2873 0.6409
vn 0.7025 -0.3261 0.6326
vn 0.6914 -0.3666 0.6225
vn 0.6776 -0.4106 0.6101
vn 0.6598 -0.4602 0.5940
vn 0.8089 -0.0174 0.5877
vn 0.8032 -0.1195 0.5836
vn 0.7977 -0.1667 0.5796
vn 0.7911 -0.2091 0.5748
vn 0.7836 -0.2488 0.5693
vn 0.7749 -0.2873 0.5630
vn 0.7648 -0.3261 0.5557
vn 0.7527 -0.3666 0.5469
vn 0.7377 -0.4106 0.5360
vn 0.7182 -0.4602 0.5218
vn 0.8659 -0.0174 0.4999
vn 0.8598 -0.1195 0.4964
vn 0.8539 -0.1667 0.4930
vn 0.8469 -0.2091 0.4889
vn 0.8388 -0.2488 0.4843
vn 0.8295 -0.2873 0.4789
vn 0.8187 -0.3261 0.4727
vn 0.8057 -0.3666 0.4652
vn 0.7897 -0.4106 0.4559
vn 0.7689 -0.4602 0.4439
vn 0.9134 -0.0174 0.4067
vn 0.9070 -0.1195 0.4038
vn 0.9008 -0.1667 0.4010
vn 0.8933 -0.2091 0.3977
vn 0.8848 -0.2488 0.3939
vn 0.8750 -0.2873 0.3896
vn 0.8636 -0.3261 0.3845
vn 0.8499 -0.3666 0.3784
vn 0.8330 -0.4106 0.3709
vn 0.8110 -0.4602 0.3611
vn 0.9509 -0.0174 0.3090
vn 0.9442 -0.1195 0.3068
vn 0.9378 -0.1667 0.3047
vn 0.9300 -0.2091 0.3022
vn 0.9212 -0.2488 0.2993
vn 0.9110 -0.2873 0.2960
vn 0.8991 -0.3261 0.2921
vn 0.8848 -0.3666 0.2875
vn 0.8672 -0.4106 0.2818
vn 0.8443 -0.4602 0.2743
vn 0.9780 -0.0174 0.2079
vn 0.9711 -0.1195 0.2064
vn 0.9645 -0.1667 0.2050
vn 0.9565 -0.2091 0.2033
vn 0.9474 -0.2488 0.2014
vn 0.9369 -0.2873 0.1991
vn 0.9247 -0.3261 0.1965
vn 0.9100 -0.3666 0.1934
vn 0.8919 -0.4106 0.1896
vn 0.8684 -0.4602 0.1846
vn 0.9944 -0.0174 0.1045
vn 0.9874 -0.1195 0.1038
vn 0.9806 -0.1667 0.1031
vn 0.9725 -0.2091 0.1022
vn 0.9633 -0.2488 0.1012
vn 0.9526 -0.2873 0.1001
vn 0.9402 -0.3261 0.0988
vn 0.9253 -0.3666 0.0972
vn 0.9068 -0.4106 0.0953
vn 0.8829 -0.4602 0.0928
vn 0.9998 -0.0174 -0.0000
vn 0.9928 -0.1195 -0.0000
vn 0.9860 -0.1667 -0.0000
vn 0.9779 -0.2091 -0.0000
vn 0.9686 -0.2488 -0.0000
vn 0.9578 -0.2873 -0.0000
vn 0.9453 -0.3261 -0.0000
vn 0.9304 -0.3666 -0.0000
vn 0.9118 -0.4106 -0.0000
vn 0.8878 -0.4602 -0.0000
vn 0.9944 -0.0174 -0.1045
vn 0.9874 -0.1195 -0.1038
vn 0.9806 -0.1667 -0.1031
vn 0.9725 -0.2091 -0.1022
vn 0.9633 -0.2488 -0.1012
vn 0.9526 -0.2873 -0.1001
vn 0.9402 -0.3261 -0.0988
vn 0.9253 -0.3666 -0.0973
vn 0.9068 -0.4106 -0.0953
vn 0.8829 -0.4602 -0.0928
vn 0.9780 -0.0174 -0.2079
vn 0.9711 -0.1195 -0.2064
vn 0.9645 -0.1667 -0.2050
vn 0.9565 -0.2091 -0.2033
vn 0.9474 -0.2488 -0.2014
vn 0.9369 -0.2873 -0.1992
vn 0.9247 -0.3261 -0.1966
vn 0.9100 -0.3666 -0.1934
vn 0.8919 -0.4106 -0.1896
vn 0.8684 -0.4602 -0.1846
vn 0.9509 -0.0174 -0.3090
vn 0.9442 -0.1195 -0.3068
vn 0.9377 -0.1667 -0.3047
vn 0.9300 -0.2091 -0.3022
vn 0.9212 -0.2488 -0.2993
vn 0.9110 -0.2873 -0.2960
vn 0.8991 -0.3261 -0.2921
vn 0.8848 -0.3666 -0.2875
vn 0.8672 -0.4106 -0.2818
vn 0.8443 -0.4602 -0.2743
vn 0.9134 -0.0174 -0.4067
vn 0.9070 -0.1195 -0.4038
vn 0.9008 -0.1667 -0.4010
vn 0.8933 -0.2091 -0.3977
vn 0.8848 -0.2488 -0.3940
vn 0.8750 -0.2873 -0.3896
vn 0.8636 -0.3261 -0.3845
vn 0.8499 -0.3666 -0.3784
vn 0.8330 -0.4106 -0.3709
vn 0.8110 -0.4602 -0.3611
vn 0.8659 -0.0174 -0.4999
vn 0.8598 -0.1195 -0.4964
vn 0.8539 -0.1667 -0.4930
vn 0.8469 -0.2091 -0.4889
vn 0.8388 -0.2488 -0.4843
vn 0.8295 -0.2873 -0.4789
vn 0.8187 -0.3261 -0.4727
vn 0.8057 -0.3666 -0.4652
vn 0.7897 -0.4106 -0.4559
vn 0.7689 -0.4602 -0.4439
vn 0.8089 -0.0174 -0.5877
vn 0.8032 -0.1195 -0.5836
vn 0.7977 -0.1667 -0.5796
vn 0.7911 -0.2091 -0.5748
vn 0.7836 -0.2488 -0.5693
vn 0.7749 -0.2873 -0.5630
vn 0.7648 -0.3261 -0.5557
vn 0.7527 -0.3666 -0.5469
vn 0.7377 -0.4106 -0.5360
vn 0.7182 -0.4602 -0.5218
vn 0.7430 -0.0174 -0.6690
vn 0.7378 -0.1195 -0.6643
vn 0.7327 -0.1667 -0.6598
vn 0.7267 -0.2091 -0.6543
vn 0.7198 -0.2488 -0.6481
vn 0.7118 -0.2873 -0.6409
vn 0.7025 -0.3261 -0.6326
vn 0.6914 -0.3666 -0.6225
vn 0.6776 -0.4106 -0.6101
vn 0.6598 -0.4602 -0.5941
vn 0.6690 -0.0174 -0.7430
vn 0.6643 -0.1195 -0.7378
vn 0.6598 -0.1667 -0.7327
vn 0.6543 -0.2091 -0.7267
vn 0.6481 -0.2488 -0.7198
vn 0.6409 -0.2873 -0.7118
vn 0.6326 -0.3261 -0.7025
vn 0.6225 -0.3666 -0.6914
vn 0.6101 -0.4106 -0.6776
vn 0.5941 -0.4602 -0.6598
vn 0.5877 -0.0174 -0.8089
vn 0.5836 -0.1195 -0.8032
vn 0.5796 -0.1667 -0.7977
vn 0.5748 -0.2091 -0.7911
vn 0.5693 -0.2488 -0.7836
vn 0.5630 -0.2873 -0.7749
vn 0.5557 -0.3261 -0.7648
vn 0.5469 -0.3666 -0.7527
vn 0.5360 -0.4106 -0.7377
vn 0.5218 -0.4602 -0.7182
vn 0.4999 -0.0174 -0.8659
vn 0.4964 -0.1195 -0.8598
vn 0.4930 -0.1667 -0.8539
vn 0.4889 -0.2091 -0.8469
vn 0.4843 -0.2488 -0.8388
vn 0.4789 -0.2873 -0.8295
vn 0.4727 -0.3261 -0.8187
vn 0.4652 -0.3666 -0.8057
vn 0.4559 -0.4106 -0.7897
vn 0.4439 -0.4602 -0.7689
vn 0.4067 -0.0174 -0.9134
vn 0.4038 -0.1195 -0.9070
vn 0.4010 -0.1667 -0.9008
vn 0.3977 -0.2091 -0.8933
vn 0.3939 -0.2488 -0.8848
vn 0.3896 -0.2873 -0.8750
vn 0.3845 -0.3261 -0.8636
vn 0.3784 -0.3666 -0.8499
vn 0.3709 -0.4106 -0.8330
vn 0.3611 -0.4602 -0.8110
vn 0.3090 -0.0174 -0.9509
vn 0.3068 -0.1195 -0.9442
vn 0.3047 -0.1667 -0.9378
vn 0.3022 -0.2091 -0.9300
vn 0.2993 -0.2488 -0.9212
vn 0.2960 -0.2873 -0.9110
vn 0.2921 -0.3261 -0.8991
vn 0.2875 -0.3666 -0.8848
vn 0.2818 -0.4106 -0.8672
vn 0.2743 -0.4602 -0.8443
vn 0.2079 -0.0174 -0.9780
vn 0.2064 -0.1195 -0.9711
vn 0.2050 -0.1667 -0.9645
vn 0.2033 -0.2091 -0.9565
vn 0.2014 -0.2488 -0.9474
vn 0.1991 -0.2873 -0.9369
vn 0.1965 -0.3261 -0.9247
vn 0.1934 -0.3666 -0.9100
vn 0.1896 -0.4106 -0.8919
vn 0.1846 -0.4602 -0.8684
vn 0.1045 -0.0174 -0.9944
vn 0.1038 -0.1195 -0.9874
vn 0.1031 -0.1667 -0.9806
vn 0.1022 -0.2091 -0.9725
vn 0.1012 -0.2488 -0.9633
vn 0.1001 -0.2873 -0.9526
vn 0.0988 -0.3261 -0.9402
vn 0.0972 -0.3666 -0.9253
vn 0.0953 -0.4106 -0.9068
vn 0.0928 -0.4602 -0.8829
vn -0.0000 -0.0174 -0.9998
vn -0.0000 -0.1195 -0.9928
vn -0.0000 -0.1667 -0.9860
vn -0.0000 -0.2091 -0.9779
vn -0.0000 -0.2488 -0.9686
vn -0.0000 -0.2873 -0.9578
vn -0.0000 -0.3261 -0.9453
vn -0.0000 -0.3666 -0.9304
vn -0.0000 -0.4106 -0.9118
vn -0.0000 -0.4602 -0.8878
vn -0.1045 -0.0174 -0.9944
vn -0.1038 -0.1195 -0.9874
vn -0.1031 -0.1667 -0.9806
vn -0.1022 -0.2091 -0.9725
vn -0.1012 -0.2488 -0.9633
vn -0.1001 -0.2873 -0.9526
vn -0.0988 -0.3261 -0.9402
vn -0.0973 -0.3666 -0.9253
vn -0.0953 -0.4106 -0.9068
vn -0.0928 -0.4602 -0.8829
vn -0.2079 -0.0174 -0.9780
vn -0.2064 -0.1195 -0.9711
vn -0.2050 -0.1667 -0.9645
vn -0.2033 -0.2091 -0.9565
vn -0.2014 -0.2488 -0.9474
vn -0.1991 -0.2873 -0.9369
vn -0.1965 -0.3261 -0.9247
vn -0.1934 -0.3666 -0.9100
vn -0.1896 -0.4106 -0.8919
vn -0.1846 -0.4602 -0.8684
vn -0.3090 -0.0174 -0.9509
vn -0.3068 -0.1195 -0.9442
vn -0.3047 -0.1667 -0.9378
vn -0.3022 -0.2091 -0.9300
vn -0.2993 -0.2488 -0.9212
vn -0.2960 -0.2873 -0.9110
vn -0.2921 -0.3261 -0.8991
vn -0.2875 -0.3666 -0.8848
vn -0.2818 -0.4106 -0.8672
vn -0.2743 -0.4602 -0.8443
vn -0.4067 -0.0174 -0.9134
vn -0.4038 -0.1195 -0.9070
vn -0.4010 -0.1667 -0.9008
vn -0.3977 -0.2091 -0.8933
vn -0.3940 -0.2488 -0.8848
vn -0.3896 -0.2873 -0.8750
vn -0.3845 -0.3261 -0.8636
vn -0.3784 -0.3666 -0.8499
vn -0.3709 -0.4106 -0.8330
vn -0.3611 -0.4602 -0.8110
vn -0.4999 -0.0174 -0.8659
vn -0.4964 -0.1195 -0.8598
vn -0.4930 -0.1667 -0.8539
vn -0.4889 -0.2091 -0.8469
vn -0.4843 -0.2488 -0.8388
vn -0.4789 -0.2873 -0.8295
vn -0.4727 -0.3261 -0.8187
vn -0.4652 -0.3666 -0.8057
vn -0.4559 -0.4106 -0.7897
vn -0.4439 -0.4602 -0.7689
vn -0.5877 -0.0174 -0.8089
vn -0.5836 -0.1195 -0.8032
vn -0.5796 -0.1667 -0.7977
vn -0.5748 -0.2091 -0.7911
vn -0.5693 -0.2488 -0.7836
vn -0.5630 -0.2873 -0.7749
vn -0.5557 -0.3261 -0.7648
vn -0.5469 -0.3666 -0.7527
vn -0.5360 -0.4106 -0.7377
vn -0.5218 -0.4602 -0.7182
vn -0.6690 -0.0174 -0.7430
vn -0.6643 -0.1195 -0.7378
vn -0.6598 -0.1667 -0.7327
vn -0.6543 -0.2091 -0.7267
vn -0.6481 -0.2488 -0.7198
vn -0.6409 -0.2873 -0.7118
vn -0.6326 -0.3261 -0.7025
vn -0.6225 -0.3666 -0.6914
vn -0.6101 -0.4106 -0.6776
vn -0.5941 -0.4602 -0.6598
vn -0.7430 -0.0174 -0.6690
vn -0.7378 -0.1195 -0.6643
vn -0.7327 -0.1667 -0.6598
vn -0.7267 -0.2091 -0.6543
vn -0.7198 -0.2488 -0.6481
vn -0.7118 -0.2873 -0.6409
vn -0.7025 -0.3261 -0.6326
vn -0.6914 -0.3666 -0.6225
vn -0.6776 -0.4106 -0.6101
vn -0.6598 -0.4602 -0.5941
vn -0.8089 -0.0174 -0.5877
vn -0.8032 -0.1195 -0.5836
vn -0.7977 -0.1667 -0.5796
vn -0.7911 -0.2091 -0.5748
vn -0.7836 -0.2488 -0.5693
vn -0.7749 -0.2873 -0.5630
vn -0.7648 -0.3261 -0.5557
vn -0.7527 -0.3666 -0.5469
vn -0.7377 -0.4106 -0.5360
vn -0.7182 -0.4602 -0.5218
vn -0.8659 -0.0174 -0.4999
vn -0.8598 -0.1195 -0.4964
vn -0.8539 -0.1667 -0.4930
vn -0.8469 -0.2091 -0.4889
vn -0.8388 -0.2488 -0.4843
vn -0.8295 -0.2873 -0.4789
vn -0.8187 -0.3261 -0.4727
vn -0.8057 -0.3666 -0.4652
vn -0.7897 -0.4106 -0.4559
vn -0.7689 -0.4602 -0.4439
vn -0.9134 -0.0174 -0.4067
vn -0.9070 -0.1195 -0.4038
vn -0.9008 -0.1667 -0.4010
vn -0.8933 -0.2091 -0.3977
vn -0.8848 -0.2488 -0.3940
vn -0.8750 -0.2873 -0.3896
vn -0.8636 -0.3261 -0.3845
vn -0.8499 -0.3666 -0.3784
vn -0.8330 -0.4106 -0.3709
vn -0.8110 -0.4602 -0.3611
vn -0.9509 -0.0174 -0.3090
vn -0.9442 -0.1195 -0.3068
vn -0.9378 -0.1667 -0.3047
vn -0.9300 -0.2091 -0.3022
vn -0.9212 -0.2488 -0.2993
vn -0.9110 -0.2873 -0.2960
vn -0.8991 -0.3261 -0.2921
vn -0.8848 -0.3666 -0.2875
vn -0.8672 -0.4106 -0.2818
vn -0.8443 -0.4602 -0.2743
vn -0.9780 -0.0174 -0.2079
vn -0.9711 -0.1195 -0.2064
vn -0.9645 -0.1667 -0.2050
vn -0.9565 -0.2091 -0.2033
vn -0.9474 -0.2488 -0.2014
vn -0.9369 -0.2873 -0.1991
vn -0.9247 -0.3261 -0.1965
vn -0.9100 -0.3666 -0.1934
vn -0.8919 -0.4106 -0.1896
vn -0.8684 -0.4602 -0.1846
vn -0.9944 -0.0174 -0.1045
vn -0.9874 -0.1195 -0.1038
vn -0.9806 -0.1667 -0.1031
vn -0.9725 -0.2091 -0.1022
vn -0.9633 -0.2488 -0.1012
vn -0.9526 -0.2873 -0.1001
vn -0.9402 -0.3261 -0.0988
vn -0.9253 -0.3666 -0.0973
vn -0.9068 -0.4106 -0.0953
vn -0.8829 -0.4602 -0.0928
vn -0.9998 -0.0174 -0.0000
vn -0.9928 -0.1195 -0.0000
vn -0.9860 -0.1667 -0.0000
vn -0.9779 -0.2091 -0.0000
vn -0.9686 -0.2488 -0.0000
vn -0.9578 -0.2873 -0.0000
vn -0.9453 -0.3261 -0.0000
vn -0.9304 -0.3666 -0.0000
vn -0.9118 -0.4106 -0.0000
vn -0.8878 -0.4602 -0.0000
vn -0.9944 -0.0174 0.1045
vn -0.9874 -0.1195 0.1038
vn -0.9806 -0.1667 0.1031
vn -0.9725 -0.2091 0.1022
vn -0.9633 -0.2488 0.1012
vn -0.9526 -0.2873 0.1001
vn -0.9402 -0.3261 0.0988
vn -0.9253 -0.3666 0.0973
vn -0.9068 -0.4106 0.0953
vn -0.8829 -0.4602 0.0928
vn -0.9780 -0.0174 0.2079
vn -0.9711 -0.1195 0.2064
vn -0.9645 -0.1667 0.2050
vn -0.9565 -0.2091 0.2033
vn -0.9474 -0.2488 0.2014
vn -0.9369 -0.2873 0.1991
vn -0.9247 -0.3261 0.1965
vn -0.9100 -0.3666 0.1934
vn -0.8919 -0.4106 0.1896
vn -0.8684 -0.4602 0.1846
vn -0.9509 -0.0174 0.3090
vn -0.9442 -0.1195 0.3068
vn -0.9378 -0.1667 0.3047
vn -0.9300 -0.2091 0.3022
vn -0.9212 -0.2488 0.2993
vn -0.9110 -0.2873 0.2960
vn -0.8991 -0.3261 0.2921
vn -0.8848 -0.3666 0.2875
vn -0.8672 -0.4106 0.2818
vn -0.8443 -0.4602 0.2743
vn -0.9134 -0.0174 0.4067
vn -0.9070 -0.1195 0.4038
vn -0.9008 -0.1667 0.4010
vn -0.8933 -0.2091 0.3977
vn -0.8848 -0.2488 0.3939
vn -0.8750 -0.2873 0.3896
vn -0.8636 -0.3261 0.3845
vn -0.8499 -0.3666 0.3784
vn -0.8330 -0.4106 0.3709
vn -0.8110 -0.4602 0.3611
vn -0.8659 -0.0174 0.4999
vn -0.8598 -0.1195 0.4964
vn -0.8539 -0.1667 0.4930
vn -0.8469 -0.2091 0.4889
vn -0.8388 -0.2488 0.4843
vn -0.8295 -0.2873 0.4789
vn -0.8187 -0.3261 0.4727
vn -0.8057 -0.3666 0.4652
vn -0.7897 -0.4106 0.4559
vn -0.7689 -0.4602 0.4439
vn -0.8089 -0.0174 0.5877
vn -0.8032 -0.1195 0.5836
vn -0.7977 -0.1667 0.5796
vn -0.7911 -0.2091 0.5748
vn -0.7836 -0.2488 0.5693
vn -0.7749 -0.2873 0.5630
vn -0.7648 -0.3261 0.5557
vn -0.7527 -0.3666 0.5469
vn -0.7377 -0.4106 0.5360
vn -0.7182 -0.4602 0.5218
vn -0.7430 -0.0174 0.6690
vn -0.7378 -0.1195 0.6643
vn -0.7327 -0.1667 0.6598
vn -0.7267 -0.2091 0.6543
vn -0.7198 -0.2488 0.6481
vn -0.7118 -0.2873 0.6409
vn -0.7025 -0.3261 0.6326
vn -0.6914 -0.3666 0.6225
vn -0.6776 -0.4106 0.6101
vn -0.6598 -0.4602 0.5941
vn -0.6690 -0.0174 0.7430
vn -0.6643 -0.1195 0.7378
vn -0.6598 -0.1667 0.7327
vn -0.6543 -0.2091 0.7267
vn -0.6481 -0.2488 0.7198
vn -0.6409 -0.2873 0.7118
vn -0.6326 -0.3261 0.7025
vn -0.6225 -0.3666 0.6914
vn -0.6101 -0.4106 0.6776
vn -0.5941 -0.4602 0.6598
vn -0.5877 -0.0174 0.8089
vn -0.5836 -0.1195 0.8032
vn -0.5796 -0.1667 0.7977
vn -0.5748 -0.2091 0.7911
vn -0.5693 -0.2488 0.7836
vn -0.5630 -0.2873 0.7749
vn -0.5557 -0.3261 0.7648
vn -0.5469 -0.3666 0.7527
vn -0.5360 -0.4106 0.7377
vn -0.5218 -0.4602 0.7182
vn -0.4999 -0.0174 0.8659
vn -0.4964 -0.1195 0.8598
vn -0.4930 -0.1667 0.8539
vn -0.4889 -0.2091 0.8469
vn -0.4843 -0.2488 0.8388
vn -0.4789 -0.2873 0.8295
vn -0.4727 -0.3261 0.8187
vn -0.4652 -0.3666 0.8057
vn -0.4559 -0.4106 0.7897
vn -0.4439 -0.4602 0.7689
vn -0.4067 -0.0174 0.9134
vn -0.4038 -0.1195 0.9070
vn -0.4010 -0.1667 0.9008
vn -0.3977 -0.2091 0.8933
vn -0.3940 -0.2488 0.8848
vn -0.3896 -0.2873 0.8750
vn -0.3845 -0.3261 0.8636
vn -0.3784 -0.3666 0.8499
vn -0.3709 -0.4106 0.8330
vn -0.3611 -0.4602 0.8110
vn -0.3090 -0.0174 0.9509
vn -0.3068 -0.1195 0.9442
vn -0.3047 -0.1667 0.9378
vn -0.3022 -0.2091 0.9300
vn -0.2993 -0.2488 0.9212
vn -0.2960 -0.2873 0.9110
vn -0.2921 -0.3261 0.8991
vn -0.2875 -0.3666 0.8848
vn -0.2818 -0.4106 0.8672
vn -0.2743 -0.4602 0.8443
vn -0.2079 -0.0174 0.9780
vn -0.2064 -0.1195 0.9711
vn -0.2050 -0.1667 0.9645
vn -0.2033 -0.2091 0.9565
vn -0.2014 -0.2488 0.9474
vn -0.1991 -0.2873 0.9369
vn -0.1965 -0.3261 0.9247
vn -0.1934 -0.3666 0.9100
vn -0.1896 -0.4106 0.8919
vn -0.1846 -0.4602 0.8684
vn -0.1045 -0.0174 0.9944
vn -0.1038 -0.1195 0.9874
vn -0.1031 -0.1667 0.9806
vn -0.1022 -0.2091 0.9725
vn -0.1012 -0.2488 0.9633
vn -0.1001 -0.2873 0.9526
vn -0.0988 -0.3261 0.9402
vn -0.0972 -0.3666 0.9253
vn -0.0953 -0.4106 0.9068
vn -0.0928 -0.4602 0.8829
vn -0.3323 0.5766 0.7464
vn -0.3357 0.5648 0.7539
vn -0.4085 0.5766 0.7076
vn -0.4126 0.5648 0.7147
vn -0.4803 0.5766 0.6610
vn -0.4851 0.5648 0.6676
vn -0.5467 0.5766 0.6072
vn -0.5522 0.5648 0.6133
vn -0.6072 0.5766 0.5467
vn -0.6133 0.5648 0.5522
vn -0.6610 0.5766 0.4803
vn -0.6676 0.5648 0.4851
vn -0.7076 0.5766 0.4085
vn -0.7147 0.5648 0.4126
vn -0.7464 0.5766 0.3323
vn -0.7539 0.5648 0.3357
vn -0.7771 0.5766 0.2525
vn -0.7849 0.5648 0.2550
vn -0.7992 0.5766 0.1699
vn -0.8072 0.5648 0.1716
vn -0.8126 0.5766 0.0854
vn -0.8207 0.5648 0.0863
vn -0.8171 0.5766 -0.0000
vn -0.8253 0.5648 -0.0000
vn -0.8126 0.5766 -0.0854
vn -0.8207 0.5648 -0.0863
vn -0.7992 0.5766 -0.1699
vn -0.8072 0.5648 -0.1716
vn -0.7771 0.5766 -0.2525
vn -0.7849 0.5648 -0.2550
vn -0.7464 0.5766 -0.3323
vn -0.7539 0.5648 -0.3357
vn -0.7076 0.5766 -0.4085
vn -0.7147 0.5648 -0.4126
vn -0.6610 0.5766 -0.4803
vn -0.6676 0.5648 -0.4851
vn -0.6072 0.5766 -0.5467
vn -0.6133 0.5648 -0.5522
vn -0.5467 0.5766 -0.6072
vn -0.5522 0.5648 -0.6133
vn -0.4803 0.5766 -0.6610
vn -0.4851 0.5648 -0.6676
vn -0.4085 0.5766 -0.7076
vn -0.4126 0.5648 -0.7147
vn -0.3323 0.5766 -0.7464
vn -0.3357 0.5648 -0.7539
vn -0.2525 0.5766 -0.7771
vn -0.2550 0.5648 -0.7849
vn -0.1699 0.5766 -0.7992
vn -0.1716 0.5648 -0.8072
vn -0.0854 0.5766 -0.8126
vn -0.0863 0.5648 -0.8207
vn -0.0000 0.5766 -0.8171
vn -0.0000 0.5648 -0.8253
vn 0.0854 0.5766 -0.8126
vn 0.0863 0.5648 -0.8207
vn 0.1699 0.5766 -0.7992
vn 0.1716 0.5648 -0.8072
vn 0.2525 0.5766 -0.7771
vn 0.2550 0.5648 -0.7849
vn 0.3323 0.5766 -0.7464
vn 0.3357 0.5648 -0.7539
vn 0.4085 0.5766 -0.7076
vn 0.4126 0.5648 -0.7147
vn 0.4803 0.5766 -0.6610
vn 0.4851 0.5648 -0.6676
vn 0.5467 0.5766 -0.6072
vn 0.5522 0.5648 -0.6133
vn 0.6072 0.5766 -0.5467
vn 0.6133 0.5648 -0.5522
vn 0.6610 0.5766 -0.4803
vn 0.6676 0.5648 -0.4851
vn 0.7076 0.5766 -0.4085
vn 0.7147 0.5648 -0.4126
vn 0.7464 0.5766 -0.3323
vn 0.7539 0.5648 -0.3357
vn 0.7771 0.5766 -0.2525
vn 0.7849 0.5648 -0.2550
vn 0.7992 0.5766 -0.1699
vn 0.8072 0.5648 -0.1716
vn 0.8126 0.5766 -0.0854
vn 0.8207 0.5648 -0.0863
vn 0.8171 0.5766 -0.0000
vn 0.8253 0.5648 -0.0000
vn 0.8126 0.5766 0.0854
vn 0.8207 0.5648 0.0863
vn 0.7992 0.5766 0.1699
vn 0.8072 0.5648 0.1716
vn 0.7771 0.5766 0.2525
vn 0.7849 0.5648 0.2550
vn 0.7464 0.5766 0.3323
vn 0.7539 0.5648 0.3357
vn 0.7076 0.5766 0.4085
vn 0.7147 0.5648 0.4126
vn 0.6610 0.5766 0.4803
vn 0.6676 0.5648 0.4851
vn 0.6072 0.5766 0.5467
vn 0.6133 0.5648 0.5522
vn 0.5467 0.5766 0.6072
vn 0.5522 0.5648 0.6133
vn 0.4803 0.5766 0.6610
vn 0.4851 0.5648 0.6676
vn 0.4085 0.5766 0.7076
vn 0.4126 0.5648 0.7147
vn 0.3323 0.5766 0.7464
vn 0.3357 0.5648 0.7539
vn 0.2525 0.5766 0.7771
vn 0.2550 0.5648 0.7849
vn 0.1699 0.5766 0.7992
vn 0.0854 0.5766 0.8126
vn 0.0863 0.5648 0.8207
vn 0.1716 0.5648 0.8072
vn -0.0854 0.5766 0.8126
vn -0.0863 0.5648 0.8207
vn -0.0000 0.5766 0.8171
vn -0.0000 0.5648 0.8253
vn -0.0000 0.0200 0.9998
vn 0.1045 0.0200 0.9943
vn -0.4067 0.0200 0.9134
vn -0.3090 0.0200 0.9509
vn -0.4999 0.0200 0.8659
vn -0.5877 0.0200 0.8089
vn -0.6690 0.0200 0.7430
vn -0.7430 0.0200 0.6690
vn -0.8089 0.0200 0.5877
vn -0.8659 0.0200 0.4999
vn -0.9134 0.0200 0.4067
vn -0.9509 0.0200 0.3090
vn -0.9780 0.0200 0.2079
vn -0.9943 0.0200 0.1045
vn -0.9998 0.0200 -0.0000
vn -0.9943 0.0200 -0.1045
vn -0.9780 0.0200 -0.2079
vn -0.9509 0.0200 -0.3090
vn -0.9134 0.0200 -0.4067
vn -0.8659 0.0200 -0.4999
vn -0.8089 0.0200 -0.5877
vn -0.7430 0.0200 -0.6690
vn -0.6690 0.0200 -0.7430
vn -0.5877 0.0200 -0.8089
vn -0.4999 0.0200 -0.8659
vn -0.4067 0.0200 -0.9134
vn -0.3090 0.0200 -0.9509
vn -0.2079 0.0200 -0.9780
vn -0.1045 0.0200 -0.9943
vn -0.0000 0.0200 -0.9998
vn 0.1045 0.0200 -0.9943
vn 0.2079 0.0200 -0.9780
vn 0.3090 0.0200 -0.9509
vn 0.4067 0.0200 -0.9134
vn 0.4999 0.0200 -0.8659
vn 0.5877 0.0200 -0.8089
vn 0.6690 0.0200 -0.7430
vn 0.7430 0.0200 -0.6690
vn 0.8089 0.0200 -0.5877
vn 0.8659 0.0200 -0.4999
vn 0.9134 0.0200 -0.4067
vn 0.9509 0.0200 -0.3090
vn 0.9780 0.0200 -0.2079
vn 0.9943 0.0200 -0.1045
vn 0.9998 0.0200 -0.0000
vn 0.9943 0.0200 0.1045
vn 0.9780 0.0200 0.2079
vn 0.9509 0.0200 0.3090
vn 0.9134 0.0200 0.4067
vn 0.8659 0.0200 0.4999
vn 0.8089 0.0200 0.5877
vn 0.7430 0.0200 0.6690
vn 0.6690 0.0200 0.7430
vn 0.5877 0.0200 0.8089
vn 0.4999 0.0200 0.8659
vn 0.4067 0.0200 0.9134
vn 0.3090 0.0200 0.9509
vn 0.2079 0.0200 0.9780
vn -0.2079 0.0200 0.9780
vn -0.1045 0.0200 0.9943
vn -0.0000 0.5313 0.8472
vn -0.0886 0.5313 0.8425
vn -0.0000 0.4758 0.8795
vn -0.0919 0.4758 0.8747
vn -0.0000 0.4259 0.9048
vn -0.0946 0.4259 0.8998
vn -0.0000 0.3793 0.9253
vn -0.0967 0.3793 0.9202
vn -0.0000 0.3344 0.9424
vn -0.0985 0.3344 0.9373
vn -0.0000 0.2896 0.9571
vn -0.1000 0.2896 0.9519
vn -0.0000 0.2433 0.9700
vn -0.1014 0.2433 0.9646
vn -0.0000 0.1937 0.9811
vn -0.1025 0.1937 0.9757
vn -0.0000 0.1385 0.9904
vn -0.1035 0.1385 0.9849
vn -0.0000 0.0747 0.9972
vn -0.1042 0.0747 0.9917
vn 0.2618 0.5313 0.8057
vn 0.1761 0.5313 0.8287
vn 0.2718 0.4758 0.8365
vn 0.1829 0.4758 0.8603
vn 0.2796 0.4259 0.8605
vn 0.1881 0.4259 0.8850
vn 0.2859 0.3793 0.8800
vn 0.1924 0.3793 0.9050
vn 0.2912 0.3344 0.8963
vn 0.1959 0.3344 0.9218
vn 0.2958 0.2896 0.9103
vn 0.1990 0.2896 0.9362
vn 0.2997 0.2433 0.9225
vn 0.2017 0.2433 0.9488
vn 0.3032 0.1937 0.9330
vn 0.2040 0.1937 0.9596
vn 0.3060 0.1385 0.9419
vn 0.2059 0.1385 0.9687
vn 0.3082 0.0747 0.9484
vn 0.2073 0.0747 0.9754
vn 0.4980 0.5313 0.6854
vn 0.4236 0.5313 0.7337
vn 0.5170 0.4758 0.7116
vn 0.4398 0.4758 0.7617
vn 0.5318 0.4259 0.7320
vn 0.4524 0.4259 0.7836
vn 0.5439 0.3793 0.7486
vn 0.4626 0.3793 0.8013
vn 0.5539 0.3344 0.7624
vn 0.4712 0.3344 0.8162
vn 0.5626 0.2896 0.7743
vn 0.4786 0.2896 0.8289
vn 0.5701 0.2433 0.7847
vn 0.4850 0.2433 0.8400
vn 0.5767 0.1937 0.7937
vn 0.4905 0.1937 0.8496
vn 0.5821 0.1385 0.8012
vn 0.4952 0.1385 0.8577
vn 0.5861 0.0747 0.8068
vn 0.4986 0.0747 0.8636
vn 0.6854 0.5313 0.4980
vn 0.6296 0.5313 0.5669
vn 0.7116 0.4758 0.5170
vn 0.6536 0.4758 0.5885
vn 0.7320 0.4259 0.5318
vn 0.6724 0.4259 0.6054
vn 0.7486 0.3793 0.5439
vn 0.6876 0.3793 0.6191
vn 0.7624 0.3344 0.5539
vn 0.7004 0.3344 0.6306
vn 0.7744 0.2896 0.5626
vn 0.7113 0.2896 0.6405
vn 0.7847 0.2433 0.5701
vn 0.7208 0.2433 0.6490
vn 0.7937 0.1937 0.5767
vn 0.7291 0.1937 0.6565
vn 0.8012 0.1385 0.5821
vn 0.7360 0.1385 0.6627
vn 0.8068 0.0747 0.5861
vn 0.7411 0.0747 0.6673
vn 0.8057 0.5313 0.2618
vn 0.7739 0.5313 0.3446
vn 0.8365 0.4758 0.2718
vn 0.8035 0.4758 0.3577
vn 0.8605 0.4259 0.2796
vn 0.8266 0.4259 0.3680
vn 0.8800 0.3793 0.2859
vn 0.8453 0.3793 0.3763
vn 0.8963 0.3344 0.2912
vn 0.8610 0.3344 0.3833
vn 0.9103 0.2896 0.2958
vn 0.8744 0.2896 0.3893
vn 0.9225 0.2433 0.2997
vn 0.8861 0.2433 0.3945
vn 0.9331 0.1937 0.3032
vn 0.8962 0.1937 0.3990
vn 0.9419 0.1385 0.3060
vn 0.9047 0.1385 0.4028
vn 0.9484 0.0747 0.3082
vn 0.9110 0.0747 0.4056
vn 0.8472 0.5313 -0.0000
vn 0.8425 0.5313 0.0886
vn 0.8795 0.4758 -0.0000
vn 0.8747 0.4758 0.0919
vn 0.9048 0.4259 -0.0000
vn 0.8998 0.4259 0.0946
vn 0.9253 0.3793 -0.0000
vn 0.9202 0.3793 0.0967
vn 0.9424 0.3344 -0.0000
vn 0.9373 0.3344 0.0985
vn 0.9571 0.2896 -0.0000
vn 0.9519 0.2896 0.1000
vn 0.9700 0.2433 -0.0000
vn 0.9646 0.2433 0.1014
vn 0.9811 0.1937 -0.0000
vn 0.9757 0.1937 0.1025
vn 0.9904 0.1385 -0.0000
vn 0.9849 0.1385 0.1035
vn 0.9972 0.0747 -0.0000
vn 0.9917 0.0747 0.1042
vn 0.8057 0.5313 -0.2618
vn 0.8287 0.5313 -0.1761
vn 0.8365 0.4758 -0.2718
vn 0.8603 0.4758 -0.1829
vn 0.8605 0.4259 -0.2796
vn 0.8850 0.4259 -0.1881
vn 0.8800 0.3793 -0.2859
vn 0.9050 0.3793 -0.1924
vn 0.8963 0.3344 -0.2912
vn 0.9218 0.3344 -0.1959
vn 0.9103 0.2896 -0.2958
vn 0.9362 0.2896 -0.1990
vn 0.9225 0.2433 -0.2997
vn 0.9488 0.2433 -0.2017
vn 0.9330 0.1937 -0.3032
vn 0.9596 0.1937 -0.2040
vn 0.9419 0.1385 -0.3060
vn 0.9687 0.1385 -0.2059
vn 0.9484 0.0747 -0.3082
vn 0.9754 0.0747 -0.2073
vn 0.6854 0.5313 -0.4980
vn 0.7337 0.5313 -0.4236
vn 0.7116 0.4758 -0.5170
vn 0.7617 0.4758 -0.4398
vn 0.7320 0.4259 -0.5318
vn 0.7836 0.4259 -0.4524
vn 0.7486 0.3793 -0.5439
vn 0.8013 0.3793 -0.4626
vn 0.7624 0.3344 -0.5539
vn 0.8162 0.3344 -0.4712
vn 0.7743 0.2896 -0.5626
vn 0.8289 0.2896 -0.4786
vn 0.7847 0.2433 -0.5701
vn 0.8400 0.2433 -0.4850
vn 0.7937 0.1937 -0.5767
vn 0.8496 0.1937 -0.4905
vn 0.8012 0.1385 -0.5821
vn 0.8577 0.1385 -0.4952
vn 0.8068 0.0747 -0.5861
vn 0.8636 0.0747 -0.4986
vn 0.4980 0.5313 -0.6854
vn 0.5669 0.5313 -0.6296
vn 0.5170 0.4758 -0.7116
vn 0.5885 0.4758 -0.6536
vn 0.5318 0.4259 -0.7320
vn 0.6054 0.4259 -0.6724
vn 0.5439 0.3793 -0.7486
vn 0.6191 0.3793 -0.6876
vn 0.5539 0.3344 -0.7624
vn 0.6306 0.3344 -0.7004
vn 0.5626 0.2896 -0.7744
vn 0.6405 0.2896 -0.7113
vn 0.5701 0.2433 -0.7847
vn 0.6490 0.2433 -0.7208
vn 0.5767 0.1937 -0.7937
vn 0.6565 0.1937 -0.7291
vn 0.5821 0.1385 -0.8012
vn 0.6627 0.1385 -0.7360
vn 0.5861 0.0747 -0.8068
vn 0.6673 0.0747 -0.7411
vn 0.2618 0.5313 -0.8057
vn 0.3446 0.5313 -0.7739
vn 0.2718 0.4758 -0.8365
vn 0.3577 0.4758 -0.8035
vn 0.2796 0.4259 -0.8605
vn 0.3680 0.4259 -0.8266
vn 0.2859 0.3793 -0.8800
vn 0.3763 0.3793 -0.8453
vn 0.2912 0.3344 -0.8963
vn 0.3833 0.3344 -0.8609
vn 0.2958 0.2896 -0.9103
vn 0.3893 0.2896 -0.8744
vn 0.2997 0.2433 -0.9225
vn 0.3945 0.2433 -0.8861
vn 0.3032 0.1937 -0.9330
vn 0.3990 0.1937 -0.8962
vn 0.3060 0.1385 -0.9419
vn 0.4028 0.1385 -0.9047
vn 0.3082 0.0747 -0.9484
vn 0.4056 0.0747 -0.9110
vn -0.0000 0.5313 -0.8472
vn 0.0886 0.5313 -0.8425
vn -0.0000 0.4758 -0.8795
vn 0.0919 0.4758 -0.8747
vn -0.0000 0.4259 -0.9048
vn 0.0946 0.4259 -0.8998
vn -0.0000 0.3793 -0.9253
vn 0.0967 0.3793 -0.9202
vn -0.0000 0.3344 -0.9424
vn 0.0985 0.3344 -0.9373
vn -0.0000 0.2896 -0.9571
vn 0.1000 0.2896 -0.9519
vn -0.0000 0.2433 -0.9700
vn 0.1014 0.2433 -0.9646
vn -0.0000 0.1937 -0.9811
vn 0.1025 0.1937 -0.9757
vn -0.0000 0.1385 -0.9904
vn 0.1035 0.1385 -0.9849
vn -0.0000 0.0747 -0.9972
vn 0.1042 0.0747 -0.9917
vn -0.2618 0.5313 -0.8057
vn -0.1761 0.5313 -0.8287
vn -0.2718 0.4758 -0.8365
vn -0.1829 0.4758 -0.8603
vn -0.2796 0.4259 -0.8605
vn -0.1881 0.4259 -0.8850
vn -0.2859 0.3793 -0.8800
vn -0.1924 0.3793 -0.9050
vn -0.2912 0.3344 -0.8963
vn -0.1959 0.3344 -0.9218
vn -0.2958 0.2896 -0.9103
vn -0.1990 0.2896 -0.9362
vn -0.2997 0.2433 -0.9225
vn -0.2017 0.2433 -0.9488
vn -0.3032 0.1937 -0.9330
vn -0.2040 0.1937 -0.9596
vn -0.3060 0.1385 -0.9419
vn -0.2059 0.1385 -0.9687
vn -0.3082 0.0747 -0.9484
vn -0.2073 0.0747 -0.9754
vn -0.4980 0.5313 -0.6854
vn -0.4236 0.5313 -0.7337
vn -0.5170 0.4758 -0.7116
vn -0.4398 0.4758 -0.7617
vn -0.5318 0.4259 -0.7320
vn -0.4524 0.4259 -0.7836
vn -0.5439 0.3793 -0.7486
vn -0.4626 0.3793 -0.8013
vn -0.5539 0.3344 -0.7624
vn -0.4712 0.3344 -0.8162
vn -0.5626 0.2896 -0.7743
vn -0.4786 0.2896 -0.8289
vn -0.5701 0.2433 -0.7847
vn -0.4850 0.2433 -0.8400
vn -0.5767 0.1937 -0.7937
vn -0.4905 0.1937 -0.8496
vn -0.5821 0.1385 -0.8012
vn -0.4952 0.1385 -0.8577
vn -0.5861 0.0747 -0.8068
vn -0.4986 0.0747 -0.8636
vn -0.6854 0.5313 -0.4980
vn -0.6296 0.5313 -0.5669
vn -0.7116 0.4758 -0.5170
vn -0.6536 0.4758 -0.5885
vn -0.7320 0.4259 -0.5318
vn -0.6724 0.4259 -0.6054
vn -0.7486 0.3793 -0.5439
vn -0.6876 0.3793 -0.6191
vn -0.7624 0.3344 -0.5539
vn -0.7004 0.3344 -0.6306
vn -0.7743 0.2896 -0.5626
vn -0.7113 0.2896 -0.6405
vn -0.7847 0.2433 -0.5701
vn -0.7208 0.2433 -0.6490
vn -0.7937 0.1937 -0.5767
vn -0.7291 0.1937 -0.6565
vn -0.8012 0.1385 -0.5821
vn -0.7360 0.1385 -0.6627
vn -0.8068 0.0747 -0.5861
vn -0.7411 0.0747 -0.6673
vn -0.8057 0.5313 -0.2618
vn -0.7739 0.5313 -0.3446
vn -0.8365 0.4758 -0.2718
vn -0.8035 0.4758 -0.3577
vn -0.8605 0.4259 -0.2796
vn -0.8266 0.4259 -0.3680
vn -0.8800 0.3793 -0.2859
vn -0.8453 0.3793 -0.3763
vn -0.8963 0.3344 -0.2912
vn -0.8609 0.3344 -0.3833
vn -0.9103 0.2896 -0.2958
vn -0.8744 0.2896 -0.3893
vn -0.9225 0.2433 -0.2997
vn -0.8861 0.2433 -0.3945
vn -0.9330 0.1937 -0.3032
vn -0.8962 0.1937 -0.3990
vn -0.9419 0.1385 -0.3060
vn -0.9047 0.1385 -0.4028
vn -0.9484 0.0747 -0.3082
vn -0.9110 0.0747 -0.4056
vn -0.8472 0.5313 -0.0000
vn -0.8425 0.5313 -0.0886
vn -0.8795 0.4758 -0.0000
vn -0.8747 0.4758 -0.0919
vn -0.9048 0.4259 -0.0000
vn -0.8998 0.4259 -0.0946
vn -0.9253 0.3793 -0.0000
vn -0.9202 0.3793 -0.0967
vn -0.9424 0.3344 -0.0000
vn -0.9373 0.3344 -0.0985
vn -0.9571 0.2896 -0.0000
vn -0.9519 0.2896 -0.1001
vn -0.9700 0.2433 -0.0000
vn -0.9646 0.2433 -0.1014
vn -0.9811 0.1937 -0.0000
vn -0.9757 0.1937 -0.1026
vn -0.9904 0.1385 -0.0000
vn -0.9849 0.1385 -0.1035
vn -0.9972 0.0747 -0.0000
vn -0.9917 0.0747 -0.1042
vn -0.8057 0.5313 0.2618
vn -0.8287 0.5313 0.1761
vn -0.8365 0.4758 0.2718
vn -0.8603 0.4758 0.1829
vn -0.8605 0.4259 0.2796
vn -0.8850 0.4259 0.1881
vn -0.8800 0.3793 0.2859
vn -0.9050 0.3793 0.1924
vn -0.8963 0.3344 0.2912
vn -0.9218 0.3344 0.1959
vn -0.9103 0.2896 0.2958
vn -0.9362 0.2896 0.1990
vn -0.9225 0.2433 0.2997
vn -0.9488 0.2433 0.2017
vn -0.9330 0.1937 0.3032
vn -0.9596 0.1937 0.2040
vn -0.9419 0.1385 0.3060
vn -0.9687 0.1385 0.2059
vn -0.9484 0.0747 0.3082
vn -0.9754 0.0747 0.2073
vn -0.6854 0.5313 0.4980
vn -0.7337 0.5313 0.4236
vn -0.7116 0.4758 0.5170
vn -0.7617 0.4758 0.4398
vn -0.7320 0.4259 0.5318
vn -0.7836 0.4259 0.4524
vn -0.7486 0.3793 0.5439
vn -0.8013 0.3793 0.4626
vn -0.7624 0.3344 0.5539
vn -0.8162 0.3344 0.4712
vn -0.7744 0.2896 0.5626
vn -0.8289 0.2896 0.4786
vn -0.7847 0.2433 0.5701
vn -0.8400 0.2433 0.4850
vn -0.7937 0.1937 0.5767
vn -0.8496 0.1937 0.4905
vn -0.8012 0.1385 0.5821
vn -0.8577 0.1385 0.4952
vn -0.8068 0.0747 0.5861
vn -0.8636 0.0747 0.4986
vn -0.4980 0.5313 0.6854
vn -0.5669 0.5313 0.6296
vn -0.5170 0.4758 0.7116
vn -0.5885 0.4758 0.6536
vn -0.5318 0.4259 0.7320
vn -0.6054 0.4259 0.6724
vn -0.5439 0.3793 0.7486
vn -0.6191 0.3793 0.6876
vn -0.5539 0.3344 0.7624
vn -0.6306 0.3344 0.7004
vn -0.5626 0.2896 0.7744
vn -0.6405 0.2896 0.7113
vn -0.5701 0.2433 0.7847
vn -0.6490 0.2433 0.7208
vn -0.5767 0.1937 0.7937
vn -0.6565 0.1937 0.7291
vn -0.5821 0.1385 0.8012
vn -0.6627 0.1385 0.7360
vn -0.5861 0.0747 0.8068
vn -0.6673 0.0747 0.7411
vn -0.2618 0.5313 0.8057
vn -0.3446 0.5313 0.7739
vn -0.2718 0.4758 0.8365
vn -0.3577 0.4758 0.8035
vn -0.2796 0.4259 0.8605
vn -0.3680 0.4259 0.8266
vn -0.2859 0.3793 0.8800
vn -0.3763 0.3793 0.8453
vn -0.2912 0.3344 0.8963
vn -0.3833 0.3344 0.8609
vn -0.2958 0.2896 0.9103
vn -0.3893 0.2896 0.8744
vn -0.2997 0.2433 0.9225
vn -0.3945 0.2433 0.8861
vn -0.3032 0.1937 0.9330
vn -0.3990 0.1937 0.8962
vn -0.3060 0.1385 0.9419
vn -0.4028 0.1385 0.9047
vn -0.3082 0.0747 0.9484
vn -0.4056 0.0747 0.9110
vn 0.0886 0.5313 0.8425
vn 0.0919 0.4758 0.8747
vn 0.0946 0.4259 0.8998
vn 0.0967 0.3793 0.9202
vn 0.0985 0.3344 0.9373
vn 0.1001 0.2896 0.9519
vn 0.1014 0.2433 0.9646
vn 0.1026 0.1937 0.9757
vn 0.1035 0.1385 0.9849
vn 0.1042 0.0747 0.9917
vn -0.4236 0.5313 0.7337
vn -0.4398 0.4758 0.7617
vn -0.4524 0.4259 0.7836
vn -0.4626 0.3793 0.8013
vn -0.4712 0.3344 0.8162
vn -0.4786 0.2896 0.8289
vn -0.4850 0.2433 0.8400
vn -0.4905 0.1937 0.8496
vn -0.4952 0.1385 0.8577
vn -0.4986 0.0747 0.8636
vn -0.6296 0.5313 0.5669
vn -0.6536 0.4758 0.5885
vn -0.6724 0.4259 0.6054
vn -0.6876 0.3793 0.6191
vn -0.7004 0.3344 0.6306
vn -0.7113 0.2896 0.6405
vn -0.7208 0.2433 0.6490
vn -0.7291 0.1937 0.6565
vn -0.7360 0.1385 0.6627
vn -0.7411 0.0747 0.6673
vn -0.7739 0.5313 0.3446
vn -0.8035 0.4758 0.3577
vn -0.8266 0.4259 0.3680
vn -0.8453 0.3793 0.3763
vn -0.8609 0.3344 0.3833
vn -0.8744 0.2896 0.3893
vn -0.8861 0.2433 0.3945
vn -0.8962 0.1937 0.3990
vn -0.9047 0.1385 0.4028
vn -0.9110 0.0747 0.4056
vn -0.8425 0.5313 0.0886
vn -0.8747 0.4758 0.0919
vn -0.8998 0.4259 0.0946
vn -0.9202 0.3793 0.0967
vn -0.9373 0.3344 0.0985
vn -0.9519 0.2896 0.1001
vn -0.9646 0.2433 0.1014
vn -0.9757 0.1937 0.1026
vn -0.9849 0.1385 0.1035
vn -0.9917 0.0747 0.1042
vn -0.8287 0.5313 -0.1761
vn -0.8603 0.4758 -0.1829
vn -0.8850 0.4259 -0.1881
vn -0.9051 0.3793 -0.1924
vn -0.9218 0.3344 -0.1959
vn -0.9362 0.2896 -0.1990
vn -0.9488 0.2433 -0.2017
vn -0.9596 0.1937 -0.2040
vn -0.9687 0.1385 -0.2059
vn -0.9754 0.0747 -0.2073
vn -0.7337 0.5313 -0.4236
vn -0.7617 0.4758 -0.4398
vn -0.7836 0.4259 -0.4524
vn -0.8013 0.3793 -0.4626
vn -0.8162 0.3344 -0.4712
vn -0.8289 0.2896 -0.4786
vn -0.8400 0.2433 -0.4850
vn -0.8496 0.1937 -0.4905
vn -0.8577 0.1385 -0.4952
vn -0.8636 0.0747 -0.4986
vn -0.5669 0.5313 -0.6296
vn -0.5885 0.4758 -0.6536
vn -0.6054 0.4259 -0.6724
vn -0.6191 0.3793 -0.6876
vn -0.6306 0.3344 -0.7004
vn -0.6405 0.2896 -0.7113
vn -0.6490 0.2433 -0.7208
vn -0.6565 0.1937 -0.7291
vn -0.6627 0.1385 -0.7360
vn -0.6673 0.0747 -0.7411
vn -0.3446 0.5313 -0.7739
vn -0.3577 0.4758 -0.8035
vn -0.3680 0.4259 -0.8266
vn -0.3763 0.3793 -0.8453
vn -0.3833 0.3344 -0.8609
vn -0.3893 0.2896 -0.8744
vn -0.3945 0.2433 -0.8861
vn -0.3990 0.1937 -0.8962
vn -0.4028 0.1385 -0.9047
vn -0.4056 0.0747 -0.9110
vn -0.0886 0.5313 -0.8425
vn -0.0919 0.4758 -0.8747
vn -0.0946 0.4259 -0.8998
vn -0.0967 0.3793 -0.9202
vn -0.0985 0.3344 -0.9373
vn -0.1000 0.2896 -0.9519
vn -0.1014 0.2433 -0.9646
vn -0.1025 0.1937 -0.9757
vn -0.1035 0.1385 -0.9849
vn -0.1042 0.0747 -0.9917
vn 0.1761 0.5313 -0.8287
vn 0.1829 0.4758 -0.8603
vn 0.1881 0.4259 -0.8850
vn 0.1924 0.3793 -0.9050
vn 0.1959 0.3344 -0.9218
vn 0.1990 0.2896 -0.9362
vn 0.2017 0.2433 -0.9488
vn 0.2040 0.1937 -0.9596
vn 0.2059 0.1385 -0.9687
vn 0.2073 0.0747 -0.9754
vn 0.4236 0.5313 -0.7337
vn 0.4398 0.4758 -0.7617
vn 0.4524 0.4259 -0.7836
vn 0.4626 0.3793 -0.8013
vn 0.4712 0.3344 -0.8162
vn 0.4786 0.2896 -0.8289
vn 0.4850 0.2433 -0.8400
vn 0.4905 0.1937 -0.8496
vn 0.4952 0.1385 -0.8577
vn 0.4986 0.0747 -0.8636
vn 0.6296 0.5313 -0.5669
vn 0.6536 0.4758 -0.5885
vn 0.6724 0.4259 -0.6054
vn 0.6876 0.3793 -0.6191
vn 0.7004 0.3344 -0.6306
vn 0.7113 0.2896 -0.6405
vn 0.7208 0.2433 -0.6490
vn 0.7291 0.1937 -0.6565
vn 0.7360 0.1385 -0.6627
vn 0.7411 0.0747 -0.6673
vn 0.7739 0.5313 -0.3446
vn 0.8035 0.4758 -0.3577
vn 0.8266 0.4259 -0.3680
vn 0.8453 0.3793 -0.3763
vn 0.8609 0.3344 -0.3833
vn 0.8744 0.2896 -0.3893
vn 0.8861 0.2433 -0.3945
vn 0.8962 0.1937 -0.3990
vn 0.9047 0.1385 -0.4028
vn 0.9110 0.0747 -0.4056
vn 0.8425 0.5313 -0.0886
vn 0.8747 0.4758 -0.0919
vn 0.8998 0.4259 -0.0946
vn 0.9202 0.3793 -0.0967
vn 0.9373 0.3344 -0.0985
vn 0.9519 0.2896 -0.1001
vn 0.9646 0.2433 -0.1014
vn 0.9757 0.1937 -0.1026
vn 0.9849 0.1385 -0.1035
vn 0.9917 0.0747 -0.1042
vn 0.8287 0.5313 0.1761
vn 0.8603 0.4758 0.1829
vn 0.8850 0.4259 0.1881
vn 0.9051 0.3793 0.1924
vn 0.9218 0.3344 0.1959
vn 0.9362 0.2896 0.1990
vn 0.9488 0.2433 0.2017
vn 0.9596 0.1937 0.2040
vn 0.9687 0.1385 0.2059
vn 0.9754 0.0747 0.2073
vn 0.7337 0.5313 0.4236
vn 0.7617 0.4758 0.4398
vn 0.7836 0.4259 0.4524
vn 0.8013 0.3793 0.4626
vn 0.8162 0.3344 0.4712
vn 0.8289 0.2896 0.4786
vn 0.8400 0.2433 0.4850
vn 0.8496 0.1937 0.4905
vn 0.8577 0.1385 0.4952
vn 0.8636 0.0747 0.4986
vn 0.5669 0.5313 0.6296
vn 0.5885 0.4758 0.6536
vn 0.6054 0.4259 0.6724
vn 0.6191 0.3793 0.6876
vn 0.6306 0.3344 0.7004
vn 0.6405 0.2896 0.7113
vn 0.6490 0.2433 0.7208
vn 0.6565 0.1937 0.7291
vn 0.6627 0.1385 0.7360
vn 0.6673 0.0747 0.7411
vn 0.3446 0.5313 0.7739
vn 0.3577 0.4758 0.8035
vn 0.3680 0.4259 0.8266
vn 0.3763 0.3793 0.8453
vn 0.3833 0.3344 0.8609
vn 0.3893 0.2896 0.8744
vn 0.3945 0.2433 0.8861
vn 0.3990 0.1937 0.8962
vn 0.4028 0.1385 0.9047
vn 0.4056 0.0747 0.9110
vn -0.1761 0.5313 0.8287
vn -0.1829 0.4758 0.8603
vn -0.1881 0.4259 0.8850
vn -0.1924 0.3793 0.9050
vn -0.1959 0.3344 0.9218
vn -0.1990 0.2896 0.9362
vn -0.2017 0.2433 0.9488
vn -0.2040 0.1937 0.9596
vn -0.2059 0.1385 0.9687
vn -0.2073 0.0747 0.9754
vn 0.0916 -0.4825 0.8711
vn -0.0000 -0.4825 0.8759
vn 0.0970 -0.3728 0.9228
vn -0.0000 -0.3728 0.9279
vn 0.1008 -0.2647 0.9591
vn -0.0000 -0.2647 0.9643
vn 0.1032 -0.1581 0.9820
vn -0.0000 -0.1581 0.9874
vn 0.1032 0.1581 0.9820
vn -0.0000 0.1581 0.9874
vn 0.1008 0.2647 0.9591
vn -0.0000 0.2647 0.9643
vn 0.0970 0.3728 0.9228
vn -0.0000 0.3728 0.9279
vn 0.0916 0.4825 0.8711
vn -0.0000 0.4825 0.8759
vn -0.2707 -0.4825 0.8331
vn -0.3563 -0.4825 0.8002
vn -0.2867 -0.3728 0.8825
vn -0.3774 -0.3728 0.8477
vn -0.2980 -0.2647 0.9171
vn -0.3922 -0.2647 0.8810
vn -0.3051 -0.1581 0.9391
vn -0.4016 -0.1581 0.9021
vn -0.3051 0.1581 0.9391
vn -0.4016 0.1581 0.9021
vn -0.2980 0.2647 0.9171
vn -0.3922 0.2647 0.8810
vn -0.2867 0.3728 0.8825
vn -0.3774 0.3728 0.8477
vn -0.2707 0.4825 0.8330
vn -0.3563 0.4825 0.8002
vn -0.4380 -0.4825 0.7586
vn -0.4639 -0.3728 0.8036
vn -0.4822 -0.2647 0.8351
vn -0.4937 -0.1581 0.8551
vn -0.4937 0.1581 0.8551
vn -0.4822 0.2647 0.8351
vn -0.4639 0.3728 0.8036
vn -0.4380 0.4825 0.7586
vn -0.5149 -0.4825 0.7086
vn -0.5454 -0.3728 0.7507
vn -0.5668 -0.2647 0.7802
vn -0.5804 -0.1581 0.7988
vn -0.5804 0.1581 0.7988
vn -0.5668 0.2647 0.7802
vn -0.5454 0.3728 0.7507
vn -0.5148 0.4825 0.7086
vn -0.5861 -0.4825 0.6509
vn -0.6209 -0.3728 0.6896
vn -0.6453 -0.2647 0.7166
vn -0.6607 -0.1581 0.7338
vn -0.6607 0.1581 0.7338
vn -0.6453 0.2647 0.7166
vn -0.6209 0.3728 0.6896
vn -0.5861 0.4825 0.6509
vn -0.6509 -0.4825 0.5861
vn -0.6896 -0.3728 0.6209
vn -0.7166 -0.2647 0.6453
vn -0.7338 -0.1581 0.6607
vn -0.7338 0.1581 0.6607
vn -0.7166 0.2647 0.6453
vn -0.6896 0.3728 0.6209
vn -0.6509 0.4825 0.5861
vn -0.7086 -0.4825 0.5149
vn -0.7507 -0.3728 0.5454
vn -0.7802 -0.2647 0.5668
vn -0.7988 -0.1581 0.5804
vn -0.7988 0.1581 0.5804
vn -0.7802 0.2647 0.5668
vn -0.7507 0.3728 0.5454
vn -0.7086 0.4825 0.5149
vn -0.7586 -0.4825 0.4380
vn -0.8036 -0.3728 0.4639
vn -0.8351 -0.2647 0.4822
vn -0.8551 -0.1581 0.4937
vn -0.8551 0.1581 0.4937
vn -0.8351 0.2647 0.4822
vn -0.8036 0.3728 0.4639
vn -0.7586 0.4825 0.4380
vn -0.8002 -0.4825 0.3563
vn -0.8477 -0.3728 0.3774
vn -0.8810 -0.2647 0.3922
vn -0.9021 -0.1581 0.4016
vn -0.9021 0.1581 0.4016
vn -0.8810 0.2647 0.3922
vn -0.8477 0.3728 0.3774
vn -0.8002 0.4825 0.3563
vn -0.8331 -0.4825 0.2707
vn -0.8825 -0.3728 0.2867
vn -0.9171 -0.2647 0.2980
vn -0.9391 -0.1581 0.3051
vn -0.9391 0.1581 0.3051
vn -0.9171 0.2647 0.2980
vn -0.8825 0.3728 0.2867
vn -0.8330 0.4825 0.2707
vn -0.8568 -0.4825 0.1821
vn -0.9076 -0.3728 0.1929
vn -0.9433 -0.2647 0.2005
vn -0.9658 -0.1581 0.2053
vn -0.9658 0.1581 0.2053
vn -0.9433 0.2647 0.2005
vn -0.9076 0.3728 0.1929
vn -0.8568 0.4825 0.1821
vn -0.8711 -0.4825 0.0916
vn -0.9228 -0.3728 0.0970
vn -0.9591 -0.2647 0.1008
vn -0.9820 -0.1581 0.1032
vn -0.9820 0.1581 0.1032
vn -0.9591 0.2647 0.1008
vn -0.9228 0.3728 0.0970
vn -0.8711 0.4825 0.0916
vn -0.8759 -0.4825 -0.0000
vn -0.9279 -0.3728 -0.0000
vn -0.9643 -0.2647 -0.0000
vn -0.9874 -0.1581 -0.0000
vn -0.9874 0.1581 -0.0000
vn -0.9643 0.2647 -0.0000
vn -0.9279 0.3728 -0.0000
vn -0.8759 0.4825 -0.0000
vn -0.8711 -0.4825 -0.0916
vn -0.9228 -0.3728 -0.0970
vn -0.9591 -0.2647 -0.1008
vn -0.9820 -0.1581 -0.1032
vn -0.9820 0.1581 -0.1032
vn -0.9591 0.2647 -0.1008
vn -0.9228 0.3728 -0.0970
vn -0.8711 0.4825 -0.0916
vn -0.8568 -0.4825 -0.1821
vn -0.9076 -0.3728 -0.1929
vn -0.9433 -0.2647 -0.2005
vn -0.9658 -0.1581 -0.2053
vn -0.9658 0.1581 -0.2053
vn -0.9433 0.2647 -0.2005
vn -0.9076 0.3728 -0.1929
vn -0.8568 0.4825 -0.1821
vn -0.8331 -0.4824 -0.2707
vn -0.8825 -0.3728 -0.2867
vn -0.9171 -0.2647 -0.2980
vn -0.9391 -0.1581 -0.3051
vn -0.9391 0.1581 -0.3051
vn -0.9171 0.2647 -0.2980
vn -0.8825 0.3728 -0.2867
vn -0.8330 0.4825 -0.2707
vn -0.8002 -0.4825 -0.3563
vn -0.8477 -0.3728 -0.3774
vn -0.8810 -0.2647 -0.3922
vn -0.9021 -0.1581 -0.4016
vn -0.9021 0.1581 -0.4016
vn -0.8810 0.2647 -0.3922
vn -0.8477 0.3728 -0.3774
vn -0.8002 0.4825 -0.3563
vn -0.7586 -0.4825 -0.4380
vn -0.8036 -0.3728 -0.4639
vn -0.8351 -0.2647 -0.4822
vn -0.8551 -0.1581 -0.4937
vn -0.8551 0.1581 -0.4937
vn -0.8351 0.2647 -0.4822
vn -0.8036 0.3728 -0.4639
vn -0.7586 0.4825 -0.4380
vn -0.7086 -0.4825 -0.5149
vn -0.7507 -0.3728 -0.5454
vn -0.7802 -0.2647 -0.5668
vn -0.7988 -0.1581 -0.5804
vn -0.7988 0.1581 -0.5804
vn -0.7802 0.2647 -0.5668
vn -0.7507 0.3728 -0.5454
vn -0.7086 0.4825 -0.5149
vn -0.6509 -0.4825 -0.5861
vn -0.6896 -0.3728 -0.6209
vn -0.7166 -0.2647 -0.6453
vn -0.7338 -0.1581 -0.6607
vn -0.7338 0.1581 -0.6607
vn -0.7166 0.2647 -0.6453
vn -0.6896 0.3728 -0.6209
vn -0.6509 0.4825 -0.5861
vn -0.5861 -0.4825 -0.6509
vn -0.6209 -0.3728 -0.6896
vn -0.6453 -0.2647 -0.7166
vn -0.6607 -0.1581 -0.7338
vn -0.6607 0.1581 -0.7338
vn -0.6453 0.2647 -0.7166
vn -0.6209 0.3728 -0.6896
vn -0.5861 0.4825 -0.6509
vn -0.5149 -0.4825 -0.7086
vn -0.5454 -0.3728 -0.7507
vn -0.5668 -0.2647 -0.7802
vn -0.5804 -0.1581 -0.7988
vn -0.5804 0.1581 -0.7988
vn -0.5668 0.2647 -0.7802
vn -0.5454 0.3728 -0.7507
vn -0.5149 0.4825 -0.7086
vn -0.4380 -0.4825 -0.7586
vn -0.4639 -0.3728 -0.8036
vn -0.4822 -0.2647 -0.8351
vn -0.4937 -0.1581 -0.8551
vn -0.4937 0.1581 -0.8551
vn -0.4822 0.2647 -0.8351
vn -0.4640 0.3728 -0.8036
vn -0.4380 0.4825 -0.7586
vn -0.3563 -0.4825 -0.8002
vn -0.3774 -0.3728 -0.8477
vn -0.3922 -0.2647 -0.8810
vn -0.4016 -0.1581 -0.9021
vn -0.4016 0.1581 -0.9021
vn -0.3922 0.2647 -0.8810
vn -0.3774 0.3728 -0.8477
vn -0.3563 0.4825 -0.8002
vn -0.2707 -0.4825 -0.8331
vn -0.2867 -0.3728 -0.8825
vn -0.2980 -0.2647 -0.9171
vn -0.3051 -0.1581 -0.9391
vn -0.3051 0.1581 -0.9391
vn -0.2980 0.2647 -0.9171
vn -0.2867 0.3728 -0.8825
vn -0.2707 0.4825 -0.8331
vn -0.1821 -0.4825 -0.8568
vn -0.1929 -0.3728 -0.9076
vn -0.2005 -0.2647 -0.9433
vn -0.2053 -0.1581 -0.9658
vn -0.2053 0.1581 -0.9658
vn -0.2005 0.2647 -0.9433
vn -0.1929 0.3728 -0.9076
vn -0.1821 0.4825 -0.8568
vn -0.0916 -0.4825 -0.8711
vn -0.0970 -0.3728 -0.9228
vn -0.1008 -0.2647 -0.9591
vn -0.1032 -0.1581 -0.9820
vn -0.1032 0.1581 -0.9820
vn -0.1008 0.2647 -0.9591
vn -0.0970 0.3728 -0.9228
vn -0.0916 0.4825 -0.8711
vn -0.0000 -0.4825 -0.8759
vn -0.0000 -0.3728 -0.9279
vn -0.0000 -0.2647 -0.9643
vn -0.0000 -0.1581 -0.9874
vn -0.0000 0.1581 -0.9874
vn -0.0000 0.2647 -0.9643
vn -0.0000 0.3728 -0.9279
vn -0.0000 0.4825 -0.8759
vn 0.0916 -0.4825 -0.8711
vn 0.0970 -0.3728 -0.9228
vn 0.1008 -0.2647 -0.9591
vn 0.1032 -0.1581 -0.9820
vn 0.1032 0.1581 -0.9820
vn 0.1008 0.2647 -0.9591
vn 0.0970 0.3728 -0.9228
vn 0.0916 0.4825 -0.8711
vn 0.1821 -0.4825 -0.8568
vn 0.1929 -0.3728 -0.9076
vn 0.2005 -0.2647 -0.9433
vn 0.2053 -0.1581 -0.9659
vn 0.2053 0.1581 -0.9659
vn 0.2005 0.2647 -0.9433
vn 0.1929 0.3728 -0.9076
vn 0.1821 0.4825 -0.8568
vn 0.2707 -0.4825 -0.8331
vn 0.2867 -0.3728 -0.8825
vn 0.2980 -0.2647 -0.9171
vn 0.3051 -0.1581 -0.9391
vn 0.3051 0.1581 -0.9391
vn 0.2980 0.2647 -0.9171
vn 0.2867 0.3728 -0.8825
vn 0.2707 0.4825 -0.8330
vn 0.3563 -0.4825 -0.8002
vn 0.3774 -0.3728 -0.8477
vn 0.3922 -0.2647 -0.8810
vn 0.4016 -0.1581 -0.9021
vn 0.4016 0.1581 -0.9021
vn 0.3922 0.2647 -0.8810
vn 0.3774 0.3728 -0.8477
vn 0.3563 0.4825 -0.8002
vn 0.4380 -0.4825 -0.7586
vn 0.4639 -0.3728 -0.8036
vn 0.4822 -0.2647 -0.8351
vn 0.4937 -0.1581 -0.8551
vn 0.4937 0.1581 -0.8551
vn 0.4822 0.2647 -0.8351
vn 0.4639 0.3728 -0.8036
vn 0.4380 0.4825 -0.7586
vn 0.5149 -0.4825 -0.7086
vn 0.5454 -0.3728 -0.7507
vn 0.5668 -0.2647 -0.7802
vn 0.5804 -0.1581 -0.7988
vn 0.5804 0.1581 -0.7988
vn 0.5668 0.2647 -0.7802
vn 0.5454 0.3728 -0.7507
vn 0.5149 0.4825 -0.7086
vn 0.5861 -0.4825 -0.6509
vn 0.6209 -0.3728 -0.6896
vn 0.6453 -0.2647 -0.7166
vn 0.6607 -0.1581 -0.7338
vn 0.6607 0.1581 -0.7338
vn 0.6453 0.2647 -0.7166
vn 0.6209 0.3728 -0.6896
vn 0.5861 0.4825 -0.6509
vn 0.6509 -0.4825 -0.5861
vn 0.6896 -0.3728 -0.6209
vn 0.7166 -0.2647 -0.6453
vn 0.7338 -0.1581 -0.6607
vn 0.7338 0.1581 -0.6607
vn 0.7166 0.2647 -0.6453
vn 0.6896 0.3728 -0.6209
vn 0.6509 0.4825 -0.5861
vn 0.7086 -0.4825 -0.5149
vn 0.7507 -0.3728 -0.5454
vn 0.7802 -0.2647 -0.5668
vn 0.7988 -0.1581 -0.5804
vn 0.7988 0.1581 -0.5804
vn 0.7802 0.2647 -0.5668
vn 0.7507 0.3728 -0.5454
vn 0.7086 0.4825 -0.5149
vn 0.7586 -0.4825 -0.4380
vn 0.8036 -0.3728 -0.4640
vn 0.8351 -0.2647 -0.4822
vn 0.8551 -0.1581 -0.4937
vn 0.8551 0.1581 -0.4937
vn 0.8351 0.2647 -0.4822
vn 0.8036 0.3728 -0.4640
vn 0.7586 0.4825 -0.4380
vn 0.8002 -0.4825 -0.3563
vn 0.8477 -0.3728 -0.3774
vn 0.8810 -0.2647 -0.3922
vn 0.9021 -0.1581 -0.4016
vn 0.9021 0.1581 -0.4016
vn 0.8810 0.2647 -0.3922
vn 0.8477 0.3728 -0.3774
vn 0.8002 0.4825 -0.3563
vn 0.8331 -0.4825 -0.2707
vn 0.8825 -0.3728 -0.2867
vn 0.9171 -0.2647 -0.2980
vn 0.9391 -0.1581 -0.3051
vn 0.9391 0.1581 -0.3051
vn 0.9171 0.2647 -0.2980
vn 0.8825 0.3728 -0.2867
vn 0.8330 0.4825 -0.2707
vn 0.8568 -0.4825 -0.1821
vn 0.9076 -0.3728 -0.1929
vn 0.9433 -0.2647 -0.2005
vn 0.9658 -0.1581 -0.2053
vn 0.9658 0.1581 -0.2053
vn 0.9433 0.2647 -0.2005
vn 0.9076 0.3728 -0.1929
vn 0.8568 0.4825 -0.1821
vn 0.8711 -0.4825 -0.0916
vn 0.9228 -0.3728 -0.0970
vn 0.9591 -0.2647 -0.1008
vn 0.9820 -0.1581 -0.1032
vn 0.9820 0.1581 -0.1032
vn 0.9591 0.2647 -0.1008
vn 0.9228 0.3728 -0.0970
vn 0.8711 0.4825 -0.0916
vn 0.8759 -0.4825 -0.0000
vn 0.9279 -0.3728 -0.0000
vn 0.9643 -0.2647 -0.0000
vn 0.9874 -0.1581 -0.0000
vn 0.9874 0.1581 -0.0000
vn 0.9643 0.2647 -0.0000
vn 0.9279 0.3728 -0.0000
vn 0.8759 0.4825 -0.0000
vn 0.8711 -0.4825 0.0916
vn 0.9228 -0.3728 0.0970
vn 0.9591 -0.2647 0.1008
vn 0.9820 -0.1581 0.1032
vn 0.9820 0.1581 0.1032
vn 0.9591 0.2647 0.1008
vn 0.9228 0.3728 0.0970
vn 0.8711 0.4825 0.0916
vn 0.8568 -0.4825 0.1821
vn 0.9076 -0.3728 0.1929
vn 0.9433 -0.2647 0.2005
vn 0.9659 -0.1581 0.2053
vn 0.9659 0.1581 0.2053
vn 0.9433 0.2647 0.2005
vn 0.9076 0.3728 0.1929
vn 0.8568 0.4825 0.1821
vn 0.8331 -0.4825 0.2707
vn 0.8825 -0.3728 0.2867
vn 0.9171 -0.2647 0.2980
vn 0.9391 -0.1581 0.3051
vn 0.9391 0.1581 0.3051
vn 0.9171 0.2647 0.2980
vn 0.8825 0.3728 0.2867
vn 0.8330 0.4825 0.2707
vn 0.8002 -0.4825 0.3563
vn 0.8477 -0.3728 0.3774
vn 0.8810 -0.2647 0.3922
vn 0.9021 -0.1581 0.4016
vn 0.9021 0.1581 0.4016
vn 0.8810 0.2647 0.3922
vn 0.8477 0.3728 0.3774
vn 0.8002 0.4825 0.3563
vn 0.7586 -0.4825 0.4380
vn 0.8036 -0.3728 0.4639
vn 0.8351 -0.2647 0.4822
vn 0.8551 -0.1581 0.4937
vn 0.8551 0.1581 0.4937
vn 0.8351 0.2647 0.4822
vn 0.8036 0.3728 0.4639
vn 0.7586 0.4825 0.4380
vn 0.7086 -0.4825 0.5149
vn 0.7507 -0.3728 0.5454
vn 0.7802 -0.2647 0.5668
vn 0.7988 -0.1581 0.5804
vn 0.7988 0.1581 0.5804
vn 0.7802 0.2647 0.5668
vn 0.7507 0.3728 0.5454
vn 0.7086 0.4825 0.5148
vn 0.6509 -0.4825 0.5861
vn 0.6896 -0.3728 0.6209
vn 0.7166 -0.2647 0.6453
vn 0.7338 -0.1581 0.6607
vn 0.7338 0.1581 0.6607
vn 0.7166 0.2647 0.6453
vn 0.6896 0.3728 0.6209
vn 0.6509 0.4825 0.5861
vn 0.5861 -0.4825 0.6509
vn 0.6209 -0.3728 0.6896
vn 0.6453 -0.2647 0.7166
vn 0.6607 -0.1581 0.7338
vn 0.6607 0.1581 0.7338
vn 0.6453 0.2647 0.7166
vn 0.6209 0.3728 0.6896
vn 0.5861 0.4825 0.6509
vn 0.5149 -0.4825 0.7086
vn 0.5454 -0.3728 0.7507
vn 0.5668 -0.2647 0.7802
vn 0.5804 -0.1581 0.7988
vn 0.5804 0.1581 0.7988
vn 0.5668 0.2647 0.7802
vn 0.5454 0.3728 0.7507
vn 0.5149 0.4825 0.7086
vn 0.4380 -0.4825 0.7586
vn 0.4640 -0.3728 0.8036
vn 0.4822 -0.2647 0.8351
vn 0.4937 -0.1581 0.8551
vn 0.4937 0.1581 0.8551
vn 0.4822 0.2647 0.8351
vn 0.4640 0.3728 0.8036
vn 0.4380 0.4825 0.7586
vn 0.3563 -0.4825 0.8002
vn 0.3774 -0.3728 0.8477
vn 0.3922 -0.2647 0.8810
vn 0.4016 -0.1581 0.9021
vn 0.4016 0.1581 0.9021
vn 0.3922 0.2647 0.8810
vn 0.3774 0.3728 0.8477
vn 0.3563 0.4825 0.8002
vn 0.2707 -0.4825 0.8331
vn 0.2867 -0.3728 0.8825
vn 0.2980 -0.2647 0.9171
vn 0.3051 -0.1581 0.9391
vn 0.3051 0.1581 0.9391
vn 0.2980 0.2647 0.9171
vn 0.2867 0.3728 0.8825
vn 0.2707 0.4825 0.8330
vn 0.1821 -0.4825 0.8568
vn 0.1929 -0.3728 0.9076
vn 0.2005 -0.2647 0.9433
vn 0.2053 -0.1581 0.9658
vn 0.2053 0.1581 0.9658
vn 0.2005 0.2647 0.9433
vn 0.1929 0.3728 0.9076
vn 0.1821 0.4825 0.8568
vn -0.1821 -0.4825 0.8568
vn -0.1929 -0.3728 0.9076
vn -0.2005 -0.2647 0.9433
vn -0.2053 -0.1581 0.9658
vn -0.2053 0.1581 0.9658
vn -0.2005 0.2647 0.9433
vn -0.1929 0.3728 0.9076
vn -0.1821 0.4825 0.8568
vn -0.0916 -0.4825 0.8711
vn -0.0970 -0.3728 0.9228
vn -0.1008 -0.2647 0.9591
vn -0.1032 -0.1581 0.9820
vn -0.1032 0.1581 0.9820
vn -0.1008 0.2647 0.9591
vn -0.0970 0.3728 0.9228
vn -0.0916 0.4825 0.8711
vn -0.0619 0.8056 0.5892
vn -0.0000 0.8056 0.5925
vn -0.1232 0.8056 0.5795
vn -0.1831 0.8056 0.5635
vn -0.2410 0.8056 0.5413
vn -0.2962 0.8056 0.5131
vn -0.3483 0.8056 0.4793
vn -0.3965 0.8056 0.4403
vn -0.4403 0.8056 0.3965
vn -0.4793 0.8056 0.3483
vn -0.5131 0.8056 0.2962
vn -0.5413 0.8056 0.2410
vn -0.5635 0.8056 0.1831
vn -0.5795 0.8056 0.1232
vn -0.5892 0.8056 0.0619
vn -0.5925 0.8056 -0.0000
vn -0.5892 0.8056 -0.0619
vn -0.5795 0.8056 -0.1232
vn -0.5635 0.8056 -0.1831
vn -0.5413 0.8056 -0.2410
vn -0.5131 0.8056 -0.2962
vn -0.4793 0.8056 -0.3483
vn -0.4403 0.8056 -0.3965
vn -0.3965 0.8056 -0.4403
vn -0.3483 0.8056 -0.4793
vn -0.2962 0.8056 -0.5131
vn -0.2410 0.8056 -0.5413
vn -0.1831 0.8056 -0.5635
vn -0.1232 0.8056 -0.5795
vn -0.0619 0.8056 -0.5892
vn -0.0000 0.8056 -0.5925
vn 0.0619 0.8056 -0.5892
vn 0.1232 0.8056 -0.5795
vn 0.1831 0.8056 -0.5635
vn 0.2410 0.8056 -0.5413
vn 0.2962 0.8056 -0.5131
vn 0.3483 0.8056 -0.4793
vn 0.3964 0.8056 -0.4403
vn 0.4403 0.8056 -0.3965
vn 0.4793 0.8056 -0.3483
vn 0.5131 0.8056 -0.2962
vn 0.5413 0.8056 -0.2410
vn 0.5635 0.8056 -0.1831
vn 0.5795 0.8056 -0.1232
vn 0.5892 0.8056 -0.0619
vn 0.5925 0.8056 -0.0000
vn 0.5892 0.8056 0.0619
vn 0.5795 0.8056 0.1232
vn 0.5635 0.8056 0.1831
vn 0.5413 0.8056 0.2410
vn 0.5131 0.8056 0.2962
vn 0.4793 0.8056 0.3483
vn 0.4403 0.8056 0.3964
vn 0.3965 0.8056 0.4403
vn 0.3483 0.8056 0.4793
vn 0.2962 0.8056 0.5131
vn 0.2410 0.8056 0.5413
vn 0.1831 0.8056 0.5635
vn 0.1232 0.8056 0.5795
vn 0.0619 0.8056 0.5892
vt 0.933333 0.988588
vt 0.933333 1.000000
vt 0.916667 1.000000
vt 0.916667 0.988588
vt 0.983333 0.623374
vt 0.983333 0.837977
vt 0.966667 0.837977
vt 0.966667 0.623374
vt 0.966667 0.623374
vt 0.950000 0.837977
vt 0.950000 0.623374
vt 0.933333 0.837977
vt 0.933333 0.623374
vt 0.916667 0.837977
vt 0.916667 0.623374
vt 0.916667 0.837977
vt 0.900000 0.837977
vt 0.900000 0.623374
vt 0.900000 0.837977
vt 0.883334 0.837977
vt 0.883333 0.623374
vt 0.866667 0.837977
vt 0.866667 0.623374
vt 0.866667 0.623374
vt 0.850000 0.837977
vt 0.850000 0.623374
vt 0.850000 0.623374
vt 0.833333 0.837977
vt 0.833333 0.623374
vt 0.833333 0.623374
vt 0.816667 0.837977
vt 0.816667 0.623374
vt 0.816667 0.623374
vt 0.800000 0.837977
vt 0.800000 0.623374
vt 0.783334 0.837977
vt 0.783334 0.623374
vt 0.783334 0.623374
vt 0.766667 0.837977
vt 0.766667 0.623374
vt 0.750000 0.837977
vt 0.750000 0.623374
vt 0.733334 0.837977
vt 0.733334 0.623374
vt 0.733334 0.623374
vt 0.716667 0.837977
vt 0.716667 0.623374
vt 0.700000 0.837977
vt 0.700000 0.623374
vt 0.683334 0.837977
vt 0.683334 0.623374
vt 0.666667 0.837977
vt 0.666667 0.623374
vt 0.666667 0.623374
vt 0.650000 0.837977
vt 0.650000 0.623374
vt 0.650000 0.623374
vt 0.633334 0.837977
vt 0.633334 0.623374
vt 0.616667 0.837977
vt 0.616667 0.623374
vt 0.616667 0.623374
vt 0.616667 0.837977
vt 0.600000 0.837977
vt 0.600000 0.623374
vt 0.583334 0.837977
vt 0.583334 0.623374
vt 0.566667 0.837977
vt 0.566667 0.623374
vt 0.550000 0.837977
vt 0.550000 0.623374
vt 0.533334 0.837977
vt 0.533334 0.623374
vt 0.516667 0.837977
vt 0.516667 0.623374
vt 0.500000 0.837977
vt 0.500000 0.623374
vt 0.483334 0.837977
vt 0.483334 0.623374
vt 0.466667 0.837977
vt 0.466667 0.623374
vt 0.466667 0.837977
vt 0.450000 0.837977
vt 0.450000 0.623374
vt 0.450000 0.623374
vt 0.450000 0.837977
vt 0.433334 0.837977
vt 0.433334 0.623374
vt 0.433334 0.837977
vt 0.416667 0.837977
vt 0.416667 0.623374
vt 0.416667 0.623374
vt 0.400000 0.837977
vt 0.400000 0.623374
vt 0.400000 0.623374
vt 0.383334 0.837977
vt 0.383334 0.623374
vt 0.383334 0.623374
vt 0.366667 0.837977
vt 0.366667 0.623374
vt 0.350000 0.837977
vt 0.350000 0.623374
vt 0.350000 0.623374
vt 0.333334 0.837977
vt 0.333334 0.623374
vt 0.333334 0.837977
vt 0.316667 0.837977
vt 0.316667 0.623374
vt 0.316667 0.623374
vt 0.300000 0.837977
vt 0.300000 0.623374
vt 0.283334 0.837977
vt 0.283334 0.623374
vt 0.266667 0.837977
vt 0.266667 0.623374
vt 0.266667 0.623374
vt 0.250000 0.837977
vt 0.250000 0.623374
vt 0.233334 0.837977
vt 0.233334 0.623374
vt 0.216667 0.837977
vt 0.216667 0.623374
vt 0.216667 0.623374
vt 0.200000 0.837977
vt 0.200000 0.623374
vt 0.200000 0.623374
vt 0.183334 0.837977
vt 0.183334 0.623374
vt 0.183334 0.623374
vt 0.166667 0.837977
vt 0.166667 0.623374
vt 0.150000 0.837977
vt 0.150000 0.623374
vt 0.150000 0.623374
vt 0.133334 0.837977
vt 0.133334 0.623374
vt 0.116667 0.837977
vt 0.116667 0.623374
vt 0.116667 0.623374
vt 0.116667 0.837977
vt 0.100000 0.837977
vt 0.100000 0.623374
vt 0.100000 0.623374
vt 0.083334 0.837977
vt 0.083334 0.623374
vt 0.066667 0.837977
vt 0.066667 0.623374
vt 0.050000 0.837977
vt 0.050000 0.623374
vt 0.033334 0.837977
vt 0.033334 0.623374
vt 0.066667 0.988588
vt 0.066667 1.000000
vt 0.050000 1.000000
vt 0.050000 0.988588
vt 0.016667 0.837977
vt 0.016667 0.623374
vt 1.000000 0.623374
vt 1.000000 0.837977
vt 0.983333 0.988588
vt 0.983333 1.000000
vt 0.966667 1.000000
vt 0.966667 0.988588
vt 0.016667 0.988588
vt 0.016667 1.000000
vt 0.000000 1.000000
vt 0.000000 0.988588
vt 0.966667 0.970942
vt 0.966667 0.976120
vt 0.950000 0.976120
vt 0.950000 0.970942
vt 0.116667 0.988588
vt 0.116667 1.000000
vt 0.100000 1.000000
vt 0.100000 0.988588
vt 0.050000 0.988588
vt 0.033334 1.000000
vt 0.033334 0.988588
vt 0.166667 0.988588
vt 0.166667 1.000000
vt 0.150000 1.000000
vt 0.150000 0.988588
vt 0.083334 1.000000
vt 0.083334 0.988588
vt 0.216667 0.988588
vt 0.216667 1.000000
vt 0.200000 1.000000
vt 0.200000 0.988588
vt 0.133334 1.000000
vt 0.133334 0.988588
vt 0.133334 0.988588
vt 0.116667 0.988588
vt 0.266667 0.988588
vt 0.266667 1.000000
vt 0.250000 1.000000
vt 0.250000 0.988588
vt 0.183334 1.000000
vt 0.183334 0.988588
vt 0.183334 0.988588
vt 0.316667 0.988588
vt 0.316667 1.000000
vt 0.300000 1.000000
vt 0.300000 0.988588
vt 0.250000 0.988588
vt 0.233334 1.000000
vt 0.233334 0.988588
vt 0.366667 0.988588
vt 0.366667 1.000000
vt 0.350000 1.000000
vt 0.350000 0.988588
vt 0.283334 1.000000
vt 0.283334 0.988588
vt 0.283334 0.988588
vt 0.416667 0.988588
vt 0.416667 1.000000
vt 0.400000 1.000000
vt 0.400000 0.988588
vt 0.333334 1.000000
vt 0.333334 0.988588
vt 0.466667 0.988588
vt 0.466667 1.000000
vt 0.450000 1.000000
vt 0.450000 0.988588
vt 0.400000 0.988588
vt 0.383334 1.000000
vt 0.383334 0.988588
vt 0.516667 0.988588
vt 0.516667 1.000000
vt 0.500000 1.000000
vt 0.500000 0.988588
vt 0.450000 0.988588
vt 0.433334 1.000000
vt 0.433334 0.988588
vt 0.566667 0.988588
vt 0.566667 1.000000
vt 0.550000 1.000000
vt 0.550000 0.988588
vt 0.483334 1.000000
vt 0.483334 0.988588
vt 0.483334 0.988588
vt 0.616667 0.988588
vt 0.616667 1.000000
vt 0.600000 1.000000
vt 0.600000 0.988588
vt 0.533334 1.000000
vt 0.533334 0.988588
vt 0.533334 0.988588
vt 0.666667 0.988588
vt 0.666667 1.000000
vt 0.650000 1.000000
vt 0.650000 0.988588
vt 0.600000 0.988588
vt 0.583334 1.000000
vt 0.583334 0.988588
vt 0.566667 0.988588
vt 0.716667 0.988588
vt 0.716667 1.000000
vt 0.700000 1.000000
vt 0.700000 0.988588
vt 0.633334 1.000000
vt 0.633334 0.988588
vt 0.766667 0.988588
vt 0.766667 1.000000
vt 0.750000 1.000000
vt 0.750000 0.988588
vt 0.683334 1.000000
vt 0.683334 0.988588
vt 0.683334 0.988588
vt 0.816667 0.988588
vt 0.816667 1.000000
vt 0.800000 1.000000
vt 0.800000 0.988588
vt 0.750000 0.988588
vt 0.733334 1.000000
vt 0.733334 0.988588
vt 0.716667 0.988588
vt 0.866667 0.988588
vt 0.866667 1.000000
vt 0.850000 1.000000
vt 0.850000 0.988588
vt 0.783334 1.000000
vt 0.783334 0.988588
vt 0.783334 0.988588
vt 0.900000 1.000000
vt 0.900000 0.988588
vt 0.833333 1.000000
vt 0.833333 0.988588
vt 0.833333 0.988588
vt 0.950000 0.988588
vt 0.950000 1.000000
vt 0.900000 0.988588
vt 0.883333 1.000000
vt 0.883333 0.988588
vt 0.750000 0.353348
vt 0.760803 0.352782
vt 0.771487 0.351089
vt 0.781936 0.348290
vt 0.792035 0.344413
vt 0.801674 0.339502
vt 0.810747 0.333610
vt 0.819153 0.326802
vt 0.826802 0.319153
vt 0.833610 0.310746
vt 0.839502 0.301674
vt 0.844413 0.292035
vt 0.848290 0.281936
vt 0.851089 0.271487
vt 0.852781 0.260803
vt 0.853348 0.250000
vt 0.852781 0.239197
vt 0.851089 0.228513
vt 0.848289 0.218064
vt 0.844413 0.207965
vt 0.839502 0.198326
vt 0.833610 0.189254
vt 0.826802 0.180847
vt 0.819153 0.173198
vt 0.810746 0.166390
vt 0.801674 0.160498
vt 0.792035 0.155587
vt 0.781936 0.151711
vt 0.771487 0.148911
vt 0.760803 0.147219
vt 0.750000 0.146652
vt 0.739197 0.147219
vt 0.728513 0.148911
vt 0.718064 0.151710
vt 0.707965 0.155587
vt 0.698327 0.160498
vt 0.689254 0.166390
vt 0.680847 0.173198
vt 0.673198 0.180847
vt 0.666390 0.189254
vt 0.660498 0.198326
vt 0.655587 0.207965
vt 0.651711 0.218064
vt 0.648911 0.228513
vt 0.647218 0.239197
vt 0.646652 0.250000
vt 0.647219 0.260803
vt 0.648911 0.271487
vt 0.651711 0.281936
vt 0.655587 0.292035
vt 0.660498 0.301674
vt 0.666390 0.310746
vt 0.673198 0.319153
vt 0.680847 0.326802
vt 0.689253 0.333610
vt 0.698326 0.339501
vt 0.707964 0.344413
vt 0.718064 0.348289
vt 0.728513 0.351089
vt 0.739197 0.352781
vt 0.983381 0.606464
vt 0.999952 0.606463
vt 0.983514 0.591192
vt 0.999820 0.591192
vt 0.983721 0.577871
vt 0.999613 0.577871
vt 0.983992 0.566772
vt 0.999341 0.566772
vt 0.984324 0.558119
vt 0.999010 0.558119
vt 0.985569 0.500000
vt 0.997765 0.500000
vt 0.750000 0.425625
vt 0.768358 0.424663
vt 0.767356 0.415132
vt 0.750000 0.416042
vt 0.766071 0.402905
vt 0.750000 0.403747
vt 0.764529 0.388231
vt 0.750000 0.388993
vt 0.762761 0.371409
vt 0.750000 0.372078
vt 0.966714 0.606464
vt 0.983286 0.606464
vt 0.966847 0.591192
vt 0.983153 0.591192
vt 0.967054 0.577871
vt 0.982946 0.577871
vt 0.967326 0.566772
vt 0.982674 0.566772
vt 0.967657 0.558119
vt 0.982343 0.558119
vt 0.968902 0.500000
vt 0.981098 0.500000
vt 0.786514 0.421788
vt 0.784522 0.412414
vt 0.781966 0.400388
vt 0.778898 0.385956
vt 0.775381 0.369410
vt 0.950048 0.606464
vt 0.966619 0.606464
vt 0.950180 0.591192
vt 0.966486 0.591192
vt 0.950387 0.577871
vt 0.966280 0.577871
vt 0.950659 0.566772
vt 0.966008 0.566772
vt 0.950990 0.558119
vt 0.965676 0.558119
vt 0.952235 0.500000
vt 0.964431 0.500000
vt 0.804271 0.417030
vt 0.801310 0.407915
vt 0.797511 0.396223
vt 0.792951 0.382190
vt 0.787724 0.366103
vt 0.933381 0.606464
vt 0.949952 0.606463
vt 0.933514 0.591192
vt 0.949820 0.591192
vt 0.933721 0.577871
vt 0.949613 0.577871
vt 0.933993 0.566772
vt 0.949341 0.566772
vt 0.934324 0.558119
vt 0.949010 0.558119
vt 0.935569 0.500000
vt 0.947765 0.500000
vt 0.821433 0.410442
vt 0.817535 0.401687
vt 0.812535 0.390455
vt 0.806533 0.376976
vt 0.799654 0.361524
vt 0.916714 0.606464
vt 0.933286 0.606464
vt 0.916847 0.591192
vt 0.933153 0.591192
vt 0.917054 0.577871
vt 0.932946 0.577871
vt 0.917326 0.566772
vt 0.932674 0.566772
vt 0.917657 0.558119
vt 0.932343 0.558119
vt 0.918902 0.500000
vt 0.931098 0.500000
vt 0.837813 0.402096
vt 0.833021 0.393797
vt 0.826874 0.383149
vt 0.819496 0.370371
vt 0.811039 0.355723
vt 0.900048 0.606464
vt 0.916619 0.606464
vt 0.900181 0.591192
vt 0.916486 0.591192
vt 0.900387 0.577871
vt 0.916280 0.577871
vt 0.900659 0.566772
vt 0.916008 0.566772
vt 0.900990 0.558119
vt 0.915677 0.558119
vt 0.902235 0.500000
vt 0.914432 0.500000
vt 0.853230 0.392084
vt 0.847597 0.384331
vt 0.840371 0.374384
vt 0.831698 0.362447
vt 0.821756 0.348763
vt 0.883381 0.606464
vt 0.899952 0.606463
vt 0.883514 0.591192
vt 0.899820 0.591192
vt 0.883721 0.577871
vt 0.899613 0.577871
vt 0.883993 0.566772
vt 0.899341 0.566772
vt 0.884324 0.558119
vt 0.899010 0.558119
vt 0.885569 0.500000
vt 0.897765 0.500000
vt 0.867516 0.380515
vt 0.861104 0.373393
vt 0.852877 0.364257
vt 0.843004 0.353292
vt 0.831686 0.340722
vt 0.866714 0.606464
vt 0.883286 0.606464
vt 0.866847 0.591192
vt 0.883153 0.591192
vt 0.867054 0.577871
vt 0.882946 0.577871
vt 0.867326 0.566772
vt 0.882674 0.566772
vt 0.867657 0.558119
vt 0.882343 0.558119
vt 0.868902 0.500000
vt 0.881098 0.500000
vt 0.880515 0.367517
vt 0.873393 0.361104
vt 0.864257 0.352877
vt 0.853292 0.343004
vt 0.840722 0.331686
vt 0.850048 0.606464
vt 0.866619 0.606464
vt 0.850181 0.591192
vt 0.866486 0.591192
vt 0.850387 0.577871
vt 0.866280 0.577872
vt 0.850659 0.566772
vt 0.866008 0.566772
vt 0.850990 0.558119
vt 0.865677 0.558119
vt 0.852235 0.500000
vt 0.864432 0.500000
vt 0.892084 0.353230
vt 0.884331 0.347597
vt 0.874385 0.340371
vt 0.862448 0.331698
vt 0.848763 0.321756
vt 0.833381 0.606464
vt 0.849953 0.606464
vt 0.833514 0.591192
vt 0.849820 0.591192
vt 0.833721 0.577871
vt 0.849613 0.577871
vt 0.833993 0.566772
vt 0.849341 0.566772
vt 0.834324 0.558119
vt 0.849010 0.558119
vt 0.835569 0.500000
vt 0.847765 0.500000
vt 0.902096 0.337813
vt 0.893796 0.333021
vt 0.883150 0.326874
vt 0.870371 0.319496
vt 0.855723 0.311039
vt 0.816714 0.606463
vt 0.833286 0.606464
vt 0.816847 0.591192
vt 0.833153 0.591192
vt 0.817054 0.577871
vt 0.832946 0.577871
vt 0.817326 0.566772
vt 0.832674 0.566772
vt 0.817657 0.558119
vt 0.832343 0.558119
vt 0.818902 0.500000
vt 0.831098 0.500000
vt 0.910442 0.321433
vt 0.901687 0.317535
vt 0.890456 0.312535
vt 0.876976 0.306534
vt 0.861524 0.299654
vt 0.800048 0.606464
vt 0.816619 0.606464
vt 0.800181 0.591192
vt 0.816486 0.591192
vt 0.800387 0.577871
vt 0.816280 0.577871
vt 0.800659 0.566772
vt 0.816008 0.566772
vt 0.800990 0.558119
vt 0.815677 0.558119
vt 0.802235 0.500000
vt 0.814432 0.500000
vt 0.917030 0.304271
vt 0.907915 0.301310
vt 0.896223 0.297511
vt 0.882190 0.292951
vt 0.866103 0.287724
vt 0.783381 0.606464
vt 0.799953 0.606464
vt 0.783514 0.591192
vt 0.799820 0.591192
vt 0.783721 0.577871
vt 0.799613 0.577871
vt 0.783993 0.566772
vt 0.799341 0.566772
vt 0.784324 0.558119
vt 0.799010 0.558119
vt 0.785569 0.500000
vt 0.797765 0.500000
vt 0.921788 0.286515
vt 0.912413 0.284522
vt 0.900388 0.281966
vt 0.885956 0.278898
vt 0.869410 0.275382
vt 0.766714 0.606464
vt 0.783286 0.606464
vt 0.766847 0.591192
vt 0.783153 0.591192
vt 0.767054 0.577871
vt 0.782946 0.577871
vt 0.767326 0.566772
vt 0.782674 0.566772
vt 0.767657 0.558119
vt 0.782343 0.558119
vt 0.768902 0.500000
vt 0.781098 0.500000
vt 0.924663 0.268358
vt 0.915132 0.267356
vt 0.902905 0.266071
vt 0.888232 0.264529
vt 0.871409 0.262761
vt 0.750048 0.606464
vt 0.766619 0.606464
vt 0.750181 0.591192
vt 0.766486 0.591192
vt 0.750387 0.577871
vt 0.766280 0.577871
vt 0.750659 0.566772
vt 0.766008 0.566772
vt 0.750991 0.558119
vt 0.765677 0.558119
vt 0.752236 0.500000
vt 0.764432 0.500000
vt 0.925626 0.250000
vt 0.916042 0.250000
vt 0.903748 0.250000
vt 0.888993 0.250000
vt 0.872078 0.250000
vt 0.733381 0.606464
vt 0.749953 0.606464
vt 0.733514 0.591192
vt 0.749820 0.591192
vt 0.733721 0.577871
vt 0.749613 0.577871
vt 0.733993 0.566772
vt 0.749341 0.566772
vt 0.734324 0.558119
vt 0.749010 0.558119
vt 0.735569 0.500000
vt 0.747765 0.500000
vt 0.924664 0.231642
vt 0.915132 0.232644
vt 0.902906 0.233929
vt 0.888232 0.235471
vt 0.871409 0.237239
vt 0.716715 0.606464
vt 0.733286 0.606464
vt 0.716847 0.591192
vt 0.733153 0.591192
vt 0.717054 0.577871
vt 0.732946 0.577872
vt 0.717326 0.566772
vt 0.732674 0.566772
vt 0.717657 0.558119
vt 0.732343 0.558119
vt 0.718902 0.500000
vt 0.731098 0.500000
vt 0.921788 0.213485
vt 0.912413 0.215478
vt 0.900388 0.218034
vt 0.885955 0.221102
vt 0.869410 0.224618
vt 0.700048 0.606464
vt 0.716619 0.606464
vt 0.700181 0.591192
vt 0.716486 0.591192
vt 0.700387 0.577871
vt 0.716280 0.577871
vt 0.700659 0.566772
vt 0.716008 0.566772
vt 0.700991 0.558119
vt 0.715677 0.558119
vt 0.702236 0.500000
vt 0.714432 0.500000
vt 0.917030 0.195729
vt 0.907915 0.198690
vt 0.896223 0.202489
vt 0.882190 0.207049
vt 0.866103 0.212276
vt 0.683381 0.606464
vt 0.699953 0.606464
vt 0.683514 0.591192
vt 0.699820 0.591192
vt 0.683721 0.577871
vt 0.699613 0.577871
vt 0.683993 0.566772
vt 0.699341 0.566772
vt 0.684324 0.558119
vt 0.699010 0.558119
vt 0.685569 0.500000
vt 0.697765 0.500000
vt 0.910442 0.178567
vt 0.901687 0.182465
vt 0.890456 0.187465
vt 0.876976 0.193466
vt 0.861524 0.200346
vt 0.666714 0.606464
vt 0.683286 0.606464
vt 0.666847 0.591192
vt 0.683153 0.591192
vt 0.667054 0.577871
vt 0.682946 0.577872
vt 0.667326 0.566772
vt 0.682675 0.566772
vt 0.667657 0.558119
vt 0.682343 0.558119
vt 0.668902 0.500000
vt 0.681098 0.500000
vt 0.902096 0.162187
vt 0.893797 0.166979
vt 0.883149 0.173126
vt 0.870371 0.180504
vt 0.855723 0.188961
vt 0.650048 0.606464
vt 0.666619 0.606464
vt 0.650181 0.591192
vt 0.666486 0.591192
vt 0.650388 0.577871
vt 0.666280 0.577871
vt 0.650659 0.566772
vt 0.666008 0.566772
vt 0.650991 0.558119
vt 0.665677 0.558119
vt 0.652236 0.500000
vt 0.664432 0.500000
vt 0.892084 0.146770
vt 0.884331 0.152403
vt 0.874385 0.159630
vt 0.862447 0.168302
vt 0.848763 0.178244
vt 0.633381 0.606464
vt 0.649953 0.606464
vt 0.633514 0.591192
vt 0.649820 0.591192
vt 0.633721 0.577871
vt 0.649613 0.577871
vt 0.633993 0.566772
vt 0.649341 0.566772
vt 0.634324 0.558119
vt 0.649010 0.558119
vt 0.635569 0.500000
vt 0.647765 0.500000
vt 0.880515 0.132484
vt 0.873393 0.138896
vt 0.864257 0.147123
vt 0.853292 0.156996
vt 0.840722 0.168314
vt 0.616715 0.606464
vt 0.633286 0.606464
vt 0.616848 0.591192
vt 0.633153 0.591192
vt 0.617054 0.577871
vt 0.632946 0.577872
vt 0.617326 0.566772
vt 0.632675 0.566772
vt 0.617657 0.558119
vt 0.632343 0.558119
vt 0.618902 0.500000
vt 0.631098 0.500000
vt 0.867516 0.119485
vt 0.861103 0.126607
vt 0.852877 0.135743
vt 0.843004 0.146708
vt 0.831686 0.159278
vt 0.600048 0.606464
vt 0.616619 0.606464
vt 0.600181 0.591192
vt 0.616487 0.591192
vt 0.600388 0.577871
vt 0.616280 0.577871
vt 0.600660 0.566772
vt 0.616008 0.566772
vt 0.600991 0.558119
vt 0.615677 0.558119
vt 0.602236 0.500000
vt 0.614432 0.500000
vt 0.853230 0.107916
vt 0.847597 0.115669
vt 0.840370 0.125616
vt 0.831698 0.137552
vt 0.821756 0.151237
vt 0.583381 0.606464
vt 0.599953 0.606464
vt 0.583514 0.591192
vt 0.599820 0.591192
vt 0.583721 0.577871
vt 0.599613 0.577871
vt 0.583993 0.566772
vt 0.599341 0.566772
vt 0.584324 0.558119
vt 0.599010 0.558119
vt 0.585569 0.500000
vt 0.597765 0.500000
vt 0.837813 0.097904
vt 0.833021 0.106204
vt 0.826874 0.116851
vt 0.819496 0.129629
vt 0.811039 0.144277
vt 0.566715 0.606464
vt 0.583286 0.606464
vt 0.566848 0.591192
vt 0.583153 0.591192
vt 0.567054 0.577871
vt 0.582947 0.577872
vt 0.567326 0.566772
vt 0.582675 0.566772
vt 0.567657 0.558119
vt 0.582343 0.558119
vt 0.568902 0.500000
vt 0.581099 0.500000
vt 0.821434 0.089558
vt 0.817535 0.098313
vt 0.812535 0.109545
vt 0.806533 0.123024
vt 0.799654 0.138476
vt 0.550048 0.606464
vt 0.566620 0.606464
vt 0.550181 0.591192
vt 0.566487 0.591192
vt 0.550388 0.577871
vt 0.566280 0.577871
vt 0.550660 0.566772
vt 0.566008 0.566772
vt 0.550991 0.558119
vt 0.565677 0.558119
vt 0.552236 0.500000
vt 0.564432 0.500000
vt 0.804271 0.082970
vt 0.801310 0.092085
vt 0.797511 0.103777
vt 0.792951 0.117810
vt 0.787724 0.133897
vt 0.533381 0.606464
vt 0.549953 0.606464
vt 0.533514 0.591192
vt 0.549820 0.591192
vt 0.533721 0.577871
vt 0.549613 0.577871
vt 0.533993 0.566772
vt 0.549341 0.566772
vt 0.534324 0.558119
vt 0.549010 0.558119
vt 0.535569 0.500000
vt 0.547765 0.500000
vt 0.786515 0.078212
vt 0.784522 0.087587
vt 0.781966 0.099612
vt 0.778898 0.114045
vt 0.775382 0.130590
vt 0.516715 0.606464
vt 0.533286 0.606464
vt 0.516848 0.591192
vt 0.533153 0.591192
vt 0.517054 0.577871
vt 0.532947 0.577871
vt 0.517326 0.566772
vt 0.532675 0.566772
vt 0.517657 0.558119
vt 0.532344 0.558119
vt 0.518902 0.500000
vt 0.531099 0.500000
vt 0.768358 0.075337
vt 0.767356 0.084868
vt 0.766071 0.097095
vt 0.764529 0.111769
vt 0.762761 0.128591
vt 0.500048 0.606464
vt 0.516620 0.606464
vt 0.500181 0.591192
vt 0.516487 0.591192
vt 0.500388 0.577871
vt 0.516280 0.577871
vt 0.500660 0.566772
vt 0.516008 0.566772
vt 0.500991 0.558119
vt 0.515677 0.558119
vt 0.502236 0.500000
vt 0.514432 0.500000
vt 0.750000 0.074375
vt 0.750000 0.083958
vt 0.750000 0.096253
vt 0.750000 0.111007
vt 0.750000 0.127922
vt 0.483381 0.606464
vt 0.499953 0.606464
vt 0.483514 0.591192
vt 0.499820 0.591192
vt 0.483721 0.577871
vt 0.499613 0.577871
vt 0.483993 0.566772
vt 0.499341 0.566772
vt 0.484324 0.558119
vt 0.499010 0.558119
vt 0.485569 0.500000
vt 0.497765 0.500000
vt 0.731642 0.075337
vt 0.732644 0.084868
vt 0.733929 0.097095
vt 0.735471 0.111769
vt 0.737239 0.128591
vt 0.466715 0.606464
vt 0.483286 0.606464
vt 0.466848 0.591192
vt 0.483153 0.591192
vt 0.467054 0.577871
vt 0.482947 0.577871
vt 0.467326 0.566772
vt 0.482675 0.566772
vt 0.467657 0.558119
vt 0.482343 0.558119
vt 0.468902 0.500000
vt 0.481099 0.500000
vt 0.713486 0.078212
vt 0.715478 0.087586
vt 0.718034 0.099612
vt 0.721102 0.114044
vt 0.724619 0.130590
vt 0.450048 0.606464
vt 0.466620 0.606464
vt 0.450181 0.591192
vt 0.466487 0.591192
vt 0.450388 0.577871
vt 0.466280 0.577872
vt 0.450660 0.566772
vt 0.466008 0.566772
vt 0.450991 0.558119
vt 0.465677 0.558119
vt 0.452236 0.500000
vt 0.464432 0.500000
vt 0.695729 0.082970
vt 0.698691 0.092085
vt 0.702490 0.103777
vt 0.707049 0.117810
vt 0.712276 0.133897
vt 0.433381 0.606464
vt 0.449953 0.606464
vt 0.433514 0.591192
vt 0.449820 0.591192
vt 0.433721 0.577871
vt 0.449613 0.577871
vt 0.433993 0.566772
vt 0.449341 0.566772
vt 0.434324 0.558119
vt 0.449010 0.558119
vt 0.435569 0.500000
vt 0.447765 0.500000
vt 0.678567 0.089558
vt 0.682465 0.098313
vt 0.687466 0.109545
vt 0.693467 0.123024
vt 0.700347 0.138476
vt 0.416715 0.606464
vt 0.433286 0.606464
vt 0.416848 0.591192
vt 0.433153 0.591192
vt 0.417054 0.577871
vt 0.432947 0.577871
vt 0.417326 0.566772
vt 0.432675 0.566772
vt 0.417657 0.558119
vt 0.432343 0.558119
vt 0.418902 0.500000
vt 0.431099 0.500000
vt 0.662188 0.097904
vt 0.666979 0.106203
vt 0.673126 0.116851
vt 0.680504 0.129629
vt 0.688961 0.144277
vt 0.400048 0.606464
vt 0.416620 0.606464
vt 0.400181 0.591192
vt 0.416487 0.591192
vt 0.400388 0.577871
vt 0.416280 0.577872
vt 0.400660 0.566772
vt 0.416008 0.566772
vt 0.400991 0.558119
vt 0.415677 0.558119
vt 0.402236 0.500000
vt 0.414432 0.500000
vt 0.646770 0.107916
vt 0.652403 0.115669
vt 0.659630 0.125615
vt 0.668302 0.137552
vt 0.678245 0.151237
vt 0.383381 0.606464
vt 0.399953 0.606464
vt 0.383514 0.591192
vt 0.399820 0.591192
vt 0.383721 0.577871
vt 0.399613 0.577871
vt 0.383993 0.566772
vt 0.399341 0.566772
vt 0.384324 0.558119
vt 0.399010 0.558119
vt 0.385569 0.500000
vt 0.397765 0.500000
vt 0.632484 0.119485
vt 0.638896 0.126607
vt 0.647123 0.135743
vt 0.656996 0.146708
vt 0.668314 0.159278
vt 0.366715 0.606464
vt 0.383286 0.606464
vt 0.366848 0.591192
vt 0.383153 0.591192
vt 0.367054 0.577871
vt 0.382946 0.577871
vt 0.367326 0.566772
vt 0.382675 0.566772
vt 0.367657 0.558119
vt 0.382343 0.558119
vt 0.368902 0.500000
vt 0.381098 0.500000
vt 0.619485 0.132483
vt 0.626607 0.138896
vt 0.635744 0.147122
vt 0.646709 0.156995
vt 0.659278 0.168313
vt 0.350048 0.606464
vt 0.366619 0.606464
vt 0.350181 0.591192
vt 0.366487 0.591192
vt 0.350388 0.577871
vt 0.366280 0.577871
vt 0.350659 0.566772
vt 0.366008 0.566772
vt 0.350991 0.558119
vt 0.365677 0.558119
vt 0.352236 0.500000
vt 0.364432 0.500000
vt 0.607916 0.146770
vt 0.615669 0.152403
vt 0.625616 0.159629
vt 0.637553 0.168302
vt 0.651237 0.178244
vt 0.333381 0.606464
vt 0.349953 0.606464
vt 0.333514 0.591192
vt 0.349820 0.591192
vt 0.333721 0.577871
vt 0.349613 0.577871
vt 0.333993 0.566772
vt 0.349341 0.566772
vt 0.334324 0.558119
vt 0.349010 0.558119
vt 0.335569 0.500000
vt 0.347765 0.500000
vt 0.597904 0.162187
vt 0.606204 0.166979
vt 0.616851 0.173126
vt 0.629629 0.180503
vt 0.644278 0.188961
vt 0.316715 0.606464
vt 0.333286 0.606464
vt 0.316848 0.591192
vt 0.333153 0.591192
vt 0.317054 0.577871
vt 0.332946 0.577871
vt 0.317326 0.566772
vt 0.332675 0.566772
vt 0.317657 0.558119
vt 0.332343 0.558119
vt 0.318902 0.500000
vt 0.331098 0.500000
vt 0.589558 0.178566
vt 0.598313 0.182464
vt 0.609545 0.187465
vt 0.623024 0.193466
vt 0.638476 0.200346
vt 0.300048 0.606464
vt 0.316619 0.606464
vt 0.300181 0.591192
vt 0.316486 0.591192
vt 0.300388 0.577871
vt 0.316280 0.577871
vt 0.300659 0.566772
vt 0.316008 0.566772
vt 0.300991 0.558119
vt 0.315677 0.558119
vt 0.302236 0.500000
vt 0.314432 0.500000
vt 0.582971 0.195728
vt 0.592085 0.198690
vt 0.603778 0.202489
vt 0.617810 0.207048
vt 0.633897 0.212275
vt 0.283381 0.606464
vt 0.299953 0.606464
vt 0.283514 0.591192
vt 0.299820 0.591192
vt 0.283721 0.577871
vt 0.299613 0.577871
vt 0.283993 0.566772
vt 0.299341 0.566772
vt 0.284324 0.558119
vt 0.299010 0.558119
vt 0.285569 0.500000
vt 0.297765 0.500000
vt 0.578212 0.213485
vt 0.587587 0.215477
vt 0.599612 0.218034
vt 0.614045 0.221101
vt 0.630590 0.224618
vt 0.266715 0.606464
vt 0.283286 0.606464
vt 0.266847 0.591192
vt 0.283153 0.591192
vt 0.267054 0.577871
vt 0.282946 0.577872
vt 0.267326 0.566772
vt 0.282675 0.566772
vt 0.267657 0.558119
vt 0.282343 0.558119
vt 0.268902 0.500000
vt 0.281099 0.500000
vt 0.575337 0.231642
vt 0.584868 0.232643
vt 0.597095 0.233929
vt 0.611769 0.235471
vt 0.628591 0.237239
vt 0.250048 0.606464
vt 0.266619 0.606464
vt 0.250181 0.591192
vt 0.266486 0.591192
vt 0.250387 0.577871
vt 0.266280 0.577871
vt 0.250659 0.566772
vt 0.266008 0.566772
vt 0.250991 0.558119
vt 0.265677 0.558119
vt 0.252236 0.500000
vt 0.264432 0.500000
vt 0.574375 0.249999
vt 0.583958 0.249999
vt 0.596253 0.250000
vt 0.611007 0.250000
vt 0.627922 0.250000
vt 0.233381 0.606464
vt 0.249953 0.606464
vt 0.233514 0.591192
vt 0.249820 0.591192
vt 0.233721 0.577871
vt 0.249613 0.577871
vt 0.233993 0.566772
vt 0.249341 0.566772
vt 0.234324 0.558119
vt 0.249010 0.558119
vt 0.235569 0.500000
vt 0.247765 0.500000
vt 0.575337 0.268357
vt 0.584868 0.267356
vt 0.597095 0.266071
vt 0.611768 0.264528
vt 0.628591 0.262760
vt 0.216714 0.606463
vt 0.233286 0.606464
vt 0.216847 0.591192
vt 0.233153 0.591192
vt 0.217054 0.577871
vt 0.232946 0.577871
vt 0.217326 0.566772
vt 0.232674 0.566772
vt 0.217657 0.558119
vt 0.232343 0.558119
vt 0.218902 0.500000
vt 0.231098 0.500000
vt 0.578212 0.286514
vt 0.587587 0.284522
vt 0.599612 0.281965
vt 0.614044 0.278898
vt 0.630589 0.275381
vt 0.200048 0.606464
vt 0.216619 0.606464
vt 0.200181 0.591192
vt 0.216486 0.591192
vt 0.200387 0.577871
vt 0.216280 0.577871
vt 0.200659 0.566772
vt 0.216008 0.566772
vt 0.200991 0.558119
vt 0.215677 0.558119
vt 0.202236 0.500000
vt 0.214432 0.500000
vt 0.582970 0.304271
vt 0.592085 0.301309
vt 0.603777 0.297510
vt 0.617810 0.292951
vt 0.633897 0.287724
vt 0.183381 0.606464
vt 0.199953 0.606464
vt 0.183514 0.591192
vt 0.199820 0.591193
vt 0.183721 0.577871
vt 0.199613 0.577871
vt 0.183993 0.566772
vt 0.199341 0.566772
vt 0.184324 0.558119
vt 0.199010 0.558119
vt 0.185569 0.500000
vt 0.197765 0.500000
vt 0.589558 0.321433
vt 0.598313 0.317535
vt 0.609544 0.312534
vt 0.623024 0.306533
vt 0.638476 0.299653
vt 0.166714 0.606464
vt 0.183286 0.606464
vt 0.166847 0.591192
vt 0.183153 0.591192
vt 0.167054 0.577871
vt 0.182946 0.577871
vt 0.167326 0.566772
vt 0.182674 0.566772
vt 0.167657 0.558119
vt 0.182343 0.558119
vt 0.168902 0.500000
vt 0.181098 0.500000
vt 0.597904 0.337812
vt 0.606203 0.333020
vt 0.616851 0.326873
vt 0.629629 0.319496
vt 0.644277 0.311039
vt 0.150048 0.606464
vt 0.166619 0.606464
vt 0.150181 0.591192
vt 0.166486 0.591192
vt 0.150387 0.577871
vt 0.166280 0.577871
vt 0.150659 0.566772
vt 0.166008 0.566772
vt 0.150991 0.558119
vt 0.165677 0.558119
vt 0.152236 0.500000
vt 0.164432 0.500000
vt 0.607916 0.353230
vt 0.615669 0.347596
vt 0.625615 0.340370
vt 0.637552 0.331697
vt 0.651236 0.321755
vt 0.133381 0.606463
vt 0.149953 0.606464
vt 0.133514 0.591192
vt 0.149820 0.591192
vt 0.133721 0.577871
vt 0.149613 0.577871
vt 0.133993 0.566772
vt 0.149341 0.566772
vt 0.134324 0.558119
vt 0.149010 0.558119
vt 0.135569 0.500000
vt 0.147765 0.500000
vt 0.619484 0.367516
vt 0.626607 0.361103
vt 0.635743 0.352877
vt 0.646708 0.343004
vt 0.659278 0.331686
vt 0.116714 0.606464
vt 0.133286 0.606463
vt 0.116847 0.591192
vt 0.133153 0.591192
vt 0.117054 0.577871
vt 0.132946 0.577871
vt 0.117326 0.566772
vt 0.132675 0.566772
vt 0.117657 0.558119
vt 0.132343 0.558119
vt 0.118902 0.500000
vt 0.131098 0.500000
vt 0.632483 0.380515
vt 0.638896 0.373393
vt 0.647122 0.364256
vt 0.656995 0.353292
vt 0.668314 0.340721
vt 0.100048 0.606464
vt 0.116619 0.606464
vt 0.100181 0.591192
vt 0.116486 0.591192
vt 0.100387 0.577871
vt 0.116280 0.577871
vt 0.100659 0.566772
vt 0.116008 0.566772
vt 0.100991 0.558119
vt 0.115677 0.558119
vt 0.102236 0.500000
vt 0.114432 0.500000
vt 0.646770 0.392084
vt 0.652403 0.384330
vt 0.659629 0.374384
vt 0.668301 0.362447
vt 0.678244 0.348763
vt 0.083381 0.606463
vt 0.099953 0.606464
vt 0.083514 0.591192
vt 0.099820 0.591192
vt 0.083721 0.577871
vt 0.099613 0.577871
vt 0.083993 0.566772
vt 0.099341 0.566772
vt 0.084324 0.558119
vt 0.099010 0.558119
vt 0.085569 0.500000
vt 0.097765 0.500000
vt 0.662187 0.402096
vt 0.666978 0.393796
vt 0.673126 0.383149
vt 0.680503 0.370371
vt 0.688960 0.355722
vt 0.066714 0.606464
vt 0.083286 0.606464
vt 0.066847 0.591192
vt 0.083153 0.591192
vt 0.067054 0.577871
vt 0.082946 0.577871
vt 0.067326 0.566772
vt 0.082675 0.566772
vt 0.067657 0.558119
vt 0.082343 0.558119
vt 0.068902 0.500000
vt 0.081098 0.500000
vt 0.678566 0.410441
vt 0.682464 0.401686
vt 0.687465 0.390455
vt 0.693466 0.376976
vt 0.700346 0.361524
vt 0.050048 0.606464
vt 0.066619 0.606464
vt 0.050181 0.591192
vt 0.066486 0.591192
vt 0.050387 0.577871
vt 0.066280 0.577871
vt 0.050659 0.566772
vt 0.066008 0.566772
vt 0.050991 0.558119
vt 0.065677 0.558119
vt 0.052236 0.500000
vt 0.064432 0.500000
vt 0.695728 0.417030
vt 0.698690 0.407915
vt 0.702489 0.396222
vt 0.707048 0.382190
vt 0.712275 0.366103
vt 0.033381 0.606464
vt 0.049953 0.606464
vt 0.033514 0.591192
vt 0.049820 0.591193
vt 0.033721 0.577871
vt 0.049613 0.577871
vt 0.033993 0.566772
vt 0.049341 0.566772
vt 0.034324 0.558119
vt 0.049010 0.558119
vt 0.035569 0.500000
vt 0.047765 0.500000
vt 0.713485 0.421787
vt 0.715477 0.412413
vt 0.718033 0.400388
vt 0.721101 0.385955
vt 0.724618 0.369410
vt 0.016714 0.606463
vt 0.033286 0.606464
vt 0.016847 0.591192
vt 0.033153 0.591192
vt 0.017054 0.577871
vt 0.032946 0.577871
vt 0.017326 0.566772
vt 0.032674 0.566772
vt 0.017657 0.558119
vt 0.032343 0.558119
vt 0.018902 0.500000
vt 0.031098 0.500000
vt 0.731641 0.424663
vt 0.732643 0.415132
vt 0.733928 0.402905
vt 0.735470 0.388231
vt 0.737239 0.371409
vt 0.016667 0.623374
vt 0.000000 0.623374
vt 0.000048 0.606464
vt 0.016619 0.606464
vt 0.000181 0.591192
vt 0.016486 0.591192
vt 0.000387 0.577871
vt 0.016280 0.577871
vt 0.000659 0.566772
vt 0.016008 0.566772
vt 0.000990 0.558119
vt 0.015677 0.558119
vt 0.002235 0.500000
vt 0.014432 0.500000
vt 0.000000 0.837977
vt 0.016667 0.897373
vt 0.000000 0.897373
vt -0.000042 0.892542
vt 0.016667 0.892542
vt -0.000168 0.887251
vt 0.016667 0.887251
vt -0.000376 0.881608
vt 0.016667 0.881608
vt -0.000661 0.875728
vt 0.016667 0.875728
vt -0.001017 0.869731
vt 0.016667 0.869731
vt -0.000807 0.861661
vt 0.016667 0.861661
vt -0.000485 0.856523
vt 0.016667 0.856523
vt -0.000256 0.851485
vt 0.016667 0.851485
vt -0.000107 0.846650
vt 0.016667 0.846650
vt -0.000025 0.842117
vt 0.016667 0.842117
vt 0.033334 0.897373
vt 0.033334 0.892542
vt 0.033334 0.887251
vt 0.033334 0.881608
vt 0.033334 0.875728
vt 0.033334 0.869731
vt 0.033334 0.861661
vt 0.033334 0.856523
vt 0.033334 0.851485
vt 0.033334 0.846650
vt 0.033334 0.842117
vt 0.050000 0.897373
vt 0.050000 0.892542
vt 0.050000 0.887251
vt 0.050000 0.881608
vt 0.050000 0.875728
vt 0.050000 0.869731
vt 0.050000 0.861661
vt 0.050000 0.856523
vt 0.050000 0.851485
vt 0.050000 0.846650
vt 0.050000 0.842117
vt 0.066667 0.897373
vt 0.066667 0.892542
vt 0.066667 0.887251
vt 0.066667 0.881608
vt 0.066667 0.875728
vt 0.066667 0.869731
vt 0.066667 0.861661
vt 0.066667 0.856523
vt 0.066667 0.851485
vt 0.066667 0.846650
vt 0.066667 0.842117
vt 0.083334 0.897373
vt 0.083334 0.892542
vt 0.083334 0.887251
vt 0.083334 0.881608
vt 0.083334 0.875728
vt 0.083334 0.869731
vt 0.083334 0.861661
vt 0.083334 0.856523
vt 0.083334 0.851485
vt 0.083334 0.846650
vt 0.083334 0.842117
vt 0.100000 0.897373
vt 0.100000 0.892542
vt 0.100000 0.887251
vt 0.100000 0.881608
vt 0.100000 0.875728
vt 0.100000 0.869731
vt 0.100000 0.861661
vt 0.100000 0.856523
vt 0.100000 0.851485
vt 0.100000 0.846650
vt 0.100000 0.842117
vt 0.116667 0.897373
vt 0.116667 0.892542
vt 0.116667 0.887251
vt 0.116667 0.881608
vt 0.116667 0.875728
vt 0.116667 0.869731
vt 0.116667 0.861661
vt 0.116667 0.856523
vt 0.116667 0.851485
vt 0.116667 0.846650
vt 0.116667 0.842117
vt 0.133334 0.897373
vt 0.133334 0.892542
vt 0.133334 0.887251
vt 0.133334 0.881608
vt 0.133334 0.875728
vt 0.133334 0.869731
vt 0.133334 0.861661
vt 0.133334 0.856523
vt 0.133334 0.851485
vt 0.133334 0.846650
vt 0.133334 0.842117
vt 0.150000 0.897373
vt 0.150000 0.892542
vt 0.150000 0.887251
vt 0.150000 0.881608
vt 0.150000 0.875728
vt 0.150000 0.869731
vt 0.150000 0.861661
vt 0.150000 0.856523
vt 0.150000 0.851485
vt 0.150000 0.846650
vt 0.150000 0.842117
vt 0.166667 0.897373
vt 0.166667 0.892542
vt 0.166667 0.887251
vt 0.166667 0.881608
vt 0.166667 0.875728
vt 0.166667 0.869731
vt 0.166667 0.861661
vt 0.166667 0.856523
vt 0.166667 0.851485
vt 0.166667 0.846650
vt 0.166667 0.842117
vt 0.183334 0.897373
vt 0.183334 0.892542
vt 0.183334 0.887251
vt 0.183334 0.881608
vt 0.183334 0.875728
vt 0.183334 0.869731
vt 0.183334 0.861661
vt 0.183334 0.856523
vt 0.183334 0.851485
vt 0.183334 0.846650
vt 0.183334 0.842117
vt 0.200000 0.897373
vt 0.200000 0.892542
vt 0.200000 0.887251
vt 0.200000 0.881608
vt 0.200000 0.875728
vt 0.200000 0.869731
vt 0.200000 0.861661
vt 0.200000 0.856523
vt 0.200000 0.851485
vt 0.200000 0.846650
vt 0.200000 0.842117
vt 0.216667 0.897373
vt 0.216667 0.892542
vt 0.216667 0.887251
vt 0.216667 0.881608
vt 0.216667 0.875728
vt 0.216667 0.869731
vt 0.216667 0.861661
vt 0.216667 0.856523
vt 0.216667 0.851485
vt 0.216667 0.846650
vt 0.216667 0.842117
vt 0.233334 0.897373
vt 0.233334 0.892542
vt 0.233334 0.887251
vt 0.233334 0.881608
vt 0.233334 0.875728
vt 0.233334 0.869731
vt 0.233334 0.861661
vt 0.233334 0.856523
vt 0.233334 0.851485
vt 0.233334 0.846650
vt 0.233334 0.842117
vt 0.250000 0.897373
vt 0.250000 0.892542
vt 0.250000 0.887251
vt 0.250000 0.881608
vt 0.250000 0.875728
vt 0.250000 0.869731
vt 0.250000 0.861661
vt 0.250000 0.856523
vt 0.250000 0.851485
vt 0.250000 0.846650
vt 0.250000 0.842117
vt 0.266667 0.897373
vt 0.266667 0.892542
vt 0.266667 0.887251
vt 0.266667 0.881608
vt 0.266667 0.875728
vt 0.266667 0.869731
vt 0.266667 0.861661
vt 0.266667 0.856523
vt 0.266667 0.851485
vt 0.266667 0.846650
vt 0.266667 0.842117
vt 0.283334 0.897373
vt 0.283334 0.892542
vt 0.283334 0.887251
vt 0.283334 0.881608
vt 0.283334 0.875728
vt 0.283334 0.869731
vt 0.283334 0.861661
vt 0.283334 0.856523
vt 0.283334 0.851485
vt 0.283334 0.846650
vt 0.283334 0.842117
vt 0.300000 0.897373
vt 0.300000 0.892542
vt 0.300000 0.887251
vt 0.300000 0.881608
vt 0.300000 0.875728
vt 0.300000 0.869731
vt 0.300000 0.861661
vt 0.300000 0.856523
vt 0.300000 0.851485
vt 0.300000 0.846650
vt 0.300000 0.842117
vt 0.316667 0.897373
vt 0.316667 0.892542
vt 0.316667 0.887251
vt 0.316667 0.881608
vt 0.316667 0.875728
vt 0.316667 0.869731
vt 0.316667 0.861661
vt 0.316667 0.856523
vt 0.316667 0.851485
vt 0.316667 0.846650
vt 0.316667 0.842117
vt 0.333334 0.897373
vt 0.333334 0.892542
vt 0.333334 0.887251
vt 0.333334 0.881608
vt 0.333334 0.875728
vt 0.333334 0.869731
vt 0.333334 0.861661
vt 0.333334 0.856523
vt 0.333334 0.851485
vt 0.333334 0.846650
vt 0.333334 0.842117
vt 0.350000 0.897373
vt 0.350000 0.892542
vt 0.350000 0.887251
vt 0.350000 0.881608
vt 0.350000 0.875728
vt 0.350000 0.869731
vt 0.350000 0.861661
vt 0.350000 0.856523
vt 0.350000 0.851485
vt 0.350000 0.846650
vt 0.350000 0.842117
vt 0.366667 0.897373
vt 0.366667 0.892542
vt 0.366667 0.887251
vt 0.366667 0.881608
vt 0.366667 0.875728
vt 0.366667 0.869731
vt 0.366667 0.861661
vt 0.366667 0.856523
vt 0.366667 0.851485
vt 0.366667 0.846650
vt 0.366667 0.842117
vt 0.383334 0.897373
vt 0.383334 0.892542
vt 0.383334 0.887251
vt 0.383334 0.881608
vt 0.383334 0.875728
vt 0.383334 0.869731
vt 0.383334 0.861661
vt 0.383334 0.856523
vt 0.383334 0.851485
vt 0.383334 0.846650
vt 0.383334 0.842117
vt 0.400000 0.897373
vt 0.400000 0.892542
vt 0.400000 0.887251
vt 0.400000 0.881608
vt 0.400000 0.875728
vt 0.400000 0.869731
vt 0.400000 0.861661
vt 0.400000 0.856523
vt 0.400000 0.851485
vt 0.400000 0.846650
vt 0.400000 0.842117
vt 0.416667 0.897373
vt 0.416667 0.892542
vt 0.416667 0.887251
vt 0.416667 0.881608
vt 0.416667 0.875728
vt 0.416667 0.869731
vt 0.416667 0.861661
vt 0.416667 0.856523
vt 0.416667 0.851485
vt 0.416667 0.846650
vt 0.416667 0.842117
vt 0.433334 0.897373
vt 0.433334 0.892542
vt 0.433334 0.887251
vt 0.433334 0.881608
vt 0.433334 0.875728
vt 0.433334 0.869731
vt 0.433334 0.861661
vt 0.433334 0.856523
vt 0.433334 0.851485
vt 0.433334 0.846650
vt 0.433334 0.842117
vt 0.450000 0.897373
vt 0.450000 0.892542
vt 0.450000 0.887251
vt 0.450000 0.881608
vt 0.450000 0.875728
vt 0.450001 0.869731
vt 0.450000 0.861661
vt 0.450000 0.856523
vt 0.450000 0.851485
vt 0.450000 0.846650
vt 0.450000 0.842117
vt 0.466667 0.897373
vt 0.466667 0.892542
vt 0.466667 0.887251
vt 0.466667 0.881608
vt 0.466667 0.875728
vt 0.466667 0.869731
vt 0.466667 0.861661
vt 0.466667 0.856523
vt 0.466667 0.851485
vt 0.466667 0.846650
vt 0.466667 0.842117
vt 0.483334 0.897373
vt 0.483334 0.892542
vt 0.483334 0.887251
vt 0.483334 0.881608
vt 0.483334 0.875728
vt 0.483334 0.869731
vt 0.483334 0.861661
vt 0.483334 0.856523
vt 0.483334 0.851485
vt 0.483334 0.846650
vt 0.483334 0.842117
vt 0.500000 0.897373
vt 0.500000 0.892542
vt 0.500000 0.887251
vt 0.500000 0.881608
vt 0.500000 0.875728
vt 0.500000 0.869731
vt 0.500000 0.861661
vt 0.500000 0.856523
vt 0.500000 0.851485
vt 0.500000 0.846650
vt 0.500000 0.842117
vt 0.516667 0.897373
vt 0.516667 0.892542
vt 0.516667 0.887251
vt 0.516667 0.881608
vt 0.516667 0.875728
vt 0.516667 0.869731
vt 0.516667 0.861661
vt 0.516667 0.856523
vt 0.516667 0.851485
vt 0.516667 0.846650
vt 0.516667 0.842117
vt 0.533334 0.897373
vt 0.533334 0.892542
vt 0.533334 0.887251
vt 0.533334 0.881608
vt 0.533334 0.875728
vt 0.533334 0.869731
vt 0.533334 0.861661
vt 0.533334 0.856523
vt 0.533334 0.851485
vt 0.533334 0.846650
vt 0.533334 0.842117
vt 0.550000 0.897373
vt 0.550000 0.892542
vt 0.550000 0.887251
vt 0.550000 0.881608
vt 0.550000 0.875728
vt 0.550000 0.869731
vt 0.550000 0.861661
vt 0.550000 0.856523
vt 0.550000 0.851485
vt 0.550000 0.846650
vt 0.550000 0.842117
vt 0.566667 0.897373
vt 0.566667 0.892542
vt 0.566667 0.887251
vt 0.566667 0.881608
vt 0.566667 0.875728
vt 0.566667 0.869731
vt 0.566667 0.861661
vt 0.566667 0.856523
vt 0.566667 0.851485
vt 0.566667 0.846650
vt 0.566667 0.842117
vt 0.583334 0.897373
vt 0.583334 0.892542
vt 0.583334 0.887251
vt 0.583334 0.881608
vt 0.583334 0.875728
vt 0.583334 0.869731
vt 0.583334 0.861661
vt 0.583334 0.856523
vt 0.583334 0.851485
vt 0.583334 0.846650
vt 0.583334 0.842117
vt 0.600000 0.897373
vt 0.600000 0.892542
vt 0.600000 0.887251
vt 0.600000 0.881608
vt 0.600000 0.875728
vt 0.600000 0.869731
vt 0.600000 0.861661
vt 0.600000 0.856523
vt 0.600000 0.851485
vt 0.600000 0.846650
vt 0.600000 0.842117
vt 0.616667 0.897373
vt 0.616667 0.892542
vt 0.616667 0.887251
vt 0.616667 0.881608
vt 0.616667 0.875728
vt 0.616667 0.869731
vt 0.616667 0.861661
vt 0.616667 0.856523
vt 0.616667 0.851485
vt 0.616667 0.846650
vt 0.616667 0.842117
vt 0.633334 0.897373
vt 0.616667 0.897373
vt 0.633334 0.892542
vt 0.633334 0.887251
vt 0.633334 0.881608
vt 0.633334 0.875728
vt 0.633334 0.869731
vt 0.633334 0.861661
vt 0.633334 0.856523
vt 0.633334 0.851485
vt 0.633334 0.846650
vt 0.633334 0.842117
vt 0.650000 0.897373
vt 0.650000 0.892542
vt 0.650000 0.887251
vt 0.650000 0.881608
vt 0.650000 0.875728
vt 0.650000 0.869731
vt 0.650000 0.861661
vt 0.650000 0.856523
vt 0.650000 0.851485
vt 0.650000 0.846650
vt 0.650000 0.842117
vt 0.666667 0.897373
vt 0.666667 0.892542
vt 0.666667 0.887251
vt 0.666667 0.881608
vt 0.666667 0.875728
vt 0.666667 0.869731
vt 0.666667 0.861661
vt 0.666667 0.856523
vt 0.666667 0.851485
vt 0.666667 0.846650
vt 0.666667 0.842117
vt 0.683334 0.897373
vt 0.683334 0.892542
vt 0.683334 0.887251
vt 0.683334 0.881608
vt 0.683334 0.875728
vt 0.683334 0.869731
vt 0.683334 0.861661
vt 0.683334 0.856523
vt 0.683334 0.851485
vt 0.683334 0.846650
vt 0.683334 0.842117
vt 0.700000 0.897373
vt 0.700000 0.892542
vt 0.700000 0.887251
vt 0.700000 0.881608
vt 0.700000 0.875728
vt 0.700000 0.869731
vt 0.700000 0.861661
vt 0.700000 0.856523
vt 0.700000 0.851485
vt 0.700000 0.846650
vt 0.700000 0.842117
vt 0.716667 0.897373
vt 0.716667 0.892542
vt 0.716667 0.887251
vt 0.716667 0.881608
vt 0.716667 0.875728
vt 0.716667 0.869731
vt 0.716667 0.861661
vt 0.716667 0.856523
vt 0.716667 0.851485
vt 0.716667 0.846650
vt 0.716667 0.842117
vt 0.733334 0.897373
vt 0.733334 0.892542
vt 0.733334 0.887251
vt 0.733334 0.881608
vt 0.733334 0.875728
vt 0.733334 0.869731
vt 0.733334 0.861661
vt 0.733334 0.856523
vt 0.733334 0.851485
vt 0.733334 0.846650
vt 0.733334 0.842117
vt 0.750000 0.897373
vt 0.750000 0.892542
vt 0.750000 0.887251
vt 0.750000 0.881608
vt 0.750000 0.875728
vt 0.750000 0.869731
vt 0.750000 0.861661
vt 0.750000 0.856523
vt 0.750000 0.851485
vt 0.750000 0.846650
vt 0.750000 0.842117
vt 0.766667 0.897373
vt 0.766667 0.892542
vt 0.766667 0.887251
vt 0.766667 0.881608
vt 0.766667 0.875728
vt 0.766667 0.869731
vt 0.766667 0.861661
vt 0.766667 0.856523
vt 0.766667 0.851485
vt 0.766667 0.846650
vt 0.766667 0.842117
vt 0.783334 0.897373
vt 0.783334 0.892542
vt 0.783334 0.887251
vt 0.783334 0.881608
vt 0.783334 0.875728
vt 0.783334 0.869731
vt 0.783334 0.861661
vt 0.783334 0.856523
vt 0.783334 0.851485
vt 0.783334 0.846650
vt 0.783334 0.842117
vt 0.800000 0.897373
vt 0.800000 0.892542
vt 0.800000 0.887251
vt 0.800000 0.881608
vt 0.800000 0.875728
vt 0.800000 0.869731
vt 0.800000 0.861661
vt 0.800000 0.856523
vt 0.800000 0.851485
vt 0.800000 0.846650
vt 0.800000 0.842117
vt 0.816667 0.897373
vt 0.816667 0.892542
vt 0.816667 0.887251
vt 0.816667 0.881608
vt 0.816667 0.875728
vt 0.816667 0.869731
vt 0.816667 0.861661
vt 0.816667 0.856523
vt 0.816667 0.851485
vt 0.816667 0.846650
vt 0.816667 0.842117
vt 0.833333 0.897373
vt 0.833333 0.892542
vt 0.833333 0.887251
vt 0.833334 0.881608
vt 0.833333 0.875728
vt 0.833333 0.869731
vt 0.833333 0.861661
vt 0.833333 0.856523
vt 0.833333 0.851485
vt 0.833333 0.846650
vt 0.833333 0.842117
vt 0.850000 0.897373
vt 0.850000 0.892542
vt 0.850000 0.887251
vt 0.850000 0.881608
vt 0.850000 0.875728
vt 0.850000 0.869731
vt 0.850000 0.861661
vt 0.850000 0.856523
vt 0.850000 0.851485
vt 0.850000 0.846650
vt 0.850000 0.842117
vt 0.866667 0.897373
vt 0.850000 0.897373
vt 0.866667 0.892542
vt 0.866667 0.887251
vt 0.866667 0.881608
vt 0.866667 0.875728
vt 0.866667 0.869731
vt 0.866667 0.861661
vt 0.866667 0.856523
vt 0.866667 0.851485
vt 0.866667 0.846650
vt 0.866667 0.842117
vt 0.883334 0.897373
vt 0.866667 0.897373
vt 0.883334 0.892542
vt 0.883334 0.887251
vt 0.883334 0.881608
vt 0.883333 0.875728
vt 0.883333 0.869731
vt 0.883333 0.861661
vt 0.883334 0.856523
vt 0.883334 0.851485
vt 0.883333 0.846650
vt 0.883334 0.842117
vt 0.900000 0.897373
vt 0.900000 0.892542
vt 0.900000 0.887251
vt 0.900000 0.881608
vt 0.900000 0.875728
vt 0.900000 0.869731
vt 0.900000 0.861661
vt 0.900000 0.856523
vt 0.900000 0.851485
vt 0.900000 0.846650
vt 0.900000 0.842117
vt 0.916667 0.897373
vt 0.916667 0.892542
vt 0.916667 0.887251
vt 0.916667 0.881608
vt 0.916667 0.875728
vt 0.916667 0.869731
vt 0.916667 0.861661
vt 0.916667 0.856523
vt 0.916667 0.851485
vt 0.916667 0.846650
vt 0.916667 0.842117
vt 0.933333 0.897373
vt 0.933333 0.892542
vt 0.933333 0.887251
vt 0.933333 0.881608
vt 0.933333 0.875728
vt 0.933333 0.869731
vt 0.933333 0.861661
vt 0.933333 0.856523
vt 0.933333 0.851485
vt 0.933333 0.846650
vt 0.933333 0.842117
vt 0.950000 0.897373
vt 0.950000 0.892542
vt 0.950000 0.887251
vt 0.950000 0.881608
vt 0.950000 0.875728
vt 0.950000 0.869731
vt 0.950000 0.861661
vt 0.950000 0.856523
vt 0.950000 0.851485
vt 0.950000 0.846650
vt 0.950000 0.842117
vt 0.966667 0.897373
vt 0.966667 0.892542
vt 0.966667 0.887251
vt 0.966667 0.881608
vt 0.966667 0.875728
vt 0.966667 0.869731
vt 0.966667 0.861661
vt 0.966667 0.856523
vt 0.966667 0.851485
vt 0.966667 0.846650
vt 0.966667 0.842117
vt 0.983333 0.897373
vt 0.983333 0.892542
vt 0.983333 0.887251
vt 0.983333 0.881608
vt 0.983333 0.875728
vt 0.983333 0.869731
vt 0.983333 0.861661
vt 0.983333 0.856523
vt 0.983333 0.851485
vt 0.983333 0.846650
vt 0.983333 0.842117
vt 1.000000 0.897373
vt 1.000042 0.892542
vt 1.000169 0.887251
vt 1.000376 0.881608
vt 1.000661 0.875728
vt 1.001017 0.869731
vt 1.000807 0.861661
vt 1.000485 0.856523
vt 1.000256 0.851485
vt 1.000107 0.846650
vt 1.000025 0.842117
vt 1.000000 0.988588
vt 1.000000 1.000000
vt 0.950000 0.976120
vt 0.933333 0.976120
vt 0.933333 0.970942
vt 0.933333 0.976120
vt 0.916667 0.976120
vt 0.916667 0.970942
vt 0.900000 0.976120
vt 0.900000 0.970942
vt 0.900000 0.970942
vt 0.883333 0.976120
vt 0.883333 0.970942
vt 0.883333 0.976120
vt 0.866667 0.976120
vt 0.866667 0.970942
vt 0.866667 0.976120
vt 0.850000 0.976120
vt 0.850000 0.970942
vt 0.833333 0.976120
vt 0.833333 0.970942
vt 0.833333 0.976120
vt 0.816667 0.976120
vt 0.816667 0.970942
vt 0.816667 0.976120
vt 0.800000 0.976120
vt 0.800000 0.970942
vt 0.800000 0.976120
vt 0.783334 0.976120
vt 0.783334 0.970942
vt 0.783334 0.976120
vt 0.766667 0.976120
vt 0.766667 0.970942
vt 0.766667 0.976120
vt 0.750000 0.976120
vt 0.750000 0.970942
vt 0.750000 0.976120
vt 0.733334 0.976120
vt 0.733334 0.970942
vt 0.716667 0.976120
vt 0.716667 0.970942
vt 0.716667 0.970942
vt 0.716667 0.976120
vt 0.700000 0.976120
vt 0.700000 0.970942
vt 0.700000 0.976120
vt 0.683334 0.976120
vt 0.683334 0.970942
vt 0.666667 0.976120
vt 0.666667 0.970942
vt 0.666667 0.976120
vt 0.650000 0.976120
vt 0.650000 0.970942
vt 0.633334 0.976120
vt 0.633334 0.970942
vt 0.616667 0.976120
vt 0.616667 0.970942
vt 0.600000 0.976120
vt 0.600000 0.970942
vt 0.600000 0.976120
vt 0.583334 0.976120
vt 0.583334 0.970942
vt 0.583334 0.976120
vt 0.566667 0.976120
vt 0.566667 0.970942
vt 0.566667 0.976120
vt 0.550000 0.976120
vt 0.550000 0.970942
vt 0.533334 0.976120
vt 0.533334 0.970942
vt 0.516667 0.976120
vt 0.516667 0.970942
vt 0.500000 0.976120
vt 0.500000 0.970942
vt 0.483334 0.976120
vt 0.483334 0.970942
vt 0.483334 0.976120
vt 0.466667 0.976120
vt 0.466667 0.970942
vt 0.450000 0.976120
vt 0.450000 0.970942
vt 0.450000 0.970942
vt 0.433334 0.976120
vt 0.433334 0.970942
vt 0.433334 0.976120
vt 0.416667 0.976120
vt 0.416667 0.970942
vt 0.416667 0.970942
vt 0.400000 0.976120
vt 0.400000 0.970942
vt 0.383334 0.976120
vt 0.383334 0.970942
vt 0.383334 0.976120
vt 0.366667 0.976120
vt 0.366667 0.970942
vt 0.366667 0.976120
vt 0.350000 0.976120
vt 0.350000 0.970942
vt 0.333334 0.976120
vt 0.333334 0.970942
vt 0.333334 0.976120
vt 0.316667 0.976120
vt 0.316667 0.970942
vt 0.316667 0.976120
vt 0.300000 0.976120
vt 0.300000 0.970942
vt 0.300000 0.976120
vt 0.283334 0.976120
vt 0.283334 0.970942
vt 0.266667 0.976120
vt 0.266667 0.970942
vt 0.250000 0.976120
vt 0.250000 0.970942
vt 0.250000 0.970942
vt 0.250000 0.976120
vt 0.233334 0.976120
vt 0.233334 0.970942
vt 0.233334 0.970942
vt 0.233334 0.976120
vt 0.216667 0.976120
vt 0.216667 0.970942
vt 0.216667 0.976120
vt 0.200000 0.976120
vt 0.200000 0.970942
vt 0.200000 0.976120
vt 0.183334 0.976120
vt 0.183334 0.970942
vt 0.183334 0.970942
vt 0.183334 0.976120
vt 0.166667 0.976120
vt 0.166667 0.970942
vt 0.166667 0.976120
vt 0.150000 0.976120
vt 0.150000 0.970942
vt 0.133334 0.976120
vt 0.133334 0.970942
vt 0.116667 0.976120
vt 0.116667 0.970942
vt 0.116667 0.970942
vt 0.116667 0.976120
vt 0.100000 0.976120
vt 0.100000 0.970942
vt 0.083334 0.976120
vt 0.083334 0.970942
vt 0.066667 0.976120
vt 0.066667 0.970942
vt 0.066667 0.970942
vt 0.050000 0.976120
vt 0.050000 0.970942
vt 0.033334 0.970942
vt 0.033334 0.976120
vt 0.016667 0.976120
vt 0.016667 0.970942
vt 0.983333 0.970942
vt 0.983333 0.976120
vt 0.966667 0.976120
vt 0.000000 0.976120
vt 0.000000 0.970942
vt 1.000000 0.970942
vt 1.000000 0.976120
vt 0.983333 0.976120
vt 0.016667 0.956974
vt 0.000000 0.956974
vt 0.950000 0.956974
vt 0.933333 0.956974
vt 0.916667 0.956974
vt 0.916667 0.956974
vt 0.900000 0.956974
vt 0.900000 0.956974
vt 0.883333 0.956974
vt 0.883333 0.956974
vt 0.866667 0.956974
vt 0.866667 0.956974
vt 0.850000 0.956974
vt 0.833333 0.956974
vt 0.833333 0.956974
vt 0.816667 0.956974
vt 0.800000 0.956974
vt 0.800000 0.956974
vt 0.783334 0.956974
vt 0.766667 0.956974
vt 0.750000 0.956974
vt 0.733334 0.956974
vt 0.716667 0.956974
vt 0.700000 0.956974
vt 0.683334 0.956974
vt 0.666667 0.956974
vt 0.650000 0.956974
vt 0.633334 0.956974
vt 0.616667 0.956974
vt 0.616667 0.956974
vt 0.600000 0.956974
vt 0.583334 0.956974
vt 0.583334 0.956974
vt 0.566667 0.956974
vt 0.550000 0.956974
vt 0.533334 0.956974
vt 0.516667 0.956974
vt 0.500000 0.956974
vt 0.483334 0.956974
vt 0.483334 0.956974
vt 0.466667 0.956974
vt 0.450000 0.956974
vt 0.450000 0.956974
vt 0.433334 0.956974
vt 0.416667 0.956974
vt 0.400000 0.956974
vt 0.400000 0.956974
vt 0.383334 0.956974
vt 0.383334 0.956974
vt 0.366667 0.956974
vt 0.350000 0.956974
vt 0.333334 0.956974
vt 0.316667 0.956974
vt 0.300000 0.956974
vt 0.283334 0.956974
vt 0.266667 0.956974
vt 0.250000 0.956974
vt 0.233334 0.956974
vt 0.233334 0.956974
vt 0.216667 0.956974
vt 0.216667 0.956974
vt 0.200000 0.956974
vt 0.183334 0.956974
vt 0.166667 0.956974
vt 0.150000 0.956974
vt 0.150000 0.956974
vt 0.133334 0.956974
vt 0.116667 0.956974
vt 0.100000 0.956974
vt 0.083334 0.956974
vt 0.066667 0.956974
vt 0.050000 0.956974
vt 0.033334 0.956974
vt 0.966667 0.956974
vt 1.000000 0.956974
vt 0.983333 0.956974
vt 0.983333 0.970004
vt 1.000009 0.970004
vt 0.983333 0.968982
vt 1.000034 0.968983
vt 0.983333 0.967899
vt 1.000078 0.967899
vt 0.983333 0.966774
vt 1.000139 0.966774
vt 0.983333 0.965633
vt 1.000218 0.965633
vt 0.983333 0.963562
vt 1.000283 0.963562
vt 0.983333 0.962145
vt 1.000183 0.962145
vt 0.983333 0.960750
vt 1.000104 0.960750
vt 0.983333 0.959405
vt 1.000047 0.959405
vt 0.983333 0.958138
vt 1.000012 0.958138
vt 0.033334 0.970004
vt 0.050000 0.970004
vt 0.033334 0.968983
vt 0.050000 0.968982
vt 0.033334 0.967899
vt 0.050000 0.967899
vt 0.033334 0.966774
vt 0.050000 0.966775
vt 0.033334 0.965633
vt 0.050000 0.965633
vt 0.033334 0.963562
vt 0.050000 0.963562
vt 0.033334 0.962145
vt 0.050000 0.962145
vt 0.033334 0.960750
vt 0.050000 0.960750
vt 0.033334 0.959405
vt 0.050000 0.959405
vt 0.033334 0.958138
vt 0.050000 0.958138
vt 0.083334 0.970004
vt 0.100000 0.970004
vt 0.083334 0.968983
vt 0.100000 0.968983
vt 0.083334 0.967899
vt 0.100000 0.967899
vt 0.083334 0.966775
vt 0.100000 0.966774
vt 0.083334 0.965633
vt 0.100000 0.965633
vt 0.083334 0.963562
vt 0.100000 0.963562
vt 0.083334 0.962145
vt 0.100000 0.962145
vt 0.083334 0.960750
vt 0.100000 0.960750
vt 0.083334 0.959405
vt 0.100000 0.959405
vt 0.083334 0.958138
vt 0.100000 0.958138
vt 0.133334 0.970004
vt 0.150000 0.970004
vt 0.133334 0.968982
vt 0.150000 0.968983
vt 0.133334 0.967899
vt 0.150000 0.967899
vt 0.133334 0.966774
vt 0.150000 0.966774
vt 0.133334 0.965633
vt 0.150000 0.965633
vt 0.133334 0.963561
vt 0.150000 0.963562
vt 0.133334 0.962145
vt 0.150000 0.962145
vt 0.133334 0.960750
vt 0.150000 0.960750
vt 0.133334 0.959405
vt 0.150000 0.959405
vt 0.133334 0.958138
vt 0.150000 0.958138
vt 0.183334 0.970004
vt 0.200000 0.970004
vt 0.183334 0.968983
vt 0.200000 0.968983
vt 0.183334 0.967899
vt 0.200000 0.967899
vt 0.183334 0.966774
vt 0.200000 0.966774
vt 0.183334 0.965633
vt 0.200000 0.965633
vt 0.183334 0.963562
vt 0.200000 0.963562
vt 0.183334 0.962145
vt 0.200000 0.962145
vt 0.183334 0.960750
vt 0.200000 0.960750
vt 0.183334 0.959405
vt 0.200000 0.959405
vt 0.183334 0.958138
vt 0.200000 0.958138
vt 0.233334 0.970004
vt 0.250000 0.970004
vt 0.233334 0.968983
vt 0.250000 0.968983
vt 0.233334 0.967899
vt 0.250000 0.967899
vt 0.233334 0.966774
vt 0.250000 0.966774
vt 0.233334 0.965633
vt 0.250000 0.965633
vt 0.233334 0.963562
vt 0.250000 0.963562
vt 0.233334 0.962145
vt 0.250000 0.962145
vt 0.233334 0.960750
vt 0.250000 0.960750
vt 0.233334 0.959405
vt 0.250000 0.959405
vt 0.233334 0.958138
vt 0.250000 0.958138
vt 0.283334 0.970004
vt 0.300000 0.970004
vt 0.283334 0.968982
vt 0.300000 0.968983
vt 0.283334 0.967899
vt 0.300000 0.967899
vt 0.283334 0.966774
vt 0.300000 0.966774
vt 0.283334 0.965633
vt 0.300000 0.965633
vt 0.283334 0.963561
vt 0.300000 0.963562
vt 0.283334 0.962145
vt 0.300000 0.962145
vt 0.283334 0.960750
vt 0.300000 0.960750
vt 0.283334 0.959405
vt 0.300000 0.959405
vt 0.283334 0.958138
vt 0.300000 0.958138
vt 0.333334 0.970004
vt 0.350000 0.970004
vt 0.333334 0.968983
vt 0.350000 0.968982
vt 0.333334 0.967899
vt 0.350000 0.967899
vt 0.333334 0.966774
vt 0.350000 0.966774
vt 0.333334 0.965633
vt 0.350000 0.965633
vt 0.333334 0.963562
vt 0.350000 0.963562
vt 0.333334 0.962145
vt 0.350000 0.962145
vt 0.333334 0.960750
vt 0.350000 0.960750
vt 0.333334 0.959405
vt 0.350000 0.959405
vt 0.333334 0.958138
vt 0.350000 0.958138
vt 0.383334 0.970004
vt 0.400000 0.970004
vt 0.383334 0.968983
vt 0.400000 0.968983
vt 0.383334 0.967899
vt 0.400000 0.967899
vt 0.383334 0.966774
vt 0.400000 0.966774
vt 0.383334 0.965633
vt 0.400000 0.965633
vt 0.383334 0.963562
vt 0.400000 0.963562
vt 0.383334 0.962145
vt 0.400000 0.962145
vt 0.383334 0.960750
vt 0.400000 0.960750
vt 0.383334 0.959405
vt 0.400000 0.959405
vt 0.383334 0.958138
vt 0.400000 0.958138
vt 0.433334 0.970004
vt 0.450000 0.970004
vt 0.433334 0.968983
vt 0.450000 0.968983
vt 0.433334 0.967899
vt 0.450001 0.967899
vt 0.433334 0.966774
vt 0.450001 0.966775
vt 0.433334 0.965633
vt 0.450001 0.965633
vt 0.433334 0.963561
vt 0.450001 0.963562
vt 0.433334 0.962145
vt 0.450000 0.962145
vt 0.433334 0.960750
vt 0.450000 0.960750
vt 0.433334 0.959405
vt 0.450000 0.959405
vt 0.433334 0.958138
vt 0.450000 0.958138
vt 0.483334 0.970004
vt 0.500000 0.970004
vt 0.483334 0.968983
vt 0.500000 0.968983
vt 0.483334 0.967899
vt 0.500001 0.967899
vt 0.483334 0.966774
vt 0.500000 0.966774
vt 0.483334 0.965633
vt 0.500000 0.965633
vt 0.483334 0.963562
vt 0.500000 0.963562
vt 0.483334 0.962145
vt 0.500001 0.962145
vt 0.483334 0.960750
vt 0.500000 0.960750
vt 0.483334 0.959405
vt 0.500000 0.959405
vt 0.483334 0.958138
vt 0.500000 0.958138
vt 0.533334 0.970004
vt 0.550000 0.970004
vt 0.533334 0.968982
vt 0.550000 0.968982
vt 0.533334 0.967899
vt 0.550000 0.967899
vt 0.533334 0.966774
vt 0.550000 0.966774
vt 0.533334 0.965633
vt 0.550000 0.965633
vt 0.533334 0.963562
vt 0.550000 0.963562
vt 0.533334 0.962145
vt 0.550000 0.962145
vt 0.533334 0.960750
vt 0.550000 0.960750
vt 0.533334 0.959405
vt 0.550000 0.959405
vt 0.533334 0.958138
vt 0.550000 0.958138
vt 0.583334 0.970004
vt 0.600000 0.970004
vt 0.583334 0.968983
vt 0.600000 0.968982
vt 0.583334 0.967899
vt 0.600000 0.967899
vt 0.583334 0.966774
vt 0.600000 0.966774
vt 0.583334 0.965633
vt 0.600000 0.965633
vt 0.583334 0.963562
vt 0.600000 0.963562
vt 0.583334 0.962145
vt 0.600000 0.962145
vt 0.583334 0.960750
vt 0.600000 0.960750
vt 0.583334 0.959405
vt 0.600000 0.959405
vt 0.583334 0.958138
vt 0.600000 0.958138
vt 0.633334 0.970004
vt 0.650000 0.970004
vt 0.633334 0.968983
vt 0.650000 0.968983
vt 0.633334 0.967899
vt 0.650000 0.967899
vt 0.633334 0.966774
vt 0.650000 0.966774
vt 0.633334 0.965633
vt 0.650000 0.965633
vt 0.633334 0.963562
vt 0.650000 0.963562
vt 0.633334 0.962145
vt 0.650000 0.962145
vt 0.633334 0.960750
vt 0.650000 0.960750
vt 0.633334 0.959405
vt 0.650000 0.959405
vt 0.633334 0.958138
vt 0.650000 0.958138
vt 0.683334 0.970004
vt 0.700000 0.970004
vt 0.683334 0.968983
vt 0.700000 0.968982
vt 0.683334 0.967899
vt 0.700000 0.967899
vt 0.683334 0.966774
vt 0.700000 0.966775
vt 0.683334 0.965633
vt 0.700000 0.965633
vt 0.683334 0.963562
vt 0.700000 0.963562
vt 0.683334 0.962145
vt 0.700000 0.962145
vt 0.683334 0.960750
vt 0.700000 0.960750
vt 0.683334 0.959405
vt 0.700000 0.959405
vt 0.683334 0.958138
vt 0.700000 0.958138
vt 0.733334 0.970004
vt 0.750000 0.970004
vt 0.733334 0.968982
vt 0.750000 0.968983
vt 0.733334 0.967899
vt 0.750000 0.967899
vt 0.733334 0.966775
vt 0.750000 0.966774
vt 0.733334 0.965633
vt 0.750000 0.965633
vt 0.733334 0.963562
vt 0.750000 0.963561
vt 0.733334 0.962145
vt 0.750000 0.962145
vt 0.733334 0.960750
vt 0.750000 0.960750
vt 0.733334 0.959405
vt 0.750000 0.959405
vt 0.733334 0.958138
vt 0.750000 0.958138
vt 0.783334 0.970004
vt 0.800000 0.970004
vt 0.783334 0.968983
vt 0.800000 0.968983
vt 0.783334 0.967899
vt 0.800000 0.967899
vt 0.783334 0.966774
vt 0.800000 0.966774
vt 0.783334 0.965633
vt 0.800000 0.965633
vt 0.783334 0.963562
vt 0.800000 0.963562
vt 0.783334 0.962145
vt 0.800000 0.962145
vt 0.783334 0.960750
vt 0.800000 0.960750
vt 0.783334 0.959405
vt 0.800000 0.959405
vt 0.783334 0.958138
vt 0.800000 0.958138
vt 0.833333 0.970004
vt 0.850000 0.970004
vt 0.833333 0.968983
vt 0.850000 0.968982
vt 0.833334 0.967899
vt 0.850000 0.967899
vt 0.833333 0.966774
vt 0.850000 0.966774
vt 0.833333 0.965633
vt 0.850000 0.965633
vt 0.833333 0.963562
vt 0.850000 0.963562
vt 0.833333 0.962145
vt 0.850000 0.962145
vt 0.833333 0.960750
vt 0.850000 0.960750
vt 0.833333 0.959405
vt 0.850000 0.959405
vt 0.833333 0.958138
vt 0.850000 0.958138
vt 0.883333 0.970004
vt 0.900000 0.970004
vt 0.883333 0.968983
vt 0.900000 0.968983
vt 0.883333 0.967899
vt 0.900000 0.967899
vt 0.883333 0.966775
vt 0.900000 0.966775
vt 0.883333 0.965633
vt 0.900000 0.965633
vt 0.883333 0.963562
vt 0.900000 0.963562
vt 0.883333 0.962145
vt 0.900000 0.962145
vt 0.883333 0.960750
vt 0.900000 0.960750
vt 0.883333 0.959405
vt 0.900000 0.959406
vt 0.883333 0.958138
vt 0.900000 0.958138
vt 0.933334 0.970004
vt 0.950000 0.970004
vt 0.933333 0.968983
vt 0.950000 0.968983
vt 0.933333 0.967899
vt 0.950000 0.967899
vt 0.933333 0.966774
vt 0.950000 0.966775
vt 0.933333 0.965633
vt 0.950000 0.965633
vt 0.933333 0.963562
vt 0.950000 0.963562
vt 0.933333 0.962145
vt 0.950000 0.962145
vt 0.933333 0.960750
vt 0.950000 0.960750
vt 0.933333 0.959405
vt 0.950000 0.959405
vt 0.933333 0.958138
vt 0.950000 0.958138
vt -0.000008 0.970004
vt 0.016667 0.970004
vt -0.000034 0.968983
vt 0.016667 0.968983
vt -0.000078 0.967899
vt 0.016667 0.967899
vt -0.000139 0.966774
vt 0.016667 0.966774
vt -0.000218 0.965633
vt 0.016667 0.965633
vt -0.000282 0.963562
vt 0.016667 0.963562
vt -0.000183 0.962145
vt 0.016667 0.962145
vt -0.000104 0.960750
vt 0.016667 0.960750
vt -0.000047 0.959405
vt 0.016667 0.959405
vt -0.000011 0.958138
vt 0.016667 0.958138
vt 0.916667 0.970004
vt 0.916667 0.968983
vt 0.916667 0.967899
vt 0.916667 0.966774
vt 0.916667 0.965633
vt 0.916667 0.963562
vt 0.916667 0.962145
vt 0.916667 0.960750
vt 0.916667 0.959405
vt 0.916667 0.958138
vt 0.866667 0.970004
vt 0.866667 0.968983
vt 0.866667 0.967899
vt 0.866667 0.966775
vt 0.866667 0.965633
vt 0.866667 0.963562
vt 0.866667 0.962145
vt 0.866667 0.960750
vt 0.866667 0.959405
vt 0.866667 0.958138
vt 0.816667 0.970004
vt 0.816667 0.968983
vt 0.816667 0.967899
vt 0.816667 0.966774
vt 0.816667 0.965633
vt 0.816667 0.963562
vt 0.816667 0.962145
vt 0.816667 0.960750
vt 0.816667 0.959405
vt 0.816667 0.958138
vt 0.766667 0.970004
vt 0.766667 0.968982
vt 0.766667 0.967899
vt 0.766667 0.966774
vt 0.766667 0.965633
vt 0.766667 0.963562
vt 0.766667 0.962145
vt 0.766667 0.960750
vt 0.766667 0.959405
vt 0.766667 0.958138
vt 0.716667 0.970004
vt 0.716667 0.968983
vt 0.716667 0.967899
vt 0.716667 0.966774
vt 0.716667 0.965633
vt 0.716667 0.963562
vt 0.716667 0.962145
vt 0.716667 0.960750
vt 0.716667 0.959405
vt 0.716667 0.958138
vt 0.666667 0.970004
vt 0.666667 0.968982
vt 0.666667 0.967899
vt 0.666667 0.966774
vt 0.666667 0.965633
vt 0.666667 0.963562
vt 0.666667 0.962145
vt 0.666667 0.960750
vt 0.666667 0.959405
vt 0.666667 0.958138
vt 0.616667 0.970004
vt 0.616667 0.968983
vt 0.616667 0.967899
vt 0.616667 0.966775
vt 0.616667 0.965633
vt 0.616667 0.963562
vt 0.616667 0.962145
vt 0.616667 0.960750
vt 0.616667 0.959405
vt 0.616667 0.958138
vt 0.566667 0.970004
vt 0.566667 0.968983
vt 0.566667 0.967899
vt 0.566667 0.966774
vt 0.566667 0.965633
vt 0.566667 0.963562
vt 0.566667 0.962145
vt 0.566667 0.960750
vt 0.566667 0.959405
vt 0.566667 0.958138
vt 0.516667 0.970004
vt 0.516667 0.968983
vt 0.516667 0.967899
vt 0.516667 0.966775
vt 0.516667 0.965633
vt 0.516667 0.963562
vt 0.516667 0.962145
vt 0.516667 0.960750
vt 0.516667 0.959405
vt 0.516667 0.958138
vt 0.466667 0.970004
vt 0.466667 0.968982
vt 0.466667 0.967899
vt 0.466667 0.966774
vt 0.466667 0.965633
vt 0.466667 0.963562
vt 0.466667 0.962145
vt 0.466667 0.960750
vt 0.466667 0.959405
vt 0.466667 0.958138
vt 0.416667 0.970004
vt 0.416667 0.968983
vt 0.416667 0.967899
vt 0.416667 0.966775
vt 0.416667 0.965633
vt 0.416667 0.963562
vt 0.416667 0.962145
vt 0.416667 0.960750
vt 0.416667 0.959405
vt 0.416667 0.958138
vt 0.366667 0.970004
vt 0.366667 0.968983
vt 0.366667 0.967899
vt 0.366667 0.966774
vt 0.366667 0.965633
vt 0.366667 0.963562
vt 0.366667 0.962145
vt 0.366667 0.960750
vt 0.366667 0.959405
vt 0.366667 0.958138
vt 0.316667 0.970004
vt 0.316667 0.968983
vt 0.316667 0.967899
vt 0.316667 0.966774
vt 0.316667 0.965633
vt 0.316667 0.963562
vt 0.316667 0.962145
vt 0.316667 0.960750
vt 0.316667 0.959405
vt 0.316667 0.958138
vt 0.266667 0.970004
vt 0.266667 0.968983
vt 0.266667 0.967899
vt 0.266667 0.966774
vt 0.266667 0.965633
vt 0.266667 0.963562
vt 0.266667 0.962145
vt 0.266667 0.960750
vt 0.266667 0.959405
vt 0.266667 0.958138
vt 0.216667 0.970004
vt 0.216667 0.968983
vt 0.216667 0.967899
vt 0.216667 0.966774
vt 0.216667 0.965633
vt 0.216667 0.963562
vt 0.216667 0.962145
vt 0.216667 0.960750
vt 0.216667 0.959405
vt 0.216667 0.958138
vt 0.166667 0.970004
vt 0.166667 0.968982
vt 0.166667 0.967899
vt 0.166667 0.966774
vt 0.166667 0.965633
vt 0.166667 0.963562
vt 0.166667 0.962145
vt 0.166667 0.960750
vt 0.166667 0.959405
vt 0.166667 0.958138
vt 0.116667 0.970004
vt 0.116667 0.968983
vt 0.116667 0.967899
vt 0.116667 0.966775
vt 0.116667 0.965633
vt 0.116667 0.963562
vt 0.116667 0.962145
vt 0.116667 0.960750
vt 0.116667 0.959405
vt 0.116667 0.958138
vt 0.066667 0.970004
vt 0.066667 0.968983
vt 0.066667 0.967899
vt 0.066667 0.966775
vt 0.066667 0.965633
vt 0.066667 0.963562
vt 0.066667 0.962145
vt 0.066667 0.960750
vt 0.066667 0.959405
vt 0.066667 0.958138
vt 0.966667 0.970004
vt 0.966667 0.968982
vt 0.966667 0.967899
vt 0.966667 0.966774
vt 0.966667 0.965633
vt 0.966667 0.963562
vt 0.966667 0.962145
vt 0.966667 0.960750
vt 0.966667 0.959405
vt 0.966667 0.958138
vt 0.000012 0.987682
vt 0.016667 0.987682
vt 0.000048 0.986756
vt 0.016667 0.986756
vt 0.000104 0.985830
vt 0.016667 0.985830
vt 0.000181 0.984922
vt 0.016667 0.984922
vt 0.000275 0.984050
vt 0.016667 0.984050
vt 0.000275 0.980658
vt 0.016667 0.980658
vt 0.000181 0.979787
vt 0.016667 0.979787
vt 0.000104 0.978878
vt 0.016667 0.978878
vt 0.000048 0.977952
vt 0.016667 0.977952
vt 0.000012 0.977026
vt 0.016667 0.977026
vt 0.933333 0.987682
vt 0.950000 0.987682
vt 0.933333 0.986756
vt 0.950000 0.986756
vt 0.933333 0.985830
vt 0.950000 0.985830
vt 0.933333 0.984922
vt 0.950000 0.984922
vt 0.933333 0.984050
vt 0.950000 0.984050
vt 0.933333 0.980658
vt 0.950000 0.980658
vt 0.933333 0.979787
vt 0.950000 0.979787
vt 0.933333 0.978878
vt 0.950000 0.978878
vt 0.933333 0.977952
vt 0.950000 0.977952
vt 0.933333 0.977026
vt 0.950000 0.977026
vt 0.916667 0.987682
vt 0.916667 0.986756
vt 0.916667 0.985830
vt 0.916667 0.984922
vt 0.916667 0.984050
vt 0.916667 0.980658
vt 0.916667 0.979787
vt 0.916667 0.978879
vt 0.916667 0.977952
vt 0.916667 0.977026
vt 0.900000 0.987682
vt 0.900000 0.986756
vt 0.900000 0.985830
vt 0.900000 0.984922
vt 0.900000 0.984050
vt 0.900000 0.980658
vt 0.900000 0.979787
vt 0.900000 0.978878
vt 0.900000 0.977952
vt 0.900000 0.977027
vt 0.883333 0.987682
vt 0.883333 0.986756
vt 0.883333 0.985830
vt 0.883334 0.984922
vt 0.883333 0.984050
vt 0.883333 0.980658
vt 0.883333 0.979787
vt 0.883333 0.978879
vt 0.883333 0.977952
vt 0.883334 0.977026
vt 0.866667 0.987682
vt 0.866667 0.986756
vt 0.866667 0.985830
vt 0.866667 0.984922
vt 0.866667 0.984050
vt 0.866667 0.980658
vt 0.866667 0.979787
vt 0.866667 0.978878
vt 0.866667 0.977952
vt 0.866667 0.977027
vt 0.850000 0.987682
vt 0.850000 0.986756
vt 0.850000 0.985830
vt 0.850000 0.984922
vt 0.850000 0.984050
vt 0.850000 0.980658
vt 0.850000 0.979787
vt 0.850000 0.978878
vt 0.850000 0.977952
vt 0.850000 0.977026
vt 0.833333 0.987682
vt 0.833333 0.986756
vt 0.833334 0.985830
vt 0.833333 0.984922
vt 0.833334 0.984050
vt 0.833333 0.980658
vt 0.833333 0.979787
vt 0.833333 0.978878
vt 0.833333 0.977952
vt 0.833334 0.977027
vt 0.816667 0.987682
vt 0.816667 0.986756
vt 0.816667 0.985830
vt 0.816667 0.984922
vt 0.816667 0.984050
vt 0.816667 0.980658
vt 0.816667 0.979787
vt 0.816667 0.978878
vt 0.816667 0.977952
vt 0.816667 0.977026
vt 0.800000 0.987682
vt 0.800000 0.986756
vt 0.800000 0.985830
vt 0.800000 0.984922
vt 0.800000 0.984050
vt 0.800000 0.980658
vt 0.800000 0.979787
vt 0.800000 0.978878
vt 0.800000 0.977952
vt 0.800000 0.977026
vt 0.783333 0.987682
vt 0.783334 0.986756
vt 0.783334 0.985830
vt 0.783334 0.984922
vt 0.783334 0.984050
vt 0.783334 0.980658
vt 0.783334 0.979787
vt 0.783333 0.978878
vt 0.783334 0.977952
vt 0.783334 0.977026
vt 0.766667 0.987682
vt 0.766667 0.986756
vt 0.766667 0.985830
vt 0.766667 0.984922
vt 0.766667 0.984050
vt 0.766667 0.980658
vt 0.766667 0.979787
vt 0.766667 0.978878
vt 0.766667 0.977952
vt 0.766667 0.977026
vt 0.750000 0.987682
vt 0.750000 0.986756
vt 0.750000 0.985830
vt 0.750000 0.984922
vt 0.750000 0.984050
vt 0.750000 0.980658
vt 0.750000 0.979787
vt 0.750000 0.978878
vt 0.750000 0.977952
vt 0.750000 0.977026
vt 0.733334 0.987682
vt 0.733334 0.986756
vt 0.733334 0.985830
vt 0.733334 0.984922
vt 0.733334 0.984050
vt 0.733334 0.980658
vt 0.733334 0.979787
vt 0.733334 0.978878
vt 0.733334 0.977952
vt 0.733334 0.977026
vt 0.716667 0.987682
vt 0.716667 0.986756
vt 0.716667 0.985830
vt 0.716667 0.984922
vt 0.716667 0.984050
vt 0.716667 0.980658
vt 0.716667 0.979787
vt 0.716667 0.978878
vt 0.716667 0.977952
vt 0.716667 0.977026
vt 0.700000 0.987682
vt 0.700000 0.986756
vt 0.700000 0.985830
vt 0.700000 0.984922
vt 0.700000 0.984050
vt 0.700000 0.980658
vt 0.700000 0.979787
vt 0.700000 0.978878
vt 0.700000 0.977952
vt 0.700000 0.977026
vt 0.683334 0.987682
vt 0.683334 0.986756
vt 0.683334 0.985830
vt 0.683334 0.984922
vt 0.683334 0.984050
vt 0.683334 0.980658
vt 0.683334 0.979787
vt 0.683334 0.978878
vt 0.683334 0.977952
vt 0.683334 0.977026
vt 0.666667 0.987682
vt 0.666667 0.986756
vt 0.666667 0.985830
vt 0.666667 0.984922
vt 0.666667 0.984050
vt 0.666667 0.980658
vt 0.666667 0.979787
vt 0.666667 0.978878
vt 0.666667 0.977952
vt 0.666667 0.977026
vt 0.650000 0.987682
vt 0.650000 0.986756
vt 0.650000 0.985830
vt 0.650000 0.984922
vt 0.650000 0.984050
vt 0.650000 0.980658
vt 0.650000 0.979787
vt 0.650000 0.978878
vt 0.650000 0.977952
vt 0.650000 0.977026
vt 0.633334 0.987682
vt 0.633334 0.986756
vt 0.633334 0.985830
vt 0.633334 0.984922
vt 0.633334 0.984050
vt 0.633334 0.980658
vt 0.633334 0.979787
vt 0.633334 0.978878
vt 0.633334 0.977952
vt 0.633334 0.977026
vt 0.616667 0.987682
vt 0.616667 0.986756
vt 0.616667 0.985830
vt 0.616667 0.984922
vt 0.616667 0.984050
vt 0.616667 0.980658
vt 0.616667 0.979787
vt 0.616667 0.978878
vt 0.616667 0.977952
vt 0.616667 0.977026
vt 0.600000 0.987682
vt 0.600000 0.986756
vt 0.600000 0.985830
vt 0.600000 0.984922
vt 0.600000 0.984050
vt 0.600000 0.980658
vt 0.600000 0.979787
vt 0.600000 0.978879
vt 0.600000 0.977952
vt 0.600000 0.977026
vt 0.583334 0.987682
vt 0.583334 0.986756
vt 0.583334 0.985830
vt 0.583334 0.984922
vt 0.583334 0.984050
vt 0.583334 0.980658
vt 0.583334 0.979787
vt 0.583334 0.978878
vt 0.583334 0.977952
vt 0.583334 0.977026
vt 0.566667 0.987682
vt 0.566667 0.986756
vt 0.566667 0.985830
vt 0.566667 0.984922
vt 0.566667 0.984050
vt 0.566667 0.980658
vt 0.566667 0.979787
vt 0.566667 0.978878
vt 0.566667 0.977952
vt 0.566667 0.977026
vt 0.550000 0.987682
vt 0.550000 0.986756
vt 0.550000 0.985830
vt 0.550000 0.984922
vt 0.550000 0.984050
vt 0.550000 0.980658
vt 0.550000 0.979787
vt 0.550000 0.978878
vt 0.550000 0.977952
vt 0.550000 0.977026
vt 0.533334 0.987682
vt 0.533334 0.986756
vt 0.533334 0.985830
vt 0.533334 0.984922
vt 0.533334 0.984050
vt 0.533334 0.980658
vt 0.533334 0.979787
vt 0.533334 0.978878
vt 0.533334 0.977952
vt 0.533334 0.977026
vt 0.516667 0.987682
vt 0.516667 0.986756
vt 0.516667 0.985830
vt 0.516667 0.984922
vt 0.516667 0.984050
vt 0.516667 0.980658
vt 0.516667 0.979787
vt 0.516667 0.978879
vt 0.516667 0.977952
vt 0.516667 0.977026
vt 0.500000 0.987682
vt 0.500000 0.986756
vt 0.500000 0.985830
vt 0.500000 0.984922
vt 0.500000 0.984050
vt 0.500000 0.980658
vt 0.500000 0.979787
vt 0.500000 0.978878
vt 0.500000 0.977952
vt 0.500000 0.977026
vt 0.483334 0.987682
vt 0.483334 0.986756
vt 0.483334 0.985830
vt 0.483334 0.984922
vt 0.483334 0.984050
vt 0.483334 0.980658
vt 0.483334 0.979787
vt 0.483334 0.978878
vt 0.483334 0.977952
vt 0.483334 0.977026
vt 0.466667 0.987682
vt 0.466667 0.986756
vt 0.466667 0.985830
vt 0.466667 0.984922
vt 0.466667 0.984050
vt 0.466667 0.980658
vt 0.466667 0.979787
vt 0.466667 0.978878
vt 0.466667 0.977952
vt 0.466667 0.977026
vt 0.450000 0.987682
vt 0.450000 0.986756
vt 0.450000 0.985830
vt 0.450000 0.984922
vt 0.450000 0.984050
vt 0.450000 0.980658
vt 0.450000 0.979787
vt 0.450000 0.978878
vt 0.450000 0.977952
vt 0.450000 0.977026
vt 0.433334 0.987682
vt 0.433334 0.986756
vt 0.433334 0.985830
vt 0.433334 0.984922
vt 0.433334 0.984050
vt 0.433334 0.980658
vt 0.433334 0.979787
vt 0.433334 0.978878
vt 0.433334 0.977952
vt 0.433334 0.977026
vt 0.416667 0.987682
vt 0.416667 0.986756
vt 0.416667 0.985830
vt 0.416667 0.984922
vt 0.416667 0.984050
vt 0.416667 0.980658
vt 0.416667 0.979787
vt 0.416667 0.978878
vt 0.416667 0.977952
vt 0.416667 0.977027
vt 0.400000 0.987682
vt 0.400000 0.986756
vt 0.400000 0.985830
vt 0.400000 0.984922
vt 0.400000 0.984050
vt 0.400000 0.980658
vt 0.400000 0.979787
vt 0.400000 0.978878
vt 0.400000 0.977952
vt 0.400000 0.977026
vt 0.383334 0.987682
vt 0.383334 0.986756
vt 0.383334 0.985830
vt 0.383334 0.984922
vt 0.383334 0.984050
vt 0.383334 0.980658
vt 0.383334 0.979787
vt 0.383334 0.978878
vt 0.383334 0.977952
vt 0.383334 0.977026
vt 0.366667 0.987682
vt 0.366667 0.986756
vt 0.366667 0.985830
vt 0.366667 0.984922
vt 0.366667 0.984050
vt 0.366667 0.980658
vt 0.366667 0.979787
vt 0.366667 0.978878
vt 0.366667 0.977952
vt 0.366667 0.977026
vt 0.350000 0.987682
vt 0.350000 0.986756
vt 0.350000 0.985830
vt 0.350000 0.984922
vt 0.350000 0.984050
vt 0.350000 0.980658
vt 0.350000 0.979787
vt 0.350000 0.978878
vt 0.350000 0.977952
vt 0.350000 0.977026
vt 0.333334 0.987682
vt 0.333334 0.986756
vt 0.333334 0.985830
vt 0.333334 0.984922
vt 0.333334 0.984050
vt 0.333334 0.980658
vt 0.333334 0.979787
vt 0.333334 0.978878
vt 0.333334 0.977952
vt 0.333334 0.977026
vt 0.316667 0.987682
vt 0.316667 0.986756
vt 0.316667 0.985830
vt 0.316667 0.984922
vt 0.316667 0.984050
vt 0.316667 0.980658
vt 0.316667 0.979787
vt 0.316667 0.978878
vt 0.316667 0.977952
vt 0.316667 0.977026
vt 0.300000 0.987682
vt 0.300000 0.986756
vt 0.300000 0.985830
vt 0.300000 0.984922
vt 0.300000 0.984050
vt 0.300000 0.980658
vt 0.300000 0.979787
vt 0.300000 0.978878
vt 0.300000 0.977952
vt 0.300000 0.977026
vt 0.283334 0.987682
vt 0.283334 0.986756
vt 0.283334 0.985830
vt 0.283334 0.984922
vt 0.283334 0.984050
vt 0.283334 0.980658
vt 0.283334 0.979787
vt 0.283334 0.978878
vt 0.283334 0.977952
vt 0.283334 0.977026
vt 0.266667 0.987682
vt 0.266667 0.986756
vt 0.266667 0.985830
vt 0.266667 0.984922
vt 0.266667 0.984050
vt 0.266667 0.980658
vt 0.266667 0.979787
vt 0.266667 0.978878
vt 0.266667 0.977952
vt 0.266667 0.977026
vt 0.250000 0.987682
vt 0.250000 0.986756
vt 0.250000 0.985830
vt 0.250000 0.984922
vt 0.250000 0.984050
vt 0.250000 0.980658
vt 0.250000 0.979787
vt 0.250000 0.978878
vt 0.250000 0.977952
vt 0.250000 0.977026
vt 0.233334 0.987682
vt 0.233334 0.986756
vt 0.233334 0.985830
vt 0.233334 0.984922
vt 0.233334 0.984050
vt 0.233334 0.980658
vt 0.233334 0.979787
vt 0.233334 0.978878
vt 0.233334 0.977952
vt 0.233334 0.977026
vt 0.216667 0.987682
vt 0.216667 0.986756
vt 0.216667 0.985830
vt 0.216667 0.984922
vt 0.216667 0.984050
vt 0.216667 0.980658
vt 0.216667 0.979787
vt 0.216667 0.978879
vt 0.216667 0.977952
vt 0.216667 0.977026
vt 0.200000 0.987682
vt 0.200000 0.986756
vt 0.200000 0.985830
vt 0.200000 0.984922
vt 0.200000 0.984050
vt 0.200000 0.980658
vt 0.200000 0.979787
vt 0.200000 0.978878
vt 0.200000 0.977952
vt 0.200000 0.977026
vt 0.183334 0.987682
vt 0.183334 0.986756
vt 0.183334 0.985830
vt 0.183334 0.984922
vt 0.183334 0.984050
vt 0.183334 0.980658
vt 0.183334 0.979787
vt 0.183334 0.978878
vt 0.183334 0.977952
vt 0.183334 0.977026
vt 0.166667 0.987682
vt 0.166667 0.986756
vt 0.166667 0.985830
vt 0.166667 0.984922
vt 0.166667 0.984050
vt 0.166667 0.980658
vt 0.166667 0.979787
vt 0.166667 0.978878
vt 0.166667 0.977952
vt 0.166667 0.977026
vt 0.150000 0.987682
vt 0.150000 0.986756
vt 0.150000 0.985830
vt 0.150000 0.984922
vt 0.150000 0.984050
vt 0.150000 0.980658
vt 0.150000 0.979787
vt 0.150000 0.978878
vt 0.150000 0.977952
vt 0.150000 0.977026
vt 0.133334 0.987682
vt 0.133334 0.986756
vt 0.133334 0.985830
vt 0.133334 0.984922
vt 0.133334 0.984050
vt 0.133334 0.980658
vt 0.133334 0.979787
vt 0.133334 0.978878
vt 0.133334 0.977952
vt 0.133334 0.977026
vt 0.116667 0.987682
vt 0.116667 0.986756
vt 0.116667 0.985830
vt 0.116667 0.984922
vt 0.116667 0.984050
vt 0.116667 0.980658
vt 0.116667 0.979787
vt 0.116667 0.978878
vt 0.116667 0.977952
vt 0.116667 0.977026
vt 0.100000 0.987682
vt 0.100000 0.986756
vt 0.100000 0.985830
vt 0.100000 0.984922
vt 0.100000 0.984050
vt 0.100000 0.980658
vt 0.100000 0.979787
vt 0.100000 0.978878
vt 0.100000 0.977952
vt 0.100000 0.977026
vt 0.083334 0.987682
vt 0.083334 0.986756
vt 0.083334 0.985830
vt 0.083334 0.984922
vt 0.083334 0.984050
vt 0.083334 0.980658
vt 0.083334 0.979787
vt 0.083334 0.978878
vt 0.083334 0.977952
vt 0.083334 0.977027
vt 0.066667 0.987682
vt 0.066667 0.986756
vt 0.066667 0.985830
vt 0.066667 0.984922
vt 0.066667 0.984050
vt 0.066667 0.980658
vt 0.066667 0.979787
vt 0.066667 0.978878
vt 0.066667 0.977952
vt 0.066667 0.977026
vt 0.050000 0.987682
vt 0.050000 0.986756
vt 0.050000 0.985830
vt 0.050000 0.984922
vt 0.050000 0.984050
vt 0.050000 0.980658
vt 0.050000 0.979787
vt 0.050000 0.978878
vt 0.050000 0.977952
vt 0.050000 0.977026
vt 0.033334 0.987682
vt 0.033334 0.986756
vt 0.033334 0.985830
vt 0.033334 0.984922
vt 0.033334 0.984050
vt 0.033334 0.980658
vt 0.033334 0.979787
vt 0.033334 0.978878
vt 0.033334 0.977952
vt 0.033334 0.977026
vt 0.966667 0.987682
vt 0.966667 0.986756
vt 0.966667 0.985830
vt 0.966667 0.984922
vt 0.966667 0.984050
vt 0.966667 0.980658
vt 0.966667 0.979787
vt 0.966667 0.978878
vt 0.966667 0.977952
vt 0.966667 0.977026
vt 0.983333 0.987682
vt 0.999988 0.987682
vt 0.983333 0.986756
vt 0.999953 0.986756
vt 0.983333 0.985830
vt 0.999896 0.985830
vt 0.983333 0.984922
vt 0.999819 0.984922
vt 0.983333 0.984050
vt 0.999725 0.984050
vt 0.983333 0.980658
vt 0.999725 0.980658
vt 0.983333 0.979787
vt 0.999819 0.979787
vt 0.983333 0.978878
vt 0.999896 0.978878
vt 0.983333 0.977952
vt 0.999953 0.977952
vt 0.983333 0.977026
vt 0.999988 0.977026
s 1
usemtl glass
f 2905/1/1 5/2/2 6/3/3 2473/4/4
f 74/5/5 793/6/6 805/7/7 86/8/8
f 86/9/8 805/7/7 817/10/9 98/11/10
f 98/11/10 817/10/9 829/12/11 110/13/12
f 110/13/12 829/12/11 841/14/13 122/15/14
f 122/15/14 841/16/13 853/17/15 134/18/16
f 134/18/16 853/19/15 865/20/17 146/21/18
f 146/21/18 865/20/17 877/22/19 158/23/20
f 158/24/20 877/22/19 889/25/21 170/26/22
f 170/27/22 889/25/21 901/28/23 182/29/24
f 182/30/24 901/28/23 913/31/25 194/32/26
f 194/33/26 913/31/25 925/34/27 206/35/28
f 206/35/28 925/34/27 937/36/29 218/37/30
f 218/38/30 937/36/29 949/39/31 230/40/32
f 230/40/32 949/39/31 961/41/33 242/42/34
f 242/42/34 961/41/33 973/43/35 254/44/36
f 254/45/36 973/43/35 985/46/37 266/47/38
f 266/47/38 985/46/37 997/48/39 278/49/40
f 278/49/40 997/48/39 1009/50/41 290/51/42
f 290/51/42 1009/50/41 1021/52/43 302/53/44
f 302/54/44 1021/52/43 1033/55/45 314/56/46
f 314/57/46 1033/55/45 1045/58/47 326/59/48
f 326/59/48 1045/58/47 1057/60/49 338/61/50
f 338/62/50 1057/63/49 1069/64/51 350/65/52
f 350/65/52 1069/64/51 1081/66/53 362/67/54
f 362/67/54 1081/66/53 1093/68/55 374/69/56
f 374/69/56 1093/68/55 1105/70/57 386/71/58
f 386/71/58 1105/70/57 1117/72/59 398/73/60
f 398/73/60 1117/72/59 1129/74/61 410/75/62
f 410/75/62 1129/74/61 1141/76/63 422/77/64
f 422/77/64 1141/76/63 1153/78/65 434/79/66
f 434/79/66 1153/78/65 1165/80/67 446/81/68
f 446/81/68 1165/82/67 1177/83/69 458/84/70
f 458/85/70 1177/86/69 1189/87/71 470/88/72
f 470/88/72 1189/89/71 1201/90/73 482/91/74
f 482/92/74 1201/90/73 1213/93/75 494/94/76
f 494/95/76 1213/93/75 1225/96/77 506/97/78
f 506/98/78 1225/96/77 1237/99/79 518/100/80
f 518/100/80 1237/99/79 1249/101/81 530/102/82
f 530/103/82 1249/101/81 1261/104/83 542/105/84
f 542/105/84 1261/106/83 1273/107/85 554/108/86
f 554/109/86 1273/107/85 1285/110/87 566/111/88
f 566/111/88 1285/110/87 1297/112/89 578/113/90
f 578/113/90 1297/112/89 1309/114/91 590/115/92
f 590/116/92 1309/114/91 1321/117/93 602/118/94
f 602/118/94 1321/117/93 1333/119/95 614/120/96
f 614/120/96 1333/119/95 1345/121/97 626/122/98
f 626/123/98 1345/121/97 1357/124/99 638/125/100
f 638/126/100 1357/124/99 1369/127/101 650/128/102
f 650/129/102 1369/127/101 1381/130/103 662/131/104
f 662/131/104 1381/130/103 1393/132/105 674/133/106
f 674/134/106 1393/132/105 1405/135/107 686/136/108
f 686/136/108 1405/135/107 1417/137/109 698/138/110
f 698/139/110 1417/140/109 1429/141/111 710/142/112
f 710/143/112 1429/141/111 1441/144/113 722/145/114
f 722/145/114 1441/144/113 1453/146/115 734/147/116
f 734/147/116 1453/146/115 1465/148/117 746/149/118
f 746/149/118 1465/148/117 1477/150/119 758/151/120
f 2677/152/121 57/153/122 58/154/123 2221/155/124
f 758/151/120 1477/150/119 1489/156/125 770/157/126
f 62/158/127 782/159/128 793/6/6 74/5/5
f 2917/160/129 2/161/130 3/162/131 2462/163/132
f 2930/164/133 60/165/134 1/166/135 2449/167/136
f 2174/168/137 2461/169/138 2437/170/139 2162/171/140
f 2665/172/141 54/173/142 55/174/143 2233/175/144
f 2221/176/124 58/154/123 59/177/145 2689/178/146
f 2689/178/146 59/177/145 60/165/134 2930/164/133
f 2653/179/147 51/180/148 52/181/149 2245/182/150
f 2233/175/144 55/174/143 56/183/151 2701/184/152
f 2701/184/152 56/183/151 57/153/122 2677/152/121
f 2641/185/153 48/186/154 49/187/155 2257/188/156
f 2245/182/150 52/181/149 53/189/157 2713/190/158
f 2713/191/158 53/189/157 54/173/142 2665/192/141
f 2629/193/159 45/194/160 46/195/161 2269/196/162
f 2257/188/156 49/187/155 50/197/163 2725/198/164
f 2725/199/164 50/197/163 51/180/148 2653/179/147
f 2617/200/165 42/201/166 43/202/167 2281/203/168
f 2269/204/162 46/195/161 47/205/169 2737/206/170
f 2737/206/170 47/205/169 48/186/154 2641/185/153
f 2605/207/171 39/208/172 40/209/173 2293/210/174
f 2281/203/168 43/202/167 44/211/175 2749/212/176
f 2749/213/176 44/211/175 45/194/160 2629/193/159
f 2593/214/177 36/215/178 37/216/179 2305/217/180
f 2293/210/174 40/209/173 41/218/181 2761/219/182
f 2761/219/182 41/218/181 42/201/166 2617/200/165
f 2581/220/183 33/221/184 34/222/185 2317/223/186
f 2305/224/180 37/216/179 38/225/187 2773/226/188
f 2773/226/188 38/225/187 39/208/172 2605/207/171
f 2569/227/189 30/228/190 31/229/191 2329/230/192
f 2317/231/186 34/222/185 35/232/193 2785/233/194
f 2785/233/194 35/232/193 36/215/178 2593/214/177
f 2557/234/195 27/235/196 28/236/197 2341/237/198
f 2329/230/192 31/229/191 32/238/199 2797/239/200
f 2797/240/200 32/238/199 33/221/184 2581/220/183
f 2545/241/201 24/242/202 25/243/203 2353/244/204
f 2341/237/198 28/236/197 29/245/205 2809/246/206
f 2809/247/206 29/245/205 30/228/190 2569/227/189
f 2533/248/207 21/249/208 22/250/209 2365/251/210
f 2353/252/204 25/243/203 26/253/211 2821/254/212
f 2821/254/212 26/253/211 27/235/196 2557/255/195
f 2521/256/213 18/257/214 19/258/215 2377/259/216
f 2365/251/210 22/250/209 23/260/217 2833/261/218
f 2833/261/218 23/260/217 24/242/202 2545/241/201
f 2509/262/219 15/263/220 16/264/221 2389/265/222
f 2377/259/216 19/258/215 20/266/223 2845/267/224
f 2845/268/224 20/266/223 21/249/208 2533/248/207
f 2497/269/225 12/270/226 13/271/227 2401/272/228
f 2389/273/222 16/264/221 17/274/229 2857/275/230
f 2857/275/230 17/274/229 18/257/214 2521/276/213
f 2485/277/231 9/278/232 10/279/233 2413/280/234
f 2401/272/228 13/271/227 14/281/235 2869/282/236
f 2869/283/236 14/281/235 15/263/220 2509/262/219
f 2473/4/4 6/3/3 7/284/237 2425/285/238
f 2413/280/234 10/279/233 11/286/239 2881/287/240
f 2881/288/240 11/286/239 12/270/226 2497/269/225
f 2438/289/241 4/290/242 5/2/2 2905/1/1
f 2425/291/238 7/284/237 8/292/243 2893/293/244
f 2893/293/244 8/292/243 9/278/232 2485/277/231
f 2462/163/132 3/162/131 4/290/242 2438/289/241
f 61/294/245 73/295/246 85/296/247 97/297/248 109/298/249 121/299/250 133/300/251 145/301/252 157/302/253 169/303/254 181/304/255 193/305/256 205/306/257 217/307/258 229/308/259 241/309/260 253/310/261 265/311/262 277/312/263 289/313/264 301/314/265 313/315/266 325/316/267 337/317/268 349/318/269 361/319/270 373/320/271 385/321/272 397/322/273 409/323/274 421/324/275 433/325/276 445/326/277 457/327/278 469/328/279 481/329/280 493/330/281 505/331/282 517/332/283 529/333/284 541/334/285 553/335/286 565/336/287 577/337/288 589/338/289 601/339/290 613/340/291 625/341/292 637/342/293 649/343/294 661/344/295 673/345/296 685/346/297 697/347/298 709/348/299 721/349/300 733/350/301 745/351/302 757/352/303 769/353/304
f 62/158/127 74/5/5 84/354/305 72/355/306
f 72/355/306 84/354/305 83/356/307 71/357/308
f 71/357/308 83/356/307 82/358/309 70/359/310
f 70/359/310 82/358/309 81/360/311 69/361/312
f 69/361/312 81/360/311 80/362/313 68/363/314
f 68/363/314 80/362/313 79/364/315 67/365/316
f 67/366/316 79/367/315 78/368/317 66/369/318
f 66/369/318 78/368/317 77/370/319 65/371/320
f 65/371/320 77/370/319 76/372/321 64/373/322
f 64/373/322 76/372/321 75/374/323 63/375/324
f 63/375/324 75/374/323 73/295/246 61/294/245
f 74/5/5 86/8/8 96/376/325 84/377/305
f 84/377/305 96/376/325 95/378/326 83/379/307
f 83/379/307 95/378/326 94/380/327 82/381/309
f 82/381/309 94/380/327 93/382/328 81/383/311
f 81/383/311 93/382/328 92/384/329 80/385/313
f 80/385/313 92/384/329 91/386/330 79/387/315
f 79/367/315 91/388/330 90/389/331 78/368/317
f 78/368/317 90/389/331 89/390/332 77/370/319
f 77/370/319 89/390/332 88/391/333 76/372/321
f 76/372/321 88/391/333 87/392/334 75/374/323
f 75/374/323 87/392/334 85/296/247 73/295/246
f 86/9/8 98/11/10 108/393/335 96/394/325
f 96/394/325 108/393/335 107/395/336 95/396/326
f 95/396/326 107/395/336 106/397/337 94/398/327
f 94/398/327 106/397/337 105/399/338 93/400/328
f 93/400/328 105/399/338 104/401/339 92/402/329
f 92/402/329 104/401/339 103/403/340 91/404/330
f 91/388/330 103/405/340 102/406/341 90/389/331
f 90/389/331 102/406/341 101/407/342 89/390/332
f 89/390/332 101/407/342 100/408/343 88/391/333
f 88/391/333 100/408/343 99/409/344 87/392/334
f 87/392/334 99/409/344 97/297/248 85/296/247
f 98/11/10 110/13/12 120/410/345 108/411/335
f 108/411/335 120/410/345 119/412/346 107/413/336
f 107/413/336 119/412/346 118/414/347 106/415/337
f 106/415/337 118/414/347 117/416/348 105/417/338
f 105/417/338 117/416/348 116/418/349 104/419/339
f 104/419/339 116/418/349 115/420/350 103/421/340
f 103/405/340 115/422/350 114/423/351 102/406/341
f 102/406/341 114/423/351 113/424/352 101/407/342
f 101/407/342 113/424/352 112/425/353 100/408/343
f 100/408/343 112/425/353 111/426/354 99/409/344
f 99/409/344 111/426/354 109/298/249 97/297/248
f 110/13/12 122/15/14 132/427/355 120/428/345
f 120/428/345 132/427/355 131/429/356 119/430/346
f 119/430/346 131/429/356 130/431/357 118/432/347
f 118/432/347 130/431/357 129/433/358 117/434/348
f 117/434/348 129/433/358 128/435/359 116/436/349
f 116/436/349 128/435/359 127/437/360 115/438/350
f 115/422/350 127/439/360 126/440/361 114/423/351
f 114/423/351 126/440/361 125/441/362 113/424/352
f 113/424/352 125/441/362 124/442/363 112/425/353
f 112/425/353 124/442/363 123/443/364 111/426/354
f 111/426/354 123/443/364 121/299/250 109/298/249
f 122/15/14 134/18/16 144/444/365 132/445/355
f 132/445/355 144/444/365 143/446/366 131/447/356
f 131/447/356 143/446/366 142/448/367 130/449/357
f 130/449/357 142/448/367 141/450/368 129/451/358
f 129/451/358 141/450/368 140/452/369 128/453/359
f 128/453/359 140/452/369 139/454/370 127/455/360
f 127/439/360 139/456/370 138/457/371 126/440/361
f 126/440/361 138/457/371 137/458/372 125/441/362
f 125/441/362 137/458/372 136/459/373 124/442/363
f 124/442/363 136/459/373 135/460/374 123/443/364
f 123/443/364 135/460/374 133/300/251 121/299/250
f 134/18/16 146/21/18 156/461/375 144/462/365
f 144/462/365 156/461/375 155/463/376 143/464/366
f 143/464/366 155/463/376 154/465/377 142/466/367
f 142/466/367 154/465/377 153/467/378 141/468/368
f 141/468/368 153/467/378 152/469/379 140/470/369
f 140/470/369 152/469/379 151/471/380 139/472/370
f 139/456/370 151/473/380 150/474/381 138/457/371
f 138/457/371 150/474/381 149/475/382 137/458/372
f 137/458/372 149/475/382 148/476/383 136/459/373
f 136/459/373 148/476/383 147/477/384 135/460/374
f 135/460/374 147/477/384 145/301/252 133/300/251
f 146/21/18 158/23/20 168/478/385 156/479/375
f 156/479/375 168/478/385 167/480/386 155/481/376
f 155/481/376 167/480/386 166/482/387 154/483/377
f 154/483/377 166/482/387 165/484/388 153/485/378
f 153/485/378 165/484/388 164/486/389 152/487/379
f 152/487/379 164/486/389 163/488/390 151/489/380
f 151/473/380 163/490/390 162/491/391 150/474/381
f 150/474/381 162/491/391 161/492/392 149/475/382
f 149/475/382 161/492/392 160/493/393 148/476/383
f 148/476/383 160/493/393 159/494/394 147/477/384
f 147/477/384 159/494/394 157/302/253 145/301/252
f 158/24/20 170/26/22 180/495/395 168/496/385
f 168/496/385 180/495/395 179/497/396 167/498/386
f 167/498/386 179/497/396 178/499/397 166/500/387
f 166/500/387 178/499/397 177/501/398 165/502/388
f 165/502/388 177/501/398 176/503/399 164/504/389
f 164/504/389 176/503/399 175/505/400 163/506/390
f 163/490/390 175/507/400 174/508/401 162/491/391
f 162/491/391 174/508/401 173/509/402 161/492/392
f 161/492/392 173/509/402 172/510/403 160/493/393
f 160/493/393 172/510/403 171/511/404 159/494/394
f 159/494/394 171/511/404 169/303/254 157/302/253
f 170/27/22 182/29/24 192/512/405 180/513/395
f 180/513/395 192/512/405 191/514/406 179/515/396
f 179/515/396 191/514/406 190/516/407 178/517/397
f 178/517/397 190/516/407 189/518/408 177/519/398
f 177/519/398 189/518/408 188/520/409 176/521/399
f 176/521/399 188/520/409 187/522/410 175/523/400
f 175/507/400 187/524/410 186/525/411 174/508/401
f 174/508/401 186/525/411 185/526/412 173/509/402
f 173/509/402 185/526/412 184/527/413 172/510/403
f 172/510/403 184/527/413 183/528/414 171/511/404
f 171/511/404 183/528/414 181/304/255 169/303/254
f 182/30/24 194/32/26 204/529/415 192/530/405
f 192/530/405 204/529/415 203/531/416 191/532/406
f 191/532/406 203/531/416 202/533/417 190/534/407
f 190/534/407 202/533/417 201/535/418 189/536/408
f 189/536/408 201/535/418 200/537/419 188/538/409
f 188/538/409 200/537/419 199/539/420 187/540/410
f 187/524/410 199/541/420 198/542/421 186/525/411
f 186/525/411 198/542/421 197/543/422 185/526/412
f 185/526/412 197/543/422 196/544/423 184/527/413
f 184/527/413 196/544/423 195/545/424 183/528/414
f 183/528/414 195/545/424 193/305/256 181/304/255
f 194/33/26 206/35/28 216/546/425 204/547/415
f 204/547/415 216/546/425 215/548/426 203/549/416
f 203/549/416 215/548/426 214/550/427 202/551/417
f 202/551/417 214/550/427 213/552/428 201/553/418
f 201/553/418 213/552/428 212/554/429 200/555/419
f 200/555/419 212/554/429 211/556/430 199/557/420
f 199/541/420 211/558/430 210/559/431 198/542/421
f 198/542/421 210/559/431 209/560/432 197/543/422
f 197/543/422 209/560/432 208/561/433 196/544/423
f 196/544/423 208/561/433 207/562/434 195/545/424
f 195/545/424 207/562/434 205/306/257 193/305/256
f 206/35/28 218/37/30 228/563/435 216/564/425
f 216/564/425 228/563/435 227/565/436 215/566/426
f 215/566/426 227/565/436 226/567/437 214/568/427
f 214/568/427 226/567/437 225/569/438 213/570/428
f 213/570/428 225/569/438 224/571/439 212/572/429
f 212/572/429 224/571/439 223/573/440 211/574/430
f 211/558/430 223/575/440 222/576/441 210/559/431
f 210/559/431 222/576/441 221/577/442 209/560/432
f 209/560/432 221/577/442 220/578/443 208/561/433
f 208/561/433 220/578/443 219/579/444 207/562/434
f 207/562/434 219/579/444 217/307/258 205/306/257
f 218/38/30 230/40/32 240/580/445 228/581/435
f 228/581/435 240/580/445 239/582/446 227/583/436
f 227/583/436 239/582/446 238/584/447 226/585/437
f 226/585/437 238/584/447 237/586/448 225/587/438
f 225/587/438 237/586/448 236/588/449 224/589/439
f 224/589/439 236/588/449 235/590/450 223/591/440
f 223/575/440 235/592/450 234/593/451 222/576/441
f 222/576/441 234/593/451 233/594/452 221/577/442
f 221/577/442 233/594/452 232/595/453 220/578/443
f 220/578/443 232/595/453 231/596/454 219/579/444
f 219/579/444 231/596/454 229/308/259 217/307/258
f 230/40/32 242/42/34 252/597/455 240/598/445
f 240/598/445 252/597/455 251/599/456 239/600/446
f 239/600/446 251/599/456 250/601/457 238/602/447
f 238/602/447 250/601/457 249/603/458 237/604/448
f 237/604/448 249/603/458 248/605/459 236/606/449
f 236/606/449 248/605/459 247/607/460 235/608/450
f 235/592/450 247/609/460 246/610/461 234/593/451
f 234/593/451 246/610/461 245/611/462 233/594/452
f 233/594/452 245/611/462 244/612/463 232/595/453
f 232/595/453 244/612/463 243/613/464 231/596/454
f 231/596/454 243/613/464 241/309/260 229/308/259
f 242/42/34 254/44/36 264/614/465 252/615/455
f 252/615/455 264/614/465 263/616/466 251/617/456
f 251/617/456 263/616/466 262/618/467 250/619/457
f 250/619/457 262/618/467 261/620/468 249/621/458
f 249/621/458 261/620/468 260/622/469 248/623/459
f 248/623/459 260/622/469 259/624/470 247/625/460
f 247/609/460 259/626/470 258/627/471 246/610/461
f 246/610/461 258/627/471 257/628/472 245/611/462
f 245/611/462 257/628/472 256/629/473 244/612/463
f 244/612/463 256/629/473 255/630/474 243/613/464
f 243/613/464 255/630/474 253/310/261 241/309/260
f 254/45/36 266/47/38 276/631/475 264/632/465
f 264/632/465 276/631/475 275/633/476 263/634/466
f 263/634/466 275/633/476 274/635/477 262/636/467
f 262/636/467 274/635/477 273/637/478 261/638/468
f 261/638/468 273/637/478 272/639/479 260/640/469
f 260/640/469 272/639/479 271/641/480 259/642/470
f 259/626/470 271/643/480 270/644/481 258/627/471
f 258/627/471 270/644/481 269/645/482 257/628/472
f 257/628/472 269/645/482 268/646/483 256/629/473
f 256/629/473 268/646/483 267/647/484 255/630/474
f 255/630/474 267/647/484 265/311/262 253/310/261
f 266/47/38 278/49/40 288/648/485 276/649/475
f 276/649/475 288/648/485 287/650/486 275/651/476
f 275/651/476 287/650/486 286/652/487 274/653/477
f 274/653/477 286/652/487 285/654/488 273/655/478
f 273/655/478 285/654/488 284/656/489 272/657/479
f 272/657/479 284/656/489 283/658/490 271/659/480
f 271/643/480 283/660/490 282/661/491 270/644/481
f 270/644/481 282/661/491 281/662/492 269/645/482
f 269/645/482 281/662/492 280/663/493 268/646/483
f 268/646/483 280/663/493 279/664/494 267/647/484
f 267/647/484 279/664/494 277/312/263 265/311/262
f 278/49/40 290/51/42 300/665/495 288/666/485
f 288/666/485 300/665/495 299/667/496 287/668/486
f 287/668/486 299/667/496 298/669/497 286/670/487
f 286/670/487 298/669/497 297/671/498 285/672/488
f 285/672/488 297/671/498 296/673/499 284/674/489
f 284/674/489 296/673/499 295/675/500 283/676/490
f 283/660/490 295/677/500 294/678/501 282/661/491
f 282/661/491 294/678/501 293/679/502 281/662/492
f 281/662/492 293/679/502 292/680/503 280/663/493
f 280/663/493 292/680/503 291/681/504 279/664/494
f 279/664/494 291/681/504 289/313/264 277/312/263
f 290/51/42 302/53/44 312/682/505 300/683/495
f 300/683/495 312/682/505 311/684/506 299/685/496
f 299/685/496 311/684/506 310/686/507 298/687/497
f 298/687/497 310/686/507 309/688/508 297/689/498
f 297/689/498 309/688/508 308/690/509 296/691/499
f 296/691/499 308/690/509 307/692/510 295/693/500
f 295/677/500 307/694/510 306/695/511 294/678/501
f 294/678/501 306/695/511 305/696/512 293/679/502
f 293/679/502 305/696/512 304/697/513 292/680/503
f 292/680/503 304/697/513 303/698/514 291/681/504
f 291/681/504 303/698/514 301/314/265 289/313/264
f 302/54/44 314/56/46 324/699/515 312/700/505
f 312/700/505 324/699/515 323/701/516 311/702/506
f 311/702/506 323/701/516 322/703/517 310/704/507
f 310/704/507 322/703/517 321/705/518 309/706/508
f 309/706/508 321/705/518 320/707/519 308/708/509
f 308/708/509 320/707/519 319/709/520 307/710/510
f 307/694/510 319/711/520 318/712/521 306/695/511
f 306/695/511 318/712/521 317/713/522 305/696/512
f 305/696/512 317/713/522 316/714/523 304/697/513
f 304/697/513 316/714/523 315/715/524 303/698/514
f 303/698/514 315/715/524 313/315/266 301/314/265
f 314/57/46 326/59/48 336/716/525 324/717/515
f 324/717/515 336/716/525 335/718/526 323/719/516
f 323/719/516 335/718/526 334/720/527 322/721/517
f 322/721/517 334/720/527 333/722/528 321/723/518
f 321/723/518 333/722/528 332/724/529 320/725/519
f 320/725/519 332/724/529 331/726/530 319/727/520
f 319/711/520 331/728/530 330/729/531 318/712/521
f 318/712/521 330/729/531 329/730/532 317/713/522
f 317/713/522 329/730/532 328/731/533 316/714/523
f 316/714/523 328/731/533 327/732/534 315/715/524
f 315/715/524 327/732/534 325/316/267 313/315/266
f 326/59/48 338/61/50 348/733/535 336/734/525
f 336/734/525 348/733/535 347/735/536 335/736/526
f 335/736/526 347/735/536 346/737/537 334/738/527
f 334/738/527 346/737/537 345/739/538 333/740/528
f 333/740/528 345/739/538 344/741/539 332/742/529
f 332/742/529 344/741/539 343/743/540 331/744/530
f 331/728/530 343/745/540 342/746/541 330/729/531
f 330/729/531 342/746/541 341/747/542 329/730/532
f 329/730/532 341/747/542 340/748/543 328/731/533
f 328/731/533 340/748/543 339/749/544 327/732/534
f 327/732/534 339/749/544 337/317/268 325/316/267
f 338/62/50 350/65/52 360/750/545 348/751/535
f 348/751/535 360/750/545 359/752/546 347/753/536
f 347/753/536 359/752/546 358/754/547 346/755/537
f 346/755/537 358/754/547 357/756/548 345/757/538
f 345/757/538 357/756/548 356/758/549 344/759/539
f 344/759/539 356/758/549 355/760/550 343/761/540
f 343/745/540 355/762/550 354/763/551 342/746/541
f 342/746/541 354/763/551 353/764/552 341/747/542
f 341/747/542 353/764/552 352/765/553 340/748/543
f 340/748/543 352/765/553 351/766/554 339/749/544
f 339/749/544 351/766/554 349/318/269 337/317/268
f 350/65/52 362/67/54 372/767/555 360/768/545
f 360/768/545 372/767/555 371/769/556 359/770/546
f 359/770/546 371/769/556 370/771/557 358/772/547
f 358/772/547 370/771/557 369/773/558 357/774/548
f 357/774/548 369/773/558 368/775/559 356/776/549
f 356/776/549 368/775/559 367/777/560 355/778/550
f 355/762/550 367/779/560 366/780/561 354/763/551
f 354/763/551 366/780/561 365/781/562 353/764/552
f 353/764/552 365/781/562 364/782/563 352/765/553
f 352/765/553 364/782/563 363/783/564 351/766/554
f 351/766/554 363/783/564 361/319/270 349/318/269
f 362/67/54 374/69/56 384/784/565 372/785/555
f 372/785/555 384/784/565 383/786/566 371/787/556
f 371/787/556 383/786/566 382/788/567 370/789/557
f 370/789/557 382/788/567 381/790/568 369/791/558
f 369/791/558 381/790/568 380/792/569 368/793/559
f 368/793/559 380/792/569 379/794/570 367/795/560
f 367/779/560 379/796/570 378/797/571 366/780/561
f 366/780/561 378/797/571 377/798/572 365/781/562
f 365/781/562 377/798/572 376/799/573 364/782/563
f 364/782/563 376/799/573 375/800/574 363/783/564
f 363/783/564 375/800/574 373/320/271 361/319/270
f 374/69/56 386/71/58 396/801/575 384/802/565
f 384/802/565 396/801/575 395/803/576 383/804/566
f 383/804/566 395/803/576 394/805/577 382/806/567
f 382/806/567 394/805/577 393/807/578 381/808/568
f 381/808/568 393/807/578 392/809/579 380/810/569
f 380/810/569 392/809/579 391/811/580 379/812/570
f 379/796/570 391/813/580 390/814/581 378/797/571
f 378/797/571 390/814/581 389/815/582 377/798/572
f 377/798/572 389/815/582 388/816/583 376/799/573
f 376/799/573 388/816/583 387/817/584 375/800/574
f 375/800/574 387/817/584 385/321/272 373/320/271
f 386/71/58 398/73/60 408/818/585 396/819/575
f 396/819/575 408/818/585 407/820/586 395/821/576
f 395/821/576 407/820/586 406/822/587 394/823/577
f 394/823/577 406/822/587 405/824/588 393/825/578
f 393/825/578 405/824/588 404/826/589 392/827/579
f 392/827/579 404/826/589 403/828/590 391/829/580
f 391/813/580 403/830/590 402/831/591 390/814/581
f 390/814/581 402/831/591 401/832/592 389/815/582
f 389/815/582 401/832/592 400/833/593 388/816/583
f 388/816/583 400/833/593 399/834/594 387/817/584
f 387/817/584 399/834/594 397/322/273 385/321/272
f 398/73/60 410/75/62 420/835/595 408/836/585
f 408/836/585 420/835/595 419/837/596 407/838/586
f 407/838/586 419/837/596 418/839/597 406/840/587
f 406/840/587 418/839/597 417/841/598 405/842/588
f 405/842/588 417/841/598 416/843/599 404/844/589
f 404/844/589 416/843/599 415/845/600 403/846/590
f 403/830/590 415/847/600 414/848/601 402/831/591
f 402/831/591 414/848/601 413/849/602 401/832/592
f 401/832/592 413/849/602 412/850/603 400/833/593
f 400/833/593 412/850/603 411/851/604 399/834/594
f 399/834/594 411/851/604 409/323/274 397/322/273
f 410/75/62 422/77/64 432/852/605 420/853/595
f 420/853/595 432/852/605 431/854/606 419/855/596
f 419/855/596 431/854/606 430/856/607 418/857/597
f 418/857/597 430/856/607 429/858/608 417/859/598
f 417/859/598 429/858/608 428/860/609 416/861/599
f 416/861/599 428/860/609 427/862/610 415/863/600
f 415/847/600 427/864/610 426/865/611 414/848/601
f 414/848/601 426/865/611 425/866/612 413/849/602
f 413/849/602 425/866/612 424/867/613 412/850/603
f 412/850/603 424/867/613 423/868/614 411/851/604
f 411/851/604 423/868/614 421/324/275 409/323/274
f 422/77/64 434/79/66 444/869/615 432/870/605
f 432/870/605 444/869/615 443/871/616 431/872/606
f 431/872/606 443/871/616 442/873/617 430/874/607
f 430/874/607 442/873/617 441/875/618 429/876/608
f 429/876/608 441/875/618 440/877/619 428/878/609
f 428/878/609 440/877/619 439/879/620 427/880/610
f 427/864/610 439/881/620 438/882/621 426/865/611
f 426/865/611 438/882/621 437/883/622 425/866/612
f 425/866/612 437/883/622 436/884/623 424/867/613
f 424/867/613 436/884/623 435/885/624 423/868/614
f 423/868/614 435/885/624 433/325/276 421/324/275
f 434/79/66 446/81/68 456/886/625 444/887/615
f 444/887/615 456/886/625 455/888/626 443/889/616
f 443/889/616 455/888/626 454/890/627 442/891/617
f 442/891/617 454/890/627 453/892/628 441/893/618
f 441/893/618 453/892/628 452/894/629 440/895/619
f 440/895/619 452/894/629 451/896/630 439/897/620
f 439/881/620 451/898/630 450/899/631 438/882/621
f 438/882/621 450/899/631 449/900/632 437/883/622
f 437/883/622 449/900/632 448/901/633 436/884/623
f 436/884/623 448/901/633 447/902/634 435/885/624
f 435/885/624 447/902/634 445/326/277 433/325/276
f 446/81/68 458/84/70 468/903/635 456/904/625
f 456/904/625 468/903/635 467/905/636 455/906/626
f 455/906/626 467/905/636 466/907/637 454/908/627
f 454/908/627 466/907/637 465/909/638 453/910/628
f 453/910/628 465/909/638 464/911/639 452/912/629
f 452/912/629 464/911/639 463/913/640 451/914/630
f 451/898/630 463/915/640 462/916/641 450/899/631
f 450/899/631 462/916/641 461/917/642 449/900/632
f 449/900/632 461/917/642 460/918/643 448/901/633
f 448/901/633 460/918/643 459/919/644 447/902/634
f 447/902/634 459/919/644 457/327/278 445/326/277
f 458/85/70 470/88/72 480/920/645 468/921/635
f 468/921/635 480/920/645 479/922/646 467/923/636
f 467/923/636 479/922/646 478/924/647 466/925/637
f 466/925/637 478/924/647 477/926/648 465/927/638
f 465/927/638 477/926/648 476/928/649 464/929/639
f 464/929/639 476/928/649 475/930/650 463/931/640
f 463/915/640 475/932/650 474/933/651 462/916/641
f 462/916/641 474/933/651 473/934/652 461/917/642
f 461/917/642 473/934/652 472/935/653 460/918/643
f 460/918/643 472/935/653 471/936/654 459/919/644
f 459/919/644 471/936/654 469/328/279 457/327/278
f 470/88/72 482/91/74 492/937/655 480/938/645
f 480/938/645 492/937/655 491/939/656 479/940/646
f 479/940/646 491/939/656 490/941/657 478/942/647
f 478/942/647 490/941/657 489/943/658 477/944/648
f 477/944/648 489/943/658 488/945/659 476/946/649
f 476/946/649 488/945/659 487/947/660 475/948/650
f 475/932/650 487/949/660 486/950/661 474/933/651
f 474/933/651 486/950/661 485/951/662 473/934/652
f 473/934/652 485/951/662 484/952/663 472/935/653
f 472/935/653 484/952/663 483/953/664 471/936/654
f 471/936/654 483/953/664 481/329/280 469/328/279
f 482/92/74 494/94/76 504/954/665 492/955/655
f 492/955/655 504/954/665 503/956/666 491/957/656
f 491/957/656 503/956/666 502/958/667 490/959/657
f 490/959/657 502/958/667 501/960/668 489/961/658
f 489/961/658 501/960/668 500/962/669 488/963/659
f 488/963/659 500/962/669 499/964/670 487/965/660
f 487/949/660 499/966/670 498/967/671 486/950/661
f 486/950/661 498/967/671 497/968/672 485/951/662
f 485/951/662 497/968/672 496/969/673 484/952/663
f 484/952/663 496/969/673 495/970/674 483/953/664
f 483/953/664 495/970/674 493/330/281 481/329/280
f 494/95/76 506/97/78 516/971/675 504/972/665
f 504/972/665 516/971/675 515/973/676 503/974/666
f 503/974/666 515/973/676 514/975/677 502/976/667
f 502/976/667 514/975/677 513/977/678 501/978/668
f 501/978/668 513/977/678 512/979/679 500/980/669
f 500/980/669 512/979/679 511/981/680 499/982/670
f 499/966/670 511/983/680 510/984/681 498/967/671
f 498/967/671 510/984/681 509/985/682 497/968/672
f 497/968/672 509/985/682 508/986/683 496/969/673
f 496/969/673 508/986/683 507/987/684 495/970/674
f 495/970/674 507/987/684 505/331/282 493/330/281
f 506/98/78 518/100/80 528/988/685 516/989/675
f 516/989/675 528/988/685 527/990/686 515/991/676
f 515/991/676 527/990/686 526/992/687 514/993/677
f 514/993/677 526/992/687 525/994/688 513/995/678
f 513/995/678 525/994/688 524/996/689 512/997/679
f 512/997/679 524/996/689 523/998/690 511/999/680
f 511/983/680 523/1000/690 522/1001/691 510/984/681
f 510/984/681 522/1001/691 521/1002/692 509/985/682
f 509/985/682 521/1002/692 520/1003/693 508/986/683
f 508/986/683 520/1003/693 519/1004/694 507/987/684
f 507/987/684 519/1004/694 517/332/283 505/331/282
f 518/100/80 530/102/82 540/1005/695 528/1006/685
f 528/1006/685 540/1005/695 539/1007/696 527/1008/686
f 527/1008/686 539/1007/696 538/1009/697 526/1010/687
f 526/1010/687 538/1009/697 537/1011/698 525/1012/688
f 525/1012/688 537/1011/698 536/1013/699 524/1014/689
f 524/1014/689 536/1013/699 535/1015/700 523/1016/690
f 523/1000/690 535/1017/700 534/1018/701 522/1001/691
f 522/1001/691 534/1018/701 533/1019/702 521/1002/692
f 521/1002/692 533/1019/702 532/1020/703 520/1003/693
f 520/1003/693 532/1020/703 531/1021/704 519/1004/694
f 519/1004/694 531/1021/704 529/333/284 517/332/283
f 530/103/82 542/105/84 552/1022/705 540/1023/695
f 540/1023/695 552/1022/705 551/1024/706 539/1025/696
f 539/1025/696 551/1024/706 550/1026/707 538/1027/697
f 538/1027/697 550/1026/707 549/1028/708 537/1029/698
f 537/1029/698 549/1028/708 548/1030/709 536/1031/699
f 536/1031/699 548/1030/709 547/1032/710 535/1033/700
f 535/1017/700 547/1034/710 546/1035/711 534/1018/701
f 534/1018/701 546/1035/711 545/1036/712 533/1019/702
f 533/1019/702 545/1036/712 544/1037/713 532/1020/703
f 532/1020/703 544/1037/713 543/1038/714 531/1021/704
f 531/1021/704 543/1038/714 541/334/285 529/333/284
f 542/105/84 554/108/86 564/1039/715 552/1040/705
f 552/1040/705 564/1039/715 563/1041/716 551/1042/706
f 551/1042/706 563/1041/716 562/1043/717 550/1044/707
f 550/1044/707 562/1043/717 561/1045/718 549/1046/708
f 549/1046/708 561/1045/718 560/1047/719 548/1048/709
f 548/1048/709 560/1047/719 559/1049/720 547/1050/710
f 547/1034/710 559/1051/720 558/1052/721 546/1035/711
f 546/1035/711 558/1052/721 557/1053/722 545/1036/712
f 545/1036/712 557/1053/722 556/1054/723 544/1037/713
f 544/1037/713 556/1054/723 555/1055/724 543/1038/714
f 543/1038/714 555/1055/724 553/335/286 541/334/285
f 554/109/86 566/111/88 576/1056/725 564/1057/715
f 564/1057/715 576/1056/725 575/1058/726 563/1059/716
f 563/1059/716 575/1058/726 574/1060/727 562/1061/717
f 562/1061/717 574/1060/727 573/1062/728 561/1063/718
f 561/1063/718 573/1062/728 572/1064/729 560/1065/719
f 560/1065/719 572/1064/729 571/1066/730 559/1067/720
f 559/1051/720 571/1068/730 570/1069/731 558/1052/721
f 558/1052/721 570/1069/731 569/1070/732 557/1053/722
f 557/1053/722 569/1070/732 568/1071/733 556/1054/723
f 556/1054/723 568/1071/733 567/1072/734 555/1055/724
f 555/1055/724 567/1072/734 565/336/287 553/335/286
f 566/111/88 578/113/90 588/1073/735 576/1074/725
f 576/1074/725 588/1073/735 587/1075/736 575/1076/726
f 575/1076/726 587/1075/736 586/1077/737 574/1078/727
f 574/1078/727 586/1077/737 585/1079/738 573/1080/728
f 573/1080/728 585/1079/738 584/1081/739 572/1082/729
f 572/1082/729 584/1081/739 583/1083/740 571/1084/730
f 571/1068/730 583/1085/740 582/1086/741 570/1069/731
f 570/1069/731 582/1086/741 581/1087/742 569/1070/732
f 569/1070/732 581/1087/742 580/1088/743 568/1071/733
f 568/1071/733 580/1088/743 579/1089/744 567/1072/734
f 567/1072/734 579/1089/744 577/337/288 565/336/287
f 578/113/90 590/115/92 600/1090/745 588/1091/735
f 588/1091/735 600/1090/745 599/1092/746 587/1093/736
f 587/1093/736 599/1092/746 598/1094/747 586/1095/737
f 586/1095/737 598/1094/747 597/1096/748 585/1097/738
f 585/1097/738 597/1096/748 596/1098/749 584/1099/739
f 584/1099/739 596/1098/749 595/1100/750 583/1101/740
f 583/1085/740 595/1102/750 594/1103/751 582/1086/741
f 582/1086/741 594/1103/751 593/1104/752 581/1087/742
f 581/1087/742 593/1104/752 592/1105/753 580/1088/743
f 580/1088/743 592/1105/753 591/1106/754 579/1089/744
f 579/1089/744 591/1106/754 589/338/289 577/337/288
f 590/116/92 602/118/94 612/1107/755 600/1108/745
f 600/1108/745 612/1107/755 611/1109/756 599/1110/746
f 599/1110/746 611/1109/756 610/1111/757 598/1112/747
f 598/1112/747 610/1111/757 609/1113/758 597/1114/748
f 597/1114/748 609/1113/758 608/1115/759 596/1116/749
f 596/1116/749 608/1115/759 607/1117/760 595/1118/750
f 595/1102/750 607/1119/760 606/1120/761 594/1103/751
f 594/1103/751 606/1120/761 605/1121/762 593/1104/752
f 593/1104/752 605/1121/762 604/1122/763 592/1105/753
f 592/1105/753 604/1122/763 603/1123/764 591/1106/754
f 591/1106/754 603/1123/764 601/339/290 589/338/289
f 602/118/94 614/120/96 624/1124/765 612/1125/755
f 612/1125/755 624/1124/765 623/1126/766 611/1127/756
f 611/1127/756 623/1126/766 622/1128/767 610/1129/757
f 610/1129/757 622/1128/767 621/1130/768 609/1131/758
f 609/1131/758 621/1130/768 620/1132/769 608/1133/759
f 608/1133/759 620/1132/769 619/1134/770 607/1135/760
f 607/1119/760 619/1136/770 618/1137/771 606/1120/761
f 606/1120/761 618/1137/771 617/1138/772 605/1121/762
f 605/1121/762 617/1138/772 616/1139/773 604/1122/763
f 604/1122/763 616/1139/773 615/1140/774 603/1123/764
f 603/1123/764 615/1140/774 613/340/291 601/339/290
f 614/120/96 626/122/98 636/1141/775 624/1142/765
f 624/1142/765 636/1141/775 635/1143/776 623/1144/766
f 623/1144/766 635/1143/776 634/1145/777 622/1146/767
f 622/1146/767 634/1145/777 633/1147/778 621/1148/768
f 621/1148/768 633/1147/778 632/1149/779 620/1150/769
f 620/1150/769 632/1149/779 631/1151/780 619/1152/770
f 619/1136/770 631/1153/780 630/1154/781 618/1137/771
f 618/1137/771 630/1154/781 629/1155/782 617/1138/772
f 617/1138/772 629/1155/782 628/1156/783 616/1139/773
f 616/1139/773 628/1156/783 627/1157/784 615/1140/774
f 615/1140/774 627/1157/784 625/341/292 613/340/291
f 626/123/98 638/125/100 648/1158/785 636/1159/775
f 636/1159/775 648/1158/785 647/1160/786 635/1161/776
f 635/1161/776 647/1160/786 646/1162/787 634/1163/777
f 634/1163/777 646/1162/787 645/1164/788 633/1165/778
f 633/1165/778 645/1164/788 644/1166/789 632/1167/779
f 632/1167/779 644/1166/789 643/1168/790 631/1169/780
f 631/1153/780 643/1170/790 642/1171/791 630/1154/781
f 630/1154/781 642/1171/791 641/1172/792 629/1155/782
f 629/1155/782 641/1172/792 640/1173/793 628/1156/783
f 628/1156/783 640/1173/793 639/1174/794 627/1157/784
f 627/1157/784 639/1174/794 637/342/293 625/341/292
f 638/126/100 650/128/102 660/1175/795 648/1176/785
f 648/1176/785 660/1175/795 659/1177/796 647/1178/786
f 647/1178/786 659/1177/796 658/1179/797 646/1180/787
f 646/1180/787 658/1179/797 657/1181/798 645/1182/788
f 645/1182/788 657/1181/798 656/1183/799 644/1184/789
f 644/1184/789 656/1183/799 655/1185/800 643/1186/790
f 643/1170/790 655/1187/800 654/1188/801 642/1171/791
f 642/1171/791 654/1188/801 653/1189/802 641/1172/792
f 641/1172/792 653/1189/802 652/1190/803 640/1173/793
f 640/1173/793 652/1190/803 651/1191/804 639/1174/794
f 639/1174/794 651/1191/804 649/343/294 637/342/293
f 650/129/102 662/131/104 672/1192/805 660/1193/795
f 660/1193/795 672/1192/805 671/1194/806 659/1195/796
f 659/1195/796 671/1194/806 670/1196/807 658/1197/797
f 658/1197/797 670/1196/807 669/1198/808 657/1199/798
f 657/1199/798 669/1198/808 668/1200/809 656/1201/799
f 656/1201/799 668/1200/809 667/1202/810 655/1203/800
f 655/1187/800 667/1204/810 666/1205/811 654/1188/801
f 654/1188/801 666/1205/811 665/1206/812 653/1189/802
f 653/1189/802 665/1206/812 664/1207/813 652/1190/803
f 652/1190/803 664/1207/813 663/1208/814 651/1191/804
f 651/1191/804 663/1208/814 661/344/295 649/343/294
f 662/131/104 674/133/106 684/1209/815 672/1210/805
f 672/1210/805 684/1209/815 683/1211/816 671/1212/806
f 671/1212/806 683/1211/816 682/1213/817 670/1214/807
f 670/1214/807 682/1213/817 681/1215/818 669/1216/808
f 669/1216/808 681/1215/818 680/1217/819 668/1218/809
f 668/1218/809 680/1217/819 679/1219/820 667/1220/810
f 667/1204/810 679/1221/820 678/1222/821 666/1205/811
f 666/1205/811 678/1222/821 677/1223/822 665/1206/812
f 665/1206/812 677/1223/822 676/1224/823 664/1207/813
f 664/1207/813 676/1224/823 675/1225/824 663/1208/814
f 663/1208/814 675/1225/824 673/345/296 661/344/295
f 674/134/106 686/136/108 696/1226/825 684/1227/815
f 684/1227/815 696/1226/825 695/1228/826 683/1229/816
f 683/1229/816 695/1228/826 694/1230/827 682/1231/817
f 682/1231/817 694/1230/827 693/1232/828 681/1233/818
f 681/1233/818 693/1232/828 692/1234/829 680/1235/819
f 680/1235/819 692/1234/829 691/1236/830 679/1237/820
f 679/1221/820 691/1238/830 690/1239/831 678/1222/821
f 678/1222/821 690/1239/831 689/1240/832 677/1223/822
f 677/1223/822 689/1240/832 688/1241/833 676/1224/823
f 676/1224/823 688/1241/833 687/1242/834 675/1225/824
f 675/1225/824 687/1242/834 685/346/297 673/345/296
f 686/136/108 698/138/110 708/1243/835 696/1244/825
f 696/1244/825 708/1243/835 707/1245/836 695/1246/826
f 695/1246/826 707/1245/836 706/1247/837 694/1248/827
f 694/1248/827 706/1247/837 705/1249/838 693/1250/828
f 693/1250/828 705/1249/838 704/1251/839 692/1252/829
f 692/1252/829 704/1251/839 703/1253/840 691/1254/830
f 691/1238/830 703/1255/840 702/1256/841 690/1239/831
f 690/1239/831 702/1256/841 701/1257/842 689/1240/832
f 689/1240/832 701/1257/842 700/1258/843 688/1241/833
f 688/1241/833 700/1258/843 699/1259/844 687/1242/834
f 687/1242/834 699/1259/844 697/347/298 685/346/297
f 698/139/110 710/142/112 720/1260/845 708/1261/835
f 708/1261/835 720/1260/845 719/1262/846 707/1263/836
f 707/1263/836 719/1262/846 718/1264/847 706/1265/837
f 706/1265/837 718/1264/847 717/1266/848 705/1267/838
f 705/1267/838 717/1266/848 716/1268/849 704/1269/839
f 704/1269/839 716/1268/849 715/1270/850 703/1271/840
f 703/1255/840 715/1272/850 714/1273/851 702/1256/841
f 702/1256/841 714/1273/851 713/1274/852 701/1257/842
f 701/1257/842 713/1274/852 712/1275/853 700/1258/843
f 700/1258/843 712/1275/853 711/1276/854 699/1259/844
f 699/1259/844 711/1276/854 709/348/299 697/347/298
f 710/143/112 722/145/114 732/1277/855 720/1278/845
f 720/1278/845 732/1277/855 731/1279/856 719/1280/846
f 719/1280/846 731/1279/856 730/1281/857 718/1282/847
f 718/1282/847 730/1281/857 729/1283/858 717/1284/848
f 717/1284/848 729/1283/858 728/1285/859 716/1286/849
f 716/1286/849 728/1285/859 727/1287/860 715/1288/850
f 715/1272/850 727/1289/860 726/1290/861 714/1273/851
f 714/1273/851 726/1290/861 725/1291/862 713/1274/852
f 713/1274/852 725/1291/862 724/1292/863 712/1275/853
f 712/1275/853 724/1292/863 723/1293/864 711/1276/854
f 711/1276/854 723/1293/864 721/349/300 709/348/299
f 722/145/114 734/147/116 744/1294/865 732/1295/855
f 732/1295/855 744/1294/865 743/1296/866 731/1297/856
f 731/1297/856 743/1296/866 742/1298/867 730/1299/857
f 730/1299/857 742/1298/867 741/1300/868 729/1301/858
f 729/1301/858 741/1300/868 740/1302/869 728/1303/859
f 728/1303/859 740/1302/869 739/1304/870 727/1305/860
f 727/1289/860 739/1306/870 738/1307/871 726/1290/861
f 726/1290/861 738/1307/871 737/1308/872 725/1291/862
f 725/1291/862 737/1308/872 736/1309/873 724/1292/863
f 724/1292/863 736/1309/873 735/1310/874 723/1293/864
f 723/1293/864 735/1310/874 733/350/301 721/349/300
f 734/147/116 746/149/118 756/1311/875 744/1312/865
f 744/1312/865 756/1311/875 755/1313/876 743/1314/866
f 743/1314/866 755/1313/876 754/1315/877 742/1316/867
f 742/1316/867 754/1315/877 753/1317/878 741/1318/868
f 741/1318/868 753/1317/878 752/1319/879 740/1320/869
f 740/1320/869 752/1319/879 751/1321/880 739/1322/870
f 739/1306/870 751/1323/880 750/1324/881 738/1307/871
f 738/1307/871 750/1324/881 749/1325/882 737/1308/872
f 737/1308/872 749/1325/882 748/1326/883 736/1309/873
f 736/1309/873 748/1326/883 747/1327/884 735/1310/874
f 735/1310/874 747/1327/884 745/351/302 733/350/301
f 746/149/118 758/151/120 768/1328/885 756/1329/875
f 756/1329/875 768/1328/885 767/1330/886 755/1331/876
f 755/1331/876 767/1330/886 766/1332/887 754/1333/877
f 754/1333/877 766/1332/887 765/1334/888 753/1335/878
f 753/1335/878 765/1334/888 764/1336/889 752/1337/879
f 752/1337/879 764/1336/889 763/1338/890 751/1339/880
f 751/1323/880 763/1340/890 762/1341/891 750/1324/881
f 750/1324/881 762/1341/891 761/1342/892 749/1325/882
f 749/1325/882 761/1342/892 760/1343/893 748/1326/883
f 748/1326/883 760/1343/893 759/1344/894 747/1327/884
f 747/1327/884 759/1344/894 757/352/303 745/351/302
f 758/151/120 770/157/126 780/1345/895 768/1346/885
f 768/1346/885 780/1345/895 779/1347/896 767/1348/886
f 767/1348/886 779/1347/896 778/1349/897 766/1350/887
f 766/1350/887 778/1349/897 777/1351/898 765/1352/888
f 765/1352/888 777/1351/898 776/1353/899 764/1354/889
f 764/1354/889 776/1353/899 775/1355/900 763/1356/890
f 763/1340/890 775/1357/900 774/1358/901 762/1341/891
f 762/1341/891 774/1358/901 773/1359/902 761/1342/892
f 761/1342/892 773/1359/902 772/1360/903 760/1343/893
f 760/1343/893 772/1360/903 771/1361/904 759/1344/894
f 759/1344/894 771/1361/904 769/353/304 757/352/303
f 770/1362/126 62/1363/127 72/1364/306 780/1365/895
f 780/1365/895 72/1364/306 71/1366/308 779/1367/896
f 779/1367/896 71/1366/308 70/1368/310 778/1369/897
f 778/1369/897 70/1368/310 69/1370/312 777/1371/898
f 777/1371/898 69/1370/312 68/1372/314 776/1373/899
f 776/1373/899 68/1372/314 67/1374/316 775/1375/900
f 775/1357/900 67/366/316 66/369/318 774/1358/901
f 774/1358/901 66/369/318 65/371/320 773/1359/902
f 773/1359/902 65/371/320 64/373/322 772/1360/903
f 772/1360/903 64/373/322 63/375/324 771/1361/904
f 771/1361/904 63/375/324 61/294/245 769/353/304
f 770/1362/126 1489/156/125 782/1376/128 62/1363/127
f 1490/1377/905 781/1378/906 783/1379/907 1500/1380/908
f 1500/1380/908 783/1379/907 784/1381/909 1499/1382/910
f 1499/1382/910 784/1381/909 785/1383/911 1498/1384/912
f 1498/1384/912 785/1383/911 786/1385/913 1497/1386/914
f 1497/1386/914 786/1385/913 787/1387/915 1496/1388/916
f 1496/1388/916 787/1387/915 788/1389/917 1495/1390/918
f 1495/1390/918 788/1389/917 789/1391/919 1494/1392/920
f 1494/1392/920 789/1391/919 790/1393/921 1493/1394/922
f 1493/1394/922 790/1393/921 791/1395/923 1492/1396/924
f 1492/1396/924 791/1395/923 792/1397/925 1491/1398/926
f 1491/1398/926 792/1397/925 782/1376/128 1489/156/125
f 1478/1399/927 1490/1377/905 1500/1380/908 1488/1400/928
f 1488/1400/928 1500/1380/908 1499/1382/910 1487/1401/929
f 1487/1401/929 1499/1382/910 1498/1384/912 1486/1402/930
f 1486/1402/930 1498/1384/912 1497/1386/914 1485/1403/931
f 1485/1403/931 1497/1386/914 1496/1388/916 1484/1404/932
f 1484/1404/932 1496/1388/916 1495/1390/918 1483/1405/933
f 1483/1405/933 1495/1390/918 1494/1392/920 1482/1406/934
f 1482/1406/934 1494/1392/920 1493/1394/922 1481/1407/935
f 1481/1407/935 1493/1394/922 1492/1396/924 1480/1408/936
f 1480/1408/936 1492/1396/924 1491/1398/926 1479/1409/937
f 1479/1409/937 1491/1398/926 1489/156/125 1477/150/119
f 1466/1410/938 1478/1399/927 1488/1400/928 1476/1411/939
f 1476/1411/939 1488/1400/928 1487/1401/929 1475/1412/940
f 1475/1412/940 1487/1401/929 1486/1402/930 1474/1413/941
f 1474/1413/941 1486/1402/930 1485/1403/931 1473/1414/942
f 1473/1414/942 1485/1403/931 1484/1404/932 1472/1415/943
f 1472/1415/943 1484/1404/932 1483/1405/933 1471/1416/944
f 1471/1416/944 1483/1405/933 1482/1406/934 1470/1417/945
f 1470/1417/945 1482/1406/934 1481/1407/935 1469/1418/946
f 1469/1418/946 1481/1407/935 1480/1408/936 1468/1419/947
f 1468/1419/947 1480/1408/936 1479/1409/937 1467/1420/948
f 1467/1420/948 1479/1409/937 1477/150/119 1465/148/117
f 1454/1421/949 1466/1410/938 1476/1411/939 1464/1422/950
f 1464/1422/950 1476/1411/939 1475/1412/940 1463/1423/951
f 1463/1423/951 1475/1412/940 1474/1413/941 1462/1424/952
f 1462/1424/952 1474/1413/941 1473/1414/942 1461/1425/953
f 1461/1425/953 1473/1414/942 1472/1415/943 1460/1426/954
f 1460/1426/954 1472/1415/943 1471/1416/944 1459/1427/955
f 1459/1427/955 1471/1416/944 1470/1417/945 1458/1428/956
f 1458/1428/956 1470/1417/945 1469/1418/946 1457/1429/957
f 1457/1429/957 1469/1418/946 1468/1419/947 1456/1430/958
f 1456/1430/958 1468/1419/947 1467/1420/948 1455/1431/959
f 1455/1431/959 1467/1420/948 1465/148/117 1453/146/115
f 1442/1432/960 1454/1421/949 1464/1422/950 1452/1433/961
f 1452/1433/961 1464/1422/950 1463/1423/951 1451/1434/962
f 1451/1434/962 1463/1423/951 1462/1424/952 1450/1435/963
f 1450/1435/963 1462/1424/952 1461/1425/953 1449/1436/964
f 1449/1436/964 1461/1425/953 1460/1426/954 1448/1437/965
f 1448/1437/965 1460/1426/954 1459/1427/955 1447/1438/966
f 1447/1438/966 1459/1427/955 1458/1428/956 1446/1439/967
f 1446/1439/967 1458/1428/956 1457/1429/957 1445/1440/968
f 1445/1440/968 1457/1429/957 1456/1430/958 1444/1441/969
f 1444/1441/969 1456/1430/958 1455/1431/959 1443/1442/970
f 1443/1442/970 1455/1431/959 1453/146/115 1441/144/113
f 1430/1443/971 1442/1432/960 1452/1433/961 1440/1444/972
f 1440/1444/972 1452/1433/961 1451/1434/962 1439/1445/973
f 1439/1445/973 1451/1434/962 1450/1435/963 1438/1446/974
f 1438/1446/974 1450/1435/963 1449/1436/964 1437/1447/975
f 1437/1447/975 1449/1436/964 1448/1437/965 1436/1448/976
f 1436/1448/976 1448/1437/965 1447/1438/966 1435/1449/977
f 1435/1449/977 1447/1438/966 1446/1439/967 1434/1450/978
f 1434/1450/978 1446/1439/967 1445/1440/968 1433/1451/979
f 1433/1451/979 1445/1440/968 1444/1441/969 1432/1452/980
f 1432/1452/980 1444/1441/969 1443/1442/970 1431/1453/981
f 1431/1453/981 1443/1442/970 1441/144/113 1429/141/111
f 1418/1454/982 1430/1443/971 1440/1444/972 1428/1455/983
f 1428/1455/983 1440/1444/972 1439/1445/973 1427/1456/984
f 1427/1456/984 1439/1445/973 1438/1446/974 1426/1457/985
f 1426/1457/985 1438/1446/974 1437/1447/975 1425/1458/986
f 1425/1458/986 1437/1447/975 1436/1448/976 1424/1459/987
f 1424/1459/987 1436/1448/976 1435/1449/977 1423/1460/988
f 1423/1460/988 1435/1449/977 1434/1450/978 1422/1461/989
f 1422/1461/989 1434/1450/978 1433/1451/979 1421/1462/990
f 1421/1462/990 1433/1451/979 1432/1452/980 1420/1463/991
f 1420/1463/991 1432/1452/980 1431/1453/981 1419/1464/992
f 1419/1464/992 1431/1453/981 1429/141/111 1417/140/109
f 1406/1465/993 1418/1454/982 1428/1455/983 1416/1466/994
f 1416/1466/994 1428/1455/983 1427/1456/984 1415/1467/995
f 1415/1467/995 1427/1456/984 1426/1457/985 1414/1468/996
f 1414/1468/996 1426/1457/985 1425/1458/986 1413/1469/997
f 1413/1469/997 1425/1458/986 1424/1459/987 1412/1470/998
f 1412/1470/998 1424/1459/987 1423/1460/988 1411/1471/999
f 1411/1471/999 1423/1460/988 1422/1461/989 1410/1472/1000
f 1410/1472/1000 1422/1461/989 1421/1462/990 1409/1473/1001
f 1409/1473/1001 1421/1462/990 1420/1463/991 1408/1474/1002
f 1408/1474/1002 1420/1463/991 1419/1464/992 1407/1475/1003
f 1407/1475/1003 1419/1464/992 1417/137/109 1405/135/107
f 1394/1476/1004 1406/1465/993 1416/1466/994 1404/1477/1005
f 1404/1477/1005 1416/1466/994 1415/1467/995 1403/1478/1006
f 1403/1478/1006 1415/1467/995 1414/1468/996 1402/1479/1007
f 1402/1479/1007 1414/1468/996 1413/1469/997 1401/1480/1008
f 1401/1480/1008 1413/1469/997 1412/1470/998 1400/1481/1009
f 1400/1481/1009 1412/1470/998 1411/1471/999 1399/1482/1010
f 1399/1482/1010 1411/1471/999 1410/1472/1000 1398/1483/1011
f 1398/1483/1011 1410/1472/1000 1409/1473/1001 1397/1484/1012
f 1397/1484/1012 1409/1473/1001 1408/1474/1002 1396/1485/1013
f 1396/1485/1013 1408/1474/1002 1407/1475/1003 1395/1486/1014
f 1395/1486/1014 1407/1475/1003 1405/135/107 1393/132/105
f 1382/1487/1015 1394/1476/1004 1404/1477/1005 1392/1488/1016
f 1392/1488/1016 1404/1477/1005 1403/1478/1006 1391/1489/1017
f 1391/1489/1017 1403/1478/1006 1402/1479/1007 1390/1490/1018
f 1390/1490/1018 1402/1479/1007 1401/1480/1008 1389/1491/1019
f 1389/1491/1019 1401/1480/1008 1400/1481/1009 1388/1492/1020
f 1388/1492/1020 1400/1481/1009 1399/1482/1010 1387/1493/1021
f 1387/1493/1021 1399/1482/1010 1398/1483/1011 1386/1494/1022
f 1386/1494/1022 1398/1483/1011 1397/1484/1012 1385/1495/1023
f 1385/1495/1023 1397/1484/1012 1396/1485/1013 1384/1496/1024
f 1384/1496/1024 1396/1485/1013 1395/1486/1014 1383/1497/1025
f 1383/1497/1025 1395/1486/1014 1393/132/105 1381/130/103
f 1370/1498/1026 1382/1487/1015 1392/1488/1016 1380/1499/1027
f 1380/1499/1027 1392/1488/1016 1391/1489/1017 1379/1500/1028
f 1379/1500/1028 1391/1489/1017 1390/1490/1018 1378/1501/1029
f 1378/1501/1029 1390/1490/1018 1389/1491/1019 1377/1502/1030
f 1377/1502/1030 1389/1491/1019 1388/1492/1020 1376/1503/1031
f 1376/1503/1031 1388/1492/1020 1387/1493/1021 1375/1504/1032
f 1375/1504/1032 1387/1493/1021 1386/1494/1022 1374/1505/1033
f 1374/1505/1033 1386/1494/1022 1385/1495/1023 1373/1506/1034
f 1373/1506/1034 1385/1495/1023 1384/1496/1024 1372/1507/1035
f 1372/1507/1035 1384/1496/1024 1383/1497/1025 1371/1508/1036
f 1371/1508/1036 1383/1497/1025 1381/130/103 1369/127/101
f 1358/1509/1037 1370/1498/1026 1380/1499/1027 1368/1510/1038
f 1368/1510/1038 1380/1499/1027 1379/1500/1028 1367/1511/1039
f 1367/1511/1039 1379/1500/1028 1378/1501/1029 1366/1512/1040
f 1366/1512/1040 1378/1501/1029 1377/1502/1030 1365/1513/1041
f 1365/1513/1041 1377/1502/1030 1376/1503/1031 1364/1514/1042
f 1364/1514/1042 1376/1503/1031 1375/1504/1032 1363/1515/1043
f 1363/1515/1043 1375/1504/1032 1374/1505/1033 1362/1516/1044
f 1362/1516/1044 1374/1505/1033 1373/1506/1034 1361/1517/1045
f 1361/1517/1045 1373/1506/1034 1372/1507/1035 1360/1518/1046
f 1360/1518/1046 1372/1507/1035 1371/1508/1036 1359/1519/1047
f 1359/1519/1047 1371/1508/1036 1369/127/101 1357/124/99
f 1346/1520/1048 1358/1509/1037 1368/1510/1038 1356/1521/1049
f 1356/1521/1049 1368/1510/1038 1367/1511/1039 1355/1522/1050
f 1355/1522/1050 1367/1511/1039 1366/1512/1040 1354/1523/1051
f 1354/1523/1051 1366/1512/1040 1365/1513/1041 1353/1524/1052
f 1353/1524/1052 1365/1513/1041 1364/1514/1042 1352/1525/1053
f 1352/1525/1053 1364/1514/1042 1363/1515/1043 1351/1526/1054
f 1351/1526/1054 1363/1515/1043 1362/1516/1044 1350/1527/1055
f 1350/1527/1055 1362/1516/1044 1361/1517/1045 1349/1528/1056
f 1349/1528/1056 1361/1517/1045 1360/1518/1046 1348/1529/1057
f 1348/1529/1057 1360/1518/1046 1359/1519/1047 1347/1530/1058
f 1347/1530/1058 1359/1519/1047 1357/124/99 1345/121/97
f 1334/1531/1059 1346/1520/1048 1356/1521/1049 1344/1532/1060
f 1344/1532/1060 1356/1521/1049 1355/1522/1050 1343/1533/1061
f 1343/1533/1061 1355/1522/1050 1354/1523/1051 1342/1534/1062
f 1342/1534/1062 1354/1523/1051 1353/1524/1052 1341/1535/1063
f 1341/1535/1063 1353/1524/1052 1352/1525/1053 1340/1536/1064
f 1340/1536/1064 1352/1525/1053 1351/1526/1054 1339/1537/1065
f 1339/1537/1065 1351/1526/1054 1350/1527/1055 1338/1538/1066
f 1338/1538/1066 1350/1527/1055 1349/1528/1056 1337/1539/1067
f 1337/1539/1067 1349/1528/1056 1348/1529/1057 1336/1540/1068
f 1336/1540/1068 1348/1529/1057 1347/1530/1058 1335/1541/1069
f 1335/1541/1069 1347/1530/1058 1345/121/97 1333/119/95
f 1322/1542/1070 1334/1531/1059 1344/1532/1060 1332/1543/1071
f 1332/1543/1071 1344/1532/1060 1343/1533/1061 1331/1544/1072
f 1331/1544/1072 1343/1533/1061 1342/1534/1062 1330/1545/1073
f 1330/1545/1073 1342/1534/1062 1341/1535/1063 1329/1546/1074
f 1329/1546/1074 1341/1535/1063 1340/1536/1064 1328/1547/1075
f 1328/1547/1075 1340/1536/1064 1339/1537/1065 1327/1548/1076
f 1327/1548/1076 1339/1537/1065 1338/1538/1066 1326/1549/1077
f 1326/1549/1077 1338/1538/1066 1337/1539/1067 1325/1550/1078
f 1325/1550/1078 1337/1539/1067 1336/1540/1068 1324/1551/1079
f 1324/1551/1079 1336/1540/1068 1335/1541/1069 1323/1552/1080
f 1323/1552/1080 1335/1541/1069 1333/119/95 1321/117/93
f 1310/1553/1081 1322/1542/1070 1332/1543/1071 1320/1554/1082
f 1320/1554/1082 1332/1543/1071 1331/1544/1072 1319/1555/1083
f 1319/1555/1083 1331/1544/1072 1330/1545/1073 1318/1556/1084
f 1318/1556/1084 1330/1545/1073 1329/1546/1074 1317/1557/1085
f 1317/1557/1085 1329/1546/1074 1328/1547/1075 1316/1558/1086
f 1316/1558/1086 1328/1547/1075 1327/1548/1076 1315/1559/1087
f 1315/1559/1087 1327/1548/1076 1326/1549/1077 1314/1560/1088
f 1314/1560/1088 1326/1549/1077 1325/1550/1078 1313/1561/1089
f 1313/1561/1089 1325/1550/1078 1324/1551/1079 1312/1562/1090
f 1312/1562/1090 1324/1551/1079 1323/1552/1080 1311/1563/1091
f 1311/1563/1091 1323/1552/1080 1321/117/93 1309/114/91
f 1298/1564/1092 1310/1553/1081 1320/1554/1082 1308/1565/1093
f 1308/1565/1093 1320/1554/1082 1319/1555/1083 1307/1566/1094
f 1307/1566/1094 1319/1555/1083 1318/1556/1084 1306/1567/1095
f 1306/1567/1095 1318/1556/1084 1317/1557/1085 1305/1568/1096
f 1305/1568/1096 1317/1557/1085 1316/1558/1086 1304/1569/1097
f 1304/1569/1097 1316/1558/1086 1315/1559/1087 1303/1570/1098
f 1303/1570/1098 1315/1559/1087 1314/1560/1088 1302/1571/1099
f 1302/1571/1099 1314/1560/1088 1313/1561/1089 1301/1572/1100
f 1301/1572/1100 1313/1561/1089 1312/1562/1090 1300/1573/1101
f 1300/1573/1101 1312/1562/1090 1311/1563/1091 1299/1574/1102
f 1299/1574/1102 1311/1563/1091 1309/114/91 1297/112/89
f 1286/1575/1103 1298/1564/1092 1308/1565/1093 1296/1576/1104
f 1296/1576/1104 1308/1565/1093 1307/1566/1094 1295/1577/1105
f 1295/1577/1105 1307/1566/1094 1306/1567/1095 1294/1578/1106
f 1294/1578/1106 1306/1567/1095 1305/1568/1096 1293/1579/1107
f 1293/1579/1107 1305/1568/1096 1304/1569/1097 1292/1580/1108
f 1292/1580/1108 1304/1569/1097 1303/1570/1098 1291/1581/1109
f 1291/1581/1109 1303/1570/1098 1302/1571/1099 1290/1582/1110
f 1290/1582/1110 1302/1571/1099 1301/1572/1100 1289/1583/1111
f 1289/1583/1111 1301/1572/1100 1300/1573/1101 1288/1584/1112
f 1288/1584/1112 1300/1573/1101 1299/1574/1102 1287/1585/1113
f 1287/1585/1113 1299/1574/1102 1297/112/89 1285/110/87
f 1274/1586/1114 1286/1575/1103 1296/1576/1104 1284/1587/1115
f 1284/1587/1115 1296/1576/1104 1295/1577/1105 1283/1588/1116
f 1283/1588/1116 1295/1577/1105 1294/1578/1106 1282/1589/1117
f 1282/1589/1117 1294/1578/1106 1293/1579/1107 1281/1590/1118
f 1281/1590/1118 1293/1579/1107 1292/1580/1108 1280/1591/1119
f 1280/1591/1119 1292/1580/1108 1291/1581/1109 1279/1592/1120
f 1279/1592/1120 1291/1581/1109 1290/1582/1110 1278/1593/1121
f 1278/1593/1121 1290/1582/1110 1289/1583/1111 1277/1594/1122
f 1277/1594/1122 1289/1583/1111 1288/1584/1112 1276/1595/1123
f 1276/1595/1123 1288/1584/1112 1287/1585/1113 1275/1596/1124
f 1275/1596/1124 1287/1585/1113 1285/110/87 1273/107/85
f 1262/1597/1125 1274/1586/1114 1284/1587/1115 1272/1598/1126
f 1272/1598/1126 1284/1587/1115 1283/1588/1116 1271/1599/1127
f 1271/1599/1127 1283/1588/1116 1282/1589/1117 1270/1600/1128
f 1270/1600/1128 1282/1589/1117 1281/1590/1118 1269/1601/1129
f 1269/1601/1129 1281/1590/1118 1280/1591/1119 1268/1602/1130
f 1268/1602/1130 1280/1591/1119 1279/1592/1120 1267/1603/1131
f 1267/1603/1131 1279/1592/1120 1278/1593/1121 1266/1604/1132
f 1266/1604/1132 1278/1593/1121 1277/1594/1122 1265/1605/1133
f 1265/1605/1133 1277/1594/1122 1276/1595/1123 1264/1606/1134
f 1264/1606/1134 1276/1595/1123 1275/1596/1124 1263/1607/1135
f 1263/1607/1135 1275/1596/1124 1273/107/85 1261/106/83
f 1250/1608/1136 1262/1597/1125 1272/1598/1126 1260/1609/1137
f 1260/1609/1137 1272/1598/1126 1271/1599/1127 1259/1610/1138
f 1259/1610/1138 1271/1599/1127 1270/1600/1128 1258/1611/1139
f 1258/1611/1139 1270/1600/1128 1269/1601/1129 1257/1612/1140
f 1257/1612/1140 1269/1601/1129 1268/1602/1130 1256/1613/1141
f 1256/1613/1141 1268/1602/1130 1267/1603/1131 1255/1614/1142
f 1255/1614/1142 1267/1603/1131 1266/1604/1132 1254/1615/1143
f 1254/1615/1143 1266/1604/1132 1265/1605/1133 1253/1616/1144
f 1253/1616/1144 1265/1605/1133 1264/1606/1134 1252/1617/1145
f 1252/1617/1145 1264/1606/1134 1263/1607/1135 1251/1618/1146
f 1251/1618/1146 1263/1607/1135 1261/104/83 1249/101/81
f 1238/1619/1147 1250/1608/1136 1260/1609/1137 1248/1620/1148
f 1248/1620/1148 1260/1609/1137 1259/1610/1138 1247/1621/1149
f 1247/1621/1149 1259/1610/1138 1258/1611/1139 1246/1622/1150
f 1246/1622/1150 1258/1611/1139 1257/1612/1140 1245/1623/1151
f 1245/1623/1151 1257/1612/1140 1256/1613/1141 1244/1624/1152
f 1244/1624/1152 1256/1613/1141 1255/1614/1142 1243/1625/1153
f 1243/1625/1153 1255/1614/1142 1254/1615/1143 1242/1626/1154
f 1242/1626/1154 1254/1615/1143 1253/1616/1144 1241/1627/1155
f 1241/1627/1155 1253/1616/1144 1252/1617/1145 1240/1628/1156
f 1240/1628/1156 1252/1617/1145 1251/1618/1146 1239/1629/1157
f 1239/1629/1157 1251/1618/1146 1249/101/81 1237/99/79
f 1226/1630/1158 1238/1619/1147 1248/1620/1148 1236/1631/1159
f 1236/1631/1159 1248/1620/1148 1247/1621/1149 1235/1632/1160
f 1235/1632/1160 1247/1621/1149 1246/1622/1150 1234/1633/1161
f 1234/1633/1161 1246/1622/1150 1245/1623/1151 1233/1634/1162
f 1233/1634/1162 1245/1623/1151 1244/1624/1152 1232/1635/1163
f 1232/1635/1163 1244/1624/1152 1243/1625/1153 1231/1636/1164
f 1231/1636/1164 1243/1625/1153 1242/1626/1154 1230/1637/1165
f 1230/1637/1165 1242/1626/1154 1241/1627/1155 1229/1638/1166
f 1229/1638/1166 1241/1627/1155 1240/1628/1156 1228/1639/1167
f 1228/1639/1167 1240/1628/1156 1239/1629/1157 1227/1640/1168
f 1227/1640/1168 1239/1629/1157 1237/99/79 1225/96/77
f 1214/1641/1169 1226/1630/1158 1236/1631/1159 1224/1642/1170
f 1224/1642/1170 1236/1631/1159 1235/1632/1160 1223/1643/1171
f 1223/1643/1171 1235/1632/1160 1234/1633/1161 1222/1644/1172
f 1222/1644/1172 1234/1633/1161 1233/1634/1162 1221/1645/1173
f 1221/1645/1173 1233/1634/1162 1232/1635/1163 1220/1646/1174
f 1220/1646/1174 1232/1635/1163 1231/1636/1164 1219/1647/1175
f 1219/1647/1175 1231/1636/1164 1230/1637/1165 1218/1648/1176
f 1218/1648/1176 1230/1637/1165 1229/1638/1166 1217/1649/1177
f 1217/1649/1177 1229/1638/1166 1228/1639/1167 1216/1650/1178
f 1216/1650/1178 1228/1639/1167 1227/1640/1168 1215/1651/1179
f 1215/1651/1179 1227/1640/1168 1225/96/77 1213/93/75
f 1202/1652/1180 1214/1641/1169 1224/1642/1170 1212/1653/1181
f 1212/1653/1181 1224/1642/1170 1223/1643/1171 1211/1654/1182
f 1211/1654/1182 1223/1643/1171 1222/1644/1172 1210/1655/1183
f 1210/1655/1183 1222/1644/1172 1221/1645/1173 1209/1656/1184
f 1209/1656/1184 1221/1645/1173 1220/1646/1174 1208/1657/1185
f 1208/1657/1185 1220/1646/1174 1219/1647/1175 1207/1658/1186
f 1207/1658/1186 1219/1647/1175 1218/1648/1176 1206/1659/1187
f 1206/1659/1187 1218/1648/1176 1217/1649/1177 1205/1660/1188
f 1205/1660/1188 1217/1649/1177 1216/1650/1178 1204/1661/1189
f 1204/1661/1189 1216/1650/1178 1215/1651/1179 1203/1662/1190
f 1203/1662/1190 1215/1651/1179 1213/93/75 1201/90/73
f 1190/1663/1191 1202/1652/1180 1212/1653/1181 1200/1664/1192
f 1200/1664/1192 1212/1653/1181 1211/1654/1182 1199/1665/1193
f 1199/1665/1193 1211/1654/1182 1210/1655/1183 1198/1666/1194
f 1198/1666/1194 1210/1655/1183 1209/1656/1184 1197/1667/1195
f 1197/1667/1195 1209/1656/1184 1208/1657/1185 1196/1668/1196
f 1196/1668/1196 1208/1657/1185 1207/1658/1186 1195/1669/1197
f 1195/1669/1197 1207/1658/1186 1206/1659/1187 1194/1670/1198
f 1194/1670/1198 1206/1659/1187 1205/1660/1188 1193/1671/1199
f 1193/1671/1199 1205/1660/1188 1204/1661/1189 1192/1672/1200
f 1192/1672/1200 1204/1661/1189 1203/1662/1190 1191/1673/1201
f 1191/1673/1201 1203/1662/1190 1201/90/73 1189/89/71
f 1178/1674/1202 1190/1663/1191 1200/1664/1192 1188/1675/1203
f 1188/1675/1203 1200/1664/1192 1199/1665/1193 1187/1676/1204
f 1187/1676/1204 1199/1665/1193 1198/1666/1194 1186/1677/1205
f 1186/1677/1205 1198/1666/1194 1197/1667/1195 1185/1678/1206
f 1185/1678/1206 1197/1667/1195 1196/1668/1196 1184/1679/1207
f 1184/1679/1207 1196/1668/1196 1195/1669/1197 1183/1680/1208
f 1183/1680/1208 1195/1669/1197 1194/1670/1198 1182/1681/1209
f 1182/1681/1209 1194/1670/1198 1193/1671/1199 1181/1682/1210
f 1181/1682/1210 1193/1671/1199 1192/1672/1200 1180/1683/1211
f 1180/1683/1211 1192/1672/1200 1191/1673/1201 1179/1684/1212
f 1179/1684/1212 1191/1673/1201 1189/87/71 1177/86/69
f 1166/1685/1213 1178/1674/1202 1188/1675/1203 1176/1686/1214
f 1176/1686/1214 1188/1675/1203 1187/1676/1204 1175/1687/1215
f 1175/1687/1215 1187/1676/1204 1186/1677/1205 1174/1688/1216
f 1174/1688/1216 1186/1677/1205 1185/1678/1206 1173/1689/1217
f 1173/1689/1217 1185/1678/1206 1184/1679/1207 1172/1690/1218
f 1172/1690/1218 1184/1679/1207 1183/1680/1208 1171/1691/1219
f 1171/1691/1219 1183/1680/1208 1182/1681/1209 1170/1692/1220
f 1170/1692/1220 1182/1681/1209 1181/1682/1210 1169/1693/1221
f 1169/1693/1221 1181/1682/1210 1180/1683/1211 1168/1694/1222
f 1168/1694/1222 1180/1683/1211 1179/1684/1212 1167/1695/1223
f 1167/1695/1223 1179/1684/1212 1177/83/69 1165/82/67
f 1154/1696/1224 1166/1685/1213 1176/1686/1214 1164/1697/1225
f 1164/1697/1225 1176/1686/1214 1175/1687/1215 1163/1698/1226
f 1163/1698/1226 1175/1687/1215 1174/1688/1216 1162/1699/1227
f 1162/1699/1227 1174/1688/1216 1173/1689/1217 1161/1700/1228
f 1161/1700/1228 1173/1689/1217 1172/1690/1218 1160/1701/1229
f 1160/1701/1229 1172/1690/1218 1171/1691/1219 1159/1702/1230
f 1159/1702/1230 1171/1691/1219 1170/1692/1220 1158/1703/1231
f 1158/1703/1231 1170/1692/1220 1169/1693/1221 1157/1704/1232
f 1157/1704/1232 1169/1693/1221 1168/1694/1222 1156/1705/1233
f 1156/1705/1233 1168/1694/1222 1167/1695/1223 1155/1706/1234
f 1155/1706/1234 1167/1695/1223 1165/80/67 1153/78/65
f 1142/1707/1235 1154/1696/1224 1164/1697/1225 1152/1708/1236
f 1152/1708/1236 1164/1697/1225 1163/1698/1226 1151/1709/1237
f 1151/1709/1237 1163/1698/1226 1162/1699/1227 1150/1710/1238
f 1150/1710/1238 1162/1699/1227 1161/1700/1228 1149/1711/1239
f 1149/1711/1239 1161/1700/1228 1160/1701/1229 1148/1712/1240
f 1148/1712/1240 1160/1701/1229 1159/1702/1230 1147/1713/1241
f 1147/1713/1241 1159/1702/1230 1158/1703/1231 1146/1714/1242
f 1146/1714/1242 1158/1703/1231 1157/1704/1232 1145/1715/1243
f 1145/1715/1243 1157/1704/1232 1156/1705/1233 1144/1716/1244
f 1144/1716/1244 1156/1705/1233 1155/1706/1234 1143/1717/1245
f 1143/1717/1245 1155/1706/1234 1153/78/65 1141/76/63
f 1130/1718/1246 1142/1707/1235 1152/1708/1236 1140/1719/1247
f 1140/1719/1247 1152/1708/1236 1151/1709/1237 1139/1720/1248
f 1139/1720/1248 1151/1709/1237 1150/1710/1238 1138/1721/1249
f 1138/1721/1249 1150/1710/1238 1149/1711/1239 1137/1722/1250
f 1137/1722/1250 1149/1711/1239 1148/1712/1240 1136/1723/1251
f 1136/1723/1251 1148/1712/1240 1147/1713/1241 1135/1724/1252
f 1135/1724/1252 1147/1713/1241 1146/1714/1242 1134/1725/1253
f 1134/1725/1253 1146/1714/1242 1145/1715/1243 1133/1726/1254
f 1133/1726/1254 1145/1715/1243 1144/1716/1244 1132/1727/1255
f 1132/1727/1255 1144/1716/1244 1143/1717/1245 1131/1728/1256
f 1131/1728/1256 1143/1717/1245 1141/76/63 1129/74/61
f 1118/1729/1257 1130/1718/1246 1140/1719/1247 1128/1730/1258
f 1128/1730/1258 1140/1719/1247 1139/1720/1248 1127/1731/1259
f 1127/1731/1259 1139/1720/1248 1138/1721/1249 1126/1732/1260
f 1126/1732/1260 1138/1721/1249 1137/1722/1250 1125/1733/1261
f 1125/1733/1261 1137/1722/1250 1136/1723/1251 1124/1734/1262
f 1124/1734/1262 1136/1723/1251 1135/1724/1252 1123/1735/1263
f 1123/1735/1263 1135/1724/1252 1134/1725/1253 1122/1736/1264
f 1122/1736/1264 1134/1725/1253 1133/1726/1254 1121/1737/1265
f 1121/1737/1265 1133/1726/1254 1132/1727/1255 1120/1738/1266
f 1120/1738/1266 1132/1727/1255 1131/1728/1256 1119/1739/1267
f 1119/1739/1267 1131/1728/1256 1129/74/61 1117/72/59
f 1106/1740/1268 1118/1729/1257 1128/1730/1258 1116/1741/1269
f 1116/1741/1269 1128/1730/1258 1127/1731/1259 1115/1742/1270
f 1115/1742/1270 1127/1731/1259 1126/1732/1260 1114/1743/1271
f 1114/1743/1271 1126/1732/1260 1125/1733/1261 1113/1744/1272
f 1113/1744/1272 1125/1733/1261 1124/1734/1262 1112/1745/1273
f 1112/1745/1273 1124/1734/1262 1123/1735/1263 1111/1746/1274
f 1111/1746/1274 1123/1735/1263 1122/1736/1264 1110/1747/1275
f 1110/1747/1275 1122/1736/1264 1121/1737/1265 1109/1748/1276
f 1109/1748/1276 1121/1737/1265 1120/1738/1266 1108/1749/1277
f 1108/1749/1277 1120/1738/1266 1119/1739/1267 1107/1750/1278
f 1107/1750/1278 1119/1739/1267 1117/72/59 1105/70/57
f 1094/1751/1279 1106/1740/1268 1116/1741/1269 1104/1752/1280
f 1104/1752/1280 1116/1741/1269 1115/1742/1270 1103/1753/1281
f 1103/1753/1281 1115/1742/1270 1114/1743/1271 1102/1754/1282
f 1102/1754/1282 1114/1743/1271 1113/1744/1272 1101/1755/1283
f 1101/1755/1283 1113/1744/1272 1112/1745/1273 1100/1756/1284
f 1100/1756/1284 1112/1745/1273 1111/1746/1274 1099/1757/1285
f 1099/1757/1285 1111/1746/1274 1110/1747/1275 1098/1758/1286
f 1098/1758/1286 1110/1747/1275 1109/1748/1276 1097/1759/1287
f 1097/1759/1287 1109/1748/1276 1108/1749/1277 1096/1760/1288
f 1096/1760/1288 1108/1749/1277 1107/1750/1278 1095/1761/1289
f 1095/1761/1289 1107/1750/1278 1105/70/57 1093/68/55
f 1082/1762/1290 1094/1751/1279 1104/1752/1280 1092/1763/1291
f 1092/1763/1291 1104/1752/1280 1103/1753/1281 1091/1764/1292
f 1091/1764/1292 1103/1753/1281 1102/1754/1282 1090/1765/1293
f 1090/1765/1293 1102/1754/1282 1101/1755/1283 1089/1766/1294
f 1089/1766/1294 1101/1755/1283 1100/1756/1284 1088/1767/1295
f 1088/1767/1295 1100/1756/1284 1099/1757/1285 1087/1768/1296
f 1087/1768/1296 1099/1757/1285 1098/1758/1286 1086/1769/1297
f 1086/1769/1297 1098/1758/1286 1097/1759/1287 1085/1770/1298
f 1085/1770/1298 1097/1759/1287 1096/1760/1288 1084/1771/1299
f 1084/1771/1299 1096/1760/1288 1095/1761/1289 1083/1772/1300
f 1083/1772/1300 1095/1761/1289 1093/68/55 1081/66/53
f 1070/1773/1301 1082/1762/1290 1092/1763/1291 1080/1774/1302
f 1080/1774/1302 1092/1763/1291 1091/1764/1292 1079/1775/1303
f 1079/1775/1303 1091/1764/1292 1090/1765/1293 1078/1776/1304
f 1078/1776/1304 1090/1765/1293 1089/1766/1294 1077/1777/1305
f 1077/1777/1305 1089/1766/1294 1088/1767/1295 1076/1778/1306
f 1076/1778/1306 1088/1767/1295 1087/1768/1296 1075/1779/1307
f 1075/1779/1307 1087/1768/1296 1086/1769/1297 1074/1780/1308
f 1074/1780/1308 1086/1769/1297 1085/1770/1298 1073/1781/1309
f 1073/1781/1309 1085/1770/1298 1084/1771/1299 1072/1782/1310
f 1072/1782/1310 1084/1771/1299 1083/1772/1300 1071/1783/1311
f 1071/1783/1311 1083/1772/1300 1081/66/53 1069/64/51
f 1058/1784/1312 1070/1773/1301 1080/1774/1302 1068/1785/1313
f 1068/1785/1313 1080/1774/1302 1079/1775/1303 1067/1786/1314
f 1067/1786/1314 1079/1775/1303 1078/1776/1304 1066/1787/1315
f 1066/1787/1315 1078/1776/1304 1077/1777/1305 1065/1788/1316
f 1065/1788/1316 1077/1777/1305 1076/1778/1306 1064/1789/1317
f 1064/1789/1317 1076/1778/1306 1075/1779/1307 1063/1790/1318
f 1063/1790/1318 1075/1779/1307 1074/1780/1308 1062/1791/1319
f 1062/1791/1319 1074/1780/1308 1073/1781/1309 1061/1792/1320
f 1061/1792/1320 1073/1781/1309 1072/1782/1310 1060/1793/1321
f 1060/1793/1321 1072/1782/1310 1071/1783/1311 1059/1794/1322
f 1059/1794/1322 1071/1783/1311 1069/64/51 1057/63/49
f 1046/1795/1323 1058/1796/1312 1068/1785/1313 1056/1797/1324
f 1056/1797/1324 1068/1785/1313 1067/1786/1314 1055/1798/1325
f 1055/1798/1325 1067/1786/1314 1066/1787/1315 1054/1799/1326
f 1054/1799/1326 1066/1787/1315 1065/1788/1316 1053/1800/1327
f 1053/1800/1327 1065/1788/1316 1064/1789/1317 1052/1801/1328
f 1052/1801/1328 1064/1789/1317 1063/1790/1318 1051/1802/1329
f 1051/1802/1329 1063/1790/1318 1062/1791/1319 1050/1803/1330
f 1050/1803/1330 1062/1791/1319 1061/1792/1320 1049/1804/1331
f 1049/1804/1331 1061/1792/1320 1060/1793/1321 1048/1805/1332
f 1048/1805/1332 1060/1793/1321 1059/1794/1322 1047/1806/1333
f 1047/1806/1333 1059/1794/1322 1057/60/49 1045/58/47
f 1034/1807/1334 1046/1795/1323 1056/1797/1324 1044/1808/1335
f 1044/1808/1335 1056/1797/1324 1055/1798/1325 1043/1809/1336
f 1043/1809/1336 1055/1798/1325 1054/1799/1326 1042/1810/1337
f 1042/1810/1337 1054/1799/1326 1053/1800/1327 1041/1811/1338
f 1041/1811/1338 1053/1800/1327 1052/1801/1328 1040/1812/1339
f 1040/1812/1339 1052/1801/1328 1051/1802/1329 1039/1813/1340
f 1039/1813/1340 1051/1802/1329 1050/1803/1330 1038/1814/1341
f 1038/1814/1341 1050/1803/1330 1049/1804/1331 1037/1815/1342
f 1037/1815/1342 1049/1804/1331 1048/1805/1332 1036/1816/1343
f 1036/1816/1343 1048/1805/1332 1047/1806/1333 1035/1817/1344
f 1035/1817/1344 1047/1806/1333 1045/58/47 1033/55/45
f 1022/1818/1345 1034/1807/1334 1044/1808/1335 1032/1819/1346
f 1032/1819/1346 1044/1808/1335 1043/1809/1336 1031/1820/1347
f 1031/1820/1347 1043/1809/1336 1042/1810/1337 1030/1821/1348
f 1030/1821/1348 1042/1810/1337 1041/1811/1338 1029/1822/1349
f 1029/1822/1349 1041/1811/1338 1040/1812/1339 1028/1823/1350
f 1028/1823/1350 1040/1812/1339 1039/1813/1340 1027/1824/1351
f 1027/1824/1351 1039/1813/1340 1038/1814/1341 1026/1825/1352
f 1026/1825/1352 1038/1814/1341 1037/1815/1342 1025/1826/1353
f 1025/1826/1353 1037/1815/1342 1036/1816/1343 1024/1827/1354
f 1024/1827/1354 1036/1816/1343 1035/1817/1344 1023/1828/1355
f 1023/1828/1355 1035/1817/1344 1033/55/45 1021/52/43
f 1010/1829/1356 1022/1818/1345 1032/1819/1346 1020/1830/1357
f 1020/1830/1357 1032/1819/1346 1031/1820/1347 1019/1831/1358
f 1019/1831/1358 1031/1820/1347 1030/1821/1348 1018/1832/1359
f 1018/1832/1359 1030/1821/1348 1029/1822/1349 1017/1833/1360
f 1017/1833/1360 1029/1822/1349 1028/1823/1350 1016/1834/1361
f 1016/1834/1361 1028/1823/1350 1027/1824/1351 1015/1835/1362
f 1015/1835/1362 1027/1824/1351 1026/1825/1352 1014/1836/1363
f 1014/1836/1363 1026/1825/1352 1025/1826/1353 1013/1837/1364
f 1013/1837/1364 1025/1826/1353 1024/1827/1354 1012/1838/1365
f 1012/1838/1365 1024/1827/1354 1023/1828/1355 1011/1839/1366
f 1011/1839/1366 1023/1828/1355 1021/52/43 1009/50/41
f 998/1840/1367 1010/1829/1356 1020/1830/1357 1008/1841/1368
f 1008/1841/1368 1020/1830/1357 1019/1831/1358 1007/1842/1369
f 1007/1842/1369 1019/1831/1358 1018/1832/1359 1006/1843/1370
f 1006/1843/1370 1018/1832/1359 1017/1833/1360 1005/1844/1371
f 1005/1844/1371 1017/1833/1360 1016/1834/1361 1004/1845/1372
f 1004/1845/1372 1016/1834/1361 1015/1835/1362 1003/1846/1373
f 1003/1846/1373 1015/1835/1362 1014/1836/1363 1002/1847/1374
f 1002/1847/1374 1014/1836/1363 1013/1837/1364 1001/1848/1375
f 1001/1848/1375 1013/1837/1364 1012/1838/1365 1000/1849/1376
f 1000/1849/1376 1012/1838/1365 1011/1839/1366 999/1850/1377
f 999/1850/1377 1011/1839/1366 1009/50/41 997/48/39
f 986/1851/1378 998/1840/1367 1008/1841/1368 996/1852/1379
f 996/1852/1379 1008/1841/1368 1007/1842/1369 995/1853/1380
f 995/1853/1380 1007/1842/1369 1006/1843/1370 994/1854/1381
f 994/1854/1381 1006/1843/1370 1005/1844/1371 993/1855/1382
f 993/1855/1382 1005/1844/1371 1004/1845/1372 992/1856/1383
f 992/1856/1383 1004/1845/1372 1003/1846/1373 991/1857/1384
f 991/1857/1384 1003/1846/1373 1002/1847/1374 990/1858/1385
f 990/1858/1385 1002/1847/1374 1001/1848/1375 989/1859/1386
f 989/1859/1386 1001/1848/1375 1000/1849/1376 988/1860/1387
f 988/1860/1387 1000/1849/1376 999/1850/1377 987/1861/1388
f 987/1861/1388 999/1850/1377 997/48/39 985/46/37
f 974/1862/1389 986/1851/1378 996/1852/1379 984/1863/1390
f 984/1863/1390 996/1852/1379 995/1853/1380 983/1864/1391
f 983/1864/1391 995/1853/1380 994/1854/1381 982/1865/1392
f 982/1865/1392 994/1854/1381 993/1855/1382 981/1866/1393
f 981/1866/1393 993/1855/1382 992/1856/1383 980/1867/1394
f 980/1867/1394 992/1856/1383 991/1857/1384 979/1868/1395
f 979/1868/1395 991/1857/1384 990/1858/1385 978/1869/1396
f 978/1869/1396 990/1858/1385 989/1859/1386 977/1870/1397
f 977/1870/1397 989/1859/1386 988/1860/1387 976/1871/1398
f 976/1871/1398 988/1860/1387 987/1861/1388 975/1872/1399
f 975/1872/1399 987/1861/1388 985/46/37 973/43/35
f 962/1873/1400 974/1862/1389 984/1863/1390 972/1874/1401
f 972/1874/1401 984/1863/1390 983/1864/1391 971/1875/1402
f 971/1875/1402 983/1864/1391 982/1865/1392 970/1876/1403
f 970/1876/1403 982/1865/1392 981/1866/1393 969/1877/1404
f 969/1877/1404 981/1866/1393 980/1867/1394 968/1878/1405
f 968/1878/1405 980/1867/1394 979/1868/1395 967/1879/1406
f 967/1879/1406 979/1868/1395 978/1869/1396 966/1880/1407
f 966/1880/1407 978/1869/1396 977/1870/1397 965/1881/1408
f 965/1881/1408 977/1870/1397 976/1871/1398 964/1882/1409
f 964/1882/1409 976/1871/1398 975/1872/1399 963/1883/1410
f 963/1883/1410 975/1872/1399 973/43/35 961/41/33
f 950/1884/1411 962/1873/1400 972/1874/1401 960/1885/1412
f 960/1885/1412 972/1874/1401 971/1875/1402 959/1886/1413
f 959/1886/1413 971/1875/1402 970/1876/1403 958/1887/1414
f 958/1887/1414 970/1876/1403 969/1877/1404 957/1888/1415
f 957/1888/1415 969/1877/1404 968/1878/1405 956/1889/1416
f 956/1889/1416 968/1878/1405 967/1879/1406 955/1890/1417
f 955/1890/1417 967/1879/1406 966/1880/1407 954/1891/1418
f 954/1891/1418 966/1880/1407 965/1881/1408 953/1892/1419
f 953/1892/1419 965/1881/1408 964/1882/1409 952/1893/1420
f 952/1893/1420 964/1882/1409 963/1883/1410 951/1894/1421
f 951/1894/1421 963/1883/1410 961/41/33 949/39/31
f 938/1895/1422 950/1884/1411 960/1885/1412 948/1896/1423
f 948/1896/1423 960/1885/1412 959/1886/1413 947/1897/1424
f 947/1897/1424 959/1886/1413 958/1887/1414 946/1898/1425
f 946/1898/1425 958/1887/1414 957/1888/1415 945/1899/1426
f 945/1899/1426 957/1888/1415 956/1889/1416 944/1900/1427
f 944/1900/1427 956/1889/1416 955/1890/1417 943/1901/1428
f 943/1901/1428 955/1890/1417 954/1891/1418 942/1902/1429
f 942/1902/1429 954/1891/1418 953/1892/1419 941/1903/1430
f 941/1903/1430 953/1892/1419 952/1893/1420 940/1904/1431
f 940/1904/1431 952/1893/1420 951/1894/1421 939/1905/1432
f 939/1905/1432 951/1894/1421 949/39/31 937/36/29
f 926/1906/1433 938/1895/1422 948/1896/1423 936/1907/1434
f 936/1907/1434 948/1896/1423 947/1897/1424 935/1908/1435
f 935/1908/1435 947/1897/1424 946/1898/1425 934/1909/1436
f 934/1909/1436 946/1898/1425 945/1899/1426 933/1910/1437
f 933/1910/1437 945/1899/1426 944/1900/1427 932/1911/1438
f 932/1911/1438 944/1900/1427 943/1901/1428 931/1912/1439
f 931/1912/1439 943/1901/1428 942/1902/1429 930/1913/1440
f 930/1913/1440 942/1902/1429 941/1903/1430 929/1914/1441
f 929/1914/1441 941/1903/1430 940/1904/1431 928/1915/1442
f 928/1915/1442 940/1904/1431 939/1905/1432 927/1916/1443
f 927/1916/1443 939/1905/1432 937/36/29 925/34/27
f 914/1917/1444 926/1906/1433 936/1907/1434 924/1918/1445
f 924/1918/1445 936/1907/1434 935/1908/1435 923/1919/1446
f 923/1919/1446 935/1908/1435 934/1909/1436 922/1920/1447
f 922/1920/1447 934/1909/1436 933/1910/1437 921/1921/1448
f 921/1921/1448 933/1910/1437 932/1911/1438 920/1922/1449
f 920/1922/1449 932/1911/1438 931/1912/1439 919/1923/1450
f 919/1923/1450 931/1912/1439 930/1913/1440 918/1924/1451
f 918/1924/1451 930/1913/1440 929/1914/1441 917/1925/1452
f 917/1925/1452 929/1914/1441 928/1915/1442 916/1926/1453
f 916/1926/1453 928/1915/1442 927/1916/1443 915/1927/1454
f 915/1927/1454 927/1916/1443 925/34/27 913/31/25
f 902/1928/1455 914/1917/1444 924/1918/1445 912/1929/1456
f 912/1929/1456 924/1918/1445 923/1919/1446 911/1930/1457
f 911/1930/1457 923/1919/1446 922/1920/1447 910/1931/1458
f 910/1931/1458 922/1920/1447 921/1921/1448 909/1932/1459
f 909/1932/1459 921/1921/1448 920/1922/1449 908/1933/1460
f 908/1933/1460 920/1922/1449 919/1923/1450 907/1934/1461
f 907/1934/1461 919/1923/1450 918/1924/1451 906/1935/1462
f 906/1935/1462 918/1924/1451 917/1925/1452 905/1936/1463
f 905/1936/1463 917/1925/1452 916/1926/1453 904/1937/1464
f 904/1937/1464 916/1926/1453 915/1927/1454 903/1938/1465
f 903/1938/1465 915/1927/1454 913/31/25 901/28/23
f 890/1939/1466 902/1928/1455 912/1929/1456 900/1940/1467
f 900/1940/1467 912/1929/1456 911/1930/1457 899/1941/1468
f 899/1941/1468 911/1930/1457 910/1931/1458 898/1942/1469
f 898/1942/1469 910/1931/1458 909/1932/1459 897/1943/1470
f 897/1943/1470 909/1932/1459 908/1933/1460 896/1944/1471
f 896/1944/1471 908/1933/1460 907/1934/1461 895/1945/1472
f 895/1945/1472 907/1934/1461 906/1935/1462 894/1946/1473
f 894/1946/1473 906/1935/1462 905/1936/1463 893/1947/1474
f 893/1947/1474 905/1936/1463 904/1937/1464 892/1948/1475
f 892/1948/1475 904/1937/1464 903/1938/1465 891/1949/1476
f 891/1949/1476 903/1938/1465 901/28/23 889/25/21
f 878/1950/1477 890/1951/1466 900/1940/1467 888/1952/1478
f 888/1952/1478 900/1940/1467 899/1941/1468 887/1953/1479
f 887/1953/1479 899/1941/1468 898/1942/1469 886/1954/1480
f 886/1954/1480 898/1942/1469 897/1943/1470 885/1955/1481
f 885/1955/1481 897/1943/1470 896/1944/1471 884/1956/1482
f 884/1956/1482 896/1944/1471 895/1945/1472 883/1957/1483
f 883/1957/1483 895/1945/1472 894/1946/1473 882/1958/1484
f 882/1958/1484 894/1946/1473 893/1947/1474 881/1959/1485
f 881/1959/1485 893/1947/1474 892/1948/1475 880/1960/1486
f 880/1960/1486 892/1948/1475 891/1949/1476 879/1961/1487
f 879/1961/1487 891/1949/1476 889/25/21 877/22/19
f 866/1962/1488 878/1963/1477 888/1952/1478 876/1964/1489
f 876/1964/1489 888/1952/1478 887/1953/1479 875/1965/1490
f 875/1965/1490 887/1953/1479 886/1954/1480 874/1966/1491
f 874/1966/1491 886/1954/1480 885/1955/1481 873/1967/1492
f 873/1967/1492 885/1955/1481 884/1956/1482 872/1968/1493
f 872/1968/1493 884/1956/1482 883/1957/1483 871/1969/1494
f 871/1969/1494 883/1957/1483 882/1958/1484 870/1970/1495
f 870/1970/1495 882/1958/1484 881/1959/1485 869/1971/1496
f 869/1971/1496 881/1959/1485 880/1960/1486 868/1972/1497
f 868/1972/1497 880/1960/1486 879/1961/1487 867/1973/1498
f 867/1973/1498 879/1961/1487 877/22/19 865/20/17
f 854/1974/1499 866/1962/1488 876/1964/1489 864/1975/1500
f 864/1975/1500 876/1964/1489 875/1965/1490 863/1976/1501
f 863/1976/1501 875/1965/1490 874/1966/1491 862/1977/1502
f 862/1977/1502 874/1966/1491 873/1967/1492 861/1978/1503
f 861/1978/1503 873/1967/1492 872/1968/1493 860/1979/1504
f 860/1979/1504 872/1968/1493 871/1969/1494 859/1980/1505
f 859/1980/1505 871/1969/1494 870/1970/1495 858/1981/1506
f 858/1981/1506 870/1970/1495 869/1971/1496 857/1982/1507
f 857/1982/1507 869/1971/1496 868/1972/1497 856/1983/1508
f 856/1983/1508 868/1972/1497 867/1973/1498 855/1984/1509
f 855/1984/1509 867/1973/1498 865/20/17 853/19/15
f 842/1985/1510 854/1974/1499 864/1975/1500 852/1986/1511
f 852/1986/1511 864/1975/1500 863/1976/1501 851/1987/1512
f 851/1987/1512 863/1976/1501 862/1977/1502 850/1988/1513
f 850/1988/1513 862/1977/1502 861/1978/1503 849/1989/1514
f 849/1989/1514 861/1978/1503 860/1979/1504 848/1990/1515
f 848/1990/1515 860/1979/1504 859/1980/1505 847/1991/1516
f 847/1991/1516 859/1980/1505 858/1981/1506 846/1992/1517
f 846/1992/1517 858/1981/1506 857/1982/1507 845/1993/1518
f 845/1993/1518 857/1982/1507 856/1983/1508 844/1994/1519
f 844/1994/1519 856/1983/1508 855/1984/1509 843/1995/1520
f 843/1995/1520 855/1984/1509 853/17/15 841/16/13
f 830/1996/1521 842/1985/1510 852/1986/1511 840/1997/1522
f 840/1997/1522 852/1986/1511 851/1987/1512 839/1998/1523
f 839/1998/1523 851/1987/1512 850/1988/1513 838/1999/1524
f 838/1999/1524 850/1988/1513 849/1989/1514 837/2000/1525
f 837/2000/1525 849/1989/1514 848/1990/1515 836/2001/1526
f 836/2001/1526 848/1990/1515 847/1991/1516 835/2002/1527
f 835/2002/1527 847/1991/1516 846/1992/1517 834/2003/1528
f 834/2003/1528 846/1992/1517 845/1993/1518 833/2004/1529
f 833/2004/1529 845/1993/1518 844/1994/1519 832/2005/1530
f 832/2005/1530 844/1994/1519 843/1995/1520 831/2006/1531
f 831/2006/1531 843/1995/1520 841/14/13 829/12/11
f 818/2007/1532 830/1996/1521 840/1997/1522 828/2008/1533
f 828/2008/1533 840/1997/1522 839/1998/1523 827/2009/1534
f 827/2009/1534 839/1998/1523 838/1999/1524 826/2010/1535
f 826/2010/1535 838/1999/1524 837/2000/1525 825/2011/1536
f 825/2011/1536 837/2000/1525 836/2001/1526 824/2012/1537
f 824/2012/1537 836/2001/1526 835/2002/1527 823/2013/1538
f 823/2013/1538 835/2002/1527 834/2003/1528 822/2014/1539
f 822/2014/1539 834/2003/1528 833/2004/1529 821/2015/1540
f 821/2015/1540 833/2004/1529 832/2005/1530 820/2016/1541
f 820/2016/1541 832/2005/1530 831/2006/1531 819/2017/1542
f 819/2017/1542 831/2006/1531 829/12/11 817/10/9
f 806/2018/1543 818/2007/1532 828/2008/1533 816/2019/1544
f 816/2019/1544 828/2008/1533 827/2009/1534 815/2020/1545
f 815/2020/1545 827/2009/1534 826/2010/1535 814/2021/1546
f 814/2021/1546 826/2010/1535 825/2011/1536 813/2022/1547
f 813/2022/1547 825/2011/1536 824/2012/1537 812/2023/1548
f 812/2023/1548 824/2012/1537 823/2013/1538 811/2024/1549
f 811/2024/1549 823/2013/1538 822/2014/1539 810/2025/1550
f 810/2025/1550 822/2014/1539 821/2015/1540 809/2026/1551
f 809/2026/1551 821/2015/1540 820/2016/1541 808/2027/1552
f 808/2027/1552 820/2016/1541 819/2017/1542 807/2028/1553
f 807/2028/1553 819/2017/1542 817/10/9 805/7/7
f 794/2029/1554 806/2018/1543 816/2019/1544 804/2030/1555
f 804/2030/1555 816/2019/1544 815/2020/1545 803/2031/1556
f 803/2031/1556 815/2020/1545 814/2021/1546 802/2032/1557
f 802/2032/1557 814/2021/1546 813/2022/1547 801/2033/1558
f 801/2033/1558 813/2022/1547 812/2023/1548 800/2034/1559
f 800/2034/1559 812/2023/1548 811/2024/1549 799/2035/1560
f 799/2035/1560 811/2024/1549 810/2025/1550 798/2036/1561
f 798/2036/1561 810/2025/1550 809/2026/1551 797/2037/1562
f 797/2037/1562 809/2026/1551 808/2027/1552 796/2038/1563
f 796/2038/1563 808/2027/1552 807/2028/1553 795/2039/1564
f 795/2039/1564 807/2028/1553 805/7/7 793/6/6
f 781/2040/906 794/2029/1554 804/2030/1555 783/2041/907
f 783/2041/907 804/2030/1555 803/2031/1556 784/2042/909
f 784/2042/909 803/2031/1556 802/2032/1557 785/2043/911
f 785/2043/911 802/2032/1557 801/2033/1558 786/2044/913
f 786/2044/913 801/2033/1558 800/2034/1559 787/2045/915
f 787/2045/915 800/2034/1559 799/2035/1560 788/2046/917
f 788/2046/917 799/2035/1560 798/2036/1561 789/2047/919
f 789/2047/919 798/2036/1561 797/2037/1562 790/2048/921
f 790/2048/921 797/2037/1562 796/2038/1563 791/2049/923
f 791/2049/923 796/2038/1563 795/2039/1564 792/2050/925
f 792/2050/925 795/2039/1564 793/6/6 782/159/128
f 2449/2051/136 1/2052/135 2/161/130 2917/160/129
f 2162/171/140 2437/2053/139 2906/2054/1565 2149/2055/1566
f 2149/2055/1566 2906/2056/1565 2474/2057/1567 2138/2058/1568
f 2138/2058/1568 2474/2057/1567 2426/2059/1569 2126/2060/1570
f 2126/2061/1570 2426/2059/1569 2894/2062/1571 2113/2063/1572
f 2113/2063/1572 2894/2064/1571 2486/2065/1573 2102/2066/1574
f 2102/2066/1574 2486/2067/1573 2414/2068/1575 2090/2069/1576
f 2090/2069/1576 2414/2068/1575 2882/2070/1577 2077/2071/1578
f 2077/2071/1578 2882/2072/1577 2498/2073/1579 2066/2074/1580
f 2066/2074/1580 2498/2075/1579 2402/2076/1581 2054/2077/1582
f 2054/2077/1582 2402/2078/1581 2870/2079/1583 2041/2080/1584
f 2041/2080/1584 2870/2081/1583 2510/2082/1585 2030/2083/1586
f 2030/2083/1586 2510/2084/1585 2390/2085/1587 2018/2086/1588
f 2018/2086/1588 2390/2087/1587 2858/2088/1589 2005/2089/1590
f 2005/2089/1590 2858/2088/1589 2522/2090/1591 1994/2091/1592
f 1994/2092/1592 2522/2093/1591 2378/2094/1593 1982/2095/1594
f 1982/2095/1594 2378/2096/1593 2846/2097/1595 1969/2098/1596
f 1969/2098/1596 2846/2097/1595 2534/2099/1597 1958/2100/1598
f 1958/2100/1598 2534/2101/1597 2366/2102/1599 1946/2103/1600
f 1946/2103/1600 2366/2102/1599 2834/2104/1601 1933/2105/1602
f 1933/2105/1602 2834/2104/1601 2546/2106/1603 1922/2107/1604
f 1922/2107/1604 2546/2106/1603 2354/2108/1605 1910/2109/1606
f 1910/2109/1606 2354/2110/1605 2822/2111/1607 1897/2112/1608
f 1897/2112/1608 2822/2113/1607 2558/2114/1609 1886/2115/1610
f 1886/2115/1610 2558/2116/1609 2342/2117/1611 1874/2118/1612
f 1874/2118/1612 2342/2117/1611 2810/2119/1613 1861/2120/1614
f 1861/2120/1614 2810/2119/1613 2570/2121/1615 1850/2122/1616
f 1850/2122/1616 2570/2121/1615 2330/2123/1617 1838/2124/1618
f 1838/2124/1618 2330/2123/1617 2798/2125/1619 1825/2126/1620
f 1825/2126/1620 2798/2127/1619 2582/2128/1621 1814/2129/1622
f 1814/2129/1622 2582/2128/1621 2318/2130/1623 1802/2131/1624
f 1802/2132/1624 2318/2130/1623 2786/2133/1625 1789/2134/1626
f 1789/2134/1626 2786/2135/1625 2594/2136/1627 1778/2137/1628
f 1778/2138/1628 2594/2136/1627 2306/2139/1629 1766/2140/1630
f 1766/2140/1630 2306/2139/1629 2774/2141/1631 1753/2142/1632
f 1753/2142/1632 2774/2143/1631 2606/2144/1633 1742/2145/1634
f 1742/2145/1634 2606/2146/1633 2294/2147/1635 1730/2148/1636
f 1730/2148/1636 2294/2147/1635 2762/2149/1637 1717/2150/1638
f 1717/2150/1638 2762/2151/1637 2618/2152/1639 1706/2153/1640
f 1706/2153/1640 2618/2154/1639 2282/2155/1641 1694/2156/1642
f 1694/2156/1642 2282/2157/1641 2750/2158/1643 1681/2159/1644
f 1681/2159/1644 2750/2158/1643 2630/2160/1645 1670/2161/1646
f 1670/2161/1646 2630/2160/1645 2270/2162/1647 1658/2163/1648
f 1658/2164/1648 2270/2165/1647 2738/2166/1649 1645/2167/1650
f 1645/2168/1650 2738/2169/1649 2642/2170/1651 1634/2171/1652
f 1634/2171/1652 2642/2172/1651 2258/2173/1653 1622/2174/1654
f 1622/2174/1654 2258/2175/1653 2726/2176/1655 1609/2177/1656
f 1609/2178/1656 2726/2179/1655 2654/2180/1657 1598/2181/1658
f 1598/2181/1658 2654/2182/1657 2246/2183/1659 1586/2184/1660
f 1586/2184/1660 2246/2183/1659 2714/2185/1661 1573/2186/1662
f 1573/2186/1662 2714/2185/1661 2666/2187/1663 1562/2188/1664
f 1562/2189/1664 2666/2190/1663 2234/2191/1665 1550/2192/1666
f 1550/2192/1666 2234/2191/1665 2702/2193/1667 1537/2194/1668
f 1537/2194/1668 2702/2193/1667 2678/2195/1669 1526/2196/1670
f 1526/2197/1670 2678/2195/1669 2222/2198/1671 1514/2199/1672
f 1501/2200/1673 2690/2201/1674 2929/2202/1675 2210/2203/1676
f 2185/2204/1677 2918/2205/1678 2461/2206/138 2174/168/137
f 2210/2203/1676 2929/2202/1675 2450/2207/1679 2198/2208/1680
f 2198/2209/1680 2450/2210/1679 2918/2211/1678 2185/2204/1677
f 1490/1377/905 2209/2212/1681 2197/2213/1682 781/1378/906
f 818/2007/1532 2161/2214/1683 2150/2215/1684 830/1996/1521
f 830/1996/1521 2150/2215/1684 2137/2216/1685 842/1985/1510
f 842/1985/1510 2137/2217/1685 2125/2218/1686 854/1974/1499
f 854/1974/1499 2125/2219/1686 2114/2220/1687 866/1962/1488
f 866/1962/1488 2114/2221/1687 2101/2222/1688 878/1963/1477
f 878/1950/1477 2101/2223/1688 2089/2224/1689 890/1951/1466
f 890/1939/1466 2089/2224/1689 2078/2225/1690 902/1928/1455
f 902/1928/1455 2078/2226/1690 2065/2227/1691 914/1917/1444
f 914/1917/1444 2065/2227/1691 2053/2228/1692 926/1906/1433
f 926/1906/1433 2053/2229/1692 2042/2230/1693 938/1895/1422
f 938/1895/1422 2042/2230/1693 2029/2231/1694 950/1884/1411
f 950/1884/1411 2029/2231/1694 2017/2232/1695 962/1873/1400
f 962/1873/1400 2017/2232/1695 2006/2233/1696 974/1862/1389
f 974/1862/1389 2006/2233/1696 1993/2234/1697 986/1851/1378
f 986/1851/1378 1993/2234/1697 1981/2235/1698 998/1840/1367
f 998/1840/1367 1981/2235/1698 1970/2236/1699 1010/1829/1356
f 1010/1829/1356 1970/2236/1699 1957/2237/1700 1022/1818/1345
f 1022/1818/1345 1957/2237/1700 1945/2238/1701 1034/1807/1334
f 1034/1807/1334 1945/2238/1701 1934/2239/1702 1046/1795/1323
f 1046/1795/1323 1934/2239/1702 1921/2240/1703 1058/1796/1312
f 1058/1784/1312 1921/2241/1703 1909/2242/1704 1070/1773/1301
f 1070/1773/1301 1909/2242/1704 1898/2243/1705 1082/1762/1290
f 1082/1762/1290 1898/2244/1705 1885/2245/1706 1094/1751/1279
f 1094/1751/1279 1885/2245/1706 1873/2246/1707 1106/1740/1268
f 1106/1740/1268 1873/2246/1707 1862/2247/1708 1118/1729/1257
f 1118/1729/1257 1862/2247/1708 1849/2248/1709 1130/1718/1246
f 1130/1718/1246 1849/2248/1709 1837/2249/1710 1142/1707/1235
f 1142/1707/1235 1837/2249/1710 1826/2250/1711 1154/1696/1224
f 1154/1696/1224 1826/2251/1711 1813/2252/1712 1166/1685/1213
f 1166/1685/1213 1813/2252/1712 1801/2253/1713 1178/1674/1202
f 1178/1674/1202 1801/2254/1713 1790/2255/1714 1190/1663/1191
f 1190/1663/1191 1790/2255/1714 1777/2256/1715 1202/1652/1180
f 1202/1652/1180 1777/2256/1715 1765/2257/1716 1214/1641/1169
f 1214/1641/1169 1765/2258/1716 1754/2259/1717 1226/1630/1158
f 1226/1630/1158 1754/2260/1717 1741/2261/1718 1238/1619/1147
f 1238/1619/1147 1741/2261/1718 1729/2262/1719 1250/1608/1136
f 1250/1608/1136 1729/2262/1719 1718/2263/1720 1262/1597/1125
f 1262/1597/1125 1718/2263/1720 1705/2264/1721 1274/1586/1114
f 1274/1586/1114 1705/2264/1721 1693/2265/1722 1286/1575/1103
f 1286/1575/1103 1693/2265/1722 1682/2266/1723 1298/1564/1092
f 1298/1564/1092 1682/2266/1723 1669/2267/1724 1310/1553/1081
f 1310/1553/1081 1669/2267/1724 1657/2268/1725 1322/1542/1070
f 1322/1542/1070 1657/2268/1725 1646/2269/1726 1334/1531/1059
f 1334/1531/1059 1646/2270/1726 1633/2271/1727 1346/1520/1048
f 1346/1520/1048 1633/2272/1727 1621/2273/1728 1358/1509/1037
f 1358/1509/1037 1621/2273/1728 1610/2274/1729 1370/1498/1026
f 1370/1498/1026 1610/2274/1729 1597/2275/1730 1382/1487/1015
f 1382/1487/1015 1597/2275/1730 1585/2276/1731 1394/1476/1004
f 1394/1476/1004 1585/2277/1731 1574/2278/1732 1406/1465/993
f 1406/1465/993 1574/2278/1732 1561/2279/1733 1418/1454/982
f 1418/1454/982 1561/2279/1733 1549/2280/1734 1430/1443/971
f 1430/1443/971 1549/2280/1734 1538/2281/1735 1442/1432/960
f 1442/1432/960 1538/2281/1735 1525/2282/1736 1454/1421/949
f 1454/1421/949 1525/2282/1736 1513/2283/1737 1466/1410/938
f 1478/1399/927 1502/2284/1738 2209/2212/1681 1490/1377/905
f 1466/1410/938 1513/2283/1737 1502/2284/1738 1478/1399/927
f 806/2018/1543 2173/2285/1739 2161/2214/1683 818/2007/1532
f 781/2040/906 2197/2286/1682 2186/2287/1740 794/2029/1554
f 794/2029/1554 2186/2287/1740 2173/2285/1739 806/2018/1543
f 2198/2209/1680 2185/2204/1677 2187/2288/1741 2208/2289/1742
f 2208/2289/1742 2187/2288/1741 2188/2290/1743 2207/2291/1744
f 2207/2291/1744 2188/2290/1743 2189/2292/1745 2206/2293/1746
f 2206/2293/1746 2189/2292/1745 2190/2294/1747 2205/2295/1748
f 2205/2295/1748 2190/2294/1747 2191/2296/1749 2204/2297/1750
f 2204/2297/1750 2191/2296/1749 2192/2298/1751 2203/2299/1752
f 2203/2299/1752 2192/2298/1751 2193/2300/1753 2202/2301/1754
f 2202/2301/1754 2193/2300/1753 2194/2302/1755 2201/2303/1756
f 2201/2303/1756 2194/2302/1755 2195/2304/1757 2200/2305/1758
f 2200/2305/1758 2195/2304/1757 2196/2306/1759 2199/2307/1760
f 2199/2307/1760 2196/2306/1759 2186/2287/1740 2197/2286/1682
f 1514/2199/1672 1501/2200/1673 1503/2308/1761 1524/2309/1762
f 1524/2309/1762 1503/2308/1761 1504/2310/1763 1523/2311/1764
f 1523/2311/1764 1504/2310/1763 1505/2312/1765 1522/2313/1766
f 1522/2313/1766 1505/2312/1765 1506/2314/1767 1521/2315/1768
f 1521/2315/1768 1506/2314/1767 1507/2316/1769 1520/2317/1770
f 1520/2317/1770 1507/2316/1769 1508/2318/1771 1519/2319/1772
f 1519/2319/1772 1508/2318/1771 1509/2320/1773 1518/2321/1774
f 1518/2321/1774 1509/2320/1773 1510/2322/1775 1517/2323/1776
f 1517/2323/1776 1510/2322/1775 1511/2324/1777 1516/2325/1778
f 1516/2325/1778 1511/2324/1777 1512/2326/1779 1515/2327/1780
f 1515/2327/1780 1512/2326/1779 1502/2284/1738 1513/2283/1737
f 1550/2192/1666 1537/2194/1668 1539/2328/1781 1560/2329/1782
f 1560/2329/1782 1539/2328/1781 1540/2330/1783 1559/2331/1784
f 1559/2331/1784 1540/2330/1783 1541/2332/1785 1558/2333/1786
f 1558/2333/1786 1541/2332/1785 1542/2334/1787 1557/2335/1788
f 1557/2335/1788 1542/2334/1787 1543/2336/1789 1556/2337/1790
f 1556/2337/1790 1543/2336/1789 1544/2338/1791 1555/2339/1792
f 1555/2339/1792 1544/2338/1791 1545/2340/1793 1554/2341/1794
f 1554/2341/1794 1545/2340/1793 1546/2342/1795 1553/2343/1796
f 1553/2343/1796 1546/2342/1795 1547/2344/1797 1552/2345/1798
f 1552/2345/1798 1547/2344/1797 1548/2346/1799 1551/2347/1800
f 1551/2347/1800 1548/2346/1799 1538/2281/1735 1549/2280/1734
f 1586/2184/1660 1573/2186/1662 1575/2348/1801 1596/2349/1802
f 1596/2349/1802 1575/2348/1801 1576/2350/1803 1595/2351/1804
f 1595/2351/1804 1576/2350/1803 1577/2352/1805 1594/2353/1806
f 1594/2353/1806 1577/2352/1805 1578/2354/1807 1593/2355/1808
f 1593/2355/1808 1578/2354/1807 1579/2356/1809 1592/2357/1810
f 1592/2357/1810 1579/2356/1809 1580/2358/1811 1591/2359/1812
f 1591/2359/1812 1580/2358/1811 1581/2360/1813 1590/2361/1814
f 1590/2361/1814 1581/2360/1813 1582/2362/1815 1589/2363/1816
f 1589/2363/1816 1582/2362/1815 1583/2364/1817 1588/2365/1818
f 1588/2365/1818 1583/2364/1817 1584/2366/1819 1587/2367/1820
f 1587/2367/1820 1584/2366/1819 1574/2278/1732 1585/2277/1731
f 1622/2174/1654 1609/2177/1656 1611/2368/1821 1632/2369/1822
f 1632/2369/1822 1611/2368/1821 1612/2370/1823 1631/2371/1824
f 1631/2371/1824 1612/2370/1823 1613/2372/1825 1630/2373/1826
f 1630/2373/1826 1613/2372/1825 1614/2374/1827 1629/2375/1828
f 1629/2375/1828 1614/2374/1827 1615/2376/1829 1628/2377/1830
f 1628/2377/1830 1615/2376/1829 1616/2378/1831 1627/2379/1832
f 1627/2379/1832 1616/2378/1831 1617/2380/1833 1626/2381/1834
f 1626/2381/1834 1617/2380/1833 1618/2382/1835 1625/2383/1836
f 1625/2383/1836 1618/2382/1835 1619/2384/1837 1624/2385/1838
f 1624/2385/1838 1619/2384/1837 1620/2386/1839 1623/2387/1840
f 1623/2387/1840 1620/2386/1839 1610/2274/1729 1621/2273/1728
f 1658/2164/1648 1645/2167/1650 1647/2388/1841 1668/2389/1842
f 1668/2389/1842 1647/2388/1841 1648/2390/1843 1667/2391/1844
f 1667/2391/1844 1648/2390/1843 1649/2392/1845 1666/2393/1846
f 1666/2393/1846 1649/2392/1845 1650/2394/1847 1665/2395/1848
f 1665/2395/1848 1650/2394/1847 1651/2396/1849 1664/2397/1850
f 1664/2397/1850 1651/2396/1849 1652/2398/1851 1663/2399/1852
f 1663/2399/1852 1652/2398/1851 1653/2400/1853 1662/2401/1854
f 1662/2401/1854 1653/2400/1853 1654/2402/1855 1661/2403/1856
f 1661/2403/1856 1654/2402/1855 1655/2404/1857 1660/2405/1858
f 1660/2405/1858 1655/2404/1857 1656/2406/1859 1659/2407/1860
f 1659/2407/1860 1656/2406/1859 1646/2269/1726 1657/2268/1725
f 1694/2156/1642 1681/2159/1644 1683/2408/1861 1704/2409/1862
f 1704/2409/1862 1683/2408/1861 1684/2410/1863 1703/2411/1864
f 1703/2411/1864 1684/2410/1863 1685/2412/1865 1702/2413/1866
f 1702/2413/1866 1685/2412/1865 1686/2414/1867 1701/2415/1868
f 1701/2415/1868 1686/2414/1867 1687/2416/1869 1700/2417/1870
f 1700/2417/1870 1687/2416/1869 1688/2418/1871 1699/2419/1872
f 1699/2419/1872 1688/2418/1871 1689/2420/1873 1698/2421/1874
f 1698/2421/1874 1689/2420/1873 1690/2422/1875 1697/2423/1876
f 1697/2423/1876 1690/2422/1875 1691/2424/1877 1696/2425/1878
f 1696/2425/1878 1691/2424/1877 1692/2426/1879 1695/2427/1880
f 1695/2427/1880 1692/2426/1879 1682/2266/1723 1693/2265/1722
f 1730/2148/1636 1717/2150/1638 1719/2428/1881 1740/2429/1882
f 1740/2429/1882 1719/2428/1881 1720/2430/1883 1739/2431/1884
f 1739/2431/1884 1720/2430/1883 1721/2432/1885 1738/2433/1886
f 1738/2433/1886 1721/2432/1885 1722/2434/1887 1737/2435/1888
f 1737/2435/1888 1722/2434/1887 1723/2436/1889 1736/2437/1890
f 1736/2437/1890 1723/2436/1889 1724/2438/1891 1735/2439/1892
f 1735/2439/1892 1724/2438/1891 1725/2440/1893 1734/2441/1894
f 1734/2441/1894 1725/2440/1893 1726/2442/1895 1733/2443/1896
f 1733/2443/1896 1726/2442/1895 1727/2444/1897 1732/2445/1898
f 1732/2445/1898 1727/2444/1897 1728/2446/1899 1731/2447/1900
f 1731/2447/1900 1728/2446/1899 1718/2263/1720 1729/2262/1719
f 1766/2140/1630 1753/2142/1632 1755/2448/1901 1776/2449/1902
f 1776/2449/1902 1755/2448/1901 1756/2450/1903 1775/2451/1904
f 1775/2451/1904 1756/2450/1903 1757/2452/1905 1774/2453/1906
f 1774/2453/1906 1757/2452/1905 1758/2454/1907 1773/2455/1908
f 1773/2455/1908 1758/2454/1907 1759/2456/1909 1772/2457/1910
f 1772/2457/1910 1759/2456/1909 1760/2458/1911 1771/2459/1912
f 1771/2459/1912 1760/2458/1911 1761/2460/1913 1770/2461/1914
f 1770/2461/1914 1761/2460/1913 1762/2462/1915 1769/2463/1916
f 1769/2463/1916 1762/2462/1915 1763/2464/1917 1768/2465/1918
f 1768/2465/1918 1763/2464/1917 1764/2466/1919 1767/2467/1920
f 1767/2467/1920 1764/2466/1919 1754/2259/1717 1765/2258/1716
f 1802/2132/1624 1789/2134/1626 1791/2468/1921 1812/2469/1922
f 1812/2469/1922 1791/2468/1921 1792/2470/1923 1811/2471/1924
f 1811/2471/1924 1792/2470/1923 1793/2472/1925 1810/2473/1926
f 1810/2473/1926 1793/2472/1925 1794/2474/1927 1809/2475/1928
f 1809/2475/1928 1794/2474/1927 1795/2476/1929 1808/2477/1930
f 1808/2477/1930 1795/2476/1929 1796/2478/1931 1807/2479/1932
f 1807/2479/1932 1796/2478/1931 1797/2480/1933 1806/2481/1934
f 1806/2481/1934 1797/2480/1933 1798/2482/1935 1805/2483/1936
f 1805/2483/1936 1798/2482/1935 1799/2484/1937 1804/2485/1938
f 1804/2485/1938 1799/2484/1937 1800/2486/1939 1803/2487/1940
f 1803/2487/1940 1800/2486/1939 1790/2255/1714 1801/2254/1713
f 1838/2124/1618 1825/2126/1620 1827/2488/1941 1848/2489/1942
f 1848/2489/1942 1827/2488/1941 1828/2490/1943 1847/2491/1944
f 1847/2491/1944 1828/2490/1943 1829/2492/1945 1846/2493/1946
f 1846/2493/1946 1829/2492/1945 1830/2494/1947 1845/2495/1948
f 1845/2495/1948 1830/2494/1947 1831/2496/1949 1844/2497/1950
f 1844/2497/1950 1831/2496/1949 1832/2498/1951 1843/2499/1952
f 1843/2499/1952 1832/2498/1951 1833/2500/1953 1842/2501/1954
f 1842/2501/1954 1833/2500/1953 1834/2502/1955 1841/2503/1956
f 1841/2503/1956 1834/2502/1955 1835/2504/1957 1840/2505/1958
f 1840/2505/1958 1835/2504/1957 1836/2506/1959 1839/2507/1960
f 1839/2507/1960 1836/2506/1959 1826/2250/1711 1837/2249/1710
f 1874/2118/1612 1861/2120/1614 1863/2508/1961 1884/2509/1962
f 1884/2509/1962 1863/2508/1961 1864/2510/1963 1883/2511/1964
f 1883/2511/1964 1864/2510/1963 1865/2512/1965 1882/2513/1966
f 1882/2513/1966 1865/2512/1965 1866/2514/1967 1881/2515/1968
f 1881/2515/1968 1866/2514/1967 1867/2516/1969 1880/2517/1970
f 1880/2517/1970 1867/2516/1969 1868/2518/1971 1879/2519/1972
f 1879/2519/1972 1868/2518/1971 1869/2520/1973 1878/2521/1974
f 1878/2521/1974 1869/2520/1973 1870/2522/1975 1877/2523/1976
f 1877/2523/1976 1870/2522/1975 1871/2524/1977 1876/2525/1978
f 1876/2525/1978 1871/2524/1977 1872/2526/1979 1875/2527/1980
f 1875/2527/1980 1872/2526/1979 1862/2247/1708 1873/2246/1707
f 1910/2109/1606 1897/2112/1608 1899/2528/1981 1920/2529/1982
f 1920/2529/1982 1899/2528/1981 1900/2530/1983 1919/2531/1984
f 1919/2531/1984 1900/2530/1983 1901/2532/1985 1918/2533/1986
f 1918/2533/1986 1901/2532/1985 1902/2534/1987 1917/2535/1988
f 1917/2535/1988 1902/2534/1987 1903/2536/1989 1916/2537/1990
f 1916/2537/1990 1903/2536/1989 1904/2538/1991 1915/2539/1992
f 1915/2539/1992 1904/2538/1991 1905/2540/1993 1914/2541/1994
f 1914/2541/1994 1905/2540/1993 1906/2542/1995 1913/2543/1996
f 1913/2543/1996 1906/2542/1995 1907/2544/1997 1912/2545/1998
f 1912/2545/1998 1907/2544/1997 1908/2546/1999 1911/2547/2000
f 1911/2547/2000 1908/2546/1999 1898/2243/1705 1909/2242/1704
f 1946/2103/1600 1933/2105/1602 1935/2548/2001 1956/2549/2002
f 1956/2549/2002 1935/2548/2001 1936/2550/2003 1955/2551/2004
f 1955/2551/2004 1936/2550/2003 1937/2552/2005 1954/2553/2006
f 1954/2553/2006 1937/2552/2005 1938/2554/2007 1953/2555/2008
f 1953/2555/2008 1938/2554/2007 1939/2556/2009 1952/2557/2010
f 1952/2557/2010 1939/2556/2009 1940/2558/2011 1951/2559/2012
f 1951/2559/2012 1940/2558/2011 1941/2560/2013 1950/2561/2014
f 1950/2561/2014 1941/2560/2013 1942/2562/2015 1949/2563/2016
f 1949/2563/2016 1942/2562/2015 1943/2564/2017 1948/2565/2018
f 1948/2565/2018 1943/2564/2017 1944/2566/2019 1947/2567/2020
f 1947/2567/2020 1944/2566/2019 1934/2239/1702 1945/2238/1701
f 1982/2095/1594 1969/2098/1596 1971/2568/2021 1992/2569/2022
f 1992/2569/2022 1971/2568/2021 1972/2570/2023 1991/2571/2024
f 1991/2571/2024 1972/2570/2023 1973/2572/2025 1990/2573/2026
f 1990/2573/2026 1973/2572/2025 1974/2574/2027 1989/2575/2028
f 1989/2575/2028 1974/2574/2027 1975/2576/2029 1988/2577/2030
f 1988/2577/2030 1975/2576/2029 1976/2578/2031 1987/2579/2032
f 1987/2579/2032 1976/2578/2031 1977/2580/2033 1986/2581/2034
f 1986/2581/2034 1977/2580/2033 1978/2582/2035 1985/2583/2036
f 1985/2583/2036 1978/2582/2035 1979/2584/2037 1984/2585/2038
f 1984/2585/2038 1979/2584/2037 1980/2586/2039 1983/2587/2040
f 1983/2587/2040 1980/2586/2039 1970/2236/1699 1981/2235/1698
f 2018/2086/1588 2005/2089/1590 2007/2588/2041 2028/2589/2042
f 2028/2589/2042 2007/2588/2041 2008/2590/2043 2027/2591/2044
f 2027/2591/2044 2008/2590/2043 2009/2592/2045 2026/2593/2046
f 2026/2593/2046 2009/2592/2045 2010/2594/2047 2025/2595/2048
f 2025/2595/2048 2010/2594/2047 2011/2596/2049 2024/2597/2050
f 2024/2597/2050 2011/2596/2049 2012/2598/2051 2023/2599/2052
f 2023/2599/2052 2012/2598/2051 2013/2600/2053 2022/2601/2054
f 2022/2601/2054 2013/2600/2053 2014/2602/2055 2021/2603/2056
f 2021/2603/2056 2014/2602/2055 2015/2604/2057 2020/2605/2058
f 2020/2605/2058 2015/2604/2057 2016/2606/2059 2019/2607/2060
f 2019/2607/2060 2016/2606/2059 2006/2233/1696 2017/2232/1695
f 2054/2077/1582 2041/2080/1584 2043/2608/2061 2064/2609/2062
f 2064/2609/2062 2043/2608/2061 2044/2610/2063 2063/2611/2064
f 2063/2611/2064 2044/2610/2063 2045/2612/2065 2062/2613/2066
f 2062/2613/2066 2045/2612/2065 2046/2614/2067 2061/2615/2068
f 2061/2615/2068 2046/2614/2067 2047/2616/2069 2060/2617/2070
f 2060/2617/2070 2047/2616/2069 2048/2618/2071 2059/2619/2072
f 2059/2619/2072 2048/2618/2071 2049/2620/2073 2058/2621/2074
f 2058/2621/2074 2049/2620/2073 2050/2622/2075 2057/2623/2076
f 2057/2623/2076 2050/2622/2075 2051/2624/2077 2056/2625/2078
f 2056/2625/2078 2051/2624/2077 2052/2626/2079 2055/2627/2080
f 2055/2627/2080 2052/2626/2079 2042/2230/1693 2053/2229/1692
f 2090/2069/1576 2077/2071/1578 2079/2628/2081 2100/2629/2082
f 2100/2629/2082 2079/2628/2081 2080/2630/2083 2099/2631/2084
f 2099/2631/2084 2080/2630/2083 2081/2632/2085 2098/2633/2086
f 2098/2633/2086 2081/2632/2085 2082/2634/2087 2097/2635/2088
f 2097/2635/2088 2082/2634/2087 2083/2636/2089 2096/2637/2090
f 2096/2637/2090 2083/2636/2089 2084/2638/2091 2095/2639/2092
f 2095/2639/2092 2084/2638/2091 2085/2640/2093 2094/2641/2094
f 2094/2641/2094 2085/2640/2093 2086/2642/2095 2093/2643/2096
f 2093/2643/2096 2086/2642/2095 2087/2644/2097 2092/2645/2098
f 2092/2645/2098 2087/2644/2097 2088/2646/2099 2091/2647/2100
f 2091/2647/2100 2088/2646/2099 2078/2225/1690 2089/2224/1689
f 2126/2061/1570 2113/2063/1572 2115/2648/2101 2136/2649/2102
f 2136/2649/2102 2115/2648/2101 2116/2650/2103 2135/2651/2104
f 2135/2651/2104 2116/2650/2103 2117/2652/2105 2134/2653/2106
f 2134/2653/2106 2117/2652/2105 2118/2654/2107 2133/2655/2108
f 2133/2655/2108 2118/2654/2107 2119/2656/2109 2132/2657/2110
f 2132/2657/2110 2119/2656/2109 2120/2658/2111 2131/2659/2112
f 2131/2659/2112 2120/2658/2111 2121/2660/2113 2130/2661/2114
f 2130/2661/2114 2121/2660/2113 2122/2662/2115 2129/2663/2116
f 2129/2663/2116 2122/2662/2115 2123/2664/2117 2128/2665/2118
f 2128/2665/2118 2123/2664/2117 2124/2666/2119 2127/2667/2120
f 2127/2667/2120 2124/2666/2119 2114/2220/1687 2125/2219/1686
f 2162/171/140 2149/2055/1566 2151/2668/2121 2172/2669/2122
f 2172/2669/2122 2151/2668/2121 2152/2670/2123 2171/2671/2124
f 2171/2671/2124 2152/2670/2123 2153/2672/2125 2170/2673/2126
f 2170/2673/2126 2153/2672/2125 2154/2674/2127 2169/2675/2128
f 2169/2675/2128 2154/2674/2127 2155/2676/2129 2168/2677/2130
f 2168/2677/2130 2155/2676/2129 2156/2678/2131 2167/2679/2132
f 2167/2679/2132 2156/2678/2131 2157/2680/2133 2166/2681/2134
f 2166/2681/2134 2157/2680/2133 2158/2682/2135 2165/2683/2136
f 2165/2683/2136 2158/2682/2135 2159/2684/2137 2164/2685/2138
f 2164/2685/2138 2159/2684/2137 2160/2686/2139 2163/2687/2140
f 2163/2687/2140 2160/2686/2139 2150/2215/1684 2161/2214/1683
f 2210/2203/1676 2198/2208/1680 2208/2688/1742 2220/2689/2141
f 2220/2689/2141 2208/2688/1742 2207/2690/1744 2219/2691/2142
f 2219/2691/2142 2207/2690/1744 2206/2692/1746 2218/2693/2143
f 2218/2693/2143 2206/2692/1746 2205/2694/1748 2217/2695/2144
f 2217/2695/2144 2205/2694/1748 2204/2696/1750 2216/2697/2145
f 2216/2697/2145 2204/2696/1750 2203/2698/1752 2215/2699/2146
f 2215/2699/2146 2203/2698/1752 2202/2700/1754 2214/2701/2147
f 2214/2701/2147 2202/2700/1754 2201/2702/1756 2213/2703/2148
f 2213/2703/2148 2201/2702/1756 2200/2704/1758 2212/2705/2149
f 2212/2705/2149 2200/2704/1758 2199/2706/1760 2211/2707/2150
f 2211/2707/2150 2199/2706/1760 2197/2213/1682 2209/2212/1681
f 2138/2058/1568 2126/2060/1570 2136/2649/2102 2148/2708/2151
f 2148/2708/2151 2136/2649/2102 2135/2651/2104 2147/2709/2152
f 2147/2709/2152 2135/2651/2104 2134/2653/2106 2146/2710/2153
f 2146/2710/2153 2134/2653/2106 2133/2655/2108 2145/2711/2154
f 2145/2711/2154 2133/2655/2108 2132/2657/2110 2144/2712/2155
f 2144/2712/2155 2132/2657/2110 2131/2659/2112 2143/2713/2156
f 2143/2713/2156 2131/2659/2112 2130/2661/2114 2142/2714/2157
f 2142/2714/2157 2130/2661/2114 2129/2663/2116 2141/2715/2158
f 2141/2715/2158 2129/2663/2116 2128/2665/2118 2140/2716/2159
f 2140/2716/2159 2128/2665/2118 2127/2667/2120 2139/2717/2160
f 2139/2717/2160 2127/2667/2120 2125/2218/1686 2137/2217/1685
f 2102/2066/1574 2090/2069/1576 2100/2629/2082 2112/2718/2161
f 2112/2718/2161 2100/2629/2082 2099/2631/2084 2111/2719/2162
f 2111/2719/2162 2099/2631/2084 2098/2633/2086 2110/2720/2163
f 2110/2720/2163 2098/2633/2086 2097/2635/2088 2109/2721/2164
f 2109/2721/2164 2097/2635/2088 2096/2637/2090 2108/2722/2165
f 2108/2722/2165 2096/2637/2090 2095/2639/2092 2107/2723/2166
f 2107/2723/2166 2095/2639/2092 2094/2641/2094 2106/2724/2167
f 2106/2724/2167 2094/2641/2094 2093/2643/2096 2105/2725/2168
f 2105/2725/2168 2093/2643/2096 2092/2645/2098 2104/2726/2169
f 2104/2726/2169 2092/2645/2098 2091/2647/2100 2103/2727/2170
f 2103/2727/2170 2091/2647/2100 2089/2224/1689 2101/2223/1688
f 2066/2074/1580 2054/2077/1582 2064/2609/2062 2076/2728/2171
f 2076/2728/2171 2064/2609/2062 2063/2611/2064 2075/2729/2172
f 2075/2729/2172 2063/2611/2064 2062/2613/2066 2074/2730/2173
f 2074/2730/2173 2062/2613/2066 2061/2615/2068 2073/2731/2174
f 2073/2731/2174 2061/2615/2068 2060/2617/2070 2072/2732/2175
f 2072/2732/2175 2060/2617/2070 2059/2619/2072 2071/2733/2176
f 2071/2733/2176 2059/2619/2072 2058/2621/2074 2070/2734/2177
f 2070/2734/2177 2058/2621/2074 2057/2623/2076 2069/2735/2178
f 2069/2735/2178 2057/2623/2076 2056/2625/2078 2068/2736/2179
f 2068/2736/2179 2056/2625/2078 2055/2627/2080 2067/2737/2180
f 2067/2737/2180 2055/2627/2080 2053/2228/1692 2065/2227/1691
f 2030/2083/1586 2018/2086/1588 2028/2589/2042 2040/2738/2181
f 2040/2738/2181 2028/2589/2042 2027/2591/2044 2039/2739/2182
f 2039/2739/2182 2027/2591/2044 2026/2593/2046 2038/2740/2183
f 2038/2740/2183 2026/2593/2046 2025/2595/2048 2037/2741/2184
f 2037/2741/2184 2025/2595/2048 2024/2597/2050 2036/2742/2185
f 2036/2742/2185 2024/2597/2050 2023/2599/2052 2035/2743/2186
f 2035/2743/2186 2023/2599/2052 2022/2601/2054 2034/2744/2187
f 2034/2744/2187 2022/2601/2054 2021/2603/2056 2033/2745/2188
f 2033/2745/2188 2021/2603/2056 2020/2605/2058 2032/2746/2189
f 2032/2746/2189 2020/2605/2058 2019/2607/2060 2031/2747/2190
f 2031/2747/2190 2019/2607/2060 2017/2232/1695 2029/2231/1694
f 1994/2092/1592 1982/2095/1594 1992/2569/2022 2004/2748/2191
f 2004/2748/2191 1992/2569/2022 1991/2571/2024 2003/2749/2192
f 2003/2749/2192 1991/2571/2024 1990/2573/2026 2002/2750/2193
f 2002/2750/2193 1990/2573/2026 1989/2575/2028 2001/2751/2194
f 2001/2751/2194 1989/2575/2028 1988/2577/2030 2000/2752/2195
f 2000/2752/2195 1988/2577/2030 1987/2579/2032 1999/2753/2196
f 1999/2753/2196 1987/2579/2032 1986/2581/2034 1998/2754/2197
f 1998/2754/2197 1986/2581/2034 1985/2583/2036 1997/2755/2198
f 1997/2755/2198 1985/2583/2036 1984/2585/2038 1996/2756/2199
f 1996/2756/2199 1984/2585/2038 1983/2587/2040 1995/2757/2200
f 1995/2757/2200 1983/2587/2040 1981/2235/1698 1993/2234/1697
f 1958/2100/1598 1946/2103/1600 1956/2549/2002 1968/2758/2201
f 1968/2758/2201 1956/2549/2002 1955/2551/2004 1967/2759/2202
f 1967/2759/2202 1955/2551/2004 1954/2553/2006 1966/2760/2203
f 1966/2760/2203 1954/2553/2006 1953/2555/2008 1965/2761/2204
f 1965/2761/2204 1953/2555/2008 1952/2557/2010 1964/2762/2205
f 1964/2762/2205 1952/2557/2010 1951/2559/2012 1963/2763/2206
f 1963/2763/2206 1951/2559/2012 1950/2561/2014 1962/2764/2207
f 1962/2764/2207 1950/2561/2014 1949/2563/2016 1961/2765/2208
f 1961/2765/2208 1949/2563/2016 1948/2565/2018 1960/2766/2209
f 1960/2766/2209 1948/2565/2018 1947/2567/2020 1959/2767/2210
f 1959/2767/2210 1947/2567/2020 1945/2238/1701 1957/2237/1700
f 1922/2107/1604 1910/2109/1606 1920/2529/1982 1932/2768/2211
f 1932/2768/2211 1920/2529/1982 1919/2531/1984 1931/2769/2212
f 1931/2769/2212 1919/2531/1984 1918/2533/1986 1930/2770/2213
f 1930/2770/2213 1918/2533/1986 1917/2535/1988 1929/2771/2214
f 1929/2771/2214 1917/2535/1988 1916/2537/1990 1928/2772/2215
f 1928/2772/2215 1916/2537/1990 1915/2539/1992 1927/2773/2216
f 1927/2773/2216 1915/2539/1992 1914/2541/1994 1926/2774/2217
f 1926/2774/2217 1914/2541/1994 1913/2543/1996 1925/2775/2218
f 1925/2775/2218 1913/2543/1996 1912/2545/1998 1924/2776/2219
f 1924/2776/2219 1912/2545/1998 1911/2547/2000 1923/2777/2220
f 1923/2777/2220 1911/2547/2000 1909/2242/1704 1921/2241/1703
f 1886/2115/1610 1874/2118/1612 1884/2509/1962 1896/2778/2221
f 1896/2778/2221 1884/2509/1962 1883/2511/1964 1895/2779/2222
f 1895/2779/2222 1883/2511/1964 1882/2513/1966 1894/2780/2223
f 1894/2780/2223 1882/2513/1966 1881/2515/1968 1893/2781/2224
f 1893/2781/2224 1881/2515/1968 1880/2517/1970 1892/2782/2225
f 1892/2782/2225 1880/2517/1970 1879/2519/1972 1891/2783/2226
f 1891/2783/2226 1879/2519/1972 1878/2521/1974 1890/2784/2227
f 1890/2784/2227 1878/2521/1974 1877/2523/1976 1889/2785/2228
f 1889/2785/2228 1877/2523/1976 1876/2525/1978 1888/2786/2229
f 1888/2786/2229 1876/2525/1978 1875/2527/1980 1887/2787/2230
f 1887/2787/2230 1875/2527/1980 1873/2246/1707 1885/2245/1706
f 1850/2122/1616 1838/2124/1618 1848/2489/1942 1860/2788/2231
f 1860/2788/2231 1848/2489/1942 1847/2491/1944 1859/2789/2232
f 1859/2789/2232 1847/2491/1944 1846/2493/1946 1858/2790/2233
f 1858/2790/2233 1846/2493/1946 1845/2495/1948 1857/2791/2234
f 1857/2791/2234 1845/2495/1948 1844/2497/1950 1856/2792/2235
f 1856/2792/2235 1844/2497/1950 1843/2499/1952 1855/2793/2236
f 1855/2793/2236 1843/2499/1952 1842/2501/1954 1854/2794/2237
f 1854/2794/2237 1842/2501/1954 1841/2503/1956 1853/2795/2238
f 1853/2795/2238 1841/2503/1956 1840/2505/1958 1852/2796/2239
f 1852/2796/2239 1840/2505/1958 1839/2507/1960 1851/2797/2240
f 1851/2797/2240 1839/2507/1960 1837/2249/1710 1849/2248/1709
f 1814/2129/1622 1802/2131/1624 1812/2469/1922 1824/2798/2241
f 1824/2798/2241 1812/2469/1922 1811/2471/1924 1823/2799/2242
f 1823/2799/2242 1811/2471/1924 1810/2473/1926 1822/2800/2243
f 1822/2800/2243 1810/2473/1926 1809/2475/1928 1821/2801/2244
f 1821/2801/2244 1809/2475/1928 1808/2477/1930 1820/2802/2245
f 1820/2802/2245 1808/2477/1930 1807/2479/1932 1819/2803/2246
f 1819/2803/2246 1807/2479/1932 1806/2481/1934 1818/2804/2247
f 1818/2804/2247 1806/2481/1934 1805/2483/1936 1817/2805/2248
f 1817/2805/2248 1805/2483/1936 1804/2485/1938 1816/2806/2249
f 1816/2806/2249 1804/2485/1938 1803/2487/1940 1815/2807/2250
f 1815/2807/2250 1803/2487/1940 1801/2253/1713 1813/2252/1712
f 1778/2138/1628 1766/2140/1630 1776/2449/1902 1788/2808/2251
f 1788/2808/2251 1776/2449/1902 1775/2451/1904 1787/2809/2252
f 1787/2809/2252 1775/2451/1904 1774/2453/1906 1786/2810/2253
f 1786/2810/2253 1774/2453/1906 1773/2455/1908 1785/2811/2254
f 1785/2811/2254 1773/2455/1908 1772/2457/1910 1784/2812/2255
f 1784/2812/2255 1772/2457/1910 1771/2459/1912 1783/2813/2256
f 1783/2813/2256 1771/2459/1912 1770/2461/1914 1782/2814/2257
f 1782/2814/2257 1770/2461/1914 1769/2463/1916 1781/2815/2258
f 1781/2815/2258 1769/2463/1916 1768/2465/1918 1780/2816/2259
f 1780/2816/2259 1768/2465/1918 1767/2467/1920 1779/2817/2260
f 1779/2817/2260 1767/2467/1920 1765/2257/1716 1777/2256/1715
f 1742/2145/1634 1730/2148/1636 1740/2429/1882 1752/2818/2261
f 1752/2818/2261 1740/2429/1882 1739/2431/1884 1751/2819/2262
f 1751/2819/2262 1739/2431/1884 1738/2433/1886 1750/2820/2263
f 1750/2820/2263 1738/2433/1886 1737/2435/1888 1749/2821/2264
f 1749/2821/2264 1737/2435/1888 1736/2437/1890 1748/2822/2265
f 1748/2822/2265 1736/2437/1890 1735/2439/1892 1747/2823/2266
f 1747/2823/2266 1735/2439/1892 1734/2441/1894 1746/2824/2267
f 1746/2824/2267 1734/2441/1894 1733/2443/1896 1745/2825/2268
f 1745/2825/2268 1733/2443/1896 1732/2445/1898 1744/2826/2269
f 1744/2826/2269 1732/2445/1898 1731/2447/1900 1743/2827/2270
f 1743/2827/2270 1731/2447/1900 1729/2262/1719 1741/2261/1718
f 1706/2153/1640 1694/2156/1642 1704/2409/1862 1716/2828/2271
f 1716/2828/2271 1704/2409/1862 1703/2411/1864 1715/2829/2272
f 1715/2829/2272 1703/2411/1864 1702/2413/1866 1714/2830/2273
f 1714/2830/2273 1702/2413/1866 1701/2415/1868 1713/2831/2274
f 1713/2831/2274 1701/2415/1868 1700/2417/1870 1712/2832/2275
f 1712/2832/2275 1700/2417/1870 1699/2419/1872 1711/2833/2276
f 1711/2833/2276 1699/2419/1872 1698/2421/1874 1710/2834/2277
f 1710/2834/2277 1698/2421/1874 1697/2423/1876 1709/2835/2278
f 1709/2835/2278 1697/2423/1876 1696/2425/1878 1708/2836/2279
f 1708/2836/2279 1696/2425/1878 1695/2427/1880 1707/2837/2280
f 1707/2837/2280 1695/2427/1880 1693/2265/1722 1705/2264/1721
f 1670/2161/1646 1658/2163/1648 1668/2389/1842 1680/2838/2281
f 1680/2838/2281 1668/2389/1842 1667/2391/1844 1679/2839/2282
f 1679/2839/2282 1667/2391/1844 1666/2393/1846 1678/2840/2283
f 1678/2840/2283 1666/2393/1846 1665/2395/1848 1677/2841/2284
f 1677/2841/2284 1665/2395/1848 1664/2397/1850 1676/2842/2285
f 1676/2842/2285 1664/2397/1850 1663/2399/1852 1675/2843/2286
f 1675/2843/2286 1663/2399/1852 1662/2401/1854 1674/2844/2287
f 1674/2844/2287 1662/2401/1854 1661/2403/1856 1673/2845/2288
f 1673/2845/2288 1661/2403/1856 1660/2405/1858 1672/2846/2289
f 1672/2846/2289 1660/2405/1858 1659/2407/1860 1671/2847/2290
f 1671/2847/2290 1659/2407/1860 1657/2268/1725 1669/2267/1724
f 1634/2171/1652 1622/2174/1654 1632/2369/1822 1644/2848/2291
f 1644/2848/2291 1632/2369/1822 1631/2371/1824 1643/2849/2292
f 1643/2849/2292 1631/2371/1824 1630/2373/1826 1642/2850/2293
f 1642/2850/2293 1630/2373/1826 1629/2375/1828 1641/2851/2294
f 1641/2851/2294 1629/2375/1828 1628/2377/1830 1640/2852/2295
f 1640/2852/2295 1628/2377/1830 1627/2379/1832 1639/2853/2296
f 1639/2853/2296 1627/2379/1832 1626/2381/1834 1638/2854/2297
f 1638/2854/2297 1626/2381/1834 1625/2383/1836 1637/2855/2298
f 1637/2855/2298 1625/2383/1836 1624/2385/1838 1636/2856/2299
f 1636/2856/2299 1624/2385/1838 1623/2387/1840 1635/2857/2300
f 1635/2857/2300 1623/2387/1840 1621/2273/1728 1633/2272/1727
f 1598/2181/1658 1586/2184/1660 1596/2349/1802 1608/2858/2301
f 1608/2858/2301 1596/2349/1802 1595/2351/1804 1607/2859/2302
f 1607/2859/2302 1595/2351/1804 1594/2353/1806 1606/2860/2303
f 1606/2860/2303 1594/2353/1806 1593/2355/1808 1605/2861/2304
f 1605/2861/2304 1593/2355/1808 1592/2357/1810 1604/2862/2305
f 1604/2862/2305 1592/2357/1810 1591/2359/1812 1603/2863/2306
f 1603/2863/2306 1591/2359/1812 1590/2361/1814 1602/2864/2307
f 1602/2864/2307 1590/2361/1814 1589/2363/1816 1601/2865/2308
f 1601/2865/2308 1589/2363/1816 1588/2365/1818 1600/2866/2309
f 1600/2866/2309 1588/2365/1818 1587/2367/1820 1599/2867/2310
f 1599/2867/2310 1587/2367/1820 1585/2276/1731 1597/2275/1730
f 1562/2189/1664 1550/2192/1666 1560/2329/1782 1572/2868/2311
f 1572/2868/2311 1560/2329/1782 1559/2331/1784 1571/2869/2312
f 1571/2869/2312 1559/2331/1784 1558/2333/1786 1570/2870/2313
f 1570/2870/2313 1558/2333/1786 1557/2335/1788 1569/2871/2314
f 1569/2871/2314 1557/2335/1788 1556/2337/1790 1568/2872/2315
f 1568/2872/2315 1556/2337/1790 1555/2339/1792 1567/2873/2316
f 1567/2873/2316 1555/2339/1792 1554/2341/1794 1566/2874/2317
f 1566/2874/2317 1554/2341/1794 1553/2343/1796 1565/2875/2318
f 1565/2875/2318 1553/2343/1796 1552/2345/1798 1564/2876/2319
f 1564/2876/2319 1552/2345/1798 1551/2347/1800 1563/2877/2320
f 1563/2877/2320 1551/2347/1800 1549/2280/1734 1561/2279/1733
f 1526/2197/1670 1514/2199/1672 1524/2309/1762 1536/2878/2321
f 1536/2878/2321 1524/2309/1762 1523/2311/1764 1535/2879/2322
f 1535/2879/2322 1523/2311/1764 1522/2313/1766 1534/2880/2323
f 1534/2880/2323 1522/2313/1766 1521/2315/1768 1533/2881/2324
f 1533/2881/2324 1521/2315/1768 1520/2317/1770 1532/2882/2325
f 1532/2882/2325 1520/2317/1770 1519/2319/1772 1531/2883/2326
f 1531/2883/2326 1519/2319/1772 1518/2321/1774 1530/2884/2327
f 1530/2884/2327 1518/2321/1774 1517/2323/1776 1529/2885/2328
f 1529/2885/2328 1517/2323/1776 1516/2325/1778 1528/2886/2329
f 1528/2886/2329 1516/2325/1778 1515/2327/1780 1527/2887/2330
f 1527/2887/2330 1515/2327/1780 1513/2283/1737 1525/2282/1736
f 2174/168/137 2162/171/140 2172/2669/2122 2184/2888/2331
f 2184/2888/2331 2172/2669/2122 2171/2671/2124 2183/2889/2332
f 2183/2889/2332 2171/2671/2124 2170/2673/2126 2182/2890/2333
f 2182/2890/2333 2170/2673/2126 2169/2675/2128 2181/2891/2334
f 2181/2891/2334 2169/2675/2128 2168/2677/2130 2180/2892/2335
f 2180/2892/2335 2168/2677/2130 2167/2679/2132 2179/2893/2336
f 2179/2893/2336 2167/2679/2132 2166/2681/2134 2178/2894/2337
f 2178/2894/2337 2166/2681/2134 2165/2683/2136 2177/2895/2338
f 2177/2895/2338 2165/2683/2136 2164/2685/2138 2176/2896/2339
f 2176/2896/2339 2164/2685/2138 2163/2687/2140 2175/2897/2340
f 2175/2897/2340 2163/2687/2140 2161/2214/1683 2173/2285/1739
f 2185/2204/1677 2174/168/137 2184/2888/2331 2187/2288/1741
f 2187/2288/1741 2184/2888/2331 2183/2889/2332 2188/2290/1743
f 2188/2290/1743 2183/2889/2332 2182/2890/2333 2189/2292/1745
f 2189/2292/1745 2182/2890/2333 2181/2891/2334 2190/2294/1747
f 2190/2294/1747 2181/2891/2334 2180/2892/2335 2191/2296/1749
f 2191/2296/1749 2180/2892/2335 2179/2893/2336 2192/2298/1751
f 2192/2298/1751 2179/2893/2336 2178/2894/2337 2193/2300/1753
f 2193/2300/1753 2178/2894/2337 2177/2895/2338 2194/2302/1755
f 2194/2302/1755 2177/2895/2338 2176/2896/2339 2195/2304/1757
f 2195/2304/1757 2176/2896/2339 2175/2897/2340 2196/2306/1759
f 2196/2306/1759 2175/2897/2340 2173/2285/1739 2186/2287/1740
f 1501/2200/1673 2210/2203/1676 2220/2689/2141 1503/2308/1761
f 1503/2308/1761 2220/2689/2141 2219/2691/2142 1504/2310/1763
f 1504/2310/1763 2219/2691/2142 2218/2693/2143 1505/2312/1765
f 1505/2312/1765 2218/2693/2143 2217/2695/2144 1506/2314/1767
f 1506/2314/1767 2217/2695/2144 2216/2697/2145 1507/2316/1769
f 1507/2316/1769 2216/2697/2145 2215/2699/2146 1508/2318/1771
f 1508/2318/1771 2215/2699/2146 2214/2701/2147 1509/2320/1773
f 1509/2320/1773 2214/2701/2147 2213/2703/2148 1510/2322/1775
f 1510/2322/1775 2213/2703/2148 2212/2705/2149 1511/2324/1777
f 1511/2324/1777 2212/2705/2149 2211/2707/2150 1512/2326/1779
f 1512/2326/1779 2211/2707/2150 2209/2212/1681 1502/2284/1738
f 1537/2194/1668 1526/2196/1670 1536/2878/2321 1539/2328/1781
f 1539/2328/1781 1536/2878/2321 1535/2879/2322 1540/2330/1783
f 1540/2330/1783 1535/2879/2322 1534/2880/2323 1541/2332/1785
f 1541/2332/1785 1534/2880/2323 1533/2881/2324 1542/2334/1787
f 1542/2334/1787 1533/2881/2324 1532/2882/2325 1543/2336/1789
f 1543/2336/1789 1532/2882/2325 1531/2883/2326 1544/2338/1791
f 1544/2338/1791 1531/2883/2326 1530/2884/2327 1545/2340/1793
f 1545/2340/1793 1530/2884/2327 1529/2885/2328 1546/2342/1795
f 1546/2342/1795 1529/2885/2328 1528/2886/2329 1547/2344/1797
f 1547/2344/1797 1528/2886/2329 1527/2887/2330 1548/2346/1799
f 1548/2346/1799 1527/2887/2330 1525/2282/1736 1538/2281/1735
f 1573/2186/1662 1562/2188/1664 1572/2868/2311 1575/2348/1801
f 1575/2348/1801 1572/2868/2311 1571/2869/2312 1576/2350/1803
f 1576/2350/1803 1571/2869/2312 1570/2870/2313 1577/2352/1805
f 1577/2352/1805 1570/2870/2313 1569/2871/2314 1578/2354/1807
f 1578/2354/1807 1569/2871/2314 1568/2872/2315 1579/2356/1809
f 1579/2356/1809 1568/2872/2315 1567/2873/2316 1580/2358/1811
f 1580/2358/1811 1567/2873/2316 1566/2874/2317 1581/2360/1813
f 1581/2360/1813 1566/2874/2317 1565/2875/2318 1582/2362/1815
f 1582/2362/1815 1565/2875/2318 1564/2876/2319 1583/2364/1817
f 1583/2364/1817 1564/2876/2319 1563/2877/2320 1584/2366/1819
f 1584/2366/1819 1563/2877/2320 1561/2279/1733 1574/2278/1732
f 1609/2178/1656 1598/2181/1658 1608/2858/2301 1611/2368/1821
f 1611/2368/1821 1608/2858/2301 1607/2859/2302 1612/2370/1823
f 1612/2370/1823 1607/2859/2302 1606/2860/2303 1613/2372/1825
f 1613/2372/1825 1606/2860/2303 1605/2861/2304 1614/2374/1827
f 1614/2374/1827 1605/2861/2304 1604/2862/2305 1615/2376/1829
f 1615/2376/1829 1604/2862/2305 1603/2863/2306 1616/2378/1831
f 1616/2378/1831 1603/2863/2306 1602/2864/2307 1617/2380/1833
f 1617/2380/1833 1602/2864/2307 1601/2865/2308 1618/2382/1835
f 1618/2382/1835 1601/2865/2308 1600/2866/2309 1619/2384/1837
f 1619/2384/1837 1600/2866/2309 1599/2867/2310 1620/2386/1839
f 1620/2386/1839 1599/2867/2310 1597/2275/1730 1610/2274/1729
f 1645/2168/1650 1634/2171/1652 1644/2848/2291 1647/2388/1841
f 1647/2388/1841 1644/2848/2291 1643/2849/2292 1648/2390/1843
f 1648/2390/1843 1643/2849/2292 1642/2850/2293 1649/2392/1845
f 1649/2392/1845 1642/2850/2293 1641/2851/2294 1650/2394/1847
f 1650/2394/1847 1641/2851/2294 1640/2852/2295 1651/2396/1849
f 1651/2396/1849 1640/2852/2295 1639/2853/2296 1652/2398/1851
f 1652/2398/1851 1639/2853/2296 1638/2854/2297 1653/2400/1853
f 1653/2400/1853 1638/2854/2297 1637/2855/2298 1654/2402/1855
f 1654/2402/1855 1637/2855/2298 1636/2856/2299 1655/2404/1857
f 1655/2404/1857 1636/2856/2299 1635/2857/2300 1656/2406/1859
f 1656/2406/1859 1635/2857/2300 1633/2271/1727 1646/2270/1726
f 1681/2159/1644 1670/2161/1646 1680/2838/2281 1683/2408/1861
f 1683/2408/1861 1680/2838/2281 1679/2839/2282 1684/2410/1863
f 1684/2410/1863 1679/2839/2282 1678/2840/2283 1685/2412/1865
f 1685/2412/1865 1678/2840/2283 1677/2841/2284 1686/2414/1867
f 1686/2414/1867 1677/2841/2284 1676/2842/2285 1687/2416/1869
f 1687/2416/1869 1676/2842/2285 1675/2843/2286 1688/2418/1871
f 1688/2418/1871 1675/2843/2286 1674/2844/2287 1689/2420/1873
f 1689/2420/1873 1674/2844/2287 1673/2845/2288 1690/2422/1875
f 1690/2422/1875 1673/2845/2288 1672/2846/2289 1691/2424/1877
f 1691/2424/1877 1672/2846/2289 1671/2847/2290 1692/2426/1879
f 1692/2426/1879 1671/2847/2290 1669/2267/1724 1682/2266/1723
f 1717/2150/1638 1706/2153/1640 1716/2828/2271 1719/2428/1881
f 1719/2428/1881 1716/2828/2271 1715/2829/2272 1720/2430/1883
f 1720/2430/1883 1715/2829/2272 1714/2830/2273 1721/2432/1885
f 1721/2432/1885 1714/2830/2273 1713/2831/2274 1722/2434/1887
f 1722/2434/1887 1713/2831/2274 1712/2832/2275 1723/2436/1889
f 1723/2436/1889 1712/2832/2275 1711/2833/2276 1724/2438/1891
f 1724/2438/1891 1711/2833/2276 1710/2834/2277 1725/2440/1893
f 1725/2440/1893 1710/2834/2277 1709/2835/2278 1726/2442/1895
f 1726/2442/1895 1709/2835/2278 1708/2836/2279 1727/2444/1897
f 1727/2444/1897 1708/2836/2279 1707/2837/2280 1728/2446/1899
f 1728/2446/1899 1707/2837/2280 1705/2264/1721 1718/2263/1720
f 1753/2142/1632 1742/2145/1634 1752/2818/2261 1755/2448/1901
f 1755/2448/1901 1752/2818/2261 1751/2819/2262 1756/2450/1903
f 1756/2450/1903 1751/2819/2262 1750/2820/2263 1757/2452/1905
f 1757/2452/1905 1750/2820/2263 1749/2821/2264 1758/2454/1907
f 1758/2454/1907 1749/2821/2264 1748/2822/2265 1759/2456/1909
f 1759/2456/1909 1748/2822/2265 1747/2823/2266 1760/2458/1911
f 1760/2458/1911 1747/2823/2266 1746/2824/2267 1761/2460/1913
f 1761/2460/1913 1746/2824/2267 1745/2825/2268 1762/2462/1915
f 1762/2462/1915 1745/2825/2268 1744/2826/2269 1763/2464/1917
f 1763/2464/1917 1744/2826/2269 1743/2827/2270 1764/2466/1919
f 1764/2466/1919 1743/2827/2270 1741/2261/1718 1754/2260/1717
f 1789/2134/1626 1778/2137/1628 1788/2808/2251 1791/2468/1921
f 1791/2468/1921 1788/2808/2251 1787/2809/2252 1792/2470/1923
f 1792/2470/1923 1787/2809/2252 1786/2810/2253 1793/2472/1925
f 1793/2472/1925 1786/2810/2253 1785/2811/2254 1794/2474/1927
f 1794/2474/1927 1785/2811/2254 1784/2812/2255 1795/2476/1929
f 1795/2476/1929 1784/2812/2255 1783/2813/2256 1796/2478/1931
f 1796/2478/1931 1783/2813/2256 1782/2814/2257 1797/2480/1933
f 1797/2480/1933 1782/2814/2257 1781/2815/2258 1798/2482/1935
f 1798/2482/1935 1781/2815/2258 1780/2816/2259 1799/2484/1937
f 1799/2484/1937 1780/2816/2259 1779/2817/2260 1800/2486/1939
f 1800/2486/1939 1779/2817/2260 1777/2256/1715 1790/2255/1714
f 1825/2126/1620 1814/2129/1622 1824/2798/2241 1827/2488/1941
f 1827/2488/1941 1824/2798/2241 1823/2799/2242 1828/2490/1943
f 1828/2490/1943 1823/2799/2242 1822/2800/2243 1829/2492/1945
f 1829/2492/1945 1822/2800/2243 1821/2801/2244 1830/2494/1947
f 1830/2494/1947 1821/2801/2244 1820/2802/2245 1831/2496/1949
f 1831/2496/1949 1820/2802/2245 1819/2803/2246 1832/2498/1951
f 1832/2498/1951 1819/2803/2246 1818/2804/2247 1833/2500/1953
f 1833/2500/1953 1818/2804/2247 1817/2805/2248 1834/2502/1955
f 1834/2502/1955 1817/2805/2248 1816/2806/2249 1835/2504/1957
f 1835/2504/1957 1816/2806/2249 1815/2807/2250 1836/2506/1959
f 1836/2506/1959 1815/2807/2250 1813/2252/1712 1826/2251/1711
f 1861/2120/1614 1850/2122/1616 1860/2788/2231 1863/2508/1961
f 1863/2508/1961 1860/2788/2231 1859/2789/2232 1864/2510/1963
f 1864/2510/1963 1859/2789/2232 1858/2790/2233 1865/2512/1965
f 1865/2512/1965 1858/2790/2233 1857/2791/2234 1866/2514/1967
f 1866/2514/1967 1857/2791/2234 1856/2792/2235 1867/2516/1969
f 1867/2516/1969 1856/2792/2235 1855/2793/2236 1868/2518/1971
f 1868/2518/1971 1855/2793/2236 1854/2794/2237 1869/2520/1973
f 1869/2520/1973 1854/2794/2237 1853/2795/2238 1870/2522/1975
f 1870/2522/1975 1853/2795/2238 1852/2796/2239 1871/2524/1977
f 1871/2524/1977 1852/2796/2239 1851/2797/2240 1872/2526/1979
f 1872/2526/1979 1851/2797/2240 1849/2248/1709 1862/2247/1708
f 1897/2112/1608 1886/2115/1610 1896/2778/2221 1899/2528/1981
f 1899/2528/1981 1896/2778/2221 1895/2779/2222 1900/2530/1983
f 1900/2530/1983 1895/2779/2222 1894/2780/2223 1901/2532/1985
f 1901/2532/1985 1894/2780/2223 1893/2781/2224 1902/2534/1987
f 1902/2534/1987 1893/2781/2224 1892/2782/2225 1903/2536/1989
f 1903/2536/1989 1892/2782/2225 1891/2783/2226 1904/2538/1991
f 1904/2538/1991 1891/2783/2226 1890/2784/2227 1905/2540/1993
f 1905/2540/1993 1890/2784/2227 1889/2785/2228 1906/2542/1995
f 1906/2542/1995 1889/2785/2228 1888/2786/2229 1907/2544/1997
f 1907/2544/1997 1888/2786/2229 1887/2787/2230 1908/2546/1999
f 1908/2546/1999 1887/2787/2230 1885/2245/1706 1898/2244/1705
f 1933/2105/1602 1922/2107/1604 1932/2768/2211 1935/2548/2001
f 1935/2548/2001 1932/2768/2211 1931/2769/2212 1936/2550/2003
f 1936/2550/2003 1931/2769/2212 1930/2770/2213 1937/2552/2005
f 1937/2552/2005 1930/2770/2213 1929/2771/2214 1938/2554/2007
f 1938/2554/2007 1929/2771/2214 1928/2772/2215 1939/2556/2009
f 1939/2556/2009 1928/2772/2215 1927/2773/2216 1940/2558/2011
f 1940/2558/2011 1927/2773/2216 1926/2774/2217 1941/2560/2013
f 1941/2560/2013 1926/2774/2217 1925/2775/2218 1942/2562/2015
f 1942/2562/2015 1925/2775/2218 1924/2776/2219 1943/2564/2017
f 1943/2564/2017 1924/2776/2219 1923/2777/2220 1944/2566/2019
f 1944/2566/2019 1923/2777/2220 1921/2240/1703 1934/2239/1702
f 1969/2098/1596 1958/2100/1598 1968/2758/2201 1971/2568/2021
f 1971/2568/2021 1968/2758/2201 1967/2759/2202 1972/2570/2023
f 1972/2570/2023 1967/2759/2202 1966/2760/2203 1973/2572/2025
f 1973/2572/2025 1966/2760/2203 1965/2761/2204 1974/2574/2027
f 1974/2574/2027 1965/2761/2204 1964/2762/2205 1975/2576/2029
f 1975/2576/2029 1964/2762/2205 1963/2763/2206 1976/2578/2031
f 1976/2578/2031 1963/2763/2206 1962/2764/2207 1977/2580/2033
f 1977/2580/2033 1962/2764/2207 1961/2765/2208 1978/2582/2035
f 1978/2582/2035 1961/2765/2208 1960/2766/2209 1979/2584/2037
f 1979/2584/2037 1960/2766/2209 1959/2767/2210 1980/2586/2039
f 1980/2586/2039 1959/2767/2210 1957/2237/1700 1970/2236/1699
f 2005/2089/1590 1994/2091/1592 2004/2748/2191 2007/2588/2041
f 2007/2588/2041 2004/2748/2191 2003/2749/2192 2008/2590/2043
f 2008/2590/2043 2003/2749/2192 2002/2750/2193 2009/2592/2045
f 2009/2592/2045 2002/2750/2193 2001/2751/2194 2010/2594/2047
f 2010/2594/2047 2001/2751/2194 2000/2752/2195 2011/2596/2049
f 2011/2596/2049 2000/2752/2195 1999/2753/2196 2012/2598/2051
f 2012/2598/2051 1999/2753/2196 1998/2754/2197 2013/2600/2053
f 2013/2600/2053 1998/2754/2197 1997/2755/2198 2014/2602/2055
f 2014/2602/2055 1997/2755/2198 1996/2756/2199 2015/2604/2057
f 2015/2604/2057 1996/2756/2199 1995/2757/2200 2016/2606/2059
f 2016/2606/2059 1995/2757/2200 1993/2234/1697 2006/2233/1696
f 2041/2080/1584 2030/2083/1586 2040/2738/2181 2043/2608/2061
f 2043/2608/2061 2040/2738/2181 2039/2739/2182 2044/2610/2063
f 2044/2610/2063 2039/2739/2182 2038/2740/2183 2045/2612/2065
f 2045/2612/2065 2038/2740/2183 2037/2741/2184 2046/2614/2067
f 2046/2614/2067 2037/2741/2184 2036/2742/2185 2047/2616/2069
f 2047/2616/2069 2036/2742/2185 2035/2743/2186 2048/2618/2071
f 2048/2618/2071 2035/2743/2186 2034/2744/2187 2049/2620/2073
f 2049/2620/2073 2034/2744/2187 2033/2745/2188 2050/2622/2075
f 2050/2622/2075 2033/2745/2188 2032/2746/2189 2051/2624/2077
f 2051/2624/2077 2032/2746/2189 2031/2747/2190 2052/2626/2079
f 2052/2626/2079 2031/2747/2190 2029/2231/1694 2042/2230/1693
f 2077/2071/1578 2066/2074/1580 2076/2728/2171 2079/2628/2081
f 2079/2628/2081 2076/2728/2171 2075/2729/2172 2080/2630/2083
f 2080/2630/2083 2075/2729/2172 2074/2730/2173 2081/2632/2085
f 2081/2632/2085 2074/2730/2173 2073/2731/2174 2082/2634/2087
f 2082/2634/2087 2073/2731/2174 2072/2732/2175 2083/2636/2089
f 2083/2636/2089 2072/2732/2175 2071/2733/2176 2084/2638/2091
f 2084/2638/2091 2071/2733/2176 2070/2734/2177 2085/2640/2093
f 2085/2640/2093 2070/2734/2177 2069/2735/2178 2086/2642/2095
f 2086/2642/2095 2069/2735/2178 2068/2736/2179 2087/2644/2097
f 2087/2644/2097 2068/2736/2179 2067/2737/2180 2088/2646/2099
f 2088/2646/2099 2067/2737/2180 2065/2227/1691 2078/2226/1690
f 2113/2063/1572 2102/2066/1574 2112/2718/2161 2115/2648/2101
f 2115/2648/2101 2112/2718/2161 2111/2719/2162 2116/2650/2103
f 2116/2650/2103 2111/2719/2162 2110/2720/2163 2117/2652/2105
f 2117/2652/2105 2110/2720/2163 2109/2721/2164 2118/2654/2107
f 2118/2654/2107 2109/2721/2164 2108/2722/2165 2119/2656/2109
f 2119/2656/2109 2108/2722/2165 2107/2723/2166 2120/2658/2111
f 2120/2658/2111 2107/2723/2166 2106/2724/2167 2121/2660/2113
f 2121/2660/2113 2106/2724/2167 2105/2725/2168 2122/2662/2115
f 2122/2662/2115 2105/2725/2168 2104/2726/2169 2123/2664/2117
f 2123/2664/2117 2104/2726/2169 2103/2727/2170 2124/2666/2119
f 2124/2666/2119 2103/2727/2170 2101/2222/1688 2114/2221/1687
f 2149/2055/1566 2138/2058/1568 2148/2708/2151 2151/2668/2121
f 2151/2668/2121 2148/2708/2151 2147/2709/2152 2152/2670/2123
f 2152/2670/2123 2147/2709/2152 2146/2710/2153 2153/2672/2125
f 2153/2672/2125 2146/2710/2153 2145/2711/2154 2154/2674/2127
f 2154/2674/2127 2145/2711/2154 2144/2712/2155 2155/2676/2129
f 2155/2676/2129 2144/2712/2155 2143/2713/2156 2156/2678/2131
f 2156/2678/2131 2143/2713/2156 2142/2714/2157 2157/2680/2133
f 2157/2680/2133 2142/2714/2157 2141/2715/2158 2158/2682/2135
f 2158/2682/2135 2141/2715/2158 2140/2716/2159 2159/2684/2137
f 2159/2684/2137 2140/2716/2159 2139/2717/2160 2160/2686/2139
f 2160/2686/2139 2139/2717/2160 2137/2216/1685 2150/2215/1684
f 2930/164/133 2449/167/136 2451/2898/2341 2940/2899/2342
f 2940/2899/2342 2451/2898/2341 2452/2900/2343 2939/2901/2344
f 2939/2901/2344 2452/2900/2343 2453/2902/2345 2938/2903/2346
f 2938/2903/2346 2453/2902/2345 2454/2904/2347 2937/2905/2348
f 2937/2905/2348 2454/2904/2347 2455/2906/2349 2936/2907/2350
f 2936/2907/2350 2455/2906/2349 2456/2908/2351 2935/2909/2352
f 2935/2909/2352 2456/2908/2351 2457/2910/2353 2934/2911/2354
f 2934/2911/2354 2457/2910/2353 2458/2912/2355 2933/2913/2356
f 2933/2913/2356 2458/2912/2355 2459/2914/2357 2932/2915/2358
f 2932/2915/2358 2459/2914/2357 2460/2916/2359 2931/2917/2360
f 2931/2917/2360 2460/2916/2359 2450/2207/1679 2929/2202/1675
f 2438/289/241 2905/1/1 2907/2918/2361 2448/2919/2362
f 2448/2919/2362 2907/2918/2361 2908/2920/2363 2447/2921/2364
f 2447/2921/2364 2908/2920/2363 2909/2922/2365 2446/2923/2366
f 2446/2923/2366 2909/2922/2365 2910/2924/2367 2445/2925/2368
f 2445/2925/2368 2910/2924/2367 2911/2926/2369 2444/2927/2370
f 2444/2927/2370 2911/2926/2369 2912/2928/2371 2443/2929/2372
f 2443/2929/2372 2912/2928/2371 2913/2930/2373 2442/2931/2374
f 2442/2931/2374 2913/2930/2373 2914/2932/2375 2441/2933/2376
f 2441/2933/2376 2914/2932/2375 2915/2934/2377 2440/2935/2378
f 2440/2935/2378 2915/2934/2377 2916/2936/2379 2439/2937/2380
f 2439/2937/2380 2916/2936/2379 2906/2054/1565 2437/2053/139
f 2905/1/1 2473/4/4 2475/2938/2381 2907/2918/2361
f 2907/2918/2361 2475/2938/2381 2476/2939/2382 2908/2920/2363
f 2908/2920/2363 2476/2939/2382 2477/2940/2383 2909/2922/2365
f 2909/2922/2365 2477/2940/2383 2478/2941/2384 2910/2924/2367
f 2910/2924/2367 2478/2941/2384 2479/2942/2385 2911/2926/2369
f 2911/2926/2369 2479/2942/2385 2480/2943/2386 2912/2928/2371
f 2912/2928/2371 2480/2943/2386 2481/2944/2387 2913/2930/2373
f 2913/2930/2373 2481/2944/2387 2482/2945/2388 2914/2932/2375
f 2914/2932/2375 2482/2945/2388 2483/2946/2389 2915/2934/2377
f 2915/2934/2377 2483/2946/2389 2484/2947/2390 2916/2936/2379
f 2916/2936/2379 2484/2947/2390 2474/2057/1567 2906/2056/1565
f 2473/4/4 2425/285/238 2427/2948/2391 2475/2938/2381
f 2475/2938/2381 2427/2948/2391 2428/2949/2392 2476/2939/2382
f 2476/2939/2382 2428/2949/2392 2429/2950/2393 2477/2940/2383
f 2477/2940/2383 2429/2950/2393 2430/2951/2394 2478/2941/2384
f 2478/2941/2384 2430/2951/2394 2431/2952/2395 2479/2942/2385
f 2479/2942/2385 2431/2952/2395 2432/2953/2396 2480/2943/2386
f 2480/2943/2386 2432/2953/2396 2433/2954/2397 2481/2944/2387
f 2481/2944/2387 2433/2954/2397 2434/2955/2398 2482/2945/2388
f 2482/2945/2388 2434/2955/2398 2435/2956/2399 2483/2946/2389
f 2483/2946/2389 2435/2956/2399 2436/2957/2400 2484/2947/2390
f 2484/2947/2390 2436/2957/2400 2426/2059/1569 2474/2057/1567
f 2425/291/238 2893/293/244 2895/2958/2401 2427/2948/2391
f 2427/2948/2391 2895/2958/2401 2896/2959/2402 2428/2949/2392
f 2428/2949/2392 2896/2959/2402 2897/2960/2403 2429/2950/2393
f 2429/2950/2393 2897/2960/2403 2898/2961/2404 2430/2951/2394
f 2430/2951/2394 2898/2961/2404 2899/2962/2405 2431/2952/2395
f 2431/2952/2395 2899/2962/2405 2900/2963/2406 2432/2953/2396
f 2432/2953/2396 2900/2963/2406 2901/2964/2407 2433/2954/2397
f 2433/2954/2397 2901/2964/2407 2902/2965/2408 2434/2955/2398
f 2434/2955/2398 2902/2965/2408 2903/2966/2409 2435/2956/2399
f 2435/2956/2399 2903/2966/2409 2904/2967/2410 2436/2957/2400
f 2436/2957/2400 2904/2967/2410 2894/2062/1571 2426/2059/1569
f 2893/293/244 2485/277/231 2487/2968/2411 2895/2958/2401
f 2895/2958/2401 2487/2968/2411 2488/2969/2412 2896/2959/2402
f 2896/2959/2402 2488/2969/2412 2489/2970/2413 2897/2960/2403
f 2897/2960/2403 2489/2970/2413 2490/2971/2414 2898/2961/2404
f 2898/2961/2404 2490/2971/2414 2491/2972/2415 2899/2962/2405
f 2899/2962/2405 2491/2972/2415 2492/2973/2416 2900/2963/2406
f 2900/2963/2406 2492/2973/2416 2493/2974/2417 2901/2964/2407
f 2901/2964/2407 2493/2974/2417 2494/2975/2418 2902/2965/2408
f 2902/2965/2408 2494/2975/2418 2495/2976/2419 2903/2966/2409
f 2903/2966/2409 2495/2976/2419 2496/2977/2420 2904/2967/2410
f 2904/2967/2410 2496/2977/2420 2486/2065/1573 2894/2064/1571
f 2485/277/231 2413/280/234 2415/2978/2421 2487/2968/2411
f 2487/2968/2411 2415/2978/2421 2416/2979/2422 2488/2969/2412
f 2488/2969/2412 2416/2979/2422 2417/2980/2423 2489/2970/2413
f 2489/2970/2413 2417/2980/2423 2418/2981/2424 2490/2971/2414
f 2490/2971/2414 2418/2981/2424 2419/2982/2425 2491/2972/2415
f 2491/2972/2415 2419/2982/2425 2420/2983/2426 2492/2973/2416
f 2492/2973/2416 2420/2983/2426 2421/2984/2427 2493/2974/2417
f 2493/2974/2417 2421/2984/2427 2422/2985/2428 2494/2975/2418
f 2494/2975/2418 2422/2985/2428 2423/2986/2429 2495/2976/2419
f 2495/2976/2419 2423/2986/2429 2424/2987/2430 2496/2977/2420
f 2496/2977/2420 2424/2987/2430 2414/2068/1575 2486/2067/1573
f 2413/280/234 2881/287/240 2883/2988/2431 2415/2978/2421
f 2415/2978/2421 2883/2988/2431 2884/2989/2432 2416/2979/2422
f 2416/2979/2422 2884/2989/2432 2885/2990/2433 2417/2980/2423
f 2417/2980/2423 2885/2990/2433 2886/2991/2434 2418/2981/2424
f 2418/2981/2424 2886/2991/2434 2887/2992/2435 2419/2982/2425
f 2419/2982/2425 2887/2992/2435 2888/2993/2436 2420/2983/2426
f 2420/2983/2426 2888/2993/2436 2889/2994/2437 2421/2984/2427
f 2421/2984/2427 2889/2994/2437 2890/2995/2438 2422/2985/2428
f 2422/2985/2428 2890/2995/2438 2891/2996/2439 2423/2986/2429
f 2423/2986/2429 2891/2996/2439 2892/2997/2440 2424/2987/2430
f 2424/2987/2430 2892/2997/2440 2882/2070/1577 2414/2068/1575
f 2881/288/240 2497/269/225 2499/2998/2441 2883/2988/2431
f 2883/2988/2431 2499/2998/2441 2500/2999/2442 2884/2989/2432
f 2884/2989/2432 2500/2999/2442 2501/3000/2443 2885/2990/2433
f 2885/2990/2433 2501/3000/2443 2502/3001/2444 2886/2991/2434
f 2886/2991/2434 2502/3001/2444 2503/3002/2445 2887/2992/2435
f 2887/2992/2435 2503/3002/2445 2504/3003/2446 2888/2993/2436
f 2888/2993/2436 2504/3003/2446 2505/3004/2447 2889/2994/2437
f 2889/2994/2437 2505/3004/2447 2506/3005/2448 2890/2995/2438
f 2890/2995/2438 2506/3005/2448 2507/3006/2449 2891/2996/2439
f 2891/2996/2439 2507/3006/2449 2508/3007/2450 2892/2997/2440
f 2892/2997/2440 2508/3007/2450 2498/2073/1579 2882/2072/1577
f 2497/269/225 2401/272/228 2403/3008/2451 2499/2998/2441
f 2499/2998/2441 2403/3008/2451 2404/3009/2452 2500/2999/2442
f 2500/2999/2442 2404/3009/2452 2405/3010/2453 2501/3000/2443
f 2501/3000/2443 2405/3010/2453 2406/3011/2454 2502/3001/2444
f 2502/3001/2444 2406/3011/2454 2407/3012/2455 2503/3002/2445
f 2503/3002/2445 2407/3012/2455 2408/3013/2456 2504/3003/2446
f 2504/3003/2446 2408/3013/2456 2409/3014/2457 2505/3004/2447
f 2505/3004/2447 2409/3014/2457 2410/3015/2458 2506/3005/2448
f 2506/3005/2448 2410/3015/2458 2411/3016/2459 2507/3006/2449
f 2507/3006/2449 2411/3016/2459 2412/3017/2460 2508/3007/2450
f 2508/3007/2450 2412/3017/2460 2402/2076/1581 2498/2075/1579
f 2401/272/228 2869/282/236 2871/3018/2461 2403/3008/2451
f 2403/3008/2451 2871/3018/2461 2872/3019/2462 2404/3009/2452
f 2404/3009/2452 2872/3019/2462 2873/3020/2463 2405/3010/2453
f 2405/3010/2453 2873/3020/2463 2874/3021/2464 2406/3011/2454
f 2406/3011/2454 2874/3021/2464 2875/3022/2465 2407/3012/2455
f 2407/3012/2455 2875/3022/2465 2876/3023/2466 2408/3013/2456
f 2408/3013/2456 2876/3023/2466 2877/3024/2467 2409/3014/2457
f 2409/3014/2457 2877/3024/2467 2878/3025/2468 2410/3015/2458
f 2410/3015/2458 2878/3025/2468 2879/3026/2469 2411/3016/2459
f 2411/3016/2459 2879/3026/2469 2880/3027/2470 2412/3017/2460
f 2412/3017/2460 2880/3027/2470 2870/2079/1583 2402/2078/1581
f 2869/283/236 2509/262/219 2511/3028/2471 2871/3018/2461
f 2871/3018/2461 2511/3028/2471 2512/3029/2472 2872/3019/2462
f 2872/3019/2462 2512/3029/2472 2513/3030/2473 2873/3020/2463
f 2873/3020/2463 2513/3030/2473 2514/3031/2474 2874/3021/2464
f 2874/3021/2464 2514/3031/2474 2515/3032/2475 2875/3022/2465
f 2875/3022/2465 2515/3032/2475 2516/3033/2476 2876/3023/2466
f 2876/3023/2466 2516/3033/2476 2517/3034/2477 2877/3024/2467
f 2877/3024/2467 2517/3034/2477 2518/3035/2478 2878/3025/2468
f 2878/3025/2468 2518/3035/2478 2519/3036/2479 2879/3026/2469
f 2879/3026/2469 2519/3036/2479 2520/3037/2480 2880/3027/2470
f 2880/3027/2470 2520/3037/2480 2510/2082/1585 2870/2081/1583
f 2509/262/219 2389/265/222 2391/3038/2481 2511/3028/2471
f 2511/3028/2471 2391/3038/2481 2392/3039/2482 2512/3029/2472
f 2512/3029/2472 2392/3039/2482 2393/3040/2483 2513/3030/2473
f 2513/3030/2473 2393/3040/2483 2394/3041/2484 2514/3031/2474
f 2514/3031/2474 2394/3041/2484 2395/3042/2485 2515/3032/2475
f 2515/3032/2475 2395/3042/2485 2396/3043/2486 2516/3033/2476
f 2516/3033/2476 2396/3043/2486 2397/3044/2487 2517/3034/2477
f 2517/3034/2477 2397/3044/2487 2398/3045/2488 2518/3035/2478
f 2518/3035/2478 2398/3045/2488 2399/3046/2489 2519/3036/2479
f 2519/3036/2479 2399/3046/2489 2400/3047/2490 2520/3037/2480
f 2520/3037/2480 2400/3047/2490 2390/2085/1587 2510/2084/1585
f 2389/273/222 2857/275/230 2859/3048/2491 2391/3038/2481
f 2391/3038/2481 2859/3048/2491 2860/3049/2492 2392/3039/2482
f 2392/3039/2482 2860/3049/2492 2861/3050/2493 2393/3040/2483
f 2393/3040/2483 2861/3050/2493 2862/3051/2494 2394/3041/2484
f 2394/3041/2484 2862/3051/2494 2863/3052/2495 2395/3042/2485
f 2395/3042/2485 2863/3052/2495 2864/3053/2496 2396/3043/2486
f 2396/3043/2486 2864/3053/2496 2865/3054/2497 2397/3044/2487
f 2397/3044/2487 2865/3054/2497 2866/3055/2498 2398/3045/2488
f 2398/3045/2488 2866/3055/2498 2867/3056/2499 2399/3046/2489
f 2399/3046/2489 2867/3056/2499 2868/3057/2500 2400/3047/2490
f 2400/3047/2490 2868/3057/2500 2858/2088/1589 2390/2087/1587
f 2857/275/230 2521/276/213 2523/3058/2501 2859/3048/2491
f 2859/3048/2491 2523/3058/2501 2524/3059/2502 2860/3049/2492
f 2860/3049/2492 2524/3059/2502 2525/3060/2503 2861/3050/2493
f 2861/3050/2493 2525/3060/2503 2526/3061/2504 2862/3051/2494
f 2862/3051/2494 2526/3061/2504 2527/3062/2505 2863/3052/2495
f 2863/3052/2495 2527/3062/2505 2528/3063/2506 2864/3053/2496
f 2864/3053/2496 2528/3063/2506 2529/3064/2507 2865/3054/2497
f 2865/3054/2497 2529/3064/2507 2530/3065/2508 2866/3055/2498
f 2866/3055/2498 2530/3065/2508 2531/3066/2509 2867/3056/2499
f 2867/3056/2499 2531/3066/2509 2532/3067/2510 2868/3057/2500
f 2868/3057/2500 2532/3067/2510 2522/2090/1591 2858/2088/1589
f 2521/256/213 2377/259/216 2379/3068/2511 2523/3058/2501
f 2523/3058/2501 2379/3068/2511 2380/3069/2512 2524/3059/2502
f 2524/3059/2502 2380/3069/2512 2381/3070/2513 2525/3060/2503
f 2525/3060/2503 2381/3070/2513 2382/3071/2514 2526/3061/2504
f 2526/3061/2504 2382/3071/2514 2383/3072/2515 2527/3062/2505
f 2527/3062/2505 2383/3072/2515 2384/3073/2516 2528/3063/2506
f 2528/3063/2506 2384/3073/2516 2385/3074/2517 2529/3064/2507
f 2529/3064/2507 2385/3074/2517 2386/3075/2518 2530/3065/2508
f 2530/3065/2508 2386/3075/2518 2387/3076/2519 2531/3066/2509
f 2531/3066/2509 2387/3076/2519 2388/3077/2520 2532/3067/2510
f 2532/3067/2510 2388/3077/2520 2378/2094/1593 2522/2093/1591
f 2377/259/216 2845/267/224 2847/3078/2521 2379/3068/2511
f 2379/3068/2511 2847/3078/2521 2848/3079/2522 2380/3069/2512
f 2380/3069/2512 2848/3079/2522 2849/3080/2523 2381/3070/2513
f 2381/3070/2513 2849/3080/2523 2850/3081/2524 2382/3071/2514
f 2382/3071/2514 2850/3081/2524 2851/3082/2525 2383/3072/2515
f 2383/3072/2515 2851/3082/2525 2852/3083/2526 2384/3073/2516
f 2384/3073/2516 2852/3083/2526 2853/3084/2527 2385/3074/2517
f 2385/3074/2517 2853/3084/2527 2854/3085/2528 2386/3075/2518
f 2386/3075/2518 2854/3085/2528 2855/3086/2529 2387/3076/2519
f 2387/3076/2519 2855/3086/2529 2856/3087/2530 2388/3077/2520
f 2388/3077/2520 2856/3087/2530 2846/2097/1595 2378/2096/1593
f 2845/268/224 2533/248/207 2535/3088/2531 2847/3078/2521
f 2847/3078/2521 2535/3088/2531 2536/3089/2532 2848/3079/2522
f 2848/3079/2522 2536/3089/2532 2537/3090/2533 2849/3080/2523
f 2849/3080/2523 2537/3090/2533 2538/3091/2534 2850/3081/2524
f 2850/3081/2524 2538/3091/2534 2539/3092/2535 2851/3082/2525
f 2851/3082/2525 2539/3092/2535 2540/3093/2536 2852/3083/2526
f 2852/3083/2526 2540/3093/2536 2541/3094/2537 2853/3084/2527
f 2853/3084/2527 2541/3094/2537 2542/3095/2538 2854/3085/2528
f 2854/3085/2528 2542/3095/2538 2543/3096/2539 2855/3086/2529
f 2855/3086/2529 2543/3096/2539 2544/3097/2540 2856/3087/2530
f 2856/3087/2530 2544/3097/2540 2534/2099/1597 2846/2097/1595
f 2533/248/207 2365/251/210 2367/3098/2541 2535/3088/2531
f 2535/3088/2531 2367/3098/2541 2368/3099/2542 2536/3089/2532
f 2536/3089/2532 2368/3099/2542 2369/3100/2543 2537/3090/2533
f 2537/3090/2533 2369/3100/2543 2370/3101/2544 2538/3091/2534
f 2538/3091/2534 2370/3101/2544 2371/3102/2545 2539/3092/2535
f 2539/3092/2535 2371/3102/2545 2372/3103/2546 2540/3093/2536
f 2540/3093/2536 2372/3103/2546 2373/3104/2547 2541/3094/2537
f 2541/3094/2537 2373/3104/2547 2374/3105/2548 2542/3095/2538
f 2542/3095/2538 2374/3105/2548 2375/3106/2549 2543/3096/2539
f 2543/3096/2539 2375/3106/2549 2376/3107/2550 2544/3097/2540
f 2544/3097/2540 2376/3107/2550 2366/2102/1599 2534/2101/1597
f 2365/251/210 2833/261/218 2835/3108/2551 2367/3098/2541
f 2367/3098/2541 2835/3108/2551 2836/3109/2552 2368/3099/2542
f 2368/3099/2542 2836/3109/2552 2837/3110/2553 2369/3100/2543
f 2369/3100/2543 2837/3110/2553 2838/3111/2554 2370/3101/2544
f 2370/3101/2544 2838/3111/2554 2839/3112/2555 2371/3102/2545
f 2371/3102/2545 2839/3112/2555 2840/3113/2556 2372/3103/2546
f 2372/3103/2546 2840/3113/2556 2841/3114/2557 2373/3104/2547
f 2373/3104/2547 2841/3114/2557 2842/3115/2558 2374/3105/2548
f 2374/3105/2548 2842/3115/2558 2843/3116/2559 2375/3106/2549
f 2375/3106/2549 2843/3116/2559 2844/3117/2560 2376/3107/2550
f 2376/3107/2550 2844/3117/2560 2834/2104/1601 2366/2102/1599
f 2833/261/218 2545/241/201 2547/3118/2561 2835/3108/2551
f 2835/3108/2551 2547/3118/2561 2548/3119/2562 2836/3109/2552
f 2836/3109/2552 2548/3119/2562 2549/3120/2563 2837/3110/2553
f 2837/3110/2553 2549/3120/2563 2550/3121/2564 2838/3111/2554
f 2838/3111/2554 2550/3121/2564 2551/3122/2565 2839/3112/2555
f 2839/3112/2555 2551/3122/2565 2552/3123/2566 2840/3113/2556
f 2840/3113/2556 2552/3123/2566 2553/3124/2567 2841/3114/2557
f 2841/3114/2557 2553/3124/2567 2554/3125/2568 2842/3115/2558
f 2842/3115/2558 2554/3125/2568 2555/3126/2569 2843/3116/2559
f 2843/3116/2559 2555/3126/2569 2556/3127/2570 2844/3117/2560
f 2844/3117/2560 2556/3127/2570 2546/2106/1603 2834/2104/1601
f 2545/241/201 2353/244/204 2355/3128/2571 2547/3118/2561
f 2547/3118/2561 2355/3128/2571 2356/3129/2572 2548/3119/2562
f 2548/3119/2562 2356/3129/2572 2357/3130/2573 2549/3120/2563
f 2549/3120/2563 2357/3130/2573 2358/3131/2574 2550/3121/2564
f 2550/3121/2564 2358/3131/2574 2359/3132/2575 2551/3122/2565
f 2551/3122/2565 2359/3132/2575 2360/3133/2576 2552/3123/2566
f 2552/3123/2566 2360/3133/2576 2361/3134/2577 2553/3124/2567
f 2553/3124/2567 2361/3134/2577 2362/3135/2578 2554/3125/2568
f 2554/3125/2568 2362/3135/2578 2363/3136/2579 2555/3126/2569
f 2555/3126/2569 2363/3136/2579 2364/3137/2580 2556/3127/2570
f 2556/3127/2570 2364/3137/2580 2354/2108/1605 2546/2106/1603
f 2353/252/204 2821/254/212 2823/3138/2581 2355/3128/2571
f 2355/3128/2571 2823/3138/2581 2824/3139/2582 2356/3129/2572
f 2356/3129/2572 2824/3139/2582 2825/3140/2583 2357/3130/2573
f 2357/3130/2573 2825/3140/2583 2826/3141/2584 2358/3131/2574
f 2358/3131/2574 2826/3141/2584 2827/3142/2585 2359/3132/2575
f 2359/3132/2575 2827/3142/2585 2828/3143/2586 2360/3133/2576
f 2360/3133/2576 2828/3143/2586 2829/3144/2587 2361/3134/2577
f 2361/3134/2577 2829/3144/2587 2830/3145/2588 2362/3135/2578
f 2362/3135/2578 2830/3145/2588 2831/3146/2589 2363/3136/2579
f 2363/3136/2579 2831/3146/2589 2832/3147/2590 2364/3137/2580
f 2364/3137/2580 2832/3147/2590 2822/2111/1607 2354/2110/1605
f 2821/254/212 2557/255/195 2559/3148/2591 2823/3138/2581
f 2823/3138/2581 2559/3148/2591 2560/3149/2592 2824/3139/2582
f 2824/3139/2582 2560/3149/2592 2561/3150/2593 2825/3140/2583
f 2825/3140/2583 2561/3150/2593 2562/3151/2594 2826/3141/2584
f 2826/3141/2584 2562/3151/2594 2563/3152/2595 2827/3142/2585
f 2827/3142/2585 2563/3152/2595 2564/3153/2596 2828/3143/2586
f 2828/3143/2586 2564/3153/2596 2565/3154/2597 2829/3144/2587
f 2829/3144/2587 2565/3154/2597 2566/3155/2598 2830/3145/2588
f 2830/3145/2588 2566/3155/2598 2567/3156/2599 2831/3146/2589
f 2831/3146/2589 2567/3156/2599 2568/3157/2600 2832/3147/2590
f 2832/3147/2590 2568/3157/2600 2558/2114/1609 2822/2113/1607
f 2557/234/195 2341/237/198 2343/3158/2601 2559/3148/2591
f 2559/3148/2591 2343/3158/2601 2344/3159/2602 2560/3149/2592
f 2560/3149/2592 2344/3159/2602 2345/3160/2603 2561/3150/2593
f 2561/3150/2593 2345/3160/2603 2346/3161/2604 2562/3151/2594
f 2562/3151/2594 2346/3161/2604 2347/3162/2605 2563/3152/2595
f 2563/3152/2595 2347/3162/2605 2348/3163/2606 2564/3153/2596
f 2564/3153/2596 2348/3163/2606 2349/3164/2607 2565/3154/2597
f 2565/3154/2597 2349/3164/2607 2350/3165/2608 2566/3155/2598
f 2566/3155/2598 2350/3165/2608 2351/3166/2609 2567/3156/2599
f 2567/3156/2599 2351/3166/2609 2352/3167/2610 2568/3157/2600
f 2568/3157/2600 2352/3167/2610 2342/2117/1611 2558/2116/1609
f 2341/237/198 2809/246/206 2811/3168/2611 2343/3158/2601
f 2343/3158/2601 2811/3168/2611 2812/3169/2612 2344/3159/2602
f 2344/3159/2602 2812/3169/2612 2813/3170/2613 2345/3160/2603
f 2345/3160/2603 2813/3170/2613 2814/3171/2614 2346/3161/2604
f 2346/3161/2604 2814/3171/2614 2815/3172/2615 2347/3162/2605
f 2347/3162/2605 2815/3172/2615 2816/3173/2616 2348/3163/2606
f 2348/3163/2606 2816/3173/2616 2817/3174/2617 2349/3164/2607
f 2349/3164/2607 2817/3174/2617 2818/3175/2618 2350/3165/2608
f 2350/3165/2608 2818/3175/2618 2819/3176/2619 2351/3166/2609
f 2351/3166/2609 2819/3176/2619 2820/3177/2620 2352/3167/2610
f 2352/3167/2610 2820/3177/2620 2810/2119/1613 2342/2117/1611
f 2809/247/206 2569/227/189 2571/3178/2621 2811/3168/2611
f 2811/3168/2611 2571/3178/2621 2572/3179/2622 2812/3169/2612
f 2812/3169/2612 2572/3179/2622 2573/3180/2623 2813/3170/2613
f 2813/3170/2613 2573/3180/2623 2574/3181/2624 2814/3171/2614
f 2814/3171/2614 2574/3181/2624 2575/3182/2625 2815/3172/2615
f 2815/3172/2615 2575/3182/2625 2576/3183/2626 2816/3173/2616
f 2816/3173/2616 2576/3183/2626 2577/3184/2627 2817/3174/2617
f 2817/3174/2617 2577/3184/2627 2578/3185/2628 2818/3175/2618
f 2818/3175/2618 2578/3185/2628 2579/3186/2629 2819/3176/2619
f 2819/3176/2619 2579/3186/2629 2580/3187/2630 2820/3177/2620
f 2820/3177/2620 2580/3187/2630 2570/2121/1615 2810/2119/1613
f 2569/227/189 2329/230/192 2331/3188/2631 2571/3178/2621
f 2571/3178/2621 2331/3188/2631 2332/3189/2632 2572/3179/2622
f 2572/3179/2622 2332/3189/2632 2333/3190/2633 2573/3180/2623
f 2573/3180/2623 2333/3190/2633 2334/3191/2634 2574/3181/2624
f 2574/3181/2624 2334/3191/2634 2335/3192/2635 2575/3182/2625
f 2575/3182/2625 2335/3192/2635 2336/3193/2636 2576/3183/2626
f 2576/3183/2626 2336/3193/2636 2337/3194/2637 2577/3184/2627
f 2577/3184/2627 2337/3194/2637 2338/3195/2638 2578/3185/2628
f 2578/3185/2628 2338/3195/2638 2339/3196/2639 2579/3186/2629
f 2579/3186/2629 2339/3196/2639 2340/3197/2640 2580/3187/2630
f 2580/3187/2630 2340/3197/2640 2330/2123/1617 2570/2121/1615
f 2329/230/192 2797/239/200 2799/3198/2641 2331/3188/2631
f 2331/3188/2631 2799/3198/2641 2800/3199/2642 2332/3189/2632
f 2332/3189/2632 2800/3199/2642 2801/3200/2643 2333/3190/2633
f 2333/3190/2633 2801/3200/2643 2802/3201/2644 2334/3191/2634
f 2334/3191/2634 2802/3201/2644 2803/3202/2645 2335/3192/2635
f 2335/3192/2635 2803/3202/2645 2804/3203/2646 2336/3193/2636
f 2336/3193/2636 2804/3203/2646 2805/3204/2647 2337/3194/2637
f 2337/3194/2637 2805/3204/2647 2806/3205/2648 2338/3195/2638
f 2338/3195/2638 2806/3205/2648 2807/3206/2649 2339/3196/2639
f 2339/3196/2639 2807/3206/2649 2808/3207/2650 2340/3197/2640
f 2340/3197/2640 2808/3207/2650 2798/2125/1619 2330/2123/1617
f 2797/240/200 2581/220/183 2583/3208/2651 2799/3198/2641
f 2799/3198/2641 2583/3208/2651 2584/3209/2652 2800/3199/2642
f 2800/3199/2642 2584/3209/2652 2585/3210/2653 2801/3200/2643
f 2801/3200/2643 2585/3210/2653 2586/3211/2654 2802/3201/2644
f 2802/3201/2644 2586/3211/2654 2587/3212/2655 2803/3202/2645
f 2803/3202/2645 2587/3212/2655 2588/3213/2656 2804/3203/2646
f 2804/3203/2646 2588/3213/2656 2589/3214/2657 2805/3204/2647
f 2805/3204/2647 2589/3214/2657 2590/3215/2658 2806/3205/2648
f 2806/3205/2648 2590/3215/2658 2591/3216/2659 2807/3206/2649
f 2807/3206/2649 2591/3216/2659 2592/3217/2660 2808/3207/2650
f 2808/3207/2650 2592/3217/2660 2582/2128/1621 2798/2127/1619
f 2581/220/183 2317/223/186 2319/3218/2661 2583/3208/2651
f 2583/3208/2651 2319/3218/2661 2320/3219/2662 2584/3209/2652
f 2584/3209/2652 2320/3219/2662 2321/3220/2663 2585/3210/2653
f 2585/3210/2653 2321/3220/2663 2322/3221/2664 2586/3211/2654
f 2586/3211/2654 2322/3221/2664 2323/3222/2665 2587/3212/2655
f 2587/3212/2655 2323/3222/2665 2324/3223/2666 2588/3213/2656
f 2588/3213/2656 2324/3223/2666 2325/3224/2667 2589/3214/2657
f 2589/3214/2657 2325/3224/2667 2326/3225/2668 2590/3215/2658
f 2590/3215/2658 2326/3225/2668 2327/3226/2669 2591/3216/2659
f 2591/3216/2659 2327/3226/2669 2328/3227/2670 2592/3217/2660
f 2592/3217/2660 2328/3227/2670 2318/2130/1623 2582/2128/1621
f 2317/231/186 2785/233/194 2787/3228/2671 2319/3218/2661
f 2319/3218/2661 2787/3228/2671 2788/3229/2672 2320/3219/2662
f 2320/3219/2662 2788/3229/2672 2789/3230/2673 2321/3220/2663
f 2321/3220/2663 2789/3230/2673 2790/3231/2674 2322/3221/2664
f 2322/3221/2664 2790/3231/2674 2791/3232/2675 2323/3222/2665
f 2323/3222/2665 2791/3232/2675 2792/3233/2676 2324/3223/2666
f 2324/3223/2666 2792/3233/2676 2793/3234/2677 2325/3224/2667
f 2325/3224/2667 2793/3234/2677 2794/3235/2678 2326/3225/2668
f 2326/3225/2668 2794/3235/2678 2795/3236/2679 2327/3226/2669
f 2327/3226/2669 2795/3236/2679 2796/3237/2680 2328/3227/2670
f 2328/3227/2670 2796/3237/2680 2786/2133/1625 2318/2130/1623
f 2785/233/194 2593/214/177 2595/3238/2681 2787/3228/2671
f 2787/3228/2671 2595/3238/2681 2596/3239/2682 2788/3229/2672
f 2788/3229/2672 2596/3239/2682 2597/3240/2683 2789/3230/2673
f 2789/3230/2673 2597/3240/2683 2598/3241/2684 2790/3231/2674
f 2790/3231/2674 2598/3241/2684 2599/3242/2685 2791/3232/2675
f 2791/3232/2675 2599/3242/2685 2600/3243/2686 2792/3233/2676
f 2792/3233/2676 2600/3243/2686 2601/3244/2687 2793/3234/2677
f 2793/3234/2677 2601/3244/2687 2602/3245/2688 2794/3235/2678
f 2794/3235/2678 2602/3245/2688 2603/3246/2689 2795/3236/2679
f 2795/3236/2679 2603/3246/2689 2604/3247/2690 2796/3237/2680
f 2796/3237/2680 2604/3247/2690 2594/2136/1627 2786/2135/1625
f 2593/214/177 2305/217/180 2307/3248/2691 2595/3238/2681
f 2595/3238/2681 2307/3248/2691 2308/3249/2692 2596/3239/2682
f 2596/3239/2682 2308/3249/2692 2309/3250/2693 2597/3240/2683
f 2597/3240/2683 2309/3250/2693 2310/3251/2694 2598/3241/2684
f 2598/3241/2684 2310/3251/2694 2311/3252/2695 2599/3242/2685
f 2599/3242/2685 2311/3252/2695 2312/3253/2696 2600/3243/2686
f 2600/3243/2686 2312/3253/2696 2313/3254/2697 2601/3244/2687
f 2601/3244/2687 2313/3254/2697 2314/3255/2698 2602/3245/2688
f 2602/3245/2688 2314/3255/2698 2315/3256/2699 2603/3246/2689
f 2603/3246/2689 2315/3256/2699 2316/3257/2700 2604/3247/2690
f 2604/3247/2690 2316/3257/2700 2306/2139/1629 2594/2136/1627
f 2305/224/180 2773/226/188 2775/3258/2701 2307/3248/2691
f 2307/3248/2691 2775/3258/2701 2776/3259/2702 2308/3249/2692
f 2308/3249/2692 2776/3259/2702 2777/3260/2703 2309/3250/2693
f 2309/3250/2693 2777/3260/2703 2778/3261/2704 2310/3251/2694
f 2310/3251/2694 2778/3261/2704 2779/3262/2705 2311/3252/2695
f 2311/3252/2695 2779/3262/2705 2780/3263/2706 2312/3253/2696
f 2312/3253/2696 2780/3263/2706 2781/3264/2707 2313/3254/2697
f 2313/3254/2697 2781/3264/2707 2782/3265/2708 2314/3255/2698
f 2314/3255/2698 2782/3265/2708 2783/3266/2709 2315/3256/2699
f 2315/3256/2699 2783/3266/2709 2784/3267/2710 2316/3257/2700
f 2316/3257/2700 2784/3267/2710 2774/2141/1631 2306/2139/1629
f 2773/226/188 2605/207/171 2607/3268/2711 2775/3258/2701
f 2775/3258/2701 2607/3268/2711 2608/3269/2712 2776/3259/2702
f 2776/3259/2702 2608/3269/2712 2609/3270/2713 2777/3260/2703
f 2777/3260/2703 2609/3270/2713 2610/3271/2714 2778/3261/2704
f 2778/3261/2704 2610/3271/2714 2611/3272/2715 2779/3262/2705
f 2779/3262/2705 2611/3272/2715 2612/3273/2716 2780/3263/2706
f 2780/3263/2706 2612/3273/2716 2613/3274/2717 2781/3264/2707
f 2781/3264/2707 2613/3274/2717 2614/3275/2718 2782/3265/2708
f 2782/3265/2708 2614/3275/2718 2615/3276/2719 2783/3266/2709
f 2783/3266/2709 2615/3276/2719 2616/3277/2720 2784/3267/2710
f 2784/3267/2710 2616/3277/2720 2606/2144/1633 2774/2143/1631
f 2605/207/171 2293/210/174 2295/3278/2721 2607/3268/2711
f 2607/3268/2711 2295/3278/2721 2296/3279/2722 2608/3269/2712
f 2608/3269/2712 2296/3279/2722 2297/3280/2723 2609/3270/2713
f 2609/3270/2713 2297/3280/2723 2298/3281/2724 2610/3271/2714
f 2610/3271/2714 2298/3281/2724 2299/3282/2725 2611/3272/2715
f 2611/3272/2715 2299/3282/2725 2300/3283/2726 2612/3273/2716
f 2612/3273/2716 2300/3283/2726 2301/3284/2727 2613/3274/2717
f 2613/3274/2717 2301/3284/2727 2302/3285/2728 2614/3275/2718
f 2614/3275/2718 2302/3285/2728 2303/3286/2729 2615/3276/2719
f 2615/3276/2719 2303/3286/2729 2304/3287/2730 2616/3277/2720
f 2616/3277/2720 2304/3287/2730 2294/2147/1635 2606/2146/1633
f 2293/210/174 2761/219/182 2763/3288/2731 2295/3278/2721
f 2295/3278/2721 2763/3288/2731 2764/3289/2732 2296/3279/2722
f 2296/3279/2722 2764/3289/2732 2765/3290/2733 2297/3280/2723
f 2297/3280/2723 2765/3290/2733 2766/3291/2734 2298/3281/2724
f 2298/3281/2724 2766/3291/2734 2767/3292/2735 2299/3282/2725
f 2299/3282/2725 2767/3292/2735 2768/3293/2736 2300/3283/2726
f 2300/3283/2726 2768/3293/2736 2769/3294/2737 2301/3284/2727
f 2301/3284/2727 2769/3294/2737 2770/3295/2738 2302/3285/2728
f 2302/3285/2728 2770/3295/2738 2771/3296/2739 2303/3286/2729
f 2303/3286/2729 2771/3296/2739 2772/3297/2740 2304/3287/2730
f 2304/3287/2730 2772/3297/2740 2762/2149/1637 2294/2147/1635
f 2761/219/182 2617/200/165 2619/3298/2741 2763/3288/2731
f 2763/3288/2731 2619/3298/2741 2620/3299/2742 2764/3289/2732
f 2764/3289/2732 2620/3299/2742 2621/3300/2743 2765/3290/2733
f 2765/3290/2733 2621/3300/2743 2622/3301/2744 2766/3291/2734
f 2766/3291/2734 2622/3301/2744 2623/3302/2745 2767/3292/2735
f 2767/3292/2735 2623/3302/2745 2624/3303/2746 2768/3293/2736
f 2768/3293/2736 2624/3303/2746 2625/3304/2747 2769/3294/2737
f 2769/3294/2737 2625/3304/2747 2626/3305/2748 2770/3295/2738
f 2770/3295/2738 2626/3305/2748 2627/3306/2749 2771/3296/2739
f 2771/3296/2739 2627/3306/2749 2628/3307/2750 2772/3297/2740
f 2772/3297/2740 2628/3307/2750 2618/2152/1639 2762/2151/1637
f 2617/200/165 2281/203/168 2283/3308/2751 2619/3298/2741
f 2619/3298/2741 2283/3308/2751 2284/3309/2752 2620/3299/2742
f 2620/3299/2742 2284/3309/2752 2285/3310/2753 2621/3300/2743
f 2621/3300/2743 2285/3310/2753 2286/3311/2754 2622/3301/2744
f 2622/3301/2744 2286/3311/2754 2287/3312/2755 2623/3302/2745
f 2623/3302/2745 2287/3312/2755 2288/3313/2756 2624/3303/2746
f 2624/3303/2746 2288/3313/2756 2289/3314/2757 2625/3304/2747
f 2625/3304/2747 2289/3314/2757 2290/3315/2758 2626/3305/2748
f 2626/3305/2748 2290/3315/2758 2291/3316/2759 2627/3306/2749
f 2627/3306/2749 2291/3316/2759 2292/3317/2760 2628/3307/2750
f 2628/3307/2750 2292/3317/2760 2282/2155/1641 2618/2154/1639
f 2281/203/168 2749/212/176 2751/3318/2761 2283/3308/2751
f 2283/3308/2751 2751/3318/2761 2752/3319/2762 2284/3309/2752
f 2284/3309/2752 2752/3319/2762 2753/3320/2763 2285/3310/2753
f 2285/3310/2753 2753/3320/2763 2754/3321/2764 2286/3311/2754
f 2286/3311/2754 2754/3321/2764 2755/3322/2765 2287/3312/2755
f 2287/3312/2755 2755/3322/2765 2756/3323/2766 2288/3313/2756
f 2288/3313/2756 2756/3323/2766 2757/3324/2767 2289/3314/2757
f 2289/3314/2757 2757/3324/2767 2758/3325/2768 2290/3315/2758
f 2290/3315/2758 2758/3325/2768 2759/3326/2769 2291/3316/2759
f 2291/3316/2759 2759/3326/2769 2760/3327/2770 2292/3317/2760
f 2292/3317/2760 2760/3327/2770 2750/2158/1643 2282/2157/1641
f 2749/213/176 2629/193/159 2631/3328/2771 2751/3318/2761
f 2751/3318/2761 2631/3328/2771 2632/3329/2772 2752/3319/2762
f 2752/3319/2762 2632/3329/2772 2633/3330/2773 2753/3320/2763
f 2753/3320/2763 2633/3330/2773 2634/3331/2774 2754/3321/2764
f 2754/3321/2764 2634/3331/2774 2635/3332/2775 2755/3322/2765
f 2755/3322/2765 2635/3332/2775 2636/3333/2776 2756/3323/2766
f 2756/3323/2766 2636/3333/2776 2637/3334/2777 2757/3324/2767
f 2757/3324/2767 2637/3334/2777 2638/3335/2778 2758/3325/2768
f 2758/3325/2768 2638/3335/2778 2639/3336/2779 2759/3326/2769
f 2759/3326/2769 2639/3336/2779 2640/3337/2780 2760/3327/2770
f 2760/3327/2770 2640/3337/2780 2630/2160/1645 2750/2158/1643
f 2629/193/159 2269/196/162 2271/3338/2781 2631/3328/2771
f 2631/3328/2771 2271/3338/2781 2272/3339/2782 2632/3329/2772
f 2632/3329/2772 2272/3339/2782 2273/3340/2783 2633/3330/2773
f 2633/3330/2773 2273/3340/2783 2274/3341/2784 2634/3331/2774
f 2634/3331/2774 2274/3341/2784 2275/3342/2785 2635/3332/2775
f 2635/3332/2775 2275/3342/2785 2276/3343/2786 2636/3333/2776
f 2636/3333/2776 2276/3343/2786 2277/3344/2787 2637/3334/2777
f 2637/3334/2777 2277/3344/2787 2278/3345/2788 2638/3335/2778
f 2638/3335/2778 2278/3345/2788 2279/3346/2789 2639/3336/2779
f 2639/3336/2779 2279/3346/2789 2280/3347/2790 2640/3337/2780
f 2640/3337/2780 2280/3347/2790 2270/2162/1647 2630/2160/1645
f 2269/204/162 2737/206/170 2739/3348/2791 2271/3338/2781
f 2271/3338/2781 2739/3348/2791 2740/3349/2792 2272/3339/2782
f 2272/3339/2782 2740/3349/2792 2741/3350/2793 2273/3340/2783
f 2273/3340/2783 2741/3350/2793 2742/3351/2794 2274/3341/2784
f 2274/3341/2784 2742/3351/2794 2743/3352/2795 2275/3342/2785
f 2275/3342/2785 2743/3352/2795 2744/3353/2796 2276/3343/2786
f 2276/3343/2786 2744/3353/2796 2745/3354/2797 2277/3344/2787
f 2277/3344/2787 2745/3354/2797 2746/3355/2798 2278/3345/2788
f 2278/3345/2788 2746/3355/2798 2747/3356/2799 2279/3346/2789
f 2279/3346/2789 2747/3356/2799 2748/3357/2800 2280/3347/2790
f 2280/3347/2790 2748/3357/2800 2738/2166/1649 2270/2165/1647
f 2737/206/170 2641/185/153 2643/3358/2801 2739/3348/2791
f 2739/3348/2791 2643/3358/2801 2644/3359/2802 2740/3349/2792
f 2740/3349/2792 2644/3359/2802 2645/3360/2803 2741/3350/2793
f 2741/3350/2793 2645/3360/2803 2646/3361/2804 2742/3351/2794
f 2742/3351/2794 2646/3361/2804 2647/3362/2805 2743/3352/2795
f 2743/3352/2795 2647/3362/2805 2648/3363/2806 2744/3353/2796
f 2744/3353/2796 2648/3363/2806 2649/3364/2807 2745/3354/2797
f 2745/3354/2797 2649/3364/2807 2650/3365/2808 2746/3355/2798
f 2746/3355/2798 2650/3365/2808 2651/3366/2809 2747/3356/2799
f 2747/3356/2799 2651/3366/2809 2652/3367/2810 2748/3357/2800
f 2748/3357/2800 2652/3367/2810 2642/2170/1651 2738/2169/1649
f 2641/185/153 2257/188/156 2259/3368/2811 2643/3358/2801
f 2643/3358/2801 2259/3368/2811 2260/3369/2812 2644/3359/2802
f 2644/3359/2802 2260/3369/2812 2261/3370/2813 2645/3360/2803
f 2645/3360/2803 2261/3370/2813 2262/3371/2814 2646/3361/2804
f 2646/3361/2804 2262/3371/2814 2263/3372/2815 2647/3362/2805
f 2647/3362/2805 2263/3372/2815 2264/3373/2816 2648/3363/2806
f 2648/3363/2806 2264/3373/2816 2265/3374/2817 2649/3364/2807
f 2649/3364/2807 2265/3374/2817 2266/3375/2818 2650/3365/2808
f 2650/3365/2808 2266/3375/2818 2267/3376/2819 2651/3366/2809
f 2651/3366/2809 2267/3376/2819 2268/3377/2820 2652/3367/2810
f 2652/3367/2810 2268/3377/2820 2258/2173/1653 2642/2172/1651
f 2257/188/156 2725/198/164 2727/3378/2821 2259/3368/2811
f 2259/3368/2811 2727/3378/2821 2728/3379/2822 2260/3369/2812
f 2260/3369/2812 2728/3379/2822 2729/3380/2823 2261/3370/2813
f 2261/3370/2813 2729/3380/2823 2730/3381/2824 2262/3371/2814
f 2262/3371/2814 2730/3381/2824 2731/3382/2825 2263/3372/2815
f 2263/3372/2815 2731/3382/2825 2732/3383/2826 2264/3373/2816
f 2264/3373/2816 2732/3383/2826 2733/3384/2827 2265/3374/2817
f 2265/3374/2817 2733/3384/2827 2734/3385/2828 2266/3375/2818
f 2266/3375/2818 2734/3385/2828 2735/3386/2829 2267/3376/2819
f 2267/3376/2819 2735/3386/2829 2736/3387/2830 2268/3377/2820
f 2268/3377/2820 2736/3387/2830 2726/2176/1655 2258/2175/1653
f 2725/199/164 2653/179/147 2655/3388/2831 2727/3378/2821
f 2727/3378/2821 2655/3388/2831 2656/3389/2832 2728/3379/2822
f 2728/3379/2822 2656/3389/2832 2657/3390/2833 2729/3380/2823
f 2729/3380/2823 2657/3390/2833 2658/3391/2834 2730/3381/2824
f 2730/3381/2824 2658/3391/2834 2659/3392/2835 2731/3382/2825
f 2731/3382/2825 2659/3392/2835 2660/3393/2836 2732/3383/2826
f 2732/3383/2826 2660/3393/2836 2661/3394/2837 2733/3384/2827
f 2733/3384/2827 2661/3394/2837 2662/3395/2838 2734/3385/2828
f 2734/3385/2828 2662/3395/2838 2663/3396/2839 2735/3386/2829
f 2735/3386/2829 2663/3396/2839 2664/3397/2840 2736/3387/2830
f 2736/3387/2830 2664/3397/2840 2654/2180/1657 2726/2179/1655
f 2653/179/147 2245/182/150 2247/3398/2841 2655/3388/2831
f 2655/3388/2831 2247/3398/2841 2248/3399/2842 2656/3389/2832
f 2656/3389/2832 2248/3399/2842 2249/3400/2843 2657/3390/2833
f 2657/3390/2833 2249/3400/2843 2250/3401/2844 2658/3391/2834
f 2658/3391/2834 2250/3401/2844 2251/3402/2845 2659/3392/2835
f 2659/3392/2835 2251/3402/2845 2252/3403/2846 2660/3393/2836
f 2660/3393/2836 2252/3403/2846 2253/3404/2847 2661/3394/2837
f 2661/3394/2837 2253/3404/2847 2254/3405/2848 2662/3395/2838
f 2662/3395/2838 2254/3405/2848 2255/3406/2849 2663/3396/2839
f 2663/3396/2839 2255/3406/2849 2256/3407/2850 2664/3397/2840
f 2664/3397/2840 2256/3407/2850 2246/2183/1659 2654/2182/1657
f 2245/182/150 2713/190/158 2715/3408/2851 2247/3398/2841
f 2247/3398/2841 2715/3408/2851 2716/3409/2852 2248/3399/2842
f 2248/3399/2842 2716/3409/2852 2717/3410/2853 2249/3400/2843
f 2249/3400/2843 2717/3410/2853 2718/3411/2854 2250/3401/2844
f 2250/3401/2844 2718/3411/2854 2719/3412/2855 2251/3402/2845
f 2251/3402/2845 2719/3412/2855 2720/3413/2856 2252/3403/2846
f 2252/3403/2846 2720/3413/2856 2721/3414/2857 2253/3404/2847
f 2253/3404/2847 2721/3414/2857 2722/3415/2858 2254/3405/2848
f 2254/3405/2848 2722/3415/2858 2723/3416/2859 2255/3406/2849
f 2255/3406/2849 2723/3416/2859 2724/3417/2860 2256/3407/2850
f 2256/3407/2850 2724/3417/2860 2714/2185/1661 2246/2183/1659
f 2713/191/158 2665/192/141 2667/3418/2861 2715/3408/2851
f 2715/3408/2851 2667/3418/2861 2668/3419/2862 2716/3409/2852
f 2716/3409/2852 2668/3419/2862 2669/3420/2863 2717/3410/2853
f 2717/3410/2853 2669/3420/2863 2670/3421/2864 2718/3411/2854
f 2718/3411/2854 2670/3421/2864 2671/3422/2865 2719/3412/2855
f 2719/3412/2855 2671/3422/2865 2672/3423/2866 2720/3413/2856
f 2720/3413/2856 2672/3423/2866 2673/3424/2867 2721/3414/2857
f 2721/3414/2857 2673/3424/2867 2674/3425/2868 2722/3415/2858
f 2722/3415/2858 2674/3425/2868 2675/3426/2869 2723/3416/2859
f 2723/3416/2859 2675/3426/2869 2676/3427/2870 2724/3417/2860
f 2724/3417/2860 2676/3427/2870 2666/2187/1663 2714/2185/1661
f 2665/172/141 2233/175/144 2235/3428/2871 2667/3418/2861
f 2667/3418/2861 2235/3428/2871 2236/3429/2872 2668/3419/2862
f 2668/3419/2862 2236/3429/2872 2237/3430/2873 2669/3420/2863
f 2669/3420/2863 2237/3430/2873 2238/3431/2874 2670/3421/2864
f 2670/3421/2864 2238/3431/2874 2239/3432/2875 2671/3422/2865
f 2671/3422/2865 2239/3432/2875 2240/3433/2876 2672/3423/2866
f 2672/3423/2866 2240/3433/2876 2241/3434/2877 2673/3424/2867
f 2673/3424/2867 2241/3434/2877 2242/3435/2878 2674/3425/2868
f 2674/3425/2868 2242/3435/2878 2243/3436/2879 2675/3426/2869
f 2675/3426/2869 2243/3436/2879 2244/3437/2880 2676/3427/2870
f 2676/3427/2870 2244/3437/2880 2234/2191/1665 2666/2190/1663
f 2233/175/144 2701/184/152 2703/3438/2881 2235/3428/2871
f 2235/3428/2871 2703/3438/2881 2704/3439/2882 2236/3429/2872
f 2236/3429/2872 2704/3439/2882 2705/3440/2883 2237/3430/2873
f 2237/3430/2873 2705/3440/2883 2706/3441/2884 2238/3431/2874
f 2238/3431/2874 2706/3441/2884 2707/3442/2885 2239/3432/2875
f 2239/3432/2875 2707/3442/2885 2708/3443/2886 2240/3433/2876
f 2240/3433/2876 2708/3443/2886 2709/3444/2887 2241/3434/2877
f 2241/3434/2877 2709/3444/2887 2710/3445/2888 2242/3435/2878
f 2242/3435/2878 2710/3445/2888 2711/3446/2889 2243/3436/2879
f 2243/3436/2879 2711/3446/2889 2712/3447/2890 2244/3437/2880
f 2244/3437/2880 2712/3447/2890 2702/2193/1667 2234/2191/1665
f 2701/184/152 2677/152/121 2679/3448/2891 2703/3438/2881
f 2703/3438/2881 2679/3448/2891 2680/3449/2892 2704/3439/2882
f 2704/3439/2882 2680/3449/2892 2681/3450/2893 2705/3440/2883
f 2705/3440/2883 2681/3450/2893 2682/3451/2894 2706/3441/2884
f 2706/3441/2884 2682/3451/2894 2683/3452/2895 2707/3442/2885
f 2707/3442/2885 2683/3452/2895 2684/3453/2896 2708/3443/2886
f 2708/3443/2886 2684/3453/2896 2685/3454/2897 2709/3444/2887
f 2709/3444/2887 2685/3454/2897 2686/3455/2898 2710/3445/2888
f 2710/3445/2888 2686/3455/2898 2687/3456/2899 2711/3446/2889
f 2711/3446/2889 2687/3456/2899 2688/3457/2900 2712/3447/2890
f 2712/3447/2890 2688/3457/2900 2678/2195/1669 2702/2193/1667
f 2677/152/121 2221/155/124 2223/3458/2901 2679/3448/2891
f 2679/3448/2891 2223/3458/2901 2224/3459/2902 2680/3449/2892
f 2680/3449/2892 2224/3459/2902 2225/3460/2903 2681/3450/2893
f 2681/3450/2893 2225/3460/2903 2226/3461/2904 2682/3451/2894
f 2682/3451/2894 2226/3461/2904 2227/3462/2905 2683/3452/2895
f 2683/3452/2895 2227/3462/2905 2228/3463/2906 2684/3453/2896
f 2684/3453/2896 2228/3463/2906 2229/3464/2907 2685/3454/2897
f 2685/3454/2897 2229/3464/2907 2230/3465/2908 2686/3455/2898
f 2686/3455/2898 2230/3465/2908 2231/3466/2909 2687/3456/2899
f 2687/3456/2899 2231/3466/2909 2232/3467/2910 2688/3457/2900
f 2688/3457/2900 2232/3467/2910 2222/2198/1671 2678/2195/1669
f 2221/176/124 2689/178/146 2691/3468/2911 2223/3458/2901
f 2223/3458/2901 2691/3468/2911 2692/3469/2912 2224/3459/2902
f 2224/3459/2902 2692/3469/2912 2693/3470/2913 2225/3460/2903
f 2225/3460/2903 2693/3470/2913 2694/3471/2914 2226/3461/2904
f 2226/3461/2904 2694/3471/2914 2695/3472/2915 2227/3462/2905
f 2227/3462/2905 2695/3472/2915 2696/3473/2916 2228/3463/2906
f 2228/3463/2906 2696/3473/2916 2697/3474/2917 2229/3464/2907
f 2229/3464/2907 2697/3474/2917 2698/3475/2918 2230/3465/2908
f 2230/3465/2908 2698/3475/2918 2699/3476/2919 2231/3466/2909
f 2231/3466/2909 2699/3476/2919 2700/3477/2920 2232/3467/2910
f 2232/3467/2910 2700/3477/2920 2690/2201/1674 2222/2198/1671
f 2689/178/146 2930/164/133 2940/2899/2342 2691/3468/2911
f 2691/3468/2911 2940/2899/2342 2939/2901/2344 2692/3469/2912
f 2692/3469/2912 2939/2901/2344 2938/2903/2346 2693/3470/2913
f 2693/3470/2913 2938/2903/2346 2937/2905/2348 2694/3471/2914
f 2694/3471/2914 2937/2905/2348 2936/2907/2350 2695/3472/2915
f 2695/3472/2915 2936/2907/2350 2935/2909/2352 2696/3473/2916
f 2696/3473/2916 2935/2909/2352 2934/2911/2354 2697/3474/2917
f 2697/3474/2917 2934/2911/2354 2933/2913/2356 2698/3475/2918
f 2698/3475/2918 2933/2913/2356 2932/2915/2358 2699/3476/2919
f 2699/3476/2919 2932/2915/2358 2931/2917/2360 2700/3477/2920
f 2700/3477/2920 2931/2917/2360 2929/2202/1675 2690/2201/1674
f 2462/163/132 2438/289/241 2448/2919/2362 2472/3478/2921
f 2472/3478/2921 2448/2919/2362 2447/2921/2364 2471/3479/2922
f 2471/3479/2922 2447/2921/2364 2446/2923/2366 2470/3480/2923
f 2470/3480/2923 2446/2923/2366 2445/2925/2368 2469/3481/2924
f 2469/3481/2924 2445/2925/2368 2444/2927/2370 2468/3482/2925
f 2468/3482/2925 2444/2927/2370 2443/2929/2372 2467/3483/2926
f 2467/3483/2926 2443/2929/2372 2442/2931/2374 2466/3484/2927
f 2466/3484/2927 2442/2931/2374 2441/2933/2376 2465/3485/2928
f 2465/3485/2928 2441/2933/2376 2440/2935/2378 2464/3486/2929
f 2464/3486/2929 2440/2935/2378 2439/2937/2380 2463/3487/2930
f 2463/3487/2930 2439/2937/2380 2437/170/139 2461/169/138
f 2449/2051/136 2917/160/129 2919/3488/2931 2451/3489/2341
f 2451/3489/2341 2919/3488/2931 2920/3490/2932 2452/3491/2343
f 2452/3491/2343 2920/3490/2932 2921/3492/2933 2453/3493/2345
f 2453/3493/2345 2921/3492/2933 2922/3494/2934 2454/3495/2347
f 2454/3495/2347 2922/3494/2934 2923/3496/2935 2455/3497/2349
f 2455/3497/2349 2923/3496/2935 2924/3498/2936 2456/3499/2351
f 2456/3499/2351 2924/3498/2936 2925/3500/2937 2457/3501/2353
f 2457/3501/2353 2925/3500/2937 2926/3502/2938 2458/3503/2355
f 2458/3503/2355 2926/3502/2938 2927/3504/2939 2459/3505/2357
f 2459/3505/2357 2927/3504/2939 2928/3506/2940 2460/3507/2359
f 2460/3507/2359 2928/3506/2940 2918/2211/1678 2450/2210/1679
f 2917/160/129 2462/163/132 2472/3478/2921 2919/3488/2931
f 2919/3488/2931 2472/3478/2921 2471/3479/2922 2920/3490/2932
f 2920/3490/2932 2471/3479/2922 2470/3480/2923 2921/3492/2933
f 2921/3492/2933 2470/3480/2923 2469/3481/2924 2922/3494/2934
f 2922/3494/2934 2469/3481/2924 2468/3482/2925 2923/3496/2935
f 2923/3496/2935 2468/3482/2925 2467/3483/2926 2924/3498/2936
f 2924/3498/2936 2467/3483/2926 2466/3484/2927 2925/3500/2937
f 2925/3500/2937 2466/3484/2927 2465/3485/2928 2926/3502/2938
f 2926/3502/2938 2465/3485/2928 2464/3486/2929 2927/3504/2939
f 2927/3504/2939 2464/3486/2929 2463/3487/2930 2928/3506/2940
f 2928/3506/2940 2463/3487/2930 2461/2206/138 2918/2205/1678
f 1514/2199/1672 2222/2198/1671 2690/2201/1674 1501/2200/1673
f 5845/1/2941 5413/4/2942 2946/3/2943 2945/2/2944
f 3014/5/2945 3026/8/2946 3745/7/2947 3733/6/2948
f 3026/9/2946 3038/11/2949 3757/10/2950 3745/7/2947
f 3038/11/2949 3050/13/2951 3769/12/2952 3757/10/2950
f 3050/13/2951 3062/15/2953 3781/14/2954 3769/12/2952
f 3062/15/2953 3074/18/2955 3793/17/2956 3781/16/2954
f 3074/18/2955 3086/21/2957 3805/20/2958 3793/19/2956
f 3086/21/2957 3098/23/2959 3817/22/2960 3805/20/2958
f 3098/24/2959 3110/26/2961 3829/25/2962 3817/22/2960
f 3110/27/2961 3122/29/2963 3841/28/2964 3829/25/2962
f 3122/30/2963 3134/32/2965 3853/31/2966 3841/28/2964
f 3134/33/2965 3146/35/2967 3865/34/2968 3853/31/2966
f 3146/35/2967 3158/37/2969 3877/36/2970 3865/34/2968
f 3158/38/2969 3170/40/2971 3889/39/2972 3877/36/2970
f 3170/40/2971 3182/42/2973 3901/41/2974 3889/39/2972
f 3182/42/2973 3194/44/2975 3913/43/2976 3901/41/2974
f 3194/45/2975 3206/47/2977 3925/46/2978 3913/43/2976
f 3206/47/2977 3218/49/2979 3937/48/2980 3925/46/2978
f 3218/49/2979 3230/51/2981 3949/50/2982 3937/48/2980
f 3230/51/2981 3242/53/2983 3961/52/2984 3949/50/2982
f 3242/54/2983 3254/56/2985 3973/55/2986 3961/52/2984
f 3254/57/2985 3266/59/2987 3985/58/2988 3973/55/2986
f 3266/59/2987 3278/61/2989 3997/60/2990 3985/58/2988
f 3278/62/2989 3290/65/2991 4009/64/2992 3997/63/2990
f 3290/65/2991 3302/67/2993 4021/66/2994 4009/64/2992
f 3302/67/2993 3314/69/2995 4033/68/2996 4021/66/2994
f 3314/69/2995 3326/71/2997 4045/70/2998 4033/68/2996
f 3326/71/2997 3338/73/2999 4057/72/3000 4045/70/2998
f 3338/73/2999 3350/75/3001 4069/74/3002 4057/72/3000
f 3350/75/3001 3362/77/3003 4081/76/3004 4069/74/3002
f 3362/77/3003 3374/79/3005 4093/78/3006 4081/76/3004
f 3374/79/3005 3386/81/3007 4105/80/3008 4093/78/3006
f 3386/81/3007 3398/84/3009 4117/83/3010 4105/82/3008
f 3398/85/3009 3410/88/3011 4129/87/3012 4117/86/3010
f 3410/88/3011 3422/91/3013 4141/90/3014 4129/89/3012
f 3422/92/3013 3434/94/3015 4153/93/3016 4141/90/3014
f 3434/95/3015 3446/97/3017 4165/96/3018 4153/93/3016
f 3446/98/3017 3458/100/3019 4177/99/3020 4165/96/3018
f 3458/100/3019 3470/102/3021 4189/101/3022 4177/99/3020
f 3470/103/3021 3482/105/3023 4201/104/3024 4189/101/3022
f 3482/105/3023 3494/108/3025 4213/107/3026 4201/106/3024
f 3494/109/3025 3506/111/3027 4225/110/3028 4213/107/3026
f 3506/111/3027 3518/113/3029 4237/112/3030 4225/110/3028
f 3518/113/3029 3530/115/3031 4249/114/3032 4237/112/3030
f 3530/116/3031 3542/118/3033 4261/117/3034 4249/114/3032
f 3542/118/3033 3554/120/3035 4273/119/3036 4261/117/3034
f 3554/120/3035 3566/122/3037 4285/121/3038 4273/119/3036
f 3566/123/3037 3578/125/3039 4297/124/3040 4285/121/3038
f 3578/126/3039 3590/128/3041 4309/127/3042 4297/124/3040
f 3590/129/3041 3602/131/3043 4321/130/3044 4309/127/3042
f 3602/131/3043 3614/133/3045 4333/132/3046 4321/130/3044
f 3614/134/3045 3626/136/3047 4345/135/3048 4333/132/3046
f 3626/136/3047 3638/138/3049 4357/137/3050 4345/135/3048
f 3638/139/3049 3650/142/3051 4369/141/3052 4357/140/3050
f 3650/143/3051 3662/145/3053 4381/144/3054 4369/141/3052
f 3662/145/3053 3674/147/3055 4393/146/3056 4381/144/3054
f 3674/147/3055 3686/149/3057 4405/148/3058 4393/146/3056
f 3686/149/3057 3698/151/3059 4417/150/3060 4405/148/3058
f 5617/152/3061 5161/155/3062 2998/154/3063 2997/153/3064
f 3698/151/3059 3710/157/3065 4429/156/3066 4417/150/3060
f 3002/158/3067 3014/5/2945 3733/6/2948 3722/159/3068
f 5857/160/3069 5402/163/3070 2943/162/3071 2942/161/3072
f 5870/164/3073 5389/167/3074 2941/166/3075 3000/165/3076
f 5114/168/3077 5102/171/3078 5377/170/3079 5401/169/3080
f 5605/172/3081 5173/175/3082 2995/174/3083 2994/173/3084
f 5161/176/3062 5629/178/3085 2999/177/3086 2998/154/3063
f 5629/178/3085 5870/164/3073 3000/165/3076 2999/177/3086
f 5593/179/3087 5185/182/3088 2992/181/3089 2991/180/3090
f 5173/175/3082 5641/184/3091 2996/183/3092 2995/174/3083
f 5641/184/3091 5617/152/3061 2997/153/3064 2996/183/3092
f 5581/185/3093 5197/188/3094 2989/187/3095 2988/186/3096
f 5185/182/3088 5653/190/3097 2993/189/3098 2992/181/3089
f 5653/191/3097 5605/192/3081 2994/173/3084 2993/189/3098
f 5569/193/3099 5209/196/3100 2986/195/3101 2985/194/3102
f 5197/188/3094 5665/198/3103 2990/197/3104 2989/187/3095
f 5665/199/3103 5593/179/3087 2991/180/3090 2990/197/3104
f 5557/200/3105 5221/203/3106 2983/202/3107 2982/201/3108
f 5209/204/3100 5677/206/3109 2987/205/3110 2986/195/3101
f 5677/206/3109 5581/185/3093 2988/186/3096 2987/205/3110
f 5545/207/3111 5233/210/3112 2980/209/3113 2979/208/3114
f 5221/203/3106 5689/212/3115 2984/211/3116 2983/202/3107
f 5689/213/3115 5569/193/3099 2985/194/3102 2984/211/3116
f 5533/214/3117 5245/217/3118 2977/216/3119 2976/215/3120
f 5233/210/3112 5701/219/3121 2981/218/3122 2980/209/3113
f 5701/219/3121 5557/200/3105 2982/201/3108 2981/218/3122
f 5521/220/3123 5257/223/3124 2974/222/3125 2973/221/3126
f 5245/224/3118 5713/226/3127 2978/225/3128 2977/216/3119
f 5713/226/3127 5545/207/3111 2979/208/3114 2978/225/3128
f 5509/227/3129 5269/230/3130 2971/229/3131 2970/228/3132
f 5257/231/3124 5725/233/3133 2975/232/3134 2974/222/3125
f 5725/233/3133 5533/214/3117 2976/215/3120 2975/232/3134
f 5497/234/3135 5281/237/3136 2968/236/3137 2967/235/3138
f 5269/230/3130 5737/239/3139 2972/238/3140 2971/229/3131
f 5737/240/3139 5521/220/3123 2973/221/3126 2972/238/3140
f 5485/241/3141 5293/244/3142 2965/243/3143 2964/242/3144
f 5281/237/3136 5749/246/3145 2969/245/3146 2968/236/3137
f 5749/247/3145 5509/227/3129 2970/228/3132 2969/245/3146
f 5473/248/3147 5305/251/3148 2962/250/3149 2961/249/3150
f 5293/252/3142 5761/254/3151 2966/253/3152 2965/243/3143
f 5761/254/3151 5497/255/3135 2967/235/3138 2966/253/3152
f 5461/256/3153 5317/259/3154 2959/258/3155 2958/257/3156
f 5305/251/3148 5773/261/3157 2963/260/3158 2962/250/3149
f 5773/261/3157 5485/241/3141 2964/242/3144 2963/260/3158
f 5449/262/3159 5329/265/3160 2956/264/3161 2955/263/3162
f 5317/259/3154 5785/267/3163 2960/266/3164 2959/258/3155
f 5785/268/3163 5473/248/3147 2961/249/3150 2960/266/3164
f 5437/269/3165 5341/272/3166 2953/271/3167 2952/270/3168
f 5329/273/3160 5797/275/3169 2957/274/3170 2956/264/3161
f 5797/275/3169 5461/276/3153 2958/257/3156 2957/274/3170
f 5425/277/3171 5353/280/3172 2950/279/3173 2949/278/3174
f 5341/272/3166 5809/282/3175 2954/281/3176 2953/271/3167
f 5809/283/3175 5449/262/3159 2955/263/3162 2954/281/3176
f 5413/4/2942 5365/285/3177 2947/284/3178 2946/3/2943
f 5353/280/3172 5821/287/3179 2951/286/3180 2950/279/3173
f 5821/288/3179 5437/269/3165 2952/270/3168 2951/286/3180
f 5378/289/3181 5845/1/2941 2945/2/2944 2944/290/3182
f 5365/291/3177 5833/293/3183 2948/292/3184 2947/284/3178
f 5833/293/3183 5425/277/3171 2949/278/3174 2948/292/3184
f 5402/163/3070 5378/289/3181 2944/290/3182 2943/162/3071
f 3001/294/3185 3709/353/3186 3697/352/3187 3685/351/3188 3673/350/3189 3661/349/3190 3649/348/3191 3637/347/3192 3625/346/3193 3613/345/3194 3601/344/3195 3589/343/3196 3577/342/3197 3565/341/3198 3553/340/3199 3541/339/3200 3529/338/3201 3517/337/3202 3505/336/3203 3493/335/3204 3481/334/3205 3469/333/3206 3457/332/3207 3445/331/3208 3433/330/3209 3421/329/3210 3409/328/3211 3397/327/3212 3385/326/3213 3373/325/3214 3361/324/3215 3349/323/3216 3337/322/3217 3325/321/3218 3313/320/3219 3301/319/3220 3289/318/3221 3277/317/3222 3265/316/3223 3253/315/3224 3241/314/3225 3229/313/3226 3217/312/3227 3205/311/3228 3193/310/3229 3181/309/3230 3169/308/3231 3157/307/3232 3145/306/3233 3133/305/3234 3121/304/3235 3109/303/3236 3097/302/3237 3085/301/3238 3073/300/3239 3061/299/3240 3049/298/3241 3037/297/3242 3025/296/3243 3013/295/3244
f 3002/158/3067 3012/355/3245 3024/354/3246 3014/5/2945
f 3012/355/3245 3011/357/3247 3023/356/3248 3024/354/3246
f 3011/357/3247 3010/359/3249 3022/358/3250 3023/356/3248
f 3010/359/3249 3009/361/3251 3021/360/3252 3022/358/3250
f 3009/361/3251 3008/363/3253 3020/362/3254 3021/360/3252
f 3008/363/3253 3007/365/3255 3019/364/3256 3020/362/3254
f 3007/366/3255 3006/369/3257 3018/368/3258 3019/367/3256
f 3006/369/3257 3005/371/3259 3017/370/3260 3018/368/3258
f 3005/371/3259 3004/373/3261 3016/372/3262 3017/370/3260
f 3004/373/3261 3003/375/3263 3015/374/3264 3016/372/3262
f 3003/375/3263 3001/294/3185 3013/295/3244 3015/374/3264
f 3014/5/2945 3024/377/3246 3036/376/3265 3026/8/2946
f 3024/377/3246 3023/379/3248 3035/378/3266 3036/376/3265
f 3023/379/3248 3022/381/3250 3034/380/3267 3035/378/3266
f 3022/381/3250 3021/383/3252 3033/382/3268 3034/380/3267
f 3021/383/3252 3020/385/3254 3032/384/3269 3033/382/3268
f 3020/385/3254 3019/387/3256 3031/386/3270 3032/384/3269
f 3019/367/3256 3018/368/3258 3030/389/3271 3031/388/3270
f 3018/368/3258 3017/370/3260 3029/390/3272 3030/389/3271
f 3017/370/3260 3016/372/3262 3028/391/3273 3029/390/3272
f 3016/372/3262 3015/374/3264 3027/392/3274 3028/391/3273
f 3015/374/3264 3013/295/3244 3025/296/3243 3027/392/3274
f 3026/9/2946 3036/394/3265 3048/393/3275 3038/11/2949
f 3036/394/3265 3035/396/3266 3047/395/3276 3048/393/3275
f 3035/396/3266 3034/398/3267 3046/397/3277 3047/395/3276
f 3034/398/3267 3033/400/3268 3045/399/3278 3046/397/3277
f 3033/400/3268 3032/402/3269 3044/401/3279 3045/399/3278
f 3032/402/3269 3031/404/3270 3043/403/3280 3044/401/3279
f 3031/388/3270 3030/389/3271 3042/406/3281 3043/405/3280
f 3030/389/3271 3029/390/3272 3041/407/3282 3042/406/3281
f 3029/390/3272 3028/391/3273 3040/408/3283 3041/407/3282
f 3028/391/3273 3027/392/3274 3039/409/3284 3040/408/3283
f 3027/392/3274 3025/296/3243 3037/297/3242 3039/409/3284
f 3038/11/2949 3048/411/3275 3060/410/3285 3050/13/2951
f 3048/411/3275 3047/413/3276 3059/412/3286 3060/410/3285
f 3047/413/3276 3046/415/3277 3058/414/3287 3059/412/3286
f 3046/415/3277 3045/417/3278 3057/416/3288 3058/414/3287
f 3045/417/3278 3044/419/3279 3056/418/3289 3057/416/3288
f 3044/419/3279 3043/421/3280 3055/420/3290 3056/418/3289
f 3043/405/3280 3042/406/3281 3054/423/3291 3055/422/3290
f 3042/406/3281 3041/407/3282 3053/424/3292 3054/423/3291
f 3041/407/3282 3040/408/3283 3052/425/3293 3053/424/3292
f 3040/408/3283 3039/409/3284 3051/426/3294 3052/425/3293
f 3039/409/3284 3037/297/3242 3049/298/3241 3051/426/3294
f 3050/13/2951 3060/428/3285 3072/427/3295 3062/15/2953
f 3060/428/3285 3059/430/3286 3071/429/3296 3072/427/3295
f 3059/430/3286 3058/432/3287 3070/431/3297 3071/429/3296
f 3058/432/3287 3057/434/3288 3069/433/3298 3070/431/3297
f 3057/434/3288 3056/436/3289 3068/435/3299 3069/433/3298
f 3056/436/3289 3055/438/3290 3067/437/3300 3068/435/3299
f 3055/422/3290 3054/423/3291 3066/440/3301 3067/439/3300
f 3054/423/3291 3053/424/3292 3065/441/3302 3066/440/3301
f 3053/424/3292 3052/425/3293 3064/442/3303 3065/441/3302
f 3052/425/3293 3051/426/3294 3063/443/3304 3064/442/3303
f 3051/426/3294 3049/298/3241 3061/299/3240 3063/443/3304
f 3062/15/2953 3072/445/3295 3084/444/3305 3074/18/2955
f 3072/445/3295 3071/447/3296 3083/446/3306 3084/444/3305
f 3071/447/3296 3070/449/3297 3082/448/3307 3083/446/3306
f 3070/449/3297 3069/451/3298 3081/450/3308 3082/448/3307
f 3069/451/3298 3068/453/3299 3080/452/3309 3081/450/3308
f 3068/453/3299 3067/455/3300 3079/454/3310 3080/452/3309
f 3067/439/3300 3066/440/3301 3078/457/3311 3079/456/3310
f 3066/440/3301 3065/441/3302 3077/458/3312 3078/457/3311
f 3065/441/3302 3064/442/3303 3076/459/3313 3077/458/3312
f 3064/442/3303 3063/443/3304 3075/460/3314 3076/459/3313
f 3063/443/3304 3061/299/3240 3073/300/3239 3075/460/3314
f 3074/18/2955 3084/462/3305 3096/461/3315 3086/21/2957
f 3084/462/3305 3083/464/3306 3095/463/3316 3096/461/3315
f 3083/464/3306 3082/466/3307 3094/465/3317 3095/463/3316
f 3082/466/3307 3081/468/3308 3093/467/3318 3094/465/3317
f 3081/468/3308 3080/470/3309 3092/469/3319 3093/467/3318
f 3080/470/3309 3079/472/3310 3091/471/3320 3092/469/3319
f 3079/456/3310 3078/457/3311 3090/474/3321 3091/473/3320
f 3078/457/3311 3077/458/3312 3089/475/3322 3090/474/3321
f 3077/458/3312 3076/459/3313 3088/476/3323 3089/475/3322
f 3076/459/3313 3075/460/3314 3087/477/3324 3088/476/3323
f 3075/460/3314 3073/300/3239 3085/301/3238 3087/477/3324
f 3086/21/2957 3096/479/3315 3108/478/3325 3098/23/2959
f 3096/479/3315 3095/481/3316 3107/480/3326 3108/478/3325
f 3095/481/3316 3094/483/3317 3106/482/3327 3107/480/3326
f 3094/483/3317 3093/485/3318 3105/484/3328 3106/482/3327
f 3093/485/3318 3092/487/3319 3104/486/3329 3105/484/3328
f 3092/487/3319 3091/489/3320 3103/488/3330 3104/486/3329
f 3091/473/3320 3090/474/3321 3102/491/3331 3103/490/3330
f 3090/474/3321 3089/475/3322 3101/492/3332 3102/491/3331
f 3089/475/3322 3088/476/3323 3100/493/3333 3101/492/3332
f 3088/476/3323 3087/477/3324 3099/494/3334 3100/493/3333
f 3087/477/3324 3085/301/3238 3097/302/3237 3099/494/3334
f 3098/24/2959 3108/496/3325 3120/495/3335 3110/26/2961
f 3108/496/3325 3107/498/3326 3119/497/3336 3120/495/3335
f 3107/498/3326 3106/500/3327 3118/499/3337 3119/497/3336
f 3106/500/3327 3105/502/3328 3117/501/3338 3118/499/3337
f 3105/502/3328 3104/504/3329 3116/503/3339 3117/501/3338
f 3104/504/3329 3103/506/3330 3115/505/3340 3116/503/3339
f 3103/490/3330 3102/491/3331 3114/508/3341 3115/507/3340
f 3102/491/3331 3101/492/3332 3113/509/3342 3114/508/3341
f 3101/492/3332 3100/493/3333 3112/510/3343 3113/509/3342
f 3100/493/3333 3099/494/3334 3111/511/3344 3112/510/3343
f 3099/494/3334 3097/302/3237 3109/303/3236 3111/511/3344
f 3110/27/2961 3120/513/3335 3132/512/3345 3122/29/2963
f 3120/513/3335 3119/515/3336 3131/514/3346 3132/512/3345
f 3119/515/3336 3118/517/3337 3130/516/3347 3131/514/3346
f 3118/517/3337 3117/519/3338 3129/518/3348 3130/516/3347
f 3117/519/3338 3116/521/3339 3128/520/3349 3129/518/3348
f 3116/521/3339 3115/523/3340 3127/522/3350 3128/520/3349
f 3115/507/3340 3114/508/3341 3126/525/3351 3127/524/3350
f 3114/508/3341 3113/509/3342 3125/526/3352 3126/525/3351
f 3113/509/3342 3112/510/3343 3124/527/3353 3125/526/3352
f 3112/510/3343 3111/511/3344 3123/528/3354 3124/527/3353
f 3111/511/3344 3109/303/3236 3121/304/3235 3123/528/3354
f 3122/30/2963 3132/530/3345 3144/529/3355 3134/32/2965
f 3132/530/3345 3131/532/3346 3143/531/3356 3144/529/3355
f 3131/532/3346 3130/534/3347 3142/533/3357 3143/531/3356
f 3130/534/3347 3129/536/3348 3141/535/3358 3142/533/3357
f 3129/536/3348 3128/538/3349 3140/537/3359 3141/535/3358
f 3128/538/3349 3127/540/3350 3139/539/3360 3140/537/3359
f 3127/524/3350 3126/525/3351 3138/542/3361 3139/541/3360
f 3126/525/3351 3125/526/3352 3137/543/3362 3138/542/3361
f 3125/526/3352 3124/527/3353 3136/544/3363 3137/543/3362
f 3124/527/3353 3123/528/3354 3135/545/3364 3136/544/3363
f 3123/528/3354 3121/304/3235 3133/305/3234 3135/545/3364
f 3134/33/2965 3144/547/3355 3156/546/3365 3146/35/2967
f 3144/547/3355 3143/549/3356 3155/548/3366 3156/546/3365
f 3143/549/3356 3142/551/3357 3154/550/3367 3155/548/3366
f 3142/551/3357 3141/553/3358 3153/552/3368 3154/550/3367
f 3141/553/3358 3140/555/3359 3152/554/3369 3153/552/3368
f 3140/555/3359 3139/557/3360 3151/556/3370 3152/554/3369
f 3139/541/3360 3138/542/3361 3150/559/3371 3151/558/3370
f 3138/542/3361 3137/543/3362 3149/560/3372 3150/559/3371
f 3137/543/3362 3136/544/3363 3148/561/3373 3149/560/3372
f 3136/544/3363 3135/545/3364 3147/562/3374 3148/561/3373
f 3135/545/3364 3133/305/3234 3145/306/3233 3147/562/3374
f 3146/35/2967 3156/564/3365 3168/563/3375 3158/37/2969
f 3156/564/3365 3155/566/3366 3167/565/3376 3168/563/3375
f 3155/566/3366 3154/568/3367 3166/567/3377 3167/565/3376
f 3154/568/3367 3153/570/3368 3165/569/3378 3166/567/3377
f 3153/570/3368 3152/572/3369 3164/571/3379 3165/569/3378
f 3152/572/3369 3151/574/3370 3163/573/3380 3164/571/3379
f 3151/558/3370 3150/559/3371 3162/576/3381 3163/575/3380
f 3150/559/3371 3149/560/3372 3161/577/3382 3162/576/3381
f 3149/560/3372 3148/561/3373 3160/578/3383 3161/577/3382
f 3148/561/3373 3147/562/3374 3159/579/3384 3160/578/3383
f 3147/562/3374 3145/306/3233 3157/307/3232 3159/579/3384
f 3158/38/2969 3168/581/3375 3180/580/3385 3170/40/2971
f 3168/581/3375 3167/583/3376 3179/582/3386 3180/580/3385
f 3167/583/3376 3166/585/3377 3178/584/3387 3179/582/3386
f 3166/585/3377 3165/587/3378 3177/586/3388 3178/584/3387
f 3165/587/3378 3164/589/3379 3176/588/3389 3177/586/3388
f 3164/589/3379 3163/591/3380 3175/590/3390 3176/588/3389
f 3163/575/3380 3162/576/3381 3174/593/3391 3175/592/3390
f 3162/576/3381 3161/577/3382 3173/594/3392 3174/593/3391
f 3161/577/3382 3160/578/3383 3172/595/3393 3173/594/3392
f 3160/578/3383 3159/579/3384 3171/596/3394 3172/595/3393
f 3159/579/3384 3157/307/3232 3169/308/3231 3171/596/3394
f 3170/40/2971 3180/598/3385 3192/597/3395 3182/42/2973
f 3180/598/3385 3179/600/3386 3191/599/3396 3192/597/3395
f 3179/600/3386 3178/602/3387 3190/601/3397 3191/599/3396
f 3178/602/3387 3177/604/3388 3189/603/3398 3190/601/3397
f 3177/604/3388 3176/606/3389 3188/605/3399 3189/603/3398
f 3176/606/3389 3175/608/3390 3187/607/3400 3188/605/3399
f 3175/592/3390 3174/593/3391 3186/610/3401 3187/609/3400
f 3174/593/3391 3173/594/3392 3185/611/3402 3186/610/3401
f 3173/594/3392 3172/595/3393 3184/612/3403 3185/611/3402
f 3172/595/3393 3171/596/3394 3183/613/3404 3184/612/3403
f 3171/596/3394 3169/308/3231 3181/309/3230 3183/613/3404
f 3182/42/2973 3192/615/3395 3204/614/3405 3194/44/2975
f 3192/615/3395 3191/617/3396 3203/616/3406 3204/614/3405
f 3191/617/3396 3190/619/3397 3202/618/3407 3203/616/3406
f 3190/619/3397 3189/621/3398 3201/620/3408 3202/618/3407
f 3189/621/3398 3188/623/3399 3200/622/3409 3201/620/3408
f 3188/623/3399 3187/625/3400 3199/624/3410 3200/622/3409
f 3187/609/3400 3186/610/3401 3198/627/3411 3199/626/3410
f 3186/610/3401 3185/611/3402 3197/628/3412 3198/627/3411
f 3185/611/3402 3184/612/3403 3196/629/3413 3197/628/3412
f 3184/612/3403 3183/613/3404 3195/630/3414 3196/629/3413
f 3183/613/3404 3181/309/3230 3193/310/3229 3195/630/3414
f 3194/45/2975 3204/632/3405 3216/631/3415 3206/47/2977
f 3204/632/3405 3203/634/3406 3215/633/3416 3216/631/3415
f 3203/634/3406 3202/636/3407 3214/635/3417 3215/633/3416
f 3202/636/3407 3201/638/3408 3213/637/3418 3214/635/3417
f 3201/638/3408 3200/640/3409 3212/639/3419 3213/637/3418
f 3200/640/3409 3199/642/3410 3211/641/3420 3212/639/3419
f 3199/626/3410 3198/627/3411 3210/644/3421 3211/643/3420
f 3198/627/3411 3197/628/3412 3209/645/3422 3210/644/3421
f 3197/628/3412 3196/629/3413 3208/646/3423 3209/645/3422
f 3196/629/3413 3195/630/3414 3207/647/3424 3208/646/3423
f 3195/630/3414 3193/310/3229 3205/311/3228 3207/647/3424
f 3206/47/2977 3216/649/3415 3228/648/3425 3218/49/2979
f 3216/649/3415 3215/651/3416 3227/650/3426 3228/648/3425
f 3215/651/3416 3214/653/3417 3226/652/3427 3227/650/3426
f 3214/653/3417 3213/655/3418 3225/654/3428 3226/652/3427
f 3213/655/3418 3212/657/3419 3224/656/3429 3225/654/3428
f 3212/657/3419 3211/659/3420 3223/658/3430 3224/656/3429
f 3211/643/3420 3210/644/3421 3222/661/3431 3223/660/3430
f 3210/644/3421 3209/645/3422 3221/662/3432 3222/661/3431
f 3209/645/3422 3208/646/3423 3220/663/3433 3221/662/3432
f 3208/646/3423 3207/647/3424 3219/664/3434 3220/663/3433
f 3207/647/3424 3205/311/3228 3217/312/3227 3219/664/3434
f 3218/49/2979 3228/666/3425 3240/665/3435 3230/51/2981
f 3228/666/3425 3227/668/3426 3239/667/3436 3240/665/3435
f 3227/668/3426 3226/670/3427 3238/669/3437 3239/667/3436
f 3226/670/3427 3225/672/3428 3237/671/3438 3238/669/3437
f 3225/672/3428 3224/674/3429 3236/673/3439 3237/671/3438
f 3224/674/3429 3223/676/3430 3235/675/3440 3236/673/3439
f 3223/660/3430 3222/661/3431 3234/678/3441 3235/677/3440
f 3222/661/3431 3221/662/3432 3233/679/3442 3234/678/3441
f 3221/662/3432 3220/663/3433 3232/680/3443 3233/679/3442
f 3220/663/3433 3219/664/3434 3231/681/3444 3232/680/3443
f 3219/664/3434 3217/312/3227 3229/313/3226 3231/681/3444
f 3230/51/2981 3240/683/3435 3252/682/3445 3242/53/2983
f 3240/683/3435 3239/685/3436 3251/684/3446 3252/682/3445
f 3239/685/3436 3238/687/3437 3250/686/3447 3251/684/3446
f 3238/687/3437 3237/689/3438 3249/688/3448 3250/686/3447
f 3237/689/3438 3236/691/3439 3248/690/3449 3249/688/3448
f 3236/691/3439 3235/693/3440 3247/692/3450 3248/690/3449
f 3235/677/3440 3234/678/3441 3246/695/3451 3247/694/3450
f 3234/678/3441 3233/679/3442 3245/696/3452 3246/695/3451
f 3233/679/3442 3232/680/3443 3244/697/3453 3245/696/3452
f 3232/680/3443 3231/681/3444 3243/698/3454 3244/697/3453
f 3231/681/3444 3229/313/3226 3241/314/3225 3243/698/3454
f 3242/54/2983 3252/700/3445 3264/699/3455 3254/56/2985
f 3252/700/3445 3251/702/3446 3263/701/3456 3264/699/3455
f 3251/702/3446 3250/704/3447 3262/703/3457 3263/701/3456
f 3250/704/3447 3249/706/3448 3261/705/3458 3262/703/3457
f 3249/706/3448 3248/708/3449 3260/707/3459 3261/705/3458
f 3248/708/3449 3247/710/3450 3259/709/3460 3260/707/3459
f 3247/694/3450 3246/695/3451 3258/712/3461 3259/711/3460
f 3246/695/3451 3245/696/3452 3257/713/3462 3258/712/3461
f 3245/696/3452 3244/697/3453 3256/714/3463 3257/713/3462
f 3244/697/3453 3243/698/3454 3255/715/3464 3256/714/3463
f 3243/698/3454 3241/314/3225 3253/315/3224 3255/715/3464
f 3254/57/2985 3264/717/3455 3276/716/3465 3266/59/2987
f 3264/717/3455 3263/719/3456 3275/718/3466 3276/716/3465
f 3263/719/3456 3262/721/3457 3274/720/3467 3275/718/3466
f 3262/721/3457 3261/723/3458 3273/722/3468 3274/720/3467
f 3261/723/3458 3260/725/3459 3272/724/3469 3273/722/3468
f 3260/725/3459 3259/727/3460 3271/726/3470 3272/724/3469
f 3259/711/3460 3258/712/3461 3270/729/3471 3271/728/3470
f 3258/712/3461 3257/713/3462 3269/730/3472 3270/729/3471
f 3257/713/3462 3256/714/3463 3268/731/3473 3269/730/3472
f 3256/714/3463 3255/715/3464 3267/732/3474 3268/731/3473
f 3255/715/3464 3253/315/3224 3265/316/3223 3267/732/3474
f 3266/59/2987 3276/734/3465 3288/733/3475 3278/61/2989
f 3276/734/3465 3275/736/3466 3287/735/3476 3288/733/3475
f 3275/736/3466 3274/738/3467 3286/737/3477 3287/735/3476
f 3274/738/3467 3273/740/3468 3285/739/3478 3286/737/3477
f 3273/740/3468 3272/742/3469 3284/741/3479 3285/739/3478
f 3272/742/3469 3271/744/3470 3283/743/3480 3284/741/3479
f 3271/728/3470 3270/729/3471 3282/746/3481 3283/745/3480
f 3270/729/3471 3269/730/3472 3281/747/3482 3282/746/3481
f 3269/730/3472 3268/731/3473 3280/748/3483 3281/747/3482
f 3268/731/3473 3267/732/3474 3279/749/3484 3280/748/3483
f 3267/732/3474 3265/316/3223 3277/317/3222 3279/749/3484
f 3278/62/2989 3288/751/3475 3300/750/3485 3290/65/2991
f 3288/751/3475 3287/753/3476 3299/752/3486 3300/750/3485
f 3287/753/3476 3286/755/3477 3298/754/3487 3299/752/3486
f 3286/755/3477 3285/757/3478 3297/756/3488 3298/754/3487
f 3285/757/3478 3284/759/3479 3296/758/3489 3297/756/3488
f 3284/759/3479 3283/761/3480 3295/760/3490 3296/758/3489
f 3283/745/3480 3282/746/3481 3294/763/3491 3295/762/3490
f 3282/746/3481 3281/747/3482 3293/764/3492 3294/763/3491
f 3281/747/3482 3280/748/3483 3292/765/3493 3293/764/3492
f 3280/748/3483 3279/749/3484 3291/766/3494 3292/765/3493
f 3279/749/3484 3277/317/3222 3289/318/3221 3291/766/3494
f 3290/65/2991 3300/768/3485 3312/767/3495 3302/67/2993
f 3300/768/3485 3299/770/3486 3311/769/3496 3312/767/3495
f 3299/770/3486 3298/772/3487 3310/771/3497 3311/769/3496
f 3298/772/3487 3297/774/3488 3309/773/3498 3310/771/3497
f 3297/774/3488 3296/776/3489 3308/775/3499 3309/773/3498
f 3296/776/3489 3295/778/3490 3307/777/3500 3308/775/3499
f 3295/762/3490 3294/763/3491 3306/780/3501 3307/779/3500
f 3294/763/3491 3293/764/3492 3305/781/3502 3306/780/3501
f 3293/764/3492 3292/765/3493 3304/782/3503 3305/781/3502
f 3292/765/3493 3291/766/3494 3303/783/3504 3304/782/3503
f 3291/766/3494 3289/318/3221 3301/319/3220 3303/783/3504
f 3302/67/2993 3312/785/3495 3324/784/3505 3314/69/2995
f 3312/785/3495 3311/787/3496 3323/786/3506 3324/784/3505
f 3311/787/3496 3310/789/3497 3322/788/3507 3323/786/3506
f 3310/789/3497 3309/791/3498 3321/790/3508 3322/788/3507
f 3309/791/3498 3308/793/3499 3320/792/3509 3321/790/3508
f 3308/793/3499 3307/795/3500 3319/794/3510 3320/792/3509
f 3307/779/3500 3306/780/3501 3318/797/3511 3319/796/3510
f 3306/780/3501 3305/781/3502 3317/798/3512 3318/797/3511
f 3305/781/3502 3304/782/3503 3316/799/3513 3317/798/3512
f 3304/782/3503 3303/783/3504 3315/800/3514 3316/799/3513
f 3303/783/3504 3301/319/3220 3313/320/3219 3315/800/3514
f 3314/69/2995 3324/802/3505 3336/801/3515 3326/71/2997
f 3324/802/3505 3323/804/3506 3335/803/3516 3336/801/3515
f 3323/804/3506 3322/806/3507 3334/805/3517 3335/803/3516
f 3322/806/3507 3321/808/3508 3333/807/3518 3334/805/3517
f 3321/808/3508 3320/810/3509 3332/809/3519 3333/807/3518
f 3320/810/3509 3319/812/3510 3331/811/3520 3332/809/3519
f 3319/796/3510 3318/797/3511 3330/814/3521 3331/813/3520
f 3318/797/3511 3317/798/3512 3329/815/3522 3330/814/3521
f 3317/798/3512 3316/799/3513 3328/816/3523 3329/815/3522
f 3316/799/3513 3315/800/3514 3327/817/3524 3328/816/3523
f 3315/800/3514 3313/320/3219 3325/321/3218 3327/817/3524
f 3326/71/2997 3336/819/3515 3348/818/3525 3338/73/2999
f 3336/819/3515 3335/821/3516 3347/820/3526 3348/818/3525
f 3335/821/3516 3334/823/3517 3346/822/3527 3347/820/3526
f 3334/823/3517 3333/825/3518 3345/824/3528 3346/822/3527
f 3333/825/3518 3332/827/3519 3344/826/3529 3345/824/3528
f 3332/827/3519 3331/829/3520 3343/828/3530 3344/826/3529
f 3331/813/3520 3330/814/3521 3342/831/3531 3343/830/3530
f 3330/814/3521 3329/815/3522 3341/832/3532 3342/831/3531
f 3329/815/3522 3328/816/3523 3340/833/3533 3341/832/3532
f 3328/816/3523 3327/817/3524 3339/834/3534 3340/833/3533
f 3327/817/3524 3325/321/3218 3337/322/3217 3339/834/3534
f 3338/73/2999 3348/836/3525 3360/835/3535 3350/75/3001
f 3348/836/3525 3347/838/3526 3359/837/3536 3360/835/3535
f 3347/838/3526 3346/840/3527 3358/839/3537 3359/837/3536
f 3346/840/3527 3345/842/3528 3357/841/3538 3358/839/3537
f 3345/842/3528 3344/844/3529 3356/843/3539 3357/841/3538
f 3344/844/3529 3343/846/3530 3355/845/3540 3356/843/3539
f 3343/830/3530 3342/831/3531 3354/848/3541 3355/847/3540
f 3342/831/3531 3341/832/3532 3353/849/3542 3354/848/3541
f 3341/832/3532 3340/833/3533 3352/850/3543 3353/849/3542
f 3340/833/3533 3339/834/3534 3351/851/3544 3352/850/3543
f 3339/834/3534 3337/322/3217 3349/323/3216 3351/851/3544
f 3350/75/3001 3360/853/3535 3372/852/3545 3362/77/3003
f 3360/853/3535 3359/855/3536 3371/854/3546 3372/852/3545
f 3359/855/3536 3358/857/3537 3370/856/3547 3371/854/3546
f 3358/857/3537 3357/859/3538 3369/858/3548 3370/856/3547
f 3357/859/3538 3356/861/3539 3368/860/3549 3369/858/3548
f 3356/861/3539 3355/863/3540 3367/862/3550 3368/860/3549
f 3355/847/3540 3354/848/3541 3366/865/3551 3367/864/3550
f 3354/848/3541 3353/849/3542 3365/866/3552 3366/865/3551
f 3353/849/3542 3352/850/3543 3364/867/3553 3365/866/3552
f 3352/850/3543 3351/851/3544 3363/868/3554 3364/867/3553
f 3351/851/3544 3349/323/3216 3361/324/3215 3363/868/3554
f 3362/77/3003 3372/870/3545 3384/869/3555 3374/79/3005
f 3372/870/3545 3371/872/3546 3383/871/3556 3384/869/3555
f 3371/872/3546 3370/874/3547 3382/873/3557 3383/871/3556
f 3370/874/3547 3369/876/3548 3381/875/3558 3382/873/3557
f 3369/876/3548 3368/878/3549 3380/877/3559 3381/875/3558
f 3368/878/3549 3367/880/3550 3379/879/3560 3380/877/3559
f 3367/864/3550 3366/865/3551 3378/882/3561 3379/881/3560
f 3366/865/3551 3365/866/3552 3377/883/3562 3378/882/3561
f 3365/866/3552 3364/867/3553 3376/884/3563 3377/883/3562
f 3364/867/3553 3363/868/3554 3375/885/3564 3376/884/3563
f 3363/868/3554 3361/324/3215 3373/325/3214 3375/885/3564
f 3374/79/3005 3384/887/3555 3396/886/3565 3386/81/3007
f 3384/887/3555 3383/889/3556 3395/888/3566 3396/886/3565
f 3383/889/3556 3382/891/3557 3394/890/3567 3395/888/3566
f 3382/891/3557 3381/893/3558 3393/892/3568 3394/890/3567
f 3381/893/3558 3380/895/3559 3392/894/3569 3393/892/3568
f 3380/895/3559 3379/897/3560 3391/896/3570 3392/894/3569
f 3379/881/3560 3378/882/3561 3390/899/3571 3391/898/3570
f 3378/882/3561 3377/883/3562 3389/900/3572 3390/899/3571
f 3377/883/3562 3376/884/3563 3388/901/3573 3389/900/3572
f 3376/884/3563 3375/885/3564 3387/902/3574 3388/901/3573
f 3375/885/3564 3373/325/3214 3385/326/3213 3387/902/3574
f 3386/81/3007 3396/904/3565 3408/903/3575 3398/84/3009
f 3396/904/3565 3395/906/3566 3407/905/3576 3408/903/3575
f 3395/906/3566 3394/908/3567 3406/907/3577 3407/905/3576
f 3394/908/3567 3393/910/3568 3405/909/3578 3406/907/3577
f 3393/910/3568 3392/912/3569 3404/911/3579 3405/909/3578
f 3392/912/3569 3391/914/3570 3403/913/3580 3404/911/3579
f 3391/898/3570 3390/899/3571 3402/916/3581 3403/915/3580
f 3390/899/3571 3389/900/3572 3401/917/3582 3402/916/3581
f 3389/900/3572 3388/901/3573 3400/918/3583 3401/917/3582
f 3388/901/3573 3387/902/3574 3399/919/3584 3400/918/3583
f 3387/902/3574 3385/326/3213 3397/327/3212 3399/919/3584
f 3398/85/3009 3408/921/3575 3420/920/3585 3410/88/3011
f 3408/921/3575 3407/923/3576 3419/922/3586 3420/920/3585
f 3407/923/3576 3406/925/3577 3418/924/3587 3419/922/3586
f 3406/925/3577 3405/927/3578 3417/926/3588 3418/924/3587
f 3405/927/3578 3404/929/3579 3416/928/3589 3417/926/3588
f 3404/929/3579 3403/931/3580 3415/930/3590 3416/928/3589
f 3403/915/3580 3402/916/3581 3414/933/3591 3415/932/3590
f 3402/916/3581 3401/917/3582 3413/934/3592 3414/933/3591
f 3401/917/3582 3400/918/3583 3412/935/3593 3413/934/3592
f 3400/918/3583 3399/919/3584 3411/936/3594 3412/935/3593
f 3399/919/3584 3397/327/3212 3409/328/3211 3411/936/3594
f 3410/88/3011 3420/938/3585 3432/937/3595 3422/91/3013
f 3420/938/3585 3419/940/3586 3431/939/3596 3432/937/3595
f 3419/940/3586 3418/942/3587 3430/941/3597 3431/939/3596
f 3418/942/3587 3417/944/3588 3429/943/3598 3430/941/3597
f 3417/944/3588 3416/946/3589 3428/945/3599 3429/943/3598
f 3416/946/3589 3415/948/3590 3427/947/3600 3428/945/3599
f 3415/932/3590 3414/933/3591 3426/950/3601 3427/949/3600
f 3414/933/3591 3413/934/3592 3425/951/3602 3426/950/3601
f 3413/934/3592 3412/935/3593 3424/952/3603 3425/951/3602
f 3412/935/3593 3411/936/3594 3423/953/3604 3424/952/3603
f 3411/936/3594 3409/328/3211 3421/329/3210 3423/953/3604
f 3422/92/3013 3432/955/3595 3444/954/3605 3434/94/3015
f 3432/955/3595 3431/957/3596 3443/956/3606 3444/954/3605
f 3431/957/3596 3430/959/3597 3442/958/3607 3443/956/3606
f 3430/959/3597 3429/961/3598 3441/960/3608 3442/958/3607
f 3429/961/3598 3428/963/3599 3440/962/3609 3441/960/3608
f 3428/963/3599 3427/965/3600 3439/964/3610 3440/962/3609
f 3427/949/3600 3426/950/3601 3438/967/3611 3439/966/3610
f 3426/950/3601 3425/951/3602 3437/968/3612 3438/967/3611
f 3425/951/3602 3424/952/3603 3436/969/3613 3437/968/3612
f 3424/952/3603 3423/953/3604 3435/970/3614 3436/969/3613
f 3423/953/3604 3421/329/3210 3433/330/3209 3435/970/3614
f 3434/95/3015 3444/972/3605 3456/971/3615 3446/97/3017
f 3444/972/3605 3443/974/3606 3455/973/3616 3456/971/3615
f 3443/974/3606 3442/976/3607 3454/975/3617 3455/973/3616
f 3442/976/3607 3441/978/3608 3453/977/3618 3454/975/3617
f 3441/978/3608 3440/980/3609 3452/979/3619 3453/977/3618
f 3440/980/3609 3439/982/3610 3451/981/3620 3452/979/3619
f 3439/966/3610 3438/967/3611 3450/984/3621 3451/983/3620
f 3438/967/3611 3437/968/3612 3449/985/3622 3450/984/3621
f 3437/968/3612 3436/969/3613 3448/986/3623 3449/985/3622
f 3436/969/3613 3435/970/3614 3447/987/3624 3448/986/3623
f 3435/970/3614 3433/330/3209 3445/331/3208 3447/987/3624
f 3446/98/3017 3456/989/3615 3468/988/3625 3458/100/3019
f 3456/989/3615 3455/991/3616 3467/990/3626 3468/988/3625
f 3455/991/3616 3454/993/3617 3466/992/3627 3467/990/3626
f 3454/993/3617 3453/995/3618 3465/994/3628 3466/992/3627
f 3453/995/3618 3452/997/3619 3464/996/3629 3465/994/3628
f 3452/997/3619 3451/999/3620 3463/998/3630 3464/996/3629
f 3451/983/3620 3450/984/3621 3462/1001/3631 3463/1000/3630
f 3450/984/3621 3449/985/3622 3461/1002/3632 3462/1001/3631
f 3449/985/3622 3448/986/3623 3460/1003/3633 3461/1002/3632
f 3448/986/3623 3447/987/3624 3459/1004/3634 3460/1003/3633
f 3447/987/3624 3445/331/3208 3457/332/3207 3459/1004/3634
f 3458/100/3019 3468/1006/3625 3480/1005/3635 3470/102/3021
f 3468/1006/3625 3467/1008/3626 3479/1007/3636 3480/1005/3635
f 3467/1008/3626 3466/1010/3627 3478/1009/3637 3479/1007/3636
f 3466/1010/3627 3465/1012/3628 3477/1011/3638 3478/1009/3637
f 3465/1012/3628 3464/1014/3629 3476/1013/3639 3477/1011/3638
f 3464/1014/3629 3463/1016/3630 3475/1015/3640 3476/1013/3639
f 3463/1000/3630 3462/1001/3631 3474/1018/3641 3475/1017/3640
f 3462/1001/3631 3461/1002/3632 3473/1019/3642 3474/1018/3641
f 3461/1002/3632 3460/1003/3633 3472/1020/3643 3473/1019/3642
f 3460/1003/3633 3459/1004/3634 3471/1021/3644 3472/1020/3643
f 3459/1004/3634 3457/332/3207 3469/333/3206 3471/1021/3644
f 3470/103/3021 3480/1023/3635 3492/1022/3645 3482/105/3023
f 3480/1023/3635 3479/1025/3636 3491/1024/3646 3492/1022/3645
f 3479/1025/3636 3478/1027/3637 3490/1026/3647 3491/1024/3646
f 3478/1027/3637 3477/1029/3638 3489/1028/3648 3490/1026/3647
f 3477/1029/3638 3476/1031/3639 3488/1030/3649 3489/1028/3648
f 3476/1031/3639 3475/1033/3640 3487/1032/3650 3488/1030/3649
f 3475/1017/3640 3474/1018/3641 3486/1035/3651 3487/1034/3650
f 3474/1018/3641 3473/1019/3642 3485/1036/3652 3486/1035/3651
f 3473/1019/3642 3472/1020/3643 3484/1037/3653 3485/1036/3652
f 3472/1020/3643 3471/1021/3644 3483/1038/3654 3484/1037/3653
f 3471/1021/3644 3469/333/3206 3481/334/3205 3483/1038/3654
f 3482/105/3023 3492/1040/3645 3504/1039/3655 3494/108/3025
f 3492/1040/3645 3491/1042/3646 3503/1041/3656 3504/1039/3655
f 3491/1042/3646 3490/1044/3647 3502/1043/3657 3503/1041/3656
f 3490/1044/3647 3489/1046/3648 3501/1045/3658 3502/1043/3657
f 3489/1046/3648 3488/1048/3649 3500/1047/3659 3501/1045/3658
f 3488/1048/3649 3487/1050/3650 3499/1049/3660 3500/1047/3659
f 3487/1034/3650 3486/1035/3651 3498/1052/3661 3499/1051/3660
f 3486/1035/3651 3485/1036/3652 3497/1053/3662 3498/1052/3661
f 3485/1036/3652 3484/1037/3653 3496/1054/3663 3497/1053/3662
f 3484/1037/3653 3483/1038/3654 3495/1055/3664 3496/1054/3663
f 3483/1038/3654 3481/334/3205 3493/335/3204 3495/1055/3664
f 3494/109/3025 3504/1057/3655 3516/1056/3665 3506/111/3027
f 3504/1057/3655 3503/1059/3656 3515/1058/3666 3516/1056/3665
f 3503/1059/3656 3502/1061/3657 3514/1060/3667 3515/1058/3666
f 3502/1061/3657 3501/1063/3658 3513/1062/3668 3514/1060/3667
f 3501/1063/3658 3500/1065/3659 3512/1064/3669 3513/1062/3668
f 3500/1065/3659 3499/1067/3660 3511/1066/3670 3512/1064/3669
f 3499/1051/3660 3498/1052/3661 3510/1069/3671 3511/1068/3670
f 3498/1052/3661 3497/1053/3662 3509/1070/3672 3510/1069/3671
f 3497/1053/3662 3496/1054/3663 3508/1071/3673 3509/1070/3672
f 3496/1054/3663 3495/1055/3664 3507/1072/3674 3508/1071/3673
f 3495/1055/3664 3493/335/3204 3505/336/3203 3507/1072/3674
f 3506/111/3027 3516/1074/3665 3528/1073/3675 3518/113/3029
f 3516/1074/3665 3515/1076/3666 3527/1075/3676 3528/1073/3675
f 3515/1076/3666 3514/1078/3667 3526/1077/3677 3527/1075/3676
f 3514/1078/3667 3513/1080/3668 3525/1079/3678 3526/1077/3677
f 3513/1080/3668 3512/1082/3669 3524/1081/3679 3525/1079/3678
f 3512/1082/3669 3511/1084/3670 3523/1083/3680 3524/1081/3679
f 3511/1068/3670 3510/1069/3671 3522/1086/3681 3523/1085/3680
f 3510/1069/3671 3509/1070/3672 3521/1087/3682 3522/1086/3681
f 3509/1070/3672 3508/1071/3673 3520/1088/3683 3521/1087/3682
f 3508/1071/3673 3507/1072/3674 3519/1089/3684 3520/1088/3683
f 3507/1072/3674 3505/336/3203 3517/337/3202 3519/1089/3684
f 3518/113/3029 3528/1091/3675 3540/1090/3685 3530/115/3031
f 3528/1091/3675 3527/1093/3676 3539/1092/3686 3540/1090/3685
f 3527/1093/3676 3526/1095/3677 3538/1094/3687 3539/1092/3686
f 3526/1095/3677 3525/1097/3678 3537/1096/3688 3538/1094/3687
f 3525/1097/3678 3524/1099/3679 3536/1098/3689 3537/1096/3688
f 3524/1099/3679 3523/1101/3680 3535/1100/3690 3536/1098/3689
f 3523/1085/3680 3522/1086/3681 3534/1103/3691 3535/1102/3690
f 3522/1086/3681 3521/1087/3682 3533/1104/3692 3534/1103/3691
f 3521/1087/3682 3520/1088/3683 3532/1105/3693 3533/1104/3692
f 3520/1088/3683 3519/1089/3684 3531/1106/3694 3532/1105/3693
f 3519/1089/3684 3517/337/3202 3529/338/3201 3531/1106/3694
f 3530/116/3031 3540/1108/3685 3552/1107/3695 3542/118/3033
f 3540/1108/3685 3539/1110/3686 3551/1109/3696 3552/1107/3695
f 3539/1110/3686 3538/1112/3687 3550/1111/3697 3551/1109/3696
f 3538/1112/3687 3537/1114/3688 3549/1113/3698 3550/1111/3697
f 3537/1114/3688 3536/1116/3689 3548/1115/3699 3549/1113/3698
f 3536/1116/3689 3535/1118/3690 3547/1117/3700 3548/1115/3699
f 3535/1102/3690 3534/1103/3691 3546/1120/3701 3547/1119/3700
f 3534/1103/3691 3533/1104/3692 3545/1121/3702 3546/1120/3701
f 3533/1104/3692 3532/1105/3693 3544/1122/3703 3545/1121/3702
f 3532/1105/3693 3531/1106/3694 3543/1123/3704 3544/1122/3703
f 3531/1106/3694 3529/338/3201 3541/339/3200 3543/1123/3704
f 3542/118/3033 3552/1125/3695 3564/1124/3705 3554/120/3035
f 3552/1125/3695 3551/1127/3696 3563/1126/3706 3564/1124/3705
f 3551/1127/3696 3550/1129/3697 3562/1128/3707 3563/1126/3706
f 3550/1129/3697 3549/1131/3698 3561/1130/3708 3562/1128/3707
f 3549/1131/3698 3548/1133/3699 3560/1132/3709 3561/1130/3708
f 3548/1133/3699 3547/1135/3700 3559/1134/3710 3560/1132/3709
f 3547/1119/3700 3546/1120/3701 3558/1137/3711 3559/1136/3710
f 3546/1120/3701 3545/1121/3702 3557/1138/3712 3558/1137/3711
f 3545/1121/3702 3544/1122/3703 3556/1139/3713 3557/1138/3712
f 3544/1122/3703 3543/1123/3704 3555/1140/3714 3556/1139/3713
f 3543/1123/3704 3541/339/3200 3553/340/3199 3555/1140/3714
f 3554/120/3035 3564/1142/3705 3576/1141/3715 3566/122/3037
f 3564/1142/3705 3563/1144/3706 3575/1143/3716 3576/1141/3715
f 3563/1144/3706 3562/1146/3707 3574/1145/3717 3575/1143/3716
f 3562/1146/3707 3561/1148/3708 3573/1147/3718 3574/1145/3717
f 3561/1148/3708 3560/1150/3709 3572/1149/3719 3573/1147/3718
f 3560/1150/3709 3559/1152/3710 3571/1151/3720 3572/1149/3719
f 3559/1136/3710 3558/1137/3711 3570/1154/3721 3571/1153/3720
f 3558/1137/3711 3557/1138/3712 3569/1155/3722 3570/1154/3721
f 3557/1138/3712 3556/1139/3713 3568/1156/3723 3569/1155/3722
f 3556/1139/3713 3555/1140/3714 3567/1157/3724 3568/1156/3723
f 3555/1140/3714 3553/340/3199 3565/341/3198 3567/1157/3724
f 3566/123/3037 3576/1159/3715 3588/1158/3725 3578/125/3039
f 3576/1159/3715 3575/1161/3716 3587/1160/3726 3588/1158/3725
f 3575/1161/3716 3574/1163/3717 3586/1162/3727 3587/1160/3726
f 3574/1163/3717 3573/1165/3718 3585/1164/3728 3586/1162/3727
f 3573/1165/3718 3572/1167/3719 3584/1166/3729 3585/1164/3728
f 3572/1167/3719 3571/1169/3720 3583/1168/3730 3584/1166/3729
f 3571/1153/3720 3570/1154/3721 3582/1171/3731 3583/1170/3730
f 3570/1154/3721 3569/1155/3722 3581/1172/3732 3582/1171/3731
f 3569/1155/3722 3568/1156/3723 3580/1173/3733 3581/1172/3732
f 3568/1156/3723 3567/1157/3724 3579/1174/3734 3580/1173/3733
f 3567/1157/3724 3565/341/3198 3577/342/3197 3579/1174/3734
f 3578/126/3039 3588/1176/3725 3600/1175/3735 3590/128/3041
f 3588/1176/3725 3587/1178/3726 3599/1177/3736 3600/1175/3735
f 3587/1178/3726 3586/1180/3727 3598/1179/3737 3599/1177/3736
f 3586/1180/3727 3585/1182/3728 3597/1181/3738 3598/1179/3737
f 3585/1182/3728 3584/1184/3729 3596/1183/3739 3597/1181/3738
f 3584/1184/3729 3583/1186/3730 3595/1185/3740 3596/1183/3739
f 3583/1170/3730 3582/1171/3731 3594/1188/3741 3595/1187/3740
f 3582/1171/3731 3581/1172/3732 3593/1189/3742 3594/1188/3741
f 3581/1172/3732 3580/1173/3733 3592/1190/3743 3593/1189/3742
f 3580/1173/3733 3579/1174/3734 3591/1191/3744 3592/1190/3743
f 3579/1174/3734 3577/342/3197 3589/343/3196 3591/1191/3744
f 3590/129/3041 3600/1193/3735 3612/1192/3745 3602/131/3043
f 3600/1193/3735 3599/1195/3736 3611/1194/3746 3612/1192/3745
f 3599/1195/3736 3598/1197/3737 3610/1196/3747 3611/1194/3746
f 3598/1197/3737 3597/1199/3738 3609/1198/3748 3610/1196/3747
f 3597/1199/3738 3596/1201/3739 3608/1200/3749 3609/1198/3748
f 3596/1201/3739 3595/1203/3740 3607/1202/3750 3608/1200/3749
f 3595/1187/3740 3594/1188/3741 3606/1205/3751 3607/1204/3750
f 3594/1188/3741 3593/1189/3742 3605/1206/3752 3606/1205/3751
f 3593/1189/3742 3592/1190/3743 3604/1207/3753 3605/1206/3752
f 3592/1190/3743 3591/1191/3744 3603/1208/3754 3604/1207/3753
f 3591/1191/3744 3589/343/3196 3601/344/3195 3603/1208/3754
f 3602/131/3043 3612/1210/3745 3624/1209/3755 3614/133/3045
f 3612/1210/3745 3611/1212/3746 3623/1211/3756 3624/1209/3755
f 3611/1212/3746 3610/1214/3747 3622/1213/3757 3623/1211/3756
f 3610/1214/3747 3609/1216/3748 3621/1215/3758 3622/1213/3757
f 3609/1216/3748 3608/1218/3749 3620/1217/3759 3621/1215/3758
f 3608/1218/3749 3607/1220/3750 3619/1219/3760 3620/1217/3759
f 3607/1204/3750 3606/1205/3751 3618/1222/3761 3619/1221/3760
f 3606/1205/3751 3605/1206/3752 3617/1223/3762 3618/1222/3761
f 3605/1206/3752 3604/1207/3753 3616/1224/3763 3617/1223/3762
f 3604/1207/3753 3603/1208/3754 3615/1225/3764 3616/1224/3763
f 3603/1208/3754 3601/344/3195 3613/345/3194 3615/1225/3764
f 3614/134/3045 3624/1227/3755 3636/1226/3765 3626/136/3047
f 3624/1227/3755 3623/1229/3756 3635/1228/3766 3636/1226/3765
f 3623/1229/3756 3622/1231/3757 3634/1230/3767 3635/1228/3766
f 3622/1231/3757 3621/1233/3758 3633/1232/3768 3634/1230/3767
f 3621/1233/3758 3620/1235/3759 3632/1234/3769 3633/1232/3768
f 3620/1235/3759 3619/1237/3760 3631/1236/3770 3632/1234/3769
f 3619/1221/3760 3618/1222/3761 3630/1239/3771 3631/1238/3770
f 3618/1222/3761 3617/1223/3762 3629/1240/3772 3630/1239/3771
f 3617/1223/3762 3616/1224/3763 3628/1241/3773 3629/1240/3772
f 3616/1224/3763 3615/1225/3764 3627/1242/3774 3628/1241/3773
f 3615/1225/3764 3613/345/3194 3625/346/3193 3627/1242/3774
f 3626/136/3047 3636/1244/3765 3648/1243/3775 3638/138/3049
f 3636/1244/3765 3635/1246/3766 3647/1245/3776 3648/1243/3775
f 3635/1246/3766 3634/1248/3767 3646/1247/3777 3647/1245/3776
f 3634/1248/3767 3633/1250/3768 3645/1249/3778 3646/1247/3777
f 3633/1250/3768 3632/1252/3769 3644/1251/3779 3645/1249/3778
f 3632/1252/3769 3631/1254/3770 3643/1253/3780 3644/1251/3779
f 3631/1238/3770 3630/1239/3771 3642/1256/3781 3643/1255/3780
f 3630/1239/3771 3629/1240/3772 3641/1257/3782 3642/1256/3781
f 3629/1240/3772 3628/1241/3773 3640/1258/3783 3641/1257/3782
f 3628/1241/3773 3627/1242/3774 3639/1259/3784 3640/1258/3783
f 3627/1242/3774 3625/346/3193 3637/347/3192 3639/1259/3784
f 3638/139/3049 3648/1261/3775 3660/1260/3785 3650/142/3051
f 3648/1261/3775 3647/1263/3776 3659/1262/3786 3660/1260/3785
f 3647/1263/3776 3646/1265/3777 3658/1264/3787 3659/1262/3786
f 3646/1265/3777 3645/1267/3778 3657/1266/3788 3658/1264/3787
f 3645/1267/3778 3644/1269/3779 3656/1268/3789 3657/1266/3788
f 3644/1269/3779 3643/1271/3780 3655/1270/3790 3656/1268/3789
f 3643/1255/3780 3642/1256/3781 3654/1273/3791 3655/1272/3790
f 3642/1256/3781 3641/1257/3782 3653/1274/3792 3654/1273/3791
f 3641/1257/3782 3640/1258/3783 3652/1275/3793 3653/1274/3792
f 3640/1258/3783 3639/1259/3784 3651/1276/3794 3652/1275/3793
f 3639/1259/3784 3637/347/3192 3649/348/3191 3651/1276/3794
f 3650/143/3051 3660/1278/3785 3672/1277/3795 3662/145/3053
f 3660/1278/3785 3659/1280/3786 3671/1279/3796 3672/1277/3795
f 3659/1280/3786 3658/1282/3787 3670/1281/3797 3671/1279/3796
f 3658/1282/3787 3657/1284/3788 3669/1283/3798 3670/1281/3797
f 3657/1284/3788 3656/1286/3789 3668/1285/3799 3669/1283/3798
f 3656/1286/3789 3655/1288/3790 3667/1287/3800 3668/1285/3799
f 3655/1272/3790 3654/1273/3791 3666/1290/3801 3667/1289/3800
f 3654/1273/3791 3653/1274/3792 3665/1291/3802 3666/1290/3801
f 3653/1274/3792 3652/1275/3793 3664/1292/3803 3665/1291/3802
f 3652/1275/3793 3651/1276/3794 3663/1293/3804 3664/1292/3803
f 3651/1276/3794 3649/348/3191 3661/349/3190 3663/1293/3804
f 3662/145/3053 3672/1295/3795 3684/1294/3805 3674/147/3055
f 3672/1295/3795 3671/1297/3796 3683/1296/3806 3684/1294/3805
f 3671/1297/3796 3670/1299/3797 3682/1298/3807 3683/1296/3806
f 3670/1299/3797 3669/1301/3798 3681/1300/3808 3682/1298/3807
f 3669/1301/3798 3668/1303/3799 3680/1302/3809 3681/1300/3808
f 3668/1303/3799 3667/1305/3800 3679/1304/3810 3680/1302/3809
f 3667/1289/3800 3666/1290/3801 3678/1307/3811 3679/1306/3810
f 3666/1290/3801 3665/1291/3802 3677/1308/3812 3678/1307/3811
f 3665/1291/3802 3664/1292/3803 3676/1309/3813 3677/1308/3812
f 3664/1292/3803 3663/1293/3804 3675/1310/3814 3676/1309/3813
f 3663/1293/3804 3661/349/3190 3673/350/3189 3675/1310/3814
f 3674/147/3055 3684/1312/3805 3696/1311/3815 3686/149/3057
f 3684/1312/3805 3683/1314/3806 3695/1313/3816 3696/1311/3815
f 3683/1314/3806 3682/1316/3807 3694/1315/3817 3695/1313/3816
f 3682/1316/3807 3681/1318/3808 3693/1317/3818 3694/1315/3817
f 3681/1318/3808 3680/1320/3809 3692/1319/3819 3693/1317/3818
f 3680/1320/3809 3679/1322/3810 3691/1321/3820 3692/1319/3819
f 3679/1306/3810 3678/1307/3811 3690/1324/3821 3691/1323/3820
f 3678/1307/3811 3677/1308/3812 3689/1325/3822 3690/1324/3821
f 3677/1308/3812 3676/1309/3813 3688/1326/3823 3689/1325/3822
f 3676/1309/3813 3675/1310/3814 3687/1327/3824 3688/1326/3823
f 3675/1310/3814 3673/350/3189 3685/351/3188 3687/1327/3824
f 3686/149/3057 3696/1329/3815 3708/1328/3825 3698/151/3059
f 3696/1329/3815 3695/1331/3816 3707/1330/3826 3708/1328/3825
f 3695/1331/3816 3694/1333/3817 3706/1332/3827 3707/1330/3826
f 3694/1333/3817 3693/1335/3818 3705/1334/3828 3706/1332/3827
f 3693/1335/3818 3692/1337/3819 3704/1336/3829 3705/1334/3828
f 3692/1337/3819 3691/1339/3820 3703/1338/3830 3704/1336/3829
f 3691/1323/3820 3690/1324/3821 3702/1341/3831 3703/1340/3830
f 3690/1324/3821 3689/1325/3822 3701/1342/3832 3702/1341/3831
f 3689/1325/3822 3688/1326/3823 3700/1343/3833 3701/1342/3832
f 3688/1326/3823 3687/1327/3824 3699/1344/3834 3700/1343/3833
f 3687/1327/3824 3685/351/3188 3697/352/3187 3699/1344/3834
f 3698/151/3059 3708/1346/3825 3720/1345/3835 3710/157/3065
f 3708/1346/3825 3707/1348/3826 3719/1347/3836 3720/1345/3835
f 3707/1348/3826 3706/1350/3827 3718/1349/3837 3719/1347/3836
f 3706/1350/3827 3705/1352/3828 3717/1351/3838 3718/1349/3837
f 3705/1352/3828 3704/1354/3829 3716/1353/3839 3717/1351/3838
f 3704/1354/3829 3703/1356/3830 3715/1355/3840 3716/1353/3839
f 3703/1340/3830 3702/1341/3831 3714/1358/3841 3715/1357/3840
f 3702/1341/3831 3701/1342/3832 3713/1359/3842 3714/1358/3841
f 3701/1342/3832 3700/1343/3833 3712/1360/3843 3713/1359/3842
f 3700/1343/3833 3699/1344/3834 3711/1361/3844 3712/1360/3843
f 3699/1344/3834 3697/352/3187 3709/353/3186 3711/1361/3844
f 3710/1362/3065 3720/1365/3835 3012/1364/3245 3002/1363/3067
f 3720/1365/3835 3719/1367/3836 3011/1366/3247 3012/1364/3245
f 3719/1367/3836 3718/1369/3837 3010/1368/3249 3011/1366/3247
f 3718/1369/3837 3717/1371/3838 3009/1370/3251 3010/1368/3249
f 3717/1371/3838 3716/1373/3839 3008/1372/3253 3009/1370/3251
f 3716/1373/3839 3715/1375/3840 3007/1374/3255 3008/1372/3253
f 3715/1357/3840 3714/1358/3841 3006/369/3257 3007/366/3255
f 3714/1358/3841 3713/1359/3842 3005/371/3259 3006/369/3257
f 3713/1359/3842 3712/1360/3843 3004/373/3261 3005/371/3259
f 3712/1360/3843 3711/1361/3844 3003/375/3263 3004/373/3261
f 3711/1361/3844 3709/353/3186 3001/294/3185 3003/375/3263
f 3710/1362/3065 3002/1363/3067 3722/1376/3068 4429/156/3066
f 4430/1377/3845 4440/1380/3837 3723/1379/3249 3721/1378/3846
f 4440/1380/3837 4439/1382/3847 3724/1381/3848 3723/1379/3249
f 4439/1382/3847 4438/1384/3849 3725/1383/3850 3724/1381/3848
f 4438/1384/3849 4437/1386/3851 3726/1385/3852 3725/1383/3850
f 4437/1386/3851 4436/1388/3853 3727/1387/3854 3726/1385/3852
f 4436/1388/3853 4435/1390/3855 3728/1389/3856 3727/1387/3854
f 4435/1390/3855 4434/1392/3857 3729/1391/3858 3728/1389/3856
f 4434/1392/3857 4433/1394/3859 3730/1393/3860 3729/1391/3858
f 4433/1394/3859 4432/1396/3861 3731/1395/3862 3730/1393/3860
f 4432/1396/3861 4431/1398/3863 3732/1397/3864 3731/1395/3862
f 4431/1398/3863 4429/156/3066 3722/1376/3068 3732/1397/3864
f 4418/1399/3865 4428/1400/3827 4440/1380/3837 4430/1377/3845
f 4428/1400/3827 4427/1401/3866 4439/1382/3847 4440/1380/3837
f 4427/1401/3866 4426/1402/3867 4438/1384/3849 4439/1382/3847
f 4426/1402/3867 4425/1403/3868 4437/1386/3851 4438/1384/3849
f 4425/1403/3868 4424/1404/3869 4436/1388/3853 4437/1386/3851
f 4424/1404/3869 4423/1405/3870 4435/1390/3855 4436/1388/3853
f 4423/1405/3870 4422/1406/3871 4434/1392/3857 4435/1390/3855
f 4422/1406/3871 4421/1407/3872 4433/1394/3859 4434/1392/3857
f 4421/1407/3872 4420/1408/3873 4432/1396/3861 4433/1394/3859
f 4420/1408/3873 4419/1409/3874 4431/1398/3863 4432/1396/3861
f 4419/1409/3874 4417/150/3060 4429/156/3066 4431/1398/3863
f 4406/1410/3875 4416/1411/3817 4428/1400/3827 4418/1399/3865
f 4416/1411/3817 4415/1412/3876 4427/1401/3866 4428/1400/3827
f 4415/1412/3876 4414/1413/3877 4426/1402/3867 4427/1401/3866
f 4414/1413/3877 4413/1414/3878 4425/1403/3868 4426/1402/3867
f 4413/1414/3878 4412/1415/3879 4424/1404/3869 4425/1403/3868
f 4412/1415/3879 4411/1416/3880 4423/1405/3870 4424/1404/3869
f 4411/1416/3880 4410/1417/3881 4422/1406/3871 4423/1405/3870
f 4410/1417/3881 4409/1418/3882 4421/1407/3872 4422/1406/3871
f 4409/1418/3882 4408/1419/3883 4420/1408/3873 4421/1407/3872
f 4408/1419/3883 4407/1420/3884 4419/1409/3874 4420/1408/3873
f 4407/1420/3884 4405/148/3058 4417/150/3060 4419/1409/3874
f 4394/1421/3885 4404/1422/3807 4416/1411/3817 4406/1410/3875
f 4404/1422/3807 4403/1423/3886 4415/1412/3876 4416/1411/3817
f 4403/1423/3886 4402/1424/3887 4414/1413/3877 4415/1412/3876
f 4402/1424/3887 4401/1425/3888 4413/1414/3878 4414/1413/3877
f 4401/1425/3888 4400/1426/3889 4412/1415/3879 4413/1414/3878
f 4400/1426/3889 4399/1427/3890 4411/1416/3880 4412/1415/3879
f 4399/1427/3890 4398/1428/3891 4410/1417/3881 4411/1416/3880
f 4398/1428/3891 4397/1429/3892 4409/1418/3882 4410/1417/3881
f 4397/1429/3892 4396/1430/3893 4408/1419/3883 4409/1418/3882
f 4396/1430/3893 4395/1431/3894 4407/1420/3884 4408/1419/3883
f 4395/1431/3894 4393/146/3056 4405/148/3058 4407/1420/3884
f 4382/1432/3895 4392/1433/3797 4404/1422/3807 4394/1421/3885
f 4392/1433/3797 4391/1434/3896 4403/1423/3886 4404/1422/3807
f 4391/1434/3896 4390/1435/3897 4402/1424/3887 4403/1423/3886
f 4390/1435/3897 4389/1436/3898 4401/1425/3888 4402/1424/3887
f 4389/1436/3898 4388/1437/3899 4400/1426/3889 4401/1425/3888
f 4388/1437/3899 4387/1438/3900 4399/1427/3890 4400/1426/3889
f 4387/1438/3900 4386/1439/3901 4398/1428/3891 4399/1427/3890
f 4386/1439/3901 4385/1440/3902 4397/1429/3892 4398/1428/3891
f 4385/1440/3902 4384/1441/3903 4396/1430/3893 4397/1429/3892
f 4384/1441/3903 4383/1442/3904 4395/1431/3894 4396/1430/3893
f 4383/1442/3904 4381/144/3054 4393/146/3056 4395/1431/3894
f 4370/1443/3905 4380/1444/3787 4392/1433/3797 4382/1432/3895
f 4380/1444/3787 4379/1445/3906 4391/1434/3896 4392/1433/3797
f 4379/1445/3906 4378/1446/3907 4390/1435/3897 4391/1434/3896
f 4378/1446/3907 4377/1447/3908 4389/1436/3898 4390/1435/3897
f 4377/1447/3908 4376/1448/3909 4388/1437/3899 4389/1436/3898
f 4376/1448/3909 4375/1449/3910 4387/1438/3900 4388/1437/3899
f 4375/1449/3910 4374/1450/3911 4386/1439/3901 4387/1438/3900
f 4374/1450/3911 4373/1451/3912 4385/1440/3902 4386/1439/3901
f 4373/1451/3912 4372/1452/3913 4384/1441/3903 4385/1440/3902
f 4372/1452/3913 4371/1453/3914 4383/1442/3904 4384/1441/3903
f 4371/1453/3914 4369/141/3052 4381/144/3054 4383/1442/3904
f 4358/1454/3915 4368/1455/3777 4380/1444/3787 4370/1443/3905
f 4368/1455/3777 4367/1456/3916 4379/1445/3906 4380/1444/3787
f 4367/1456/3916 4366/1457/3917 4378/1446/3907 4379/1445/3906
f 4366/1457/3917 4365/1458/3918 4377/1447/3908 4378/1446/3907
f 4365/1458/3918 4364/1459/3919 4376/1448/3909 4377/1447/3908
f 4364/1459/3919 4363/1460/3920 4375/1449/3910 4376/1448/3909
f 4363/1460/3920 4362/1461/3921 4374/1450/3911 4375/1449/3910
f 4362/1461/3921 4361/1462/3922 4373/1451/3912 4374/1450/3911
f 4361/1462/3922 4360/1463/3923 4372/1452/3913 4373/1451/3912
f 4360/1463/3923 4359/1464/3924 4371/1453/3914 4372/1452/3913
f 4359/1464/3924 4357/140/3050 4369/141/3052 4371/1453/3914
f 4346/1465/3925 4356/1466/3767 4368/1455/3777 4358/1454/3915
f 4356/1466/3767 4355/1467/3926 4367/1456/3916 4368/1455/3777
f 4355/1467/3926 4354/1468/3927 4366/1457/3917 4367/1456/3916
f 4354/1468/3927 4353/1469/3928 4365/1458/3918 4366/1457/3917
f 4353/1469/3928 4352/1470/3929 4364/1459/3919 4365/1458/3918
f 4352/1470/3929 4351/1471/3930 4363/1460/3920 4364/1459/3919
f 4351/1471/3930 4350/1472/3931 4362/1461/3921 4363/1460/3920
f 4350/1472/3931 4349/1473/3932 4361/1462/3922 4362/1461/3921
f 4349/1473/3932 4348/1474/3933 4360/1463/3923 4361/1462/3922
f 4348/1474/3933 4347/1475/3934 4359/1464/3924 4360/1463/3923
f 4347/1475/3934 4345/135/3048 4357/137/3050 4359/1464/3924
f 4334/1476/3935 4344/1477/3757 4356/1466/3767 4346/1465/3925
f 4344/1477/3757 4343/1478/3936 4355/1467/3926 4356/1466/3767
f 4343/1478/3936 4342/1479/3937 4354/1468/3927 4355/1467/3926
f 4342/1479/3937 4341/1480/3938 4353/1469/3928 4354/1468/3927
f 4341/1480/3938 4340/1481/3939 4352/1470/3929 4353/1469/3928
f 4340/1481/3939 4339/1482/3940 4351/1471/3930 4352/1470/3929
f 4339/1482/3940 4338/1483/3941 4350/1472/3931 4351/1471/3930
f 4338/1483/3941 4337/1484/3942 4349/1473/3932 4350/1472/3931
f 4337/1484/3942 4336/1485/3943 4348/1474/3933 4349/1473/3932
f 4336/1485/3943 4335/1486/3944 4347/1475/3934 4348/1474/3933
f 4335/1486/3944 4333/132/3046 4345/135/3048 4347/1475/3934
f 4322/1487/3945 4332/1488/3747 4344/1477/3757 4334/1476/3935
f 4332/1488/3747 4331/1489/3946 4343/1478/3936 4344/1477/3757
f 4331/1489/3946 4330/1490/3947 4342/1479/3937 4343/1478/3936
f 4330/1490/3947 4329/1491/3948 4341/1480/3938 4342/1479/3937
f 4329/1491/3948 4328/1492/3949 4340/1481/3939 4341/1480/3938
f 4328/1492/3949 4327/1493/3950 4339/1482/3940 4340/1481/3939
f 4327/1493/3950 4326/1494/3951 4338/1483/3941 4339/1482/3940
f 4326/1494/3951 4325/1495/3952 4337/1484/3942 4338/1483/3941
f 4325/1495/3952 4324/1496/3953 4336/1485/3943 4337/1484/3942
f 4324/1496/3953 4323/1497/3954 4335/1486/3944 4336/1485/3943
f 4323/1497/3954 4321/130/3044 4333/132/3046 4335/1486/3944
f 4310/1498/3955 4320/1499/3737 4332/1488/3747 4322/1487/3945
f 4320/1499/3737 4319/1500/3956 4331/1489/3946 4332/1488/3747
f 4319/1500/3956 4318/1501/3957 4330/1490/3947 4331/1489/3946
f 4318/1501/3957 4317/1502/3958 4329/1491/3948 4330/1490/3947
f 4317/1502/3958 4316/1503/3959 4328/1492/3949 4329/1491/3948
f 4316/1503/3959 4315/1504/3960 4327/1493/3950 4328/1492/3949
f 4315/1504/3960 4314/1505/3961 4326/1494/3951 4327/1493/3950
f 4314/1505/3961 4313/1506/3962 4325/1495/3952 4326/1494/3951
f 4313/1506/3962 4312/1507/3963 4324/1496/3953 4325/1495/3952
f 4312/1507/3963 4311/1508/3964 4323/1497/3954 4324/1496/3953
f 4311/1508/3964 4309/127/3042 4321/130/3044 4323/1497/3954
f 4298/1509/3965 4308/1510/3727 4320/1499/3737 4310/1498/3955
f 4308/1510/3727 4307/1511/3966 4319/1500/3956 4320/1499/3737
f 4307/1511/3966 4306/1512/3967 4318/1501/3957 4319/1500/3956
f 4306/1512/3967 4305/1513/3968 4317/1502/3958 4318/1501/3957
f 4305/1513/3968 4304/1514/3969 4316/1503/3959 4317/1502/3958
f 4304/1514/3969 4303/1515/3970 4315/1504/3960 4316/1503/3959
f 4303/1515/3970 4302/1516/3971 4314/1505/3961 4315/1504/3960
f 4302/1516/3971 4301/1517/3972 4313/1506/3962 4314/1505/3961
f 4301/1517/3972 4300/1518/3973 4312/1507/3963 4313/1506/3962
f 4300/1518/3973 4299/1519/3974 4311/1508/3964 4312/1507/3963
f 4299/1519/3974 4297/124/3040 4309/127/3042 4311/1508/3964
f 4286/1520/3975 4296/1521/3717 4308/1510/3727 4298/1509/3965
f 4296/1521/3717 4295/1522/3976 4307/1511/3966 4308/1510/3727
f 4295/1522/3976 4294/1523/3977 4306/1512/3967 4307/1511/3966
f 4294/1523/3977 4293/1524/3978 4305/1513/3968 4306/1512/3967
f 4293/1524/3978 4292/1525/3979 4304/1514/3969 4305/1513/3968
f 4292/1525/3979 4291/1526/3980 4303/1515/3970 4304/1514/3969
f 4291/1526/3980 4290/1527/3981 4302/1516/3971 4303/1515/3970
f 4290/1527/3981 4289/1528/3982 4301/1517/3972 4302/1516/3971
f 4289/1528/3982 4288/1529/3983 4300/1518/3973 4301/1517/3972
f 4288/1529/3983 4287/1530/3984 4299/1519/3974 4300/1518/3973
f 4287/1530/3984 4285/121/3038 4297/124/3040 4299/1519/3974
f 4274/1531/3985 4284/1532/3707 4296/1521/3717 4286/1520/3975
f 4284/1532/3707 4283/1533/3986 4295/1522/3976 4296/1521/3717
f 4283/1533/3986 4282/1534/3987 4294/1523/3977 4295/1522/3976
f 4282/1534/3987 4281/1535/3988 4293/1524/3978 4294/1523/3977
f 4281/1535/3988 4280/1536/3989 4292/1525/3979 4293/1524/3978
f 4280/1536/3989 4279/1537/3990 4291/1526/3980 4292/1525/3979
f 4279/1537/3990 4278/1538/3991 4290/1527/3981 4291/1526/3980
f 4278/1538/3991 4277/1539/3992 4289/1528/3982 4290/1527/3981
f 4277/1539/3992 4276/1540/3993 4288/1529/3983 4289/1528/3982
f 4276/1540/3993 4275/1541/3994 4287/1530/3984 4288/1529/3983
f 4275/1541/3994 4273/119/3036 4285/121/3038 4287/1530/3984
f 4262/1542/3995 4272/1543/3697 4284/1532/3707 4274/1531/3985
f 4272/1543/3697 4271/1544/3996 4283/1533/3986 4284/1532/3707
f 4271/1544/3996 4270/1545/3997 4282/1534/3987 4283/1533/3986
f 4270/1545/3997 4269/1546/3998 4281/1535/3988 4282/1534/3987
f 4269/1546/3998 4268/1547/3999 4280/1536/3989 4281/1535/3988
f 4268/1547/3999 4267/1548/4000 4279/1537/3990 4280/1536/3989
f 4267/1548/4000 4266/1549/4001 4278/1538/3991 4279/1537/3990
f 4266/1549/4001 4265/1550/4002 4277/1539/3992 4278/1538/3991
f 4265/1550/4002 4264/1551/4003 4276/1540/3993 4277/1539/3992
f 4264/1551/4003 4263/1552/4004 4275/1541/3994 4276/1540/3993
f 4263/1552/4004 4261/117/3034 4273/119/3036 4275/1541/3994
f 4250/1553/4005 4260/1554/3687 4272/1543/3697 4262/1542/3995
f 4260/1554/3687 4259/1555/4006 4271/1544/3996 4272/1543/3697
f 4259/1555/4006 4258/1556/4007 4270/1545/3997 4271/1544/3996
f 4258/1556/4007 4257/1557/4008 4269/1546/3998 4270/1545/3997
f 4257/1557/4008 4256/1558/4009 4268/1547/3999 4269/1546/3998
f 4256/1558/4009 4255/1559/4010 4267/1548/4000 4268/1547/3999
f 4255/1559/4010 4254/1560/4011 4266/1549/4001 4267/1548/4000
f 4254/1560/4011 4253/1561/4012 4265/1550/4002 4266/1549/4001
f 4253/1561/4012 4252/1562/4013 4264/1551/4003 4265/1550/4002
f 4252/1562/4013 4251/1563/4014 4263/1552/4004 4264/1551/4003
f 4251/1563/4014 4249/114/3032 4261/117/3034 4263/1552/4004
f 4238/1564/4015 4248/1565/3677 4260/1554/3687 4250/1553/4005
f 4248/1565/3677 4247/1566/4016 4259/1555/4006 4260/1554/3687
f 4247/1566/4016 4246/1567/4017 4258/1556/4007 4259/1555/4006
f 4246/1567/4017 4245/1568/4018 4257/1557/4008 4258/1556/4007
f 4245/1568/4018 4244/1569/4019 4256/1558/4009 4257/1557/4008
f 4244/1569/4019 4243/1570/4020 4255/1559/4010 4256/1558/4009
f 4243/1570/4020 4242/1571/4021 4254/1560/4011 4255/1559/4010
f 4242/1571/4021 4241/1572/4022 4253/1561/4012 4254/1560/4011
f 4241/1572/4022 4240/1573/4023 4252/1562/4013 4253/1561/4012
f 4240/1573/4023 4239/1574/4024 4251/1563/4014 4252/1562/4013
f 4239/1574/4024 4237/112/3030 4249/114/3032 4251/1563/4014
f 4226/1575/4025 4236/1576/3667 4248/1565/3677 4238/1564/4015
f 4236/1576/3667 4235/1577/4026 4247/1566/4016 4248/1565/3677
f 4235/1577/4026 4234/1578/4027 4246/1567/4017 4247/1566/4016
f 4234/1578/4027 4233/1579/4028 4245/1568/4018 4246/1567/4017
f 4233/1579/4028 4232/1580/4029 4244/1569/4019 4245/1568/4018
f 4232/1580/4029 4231/1581/4030 4243/1570/4020 4244/1569/4019
f 4231/1581/4030 4230/1582/4031 4242/1571/4021 4243/1570/4020
f 4230/1582/4031 4229/1583/4032 4241/1572/4022 4242/1571/4021
f 4229/1583/4032 4228/1584/4033 4240/1573/4023 4241/1572/4022
f 4228/1584/4033 4227/1585/4034 4239/1574/4024 4240/1573/4023
f 4227/1585/4034 4225/110/3028 4237/112/3030 4239/1574/4024
f 4214/1586/4035 4224/1587/3657 4236/1576/3667 4226/1575/4025
f 4224/1587/3657 4223/1588/4036 4235/1577/4026 4236/1576/3667
f 4223/1588/4036 4222/1589/4037 4234/1578/4027 4235/1577/4026
f 4222/1589/4037 4221/1590/4038 4233/1579/4028 4234/1578/4027
f 4221/1590/4038 4220/1591/4039 4232/1580/4029 4233/1579/4028
f 4220/1591/4039 4219/1592/4040 4231/1581/4030 4232/1580/4029
f 4219/1592/4040 4218/1593/4041 4230/1582/4031 4231/1581/4030
f 4218/1593/4041 4217/1594/4042 4229/1583/4032 4230/1582/4031
f 4217/1594/4042 4216/1595/4043 4228/1584/4033 4229/1583/4032
f 4216/1595/4043 4215/1596/4044 4227/1585/4034 4228/1584/4033
f 4215/1596/4044 4213/107/3026 4225/110/3028 4227/1585/4034
f 4202/1597/4045 4212/1598/3647 4224/1587/3657 4214/1586/4035
f 4212/1598/3647 4211/1599/4046 4223/1588/4036 4224/1587/3657
f 4211/1599/4046 4210/1600/4047 4222/1589/4037 4223/1588/4036
f 4210/1600/4047 4209/1601/4048 4221/1590/4038 4222/1589/4037
f 4209/1601/4048 4208/1602/4049 4220/1591/4039 4221/1590/4038
f 4208/1602/4049 4207/1603/4050 4219/1592/4040 4220/1591/4039
f 4207/1603/4050 4206/1604/4051 4218/1593/4041 4219/1592/4040
f 4206/1604/4051 4205/1605/4052 4217/1594/4042 4218/1593/4041
f 4205/1605/4052 4204/1606/4053 4216/1595/4043 4217/1594/4042
f 4204/1606/4053 4203/1607/4054 4215/1596/4044 4216/1595/4043
f 4203/1607/4054 4201/106/3024 4213/107/3026 4215/1596/4044
f 4190/1608/4055 4200/1609/3637 4212/1598/3647 4202/1597/4045
f 4200/1609/3637 4199/1610/4056 4211/1599/4046 4212/1598/3647
f 4199/1610/4056 4198/1611/4057 4210/1600/4047 4211/1599/4046
f 4198/1611/4057 4197/1612/4058 4209/1601/4048 4210/1600/4047
f 4197/1612/4058 4196/1613/4059 4208/1602/4049 4209/1601/4048
f 4196/1613/4059 4195/1614/4060 4207/1603/4050 4208/1602/4049
f 4195/1614/4060 4194/1615/4061 4206/1604/4051 4207/1603/4050
f 4194/1615/4061 4193/1616/4062 4205/1605/4052 4206/1604/4051
f 4193/1616/4062 4192/1617/4063 4204/1606/4053 4205/1605/4052
f 4192/1617/4063 4191/1618/4064 4203/1607/4054 4204/1606/4053
f 4191/1618/4064 4189/101/3022 4201/104/3024 4203/1607/4054
f 4178/1619/4065 4188/1620/3627 4200/1609/3637 4190/1608/4055
f 4188/1620/3627 4187/1621/4066 4199/1610/4056 4200/1609/3637
f 4187/1621/4066 4186/1622/4067 4198/1611/4057 4199/1610/4056
f 4186/1622/4067 4185/1623/4068 4197/1612/4058 4198/1611/4057
f 4185/1623/4068 4184/1624/4069 4196/1613/4059 4197/1612/4058
f 4184/1624/4069 4183/1625/4070 4195/1614/4060 4196/1613/4059
f 4183/1625/4070 4182/1626/4071 4194/1615/4061 4195/1614/4060
f 4182/1626/4071 4181/1627/4072 4193/1616/4062 4194/1615/4061
f 4181/1627/4072 4180/1628/4073 4192/1617/4063 4193/1616/4062
f 4180/1628/4073 4179/1629/4074 4191/1618/4064 4192/1617/4063
f 4179/1629/4074 4177/99/3020 4189/101/3022 4191/1618/4064
f 4166/1630/4075 4176/1631/3617 4188/1620/3627 4178/1619/4065
f 4176/1631/3617 4175/1632/4076 4187/1621/4066 4188/1620/3627
f 4175/1632/4076 4174/1633/4077 4186/1622/4067 4187/1621/4066
f 4174/1633/4077 4173/1634/4078 4185/1623/4068 4186/1622/4067
f 4173/1634/4078 4172/1635/4079 4184/1624/4069 4185/1623/4068
f 4172/1635/4079 4171/1636/4080 4183/1625/4070 4184/1624/4069
f 4171/1636/4080 4170/1637/4081 4182/1626/4071 4183/1625/4070
f 4170/1637/4081 4169/1638/4082 4181/1627/4072 4182/1626/4071
f 4169/1638/4082 4168/1639/4083 4180/1628/4073 4181/1627/4072
f 4168/1639/4083 4167/1640/4084 4179/1629/4074 4180/1628/4073
f 4167/1640/4084 4165/96/3018 4177/99/3020 4179/1629/4074
f 4154/1641/4085 4164/1642/3607 4176/1631/3617 4166/1630/4075
f 4164/1642/3607 4163/1643/4086 4175/1632/4076 4176/1631/3617
f 4163/1643/4086 4162/1644/4087 4174/1633/4077 4175/1632/4076
f 4162/1644/4087 4161/1645/4088 4173/1634/4078 4174/1633/4077
f 4161/1645/4088 4160/1646/4089 4172/1635/4079 4173/1634/4078
f 4160/1646/4089 4159/1647/4090 4171/1636/4080 4172/1635/4079
f 4159/1647/4090 4158/1648/4091 4170/1637/4081 4171/1636/4080
f 4158/1648/4091 4157/1649/4092 4169/1638/4082 4170/1637/4081
f 4157/1649/4092 4156/1650/4093 4168/1639/4083 4169/1638/4082
f 4156/1650/4093 4155/1651/4094 4167/1640/4084 4168/1639/4083
f 4155/1651/4094 4153/93/3016 4165/96/3018 4167/1640/4084
f 4142/1652/4095 4152/1653/3597 4164/1642/3607 4154/1641/4085
f 4152/1653/3597 4151/1654/4096 4163/1643/4086 4164/1642/3607
f 4151/1654/4096 4150/1655/4097 4162/1644/4087 4163/1643/4086
f 4150/1655/4097 4149/1656/4098 4161/1645/4088 4162/1644/4087
f 4149/1656/4098 4148/1657/4099 4160/1646/4089 4161/1645/4088
f 4148/1657/4099 4147/1658/4100 4159/1647/4090 4160/1646/4089
f 4147/1658/4100 4146/1659/4101 4158/1648/4091 4159/1647/4090
f 4146/1659/4101 4145/1660/4102 4157/1649/4092 4158/1648/4091
f 4145/1660/4102 4144/1661/4103 4156/1650/4093 4157/1649/4092
f 4144/1661/4103 4143/1662/4104 4155/1651/4094 4156/1650/4093
f 4143/1662/4104 4141/90/3014 4153/93/3016 4155/1651/4094
f 4130/1663/4105 4140/1664/3587 4152/1653/3597 4142/1652/4095
f 4140/1664/3587 4139/1665/4106 4151/1654/4096 4152/1653/3597
f 4139/1665/4106 4138/1666/4107 4150/1655/4097 4151/1654/4096
f 4138/1666/4107 4137/1667/4108 4149/1656/4098 4150/1655/4097
f 4137/1667/4108 4136/1668/4109 4148/1657/4099 4149/1656/4098
f 4136/1668/4109 4135/1669/4110 4147/1658/4100 4148/1657/4099
f 4135/1669/4110 4134/1670/4111 4146/1659/4101 4147/1658/4100
f 4134/1670/4111 4133/1671/4112 4145/1660/4102 4146/1659/4101
f 4133/1671/4112 4132/1672/4113 4144/1661/4103 4145/1660/4102
f 4132/1672/4113 4131/1673/4114 4143/1662/4104 4144/1661/4103
f 4131/1673/4114 4129/89/3012 4141/90/3014 4143/1662/4104
f 4118/1674/4115 4128/1675/3577 4140/1664/3587 4130/1663/4105
f 4128/1675/3577 4127/1676/4116 4139/1665/4106 4140/1664/3587
f 4127/1676/4116 4126/1677/4117 4138/1666/4107 4139/1665/4106
f 4126/1677/4117 4125/1678/4118 4137/1667/4108 4138/1666/4107
f 4125/1678/4118 4124/1679/4119 4136/1668/4109 4137/1667/4108
f 4124/1679/4119 4123/1680/4120 4135/1669/4110 4136/1668/4109
f 4123/1680/4120 4122/1681/4121 4134/1670/4111 4135/1669/4110
f 4122/1681/4121 4121/1682/4122 4133/1671/4112 4134/1670/4111
f 4121/1682/4122 4120/1683/4123 4132/1672/4113 4133/1671/4112
f 4120/1683/4123 4119/1684/4124 4131/1673/4114 4132/1672/4113
f 4119/1684/4124 4117/86/3010 4129/87/3012 4131/1673/4114
f 4106/1685/4125 4116/1686/3567 4128/1675/3577 4118/1674/4115
f 4116/1686/3567 4115/1687/4126 4127/1676/4116 4128/1675/3577
f 4115/1687/4126 4114/1688/4127 4126/1677/4117 4127/1676/4116
f 4114/1688/4127 4113/1689/4128 4125/1678/4118 4126/1677/4117
f 4113/1689/4128 4112/1690/4129 4124/1679/4119 4125/1678/4118
f 4112/1690/4129 4111/1691/4130 4123/1680/4120 4124/1679/4119
f 4111/1691/4130 4110/1692/4131 4122/1681/4121 4123/1680/4120
f 4110/1692/4131 4109/1693/4132 4121/1682/4122 4122/1681/4121
f 4109/1693/4132 4108/1694/4133 4120/1683/4123 4121/1682/4122
f 4108/1694/4133 4107/1695/4134 4119/1684/4124 4120/1683/4123
f 4107/1695/4134 4105/82/3008 4117/83/3010 4119/1684/4124
f 4094/1696/4135 4104/1697/3557 4116/1686/3567 4106/1685/4125
f 4104/1697/3557 4103/1698/4136 4115/1687/4126 4116/1686/3567
f 4103/1698/4136 4102/1699/4137 4114/1688/4127 4115/1687/4126
f 4102/1699/4137 4101/1700/4138 4113/1689/4128 4114/1688/4127
f 4101/1700/4138 4100/1701/4139 4112/1690/4129 4113/1689/4128
f 4100/1701/4139 4099/1702/4140 4111/1691/4130 4112/1690/4129
f 4099/1702/4140 4098/1703/4141 4110/1692/4131 4111/1691/4130
f 4098/1703/4141 4097/1704/4142 4109/1693/4132 4110/1692/4131
f 4097/1704/4142 4096/1705/4143 4108/1694/4133 4109/1693/4132
f 4096/1705/4143 4095/1706/4144 4107/1695/4134 4108/1694/4133
f 4095/1706/4144 4093/78/3006 4105/80/3008 4107/1695/4134
f 4082/1707/4145 4092/1708/3547 4104/1697/3557 4094/1696/4135
f 4092/1708/3547 4091/1709/4146 4103/1698/4136 4104/1697/3557
f 4091/1709/4146 4090/1710/4147 4102/1699/4137 4103/1698/4136
f 4090/1710/4147 4089/1711/4148 4101/1700/4138 4102/1699/4137
f 4089/1711/4148 4088/1712/4149 4100/1701/4139 4101/1700/4138
f 4088/1712/4149 4087/1713/4150 4099/1702/4140 4100/1701/4139
f 4087/1713/4150 4086/1714/4151 4098/1703/4141 4099/1702/4140
f 4086/1714/4151 4085/1715/4152 4097/1704/4142 4098/1703/4141
f 4085/1715/4152 4084/1716/4153 4096/1705/4143 4097/1704/4142
f 4084/1716/4153 4083/1717/4154 4095/1706/4144 4096/1705/4143
f 4083/1717/4154 4081/76/3004 4093/78/3006 4095/1706/4144
f 4070/1718/4155 4080/1719/3537 4092/1708/3547 4082/1707/4145
f 4080/1719/3537 4079/1720/4156 4091/1709/4146 4092/1708/3547
f 4079/1720/4156 4078/1721/4157 4090/1710/4147 4091/1709/4146
f 4078/1721/4157 4077/1722/4158 4089/1711/4148 4090/1710/4147
f 4077/1722/4158 4076/1723/4159 4088/1712/4149 4089/1711/4148
f 4076/1723/4159 4075/1724/4160 4087/1713/4150 4088/1712/4149
f 4075/1724/4160 4074/1725/4161 4086/1714/4151 4087/1713/4150
f 4074/1725/4161 4073/1726/4162 4085/1715/4152 4086/1714/4151
f 4073/1726/4162 4072/1727/4163 4084/1716/4153 4085/1715/4152
f 4072/1727/4163 4071/1728/4164 4083/1717/4154 4084/1716/4153
f 4071/1728/4164 4069/74/3002 4081/76/3004 4083/1717/4154
f 4058/1729/4165 4068/1730/3527 4080/1719/3537 4070/1718/4155
f 4068/1730/3527 4067/1731/4166 4079/1720/4156 4080/1719/3537
f 4067/1731/4166 4066/1732/4167 4078/1721/4157 4079/1720/4156
f 4066/1732/4167 4065/1733/4168 4077/1722/4158 4078/1721/4157
f 4065/1733/4168 4064/1734/4169 4076/1723/4159 4077/1722/4158
f 4064/1734/4169 4063/1735/4170 4075/1724/4160 4076/1723/4159
f 4063/1735/4170 4062/1736/4171 4074/1725/4161 4075/1724/4160
f 4062/1736/4171 4061/1737/4172 4073/1726/4162 4074/1725/4161
f 4061/1737/4172 4060/1738/4173 4072/1727/4163 4073/1726/4162
f 4060/1738/4173 4059/1739/4174 4071/1728/4164 4072/1727/4163
f 4059/1739/4174 4057/72/3000 4069/74/3002 4071/1728/4164
f 4046/1740/4175 4056/1741/3517 4068/1730/3527 4058/1729/4165
f 4056/1741/3517 4055/1742/4176 4067/1731/4166 4068/1730/3527
f 4055/1742/4176 4054/1743/4177 4066/1732/4167 4067/1731/4166
f 4054/1743/4177 4053/1744/4178 4065/1733/4168 4066/1732/4167
f 4053/1744/4178 4052/1745/4179 4064/1734/4169 4065/1733/4168
f 4052/1745/4179 4051/1746/4180 4063/1735/4170 4064/1734/4169
f 4051/1746/4180 4050/1747/4181 4062/1736/4171 4063/1735/4170
f 4050/1747/4181 4049/1748/4182 4061/1737/4172 4062/1736/4171
f 4049/1748/4182 4048/1749/4183 4060/1738/4173 4061/1737/4172
f 4048/1749/4183 4047/1750/4184 4059/1739/4174 4060/1738/4173
f 4047/1750/4184 4045/70/2998 4057/72/3000 4059/1739/4174
f 4034/1751/4185 4044/1752/3507 4056/1741/3517 4046/1740/4175
f 4044/1752/3507 4043/1753/4186 4055/1742/4176 4056/1741/3517
f 4043/1753/4186 4042/1754/4187 4054/1743/4177 4055/1742/4176
f 4042/1754/4187 4041/1755/4188 4053/1744/4178 4054/1743/4177
f 4041/1755/4188 4040/1756/4189 4052/1745/4179 4053/1744/4178
f 4040/1756/4189 4039/1757/4190 4051/1746/4180 4052/1745/4179
f 4039/1757/4190 4038/1758/4191 4050/1747/4181 4051/1746/4180
f 4038/1758/4191 4037/1759/4192 4049/1748/4182 4050/1747/4181
f 4037/1759/4192 4036/1760/4193 4048/1749/4183 4049/1748/4182
f 4036/1760/4193 4035/1761/4194 4047/1750/4184 4048/1749/4183
f 4035/1761/4194 4033/68/2996 4045/70/2998 4047/1750/4184
f 4022/1762/4195 4032/1763/3497 4044/1752/3507 4034/1751/4185
f 4032/1763/3497 4031/1764/4196 4043/1753/4186 4044/1752/3507
f 4031/1764/4196 4030/1765/4197 4042/1754/4187 4043/1753/4186
f 4030/1765/4197 4029/1766/4198 4041/1755/4188 4042/1754/4187
f 4029/1766/4198 4028/1767/4199 4040/1756/4189 4041/1755/4188
f 4028/1767/4199 4027/1768/4200 4039/1757/4190 4040/1756/4189
f 4027/1768/4200 4026/1769/4201 4038/1758/4191 4039/1757/4190
f 4026/1769/4201 4025/1770/4202 4037/1759/4192 4038/1758/4191
f 4025/1770/4202 4024/1771/4203 4036/1760/4193 4037/1759/4192
f 4024/1771/4203 4023/1772/4204 4035/1761/4194 4036/1760/4193
f 4023/1772/4204 4021/66/2994 4033/68/2996 4035/1761/4194
f 4010/1773/4205 4020/1774/3487 4032/1763/3497 4022/1762/4195
f 4020/1774/3487 4019/1775/4206 4031/1764/4196 4032/1763/3497
f 4019/1775/4206 4018/1776/4207 4030/1765/4197 4031/1764/4196
f 4018/1776/4207 4017/1777/4208 4029/1766/4198 4030/1765/4197
f 4017/1777/4208 4016/1778/4209 4028/1767/4199 4029/1766/4198
f 4016/1778/4209 4015/1779/4210 4027/1768/4200 4028/1767/4199
f 4015/1779/4210 4014/1780/4211 4026/1769/4201 4027/1768/4200
f 4014/1780/4211 4013/1781/4212 4025/1770/4202 4026/1769/4201
f 4013/1781/4212 4012/1782/4213 4024/1771/4203 4025/1770/4202
f 4012/1782/4213 4011/1783/4214 4023/1772/4204 4024/1771/4203
f 4011/1783/4214 4009/64/2992 4021/66/2994 4023/1772/4204
f 3998/1784/4215 4008/1785/3477 4020/1774/3487 4010/1773/4205
f 4008/1785/3477 4007/1786/4216 4019/1775/4206 4020/1774/3487
f 4007/1786/4216 4006/1787/4217 4018/1776/4207 4019/1775/4206
f 4006/1787/4217 4005/1788/4218 4017/1777/4208 4018/1776/4207
f 4005/1788/4218 4004/1789/4219 4016/1778/4209 4017/1777/4208
f 4004/1789/4219 4003/1790/4220 4015/1779/4210 4016/1778/4209
f 4003/1790/4220 4002/1791/4221 4014/1780/4211 4015/1779/4210
f 4002/1791/4221 4001/1792/4222 4013/1781/4212 4014/1780/4211
f 4001/1792/4222 4000/1793/4223 4012/1782/4213 4013/1781/4212
f 4000/1793/4223 3999/1794/4224 4011/1783/4214 4012/1782/4213
f 3999/1794/4224 3997/63/2990 4009/64/2992 4011/1783/4214
f 3986/1795/4225 3996/1797/3467 4008/1785/3477 3998/1796/4215
f 3996/1797/3467 3995/1798/4226 4007/1786/4216 4008/1785/3477
f 3995/1798/4226 3994/1799/4227 4006/1787/4217 4007/1786/4216
f 3994/1799/4227 3993/1800/4228 4005/1788/4218 4006/1787/4217
f 3993/1800/4228 3992/1801/4229 4004/1789/4219 4005/1788/4218
f 3992/1801/4229 3991/1802/4230 4003/1790/4220 4004/1789/4219
f 3991/1802/4230 3990/1803/4231 4002/1791/4221 4003/1790/4220
f 3990/1803/4231 3989/1804/4232 4001/1792/4222 4002/1791/4221
f 3989/1804/4232 3988/1805/4233 4000/1793/4223 4001/1792/4222
f 3988/1805/4233 3987/1806/4234 3999/1794/4224 4000/1793/4223
f 3987/1806/4234 3985/58/2988 3997/60/2990 3999/1794/4224
f 3974/1807/4235 3984/1808/3457 3996/1797/3467 3986/1795/4225
f 3984/1808/3457 3983/1809/4236 3995/1798/4226 3996/1797/3467
f 3983/1809/4236 3982/1810/4237 3994/1799/4227 3995/1798/4226
f 3982/1810/4237 3981/1811/4238 3993/1800/4228 3994/1799/4227
f 3981/1811/4238 3980/1812/4239 3992/1801/4229 3993/1800/4228
f 3980/1812/4239 3979/1813/4240 3991/1802/4230 3992/1801/4229
f 3979/1813/4240 3978/1814/4241 3990/1803/4231 3991/1802/4230
f 3978/1814/4241 3977/1815/4242 3989/1804/4232 3990/1803/4231
f 3977/1815/4242 3976/1816/4243 3988/1805/4233 3989/1804/4232
f 3976/1816/4243 3975/1817/4244 3987/1806/4234 3988/1805/4233
f 3975/1817/4244 3973/55/2986 3985/58/2988 3987/1806/4234
f 3962/1818/4245 3972/1819/3447 3984/1808/3457 3974/1807/4235
f 3972/1819/3447 3971/1820/4246 3983/1809/4236 3984/1808/3457
f 3971/1820/4246 3970/1821/4247 3982/1810/4237 3983/1809/4236
f 3970/1821/4247 3969/1822/4248 3981/1811/4238 3982/1810/4237
f 3969/1822/4248 3968/1823/4249 3980/1812/4239 3981/1811/4238
f 3968/1823/4249 3967/1824/4250 3979/1813/4240 3980/1812/4239
f 3967/1824/4250 3966/1825/4251 3978/1814/4241 3979/1813/4240
f 3966/1825/4251 3965/1826/4252 3977/1815/4242 3978/1814/4241
f 3965/1826/4252 3964/1827/4253 3976/1816/4243 3977/1815/4242
f 3964/1827/4253 3963/1828/4254 3975/1817/4244 3976/1816/4243
f 3963/1828/4254 3961/52/2984 3973/55/2986 3975/1817/4244
f 3950/1829/4255 3960/1830/3437 3972/1819/3447 3962/1818/4245
f 3960/1830/3437 3959/1831/4256 3971/1820/4246 3972/1819/3447
f 3959/1831/4256 3958/1832/4257 3970/1821/4247 3971/1820/4246
f 3958/1832/4257 3957/1833/4258 3969/1822/4248 3970/1821/4247
f 3957/1833/4258 3956/1834/4259 3968/1823/4249 3969/1822/4248
f 3956/1834/4259 3955/1835/4260 3967/1824/4250 3968/1823/4249
f 3955/1835/4260 3954/1836/4261 3966/1825/4251 3967/1824/4250
f 3954/1836/4261 3953/1837/4262 3965/1826/4252 3966/1825/4251
f 3953/1837/4262 3952/1838/4263 3964/1827/4253 3965/1826/4252
f 3952/1838/4263 3951/1839/4264 3963/1828/4254 3964/1827/4253
f 3951/1839/4264 3949/50/2982 3961/52/2984 3963/1828/4254
f 3938/1840/4265 3948/1841/3427 3960/1830/3437 3950/1829/4255
f 3948/1841/3427 3947/1842/4266 3959/1831/4256 3960/1830/3437
f 3947/1842/4266 3946/1843/4267 3958/1832/4257 3959/1831/4256
f 3946/1843/4267 3945/1844/4268 3957/1833/4258 3958/1832/4257
f 3945/1844/4268 3944/1845/4269 3956/1834/4259 3957/1833/4258
f 3944/1845/4269 3943/1846/4270 3955/1835/4260 3956/1834/4259
f 3943/1846/4270 3942/1847/4271 3954/1836/4261 3955/1835/4260
f 3942/1847/4271 3941/1848/4272 3953/1837/4262 3954/1836/4261
f 3941/1848/4272 3940/1849/4273 3952/1838/4263 3953/1837/4262
f 3940/1849/4273 3939/1850/4274 3951/1839/4264 3952/1838/4263
f 3939/1850/4274 3937/48/2980 3949/50/2982 3951/1839/4264
f 3926/1851/4275 3936/1852/3417 3948/1841/3427 3938/1840/4265
f 3936/1852/3417 3935/1853/4276 3947/1842/4266 3948/1841/3427
f 3935/1853/4276 3934/1854/4277 3946/1843/4267 3947/1842/4266
f 3934/1854/4277 3933/1855/4278 3945/1844/4268 3946/1843/4267
f 3933/1855/4278 3932/1856/4279 3944/1845/4269 3945/1844/4268
f 3932/1856/4279 3931/1857/4280 3943/1846/4270 3944/1845/4269
f 3931/1857/4280 3930/1858/4281 3942/1847/4271 3943/1846/4270
f 3930/1858/4281 3929/1859/4282 3941/1848/4272 3942/1847/4271
f 3929/1859/4282 3928/1860/4283 3940/1849/4273 3941/1848/4272
f 3928/1860/4283 3927/1861/4284 3939/1850/4274 3940/1849/4273
f 3927/1861/4284 3925/46/2978 3937/48/2980 3939/1850/4274
f 3914/1862/4285 3924/1863/3407 3936/1852/3417 3926/1851/4275
f 3924/1863/3407 3923/1864/4286 3935/1853/4276 3936/1852/3417
f 3923/1864/4286 3922/1865/4287 3934/1854/4277 3935/1853/4276
f 3922/1865/4287 3921/1866/4288 3933/1855/4278 3934/1854/4277
f 3921/1866/4288 3920/1867/4289 3932/1856/4279 3933/1855/4278
f 3920/1867/4289 3919/1868/4290 3931/1857/4280 3932/1856/4279
f 3919/1868/4290 3918/1869/4291 3930/1858/4281 3931/1857/4280
f 3918/1869/4291 3917/1870/4292 3929/1859/4282 3930/1858/4281
f 3917/1870/4292 3916/1871/4293 3928/1860/4283 3929/1859/4282
f 3916/1871/4293 3915/1872/4294 3927/1861/4284 3928/1860/4283
f 3915/1872/4294 3913/43/2976 3925/46/2978 3927/1861/4284
f 3902/1873/4295 3912/1874/3397 3924/1863/3407 3914/1862/4285
f 3912/1874/3397 3911/1875/4296 3923/1864/4286 3924/1863/3407
f 3911/1875/4296 3910/1876/4297 3922/1865/4287 3923/1864/4286
f 3910/1876/4297 3909/1877/4298 3921/1866/4288 3922/1865/4287
f 3909/1877/4298 3908/1878/4299 3920/1867/4289 3921/1866/4288
f 3908/1878/4299 3907/1879/4300 3919/1868/4290 3920/1867/4289
f 3907/1879/4300 3906/1880/4301 3918/1869/4291 3919/1868/4290
f 3906/1880/4301 3905/1881/4302 3917/1870/4292 3918/1869/4291
f 3905/1881/4302 3904/1882/4303 3916/1871/4293 3917/1870/4292
f 3904/1882/4303 3903/1883/4304 3915/1872/4294 3916/1871/4293
f 3903/1883/4304 3901/41/2974 3913/43/2976 3915/1872/4294
f 3890/1884/4305 3900/1885/3387 3912/1874/3397 3902/1873/4295
f 3900/1885/3387 3899/1886/4306 3911/1875/4296 3912/1874/3397
f 3899/1886/4306 3898/1887/4307 3910/1876/4297 3911/1875/4296
f 3898/1887/4307 3897/1888/4308 3909/1877/4298 3910/1876/4297
f 3897/1888/4308 3896/1889/4309 3908/1878/4299 3909/1877/4298
f 3896/1889/4309 3895/1890/4310 3907/1879/4300 3908/1878/4299
f 3895/1890/4310 3894/1891/4311 3906/1880/4301 3907/1879/4300
f 3894/1891/4311 3893/1892/4312 3905/1881/4302 3906/1880/4301
f 3893/1892/4312 3892/1893/4313 3904/1882/4303 3905/1881/4302
f 3892/1893/4313 3891/1894/4314 3903/1883/4304 3904/1882/4303
f 3891/1894/4314 3889/39/2972 3901/41/2974 3903/1883/4304
f 3878/1895/4315 3888/1896/3377 3900/1885/3387 3890/1884/4305
f 3888/1896/3377 3887/1897/4316 3899/1886/4306 3900/1885/3387
f 3887/1897/4316 3886/1898/4317 3898/1887/4307 3899/1886/4306
f 3886/1898/4317 3885/1899/4318 3897/1888/4308 3898/1887/4307
f 3885/1899/4318 3884/1900/4319 3896/1889/4309 3897/1888/4308
f 3884/1900/4319 3883/1901/4320 3895/1890/4310 3896/1889/4309
f 3883/1901/4320 3882/1902/4321 3894/1891/4311 3895/1890/4310
f 3882/1902/4321 3881/1903/4322 3893/1892/4312 3894/1891/4311
f 3881/1903/4322 3880/1904/4323 3892/1893/4313 3893/1892/4312
f 3880/1904/4323 3879/1905/4324 3891/1894/4314 3892/1893/4313
f 3879/1905/4324 3877/36/2970 3889/39/2972 3891/1894/4314
f 3866/1906/4325 3876/1907/3367 3888/1896/3377 3878/1895/4315
f 3876/1907/3367 3875/1908/4326 3887/1897/4316 3888/1896/3377
f 3875/1908/4326 3874/1909/4327 3886/1898/4317 3887/1897/4316
f 3874/1909/4327 3873/1910/4328 3885/1899/4318 3886/1898/4317
f 3873/1910/4328 3872/1911/4329 3884/1900/4319 3885/1899/4318
f 3872/1911/4329 3871/1912/4330 3883/1901/4320 3884/1900/4319
f 3871/1912/4330 3870/1913/4331 3882/1902/4321 3883/1901/4320
f 3870/1913/4331 3869/1914/4332 3881/1903/4322 3882/1902/4321
f 3869/1914/4332 3868/1915/4333 3880/1904/4323 3881/1903/4322
f 3868/1915/4333 3867/1916/4334 3879/1905/4324 3880/1904/4323
f 3867/1916/4334 3865/34/2968 3877/36/2970 3879/1905/4324
f 3854/1917/4335 3864/1918/3357 3876/1907/3367 3866/1906/4325
f 3864/1918/3357 3863/1919/4336 3875/1908/4326 3876/1907/3367
f 3863/1919/4336 3862/1920/4337 3874/1909/4327 3875/1908/4326
f 3862/1920/4337 3861/1921/4338 3873/1910/4328 3874/1909/4327
f 3861/1921/4338 3860/1922/4339 3872/1911/4329 3873/1910/4328
f 3860/1922/4339 3859/1923/4340 3871/1912/4330 3872/1911/4329
f 3859/1923/4340 3858/1924/4341 3870/1913/4331 3871/1912/4330
f 3858/1924/4341 3857/1925/4342 3869/1914/4332 3870/1913/4331
f 3857/1925/4342 3856/1926/4343 3868/1915/4333 3869/1914/4332
f 3856/1926/4343 3855/1927/4344 3867/1916/4334 3868/1915/4333
f 3855/1927/4344 3853/31/2966 3865/34/2968 3867/1916/4334
f 3842/1928/4345 3852/1929/3347 3864/1918/3357 3854/1917/4335
f 3852/1929/3347 3851/1930/4346 3863/1919/4336 3864/1918/3357
f 3851/1930/4346 3850/1931/4347 3862/1920/4337 3863/1919/4336
f 3850/1931/4347 3849/1932/4348 3861/1921/4338 3862/1920/4337
f 3849/1932/4348 3848/1933/4349 3860/1922/4339 3861/1921/4338
f 3848/1933/4349 3847/1934/4350 3859/1923/4340 3860/1922/4339
f 3847/1934/4350 3846/1935/4351 3858/1924/4341 3859/1923/4340
f 3846/1935/4351 3845/1936/4352 3857/1925/4342 3858/1924/4341
f 3845/1936/4352 3844/1937/4353 3856/1926/4343 3857/1925/4342
f 3844/1937/4353 3843/1938/4354 3855/1927/4344 3856/1926/4343
f 3843/1938/4354 3841/28/2964 3853/31/2966 3855/1927/4344
f 3830/1939/4355 3840/1940/3337 3852/1929/3347 3842/1928/4345
f 3840/1940/3337 3839/1941/4356 3851/1930/4346 3852/1929/3347
f 3839/1941/4356 3838/1942/4357 3850/1931/4347 3851/1930/4346
f 3838/1942/4357 3837/1943/4358 3849/1932/4348 3850/1931/4347
f 3837/1943/4358 3836/1944/4359 3848/1933/4349 3849/1932/4348
f 3836/1944/4359 3835/1945/4360 3847/1934/4350 3848/1933/4349
f 3835/1945/4360 3834/1946/4361 3846/1935/4351 3847/1934/4350
f 3834/1946/4361 3833/1947/4362 3845/1936/4352 3846/1935/4351
f 3833/1947/4362 3832/1948/4363 3844/1937/4353 3845/1936/4352
f 3832/1948/4363 3831/1949/4364 3843/1938/4354 3844/1937/4353
f 3831/1949/4364 3829/25/2962 3841/28/2964 3843/1938/4354
f 3818/1950/4365 3828/1952/3327 3840/1940/3337 3830/1951/4355
f 3828/1952/3327 3827/1953/4366 3839/1941/4356 3840/1940/3337
f 3827/1953/4366 3826/1954/4367 3838/1942/4357 3839/1941/4356
f 3826/1954/4367 3825/1955/4368 3837/1943/4358 3838/1942/4357
f 3825/1955/4368 3824/1956/4369 3836/1944/4359 3837/1943/4358
f 3824/1956/4369 3823/1957/4370 3835/1945/4360 3836/1944/4359
f 3823/1957/4370 3822/1958/4371 3834/1946/4361 3835/1945/4360
f 3822/1958/4371 3821/1959/4372 3833/1947/4362 3834/1946/4361
f 3821/1959/4372 3820/1960/4373 3832/1948/4363 3833/1947/4362
f 3820/1960/4373 3819/1961/4374 3831/1949/4364 3832/1948/4363
f 3819/1961/4374 3817/22/2960 3829/25/2962 3831/1949/4364
f 3806/1962/4375 3816/1964/3317 3828/1952/3327 3818/1963/4365
f 3816/1964/3317 3815/1965/4376 3827/1953/4366 3828/1952/3327
f 3815/1965/4376 3814/1966/4377 3826/1954/4367 3827/1953/4366
f 3814/1966/4377 3813/1967/4378 3825/1955/4368 3826/1954/4367
f 3813/1967/4378 3812/1968/4379 3824/1956/4369 3825/1955/4368
f 3812/1968/4379 3811/1969/4380 3823/1957/4370 3824/1956/4369
f 3811/1969/4380 3810/1970/4381 3822/1958/4371 3823/1957/4370
f 3810/1970/4381 3809/1971/4382 3821/1959/4372 3822/1958/4371
f 3809/1971/4382 3808/1972/4383 3820/1960/4373 3821/1959/4372
f 3808/1972/4383 3807/1973/4384 3819/1961/4374 3820/1960/4373
f 3807/1973/4384 3805/20/2958 3817/22/2960 3819/1961/4374
f 3794/1974/4385 3804/1975/3307 3816/1964/3317 3806/1962/4375
f 3804/1975/3307 3803/1976/4386 3815/1965/4376 3816/1964/3317
f 3803/1976/4386 3802/1977/4387 3814/1966/4377 3815/1965/4376
f 3802/1977/4387 3801/1978/4388 3813/1967/4378 3814/1966/4377
f 3801/1978/4388 3800/1979/4389 3812/1968/4379 3813/1967/4378
f 3800/1979/4389 3799/1980/4390 3811/1969/4380 3812/1968/4379
f 3799/1980/4390 3798/1981/4391 3810/1970/4381 3811/1969/4380
f 3798/1981/4391 3797/1982/4392 3809/1971/4382 3810/1970/4381
f 3797/1982/4392 3796/1983/4393 3808/1972/4383 3809/1971/4382
f 3796/1983/4393 3795/1984/4394 3807/1973/4384 3808/1972/4383
f 3795/1984/4394 3793/19/2956 3805/20/2958 3807/1973/4384
f 3782/1985/4395 3792/1986/3297 3804/1975/3307 3794/1974/4385
f 3792/1986/3297 3791/1987/4396 3803/1976/4386 3804/1975/3307
f 3791/1987/4396 3790/1988/4397 3802/1977/4387 3803/1976/4386
f 3790/1988/4397 3789/1989/4398 3801/1978/4388 3802/1977/4387
f 3789/1989/4398 3788/1990/4399 3800/1979/4389 3801/1978/4388
f 3788/1990/4399 3787/1991/4400 3799/1980/4390 3800/1979/4389
f 3787/1991/4400 3786/1992/4401 3798/1981/4391 3799/1980/4390
f 3786/1992/4401 3785/1993/4402 3797/1982/4392 3798/1981/4391
f 3785/1993/4402 3784/1994/4403 3796/1983/4393 3797/1982/4392
f 3784/1994/4403 3783/1995/4404 3795/1984/4394 3796/1983/4393
f 3783/1995/4404 3781/16/2954 3793/17/2956 3795/1984/4394
f 3770/1996/4405 3780/1997/3287 3792/1986/3297 3782/1985/4395
f 3780/1997/3287 3779/1998/4406 3791/1987/4396 3792/1986/3297
f 3779/1998/4406 3778/1999/4407 3790/1988/4397 3791/1987/4396
f 3778/1999/4407 3777/2000/4408 3789/1989/4398 3790/1988/4397
f 3777/2000/4408 3776/2001/4409 3788/1990/4399 3789/1989/4398
f 3776/2001/4409 3775/2002/4410 3787/1991/4400 3788/1990/4399
f 3775/2002/4410 3774/2003/4411 3786/1992/4401 3787/1991/4400
f 3774/2003/4411 3773/2004/4412 3785/1993/4402 3786/1992/4401
f 3773/2004/4412 3772/2005/4413 3784/1994/4403 3785/1993/4402
f 3772/2005/4413 3771/2006/4414 3783/1995/4404 3784/1994/4403
f 3771/2006/4414 3769/12/2952 3781/14/2954 3783/1995/4404
f 3758/2007/4415 3768/2008/3277 3780/1997/3287 3770/1996/4405
f 3768/2008/3277 3767/2009/4416 3779/1998/4406 3780/1997/3287
f 3767/2009/4416 3766/2010/4417 3778/1999/4407 3779/1998/4406
f 3766/2010/4417 3765/2011/4418 3777/2000/4408 3778/1999/4407
f 3765/2011/4418 3764/2012/4419 3776/2001/4409 3777/2000/4408
f 3764/2012/4419 3763/2013/4420 3775/2002/4410 3776/2001/4409
f 3763/2013/4420 3762/2014/4421 3774/2003/4411 3775/2002/4410
f 3762/2014/4421 3761/2015/4422 3773/2004/4412 3774/2003/4411
f 3761/2015/4422 3760/2016/4423 3772/2005/4413 3773/2004/4412
f 3760/2016/4423 3759/2017/4424 3771/2006/4414 3772/2005/4413
f 3759/2017/4424 3757/10/2950 3769/12/2952 3771/2006/4414
f 3746/2018/4425 3756/2019/3267 3768/2008/3277 3758/2007/4415
f 3756/2019/3267 3755/2020/4426 3767/2009/4416 3768/2008/3277
f 3755/2020/4426 3754/2021/4427 3766/2010/4417 3767/2009/4416
f 3754/2021/4427 3753/2022/4428 3765/2011/4418 3766/2010/4417
f 3753/2022/4428 3752/2023/4429 3764/2012/4419 3765/2011/4418
f 3752/2023/4429 3751/2024/4430 3763/2013/4420 3764/2012/4419
f 3751/2024/4430 3750/2025/4431 3762/2014/4421 3763/2013/4420
f 3750/2025/4431 3749/2026/4432 3761/2015/4422 3762/2014/4421
f 3749/2026/4432 3748/2027/4433 3760/2016/4423 3761/2015/4422
f 3748/2027/4433 3747/2028/4434 3759/2017/4424 3760/2016/4423
f 3747/2028/4434 3745/7/2947 3757/10/2950 3759/2017/4424
f 3734/2029/4435 3744/2030/3250 3756/2019/3267 3746/2018/4425
f 3744/2030/3250 3743/2031/4436 3755/2020/4426 3756/2019/3267
f 3743/2031/4436 3742/2032/4437 3754/2021/4427 3755/2020/4426
f 3742/2032/4437 3741/2033/4438 3753/2022/4428 3754/2021/4427
f 3741/2033/4438 3740/2034/4439 3752/2023/4429 3753/2022/4428
f 3740/2034/4439 3739/2035/4440 3751/2024/4430 3752/2023/4429
f 3739/2035/4440 3738/2036/4441 3750/2025/4431 3751/2024/4430
f 3738/2036/4441 3737/2037/4442 3749/2026/4432 3750/2025/4431
f 3737/2037/4442 3736/2038/4443 3748/2027/4433 3749/2026/4432
f 3736/2038/4443 3735/2039/4444 3747/2028/4434 3748/2027/4433
f 3735/2039/4444 3733/6/2948 3745/7/2947 3747/2028/4434
f 3721/2040/3846 3723/2041/3249 3744/2030/3250 3734/2029/4435
f 3723/2041/3249 3724/2042/3848 3743/2031/4436 3744/2030/3250
f 3724/2042/3848 3725/2043/3850 3742/2032/4437 3743/2031/4436
f 3725/2043/3850 3726/2044/3852 3741/2033/4438 3742/2032/4437
f 3726/2044/3852 3727/2045/3854 3740/2034/4439 3741/2033/4438
f 3727/2045/3854 3728/2046/3856 3739/2035/4440 3740/2034/4439
f 3728/2046/3856 3729/2047/3858 3738/2036/4441 3739/2035/4440
f 3729/2047/3858 3730/2048/3860 3737/2037/4442 3738/2036/4441
f 3730/2048/3860 3731/2049/3862 3736/2038/4443 3737/2037/4442
f 3731/2049/3862 3732/2050/3864 3735/2039/4444 3736/2038/4443
f 3732/2050/3864 3722/159/3068 3733/6/2948 3735/2039/4444
f 5389/2051/3074 5857/160/3069 2942/161/3072 2941/2052/3075
f 5102/171/3078 5089/2055/4445 5846/2054/4446 5377/2053/3079
f 5089/2055/4445 5078/2058/4447 5414/2057/4448 5846/2056/4446
f 5078/2058/4447 5066/2060/4449 5366/2059/4450 5414/2057/4448
f 5066/2061/4449 5053/2063/4451 5834/2062/4452 5366/2059/4450
f 5053/2063/4451 5042/2066/4453 5426/2065/4454 5834/2064/4452
f 5042/2066/4453 5030/2069/4455 5354/2068/4456 5426/2067/4454
f 5030/2069/4455 5017/2071/4457 5822/2070/4458 5354/2068/4456
f 5017/2071/4457 5006/2074/4459 5438/2073/4460 5822/2072/4458
f 5006/2074/4459 4994/2077/4461 5342/2076/4462 5438/2075/4460
f 4994/2077/4461 4981/2080/4463 5810/2079/4464 5342/2078/4462
f 4981/2080/4463 4970/2083/4465 5450/2082/4466 5810/2081/4464
f 4970/2083/4465 4958/2086/4467 5330/2085/4468 5450/2084/4466
f 4958/2086/4467 4945/2089/4469 5798/2088/4470 5330/2087/4468
f 4945/2089/4469 4934/2091/4471 5462/2090/4472 5798/2088/4470
f 4934/2092/4471 4922/2095/4473 5318/2094/4474 5462/2093/4472
f 4922/2095/4473 4909/2098/4475 5786/2097/4476 5318/2096/4474
f 4909/2098/4475 4898/2100/4477 5474/2099/4478 5786/2097/4476
f 4898/2100/4477 4886/2103/4479 5306/2102/4480 5474/2101/4478
f 4886/2103/4479 4873/2105/4481 5774/2104/4482 5306/2102/4480
f 4873/2105/4481 4862/2107/4483 5486/2106/4484 5774/2104/4482
f 4862/2107/4483 4850/2109/4485 5294/2108/4486 5486/2106/4484
f 4850/2109/4485 4837/2112/4487 5762/2111/4488 5294/2110/4486
f 4837/2112/4487 4826/2115/4489 5498/2114/4490 5762/2113/4488
f 4826/2115/4489 4814/2118/4491 5282/2117/4492 5498/2116/4490
f 4814/2118/4491 4801/2120/4493 5750/2119/4494 5282/2117/4492
f 4801/2120/4493 4790/2122/4495 5510/2121/4496 5750/2119/4494
f 4790/2122/4495 4778/2124/4497 5270/2123/4498 5510/2121/4496
f 4778/2124/4497 4765/2126/4499 5738/2125/4500 5270/2123/4498
f 4765/2126/4499 4754/2129/4501 5522/2128/4502 5738/2127/4500
f 4754/2129/4501 4742/2131/4503 5258/2130/4504 5522/2128/4502
f 4742/2132/4503 4729/2134/4505 5726/2133/4506 5258/2130/4504
f 4729/2134/4505 4718/2137/4507 5534/2136/4508 5726/2135/4506
f 4718/2138/4507 4706/2140/4509 5246/2139/4510 5534/2136/4508
f 4706/2140/4509 4693/2142/4511 5714/2141/4512 5246/2139/4510
f 4693/2142/4511 4682/2145/4513 5546/2144/4514 5714/2143/4512
f 4682/2145/4513 4670/2148/4515 5234/2147/4516 5546/2146/4514
f 4670/2148/4515 4657/2150/4517 5702/2149/4518 5234/2147/4516
f 4657/2150/4517 4646/2153/4519 5558/2152/4520 5702/2151/4518
f 4646/2153/4519 4634/2156/4521 5222/2155/4522 5558/2154/4520
f 4634/2156/4521 4621/2159/4523 5690/2158/4524 5222/2157/4522
f 4621/2159/4523 4610/2161/4525 5570/2160/4526 5690/2158/4524
f 4610/2161/4525 4598/2163/4527 5210/2162/4528 5570/2160/4526
f 4598/2164/4527 4585/2167/4529 5678/2166/4530 5210/2165/4528
f 4585/2168/4529 4574/2171/4531 5582/2170/4532 5678/2169/4530
f 4574/2171/4531 4562/2174/4533 5198/2173/4534 5582/2172/4532
f 4562/2174/4533 4549/2177/4535 5666/2176/4536 5198/2175/4534
f 4549/2178/4535 4538/2181/4537 5594/2180/4538 5666/2179/4536
f 4538/2181/4537 4526/2184/4539 5186/2183/4540 5594/2182/4538
f 4526/2184/4539 4513/2186/4541 5654/2185/4542 5186/2183/4540
f 4513/2186/4541 4502/2188/4543 5606/2187/4544 5654/2185/4542
f 4502/2189/4543 4490/2192/4545 5174/2191/4546 5606/2190/4544
f 4490/2192/4545 4477/2194/4547 5642/2193/4548 5174/2191/4546
f 4477/2194/4547 4466/2196/4549 5618/2195/4550 5642/2193/4548
f 4466/2197/4549 4454/2199/4551 5162/2198/4552 5618/2195/4550
f 4441/2200/4553 5150/2203/4554 5869/2202/4555 5630/2201/4556
f 5125/2204/4557 5114/168/3077 5401/2206/3080 5858/2205/4558
f 5150/2203/4554 5138/2208/4559 5390/2207/4560 5869/2202/4555
f 5138/2209/4559 5125/2204/4557 5858/2211/4558 5390/2210/4560
f 4430/1377/3845 3721/1378/3846 5137/2213/4561 5149/2212/4562
f 3758/2007/4415 3770/1996/4405 5090/2215/4563 5101/2214/4564
f 3770/1996/4405 3782/1985/4395 5077/2216/4565 5090/2215/4563
f 3782/1985/4395 3794/1974/4385 5065/2218/4566 5077/2217/4565
f 3794/1974/4385 3806/1962/4375 5054/2220/4567 5065/2219/4566
f 3806/1962/4375 3818/1963/4365 5041/2222/4568 5054/2221/4567
f 3818/1950/4365 3830/1951/4355 5029/2224/4569 5041/2223/4568
f 3830/1939/4355 3842/1928/4345 5018/2225/4570 5029/2224/4569
f 3842/1928/4345 3854/1917/4335 5005/2227/4571 5018/2226/4570
f 3854/1917/4335 3866/1906/4325 4993/2228/4572 5005/2227/4571
f 3866/1906/4325 3878/1895/4315 4982/2230/4573 4993/2229/4572
f 3878/1895/4315 3890/1884/4305 4969/2231/4574 4982/2230/4573
f 3890/1884/4305 3902/1873/4295 4957/2232/4575 4969/2231/4574
f 3902/1873/4295 3914/1862/4285 4946/2233/4576 4957/2232/4575
f 3914/1862/4285 3926/1851/4275 4933/2234/4577 4946/2233/4576
f 3926/1851/4275 3938/1840/4265 4921/2235/4578 4933/2234/4577
f 3938/1840/4265 3950/1829/4255 4910/2236/4579 4921/2235/4578
f 3950/1829/4255 3962/1818/4245 4897/2237/4580 4910/2236/4579
f 3962/1818/4245 3974/1807/4235 4885/2238/4581 4897/2237/4580
f 3974/1807/4235 3986/1795/4225 4874/2239/4582 4885/2238/4581
f 3986/1795/4225 3998/1796/4215 4861/2240/4583 4874/2239/4582
f 3998/1784/4215 4010/1773/4205 4849/2242/4584 4861/2241/4583
f 4010/1773/4205 4022/1762/4195 4838/2243/4585 4849/2242/4584
f 4022/1762/4195 4034/1751/4185 4825/2245/4586 4838/2244/4585
f 4034/1751/4185 4046/1740/4175 4813/2246/4587 4825/2245/4586
f 4046/1740/4175 4058/1729/4165 4802/2247/4588 4813/2246/4587
f 4058/1729/4165 4070/1718/4155 4789/2248/4589 4802/2247/4588
f 4070/1718/4155 4082/1707/4145 4777/2249/4590 4789/2248/4589
f 4082/1707/4145 4094/1696/4135 4766/2250/4591 4777/2249/4590
f 4094/1696/4135 4106/1685/4125 4753/2252/4592 4766/2251/4591
f 4106/1685/4125 4118/1674/4115 4741/2253/4593 4753/2252/4592
f 4118/1674/4115 4130/1663/4105 4730/2255/4594 4741/2254/4593
f 4130/1663/4105 4142/1652/4095 4717/2256/4595 4730/2255/4594
f 4142/1652/4095 4154/1641/4085 4705/2257/4596 4717/2256/4595
f 4154/1641/4085 4166/1630/4075 4694/2259/4597 4705/2258/4596
f 4166/1630/4075 4178/1619/4065 4681/2261/4598 4694/2260/4597
f 4178/1619/4065 4190/1608/4055 4669/2262/4599 4681/2261/4598
f 4190/1608/4055 4202/1597/4045 4658/2263/4600 4669/2262/4599
f 4202/1597/4045 4214/1586/4035 4645/2264/4601 4658/2263/4600
f 4214/1586/4035 4226/1575/4025 4633/2265/4602 4645/2264/4601
f 4226/1575/4025 4238/1564/4015 4622/2266/4603 4633/2265/4602
f 4238/1564/4015 4250/1553/4005 4609/2267/4604 4622/2266/4603
f 4250/1553/4005 4262/1542/3995 4597/2268/4605 4609/2267/4604
f 4262/1542/3995 4274/1531/3985 4586/2269/4606 4597/2268/4605
f 4274/1531/3985 4286/1520/3975 4573/2271/4607 4586/2270/4606
f 4286/1520/3975 4298/1509/3965 4561/2273/4608 4573/2272/4607
f 4298/1509/3965 4310/1498/3955 4550/2274/4609 4561/2273/4608
f 4310/1498/3955 4322/1487/3945 4537/2275/4610 4550/2274/4609
f 4322/1487/3945 4334/1476/3935 4525/2276/4611 4537/2275/4610
f 4334/1476/3935 4346/1465/3925 4514/2278/4612 4525/2277/4611
f 4346/1465/3925 4358/1454/3915 4501/2279/4613 4514/2278/4612
f 4358/1454/3915 4370/1443/3905 4489/2280/4614 4501/2279/4613
f 4370/1443/3905 4382/1432/3895 4478/2281/4615 4489/2280/4614
f 4382/1432/3895 4394/1421/3885 4465/2282/4616 4478/2281/4615
f 4394/1421/3885 4406/1410/3875 4453/2283/4617 4465/2282/4616
f 4418/1399/3865 4430/1377/3845 5149/2212/4562 4442/2284/4618
f 4406/1410/3875 4418/1399/3865 4442/2284/4618 4453/2283/4617
f 3746/2018/4425 3758/2007/4415 5101/2214/4564 5113/2285/4619
f 3721/2040/3846 3734/2029/4435 5126/2287/4620 5137/2286/4561
f 3734/2029/4435 3746/2018/4425 5113/2285/4619 5126/2287/4620
f 5138/2209/4559 5148/2289/4621 5127/2288/4622 5125/2204/4557
f 5148/2289/4621 5147/2291/4623 5128/2290/4624 5127/2288/4622
f 5147/2291/4623 5146/2293/4625 5129/2292/4626 5128/2290/4624
f 5146/2293/4625 5145/2295/4627 5130/2294/4628 5129/2292/4626
f 5145/2295/4627 5144/2297/4629 5131/2296/4630 5130/2294/4628
f 5144/2297/4629 5143/2299/4631 5132/2298/4632 5131/2296/4630
f 5143/2299/4631 5142/2301/4633 5133/2300/4634 5132/2298/4632
f 5142/2301/4633 5141/2303/4635 5134/2302/4636 5133/2300/4634
f 5141/2303/4635 5140/2305/4637 5135/2304/4638 5134/2302/4636
f 5140/2305/4637 5139/2307/4639 5136/2306/4640 5135/2304/4638
f 5139/2307/4639 5137/2286/4561 5126/2287/4620 5136/2306/4640
f 4454/2199/4551 4464/2309/4641 4443/2308/4642 4441/2200/4553
f 4464/2309/4641 4463/2311/4643 4444/2310/4644 4443/2308/4642
f 4463/2311/4643 4462/2313/4645 4445/2312/4646 4444/2310/4644
f 4462/2313/4645 4461/2315/4647 4446/2314/4648 4445/2312/4646
f 4461/2315/4647 4460/2317/4649 4447/2316/4650 4446/2314/4648
f 4460/2317/4649 4459/2319/4651 4448/2318/4652 4447/2316/4650
f 4459/2319/4651 4458/2321/4653 4449/2320/4654 4448/2318/4652
f 4458/2321/4653 4457/2323/4655 4450/2322/4656 4449/2320/4654
f 4457/2323/4655 4456/2325/4657 4451/2324/4658 4450/2322/4656
f 4456/2325/4657 4455/2327/4659 4452/2326/4660 4451/2324/4658
f 4455/2327/4659 4453/2283/4617 4442/2284/4618 4452/2326/4660
f 4490/2192/4545 4500/2329/4661 4479/2328/4662 4477/2194/4547
f 4500/2329/4661 4499/2331/4663 4480/2330/4664 4479/2328/4662
f 4499/2331/4663 4498/2333/4665 4481/2332/4666 4480/2330/4664
f 4498/2333/4665 4497/2335/4667 4482/2334/4668 4481/2332/4666
f 4497/2335/4667 4496/2337/4669 4483/2336/4670 4482/2334/4668
f 4496/2337/4669 4495/2339/4671 4484/2338/4672 4483/2336/4670
f 4495/2339/4671 4494/2341/4673 4485/2340/4674 4484/2338/4672
f 4494/2341/4673 4493/2343/4675 4486/2342/4676 4485/2340/4674
f 4493/2343/4675 4492/2345/4677 4487/2344/4678 4486/2342/4676
f 4492/2345/4677 4491/2347/4679 4488/2346/4680 4487/2344/4678
f 4491/2347/4679 4489/2280/4614 4478/2281/4615 4488/2346/4680
f 4526/2184/4539 4536/2349/4681 4515/2348/4682 4513/2186/4541
f 4536/2349/4681 4535/2351/4683 4516/2350/4684 4515/2348/4682
f 4535/2351/4683 4534/2353/4685 4517/2352/4686 4516/2350/4684
f 4534/2353/4685 4533/2355/4687 4518/2354/4688 4517/2352/4686
f 4533/2355/4687 4532/2357/4689 4519/2356/4690 4518/2354/4688
f 4532/2357/4689 4531/2359/4691 4520/2358/4692 4519/2356/4690
f 4531/2359/4691 4530/2361/4693 4521/2360/4694 4520/2358/4692
f 4530/2361/4693 4529/2363/4695 4522/2362/4696 4521/2360/4694
f 4529/2363/4695 4528/2365/4697 4523/2364/4698 4522/2362/4696
f 4528/2365/4697 4527/2367/4699 4524/2366/4700 4523/2364/4698
f 4527/2367/4699 4525/2277/4611 4514/2278/4612 4524/2366/4700
f 4562/2174/4533 4572/2369/4701 4551/2368/4702 4549/2177/4535
f 4572/2369/4701 4571/2371/4703 4552/2370/4704 4551/2368/4702
f 4571/2371/4703 4570/2373/4705 4553/2372/4706 4552/2370/4704
f 4570/2373/4705 4569/2375/4707 4554/2374/4708 4553/2372/4706
f 4569/2375/4707 4568/2377/4709 4555/2376/4710 4554/2374/4708
f 4568/2377/4709 4567/2379/4711 4556/2378/4712 4555/2376/4710
f 4567/2379/4711 4566/2381/4713 4557/2380/4714 4556/2378/4712
f 4566/2381/4713 4565/2383/4715 4558/2382/4716 4557/2380/4714
f 4565/2383/4715 4564/2385/4717 4559/2384/4718 4558/2382/4716
f 4564/2385/4717 4563/2387/4719 4560/2386/4720 4559/2384/4718
f 4563/2387/4719 4561/2273/4608 4550/2274/4609 4560/2386/4720
f 4598/2164/4527 4608/2389/4721 4587/2388/4722 4585/2167/4529
f 4608/2389/4721 4607/2391/4723 4588/2390/4724 4587/2388/4722
f 4607/2391/4723 4606/2393/4725 4589/2392/4726 4588/2390/4724
f 4606/2393/4725 4605/2395/4727 4590/2394/4728 4589/2392/4726
f 4605/2395/4727 4604/2397/4729 4591/2396/4730 4590/2394/4728
f 4604/2397/4729 4603/2399/4731 4592/2398/4732 4591/2396/4730
f 4603/2399/4731 4602/2401/4733 4593/2400/4734 4592/2398/4732
f 4602/2401/4733 4601/2403/4735 4594/2402/4736 4593/2400/4734
f 4601/2403/4735 4600/2405/4737 4595/2404/4738 4594/2402/4736
f 4600/2405/4737 4599/2407/4739 4596/2406/4740 4595/2404/4738
f 4599/2407/4739 4597/2268/4605 4586/2269/4606 4596/2406/4740
f 4634/2156/4521 4644/2409/4741 4623/2408/4742 4621/2159/4523
f 4644/2409/4741 4643/2411/4743 4624/2410/4744 4623/2408/4742
f 4643/2411/4743 4642/2413/4745 4625/2412/4746 4624/2410/4744
f 4642/2413/4745 4641/2415/4747 4626/2414/4748 4625/2412/4746
f 4641/2415/4747 4640/2417/4749 4627/2416/4750 4626/2414/4748
f 4640/2417/4749 4639/2419/4751 4628/2418/4752 4627/2416/4750
f 4639/2419/4751 4638/2421/4753 4629/2420/4754 4628/2418/4752
f 4638/2421/4753 4637/2423/4755 4630/2422/4756 4629/2420/4754
f 4637/2423/4755 4636/2425/4757 4631/2424/4758 4630/2422/4756
f 4636/2425/4757 4635/2427/4759 4632/2426/4760 4631/2424/4758
f 4635/2427/4759 4633/2265/4602 4622/2266/4603 4632/2426/4760
f 4670/2148/4515 4680/2429/4761 4659/2428/4762 4657/2150/4517
f 4680/2429/4761 4679/2431/4763 4660/2430/4764 4659/2428/4762
f 4679/2431/4763 4678/2433/4765 4661/2432/4766 4660/2430/4764
f 4678/2433/4765 4677/2435/4767 4662/2434/4768 4661/2432/4766
f 4677/2435/4767 4676/2437/4769 4663/2436/4770 4662/2434/4768
f 4676/2437/4769 4675/2439/4771 4664/2438/4772 4663/2436/4770
f 4675/2439/4771 4674/2441/4773 4665/2440/4774 4664/2438/4772
f 4674/2441/4773 4673/2443/4775 4666/2442/4776 4665/2440/4774
f 4673/2443/4775 4672/2445/4777 4667/2444/4778 4666/2442/4776
f 4672/2445/4777 4671/2447/4779 4668/2446/4780 4667/2444/4778
f 4671/2447/4779 4669/2262/4599 4658/2263/4600 4668/2446/4780
f 4706/2140/4509 4716/2449/4781 4695/2448/4782 4693/2142/4511
f 4716/2449/4781 4715/2451/4783 4696/2450/4784 4695/2448/4782
f 4715/2451/4783 4714/2453/4785 4697/2452/4786 4696/2450/4784
f 4714/2453/4785 4713/2455/4787 4698/2454/4788 4697/2452/4786
f 4713/2455/4787 4712/2457/4789 4699/2456/4790 4698/2454/4788
f 4712/2457/4789 4711/2459/4791 4700/2458/4792 4699/2456/4790
f 4711/2459/4791 4710/2461/4793 4701/2460/4794 4700/2458/4792
f 4710/2461/4793 4709/2463/4795 4702/2462/4796 4701/2460/4794
f 4709/2463/4795 4708/2465/4797 4703/2464/4798 4702/2462/4796
f 4708/2465/4797 4707/2467/4799 4704/2466/4800 4703/2464/4798
f 4707/2467/4799 4705/2258/4596 4694/2259/4597 4704/2466/4800
f 4742/2132/4503 4752/2469/4801 4731/2468/4802 4729/2134/4505
f 4752/2469/4801 4751/2471/4803 4732/2470/4804 4731/2468/4802
f 4751/2471/4803 4750/2473/4805 4733/2472/4806 4732/2470/4804
f 4750/2473/4805 4749/2475/4807 4734/2474/4808 4733/2472/4806
f 4749/2475/4807 4748/2477/4809 4735/2476/4810 4734/2474/4808
f 4748/2477/4809 4747/2479/4811 4736/2478/4812 4735/2476/4810
f 4747/2479/4811 4746/2481/4813 4737/2480/4814 4736/2478/4812
f 4746/2481/4813 4745/2483/4815 4738/2482/4816 4737/2480/4814
f 4745/2483/4815 4744/2485/4817 4739/2484/4818 4738/2482/4816
f 4744/2485/4817 4743/2487/4819 4740/2486/4820 4739/2484/4818
f 4743/2487/4819 4741/2254/4593 4730/2255/4594 4740/2486/4820
f 4778/2124/4497 4788/2489/4821 4767/2488/4822 4765/2126/4499
f 4788/2489/4821 4787/2491/4823 4768/2490/4824 4767/2488/4822
f 4787/2491/4823 4786/2493/4825 4769/2492/4826 4768/2490/4824
f 4786/2493/4825 4785/2495/4827 4770/2494/4828 4769/2492/4826
f 4785/2495/4827 4784/2497/4829 4771/2496/4830 4770/2494/4828
f 4784/2497/4829 4783/2499/4831 4772/2498/4832 4771/2496/4830
f 4783/2499/4831 4782/2501/4833 4773/2500/4834 4772/2498/4832
f 4782/2501/4833 4781/2503/4835 4774/2502/4836 4773/2500/4834
f 4781/2503/4835 4780/2505/4837 4775/2504/4838 4774/2502/4836
f 4780/2505/4837 4779/2507/4839 4776/2506/4840 4775/2504/4838
f 4779/2507/4839 4777/2249/4590 4766/2250/4591 4776/2506/4840
f 4814/2118/4491 4824/2509/4841 4803/2508/4842 4801/2120/4493
f 4824/2509/4841 4823/2511/4843 4804/2510/4844 4803/2508/4842
f 4823/2511/4843 4822/2513/4845 4805/2512/4846 4804/2510/4844
f 4822/2513/4845 4821/2515/4847 4806/2514/4848 4805/2512/4846
f 4821/2515/4847 4820/2517/4849 4807/2516/4850 4806/2514/4848
f 4820/2517/4849 4819/2519/4851 4808/2518/4852 4807/2516/4850
f 4819/2519/4851 4818/2521/4853 4809/2520/4854 4808/2518/4852
f 4818/2521/4853 4817/2523/4855 4810/2522/4856 4809/2520/4854
f 4817/2523/4855 4816/2525/4857 4811/2524/4858 4810/2522/4856
f 4816/2525/4857 4815/2527/4859 4812/2526/4860 4811/2524/4858
f 4815/2527/4859 4813/2246/4587 4802/2247/4588 4812/2526/4860
f 4850/2109/4485 4860/2529/4861 4839/2528/4862 4837/2112/4487
f 4860/2529/4861 4859/2531/4863 4840/2530/4864 4839/2528/4862
f 4859/2531/4863 4858/2533/4865 4841/2532/4866 4840/2530/4864
f 4858/2533/4865 4857/2535/4867 4842/2534/4868 4841/2532/4866
f 4857/2535/4867 4856/2537/4869 4843/2536/4870 4842/2534/4868
f 4856/2537/4869 4855/2539/4871 4844/2538/4872 4843/2536/4870
f 4855/2539/4871 4854/2541/4873 4845/2540/4874 4844/2538/4872
f 4854/2541/4873 4853/2543/4875 4846/2542/4876 4845/2540/4874
f 4853/2543/4875 4852/2545/4877 4847/2544/4878 4846/2542/4876
f 4852/2545/4877 4851/2547/4879 4848/2546/4880 4847/2544/4878
f 4851/2547/4879 4849/2242/4584 4838/2243/4585 4848/2546/4880
f 4886/2103/4479 4896/2549/4881 4875/2548/4882 4873/2105/4481
f 4896/2549/4881 4895/2551/4883 4876/2550/4884 4875/2548/4882
f 4895/2551/4883 4894/2553/4885 4877/2552/4886 4876/2550/4884
f 4894/2553/4885 4893/2555/4887 4878/2554/4888 4877/2552/4886
f 4893/2555/4887 4892/2557/4889 4879/2556/4890 4878/2554/4888
f 4892/2557/4889 4891/2559/4891 4880/2558/4892 4879/2556/4890
f 4891/2559/4891 4890/2561/4893 4881/2560/4894 4880/2558/4892
f 4890/2561/4893 4889/2563/4895 4882/2562/4896 4881/2560/4894
f 4889/2563/4895 4888/2565/4897 4883/2564/4898 4882/2562/4896
f 4888/2565/4897 4887/2567/4899 4884/2566/4900 4883/2564/4898
f 4887/2567/4899 4885/2238/4581 4874/2239/4582 4884/2566/4900
f 4922/2095/4473 4932/2569/4901 4911/2568/4902 4909/2098/4475
f 4932/2569/4901 4931/2571/4903 4912/2570/4904 4911/2568/4902
f 4931/2571/4903 4930/2573/4905 4913/2572/4906 4912/2570/4904
f 4930/2573/4905 4929/2575/4907 4914/2574/4908 4913/2572/4906
f 4929/2575/4907 4928/2577/4909 4915/2576/4910 4914/2574/4908
f 4928/2577/4909 4927/2579/4911 4916/2578/4912 4915/2576/4910
f 4927/2579/4911 4926/2581/4913 4917/2580/4914 4916/2578/4912
f 4926/2581/4913 4925/2583/4915 4918/2582/4916 4917/2580/4914
f 4925/2583/4915 4924/2585/4917 4919/2584/4918 4918/2582/4916
f 4924/2585/4917 4923/2587/4919 4920/2586/4920 4919/2584/4918
f 4923/2587/4919 4921/2235/4578 4910/2236/4579 4920/2586/4920
f 4958/2086/4467 4968/2589/4921 4947/2588/4922 4945/2089/4469
f 4968/2589/4921 4967/2591/4923 4948/2590/4924 4947/2588/4922
f 4967/2591/4923 4966/2593/4925 4949/2592/4926 4948/2590/4924
f 4966/2593/4925 4965/2595/4927 4950/2594/4928 4949/2592/4926
f 4965/2595/4927 4964/2597/4929 4951/2596/4930 4950/2594/4928
f 4964/2597/4929 4963/2599/4931 4952/2598/4932 4951/2596/4930
f 4963/2599/4931 4962/2601/4933 4953/2600/4934 4952/2598/4932
f 4962/2601/4933 4961/2603/4935 4954/2602/4936 4953/2600/4934
f 4961/2603/4935 4960/2605/4937 4955/2604/4938 4954/2602/4936
f 4960/2605/4937 4959/2607/4939 4956/2606/4940 4955/2604/4938
f 4959/2607/4939 4957/2232/4575 4946/2233/4576 4956/2606/4940
f 4994/2077/4461 5004/2609/4941 4983/2608/4942 4981/2080/4463
f 5004/2609/4941 5003/2611/4943 4984/2610/4944 4983/2608/4942
f 5003/2611/4943 5002/2613/4945 4985/2612/4946 4984/2610/4944
f 5002/2613/4945 5001/2615/4947 4986/2614/4948 4985/2612/4946
f 5001/2615/4947 5000/2617/4949 4987/2616/4950 4986/2614/4948
f 5000/2617/4949 4999/2619/4951 4988/2618/4952 4987/2616/4950
f 4999/2619/4951 4998/2621/4953 4989/2620/4954 4988/2618/4952
f 4998/2621/4953 4997/2623/4955 4990/2622/4956 4989/2620/4954
f 4997/2623/4955 4996/2625/4957 4991/2624/4958 4990/2622/4956
f 4996/2625/4957 4995/2627/4959 4992/2626/4960 4991/2624/4958
f 4995/2627/4959 4993/2229/4572 4982/2230/4573 4992/2626/4960
f 5030/2069/4455 5040/2629/4961 5019/2628/4962 5017/2071/4457
f 5040/2629/4961 5039/2631/4963 5020/2630/4964 5019/2628/4962
f 5039/2631/4963 5038/2633/4965 5021/2632/4966 5020/2630/4964
f 5038/2633/4965 5037/2635/4967 5022/2634/4968 5021/2632/4966
f 5037/2635/4967 5036/2637/4969 5023/2636/4970 5022/2634/4968
f 5036/2637/4969 5035/2639/4971 5024/2638/4972 5023/2636/4970
f 5035/2639/4971 5034/2641/4973 5025/2640/4974 5024/2638/4972
f 5034/2641/4973 5033/2643/4975 5026/2642/4976 5025/2640/4974
f 5033/2643/4975 5032/2645/4977 5027/2644/4978 5026/2642/4976
f 5032/2645/4977 5031/2647/4979 5028/2646/4980 5027/2644/4978
f 5031/2647/4979 5029/2224/4569 5018/2225/4570 5028/2646/4980
f 5066/2061/4449 5076/2649/4981 5055/2648/4982 5053/2063/4451
f 5076/2649/4981 5075/2651/4983 5056/2650/4984 5055/2648/4982
f 5075/2651/4983 5074/2653/4985 5057/2652/4986 5056/2650/4984
f 5074/2653/4985 5073/2655/4987 5058/2654/4988 5057/2652/4986
f 5073/2655/4987 5072/2657/4989 5059/2656/4990 5058/2654/4988
f 5072/2657/4989 5071/2659/4991 5060/2658/4992 5059/2656/4990
f 5071/2659/4991 5070/2661/4993 5061/2660/4994 5060/2658/4992
f 5070/2661/4993 5069/2663/4995 5062/2662/4996 5061/2660/4994
f 5069/2663/4995 5068/2665/4997 5063/2664/4998 5062/2662/4996
f 5068/2665/4997 5067/2667/4999 5064/2666/5000 5063/2664/4998
f 5067/2667/4999 5065/2219/4566 5054/2220/4567 5064/2666/5000
f 5102/171/3078 5112/2669/5001 5091/2668/5002 5089/2055/4445
f 5112/2669/5001 5111/2671/5003 5092/2670/5004 5091/2668/5002
f 5111/2671/5003 5110/2673/5005 5093/2672/5006 5092/2670/5004
f 5110/2673/5005 5109/2675/5007 5094/2674/5008 5093/2672/5006
f 5109/2675/5007 5108/2677/5009 5095/2676/5010 5094/2674/5008
f 5108/2677/5009 5107/2679/5011 5096/2678/5012 5095/2676/5010
f 5107/2679/5011 5106/2681/5013 5097/2680/5014 5096/2678/5012
f 5106/2681/5013 5105/2683/5015 5098/2682/5016 5097/2680/5014
f 5105/2683/5015 5104/2685/5017 5099/2684/5018 5098/2682/5016
f 5104/2685/5017 5103/2687/5019 5100/2686/5020 5099/2684/5018
f 5103/2687/5019 5101/2214/4564 5090/2215/4563 5100/2686/5020
f 5150/2203/4554 5160/2689/5021 5148/2688/4621 5138/2208/4559
f 5160/2689/5021 5159/2691/5022 5147/2690/4623 5148/2688/4621
f 5159/2691/5022 5158/2693/5023 5146/2692/4625 5147/2690/4623
f 5158/2693/5023 5157/2695/5024 5145/2694/4627 5146/2692/4625
f 5157/2695/5024 5156/2697/5025 5144/2696/4629 5145/2694/4627
f 5156/2697/5025 5155/2699/5026 5143/2698/4631 5144/2696/4629
f 5155/2699/5026 5154/2701/5027 5142/2700/4633 5143/2698/4631
f 5154/2701/5027 5153/2703/5028 5141/2702/4635 5142/2700/4633
f 5153/2703/5028 5152/2705/5029 5140/2704/4637 5141/2702/4635
f 5152/2705/5029 5151/2707/5030 5139/2706/4639 5140/2704/4637
f 5151/2707/5030 5149/2212/4562 5137/2213/4561 5139/2706/4639
f 5078/2058/4447 5088/2708/5031 5076/2649/4981 5066/2060/4449
f 5088/2708/5031 5087/2709/5032 5075/2651/4983 5076/2649/4981
f 5087/2709/5032 5086/2710/5033 5074/2653/4985 5075/2651/4983
f 5086/2710/5033 5085/2711/5034 5073/2655/4987 5074/2653/4985
f 5085/2711/5034 5084/2712/5035 5072/2657/4989 5073/2655/4987
f 5084/2712/5035 5083/2713/5036 5071/2659/4991 5072/2657/4989
f 5083/2713/5036 5082/2714/5037 5070/2661/4993 5071/2659/4991
f 5082/2714/5037 5081/2715/5038 5069/2663/4995 5070/2661/4993
f 5081/2715/5038 5080/2716/5039 5068/2665/4997 5069/2663/4995
f 5080/2716/5039 5079/2717/5040 5067/2667/4999 5068/2665/4997
f 5079/2717/5040 5077/2217/4565 5065/2218/4566 5067/2667/4999
f 5042/2066/4453 5052/2718/5041 5040/2629/4961 5030/2069/4455
f 5052/2718/5041 5051/2719/5042 5039/2631/4963 5040/2629/4961
f 5051/2719/5042 5050/2720/5043 5038/2633/4965 5039/2631/4963
f 5050/2720/5043 5049/2721/5044 5037/2635/4967 5038/2633/4965
f 5049/2721/5044 5048/2722/5045 5036/2637/4969 5037/2635/4967
f 5048/2722/5045 5047/2723/5046 5035/2639/4971 5036/2637/4969
f 5047/2723/5046 5046/2724/5047 5034/2641/4973 5035/2639/4971
f 5046/2724/5047 5045/2725/5048 5033/2643/4975 5034/2641/4973
f 5045/2725/5048 5044/2726/5049 5032/2645/4977 5033/2643/4975
f 5044/2726/5049 5043/2727/5050 5031/2647/4979 5032/2645/4977
f 5043/2727/5050 5041/2223/4568 5029/2224/4569 5031/2647/4979
f 5006/2074/4459 5016/2728/5051 5004/2609/4941 4994/2077/4461
f 5016/2728/5051 5015/2729/5052 5003/2611/4943 5004/2609/4941
f 5015/2729/5052 5014/2730/5053 5002/2613/4945 5003/2611/4943
f 5014/2730/5053 5013/2731/5054 5001/2615/4947 5002/2613/4945
f 5013/2731/5054 5012/2732/5055 5000/2617/4949 5001/2615/4947
f 5012/2732/5055 5011/2733/5056 4999/2619/4951 5000/2617/4949
f 5011/2733/5056 5010/2734/5057 4998/2621/4953 4999/2619/4951
f 5010/2734/5057 5009/2735/5058 4997/2623/4955 4998/2621/4953
f 5009/2735/5058 5008/2736/5059 4996/2625/4957 4997/2623/4955
f 5008/2736/5059 5007/2737/5060 4995/2627/4959 4996/2625/4957
f 5007/2737/5060 5005/2227/4571 4993/2228/4572 4995/2627/4959
f 4970/2083/4465 4980/2738/5061 4968/2589/4921 4958/2086/4467
f 4980/2738/5061 4979/2739/5062 4967/2591/4923 4968/2589/4921
f 4979/2739/5062 4978/2740/5063 4966/2593/4925 4967/2591/4923
f 4978/2740/5063 4977/2741/5064 4965/2595/4927 4966/2593/4925
f 4977/2741/5064 4976/2742/5065 4964/2597/4929 4965/2595/4927
f 4976/2742/5065 4975/2743/5066 4963/2599/4931 4964/2597/4929
f 4975/2743/5066 4974/2744/5067 4962/2601/4933 4963/2599/4931
f 4974/2744/5067 4973/2745/5068 4961/2603/4935 4962/2601/4933
f 4973/2745/5068 4972/2746/5069 4960/2605/4937 4961/2603/4935
f 4972/2746/5069 4971/2747/5070 4959/2607/4939 4960/2605/4937
f 4971/2747/5070 4969/2231/4574 4957/2232/4575 4959/2607/4939
f 4934/2092/4471 4944/2748/5071 4932/2569/4901 4922/2095/4473
f 4944/2748/5071 4943/2749/5072 4931/2571/4903 4932/2569/4901
f 4943/2749/5072 4942/2750/5073 4930/2573/4905 4931/2571/4903
f 4942/2750/5073 4941/2751/5074 4929/2575/4907 4930/2573/4905
f 4941/2751/5074 4940/2752/5075 4928/2577/4909 4929/2575/4907
f 4940/2752/5075 4939/2753/5076 4927/2579/4911 4928/2577/4909
f 4939/2753/5076 4938/2754/5077 4926/2581/4913 4927/2579/4911
f 4938/2754/5077 4937/2755/5078 4925/2583/4915 4926/2581/4913
f 4937/2755/5078 4936/2756/5079 4924/2585/4917 4925/2583/4915
f 4936/2756/5079 4935/2757/5080 4923/2587/4919 4924/2585/4917
f 4935/2757/5080 4933/2234/4577 4921/2235/4578 4923/2587/4919
f 4898/2100/4477 4908/2758/5081 4896/2549/4881 4886/2103/4479
f 4908/2758/5081 4907/2759/5082 4895/2551/4883 4896/2549/4881
f 4907/2759/5082 4906/2760/5083 4894/2553/4885 4895/2551/4883
f 4906/2760/5083 4905/2761/5084 4893/2555/4887 4894/2553/4885
f 4905/2761/5084 4904/2762/5085 4892/2557/4889 4893/2555/4887
f 4904/2762/5085 4903/2763/5086 4891/2559/4891 4892/2557/4889
f 4903/2763/5086 4902/2764/5087 4890/2561/4893 4891/2559/4891
f 4902/2764/5087 4901/2765/5088 4889/2563/4895 4890/2561/4893
f 4901/2765/5088 4900/2766/5089 4888/2565/4897 4889/2563/4895
f 4900/2766/5089 4899/2767/5090 4887/2567/4899 4888/2565/4897
f 4899/2767/5090 4897/2237/4580 4885/2238/4581 4887/2567/4899
f 4862/2107/4483 4872/2768/5091 4860/2529/4861 4850/2109/4485
f 4872/2768/5091 4871/2769/5092 4859/2531/4863 4860/2529/4861
f 4871/2769/5092 4870/2770/5093 4858/2533/4865 4859/2531/4863
f 4870/2770/5093 4869/2771/5094 4857/2535/4867 4858/2533/4865
f 4869/2771/5094 4868/2772/5095 4856/2537/4869 4857/2535/4867
f 4868/2772/5095 4867/2773/5096 4855/2539/4871 4856/2537/4869
f 4867/2773/5096 4866/2774/5097 4854/2541/4873 4855/2539/4871
f 4866/2774/5097 4865/2775/5098 4853/2543/4875 4854/2541/4873
f 4865/2775/5098 4864/2776/5099 4852/2545/4877 4853/2543/4875
f 4864/2776/5099 4863/2777/5100 4851/2547/4879 4852/2545/4877
f 4863/2777/5100 4861/2241/4583 4849/2242/4584 4851/2547/4879
f 4826/2115/4489 4836/2778/5101 4824/2509/4841 4814/2118/4491
f 4836/2778/5101 4835/2779/5102 4823/2511/4843 4824/2509/4841
f 4835/2779/5102 4834/2780/5103 4822/2513/4845 4823/2511/4843
f 4834/2780/5103 4833/2781/5104 4821/2515/4847 4822/2513/4845
f 4833/2781/5104 4832/2782/5105 4820/2517/4849 4821/2515/4847
f 4832/2782/5105 4831/2783/5106 4819/2519/4851 4820/2517/4849
f 4831/2783/5106 4830/2784/5107 4818/2521/4853 4819/2519/4851
f 4830/2784/5107 4829/2785/5108 4817/2523/4855 4818/2521/4853
f 4829/2785/5108 4828/2786/5109 4816/2525/4857 4817/2523/4855
f 4828/2786/5109 4827/2787/5110 4815/2527/4859 4816/2525/4857
f 4827/2787/5110 4825/2245/4586 4813/2246/4587 4815/2527/4859
f 4790/2122/4495 4800/2788/5111 4788/2489/4821 4778/2124/4497
f 4800/2788/5111 4799/2789/5112 4787/2491/4823 4788/2489/4821
f 4799/2789/5112 4798/2790/5113 4786/2493/4825 4787/2491/4823
f 4798/2790/5113 4797/2791/5114 4785/2495/4827 4786/2493/4825
f 4797/2791/5114 4796/2792/5115 4784/2497/4829 4785/2495/4827
f 4796/2792/5115 4795/2793/5116 4783/2499/4831 4784/2497/4829
f 4795/2793/5116 4794/2794/5117 4782/2501/4833 4783/2499/4831
f 4794/2794/5117 4793/2795/5118 4781/2503/4835 4782/2501/4833
f 4793/2795/5118 4792/2796/5119 4780/2505/4837 4781/2503/4835
f 4792/2796/5119 4791/2797/5120 4779/2507/4839 4780/2505/4837
f 4791/2797/5120 4789/2248/4589 4777/2249/4590 4779/2507/4839
f 4754/2129/4501 4764/2798/5121 4752/2469/4801 4742/2131/4503
f 4764/2798/5121 4763/2799/5122 4751/2471/4803 4752/2469/4801
f 4763/2799/5122 4762/2800/5123 4750/2473/4805 4751/2471/4803
f 4762/2800/5123 4761/2801/5124 4749/2475/4807 4750/2473/4805
f 4761/2801/5124 4760/2802/5125 4748/2477/4809 4749/2475/4807
f 4760/2802/5125 4759/2803/5126 4747/2479/4811 4748/2477/4809
f 4759/2803/5126 4758/2804/5127 4746/2481/4813 4747/2479/4811
f 4758/2804/5127 4757/2805/5128 4745/2483/4815 4746/2481/4813
f 4757/2805/5128 4756/2806/5129 4744/2485/4817 4745/2483/4815
f 4756/2806/5129 4755/2807/5130 4743/2487/4819 4744/2485/4817
f 4755/2807/5130 4753/2252/4592 4741/2253/4593 4743/2487/4819
f 4718/2138/4507 4728/2808/5131 4716/2449/4781 4706/2140/4509
f 4728/2808/5131 4727/2809/5132 4715/2451/4783 4716/2449/4781
f 4727/2809/5132 4726/2810/5133 4714/2453/4785 4715/2451/4783
f 4726/2810/5133 4725/2811/5134 4713/2455/4787 4714/2453/4785
f 4725/2811/5134 4724/2812/5135 4712/2457/4789 4713/2455/4787
f 4724/2812/5135 4723/2813/5136 4711/2459/4791 4712/2457/4789
f 4723/2813/5136 4722/2814/5137 4710/2461/4793 4711/2459/4791
f 4722/2814/5137 4721/2815/5138 4709/2463/4795 4710/2461/4793
f 4721/2815/5138 4720/2816/5139 4708/2465/4797 4709/2463/4795
f 4720/2816/5139 4719/2817/5140 4707/2467/4799 4708/2465/4797
f 4719/2817/5140 4717/2256/4595 4705/2257/4596 4707/2467/4799
f 4682/2145/4513 4692/2818/5141 4680/2429/4761 4670/2148/4515
f 4692/2818/5141 4691/2819/5142 4679/2431/4763 4680/2429/4761
f 4691/2819/5142 4690/2820/5143 4678/2433/4765 4679/2431/4763
f 4690/2820/5143 4689/2821/5144 4677/2435/4767 4678/2433/4765
f 4689/2821/5144 4688/2822/5145 4676/2437/4769 4677/2435/4767
f 4688/2822/5145 4687/2823/5146 4675/2439/4771 4676/2437/4769
f 4687/2823/5146 4686/2824/5147 4674/2441/4773 4675/2439/4771
f 4686/2824/5147 4685/2825/5148 4673/2443/4775 4674/2441/4773
f 4685/2825/5148 4684/2826/5149 4672/2445/4777 4673/2443/4775
f 4684/2826/5149 4683/2827/5150 4671/2447/4779 4672/2445/4777
f 4683/2827/5150 4681/2261/4598 4669/2262/4599 4671/2447/4779
f 4646/2153/4519 4656/2828/5151 4644/2409/4741 4634/2156/4521
f 4656/2828/5151 4655/2829/5152 4643/2411/4743 4644/2409/4741
f 4655/2829/5152 4654/2830/5153 4642/2413/4745 4643/2411/4743
f 4654/2830/5153 4653/2831/5154 4641/2415/4747 4642/2413/4745
f 4653/2831/5154 4652/2832/5155 4640/2417/4749 4641/2415/4747
f 4652/2832/5155 4651/2833/5156 4639/2419/4751 4640/2417/4749
f 4651/2833/5156 4650/2834/5157 4638/2421/4753 4639/2419/4751
f 4650/2834/5157 4649/2835/5158 4637/2423/4755 4638/2421/4753
f 4649/2835/5158 4648/2836/5159 4636/2425/4757 4637/2423/4755
f 4648/2836/5159 4647/2837/5160 4635/2427/4759 4636/2425/4757
f 4647/2837/5160 4645/2264/4601 4633/2265/4602 4635/2427/4759
f 4610/2161/4525 4620/2838/5161 4608/2389/4721 4598/2163/4527
f 4620/2838/5161 4619/2839/5162 4607/2391/4723 4608/2389/4721
f 4619/2839/5162 4618/2840/5163 4606/2393/4725 4607/2391/4723
f 4618/2840/5163 4617/2841/5164 4605/2395/4727 4606/2393/4725
f 4617/2841/5164 4616/2842/5165 4604/2397/4729 4605/2395/4727
f 4616/2842/5165 4615/2843/5166 4603/2399/4731 4604/2397/4729
f 4615/2843/5166 4614/2844/5167 4602/2401/4733 4603/2399/4731
f 4614/2844/5167 4613/2845/5168 4601/2403/4735 4602/2401/4733
f 4613/2845/5168 4612/2846/5169 4600/2405/4737 4601/2403/4735
f 4612/2846/5169 4611/2847/5170 4599/2407/4739 4600/2405/4737
f 4611/2847/5170 4609/2267/4604 4597/2268/4605 4599/2407/4739
f 4574/2171/4531 4584/2848/5171 4572/2369/4701 4562/2174/4533
f 4584/2848/5171 4583/2849/5172 4571/2371/4703 4572/2369/4701
f 4583/2849/5172 4582/2850/5173 4570/2373/4705 4571/2371/4703
f 4582/2850/5173 4581/2851/5174 4569/2375/4707 4570/2373/4705
f 4581/2851/5174 4580/2852/5175 4568/2377/4709 4569/2375/4707
f 4580/2852/5175 4579/2853/5176 4567/2379/4711 4568/2377/4709
f 4579/2853/5176 4578/2854/5177 4566/2381/4713 4567/2379/4711
f 4578/2854/5177 4577/2855/5178 4565/2383/4715 4566/2381/4713
f 4577/2855/5178 4576/2856/5179 4564/2385/4717 4565/2383/4715
f 4576/2856/5179 4575/2857/5180 4563/2387/4719 4564/2385/4717
f 4575/2857/5180 4573/2272/4607 4561/2273/4608 4563/2387/4719
f 4538/2181/4537 4548/2858/5181 4536/2349/4681 4526/2184/4539
f 4548/2858/5181 4547/2859/5182 4535/2351/4683 4536/2349/4681
f 4547/2859/5182 4546/2860/5183 4534/2353/4685 4535/2351/4683
f 4546/2860/5183 4545/2861/5184 4533/2355/4687 4534/2353/4685
f 4545/2861/5184 4544/2862/5185 4532/2357/4689 4533/2355/4687
f 4544/2862/5185 4543/2863/5186 4531/2359/4691 4532/2357/4689
f 4543/2863/5186 4542/2864/5187 4530/2361/4693 4531/2359/4691
f 4542/2864/5187 4541/2865/5188 4529/2363/4695 4530/2361/4693
f 4541/2865/5188 4540/2866/5189 4528/2365/4697 4529/2363/4695
f 4540/2866/5189 4539/2867/5190 4527/2367/4699 4528/2365/4697
f 4539/2867/5190 4537/2275/4610 4525/2276/4611 4527/2367/4699
f 4502/2189/4543 4512/2868/5191 4500/2329/4661 4490/2192/4545
f 4512/2868/5191 4511/2869/5192 4499/2331/4663 4500/2329/4661
f 4511/2869/5192 4510/2870/5193 4498/2333/4665 4499/2331/4663
f 4510/2870/5193 4509/2871/5194 4497/2335/4667 4498/2333/4665
f 4509/2871/5194 4508/2872/5195 4496/2337/4669 4497/2335/4667
f 4508/2872/5195 4507/2873/5196 4495/2339/4671 4496/2337/4669
f 4507/2873/5196 4506/2874/5197 4494/2341/4673 4495/2339/4671
f 4506/2874/5197 4505/2875/5198 4493/2343/4675 4494/2341/4673
f 4505/2875/5198 4504/2876/5199 4492/2345/4677 4493/2343/4675
f 4504/2876/5199 4503/2877/5200 4491/2347/4679 4492/2345/4677
f 4503/2877/5200 4501/2279/4613 4489/2280/4614 4491/2347/4679
f 4466/2197/4549 4476/2878/5201 4464/2309/4641 4454/2199/4551
f 4476/2878/5201 4475/2879/5202 4463/2311/4643 4464/2309/4641
f 4475/2879/5202 4474/2880/5203 4462/2313/4645 4463/2311/4643
f 4474/2880/5203 4473/2881/5204 4461/2315/4647 4462/2313/4645
f 4473/2881/5204 4472/2882/5205 4460/2317/4649 4461/2315/4647
f 4472/2882/5205 4471/2883/5206 4459/2319/4651 4460/2317/4649
f 4471/2883/5206 4470/2884/5207 4458/2321/4653 4459/2319/4651
f 4470/2884/5207 4469/2885/5208 4457/2323/4655 4458/2321/4653
f 4469/2885/5208 4468/2886/5209 4456/2325/4657 4457/2323/4655
f 4468/2886/5209 4467/2887/5210 4455/2327/4659 4456/2325/4657
f 4467/2887/5210 4465/2282/4616 4453/2283/4617 4455/2327/4659
f 5114/168/3077 5124/2888/5211 5112/2669/5001 5102/171/3078
f 5124/2888/5211 5123/2889/5212 5111/2671/5003 5112/2669/5001
f 5123/2889/5212 5122/2890/5213 5110/2673/5005 5111/2671/5003
f 5122/2890/5213 5121/2891/5214 5109/2675/5007 5110/2673/5005
f 5121/2891/5214 5120/2892/5215 5108/2677/5009 5109/2675/5007
f 5120/2892/5215 5119/2893/5216 5107/2679/5011 5108/2677/5009
f 5119/2893/5216 5118/2894/5217 5106/2681/5013 5107/2679/5011
f 5118/2894/5217 5117/2895/5218 5105/2683/5015 5106/2681/5013
f 5117/2895/5218 5116/2896/5219 5104/2685/5017 5105/2683/5015
f 5116/2896/5219 5115/2897/5220 5103/2687/5019 5104/2685/5017
f 5115/2897/5220 5113/2285/4619 5101/2214/4564 5103/2687/5019
f 5125/2204/4557 5127/2288/4622 5124/2888/5211 5114/168/3077
f 5127/2288/4622 5128/2290/4624 5123/2889/5212 5124/2888/5211
f 5128/2290/4624 5129/2292/4626 5122/2890/5213 5123/2889/5212
f 5129/2292/4626 5130/2294/4628 5121/2891/5214 5122/2890/5213
f 5130/2294/4628 5131/2296/4630 5120/2892/5215 5121/2891/5214
f 5131/2296/4630 5132/2298/4632 5119/2893/5216 5120/2892/5215
f 5132/2298/4632 5133/2300/4634 5118/2894/5217 5119/2893/5216
f 5133/2300/4634 5134/2302/4636 5117/2895/5218 5118/2894/5217
f 5134/2302/4636 5135/2304/4638 5116/2896/5219 5117/2895/5218
f 5135/2304/4638 5136/2306/4640 5115/2897/5220 5116/2896/5219
f 5136/2306/4640 5126/2287/4620 5113/2285/4619 5115/2897/5220
f 4441/2200/4553 4443/2308/4642 5160/2689/5021 5150/2203/4554
f 4443/2308/4642 4444/2310/4644 5159/2691/5022 5160/2689/5021
f 4444/2310/4644 4445/2312/4646 5158/2693/5023 5159/2691/5022
f 4445/2312/4646 4446/2314/4648 5157/2695/5024 5158/2693/5023
f 4446/2314/4648 4447/2316/4650 5156/2697/5025 5157/2695/5024
f 4447/2316/4650 4448/2318/4652 5155/2699/5026 5156/2697/5025
f 4448/2318/4652 4449/2320/4654 5154/2701/5027 5155/2699/5026
f 4449/2320/4654 4450/2322/4656 5153/2703/5028 5154/2701/5027
f 4450/2322/4656 4451/2324/4658 5152/2705/5029 5153/2703/5028
f 4451/2324/4658 4452/2326/4660 5151/2707/5030 5152/2705/5029
f 4452/2326/4660 4442/2284/4618 5149/2212/4562 5151/2707/5030
f 4477/2194/4547 4479/2328/4662 4476/2878/5201 4466/2196/4549
f 4479/2328/4662 4480/2330/4664 4475/2879/5202 4476/2878/5201
f 4480/2330/4664 4481/2332/4666 4474/2880/5203 4475/2879/5202
f 4481/2332/4666 4482/2334/4668 4473/2881/5204 4474/2880/5203
f 4482/2334/4668 4483/2336/4670 4472/2882/5205 4473/2881/5204
f 4483/2336/4670 4484/2338/4672 4471/2883/5206 4472/2882/5205
f 4484/2338/4672 4485/2340/4674 4470/2884/5207 4471/2883/5206
f 4485/2340/4674 4486/2342/4676 4469/2885/5208 4470/2884/5207
f 4486/2342/4676 4487/2344/4678 4468/2886/5209 4469/2885/5208
f 4487/2344/4678 4488/2346/4680 4467/2887/5210 4468/2886/5209
f 4488/2346/4680 4478/2281/4615 4465/2282/4616 4467/2887/5210
f 4513/2186/4541 4515/2348/4682 4512/2868/5191 4502/2188/4543
f 4515/2348/4682 4516/2350/4684 4511/2869/5192 4512/2868/5191
f 4516/2350/4684 4517/2352/4686 4510/2870/5193 4511/2869/5192
f 4517/2352/4686 4518/2354/4688 4509/2871/5194 4510/2870/5193
f 4518/2354/4688 4519/2356/4690 4508/2872/5195 4509/2871/5194
f 4519/2356/4690 4520/2358/4692 4507/2873/5196 4508/2872/5195
f 4520/2358/4692 4521/2360/4694 4506/2874/5197 4507/2873/5196
f 4521/2360/4694 4522/2362/4696 4505/2875/5198 4506/2874/5197
f 4522/2362/4696 4523/2364/4698 4504/2876/5199 4505/2875/5198
f 4523/2364/4698 4524/2366/4700 4503/2877/5200 4504/2876/5199
f 4524/2366/4700 4514/2278/4612 4501/2279/4613 4503/2877/5200
f 4549/2178/4535 4551/2368/4702 4548/2858/5181 4538/2181/4537
f 4551/2368/4702 4552/2370/4704 4547/2859/5182 4548/2858/5181
f 4552/2370/4704 4553/2372/4706 4546/2860/5183 4547/2859/5182
f 4553/2372/4706 4554/2374/4708 4545/2861/5184 4546/2860/5183
f 4554/2374/4708 4555/2376/4710 4544/2862/5185 4545/2861/5184
f 4555/2376/4710 4556/2378/4712 4543/2863/5186 4544/2862/5185
f 4556/2378/4712 4557/2380/4714 4542/2864/5187 4543/2863/5186
f 4557/2380/4714 4558/2382/4716 4541/2865/5188 4542/2864/5187
f 4558/2382/4716 4559/2384/4718 4540/2866/5189 4541/2865/5188
f 4559/2384/4718 4560/2386/4720 4539/2867/5190 4540/2866/5189
f 4560/2386/4720 4550/2274/4609 4537/2275/4610 4539/2867/5190
f 4585/2168/4529 4587/2388/4722 4584/2848/5171 4574/2171/4531
f 4587/2388/4722 4588/2390/4724 4583/2849/5172 4584/2848/5171
f 4588/2390/4724 4589/2392/4726 4582/2850/5173 4583/2849/5172
f 4589/2392/4726 4590/2394/4728 4581/2851/5174 4582/2850/5173
f 4590/2394/4728 4591/2396/4730 4580/2852/5175 4581/2851/5174
f 4591/2396/4730 4592/2398/4732 4579/2853/5176 4580/2852/5175
f 4592/2398/4732 4593/2400/4734 4578/2854/5177 4579/2853/5176
f 4593/2400/4734 4594/2402/4736 4577/2855/5178 4578/2854/5177
f 4594/2402/4736 4595/2404/4738 4576/2856/5179 4577/2855/5178
f 4595/2404/4738 4596/2406/4740 4575/2857/5180 4576/2856/5179
f 4596/2406/4740 4586/2270/4606 4573/2271/4607 4575/2857/5180
f 4621/2159/4523 4623/2408/4742 4620/2838/5161 4610/2161/4525
f 4623/2408/4742 4624/2410/4744 4619/2839/5162 4620/2838/5161
f 4624/2410/4744 4625/2412/4746 4618/2840/5163 4619/2839/5162
f 4625/2412/4746 4626/2414/4748 4617/2841/5164 4618/2840/5163
f 4626/2414/4748 4627/2416/4750 4616/2842/5165 4617/2841/5164
f 4627/2416/4750 4628/2418/4752 4615/2843/5166 4616/2842/5165
f 4628/2418/4752 4629/2420/4754 4614/2844/5167 4615/2843/5166
f 4629/2420/4754 4630/2422/4756 4613/2845/5168 4614/2844/5167
f 4630/2422/4756 4631/2424/4758 4612/2846/5169 4613/2845/5168
f 4631/2424/4758 4632/2426/4760 4611/2847/5170 4612/2846/5169
f 4632/2426/4760 4622/2266/4603 4609/2267/4604 4611/2847/5170
f 4657/2150/4517 4659/2428/4762 4656/2828/5151 4646/2153/4519
f 4659/2428/4762 4660/2430/4764 4655/2829/5152 4656/2828/5151
f 4660/2430/4764 4661/2432/4766 4654/2830/5153 4655/2829/5152
f 4661/2432/4766 4662/2434/4768 4653/2831/5154 4654/2830/5153
f 4662/2434/4768 4663/2436/4770 4652/2832/5155 4653/2831/5154
f 4663/2436/4770 4664/2438/4772 4651/2833/5156 4652/2832/5155
f 4664/2438/4772 4665/2440/4774 4650/2834/5157 4651/2833/5156
f 4665/2440/4774 4666/2442/4776 4649/2835/5158 4650/2834/5157
f 4666/2442/4776 4667/2444/4778 4648/2836/5159 4649/2835/5158
f 4667/2444/4778 4668/2446/4780 4647/2837/5160 4648/2836/5159
f 4668/2446/4780 4658/2263/4600 4645/2264/4601 4647/2837/5160
f 4693/2142/4511 4695/2448/4782 4692/2818/5141 4682/2145/4513
f 4695/2448/4782 4696/2450/4784 4691/2819/5142 4692/2818/5141
f 4696/2450/4784 4697/2452/4786 4690/2820/5143 4691/2819/5142
f 4697/2452/4786 4698/2454/4788 4689/2821/5144 4690/2820/5143
f 4698/2454/4788 4699/2456/4790 4688/2822/5145 4689/2821/5144
f 4699/2456/4790 4700/2458/4792 4687/2823/5146 4688/2822/5145
f 4700/2458/4792 4701/2460/4794 4686/2824/5147 4687/2823/5146
f 4701/2460/4794 4702/2462/4796 4685/2825/5148 4686/2824/5147
f 4702/2462/4796 4703/2464/4798 4684/2826/5149 4685/2825/5148
f 4703/2464/4798 4704/2466/4800 4683/2827/5150 4684/2826/5149
f 4704/2466/4800 4694/2260/4597 4681/2261/4598 4683/2827/5150
f 4729/2134/4505 4731/2468/4802 4728/2808/5131 4718/2137/4507
f 4731/2468/4802 4732/2470/4804 4727/2809/5132 4728/2808/5131
f 4732/2470/4804 4733/2472/4806 4726/2810/5133 4727/2809/5132
f 4733/2472/4806 4734/2474/4808 4725/2811/5134 4726/2810/5133
f 4734/2474/4808 4735/2476/4810 4724/2812/5135 4725/2811/5134
f 4735/2476/4810 4736/2478/4812 4723/2813/5136 4724/2812/5135
f 4736/2478/4812 4737/2480/4814 4722/2814/5137 4723/2813/5136
f 4737/2480/4814 4738/2482/4816 4721/2815/5138 4722/2814/5137
f 4738/2482/4816 4739/2484/4818 4720/2816/5139 4721/2815/5138
f 4739/2484/4818 4740/2486/4820 4719/2817/5140 4720/2816/5139
f 4740/2486/4820 4730/2255/4594 4717/2256/4595 4719/2817/5140
f 4765/2126/4499 4767/2488/4822 4764/2798/5121 4754/2129/4501
f 4767/2488/4822 4768/2490/4824 4763/2799/5122 4764/2798/5121
f 4768/2490/4824 4769/2492/4826 4762/2800/5123 4763/2799/5122
f 4769/2492/4826 4770/2494/4828 4761/2801/5124 4762/2800/5123
f 4770/2494/4828 4771/2496/4830 4760/2802/5125 4761/2801/5124
f 4771/2496/4830 4772/2498/4832 4759/2803/5126 4760/2802/5125
f 4772/2498/4832 4773/2500/4834 4758/2804/5127 4759/2803/5126
f 4773/2500/4834 4774/2502/4836 4757/2805/5128 4758/2804/5127
f 4774/2502/4836 4775/2504/4838 4756/2806/5129 4757/2805/5128
f 4775/2504/4838 4776/2506/4840 4755/2807/5130 4756/2806/5129
f 4776/2506/4840 4766/2251/4591 4753/2252/4592 4755/2807/5130
f 4801/2120/4493 4803/2508/4842 4800/2788/5111 4790/2122/4495
f 4803/2508/4842 4804/2510/4844 4799/2789/5112 4800/2788/5111
f 4804/2510/4844 4805/2512/4846 4798/2790/5113 4799/2789/5112
f 4805/2512/4846 4806/2514/4848 4797/2791/5114 4798/2790/5113
f 4806/2514/4848 4807/2516/4850 4796/2792/5115 4797/2791/5114
f 4807/2516/4850 4808/2518/4852 4795/2793/5116 4796/2792/5115
f 4808/2518/4852 4809/2520/4854 4794/2794/5117 4795/2793/5116
f 4809/2520/4854 4810/2522/4856 4793/2795/5118 4794/2794/5117
f 4810/2522/4856 4811/2524/4858 4792/2796/5119 4793/2795/5118
f 4811/2524/4858 4812/2526/4860 4791/2797/5120 4792/2796/5119
f 4812/2526/4860 4802/2247/4588 4789/2248/4589 4791/2797/5120
f 4837/2112/4487 4839/2528/4862 4836/2778/5101 4826/2115/4489
f 4839/2528/4862 4840/2530/4864 4835/2779/5102 4836/2778/5101
f 4840/2530/4864 4841/2532/4866 4834/2780/5103 4835/2779/5102
f 4841/2532/4866 4842/2534/4868 4833/2781/5104 4834/2780/5103
f 4842/2534/4868 4843/2536/4870 4832/2782/5105 4833/2781/5104
f 4843/2536/4870 4844/2538/4872 4831/2783/5106 4832/2782/5105
f 4844/2538/4872 4845/2540/4874 4830/2784/5107 4831/2783/5106
f 4845/2540/4874 4846/2542/4876 4829/2785/5108 4830/2784/5107
f 4846/2542/4876 4847/2544/4878 4828/2786/5109 4829/2785/5108
f 4847/2544/4878 4848/2546/4880 4827/2787/5110 4828/2786/5109
f 4848/2546/4880 4838/2244/4585 4825/2245/4586 4827/2787/5110
f 4873/2105/4481 4875/2548/4882 4872/2768/5091 4862/2107/4483
f 4875/2548/4882 4876/2550/4884 4871/2769/5092 4872/2768/5091
f 4876/2550/4884 4877/2552/4886 4870/2770/5093 4871/2769/5092
f 4877/2552/4886 4878/2554/4888 4869/2771/5094 4870/2770/5093
f 4878/2554/4888 4879/2556/4890 4868/2772/5095 4869/2771/5094
f 4879/2556/4890 4880/2558/4892 4867/2773/5096 4868/2772/5095
f 4880/2558/4892 4881/2560/4894 4866/2774/5097 4867/2773/5096
f 4881/2560/4894 4882/2562/4896 4865/2775/5098 4866/2774/5097
f 4882/2562/4896 4883/2564/4898 4864/2776/5099 4865/2775/5098
f 4883/2564/4898 4884/2566/4900 4863/2777/5100 4864/2776/5099
f 4884/2566/4900 4874/2239/4582 4861/2240/4583 4863/2777/5100
f 4909/2098/4475 4911/2568/4902 4908/2758/5081 4898/2100/4477
f 4911/2568/4902 4912/2570/4904 4907/2759/5082 4908/2758/5081
f 4912/2570/4904 4913/2572/4906 4906/2760/5083 4907/2759/5082
f 4913/2572/4906 4914/2574/4908 4905/2761/5084 4906/2760/5083
f 4914/2574/4908 4915/2576/4910 4904/2762/5085 4905/2761/5084
f 4915/2576/4910 4916/2578/4912 4903/2763/5086 4904/2762/5085
f 4916/2578/4912 4917/2580/4914 4902/2764/5087 4903/2763/5086
f 4917/2580/4914 4918/2582/4916 4901/2765/5088 4902/2764/5087
f 4918/2582/4916 4919/2584/4918 4900/2766/5089 4901/2765/5088
f 4919/2584/4918 4920/2586/4920 4899/2767/5090 4900/2766/5089
f 4920/2586/4920 4910/2236/4579 4897/2237/4580 4899/2767/5090
f 4945/2089/4469 4947/2588/4922 4944/2748/5071 4934/2091/4471
f 4947/2588/4922 4948/2590/4924 4943/2749/5072 4944/2748/5071
f 4948/2590/4924 4949/2592/4926 4942/2750/5073 4943/2749/5072
f 4949/2592/4926 4950/2594/4928 4941/2751/5074 4942/2750/5073
f 4950/2594/4928 4951/2596/4930 4940/2752/5075 4941/2751/5074
f 4951/2596/4930 4952/2598/4932 4939/2753/5076 4940/2752/5075
f 4952/2598/4932 4953/2600/4934 4938/2754/5077 4939/2753/5076
f 4953/2600/4934 4954/2602/4936 4937/2755/5078 4938/2754/5077
f 4954/2602/4936 4955/2604/4938 4936/2756/5079 4937/2755/5078
f 4955/2604/4938 4956/2606/4940 4935/2757/5080 4936/2756/5079
f 4956/2606/4940 4946/2233/4576 4933/2234/4577 4935/2757/5080
f 4981/2080/4463 4983/2608/4942 4980/2738/5061 4970/2083/4465
f 4983/2608/4942 4984/2610/4944 4979/2739/5062 4980/2738/5061
f 4984/2610/4944 4985/2612/4946 4978/2740/5063 4979/2739/5062
f 4985/2612/4946 4986/2614/4948 4977/2741/5064 4978/2740/5063
f 4986/2614/4948 4987/2616/4950 4976/2742/5065 4977/2741/5064
f 4987/2616/4950 4988/2618/4952 4975/2743/5066 4976/2742/5065
f 4988/2618/4952 4989/2620/4954 4974/2744/5067 4975/2743/5066
f 4989/2620/4954 4990/2622/4956 4973/2745/5068 4974/2744/5067
f 4990/2622/4956 4991/2624/4958 4972/2746/5069 4973/2745/5068
f 4991/2624/4958 4992/2626/4960 4971/2747/5070 4972/2746/5069
f 4992/2626/4960 4982/2230/4573 4969/2231/4574 4971/2747/5070
f 5017/2071/4457 5019/2628/4962 5016/2728/5051 5006/2074/4459
f 5019/2628/4962 5020/2630/4964 5015/2729/5052 5016/2728/5051
f 5020/2630/4964 5021/2632/4966 5014/2730/5053 5015/2729/5052
f 5021/2632/4966 5022/2634/4968 5013/2731/5054 5014/2730/5053
f 5022/2634/4968 5023/2636/4970 5012/2732/5055 5013/2731/5054
f 5023/2636/4970 5024/2638/4972 5011/2733/5056 5012/2732/5055
f 5024/2638/4972 5025/2640/4974 5010/2734/5057 5011/2733/5056
f 5025/2640/4974 5026/2642/4976 5009/2735/5058 5010/2734/5057
f 5026/2642/4976 5027/2644/4978 5008/2736/5059 5009/2735/5058
f 5027/2644/4978 5028/2646/4980 5007/2737/5060 5008/2736/5059
f 5028/2646/4980 5018/2226/4570 5005/2227/4571 5007/2737/5060
f 5053/2063/4451 5055/2648/4982 5052/2718/5041 5042/2066/4453
f 5055/2648/4982 5056/2650/4984 5051/2719/5042 5052/2718/5041
f 5056/2650/4984 5057/2652/4986 5050/2720/5043 5051/2719/5042
f 5057/2652/4986 5058/2654/4988 5049/2721/5044 5050/2720/5043
f 5058/2654/4988 5059/2656/4990 5048/2722/5045 5049/2721/5044
f 5059/2656/4990 5060/2658/4992 5047/2723/5046 5048/2722/5045
f 5060/2658/4992 5061/2660/4994 5046/2724/5047 5047/2723/5046
f 5061/2660/4994 5062/2662/4996 5045/2725/5048 5046/2724/5047
f 5062/2662/4996 5063/2664/4998 5044/2726/5049 5045/2725/5048
f 5063/2664/4998 5064/2666/5000 5043/2727/5050 5044/2726/5049
f 5064/2666/5000 5054/2221/4567 5041/2222/4568 5043/2727/5050
f 5089/2055/4445 5091/2668/5002 5088/2708/5031 5078/2058/4447
f 5091/2668/5002 5092/2670/5004 5087/2709/5032 5088/2708/5031
f 5092/2670/5004 5093/2672/5006 5086/2710/5033 5087/2709/5032
f 5093/2672/5006 5094/2674/5008 5085/2711/5034 5086/2710/5033
f 5094/2674/5008 5095/2676/5010 5084/2712/5035 5085/2711/5034
f 5095/2676/5010 5096/2678/5012 5083/2713/5036 5084/2712/5035
f 5096/2678/5012 5097/2680/5014 5082/2714/5037 5083/2713/5036
f 5097/2680/5014 5098/2682/5016 5081/2715/5038 5082/2714/5037
f 5098/2682/5016 5099/2684/5018 5080/2716/5039 5081/2715/5038
f 5099/2684/5018 5100/2686/5020 5079/2717/5040 5080/2716/5039
f 5100/2686/5020 5090/2215/4563 5077/2216/4565 5079/2717/5040
f 5870/164/3073 5880/2899/5221 5391/2898/5222 5389/167/3074
f 5880/2899/5221 5879/2901/5223 5392/2900/5224 5391/2898/5222
f 5879/2901/5223 5878/2903/5225 5393/2902/5226 5392/2900/5224
f 5878/2903/5225 5877/2905/5227 5394/2904/5228 5393/2902/5226
f 5877/2905/5227 5876/2907/2626 5395/2906/2636 5394/2904/5228
f 5876/2907/2626 5875/2909/2625 5396/2908/2635 5395/2906/2636
f 5875/2909/2625 5874/2911/5229 5397/2910/5230 5396/2908/2635
f 5874/2911/5229 5873/2913/5231 5398/2912/5232 5397/2910/5230
f 5873/2913/5231 5872/2915/5233 5399/2914/5234 5398/2912/5232
f 5872/2915/5233 5871/2917/5235 5400/2916/5236 5399/2914/5234
f 5871/2917/5235 5869/2202/4555 5390/2207/4560 5400/2916/5236
f 5378/289/3181 5388/2919/5237 5847/2918/5238 5845/1/2941
f 5388/2919/5237 5387/2921/5239 5848/2920/5240 5847/2918/5238
f 5387/2921/5239 5386/2923/5241 5849/2922/5242 5848/2920/5240
f 5386/2923/5241 5385/2925/5243 5850/2924/5244 5849/2922/5242
f 5385/2925/5243 5384/2927/2666 5851/2926/2676 5850/2924/5244
f 5384/2927/2666 5383/2929/2665 5852/2928/2675 5851/2926/2676
f 5383/2929/2665 5382/2931/5245 5853/2930/5246 5852/2928/2675
f 5382/2931/5245 5381/2933/5247 5854/2932/5248 5853/2930/5246
f 5381/2933/5247 5380/2935/5249 5855/2934/5250 5854/2932/5248
f 5380/2935/5249 5379/2937/5251 5856/2936/5252 5855/2934/5250
f 5379/2937/5251 5377/2053/3079 5846/2054/4446 5856/2936/5252
f 5845/1/2941 5847/2918/5238 5415/2938/5253 5413/4/2942
f 5847/2918/5238 5848/2920/5240 5416/2939/5254 5415/2938/5253
f 5848/2920/5240 5849/2922/5242 5417/2940/5255 5416/2939/5254
f 5849/2922/5242 5850/2924/5244 5418/2941/5256 5417/2940/5255
f 5850/2924/5244 5851/2926/2676 5419/2942/2686 5418/2941/5256
f 5851/2926/2676 5852/2928/2675 5420/2943/2685 5419/2942/2686
f 5852/2928/2675 5853/2930/5246 5421/2944/5257 5420/2943/2685
f 5853/2930/5246 5854/2932/5248 5422/2945/5258 5421/2944/5257
f 5854/2932/5248 5855/2934/5250 5423/2946/5259 5422/2945/5258
f 5855/2934/5250 5856/2936/5252 5424/2947/5260 5423/2946/5259
f 5856/2936/5252 5846/2056/4446 5414/2057/4448 5424/2947/5260
f 5413/4/2942 5415/2938/5253 5367/2948/5261 5365/285/3177
f 5415/2938/5253 5416/2939/5254 5368/2949/5262 5367/2948/5261
f 5416/2939/5254 5417/2940/5255 5369/2950/5263 5368/2949/5262
f 5417/2940/5255 5418/2941/5256 5370/2951/5264 5369/2950/5263
f 5418/2941/5256 5419/2942/2686 5371/2952/2696 5370/2951/5264
f 5419/2942/2686 5420/2943/2685 5372/2953/2695 5371/2952/2696
f 5420/2943/2685 5421/2944/5257 5373/2954/5265 5372/2953/2695
f 5421/2944/5257 5422/2945/5258 5374/2955/5266 5373/2954/5265
f 5422/2945/5258 5423/2946/5259 5375/2956/5267 5374/2955/5266
f 5423/2946/5259 5424/2947/5260 5376/2957/5268 5375/2956/5267
f 5424/2947/5260 5414/2057/4448 5366/2059/4450 5376/2957/5268
f 5365/291/3177 5367/2948/5261 5835/2958/5269 5833/293/3183
f 5367/2948/5261 5368/2949/5262 5836/2959/5270 5835/2958/5269
f 5368/2949/5262 5369/2950/5263 5837/2960/5271 5836/2959/5270
f 5369/2950/5263 5370/2951/5264 5838/2961/5272 5837/2960/5271
f 5370/2951/5264 5371/2952/2696 5839/2962/2706 5838/2961/5272
f 5371/2952/2696 5372/2953/2695 5840/2963/2705 5839/2962/2706
f 5372/2953/2695 5373/2954/5265 5841/2964/5273 5840/2963/2705
f 5373/2954/5265 5374/2955/5266 5842/2965/5274 5841/2964/5273
f 5374/2955/5266 5375/2956/5267 5843/2966/5275 5842/2965/5274
f 5375/2956/5267 5376/2957/5268 5844/2967/5276 5843/2966/5275
f 5376/2957/5268 5366/2059/4450 5834/2062/4452 5844/2967/5276
f 5833/293/3183 5835/2958/5269 5427/2968/5277 5425/277/3171
f 5835/2958/5269 5836/2959/5270 5428/2969/5278 5427/2968/5277
f 5836/2959/5270 5837/2960/5271 5429/2970/5279 5428/2969/5278
f 5837/2960/5271 5838/2961/5272 5430/2971/5280 5429/2970/5279
f 5838/2961/5272 5839/2962/2706 5431/2972/2716 5430/2971/5280
f 5839/2962/2706 5840/2963/2705 5432/2973/2715 5431/2972/2716
f 5840/2963/2705 5841/2964/5273 5433/2974/5281 5432/2973/2715
f 5841/2964/5273 5842/2965/5274 5434/2975/5282 5433/2974/5281
f 5842/2965/5274 5843/2966/5275 5435/2976/5283 5434/2975/5282
f 5843/2966/5275 5844/2967/5276 5436/2977/5284 5435/2976/5283
f 5844/2967/5276 5834/2064/4452 5426/2065/4454 5436/2977/5284
f 5425/277/3171 5427/2968/5277 5355/2978/5285 5353/280/3172
f 5427/2968/5277 5428/2969/5278 5356/2979/5286 5355/2978/5285
f 5428/2969/5278 5429/2970/5279 5357/2980/5287 5356/2979/5286
f 5429/2970/5279 5430/2971/5280 5358/2981/5288 5357/2980/5287
f 5430/2971/5280 5431/2972/2716 5359/2982/2726 5358/2981/5288
f 5431/2972/2716 5432/2973/2715 5360/2983/2725 5359/2982/2726
f 5432/2973/2715 5433/2974/5281 5361/2984/5289 5360/2983/2725
f 5433/2974/5281 5434/2975/5282 5362/2985/5290 5361/2984/5289
f 5434/2975/5282 5435/2976/5283 5363/2986/5291 5362/2985/5290
f 5435/2976/5283 5436/2977/5284 5364/2987/5292 5363/2986/5291
f 5436/2977/5284 5426/2067/4454 5354/2068/4456 5364/2987/5292
f 5353/280/3172 5355/2978/5285 5823/2988/5293 5821/287/3179
f 5355/2978/5285 5356/2979/5286 5824/2989/5294 5823/2988/5293
f 5356/2979/5286 5357/2980/5287 5825/2990/5295 5824/2989/5294
f 5357/2980/5287 5358/2981/5288 5826/2991/5296 5825/2990/5295
f 5358/2981/5288 5359/2982/2726 5827/2992/2736 5826/2991/5296
f 5359/2982/2726 5360/2983/2725 5828/2993/2735 5827/2992/2736
f 5360/2983/2725 5361/2984/5289 5829/2994/5297 5828/2993/2735
f 5361/2984/5289 5362/2985/5290 5830/2995/5298 5829/2994/5297
f 5362/2985/5290 5363/2986/5291 5831/2996/5299 5830/2995/5298
f 5363/2986/5291 5364/2987/5292 5832/2997/5300 5831/2996/5299
f 5364/2987/5292 5354/2068/4456 5822/2070/4458 5832/2997/5300
f 5821/288/3179 5823/2988/5293 5439/2998/5301 5437/269/3165
f 5823/2988/5293 5824/2989/5294 5440/2999/5302 5439/2998/5301
f 5824/2989/5294 5825/2990/5295 5441/3000/5303 5440/2999/5302
f 5825/2990/5295 5826/2991/5296 5442/3001/5304 5441/3000/5303
f 5826/2991/5296 5827/2992/2736 5443/3002/2746 5442/3001/5304
f 5827/2992/2736 5828/2993/2735 5444/3003/2745 5443/3002/2746
f 5828/2993/2735 5829/2994/5297 5445/3004/5305 5444/3003/2745
f 5829/2994/5297 5830/2995/5298 5446/3005/5306 5445/3004/5305
f 5830/2995/5298 5831/2996/5299 5447/3006/5307 5446/3005/5306
f 5831/2996/5299 5832/2997/5300 5448/3007/5308 5447/3006/5307
f 5832/2997/5300 5822/2072/4458 5438/2073/4460 5448/3007/5308
f 5437/269/3165 5439/2998/5301 5343/3008/5309 5341/272/3166
f 5439/2998/5301 5440/2999/5302 5344/3009/5310 5343/3008/5309
f 5440/2999/5302 5441/3000/5303 5345/3010/5311 5344/3009/5310
f 5441/3000/5303 5442/3001/5304 5346/3011/5312 5345/3010/5311
f 5442/3001/5304 5443/3002/2746 5347/3012/2756 5346/3011/5312
f 5443/3002/2746 5444/3003/2745 5348/3013/2755 5347/3012/2756
f 5444/3003/2745 5445/3004/5305 5349/3014/5313 5348/3013/2755
f 5445/3004/5305 5446/3005/5306 5350/3015/5314 5349/3014/5313
f 5446/3005/5306 5447/3006/5307 5351/3016/5315 5350/3015/5314
f 5447/3006/5307 5448/3007/5308 5352/3017/5316 5351/3016/5315
f 5448/3007/5308 5438/2075/4460 5342/2076/4462 5352/3017/5316
f 5341/272/3166 5343/3008/5309 5811/3018/5317 5809/282/3175
f 5343/3008/5309 5344/3009/5310 5812/3019/5318 5811/3018/5317
f 5344/3009/5310 5345/3010/5311 5813/3020/5319 5812/3019/5318
f 5345/3010/5311 5346/3011/5312 5814/3021/5320 5813/3020/5319
f 5346/3011/5312 5347/3012/2756 5815/3022/2766 5814/3021/5320
f 5347/3012/2756 5348/3013/2755 5816/3023/2765 5815/3022/2766
f 5348/3013/2755 5349/3014/5313 5817/3024/5321 5816/3023/2765
f 5349/3014/5313 5350/3015/5314 5818/3025/5322 5817/3024/5321
f 5350/3015/5314 5351/3016/5315 5819/3026/5323 5818/3025/5322
f 5351/3016/5315 5352/3017/5316 5820/3027/5324 5819/3026/5323
f 5352/3017/5316 5342/2078/4462 5810/2079/4464 5820/3027/5324
f 5809/283/3175 5811/3018/5317 5451/3028/5325 5449/262/3159
f 5811/3018/5317 5812/3019/5318 5452/3029/5326 5451/3028/5325
f 5812/3019/5318 5813/3020/5319 5453/3030/5327 5452/3029/5326
f 5813/3020/5319 5814/3021/5320 5454/3031/5328 5453/3030/5327
f 5814/3021/5320 5815/3022/2766 5455/3032/2776 5454/3031/5328
f 5815/3022/2766 5816/3023/2765 5456/3033/2775 5455/3032/2776
f 5816/3023/2765 5817/3024/5321 5457/3034/5329 5456/3033/2775
f 5817/3024/5321 5818/3025/5322 5458/3035/5330 5457/3034/5329
f 5818/3025/5322 5819/3026/5323 5459/3036/5331 5458/3035/5330
f 5819/3026/5323 5820/3027/5324 5460/3037/5332 5459/3036/5331
f 5820/3027/5324 5810/2081/4464 5450/2082/4466 5460/3037/5332
f 5449/262/3159 5451/3028/5325 5331/3038/5333 5329/265/3160
f 5451/3028/5325 5452/3029/5326 5332/3039/5334 5331/3038/5333
f 5452/3029/5326 5453/3030/5327 5333/3040/5335 5332/3039/5334
f 5453/3030/5327 5454/3031/5328 5334/3041/5336 5333/3040/5335
f 5454/3031/5328 5455/3032/2776 5335/3042/2786 5334/3041/5336
f 5455/3032/2776 5456/3033/2775 5336/3043/2785 5335/3042/2786
f 5456/3033/2775 5457/3034/5329 5337/3044/5337 5336/3043/2785
f 5457/3034/5329 5458/3035/5330 5338/3045/5338 5337/3044/5337
f 5458/3035/5330 5459/3036/5331 5339/3046/5339 5338/3045/5338
f 5459/3036/5331 5460/3037/5332 5340/3047/5340 5339/3046/5339
f 5460/3037/5332 5450/2084/4466 5330/2085/4468 5340/3047/5340
f 5329/273/3160 5331/3038/5333 5799/3048/5341 5797/275/3169
f 5331/3038/5333 5332/3039/5334 5800/3049/5342 5799/3048/5341
f 5332/3039/5334 5333/3040/5335 5801/3050/5343 5800/3049/5342
f 5333/3040/5335 5334/3041/5336 5802/3051/5344 5801/3050/5343
f 5334/3041/5336 5335/3042/2786 5803/3052/2796 5802/3051/5344
f 5335/3042/2786 5336/3043/2785 5804/3053/2795 5803/3052/2796
f 5336/3043/2785 5337/3044/5337 5805/3054/5345 5804/3053/2795
f 5337/3044/5337 5338/3045/5338 5806/3055/5346 5805/3054/5345
f 5338/3045/5338 5339/3046/5339 5807/3056/5347 5806/3055/5346
f 5339/3046/5339 5340/3047/5340 5808/3057/5348 5807/3056/5347
f 5340/3047/5340 5330/2087/4468 5798/2088/4470 5808/3057/5348
f 5797/275/3169 5799/3048/5341 5463/3058/5349 5461/276/3153
f 5799/3048/5341 5800/3049/5342 5464/3059/5350 5463/3058/5349
f 5800/3049/5342 5801/3050/5343 5465/3060/5351 5464/3059/5350
f 5801/3050/5343 5802/3051/5344 5466/3061/5352 5465/3060/5351
f 5802/3051/5344 5803/3052/2796 5467/3062/2806 5466/3061/5352
f 5803/3052/2796 5804/3053/2795 5468/3063/2805 5467/3062/2806
f 5804/3053/2795 5805/3054/5345 5469/3064/5353 5468/3063/2805
f 5805/3054/5345 5806/3055/5346 5470/3065/5354 5469/3064/5353
f 5806/3055/5346 5807/3056/5347 5471/3066/5355 5470/3065/5354
f 5807/3056/5347 5808/3057/5348 5472/3067/5356 5471/3066/5355
f 5808/3057/5348 5798/2088/4470 5462/2090/4472 5472/3067/5356
f 5461/256/3153 5463/3058/5349 5319/3068/5357 5317/259/3154
f 5463/3058/5349 5464/3059/5350 5320/3069/5358 5319/3068/5357
f 5464/3059/5350 5465/3060/5351 5321/3070/5359 5320/3069/5358
f 5465/3060/5351 5466/3061/5352 5322/3071/5360 5321/3070/5359
f 5466/3061/5352 5467/3062/2806 5323/3072/2816 5322/3071/5360
f 5467/3062/2806 5468/3063/2805 5324/3073/2815 5323/3072/2816
f 5468/3063/2805 5469/3064/5353 5325/3074/5361 5324/3073/2815
f 5469/3064/5353 5470/3065/5354 5326/3075/5362 5325/3074/5361
f 5470/3065/5354 5471/3066/5355 5327/3076/5363 5326/3075/5362
f 5471/3066/5355 5472/3067/5356 5328/3077/5364 5327/3076/5363
f 5472/3067/5356 5462/2093/4472 5318/2094/4474 5328/3077/5364
f 5317/259/3154 5319/3068/5357 5787/3078/5365 5785/267/3163
f 5319/3068/5357 5320/3069/5358 5788/3079/5366 5787/3078/5365
f 5320/3069/5358 5321/3070/5359 5789/3080/5367 5788/3079/5366
f 5321/3070/5359 5322/3071/5360 5790/3081/5368 5789/3080/5367
f 5322/3071/5360 5323/3072/2816 5791/3082/2826 5790/3081/5368
f 5323/3072/2816 5324/3073/2815 5792/3083/2825 5791/3082/2826
f 5324/3073/2815 5325/3074/5361 5793/3084/5369 5792/3083/2825
f 5325/3074/5361 5326/3075/5362 5794/3085/5370 5793/3084/5369
f 5326/3075/5362 5327/3076/5363 5795/3086/5371 5794/3085/5370
f 5327/3076/5363 5328/3077/5364 5796/3087/5372 5795/3086/5371
f 5328/3077/5364 5318/2096/4474 5786/2097/4476 5796/3087/5372
f 5785/268/3163 5787/3078/5365 5475/3088/5373 5473/248/3147
f 5787/3078/5365 5788/3079/5366 5476/3089/5374 5475/3088/5373
f 5788/3079/5366 5789/3080/5367 5477/3090/5375 5476/3089/5374
f 5789/3080/5367 5790/3081/5368 5478/3091/5376 5477/3090/5375
f 5790/3081/5368 5791/3082/2826 5479/3092/2836 5478/3091/5376
f 5791/3082/2826 5792/3083/2825 5480/3093/2835 5479/3092/2836
f 5792/3083/2825 5793/3084/5369 5481/3094/5377 5480/3093/2835
f 5793/3084/5369 5794/3085/5370 5482/3095/5378 5481/3094/5377
f 5794/3085/5370 5795/3086/5371 5483/3096/5379 5482/3095/5378
f 5795/3086/5371 5796/3087/5372 5484/3097/5380 5483/3096/5379
f 5796/3087/5372 5786/2097/4476 5474/2099/4478 5484/3097/5380
f 5473/248/3147 5475/3088/5373 5307/3098/5381 5305/251/3148
f 5475/3088/5373 5476/3089/5374 5308/3099/5382 5307/3098/5381
f 5476/3089/5374 5477/3090/5375 5309/3100/5383 5308/3099/5382
f 5477/3090/5375 5478/3091/5376 5310/3101/5384 5309/3100/5383
f 5478/3091/5376 5479/3092/2836 5311/3102/2846 5310/3101/5384
f 5479/3092/2836 5480/3093/2835 5312/3103/2845 5311/3102/2846
f 5480/3093/2835 5481/3094/5377 5313/3104/5385 5312/3103/2845
f 5481/3094/5377 5482/3095/5378 5314/3105/5386 5313/3104/5385
f 5482/3095/5378 5483/3096/5379 5315/3106/5387 5314/3105/5386
f 5483/3096/5379 5484/3097/5380 5316/3107/5388 5315/3106/5387
f 5484/3097/5380 5474/2101/4478 5306/2102/4480 5316/3107/5388
f 5305/251/3148 5307/3098/5381 5775/3108/5389 5773/261/3157
f 5307/3098/5381 5308/3099/5382 5776/3109/5390 5775/3108/5389
f 5308/3099/5382 5309/3100/5383 5777/3110/5391 5776/3109/5390
f 5309/3100/5383 5310/3101/5384 5778/3111/5392 5777/3110/5391
f 5310/3101/5384 5311/3102/2846 5779/3112/2856 5778/3111/5392
f 5311/3102/2846 5312/3103/2845 5780/3113/2855 5779/3112/2856
f 5312/3103/2845 5313/3104/5385 5781/3114/5393 5780/3113/2855
f 5313/3104/5385 5314/3105/5386 5782/3115/5394 5781/3114/5393
f 5314/3105/5386 5315/3106/5387 5783/3116/5395 5782/3115/5394
f 5315/3106/5387 5316/3107/5388 5784/3117/5396 5783/3116/5395
f 5316/3107/5388 5306/2102/4480 5774/2104/4482 5784/3117/5396
f 5773/261/3157 5775/3108/5389 5487/3118/5397 5485/241/3141
f 5775/3108/5389 5776/3109/5390 5488/3119/5398 5487/3118/5397
f 5776/3109/5390 5777/3110/5391 5489/3120/5399 5488/3119/5398
f 5777/3110/5391 5778/3111/5392 5490/3121/5400 5489/3120/5399
f 5778/3111/5392 5779/3112/2856 5491/3122/2866 5490/3121/5400
f 5779/3112/2856 5780/3113/2855 5492/3123/2865 5491/3122/2866
f 5780/3113/2855 5781/3114/5393 5493/3124/5401 5492/3123/2865
f 5781/3114/5393 5782/3115/5394 5494/3125/5402 5493/3124/5401
f 5782/3115/5394 5783/3116/5395 5495/3126/5403 5494/3125/5402
f 5783/3116/5395 5784/3117/5396 5496/3127/5404 5495/3126/5403
f 5784/3117/5396 5774/2104/4482 5486/2106/4484 5496/3127/5404
f 5485/241/3141 5487/3118/5397 5295/3128/5405 5293/244/3142
f 5487/3118/5397 5488/3119/5398 5296/3129/5406 5295/3128/5405
f 5488/3119/5398 5489/3120/5399 5297/3130/5407 5296/3129/5406
f 5489/3120/5399 5490/3121/5400 5298/3131/5408 5297/3130/5407
f 5490/3121/5400 5491/3122/2866 5299/3132/2876 5298/3131/5408
f 5491/3122/2866 5492/3123/2865 5300/3133/2875 5299/3132/2876
f 5492/3123/2865 5493/3124/5401 5301/3134/5409 5300/3133/2875
f 5493/3124/5401 5494/3125/5402 5302/3135/5410 5301/3134/5409
f 5494/3125/5402 5495/3126/5403 5303/3136/5411 5302/3135/5410
f 5495/3126/5403 5496/3127/5404 5304/3137/5412 5303/3136/5411
f 5496/3127/5404 5486/2106/4484 5294/2108/4486 5304/3137/5412
f 5293/252/3142 5295/3128/5405 5763/3138/5413 5761/254/3151
f 5295/3128/5405 5296/3129/5406 5764/3139/5414 5763/3138/5413
f 5296/3129/5406 5297/3130/5407 5765/3140/5415 5764/3139/5414
f 5297/3130/5407 5298/3131/5408 5766/3141/5416 5765/3140/5415
f 5298/3131/5408 5299/3132/2876 5767/3142/2886 5766/3141/5416
f 5299/3132/2876 5300/3133/2875 5768/3143/2885 5767/3142/2886
f 5300/3133/2875 5301/3134/5409 5769/3144/5417 5768/3143/2885
f 5301/3134/5409 5302/3135/5410 5770/3145/5418 5769/3144/5417
f 5302/3135/5410 5303/3136/5411 5771/3146/5419 5770/3145/5418
f 5303/3136/5411 5304/3137/5412 5772/3147/5420 5771/3146/5419
f 5304/3137/5412 5294/2110/4486 5762/2111/4488 5772/3147/5420
f 5761/254/3151 5763/3138/5413 5499/3148/5421 5497/255/3135
f 5763/3138/5413 5764/3139/5414 5500/3149/5422 5499/3148/5421
f 5764/3139/5414 5765/3140/5415 5501/3150/5423 5500/3149/5422
f 5765/3140/5415 5766/3141/5416 5502/3151/5424 5501/3150/5423
f 5766/3141/5416 5767/3142/2886 5503/3152/2896 5502/3151/5424
f 5767/3142/2886 5768/3143/2885 5504/3153/2895 5503/3152/2896
f 5768/3143/2885 5769/3144/5417 5505/3154/5425 5504/3153/2895
f 5769/3144/5417 5770/3145/5418 5506/3155/5426 5505/3154/5425
f 5770/3145/5418 5771/3146/5419 5507/3156/5427 5506/3155/5426
f 5771/3146/5419 5772/3147/5420 5508/3157/5428 5507/3156/5427
f 5772/3147/5420 5762/2113/4488 5498/2114/4490 5508/3157/5428
f 5497/234/3135 5499/3148/5421 5283/3158/5429 5281/237/3136
f 5499/3148/5421 5500/3149/5422 5284/3159/5430 5283/3158/5429
f 5500/3149/5422 5501/3150/5423 5285/3160/5431 5284/3159/5430
f 5501/3150/5423 5502/3151/5424 5286/3161/5432 5285/3160/5431
f 5502/3151/5424 5503/3152/2896 5287/3162/2906 5286/3161/5432
f 5503/3152/2896 5504/3153/2895 5288/3163/2905 5287/3162/2906
f 5504/3153/2895 5505/3154/5425 5289/3164/5433 5288/3163/2905
f 5505/3154/5425 5506/3155/5426 5290/3165/5434 5289/3164/5433
f 5506/3155/5426 5507/3156/5427 5291/3166/5435 5290/3165/5434
f 5507/3156/5427 5508/3157/5428 5292/3167/5436 5291/3166/5435
f 5508/3157/5428 5498/2116/4490 5282/2117/4492 5292/3167/5436
f 5281/237/3136 5283/3158/5429 5751/3168/5437 5749/246/3145
f 5283/3158/5429 5284/3159/5430 5752/3169/5438 5751/3168/5437
f 5284/3159/5430 5285/3160/5431 5753/3170/5439 5752/3169/5438
f 5285/3160/5431 5286/3161/5432 5754/3171/5440 5753/3170/5439
f 5286/3161/5432 5287/3162/2906 5755/3172/2916 5754/3171/5440
f 5287/3162/2906 5288/3163/2905 5756/3173/2915 5755/3172/2916
f 5288/3163/2905 5289/3164/5433 5757/3174/5441 5756/3173/2915
f 5289/3164/5433 5290/3165/5434 5758/3175/5442 5757/3174/5441
f 5290/3165/5434 5291/3166/5435 5759/3176/5443 5758/3175/5442
f 5291/3166/5435 5292/3167/5436 5760/3177/5444 5759/3176/5443
f 5292/3167/5436 5282/2117/4492 5750/2119/4494 5760/3177/5444
f 5749/247/3145 5751/3168/5437 5511/3178/5445 5509/227/3129
f 5751/3168/5437 5752/3169/5438 5512/3179/5446 5511/3178/5445
f 5752/3169/5438 5753/3170/5439 5513/3180/5447 5512/3179/5446
f 5753/3170/5439 5754/3171/5440 5514/3181/5448 5513/3180/5447
f 5754/3171/5440 5755/3172/2916 5515/3182/2352 5514/3181/5448
f 5755/3172/2916 5756/3173/2915 5516/3183/2350 5515/3182/2352
f 5756/3173/2915 5757/3174/5441 5517/3184/5449 5516/3183/2350
f 5757/3174/5441 5758/3175/5442 5518/3185/5450 5517/3184/5449
f 5758/3175/5442 5759/3176/5443 5519/3186/5451 5518/3185/5450
f 5759/3176/5443 5760/3177/5444 5520/3187/5452 5519/3186/5451
f 5760/3177/5444 5750/2119/4494 5510/2121/4496 5520/3187/5452
f 5509/227/3129 5511/3178/5445 5271/3188/5453 5269/230/3130
f 5511/3178/5445 5512/3179/5446 5272/3189/5454 5271/3188/5453
f 5512/3179/5446 5513/3180/5447 5273/3190/5455 5272/3189/5454
f 5513/3180/5447 5514/3181/5448 5274/3191/5456 5273/3190/5455
f 5514/3181/5448 5515/3182/2352 5275/3192/2351 5274/3191/5456
f 5515/3182/2352 5516/3183/2350 5276/3193/2349 5275/3192/2351
f 5516/3183/2350 5517/3184/5449 5277/3194/5457 5276/3193/2349
f 5517/3184/5449 5518/3185/5450 5278/3195/5458 5277/3194/5457
f 5518/3185/5450 5519/3186/5451 5279/3196/5459 5278/3195/5458
f 5519/3186/5451 5520/3187/5452 5280/3197/5460 5279/3196/5459
f 5520/3187/5452 5510/2121/4496 5270/2123/4498 5280/3197/5460
f 5269/230/3130 5271/3188/5453 5739/3198/5461 5737/239/3139
f 5271/3188/5453 5272/3189/5454 5740/3199/5462 5739/3198/5461
f 5272/3189/5454 5273/3190/5455 5741/3200/5463 5740/3199/5462
f 5273/3190/5455 5274/3191/5456 5742/3201/5464 5741/3200/5463
f 5274/3191/5456 5275/3192/2351 5743/3202/2936 5742/3201/5464
f 5275/3192/2351 5276/3193/2349 5744/3203/2935 5743/3202/2936
f 5276/3193/2349 5277/3194/5457 5745/3204/5465 5744/3203/2935
f 5277/3194/5457 5278/3195/5458 5746/3205/5466 5745/3204/5465
f 5278/3195/5458 5279/3196/5459 5747/3206/5467 5746/3205/5466
f 5279/3196/5459 5280/3197/5460 5748/3207/5468 5747/3206/5467
f 5280/3197/5460 5270/2123/4498 5738/2125/4500 5748/3207/5468
f 5737/240/3139 5739/3198/5461 5523/3208/5469 5521/220/3123
f 5739/3198/5461 5740/3199/5462 5524/3209/5470 5523/3208/5469
f 5740/3199/5462 5741/3200/5463 5525/3210/5471 5524/3209/5470
f 5741/3200/5463 5742/3201/5464 5526/3211/5472 5525/3210/5471
f 5742/3201/5464 5743/3202/2936 5527/3212/2926 5526/3211/5472
f 5743/3202/2936 5744/3203/2935 5528/3213/2925 5527/3212/2926
f 5744/3203/2935 5745/3204/5465 5529/3214/5473 5528/3213/2925
f 5745/3204/5465 5746/3205/5466 5530/3215/5474 5529/3214/5473
f 5746/3205/5466 5747/3206/5467 5531/3216/5475 5530/3215/5474
f 5747/3206/5467 5748/3207/5468 5532/3217/5476 5531/3216/5475
f 5748/3207/5468 5738/2127/4500 5522/2128/4502 5532/3217/5476
f 5521/220/3123 5523/3208/5469 5259/3218/5477 5257/223/3124
f 5523/3208/5469 5524/3209/5470 5260/3219/5478 5259/3218/5477
f 5524/3209/5470 5525/3210/5471 5261/3220/5479 5260/3219/5478
f 5525/3210/5471 5526/3211/5472 5262/3221/5480 5261/3220/5479
f 5526/3211/5472 5527/3212/2926 5263/3222/2372 5262/3221/5480
f 5527/3212/2926 5528/3213/2925 5264/3223/2370 5263/3222/2372
f 5528/3213/2925 5529/3214/5473 5265/3224/5481 5264/3223/2370
f 5529/3214/5473 5530/3215/5474 5266/3225/5482 5265/3224/5481
f 5530/3215/5474 5531/3216/5475 5267/3226/5483 5266/3225/5482
f 5531/3216/5475 5532/3217/5476 5268/3227/5484 5267/3226/5483
f 5532/3217/5476 5522/2128/4502 5258/2130/4504 5268/3227/5484
f 5257/231/3124 5259/3218/5477 5727/3228/5485 5725/233/3133
f 5259/3218/5477 5260/3219/5478 5728/3229/5486 5727/3228/5485
f 5260/3219/5478 5261/3220/5479 5729/3230/5487 5728/3229/5486
f 5261/3220/5479 5262/3221/5480 5730/3231/5488 5729/3230/5487
f 5262/3221/5480 5263/3222/2372 5731/3232/2371 5730/3231/5488
f 5263/3222/2372 5264/3223/2370 5732/3233/2369 5731/3232/2371
f 5264/3223/2370 5265/3224/5481 5733/3234/5489 5732/3233/2369
f 5265/3224/5481 5266/3225/5482 5734/3235/5490 5733/3234/5489
f 5266/3225/5482 5267/3226/5483 5735/3236/5491 5734/3235/5490
f 5267/3226/5483 5268/3227/5484 5736/3237/5492 5735/3236/5491
f 5268/3227/5484 5258/2130/4504 5726/2133/4506 5736/3237/5492
f 5725/233/3133 5727/3228/5485 5535/3238/5493 5533/214/3117
f 5727/3228/5485 5728/3229/5486 5536/3239/5494 5535/3238/5493
f 5728/3229/5486 5729/3230/5487 5537/3240/5495 5536/3239/5494
f 5729/3230/5487 5730/3231/5488 5538/3241/5496 5537/3240/5495
f 5730/3231/5488 5731/3232/2371 5539/3242/2386 5538/3241/5496
f 5731/3232/2371 5732/3233/2369 5540/3243/2385 5539/3242/2386
f 5732/3233/2369 5733/3234/5489 5541/3244/5497 5540/3243/2385
f 5733/3234/5489 5734/3235/5490 5542/3245/5498 5541/3244/5497
f 5734/3235/5490 5735/3236/5491 5543/3246/5499 5542/3245/5498
f 5735/3236/5491 5736/3237/5492 5544/3247/5500 5543/3246/5499
f 5736/3237/5492 5726/2135/4506 5534/2136/4508 5544/3247/5500
f 5533/214/3117 5535/3238/5493 5247/3248/5501 5245/217/3118
f 5535/3238/5493 5536/3239/5494 5248/3249/5502 5247/3248/5501
f 5536/3239/5494 5537/3240/5495 5249/3250/5503 5248/3249/5502
f 5537/3240/5495 5538/3241/5496 5250/3251/5504 5249/3250/5503
f 5538/3241/5496 5539/3242/2386 5251/3252/2396 5250/3251/5504
f 5539/3242/2386 5540/3243/2385 5252/3253/2395 5251/3252/2396
f 5540/3243/2385 5541/3244/5497 5253/3254/5505 5252/3253/2395
f 5541/3244/5497 5542/3245/5498 5254/3255/5506 5253/3254/5505
f 5542/3245/5498 5543/3246/5499 5255/3256/5507 5254/3255/5506
f 5543/3246/5499 5544/3247/5500 5256/3257/5508 5255/3256/5507
f 5544/3247/5500 5534/2136/4508 5246/2139/4510 5256/3257/5508
f 5245/224/3118 5247/3248/5501 5715/3258/5509 5713/226/3127
f 5247/3248/5501 5248/3249/5502 5716/3259/5510 5715/3258/5509
f 5248/3249/5502 5249/3250/5503 5717/3260/5511 5716/3259/5510
f 5249/3250/5503 5250/3251/5504 5718/3261/5512 5717/3260/5511
f 5250/3251/5504 5251/3252/2396 5719/3262/2406 5718/3261/5512
f 5251/3252/2396 5252/3253/2395 5720/3263/2405 5719/3262/2406
f 5252/3253/2395 5253/3254/5505 5721/3264/5513 5720/3263/2405
f 5253/3254/5505 5254/3255/5506 5722/3265/5514 5721/3264/5513
f 5254/3255/5506 5255/3256/5507 5723/3266/5515 5722/3265/5514
f 5255/3256/5507 5256/3257/5508 5724/3267/5516 5723/3266/5515
f 5256/3257/5508 5246/2139/4510 5714/2141/4512 5724/3267/5516
f 5713/226/3127 5715/3258/5509 5547/3268/5517 5545/207/3111
f 5715/3258/5509 5716/3259/5510 5548/3269/5518 5547/3268/5517
f 5716/3259/5510 5717/3260/5511 5549/3270/5519 5548/3269/5518
f 5717/3260/5511 5718/3261/5512 5550/3271/5520 5549/3270/5519
f 5718/3261/5512 5719/3262/2406 5551/3272/2416 5550/3271/5520
f 5719/3262/2406 5720/3263/2405 5552/3273/2415 5551/3272/2416
f 5720/3263/2405 5721/3264/5513 5553/3274/5521 5552/3273/2415
f 5721/3264/5513 5722/3265/5514 5554/3275/5522 5553/3274/5521
f 5722/3265/5514 5723/3266/5515 5555/3276/5523 5554/3275/5522
f 5723/3266/5515 5724/3267/5516 5556/3277/5524 5555/3276/5523
f 5724/3267/5516 5714/2143/4512 5546/2144/4514 5556/3277/5524
f 5545/207/3111 5547/3268/5517 5235/3278/5525 5233/210/3112
f 5547/3268/5517 5548/3269/5518 5236/3279/5526 5235/3278/5525
f 5548/3269/5518 5549/3270/5519 5237/3280/5527 5236/3279/5526
f 5549/3270/5519 5550/3271/5520 5238/3281/5528 5237/3280/5527
f 5550/3271/5520 5551/3272/2416 5239/3282/2426 5238/3281/5528
f 5551/3272/2416 5552/3273/2415 5240/3283/2425 5239/3282/2426
f 5552/3273/2415 5553/3274/5521 5241/3284/5529 5240/3283/2425
f 5553/3274/5521 5554/3275/5522 5242/3285/5530 5241/3284/5529
f 5554/3275/5522 5555/3276/5523 5243/3286/5531 5242/3285/5530
f 5555/3276/5523 5556/3277/5524 5244/3287/5532 5243/3286/5531
f 5556/3277/5524 5546/2146/4514 5234/2147/4516 5244/3287/5532
f 5233/210/3112 5235/3278/5525 5703/3288/5533 5701/219/3121
f 5235/3278/5525 5236/3279/5526 5704/3289/5534 5703/3288/5533
f 5236/3279/5526 5237/3280/5527 5705/3290/5535 5704/3289/5534
f 5237/3280/5527 5238/3281/5528 5706/3291/5536 5705/3290/5535
f 5238/3281/5528 5239/3282/2426 5707/3292/2436 5706/3291/5536
f 5239/3282/2426 5240/3283/2425 5708/3293/2435 5707/3292/2436
f 5240/3283/2425 5241/3284/5529 5709/3294/5537 5708/3293/2435
f 5241/3284/5529 5242/3285/5530 5710/3295/5538 5709/3294/5537
f 5242/3285/5530 5243/3286/5531 5711/3296/5539 5710/3295/5538
f 5243/3286/5531 5244/3287/5532 5712/3297/5540 5711/3296/5539
f 5244/3287/5532 5234/2147/4516 5702/2149/4518 5712/3297/5540
f 5701/219/3121 5703/3288/5533 5559/3298/5541 5557/200/3105
f 5703/3288/5533 5704/3289/5534 5560/3299/5542 5559/3298/5541
f 5704/3289/5534 5705/3290/5535 5561/3300/5543 5560/3299/5542
f 5705/3290/5535 5706/3291/5536 5562/3301/5544 5561/3300/5543
f 5706/3291/5536 5707/3292/2436 5563/3302/2446 5562/3301/5544
f 5707/3292/2436 5708/3293/2435 5564/3303/2445 5563/3302/2446
f 5708/3293/2435 5709/3294/5537 5565/3304/5545 5564/3303/2445
f 5709/3294/5537 5710/3295/5538 5566/3305/5546 5565/3304/5545
f 5710/3295/5538 5711/3296/5539 5567/3306/5547 5566/3305/5546
f 5711/3296/5539 5712/3297/5540 5568/3307/5548 5567/3306/5547
f 5712/3297/5540 5702/2151/4518 5558/2152/4520 5568/3307/5548
f 5557/200/3105 5559/3298/5541 5223/3308/5549 5221/203/3106
f 5559/3298/5541 5560/3299/5542 5224/3309/5550 5223/3308/5549
f 5560/3299/5542 5561/3300/5543 5225/3310/5551 5224/3309/5550
f 5561/3300/5543 5562/3301/5544 5226/3311/5552 5225/3310/5551
f 5562/3301/5544 5563/3302/2446 5227/3312/2456 5226/3311/5552
f 5563/3302/2446 5564/3303/2445 5228/3313/2455 5227/3312/2456
f 5564/3303/2445 5565/3304/5545 5229/3314/5553 5228/3313/2455
f 5565/3304/5545 5566/3305/5546 5230/3315/5554 5229/3314/5553
f 5566/3305/5546 5567/3306/5547 5231/3316/5555 5230/3315/5554
f 5567/3306/5547 5568/3307/5548 5232/3317/5556 5231/3316/5555
f 5568/3307/5548 5558/2154/4520 5222/2155/4522 5232/3317/5556
f 5221/203/3106 5223/3308/5549 5691/3318/5557 5689/212/3115
f 5223/3308/5549 5224/3309/5550 5692/3319/5558 5691/3318/5557
f 5224/3309/5550 5225/3310/5551 5693/3320/5559 5692/3319/5558
f 5225/3310/5551 5226/3311/5552 5694/3321/5560 5693/3320/5559
f 5226/3311/5552 5227/3312/2456 5695/3322/2466 5694/3321/5560
f 5227/3312/2456 5228/3313/2455 5696/3323/2465 5695/3322/2466
f 5228/3313/2455 5229/3314/5553 5697/3324/5561 5696/3323/2465
f 5229/3314/5553 5230/3315/5554 5698/3325/5562 5697/3324/5561
f 5230/3315/5554 5231/3316/5555 5699/3326/5563 5698/3325/5562
f 5231/3316/5555 5232/3317/5556 5700/3327/5564 5699/3326/5563
f 5232/3317/5556 5222/2157/4522 5690/2158/4524 5700/3327/5564
f 5689/213/3115 5691/3318/5557 5571/3328/5565 5569/193/3099
f 5691/3318/5557 5692/3319/5558 5572/3329/5566 5571/3328/5565
f 5692/3319/5558 5693/3320/5559 5573/3330/5567 5572/3329/5566
f 5693/3320/5559 5694/3321/5560 5574/3331/5568 5573/3330/5567
f 5694/3321/5560 5695/3322/2466 5575/3332/2476 5574/3331/5568
f 5695/3322/2466 5696/3323/2465 5576/3333/2475 5575/3332/2476
f 5696/3323/2465 5697/3324/5561 5577/3334/5569 5576/3333/2475
f 5697/3324/5561 5698/3325/5562 5578/3335/5570 5577/3334/5569
f 5698/3325/5562 5699/3326/5563 5579/3336/5571 5578/3335/5570
f 5699/3326/5563 5700/3327/5564 5580/3337/5572 5579/3336/5571
f 5700/3327/5564 5690/2158/4524 5570/2160/4526 5580/3337/5572
f 5569/193/3099 5571/3328/5565 5211/3338/5573 5209/196/3100
f 5571/3328/5565 5572/3329/5566 5212/3339/5574 5211/3338/5573
f 5572/3329/5566 5573/3330/5567 5213/3340/5575 5212/3339/5574
f 5573/3330/5567 5574/3331/5568 5214/3341/5576 5213/3340/5575
f 5574/3331/5568 5575/3332/2476 5215/3342/2486 5214/3341/5576
f 5575/3332/2476 5576/3333/2475 5216/3343/2485 5215/3342/2486
f 5576/3333/2475 5577/3334/5569 5217/3344/5577 5216/3343/2485
f 5577/3334/5569 5578/3335/5570 5218/3345/5578 5217/3344/5577
f 5578/3335/5570 5579/3336/5571 5219/3346/5579 5218/3345/5578
f 5579/3336/5571 5580/3337/5572 5220/3347/5580 5219/3346/5579
f 5580/3337/5572 5570/2160/4526 5210/2162/4528 5220/3347/5580
f 5209/204/3100 5211/3338/5573 5679/3348/5581 5677/206/3109
f 5211/3338/5573 5212/3339/5574 5680/3349/5582 5679/3348/5581
f 5212/3339/5574 5213/3340/5575 5681/3350/5583 5680/3349/5582
f 5213/3340/5575 5214/3341/5576 5682/3351/5584 5681/3350/5583
f 5214/3341/5576 5215/3342/2486 5683/3352/2496 5682/3351/5584
f 5215/3342/2486 5216/3343/2485 5684/3353/2495 5683/3352/2496
f 5216/3343/2485 5217/3344/5577 5685/3354/5585 5684/3353/2495
f 5217/3344/5577 5218/3345/5578 5686/3355/5586 5685/3354/5585
f 5218/3345/5578 5219/3346/5579 5687/3356/5587 5686/3355/5586
f 5219/3346/5579 5220/3347/5580 5688/3357/5588 5687/3356/5587
f 5220/3347/5580 5210/2165/4528 5678/2166/4530 5688/3357/5588
f 5677/206/3109 5679/3348/5581 5583/3358/5589 5581/185/3093
f 5679/3348/5581 5680/3349/5582 5584/3359/5590 5583/3358/5589
f 5680/3349/5582 5681/3350/5583 5585/3360/5591 5584/3359/5590
f 5681/3350/5583 5682/3351/5584 5586/3361/5592 5585/3360/5591
f 5682/3351/5584 5683/3352/2496 5587/3362/2506 5586/3361/5592
f 5683/3352/2496 5684/3353/2495 5588/3363/2505 5587/3362/2506
f 5684/3353/2495 5685/3354/5585 5589/3364/5593 5588/3363/2505
f 5685/3354/5585 5686/3355/5586 5590/3365/5594 5589/3364/5593
f 5686/3355/5586 5687/3356/5587 5591/3366/5595 5590/3365/5594
f 5687/3356/5587 5688/3357/5588 5592/3367/5596 5591/3366/5595
f 5688/3357/5588 5678/2169/4530 5582/2170/4532 5592/3367/5596
f 5581/185/3093 5583/3358/5589 5199/3368/5597 5197/188/3094
f 5583/3358/5589 5584/3359/5590 5200/3369/5598 5199/3368/5597
f 5584/3359/5590 5585/3360/5591 5201/3370/5599 5200/3369/5598
f 5585/3360/5591 5586/3361/5592 5202/3371/5600 5201/3370/5599
f 5586/3361/5592 5587/3362/2506 5203/3372/2516 5202/3371/5600
f 5587/3362/2506 5588/3363/2505 5204/3373/2515 5203/3372/2516
f 5588/3363/2505 5589/3364/5593 5205/3374/5601 5204/3373/2515
f 5589/3364/5593 5590/3365/5594 5206/3375/5602 5205/3374/5601
f 5590/3365/5594 5591/3366/5595 5207/3376/5603 5206/3375/5602
f 5591/3366/5595 5592/3367/5596 5208/3377/5604 5207/3376/5603
f 5592/3367/5596 5582/2172/4532 5198/2173/4534 5208/3377/5604
f 5197/188/3094 5199/3368/5597 5667/3378/5605 5665/198/3103
f 5199/3368/5597 5200/3369/5598 5668/3379/5606 5667/3378/5605
f 5200/3369/5598 5201/3370/5599 5669/3380/5607 5668/3379/5606
f 5201/3370/5599 5202/3371/5600 5670/3381/5608 5669/3380/5607
f 5202/3371/5600 5203/3372/2516 5671/3382/2526 5670/3381/5608
f 5203/3372/2516 5204/3373/2515 5672/3383/2525 5671/3382/2526
f 5204/3373/2515 5205/3374/5601 5673/3384/5609 5672/3383/2525
f 5205/3374/5601 5206/3375/5602 5674/3385/5610 5673/3384/5609
f 5206/3375/5602 5207/3376/5603 5675/3386/5611 5674/3385/5610
f 5207/3376/5603 5208/3377/5604 5676/3387/5612 5675/3386/5611
f 5208/3377/5604 5198/2175/4534 5666/2176/4536 5676/3387/5612
f 5665/199/3103 5667/3378/5605 5595/3388/5613 5593/179/3087
f 5667/3378/5605 5668/3379/5606 5596/3389/5614 5595/3388/5613
f 5668/3379/5606 5669/3380/5607 5597/3390/5615 5596/3389/5614
f 5669/3380/5607 5670/3381/5608 5598/3391/5616 5597/3390/5615
f 5670/3381/5608 5671/3382/2526 5599/3392/2536 5598/3391/5616
f 5671/3382/2526 5672/3383/2525 5600/3393/2535 5599/3392/2536
f 5672/3383/2525 5673/3384/5609 5601/3394/5617 5600/3393/2535
f 5673/3384/5609 5674/3385/5610 5602/3395/5618 5601/3394/5617
f 5674/3385/5610 5675/3386/5611 5603/3396/5619 5602/3395/5618
f 5675/3386/5611 5676/3387/5612 5604/3397/5620 5603/3396/5619
f 5676/3387/5612 5666/2179/4536 5594/2180/4538 5604/3397/5620
f 5593/179/3087 5595/3388/5613 5187/3398/5621 5185/182/3088
f 5595/3388/5613 5596/3389/5614 5188/3399/5622 5187/3398/5621
f 5596/3389/5614 5597/3390/5615 5189/3400/5623 5188/3399/5622
f 5597/3390/5615 5598/3391/5616 5190/3401/5624 5189/3400/5623
f 5598/3391/5616 5599/3392/2536 5191/3402/2546 5190/3401/5624
f 5599/3392/2536 5600/3393/2535 5192/3403/2545 5191/3402/2546
f 5600/3393/2535 5601/3394/5617 5193/3404/5625 5192/3403/2545
f 5601/3394/5617 5602/3395/5618 5194/3405/5626 5193/3404/5625
f 5602/3395/5618 5603/3396/5619 5195/3406/5627 5194/3405/5626
f 5603/3396/5619 5604/3397/5620 5196/3407/5628 5195/3406/5627
f 5604/3397/5620 5594/2182/4538 5186/2183/4540 5196/3407/5628
f 5185/182/3088 5187/3398/5621 5655/3408/5629 5653/190/3097
f 5187/3398/5621 5188/3399/5622 5656/3409/5630 5655/3408/5629
f 5188/3399/5622 5189/3400/5623 5657/3410/5631 5656/3409/5630
f 5189/3400/5623 5190/3401/5624 5658/3411/5632 5657/3410/5631
f 5190/3401/5624 5191/3402/2546 5659/3412/2556 5658/3411/5632
f 5191/3402/2546 5192/3403/2545 5660/3413/2555 5659/3412/2556
f 5192/3403/2545 5193/3404/5625 5661/3414/5633 5660/3413/2555
f 5193/3404/5625 5194/3405/5626 5662/3415/5634 5661/3414/5633
f 5194/3405/5626 5195/3406/5627 5663/3416/5635 5662/3415/5634
f 5195/3406/5627 5196/3407/5628 5664/3417/5636 5663/3416/5635
f 5196/3407/5628 5186/2183/4540 5654/2185/4542 5664/3417/5636
f 5653/191/3097 5655/3408/5629 5607/3418/5637 5605/192/3081
f 5655/3408/5629 5656/3409/5630 5608/3419/5638 5607/3418/5637
f 5656/3409/5630 5657/3410/5631 5609/3420/5639 5608/3419/5638
f 5657/3410/5631 5658/3411/5632 5610/3421/5640 5609/3420/5639
f 5658/3411/5632 5659/3412/2556 5611/3422/2566 5610/3421/5640
f 5659/3412/2556 5660/3413/2555 5612/3423/2565 5611/3422/2566
f 5660/3413/2555 5661/3414/5633 5613/3424/5641 5612/3423/2565
f 5661/3414/5633 5662/3415/5634 5614/3425/5642 5613/3424/5641
f 5662/3415/5634 5663/3416/5635 5615/3426/5643 5614/3425/5642
f 5663/3416/5635 5664/3417/5636 5616/3427/5644 5615/3426/5643
f 5664/3417/5636 5654/2185/4542 5606/2187/4544 5616/3427/5644
f 5605/172/3081 5607/3418/5637 5175/3428/5645 5173/175/3082
f 5607/3418/5637 5608/3419/5638 5176/3429/5646 5175/3428/5645
f 5608/3419/5638 5609/3420/5639 5177/3430/5647 5176/3429/5646
f 5609/3420/5639 5610/3421/5640 5178/3431/5648 5177/3430/5647
f 5610/3421/5640 5611/3422/2566 5179/3432/2576 5178/3431/5648
f 5611/3422/2566 5612/3423/2565 5180/3433/2575 5179/3432/2576
f 5612/3423/2565 5613/3424/5641 5181/3434/5649 5180/3433/2575
f 5613/3424/5641 5614/3425/5642 5182/3435/5650 5181/3434/5649
f 5614/3425/5642 5615/3426/5643 5183/3436/5651 5182/3435/5650
f 5615/3426/5643 5616/3427/5644 5184/3437/5652 5183/3436/5651
f 5616/3427/5644 5606/2190/4544 5174/2191/4546 5184/3437/5652
f 5173/175/3082 5175/3428/5645 5643/3438/5653 5641/184/3091
f 5175/3428/5645 5176/3429/5646 5644/3439/5654 5643/3438/5653
f 5176/3429/5646 5177/3430/5647 5645/3440/5655 5644/3439/5654
f 5177/3430/5647 5178/3431/5648 5646/3441/5656 5645/3440/5655
f 5178/3431/5648 5179/3432/2576 5647/3442/2586 5646/3441/5656
f 5179/3432/2576 5180/3433/2575 5648/3443/2585 5647/3442/2586
f 5180/3433/2575 5181/3434/5649 5649/3444/5657 5648/3443/2585
f 5181/3434/5649 5182/3435/5650 5650/3445/5658 5649/3444/5657
f 5182/3435/5650 5183/3436/5651 5651/3446/5659 5650/3445/5658
f 5183/3436/5651 5184/3437/5652 5652/3447/5660 5651/3446/5659
f 5184/3437/5652 5174/2191/4546 5642/2193/4548 5652/3447/5660
f 5641/184/3091 5643/3438/5653 5619/3448/5661 5617/152/3061
f 5643/3438/5653 5644/3439/5654 5620/3449/5662 5619/3448/5661
f 5644/3439/5654 5645/3440/5655 5621/3450/5663 5620/3449/5662
f 5645/3440/5655 5646/3441/5656 5622/3451/5664 5621/3450/5663
f 5646/3441/5656 5647/3442/2586 5623/3452/2596 5622/3451/5664
f 5647/3442/2586 5648/3443/2585 5624/3453/2595 5623/3452/2596
f 5648/3443/2585 5649/3444/5657 5625/3454/5665 5624/3453/2595
f 5649/3444/5657 5650/3445/5658 5626/3455/5666 5625/3454/5665
f 5650/3445/5658 5651/3446/5659 5627/3456/5667 5626/3455/5666
f 5651/3446/5659 5652/3447/5660 5628/3457/5668 5627/3456/5667
f 5652/3447/5660 5642/2193/4548 5618/2195/4550 5628/3457/5668
f 5617/152/3061 5619/3448/5661 5163/3458/5669 5161/155/3062
f 5619/3448/5661 5620/3449/5662 5164/3459/5670 5163/3458/5669
f 5620/3449/5662 5621/3450/5663 5165/3460/5671 5164/3459/5670
f 5621/3450/5663 5622/3451/5664 5166/3461/5672 5165/3460/5671
f 5622/3451/5664 5623/3452/2596 5167/3462/2606 5166/3461/5672
f 5623/3452/2596 5624/3453/2595 5168/3463/2605 5167/3462/2606
f 5624/3453/2595 5625/3454/5665 5169/3464/5673 5168/3463/2605
f 5625/3454/5665 5626/3455/5666 5170/3465/5674 5169/3464/5673
f 5626/3455/5666 5627/3456/5667 5171/3466/5675 5170/3465/5674
f 5627/3456/5667 5628/3457/5668 5172/3467/5676 5171/3466/5675
f 5628/3457/5668 5618/2195/4550 5162/2198/4552 5172/3467/5676
f 5161/176/3062 5163/3458/5669 5631/3468/5677 5629/178/3085
f 5163/3458/5669 5164/3459/5670 5632/3469/5678 5631/3468/5677
f 5164/3459/5670 5165/3460/5671 5633/3470/5679 5632/3469/5678
f 5165/3460/5671 5166/3461/5672 5634/3471/5680 5633/3470/5679
f 5166/3461/5672 5167/3462/2606 5635/3472/2616 5634/3471/5680
f 5167/3462/2606 5168/3463/2605 5636/3473/2615 5635/3472/2616
f 5168/3463/2605 5169/3464/5673 5637/3474/5681 5636/3473/2615
f 5169/3464/5673 5170/3465/5674 5638/3475/5682 5637/3474/5681
f 5170/3465/5674 5171/3466/5675 5639/3476/5683 5638/3475/5682
f 5171/3466/5675 5172/3467/5676 5640/3477/5684 5639/3476/5683
f 5172/3467/5676 5162/2198/4552 5630/2201/4556 5640/3477/5684
f 5629/178/3085 5631/3468/5677 5880/2899/5221 5870/164/3073
f 5631/3468/5677 5632/3469/5678 5879/2901/5223 5880/2899/5221
f 5632/3469/5678 5633/3470/5679 5878/2903/5225 5879/2901/5223
f 5633/3470/5679 5634/3471/5680 5877/2905/5227 5878/2903/5225
f 5634/3471/5680 5635/3472/2616 5876/2907/2626 5877/2905/5227
f 5635/3472/2616 5636/3473/2615 5875/2909/2625 5876/2907/2626
f 5636/3473/2615 5637/3474/5681 5874/2911/5229 5875/2909/2625
f 5637/3474/5681 5638/3475/5682 5873/2913/5231 5874/2911/5229
f 5638/3475/5682 5639/3476/5683 5872/2915/5233 5873/2913/5231
f 5639/3476/5683 5640/3477/5684 5871/2917/5235 5872/2915/5233
f 5640/3477/5684 5630/2201/4556 5869/2202/4555 5871/2917/5235
f 5402/163/3070 5412/3478/5685 5388/2919/5237 5378/289/3181
f 5412/3478/5685 5411/3479/5686 5387/2921/5239 5388/2919/5237
f 5411/3479/5686 5410/3480/5687 5386/2923/5241 5387/2921/5239
f 5410/3480/5687 5409/3481/5688 5385/2925/5243 5386/2923/5241
f 5409/3481/5688 5408/3482/2656 5384/2927/2666 5385/2925/5243
f 5408/3482/2656 5407/3483/2655 5383/2929/2665 5384/2927/2666
f 5407/3483/2655 5406/3484/5689 5382/2931/5245 5383/2929/2665
f 5406/3484/5689 5405/3485/5690 5381/2933/5247 5382/2931/5245
f 5405/3485/5690 5404/3486/5691 5380/2935/5249 5381/2933/5247
f 5404/3486/5691 5403/3487/5692 5379/2937/5251 5380/2935/5249
f 5403/3487/5692 5401/169/3080 5377/170/3079 5379/2937/5251
f 5389/2051/3074 5391/3489/5222 5859/3488/5693 5857/160/3069
f 5391/3489/5222 5392/3491/5224 5860/3490/5694 5859/3488/5693
f 5392/3491/5224 5393/3493/5226 5861/3492/5695 5860/3490/5694
f 5393/3493/5226 5394/3495/5228 5862/3494/5696 5861/3492/5695
f 5394/3495/5228 5395/3497/2636 5863/3496/2646 5862/3494/5696
f 5395/3497/2636 5396/3499/2635 5864/3498/2645 5863/3496/2646
f 5396/3499/2635 5397/3501/5230 5865/3500/5697 5864/3498/2645
f 5397/3501/5230 5398/3503/5232 5866/3502/5698 5865/3500/5697
f 5398/3503/5232 5399/3505/5234 5867/3504/5699 5866/3502/5698
f 5399/3505/5234 5400/3507/5236 5868/3506/5700 5867/3504/5699
f 5400/3507/5236 5390/2210/4560 5858/2211/4558 5868/3506/5700
f 5857/160/3069 5859/3488/5693 5412/3478/5685 5402/163/3070
f 5859/3488/5693 5860/3490/5694 5411/3479/5686 5412/3478/5685
f 5860/3490/5694 5861/3492/5695 5410/3480/5687 5411/3479/5686
f 5861/3492/5695 5862/3494/5696 5409/3481/5688 5410/3480/5687
f 5862/3494/5696 5863/3496/2646 5408/3482/2656 5409/3481/5688
f 5863/3496/2646 5864/3498/2645 5407/3483/2655 5408/3482/2656
f 5864/3498/2645 5865/3500/5697 5406/3484/5689 5407/3483/2655
f 5865/3500/5697 5866/3502/5698 5405/3485/5690 5406/3484/5689
f 5866/3502/5698 5867/3504/5699 5404/3486/5691 5405/3485/5690
f 5867/3504/5699 5868/3506/5700 5403/3487/5692 5404/3486/5691
f 5868/3506/5700 5858/2205/4558 5401/2206/3080 5403/3487/5692
f 4454/2199/4551 4441/2200/4553 5630/2201/4556 5162/2198/4552
f 2/161/5701 1/2052/5702 2941/2052/5702 2942/161/5701
f 3/162/5703 2/161/5701 2942/161/5701 2943/162/5703
f 4/290/5704 3/162/5703 2943/162/5703 2944/290/5704
f 5/2/5705 4/290/5704 2944/290/5704 2945/2/5705
f 6/3/5706 5/2/5705 2945/2/5705 2946/3/5706
f 7/284/5707 6/3/5706 2946/3/5706 2947/284/5707
f 8/292/5708 7/284/5707 2947/284/5707 2948/292/5708
f 9/278/5709 8/292/5708 2948/292/5708 2949/278/5709
f 10/279/5710 9/278/5709 2949/278/5709 2950/279/5710
f 11/286/5711 10/279/5710 2950/279/5710 2951/286/5711
f 12/270/5712 11/286/5711 2951/286/5711 2952/270/5712
f 13/271/5713 12/270/5712 2952/270/5712 2953/271/5713
f 14/281/5714 13/271/5713 2953/271/5713 2954/281/5714
f 15/263/5715 14/281/5714 2954/281/5714 2955/263/5715
f 16/264/5716 15/263/5715 2955/263/5715 2956/264/5716
f 17/274/5717 16/264/5716 2956/264/5716 2957/274/5717
f 18/257/5718 17/274/5717 2957/274/5717 2958/257/5718
f 19/258/5719 18/257/5718 2958/257/5718 2959/258/5719
f 20/266/5720 19/258/5719 2959/258/5719 2960/266/5720
f 21/249/5721 20/266/5720 2960/266/5720 2961/249/5721
f 22/250/5722 21/249/5721 2961/249/5721 2962/250/5722
f 23/260/5723 22/250/5722 2962/250/5722 2963/260/5723
f 24/242/5724 23/260/5723 2963/260/5723 2964/242/5724
f 25/243/5725 24/242/5724 2964/242/5724 2965/243/5725
f 26/253/5726 25/243/5725 2965/243/5725 2966/253/5726
f 27/235/5727 26/253/5726 2966/253/5726 2967/235/5727
f 28/236/5728 27/235/5727 2967/235/5727 2968/236/5728
f 29/245/5729 28/236/5728 2968/236/5728 2969/245/5729
f 30/228/5730 29/245/5729 2969/245/5729 2970/228/5730
f 31/229/5731 30/228/5730 2970/228/5730 2971/229/5731
f 32/238/5732 31/229/5731 2971/229/5731 2972/238/5732
f 33/221/5733 32/238/5732 2972/238/5732 2973/221/5733
f 34/222/5734 33/221/5733 2973/221/5733 2974/222/5734
f 35/232/5735 34/222/5734 2974/222/5734 2975/232/5735
f 36/215/5736 35/232/5735 2975/232/5735 2976/215/5736
f 37/216/5737 36/215/5736 2976/215/5736 2977/216/5737
f 38/225/5738 37/216/5737 2977/216/5737 2978/225/5738
f 39/208/5739 38/225/5738 2978/225/5738 2979/208/5739
f 40/209/5740 39/208/5739 2979/208/5739 2980/209/5740
f 41/218/5741 40/209/5740 2980/209/5740 2981/218/5741
f 42/201/5742 41/218/5741 2981/218/5741 2982/201/5742
f 43/202/5743 42/201/5742 2982/201/5742 2983/202/5743
f 44/211/5744 43/202/5743 2983/202/5743 2984/211/5744
f 45/194/5745 44/211/5744 2984/211/5744 2985/194/5745
f 46/195/5746 45/194/5745 2985/194/5745 2986/195/5746
f 47/205/5747 46/195/5746 2986/195/5746 2987/205/5747
f 48/186/5748 47/205/5747 2987/205/5747 2988/186/5748
f 49/187/5749 48/186/5748 2988/186/5748 2989/187/5749
f 50/197/5750 49/187/5749 2989/187/5749 2990/197/5750
f 51/180/5751 50/197/5750 2990/197/5750 2991/180/5751
f 52/181/5752 51/180/5751 2991/180/5751 2992/181/5752
f 53/189/5753 52/181/5752 2992/181/5752 2993/189/5753
f 54/173/5754 53/189/5753 2993/189/5753 2994/173/5754
f 55/174/5755 54/173/5754 2994/173/5754 2995/174/5755
f 56/183/5756 55/174/5755 2995/174/5755 2996/183/5756
f 57/153/5757 56/183/5756 2996/183/5756 2997/153/5757
f 58/154/5758 57/153/5757 2997/153/5757 2998/154/5758
f 59/177/5759 58/154/5758 2998/154/5758 2999/177/5759
f 60/165/5760 59/177/5759 2999/177/5759 3000/165/5760
f 1/166/5702 60/165/5760 3000/165/5760 2941/166/5702
o fluid
v 0.000001 -1.108060 -0.642280
v 0.000000 -0.552955 -1.053634
v 0.000001 -1.127246 -0.758685
v 0.000001 -1.158421 -0.863806
v 0.000001 -1.172711 -0.955503
v 0.000001 -1.155184 -1.031909
v 0.000000 -1.102005 -1.091468
v 0.000000 -1.028814 -1.132969
v 0.000000 -0.945815 -1.155567
v 0.000000 -0.854819 -1.158801
v 0.000000 -0.757678 -1.142606
v 0.000000 -0.656369 -1.107310
v 0.067138 -1.108060 -0.638761
v 0.110135 -0.552955 -1.047862
v 0.079306 -1.127246 -0.754529
v 0.090294 -1.158421 -0.859074
v 0.099878 -1.172711 -0.950269
v 0.107865 -1.155184 -1.026256
v 0.114090 -1.102005 -1.085490
v 0.118428 -1.028814 -1.126763
v 0.120790 -0.945816 -1.149237
v 0.121128 -0.854819 -1.152453
v 0.119435 -0.757678 -1.136346
v 0.115746 -0.656369 -1.101244
v 0.133537 -1.108060 -0.628245
v 0.219063 -0.552955 -1.030610
v 0.157739 -1.127246 -0.742106
v 0.179595 -1.158421 -0.844930
v 0.198660 -1.172711 -0.934623
v 0.214546 -1.155184 -1.009359
v 0.226929 -1.102005 -1.067618
v 0.235558 -1.028814 -1.108212
v 0.240256 -0.945816 -1.130316
v 0.240928 -0.854819 -1.133479
v 0.237561 -0.757678 -1.117637
v 0.230223 -0.656369 -1.083113
v 0.198474 -1.108060 -0.610845
v 0.325591 -0.552955 -1.002066
v 0.234446 -1.127246 -0.721553
v 0.266930 -1.158421 -0.821529
v 0.295266 -1.172711 -0.908737
v 0.318877 -1.155184 -0.981404
v 0.337282 -1.102005 -1.038049
v 0.350107 -1.028814 -1.077518
v 0.357090 -0.945816 -1.099010
v 0.358089 -0.854819 -1.102085
v 0.353085 -0.757678 -1.086683
v 0.342178 -0.656369 -1.053115
v 0.261239 -1.108060 -0.586752
v 0.428552 -0.552955 -0.962543
v 0.308586 -1.127246 -0.693093
v 0.351342 -1.158421 -0.789126
v 0.388638 -1.172711 -0.872895
v 0.419716 -1.155184 -0.942696
v 0.443941 -1.102005 -0.997106
v 0.460821 -1.028814 -1.035019
v 0.470012 -0.945816 -1.055663
v 0.471327 -0.854819 -1.058618
v 0.464740 -0.757678 -1.043822
v 0.450384 -0.656369 -1.011579
v 0.321140 -1.108060 -0.556231
v 0.526817 -0.552955 -0.912474
v 0.379342 -1.127246 -0.657041
v 0.431903 -1.158421 -0.748078
v 0.477751 -1.172711 -0.827490
v 0.515954 -1.155184 -0.893659
v 0.545734 -1.102005 -0.945240
v 0.566485 -1.028814 -0.981181
v 0.577784 -0.945815 -1.000751
v 0.579401 -0.854819 -1.003551
v 0.571303 -0.757678 -0.989525
v 0.553655 -0.656369 -0.958959
v 0.377524 -1.108060 -0.519615
v 0.619311 -0.552955 -0.852408
v 0.445945 -1.127246 -0.613789
v 0.507733 -1.158421 -0.698833
v 0.561631 -1.172711 -0.773018
v 0.606541 -1.155184 -0.834832
v 0.641550 -1.102005 -0.883017
v 0.665943 -1.028814 -0.916592
v 0.679226 -0.945816 -0.934874
v 0.681126 -0.854819 -0.937490
v 0.671607 -0.757678 -0.924388
v 0.650861 -0.656369 -0.895833
v 0.429769 -1.108060 -0.477307
v 0.705019 -0.552955 -0.783003
v 0.507659 -1.127246 -0.563813
v 0.577999 -1.158421 -0.641933
v 0.639356 -1.172711 -0.710077
v 0.690482 -1.155184 -0.766858
v 0.730335 -1.102005 -0.811120
v 0.758105 -1.028814 -0.841961
v 0.773225 -0.945816 -0.858754
v 0.775389 -0.854819 -0.861157
v 0.764553 -0.757678 -0.849122
v 0.740936 -0.656369 -0.822892
v 0.477306 -1.108060 -0.429770
v 0.783003 -0.552955 -0.705019
v 0.563812 -1.127246 -0.507660
v 0.641932 -1.158421 -0.578000
v 0.710077 -1.172711 -0.639357
v 0.766857 -1.155184 -0.690482
v 0.811119 -1.102005 -0.730335
v 0.841960 -1.028814 -0.758105
v 0.858754 -0.945816 -0.773226
v 0.861157 -0.854819 -0.775389
v 0.849122 -0.757678 -0.764552
v 0.822892 -0.656369 -0.740935
v 0.519616 -1.108060 -0.377522
v 0.852408 -0.552955 -0.619310
v 0.613789 -1.127246 -0.445944
v 0.698834 -1.158421 -0.507732
v 0.773018 -1.172711 -0.561630
v 0.834832 -1.155184 -0.606541
v 0.883017 -1.102005 -0.641549
v 0.916592 -1.028814 -0.665943
v 0.934874 -0.945816 -0.679225
v 0.937490 -0.854819 -0.681126
v 0.924388 -0.757678 -0.671607
v 0.895833 -0.656369 -0.650861
v 0.556232 -1.108060 -0.321139
v 0.912474 -0.552955 -0.526817
v 0.657041 -1.127246 -0.379341
v 0.748079 -1.158421 -0.431902
v 0.827490 -1.172711 -0.477751
v 0.893660 -1.155184 -0.515954
v 0.945240 -1.102005 -0.545734
v 0.981181 -1.028814 -0.566485
v 1.000751 -0.945815 -0.577783
v 1.003551 -0.854819 -0.579400
v 0.989526 -0.757678 -0.571303
v 0.958959 -0.656369 -0.553655
v 0.586752 -1.108060 -0.261240
v 0.962543 -0.552955 -0.428551
v 0.693093 -1.127246 -0.308586
v 0.789126 -1.158421 -0.351342
v 0.872895 -1.172711 -0.388639
v 0.942696 -1.155184 -0.419716
v 0.997106 -1.102005 -0.443941
v 1.035019 -1.028814 -0.460820
v 1.055663 -0.945816 -0.470012
v 1.058618 -0.854819 -0.471327
v 1.043823 -0.757678 -0.464740
v 1.011579 -0.656369 -0.450384
v 0.610845 -1.108060 -0.198475
v 1.002066 -0.552955 -0.325591
v 0.721553 -1.127246 -0.234446
v 0.821529 -1.158421 -0.266930
v 0.908737 -1.172711 -0.295266
v 0.981404 -1.155184 -0.318877
v 1.038049 -1.102005 -0.337282
v 1.077518 -1.028814 -0.350107
v 1.099010 -0.945816 -0.357090
v 1.102085 -0.854819 -0.358089
v 1.086683 -0.757678 -0.353084
v 1.053115 -0.656369 -0.342178
v 0.628244 -1.108060 -0.133539
v 1.030610 -0.552955 -0.219063
v 0.742106 -1.127246 -0.157741
v 0.844930 -1.158421 -0.179596
v 0.934623 -1.172711 -0.198661
v 1.009359 -1.155184 -0.214546
v 1.067617 -1.102005 -0.226930
v 1.108212 -1.028814 -0.235558
v 1.130315 -0.945816 -0.240256
v 1.133479 -0.854819 -0.240928
v 1.117637 -0.757678 -0.237561
v 1.083113 -0.656369 -0.230223
v 0.638762 -1.108060 -0.067136
v 1.047862 -0.552955 -0.110134
v 0.754529 -1.127246 -0.079304
v 0.859074 -1.158421 -0.090292
v 0.950269 -1.172711 -0.099877
v 1.026256 -1.155184 -0.107864
v 1.085490 -1.102005 -0.114089
v 1.126763 -1.028814 -0.118427
v 1.149237 -0.945816 -0.120790
v 1.152453 -0.854819 -0.121128
v 1.136347 -0.757678 -0.119435
v 1.101245 -0.656369 -0.115745
v 0.642280 -1.108060 -0.000000
v 1.053635 -0.552955 0.000000
v 0.758685 -1.127246 -0.000000
v 0.863806 -1.158421 -0.000000
v 0.955503 -1.172711 -0.000000
v 1.031909 -1.155184 -0.000000
v 1.091469 -1.102005 0.000000
v 1.132970 -1.028814 0.000000
v 1.155567 -0.945816 0.000000
v 1.158801 -0.854819 0.000000
v 1.142606 -0.757678 0.000000
v 1.107311 -0.656369 0.000000
v 0.638762 -1.108060 0.067136
v 1.047862 -0.552955 0.110135
v 0.754529 -1.127246 0.079304
v 0.859074 -1.158421 0.090292
v 0.950268 -1.172711 0.099877
v 1.026256 -1.155184 0.107864
v 1.085489 -1.102005 0.114089
v 1.126763 -1.028814 0.118428
v 1.149237 -0.945815 0.120790
v 1.152453 -0.854819 0.121128
v 1.136346 -0.757678 0.119435
v 1.101245 -0.656369 0.115746
v 0.628244 -1.108060 0.133538
v 1.030610 -0.552955 0.219063
v 0.742106 -1.127246 0.157740
v 0.844930 -1.158421 0.179596
v 0.934623 -1.172711 0.198661
v 1.009359 -1.155185 0.214546
v 1.067617 -1.102005 0.226929
v 1.108212 -1.028814 0.235558
v 1.130315 -0.945816 0.240256
v 1.133479 -0.854819 0.240928
v 1.117637 -0.757678 0.237561
v 1.083113 -0.656369 0.230223
v 0.610845 -1.108060 0.198476
v 1.002066 -0.552955 0.325591
v 0.721552 -1.127246 0.234447
v 0.821528 -1.158421 0.266931
v 0.908737 -1.172711 0.295267
v 0.981404 -1.155184 0.318877
v 1.038048 -1.102005 0.337282
v 1.077518 -1.028814 0.350107
v 1.099010 -0.945816 0.357090
v 1.102085 -0.854819 0.358089
v 1.086683 -0.757678 0.353085
v 1.053115 -0.656369 0.342178
v 0.586752 -1.108060 0.261239
v 0.962543 -0.552955 0.428552
v 0.693094 -1.127246 0.308585
v 0.789126 -1.158421 0.351342
v 0.872896 -1.172711 0.388638
v 0.942696 -1.155184 0.419715
v 0.997106 -1.102005 0.443940
v 1.035019 -1.028814 0.460820
v 1.055663 -0.945815 0.470012
v 1.058618 -0.854819 0.471327
v 1.043823 -0.757678 0.464740
v 1.011579 -0.656369 0.450384
v 0.556231 -1.108060 0.321139
v 0.912474 -0.552955 0.526818
v 0.657041 -1.127246 0.379342
v 0.748078 -1.158421 0.431903
v 0.827490 -1.172711 0.477751
v 0.893659 -1.155184 0.515954
v 0.945240 -1.102005 0.545734
v 0.981181 -1.028814 0.566485
v 1.000751 -0.945815 0.577784
v 1.003551 -0.854819 0.579401
v 0.989525 -0.757678 0.571303
v 0.958959 -0.656369 0.553656
v 0.519616 -1.108060 0.377522
v 0.852408 -0.552955 0.619311
v 0.613789 -1.127246 0.445944
v 0.698834 -1.158421 0.507732
v 0.773018 -1.172711 0.561630
v 0.834832 -1.155184 0.606541
v 0.883017 -1.102005 0.641549
v 0.916592 -1.028814 0.665943
v 0.934874 -0.945816 0.679225
v 0.937490 -0.854819 0.681126
v 0.924388 -0.757678 0.671607
v 0.895833 -0.656369 0.650861
v 0.477308 -1.108060 0.429769
v 0.783003 -0.552955 0.705019
v 0.563813 -1.127246 0.507659
v 0.641934 -1.158421 0.577999
v 0.710077 -1.172711 0.639356
v 0.766858 -1.155184 0.690481
v 0.811120 -1.102005 0.730335
v 0.841961 -1.028814 0.758104
v 0.858754 -0.945815 0.773225
v 0.861157 -0.854819 0.775389
v 0.849122 -0.757678 0.764552
v 0.822892 -0.656369 0.740936
v 0.429770 -1.108060 0.477306
v 0.705019 -0.552955 0.783003
v 0.507660 -1.127246 0.563812
v 0.578000 -1.158421 0.641932
v 0.639357 -1.172711 0.710076
v 0.690482 -1.155184 0.766857
v 0.730335 -1.102005 0.811118
v 0.758105 -1.028814 0.841960
v 0.773226 -0.945815 0.858753
v 0.775389 -0.854819 0.861156
v 0.764553 -0.757678 0.849121
v 0.740936 -0.656369 0.822892
v 0.377522 -1.108060 0.519616
v 0.619311 -0.552954 0.852408
v 0.445944 -1.127246 0.613789
v 0.507732 -1.158421 0.698834
v 0.561630 -1.172711 0.773018
v 0.606541 -1.155184 0.834831
v 0.641549 -1.102005 0.883016
v 0.665943 -1.028814 0.916591
v 0.679226 -0.945815 0.934873
v 0.681127 -0.854819 0.937489
v 0.671607 -0.757678 0.924387
v 0.650861 -0.656369 0.895833
v 0.321141 -1.108060 0.556230
v 0.526818 -0.552954 0.912474
v 0.379343 -1.127246 0.657040
v 0.431904 -1.158421 0.748077
v 0.477752 -1.172711 0.827489
v 0.515955 -1.155184 0.893659
v 0.545735 -1.102005 0.945239
v 0.566485 -1.028814 0.981180
v 0.577784 -0.945815 1.000750
v 0.579401 -0.854819 1.003551
v 0.571303 -0.757678 0.989525
v 0.553656 -0.656369 0.958959
v 0.261239 -1.108060 0.586751
v 0.428552 -0.552954 0.962543
v 0.308586 -1.127246 0.693093
v 0.351342 -1.158421 0.789126
v 0.388639 -1.172711 0.872895
v 0.419716 -1.155184 0.942695
v 0.443941 -1.102005 0.997106
v 0.460821 -1.028814 1.035019
v 0.470012 -0.945815 1.055663
v 0.471328 -0.854819 1.058617
v 0.464740 -0.757678 1.043822
v 0.450384 -0.656369 1.011578
v 0.198476 -1.108060 0.610844
v 0.325592 -0.552954 1.002066
v 0.234447 -1.127246 0.721552
v 0.266931 -1.158421 0.821528
v 0.295267 -1.172711 0.908737
v 0.318878 -1.155184 0.981403
v 0.337283 -1.102005 1.038048
v 0.350108 -1.028814 1.077518
v 0.357091 -0.945815 1.099009
v 0.358090 -0.854819 1.102085
v 0.353085 -0.757678 1.086682
v 0.342179 -0.656369 1.053115
v 0.133539 -1.108060 0.628244
v 0.219064 -0.552954 1.030610
v 0.157741 -1.127246 0.742105
v 0.179597 -1.158421 0.844929
v 0.198662 -1.172711 0.934622
v 0.214547 -1.155184 1.009359
v 0.226930 -1.102005 1.067617
v 0.235559 -1.028814 1.108211
v 0.240257 -0.945815 1.130315
v 0.240929 -0.854819 1.133478
v 0.237562 -0.757678 1.117637
v 0.230224 -0.656369 1.083113
v 0.067137 -1.108060 0.638761
v 0.110136 -0.552954 1.047862
v 0.079305 -1.127246 0.754528
v 0.090293 -1.158421 0.859073
v 0.099878 -1.172711 0.950268
v 0.107865 -1.155184 1.026255
v 0.114091 -1.102005 1.085489
v 0.118429 -1.028814 1.126763
v 0.120791 -0.945815 1.149237
v 0.121129 -0.854819 1.152453
v 0.119436 -0.757678 1.136346
v 0.115747 -0.656369 1.101245
v 0.000001 -1.108060 0.642280
v 0.000001 -0.552955 1.053634
v 0.000001 -1.127246 0.758685
v 0.000001 -1.158421 0.863806
v 0.000001 -1.172711 0.955502
v 0.000001 -1.155184 1.031908
v 0.000001 -1.102005 1.091468
v 0.000001 -1.028814 1.132969
v 0.000001 -0.945815 1.155567
v 0.000001 -0.854819 1.158801
v 0.000001 -0.757678 1.142605
v 0.000001 -0.656369 1.107310
v -0.067136 -1.108060 0.638761
v -0.110133 -0.552955 1.047863
v -0.079304 -1.127246 0.754529
v -0.090292 -1.158421 0.859074
v -0.099876 -1.172711 0.950268
v -0.107863 -1.155184 1.026256
v -0.114088 -1.102005 1.085489
v -0.118426 -1.028814 1.126763
v -0.120788 -0.945815 1.149237
v -0.121126 -0.854819 1.152453
v -0.119433 -0.757678 1.136347
v -0.115744 -0.656369 1.101245
v -0.133538 -1.108060 0.628244
v -0.219061 -0.552954 1.030610
v -0.157740 -1.127246 0.742106
v -0.179595 -1.158421 0.844930
v -0.198660 -1.172711 0.934623
v -0.214545 -1.155184 1.009359
v -0.226928 -1.102005 1.067617
v -0.235556 -1.028814 1.108212
v -0.240255 -0.945815 1.130316
v -0.240927 -0.854819 1.133479
v -0.237560 -0.757678 1.117637
v -0.230221 -0.656369 1.083114
v -0.198473 -1.108060 0.610845
v -0.325589 -0.552954 1.002067
v -0.234444 -1.127246 0.721553
v -0.266928 -1.158421 0.821529
v -0.295264 -1.172711 0.908738
v -0.318875 -1.155184 0.981404
v -0.337280 -1.102005 1.038049
v -0.350105 -1.028814 1.077519
v -0.357088 -0.945815 1.099010
v -0.358087 -0.854819 1.102086
v -0.353083 -0.757678 1.086683
v -0.342176 -0.656369 1.053116
v -0.261237 -1.108060 0.586752
v -0.428550 -0.552955 0.962543
v -0.308583 -1.127246 0.693094
v -0.351339 -1.158421 0.789126
v -0.388636 -1.172711 0.872896
v -0.419713 -1.155184 0.942696
v -0.443938 -1.102005 0.997107
v -0.460818 -1.028814 1.035020
v -0.470010 -0.945815 1.055664
v -0.471325 -0.854819 1.058618
v -0.464738 -0.757678 1.043823
v -0.450382 -0.656369 1.011579
v -0.321139 -1.108060 0.556231
v -0.526816 -0.552955 0.912475
v -0.379342 -1.127246 0.657040
v -0.431902 -1.158421 0.748078
v -0.477750 -1.172711 0.827490
v -0.515953 -1.155184 0.893660
v -0.545733 -1.102005 0.945240
v -0.566483 -1.028814 0.981181
v -0.577782 -0.945815 1.000751
v -0.579399 -0.854819 1.003552
v -0.571301 -0.757678 0.989526
v -0.553654 -0.656369 0.958960
v -0.377522 -1.108060 0.519615
v -0.619309 -0.552954 0.852409
v -0.445943 -1.127246 0.613789
v -0.507732 -1.158421 0.698834
v -0.561629 -1.172711 0.773018
v -0.606539 -1.155184 0.834832
v -0.641548 -1.102005 0.883017
v -0.665941 -1.028814 0.916593
v -0.679224 -0.945815 0.934874
v -0.681124 -0.854819 0.937491
v -0.671605 -0.757678 0.924389
v -0.650859 -0.656369 0.895834
v -0.429768 -1.108060 0.477308
v -0.705017 -0.552954 0.783004
v -0.507658 -1.127246 0.563814
v -0.577998 -1.158421 0.641934
v -0.639355 -1.172711 0.710078
v -0.690480 -1.155184 0.766859
v -0.730333 -1.102005 0.811121
v -0.758103 -1.028814 0.841962
v -0.773224 -0.945815 0.858755
v -0.775388 -0.854819 0.861159
v -0.764551 -0.757678 0.849123
v -0.740934 -0.656369 0.822894
v -0.477305 -1.108060 0.429771
v -0.783001 -0.552954 0.705021
v -0.563811 -1.127246 0.507661
v -0.641931 -1.158421 0.578001
v -0.710075 -1.172711 0.639358
v -0.766856 -1.155184 0.690484
v -0.811117 -1.102005 0.730337
v -0.841959 -1.028814 0.758107
v -0.858752 -0.945815 0.773227
v -0.861155 -0.854819 0.775391
v -0.849120 -0.757678 0.764554
v -0.822890 -0.656369 0.740937
v -0.519614 -1.108060 0.377523
v -0.852407 -0.552954 0.619313
v -0.613788 -1.127246 0.445945
v -0.698832 -1.158421 0.507734
v -0.773017 -1.172711 0.561632
v -0.834830 -1.155184 0.606542
v -0.883015 -1.102005 0.641551
v -0.916590 -1.028814 0.665945
v -0.934872 -0.945815 0.679227
v -0.937488 -0.854819 0.681128
v -0.924386 -0.757678 0.671609
v -0.895832 -0.656369 0.650863
v -0.556229 -1.108060 0.321142
v -0.912473 -0.552954 0.526819
v -0.657039 -1.127246 0.379344
v -0.748076 -1.158421 0.431905
v -0.827488 -1.172711 0.477753
v -0.893658 -1.155184 0.515957
v -0.945238 -1.102005 0.545736
v -0.981179 -1.028814 0.566487
v -1.000749 -0.945815 0.577786
v -1.003550 -0.854819 0.579403
v -0.989524 -0.757678 0.571305
v -0.958958 -0.656369 0.553658
v -0.586751 -1.108060 0.261239
v -0.962542 -0.552954 0.428554
v -0.693093 -1.127246 0.308585
v -0.789125 -1.158421 0.351342
v -0.872894 -1.172711 0.388639
v -0.942694 -1.155184 0.419717
v -0.997105 -1.102005 0.443942
v -1.035018 -1.028814 0.460822
v -1.055662 -0.945815 0.470014
v -1.058616 -0.854819 0.471329
v -1.043821 -0.757678 0.464742
v -1.011577 -0.656369 0.450386
v -0.610843 -1.108060 0.198477
v -1.002065 -0.552954 0.325594
v -0.721551 -1.127246 0.234449
v -0.821527 -1.158421 0.266933
v -0.908736 -1.172711 0.295269
v -0.981402 -1.155184 0.318880
v -1.038047 -1.102005 0.337285
v -1.077517 -1.028814 0.350110
v -1.099008 -0.945815 0.357093
v -1.102084 -0.854819 0.358092
v -1.086681 -0.757678 0.353087
v -1.053114 -0.656369 0.342181
v -0.628244 -1.108060 0.133539
v -1.030609 -0.552955 0.219066
v -0.742105 -1.127246 0.157741
v -0.844929 -1.158421 0.179597
v -0.934622 -1.172711 0.198663
v -1.009358 -1.155184 0.214548
v -1.067616 -1.102005 0.226932
v -1.108210 -1.028814 0.235561
v -1.130314 -0.945815 0.240259
v -1.133477 -0.854819 0.240931
v -1.117636 -0.757678 0.237564
v -1.083112 -0.656369 0.230226
v -0.638761 -1.108060 0.067137
v -1.047862 -0.552955 0.110138
v -0.754529 -1.127246 0.079305
v -0.859074 -1.158421 0.090294
v -0.950268 -1.172711 0.099879
v -1.026256 -1.155185 0.107866
v -1.085489 -1.102005 0.114092
v -1.126763 -1.028814 0.118430
v -1.149236 -0.945816 0.120793
v -1.152453 -0.854819 0.121131
v -1.136346 -0.757678 0.119438
v -1.101244 -0.656369 0.115749
v -0.642280 -1.108060 0.000002
v -1.053634 -0.552955 0.000003
v -0.758685 -1.127246 0.000002
v -0.863806 -1.158421 0.000003
v -0.955503 -1.172711 0.000003
v -1.031909 -1.155185 0.000003
v -1.091468 -1.102005 0.000003
v -1.132969 -1.028814 0.000003
v -1.155567 -0.945816 0.000003
v -1.158801 -0.854819 0.000003
v -1.142606 -0.757678 0.000003
v -1.107311 -0.656369 0.000003
v -0.638761 -1.108060 -0.067135
v -1.047863 -0.552955 -0.110131
v -0.754529 -1.127246 -0.079302
v -0.859074 -1.158421 -0.090290
v -0.950268 -1.172711 -0.099875
v -1.026256 -1.155184 -0.107861
v -1.085489 -1.102005 -0.114086
v -1.126763 -1.028814 -0.118424
v -1.149237 -0.945816 -0.120786
v -1.152453 -0.854819 -0.121124
v -1.136347 -0.757678 -0.119431
v -1.101245 -0.656369 -0.115742
v -0.628245 -1.108060 -0.133536
v -1.030610 -0.552955 -0.219059
v -0.742106 -1.127246 -0.157737
v -0.844930 -1.158421 -0.179593
v -0.934623 -1.172711 -0.198657
v -1.009360 -1.155184 -0.214543
v -1.067618 -1.102005 -0.226926
v -1.108212 -1.028814 -0.235554
v -1.130316 -0.945816 -0.240252
v -1.133479 -0.854819 -0.240925
v -1.117638 -0.757678 -0.237558
v -1.083114 -0.656369 -0.230219
v -0.610845 -1.108060 -0.198474
v -1.002067 -0.552955 -0.325587
v -0.721553 -1.127246 -0.234445
v -0.821529 -1.158421 -0.266928
v -0.908738 -1.172711 -0.295264
v -0.981404 -1.155184 -0.318874
v -1.038049 -1.102005 -0.337279
v -1.077519 -1.028814 -0.350103
v -1.099011 -0.945815 -0.357086
v -1.102086 -0.854819 -0.358086
v -1.086684 -0.757678 -0.353081
v -1.053116 -0.656369 -0.342174
v -0.586752 -1.108060 -0.261237
v -0.962544 -0.552955 -0.428548
v -0.693094 -1.127246 -0.308583
v -0.789127 -1.158421 -0.351339
v -0.872896 -1.172711 -0.388635
v -0.942697 -1.155184 -0.419712
v -0.997108 -1.102005 -0.443937
v -1.035021 -1.028814 -0.460817
v -1.055665 -0.945815 -0.470008
v -1.058619 -0.854819 -0.471323
v -1.043824 -0.757678 -0.464736
v -1.011580 -0.656369 -0.450380
v -0.556232 -1.108060 -0.321138
v -0.912476 -0.552955 -0.526814
v -0.657042 -1.127246 -0.379340
v -0.748079 -1.158421 -0.431900
v -0.827491 -1.172711 -0.477749
v -0.893661 -1.155184 -0.515951
v -0.945241 -1.102005 -0.545731
v -0.981182 -1.028814 -0.566481
v -1.000752 -0.945816 -0.577780
v -1.003553 -0.854819 -0.579397
v -0.989527 -0.757678 -0.571299
v -0.958961 -0.656369 -0.553652
v -0.519617 -1.108060 -0.377521
v -0.852410 -0.552955 -0.619307
v -0.613791 -1.127246 -0.445942
v -0.698835 -1.158421 -0.507730
v -0.773020 -1.172711 -0.561628
v -0.834834 -1.155184 -0.606538
v -0.883019 -1.102005 -0.641546
v -0.916594 -1.028814 -0.665940
v -0.934876 -0.945815 -0.679222
v -0.937492 -0.854819 -0.681123
v -0.924390 -0.757678 -0.671603
v -0.895835 -0.656369 -0.650858
v -0.477308 -1.108060 -0.429767
v -0.783005 -0.552955 -0.705016
v -0.563815 -1.127246 -0.507657
v -0.641935 -1.158421 -0.577997
v -0.710079 -1.172711 -0.639354
v -0.766860 -1.155184 -0.690479
v -0.811122 -1.102005 -0.730332
v -0.841963 -1.028814 -0.758102
v -0.858756 -0.945816 -0.773222
v -0.861160 -0.854819 -0.775386
v -0.849124 -0.757678 -0.764549
v -0.822895 -0.656369 -0.740932
v -0.429770 -1.108060 -0.477306
v -0.705022 -0.552955 -0.783000
v -0.507661 -1.127246 -0.563812
v -0.578001 -1.158421 -0.641931
v -0.639358 -1.172711 -0.710075
v -0.690484 -1.155184 -0.766856
v -0.730337 -1.102005 -0.811117
v -0.758107 -1.028814 -0.841958
v -0.773228 -0.945816 -0.858751
v -0.775392 -0.854819 -0.861154
v -0.764555 -0.757678 -0.849119
v -0.740938 -0.656369 -0.822889
v -0.377525 -1.108060 -0.519614
v -0.619314 -0.552955 -0.852405
v -0.445947 -1.127246 -0.613787
v -0.507735 -1.158421 -0.698831
v -0.561634 -1.172711 -0.773016
v -0.606544 -1.155184 -0.834829
v -0.641553 -1.102005 -0.883014
v -0.665946 -1.028814 -0.916589
v -0.679229 -0.945816 -0.934871
v -0.681130 -0.854819 -0.937487
v -0.671610 -0.757678 -0.924385
v -0.650864 -0.656369 -0.895830
v -0.321143 -1.108060 -0.556229
v -0.526821 -0.552955 -0.912472
v -0.379346 -1.127246 -0.657039
v -0.431906 -1.158421 -0.748076
v -0.477755 -1.172711 -0.827488
v -0.515958 -1.155184 -0.893657
v -0.545738 -1.102005 -0.945237
v -0.566489 -1.028814 -0.981178
v -0.577788 -0.945816 -1.000748
v -0.579405 -0.854819 -1.003549
v -0.571307 -0.757678 -0.989523
v -0.553659 -0.656369 -0.958957
v -0.261240 -1.108060 -0.586751
v -0.428556 -0.552955 -0.962541
v -0.308587 -1.127246 -0.693092
v -0.351344 -1.158421 -0.789125
v -0.388641 -1.172711 -0.872894
v -0.419718 -1.155184 -0.942694
v -0.443944 -1.102005 -0.997104
v -0.460824 -1.028814 -1.035017
v -0.470016 -0.945816 -1.055661
v -0.471331 -0.854819 -1.058616
v -0.464744 -0.757678 -1.043820
v -0.450388 -0.656369 -1.011577
v -0.198477 -1.108060 -0.610844
v -0.325595 -0.552955 -1.002065
v -0.234449 -1.127246 -0.721552
v -0.266934 -1.158421 -0.821528
v -0.295270 -1.172711 -0.908736
v -0.318881 -1.155184 -0.981403
v -0.337286 -1.102005 -1.038047
v -0.350111 -1.028814 -1.077517
v -0.357094 -0.945816 -1.099008
v -0.358094 -0.854819 -1.102084
v -0.353089 -0.757678 -1.086681
v -0.342182 -0.656369 -1.053114
v -0.133540 -1.108060 -0.628244
v -0.219067 -0.552955 -1.030609
v -0.157743 -1.127246 -0.742105
v -0.179599 -1.158421 -0.844929
v -0.198664 -1.172711 -0.934622
v -0.214550 -1.155184 -1.009358
v -0.226934 -1.102005 -1.067617
v -0.235562 -1.028814 -1.108211
v -0.240261 -0.945815 -1.130314
v -0.240933 -0.854819 -1.133478
v -0.237566 -0.757678 -1.117636
v -0.230228 -0.656369 -1.083112
v -0.067141 -1.108060 -0.638761
v -0.110139 -0.552955 -1.047862
v -0.079309 -1.127246 -0.754529
v -0.090297 -1.158421 -0.859074
v -0.099882 -1.172711 -0.950268
v -0.107869 -1.155184 -1.026255
v -0.114095 -1.102005 -1.085489
v -0.118433 -1.028814 -1.126763
v -0.120795 -0.945816 -1.149236
v -0.121133 -0.854819 -1.152453
v -0.119440 -0.757678 -1.136346
v -0.115750 -0.656369 -1.101244
v -0.139541 0.081751 -0.656474
v -0.207397 0.081751 -0.638292
v -0.272980 0.081751 -0.613116
v -0.335573 0.081751 -0.581223
v -0.394489 0.081751 -0.542963
v -0.449083 0.081751 -0.498753
v -0.498757 0.081751 -0.449079
v -0.542966 0.081751 -0.394485
v -0.581227 0.081751 -0.335568
v -0.613119 0.081751 -0.272975
v -0.638294 0.081751 -0.207391
v -0.656476 0.081751 -0.139536
v -0.667465 0.081751 -0.070151
v -0.671141 0.081751 0.000002
v -0.667465 0.081751 0.070156
v -0.656475 0.081751 0.139540
v -0.638293 0.081751 0.207396
v -0.613117 0.081751 0.272980
v -0.581225 0.081751 0.335573
v -0.542964 0.081751 0.394489
v -0.498754 0.081751 0.449083
v -0.449080 0.081751 0.498757
v -0.394486 0.081751 0.542966
v -0.335570 0.081751 0.581227
v -0.272977 0.081751 0.613119
v -0.207393 0.081751 0.638294
v -0.139537 0.081751 0.656476
v -0.070153 0.081751 0.667465
v 0.000001 0.081751 0.671142
v 0.070154 0.081751 0.667465
v 0.139539 0.081751 0.656476
v 0.207394 0.081751 0.638294
v 0.272978 0.081751 0.613119
v 0.335571 0.081751 0.581226
v 0.394487 0.081751 0.542965
v 0.449081 0.081751 0.498756
v 0.498755 0.081751 0.449082
v 0.542965 0.081751 0.394488
v 0.581225 0.081751 0.335571
v 0.613118 0.081751 0.272978
v 0.638293 0.081751 0.207395
v 0.656475 0.081751 0.139539
v 0.667465 0.081751 0.070154
v 0.671141 0.081751 0.000001
v 0.667465 0.081751 -0.070153
v 0.656475 0.081751 -0.139538
v 0.638293 0.081751 -0.207393
v 0.613118 0.081751 -0.272977
v 0.581225 0.081751 -0.335570
v 0.542965 0.081751 -0.394486
v 0.498755 0.081751 -0.449081
v 0.449081 0.081751 -0.498755
v 0.394487 0.081751 -0.542964
v 0.335571 0.081751 -0.581225
v 0.272978 0.081751 -0.613118
v 0.207394 0.081751 -0.638293
v 0.139538 0.081751 -0.656475
v -0.070156 0.081751 -0.667464
v 0.070153 0.081751 -0.667464
v -0.000000 0.081751 -0.671141
vn -0.0000 -0.9964 0.0843
vn -0.0088 -0.9964 0.0838
vn -0.0175 -0.9964 0.0824
vn -0.0260 -0.9964 0.0802
vn -0.0343 -0.9964 0.0770
vn -0.0421 -0.9964 0.0730
vn -0.0495 -0.9964 0.0682
vn -0.0564 -0.9964 0.0626
vn -0.0626 -0.9964 0.0564
vn -0.0682 -0.9964 0.0495
vn -0.0730 -0.9964 0.0421
vn -0.0770 -0.9964 0.0343
vn -0.0802 -0.9964 0.0260
vn -0.0824 -0.9964 0.0175
vn -0.0838 -0.9964 0.0088
vn -0.0843 -0.9964 -0.0000
vn -0.0838 -0.9964 -0.0088
vn -0.0824 -0.9964 -0.0175
vn -0.0802 -0.9964 -0.0260
vn -0.0770 -0.9964 -0.0343
vn -0.0730 -0.9964 -0.0421
vn -0.0682 -0.9964 -0.0495
vn -0.0626 -0.9964 -0.0564
vn -0.0564 -0.9964 -0.0626
vn -0.0495 -0.9964 -0.0682
vn -0.0421 -0.9964 -0.0730
vn -0.0343 -0.9964 -0.0770
vn -0.0260 -0.9964 -0.0802
vn -0.0175 -0.9964 -0.0824
vn -0.0088 -0.9964 -0.0838
vn -0.0000 -0.9964 -0.0843
vn 0.0088 -0.9964 -0.0838
vn 0.0175 -0.9964 -0.0824
vn 0.0260 -0.9964 -0.0802
vn 0.0343 -0.9964 -0.0770
vn 0.0421 -0.9964 -0.0730
vn 0.0495 -0.9964 -0.0682
vn 0.0564 -0.9964 -0.0626
vn 0.0626 -0.9964 -0.0564
vn 0.0682 -0.9964 -0.0495
vn 0.0730 -0.9964 -0.0421
vn 0.0770 -0.9964 -0.0343
vn 0.0802 -0.9964 -0.0260
vn 0.0824 -0.9964 -0.0175
vn 0.0838 -0.9964 -0.0088
vn 0.0843 -0.9964 -0.0000
vn 0.0838 -0.9964 0.0088
vn 0.0824 -0.9964 0.0175
vn 0.0802 -0.9964 0.0260
vn 0.0770 -0.9964 0.0343
vn 0.0730 -0.9964 0.0421
vn 0.0682 -0.9964 0.0495
vn 0.0626 -0.9964 0.0564
vn 0.0564 -0.9964 0.0626
vn 0.0495 -0.9964 0.0682
vn 0.0421 -0.9964 0.0730
vn 0.0343 -0.9964 0.0770
vn 0.0260 -0.9964 0.0802
vn 0.0175 -0.9964 0.0824
vn 0.0088 -0.9964 0.0838
vn -0.0000 0.4882 -0.8727
vn 0.0912 0.4882 -0.8679
vn 0.0960 0.3950 -0.9137
vn -0.0000 0.3950 -0.9187
vn 0.1013 0.2469 -0.9637
vn -0.0000 0.2469 -0.9690
vn 0.1043 0.0646 -0.9924
vn -0.0000 0.0646 -0.9979
vn 0.1034 -0.1495 -0.9833
vn -0.0000 -0.1495 -0.9888
vn 0.0967 -0.3795 -0.9201
vn -0.0000 -0.3795 -0.9252
vn 0.0816 -0.6253 -0.7761
vn -0.0000 -0.6253 -0.7804
vn 0.0487 -0.8849 -0.4632
vn -0.0000 -0.8849 -0.4658
vn 0.0044 -0.9991 -0.0415
vn -0.0000 -0.9991 -0.0417
vn -0.0227 -0.9761 0.2163
vn -0.0000 -0.9761 0.2175
vn -0.0236 -0.9742 0.2246
vn -0.0000 -0.9742 0.2259
vn 0.1814 0.4882 -0.8537
vn 0.1910 0.3950 -0.8986
vn 0.2015 0.2469 -0.9479
vn 0.2075 0.0646 -0.9761
vn 0.2056 -0.1495 -0.9671
vn 0.1924 -0.3795 -0.9050
vn 0.1623 -0.6253 -0.7633
vn 0.0968 -0.8849 -0.4556
vn 0.0087 -0.9991 -0.0408
vn -0.0452 -0.9761 0.2128
vn -0.0470 -0.9742 0.2209
vn 0.2697 0.4882 -0.8300
vn 0.2839 0.3950 -0.8737
vn 0.2994 0.2469 -0.9216
vn 0.3084 0.0646 -0.9491
vn 0.3055 -0.1495 -0.9404
vn 0.2859 -0.3795 -0.8799
vn 0.2412 -0.6253 -0.7422
vn 0.1439 -0.8849 -0.4430
vn 0.0129 -0.9991 -0.0397
vn -0.0672 -0.9761 0.2069
vn -0.0698 -0.9742 0.2148
vn 0.3550 0.4882 -0.7973
vn 0.3737 0.3950 -0.8393
vn 0.3941 0.2469 -0.8853
vn 0.4059 0.0646 -0.9116
vn 0.4022 -0.1495 -0.9033
vn 0.3763 -0.3795 -0.8452
vn 0.3174 -0.6253 -0.7129
vn 0.1894 -0.8849 -0.4255
vn 0.0170 -0.9991 -0.0381
vn -0.0885 -0.9761 0.1987
vn -0.0919 -0.9742 0.2064
vn 0.4364 0.4882 -0.7558
vn 0.4593 0.3950 -0.7956
vn 0.4845 0.2469 -0.8392
vn 0.4990 0.0646 -0.8642
vn 0.4944 -0.1495 -0.8563
vn 0.4626 -0.3795 -0.8012
vn 0.3902 -0.6253 -0.6758
vn 0.2329 -0.8849 -0.4034
vn 0.0209 -0.9991 -0.0361
vn -0.1088 -0.9761 0.1884
vn -0.1129 -0.9742 0.1956
vn 0.5130 0.4882 -0.7060
vn 0.5400 0.3950 -0.7432
vn 0.5696 0.2469 -0.7840
vn 0.5866 0.0646 -0.8073
vn 0.5812 -0.1495 -0.7999
vn 0.5438 -0.3795 -0.7485
vn 0.4587 -0.6253 -0.6314
vn 0.2738 -0.8849 -0.3768
vn 0.0245 -0.9991 -0.0338
vn -0.1279 -0.9761 0.1760
vn -0.1328 -0.9742 0.1827
vn 0.5840 0.4882 -0.6486
vn 0.6147 0.3950 -0.6827
vn 0.6484 0.2469 -0.7201
vn 0.6677 0.0646 -0.7416
vn 0.6616 -0.1495 -0.7348
vn 0.6191 -0.3795 -0.6876
vn 0.5222 -0.6253 -0.5799
vn 0.3117 -0.8849 -0.3461
vn 0.0279 -0.9991 -0.0310
vn -0.1455 -0.9761 0.1616
vn -0.1511 -0.9742 0.1679
vn 0.6486 0.4882 -0.5840
vn 0.6827 0.3950 -0.6147
vn 0.7201 0.2469 -0.6484
vn 0.7416 0.0646 -0.6677
vn 0.7348 -0.1495 -0.6616
vn 0.6876 -0.3795 -0.6191
vn 0.5799 -0.6253 -0.5222
vn 0.3461 -0.8849 -0.3117
vn 0.0310 -0.9991 -0.0279
vn -0.1616 -0.9761 0.1455
vn -0.1679 -0.9742 0.1511
vn 0.7060 0.4882 -0.5130
vn 0.7432 0.3950 -0.5400
vn 0.7840 0.2469 -0.5696
vn 0.8073 0.0646 -0.5866
vn 0.7999 -0.1495 -0.5812
vn 0.7485 -0.3795 -0.5438
vn 0.6313 -0.6253 -0.4587
vn 0.3768 -0.8849 -0.2738
vn 0.0338 -0.9991 -0.0245
vn -0.1760 -0.9761 0.1279
vn -0.1827 -0.9742 0.1328
vn 0.7558 0.4882 -0.4364
vn 0.7956 0.3950 -0.4593
vn 0.8392 0.2469 -0.4845
vn 0.8642 0.0646 -0.4990
vn 0.8563 -0.1495 -0.4944
vn 0.8012 -0.3795 -0.4626
vn 0.6758 -0.6253 -0.3902
vn 0.4034 -0.8849 -0.2329
vn 0.0361 -0.9991 -0.0209
vn -0.1884 -0.9761 0.1088
vn -0.1956 -0.9742 0.1129
vn 0.7973 0.4882 -0.3550
vn 0.8393 0.3950 -0.3737
vn 0.8853 0.2469 -0.3941
vn 0.9116 0.0646 -0.4059
vn 0.9033 -0.1495 -0.4022
vn 0.8452 -0.3795 -0.3763
vn 0.7129 -0.6253 -0.3174
vn 0.4255 -0.8849 -0.1894
vn 0.0381 -0.9991 -0.0170
vn -0.1987 -0.9761 0.0885
vn -0.2064 -0.9742 0.0919
vn 0.8300 0.4882 -0.2697
vn 0.8737 0.3950 -0.2839
vn 0.9216 0.2469 -0.2994
vn 0.9491 0.0646 -0.3084
vn 0.9404 -0.1495 -0.3055
vn 0.8799 -0.3795 -0.2859
vn 0.7422 -0.6253 -0.2412
vn 0.4430 -0.8849 -0.1439
vn 0.0397 -0.9991 -0.0129
vn -0.2069 -0.9761 0.0672
vn -0.2148 -0.9742 0.0698
vn 0.8537 0.4882 -0.1814
vn 0.8986 0.3950 -0.1910
vn 0.9479 0.2469 -0.2015
vn 0.9761 0.0646 -0.2075
vn 0.9671 -0.1495 -0.2056
vn 0.9050 -0.3795 -0.1924
vn 0.7633 -0.6253 -0.1623
vn 0.4556 -0.8849 -0.0968
vn 0.0408 -0.9991 -0.0087
vn -0.2128 -0.9761 0.0452
vn -0.2209 -0.9742 0.0470
vn 0.8679 0.4882 -0.0912
vn 0.9137 0.3950 -0.0960
vn 0.9637 0.2469 -0.1013
vn 0.9924 0.0646 -0.1043
vn 0.9833 -0.1495 -0.1034
vn 0.9201 -0.3795 -0.0967
vn 0.7761 -0.6253 -0.0816
vn 0.4632 -0.8849 -0.0487
vn 0.0415 -0.9991 -0.0044
vn -0.2163 -0.9761 0.0227
vn -0.2246 -0.9742 0.0236
vn 0.8727 0.4882 -0.0000
vn 0.9187 0.3950 -0.0000
vn 0.9690 0.2469 -0.0000
vn 0.9979 0.0646 -0.0000
vn 0.9888 -0.1495 -0.0000
vn 0.9252 -0.3795 -0.0000
vn 0.7804 -0.6253 -0.0000
vn 0.4658 -0.8849 -0.0000
vn 0.0417 -0.9991 -0.0000
vn -0.2175 -0.9761 -0.0000
vn -0.2259 -0.9742 -0.0000
vn 0.8679 0.4882 0.0912
vn 0.9137 0.3950 0.0960
vn 0.9637 0.2469 0.1013
vn 0.9924 0.0646 0.1043
vn 0.9833 -0.1495 0.1034
vn 0.9201 -0.3795 0.0967
vn 0.7761 -0.6253 0.0816
vn 0.4632 -0.8849 0.0487
vn 0.0415 -0.9991 0.0044
vn -0.2163 -0.9761 -0.0227
vn -0.2246 -0.9742 -0.0236
vn 0.8537 0.4882 0.1814
vn 0.8986 0.3950 0.1910
vn 0.9479 0.2469 0.2015
vn 0.9761 0.0646 0.2075
vn 0.9671 -0.1495 0.2056
vn 0.9050 -0.3795 0.1924
vn 0.7633 -0.6253 0.1623
vn 0.4556 -0.8849 0.0968
vn 0.0408 -0.9991 0.0087
vn -0.2128 -0.9761 -0.0452
vn -0.2209 -0.9742 -0.0470
vn 0.8300 0.4882 0.2697
vn 0.8737 0.3950 0.2839
vn 0.9216 0.2469 0.2994
vn 0.9491 0.0646 0.3084
vn 0.9404 -0.1495 0.3055
vn 0.8799 -0.3795 0.2859
vn 0.7422 -0.6253 0.2412
vn 0.4430 -0.8849 0.1439
vn 0.0397 -0.9991 0.0129
vn -0.2069 -0.9761 -0.0672
vn -0.2148 -0.9742 -0.0698
vn 0.7973 0.4882 0.3550
vn 0.8393 0.3950 0.3737
vn 0.8853 0.2469 0.3941
vn 0.9116 0.0646 0.4059
vn 0.9033 -0.1495 0.4022
vn 0.8452 -0.3795 0.3763
vn 0.7129 -0.6253 0.3174
vn 0.4255 -0.8849 0.1894
vn 0.0381 -0.9991 0.0170
vn -0.1987 -0.9761 -0.0885
vn -0.2064 -0.9742 -0.0919
vn 0.7558 0.4882 0.4364
vn 0.7956 0.3950 0.4593
vn 0.8392 0.2469 0.4845
vn 0.8642 0.0646 0.4990
vn 0.8563 -0.1495 0.4944
vn 0.8012 -0.3795 0.4626
vn 0.6758 -0.6253 0.3902
vn 0.4034 -0.8849 0.2329
vn 0.0361 -0.9991 0.0209
vn -0.1884 -0.9761 -0.1088
vn -0.1956 -0.9742 -0.1129
vn 0.7060 0.4882 0.5130
vn 0.7432 0.3950 0.5400
vn 0.7840 0.2469 0.5696
vn 0.8073 0.0646 0.5866
vn 0.7999 -0.1495 0.5812
vn 0.7485 -0.3795 0.5438
vn 0.6313 -0.6253 0.4587
vn 0.3768 -0.8849 0.2738
vn 0.0338 -0.9991 0.0245
vn -0.1760 -0.9761 -0.1279
vn -0.1827 -0.9742 -0.1328
vn 0.6486 0.4882 0.5840
vn 0.6827 0.3950 0.6147
vn 0.7201 0.2469 0.6484
vn 0.7416 0.0646 0.6677
vn 0.7348 -0.1495 0.6616
vn 0.6876 -0.3795 0.6191
vn 0.5799 -0.6253 0.5222
vn 0.3461 -0.8849 0.3117
vn 0.0310 -0.9991 0.0279
vn -0.1616 -0.9761 -0.1455
vn -0.1679 -0.9742 -0.1511
vn 0.5840 0.4882 0.6486
vn 0.6147 0.3950 0.6827
vn 0.6484 0.2469 0.7201
vn 0.6677 0.0646 0.7416
vn 0.6616 -0.1495 0.7348
vn 0.6191 -0.3795 0.6876
vn 0.5222 -0.6253 0.5799
vn 0.3117 -0.8849 0.3461
vn 0.0279 -0.9991 0.0310
vn -0.1455 -0.9761 -0.1616
vn -0.1511 -0.9742 -0.1679
vn 0.5130 0.4882 0.7060
vn 0.5400 0.3950 0.7432
vn 0.5696 0.2469 0.7840
vn 0.5866 0.0646 0.8073
vn 0.5812 -0.1495 0.7999
vn 0.5438 -0.3795 0.7485
vn 0.4587 -0.6253 0.6313
vn 0.2738 -0.8849 0.3768
vn 0.0245 -0.9991 0.0338
vn -0.1279 -0.9761 -0.1760
vn -0.1328 -0.9742 -0.1827
vn 0.4364 0.4882 0.7558
vn 0.4593 0.3950 0.7956
vn 0.4845 0.2469 0.8392
vn 0.4990 0.0646 0.8642
vn 0.4944 -0.1495 0.8563
vn 0.4626 -0.3795 0.8012
vn 0.3902 -0.6253 0.6758
vn 0.2329 -0.8849 0.4034
vn 0.0209 -0.9991 0.0361
vn -0.1088 -0.9761 -0.1884
vn -0.1129 -0.9742 -0.1956
vn 0.3550 0.4882 0.7973
vn 0.3737 0.3950 0.8393
vn 0.3941 0.2469 0.8853
vn 0.4059 0.0646 0.9116
vn 0.4022 -0.1495 0.9033
vn 0.3763 -0.3795 0.8452
vn 0.3174 -0.6253 0.7129
vn 0.1894 -0.8849 0.4255
vn 0.0170 -0.9991 0.0381
vn -0.0885 -0.9761 -0.1987
vn -0.0919 -0.9742 -0.2064
vn 0.2697 0.4882 0.8300
vn 0.2839 0.3950 0.8737
vn 0.2994 0.2469 0.9216
vn 0.3084 0.0646 0.9491
vn 0.3055 -0.1495 0.9404
vn 0.2859 -0.3795 0.8799
vn 0.2412 -0.6253 0.7422
vn 0.1439 -0.8849 0.4430
vn 0.0129 -0.9991 0.0397
vn -0.0672 -0.9761 -0.2069
vn -0.0698 -0.9742 -0.2148
vn 0.1815 0.4882 0.8537
vn 0.1910 0.3950 0.8986
vn 0.2015 0.2469 0.9479
vn 0.2075 0.0646 0.9761
vn 0.2056 -0.1495 0.9671
vn 0.1924 -0.3795 0.9050
vn 0.1623 -0.6253 0.7633
vn 0.0968 -0.8849 0.4556
vn 0.0087 -0.9991 0.0408
vn -0.0452 -0.9761 -0.2128
vn -0.0470 -0.9742 -0.2209
vn 0.0912 0.4882 0.8679
vn 0.0960 0.3950 0.9137
vn 0.1013 0.2469 0.9637
vn 0.1043 0.0646 0.9924
vn 0.1034 -0.1495 0.9833
vn 0.0967 -0.3795 0.9201
vn 0.0816 -0.6253 0.7761
vn 0.0487 -0.8849 0.4632
vn 0.0044 -0.9991 0.0415
vn -0.0227 -0.9761 -0.2163
vn -0.0236 -0.9742 -0.2246
vn -0.0000 0.4882 0.8727
vn -0.0000 0.3950 0.9187
vn -0.0000 0.2469 0.9690
vn -0.0000 0.0646 0.9979
vn -0.0000 -0.1495 0.9888
vn -0.0000 -0.3795 0.9252
vn -0.0000 -0.6253 0.7804
vn -0.0000 -0.8849 0.4658
vn -0.0000 -0.9991 0.0417
vn -0.0000 -0.9761 -0.2175
vn -0.0000 -0.9742 -0.2259
vn -0.0912 0.4882 0.8679
vn -0.0960 0.3950 0.9137
vn -0.1013 0.2469 0.9637
vn -0.1043 0.0646 0.9924
vn -0.1034 -0.1495 0.9833
vn -0.0967 -0.3795 0.9201
vn -0.0816 -0.6253 0.7761
vn -0.0487 -0.8849 0.4632
vn -0.0044 -0.9991 0.0415
vn 0.0227 -0.9761 -0.2163
vn 0.0236 -0.9742 -0.2246
vn -0.1814 0.4882 0.8537
vn -0.1910 0.3950 0.8986
vn -0.2015 0.2469 0.9479
vn -0.2075 0.0646 0.9761
vn -0.2056 -0.1495 0.9671
vn -0.1924 -0.3795 0.9050
vn -0.1623 -0.6253 0.7633
vn -0.0968 -0.8849 0.4556
vn -0.0087 -0.9991 0.0408
vn 0.0452 -0.9761 -0.2128
vn 0.0470 -0.9742 -0.2209
vn -0.2697 0.4882 0.8300
vn -0.2839 0.3950 0.8737
vn -0.2994 0.2469 0.9216
vn -0.3084 0.0646 0.9491
vn -0.3055 -0.1495 0.9404
vn -0.2859 -0.3795 0.8799
vn -0.2412 -0.6253 0.7422
vn -0.1439 -0.8849 0.4430
vn -0.0129 -0.9991 0.0397
vn 0.0672 -0.9761 -0.2069
vn 0.0698 -0.9742 -0.2148
vn -0.3550 0.4882 0.7973
vn -0.3737 0.3950 0.8393
vn -0.3941 0.2469 0.8853
vn -0.4059 0.0646 0.9116
vn -0.4022 -0.1495 0.9033
vn -0.3763 -0.3795 0.8452
vn -0.3174 -0.6253 0.7129
vn -0.1894 -0.8849 0.4255
vn -0.0170 -0.9991 0.0381
vn 0.0885 -0.9761 -0.1987
vn 0.0919 -0.9742 -0.2064
vn -0.4364 0.4882 0.7558
vn -0.4593 0.3950 0.7956
vn -0.4845 0.2469 0.8392
vn -0.4990 0.0646 0.8642
vn -0.4944 -0.1495 0.8563
vn -0.4626 -0.3795 0.8012
vn -0.3902 -0.6253 0.6758
vn -0.2329 -0.8849 0.4034
vn -0.0209 -0.9991 0.0361
vn 0.1088 -0.9761 -0.1884
vn 0.1129 -0.9742 -0.1956
vn -0.5130 0.4882 0.7061
vn -0.5400 0.3950 0.7432
vn -0.5696 0.2469 0.7840
vn -0.5866 0.0646 0.8073
vn -0.5812 -0.1495 0.7999
vn -0.5438 -0.3795 0.7485
vn -0.4587 -0.6253 0.6314
vn -0.2738 -0.8849 0.3768
vn -0.0245 -0.9991 0.0338
vn 0.1279 -0.9761 -0.1760
vn 0.1328 -0.9742 -0.1827
vn -0.5840 0.4882 0.6486
vn -0.6147 0.3950 0.6827
vn -0.6484 0.2469 0.7201
vn -0.6677 0.0646 0.7416
vn -0.6616 -0.1495 0.7348
vn -0.6191 -0.3795 0.6876
vn -0.5222 -0.6253 0.5799
vn -0.3117 -0.8849 0.3461
vn -0.0279 -0.9991 0.0310
vn 0.1455 -0.9761 -0.1616
vn 0.1511 -0.9742 -0.1679
vn -0.6486 0.4882 0.5840
vn -0.6827 0.3950 0.6147
vn -0.7201 0.2469 0.6484
vn -0.7416 0.0646 0.6677
vn -0.7348 -0.1495 0.6616
vn -0.6876 -0.3795 0.6191
vn -0.5799 -0.6253 0.5222
vn -0.3461 -0.8849 0.3117
vn -0.0310 -0.9991 0.0279
vn 0.1616 -0.9761 -0.1455
vn 0.1679 -0.9742 -0.1511
vn -0.7060 0.4882 0.5130
vn -0.7432 0.3950 0.5400
vn -0.7840 0.2469 0.5696
vn -0.8073 0.0646 0.5866
vn -0.7999 -0.1495 0.5812
vn -0.7485 -0.3795 0.5438
vn -0.6313 -0.6253 0.4587
vn -0.3768 -0.8849 0.2738
vn -0.0338 -0.9991 0.0245
vn 0.1760 -0.9761 -0.1279
vn 0.1827 -0.9742 -0.1328
vn -0.7558 0.4882 0.4364
vn -0.7956 0.3950 0.4593
vn -0.8392 0.2469 0.4845
vn -0.8642 0.0646 0.4990
vn -0.8563 -0.1495 0.4944
vn -0.8012 -0.3795 0.4626
vn -0.6758 -0.6253 0.3902
vn -0.4034 -0.8849 0.2329
vn -0.0361 -0.9991 0.0209
vn 0.1884 -0.9761 -0.1088
vn 0.1956 -0.9742 -0.1129
vn -0.7973 0.4882 0.3550
vn -0.8393 0.3950 0.3737
vn -0.8853 0.2469 0.3941
vn -0.9116 0.0646 0.4059
vn -0.9033 -0.1495 0.4022
vn -0.8452 -0.3795 0.3763
vn -0.7129 -0.6253 0.3174
vn -0.4255 -0.8849 0.1894
vn -0.0381 -0.9991 0.0170
vn 0.1987 -0.9761 -0.0885
vn 0.2064 -0.9742 -0.0919
vn -0.8300 0.4882 0.2697
vn -0.8737 0.3950 0.2839
vn -0.9216 0.2469 0.2994
vn -0.9491 0.0646 0.3084
vn -0.9404 -0.1495 0.3055
vn -0.8799 -0.3795 0.2859
vn -0.7422 -0.6253 0.2412
vn -0.4430 -0.8849 0.1439
vn -0.0397 -0.9991 0.0129
vn 0.2069 -0.9761 -0.0672
vn 0.2148 -0.9742 -0.0698
vn -0.8537 0.4882 0.1815
vn -0.8986 0.3950 0.1910
vn -0.9479 0.2469 0.2015
vn -0.9761 0.0646 0.2075
vn -0.9671 -0.1495 0.2056
vn -0.9050 -0.3795 0.1924
vn -0.7633 -0.6253 0.1623
vn -0.4556 -0.8849 0.0968
vn -0.0408 -0.9991 0.0087
vn 0.2128 -0.9761 -0.0452
vn 0.2209 -0.9742 -0.0470
vn -0.8679 0.4882 0.0912
vn -0.9137 0.3950 0.0960
vn -0.9637 0.2469 0.1013
vn -0.9924 0.0646 0.1043
vn -0.9833 -0.1495 0.1034
vn -0.9201 -0.3795 0.0967
vn -0.7761 -0.6253 0.0816
vn -0.4632 -0.8849 0.0487
vn -0.0415 -0.9991 0.0044
vn 0.2163 -0.9761 -0.0227
vn 0.2246 -0.9742 -0.0236
vn -0.8727 0.4882 -0.0000
vn -0.9187 0.3950 -0.0000
vn -0.9690 0.2469 -0.0000
vn -0.9979 0.0646 -0.0000
vn -0.9888 -0.1495 -0.0000
vn -0.9252 -0.3795 -0.0000
vn -0.7804 -0.6253 -0.0000
vn -0.4658 -0.8849 -0.0000
vn -0.0417 -0.9991 -0.0000
vn 0.2175 -0.9761 -0.0000
vn 0.2259 -0.9742 -0.0000
vn -0.8679 0.4882 -0.0912
vn -0.9137 0.3950 -0.0960
vn -0.9637 0.2469 -0.1013
vn -0.9924 0.0646 -0.1043
vn -0.9833 -0.1495 -0.1034
vn -0.9201 -0.3795 -0.0967
vn -0.7761 -0.6253 -0.0816
vn -0.4632 -0.8849 -0.0487
vn -0.0415 -0.9991 -0.0044
vn 0.2163 -0.9761 0.0227
vn 0.2246 -0.9742 0.0236
vn -0.8537 0.4882 -0.1814
vn -0.8986 0.3950 -0.1910
vn -0.9479 0.2469 -0.2015
vn -0.9761 0.0646 -0.2075
vn -0.9671 -0.1495 -0.2056
vn -0.9050 -0.3795 -0.1924
vn -0.7633 -0.6253 -0.1623
vn -0.4556 -0.8849 -0.0968
vn -0.0408 -0.9991 -0.0087
vn 0.2128 -0.9761 0.0452
vn 0.2209 -0.9742 0.0470
vn -0.8300 0.4882 -0.2697
vn -0.8737 0.3950 -0.2839
vn -0.9216 0.2469 -0.2994
vn -0.9491 0.0646 -0.3084
vn -0.9404 -0.1495 -0.3055
vn -0.8799 -0.3795 -0.2859
vn -0.7422 -0.6253 -0.2412
vn -0.4430 -0.8849 -0.1439
vn -0.0397 -0.9991 -0.0129
vn 0.2069 -0.9761 0.0672
vn 0.2148 -0.9742 0.0698
vn -0.7973 0.4882 -0.3550
vn -0.8393 0.3950 -0.3737
vn -0.8853 0.2469 -0.3941
vn -0.9116 0.0646 -0.4059
vn -0.9033 -0.1495 -0.4022
vn -0.8452 -0.3795 -0.3763
vn -0.7129 -0.6253 -0.3174
vn -0.4255 -0.8849 -0.1894
vn -0.0381 -0.9991 -0.0170
vn 0.1987 -0.9761 0.0885
vn 0.2064 -0.9742 0.0919
vn -0.7558 0.4882 -0.4364
vn -0.7956 0.3950 -0.4593
vn -0.8392 0.2469 -0.4845
vn -0.8642 0.0646 -0.4990
vn -0.8563 -0.1495 -0.4944
vn -0.8012 -0.3795 -0.4626
vn -0.6758 -0.6253 -0.3902
vn -0.4034 -0.8849 -0.2329
vn -0.0361 -0.9991 -0.0209
vn 0.1884 -0.9761 0.1088
vn 0.1956 -0.9742 0.1129
vn -0.7061 0.4882 -0.5130
vn -0.7432 0.3950 -0.5400
vn -0.7840 0.2469 -0.5696
vn -0.8073 0.0646 -0.5866
vn -0.7999 -0.1495 -0.5812
vn -0.7485 -0.3795 -0.5438
vn -0.6314 -0.6253 -0.4587
vn -0.3768 -0.8849 -0.2738
vn -0.0338 -0.9991 -0.0245
vn 0.1760 -0.9761 0.1279
vn 0.1827 -0.9742 0.1328
vn -0.6486 0.4882 -0.5840
vn -0.6827 0.3950 -0.6147
vn -0.7201 0.2469 -0.6484
vn -0.7416 0.0646 -0.6677
vn -0.7348 -0.1495 -0.6616
vn -0.6876 -0.3795 -0.6191
vn -0.5799 -0.6253 -0.5222
vn -0.3461 -0.8849 -0.3117
vn -0.0310 -0.9991 -0.0279
vn 0.1616 -0.9761 0.1455
vn 0.1679 -0.9742 0.1511
vn -0.5840 0.4882 -0.6486
vn -0.6147 0.3950 -0.6827
vn -0.6484 0.2469 -0.7201
vn -0.6677 0.0646 -0.7416
vn -0.6616 -0.1495 -0.7348
vn -0.6191 -0.3795 -0.6876
vn -0.5222 -0.6253 -0.5799
vn -0.3117 -0.8849 -0.3461
vn -0.0279 -0.9991 -0.0310
vn 0.1456 -0.9761 0.1616
vn 0.1511 -0.9742 0.1679
vn -0.5130 0.4882 -0.7060
vn -0.5400 0.3950 -0.7432
vn -0.5696 0.2469 -0.7840
vn -0.5866 0.0646 -0.8073
vn -0.5812 -0.1495 -0.7999
vn -0.5438 -0.3795 -0.7485
vn -0.4587 -0.6253 -0.6313
vn -0.2738 -0.8849 -0.3768
vn -0.0245 -0.9991 -0.0338
vn 0.1279 -0.9761 0.1760
vn 0.1328 -0.9742 0.1827
vn -0.4364 0.4882 -0.7558
vn -0.4593 0.3950 -0.7956
vn -0.4845 0.2469 -0.8392
vn -0.4990 0.0646 -0.8642
vn -0.4944 -0.1495 -0.8563
vn -0.4626 -0.3795 -0.8012
vn -0.3902 -0.6253 -0.6758
vn -0.2329 -0.8849 -0.4034
vn -0.0209 -0.9991 -0.0361
vn 0.1088 -0.9761 0.1884
vn 0.1129 -0.9742 0.1956
vn -0.3550 0.4882 -0.7973
vn -0.3737 0.3950 -0.8393
vn -0.3941 0.2469 -0.8853
vn -0.4059 0.0646 -0.9116
vn -0.4022 -0.1495 -0.9033
vn -0.3763 -0.3795 -0.8452
vn -0.3174 -0.6253 -0.7129
vn -0.1894 -0.8849 -0.4255
vn -0.0170 -0.9991 -0.0381
vn 0.0885 -0.9761 0.1987
vn 0.0919 -0.9742 0.2064
vn -0.2697 0.4882 -0.8300
vn -0.2839 0.3950 -0.8737
vn -0.2995 0.2469 -0.9216
vn -0.3084 0.0646 -0.9491
vn -0.3055 -0.1495 -0.9404
vn -0.2859 -0.3795 -0.8799
vn -0.2412 -0.6253 -0.7422
vn -0.1439 -0.8849 -0.4430
vn -0.0129 -0.9991 -0.0397
vn 0.0672 -0.9761 0.2069
vn 0.0698 -0.9742 0.2148
vn -0.1815 0.4882 -0.8537
vn -0.1910 0.3950 -0.8986
vn -0.2015 0.2469 -0.9479
vn -0.2075 0.0646 -0.9761
vn -0.2056 -0.1495 -0.9671
vn -0.1924 -0.3795 -0.9050
vn -0.1623 -0.6253 -0.7633
vn -0.0968 -0.8849 -0.4556
vn -0.0087 -0.9991 -0.0408
vn 0.0452 -0.9761 0.2128
vn 0.0470 -0.9742 0.2209
vn -0.0912 0.4882 -0.8679
vn -0.0960 0.3950 -0.9137
vn -0.1013 0.2469 -0.9637
vn -0.1043 0.0646 -0.9924
vn -0.1034 -0.1495 -0.9833
vn -0.0967 -0.3795 -0.9201
vn -0.0816 -0.6253 -0.7761
vn -0.0487 -0.8849 -0.4632
vn -0.0044 -0.9991 -0.0415
vn 0.0227 -0.9761 0.2163
vn 0.0236 -0.9742 0.2246
vn -0.0000 1.0000 -0.0000
vn 0.0895 0.5162 -0.8518
vn 0.1781 0.5162 -0.8378
vn 0.2647 0.5162 -0.8146
vn 0.3484 0.5162 -0.7824
vn 0.4282 0.5162 -0.7417
vn 0.5034 0.5162 -0.6929
vn 0.5731 0.5162 -0.6365
vn 0.6365 0.5162 -0.5731
vn 0.6929 0.5162 -0.5034
vn 0.7417 0.5162 -0.4282
vn 0.7824 0.5162 -0.3484
vn 0.8146 0.5162 -0.2647
vn 0.8378 0.5162 -0.1781
vn 0.8518 0.5162 -0.0895
vn 0.8565 0.5162 -0.0000
vn 0.8518 0.5162 0.0895
vn 0.8378 0.5162 0.1781
vn 0.8146 0.5162 0.2647
vn 0.7824 0.5162 0.3484
vn 0.7417 0.5162 0.4282
vn 0.6929 0.5162 0.5034
vn 0.6365 0.5162 0.5731
vn 0.5731 0.5162 0.6365
vn 0.5034 0.5162 0.6929
vn 0.4282 0.5162 0.7417
vn 0.3484 0.5162 0.7824
vn 0.2647 0.5162 0.8146
vn 0.1781 0.5162 0.8378
vn 0.0895 0.5162 0.8518
vn -0.0000 0.5162 0.8565
vn -0.0895 0.5162 0.8518
vn -0.1781 0.5162 0.8378
vn -0.2647 0.5162 0.8146
vn -0.3484 0.5162 0.7824
vn -0.4282 0.5162 0.7417
vn -0.5034 0.5162 0.6929
vn -0.5731 0.5162 0.6365
vn -0.6365 0.5162 0.5731
vn -0.6929 0.5162 0.5034
vn -0.7417 0.5162 0.4283
vn -0.7824 0.5162 0.3484
vn -0.8146 0.5162 0.2647
vn -0.8378 0.5162 0.1781
vn -0.8518 0.5162 0.0895
vn -0.8565 0.5162 -0.0000
vn -0.8518 0.5162 -0.0895
vn -0.8378 0.5162 -0.1781
vn -0.8146 0.5162 -0.2647
vn -0.7825 0.5162 -0.3484
vn -0.7417 0.5162 -0.4282
vn -0.6929 0.5162 -0.5034
vn -0.6365 0.5162 -0.5731
vn -0.5731 0.5162 -0.6365
vn -0.5034 0.5162 -0.6929
vn -0.4283 0.5162 -0.7417
vn -0.3484 0.5162 -0.7824
vn -0.2647 0.5162 -0.8146
vn -0.1781 0.5162 -0.8378
vn -0.0895 0.5162 -0.8518
vn -0.0000 0.5162 -0.8565
vt 0.750000 0.353348
vt 0.760803 0.352782
vt 0.771487 0.351089
vt 0.781936 0.348290
vt 0.792035 0.344413
vt 0.801674 0.339502
vt 0.810747 0.333610
vt 0.819153 0.326802
vt 0.826802 0.319153
vt 0.833610 0.310746
vt 0.839502 0.301674
vt 0.844413 0.292035
vt 0.848290 0.281936
vt 0.851089 0.271487
vt 0.852781 0.260803
vt 0.853348 0.250000
vt 0.852781 0.239197
vt 0.851089 0.228513
vt 0.848289 0.218064
vt 0.844413 0.207965
vt 0.839502 0.198326
vt 0.833610 0.189254
vt 0.826802 0.180847
vt 0.819153 0.173198
vt 0.810746 0.166390
vt 0.801674 0.160498
vt 0.792035 0.155587
vt 0.781936 0.151711
vt 0.771487 0.148911
vt 0.760803 0.147219
vt 0.750000 0.146652
vt 0.739197 0.147219
vt 0.728513 0.148911
vt 0.718064 0.151710
vt 0.707965 0.155587
vt 0.698327 0.160498
vt 0.689254 0.166390
vt 0.680847 0.173198
vt 0.673198 0.180847
vt 0.666390 0.189254
vt 0.660498 0.198326
vt 0.655587 0.207965
vt 0.651711 0.218064
vt 0.648911 0.228513
vt 0.647218 0.239197
vt 0.646652 0.250000
vt 0.647219 0.260803
vt 0.648911 0.271487
vt 0.651711 0.281936
vt 0.655587 0.292035
vt 0.660498 0.301674
vt 0.666390 0.310746
vt 0.673198 0.319153
vt 0.680847 0.326802
vt 0.689253 0.333610
vt 0.698326 0.339501
vt 0.707964 0.344413
vt 0.718064 0.348289
vt 0.728513 0.351089
vt 0.739197 0.352781
vt 1.000000 0.623374
vt 0.983333 0.623374
vt 0.983381 0.606464
vt 0.999952 0.606463
vt 0.983514 0.591192
vt 0.999820 0.591192
vt 0.983721 0.577871
vt 0.999613 0.577871
vt 0.983992 0.566772
vt 0.999341 0.566772
vt 0.984324 0.558119
vt 0.999010 0.558119
vt 0.985569 0.500000
vt 0.997765 0.500000
vt 0.750000 0.425625
vt 0.768358 0.424663
vt 0.767356 0.415132
vt 0.750000 0.416042
vt 0.766071 0.402905
vt 0.750000 0.403747
vt 0.764529 0.388231
vt 0.750000 0.388993
vt 0.762761 0.371409
vt 0.750000 0.372078
vt 0.966667 0.623374
vt 0.966714 0.606464
vt 0.983286 0.606464
vt 0.966847 0.591192
vt 0.983153 0.591192
vt 0.967054 0.577871
vt 0.982946 0.577871
vt 0.967326 0.566772
vt 0.982674 0.566772
vt 0.967657 0.558119
vt 0.982343 0.558119
vt 0.968902 0.500000
vt 0.981098 0.500000
vt 0.786514 0.421788
vt 0.784522 0.412414
vt 0.781966 0.400388
vt 0.778898 0.385956
vt 0.775381 0.369410
vt 0.966667 0.623374
vt 0.950000 0.623374
vt 0.950048 0.606464
vt 0.966619 0.606464
vt 0.950180 0.591192
vt 0.966486 0.591192
vt 0.950387 0.577871
vt 0.966280 0.577871
vt 0.950659 0.566772
vt 0.966008 0.566772
vt 0.950990 0.558119
vt 0.965676 0.558119
vt 0.952235 0.500000
vt 0.964431 0.500000
vt 0.804271 0.417030
vt 0.801310 0.407915
vt 0.797511 0.396223
vt 0.792951 0.382190
vt 0.787724 0.366103
vt 0.933333 0.623374
vt 0.933381 0.606464
vt 0.949952 0.606463
vt 0.933514 0.591192
vt 0.949820 0.591192
vt 0.933721 0.577871
vt 0.949613 0.577871
vt 0.933993 0.566772
vt 0.949341 0.566772
vt 0.934324 0.558119
vt 0.949010 0.558119
vt 0.935569 0.500000
vt 0.947765 0.500000
vt 0.821433 0.410442
vt 0.817535 0.401687
vt 0.812535 0.390455
vt 0.806533 0.376976
vt 0.799654 0.361524
vt 0.916667 0.623374
vt 0.916714 0.606464
vt 0.933286 0.606464
vt 0.916847 0.591192
vt 0.933153 0.591192
vt 0.917054 0.577871
vt 0.932946 0.577871
vt 0.917326 0.566772
vt 0.932674 0.566772
vt 0.917657 0.558119
vt 0.932343 0.558119
vt 0.918902 0.500000
vt 0.931098 0.500000
vt 0.837813 0.402096
vt 0.833021 0.393797
vt 0.826874 0.383149
vt 0.819496 0.370371
vt 0.811039 0.355723
vt 0.900000 0.623374
vt 0.900048 0.606464
vt 0.916619 0.606464
vt 0.900181 0.591192
vt 0.916486 0.591192
vt 0.900387 0.577871
vt 0.916280 0.577871
vt 0.900659 0.566772
vt 0.916008 0.566772
vt 0.900990 0.558119
vt 0.915677 0.558119
vt 0.902235 0.500000
vt 0.914432 0.500000
vt 0.853230 0.392084
vt 0.847597 0.384331
vt 0.840371 0.374384
vt 0.831698 0.362447
vt 0.821756 0.348763
vt 0.883333 0.623374
vt 0.883381 0.606464
vt 0.899952 0.606463
vt 0.883514 0.591192
vt 0.899820 0.591192
vt 0.883721 0.577871
vt 0.899613 0.577871
vt 0.883993 0.566772
vt 0.899341 0.566772
vt 0.884324 0.558119
vt 0.899010 0.558119
vt 0.885569 0.500000
vt 0.897765 0.500000
vt 0.867516 0.380515
vt 0.861104 0.373393
vt 0.852877 0.364257
vt 0.843004 0.353292
vt 0.831686 0.340722
vt 0.866667 0.623374
vt 0.866714 0.606464
vt 0.883286 0.606464
vt 0.866847 0.591192
vt 0.883153 0.591192
vt 0.867054 0.577871
vt 0.882946 0.577871
vt 0.867326 0.566772
vt 0.882674 0.566772
vt 0.867657 0.558119
vt 0.882343 0.558119
vt 0.868902 0.500000
vt 0.881098 0.500000
vt 0.880515 0.367517
vt 0.873393 0.361104
vt 0.864257 0.352877
vt 0.853292 0.343004
vt 0.840722 0.331686
vt 0.866667 0.623374
vt 0.850000 0.623374
vt 0.850048 0.606464
vt 0.866619 0.606464
vt 0.850181 0.591192
vt 0.866486 0.591192
vt 0.850387 0.577871
vt 0.866280 0.577872
vt 0.850659 0.566772
vt 0.866008 0.566772
vt 0.850990 0.558119
vt 0.865677 0.558119
vt 0.852235 0.500000
vt 0.864432 0.500000
vt 0.892084 0.353230
vt 0.884331 0.347597
vt 0.874385 0.340371
vt 0.862448 0.331698
vt 0.848763 0.321756
vt 0.850000 0.623374
vt 0.833333 0.623374
vt 0.833381 0.606464
vt 0.849953 0.606464
vt 0.833514 0.591192
vt 0.849820 0.591192
vt 0.833721 0.577871
vt 0.849613 0.577871
vt 0.833993 0.566772
vt 0.849341 0.566772
vt 0.834324 0.558119
vt 0.849010 0.558119
vt 0.835569 0.500000
vt 0.847765 0.500000
vt 0.902096 0.337813
vt 0.893796 0.333021
vt 0.883150 0.326874
vt 0.870371 0.319496
vt 0.855723 0.311039
vt 0.833333 0.623374
vt 0.816667 0.623374
vt 0.816714 0.606463
vt 0.833286 0.606464
vt 0.816847 0.591192
vt 0.833153 0.591192
vt 0.817054 0.577871
vt 0.832946 0.577871
vt 0.817326 0.566772
vt 0.832674 0.566772
vt 0.817657 0.558119
vt 0.832343 0.558119
vt 0.818902 0.500000
vt 0.831098 0.500000
vt 0.910442 0.321433
vt 0.901687 0.317535
vt 0.890456 0.312535
vt 0.876976 0.306534
vt 0.861524 0.299654
vt 0.816667 0.623374
vt 0.800000 0.623374
vt 0.800048 0.606464
vt 0.816619 0.606464
vt 0.800181 0.591192
vt 0.816486 0.591192
vt 0.800387 0.577871
vt 0.816280 0.577871
vt 0.800659 0.566772
vt 0.816008 0.566772
vt 0.800990 0.558119
vt 0.815677 0.558119
vt 0.802235 0.500000
vt 0.814432 0.500000
vt 0.917030 0.304271
vt 0.907915 0.301310
vt 0.896223 0.297511
vt 0.882190 0.292951
vt 0.866103 0.287724
vt 0.783334 0.623374
vt 0.783381 0.606464
vt 0.799953 0.606464
vt 0.783514 0.591192
vt 0.799820 0.591192
vt 0.783721 0.577871
vt 0.799613 0.577871
vt 0.783993 0.566772
vt 0.799341 0.566772
vt 0.784324 0.558119
vt 0.799010 0.558119
vt 0.785569 0.500000
vt 0.797765 0.500000
vt 0.921788 0.286515
vt 0.912413 0.284522
vt 0.900388 0.281966
vt 0.885956 0.278898
vt 0.869410 0.275382
vt 0.783334 0.623374
vt 0.766667 0.623374
vt 0.766714 0.606464
vt 0.783286 0.606464
vt 0.766847 0.591192
vt 0.783153 0.591192
vt 0.767054 0.577871
vt 0.782946 0.577871
vt 0.767326 0.566772
vt 0.782674 0.566772
vt 0.767657 0.558119
vt 0.782343 0.558119
vt 0.768902 0.500000
vt 0.781098 0.500000
vt 0.924663 0.268358
vt 0.915132 0.267356
vt 0.902905 0.266071
vt 0.888232 0.264529
vt 0.871409 0.262761
vt 0.750000 0.623374
vt 0.750048 0.606464
vt 0.766619 0.606464
vt 0.750181 0.591192
vt 0.766486 0.591192
vt 0.750387 0.577871
vt 0.766280 0.577871
vt 0.750659 0.566772
vt 0.766008 0.566772
vt 0.750991 0.558119
vt 0.765677 0.558119
vt 0.752236 0.500000
vt 0.764432 0.500000
vt 0.925626 0.250000
vt 0.916042 0.250000
vt 0.903748 0.250000
vt 0.888993 0.250000
vt 0.872078 0.250000
vt 0.733334 0.623374
vt 0.733381 0.606464
vt 0.749953 0.606464
vt 0.733514 0.591192
vt 0.749820 0.591192
vt 0.733721 0.577871
vt 0.749613 0.577871
vt 0.733993 0.566772
vt 0.749341 0.566772
vt 0.734324 0.558119
vt 0.749010 0.558119
vt 0.735569 0.500000
vt 0.747765 0.500000
vt 0.924664 0.231642
vt 0.915132 0.232644
vt 0.902906 0.233929
vt 0.888232 0.235471
vt 0.871409 0.237239
vt 0.733334 0.623374
vt 0.716667 0.623374
vt 0.716715 0.606464
vt 0.733286 0.606464
vt 0.716847 0.591192
vt 0.733153 0.591192
vt 0.717054 0.577871
vt 0.732946 0.577872
vt 0.717326 0.566772
vt 0.732674 0.566772
vt 0.717657 0.558119
vt 0.732343 0.558119
vt 0.718902 0.500000
vt 0.731098 0.500000
vt 0.921788 0.213485
vt 0.912413 0.215478
vt 0.900388 0.218034
vt 0.885955 0.221102
vt 0.869410 0.224618
vt 0.700000 0.623374
vt 0.700048 0.606464
vt 0.716619 0.606464
vt 0.700181 0.591192
vt 0.716486 0.591192
vt 0.700387 0.577871
vt 0.716280 0.577871
vt 0.700659 0.566772
vt 0.716008 0.566772
vt 0.700991 0.558119
vt 0.715677 0.558119
vt 0.702236 0.500000
vt 0.714432 0.500000
vt 0.917030 0.195729
vt 0.907915 0.198690
vt 0.896223 0.202489
vt 0.882190 0.207049
vt 0.866103 0.212276
vt 0.683334 0.623374
vt 0.683381 0.606464
vt 0.699953 0.606464
vt 0.683514 0.591192
vt 0.699820 0.591192
vt 0.683721 0.577871
vt 0.699613 0.577871
vt 0.683993 0.566772
vt 0.699341 0.566772
vt 0.684324 0.558119
vt 0.699010 0.558119
vt 0.685569 0.500000
vt 0.697765 0.500000
vt 0.910442 0.178567
vt 0.901687 0.182465
vt 0.890456 0.187465
vt 0.876976 0.193466
vt 0.861524 0.200346
vt 0.666667 0.623374
vt 0.666714 0.606464
vt 0.683286 0.606464
vt 0.666847 0.591192
vt 0.683153 0.591192
vt 0.667054 0.577871
vt 0.682946 0.577872
vt 0.667326 0.566772
vt 0.682675 0.566772
vt 0.667657 0.558119
vt 0.682343 0.558119
vt 0.668902 0.500000
vt 0.681098 0.500000
vt 0.902096 0.162187
vt 0.893797 0.166979
vt 0.883149 0.173126
vt 0.870371 0.180504
vt 0.855723 0.188961
vt 0.666667 0.623374
vt 0.650000 0.623374
vt 0.650048 0.606464
vt 0.666619 0.606464
vt 0.650181 0.591192
vt 0.666486 0.591192
vt 0.650388 0.577871
vt 0.666280 0.577871
vt 0.650659 0.566772
vt 0.666008 0.566772
vt 0.650991 0.558119
vt 0.665677 0.558119
vt 0.652236 0.500000
vt 0.664432 0.500000
vt 0.892084 0.146770
vt 0.884331 0.152403
vt 0.874385 0.159630
vt 0.862447 0.168302
vt 0.848763 0.178244
vt 0.650000 0.623374
vt 0.633334 0.623374
vt 0.633381 0.606464
vt 0.649953 0.606464
vt 0.633514 0.591192
vt 0.649820 0.591192
vt 0.633721 0.577871
vt 0.649613 0.577871
vt 0.633993 0.566772
vt 0.649341 0.566772
vt 0.634324 0.558119
vt 0.649010 0.558119
vt 0.635569 0.500000
vt 0.647765 0.500000
vt 0.880515 0.132484
vt 0.873393 0.138896
vt 0.864257 0.147123
vt 0.853292 0.156996
vt 0.840722 0.168314
vt 0.616667 0.623374
vt 0.616715 0.606464
vt 0.633286 0.606464
vt 0.616848 0.591192
vt 0.633153 0.591192
vt 0.617054 0.577871
vt 0.632946 0.577872
vt 0.617326 0.566772
vt 0.632675 0.566772
vt 0.617657 0.558119
vt 0.632343 0.558119
vt 0.618902 0.500000
vt 0.631098 0.500000
vt 0.867516 0.119485
vt 0.861103 0.126607
vt 0.852877 0.135743
vt 0.843004 0.146708
vt 0.831686 0.159278
vt 0.616667 0.623374
vt 0.600000 0.623374
vt 0.600048 0.606464
vt 0.616619 0.606464
vt 0.600181 0.591192
vt 0.616487 0.591192
vt 0.600388 0.577871
vt 0.616280 0.577871
vt 0.600660 0.566772
vt 0.616008 0.566772
vt 0.600991 0.558119
vt 0.615677 0.558119
vt 0.602236 0.500000
vt 0.614432 0.500000
vt 0.853230 0.107916
vt 0.847597 0.115669
vt 0.840370 0.125616
vt 0.831698 0.137552
vt 0.821756 0.151237
vt 0.583334 0.623374
vt 0.583381 0.606464
vt 0.599953 0.606464
vt 0.583514 0.591192
vt 0.599820 0.591192
vt 0.583721 0.577871
vt 0.599613 0.577871
vt 0.583993 0.566772
vt 0.599341 0.566772
vt 0.584324 0.558119
vt 0.599010 0.558119
vt 0.585569 0.500000
vt 0.597765 0.500000
vt 0.837813 0.097904
vt 0.833021 0.106204
vt 0.826874 0.116851
vt 0.819496 0.129629
vt 0.811039 0.144277
vt 0.566667 0.623374
vt 0.566715 0.606464
vt 0.583286 0.606464
vt 0.566848 0.591192
vt 0.583153 0.591192
vt 0.567054 0.577871
vt 0.582947 0.577872
vt 0.567326 0.566772
vt 0.582675 0.566772
vt 0.567657 0.558119
vt 0.582343 0.558119
vt 0.568902 0.500000
vt 0.581099 0.500000
vt 0.821434 0.089558
vt 0.817535 0.098313
vt 0.812535 0.109545
vt 0.806533 0.123024
vt 0.799654 0.138476
vt 0.550000 0.623374
vt 0.550048 0.606464
vt 0.566620 0.606464
vt 0.550181 0.591192
vt 0.566487 0.591192
vt 0.550388 0.577871
vt 0.566280 0.577871
vt 0.550660 0.566772
vt 0.566008 0.566772
vt 0.550991 0.558119
vt 0.565677 0.558119
vt 0.552236 0.500000
vt 0.564432 0.500000
vt 0.804271 0.082970
vt 0.801310 0.092085
vt 0.797511 0.103777
vt 0.792951 0.117810
vt 0.787724 0.133897
vt 0.533334 0.623374
vt 0.533381 0.606464
vt 0.549953 0.606464
vt 0.533514 0.591192
vt 0.549820 0.591192
vt 0.533721 0.577871
vt 0.549613 0.577871
vt 0.533993 0.566772
vt 0.549341 0.566772
vt 0.534324 0.558119
vt 0.549010 0.558119
vt 0.535569 0.500000
vt 0.547765 0.500000
vt 0.786515 0.078212
vt 0.784522 0.087587
vt 0.781966 0.099612
vt 0.778898 0.114045
vt 0.775382 0.130590
vt 0.516667 0.623374
vt 0.516715 0.606464
vt 0.533286 0.606464
vt 0.516848 0.591192
vt 0.533153 0.591192
vt 0.517054 0.577871
vt 0.532947 0.577871
vt 0.517326 0.566772
vt 0.532675 0.566772
vt 0.517657 0.558119
vt 0.532344 0.558119
vt 0.518902 0.500000
vt 0.531099 0.500000
vt 0.768358 0.075337
vt 0.767356 0.084868
vt 0.766071 0.097095
vt 0.764529 0.111769
vt 0.762761 0.128591
vt 0.500000 0.623374
vt 0.500048 0.606464
vt 0.516620 0.606464
vt 0.500181 0.591192
vt 0.516487 0.591192
vt 0.500388 0.577871
vt 0.516280 0.577871
vt 0.500660 0.566772
vt 0.516008 0.566772
vt 0.500991 0.558119
vt 0.515677 0.558119
vt 0.502236 0.500000
vt 0.514432 0.500000
vt 0.750000 0.074375
vt 0.750000 0.083958
vt 0.750000 0.096253
vt 0.750000 0.111007
vt 0.750000 0.127922
vt 0.483334 0.623374
vt 0.483381 0.606464
vt 0.499953 0.606464
vt 0.483514 0.591192
vt 0.499820 0.591192
vt 0.483721 0.577871
vt 0.499613 0.577871
vt 0.483993 0.566772
vt 0.499341 0.566772
vt 0.484324 0.558119
vt 0.499010 0.558119
vt 0.485569 0.500000
vt 0.497765 0.500000
vt 0.731642 0.075337
vt 0.732644 0.084868
vt 0.733929 0.097095
vt 0.735471 0.111769
vt 0.737239 0.128591
vt 0.466667 0.623374
vt 0.466715 0.606464
vt 0.483286 0.606464
vt 0.466848 0.591192
vt 0.483153 0.591192
vt 0.467054 0.577871
vt 0.482947 0.577871
vt 0.467326 0.566772
vt 0.482675 0.566772
vt 0.467657 0.558119
vt 0.482343 0.558119
vt 0.468902 0.500000
vt 0.481099 0.500000
vt 0.713486 0.078212
vt 0.715478 0.087586
vt 0.718034 0.099612
vt 0.721102 0.114044
vt 0.724619 0.130590
vt 0.450000 0.623374
vt 0.450048 0.606464
vt 0.466620 0.606464
vt 0.450181 0.591192
vt 0.466487 0.591192
vt 0.450388 0.577871
vt 0.466280 0.577872
vt 0.450660 0.566772
vt 0.466008 0.566772
vt 0.450991 0.558119
vt 0.465677 0.558119
vt 0.452236 0.500000
vt 0.464432 0.500000
vt 0.695729 0.082970
vt 0.698691 0.092085
vt 0.702490 0.103777
vt 0.707049 0.117810
vt 0.712276 0.133897
vt 0.450000 0.623374
vt 0.433334 0.623374
vt 0.433381 0.606464
vt 0.449953 0.606464
vt 0.433514 0.591192
vt 0.449820 0.591192
vt 0.433721 0.577871
vt 0.449613 0.577871
vt 0.433993 0.566772
vt 0.449341 0.566772
vt 0.434324 0.558119
vt 0.449010 0.558119
vt 0.435569 0.500000
vt 0.447765 0.500000
vt 0.678567 0.089558
vt 0.682465 0.098313
vt 0.687466 0.109545
vt 0.693467 0.123024
vt 0.700347 0.138476
vt 0.416667 0.623374
vt 0.416715 0.606464
vt 0.433286 0.606464
vt 0.416848 0.591192
vt 0.433153 0.591192
vt 0.417054 0.577871
vt 0.432947 0.577871
vt 0.417326 0.566772
vt 0.432675 0.566772
vt 0.417657 0.558119
vt 0.432343 0.558119
vt 0.418902 0.500000
vt 0.431099 0.500000
vt 0.662188 0.097904
vt 0.666979 0.106203
vt 0.673126 0.116851
vt 0.680504 0.129629
vt 0.688961 0.144277
vt 0.416667 0.623374
vt 0.400000 0.623374
vt 0.400048 0.606464
vt 0.416620 0.606464
vt 0.400181 0.591192
vt 0.416487 0.591192
vt 0.400388 0.577871
vt 0.416280 0.577872
vt 0.400660 0.566772
vt 0.416008 0.566772
vt 0.400991 0.558119
vt 0.415677 0.558119
vt 0.402236 0.500000
vt 0.414432 0.500000
vt 0.646770 0.107916
vt 0.652403 0.115669
vt 0.659630 0.125615
vt 0.668302 0.137552
vt 0.678245 0.151237
vt 0.400000 0.623374
vt 0.383334 0.623374
vt 0.383381 0.606464
vt 0.399953 0.606464
vt 0.383514 0.591192
vt 0.399820 0.591192
vt 0.383721 0.577871
vt 0.399613 0.577871
vt 0.383993 0.566772
vt 0.399341 0.566772
vt 0.384324 0.558119
vt 0.399010 0.558119
vt 0.385569 0.500000
vt 0.397765 0.500000
vt 0.632484 0.119485
vt 0.638896 0.126607
vt 0.647123 0.135743
vt 0.656996 0.146708
vt 0.668314 0.159278
vt 0.383334 0.623374
vt 0.366667 0.623374
vt 0.366715 0.606464
vt 0.383286 0.606464
vt 0.366848 0.591192
vt 0.383153 0.591192
vt 0.367054 0.577871
vt 0.382946 0.577871
vt 0.367326 0.566772
vt 0.382675 0.566772
vt 0.367657 0.558119
vt 0.382343 0.558119
vt 0.368902 0.500000
vt 0.381098 0.500000
vt 0.619485 0.132483
vt 0.626607 0.138896
vt 0.635744 0.147122
vt 0.646709 0.156995
vt 0.659278 0.168313
vt 0.350000 0.623374
vt 0.350048 0.606464
vt 0.366619 0.606464
vt 0.350181 0.591192
vt 0.366487 0.591192
vt 0.350388 0.577871
vt 0.366280 0.577871
vt 0.350659 0.566772
vt 0.366008 0.566772
vt 0.350991 0.558119
vt 0.365677 0.558119
vt 0.352236 0.500000
vt 0.364432 0.500000
vt 0.607916 0.146770
vt 0.615669 0.152403
vt 0.625616 0.159629
vt 0.637553 0.168302
vt 0.651237 0.178244
vt 0.350000 0.623374
vt 0.333334 0.623374
vt 0.333381 0.606464
vt 0.349953 0.606464
vt 0.333514 0.591192
vt 0.349820 0.591192
vt 0.333721 0.577871
vt 0.349613 0.577871
vt 0.333993 0.566772
vt 0.349341 0.566772
vt 0.334324 0.558119
vt 0.349010 0.558119
vt 0.335569 0.500000
vt 0.347765 0.500000
vt 0.597904 0.162187
vt 0.606204 0.166979
vt 0.616851 0.173126
vt 0.629629 0.180503
vt 0.644278 0.188961
vt 0.316667 0.623374
vt 0.316715 0.606464
vt 0.333286 0.606464
vt 0.316848 0.591192
vt 0.333153 0.591192
vt 0.317054 0.577871
vt 0.332946 0.577871
vt 0.317326 0.566772
vt 0.332675 0.566772
vt 0.317657 0.558119
vt 0.332343 0.558119
vt 0.318902 0.500000
vt 0.331098 0.500000
vt 0.589558 0.178566
vt 0.598313 0.182464
vt 0.609545 0.187465
vt 0.623024 0.193466
vt 0.638476 0.200346
vt 0.316667 0.623374
vt 0.300000 0.623374
vt 0.300048 0.606464
vt 0.316619 0.606464
vt 0.300181 0.591192
vt 0.316486 0.591192
vt 0.300388 0.577871
vt 0.316280 0.577871
vt 0.300659 0.566772
vt 0.316008 0.566772
vt 0.300991 0.558119
vt 0.315677 0.558119
vt 0.302236 0.500000
vt 0.314432 0.500000
vt 0.582971 0.195728
vt 0.592085 0.198690
vt 0.603778 0.202489
vt 0.617810 0.207048
vt 0.633897 0.212275
vt 0.283334 0.623374
vt 0.283381 0.606464
vt 0.299953 0.606464
vt 0.283514 0.591192
vt 0.299820 0.591192
vt 0.283721 0.577871
vt 0.299613 0.577871
vt 0.283993 0.566772
vt 0.299341 0.566772
vt 0.284324 0.558119
vt 0.299010 0.558119
vt 0.285569 0.500000
vt 0.297765 0.500000
vt 0.578212 0.213485
vt 0.587587 0.215477
vt 0.599612 0.218034
vt 0.614045 0.221101
vt 0.630590 0.224618
vt 0.266667 0.623374
vt 0.266715 0.606464
vt 0.283286 0.606464
vt 0.266847 0.591192
vt 0.283153 0.591192
vt 0.267054 0.577871
vt 0.282946 0.577872
vt 0.267326 0.566772
vt 0.282675 0.566772
vt 0.267657 0.558119
vt 0.282343 0.558119
vt 0.268902 0.500000
vt 0.281099 0.500000
vt 0.575337 0.231642
vt 0.584868 0.232643
vt 0.597095 0.233929
vt 0.611769 0.235471
vt 0.628591 0.237239
vt 0.266667 0.623374
vt 0.250000 0.623374
vt 0.250048 0.606464
vt 0.266619 0.606464
vt 0.250181 0.591192
vt 0.266486 0.591192
vt 0.250387 0.577871
vt 0.266280 0.577871
vt 0.250659 0.566772
vt 0.266008 0.566772
vt 0.250991 0.558119
vt 0.265677 0.558119
vt 0.252236 0.500000
vt 0.264432 0.500000
vt 0.574375 0.249999
vt 0.583958 0.249999
vt 0.596253 0.250000
vt 0.611007 0.250000
vt 0.627922 0.250000
vt 0.233334 0.623374
vt 0.233381 0.606464
vt 0.249953 0.606464
vt 0.233514 0.591192
vt 0.249820 0.591192
vt 0.233721 0.577871
vt 0.249613 0.577871
vt 0.233993 0.566772
vt 0.249341 0.566772
vt 0.234324 0.558119
vt 0.249010 0.558119
vt 0.235569 0.500000
vt 0.247765 0.500000
vt 0.575337 0.268357
vt 0.584868 0.267356
vt 0.597095 0.266071
vt 0.611768 0.264528
vt 0.628591 0.262760
vt 0.216667 0.623374
vt 0.216714 0.606463
vt 0.233286 0.606464
vt 0.216847 0.591192
vt 0.233153 0.591192
vt 0.217054 0.577871
vt 0.232946 0.577871
vt 0.217326 0.566772
vt 0.232674 0.566772
vt 0.217657 0.558119
vt 0.232343 0.558119
vt 0.218902 0.500000
vt 0.231098 0.500000
vt 0.578212 0.286514
vt 0.587587 0.284522
vt 0.599612 0.281965
vt 0.614044 0.278898
vt 0.630589 0.275381
vt 0.216667 0.623374
vt 0.200000 0.623374
vt 0.200048 0.606464
vt 0.216619 0.606464
vt 0.200181 0.591192
vt 0.216486 0.591192
vt 0.200387 0.577871
vt 0.216280 0.577871
vt 0.200659 0.566772
vt 0.216008 0.566772
vt 0.200991 0.558119
vt 0.215677 0.558119
vt 0.202236 0.500000
vt 0.214432 0.500000
vt 0.582970 0.304271
vt 0.592085 0.301309
vt 0.603777 0.297510
vt 0.617810 0.292951
vt 0.633897 0.287724
vt 0.200000 0.623374
vt 0.183334 0.623374
vt 0.183381 0.606464
vt 0.199953 0.606464
vt 0.183514 0.591192
vt 0.199820 0.591193
vt 0.183721 0.577871
vt 0.199613 0.577871
vt 0.183993 0.566772
vt 0.199341 0.566772
vt 0.184324 0.558119
vt 0.199010 0.558119
vt 0.185569 0.500000
vt 0.197765 0.500000
vt 0.589558 0.321433
vt 0.598313 0.317535
vt 0.609544 0.312534
vt 0.623024 0.306533
vt 0.638476 0.299653
vt 0.183334 0.623374
vt 0.166667 0.623374
vt 0.166714 0.606464
vt 0.183286 0.606464
vt 0.166847 0.591192
vt 0.183153 0.591192
vt 0.167054 0.577871
vt 0.182946 0.577871
vt 0.167326 0.566772
vt 0.182674 0.566772
vt 0.167657 0.558119
vt 0.182343 0.558119
vt 0.168902 0.500000
vt 0.181098 0.500000
vt 0.597904 0.337812
vt 0.606203 0.333020
vt 0.616851 0.326873
vt 0.629629 0.319496
vt 0.644277 0.311039
vt 0.150000 0.623374
vt 0.150048 0.606464
vt 0.166619 0.606464
vt 0.150181 0.591192
vt 0.166486 0.591192
vt 0.150387 0.577871
vt 0.166280 0.577871
vt 0.150659 0.566772
vt 0.166008 0.566772
vt 0.150991 0.558119
vt 0.165677 0.558119
vt 0.152236 0.500000
vt 0.164432 0.500000
vt 0.607916 0.353230
vt 0.615669 0.347596
vt 0.625615 0.340370
vt 0.637552 0.331697
vt 0.651236 0.321755
vt 0.150000 0.623374
vt 0.133334 0.623374
vt 0.133381 0.606463
vt 0.149953 0.606464
vt 0.133514 0.591192
vt 0.149820 0.591192
vt 0.133721 0.577871
vt 0.149613 0.577871
vt 0.133993 0.566772
vt 0.149341 0.566772
vt 0.134324 0.558119
vt 0.149010 0.558119
vt 0.135569 0.500000
vt 0.147765 0.500000
vt 0.619484 0.367516
vt 0.626607 0.361103
vt 0.635743 0.352877
vt 0.646708 0.343004
vt 0.659278 0.331686
vt 0.116667 0.623374
vt 0.116714 0.606464
vt 0.133286 0.606463
vt 0.116847 0.591192
vt 0.133153 0.591192
vt 0.117054 0.577871
vt 0.132946 0.577871
vt 0.117326 0.566772
vt 0.132675 0.566772
vt 0.117657 0.558119
vt 0.132343 0.558119
vt 0.118902 0.500000
vt 0.131098 0.500000
vt 0.632483 0.380515
vt 0.638896 0.373393
vt 0.647122 0.364256
vt 0.656995 0.353292
vt 0.668314 0.340721
vt 0.116667 0.623374
vt 0.100000 0.623374
vt 0.100048 0.606464
vt 0.116619 0.606464
vt 0.100181 0.591192
vt 0.116486 0.591192
vt 0.100387 0.577871
vt 0.116280 0.577871
vt 0.100659 0.566772
vt 0.116008 0.566772
vt 0.100991 0.558119
vt 0.115677 0.558119
vt 0.102236 0.500000
vt 0.114432 0.500000
vt 0.646770 0.392084
vt 0.652403 0.384330
vt 0.659629 0.374384
vt 0.668301 0.362447
vt 0.678244 0.348763
vt 0.100000 0.623374
vt 0.083334 0.623374
vt 0.083381 0.606463
vt 0.099953 0.606464
vt 0.083514 0.591192
vt 0.099820 0.591192
vt 0.083721 0.577871
vt 0.099613 0.577871
vt 0.083993 0.566772
vt 0.099341 0.566772
vt 0.084324 0.558119
vt 0.099010 0.558119
vt 0.085569 0.500000
vt 0.097765 0.500000
vt 0.662187 0.402096
vt 0.666978 0.393796
vt 0.673126 0.383149
vt 0.680503 0.370371
vt 0.688960 0.355722
vt 0.066667 0.623374
vt 0.066714 0.606464
vt 0.083286 0.606464
vt 0.066847 0.591192
vt 0.083153 0.591192
vt 0.067054 0.577871
vt 0.082946 0.577871
vt 0.067326 0.566772
vt 0.082675 0.566772
vt 0.067657 0.558119
vt 0.082343 0.558119
vt 0.068902 0.500000
vt 0.081098 0.500000
vt 0.678566 0.410441
vt 0.682464 0.401686
vt 0.687465 0.390455
vt 0.693466 0.376976
vt 0.700346 0.361524
vt 0.050000 0.623374
vt 0.050048 0.606464
vt 0.066619 0.606464
vt 0.050181 0.591192
vt 0.066486 0.591192
vt 0.050387 0.577871
vt 0.066280 0.577871
vt 0.050659 0.566772
vt 0.066008 0.566772
vt 0.050991 0.558119
vt 0.065677 0.558119
vt 0.052236 0.500000
vt 0.064432 0.500000
vt 0.695728 0.417030
vt 0.698690 0.407915
vt 0.702489 0.396222
vt 0.707048 0.382190
vt 0.712275 0.366103
vt 0.033334 0.623374
vt 0.033381 0.606464
vt 0.049953 0.606464
vt 0.033514 0.591192
vt 0.049820 0.591193
vt 0.033721 0.577871
vt 0.049613 0.577871
vt 0.033993 0.566772
vt 0.049341 0.566772
vt 0.034324 0.558119
vt 0.049010 0.558119
vt 0.035569 0.500000
vt 0.047765 0.500000
vt 0.713485 0.421787
vt 0.715477 0.412413
vt 0.718033 0.400388
vt 0.721101 0.385955
vt 0.724618 0.369410
vt 0.016667 0.623374
vt 0.016714 0.606463
vt 0.033286 0.606464
vt 0.016847 0.591192
vt 0.033153 0.591192
vt 0.017054 0.577871
vt 0.032946 0.577871
vt 0.017326 0.566772
vt 0.032674 0.566772
vt 0.017657 0.558119
vt 0.032343 0.558119
vt 0.018902 0.500000
vt 0.031098 0.500000
vt 0.731641 0.424663
vt 0.732643 0.415132
vt 0.733928 0.402905
vt 0.735470 0.388231
vt 0.737239 0.371409
vt 0.016667 0.623374
vt 0.000000 0.623374
vt 0.000048 0.606464
vt 0.016619 0.606464
vt 0.000181 0.591192
vt 0.016486 0.591192
vt 0.000387 0.577871
vt 0.016280 0.577871
vt 0.000659 0.566772
vt 0.016008 0.566772
vt 0.000990 0.558119
vt 0.015677 0.558119
vt 0.002235 0.500000
vt 0.014432 0.500000
vt 0.983333 0.731136
vt 1.000000 0.731136
vt 0.016667 0.731136
vt 0.033334 0.731136
vt 0.050000 0.731136
vt 0.066667 0.731136
vt 0.083334 0.731136
vt 0.100000 0.731136
vt 0.116667 0.731136
vt 0.133334 0.731136
vt 0.150000 0.731136
vt 0.166667 0.731136
vt 0.183334 0.731136
vt 0.200000 0.731136
vt 0.216667 0.731136
vt 0.233334 0.731136
vt 0.250000 0.731136
vt 0.266667 0.731136
vt 0.283334 0.731136
vt 0.300000 0.731136
vt 0.316667 0.731136
vt 0.333334 0.731136
vt 0.350000 0.731136
vt 0.366667 0.731136
vt 0.383334 0.731136
vt 0.400000 0.731136
vt 0.416667 0.731136
vt 0.433334 0.731136
vt 0.450000 0.731136
vt 0.466667 0.731136
vt 0.483334 0.731136
vt 0.500000 0.731136
vt 0.516667 0.731136
vt 0.533334 0.731136
vt 0.550000 0.731136
vt 0.566667 0.731136
vt 0.583334 0.731136
vt 0.600000 0.731136
vt 0.616667 0.731136
vt 0.633334 0.731136
vt 0.650000 0.731136
vt 0.666667 0.731136
vt 0.683334 0.731136
vt 0.700000 0.731136
vt 0.716667 0.731136
vt 0.733334 0.731136
vt 0.750000 0.731136
vt 0.766667 0.731136
vt 0.783333 0.731136
vt 0.800000 0.731136
vt 0.816667 0.731136
vt 0.833333 0.731136
vt 0.850000 0.731136
vt 0.866667 0.731136
vt 0.883333 0.731136
vt 0.900000 0.731136
vt 0.916667 0.731136
vt 0.933333 0.731136
vt 0.950000 0.731136
vt 0.966667 0.731136
vt 0.000000 0.731136
s 1
usemtl Material.001
f 5881/3508/5761 5893/3509/5762 5905/3510/5763 5917/3511/5764 5929/3512/5765 5941/3513/5766 5953/3514/5767 5965/3515/5768 5977/3516/5769 5989/3517/5770 6001/3518/5771 6013/3519/5772 6025/3520/5773 6037/3521/5774 6049/3522/5775 6061/3523/5776 6073/3524/5777 6085/3525/5778 6097/3526/5779 6109/3527/5780 6121/3528/5781 6133/3529/5782 6145/3530/5783 6157/3531/5784 6169/3532/5785 6181/3533/5786 6193/3534/5787 6205/3535/5788 6217/3536/5789 6229/3537/5790 6241/3538/5791 6253/3539/5792 6265/3540/5793 6277/3541/5794 6289/3542/5795 6301/3543/5796 6313/3544/5797 6325/3545/5798 6337/3546/5799 6349/3547/5800 6361/3548/5801 6373/3549/5802 6385/3550/5803 6397/3551/5804 6409/3552/5805 6421/3553/5806 6433/3554/5807 6445/3555/5808 6457/3556/5809 6469/3557/5810 6481/3558/5811 6493/3559/5812 6505/3560/5813 6517/3561/5814 6529/3562/5815 6541/3563/5816 6553/3564/5817 6565/3565/5818 6577/3566/5819 6589/3567/5820
f 5882/3568/5821 5894/3569/5822 5904/3570/5823 5892/3571/5824
f 5892/3571/5824 5904/3570/5823 5903/3572/5825 5891/3573/5826
f 5891/3573/5826 5903/3572/5825 5902/3574/5827 5890/3575/5828
f 5890/3575/5828 5902/3574/5827 5901/3576/5829 5889/3577/5830
f 5889/3577/5830 5901/3576/5829 5900/3578/5831 5888/3579/5832
f 5888/3579/5832 5900/3578/5831 5899/3580/5833 5887/3581/5834
f 5887/3582/5834 5899/3583/5833 5898/3584/5835 5886/3585/5836
f 5886/3585/5836 5898/3584/5835 5897/3586/5837 5885/3587/5838
f 5885/3587/5838 5897/3586/5837 5896/3588/5839 5884/3589/5840
f 5884/3589/5840 5896/3588/5839 5895/3590/5841 5883/3591/5842
f 5883/3591/5842 5895/3590/5841 5893/3509/5762 5881/3508/5761
f 5894/3569/5822 5906/3592/5843 5916/3593/5844 5904/3594/5823
f 5904/3594/5823 5916/3593/5844 5915/3595/5845 5903/3596/5825
f 5903/3596/5825 5915/3595/5845 5914/3597/5846 5902/3598/5827
f 5902/3598/5827 5914/3597/5846 5913/3599/5847 5901/3600/5829
f 5901/3600/5829 5913/3599/5847 5912/3601/5848 5900/3602/5831
f 5900/3602/5831 5912/3601/5848 5911/3603/5849 5899/3604/5833
f 5899/3583/5833 5911/3605/5849 5910/3606/5850 5898/3584/5835
f 5898/3584/5835 5910/3606/5850 5909/3607/5851 5897/3586/5837
f 5897/3586/5837 5909/3607/5851 5908/3608/5852 5896/3588/5839
f 5896/3588/5839 5908/3608/5852 5907/3609/5853 5895/3590/5841
f 5895/3590/5841 5907/3609/5853 5905/3510/5763 5893/3509/5762
f 5906/3610/5843 5918/3611/5854 5928/3612/5855 5916/3613/5844
f 5916/3613/5844 5928/3612/5855 5927/3614/5856 5915/3615/5845
f 5915/3615/5845 5927/3614/5856 5926/3616/5857 5914/3617/5846
f 5914/3617/5846 5926/3616/5857 5925/3618/5858 5913/3619/5847
f 5913/3619/5847 5925/3618/5858 5924/3620/5859 5912/3621/5848
f 5912/3621/5848 5924/3620/5859 5923/3622/5860 5911/3623/5849
f 5911/3605/5849 5923/3624/5860 5922/3625/5861 5910/3606/5850
f 5910/3606/5850 5922/3625/5861 5921/3626/5862 5909/3607/5851
f 5909/3607/5851 5921/3626/5862 5920/3627/5863 5908/3608/5852
f 5908/3608/5852 5920/3627/5863 5919/3628/5864 5907/3609/5853
f 5907/3609/5853 5919/3628/5864 5917/3511/5764 5905/3510/5763
f 5918/3611/5854 5930/3629/5865 5940/3630/5866 5928/3631/5855
f 5928/3631/5855 5940/3630/5866 5939/3632/5867 5927/3633/5856
f 5927/3633/5856 5939/3632/5867 5938/3634/5868 5926/3635/5857
f 5926/3635/5857 5938/3634/5868 5937/3636/5869 5925/3637/5858
f 5925/3637/5858 5937/3636/5869 5936/3638/5870 5924/3639/5859
f 5924/3639/5859 5936/3638/5870 5935/3640/5871 5923/3641/5860
f 5923/3624/5860 5935/3642/5871 5934/3643/5872 5922/3625/5861
f 5922/3625/5861 5934/3643/5872 5933/3644/5873 5921/3626/5862
f 5921/3626/5862 5933/3644/5873 5932/3645/5874 5920/3627/5863
f 5920/3627/5863 5932/3645/5874 5931/3646/5875 5919/3628/5864
f 5919/3628/5864 5931/3646/5875 5929/3512/5765 5917/3511/5764
f 5930/3629/5865 5942/3647/5876 5952/3648/5877 5940/3649/5866
f 5940/3649/5866 5952/3648/5877 5951/3650/5878 5939/3651/5867
f 5939/3651/5867 5951/3650/5878 5950/3652/5879 5938/3653/5868
f 5938/3653/5868 5950/3652/5879 5949/3654/5880 5937/3655/5869
f 5937/3655/5869 5949/3654/5880 5948/3656/5881 5936/3657/5870
f 5936/3657/5870 5948/3656/5881 5947/3658/5882 5935/3659/5871
f 5935/3642/5871 5947/3660/5882 5946/3661/5883 5934/3643/5872
f 5934/3643/5872 5946/3661/5883 5945/3662/5884 5933/3644/5873
f 5933/3644/5873 5945/3662/5884 5944/3663/5885 5932/3645/5874
f 5932/3645/5874 5944/3663/5885 5943/3664/5886 5931/3646/5875
f 5931/3646/5875 5943/3664/5886 5941/3513/5766 5929/3512/5765
f 5942/3647/5876 5954/3665/5887 5964/3666/5888 5952/3667/5877
f 5952/3667/5877 5964/3666/5888 5963/3668/5889 5951/3669/5878
f 5951/3669/5878 5963/3668/5889 5962/3670/5890 5950/3671/5879
f 5950/3671/5879 5962/3670/5890 5961/3672/5891 5949/3673/5880
f 5949/3673/5880 5961/3672/5891 5960/3674/5892 5948/3675/5881
f 5948/3675/5881 5960/3674/5892 5959/3676/5893 5947/3677/5882
f 5947/3660/5882 5959/3678/5893 5958/3679/5894 5946/3661/5883
f 5946/3661/5883 5958/3679/5894 5957/3680/5895 5945/3662/5884
f 5945/3662/5884 5957/3680/5895 5956/3681/5896 5944/3663/5885
f 5944/3663/5885 5956/3681/5896 5955/3682/5897 5943/3664/5886
f 5943/3664/5886 5955/3682/5897 5953/3514/5767 5941/3513/5766
f 5954/3665/5887 5966/3683/5898 5976/3684/5899 5964/3685/5888
f 5964/3685/5888 5976/3684/5899 5975/3686/5900 5963/3687/5889
f 5963/3687/5889 5975/3686/5900 5974/3688/5901 5962/3689/5890
f 5962/3689/5890 5974/3688/5901 5973/3690/5902 5961/3691/5891
f 5961/3691/5891 5973/3690/5902 5972/3692/5903 5960/3693/5892
f 5960/3693/5892 5972/3692/5903 5971/3694/5904 5959/3695/5893
f 5959/3678/5893 5971/3696/5904 5970/3697/5905 5958/3679/5894
f 5958/3679/5894 5970/3697/5905 5969/3698/5906 5957/3680/5895
f 5957/3680/5895 5969/3698/5906 5968/3699/5907 5956/3681/5896
f 5956/3681/5896 5968/3699/5907 5967/3700/5908 5955/3682/5897
f 5955/3682/5897 5967/3700/5908 5965/3515/5768 5953/3514/5767
f 5966/3683/5898 5978/3701/5909 5988/3702/5910 5976/3703/5899
f 5976/3703/5899 5988/3702/5910 5987/3704/5911 5975/3705/5900
f 5975/3705/5900 5987/3704/5911 5986/3706/5912 5974/3707/5901
f 5974/3707/5901 5986/3706/5912 5985/3708/5913 5973/3709/5902
f 5973/3709/5902 5985/3708/5913 5984/3710/5914 5972/3711/5903
f 5972/3711/5903 5984/3710/5914 5983/3712/5915 5971/3713/5904
f 5971/3696/5904 5983/3714/5915 5982/3715/5916 5970/3697/5905
f 5970/3697/5905 5982/3715/5916 5981/3716/5917 5969/3698/5906
f 5969/3698/5906 5981/3716/5917 5980/3717/5918 5968/3699/5907
f 5968/3699/5907 5980/3717/5918 5979/3718/5919 5967/3700/5908
f 5967/3700/5908 5979/3718/5919 5977/3516/5769 5965/3515/5768
f 5978/3719/5909 5990/3720/5920 6000/3721/5921 5988/3722/5910
f 5988/3722/5910 6000/3721/5921 5999/3723/5922 5987/3724/5911
f 5987/3724/5911 5999/3723/5922 5998/3725/5923 5986/3726/5912
f 5986/3726/5912 5998/3725/5923 5997/3727/5924 5985/3728/5913
f 5985/3728/5913 5997/3727/5924 5996/3729/5925 5984/3730/5914
f 5984/3730/5914 5996/3729/5925 5995/3731/5926 5983/3732/5915
f 5983/3714/5915 5995/3733/5926 5994/3734/5927 5982/3715/5916
f 5982/3715/5916 5994/3734/5927 5993/3735/5928 5981/3716/5917
f 5981/3716/5917 5993/3735/5928 5992/3736/5929 5980/3717/5918
f 5980/3717/5918 5992/3736/5929 5991/3737/5930 5979/3718/5919
f 5979/3718/5919 5991/3737/5930 5989/3517/5770 5977/3516/5769
f 5990/3738/5920 6002/3739/5931 6012/3740/5932 6000/3741/5921
f 6000/3741/5921 6012/3740/5932 6011/3742/5933 5999/3743/5922
f 5999/3743/5922 6011/3742/5933 6010/3744/5934 5998/3745/5923
f 5998/3745/5923 6010/3744/5934 6009/3746/5935 5997/3747/5924
f 5997/3747/5924 6009/3746/5935 6008/3748/5936 5996/3749/5925
f 5996/3749/5925 6008/3748/5936 6007/3750/5937 5995/3751/5926
f 5995/3733/5926 6007/3752/5937 6006/3753/5938 5994/3734/5927
f 5994/3734/5927 6006/3753/5938 6005/3754/5939 5993/3735/5928
f 5993/3735/5928 6005/3754/5939 6004/3755/5940 5992/3736/5929
f 5992/3736/5929 6004/3755/5940 6003/3756/5941 5991/3737/5930
f 5991/3737/5930 6003/3756/5941 6001/3518/5771 5989/3517/5770
f 6002/3757/5931 6014/3758/5942 6024/3759/5943 6012/3760/5932
f 6012/3760/5932 6024/3759/5943 6023/3761/5944 6011/3762/5933
f 6011/3762/5933 6023/3761/5944 6022/3763/5945 6010/3764/5934
f 6010/3764/5934 6022/3763/5945 6021/3765/5946 6009/3766/5935
f 6009/3766/5935 6021/3765/5946 6020/3767/5947 6008/3768/5936
f 6008/3768/5936 6020/3767/5947 6019/3769/5948 6007/3770/5937
f 6007/3752/5937 6019/3771/5948 6018/3772/5949 6006/3753/5938
f 6006/3753/5938 6018/3772/5949 6017/3773/5950 6005/3754/5939
f 6005/3754/5939 6017/3773/5950 6016/3774/5951 6004/3755/5940
f 6004/3755/5940 6016/3774/5951 6015/3775/5952 6003/3756/5941
f 6003/3756/5941 6015/3775/5952 6013/3519/5772 6001/3518/5771
f 6014/3776/5942 6026/3777/5953 6036/3778/5954 6024/3779/5943
f 6024/3779/5943 6036/3778/5954 6035/3780/5955 6023/3781/5944
f 6023/3781/5944 6035/3780/5955 6034/3782/5956 6022/3783/5945
f 6022/3783/5945 6034/3782/5956 6033/3784/5957 6021/3785/5946
f 6021/3785/5946 6033/3784/5957 6032/3786/5958 6020/3787/5947
f 6020/3787/5947 6032/3786/5958 6031/3788/5959 6019/3789/5948
f 6019/3771/5948 6031/3790/5959 6030/3791/5960 6018/3772/5949
f 6018/3772/5949 6030/3791/5960 6029/3792/5961 6017/3773/5950
f 6017/3773/5950 6029/3792/5961 6028/3793/5962 6016/3774/5951
f 6016/3774/5951 6028/3793/5962 6027/3794/5963 6015/3775/5952
f 6015/3775/5952 6027/3794/5963 6025/3520/5773 6013/3519/5772
f 6026/3777/5953 6038/3795/5964 6048/3796/5965 6036/3797/5954
f 6036/3797/5954 6048/3796/5965 6047/3798/5966 6035/3799/5955
f 6035/3799/5955 6047/3798/5966 6046/3800/5967 6034/3801/5956
f 6034/3801/5956 6046/3800/5967 6045/3802/5968 6033/3803/5957
f 6033/3803/5957 6045/3802/5968 6044/3804/5969 6032/3805/5958
f 6032/3805/5958 6044/3804/5969 6043/3806/5970 6031/3807/5959
f 6031/3790/5959 6043/3808/5970 6042/3809/5971 6030/3791/5960
f 6030/3791/5960 6042/3809/5971 6041/3810/5972 6029/3792/5961
f 6029/3792/5961 6041/3810/5972 6040/3811/5973 6028/3793/5962
f 6028/3793/5962 6040/3811/5973 6039/3812/5974 6027/3794/5963
f 6027/3794/5963 6039/3812/5974 6037/3521/5774 6025/3520/5773
f 6038/3813/5964 6050/3814/5975 6060/3815/5976 6048/3816/5965
f 6048/3816/5965 6060/3815/5976 6059/3817/5977 6047/3818/5966
f 6047/3818/5966 6059/3817/5977 6058/3819/5978 6046/3820/5967
f 6046/3820/5967 6058/3819/5978 6057/3821/5979 6045/3822/5968
f 6045/3822/5968 6057/3821/5979 6056/3823/5980 6044/3824/5969
f 6044/3824/5969 6056/3823/5980 6055/3825/5981 6043/3826/5970
f 6043/3808/5970 6055/3827/5981 6054/3828/5982 6042/3809/5971
f 6042/3809/5971 6054/3828/5982 6053/3829/5983 6041/3810/5972
f 6041/3810/5972 6053/3829/5983 6052/3830/5984 6040/3811/5973
f 6040/3811/5973 6052/3830/5984 6051/3831/5985 6039/3812/5974
f 6039/3812/5974 6051/3831/5985 6049/3522/5775 6037/3521/5774
f 6050/3814/5975 6062/3832/5986 6072/3833/5987 6060/3834/5976
f 6060/3834/5976 6072/3833/5987 6071/3835/5988 6059/3836/5977
f 6059/3836/5977 6071/3835/5988 6070/3837/5989 6058/3838/5978
f 6058/3838/5978 6070/3837/5989 6069/3839/5990 6057/3840/5979
f 6057/3840/5979 6069/3839/5990 6068/3841/5991 6056/3842/5980
f 6056/3842/5980 6068/3841/5991 6067/3843/5992 6055/3844/5981
f 6055/3827/5981 6067/3845/5992 6066/3846/5993 6054/3828/5982
f 6054/3828/5982 6066/3846/5993 6065/3847/5994 6053/3829/5983
f 6053/3829/5983 6065/3847/5994 6064/3848/5995 6052/3830/5984
f 6052/3830/5984 6064/3848/5995 6063/3849/5996 6051/3831/5985
f 6051/3831/5985 6063/3849/5996 6061/3523/5776 6049/3522/5775
f 6062/3832/5986 6074/3850/5997 6084/3851/5998 6072/3852/5987
f 6072/3852/5987 6084/3851/5998 6083/3853/5999 6071/3854/5988
f 6071/3854/5988 6083/3853/5999 6082/3855/6000 6070/3856/5989
f 6070/3856/5989 6082/3855/6000 6081/3857/6001 6069/3858/5990
f 6069/3858/5990 6081/3857/6001 6080/3859/6002 6068/3860/5991
f 6068/3860/5991 6080/3859/6002 6079/3861/6003 6067/3862/5992
f 6067/3845/5992 6079/3863/6003 6078/3864/6004 6066/3846/5993
f 6066/3846/5993 6078/3864/6004 6077/3865/6005 6065/3847/5994
f 6065/3847/5994 6077/3865/6005 6076/3866/6006 6064/3848/5995
f 6064/3848/5995 6076/3866/6006 6075/3867/6007 6063/3849/5996
f 6063/3849/5996 6075/3867/6007 6073/3524/5777 6061/3523/5776
f 6074/3868/5997 6086/3869/6008 6096/3870/6009 6084/3871/5998
f 6084/3871/5998 6096/3870/6009 6095/3872/6010 6083/3873/5999
f 6083/3873/5999 6095/3872/6010 6094/3874/6011 6082/3875/6000
f 6082/3875/6000 6094/3874/6011 6093/3876/6012 6081/3877/6001
f 6081/3877/6001 6093/3876/6012 6092/3878/6013 6080/3879/6002
f 6080/3879/6002 6092/3878/6013 6091/3880/6014 6079/3881/6003
f 6079/3863/6003 6091/3882/6014 6090/3883/6015 6078/3864/6004
f 6078/3864/6004 6090/3883/6015 6089/3884/6016 6077/3865/6005
f 6077/3865/6005 6089/3884/6016 6088/3885/6017 6076/3866/6006
f 6076/3866/6006 6088/3885/6017 6087/3886/6018 6075/3867/6007
f 6075/3867/6007 6087/3886/6018 6085/3525/5778 6073/3524/5777
f 6086/3869/6008 6098/3887/6019 6108/3888/6020 6096/3889/6009
f 6096/3889/6009 6108/3888/6020 6107/3890/6021 6095/3891/6010
f 6095/3891/6010 6107/3890/6021 6106/3892/6022 6094/3893/6011
f 6094/3893/6011 6106/3892/6022 6105/3894/6023 6093/3895/6012
f 6093/3895/6012 6105/3894/6023 6104/3896/6024 6092/3897/6013
f 6092/3897/6013 6104/3896/6024 6103/3898/6025 6091/3899/6014
f 6091/3882/6014 6103/3900/6025 6102/3901/6026 6090/3883/6015
f 6090/3883/6015 6102/3901/6026 6101/3902/6027 6089/3884/6016
f 6089/3884/6016 6101/3902/6027 6100/3903/6028 6088/3885/6017
f 6088/3885/6017 6100/3903/6028 6099/3904/6029 6087/3886/6018
f 6087/3886/6018 6099/3904/6029 6097/3526/5779 6085/3525/5778
f 6098/3887/6019 6110/3905/6030 6120/3906/6031 6108/3907/6020
f 6108/3907/6020 6120/3906/6031 6119/3908/6032 6107/3909/6021
f 6107/3909/6021 6119/3908/6032 6118/3910/6033 6106/3911/6022
f 6106/3911/6022 6118/3910/6033 6117/3912/6034 6105/3913/6023
f 6105/3913/6023 6117/3912/6034 6116/3914/6035 6104/3915/6024
f 6104/3915/6024 6116/3914/6035 6115/3916/6036 6103/3917/6025
f 6103/3900/6025 6115/3918/6036 6114/3919/6037 6102/3901/6026
f 6102/3901/6026 6114/3919/6037 6113/3920/6038 6101/3902/6027
f 6101/3902/6027 6113/3920/6038 6112/3921/6039 6100/3903/6028
f 6100/3903/6028 6112/3921/6039 6111/3922/6040 6099/3904/6029
f 6099/3904/6029 6111/3922/6040 6109/3527/5780 6097/3526/5779
f 6110/3905/6030 6122/3923/6041 6132/3924/6042 6120/3925/6031
f 6120/3925/6031 6132/3924/6042 6131/3926/6043 6119/3927/6032
f 6119/3927/6032 6131/3926/6043 6130/3928/6044 6118/3929/6033
f 6118/3929/6033 6130/3928/6044 6129/3930/6045 6117/3931/6034
f 6117/3931/6034 6129/3930/6045 6128/3932/6046 6116/3933/6035
f 6116/3933/6035 6128/3932/6046 6127/3934/6047 6115/3935/6036
f 6115/3918/6036 6127/3936/6047 6126/3937/6048 6114/3919/6037
f 6114/3919/6037 6126/3937/6048 6125/3938/6049 6113/3920/6038
f 6113/3920/6038 6125/3938/6049 6124/3939/6050 6112/3921/6039
f 6112/3921/6039 6124/3939/6050 6123/3940/6051 6111/3922/6040
f 6111/3922/6040 6123/3940/6051 6121/3528/5781 6109/3527/5780
f 6122/3941/6041 6134/3942/6052 6144/3943/6053 6132/3944/6042
f 6132/3944/6042 6144/3943/6053 6143/3945/6054 6131/3946/6043
f 6131/3946/6043 6143/3945/6054 6142/3947/6055 6130/3948/6044
f 6130/3948/6044 6142/3947/6055 6141/3949/6056 6129/3950/6045
f 6129/3950/6045 6141/3949/6056 6140/3951/6057 6128/3952/6046
f 6128/3952/6046 6140/3951/6057 6139/3953/6058 6127/3954/6047
f 6127/3936/6047 6139/3955/6058 6138/3956/6059 6126/3937/6048
f 6126/3937/6048 6138/3956/6059 6137/3957/6060 6125/3938/6049
f 6125/3938/6049 6137/3957/6060 6136/3958/6061 6124/3939/6050
f 6124/3939/6050 6136/3958/6061 6135/3959/6062 6123/3940/6051
f 6123/3940/6051 6135/3959/6062 6133/3529/5782 6121/3528/5781
f 6134/3960/6052 6146/3961/6063 6156/3962/6064 6144/3963/6053
f 6144/3963/6053 6156/3962/6064 6155/3964/6065 6143/3965/6054
f 6143/3965/6054 6155/3964/6065 6154/3966/6066 6142/3967/6055
f 6142/3967/6055 6154/3966/6066 6153/3968/6067 6141/3969/6056
f 6141/3969/6056 6153/3968/6067 6152/3970/6068 6140/3971/6057
f 6140/3971/6057 6152/3970/6068 6151/3972/6069 6139/3973/6058
f 6139/3955/6058 6151/3974/6069 6150/3975/6070 6138/3956/6059
f 6138/3956/6059 6150/3975/6070 6149/3976/6071 6137/3957/6060
f 6137/3957/6060 6149/3976/6071 6148/3977/6072 6136/3958/6061
f 6136/3958/6061 6148/3977/6072 6147/3978/6073 6135/3959/6062
f 6135/3959/6062 6147/3978/6073 6145/3530/5783 6133/3529/5782
f 6146/3961/6063 6158/3979/6074 6168/3980/6075 6156/3981/6064
f 6156/3981/6064 6168/3980/6075 6167/3982/6076 6155/3983/6065
f 6155/3983/6065 6167/3982/6076 6166/3984/6077 6154/3985/6066
f 6154/3985/6066 6166/3984/6077 6165/3986/6078 6153/3987/6067
f 6153/3987/6067 6165/3986/6078 6164/3988/6079 6152/3989/6068
f 6152/3989/6068 6164/3988/6079 6163/3990/6080 6151/3991/6069
f 6151/3974/6069 6163/3992/6080 6162/3993/6081 6150/3975/6070
f 6150/3975/6070 6162/3993/6081 6161/3994/6082 6149/3976/6071
f 6149/3976/6071 6161/3994/6082 6160/3995/6083 6148/3977/6072
f 6148/3977/6072 6160/3995/6083 6159/3996/6084 6147/3978/6073
f 6147/3978/6073 6159/3996/6084 6157/3531/5784 6145/3530/5783
f 6158/3997/6074 6170/3998/6085 6180/3999/6086 6168/4000/6075
f 6168/4000/6075 6180/3999/6086 6179/4001/6087 6167/4002/6076
f 6167/4002/6076 6179/4001/6087 6178/4003/6088 6166/4004/6077
f 6166/4004/6077 6178/4003/6088 6177/4005/6089 6165/4006/6078
f 6165/4006/6078 6177/4005/6089 6176/4007/6090 6164/4008/6079
f 6164/4008/6079 6176/4007/6090 6175/4009/6091 6163/4010/6080
f 6163/3992/6080 6175/4011/6091 6174/4012/6092 6162/3993/6081
f 6162/3993/6081 6174/4012/6092 6173/4013/6093 6161/3994/6082
f 6161/3994/6082 6173/4013/6093 6172/4014/6094 6160/3995/6083
f 6160/3995/6083 6172/4014/6094 6171/4015/6095 6159/3996/6084
f 6159/3996/6084 6171/4015/6095 6169/3532/5785 6157/3531/5784
f 6170/3998/6085 6182/4016/6096 6192/4017/6097 6180/4018/6086
f 6180/4018/6086 6192/4017/6097 6191/4019/6098 6179/4020/6087
f 6179/4020/6087 6191/4019/6098 6190/4021/6099 6178/4022/6088
f 6178/4022/6088 6190/4021/6099 6189/4023/6100 6177/4024/6089
f 6177/4024/6089 6189/4023/6100 6188/4025/6101 6176/4026/6090
f 6176/4026/6090 6188/4025/6101 6187/4027/6102 6175/4028/6091
f 6175/4011/6091 6187/4029/6102 6186/4030/6103 6174/4012/6092
f 6174/4012/6092 6186/4030/6103 6185/4031/6104 6173/4013/6093
f 6173/4013/6093 6185/4031/6104 6184/4032/6105 6172/4014/6094
f 6172/4014/6094 6184/4032/6105 6183/4033/6106 6171/4015/6095
f 6171/4015/6095 6183/4033/6106 6181/3533/5786 6169/3532/5785
f 6182/4016/6096 6194/4034/6107 6204/4035/6108 6192/4036/6097
f 6192/4036/6097 6204/4035/6108 6203/4037/6109 6191/4038/6098
f 6191/4038/6098 6203/4037/6109 6202/4039/6110 6190/4040/6099
f 6190/4040/6099 6202/4039/6110 6201/4041/6111 6189/4042/6100
f 6189/4042/6100 6201/4041/6111 6200/4043/6112 6188/4044/6101
f 6188/4044/6101 6200/4043/6112 6199/4045/6113 6187/4046/6102
f 6187/4029/6102 6199/4047/6113 6198/4048/6114 6186/4030/6103
f 6186/4030/6103 6198/4048/6114 6197/4049/6115 6185/4031/6104
f 6185/4031/6104 6197/4049/6115 6196/4050/6116 6184/4032/6105
f 6184/4032/6105 6196/4050/6116 6195/4051/6117 6183/4033/6106
f 6183/4033/6106 6195/4051/6117 6193/3534/5787 6181/3533/5786
f 6194/4034/6107 6206/4052/6118 6216/4053/6119 6204/4054/6108
f 6204/4054/6108 6216/4053/6119 6215/4055/6120 6203/4056/6109
f 6203/4056/6109 6215/4055/6120 6214/4057/6121 6202/4058/6110
f 6202/4058/6110 6214/4057/6121 6213/4059/6122 6201/4060/6111
f 6201/4060/6111 6213/4059/6122 6212/4061/6123 6200/4062/6112
f 6200/4062/6112 6212/4061/6123 6211/4063/6124 6199/4064/6113
f 6199/4047/6113 6211/4065/6124 6210/4066/6125 6198/4048/6114
f 6198/4048/6114 6210/4066/6125 6209/4067/6126 6197/4049/6115
f 6197/4049/6115 6209/4067/6126 6208/4068/6127 6196/4050/6116
f 6196/4050/6116 6208/4068/6127 6207/4069/6128 6195/4051/6117
f 6195/4051/6117 6207/4069/6128 6205/3535/5788 6193/3534/5787
f 6206/4052/6118 6218/4070/6129 6228/4071/6130 6216/4072/6119
f 6216/4072/6119 6228/4071/6130 6227/4073/6131 6215/4074/6120
f 6215/4074/6120 6227/4073/6131 6226/4075/6132 6214/4076/6121
f 6214/4076/6121 6226/4075/6132 6225/4077/6133 6213/4078/6122
f 6213/4078/6122 6225/4077/6133 6224/4079/6134 6212/4080/6123
f 6212/4080/6123 6224/4079/6134 6223/4081/6135 6211/4082/6124
f 6211/4065/6124 6223/4083/6135 6222/4084/6136 6210/4066/6125
f 6210/4066/6125 6222/4084/6136 6221/4085/6137 6209/4067/6126
f 6209/4067/6126 6221/4085/6137 6220/4086/6138 6208/4068/6127
f 6208/4068/6127 6220/4086/6138 6219/4087/6139 6207/4069/6128
f 6207/4069/6128 6219/4087/6139 6217/3536/5789 6205/3535/5788
f 6218/4070/6129 6230/4088/6140 6240/4089/6141 6228/4090/6130
f 6228/4090/6130 6240/4089/6141 6239/4091/6142 6227/4092/6131
f 6227/4092/6131 6239/4091/6142 6238/4093/6143 6226/4094/6132
f 6226/4094/6132 6238/4093/6143 6237/4095/6144 6225/4096/6133
f 6225/4096/6133 6237/4095/6144 6236/4097/6145 6224/4098/6134
f 6224/4098/6134 6236/4097/6145 6235/4099/6146 6223/4100/6135
f 6223/4083/6135 6235/4101/6146 6234/4102/6147 6222/4084/6136
f 6222/4084/6136 6234/4102/6147 6233/4103/6148 6221/4085/6137
f 6221/4085/6137 6233/4103/6148 6232/4104/6149 6220/4086/6138
f 6220/4086/6138 6232/4104/6149 6231/4105/6150 6219/4087/6139
f 6219/4087/6139 6231/4105/6150 6229/3537/5790 6217/3536/5789
f 6230/4088/6140 6242/4106/6151 6252/4107/6152 6240/4108/6141
f 6240/4108/6141 6252/4107/6152 6251/4109/6153 6239/4110/6142
f 6239/4110/6142 6251/4109/6153 6250/4111/6154 6238/4112/6143
f 6238/4112/6143 6250/4111/6154 6249/4113/6155 6237/4114/6144
f 6237/4114/6144 6249/4113/6155 6248/4115/6156 6236/4116/6145
f 6236/4116/6145 6248/4115/6156 6247/4117/6157 6235/4118/6146
f 6235/4101/6146 6247/4119/6157 6246/4120/6158 6234/4102/6147
f 6234/4102/6147 6246/4120/6158 6245/4121/6159 6233/4103/6148
f 6233/4103/6148 6245/4121/6159 6244/4122/6160 6232/4104/6149
f 6232/4104/6149 6244/4122/6160 6243/4123/6161 6231/4105/6150
f 6231/4105/6150 6243/4123/6161 6241/3538/5791 6229/3537/5790
f 6242/4106/6151 6254/4124/6162 6264/4125/6163 6252/4126/6152
f 6252/4126/6152 6264/4125/6163 6263/4127/6164 6251/4128/6153
f 6251/4128/6153 6263/4127/6164 6262/4129/6165 6250/4130/6154
f 6250/4130/6154 6262/4129/6165 6261/4131/6166 6249/4132/6155
f 6249/4132/6155 6261/4131/6166 6260/4133/6167 6248/4134/6156
f 6248/4134/6156 6260/4133/6167 6259/4135/6168 6247/4136/6157
f 6247/4119/6157 6259/4137/6168 6258/4138/6169 6246/4120/6158
f 6246/4120/6158 6258/4138/6169 6257/4139/6170 6245/4121/6159
f 6245/4121/6159 6257/4139/6170 6256/4140/6171 6244/4122/6160
f 6244/4122/6160 6256/4140/6171 6255/4141/6172 6243/4123/6161
f 6243/4123/6161 6255/4141/6172 6253/3539/5792 6241/3538/5791
f 6254/4124/6162 6266/4142/6173 6276/4143/6174 6264/4144/6163
f 6264/4144/6163 6276/4143/6174 6275/4145/6175 6263/4146/6164
f 6263/4146/6164 6275/4145/6175 6274/4147/6176 6262/4148/6165
f 6262/4148/6165 6274/4147/6176 6273/4149/6177 6261/4150/6166
f 6261/4150/6166 6273/4149/6177 6272/4151/6178 6260/4152/6167
f 6260/4152/6167 6272/4151/6178 6271/4153/6179 6259/4154/6168
f 6259/4137/6168 6271/4155/6179 6270/4156/6180 6258/4138/6169
f 6258/4138/6169 6270/4156/6180 6269/4157/6181 6257/4139/6170
f 6257/4139/6170 6269/4157/6181 6268/4158/6182 6256/4140/6171
f 6256/4140/6171 6268/4158/6182 6267/4159/6183 6255/4141/6172
f 6255/4141/6172 6267/4159/6183 6265/3540/5793 6253/3539/5792
f 6266/4142/6173 6278/4160/6184 6288/4161/6185 6276/4162/6174
f 6276/4162/6174 6288/4161/6185 6287/4163/6186 6275/4164/6175
f 6275/4164/6175 6287/4163/6186 6286/4165/6187 6274/4166/6176
f 6274/4166/6176 6286/4165/6187 6285/4167/6188 6273/4168/6177
f 6273/4168/6177 6285/4167/6188 6284/4169/6189 6272/4170/6178
f 6272/4170/6178 6284/4169/6189 6283/4171/6190 6271/4172/6179
f 6271/4155/6179 6283/4173/6190 6282/4174/6191 6270/4156/6180
f 6270/4156/6180 6282/4174/6191 6281/4175/6192 6269/4157/6181
f 6269/4157/6181 6281/4175/6192 6280/4176/6193 6268/4158/6182
f 6268/4158/6182 6280/4176/6193 6279/4177/6194 6267/4159/6183
f 6267/4159/6183 6279/4177/6194 6277/3541/5794 6265/3540/5793
f 6278/4178/6184 6290/4179/6195 6300/4180/6196 6288/4181/6185
f 6288/4181/6185 6300/4180/6196 6299/4182/6197 6287/4183/6186
f 6287/4183/6186 6299/4182/6197 6298/4184/6198 6286/4185/6187
f 6286/4185/6187 6298/4184/6198 6297/4186/6199 6285/4187/6188
f 6285/4187/6188 6297/4186/6199 6296/4188/6200 6284/4189/6189
f 6284/4189/6189 6296/4188/6200 6295/4190/6201 6283/4191/6190
f 6283/4173/6190 6295/4192/6201 6294/4193/6202 6282/4174/6191
f 6282/4174/6191 6294/4193/6202 6293/4194/6203 6281/4175/6192
f 6281/4175/6192 6293/4194/6203 6292/4195/6204 6280/4176/6193
f 6280/4176/6193 6292/4195/6204 6291/4196/6205 6279/4177/6194
f 6279/4177/6194 6291/4196/6205 6289/3542/5795 6277/3541/5794
f 6290/4179/6195 6302/4197/6206 6312/4198/6207 6300/4199/6196
f 6300/4199/6196 6312/4198/6207 6311/4200/6208 6299/4201/6197
f 6299/4201/6197 6311/4200/6208 6310/4202/6209 6298/4203/6198
f 6298/4203/6198 6310/4202/6209 6309/4204/6210 6297/4205/6199
f 6297/4205/6199 6309/4204/6210 6308/4206/6211 6296/4207/6200
f 6296/4207/6200 6308/4206/6211 6307/4208/6212 6295/4209/6201
f 6295/4192/6201 6307/4210/6212 6306/4211/6213 6294/4193/6202
f 6294/4193/6202 6306/4211/6213 6305/4212/6214 6293/4194/6203
f 6293/4194/6203 6305/4212/6214 6304/4213/6215 6292/4195/6204
f 6292/4195/6204 6304/4213/6215 6303/4214/6216 6291/4196/6205
f 6291/4196/6205 6303/4214/6216 6301/3543/5796 6289/3542/5795
f 6302/4215/6206 6314/4216/6217 6324/4217/6218 6312/4218/6207
f 6312/4218/6207 6324/4217/6218 6323/4219/6219 6311/4220/6208
f 6311/4220/6208 6323/4219/6219 6322/4221/6220 6310/4222/6209
f 6310/4222/6209 6322/4221/6220 6321/4223/6221 6309/4224/6210
f 6309/4224/6210 6321/4223/6221 6320/4225/6222 6308/4226/6211
f 6308/4226/6211 6320/4225/6222 6319/4227/6223 6307/4228/6212
f 6307/4210/6212 6319/4229/6223 6318/4230/6224 6306/4211/6213
f 6306/4211/6213 6318/4230/6224 6317/4231/6225 6305/4212/6214
f 6305/4212/6214 6317/4231/6225 6316/4232/6226 6304/4213/6215
f 6304/4213/6215 6316/4232/6226 6315/4233/6227 6303/4214/6216
f 6303/4214/6216 6315/4233/6227 6313/3544/5797 6301/3543/5796
f 6314/4234/6217 6326/4235/6228 6336/4236/6229 6324/4237/6218
f 6324/4237/6218 6336/4236/6229 6335/4238/6230 6323/4239/6219
f 6323/4239/6219 6335/4238/6230 6334/4240/6231 6322/4241/6220
f 6322/4241/6220 6334/4240/6231 6333/4242/6232 6321/4243/6221
f 6321/4243/6221 6333/4242/6232 6332/4244/6233 6320/4245/6222
f 6320/4245/6222 6332/4244/6233 6331/4246/6234 6319/4247/6223
f 6319/4229/6223 6331/4248/6234 6330/4249/6235 6318/4230/6224
f 6318/4230/6224 6330/4249/6235 6329/4250/6236 6317/4231/6225
f 6317/4231/6225 6329/4250/6236 6328/4251/6237 6316/4232/6226
f 6316/4232/6226 6328/4251/6237 6327/4252/6238 6315/4233/6227
f 6315/4233/6227 6327/4252/6238 6325/3545/5798 6313/3544/5797
f 6326/4253/6228 6338/4254/6239 6348/4255/6240 6336/4256/6229
f 6336/4256/6229 6348/4255/6240 6347/4257/6241 6335/4258/6230
f 6335/4258/6230 6347/4257/6241 6346/4259/6242 6334/4260/6231
f 6334/4260/6231 6346/4259/6242 6345/4261/6243 6333/4262/6232
f 6333/4262/6232 6345/4261/6243 6344/4263/6244 6332/4264/6233
f 6332/4264/6233 6344/4263/6244 6343/4265/6245 6331/4266/6234
f 6331/4248/6234 6343/4267/6245 6342/4268/6246 6330/4249/6235
f 6330/4249/6235 6342/4268/6246 6341/4269/6247 6329/4250/6236
f 6329/4250/6236 6341/4269/6247 6340/4270/6248 6328/4251/6237
f 6328/4251/6237 6340/4270/6248 6339/4271/6249 6327/4252/6238
f 6327/4252/6238 6339/4271/6249 6337/3546/5799 6325/3545/5798
f 6338/4254/6239 6350/4272/6250 6360/4273/6251 6348/4274/6240
f 6348/4274/6240 6360/4273/6251 6359/4275/6252 6347/4276/6241
f 6347/4276/6241 6359/4275/6252 6358/4277/6253 6346/4278/6242
f 6346/4278/6242 6358/4277/6253 6357/4279/6254 6345/4280/6243
f 6345/4280/6243 6357/4279/6254 6356/4281/6255 6344/4282/6244
f 6344/4282/6244 6356/4281/6255 6355/4283/6256 6343/4284/6245
f 6343/4267/6245 6355/4285/6256 6354/4286/6257 6342/4268/6246
f 6342/4268/6246 6354/4286/6257 6353/4287/6258 6341/4269/6247
f 6341/4269/6247 6353/4287/6258 6352/4288/6259 6340/4270/6248
f 6340/4270/6248 6352/4288/6259 6351/4289/6260 6339/4271/6249
f 6339/4271/6249 6351/4289/6260 6349/3547/5800 6337/3546/5799
f 6350/4290/6250 6362/4291/6261 6372/4292/6262 6360/4293/6251
f 6360/4293/6251 6372/4292/6262 6371/4294/6263 6359/4295/6252
f 6359/4295/6252 6371/4294/6263 6370/4296/6264 6358/4297/6253
f 6358/4297/6253 6370/4296/6264 6369/4298/6265 6357/4299/6254
f 6357/4299/6254 6369/4298/6265 6368/4300/6266 6356/4301/6255
f 6356/4301/6255 6368/4300/6266 6367/4302/6267 6355/4303/6256
f 6355/4285/6256 6367/4304/6267 6366/4305/6268 6354/4286/6257
f 6354/4286/6257 6366/4305/6268 6365/4306/6269 6353/4287/6258
f 6353/4287/6258 6365/4306/6269 6364/4307/6270 6352/4288/6259
f 6352/4288/6259 6364/4307/6270 6363/4308/6271 6351/4289/6260
f 6351/4289/6260 6363/4308/6271 6361/3548/5801 6349/3547/5800
f 6362/4291/6261 6374/4309/6272 6384/4310/6273 6372/4311/6262
f 6372/4311/6262 6384/4310/6273 6383/4312/6274 6371/4313/6263
f 6371/4313/6263 6383/4312/6274 6382/4314/6275 6370/4315/6264
f 6370/4315/6264 6382/4314/6275 6381/4316/6276 6369/4317/6265
f 6369/4317/6265 6381/4316/6276 6380/4318/6277 6368/4319/6266
f 6368/4319/6266 6380/4318/6277 6379/4320/6278 6367/4321/6267
f 6367/4304/6267 6379/4322/6278 6378/4323/6279 6366/4305/6268
f 6366/4305/6268 6378/4323/6279 6377/4324/6280 6365/4306/6269
f 6365/4306/6269 6377/4324/6280 6376/4325/6281 6364/4307/6270
f 6364/4307/6270 6376/4325/6281 6375/4326/6282 6363/4308/6271
f 6363/4308/6271 6375/4326/6282 6373/3549/5802 6361/3548/5801
f 6374/4327/6272 6386/4328/6283 6396/4329/6284 6384/4330/6273
f 6384/4330/6273 6396/4329/6284 6395/4331/6285 6383/4332/6274
f 6383/4332/6274 6395/4331/6285 6394/4333/6286 6382/4334/6275
f 6382/4334/6275 6394/4333/6286 6393/4335/6287 6381/4336/6276
f 6381/4336/6276 6393/4335/6287 6392/4337/6288 6380/4338/6277
f 6380/4338/6277 6392/4337/6288 6391/4339/6289 6379/4340/6278
f 6379/4322/6278 6391/4341/6289 6390/4342/6290 6378/4323/6279
f 6378/4323/6279 6390/4342/6290 6389/4343/6291 6377/4324/6280
f 6377/4324/6280 6389/4343/6291 6388/4344/6292 6376/4325/6281
f 6376/4325/6281 6388/4344/6292 6387/4345/6293 6375/4326/6282
f 6375/4326/6282 6387/4345/6293 6385/3550/5803 6373/3549/5802
f 6386/4328/6283 6398/4346/6294 6408/4347/6295 6396/4348/6284
f 6396/4348/6284 6408/4347/6295 6407/4349/6296 6395/4350/6285
f 6395/4350/6285 6407/4349/6296 6406/4351/6297 6394/4352/6286
f 6394/4352/6286 6406/4351/6297 6405/4353/6298 6393/4354/6287
f 6393/4354/6287 6405/4353/6298 6404/4355/6299 6392/4356/6288
f 6392/4356/6288 6404/4355/6299 6403/4357/6300 6391/4358/6289
f 6391/4341/6289 6403/4359/6300 6402/4360/6301 6390/4342/6290
f 6390/4342/6290 6402/4360/6301 6401/4361/6302 6389/4343/6291
f 6389/4343/6291 6401/4361/6302 6400/4362/6303 6388/4344/6292
f 6388/4344/6292 6400/4362/6303 6399/4363/6304 6387/4345/6293
f 6387/4345/6293 6399/4363/6304 6397/3551/5804 6385/3550/5803
f 6398/4346/6294 6410/4364/6305 6420/4365/6306 6408/4366/6295
f 6408/4366/6295 6420/4365/6306 6419/4367/6307 6407/4368/6296
f 6407/4368/6296 6419/4367/6307 6418/4369/6308 6406/4370/6297
f 6406/4370/6297 6418/4369/6308 6417/4371/6309 6405/4372/6298
f 6405/4372/6298 6417/4371/6309 6416/4373/6310 6404/4374/6299
f 6404/4374/6299 6416/4373/6310 6415/4375/6311 6403/4376/6300
f 6403/4359/6300 6415/4377/6311 6414/4378/6312 6402/4360/6301
f 6402/4360/6301 6414/4378/6312 6413/4379/6313 6401/4361/6302
f 6401/4361/6302 6413/4379/6313 6412/4380/6314 6400/4362/6303
f 6400/4362/6303 6412/4380/6314 6411/4381/6315 6399/4363/6304
f 6399/4363/6304 6411/4381/6315 6409/3552/5805 6397/3551/5804
f 6410/4382/6305 6422/4383/6316 6432/4384/6317 6420/4385/6306
f 6420/4385/6306 6432/4384/6317 6431/4386/6318 6419/4387/6307
f 6419/4387/6307 6431/4386/6318 6430/4388/6319 6418/4389/6308
f 6418/4389/6308 6430/4388/6319 6429/4390/6320 6417/4391/6309
f 6417/4391/6309 6429/4390/6320 6428/4392/6321 6416/4393/6310
f 6416/4393/6310 6428/4392/6321 6427/4394/6322 6415/4395/6311
f 6415/4377/6311 6427/4396/6322 6426/4397/6323 6414/4378/6312
f 6414/4378/6312 6426/4397/6323 6425/4398/6324 6413/4379/6313
f 6413/4379/6313 6425/4398/6324 6424/4399/6325 6412/4380/6314
f 6412/4380/6314 6424/4399/6325 6423/4400/6326 6411/4381/6315
f 6411/4381/6315 6423/4400/6326 6421/3553/5806 6409/3552/5805
f 6422/4383/6316 6434/4401/6327 6444/4402/6328 6432/4403/6317
f 6432/4403/6317 6444/4402/6328 6443/4404/6329 6431/4405/6318
f 6431/4405/6318 6443/4404/6329 6442/4406/6330 6430/4407/6319
f 6430/4407/6319 6442/4406/6330 6441/4408/6331 6429/4409/6320
f 6429/4409/6320 6441/4408/6331 6440/4410/6332 6428/4411/6321
f 6428/4411/6321 6440/4410/6332 6439/4412/6333 6427/4413/6322
f 6427/4396/6322 6439/4414/6333 6438/4415/6334 6426/4397/6323
f 6426/4397/6323 6438/4415/6334 6437/4416/6335 6425/4398/6324
f 6425/4398/6324 6437/4416/6335 6436/4417/6336 6424/4399/6325
f 6424/4399/6325 6436/4417/6336 6435/4418/6337 6423/4400/6326
f 6423/4400/6326 6435/4418/6337 6433/3554/5807 6421/3553/5806
f 6434/4401/6327 6446/4419/6338 6456/4420/6339 6444/4421/6328
f 6444/4421/6328 6456/4420/6339 6455/4422/6340 6443/4423/6329
f 6443/4423/6329 6455/4422/6340 6454/4424/6341 6442/4425/6330
f 6442/4425/6330 6454/4424/6341 6453/4426/6342 6441/4427/6331
f 6441/4427/6331 6453/4426/6342 6452/4428/6343 6440/4429/6332
f 6440/4429/6332 6452/4428/6343 6451/4430/6344 6439/4431/6333
f 6439/4414/6333 6451/4432/6344 6450/4433/6345 6438/4415/6334
f 6438/4415/6334 6450/4433/6345 6449/4434/6346 6437/4416/6335
f 6437/4416/6335 6449/4434/6346 6448/4435/6347 6436/4417/6336
f 6436/4417/6336 6448/4435/6347 6447/4436/6348 6435/4418/6337
f 6435/4418/6337 6447/4436/6348 6445/3555/5808 6433/3554/5807
f 6446/4437/6338 6458/4438/6349 6468/4439/6350 6456/4440/6339
f 6456/4440/6339 6468/4439/6350 6467/4441/6351 6455/4442/6340
f 6455/4442/6340 6467/4441/6351 6466/4443/6352 6454/4444/6341
f 6454/4444/6341 6466/4443/6352 6465/4445/6353 6453/4446/6342
f 6453/4446/6342 6465/4445/6353 6464/4447/6354 6452/4448/6343
f 6452/4448/6343 6464/4447/6354 6463/4449/6355 6451/4450/6344
f 6451/4432/6344 6463/4451/6355 6462/4452/6356 6450/4433/6345
f 6450/4433/6345 6462/4452/6356 6461/4453/6357 6449/4434/6346
f 6449/4434/6346 6461/4453/6357 6460/4454/6358 6448/4435/6347
f 6448/4435/6347 6460/4454/6358 6459/4455/6359 6447/4436/6348
f 6447/4436/6348 6459/4455/6359 6457/3556/5809 6445/3555/5808
f 6458/4456/6349 6470/4457/6360 6480/4458/6361 6468/4459/6350
f 6468/4459/6350 6480/4458/6361 6479/4460/6362 6467/4461/6351
f 6467/4461/6351 6479/4460/6362 6478/4462/6363 6466/4463/6352
f 6466/4463/6352 6478/4462/6363 6477/4464/6364 6465/4465/6353
f 6465/4465/6353 6477/4464/6364 6476/4466/6365 6464/4467/6354
f 6464/4467/6354 6476/4466/6365 6475/4468/6366 6463/4469/6355
f 6463/4451/6355 6475/4470/6366 6474/4471/6367 6462/4452/6356
f 6462/4452/6356 6474/4471/6367 6473/4472/6368 6461/4453/6357
f 6461/4453/6357 6473/4472/6368 6472/4473/6369 6460/4454/6358
f 6460/4454/6358 6472/4473/6369 6471/4474/6370 6459/4455/6359
f 6459/4455/6359 6471/4474/6370 6469/3557/5810 6457/3556/5809
f 6470/4475/6360 6482/4476/6371 6492/4477/6372 6480/4478/6361
f 6480/4478/6361 6492/4477/6372 6491/4479/6373 6479/4480/6362
f 6479/4480/6362 6491/4479/6373 6490/4481/6374 6478/4482/6363
f 6478/4482/6363 6490/4481/6374 6489/4483/6375 6477/4484/6364
f 6477/4484/6364 6489/4483/6375 6488/4485/6376 6476/4486/6365
f 6476/4486/6365 6488/4485/6376 6487/4487/6377 6475/4488/6366
f 6475/4470/6366 6487/4489/6377 6486/4490/6378 6474/4471/6367
f 6474/4471/6367 6486/4490/6378 6485/4491/6379 6473/4472/6368
f 6473/4472/6368 6485/4491/6379 6484/4492/6380 6472/4473/6369
f 6472/4473/6369 6484/4492/6380 6483/4493/6381 6471/4474/6370
f 6471/4474/6370 6483/4493/6381 6481/3558/5811 6469/3557/5810
f 6482/4476/6371 6494/4494/6382 6504/4495/6383 6492/4496/6372
f 6492/4496/6372 6504/4495/6383 6503/4497/6384 6491/4498/6373
f 6491/4498/6373 6503/4497/6384 6502/4499/6385 6490/4500/6374
f 6490/4500/6374 6502/4499/6385 6501/4501/6386 6489/4502/6375
f 6489/4502/6375 6501/4501/6386 6500/4503/6387 6488/4504/6376
f 6488/4504/6376 6500/4503/6387 6499/4505/6388 6487/4506/6377
f 6487/4489/6377 6499/4507/6388 6498/4508/6389 6486/4490/6378
f 6486/4490/6378 6498/4508/6389 6497/4509/6390 6485/4491/6379
f 6485/4491/6379 6497/4509/6390 6496/4510/6391 6484/4492/6380
f 6484/4492/6380 6496/4510/6391 6495/4511/6392 6483/4493/6381
f 6483/4493/6381 6495/4511/6392 6493/3559/5812 6481/3558/5811
f 6494/4512/6382 6506/4513/6393 6516/4514/6394 6504/4515/6383
f 6504/4515/6383 6516/4514/6394 6515/4516/6395 6503/4517/6384
f 6503/4517/6384 6515/4516/6395 6514/4518/6396 6502/4519/6385
f 6502/4519/6385 6514/4518/6396 6513/4520/6397 6501/4521/6386
f 6501/4521/6386 6513/4520/6397 6512/4522/6398 6500/4523/6387
f 6500/4523/6387 6512/4522/6398 6511/4524/6399 6499/4525/6388
f 6499/4507/6388 6511/4526/6399 6510/4527/6400 6498/4508/6389
f 6498/4508/6389 6510/4527/6400 6509/4528/6401 6497/4509/6390
f 6497/4509/6390 6509/4528/6401 6508/4529/6402 6496/4510/6391
f 6496/4510/6391 6508/4529/6402 6507/4530/6403 6495/4511/6392
f 6495/4511/6392 6507/4530/6403 6505/3560/5813 6493/3559/5812
f 6506/4513/6393 6518/4531/6404 6528/4532/6405 6516/4533/6394
f 6516/4533/6394 6528/4532/6405 6527/4534/6406 6515/4535/6395
f 6515/4535/6395 6527/4534/6406 6526/4536/6407 6514/4537/6396
f 6514/4537/6396 6526/4536/6407 6525/4538/6408 6513/4539/6397
f 6513/4539/6397 6525/4538/6408 6524/4540/6409 6512/4541/6398
f 6512/4541/6398 6524/4540/6409 6523/4542/6410 6511/4543/6399
f 6511/4526/6399 6523/4544/6410 6522/4545/6411 6510/4527/6400
f 6510/4527/6400 6522/4545/6411 6521/4546/6412 6509/4528/6401
f 6509/4528/6401 6521/4546/6412 6520/4547/6413 6508/4529/6402
f 6508/4529/6402 6520/4547/6413 6519/4548/6414 6507/4530/6403
f 6507/4530/6403 6519/4548/6414 6517/3561/5814 6505/3560/5813
f 6518/4549/6404 6530/4550/6415 6540/4551/6416 6528/4552/6405
f 6528/4552/6405 6540/4551/6416 6539/4553/6417 6527/4554/6406
f 6527/4554/6406 6539/4553/6417 6538/4555/6418 6526/4556/6407
f 6526/4556/6407 6538/4555/6418 6537/4557/6419 6525/4558/6408
f 6525/4558/6408 6537/4557/6419 6536/4559/6420 6524/4560/6409
f 6524/4560/6409 6536/4559/6420 6535/4561/6421 6523/4562/6410
f 6523/4544/6410 6535/4563/6421 6534/4564/6422 6522/4545/6411
f 6522/4545/6411 6534/4564/6422 6533/4565/6423 6521/4546/6412
f 6521/4546/6412 6533/4565/6423 6532/4566/6424 6520/4547/6413
f 6520/4547/6413 6532/4566/6424 6531/4567/6425 6519/4548/6414
f 6519/4548/6414 6531/4567/6425 6529/3562/5815 6517/3561/5814
f 6530/4568/6415 6542/4569/6426 6552/4570/6427 6540/4571/6416
f 6540/4571/6416 6552/4570/6427 6551/4572/6428 6539/4573/6417
f 6539/4573/6417 6551/4572/6428 6550/4574/6429 6538/4575/6418
f 6538/4575/6418 6550/4574/6429 6549/4576/6430 6537/4577/6419
f 6537/4577/6419 6549/4576/6430 6548/4578/6431 6536/4579/6420
f 6536/4579/6420 6548/4578/6431 6547/4580/6432 6535/4581/6421
f 6535/4563/6421 6547/4582/6432 6546/4583/6433 6534/4564/6422
f 6534/4564/6422 6546/4583/6433 6545/4584/6434 6533/4565/6423
f 6533/4565/6423 6545/4584/6434 6544/4585/6435 6532/4566/6424
f 6532/4566/6424 6544/4585/6435 6543/4586/6436 6531/4567/6425
f 6531/4567/6425 6543/4586/6436 6541/3563/5816 6529/3562/5815
f 6542/4569/6426 6554/4587/6437 6564/4588/6438 6552/4589/6427
f 6552/4589/6427 6564/4588/6438 6563/4590/6439 6551/4591/6428
f 6551/4591/6428 6563/4590/6439 6562/4592/6440 6550/4593/6429
f 6550/4593/6429 6562/4592/6440 6561/4594/6441 6549/4595/6430
f 6549/4595/6430 6561/4594/6441 6560/4596/6442 6548/4597/6431
f 6548/4597/6431 6560/4596/6442 6559/4598/6443 6547/4599/6432
f 6547/4582/6432 6559/4600/6443 6558/4601/6444 6546/4583/6433
f 6546/4583/6433 6558/4601/6444 6557/4602/6445 6545/4584/6434
f 6545/4584/6434 6557/4602/6445 6556/4603/6446 6544/4585/6435
f 6544/4585/6435 6556/4603/6446 6555/4604/6447 6543/4586/6436
f 6543/4586/6436 6555/4604/6447 6553/3564/5817 6541/3563/5816
f 6554/4587/6437 6566/4605/6448 6576/4606/6449 6564/4607/6438
f 6564/4607/6438 6576/4606/6449 6575/4608/6450 6563/4609/6439
f 6563/4609/6439 6575/4608/6450 6574/4610/6451 6562/4611/6440
f 6562/4611/6440 6574/4610/6451 6573/4612/6452 6561/4613/6441
f 6561/4613/6441 6573/4612/6452 6572/4614/6453 6560/4615/6442
f 6560/4615/6442 6572/4614/6453 6571/4616/6454 6559/4617/6443
f 6559/4600/6443 6571/4618/6454 6570/4619/6455 6558/4601/6444
f 6558/4601/6444 6570/4619/6455 6569/4620/6456 6557/4602/6445
f 6557/4602/6445 6569/4620/6456 6568/4621/6457 6556/4603/6446
f 6556/4603/6446 6568/4621/6457 6567/4622/6458 6555/4604/6447
f 6555/4604/6447 6567/4622/6458 6565/3565/5818 6553/3564/5817
f 6566/4605/6448 6578/4623/6459 6588/4624/6460 6576/4625/6449
f 6576/4625/6449 6588/4624/6460 6587/4626/6461 6575/4627/6450
f 6575/4627/6450 6587/4626/6461 6586/4628/6462 6574/4629/6451
f 6574/4629/6451 6586/4628/6462 6585/4630/6463 6573/4631/6452
f 6573/4631/6452 6585/4630/6463 6584/4632/6464 6572/4633/6453
f 6572/4633/6453 6584/4632/6464 6583/4634/6465 6571/4635/6454
f 6571/4618/6454 6583/4636/6465 6582/4637/6466 6570/4619/6455
f 6570/4619/6455 6582/4637/6466 6581/4638/6467 6569/4620/6456
f 6569/4620/6456 6581/4638/6467 6580/4639/6468 6568/4621/6457
f 6568/4621/6457 6580/4639/6468 6579/4640/6469 6567/4622/6458
f 6567/4622/6458 6579/4640/6469 6577/3566/5819 6565/3565/5818
f 6578/4623/6459 6590/4641/6470 6600/4642/6471 6588/4643/6460
f 6588/4643/6460 6600/4642/6471 6599/4644/6472 6587/4645/6461
f 6587/4645/6461 6599/4644/6472 6598/4646/6473 6586/4647/6462
f 6586/4647/6462 6598/4646/6473 6597/4648/6474 6585/4649/6463
f 6585/4649/6463 6597/4648/6474 6596/4650/6475 6584/4651/6464
f 6584/4651/6464 6596/4650/6475 6595/4652/6476 6583/4653/6465
f 6583/4636/6465 6595/4654/6476 6594/4655/6477 6582/4637/6466
f 6582/4637/6466 6594/4655/6477 6593/4656/6478 6581/4638/6467
f 6581/4638/6467 6593/4656/6478 6592/4657/6479 6580/4639/6468
f 6580/4639/6468 6592/4657/6479 6591/4658/6480 6579/4640/6469
f 6579/4640/6469 6591/4658/6480 6589/3567/5820 6577/3566/5819
f 6590/4659/6470 5882/4660/5821 5892/4661/5824 6600/4662/6471
f 6600/4662/6471 5892/4661/5824 5891/4663/5826 6599/4664/6472
f 6599/4664/6472 5891/4663/5826 5890/4665/5828 6598/4666/6473
f 6598/4666/6473 5890/4665/5828 5889/4667/5830 6597/4668/6474
f 6597/4668/6474 5889/4667/5830 5888/4669/5832 6596/4670/6475
f 6596/4670/6475 5888/4669/5832 5887/4671/5834 6595/4672/6476
f 6595/4654/6476 5887/3582/5834 5886/3585/5836 6594/4655/6477
f 6594/4655/6477 5886/3585/5836 5885/3587/5838 6593/4656/6478
f 6593/4656/6478 5885/3587/5838 5884/3589/5840 6592/4657/6479
f 6592/4657/6479 5884/3589/5840 5883/3591/5842 6591/4658/6480
f 6591/4658/6480 5883/3591/5842 5881/3508/5761 6589/3567/5820
f 6659/4673/6481 6660/4674/6481 6658/4675/6481 6601/4676/6481 6602/4677/6481 6603/4678/6481 6604/4679/6481 6605/4680/6481 6606/4681/6481 6607/4682/6481 6608/4683/6481 6609/4684/6481 6610/4685/6481 6611/4686/6481 6612/4687/6481 6613/4688/6481 6614/4689/6481 6615/4690/6481 6616/4691/6481 6617/4692/6481 6618/4693/6481 6619/4694/6481 6620/4695/6481 6621/4696/6481 6622/4697/6481 6623/4698/6481 6624/4699/6481 6625/4700/6481 6626/4701/6481 6627/4702/6481 6628/4703/6481 6629/4704/6481 6630/4705/6481 6631/4706/6481 6632/4707/6481 6633/4708/6481 6634/4709/6481 6635/4710/6481 6636/4711/6481 6637/4712/6481 6638/4713/6481 6639/4714/6481 6640/4715/6481 6641/4716/6481 6642/4717/6481 6643/4718/6481 6644/4719/6481 6645/4720/6481 6646/4721/6481 6647/4722/6481 6648/4723/6481 6649/4724/6481 6650/4725/6481 6651/4726/6481 6652/4727/6481 6653/4728/6481 6654/4729/6481 6655/4730/6481 6656/4731/6481 6657/4732/6481
f 5894/3569/5822 6659/4673/6482 6657/4732/6483 5906/3592/5843
f 5906/3610/5843 6657/4732/6483 6656/4731/6484 5918/3611/5854
f 5918/3611/5854 6656/4731/6484 6655/4730/6485 5930/3629/5865
f 5930/3629/5865 6655/4730/6485 6654/4729/6486 5942/3647/5876
f 5942/3647/5876 6654/4729/6486 6653/4728/6487 5954/3665/5887
f 5954/3665/5887 6653/4728/6487 6652/4727/6488 5966/3683/5898
f 5966/3683/5898 6652/4727/6488 6651/4726/6489 5978/3701/5909
f 5978/3719/5909 6651/4726/6489 6650/4725/6490 5990/3720/5920
f 5990/3738/5920 6650/4725/6490 6649/4724/6491 6002/3739/5931
f 6002/3757/5931 6649/4724/6491 6648/4723/6492 6014/3758/5942
f 6014/3776/5942 6648/4723/6492 6647/4722/6493 6026/3777/5953
f 6026/3777/5953 6647/4722/6493 6646/4721/6494 6038/3795/5964
f 6038/3813/5964 6646/4721/6494 6645/4720/6495 6050/3814/5975
f 6050/3814/5975 6645/4720/6495 6644/4719/6496 6062/3832/5986
f 6062/3832/5986 6644/4719/6496 6643/4718/6497 6074/3850/5997
f 6074/3868/5997 6643/4718/6497 6642/4717/6498 6086/3869/6008
f 6086/3869/6008 6642/4717/6498 6641/4716/6499 6098/3887/6019
f 6098/3887/6019 6641/4716/6499 6640/4715/6500 6110/3905/6030
f 6110/3905/6030 6640/4715/6500 6639/4714/6501 6122/3923/6041
f 6122/3941/6041 6639/4714/6501 6638/4713/6502 6134/3942/6052
f 6134/3960/6052 6638/4713/6502 6637/4712/6503 6146/3961/6063
f 6146/3961/6063 6637/4712/6503 6636/4711/6504 6158/3979/6074
f 6158/3997/6074 6636/4711/6504 6635/4710/6505 6170/3998/6085
f 6170/3998/6085 6635/4710/6505 6634/4709/6506 6182/4016/6096
f 6182/4016/6096 6634/4709/6506 6633/4708/6507 6194/4034/6107
f 6194/4034/6107 6633/4708/6507 6632/4707/6508 6206/4052/6118
f 6206/4052/6118 6632/4707/6508 6631/4706/6509 6218/4070/6129
f 6218/4070/6129 6631/4706/6509 6630/4705/6510 6230/4088/6140
f 6230/4088/6140 6630/4705/6510 6629/4704/6511 6242/4106/6151
f 6242/4106/6151 6629/4704/6511 6628/4703/6512 6254/4124/6162
f 6254/4124/6162 6628/4703/6512 6627/4702/6513 6266/4142/6173
f 6266/4142/6173 6627/4702/6513 6626/4701/6514 6278/4160/6184
f 6278/4178/6184 6626/4701/6514 6625/4700/6515 6290/4179/6195
f 6290/4179/6195 6625/4700/6515 6624/4699/6516 6302/4197/6206
f 6302/4215/6206 6624/4699/6516 6623/4698/6517 6314/4216/6217
f 6314/4234/6217 6623/4698/6517 6622/4697/6518 6326/4235/6228
f 6326/4253/6228 6622/4697/6518 6621/4696/6519 6338/4254/6239
f 6338/4254/6239 6621/4696/6519 6620/4695/6520 6350/4272/6250
f 6350/4290/6250 6620/4695/6520 6619/4694/6521 6362/4291/6261
f 6362/4291/6261 6619/4694/6521 6618/4693/6522 6374/4309/6272
f 6374/4327/6272 6618/4693/6522 6617/4692/6523 6386/4328/6283
f 6386/4328/6283 6617/4692/6523 6616/4691/6524 6398/4346/6294
f 6398/4346/6294 6616/4691/6524 6615/4690/6525 6410/4364/6305
f 6410/4382/6305 6615/4690/6525 6614/4689/6526 6422/4383/6316
f 6422/4383/6316 6614/4689/6526 6613/4688/6527 6434/4401/6327
f 6434/4401/6327 6613/4688/6527 6612/4687/6528 6446/4419/6338
f 6446/4437/6338 6612/4687/6528 6611/4686/6529 6458/4438/6349
f 6458/4456/6349 6611/4686/6529 6610/4685/6530 6470/4457/6360
f 6470/4475/6360 6610/4685/6530 6609/4684/6531 6482/4476/6371
f 6482/4476/6371 6609/4684/6531 6608/4683/6532 6494/4494/6382
f 6494/4512/6382 6608/4683/6532 6607/4682/6533 6506/4513/6393
f 6506/4513/6393 6607/4682/6533 6606/4681/6534 6518/4531/6404
f 6518/4549/6404 6606/4681/6534 6605/4680/6535 6530/4550/6415
f 6530/4568/6415 6605/4680/6535 6604/4679/6536 6542/4569/6426
f 6542/4569/6426 6604/4679/6536 6603/4678/6537 6554/4587/6437
f 6554/4587/6437 6603/4678/6537 6602/4677/6538 6566/4605/6448
f 6566/4605/6448 6602/4677/6538 6601/4676/6539 6578/4623/6459
f 6578/4623/6459 6601/4676/6539 6658/4675/6540 6590/4641/6470
f 5882/3568/5821 6660/4674/6541 6659/4673/6482 5894/3569/5822
f 6590/4659/6470 6658/4675/6540 6660/4733/6541 5882/4660/5821
o Cylinder.001
v 0.000000 1.375736 -0.092538
v 0.000000 1.458057 -0.180489
v 0.000000 1.378541 -0.114160
v 0.000000 1.386765 -0.134655
v 0.000000 1.399847 -0.152626
v 0.000000 1.416897 -0.166848
v 0.000000 1.436751 -0.176352
v 0.000000 2.107947 -0.157883
v 0.000000 2.016494 -0.244311
v 0.000000 2.104831 -0.181519
v 0.000000 2.095695 -0.203161
v 0.000000 2.081161 -0.221333
v 0.000000 2.062221 -0.234796
v 0.000000 2.040164 -0.242634
v 0.018053 1.375736 -0.090760
v 0.035212 1.458057 -0.177021
v 0.022272 1.378541 -0.111967
v 0.026270 1.386765 -0.132068
v 0.029776 1.399847 -0.149694
v 0.032550 1.416897 -0.163642
v 0.034404 1.436751 -0.172963
v 0.030801 2.107947 -0.154849
v 0.047663 2.016494 -0.239617
v 0.035413 2.104831 -0.178032
v 0.039635 2.095695 -0.199257
v 0.043180 2.081161 -0.217080
v 0.045806 2.062221 -0.230285
v 0.047335 2.040164 -0.237972
v 0.035413 1.375736 -0.085494
v 0.069070 1.458057 -0.166750
v 0.043687 1.378541 -0.105470
v 0.051530 1.386765 -0.124405
v 0.058407 1.399847 -0.141008
v 0.063850 1.416897 -0.154147
v 0.067487 1.436751 -0.162928
v 0.060419 2.107947 -0.145864
v 0.093494 2.016494 -0.225714
v 0.069464 2.104831 -0.167702
v 0.077746 2.095695 -0.187696
v 0.084700 2.081161 -0.204485
v 0.089853 2.062221 -0.216923
v 0.092852 2.040164 -0.224164
v 0.051411 1.375736 -0.076942
v 0.100274 1.458057 -0.150072
v 0.063424 1.378541 -0.094921
v 0.074810 1.386765 -0.111962
v 0.084794 1.399847 -0.126904
v 0.092696 1.416897 -0.138729
v 0.097975 1.436751 -0.146631
v 0.087715 2.107947 -0.131275
v 0.135732 2.016494 -0.203137
v 0.100847 2.104831 -0.150928
v 0.112870 2.095695 -0.168922
v 0.122966 2.081161 -0.184032
v 0.130446 2.062221 -0.195226
v 0.134800 2.040164 -0.201743
v 0.065434 1.375736 -0.065434
v 0.127625 1.458057 -0.127625
v 0.080723 1.378541 -0.080724
v 0.095215 1.386765 -0.095216
v 0.107923 1.399847 -0.107923
v 0.117979 1.416897 -0.117980
v 0.124699 1.436751 -0.124700
v 0.111640 2.107947 -0.111640
v 0.172754 2.016494 -0.172754
v 0.128353 2.104831 -0.128354
v 0.143656 2.095695 -0.143657
v 0.156506 2.081161 -0.156506
v 0.166026 2.062221 -0.166026
v 0.171568 2.040164 -0.171568
v 0.076942 1.375736 -0.051411
v 0.150071 1.458057 -0.100275
v 0.094921 1.378541 -0.063424
v 0.111962 1.386765 -0.074811
v 0.126904 1.399847 -0.084795
v 0.138729 1.416897 -0.092696
v 0.146631 1.436751 -0.097976
v 0.131274 2.107947 -0.087715
v 0.203137 2.016494 -0.135732
v 0.150928 2.104831 -0.100847
v 0.168922 2.095695 -0.112871
v 0.184031 2.081161 -0.122966
v 0.195226 2.062221 -0.130446
v 0.201742 2.040164 -0.134800
v 0.085493 1.375736 -0.035413
v 0.166750 1.458057 -0.069071
v 0.105470 1.378541 -0.043688
v 0.124405 1.386765 -0.051531
v 0.141008 1.399847 -0.058408
v 0.154147 1.416897 -0.063850
v 0.162927 1.436751 -0.067487
v 0.145864 2.107947 -0.060419
v 0.225714 2.016494 -0.093494
v 0.167702 2.104831 -0.069465
v 0.187696 2.095695 -0.077747
v 0.204484 2.081161 -0.084701
v 0.216923 2.062221 -0.089853
v 0.224164 2.040164 -0.092852
v 0.090759 1.375736 -0.018054
v 0.177021 1.458057 -0.035212
v 0.111966 1.378541 -0.022272
v 0.132068 1.386765 -0.026270
v 0.149693 1.399847 -0.029776
v 0.163642 1.416897 -0.032551
v 0.172963 1.436751 -0.034405
v 0.154848 2.107947 -0.030802
v 0.239616 2.016494 -0.047663
v 0.178031 2.104831 -0.035413
v 0.199257 2.095695 -0.039635
v 0.217080 2.081161 -0.043180
v 0.230284 2.062221 -0.045807
v 0.237971 2.040164 -0.047336
v 0.092537 1.375736 -0.000001
v 0.180489 1.458057 -0.000001
v 0.114160 1.378541 -0.000001
v 0.134655 1.386765 -0.000001
v 0.152626 1.399847 -0.000001
v 0.166847 1.416897 -0.000001
v 0.176351 1.436751 -0.000001
v 0.157882 2.107947 -0.000001
v 0.244311 2.016494 -0.000001
v 0.181519 2.104831 -0.000001
v 0.203161 2.095695 -0.000001
v 0.221332 2.081161 -0.000001
v 0.234796 2.062221 -0.000001
v 0.242633 2.040164 -0.000001
v 0.090759 1.375736 0.018053
v 0.177021 1.458057 0.035211
v 0.111966 1.378541 0.022271
v 0.132068 1.386765 0.026269
v 0.149693 1.399847 0.029775
v 0.163642 1.416897 0.032550
v 0.172963 1.436751 0.034404
v 0.154848 2.107947 0.030801
v 0.239616 2.016494 0.047662
v 0.178031 2.104831 0.035412
v 0.199257 2.095695 0.039634
v 0.217080 2.081161 0.043179
v 0.230284 2.062221 0.045806
v 0.237971 2.040164 0.047335
v 0.085493 1.375736 0.035412
v 0.166750 1.458057 0.069069
v 0.105470 1.378541 0.043686
v 0.124405 1.386765 0.051530
v 0.141008 1.399847 0.058407
v 0.154147 1.416897 0.063849
v 0.162927 1.436751 0.067486
v 0.145864 2.107947 0.060418
v 0.225714 2.016494 0.093493
v 0.167702 2.104831 0.069464
v 0.187696 2.095695 0.077746
v 0.204484 2.081161 0.084700
v 0.216923 2.062221 0.089852
v 0.224164 2.040164 0.092851
v 0.076942 1.375736 0.051410
v 0.150071 1.458057 0.100274
v 0.094921 1.378541 0.063423
v 0.111962 1.386765 0.074810
v 0.126904 1.399847 0.084794
v 0.138729 1.416897 0.092695
v 0.146631 1.436751 0.097975
v 0.131274 2.107947 0.087714
v 0.203137 2.016494 0.135731
v 0.150928 2.104831 0.100846
v 0.168922 2.095695 0.112869
v 0.184031 2.081161 0.122965
v 0.195226 2.062221 0.130445
v 0.201742 2.040164 0.134799
v 0.065434 1.375736 0.065433
v 0.127625 1.458057 0.127624
v 0.080723 1.378541 0.080723
v 0.095215 1.386765 0.095215
v 0.107923 1.399847 0.107922
v 0.117979 1.416897 0.117978
v 0.124699 1.436751 0.124698
v 0.111639 2.107947 0.111639
v 0.172754 2.016494 0.172753
v 0.128353 2.104831 0.128353
v 0.143656 2.095695 0.143656
v 0.156506 2.081161 0.156505
v 0.166026 2.062221 0.166025
v 0.171568 2.040164 0.171567
v 0.051411 1.375736 0.076941
v 0.100274 1.458057 0.150070
v 0.063424 1.378541 0.094920
v 0.074810 1.386765 0.111961
v 0.084794 1.399847 0.126903
v 0.092696 1.416897 0.138728
v 0.097975 1.436751 0.146630
v 0.087715 2.107947 0.131274
v 0.135732 2.016494 0.203136
v 0.100847 2.104831 0.150927
v 0.112870 2.095695 0.168921
v 0.122966 2.081161 0.184031
v 0.130446 2.062221 0.195225
v 0.134800 2.040164 0.201742
v 0.035413 1.375736 0.085493
v 0.069070 1.458057 0.166749
v 0.043687 1.378541 0.105469
v 0.051530 1.386765 0.124404
v 0.058407 1.399847 0.141007
v 0.063850 1.416897 0.154146
v 0.067487 1.436751 0.162927
v 0.060419 2.107947 0.145863
v 0.093494 2.016494 0.225713
v 0.069464 2.104831 0.167701
v 0.077746 2.095695 0.187695
v 0.084700 2.081161 0.204484
v 0.089852 2.062221 0.216922
v 0.092852 2.040164 0.224163
v 0.018053 1.375736 0.090759
v 0.035212 1.458057 0.177020
v 0.022272 1.378541 0.111966
v 0.026270 1.386765 0.132067
v 0.029776 1.399847 0.149692
v 0.032550 1.416897 0.163641
v 0.034404 1.436751 0.172962
v 0.030801 2.107947 0.154848
v 0.047663 2.016494 0.239616
v 0.035413 2.104831 0.178030
v 0.039635 2.095695 0.199256
v 0.043180 2.081161 0.217079
v 0.045806 2.062221 0.230284
v 0.047335 2.040164 0.237970
v 0.000000 1.375736 0.092537
v 0.000000 1.458057 0.180488
v 0.000000 1.378541 0.114159
v 0.000000 1.386765 0.134654
v 0.000000 1.399847 0.152625
v 0.000000 1.416897 0.166847
v 0.000000 1.436751 0.176350
v 0.000000 2.107947 0.157881
v 0.000000 2.016494 0.244310
v 0.000000 2.104831 0.181518
v 0.000000 2.095695 0.203160
v 0.000000 2.081161 0.221332
v 0.000000 2.062221 0.234795
v 0.000000 2.040164 0.242633
v -0.018053 1.375736 0.090759
v -0.035212 1.458057 0.177020
v -0.022271 1.378541 0.111966
v -0.026270 1.386765 0.132067
v -0.029776 1.399847 0.149692
v -0.032550 1.416897 0.163641
v -0.034404 1.436751 0.172962
v -0.030801 2.107947 0.154848
v -0.047663 2.016494 0.239616
v -0.035413 2.104831 0.178030
v -0.039635 2.095695 0.199256
v -0.043180 2.081161 0.217079
v -0.045806 2.062221 0.230284
v -0.047335 2.040164 0.237970
v -0.035412 1.375736 0.085493
v -0.069070 1.458057 0.166749
v -0.043687 1.378541 0.105469
v -0.051530 1.386765 0.124404
v -0.058407 1.399847 0.141007
v -0.063850 1.416897 0.154146
v -0.067487 1.436751 0.162926
v -0.060419 2.107947 0.145863
v -0.093494 2.016494 0.225713
v -0.069464 2.104831 0.167701
v -0.077746 2.095695 0.187695
v -0.084700 2.081161 0.204484
v -0.089852 2.062221 0.216922
v -0.092852 2.040164 0.224163
v -0.051411 1.375736 0.076941
v -0.100274 1.458057 0.150070
v -0.063424 1.378541 0.094920
v -0.074810 1.386765 0.111961
v -0.084794 1.399847 0.126903
v -0.092695 1.416897 0.138728
v -0.097975 1.436751 0.146630
v -0.087715 2.107947 0.131273
v -0.135732 2.016494 0.203136
v -0.100847 2.104831 0.150927
v -0.112870 2.095695 0.168921
v -0.122966 2.081161 0.184030
v -0.130446 2.062221 0.195225
v -0.134800 2.040164 0.201741
v -0.065434 1.375736 0.065433
v -0.127625 1.458057 0.127624
v -0.080723 1.378541 0.080723
v -0.095215 1.386765 0.095215
v -0.107923 1.399847 0.107922
v -0.117979 1.416897 0.117978
v -0.124699 1.436751 0.124698
v -0.111639 2.107947 0.111639
v -0.172754 2.016494 0.172753
v -0.128353 2.104831 0.128353
v -0.143656 2.095695 0.143656
v -0.156506 2.081161 0.156505
v -0.166026 2.062221 0.166025
v -0.171568 2.040164 0.171567
v -0.076942 1.375736 0.051410
v -0.150071 1.458057 0.100274
v -0.094920 1.378541 0.063423
v -0.111961 1.386765 0.074810
v -0.126904 1.399847 0.084794
v -0.138729 1.416897 0.092695
v -0.146630 1.436751 0.097975
v -0.131274 2.107947 0.087714
v -0.203137 2.016494 0.135731
v -0.150927 2.104831 0.100846
v -0.168922 2.095695 0.112869
v -0.184031 2.081161 0.122965
v -0.195226 2.062221 0.130445
v -0.201742 2.040164 0.134799
v -0.085493 1.375736 0.035412
v -0.166750 1.458057 0.069069
v -0.105470 1.378541 0.043686
v -0.124405 1.386765 0.051529
v -0.141008 1.399847 0.058407
v -0.154147 1.416897 0.063849
v -0.162927 1.436751 0.067486
v -0.145864 2.107947 0.060418
v -0.225714 2.016494 0.093493
v -0.167702 2.104831 0.069464
v -0.187696 2.095695 0.077745
v -0.204484 2.081161 0.084699
v -0.216923 2.062221 0.089852
v -0.224164 2.040164 0.092851
v -0.090759 1.375736 0.018053
v -0.177021 1.458057 0.035211
v -0.111966 1.378541 0.022271
v -0.132067 1.386765 0.026269
v -0.149693 1.399847 0.029775
v -0.163641 1.416897 0.032550
v -0.172962 1.436751 0.034404
v -0.154848 2.107947 0.030801
v -0.239616 2.016494 0.047662
v -0.178031 2.104831 0.035412
v -0.199257 2.095695 0.039634
v -0.217079 2.081161 0.043179
v -0.230284 2.062221 0.045806
v -0.237971 2.040164 0.047335
v -0.092537 1.375736 -0.000001
v -0.180489 1.458057 -0.000001
v -0.114160 1.378541 -0.000001
v -0.134655 1.386765 -0.000001
v -0.152625 1.399847 -0.000001
v -0.166847 1.416897 -0.000001
v -0.176351 1.436751 -0.000001
v -0.157882 2.107947 -0.000001
v -0.244310 2.016494 -0.000001
v -0.181519 2.104831 -0.000001
v -0.203160 2.095695 -0.000001
v -0.221332 2.081161 -0.000001
v -0.234796 2.062221 -0.000001
v -0.242633 2.040164 -0.000001
v -0.090759 1.375736 -0.018054
v -0.177021 1.458057 -0.035212
v -0.111966 1.378541 -0.022272
v -0.132067 1.386765 -0.026271
v -0.149693 1.399847 -0.029777
v -0.163641 1.416897 -0.032551
v -0.172962 1.436751 -0.034405
v -0.154848 2.107947 -0.030802
v -0.239616 2.016494 -0.047663
v -0.178031 2.104831 -0.035413
v -0.199257 2.095695 -0.039635
v -0.217079 2.081161 -0.043181
v -0.230284 2.062221 -0.045807
v -0.237971 2.040164 -0.047336
v -0.085493 1.375736 -0.035413
v -0.166750 1.458057 -0.069071
v -0.105470 1.378541 -0.043688
v -0.124405 1.386765 -0.051531
v -0.141007 1.399847 -0.058408
v -0.154147 1.416897 -0.063850
v -0.162927 1.436751 -0.067487
v -0.145864 2.107947 -0.060419
v -0.225713 2.016494 -0.093494
v -0.167701 2.104831 -0.069465
v -0.187696 2.095695 -0.077747
v -0.204484 2.081161 -0.084701
v -0.216923 2.062221 -0.089853
v -0.224164 2.040164 -0.092852
v -0.076942 1.375736 -0.051412
v -0.150071 1.458057 -0.100275
v -0.094920 1.378541 -0.063424
v -0.111961 1.386765 -0.074811
v -0.126903 1.399847 -0.084795
v -0.138728 1.416897 -0.092696
v -0.146630 1.436751 -0.097976
v -0.131274 2.107947 -0.087715
v -0.203137 2.016494 -0.135733
v -0.150927 2.104831 -0.100847
v -0.168922 2.095695 -0.112871
v -0.184031 2.081161 -0.122966
v -0.195225 2.062221 -0.130446
v -0.201742 2.040164 -0.134801
v -0.065433 1.375736 -0.065434
v -0.127625 1.458057 -0.127626
v -0.080723 1.378541 -0.080724
v -0.095215 1.386765 -0.095216
v -0.107922 1.399847 -0.107923
v -0.117979 1.416897 -0.117980
v -0.124699 1.436751 -0.124700
v -0.111639 2.107947 -0.111640
v -0.172753 2.016494 -0.172755
v -0.128353 2.104831 -0.128354
v -0.143656 2.095695 -0.143657
v -0.156505 2.081161 -0.156506
v -0.166025 2.062221 -0.166026
v -0.171567 2.040164 -0.171568
v -0.051411 1.375736 -0.076943
v -0.100274 1.458057 -0.150072
v -0.063424 1.378541 -0.094921
v -0.074810 1.386765 -0.111962
v -0.084794 1.399847 -0.126904
v -0.092695 1.416897 -0.138729
v -0.097975 1.436751 -0.146631
v -0.087714 2.107947 -0.131275
v -0.135731 2.016494 -0.203138
v -0.100846 2.104831 -0.150928
v -0.112870 2.095695 -0.168923
v -0.122965 2.081161 -0.184032
v -0.130445 2.062221 -0.195226
v -0.134799 2.040164 -0.201743
v -0.035412 1.375736 -0.085494
v -0.069070 1.458057 -0.166751
v -0.043687 1.378541 -0.105471
v -0.051530 1.386765 -0.124405
v -0.058407 1.399847 -0.141008
v -0.063849 1.416897 -0.154148
v -0.067486 1.436751 -0.162928
v -0.060419 2.107947 -0.145865
v -0.093493 2.016494 -0.225714
v -0.069464 2.104831 -0.167702
v -0.077746 2.095695 -0.187697
v -0.084700 2.081161 -0.204485
v -0.089852 2.062221 -0.216924
v -0.092851 2.040164 -0.224164
v -0.018053 1.375736 -0.090760
v -0.035211 1.458057 -0.177021
v -0.022271 1.378541 -0.111967
v -0.026270 1.386765 -0.132068
v -0.029775 1.399847 -0.149694
v -0.032550 1.416897 -0.163642
v -0.034404 1.436751 -0.172963
v -0.030801 2.107947 -0.154849
v -0.047662 2.016494 -0.239617
v -0.035412 2.104831 -0.178032
v -0.039634 2.095695 -0.199258
v -0.043179 2.081161 -0.217080
v -0.045806 2.062221 -0.230285
v -0.047335 2.040164 -0.237972
vn -0.0000 -0.9977 -0.0685
vn -0.0000 -0.1518 -0.9884
vn -0.0000 -0.9656 -0.2599
vn -0.0000 -0.8717 -0.4900
vn -0.0000 -0.7262 -0.6874
vn -0.0000 -0.5368 -0.8437
vn -0.0000 -0.3114 -0.9503
vn -0.0000 0.9976 -0.0696
vn -0.0000 -0.0214 -0.9998
vn -0.0000 0.9629 -0.2699
vn -0.0000 0.8555 -0.5179
vn -0.0000 0.6825 -0.7309
vn -0.0000 0.4580 -0.8889
vn -0.0000 0.2030 -0.9792
vn 0.0134 -0.9977 -0.0671
vn 0.1928 -0.1518 -0.9694
vn 0.0507 -0.9656 -0.2549
vn 0.0956 -0.8717 -0.4806
vn 0.1341 -0.7262 -0.6742
vn 0.1646 -0.5368 -0.8275
vn 0.1854 -0.3114 -0.9320
vn 0.0136 0.9976 -0.0682
vn 0.1950 -0.0214 -0.9806
vn 0.0527 0.9629 -0.2647
vn 0.1010 0.8555 -0.5079
vn 0.1426 0.6825 -0.7168
vn 0.1734 0.4580 -0.8719
vn 0.1910 0.2030 -0.9604
vn 0.0262 -0.9977 -0.0633
vn 0.3782 -0.1518 -0.9132
vn 0.0994 -0.9656 -0.2401
vn 0.1875 -0.8717 -0.4527
vn 0.2631 -0.7262 -0.6351
vn 0.3229 -0.5368 -0.7795
vn 0.3637 -0.3114 -0.8779
vn 0.0266 0.9976 -0.0643
vn 0.3826 -0.0214 -0.9237
vn 0.1033 0.9629 -0.2494
vn 0.1982 0.8555 -0.4784
vn 0.2797 0.6825 -0.6753
vn 0.3402 0.4580 -0.8213
vn 0.3747 0.2030 -0.9047
vn 0.0380 -0.9977 -0.0569
vn 0.5491 -0.1518 -0.8218
vn 0.1444 -0.9656 -0.2161
vn 0.2723 -0.8717 -0.4075
vn 0.3819 -0.7262 -0.5716
vn 0.4687 -0.5368 -0.7015
vn 0.5279 -0.3114 -0.7901
vn 0.0386 0.9976 -0.0578
vn 0.5554 -0.0214 -0.8313
vn 0.1500 0.9629 -0.2244
vn 0.2877 0.8555 -0.4306
vn 0.4061 0.6825 -0.6077
vn 0.4939 0.4580 -0.7391
vn 0.5440 0.2030 -0.8142
vn 0.0484 -0.9977 -0.0484
vn 0.6989 -0.1518 -0.6989
vn 0.1838 -0.9656 -0.1838
vn 0.3465 -0.8717 -0.3465
vn 0.4861 -0.7262 -0.4861
vn 0.5966 -0.5368 -0.5966
vn 0.6719 -0.3114 -0.6719
vn 0.0492 0.9976 -0.0492
vn 0.7069 -0.0214 -0.7069
vn 0.1909 0.9629 -0.1909
vn 0.3662 0.8555 -0.3662
vn 0.5168 0.6825 -0.5168
vn 0.6286 0.4580 -0.6286
vn 0.6924 0.2030 -0.6924
vn 0.0569 -0.9977 -0.0380
vn 0.8218 -0.1518 -0.5491
vn 0.2161 -0.9656 -0.1444
vn 0.4075 -0.8717 -0.2723
vn 0.5716 -0.7262 -0.3819
vn 0.7015 -0.5368 -0.4687
vn 0.7901 -0.3114 -0.5279
vn 0.0578 0.9976 -0.0386
vn 0.8313 -0.0214 -0.5554
vn 0.2244 0.9629 -0.1500
vn 0.4306 0.8555 -0.2877
vn 0.6077 0.6825 -0.4061
vn 0.7391 0.4580 -0.4939
vn 0.8142 0.2030 -0.5440
vn 0.0633 -0.9977 -0.0262
vn 0.9132 -0.1518 -0.3782
vn 0.2401 -0.9656 -0.0994
vn 0.4527 -0.8717 -0.1875
vn 0.6351 -0.7262 -0.2631
vn 0.7795 -0.5368 -0.3229
vn 0.8779 -0.3114 -0.3637
vn 0.0643 0.9976 -0.0266
vn 0.9237 -0.0214 -0.3826
vn 0.2494 0.9629 -0.1033
vn 0.4784 0.8555 -0.1982
vn 0.6752 0.6825 -0.2797
vn 0.8213 0.4580 -0.3402
vn 0.9046 0.2030 -0.3747
vn 0.0671 -0.9977 -0.0134
vn 0.9694 -0.1518 -0.1928
vn 0.2549 -0.9656 -0.0507
vn 0.4806 -0.8717 -0.0956
vn 0.6742 -0.7262 -0.1341
vn 0.8275 -0.5368 -0.1646
vn 0.9320 -0.3114 -0.1854
vn 0.0682 0.9976 -0.0136
vn 0.9806 -0.0214 -0.1950
vn 0.2647 0.9629 -0.0527
vn 0.5079 0.8555 -0.1010
vn 0.7168 0.6825 -0.1426
vn 0.8719 0.4580 -0.1734
vn 0.9604 0.2030 -0.1910
vn 0.0685 -0.9977 -0.0000
vn 0.9884 -0.1518 -0.0000
vn 0.2599 -0.9656 -0.0000
vn 0.4900 -0.8717 -0.0000
vn 0.6874 -0.7262 -0.0000
vn 0.8437 -0.5368 -0.0000
vn 0.9503 -0.3114 -0.0000
vn 0.0696 0.9976 -0.0000
vn 0.9998 -0.0214 -0.0000
vn 0.2699 0.9629 -0.0000
vn 0.5179 0.8555 -0.0000
vn 0.7309 0.6825 -0.0000
vn 0.8889 0.4580 -0.0000
vn 0.9792 0.2030 -0.0000
vn 0.0671 -0.9977 0.0134
vn 0.9694 -0.1518 0.1928
vn 0.2549 -0.9656 0.0507
vn 0.4806 -0.8717 0.0956
vn 0.6742 -0.7262 0.1341
vn 0.8275 -0.5368 0.1646
vn 0.9320 -0.3114 0.1854
vn 0.0682 0.9976 0.0136
vn 0.9806 -0.0214 0.1950
vn 0.2647 0.9629 0.0527
vn 0.5079 0.8555 0.1010
vn 0.7168 0.6825 0.1426
vn 0.8719 0.4580 0.1734
vn 0.9604 0.2030 0.1910
vn 0.0633 -0.9977 0.0262
vn 0.9132 -0.1518 0.3782
vn 0.2401 -0.9656 0.0994
vn 0.4527 -0.8717 0.1875
vn 0.6351 -0.7262 0.2631
vn 0.7795 -0.5368 0.3229
vn 0.8779 -0.3114 0.3637
vn 0.0643 0.9976 0.0266
vn 0.9237 -0.0214 0.3826
vn 0.2494 0.9629 0.1033
vn 0.4784 0.8555 0.1982
vn 0.6752 0.6825 0.2797
vn 0.8213 0.4580 0.3402
vn 0.9046 0.2030 0.3747
vn 0.0569 -0.9977 0.0380
vn 0.8218 -0.1518 0.5491
vn 0.2161 -0.9656 0.1444
vn 0.4075 -0.8717 0.2723
vn 0.5716 -0.7262 0.3819
vn 0.7015 -0.5368 0.4687
vn 0.7901 -0.3114 0.5279
vn 0.0578 0.9976 0.0386
vn 0.8313 -0.0214 0.5554
vn 0.2244 0.9629 0.1500
vn 0.4306 0.8555 0.2877
vn 0.6077 0.6825 0.4061
vn 0.7391 0.4580 0.4939
vn 0.8142 0.2030 0.5440
vn 0.0484 -0.9977 0.0484
vn 0.6989 -0.1518 0.6989
vn 0.1838 -0.9656 0.1838
vn 0.3465 -0.8717 0.3465
vn 0.4861 -0.7262 0.4861
vn 0.5966 -0.5368 0.5966
vn 0.6719 -0.3114 0.6719
vn 0.0492 0.9976 0.0492
vn 0.7069 -0.0214 0.7069
vn 0.1909 0.9629 0.1909
vn 0.3662 0.8555 0.3662
vn 0.5168 0.6825 0.5168
vn 0.6286 0.4580 0.6286
vn 0.6924 0.2030 0.6924
vn 0.0380 -0.9977 0.0569
vn 0.5491 -0.1518 0.8218
vn 0.1444 -0.9656 0.2161
vn 0.2723 -0.8717 0.4075
vn 0.3819 -0.7262 0.5716
vn 0.4687 -0.5368 0.7015
vn 0.5279 -0.3114 0.7901
vn 0.0386 0.9976 0.0578
vn 0.5554 -0.0214 0.8313
vn 0.1500 0.9629 0.2244
vn 0.2877 0.8555 0.4306
vn 0.4061 0.6825 0.6077
vn 0.4939 0.4580 0.7391
vn 0.5440 0.2030 0.8142
vn 0.0262 -0.9977 0.0633
vn 0.3782 -0.1518 0.9132
vn 0.0994 -0.9656 0.2401
vn 0.1875 -0.8717 0.4527
vn 0.2631 -0.7262 0.6351
vn 0.3229 -0.5368 0.7795
vn 0.3637 -0.3114 0.8779
vn 0.0266 0.9976 0.0643
vn 0.3826 -0.0214 0.9237
vn 0.1033 0.9629 0.2494
vn 0.1982 0.8555 0.4784
vn 0.2797 0.6825 0.6753
vn 0.3402 0.4580 0.8213
vn 0.3747 0.2030 0.9047
vn 0.0134 -0.9977 0.0671
vn 0.1928 -0.1518 0.9694
vn 0.0507 -0.9656 0.2549
vn 0.0956 -0.8717 0.4806
vn 0.1341 -0.7262 0.6742
vn 0.1646 -0.5368 0.8275
vn 0.1854 -0.3114 0.9320
vn 0.0136 0.9976 0.0682
vn 0.1950 -0.0214 0.9806
vn 0.0527 0.9629 0.2647
vn 0.1010 0.8555 0.5079
vn 0.1426 0.6825 0.7168
vn 0.1734 0.4580 0.8719
vn 0.1910 0.2030 0.9604
vn -0.0000 -0.9977 0.0685
vn -0.0000 -0.1518 0.9884
vn -0.0000 -0.9656 0.2599
vn -0.0000 -0.8717 0.4900
vn -0.0000 -0.7262 0.6874
vn -0.0000 -0.5368 0.8437
vn -0.0000 -0.3114 0.9503
vn -0.0000 0.9976 0.0696
vn -0.0000 -0.0214 0.9998
vn -0.0000 0.9629 0.2699
vn -0.0000 0.8555 0.5179
vn -0.0000 0.6825 0.7309
vn -0.0000 0.4580 0.8889
vn -0.0000 0.2030 0.9792
vn -0.0134 -0.9977 0.0671
vn -0.1928 -0.1518 0.9694
vn -0.0507 -0.9656 0.2549
vn -0.0956 -0.8717 0.4806
vn -0.1341 -0.7262 0.6742
vn -0.1646 -0.5368 0.8275
vn -0.1854 -0.3114 0.9320
vn -0.0136 0.9976 0.0682
vn -0.1950 -0.0214 0.9806
vn -0.0527 0.9629 0.2647
vn -0.1010 0.8555 0.5079
vn -0.1426 0.6825 0.7168
vn -0.1734 0.4580 0.8719
vn -0.1910 0.2030 0.9604
vn -0.0262 -0.9977 0.0633
vn -0.3782 -0.1518 0.9132
vn -0.0994 -0.9656 0.2401
vn -0.1875 -0.8717 0.4527
vn -0.2631 -0.7262 0.6351
vn -0.3229 -0.5368 0.7795
vn -0.3637 -0.3114 0.8779
vn -0.0266 0.9976 0.0643
vn -0.3826 -0.0214 0.9237
vn -0.1033 0.9629 0.2494
vn -0.1982 0.8555 0.4784
vn -0.2797 0.6825 0.6753
vn -0.3402 0.4580 0.8213
vn -0.3747 0.2030 0.9047
vn -0.0380 -0.9977 0.0569
vn -0.5491 -0.1518 0.8218
vn -0.1444 -0.9656 0.2161
vn -0.2723 -0.8717 0.4075
vn -0.3819 -0.7262 0.5716
vn -0.4687 -0.5368 0.7015
vn -0.5279 -0.3114 0.7901
vn -0.0386 0.9976 0.0578
vn -0.5554 -0.0214 0.8313
vn -0.1500 0.9629 0.2244
vn -0.2877 0.8555 0.4306
vn -0.4061 0.6825 0.6077
vn -0.4939 0.4580 0.7391
vn -0.5440 0.2030 0.8142
vn -0.0484 -0.9977 0.0484
vn -0.6989 -0.1518 0.6989
vn -0.1838 -0.9656 0.1838
vn -0.3465 -0.8717 0.3465
vn -0.4861 -0.7262 0.4861
vn -0.5966 -0.5368 0.5966
vn -0.6719 -0.3114 0.6719
vn -0.0492 0.9976 0.0492
vn -0.7069 -0.0214 0.7069
vn -0.1909 0.9629 0.1909
vn -0.3662 0.8555 0.3662
vn -0.5168 0.6825 0.5168
vn -0.6286 0.4580 0.6286
vn -0.6924 0.2030 0.6924
vn -0.0569 -0.9977 0.0380
vn -0.8218 -0.1518 0.5491
vn -0.2161 -0.9656 0.1444
vn -0.4075 -0.8717 0.2723
vn -0.5716 -0.7262 0.3819
vn -0.7015 -0.5368 0.4687
vn -0.7901 -0.3114 0.5279
vn -0.0578 0.9976 0.0386
vn -0.8313 -0.0214 0.5554
vn -0.2244 0.9629 0.1500
vn -0.4306 0.8555 0.2877
vn -0.6077 0.6825 0.4061
vn -0.7391 0.4580 0.4939
vn -0.8142 0.2030 0.5440
vn -0.0633 -0.9977 0.0262
vn -0.9132 -0.1518 0.3782
vn -0.2401 -0.9656 0.0994
vn -0.4527 -0.8717 0.1875
vn -0.6351 -0.7262 0.2631
vn -0.7795 -0.5368 0.3229
vn -0.8779 -0.3114 0.3637
vn -0.0643 0.9976 0.0266
vn -0.9237 -0.0214 0.3826
vn -0.2494 0.9629 0.1033
vn -0.4784 0.8555 0.1982
vn -0.6753 0.6825 0.2797
vn -0.8213 0.4580 0.3402
vn -0.9047 0.2030 0.3747
vn -0.0672 -0.9977 0.0134
vn -0.9694 -0.1518 0.1928
vn -0.2549 -0.9656 0.0507
vn -0.4806 -0.8717 0.0956
vn -0.6742 -0.7262 0.1341
vn -0.8275 -0.5368 0.1646
vn -0.9320 -0.3114 0.1854
vn -0.0682 0.9976 0.0136
vn -0.9806 -0.0214 0.1950
vn -0.2647 0.9629 0.0527
vn -0.5079 0.8555 0.1010
vn -0.7168 0.6825 0.1426
vn -0.8719 0.4580 0.1734
vn -0.9604 0.2030 0.1910
vn -0.0685 -0.9977 -0.0000
vn -0.9884 -0.1518 -0.0000
vn -0.2599 -0.9656 -0.0000
vn -0.4900 -0.8717 -0.0000
vn -0.6874 -0.7262 -0.0000
vn -0.8437 -0.5368 -0.0000
vn -0.9503 -0.3114 -0.0000
vn -0.0696 0.9976 -0.0000
vn -0.9998 -0.0214 -0.0000
vn -0.2699 0.9629 -0.0000
vn -0.5179 0.8555 -0.0000
vn -0.7309 0.6825 -0.0000
vn -0.8889 0.4580 -0.0000
vn -0.9792 0.2030 -0.0000
vn -0.0672 -0.9977 -0.0134
vn -0.9694 -0.1518 -0.1928
vn -0.2549 -0.9656 -0.0507
vn -0.4806 -0.8717 -0.0956
vn -0.6742 -0.7262 -0.1341
vn -0.8275 -0.5368 -0.1646
vn -0.9320 -0.3114 -0.1854
vn -0.0682 0.9976 -0.0136
vn -0.9806 -0.0214 -0.1950
vn -0.2647 0.9629 -0.0527
vn -0.5079 0.8555 -0.1010
vn -0.7168 0.6825 -0.1426
vn -0.8719 0.4580 -0.1734
vn -0.9604 0.2030 -0.1910
vn -0.0633 -0.9977 -0.0262
vn -0.9132 -0.1518 -0.3782
vn -0.2401 -0.9656 -0.0994
vn -0.4527 -0.8717 -0.1875
vn -0.6351 -0.7262 -0.2631
vn -0.7795 -0.5368 -0.3229
vn -0.8779 -0.3114 -0.3637
vn -0.0643 0.9976 -0.0266
vn -0.9237 -0.0214 -0.3826
vn -0.2494 0.9629 -0.1033
vn -0.4784 0.8555 -0.1982
vn -0.6752 0.6825 -0.2797
vn -0.8213 0.4580 -0.3402
vn -0.9046 0.2030 -0.3747
vn -0.0569 -0.9977 -0.0380
vn -0.8218 -0.1518 -0.5491
vn -0.2161 -0.9656 -0.1444
vn -0.4075 -0.8717 -0.2723
vn -0.5716 -0.7262 -0.3819
vn -0.7015 -0.5368 -0.4687
vn -0.7901 -0.3114 -0.5279
vn -0.0578 0.9976 -0.0386
vn -0.8313 -0.0214 -0.5554
vn -0.2244 0.9629 -0.1500
vn -0.4306 0.8555 -0.2877
vn -0.6077 0.6825 -0.4061
vn -0.7391 0.4580 -0.4939
vn -0.8142 0.2030 -0.5440
vn -0.0484 -0.9977 -0.0484
vn -0.6989 -0.1518 -0.6989
vn -0.1838 -0.9656 -0.1838
vn -0.3465 -0.8717 -0.3465
vn -0.4861 -0.7262 -0.4861
vn -0.5966 -0.5368 -0.5966
vn -0.6719 -0.3114 -0.6719
vn -0.0492 0.9976 -0.0492
vn -0.7069 -0.0214 -0.7069
vn -0.1909 0.9629 -0.1909
vn -0.3662 0.8555 -0.3662
vn -0.5168 0.6825 -0.5168
vn -0.6286 0.4580 -0.6286
vn -0.6924 0.2030 -0.6924
vn -0.0380 -0.9977 -0.0569
vn -0.5491 -0.1518 -0.8218
vn -0.1444 -0.9656 -0.2161
vn -0.2723 -0.8717 -0.4075
vn -0.3819 -0.7262 -0.5716
vn -0.4687 -0.5368 -0.7015
vn -0.5279 -0.3114 -0.7901
vn -0.0386 0.9976 -0.0578
vn -0.5554 -0.0214 -0.8313
vn -0.1500 0.9629 -0.2244
vn -0.2877 0.8555 -0.4306
vn -0.4061 0.6825 -0.6077
vn -0.4939 0.4580 -0.7391
vn -0.5440 0.2030 -0.8142
vn -0.0262 -0.9977 -0.0633
vn -0.3782 -0.1518 -0.9132
vn -0.0994 -0.9656 -0.2401
vn -0.1875 -0.8717 -0.4527
vn -0.2631 -0.7262 -0.6351
vn -0.3229 -0.5368 -0.7795
vn -0.3637 -0.3114 -0.8779
vn -0.0266 0.9976 -0.0643
vn -0.3826 -0.0214 -0.9237
vn -0.1033 0.9629 -0.2494
vn -0.1982 0.8555 -0.4784
vn -0.2797 0.6825 -0.6753
vn -0.3402 0.4580 -0.8213
vn -0.3747 0.2030 -0.9047
vn -0.0134 -0.9977 -0.0671
vn -0.1928 -0.1518 -0.9694
vn -0.0507 -0.9656 -0.2549
vn -0.0956 -0.8717 -0.4806
vn -0.1341 -0.7262 -0.6742
vn -0.1646 -0.5368 -0.8275
vn -0.1854 -0.3114 -0.9320
vn -0.0136 0.9976 -0.0682
vn -0.1950 -0.0214 -0.9806
vn -0.0527 0.9629 -0.2647
vn -0.1010 0.8555 -0.5079
vn -0.1426 0.6825 -0.7168
vn -0.1734 0.4580 -0.8719
vn -0.1910 0.2030 -0.9604
vt 0.031250 0.551196
vt 0.031250 0.948804
vt 0.000000 0.948804
vt 0.000000 0.551196
vt 0.937500 0.551196
vt 0.937500 0.948804
vt 0.906250 0.948804
vt 0.906250 0.551196
vt 0.906250 0.551196
vt 0.906250 0.948804
vt 0.875000 0.948804
vt 0.875000 0.551196
vt 0.875000 0.948804
vt 0.843750 0.948804
vt 0.843750 0.551196
vt 0.843750 0.551196
vt 0.843750 0.948804
vt 0.812500 0.948804
vt 0.812500 0.551196
vt 0.812500 0.551196
vt 0.812500 0.948804
vt 0.781250 0.948804
vt 0.781250 0.551196
vt 0.781250 0.551196
vt 0.750000 0.948804
vt 0.750000 0.551196
vt 0.750000 0.551196
vt 0.750000 0.948804
vt 0.718750 0.948804
vt 0.718750 0.551196
vt 0.718750 0.551196
vt 0.687500 0.948804
vt 0.687500 0.551196
vt 0.687500 0.551196
vt 0.656250 0.948804
vt 0.656250 0.551196
vt 0.656250 0.551196
vt 0.625000 0.948804
vt 0.625000 0.551196
vt 0.625000 0.551196
vt 0.625000 0.948804
vt 0.593750 0.948804
vt 0.593750 0.551196
vt 0.593750 0.551196
vt 0.593750 0.948804
vt 0.562500 0.948804
vt 0.562500 0.551196
vt 0.562500 0.551196
vt 0.531250 0.948804
vt 0.531250 0.551196
vt 0.531250 0.948804
vt 0.500000 0.948804
vt 0.500000 0.551196
vt 0.500000 0.551196
vt 0.468750 0.948804
vt 0.468750 0.551196
vt 0.468750 0.948804
vt 0.437500 0.948804
vt 0.437500 0.551196
vt 0.437500 0.948804
vt 0.406250 0.948804
vt 0.406250 0.551196
vt 0.406250 0.948804
vt 0.375000 0.948804
vt 0.375000 0.551196
vt 0.375000 0.551196
vt 0.343750 0.948804
vt 0.343750 0.551196
vt 0.343750 0.551196
vt 0.343750 0.948804
vt 0.312500 0.948804
vt 0.312500 0.551196
vt 0.312500 0.551196
vt 0.281250 0.948804
vt 0.281250 0.551196
vt 0.281250 0.551196
vt 0.281250 0.948804
vt 0.250000 0.948804
vt 0.250000 0.551196
vt 0.218750 0.948804
vt 0.218750 0.551196
vt 0.218750 0.948804
vt 0.187500 0.948804
vt 0.187500 0.551196
vt 0.187500 0.551196
vt 0.156250 0.948804
vt 0.156250 0.551196
vt 0.156250 0.551196
vt 0.156250 0.948804
vt 0.125000 0.948804
vt 0.125000 0.551196
vt 0.125000 0.551196
vt 0.125000 0.948804
vt 0.093750 0.948804
vt 0.093750 0.551196
vt 0.093750 0.551196
vt 0.062500 0.948804
vt 0.062500 0.551196
vt 0.062500 0.551196
vt 0.062500 0.948804
vt 0.031250 0.948804
vt 0.031250 0.551196
vt 0.968750 0.551196
vt 0.968750 0.948804
vt 0.937500 0.948804
vt 0.937500 0.551196
vt 0.279575 0.398684
vt 0.250000 0.401597
vt 0.220425 0.398684
vt 0.191987 0.390057
vt 0.165777 0.376048
vt 0.142805 0.357195
vt 0.123952 0.334223
vt 0.109943 0.308014
vt 0.101316 0.279575
vt 0.098403 0.250000
vt 0.101316 0.220425
vt 0.109943 0.191987
vt 0.123952 0.165777
vt 0.142805 0.142805
vt 0.165777 0.123952
vt 0.191986 0.109943
vt 0.220425 0.101316
vt 0.250000 0.098403
vt 0.279575 0.101316
vt 0.308014 0.109943
vt 0.334223 0.123952
vt 0.357195 0.142805
vt 0.376048 0.165777
vt 0.390057 0.191986
vt 0.398684 0.220425
vt 0.401597 0.250000
vt 0.398684 0.279575
vt 0.390057 0.308013
vt 0.376048 0.334223
vt 0.357195 0.357195
vt 0.334223 0.376048
vt 0.308014 0.390057
vt 1.000000 0.551196
vt 1.000000 0.948804
vt 0.968750 0.948804
vt 0.968750 0.551196
vt 0.968995 0.537839
vt 0.999755 0.537839
vt 0.969720 0.525178
vt 0.999030 0.525178
vt 0.970780 0.500000
vt 0.997970 0.500000
vt 0.753041 0.489700
vt 0.793781 0.485688
vt 0.785942 0.430695
vt 0.750000 0.434235
vt 0.780472 0.403193
vt 0.750000 0.406194
vt 0.774700 0.374177
vt 0.750000 0.376610
vt 0.999801 0.961948
vt 0.968949 0.961948
vt 0.999221 0.973982
vt 0.969529 0.973982
vt 0.998211 1.000000
vt 0.970539 1.000000
vt 0.294141 0.485652
vt 0.252680 0.489736
vt 0.250000 0.445073
vt 0.288057 0.441325
vt 0.250000 0.424293
vt 0.284003 0.420944
vt 0.937745 0.537839
vt 0.968505 0.537839
vt 0.938470 0.525178
vt 0.967780 0.525178
vt 0.939530 0.500000
vt 0.966720 0.500000
vt 0.799746 0.484501
vt 0.838920 0.472618
vt 0.820504 0.420211
vt 0.809773 0.394305
vt 0.798452 0.366972
vt 0.968551 0.961948
vt 0.937699 0.961948
vt 0.967971 0.973982
vt 0.938279 0.973982
vt 0.966961 1.000000
vt 0.939289 1.000000
vt 0.339267 0.472513
vt 0.299399 0.484607
vt 0.324651 0.430224
vt 0.316699 0.411025
vt 0.906495 0.537839
vt 0.937255 0.537839
vt 0.907220 0.525178
vt 0.936530 0.525178
vt 0.908280 0.500000
vt 0.935470 0.500000
vt 0.844539 0.470291
vt 0.880642 0.450993
vt 0.852356 0.403186
vt 0.836777 0.379871
vt 0.820341 0.355272
vt 0.937301 0.961948
vt 0.906449 0.961948
vt 0.936721 0.973982
vt 0.907029 0.973982
vt 0.935711 1.000000
vt 0.908039 1.000000
vt 0.380962 0.450822
vt 0.344219 0.470461
vt 0.358377 0.412197
vt 0.346832 0.394919
vt 0.875245 0.537839
vt 0.906005 0.537838
vt 0.875970 0.525178
vt 0.905280 0.525178
vt 0.877030 0.500000
vt 0.904220 0.500000
vt 0.885699 0.447614
vt 0.917343 0.421644
vt 0.880274 0.380274
vt 0.860446 0.360446
vt 0.839527 0.339527
vt 0.906051 0.961948
vt 0.875199 0.961948
vt 0.905471 0.973982
vt 0.875779 0.973982
vt 0.904461 1.000000
vt 0.876789 1.000000
vt 0.417624 0.421414
vt 0.385419 0.447844
vt 0.387937 0.387937
vt 0.373244 0.373244
vt 0.843995 0.537839
vt 0.874755 0.537839
vt 0.844720 0.525178
vt 0.874030 0.525178
vt 0.845780 0.500000
vt 0.872970 0.500000
vt 0.921644 0.417343
vt 0.947614 0.385699
vt 0.903186 0.352356
vt 0.879871 0.336777
vt 0.855272 0.320341
vt 0.874801 0.961948
vt 0.843949 0.961948
vt 0.874221 0.973982
vt 0.844529 0.973982
vt 0.873211 1.000000
vt 0.845539 1.000000
vt 0.447844 0.385419
vt 0.421414 0.417624
vt 0.412197 0.358377
vt 0.394919 0.346832
vt 0.812745 0.537839
vt 0.843505 0.537839
vt 0.813470 0.525178
vt 0.842780 0.525178
vt 0.814530 0.500000
vt 0.841720 0.500000
vt 0.950993 0.380642
vt 0.970291 0.344539
vt 0.920211 0.320504
vt 0.894305 0.309773
vt 0.866972 0.298451
vt 0.843551 0.961948
vt 0.812699 0.961948
vt 0.842971 0.973982
vt 0.813279 0.973982
vt 0.841961 1.000000
vt 0.814289 1.000000
vt 0.470461 0.344219
vt 0.450822 0.380961
vt 0.430224 0.324651
vt 0.411025 0.316699
vt 0.781495 0.537839
vt 0.812255 0.537839
vt 0.782220 0.525178
vt 0.811530 0.525178
vt 0.783280 0.500000
vt 0.810470 0.500000
vt 0.972618 0.338920
vt 0.984501 0.299746
vt 0.930695 0.285943
vt 0.903193 0.280472
vt 0.874177 0.274700
vt 0.812301 0.961948
vt 0.781449 0.961948
vt 0.811721 0.973982
vt 0.782029 0.973982
vt 0.810711 1.000000
vt 0.783039 1.000000
vt 0.484607 0.299399
vt 0.472513 0.339267
vt 0.441325 0.288057
vt 0.420944 0.284003
vt 0.750245 0.537839
vt 0.781005 0.537839
vt 0.750970 0.525178
vt 0.780280 0.525178
vt 0.752030 0.500000
vt 0.779220 0.500000
vt 0.985688 0.293781
vt 0.989700 0.253041
vt 0.934235 0.250000
vt 0.906194 0.250000
vt 0.876610 0.250000
vt 0.781051 0.961948
vt 0.750199 0.961948
vt 0.780471 0.973982
vt 0.750779 0.973982
vt 0.779461 1.000000
vt 0.751789 1.000000
vt 0.489736 0.252680
vt 0.485652 0.294141
vt 0.445073 0.250000
vt 0.424293 0.250000
vt 0.718995 0.537839
vt 0.749755 0.537839
vt 0.719720 0.525178
vt 0.749030 0.525178
vt 0.720780 0.500000
vt 0.747970 0.500000
vt 0.989700 0.246959
vt 0.985688 0.206220
vt 0.930695 0.214057
vt 0.903193 0.219528
vt 0.874177 0.225300
vt 0.749801 0.961948
vt 0.718949 0.961948
vt 0.749221 0.973982
vt 0.719529 0.973982
vt 0.748211 1.000000
vt 0.720539 1.000000
vt 0.485652 0.205859
vt 0.489736 0.247320
vt 0.441325 0.211943
vt 0.420944 0.215997
vt 0.687745 0.537839
vt 0.718505 0.537839
vt 0.688470 0.525178
vt 0.717780 0.525178
vt 0.689530 0.500000
vt 0.716720 0.500000
vt 0.984501 0.200254
vt 0.972618 0.161080
vt 0.920211 0.179496
vt 0.894305 0.190227
vt 0.866972 0.201549
vt 0.718551 0.961948
vt 0.687699 0.961948
vt 0.717971 0.973982
vt 0.688279 0.973982
vt 0.716961 1.000000
vt 0.689289 1.000000
vt 0.472513 0.160733
vt 0.484607 0.200601
vt 0.430224 0.175349
vt 0.411025 0.183301
vt 0.656495 0.537839
vt 0.687255 0.537839
vt 0.657220 0.525178
vt 0.686530 0.525178
vt 0.658280 0.500000
vt 0.685470 0.500000
vt 0.970291 0.155461
vt 0.950993 0.119358
vt 0.903186 0.147644
vt 0.879871 0.163223
vt 0.855272 0.179659
vt 0.687301 0.961948
vt 0.656449 0.961948
vt 0.686721 0.973982
vt 0.657029 0.973982
vt 0.685711 1.000000
vt 0.658039 1.000000
vt 0.450822 0.119039
vt 0.470461 0.155781
vt 0.412197 0.141623
vt 0.394919 0.153168
vt 0.625245 0.537839
vt 0.656005 0.537839
vt 0.625970 0.525178
vt 0.655280 0.525178
vt 0.627030 0.500000
vt 0.654220 0.500000
vt 0.947614 0.114301
vt 0.921644 0.082657
vt 0.880274 0.119726
vt 0.860446 0.139554
vt 0.839527 0.160473
vt 0.656051 0.961948
vt 0.625199 0.961948
vt 0.655471 0.973982
vt 0.625779 0.973982
vt 0.654461 1.000000
vt 0.626789 1.000000
vt 0.421414 0.082376
vt 0.447844 0.114581
vt 0.387937 0.112063
vt 0.373244 0.126756
vt 0.593995 0.537839
vt 0.624755 0.537839
vt 0.594720 0.525178
vt 0.624030 0.525178
vt 0.595780 0.500000
vt 0.622970 0.500000
vt 0.917343 0.078356
vt 0.885699 0.052386
vt 0.852356 0.096814
vt 0.836777 0.120129
vt 0.820341 0.144728
vt 0.624801 0.961948
vt 0.593949 0.961948
vt 0.624221 0.973982
vt 0.594529 0.973982
vt 0.623211 1.000000
vt 0.595539 1.000000
vt 0.385419 0.052156
vt 0.417624 0.078586
vt 0.358377 0.087803
vt 0.346832 0.105081
vt 0.562745 0.537839
vt 0.593505 0.537838
vt 0.563470 0.525178
vt 0.592780 0.525178
vt 0.564530 0.500000
vt 0.591720 0.500000
vt 0.880642 0.049007
vt 0.844539 0.029709
vt 0.820504 0.079789
vt 0.809773 0.105695
vt 0.798451 0.133028
vt 0.593551 0.961948
vt 0.562699 0.961948
vt 0.592971 0.973982
vt 0.563279 0.973982
vt 0.591961 1.000000
vt 0.564289 1.000000
vt 0.344219 0.029539
vt 0.380961 0.049178
vt 0.324651 0.069776
vt 0.316699 0.088975
vt 0.531495 0.537839
vt 0.562255 0.537839
vt 0.532220 0.525178
vt 0.561530 0.525178
vt 0.533280 0.500000
vt 0.560470 0.500000
vt 0.838920 0.027382
vt 0.799746 0.015499
vt 0.785942 0.069305
vt 0.780472 0.096807
vt 0.774700 0.125823
vt 0.562301 0.961948
vt 0.531449 0.961948
vt 0.561721 0.973982
vt 0.532029 0.973982
vt 0.560711 1.000000
vt 0.533039 1.000000
vt 0.299399 0.015393
vt 0.339267 0.027487
vt 0.288057 0.058675
vt 0.284003 0.079056
vt 0.500245 0.537839
vt 0.531005 0.537839
vt 0.500970 0.525178
vt 0.530280 0.525178
vt 0.502030 0.500000
vt 0.529220 0.500000
vt 0.793780 0.014312
vt 0.753041 0.010300
vt 0.750000 0.065764
vt 0.750000 0.093806
vt 0.750000 0.123390
vt 0.531051 0.961948
vt 0.500199 0.961948
vt 0.530471 0.973982
vt 0.500779 0.973982
vt 0.529461 1.000000
vt 0.501789 1.000000
vt 0.252680 0.010264
vt 0.294141 0.014348
vt 0.250000 0.054927
vt 0.250000 0.075707
vt 0.468995 0.537839
vt 0.499755 0.537839
vt 0.469720 0.525178
vt 0.499030 0.525178
vt 0.470780 0.500000
vt 0.497970 0.500000
vt 0.746959 0.010300
vt 0.706219 0.014312
vt 0.714057 0.069305
vt 0.719528 0.096807
vt 0.725300 0.125823
vt 0.499801 0.961948
vt 0.468949 0.961948
vt 0.499221 0.973982
vt 0.469529 0.973982
vt 0.498211 1.000000
vt 0.470539 1.000000
vt 0.205859 0.014348
vt 0.247319 0.010264
vt 0.211943 0.058675
vt 0.215997 0.079056
vt 0.437745 0.537839
vt 0.468505 0.537839
vt 0.438470 0.525178
vt 0.467780 0.525178
vt 0.439530 0.500000
vt 0.466720 0.500000
vt 0.700254 0.015499
vt 0.661080 0.027382
vt 0.679496 0.079789
vt 0.690227 0.105696
vt 0.701548 0.133028
vt 0.468551 0.961948
vt 0.437699 0.961948
vt 0.467971 0.973982
vt 0.438279 0.973982
vt 0.466961 1.000000
vt 0.439289 1.000000
vt 0.160733 0.027487
vt 0.200601 0.015393
vt 0.175349 0.069776
vt 0.183301 0.088975
vt 0.406495 0.537839
vt 0.437255 0.537839
vt 0.407220 0.525178
vt 0.436530 0.525178
vt 0.408280 0.500000
vt 0.435470 0.500000
vt 0.655461 0.029709
vt 0.619358 0.049007
vt 0.647644 0.096814
vt 0.663223 0.120129
vt 0.679659 0.144728
vt 0.437301 0.961948
vt 0.406449 0.961948
vt 0.436721 0.973982
vt 0.407029 0.973982
vt 0.435711 1.000000
vt 0.408039 1.000000
vt 0.119038 0.049178
vt 0.155781 0.029539
vt 0.141623 0.087803
vt 0.153168 0.105081
vt 0.375245 0.537839
vt 0.406005 0.537839
vt 0.375970 0.525178
vt 0.405280 0.525178
vt 0.377030 0.500000
vt 0.404220 0.500000
vt 0.614301 0.052386
vt 0.582656 0.078356
vt 0.619726 0.119726
vt 0.639554 0.139554
vt 0.660473 0.160473
vt 0.406051 0.961948
vt 0.375199 0.961948
vt 0.405471 0.973982
vt 0.375779 0.973982
vt 0.404461 1.000000
vt 0.376789 1.000000
vt 0.082376 0.078586
vt 0.114581 0.052156
vt 0.112063 0.112063
vt 0.126756 0.126757
vt 0.343995 0.537839
vt 0.374755 0.537839
vt 0.344720 0.525178
vt 0.374030 0.525178
vt 0.345780 0.500000
vt 0.372970 0.500000
vt 0.578356 0.082657
vt 0.552386 0.114301
vt 0.596814 0.147644
vt 0.620129 0.163223
vt 0.644728 0.179659
vt 0.374801 0.961948
vt 0.343949 0.961948
vt 0.374221 0.973982
vt 0.344529 0.973982
vt 0.373211 1.000000
vt 0.345539 1.000000
vt 0.052156 0.114581
vt 0.078586 0.082376
vt 0.087803 0.141623
vt 0.105081 0.153168
vt 0.312745 0.537839
vt 0.343505 0.537839
vt 0.313470 0.525178
vt 0.342780 0.525178
vt 0.314530 0.500000
vt 0.341720 0.500000
vt 0.549007 0.119358
vt 0.529709 0.155461
vt 0.579789 0.179496
vt 0.605696 0.190227
vt 0.633028 0.201549
vt 0.343551 0.961948
vt 0.312699 0.961948
vt 0.342971 0.973982
vt 0.313279 0.973982
vt 0.341961 1.000000
vt 0.314289 1.000000
vt 0.029538 0.155781
vt 0.049178 0.119039
vt 0.069776 0.175349
vt 0.088974 0.183301
vt 0.281495 0.537839
vt 0.312255 0.537839
vt 0.282220 0.525178
vt 0.311530 0.525178
vt 0.283280 0.500000
vt 0.310470 0.500000
vt 0.527382 0.161080
vt 0.515499 0.200254
vt 0.569305 0.214058
vt 0.596807 0.219528
vt 0.625823 0.225300
vt 0.312301 0.961948
vt 0.281449 0.961948
vt 0.311721 0.973982
vt 0.282029 0.973982
vt 0.310711 1.000000
vt 0.283039 1.000000
vt 0.015393 0.200601
vt 0.027487 0.160734
vt 0.058675 0.211943
vt 0.079056 0.215997
vt 0.250245 0.537839
vt 0.281005 0.537839
vt 0.250970 0.525178
vt 0.280280 0.525178
vt 0.252030 0.500000
vt 0.279220 0.500000
vt 0.514312 0.206220
vt 0.510300 0.246959
vt 0.565765 0.250000
vt 0.593806 0.250000
vt 0.623390 0.250000
vt 0.281051 0.961948
vt 0.250199 0.961948
vt 0.280471 0.973982
vt 0.250779 0.973982
vt 0.279461 1.000000
vt 0.251789 1.000000
vt 0.010264 0.247320
vt 0.014347 0.205859
vt 0.054927 0.250000
vt 0.075707 0.250000
vt 0.218995 0.537839
vt 0.249755 0.537839
vt 0.219720 0.525178
vt 0.249030 0.525178
vt 0.220780 0.500000
vt 0.247970 0.500000
vt 0.510300 0.253041
vt 0.514312 0.293781
vt 0.569305 0.285943
vt 0.596807 0.280472
vt 0.625823 0.274701
vt 0.249801 0.961948
vt 0.218949 0.961948
vt 0.249221 0.973982
vt 0.219529 0.973982
vt 0.248211 1.000000
vt 0.220539 1.000000
vt 0.014348 0.294142
vt 0.010264 0.252681
vt 0.058675 0.288057
vt 0.079056 0.284003
vt 0.187745 0.537839
vt 0.218505 0.537838
vt 0.188470 0.525178
vt 0.217780 0.525178
vt 0.189530 0.500000
vt 0.216720 0.500000
vt 0.515499 0.299746
vt 0.527382 0.338920
vt 0.579789 0.320504
vt 0.605696 0.309773
vt 0.633028 0.298452
vt 0.218551 0.961948
vt 0.187699 0.961948
vt 0.217971 0.973982
vt 0.188279 0.973982
vt 0.216961 1.000000
vt 0.189289 1.000000
vt 0.027487 0.339267
vt 0.015393 0.299399
vt 0.069776 0.324651
vt 0.088975 0.316699
vt 0.156495 0.537839
vt 0.187255 0.537839
vt 0.157220 0.525178
vt 0.186530 0.525178
vt 0.158280 0.500000
vt 0.185470 0.500000
vt 0.529710 0.344539
vt 0.549007 0.380642
vt 0.596814 0.352356
vt 0.620130 0.336777
vt 0.644728 0.320341
vt 0.187301 0.961948
vt 0.156449 0.961948
vt 0.186721 0.973982
vt 0.157029 0.973982
vt 0.185711 1.000000
vt 0.158039 1.000000
vt 0.049178 0.380962
vt 0.029539 0.344220
vt 0.087803 0.358377
vt 0.105081 0.346832
vt 0.125245 0.537839
vt 0.156005 0.537838
vt 0.125970 0.525178
vt 0.155280 0.525178
vt 0.127030 0.500000
vt 0.154220 0.500000
vt 0.552386 0.385699
vt 0.578356 0.417344
vt 0.619726 0.380274
vt 0.639554 0.360446
vt 0.660473 0.339527
vt 0.156051 0.961948
vt 0.125199 0.961948
vt 0.155471 0.973982
vt 0.125779 0.973982
vt 0.154461 1.000000
vt 0.126789 1.000000
vt 0.078586 0.417624
vt 0.052156 0.385419
vt 0.112063 0.387938
vt 0.126757 0.373244
vt 0.093995 0.537839
vt 0.124755 0.537839
vt 0.094720 0.525178
vt 0.124030 0.525178
vt 0.095780 0.500000
vt 0.122970 0.500000
vt 0.582657 0.421644
vt 0.614301 0.447614
vt 0.647644 0.403186
vt 0.663223 0.379871
vt 0.679659 0.355272
vt 0.124801 0.961948
vt 0.093949 0.961948
vt 0.124221 0.973982
vt 0.094529 0.973982
vt 0.123211 1.000000
vt 0.095539 1.000000
vt 0.114581 0.447844
vt 0.082377 0.421415
vt 0.141624 0.412197
vt 0.153168 0.394919
vt 0.062745 0.537839
vt 0.093505 0.537839
vt 0.063470 0.525178
vt 0.092780 0.525178
vt 0.064530 0.500000
vt 0.091720 0.500000
vt 0.619358 0.450993
vt 0.655461 0.470291
vt 0.679496 0.420211
vt 0.690227 0.394305
vt 0.701549 0.366972
vt 0.093551 0.961948
vt 0.062699 0.961948
vt 0.092971 0.973982
vt 0.063279 0.973982
vt 0.091961 1.000000
vt 0.064289 1.000000
vt 0.155781 0.470462
vt 0.119039 0.450823
vt 0.175349 0.430224
vt 0.183301 0.411026
vt 0.031495 0.537839
vt 0.062255 0.537839
vt 0.032220 0.525178
vt 0.061530 0.525178
vt 0.033280 0.500000
vt 0.060470 0.500000
vt 0.661081 0.472618
vt 0.700254 0.484501
vt 0.714058 0.430695
vt 0.719528 0.403193
vt 0.725300 0.374177
vt 0.062301 0.961948
vt 0.031449 0.961948
vt 0.061721 0.973982
vt 0.032029 0.973982
vt 0.060711 1.000000
vt 0.033039 1.000000
vt 0.200601 0.484607
vt 0.160734 0.472513
vt 0.211944 0.441325
vt 0.215997 0.420944
vt 0.000245 0.537839
vt 0.031005 0.537839
vt 0.000970 0.525178
vt 0.030280 0.525178
vt 0.002030 0.500000
vt 0.029220 0.500000
vt 0.706220 0.485688
vt 0.746959 0.489700
vt 0.031051 0.961948
vt 0.000199 0.961948
vt 0.030471 0.973982
vt 0.000779 0.973982
vt 0.029461 1.000000
vt 0.001789 1.000000
vt 0.247320 0.489736
vt 0.205859 0.485653
s 1
usemtl Material.002
f 7096/4734/6977 7103/4735/6984 6669/4736/6550 6662/4737/6543
f 6690/4738/6571 6697/4739/6578 6711/4740/6592 6704/4741/6585
f 6704/4742/6585 6711/4743/6592 6725/4744/6606 6718/4745/6599
f 6718/4745/6599 6725/4746/6606 6739/4747/6620 6732/4748/6613
f 6732/4749/6613 6739/4750/6620 6753/4751/6634 6746/4752/6627
f 6746/4753/6627 6753/4754/6634 6767/4755/6648 6760/4756/6641
f 6760/4757/6641 6767/4755/6648 6781/4758/6662 6774/4759/6655
f 6774/4760/6655 6781/4761/6662 6795/4762/6676 6788/4763/6669
f 6788/4764/6669 6795/4762/6676 6809/4765/6690 6802/4766/6683
f 6802/4767/6683 6809/4765/6690 6823/4768/6704 6816/4769/6697
f 6816/4770/6697 6823/4768/6704 6837/4771/6718 6830/4772/6711
f 6830/4773/6711 6837/4774/6718 6851/4775/6732 6844/4776/6725
f 6844/4777/6725 6851/4778/6732 6865/4779/6746 6858/4780/6739
f 6858/4781/6739 6865/4779/6746 6879/4782/6760 6872/4783/6753
f 6872/4783/6753 6879/4784/6760 6893/4785/6774 6886/4786/6767
f 6886/4787/6767 6893/4785/6774 6907/4788/6788 6900/4789/6781
f 6900/4789/6781 6907/4790/6788 6921/4791/6802 6914/4792/6795
f 6914/4792/6795 6921/4793/6802 6935/4794/6816 6928/4795/6809
f 6928/4795/6809 6935/4796/6816 6949/4797/6830 6942/4798/6823
f 6942/4799/6823 6949/4797/6830 6963/4800/6844 6956/4801/6837
f 6956/4802/6837 6963/4803/6844 6977/4804/6858 6970/4805/6851
f 6970/4806/6851 6977/4804/6858 6991/4807/6872 6984/4808/6865
f 6984/4809/6865 6991/4810/6872 7005/4811/6886 6998/4812/6879
f 6998/4812/6879 7005/4811/6886 7019/4813/6900 7012/4814/6893
f 7012/4814/6893 7019/4815/6900 7033/4816/6914 7026/4817/6907
f 7026/4818/6907 7033/4816/6914 7047/4819/6928 7040/4820/6921
f 7040/4821/6921 7047/4822/6928 7061/4823/6942 7054/4824/6935
f 7054/4825/6935 7061/4826/6942 7075/4827/6956 7068/4828/6949
f 7068/4829/6949 7075/4827/6956 7089/4830/6970 7082/4831/6963
f 7082/4832/6963 7089/4833/6970 7103/4834/6984 7096/4835/6977
f 6676/4836/6557 6683/4837/6564 6697/4838/6578 6690/4839/6571
f 6682/4840/6563 6668/4841/6549 7102/4842/6983 7088/4843/6969 7074/4844/6955 7060/4845/6941 7046/4846/6927 7032/4847/6913 7018/4848/6899 7004/4849/6885 6990/4850/6871 6976/4851/6857 6962/4852/6843 6948/4853/6829 6934/4854/6815 6920/4855/6801 6906/4856/6787 6892/4857/6773 6878/4858/6759 6864/4859/6745 6850/4860/6731 6836/4861/6717 6822/4862/6703 6808/4863/6689 6794/4864/6675 6780/4865/6661 6766/4866/6647 6752/4867/6633 6738/4868/6619 6724/4869/6605 6710/4870/6591 6696/4871/6577
f 6662/4872/6543 6669/4873/6550 6683/4874/6564 6676/4875/6557
f 6662/4872/6543 6676/4875/6557 6681/4876/6562 6667/4877/6548
f 6667/4877/6548 6681/4876/6562 6680/4878/6561 6666/4879/6547
f 6666/4879/6547 6680/4878/6561 6679/4880/6560 6665/4881/6546
f 6665/4882/6546 6679/4883/6560 6678/4884/6559 6664/4885/6545
f 6664/4885/6545 6678/4884/6559 6677/4886/6558 6663/4887/6544
f 6663/4887/6544 6677/4886/6558 6675/4888/6556 6661/4889/6542
f 6683/4874/6564 6669/4873/6550 6674/4890/6555 6688/4891/6569
f 6688/4891/6569 6674/4890/6555 6673/4892/6554 6687/4893/6568
f 6687/4893/6568 6673/4892/6554 6672/4894/6553 6686/4895/6567
f 6686/4896/6567 6672/4897/6553 6671/4898/6552 6685/4899/6566
f 6685/4899/6566 6671/4898/6552 6670/4900/6551 6684/4901/6565
f 6684/4901/6565 6670/4900/6551 6668/4841/6549 6682/4840/6563
f 6676/4836/6557 6690/4839/6571 6695/4902/6576 6681/4903/6562
f 6681/4903/6562 6695/4902/6576 6694/4904/6575 6680/4905/6561
f 6680/4905/6561 6694/4904/6575 6693/4906/6574 6679/4907/6560
f 6679/4908/6560 6693/4909/6574 6692/4910/6573 6678/4884/6559
f 6678/4884/6559 6692/4910/6573 6691/4911/6572 6677/4886/6558
f 6677/4886/6558 6691/4911/6572 6689/4912/6570 6675/4888/6556
f 6697/4838/6578 6683/4837/6564 6688/4913/6569 6702/4914/6583
f 6702/4914/6583 6688/4913/6569 6687/4915/6568 6701/4916/6582
f 6701/4916/6582 6687/4915/6568 6686/4917/6567 6700/4918/6581
f 6700/4919/6581 6686/4920/6567 6685/4899/6566 6699/4921/6580
f 6699/4921/6580 6685/4899/6566 6684/4901/6565 6698/4922/6579
f 6698/4922/6579 6684/4901/6565 6682/4840/6563 6696/4871/6577
f 6690/4738/6571 6704/4741/6585 6709/4923/6590 6695/4924/6576
f 6695/4924/6576 6709/4923/6590 6708/4925/6589 6694/4926/6575
f 6694/4926/6575 6708/4925/6589 6707/4927/6588 6693/4928/6574
f 6693/4929/6574 6707/4930/6588 6706/4931/6587 6692/4910/6573
f 6692/4910/6573 6706/4931/6587 6705/4932/6586 6691/4911/6572
f 6691/4911/6572 6705/4932/6586 6703/4933/6584 6689/4912/6570
f 6711/4740/6592 6697/4739/6578 6702/4934/6583 6716/4935/6597
f 6716/4935/6597 6702/4934/6583 6701/4936/6582 6715/4937/6596
f 6715/4937/6596 6701/4936/6582 6700/4938/6581 6714/4939/6595
f 6714/4940/6595 6700/4941/6581 6699/4921/6580 6713/4942/6594
f 6713/4942/6594 6699/4921/6580 6698/4922/6579 6712/4943/6593
f 6712/4943/6593 6698/4922/6579 6696/4871/6577 6710/4870/6591
f 6704/4742/6585 6718/4745/6599 6723/4944/6604 6709/4945/6590
f 6709/4945/6590 6723/4944/6604 6722/4946/6603 6708/4947/6589
f 6708/4947/6589 6722/4946/6603 6721/4948/6602 6707/4949/6588
f 6707/4950/6588 6721/4951/6602 6720/4952/6601 6706/4931/6587
f 6706/4931/6587 6720/4952/6601 6719/4953/6600 6705/4932/6586
f 6705/4932/6586 6719/4953/6600 6717/4954/6598 6703/4933/6584
f 6725/4744/6606 6711/4743/6592 6716/4955/6597 6730/4956/6611
f 6730/4956/6611 6716/4955/6597 6715/4957/6596 6729/4958/6610
f 6729/4958/6610 6715/4957/6596 6714/4959/6595 6728/4960/6609
f 6728/4961/6609 6714/4962/6595 6713/4942/6594 6727/4963/6608
f 6727/4963/6608 6713/4942/6594 6712/4943/6593 6726/4964/6607
f 6726/4964/6607 6712/4943/6593 6710/4870/6591 6724/4869/6605
f 6718/4745/6599 6732/4748/6613 6737/4965/6618 6723/4966/6604
f 6723/4966/6604 6737/4965/6618 6736/4967/6617 6722/4968/6603
f 6722/4968/6603 6736/4967/6617 6735/4969/6616 6721/4970/6602
f 6721/4971/6602 6735/4972/6616 6734/4973/6615 6720/4952/6601
f 6720/4952/6601 6734/4973/6615 6733/4974/6614 6719/4953/6600
f 6719/4953/6600 6733/4974/6614 6731/4975/6612 6717/4954/6598
f 6739/4747/6620 6725/4746/6606 6730/4976/6611 6744/4977/6625
f 6744/4977/6625 6730/4976/6611 6729/4978/6610 6743/4979/6624
f 6743/4979/6624 6729/4978/6610 6728/4980/6609 6742/4981/6623
f 6742/4982/6623 6728/4983/6609 6727/4963/6608 6741/4984/6622
f 6741/4984/6622 6727/4963/6608 6726/4964/6607 6740/4985/6621
f 6740/4985/6621 6726/4964/6607 6724/4869/6605 6738/4868/6619
f 6732/4749/6613 6746/4752/6627 6751/4986/6632 6737/4987/6618
f 6737/4987/6618 6751/4986/6632 6750/4988/6631 6736/4989/6617
f 6736/4989/6617 6750/4988/6631 6749/4990/6630 6735/4991/6616
f 6735/4992/6616 6749/4993/6630 6748/4994/6629 6734/4973/6615
f 6734/4973/6615 6748/4994/6629 6747/4995/6628 6733/4974/6614
f 6733/4974/6614 6747/4995/6628 6745/4996/6626 6731/4975/6612
f 6753/4751/6634 6739/4750/6620 6744/4997/6625 6758/4998/6639
f 6758/4998/6639 6744/4997/6625 6743/4999/6624 6757/5000/6638
f 6757/5000/6638 6743/4999/6624 6742/5001/6623 6756/5002/6637
f 6756/5003/6637 6742/5004/6623 6741/4984/6622 6755/5005/6636
f 6755/5005/6636 6741/4984/6622 6740/4985/6621 6754/5006/6635
f 6754/5006/6635 6740/4985/6621 6738/4868/6619 6752/4867/6633
f 6746/4753/6627 6760/4756/6641 6765/5007/6646 6751/5008/6632
f 6751/5008/6632 6765/5007/6646 6764/5009/6645 6750/5010/6631
f 6750/5010/6631 6764/5009/6645 6763/5011/6644 6749/5012/6630
f 6749/5013/6630 6763/5014/6644 6762/5015/6643 6748/4994/6629
f 6748/4994/6629 6762/5015/6643 6761/5016/6642 6747/4995/6628
f 6747/4995/6628 6761/5016/6642 6759/5017/6640 6745/4996/6626
f 6767/4755/6648 6753/4754/6634 6758/5018/6639 6772/5019/6653
f 6772/5019/6653 6758/5018/6639 6757/5020/6638 6771/5021/6652
f 6771/5021/6652 6757/5020/6638 6756/5022/6637 6770/5023/6651
f 6770/5024/6651 6756/5025/6637 6755/5005/6636 6769/5026/6650
f 6769/5026/6650 6755/5005/6636 6754/5006/6635 6768/5027/6649
f 6768/5027/6649 6754/5006/6635 6752/4867/6633 6766/4866/6647
f 6760/4757/6641 6774/4759/6655 6779/5028/6660 6765/5029/6646
f 6765/5029/6646 6779/5028/6660 6778/5030/6659 6764/5031/6645
f 6764/5031/6645 6778/5030/6659 6777/5032/6658 6763/5033/6644
f 6763/5034/6644 6777/5035/6658 6776/5036/6657 6762/5015/6643
f 6762/5015/6643 6776/5036/6657 6775/5037/6656 6761/5016/6642
f 6761/5016/6642 6775/5037/6656 6773/5038/6654 6759/5017/6640
f 6781/4758/6662 6767/4755/6648 6772/5039/6653 6786/5040/6667
f 6786/5040/6667 6772/5039/6653 6771/5041/6652 6785/5042/6666
f 6785/5042/6666 6771/5041/6652 6770/5043/6651 6784/5044/6665
f 6784/5045/6665 6770/5046/6651 6769/5026/6650 6783/5047/6664
f 6783/5047/6664 6769/5026/6650 6768/5027/6649 6782/5048/6663
f 6782/5048/6663 6768/5027/6649 6766/4866/6647 6780/4865/6661
f 6774/4760/6655 6788/4763/6669 6793/5049/6674 6779/5050/6660
f 6779/5050/6660 6793/5049/6674 6792/5051/6673 6778/5052/6659
f 6778/5052/6659 6792/5051/6673 6791/5053/6672 6777/5054/6658
f 6777/5055/6658 6791/5056/6672 6790/5057/6671 6776/5036/6657
f 6776/5036/6657 6790/5057/6671 6789/5058/6670 6775/5037/6656
f 6775/5037/6656 6789/5058/6670 6787/5059/6668 6773/5038/6654
f 6795/4762/6676 6781/4761/6662 6786/5060/6667 6800/5061/6681
f 6800/5061/6681 6786/5060/6667 6785/5062/6666 6799/5063/6680
f 6799/5063/6680 6785/5062/6666 6784/5064/6665 6798/5065/6679
f 6798/5066/6679 6784/5067/6665 6783/5047/6664 6797/5068/6678
f 6797/5068/6678 6783/5047/6664 6782/5048/6663 6796/5069/6677
f 6796/5069/6677 6782/5048/6663 6780/4865/6661 6794/4864/6675
f 6788/4764/6669 6802/4766/6683 6807/5070/6688 6793/5071/6674
f 6793/5071/6674 6807/5070/6688 6806/5072/6687 6792/5073/6673
f 6792/5073/6673 6806/5072/6687 6805/5074/6686 6791/5075/6672
f 6791/5076/6672 6805/5077/6686 6804/5078/6685 6790/5057/6671
f 6790/5057/6671 6804/5078/6685 6803/5079/6684 6789/5058/6670
f 6789/5058/6670 6803/5079/6684 6801/5080/6682 6787/5059/6668
f 6809/4765/6690 6795/4762/6676 6800/5081/6681 6814/5082/6695
f 6814/5082/6695 6800/5081/6681 6799/5083/6680 6813/5084/6694
f 6813/5084/6694 6799/5083/6680 6798/5085/6679 6812/5086/6693
f 6812/5087/6693 6798/5088/6679 6797/5068/6678 6811/5089/6692
f 6811/5089/6692 6797/5068/6678 6796/5069/6677 6810/5090/6691
f 6810/5090/6691 6796/5069/6677 6794/4864/6675 6808/4863/6689
f 6802/4767/6683 6816/4769/6697 6821/5091/6702 6807/5092/6688
f 6807/5092/6688 6821/5091/6702 6820/5093/6701 6806/5094/6687
f 6806/5094/6687 6820/5093/6701 6819/5095/6700 6805/5096/6686
f 6805/5097/6686 6819/5098/6700 6818/5099/6699 6804/5078/6685
f 6804/5078/6685 6818/5099/6699 6817/5100/6698 6803/5079/6684
f 6803/5079/6684 6817/5100/6698 6815/5101/6696 6801/5080/6682
f 6823/4768/6704 6809/4765/6690 6814/5102/6695 6828/5103/6709
f 6828/5103/6709 6814/5102/6695 6813/5104/6694 6827/5105/6708
f 6827/5105/6708 6813/5104/6694 6812/5106/6693 6826/5107/6707
f 6826/5108/6707 6812/5109/6693 6811/5089/6692 6825/5110/6706
f 6825/5110/6706 6811/5089/6692 6810/5090/6691 6824/5111/6705
f 6824/5111/6705 6810/5090/6691 6808/4863/6689 6822/4862/6703
f 6816/4770/6697 6830/4772/6711 6835/5112/6716 6821/5113/6702
f 6821/5113/6702 6835/5112/6716 6834/5114/6715 6820/5115/6701
f 6820/5115/6701 6834/5114/6715 6833/5116/6714 6819/5117/6700
f 6819/5118/6700 6833/5119/6714 6832/5120/6713 6818/5099/6699
f 6818/5099/6699 6832/5120/6713 6831/5121/6712 6817/5100/6698
f 6817/5100/6698 6831/5121/6712 6829/5122/6710 6815/5101/6696
f 6837/4771/6718 6823/4768/6704 6828/5123/6709 6842/5124/6723
f 6842/5124/6723 6828/5123/6709 6827/5125/6708 6841/5126/6722
f 6841/5126/6722 6827/5125/6708 6826/5127/6707 6840/5128/6721
f 6840/5129/6721 6826/5130/6707 6825/5110/6706 6839/5131/6720
f 6839/5131/6720 6825/5110/6706 6824/5111/6705 6838/5132/6719
f 6838/5132/6719 6824/5111/6705 6822/4862/6703 6836/4861/6717
f 6830/4773/6711 6844/4776/6725 6849/5133/6730 6835/5134/6716
f 6835/5134/6716 6849/5133/6730 6848/5135/6729 6834/5136/6715
f 6834/5136/6715 6848/5135/6729 6847/5137/6728 6833/5138/6714
f 6833/5139/6714 6847/5140/6728 6846/5141/6727 6832/5120/6713
f 6832/5120/6713 6846/5141/6727 6845/5142/6726 6831/5121/6712
f 6831/5121/6712 6845/5142/6726 6843/5143/6724 6829/5122/6710
f 6851/4775/6732 6837/4774/6718 6842/5144/6723 6856/5145/6737
f 6856/5145/6737 6842/5144/6723 6841/5146/6722 6855/5147/6736
f 6855/5147/6736 6841/5146/6722 6840/5148/6721 6854/5149/6735
f 6854/5150/6735 6840/5151/6721 6839/5131/6720 6853/5152/6734
f 6853/5152/6734 6839/5131/6720 6838/5132/6719 6852/5153/6733
f 6852/5153/6733 6838/5132/6719 6836/4861/6717 6850/4860/6731
f 6844/4777/6725 6858/4780/6739 6863/5154/6744 6849/5155/6730
f 6849/5155/6730 6863/5154/6744 6862/5156/6743 6848/5157/6729
f 6848/5157/6729 6862/5156/6743 6861/5158/6742 6847/5159/6728
f 6847/5160/6728 6861/5161/6742 6860/5162/6741 6846/5141/6727
f 6846/5141/6727 6860/5162/6741 6859/5163/6740 6845/5142/6726
f 6845/5142/6726 6859/5163/6740 6857/5164/6738 6843/5143/6724
f 6865/4779/6746 6851/4778/6732 6856/5165/6737 6870/5166/6751
f 6870/5166/6751 6856/5165/6737 6855/5167/6736 6869/5168/6750
f 6869/5168/6750 6855/5167/6736 6854/5169/6735 6868/5170/6749
f 6868/5171/6749 6854/5172/6735 6853/5152/6734 6867/5173/6748
f 6867/5173/6748 6853/5152/6734 6852/5153/6733 6866/5174/6747
f 6866/5174/6747 6852/5153/6733 6850/4860/6731 6864/4859/6745
f 6858/4781/6739 6872/4783/6753 6877/5175/6758 6863/5176/6744
f 6863/5176/6744 6877/5175/6758 6876/5177/6757 6862/5178/6743
f 6862/5178/6743 6876/5177/6757 6875/5179/6756 6861/5180/6742
f 6861/5181/6742 6875/5182/6756 6874/5183/6755 6860/5162/6741
f 6860/5162/6741 6874/5183/6755 6873/5184/6754 6859/5163/6740
f 6859/5163/6740 6873/5184/6754 6871/5185/6752 6857/5164/6738
f 6879/4782/6760 6865/4779/6746 6870/5186/6751 6884/5187/6765
f 6884/5187/6765 6870/5186/6751 6869/5188/6750 6883/5189/6764
f 6883/5189/6764 6869/5188/6750 6868/5190/6749 6882/5191/6763
f 6882/5192/6763 6868/5193/6749 6867/5173/6748 6881/5194/6762
f 6881/5194/6762 6867/5173/6748 6866/5174/6747 6880/5195/6761
f 6880/5195/6761 6866/5174/6747 6864/4859/6745 6878/4858/6759
f 6872/4783/6753 6886/4786/6767 6891/5196/6772 6877/5197/6758
f 6877/5197/6758 6891/5196/6772 6890/5198/6771 6876/5199/6757
f 6876/5199/6757 6890/5198/6771 6889/5200/6770 6875/5201/6756
f 6875/5202/6756 6889/5203/6770 6888/5204/6769 6874/5183/6755
f 6874/5183/6755 6888/5204/6769 6887/5205/6768 6873/5184/6754
f 6873/5184/6754 6887/5205/6768 6885/5206/6766 6871/5185/6752
f 6893/4785/6774 6879/4784/6760 6884/5207/6765 6898/5208/6779
f 6898/5208/6779 6884/5207/6765 6883/5209/6764 6897/5210/6778
f 6897/5210/6778 6883/5209/6764 6882/5211/6763 6896/5212/6777
f 6896/5213/6777 6882/5214/6763 6881/5194/6762 6895/5215/6776
f 6895/5215/6776 6881/5194/6762 6880/5195/6761 6894/5216/6775
f 6894/5216/6775 6880/5195/6761 6878/4858/6759 6892/4857/6773
f 6886/4787/6767 6900/4789/6781 6905/5217/6786 6891/5218/6772
f 6891/5218/6772 6905/5217/6786 6904/5219/6785 6890/5220/6771
f 6890/5220/6771 6904/5219/6785 6903/5221/6784 6889/5222/6770
f 6889/5223/6770 6903/5224/6784 6902/5225/6783 6888/5204/6769
f 6888/5204/6769 6902/5225/6783 6901/5226/6782 6887/5205/6768
f 6887/5205/6768 6901/5226/6782 6899/5227/6780 6885/5206/6766
f 6907/4788/6788 6893/4785/6774 6898/5228/6779 6912/5229/6793
f 6912/5229/6793 6898/5228/6779 6897/5230/6778 6911/5231/6792
f 6911/5231/6792 6897/5230/6778 6896/5232/6777 6910/5233/6791
f 6910/5234/6791 6896/5235/6777 6895/5215/6776 6909/5236/6790
f 6909/5236/6790 6895/5215/6776 6894/5216/6775 6908/5237/6789
f 6908/5237/6789 6894/5216/6775 6892/4857/6773 6906/4856/6787
f 6900/4789/6781 6914/4792/6795 6919/5238/6800 6905/5239/6786
f 6905/5239/6786 6919/5238/6800 6918/5240/6799 6904/5241/6785
f 6904/5241/6785 6918/5240/6799 6917/5242/6798 6903/5243/6784
f 6903/5244/6784 6917/5245/6798 6916/5246/6797 6902/5225/6783
f 6902/5225/6783 6916/5246/6797 6915/5247/6796 6901/5226/6782
f 6901/5226/6782 6915/5247/6796 6913/5248/6794 6899/5227/6780
f 6921/4791/6802 6907/4790/6788 6912/5249/6793 6926/5250/6807
f 6926/5250/6807 6912/5249/6793 6911/5251/6792 6925/5252/6806
f 6925/5252/6806 6911/5251/6792 6910/5253/6791 6924/5254/6805
f 6924/5255/6805 6910/5256/6791 6909/5236/6790 6923/5257/6804
f 6923/5257/6804 6909/5236/6790 6908/5237/6789 6922/5258/6803
f 6922/5258/6803 6908/5237/6789 6906/4856/6787 6920/4855/6801
f 6914/4792/6795 6928/4795/6809 6933/5259/6814 6919/5260/6800
f 6919/5260/6800 6933/5259/6814 6932/5261/6813 6918/5262/6799
f 6918/5262/6799 6932/5261/6813 6931/5263/6812 6917/5264/6798
f 6917/5265/6798 6931/5266/6812 6930/5267/6811 6916/5246/6797
f 6916/5246/6797 6930/5267/6811 6929/5268/6810 6915/5247/6796
f 6915/5247/6796 6929/5268/6810 6927/5269/6808 6913/5248/6794
f 6935/4794/6816 6921/4793/6802 6926/5270/6807 6940/5271/6821
f 6940/5271/6821 6926/5270/6807 6925/5272/6806 6939/5273/6820
f 6939/5273/6820 6925/5272/6806 6924/5274/6805 6938/5275/6819
f 6938/5276/6819 6924/5277/6805 6923/5257/6804 6937/5278/6818
f 6937/5278/6818 6923/5257/6804 6922/5258/6803 6936/5279/6817
f 6936/5279/6817 6922/5258/6803 6920/4855/6801 6934/4854/6815
f 6928/4795/6809 6942/4798/6823 6947/5280/6828 6933/5281/6814
f 6933/5281/6814 6947/5280/6828 6946/5282/6827 6932/5283/6813
f 6932/5283/6813 6946/5282/6827 6945/5284/6826 6931/5285/6812
f 6931/5286/6812 6945/5287/6826 6944/5288/6825 6930/5267/6811
f 6930/5267/6811 6944/5288/6825 6943/5289/6824 6929/5268/6810
f 6929/5268/6810 6943/5289/6824 6941/5290/6822 6927/5269/6808
f 6949/4797/6830 6935/4796/6816 6940/5291/6821 6954/5292/6835
f 6954/5292/6835 6940/5291/6821 6939/5293/6820 6953/5294/6834
f 6953/5294/6834 6939/5293/6820 6938/5295/6819 6952/5296/6833
f 6952/5297/6833 6938/5298/6819 6937/5278/6818 6951/5299/6832
f 6951/5299/6832 6937/5278/6818 6936/5279/6817 6950/5300/6831
f 6950/5300/6831 6936/5279/6817 6934/4854/6815 6948/4853/6829
f 6942/4799/6823 6956/4801/6837 6961/5301/6842 6947/5302/6828
f 6947/5302/6828 6961/5301/6842 6960/5303/6841 6946/5304/6827
f 6946/5304/6827 6960/5303/6841 6959/5305/6840 6945/5306/6826
f 6945/5307/6826 6959/5308/6840 6958/5309/6839 6944/5288/6825
f 6944/5288/6825 6958/5309/6839 6957/5310/6838 6943/5289/6824
f 6943/5289/6824 6957/5310/6838 6955/5311/6836 6941/5290/6822
f 6963/4800/6844 6949/4797/6830 6954/5312/6835 6968/5313/6849
f 6968/5313/6849 6954/5312/6835 6953/5314/6834 6967/5315/6848
f 6967/5315/6848 6953/5314/6834 6952/5316/6833 6966/5317/6847
f 6966/5318/6847 6952/5319/6833 6951/5299/6832 6965/5320/6846
f 6965/5320/6846 6951/5299/6832 6950/5300/6831 6964/5321/6845
f 6964/5321/6845 6950/5300/6831 6948/4853/6829 6962/4852/6843
f 6956/4802/6837 6970/4805/6851 6975/5322/6856 6961/5323/6842
f 6961/5323/6842 6975/5322/6856 6974/5324/6855 6960/5325/6841
f 6960/5325/6841 6974/5324/6855 6973/5326/6854 6959/5327/6840
f 6959/5328/6840 6973/5329/6854 6972/5330/6853 6958/5309/6839
f 6958/5309/6839 6972/5330/6853 6971/5331/6852 6957/5310/6838
f 6957/5310/6838 6971/5331/6852 6969/5332/6850 6955/5311/6836
f 6977/4804/6858 6963/4803/6844 6968/5333/6849 6982/5334/6863
f 6982/5334/6863 6968/5333/6849 6967/5335/6848 6981/5336/6862
f 6981/5336/6862 6967/5335/6848 6966/5337/6847 6980/5338/6861
f 6980/5339/6861 6966/5340/6847 6965/5320/6846 6979/5341/6860
f 6979/5341/6860 6965/5320/6846 6964/5321/6845 6978/5342/6859
f 6978/5342/6859 6964/5321/6845 6962/4852/6843 6976/4851/6857
f 6970/4806/6851 6984/4808/6865 6989/5343/6870 6975/5344/6856
f 6975/5344/6856 6989/5343/6870 6988/5345/6869 6974/5346/6855
f 6974/5346/6855 6988/5345/6869 6987/5347/6868 6973/5348/6854
f 6973/5349/6854 6987/5350/6868 6986/5351/6867 6972/5330/6853
f 6972/5330/6853 6986/5351/6867 6985/5352/6866 6971/5331/6852
f 6971/5331/6852 6985/5352/6866 6983/5353/6864 6969/5332/6850
f 6991/4807/6872 6977/4804/6858 6982/5354/6863 6996/5355/6877
f 6996/5355/6877 6982/5354/6863 6981/5356/6862 6995/5357/6876
f 6995/5357/6876 6981/5356/6862 6980/5358/6861 6994/5359/6875
f 6994/5360/6875 6980/5361/6861 6979/5341/6860 6993/5362/6874
f 6993/5362/6874 6979/5341/6860 6978/5342/6859 6992/5363/6873
f 6992/5363/6873 6978/5342/6859 6976/4851/6857 6990/4850/6871
f 6984/4809/6865 6998/4812/6879 7003/5364/6884 6989/5365/6870
f 6989/5365/6870 7003/5364/6884 7002/5366/6883 6988/5367/6869
f 6988/5367/6869 7002/5366/6883 7001/5368/6882 6987/5369/6868
f 6987/5370/6868 7001/5371/6882 7000/5372/6881 6986/5351/6867
f 6986/5351/6867 7000/5372/6881 6999/5373/6880 6985/5352/6866
f 6985/5352/6866 6999/5373/6880 6997/5374/6878 6983/5353/6864
f 7005/4811/6886 6991/4810/6872 6996/5375/6877 7010/5376/6891
f 7010/5376/6891 6996/5375/6877 6995/5377/6876 7009/5378/6890
f 7009/5378/6890 6995/5377/6876 6994/5379/6875 7008/5380/6889
f 7008/5381/6889 6994/5382/6875 6993/5362/6874 7007/5383/6888
f 7007/5383/6888 6993/5362/6874 6992/5363/6873 7006/5384/6887
f 7006/5384/6887 6992/5363/6873 6990/4850/6871 7004/4849/6885
f 6998/4812/6879 7012/4814/6893 7017/5385/6898 7003/5386/6884
f 7003/5386/6884 7017/5385/6898 7016/5387/6897 7002/5388/6883
f 7002/5388/6883 7016/5387/6897 7015/5389/6896 7001/5390/6882
f 7001/5391/6882 7015/5392/6896 7014/5393/6895 7000/5372/6881
f 7000/5372/6881 7014/5393/6895 7013/5394/6894 6999/5373/6880
f 6999/5373/6880 7013/5394/6894 7011/5395/6892 6997/5374/6878
f 7019/4813/6900 7005/4811/6886 7010/5396/6891 7024/5397/6905
f 7024/5397/6905 7010/5396/6891 7009/5398/6890 7023/5399/6904
f 7023/5399/6904 7009/5398/6890 7008/5400/6889 7022/5401/6903
f 7022/5402/6903 7008/5403/6889 7007/5383/6888 7021/5404/6902
f 7021/5404/6902 7007/5383/6888 7006/5384/6887 7020/5405/6901
f 7020/5405/6901 7006/5384/6887 7004/4849/6885 7018/4848/6899
f 7012/4814/6893 7026/4817/6907 7031/5406/6912 7017/5407/6898
f 7017/5407/6898 7031/5406/6912 7030/5408/6911 7016/5409/6897
f 7016/5409/6897 7030/5408/6911 7029/5410/6910 7015/5411/6896
f 7015/5412/6896 7029/5413/6910 7028/5414/6909 7014/5393/6895
f 7014/5393/6895 7028/5414/6909 7027/5415/6908 7013/5394/6894
f 7013/5394/6894 7027/5415/6908 7025/5416/6906 7011/5395/6892
f 7033/4816/6914 7019/4815/6900 7024/5417/6905 7038/5418/6919
f 7038/5418/6919 7024/5417/6905 7023/5419/6904 7037/5420/6918
f 7037/5420/6918 7023/5419/6904 7022/5421/6903 7036/5422/6917
f 7036/5423/6917 7022/5424/6903 7021/5404/6902 7035/5425/6916
f 7035/5425/6916 7021/5404/6902 7020/5405/6901 7034/5426/6915
f 7034/5426/6915 7020/5405/6901 7018/4848/6899 7032/4847/6913
f 7026/4818/6907 7040/4820/6921 7045/5427/6926 7031/5428/6912
f 7031/5428/6912 7045/5427/6926 7044/5429/6925 7030/5430/6911
f 7030/5430/6911 7044/5429/6925 7043/5431/6924 7029/5432/6910
f 7029/5433/6910 7043/5434/6924 7042/5435/6923 7028/5414/6909
f 7028/5414/6909 7042/5435/6923 7041/5436/6922 7027/5415/6908
f 7027/5415/6908 7041/5436/6922 7039/5437/6920 7025/5416/6906
f 7047/4819/6928 7033/4816/6914 7038/5438/6919 7052/5439/6933
f 7052/5439/6933 7038/5438/6919 7037/5440/6918 7051/5441/6932
f 7051/5441/6932 7037/5440/6918 7036/5442/6917 7050/5443/6931
f 7050/5444/6931 7036/5445/6917 7035/5425/6916 7049/5446/6930
f 7049/5446/6930 7035/5425/6916 7034/5426/6915 7048/5447/6929
f 7048/5447/6929 7034/5426/6915 7032/4847/6913 7046/4846/6927
f 7040/4821/6921 7054/4824/6935 7059/5448/6940 7045/5449/6926
f 7045/5449/6926 7059/5448/6940 7058/5450/6939 7044/5451/6925
f 7044/5451/6925 7058/5450/6939 7057/5452/6938 7043/5453/6924
f 7043/5454/6924 7057/5455/6938 7056/5456/6937 7042/5435/6923
f 7042/5435/6923 7056/5456/6937 7055/5457/6936 7041/5436/6922
f 7041/5436/6922 7055/5457/6936 7053/5458/6934 7039/5437/6920
f 7061/4823/6942 7047/4822/6928 7052/5459/6933 7066/5460/6947
f 7066/5460/6947 7052/5459/6933 7051/5461/6932 7065/5462/6946
f 7065/5462/6946 7051/5461/6932 7050/5463/6931 7064/5464/6945
f 7064/5465/6945 7050/5466/6931 7049/5446/6930 7063/5467/6944
f 7063/5467/6944 7049/5446/6930 7048/5447/6929 7062/5468/6943
f 7062/5468/6943 7048/5447/6929 7046/4846/6927 7060/4845/6941
f 7054/4825/6935 7068/4828/6949 7073/5469/6954 7059/5470/6940
f 7059/5470/6940 7073/5469/6954 7072/5471/6953 7058/5472/6939
f 7058/5472/6939 7072/5471/6953 7071/5473/6952 7057/5474/6938
f 7057/5475/6938 7071/5476/6952 7070/5477/6951 7056/5456/6937
f 7056/5456/6937 7070/5477/6951 7069/5478/6950 7055/5457/6936
f 7055/5457/6936 7069/5478/6950 7067/5479/6948 7053/5458/6934
f 7075/4827/6956 7061/4826/6942 7066/5480/6947 7080/5481/6961
f 7080/5481/6961 7066/5480/6947 7065/5482/6946 7079/5483/6960
f 7079/5483/6960 7065/5482/6946 7064/5484/6945 7078/5485/6959
f 7078/5486/6959 7064/5487/6945 7063/5467/6944 7077/5488/6958
f 7077/5488/6958 7063/5467/6944 7062/5468/6943 7076/5489/6957
f 7076/5489/6957 7062/5468/6943 7060/4845/6941 7074/4844/6955
f 7068/4829/6949 7082/4831/6963 7087/5490/6968 7073/5491/6954
f 7073/5491/6954 7087/5490/6968 7086/5492/6967 7072/5493/6953
f 7072/5493/6953 7086/5492/6967 7085/5494/6966 7071/5495/6952
f 7071/5496/6952 7085/5497/6966 7084/5498/6965 7070/5477/6951
f 7070/5477/6951 7084/5498/6965 7083/5499/6964 7069/5478/6950
f 7069/5478/6950 7083/5499/6964 7081/5500/6962 7067/5479/6948
f 7089/4830/6970 7075/4827/6956 7080/5501/6961 7094/5502/6975
f 7094/5502/6975 7080/5501/6961 7079/5503/6960 7093/5504/6974
f 7093/5504/6974 7079/5503/6960 7078/5505/6959 7092/5506/6973
f 7092/5507/6973 7078/5508/6959 7077/5488/6958 7091/5509/6972
f 7091/5509/6972 7077/5488/6958 7076/5489/6957 7090/5510/6971
f 7090/5510/6971 7076/5489/6957 7074/4844/6955 7088/4843/6969
f 7082/4832/6963 7096/4835/6977 7101/5511/6982 7087/5512/6968
f 7087/5512/6968 7101/5511/6982 7100/5513/6981 7086/5514/6967
f 7086/5514/6967 7100/5513/6981 7099/5515/6980 7085/5516/6966
f 7085/5517/6966 7099/5518/6980 7098/5519/6979 7084/5498/6965
f 7084/5498/6965 7098/5519/6979 7097/5520/6978 7083/5499/6964
f 7083/5499/6964 7097/5520/6978 7095/5521/6976 7081/5500/6962
f 7103/4834/6984 7089/4833/6970 7094/5522/6975 7108/5523/6989
f 7108/5523/6989 7094/5522/6975 7093/5524/6974 7107/5525/6988
f 7107/5525/6988 7093/5524/6974 7092/5526/6973 7106/5527/6987
f 7106/5528/6987 7092/5529/6973 7091/5509/6972 7105/5530/6986
f 7105/5530/6986 7091/5509/6972 7090/5510/6971 7104/5531/6985
f 7104/5531/6985 7090/5510/6971 7088/4843/6969 7102/4842/6983
f 7096/4734/6977 6662/4737/6543 6667/5532/6548 7101/5533/6982
f 7101/5533/6982 6667/5532/6548 6666/5534/6547 7100/5535/6981
f 7100/5535/6981 6666/5534/6547 6665/5536/6546 7099/5537/6980
f 7099/5538/6980 6665/5539/6546 6664/4885/6545 7098/5519/6979
f 7098/5519/6979 6664/4885/6545 6663/4887/6544 7097/5520/6978
f 7097/5520/6978 6663/4887/6544 6661/4889/6542 7095/5521/6976
f 6669/4736/6550 7103/4735/6984 7108/5540/6989 6674/5541/6555
f 6674/5541/6555 7108/5540/6989 7107/5542/6988 6673/5543/6554
f 6673/5543/6554 7107/5542/6988 7106/5544/6987 6672/5545/6553
f 6672/5546/6553 7106/5547/6987 7105/5530/6986 6671/4898/6552
f 6671/4898/6552 7105/5530/6986 7104/5531/6985 6670/4900/6551
f 6670/4900/6551 7104/5531/6985 7102/4842/6983 6668/4841/6549
f 6661/4889/6542 6675/4888/6556 6689/4912/6570 6703/4933/6584 6717/4954/6598 6731/4975/6612 6745/4996/6626 6759/5017/6640 6773/5038/6654 6787/5059/6668 6801/5080/6682 6815/5101/6696 6829/5122/6710 6843/5143/6724 6857/5164/6738 6871/5185/6752 6885/5206/6766 6899/5227/6780 6913/5248/6794 6927/5269/6808 6941/5290/6822 6955/5311/6836 6969/5332/6850 6983/5353/6864 6997/5374/6878 7011/5395/6892 7025/5416/6906 7039/5437/6920 7053/5458/6934 7067/5479/6948 7081/5500/6962 7095/5521/6976
