# File generated by ImageToStl.com - Free Image and 3D model conversion tools

mtllib hamster_cage.mtl

o obj1
v -0.6857867 0.81035008 0.39792414
v -1.02868008 0.85025115 0.39792417
v -1.02868008 0.86594534 0.59688625
v -0.68578676 0.82445913 0.59688619
v -1.3715734 0.87500714 0.39792416
v -1.37157353 0.89491087 0.59688624
v -1.37157353 0.90147676 0.79584839
v -1.02868021 0.87248822 0.79584839
v -0.68578676 0.83830226 0.79584833
v -1.71446685 0.84131447 0.39792417
v -1.71446685 0.86846089 0.59688625
v -2.05736017 0.80585661 0.39792417
v -2.05736029 0.83916346 0.59688625
v -2.05736017 0.87309664 0.79584839
v -1.71446685 0.88880122 0.79584839
v -2.40025398 0.82699845 0.39792417
v -2.40025398 0.86148634 0.59688625
v -2.7431473 0.86984387 0.39792417
v -2.74314705 0.90203304 0.59688624
v -2.74314705 0.92248674 0.79584832
v -2.40025398 0.89430396 0.79584839
v -3.08604062 0.88615785 0.39792416
v -3.08604062 0.9150312 0.59688624
v -3.42893345 0.86761008 0.39792413
v -3.42893369 0.89306904 0.59688624
v -3.42893345 0.89346703 0.79584832
v -3.08604062 0.92065286 0.79584838
v -3.77182701 0.82370208 0.39792414
v -3.77182726 0.84790153 0.59688625
v -4.11472058 0.79535698 0.39792418
v -4.11472083 0.8295907 0.59688625
v -4.11472058 0.85863723 0.79584833
v -3.77182701 0.86041845 0.79584833
v -4.4576139 0.81363954 0.39792414
v -4.4576139 0.87110895 0.59688625
v -4.80050747 0.83875909 0.39792414
v -4.80050648 0.89876482 0.59688618
v -4.80050697 0.92520087 0.79584832
v -4.45761341 0.9059344 0.79584832
v -1.02868014 0.85700602 0.99481047
v -0.68578682 0.82068283 0.99481048
v -1.37157353 0.89552865 0.99481047
v -1.37157353 0.89586526 1.19377255
v -1.02868021 0.849841 1.19377255
v -0.68578676 0.80793647 1.19377256
v -1.71446685 0.89946581 0.99481047
v -2.05736041 0.89303416 0.99481047
v -2.05736017 0.90236156 1.19377255
v -1.71446697 0.90982503 1.19377255
v -2.40025373 0.90420571 0.99481047
v -2.74314705 0.9149736 0.99481053
v -2.7431473 0.88054863 1.19377255
v -2.40025398 0.89182177 1.19377267
v -3.08604062 0.90357501 0.99481053
v -3.42893369 0.87920259 0.99481047
v -3.42893369 0.85820115 1.19377255
v -3.08604062 0.86801334 1.19377268
v -3.77182701 0.85877701 0.99481047
v -4.11472058 0.85917642 0.99481047
v -4.11472058 0.85724326 1.19377255
v -3.77182701 0.85498133 1.19377255
v -4.4576139 0.88506045 0.99481047
v -4.80050697 0.89226003 0.99481047
v -4.80050747 0.86004131 1.19377255
v -4.4576139 0.86153803 1.19377255
v -1.02868008 0.87620391 1.39273463
v -0.68578682 0.83553657 1.39273476
v -1.37157377 0.91421077 1.39273475
v -1.37157353 0.91601662 1.59169671
v -1.02868021 0.89756625 1.59169696
v -0.68578676 0.86797463 1.59169671
v -1.71446697 0.92397419 1.39273463
v -2.05736054 0.90432058 1.39273475
v -2.05736041 0.88357084 1.59169671
v -1.71446709 0.91267003 1.59169696
v -2.40025398 0.86437289 1.39273463
v -2.7431473 0.83003255 1.39273476
v -2.7431473 0.79602244 1.59169672
v -2.40025398 0.83356721 1.59169697
v -3.08604062 0.82392034 1.39273464
v -3.42893369 0.83875802 1.39273476
v -3.42893369 0.83312097 1.59169672
v -3.08604062 0.8005341 1.59169697
v -3.77182726 0.86065722 1.39273463
v -4.11472107 0.87919083 1.39273476
v -4.11472058 0.90328574 1.59169671
v -3.77182701 0.87144076 1.59169696
v -4.4576139 0.88690908 1.39273463
v -4.80050697 0.8848121 1.39273475
v -4.80050747 0.92160567 1.59169671
v -4.4576139 0.92057561 1.59169695
v -1.02868014 0.8787895 1.79065879
v -0.68578689 0.86990282 1.7906588
v -1.37157365 0.87390201 1.7906588
v -1.37157353 0.83542902 1.98962088
v -1.02868027 0.86203584 1.989621
v -0.68578682 0.87759705 1.98962088
v -1.71446697 0.85708133 1.7906588
v -2.05736041 0.83412879 1.7906588
v -2.05736017 0.80601878 1.98962089
v -1.71446709 0.81336364 1.98962101
v -2.40025398 0.81293956 1.7906588
v -2.74314705 0.80582384 1.7906588
v -2.7431473 0.84379866 1.98962088
v -2.40025398 0.81884659 1.98962101
v -3.08604062 0.82169894 1.7906588
v -3.42893369 0.85149654 1.7906588
v -3.42893345 0.89197307 1.98962087
v -3.08604062 0.87040046 1.989621
v -3.77182701 0.88249284 1.79065879
v -4.11472083 0.90532803 1.79065879
v -4.11472058 0.89933747 1.98962087
v -3.77182701 0.90306471 1.989621
v -4.4576139 0.91434368 1.79065879
v -4.80050697 0.91532225 1.79065879
v -4.80050747 0.87156216 1.98962088
v -4.4576139 0.88177861 1.989621
v -1.02868014 0.88920815 2.18858345
v -0.68578689 0.92644418 2.18858295
v -1.37157365 0.84673745 2.18858296
v -1.37157353 0.87333524 2.38754492
v -1.02868027 0.92387307 2.38754516
v -0.68578682 0.97665098 2.3875449
v -1.71446697 0.83284798 2.18858346
v -2.05736041 0.84095534 2.18858296
v -2.05736017 0.89140506 2.38754491
v -1.71446697 0.8725805 2.38754516
v -2.40025398 0.85786988 2.18858345
v -2.74314705 0.88438248 2.18858296
v -2.74314705 0.905249 2.38754491
v -2.40025398 0.89467076 2.38754516
v -3.08604062 0.91993246 2.18858345
v -3.42893369 0.9445732 2.18858295
v -3.42893345 0.97917535 2.3875449
v -3.08604062 0.94568077 2.38754515
v -3.77182701 0.93871223 2.18858344
v -4.11472033 0.90356071 2.18858295
v -4.11472058 0.91493229 2.38754491
v -3.77182677 0.96611856 2.38754515
v -4.4576139 0.85128028 2.18858345
v -4.80050697 0.81703081 2.18858297
v -4.80050697 0.80215385 2.38754493
v -4.45761341 0.84883003 2.38754517
v -1.02868014 0.92197602 2.58650736
v -0.68578682 0.98091837 2.58650735
v -1.37157353 0.87303297 2.58650712
v -1.3715734 0.8534831 2.78546908
v -1.02868008 0.88731608 2.78546932
v -0.6857867 0.93710211 2.78546907
v -1.71446685 0.88113093 2.58650737
v -2.05736041 0.90379381 2.58650712
v -2.05736017 0.8896329 2.78546908
v -1.71446685 0.86744928 2.78546908
v -2.40025373 0.89622441 2.58650736
v -2.74314705 0.8938603 2.58650736
v -2.7431473 0.87359122 2.78546908
v -2.40025398 0.88068209 2.78546932
v -3.08604062 0.93275013 2.58650736
v -3.42893369 0.97115437 2.58650735
v -3.42893345 0.9380148 2.78546907
v -3.08604062 0.90302899 2.78546932
v -3.77182701 0.9633784 2.58650736
v -4.11472058 0.92569822 2.58650736
v -4.11472058 0.93066183 2.78546907
v -3.77182701 0.9431062 2.78546932
v -4.4576139 0.88618044 2.58650737
v -4.80050697 0.85808615 2.58650712
v -4.80050747 0.91517843 2.78546907
v -4.4576139 0.92058801 2.78546932
v -1E-08 0.91826814 -7E-08
v -0.34289335 0.8871163 -6E-08
v -0.34289335 0.84050846 0.19896203
v -0 0.87317049 0.19896202
v -0.68578676 0.86210158 -6E-08
v -0.68578676 0.83011098 0.19896204
v -0.34289335 0.80930966 0.39792411
v -0 0.8439571 0.39792414
v -1.02868014 0.85384024 -5E-08
v -1.02868002 0.84504833 0.19896203
v -1.3715734 0.83932755 -5E-08
v -1.37157353 0.84911822 0.19896206
v -1.71446697 0.80098485 -5E-08
v -1.71446685 0.8146245 0.19896203
v -2.05736017 0.77656002 -5E-08
v -2.05736041 0.78716767 0.19896208
v -2.40025398 0.79857773 -5E-08
v -2.40025398 0.80989326 0.19896205
v -2.7431473 0.82334402 -5E-08
v -2.74314705 0.84283123 0.19896206
v -3.08604062 0.8072708 -6E-08
v -3.08604062 0.84029129 0.19896203
v -3.42893345 0.78341276 -5E-08
v -3.42893369 0.81681978 0.19896204
v -3.77182701 0.78799468 -5E-08
v -3.77182701 0.79683514 0.19896203
v -4.11472058 0.79327998 -5E-08
v -4.11472033 0.78400979 0.19896206
v -4.4576139 0.77208906 -4E-08
v -4.4576139 0.77848198 0.19896203
v -4.80050747 0.76343207 -5E-08
v -4.80050697 0.78699995 0.19896205
v -5.14340103 0.80793286 -6E-08
v -5.14340103 0.81469365 0.19896203
v -5.48629411 0.88647946 -7E-08
v -5.48629411 0.85361067 0.19896202
v -5.48629411 0.78994247 0.39792411
v -5.14340054 0.8270176 0.39792411
v -5.14340005 0.83844488 0.59688619
v -5.48629411 0.721015 0.59688627
v -5.48629411 0.69665115 0.79584841
v -5.14340054 0.84314335 0.79584833
v -5.14340103 0.84004947 0.99481041
v -5.48629411 0.75030823 0.99481061
v -5.48629411 0.82569916 1.19377268
v -5.14340054 0.84654752 1.19377256
v -5.14340103 0.87605188 1.39273463
v -5.48629411 0.86394024 1.39273488
v -5.48629411 0.88550474 1.59169684
v -5.14340054 0.90764781 1.59169671
v -5.14340103 0.91541551 1.79065891
v -5.48629411 0.91581153 1.79065891
v -5.48629411 0.92070389 1.98962099
v -5.14340054 0.88774218 1.989621
v -5.14340005 0.82999178 2.18858296
v -5.48629411 0.87242302 2.1885832
v -5.48629411 0.8283775 2.38754542
v -5.14340054 0.80112807 2.38754493
v -5.14340103 0.84763302 2.58650737
v -5.48629411 0.84767149 2.58650712
v -5.48629411 0.91102401 2.78546932
v -5.14340054 0.91246248 2.78546932
v -5.14101941 0.9302802 2.98304981
v -4.80050747 0.90219655 2.98443128
v -5.47200735 0.97591637 2.97614148
v -5.3737823 0.98647644 3.11810956
v -5.12911378 0.90933795 3.17510369
v -4.80050747 0.84236957 3.18339349
v -4.4576139 0.91002249 2.98443128
v -4.11472058 0.92688884 2.98443128
v -4.4576139 0.86980198 3.18339374
v -4.11472033 0.9179363 3.18339348
v -3.77182677 0.92269594 2.98443128
v -3.42893369 0.90287822 2.98443128
v -3.77182701 0.90414179 3.18339373
v -3.42893345 0.86920121 3.18339349
v -3.08604062 0.88122964 2.98443128
v -2.74314705 0.86944665 2.98443128
v -3.08604013 0.86657719 3.18339374
v -2.74314681 0.87703865 3.18339373
v -2.40025349 0.87267723 2.98443128
v -2.05736017 0.87197204 2.98443128
v -2.40025373 0.87159695 3.18339373
v -2.05736017 0.85492764 3.18339349
v -1.71446697 0.85142172 2.98443129
v -1.3715734 0.83137409 2.98443129
v -1.71446697 0.83630064 3.18339374
v -1.37157353 0.80969773 3.1833935
v -1.02868008 0.83444518 2.98443129
v -0.68578676 0.85606802 2.98443129
v -1.02868014 0.77307397 3.18339375
v -0.68578676 0.75556456 3.1833935
v -1E-08 0.96939975 2.78546931
v -0.34289335 0.96359825 2.78546931
v -0.34289332 0.88573205 2.98443128
v -1E-08 0.91633418 2.98443177
v -0.34289338 0.78289991 3.18339375
v -1E-08 0.83601169 3.18339374
v -1E-08 0.94640921 2.38754491
v -0.34289341 0.98036462 2.3875449
v -0.34289338 0.99600704 2.58650735
v -0 0.97566122 2.58650711
v -2E-08 0.8628667 1.98962088
v -0.34289338 0.87205382 1.98962088
v -0.34289338 0.92600222 2.18858344
v -1E-08 0.90133158 2.18858271
v -0 0.83915986 1.59169672
v -0.34289338 0.8413811 1.59169697
v -0.34289344 0.85130949 1.79065868
v -1E-08 0.84675059 1.7906588
v 0 0.82521657 1.19377256
v -0.34289338 0.80518836 1.19377268
v -0.34289338 0.81807929 1.39273476
v -0 0.82644542 1.39273489
v -2E-08 0.86688823 0.79584833
v -0.34289338 0.84060874 0.79584839
v -0.34289338 0.82434332 0.99481054
v -1E-08 0.84876904 0.99481054
v -0.34289338 0.82255042 0.59688625
v -1E-08 0.85366909 0.59688619
v 4.80050747 0.83395536 0.39792414
v 4.4576139 0.84661124 0.39792417
v 4.45761341 0.84260036 0.59688625
v 4.80050697 0.82221285 0.59688619
v 4.11472058 0.8506325 0.39792417
v 4.11472083 0.86081133 0.59688625
v 4.11472058 0.87458521 0.79584839
v 4.45761439 0.84029211 0.79584839
v 4.80050747 0.81149537 0.79584834
v 3.77182677 0.8294483 0.39792417
v 3.77182726 0.85488749 0.59688625
v 3.42893345 0.80984245 0.39792417
v 3.42893369 0.83487492 0.59688625
v 3.42893345 0.88289566 0.79584839
v 3.77182701 0.89261049 0.79584839
v 3.08604062 0.81872188 0.39792417
v 3.08604037 0.8181499 0.59688625
v 2.7431473 0.84013152 0.39792417
v 2.74314705 0.81940595 0.59688625
v 2.74314705 0.82436148 0.79584833
v 3.08604037 0.84650551 0.79584839
v 2.40025398 0.85119319 0.39792417
v 2.40025349 0.84491458 0.59688625
v 2.05736017 0.84420088 0.39792414
v 2.05736041 0.86994277 0.59688625
v 2.05736017 0.89148193 0.79584832
v 2.40025373 0.85049021 0.79584839
v 1.71446709 0.82313874 0.39792414
v 1.71446685 0.87297242 0.59688625
v 1.37157353 0.82358138 0.39792417
v 1.37157353 0.87635047 0.59688625
v 1.37157353 0.91146018 0.79584832
v 1.71446697 0.90887813 0.79584832
v 1.02868014 0.86985959 0.39792413
v 1.02868014 0.90083708 0.59688624
v 0.6857867 0.90973826 0.39792413
v 0.68578676 0.91698082 0.59688618
v 0.68578676 0.91147661 0.79584832
v 1.02868021 0.9144357 0.79584832
v 4.45761341 0.82908189 0.99481048
v 4.80050697 0.80094805 0.99481048
v 4.11472083 0.86124841 0.99481047
v 4.11472058 0.83157379 1.19377256
v 4.45761439 0.81221397 1.19377256
v 4.80050747 0.79204657 1.19377256
v 3.77182726 0.8938949 0.99481047
v 3.42893369 0.90269787 0.99481047
v 3.42893369 0.88688674 1.19377255
v 3.77182701 0.86588138 1.19377255
v 3.08604037 0.87257664 0.99481047
v 2.7431473 0.84619239 0.99481054
v 2.7431473 0.8493485 1.19377255
v 3.08604062 0.87000892 1.19377268
v 2.40025373 0.86379201 0.99481053
v 2.05736029 0.8982224 0.99481047
v 2.05736017 0.88108243 1.19377255
v 2.40025373 0.85984144 1.19377268
v 1.71446685 0.91422 0.99481046
v 1.37157365 0.91147824 0.99481047
v 1.37157353 0.87955757 1.19377255
v 1.71446709 0.88642011 1.19377255
v 1.02868008 0.89824383 0.99481047
v 0.68578682 0.88202099 0.99481047
v 0.68578676 0.85824674 1.19377255
v 1.02868021 0.86976764 1.19377255
v 4.45761341 0.79806453 1.39273464
v 4.80050747 0.78937643 1.39273477
v 4.11472083 0.80552007 1.39273477
v 4.11472058 0.79831102 1.59169672
v 4.45761439 0.80168995 1.59169697
v 4.80050747 0.8076296 1.59169672
v 3.77182726 0.83032249 1.39273464
v 3.42893394 0.84636593 1.39273476
v 3.42893369 0.82141872 1.59169672
v 3.77182701 0.81155326 1.59169697
v 3.08604037 0.83006357 1.39273464
v 2.74314705 0.81258844 1.39273476
v 2.74314705 0.79864991 1.59169672
v 3.08604037 0.80960509 1.59169697
v 2.40025373 0.82478178 1.39273464
v 2.05736054 0.84139791 1.39273476
v 2.05736017 0.82065945 1.59169672
v 2.40025373 0.8100953 1.59169697
v 1.71446685 0.83571785 1.39273464
v 1.37157353 0.83121902 1.39273476
v 1.37157353 0.81086955 1.59169672
v 1.71446709 0.80956442 1.59169697
v 1.02868008 0.85115004 1.39273464
v 0.68578682 0.86764953 1.39273476
v 0.68578676 0.88833649 1.59169671
v 1.02868021 0.85316637 1.59169696
v 4.45761341 0.83122181 1.7906588
v 4.80050747 0.85157735 1.7906588
v 4.11472058 0.81839517 1.7906588
v 4.11472058 0.85185624 1.98962088
v 4.4576139 0.86041303 1.989621
v 4.80050747 0.87620075 1.98962088
v 3.77182726 0.82665275 1.7906588
v 3.42893369 0.84473003 1.7906588
v 3.42893369 0.88921096 1.98962087
v 3.77182701 0.86109288 1.989621
v 3.08604037 0.85802416 1.7906588
v 2.7431473 0.8633997 1.7906588
v 2.7431473 0.95124065 1.98962087
v 3.08604062 0.92921403 1.98962099
v 2.40025373 0.86101531 1.7906588
v 2.05736029 0.85274146 1.7906588
v 2.05736017 0.90089643 1.98962087
v 2.40025373 0.93244368 1.98962099
v 1.71446697 0.84347442 1.7906588
v 1.37157353 0.8485041 1.7906588
v 1.37157353 0.88758337 1.98962087
v 1.71446709 0.88800486 1.989621
v 1.02868008 0.87567892 1.7906588
v 0.68578682 0.8926885 1.79065879
v 0.68578676 0.87956871 1.98962088
v 1.02868014 0.88626773 1.989621
v 4.45761341 0.86542272 2.18858345
v 4.80050697 0.84610116 2.18858296
v 4.11472058 0.88233322 2.18858296
v 4.11472033 0.9060515 2.38754491
v 4.4576139 0.86641239 2.38754516
v 4.80050747 0.81415015 2.38754492
v 3.77182726 0.89552299 2.18858345
v 3.42893369 0.92102545 2.18858295
v 3.42893345 0.93912068 2.38754491
v 3.77182701 0.92291044 2.38754516
v 3.08604037 0.96725637 2.18858344
v 2.7431473 0.99481913 2.18858294
v 2.7431473 0.99121831 2.3875449
v 3.08604062 0.97248703 2.38754515
v 2.40025373 0.96895435 2.18858344
v 2.05736054 0.92126624 2.18858295
v 2.05736017 0.91217034 2.38754491
v 2.40025398 0.9641439 2.38754515
v 1.71446685 0.88984993 2.18858345
v 1.37157353 0.87240313 2.18858296
v 1.37157353 0.83713346 2.38754492
v 1.71446709 0.86521125 2.38754516
v 1.02868014 0.86016092 2.18858345
v 0.68578682 0.85890555 2.18858296
v 0.68578676 0.85840501 2.38754492
v 1.02868027 0.83546258 2.38754492
v 4.45761341 0.88270037 2.58650737
v 4.80050697 0.83125429 2.58650737
v 4.11472058 0.91997704 2.58650711
v 4.11472058 0.91145142 2.78546907
v 4.4576139 0.88622927 2.78546932
v 4.80050747 0.85219012 2.78546908
v 3.77182726 0.93895289 2.58650736
v 3.42893369 0.94962988 2.58650711
v 3.42893345 0.95464652 2.78546907
v 3.77182677 0.93795332 2.78546907
v 3.08604037 0.96012544 2.58650736
v 2.7431473 0.95688611 2.58650736
v 2.7431473 0.92129114 2.78546907
v 3.08604062 0.94867416 2.78546932
v 2.40025373 0.92709619 2.58650736
v 2.05736054 0.88256345 2.58650737
v 2.05736017 0.84176433 2.78546908
v 2.40025398 0.87982265 2.78546932
v 1.71446697 0.84196039 2.58650737
v 1.37157365 0.8267964 2.58650737
v 1.37157353 0.8399472 2.78546908
v 1.71446709 0.82514399 2.78546933
v 1.02868014 0.8511527 2.58650737
v 0.68578676 0.89656173 2.58650712
v 0.6857867 0.93724603 2.78546907
v 1.02868014 0.88683926 2.78546932
v 5.48629411 0.9168362 -7E-08
v 5.14340103 0.88281481 -6E-08
v 5.14340103 0.85455986 0.19896201
v 5.48629411 0.87453349 0.19896202
v 4.80050697 0.86689485 -6E-08
v 4.80050697 0.8482392 0.19896204
v 5.14340153 0.83394158 0.39792408
v 5.48629411 0.84331527 0.39792411
v 4.4576139 0.8787719 -5E-08
v 4.45761341 0.86173694 0.19896202
v 4.11472058 0.89451961 -5E-08
v 4.11472058 0.87126891 0.19896205
v 3.77182677 0.89210121 -6E-08
v 3.77182726 0.85722201 0.19896202
v 3.42893345 0.89066249 -6E-08
v 3.42893369 0.84661827 0.19896207
v 3.08604062 0.9081822 -7E-08
v 3.08604037 0.86462647 0.19896204
v 2.7431473 0.91678727 -7E-08
v 2.7431473 0.88236801 0.19896205
v 2.40025398 0.88730921 -7E-08
v 2.40025373 0.86728328 0.19896202
v 2.05736017 0.83124858 -6E-08
v 2.05736054 0.82613624 0.19896204
v 1.71446709 0.77520689 -5E-08
v 1.71446685 0.78114228 0.19896203
v 1.37157353 0.76552021 -5E-08
v 1.37157353 0.77699923 0.19896207
v 1.02868014 0.8308114 -5E-08
v 1.02868008 0.84082913 0.19896203
v 0.68578664 0.90911474 -7E-08
v 0.68578676 0.90696897 0.19896203
v 0.34289332 0.93481273 -7E-08
v 0.34289335 0.90936299 0.19896202
v 0.34289332 0.8917366 0.3979241
v 0.34289335 0.89495798 0.59688624
v 0.34289335 0.89411873 0.79584839
v 0.34289335 0.86748857 0.99481047
v 0.34289338 0.84398446 1.19377268
v 0.34289341 0.85240954 1.39273464
v 0.34289338 0.87046499 1.59169696
v 0.34289338 0.87217496 1.7906588
v 0.34289335 0.86795702 1.98962088
v 0.34289338 0.87484364 2.18858345
v 0.34289335 0.89993417 2.38754491
v 0.34289338 0.94036137 2.58650736
v 0.34289329 0.96332509 2.78546907
v 0.34289332 0.94006825 2.98443127
v 0.68578676 0.94290817 2.98443127
v 0.34289335 0.88793803 3.18339373
v 0.68578676 0.92494141 3.18339348
v 1.02868014 0.91442936 2.98443128
v 1.37157365 0.86483254 2.98443128
v 1.02868014 0.93440018 3.18339373
v 1.37157353 0.8949312 3.18339349
v 1.71446685 0.81373103 2.98443129
v 2.05736041 0.79776315 2.98443129
v 1.71446709 0.80520534 3.18339374
v 2.05736041 0.75287078 3.1833935
v 2.40025349 0.84210797 2.98443129
v 2.74314656 0.90908148 2.98443128
v 2.40025398 0.81190217 3.18339374
v 2.74314705 0.91260238 3.18339373
v 3.08604062 0.95254962 2.98443127
v 3.42893369 0.95544118 2.98443127
v 3.08604037 0.96654166 3.18339372
v 3.42893369 0.9540315 3.18339348
v 3.77182701 0.91679766 2.98443128
v 4.11472033 0.87104721 2.98443128
v 3.77182726 0.88409805 3.18339373
v 4.11472033 0.81188515 3.1833935
v 4.4576139 0.84813626 2.98443129
v 4.80050697 0.82469641 2.98443129
v 4.4576139 0.78371311 3.18339375
v 4.80050747 0.76449064 3.1833935
v 5.48629411 0.73275293 2.78546934
v 5.14340103 0.79852403 2.78546958
v 5.14101991 0.7743123 2.98304983
v 5.47200685 0.70956879 2.97614151
v 5.12911378 0.71826958 3.17510371
v 5.3737823 0.68628755 3.1181096
v 5.48629361 0.71663035 2.38754494
v 5.14340103 0.76398876 2.38754518
v 5.14340054 0.77256811 2.58650713
v 5.48629411 0.71062971 2.58650714
v 5.48629411 0.89878582 1.989621
v 5.14340103 0.88891835 1.98962087
v 5.14340054 0.82880356 2.18858321
v 5.48629411 0.81312312 2.18858297
v 5.48629411 0.78033414 1.59169685
v 5.14340103 0.79898538 1.59169672
v 5.14340103 0.86401413 1.7906588
v 5.48629411 0.87033541 1.79065892
v 5.48629411 0.69631465 1.1937727
v 5.14340153 0.75107159 1.19377257
v 5.14340103 0.75724565 1.39273453
v 5.48629411 0.70962342 1.3927349
v 5.48629411 0.81540124 0.7958484
v 5.14340153 0.80598991 0.79584834
v 5.14340103 0.77528061 0.99481042
v 5.48629411 0.75080957 0.99481061
v 5.14340103 0.82229952 0.59688625
v 5.48629411 0.83627769 0.59688631
v 4.80050747 0.82832091 -2.78546993
v 4.4576139 0.78764188 -2.78546919
v 4.45761341 0.8289703 -2.58650723
v 4.80050697 0.87155008 -2.58650699
v 4.11472058 0.80158226 -2.78546943
v 4.11472083 0.83631879 -2.58650699
v 4.11472058 0.8495845 -2.38754528
v 4.45761439 0.85720545 -2.38754528
v 4.80050747 0.90020413 -2.38754529
v 3.77182677 0.87440462 -2.78546895
v 3.77182726 0.90166903 -2.586507
v 3.42893345 0.93719709 -2.7854697
v 3.42893369 0.95545529 -2.586507
v 3.42893345 0.93463116 -2.38754529
v 3.77182701 0.89406996 -2.38754528
v 3.08604062 0.9298863 -2.78546945
v 3.08604037 0.93715544 -2.5865075
v 2.7431473 0.90092591 -2.78546994
v 2.74314705 0.90005978 -2.58650724
v 2.74314705 0.89222764 -2.38754528
v 3.08604037 0.92018886 -2.38754529
v 2.40025398 0.90807836 -2.7854692
v 2.40025349 0.90534079 -2.58650749
v 2.05736017 0.93781245 -2.7854697
v 2.05736041 0.93188561 -2.586507
v 2.05736017 0.91027751 -2.38754529
v 2.40025373 0.89737657 -2.38754529
v 1.71446709 0.96123864 -2.78546921
v 1.71446685 0.94535971 -2.58650725
v 1.37157353 0.95932731 -2.7854697
v 1.37157353 0.94082717 -2.586507
v 1.37157353 0.88890136 -2.38754528
v 1.71446697 0.90044868 -2.38754529
v 1.02868014 0.92723849 -2.78546921
v 1.02868014 0.9252334 -2.58650725
v 0.6857867 0.90703205 -2.7854697
v 0.68578676 0.92365107 -2.586507
v 0.68578676 0.92101515 -2.38754529
v 1.02868021 0.9001231 -2.38754529
v 4.45761341 0.86315807 -2.18858308
v 4.80050697 0.91014044 -2.18858308
v 4.11472083 0.82926509 -2.18858307
v 4.11472058 0.8075205 -1.98962099
v 4.45761439 0.85285533 -1.98962099
v 4.80050747 0.89375224 -1.989621
v 3.77182726 0.8421366 -2.18858307
v 3.42893369 0.86885145 -2.18858283
v 3.42893369 0.81772381 -1.98962099
v 3.77182701 0.80100509 -1.98962111
v 3.08604037 0.87368424 -2.18858283
v 2.7431473 0.87628969 -2.18858308
v 2.7431473 0.85998678 -1.98962099
v 3.08604062 0.83491888 -1.98962099
v 2.40025373 0.8971819 -2.18858308
v 2.05736029 0.90493104 -2.18858308
v 2.05736017 0.91008891 -1.989621
v 2.40025373 0.89743856 -1.989621
v 1.71446685 0.87274584 -2.18858308
v 1.37157365 0.84433277 -2.18858307
v 1.37157353 0.8290629 -1.98962099
v 1.71446709 0.87014289 -1.98962112
v 1.02868008 0.86080482 -2.18858308
v 0.68578682 0.88240456 -2.18858283
v 0.68578676 0.84303559 -1.98962099
v 1.02868021 0.83492921 -1.98962111
v 4.45761341 0.83917902 -1.79065879
v 4.80050747 0.85282403 -1.79065891
v 4.11472083 0.81844951 -1.79065891
v 4.11472058 0.85963225 -1.59169695
v 4.45761439 0.84721538 -1.59169683
v 4.80050747 0.83016972 -1.59169695
v 3.77182726 0.82225588 -1.79065878
v 3.42893394 0.83512729 -1.79065891
v 3.42893369 0.88654565 -1.59169696
v 3.77182701 0.87863958 -1.59169683
v 3.08604037 0.83894014 -1.79065879
v 2.74314705 0.85205098 -1.79065891
v 2.74314705 0.85629928 -1.59169695
v 3.08604037 0.86929633 -1.59169683
v 2.40025373 0.88875277 -1.79065879
v 2.05736054 0.9106048 -1.79065892
v 2.05736017 0.89147602 -1.59169696
v 2.40025373 0.87374299 -1.59169683
v 1.71446685 0.88409679 -1.79065879
v 1.37157353 0.84817613 -1.79065891
v 1.37157353 0.8581696 -1.59169695
v 1.71446709 0.87867522 -1.59169683
v 1.02868008 0.84272669 -1.79065879
v 0.68578682 0.83892358 -1.79065891
v 0.68578676 0.85734519 -1.59169695
v 1.02868021 0.85599285 -1.59169683
v 4.45761341 0.8906389 -1.39273463
v 4.80050747 0.85974003 -1.39273463
v 4.11472058 0.91301271 -1.39273463
v 4.11472058 0.93450966 -1.1937728
v 4.4576139 0.92527358 -1.19377268
v 4.80050747 0.89900373 -1.1937728
v 3.77182726 0.92470608 -1.39273464
v 3.42893369 0.91948605 -1.39273463
v 3.42893369 0.89794516 -1.1937728
v 3.77182701 0.92103113 -1.19377268
v 3.08604037 0.89498112 -1.39273463
v 2.7431473 0.86834294 -1.39273463
v 2.7431473 0.85588555 -1.19377279
v 3.08604062 0.87827077 -1.19377267
v 2.40025373 0.85506749 -1.39273463
v 2.05736029 0.84450408 -1.39273462
v 2.05736017 0.78856255 -1.19377278
v 2.40025373 0.8235331 -1.19377266
v 1.71446697 0.82674854 -1.39273462
v 1.37157353 0.8210297 -1.39273462
v 1.37157353 0.76928656 -1.19377278
v 1.71446709 0.76378908 -1.19377266
v 1.02868008 0.84429982 -1.39273462
v 0.68578682 0.87527109 -1.39273463
v 0.68578676 0.87718765 -1.19377279
v 1.02868014 0.81676092 -1.19377266
v 4.45761341 0.91092028 -0.99481053
v 4.80050697 0.90295939 -0.99481053
v 4.11472058 0.89401931 -0.99481047
v 4.11472033 0.84337236 -0.79584857
v 4.4576139 0.88113895 -0.79584845
v 4.80050747 0.89320796 -0.79584857
v 3.77182726 0.85120928 -0.9948104
v 3.42893369 0.81229211 -0.99481052
v 3.42893345 0.74189718 -0.79584855
v 3.77182701 0.78488421 -0.7958485
v 3.08604037 0.80274935 -0.99481058
v 2.7431473 0.79993157 -0.99481052
v 2.7431473 0.76259555 -0.79584855
v 3.08604062 0.7439495 -0.79584849
v 2.40025373 0.7784024 -0.99481052
v 2.05736054 0.74970805 -0.99481051
v 2.05736017 0.75565747 -0.79584855
v 2.40025398 0.76461306 -0.79584856
v 1.71446685 0.73354736 -0.99481051
v 1.37157353 0.74524621 -0.99481051
v 1.37157353 0.75977465 -0.79584855
v 1.71446709 0.75028477 -0.79584849
v 1.02868014 0.79264131 -0.99481058
v 0.68578682 0.85798473 -0.99481053
v 0.68578676 0.84665063 -0.79584857
v 1.02868027 0.79227121 -0.7958485
v 4.45761341 0.87547212 -0.5968863
v 4.80050697 0.89756173 -0.59688637
v 4.11472058 0.83758288 -0.59688636
v 4.11472058 0.86246363 -0.39792428
v 4.4576139 0.88363393 -0.39792425
v 4.80050747 0.90207545 -0.39792423
v 3.77182726 0.78948524 -0.59688629
v 3.42893369 0.76007531 -0.59688635
v 3.42893345 0.82691948 -0.39792428
v 3.77182677 0.8375353 -0.39792428
v 3.08604037 0.77217028 -0.59688635
v 2.7431473 0.80096788 -0.59688642
v 2.7431473 0.87093286 -0.39792428
v 3.08604062 0.84482747 -0.39792428
v 2.40025373 0.81660469 -0.59688636
v 2.05736054 0.81659217 -0.59688642
v 2.05736017 0.87089084 -0.39792428
v 2.40025398 0.88114958 -0.39792432
v 1.71446697 0.80757264 -0.59688629
v 1.37157365 0.80533682 -0.59688636
v 1.37157353 0.83223382 -0.39792428
v 1.71446709 0.84571152 -0.39792428
v 1.02868014 0.82481827 -0.5968863
v 0.68578676 0.8683728 -0.59688643
v 0.6857867 0.89903566 -0.39792426
v 1.02868014 0.85373382 -0.39792428
v 5.3737823 0.8478666 -3.11810969
v 5.12911378 0.76928811 -3.1751038
v 5.14101941 0.84187618 -2.98304968
v 5.47200735 0.92909121 -2.97614162
v 4.80050747 0.71440769 -3.18339383
v 4.80050697 0.77418894 -2.98443164
v 5.14340153 0.9021511 -2.7854697
v 5.48629411 0.99201317 -2.78546946
v 4.4576139 0.7004194 -3.18339383
v 4.45761439 0.74405575 -2.98443139
v 4.11472033 0.72837674 -3.18339359
v 4.11472009 0.76455144 -2.98443139
v 3.77182701 0.7897731 -3.18339335
v 3.77182701 0.83439906 -2.98443115
v 3.42893369 0.85397562 -3.1833936
v 3.42893369 0.89979609 -2.98443141
v 3.08604037 0.89069289 -3.18339386
v 3.08604037 0.91236166 -2.98443141
v 2.74314681 0.89312471 -3.18339386
v 2.74314705 0.89792679 -2.98443165
v 2.40025373 0.86520844 -3.18339385
v 2.40025373 0.89246874 -2.98443141
v 2.05736017 0.83034018 -3.1833936
v 2.05736029 0.89833863 -2.98443141
v 1.71446697 0.81360031 -3.18339335
v 1.71446697 0.90863437 -2.98443141
v 1.37157353 0.82734805 -3.1833936
v 1.37157365 0.91306744 -2.98443141
v 1.02868014 0.86891883 -3.18339385
v 1.02868008 0.90490717 -2.98443141
v 0.68578676 0.88827292 -3.18339386
v 0.68578664 0.89504031 -2.98443141
v 0.34289335 0.85010003 -3.18339385
v 0.34289332 0.89620905 -2.98443141
v -1E-08 0.82538142 -3.18339385
v -0 0.91095929 -2.98443165
v -0 0.96631678 -2.78546946
v 0.34289335 0.93360687 -2.78546945
v 0.34289335 0.9515087 -2.58650725
v -1E-08 0.96753037 -2.58650701
v -2E-08 0.91586147 -2.38754529
v 0.34289335 0.93083616 -2.38754529
v 0.34289335 0.86514934 -2.18858283
v -1E-08 0.82902572 -2.18858282
v 0 0.76536671 -1.98962098
v 0.34289338 0.80685536 -1.98962099
v 0.34289341 0.8060245 -1.79065878
v -0 0.77432757 -1.7906589
v -0 0.82912048 -1.59169695
v 0.34289338 0.84453294 -1.59169683
v 0.34289338 0.88952178 -1.39273463
v -1E-08 0.88833322 -1.39273463
v -2E-08 0.92828593 -1.1937728
v 0.34289335 0.91738662 -1.19377268
v 0.34289338 0.91610297 -0.9948106
v -1E-08 0.93770404 -0.99481054
v -1E-08 0.93720081 -0.79584858
v 0.34289335 0.91071062 -0.79584851
v 0.34289338 0.92555795 -0.59688637
v -0 0.94731523 -0.59688644
v -1E-08 0.95640018 -0.39792426
v 0.34289329 0.94516401 -0.39792429
v 0.34289335 0.94882945 -0.19896215
v 0.68578676 0.91065977 -0.19896216
v -0 0.94795774 -0.19896217
v 1.02868008 0.84629659 -0.19896214
v 1.37157365 0.8022816 -0.19896215
v 1.71446685 0.81702583 -0.19896213
v 2.05736054 0.86272622 -0.19896215
v 2.40025373 0.90060174 -0.19896216
v 2.7431473 0.91417507 -0.19896216
v 3.08604037 0.89960997 -0.19896214
v 3.42893369 0.88133053 -0.19896216
v 3.77182726 0.88194723 -0.19896214
v 4.11472058 0.88855647 -0.19896216
v 4.45761341 0.88641915 -0.19896214
v 4.80050747 0.88897099 -0.19896213
v 5.48629411 0.9441994 -0.39792423
v 5.14340103 0.92236862 -0.39792423
v 5.14340103 0.91118038 -0.19896213
v 5.48629411 0.9459739 -0.19896215
v 5.48629361 0.86305646 -0.79584851
v 5.14340103 0.88384769 -0.79584851
v 5.14340054 0.90534451 -0.59688643
v 5.48629411 0.90534504 -0.59688643
v 5.48629411 0.82747463 -1.19377279
v 5.14340103 0.86490308 -1.19377279
v 5.14340054 0.87877806 -0.99481053
v 5.48629411 0.84654566 -0.99481071
v 5.48629411 0.74838369 -1.59169694
v 5.14340103 0.79504566 -1.5916967
v 5.14340103 0.82187844 -1.39273499
v 5.48629411 0.78032233 -1.39273486
v 5.48629411 0.84925413 -1.98962112
v 5.14340153 0.88710475 -1.989621
v 5.14340103 0.82742979 -1.79065879
v 5.48629411 0.77679665 -1.7906589
v 5.48629411 0.99891378 -2.38754555
v 5.14340153 0.94944398 -2.38754529
v 5.14340103 0.93137816 -2.18858309
v 5.48629411 0.93399841 -2.18858333
v 5.14340103 0.93928486 -2.58650774
v 5.48629411 1.01824222 -2.58650751
v -0.6857867 0.91108295 -2.78546994
v -1.02868008 0.84602468 -2.78546919
v -1.02868008 0.84316429 -2.58650724
v -0.68578676 0.87814994 -2.58650699
v -1.3715734 0.80625633 -2.78546944
v -1.37157353 0.84710434 -2.58650699
v -1.37157353 0.88060034 -2.38754528
v -1.02868021 0.83925484 -2.38754528
v -0.68578676 0.8363991 -2.38754528
v -1.71446685 0.82344116 -2.78546894
v -1.71446685 0.89190644 -2.586507
v -2.05736017 0.85930725 -2.78546969
v -2.05736029 0.93413525 -2.586507
v -2.05736017 0.98986234 -2.3875453
v -1.71446685 0.94435449 -2.38754529
v -2.40025398 0.86870754 -2.78546944
v -2.40025398 0.93298649 -2.58650749
v -2.7431473 0.84893052 -2.78546993
v -2.74314705 0.90355156 -2.58650724
v -2.74314705 0.94907636 -2.38754529
v -2.40025398 0.9840918 -2.3875453
v -3.08604062 0.81126745 -2.78546919
v -3.08604062 0.86960909 -2.58650749
v -3.42893345 0.78058554 -2.78546968
v -3.42893369 0.83379085 -2.58650699
v -3.42893345 0.87183702 -2.38754528
v -3.08604062 0.91278178 -2.38754529
v -3.77182701 0.77638446 -2.78546918
v -3.77182726 0.79665462 -2.58650723
v -4.11472058 0.78311736 -2.78546968
v -4.11472083 0.77161034 -2.58650698
v -4.11472058 0.78904005 -2.38754527
v -3.77182701 0.82226961 -2.38754528
v -4.4576139 0.78477486 -2.78546919
v -4.4576139 0.77105634 -2.58650723
v -4.80050747 0.79854379 -2.78546968
v -4.80050648 0.79049508 -2.58650698
v -4.80050697 0.81499317 -2.38754527
v -4.45761341 0.79366992 -2.38754527
v -1.02868014 0.82300573 -2.18858307
v -0.68578682 0.80173412 -2.18858307
v -1.37157353 0.86634487 -2.18858308
v -1.37157353 0.84208113 -1.98962099
v -1.02868021 0.81304598 -1.98962099
v -0.68578676 0.78761612 -1.98962098
v -1.71446685 0.92344055 -2.18858308
v -2.05736041 0.96660994 -2.18858284
v -2.05736017 0.9119046 -1.989621
v -1.71446697 0.87896343 -1.98962112
v -2.40025373 0.97092058 -2.18858284
v -2.74314705 0.94181184 -2.18858309
v -2.7431473 0.90695983 -1.989621
v -2.40025398 0.92563117 -1.989621
v -3.08604062 0.89317047 -2.18858308
v -3.42893369 0.84230025 -2.18858307
v -3.42893369 0.80074191 -1.98962099
v -3.08604062 0.85309994 -1.98962099
v -3.77182701 0.80631786 -2.18858307
v -4.11472058 0.79817386 -2.18858307
v -4.11472058 0.80685592 -1.98962099
v -3.77182701 0.78645651 -1.98962111
v -4.4576139 0.8222007 -2.18858307
v -4.80050697 0.85242521 -2.18858283
v -4.80050747 0.87847621 -1.989621
v -4.4576139 0.84609715 -1.98962112
v -1.02868008 0.8256108 -1.79065878
v -0.68578682 0.80163308 -1.79065891
v -1.37157377 0.84701464 -1.79065891
v -1.37157353 0.84805801 -1.59169695
v -1.02868021 0.8374383 -1.59169683
v -0.68578676 0.83032249 -1.59169695
v -1.71446697 0.86716102 -1.79065879
v -2.05736054 0.88359622 -1.79065892
v -2.05736041 0.87342442 -1.59169696
v -1.71446709 0.86288308 -1.59169683
v -2.40025398 0.89132875 -1.79065879
v -2.7431473 0.87898631 -1.79065892
v -2.7431473 0.86052051 -1.59169696
v -2.40025398 0.87164665 -1.59169683
v -3.08604062 0.84177371 -1.79065879
v -3.42893369 0.80758454 -1.79065891
v -3.42893369 0.8347095 -1.59169695
v -3.08604062 0.84596771 -1.59169683
v -3.77182726 0.80423548 -1.79065878
v -4.11472107 0.82654565 -1.79065891
v -4.11472058 0.83808683 -1.59169695
v -3.77182701 0.83220754 -1.59169683
v -4.4576139 0.85841397 -1.79065879
v -4.80050697 0.87305673 -1.79065891
v -4.80050747 0.83768091 -1.59169695
v -4.4576139 0.8467667 -1.59169683
v -1.02868014 0.82583552 -1.39273462
v -0.68578689 0.85590147 -1.39273463
v -1.37157365 0.81313278 -1.39273462
v -1.37157353 0.78649013 -1.19377278
v -1.02868027 0.80988105 -1.19377266
v -0.68578682 0.86435611 -1.19377279
v -1.71446697 0.83649235 -1.39273462
v -2.05736041 0.86329007 -1.39273463
v -2.05736017 0.86184956 -1.19377279
v -1.71446709 0.82179128 -1.19377266
v -2.40025398 0.8607141 -1.39273463
v -2.74314705 0.84652356 -1.39273463
v -2.7431473 0.83312275 -1.19377279
v -2.40025398 0.85411509 -1.19377267
v -3.08604062 0.84361563 -1.39273462
v -3.42893369 0.84486745 -1.39273462
v -3.42893345 0.8528276 -1.19377279
v -3.08604062 0.83970834 -1.19377267
v -3.77182701 0.83867249 -1.39273462
v -4.11472083 0.8255092 -1.39273462
v -4.11472058 0.81620134 -1.19377279
v -3.77182701 0.8439153 -1.19377267
v -4.4576139 0.80814482 -1.39273462
v -4.80050697 0.78641694 -1.39273462
v -4.80050747 0.76194614 -1.19377278
v -4.4576139 0.7824722 -1.19377266
v -1.02868014 0.81296188 -0.99481052
v -0.68578689 0.8501767 -0.99481052
v -1.37157365 0.8126314 -0.99481046
v -1.37157353 0.86072975 -0.79584857
v -1.02868027 0.83392703 -0.79584844
v -0.68578682 0.83810004 -0.79584857
v -1.71446697 0.85036356 -0.9948104
v -2.05736041 0.87523717 -0.99481053
v -2.05736017 0.872744 -0.79584857
v -1.71446697 0.88147677 -0.79584851
v -2.40025398 0.84676264 -0.99481059
v -2.74314705 0.81827748 -0.99481052
v -2.74314705 0.80610951 -0.79584856
v -2.40025398 0.82942893 -0.7958485
v -3.08604062 0.84260899 -0.99481052
v -3.42893369 0.87671843 -0.99481053
v -3.42893345 0.89608775 -0.79584857
v -3.08604062 0.84711359 -0.79584857
v -3.77182701 0.86978877 -0.99481053
v -4.11472033 0.83575804 -0.99481052
v -4.11472058 0.85924006 -0.79584857
v -3.77182677 0.89243207 -0.79584851
v -4.4576139 0.80322165 -0.99481058
v -4.80050697 0.79465114 -0.99481052
v -4.80050697 0.83710871 -0.79584856
v -4.45761341 0.83512804 -0.7958485
v -1.02868014 0.86302386 -0.5968863
v -0.68578682 0.85063187 -0.59688636
v -1.37157353 0.88906377 -0.59688637
v -1.3715734 0.8876634 -0.39792429
v -1.02868008 0.88063169 -0.39792425
v -0.6857867 0.8711065 -0.39792422
v -1.71446685 0.87160177 -0.5968863
v -2.05736041 0.82965319 -0.59688636
v -2.05736017 0.78205828 -0.39792427
v -1.71446685 0.83833814 -0.39792428
v -2.40025373 0.79834414 -0.59688636
v -2.74314705 0.80108112 -0.59688642
v -2.7431473 0.80285345 -0.39792427
v -2.40025398 0.77571076 -0.39792427
v -3.08604062 0.8454185 -0.59688636
v -3.42893369 0.88722243 -0.59688643
v -3.42893345 0.85194613 -0.39792428
v -3.08604062 0.83289153 -0.39792431
v -3.77182701 0.88479601 -0.59688631
v -4.11472058 0.857877 -0.59688636
v -4.11472058 0.83810789 -0.39792428
v -3.77182701 0.85279283 -0.39792428
v -4.4576139 0.83745632 -0.5968863
v -4.80050697 0.83810241 -0.59688642
v -4.80050747 0.80904953 -0.39792424
v -4.4576139 0.81633023 -0.39792428
v -0.34289338 0.87627415 -3.18339385
v -0.34289335 0.93208223 -2.98443141
v -0.68578676 0.92334607 -3.18339386
v -0.6857867 0.92354742 -2.98443166
v -0.34289335 0.95801348 -2.78546946
v -1.02868021 0.88683873 -3.18339386
v -1.02868008 0.86200138 -2.9844314
v -1.37157353 0.8272756 -3.1833936
v -1.37157353 0.80362018 -2.98443139
v -1.71446697 0.81739857 -3.18339335
v -1.71446672 0.80339148 -2.98443115
v -2.05736029 0.83854162 -3.1833936
v -2.05736041 0.83201722 -2.9844314
v -2.40025373 0.85324691 -3.18339385
v -2.40025373 0.84629113 -2.9844314
v -2.74314705 0.84029716 -3.18339385
v -2.74314705 0.83165872 -2.98443164
v -3.08604062 0.79939025 -3.18339384
v -3.08604037 0.79159603 -2.98443139
v -3.42893394 0.79764384 -3.1833936
v -3.42893369 0.77304944 -2.98443139
v -3.77182726 0.88442203 -3.18339336
v -3.77182701 0.81205364 -2.98443139
v -4.11472033 0.97065407 -3.18339362
v -4.11472009 0.85752607 -2.9844314
v -4.4576139 0.96774777 -3.18339387
v -4.4576139 0.8583331 -2.9844314
v -4.80050747 0.92745823 -3.18339386
v -4.80050697 0.85025499 -2.9844314
v -5.12911378 0.91714254 -3.17510382
v -5.14101941 0.87701525 -2.98304969
v -5.3737823 0.92632807 -3.1181097
v -5.47200685 0.92749396 -2.97614162
v -5.48629411 0.90531376 -2.78546945
v -5.14340054 0.84252942 -2.78546969
v -5.14340005 0.82171913 -2.58650723
v -5.48629411 0.85857865 -2.58650748
v -5.48629411 0.83291479 -2.38754552
v -5.14340054 0.82774011 -2.38754528
v -5.14340103 0.86316856 -2.18858308
v -5.48629411 0.86023599 -2.18858308
v -5.48629411 0.87088338 -1.98962112
v -5.14340054 0.88343779 -1.98962112
v -5.14340103 0.84981852 -1.79065891
v -5.48629411 0.80324038 -1.79065903
v -5.48629411 0.72943093 -1.59169694
v -5.14340054 0.79407548 -1.59169695
v -5.14340103 0.76001798 -1.39273474
v -5.48629411 0.73098974 -1.39273486
v -5.48629411 0.79335264 -1.19377278
v -5.14340054 0.76914215 -1.19377253
v -5.14340005 0.82375452 -0.99481052
v -5.48629411 0.87531098 -0.99481059
v -5.48629411 0.92517704 -0.79584852
v -5.14340054 0.87171671 -0.79584851
v -5.14340103 0.86590707 -0.59688636
v -5.48629411 0.90947668 -0.59688643
v -5.48629411 0.87806958 -0.39792428
v -5.14340054 0.83371589 -0.39792428
v -5.14340103 0.81287026 -0.19896216
v -4.80050697 0.77631646 -0.19896216
v -5.48629411 0.88109522 -0.19896217
v -4.4576139 0.78921577 -0.19896213
v -4.11472083 0.81379451 -0.19896215
v -3.77182726 0.81253745 -0.19896213
v -3.42893369 0.80451918 -0.19896215
v -3.08604062 0.81160398 -0.19896215
v -2.74314705 0.81022489 -0.19896215
v -2.40025398 0.7812238 -0.19896213
v -2.05736041 0.76850794 -0.19896214
v -1.71446685 0.81054402 -0.19896213
v -1.37157353 0.86097102 -0.19896215
v -1.02868002 0.87226426 -0.19896214
v -0.68578676 0.87707165 -0.19896213
v -0.34289335 0.91290593 -0.39792426
v -0.34289335 0.91182986 -0.19896213
v -0.34289341 0.89319372 -0.79584845
v -0.34289338 0.90004889 -0.59688637
v -0.34289338 0.90863451 -1.19377268
v -0.34289338 0.90497979 -0.99481059
v -0.34289338 0.82552567 -1.59169683
v -0.34289344 0.877592 -1.39273463
v -0.34289338 0.76389099 -1.98962098
v -0.34289338 0.77749849 -1.79065878
v -0.34289338 0.87321503 -2.38754504
v -0.34289338 0.80471833 -2.18858282
v -0.34289338 0.9332505 -2.58650749
v -5.5493355 0.72531589 3.3115035
v -5.63551975 0.95086328 3.36293275
v -5.63551975 0.95086238 -3.36293289
v -5.5493355 0.725315 -3.31150358
v 5.63551975 0.95086238 -3.36293289
v 5.5493355 0.725315 -3.31150358
v 5.63551975 0.95086328 3.36293275
v 5.5493355 0.72531589 3.3115035
v -5.63551975 0.95086328 3.36293275
v -5.5493355 0.72531589 3.3115035
v -4.74002527 0.04867286 -2.82855653
v 4.74002527 0.04867286 -2.82855653
v 4.74002527 0.04867362 2.82855663
v -4.74002527 0.04867362 2.82855663
v 5.41407647 0.95086325 3.14148994
v 5.41407647 0.95086241 -3.14149008
v 5.41407647 0.76697654 -3.14149005
v 5.41407647 0.76697739 3.14148996
v 4.8204745 0.27422102 2.87656366
v 5.16486619 0.49976845 3.08207578
v -5.16486619 0.49976845 3.08207578
v -4.8204745 0.27422102 2.87656366
v 4.8204745 0.27422025 -2.87656362
v 5.16486619 0.49976762 -3.0820758
v -4.8204745 0.27422025 -2.87656362
v -5.16486619 0.49976762 -3.0820758
v -4.8204745 0.27422102 2.87656366
v -5.16486619 0.49976845 3.08207578
v -5.41407647 0.95086325 3.14148994
v -5.41407647 0.95086241 -3.14149008
v -5.63551975 0.95086238 -3.36293289
v -5.63551975 0.95086328 3.36293275
v -5.41407647 0.76697654 -3.14149005
v -5.41407647 0.76697739 3.14148996
v -5.30327146 0.91429757 3.07719582
v -5.30327146 0.91429674 -3.07719595
v 5.30327146 0.91429757 3.07719582
v 5.30327146 0.91429674 -3.07719595
v -4.74002527 0.04867362 2.82855663
v -4.74002527 0.04867286 -2.82855653
v -4.74002527 0.04867362 2.82855663
v -5.50721221 5.09809566 -1.96303084
v -5.50620786 5.74089333 -1.96303092
v -5.4839337 5.75011939 -1.93153094
v -5.47571198 5.06659543 -1.93153085
v -5.53871194 5.06659543 -1.93153085
v -5.52848202 5.79466723 -1.93153095
v -5.50576291 5.74044821 -3.18969707
v -5.48757617 5.7537617 -3.20301081
v -5.52394965 5.79013468 -3.2393838
v -5.50620786 5.09809549 -3.19014193
v -5.4839337 5.06659526 -3.19936824
v -5.52848202 5.06659526 -3.24391583
v 4.15933772 5.09809549 -3.22264602
v 4.15933772 5.74089316 -3.22164225
v 4.12783774 5.75011922 -3.19936833
v 4.12783774 5.06659526 -3.19114603
v 4.12783774 5.06659525 -3.25414624
v 4.12783774 5.79466706 -3.24391593
v 5.47426318 5.74044821 -3.2211973
v 5.48757617 5.7537617 -3.20301081
v 5.52394965 5.79013468 -3.2393838
v 5.47470813 5.09809549 -3.22164216
v 5.4839337 5.06659526 -3.19936824
v 5.52848202 5.06659526 -3.24391583
v 5.50721221 5.09809619 1.96302958
v 5.50620786 5.74089385 1.96302949
v 5.4839337 5.75011991 1.93152951
v 5.47571198 5.06659595 1.9315296
v 5.53871194 5.06659595 1.9315296
v 5.52848202 5.79466775 1.9315295
v 5.50576291 5.74044907 3.18969564
v 5.48757617 5.75376256 3.20300938
v 5.52394965 5.79013555 3.23938236
v 5.50620786 5.09809635 3.19014068
v 5.4839337 5.06659612 3.19936699
v 5.52848202 5.06659613 3.24391459
v -4.15933772 5.09809635 3.22264476
v -4.15933772 5.74089402 3.22164082
v -4.12783774 5.75012008 3.1993669
v -4.12783774 5.06659612 3.19114478
v -4.12783774 5.06659613 3.254145
v -4.12783774 5.79466793 3.24391449
v -5.47426318 5.74044907 3.22119587
v -5.48757617 5.75376256 3.20300938
v -5.52394965 5.79013555 3.23938236
v -5.47470813 5.09809635 3.22164091
v -5.4839337 5.06659612 3.19936699
v -5.52848202 5.06659613 3.24391459
v -4.15933772 5.77339793 1.96302949
v -5.47470813 5.77239359 1.96302949
v -5.4839337 5.75011991 1.93152951
v -4.12783774 5.7418977 1.93152951
v -4.12783774 5.80489767 1.9315295
v -5.52848202 5.79466775 1.9315295
v -5.47426318 5.7719488 3.18969564
v -5.48757617 5.75376256 3.20300938
v -5.52394965 5.79013555 3.23938236
v -4.15933772 5.77239375 3.19014059
v -4.12783774 5.75012008 3.1993669
v -4.12783774 5.79466793 3.24391449
v 5.47470813 5.77239359 1.96302949
v 4.15933772 5.77339793 1.96302949
v 4.12783774 5.7418977 1.93152951
v 4.12783774 5.80489767 1.9315295
v 4.15933772 5.77239375 3.19014059
v 4.12783774 5.75012008 3.1993669
v 4.12783774 5.79466793 3.24391449
v 5.47426318 5.7719488 3.18969564
v 4.09633776 5.77339793 1.96302949
v 2.7922539 5.77339793 1.96302949
v 2.76075392 5.7418977 1.93152951
v 2.76075392 5.80489767 1.9315295
v 2.7922539 5.77239375 3.19014059
v 2.76075392 5.75012008 3.1993669
v 2.76075392 5.79466793 3.24391449
v 4.09633776 5.77239375 3.19014059
v 1.5513947 5.77339793 1.96302949
v 0.82189759 5.77339793 1.96302949
v 0.79039761 5.7418977 1.93152951
v 1.58289468 5.7418977 1.93152951
v 1.58289468 5.80489767 1.9315295
v 0.79039761 5.80489767 1.9315295
v 0.82189759 5.77239375 3.19014059
v 0.79039761 5.75012008 3.1993669
v 0.79039761 5.79466793 3.24391449
v 1.5513947 5.77239375 3.19014059
v 1.58289468 5.75012008 3.1993669
v 1.58289468 5.79466793 3.24391449
v 0.75889763 5.77339793 1.96302949
v 0.0315 5.77339793 1.96302949
v 0 5.7418977 1.93152951
v 0 5.80489767 1.9315295
v 0.0315 5.77239375 3.19014059
v 0 5.75012008 3.1993669
v 0 5.79466793 3.24391449
v 0.75889763 5.77239375 3.19014059
v -0.0315 5.77339793 1.96302949
v -0.75889763 5.77339793 1.96302949
v -0.79039761 5.7418977 1.93152951
v -0.79039761 5.80489767 1.9315295
v -0.75889763 5.77239375 3.19014059
v -0.79039761 5.75012008 3.1993669
v -0.79039761 5.79466793 3.24391449
v -0.0315 5.77239375 3.19014059
v -1.61439466 5.77339793 1.96302949
v -2.72925369 5.77339793 1.96302949
v -2.76075392 5.7418977 1.93152951
v -1.58289468 5.7418977 1.93152951
v -1.58289468 5.80489767 1.9315295
v -2.76075392 5.80489767 1.9315295
v -2.72925369 5.77239375 3.19014059
v -2.76075392 5.75012008 3.1993669
v -2.76075392 5.79466793 3.24391449
v -1.61439466 5.77239375 3.19014059
v -1.58289468 5.75012008 3.1993669
v -1.58289468 5.79466793 3.24391449
v -2.7922539 5.77339793 1.96302949
v -4.09633776 5.77339793 1.96302949
v -4.09633776 5.77239375 3.19014059
v -2.7922539 5.77239375 3.19014059
v -4.15933772 0.84482154 3.19078327
v -5.47426318 0.84437536 3.1896963
v -5.48757617 0.86256197 3.20301004
v -4.12783774 0.85890877 3.19410905
v -4.12783774 0.83073433 3.25045795
v -5.52394965 0.82618875 3.23938302
v -5.47535039 0.84482138 1.96303015
v -5.47867568 0.8589086 1.93153017
v -5.53502457 0.83073415 1.93153017
v 5.47470813 5.09809635 3.22164091
v 5.47426318 5.74044907 3.22119587
v 4.15933772 5.74089402 3.22164082
v 4.12783774 5.75012008 3.1993669
v 4.12783774 5.79466793 3.24391449
v 4.15933772 5.09809635 3.22264476
v 4.12783774 5.06659612 3.19114478
v 4.12783774 5.06659613 3.254145
v 4.09633776 5.09809635 3.22264476
v 4.09633776 5.74089402 3.22164082
v 2.7922539 5.74089402 3.22164082
v 2.76075392 5.75012008 3.1993669
v 2.76075392 5.79466793 3.24391449
v 2.7922539 5.09809635 3.22264476
v 2.76075392 5.06659612 3.19114478
v 2.76075392 5.06659613 3.254145
v 1.5513947 5.09809635 3.22264476
v 1.5513947 5.74089402 3.22164082
v 1.58289468 5.75012008 3.1993669
v 1.58289468 5.06659612 3.19114478
v 1.58289468 5.06659613 3.254145
v 1.58289468 5.79466793 3.24391449
v 0.82189759 5.74089402 3.22164082
v 0.79039761 5.75012008 3.1993669
v 0.79039761 5.79466793 3.24391449
v 0.82189759 5.09809635 3.22264476
v 0.79039761 5.06659612 3.19114478
v 0.79039761 5.06659613 3.254145
v 0.75889763 5.09809635 3.22264476
v 0.75889763 5.74089402 3.22164082
v 0.0315 5.74089402 3.22164082
v 0 5.75012008 3.1993669
v 0 5.79466793 3.24391449
v 0.0315 5.09809635 3.22264476
v 0 5.06659612 3.19114478
v 0 5.06659613 3.254145
v -0.0315 5.09809635 3.22264476
v -0.0315 5.74089402 3.22164082
v -0.75889763 5.74089402 3.22164082
v -0.79039761 5.75012008 3.1993669
v -0.79039761 5.79466793 3.24391449
v -0.75889763 5.09809635 3.22264476
v -0.79039761 5.06659612 3.19114478
v -0.79039761 5.06659613 3.254145
v -1.61439466 5.09809635 3.22264476
v -1.61439466 5.74089402 3.22164082
v -1.58289468 5.75012008 3.1993669
v -1.58289468 5.06659612 3.19114478
v -1.58289468 5.06659613 3.254145
v -1.58289468 5.79466793 3.24391449
v -2.72925369 5.74089402 3.22164082
v -2.76075392 5.75012008 3.1993669
v -2.76075392 5.79466793 3.24391449
v -2.72925369 5.09809635 3.22264476
v -2.76075392 5.06659612 3.19114478
v -2.76075392 5.06659613 3.254145
v -2.7922539 5.09809635 3.22264476
v -2.7922539 5.74089402 3.22164082
v -4.09633776 5.74089402 3.22164082
v -4.09633776 5.09809635 3.22264476
v -5.47470813 5.09809549 -3.22164216
v -5.47426318 5.74044821 -3.2211973
v -4.15933772 5.74089316 -3.22164225
v -4.12783774 5.75011922 -3.19936833
v -4.12783774 5.79466706 -3.24391593
v -4.15933772 5.09809549 -3.22264602
v -4.12783774 5.06659526 -3.19114603
v -4.12783774 5.06659525 -3.25414624
v -4.09633776 5.09809549 -3.22264602
v -4.09633776 5.74089316 -3.22164225
v -2.7922539 5.74089316 -3.22164225
v -2.76075392 5.75011922 -3.19936833
v -2.76075392 5.79466706 -3.24391593
v -2.7922539 5.09809549 -3.22264602
v -2.76075392 5.06659526 -3.19114603
v -2.76075392 5.06659525 -3.25414624
v -1.5513947 5.09809549 -3.22264602
v -1.5513947 5.74089316 -3.22164225
v -1.58289468 5.75011922 -3.19936833
v -1.58289468 5.06659526 -3.19114603
v -1.58289468 5.06659525 -3.25414624
v -1.58289468 5.79466706 -3.24391593
v -0.82189759 5.74089316 -3.22164225
v -0.79039761 5.75011922 -3.19936833
v -0.79039761 5.79466706 -3.24391593
v -0.82189759 5.09809549 -3.22264602
v -0.79039761 5.06659526 -3.19114603
v -0.79039761 5.06659525 -3.25414624
v -0.75889763 5.09809549 -3.22264602
v -0.75889763 5.74089316 -3.22164225
v -0.0315 5.74089316 -3.22164225
v 0 5.75011922 -3.19936833
v 0 5.79466706 -3.24391593
v -0.0315 5.09809549 -3.22264602
v 0 5.06659526 -3.19114603
v 0 5.06659525 -3.25414624
v 0.0315 5.09809549 -3.22264602
v 0.0315 5.74089316 -3.22164225
v 0.75889763 5.74089316 -3.22164225
v 0.79039761 5.75011922 -3.19936833
v 0.79039761 5.79466706 -3.24391593
v 0.75889763 5.09809549 -3.22264602
v 0.79039761 5.06659526 -3.19114603
v 0.79039761 5.06659525 -3.25414624
v 1.61439466 5.09809549 -3.22264602
v 1.61439466 5.74089316 -3.22164225
v 1.58289468 5.75011922 -3.19936833
v 1.58289468 5.06659526 -3.19114603
v 1.58289468 5.06659525 -3.25414624
v 1.58289468 5.79466706 -3.24391593
v 2.72925369 5.74089316 -3.22164225
v 2.76075392 5.75011922 -3.19936833
v 2.76075392 5.79466706 -3.24391593
v 2.72925369 5.09809549 -3.22264602
v 2.76075392 5.06659526 -3.19114603
v 2.76075392 5.06659525 -3.25414624
v 2.7922539 5.09809549 -3.22264602
v 2.7922539 5.74089316 -3.22164225
v 4.09633776 5.74089316 -3.22164225
v 4.09633776 5.09809549 -3.22264602
v 2.7922539 0.87785394 -3.22264545
v 2.7922539 1.35852941 -3.22264551
v 2.76075392 1.3900294 -3.19114553
v 2.76075392 0.84635396 -3.19114546
v 2.76075392 0.84635396 -3.25414567
v 2.76075392 1.39002939 -3.25414575
v 4.09633776 1.35852941 -3.22264551
v 4.12783774 1.3900294 -3.19114553
v 4.12783774 1.39002939 -3.25414575
v 4.09633776 0.87785394 -3.22264545
v 4.12783774 0.84635396 -3.19114546
v 4.12783774 0.84635396 -3.25414567
v 2.7922539 1.42152938 -3.22264552
v 2.7922539 2.28424238 -3.22264564
v 2.76075392 2.31574249 -3.19114566
v 2.76075392 2.31574248 -3.25414587
v 4.09633776 2.28424238 -3.22264564
v 4.12783774 2.31574236 -3.19114566
v 4.12783774 2.31574236 -3.25414587
v 4.09633776 1.42152938 -3.22264552
v 2.7922539 2.34724247 -3.22264565
v 2.7922539 2.9249745 -3.22264572
v 2.76075392 2.95647449 -3.19114574
v 2.76075392 2.95647448 -3.25414596
v 4.09633776 2.9249745 -3.22264572
v 4.12783774 2.95647449 -3.19114574
v 4.12783774 2.95647448 -3.25414596
v 4.09633776 2.34724247 -3.22264565
v 2.7922539 2.98797447 -3.22264573
v 2.7922539 3.62834785 -3.22264582
v 2.76075392 3.65984808 -3.19114584
v 2.76075392 3.65984807 -3.25414605
v 4.09633776 3.62834785 -3.22264582
v 4.12783774 3.65984808 -3.19114584
v 4.12783774 3.65984807 -3.25414605
v 4.09633776 2.98797447 -3.22264573
v 2.7922539 3.69134781 -3.22264583
v 2.7922539 4.33172144 -3.22264591
v 2.76075392 4.36322143 -3.19114593
v 2.76075392 4.36322142 -3.25414615
v 4.09633776 4.33172144 -3.22264591
v 4.12783774 4.36322143 -3.19114593
v 4.12783774 4.36322142 -3.25414615
v 4.09633776 3.69134781 -3.22264583
v 2.7922539 4.39472165 -3.22264592
v 2.7922539 5.03509503 -3.22264601
v 4.09633776 5.03509503 -3.22264601
v 4.09633776 4.39472165 -3.22264592
v 1.61439466 0.87785394 -3.22264545
v 1.61439466 1.35852941 -3.22264551
v 1.58289468 1.3900294 -3.19114553
v 1.58289468 0.84635396 -3.19114546
v 1.58289468 0.84635396 -3.25414567
v 1.58289468 1.39002939 -3.25414575
v 2.72925369 1.35852941 -3.22264551
v 2.72925369 0.87785394 -3.22264545
v 1.61439466 1.42152938 -3.22264552
v 1.61439466 2.28424238 -3.22264564
v 1.58289468 2.31574249 -3.19114566
v 1.58289468 2.31574248 -3.25414587
v 2.72925369 2.28424238 -3.22264564
v 2.72925369 1.42152938 -3.22264552
v 1.61439466 2.34724247 -3.22264565
v 1.61439466 2.9249745 -3.22264572
v 1.58289468 2.95647449 -3.19114574
v 1.58289468 2.95647448 -3.25414596
v 2.72925369 2.9249745 -3.22264572
v 2.72925369 2.34724247 -3.22264565
v 1.61439466 2.98797447 -3.22264573
v 1.61439466 3.62834785 -3.22264582
v 1.58289468 3.65984808 -3.19114584
v 1.58289468 3.65984807 -3.25414605
v 2.72925369 3.62834785 -3.22264582
v 2.72925369 2.98797447 -3.22264573
v 1.61439466 3.69134781 -3.22264583
v 1.61439466 4.33172144 -3.22264591
v 1.58289468 4.36322143 -3.19114593
v 1.58289468 4.36322142 -3.25414615
v 2.72925369 4.33172144 -3.22264591
v 2.72925369 3.69134781 -3.22264583
v 1.61439466 4.39472165 -3.22264592
v 1.61439466 5.03509503 -3.22264601
v 2.72925369 5.03509503 -3.22264601
v 2.72925369 4.39472165 -3.22264592
v 0.0315 0.87785394 -3.22264545
v 0.0315 1.35852941 -3.22264551
v 0 1.3900294 -3.19114553
v 0 0.84635396 -3.19114546
v 0 0.84635396 -3.25414567
v 0 1.39002939 -3.25414575
v 0.75889763 1.35852941 -3.22264551
v 0.79039761 1.3900294 -3.19114553
v 0.79039761 1.39002939 -3.25414575
v 0.75889763 0.87785394 -3.22264545
v 0.79039761 0.84635396 -3.19114546
v 0.79039761 0.84635396 -3.25414567
v 0.0315 1.42152938 -3.22264552
v 0.03149999 2.28424238 -3.22264564
v 0 2.31574236 -3.19114566
v 0 2.31574236 -3.25414587
v 0.75889763 2.28424238 -3.22264564
v 0.79039761 2.31574249 -3.19114566
v 0.79039761 2.31574248 -3.25414587
v 0.75889763 1.42152938 -3.22264552
v 0.03149999 2.34724247 -3.22264565
v 0.0315 2.9249745 -3.22264572
v 0 2.95647449 -3.19114574
v 0 2.95647448 -3.25414596
v 0.75889763 2.9249745 -3.22264572
v 0.79039761 2.95647449 -3.19114574
v 0.79039761 2.95647448 -3.25414596
v 0.75889763 2.34724247 -3.22264565
v 0.0315 2.98797447 -3.22264573
v 0.0315 3.62834785 -3.22264582
v 0 3.65984808 -3.19114584
v 0 3.65984807 -3.25414605
v 0.75889763 3.62834785 -3.22264582
v 0.79039761 3.65984808 -3.19114584
v 0.79039761 3.65984807 -3.25414605
v 0.75889763 2.98797447 -3.22264573
v 0.0315 3.69134781 -3.22264583
v 0.0315 4.33172144 -3.22264591
v 0 4.36322143 -3.19114593
v 0 4.36322142 -3.25414615
v 0.75889763 4.33172144 -3.22264591
v 0.79039761 4.36322143 -3.19114593
v 0.79039761 4.36322142 -3.25414615
v 0.75889763 3.69134781 -3.22264583
v 0.0315 4.39472165 -3.22264592
v 0.0315 5.03509503 -3.22264601
v 0.75889763 5.03509503 -3.22264601
v 0.75889763 4.39472165 -3.22264592
v -0.75889763 0.87785394 -3.22264545
v -0.75889763 1.35852941 -3.22264551
v -0.79039761 1.3900294 -3.19114553
v -0.79039761 0.84635396 -3.19114546
v -0.79039761 0.84635396 -3.25414567
v -0.79039761 1.39002939 -3.25414575
v -0.0315 1.35852941 -3.22264551
v -0.0315 0.87785394 -3.22264545
v -0.75889763 1.42152938 -3.22264552
v -0.75889763 2.28424238 -3.22264564
v -0.79039761 2.31574249 -3.19114566
v -0.79039761 2.31574248 -3.25414587
v -0.03149999 2.28424238 -3.22264564
v -0.0315 1.42152938 -3.22264552
v -0.75889763 2.34724247 -3.22264565
v -0.75889763 2.9249745 -3.22264572
v -0.79039761 2.95647449 -3.19114574
v -0.79039761 2.95647448 -3.25414596
v -0.0315 2.9249745 -3.22264572
v -0.03149999 2.34724247 -3.22264565
v -0.75889763 2.98797447 -3.22264573
v -0.75889763 3.62834785 -3.22264582
v -0.79039761 3.65984808 -3.19114584
v -0.79039761 3.65984807 -3.25414605
v -0.0315 3.62834785 -3.22264582
v -0.0315 2.98797447 -3.22264573
v -0.75889763 3.69134781 -3.22264583
v -0.75889763 4.33172144 -3.22264591
v -0.79039761 4.36322143 -3.19114593
v -0.79039761 4.36322142 -3.25414615
v -0.0315 4.33172144 -3.22264591
v -0.0315 3.69134781 -3.22264583
v -0.75889763 4.39472165 -3.22264592
v -0.75889763 5.03509503 -3.22264601
v -0.0315 5.03509503 -3.22264601
v -0.0315 4.39472165 -3.22264592
v -1.5513947 0.87785394 -3.22264545
v -1.5513947 1.35852941 -3.22264551
v -1.58289468 1.3900294 -3.19114553
v -1.58289468 0.84635396 -3.19114546
v -1.58289468 0.84635396 -3.25414567
v -1.58289468 1.39002939 -3.25414575
v -0.82189759 1.35852941 -3.22264551
v -0.82189759 0.87785394 -3.22264545
v -1.5513947 1.42152938 -3.22264552
v -1.5513947 2.28424238 -3.22264564
v -1.58289468 2.31574249 -3.19114566
v -1.58289468 2.31574248 -3.25414587
v -0.82189759 2.28424238 -3.22264564
v -0.82189759 1.42152938 -3.22264552
v -1.5513947 2.34724247 -3.22264565
v -1.5513947 2.9249745 -3.22264572
v -1.58289468 2.95647449 -3.19114574
v -1.58289468 2.95647448 -3.25414596
v -0.82189759 2.9249745 -3.22264572
v -0.82189759 2.34724247 -3.22264565
v -1.5513947 2.98797447 -3.22264573
v -1.5513947 3.62834785 -3.22264582
v -1.58289468 3.65984808 -3.19114584
v -1.58289468 3.65984807 -3.25414605
v -0.82189759 3.62834785 -3.22264582
v -0.82189759 2.98797447 -3.22264573
v -1.5513947 3.69134781 -3.22264583
v -1.5513947 4.33172144 -3.22264591
v -1.58289468 4.36322143 -3.19114593
v -1.58289468 4.36322142 -3.25414615
v -0.82189759 4.33172144 -3.22264591
v -0.82189759 3.69134781 -3.22264583
v -1.5513947 4.39472165 -3.22264592
v -1.5513947 5.03509503 -3.22264601
v -0.82189759 5.03509503 -3.22264601
v -0.82189759 4.39472165 -3.22264592
v -4.09633776 0.87785394 -3.22264545
v -4.09633776 1.35852941 -3.22264551
v -4.12783774 1.3900294 -3.19114553
v -4.12783774 0.84635396 -3.19114546
v -4.12783774 0.84635396 -3.25414567
v -4.12783774 1.39002939 -3.25414575
v -2.7922539 1.35852941 -3.22264551
v -2.76075392 1.3900294 -3.19114553
v -2.76075392 1.39002939 -3.25414575
v -2.7922539 0.87785394 -3.22264545
v -2.76075392 0.84635396 -3.19114546
v -2.76075392 0.84635396 -3.25414567
v -4.09633776 1.42152938 -3.22264552
v -4.09633776 2.28424238 -3.22264564
v -4.12783774 2.31574236 -3.19114566
v -4.12783774 2.31574236 -3.25414587
v -2.7922539 2.28424238 -3.22264564
v -2.76075392 2.31574249 -3.19114566
v -2.76075392 2.31574248 -3.25414587
v -2.7922539 1.42152938 -3.22264552
v -4.09633776 2.34724247 -3.22264565
v -4.09633776 2.9249745 -3.22264572
v -4.12783774 2.95647449 -3.19114574
v -4.12783774 2.95647448 -3.25414596
v -2.7922539 2.9249745 -3.22264572
v -2.76075392 2.95647449 -3.19114574
v -2.76075392 2.95647448 -3.25414596
v -2.7922539 2.34724247 -3.22264565
v -4.09633776 2.98797447 -3.22264573
v -4.09633776 3.62834785 -3.22264582
v -4.12783774 3.65984808 -3.19114584
v -4.12783774 3.65984807 -3.25414605
v -2.7922539 3.62834785 -3.22264582
v -2.76075392 3.65984808 -3.19114584
v -2.76075392 3.65984807 -3.25414605
v -2.7922539 2.98797447 -3.22264573
v -4.09633776 3.69134781 -3.22264583
v -4.09633776 4.33172144 -3.22264591
v -4.12783774 4.36322143 -3.19114593
v -4.12783774 4.36322142 -3.25414615
v -2.7922539 4.33172144 -3.22264591
v -2.76075392 4.36322143 -3.19114593
v -2.76075392 4.36322142 -3.25414615
v -2.7922539 3.69134781 -3.22264583
v -4.09633776 4.39472165 -3.22264592
v -4.09633776 5.03509503 -3.22264601
v -2.7922539 5.03509503 -3.22264601
v -2.7922539 4.39472165 -3.22264592
v -5.47470813 0.87785394 -3.2216416
v -5.47470813 1.35852941 -3.22164166
v -5.4839337 1.3900294 -3.19936775
v -5.4839337 0.84635396 -3.19936767
v -5.52848202 0.84635396 -3.24391526
v -5.52848202 1.39002939 -3.24391534
v -4.15933772 1.35852941 -3.22264551
v -4.15933772 0.87785394 -3.22264545
v -5.47470813 1.42152938 -3.22164167
v -5.47470813 2.28424238 -3.22164179
v -5.4839337 2.31574236 -3.19936787
v -5.52848202 2.31574236 -3.24391546
v -4.15933772 2.28424238 -3.22264564
v -4.15933772 1.42152938 -3.22264552
v -5.47470813 2.34724247 -3.22164179
v -5.47470813 2.9249745 -3.22164187
v -5.4839337 2.95647449 -3.19936796
v -5.52848202 2.95647448 -3.24391555
v -4.15933772 2.9249745 -3.22264572
v -4.15933772 2.34724247 -3.22264565
v -5.47470813 2.98797447 -3.22164188
v -5.47470813 3.62834785 -3.22164197
v -5.4839337 3.65984808 -3.19936805
v -5.52848202 3.65984807 -3.24391564
v -4.15933772 3.62834785 -3.22264582
v -4.15933772 2.98797447 -3.22264573
v -5.47470813 3.69134781 -3.22164197
v -5.47470813 4.33172144 -3.22164206
v -5.4839337 4.36322142 -3.19936815
v -5.52848202 4.36322142 -3.24391574
v -4.15933772 4.33172144 -3.22264591
v -4.15933772 3.69134781 -3.22264583
v -5.47470813 4.39472165 -3.22164207
v -5.47470813 5.03509503 -3.22164216
v -4.15933772 5.03509503 -3.22264601
v -4.15933772 4.39472165 -3.22264592
v -2.7922539 0.87785481 3.22264533
v -2.7922539 1.35853028 3.22264526
v -2.76075392 1.39003026 3.19114528
v -2.76075392 0.84635482 3.19114535
v -2.76075392 0.84635483 3.25414556
v -2.76075392 1.39003027 3.25414549
v -4.09633776 1.35853028 3.22264526
v -4.12783774 1.39003026 3.19114528
v -4.12783774 1.39003027 3.25414549
v -4.09633776 0.87632153 3.2222835
v -4.12783774 0.85890877 3.19410905
v -4.12783774 0.83073433 3.25045795
v -2.7922539 1.42153025 3.22264526
v -2.7922539 2.28424324 3.22264514
v -2.76075392 2.31574335 3.19114515
v -2.76075392 2.31574335 3.25414536
v -4.09633776 2.28424324 3.22264514
v -4.12783774 2.31574322 3.19114515
v -4.12783774 2.31574323 3.25414536
v -4.09633776 1.42153025 3.22264526
v -2.7922539 2.34724333 3.22264513
v -2.7922539 2.92497537 3.22264505
v -2.76075392 2.95647535 3.19114507
v -2.76075392 2.95647536 3.25414528
v -4.09633776 2.92497537 3.22264505
v -4.12783774 2.95647535 3.19114507
v -4.12783774 2.95647536 3.25414528
v -4.09633776 2.34724333 3.22264513
v -2.7922539 2.98797534 3.22264504
v -2.7922539 3.62834871 3.22264496
v -2.76075392 3.65984894 3.19114497
v -2.76075392 3.65984895 3.25414518
v -4.09633776 3.62834871 3.22264496
v -4.12783774 3.65984894 3.19114497
v -4.12783774 3.65984895 3.25414518
v -4.09633776 2.98797534 3.22264504
v -2.7922539 3.69134868 3.22264495
v -2.7922539 4.3317223 3.22264486
v -2.76075392 4.36322228 3.19114488
v -2.76075392 4.36322229 3.25414509
v -4.09633776 4.3317223 3.22264486
v -4.12783774 4.36322228 3.19114488
v -4.12783774 4.36322229 3.25414509
v -4.09633776 3.69134868 3.22264495
v -2.7922539 4.39472252 3.22264486
v -2.7922539 5.03509589 3.22264477
v -4.09633776 5.03509589 3.22264477
v -4.09633776 4.39472252 3.22264486
v -1.61439466 0.87785481 3.22264533
v -1.61439466 1.35853028 3.22264526
v -1.58289468 1.39003026 3.19114528
v -1.58289468 0.84635482 3.19114535
v -1.58289468 0.84635483 3.25414556
v -1.58289468 1.39003027 3.25414549
v -2.72925369 1.35853028 3.22264526
v -2.72925369 0.87785481 3.22264533
v -1.61439466 1.42153025 3.22264526
v -1.61439466 2.28424324 3.22264514
v -1.58289468 2.31574335 3.19114515
v -1.58289468 2.31574335 3.25414536
v -2.72925369 2.28424324 3.22264514
v -2.72925369 1.42153025 3.22264526
v -1.61439466 2.34724333 3.22264513
v -1.61439466 2.92497537 3.22264505
v -1.58289468 2.95647535 3.19114507
v -1.58289468 2.95647536 3.25414528
v -2.72925369 2.92497537 3.22264505
v -2.72925369 2.34724333 3.22264513
v -1.61439466 2.98797534 3.22264504
v -1.61439466 3.62834871 3.22264496
v -1.58289468 3.65984894 3.19114497
v -1.58289468 3.65984895 3.25414518
v -2.72925369 3.62834871 3.22264496
v -2.72925369 2.98797534 3.22264504
v -1.61439466 3.69134868 3.22264495
v -1.61439466 4.3317223 3.22264486
v -1.58289468 4.36322228 3.19114488
v -1.58289468 4.36322229 3.25414509
v -2.72925369 4.3317223 3.22264486
v -2.72925369 3.69134868 3.22264495
v -1.61439466 4.39472252 3.22264486
v -1.61439466 5.03509589 3.22264477
v -2.72925369 5.03509589 3.22264477
v -2.72925369 4.39472252 3.22264486
v -0.03149999 2.34724333 3.22264513
v -0.0315 2.92497537 3.22264505
v 0 2.95647535 3.19114507
v 0 2.31574322 3.19114515
v 0 2.31574323 3.25414536
v 0 2.95647536 3.25414528
v -0.75889763 2.92497537 3.22264505
v -0.79039761 2.95647535 3.19114507
v -0.79039761 2.95647536 3.25414528
v -0.75889763 2.34724333 3.22264513
v -0.79039761 2.31574335 3.19114515
v -0.79039761 2.31574335 3.25414536
v -0.0315 2.98797534 3.22264504
v -0.0315 3.62834871 3.22264496
v 0 3.65984894 3.19114497
v 0 3.65984895 3.25414518
v -0.75889763 3.62834871 3.22264496
v -0.79039761 3.65984894 3.19114497
v -0.79039761 3.65984895 3.25414518
v -0.75889763 2.98797534 3.22264504
v -0.0315 3.69134868 3.22264495
v -0.0315 4.3317223 3.22264486
v 0 4.36322228 3.19114488
v 0 4.36322229 3.25414509
v -0.75889763 4.3317223 3.22264486
v -0.79039761 4.36322228 3.19114488
v -0.79039761 4.36322229 3.25414509
v -0.75889763 3.69134868 3.22264495
v -0.0315 4.39472252 3.22264486
v -0.0315 5.03509589 3.22264477
v -0.75889763 5.03509589 3.22264477
v -0.75889763 4.39472252 3.22264486
v 0.75889763 2.34724333 3.22264513
v 0.75889763 2.92497537 3.22264505
v 0.79039761 2.95647535 3.19114507
v 0.79039761 2.31574335 3.19114515
v 0.79039761 2.31574335 3.25414536
v 0.79039761 2.95647536 3.25414528
v 0.0315 2.92497537 3.22264505
v 0.03149999 2.34724333 3.22264513
v 0.75889763 2.98797534 3.22264504
v 0.75889763 3.62834871 3.22264496
v 0.79039761 3.65984894 3.19114497
v 0.79039761 3.65984895 3.25414518
v 0.0315 3.62834871 3.22264496
v 0.0315 2.98797534 3.22264504
v 0.75889763 3.69134868 3.22264495
v 0.75889763 4.3317223 3.22264486
v 0.79039761 4.36322228 3.19114488
v 0.79039761 4.36322229 3.25414509
v 0.0315 4.3317223 3.22264486
v 0.0315 3.69134868 3.22264495
v 0.75889763 4.39472252 3.22264486
v 0.75889763 5.03509589 3.22264477
v 0.0315 5.03509589 3.22264477
v 0.0315 4.39472252 3.22264486
v 1.5513947 0.87785481 3.22264533
v 1.5513947 1.35853028 3.22264526
v 1.58289468 1.39003026 3.19114528
v 1.58289468 0.84635482 3.19114535
v 1.58289468 0.84635483 3.25414556
v 1.58289468 1.39003027 3.25414549
v 0.82189759 1.35853028 3.22264526
v 0.79039761 1.39003026 3.19114528
v 0.79039761 1.39003027 3.25414549
v 0.82189759 0.87785481 3.22264533
v 0.79039761 0.84635482 3.19114535
v 0.79039761 0.84635483 3.25414556
v 1.5513947 1.42153025 3.22264526
v 1.5513947 2.28424324 3.22264514
v 1.58289468 2.31574335 3.19114515
v 1.58289468 2.31574335 3.25414536
v 0.82189759 2.28424324 3.22264514
v 0.82189759 1.42153025 3.22264526
v 1.5513947 2.34724333 3.22264513
v 1.5513947 2.92497537 3.22264505
v 1.58289468 2.95647535 3.19114507
v 1.58289468 2.95647536 3.25414528
v 0.82189759 2.92497537 3.22264505
v 0.82189759 2.34724333 3.22264513
v 1.5513947 2.98797534 3.22264504
v 1.5513947 3.62834871 3.22264496
v 1.58289468 3.65984894 3.19114497
v 1.58289468 3.65984895 3.25414518
v 0.82189759 3.62834871 3.22264496
v 0.82189759 2.98797534 3.22264504
v 1.5513947 3.69134868 3.22264495
v 1.5513947 4.3317223 3.22264486
v 1.58289468 4.36322228 3.19114488
v 1.58289468 4.36322229 3.25414509
v 0.82189759 4.3317223 3.22264486
v 0.82189759 3.69134868 3.22264495
v 1.5513947 4.39472252 3.22264486
v 1.5513947 5.03509589 3.22264477
v 0.82189759 5.03509589 3.22264477
v 0.82189759 4.39472252 3.22264486
v 4.09633776 0.87785481 3.22264533
v 4.09633776 1.35853028 3.22264526
v 4.12783774 1.39003026 3.19114528
v 4.12783774 0.84635482 3.19114535
v 4.12783774 0.84635483 3.25414556
v 4.12783774 1.39003027 3.25414549
v 2.7922539 1.35853028 3.22264526
v 2.76075392 1.39003026 3.19114528
v 2.76075392 1.39003027 3.25414549
v 2.7922539 0.87785481 3.22264533
v 2.76075392 0.84635482 3.19114535
v 2.76075392 0.84635483 3.25414556
v 4.09633776 1.42153025 3.22264526
v 4.09633776 2.28424324 3.22264514
v 4.12783774 2.31574322 3.19114515
v 4.12783774 2.31574323 3.25414536
v 2.7922539 2.28424324 3.22264514
v 2.76075392 2.31574335 3.19114515
v 2.76075392 2.31574335 3.25414536
v 2.7922539 1.42153025 3.22264526
v 4.09633776 2.34724333 3.22264513
v 4.09633776 2.92497537 3.22264505
v 4.12783774 2.95647535 3.19114507
v 4.12783774 2.95647536 3.25414528
v 2.7922539 2.92497537 3.22264505
v 2.76075392 2.95647535 3.19114507
v 2.76075392 2.95647536 3.25414528
v 2.7922539 2.34724333 3.22264513
v 4.09633776 2.98797534 3.22264504
v 4.09633776 3.62834871 3.22264496
v 4.12783774 3.65984894 3.19114497
v 4.12783774 3.65984895 3.25414518
v 2.7922539 3.62834871 3.22264496
v 2.76075392 3.65984894 3.19114497
v 2.76075392 3.65984895 3.25414518
v 2.7922539 2.98797534 3.22264504
v 4.09633776 3.69134868 3.22264495
v 4.09633776 4.3317223 3.22264486
v 4.12783774 4.36322228 3.19114488
v 4.12783774 4.36322229 3.25414509
v 2.7922539 4.3317223 3.22264486
v 2.76075392 4.36322228 3.19114488
v 2.76075392 4.36322229 3.25414509
v 2.7922539 3.69134868 3.22264495
v 4.09633776 4.39472252 3.22264486
v 4.09633776 5.03509589 3.22264477
v 2.7922539 5.03509589 3.22264477
v 2.7922539 4.39472252 3.22264486
v 5.47470813 0.87785481 3.22164148
v 5.47470813 1.35853028 3.22164141
v 5.4839337 1.39003026 3.19936749
v 5.4839337 0.84635482 3.19936756
v 5.52848202 0.84635483 3.24391515
v 5.52848202 1.39003026 3.24391508
v 4.15933772 1.35853028 3.22264526
v 4.15933772 0.87785481 3.22264533
v 5.47470813 1.42153024 3.2216414
v 5.47470813 2.28424324 3.22164129
v 5.4839337 2.31574322 3.19936736
v 5.52848202 2.31574323 3.24391496
v 4.15933772 2.28424324 3.22264514
v 4.15933772 1.42153025 3.22264526
v 5.47470813 2.34724333 3.22164128
v 5.47470813 2.92497537 3.2216412
v 5.4839337 2.95647535 3.19936728
v 5.52848202 2.95647535 3.24391487
v 4.15933772 2.92497537 3.22264505
v 4.15933772 2.34724333 3.22264513
v 5.47470813 2.98797533 3.22164119
v 5.47470813 3.62834871 3.22164111
v 5.4839337 3.65984894 3.19936718
v 5.52848202 3.65984895 3.24391477
v 4.15933772 3.62834871 3.22264496
v 4.15933772 2.98797534 3.22264504
v 5.47470813 3.69134868 3.2216411
v 5.47470813 4.3317223 3.22164101
v 5.4839337 4.36322228 3.19936709
v 5.52848202 4.36322229 3.24391468
v 4.15933772 4.3317223 3.22264486
v 4.15933772 3.69134868 3.22264495
v 5.47470813 4.39472252 3.221641
v 5.47470813 5.03509589 3.22164092
v 4.15933772 5.03509589 3.22264477
v 4.15933772 4.39472252 3.22264486
v -4.15933772 0.87632153 3.2222835
v -4.15933772 1.35853028 3.22264526
v -5.47470813 1.3585304 3.22164141
v -5.4839337 1.39003038 3.19936749
v -5.52848202 1.39003039 3.24391508
v -5.47426318 0.87587535 3.22119653
v -5.48757617 0.86256197 3.20301004
v -5.52394965 0.82618875 3.23938302
v -4.15933772 1.42153025 3.22264526
v -4.15933772 2.28424324 3.22264514
v -5.47470813 2.28424337 3.22164129
v -5.4839337 2.31574335 3.19936736
v -5.52848202 2.31574335 3.24391496
v -5.47470813 1.42153037 3.2216414
v -4.15933772 2.34724333 3.22264513
v -4.15933772 2.92497537 3.22264505
v -5.47470813 2.92497537 3.2216412
v -5.4839337 2.95647535 3.19936728
v -5.52848202 2.95647535 3.24391487
v -5.47470813 2.34724333 3.22164128
v -4.15933772 2.98797534 3.22264504
v -4.15933772 3.62834871 3.22264496
v -5.47470813 3.62834896 3.22164111
v -5.4839337 3.65984894 3.19936718
v -5.52848202 3.65984895 3.24391477
v -5.47470813 2.98797558 3.22164119
v -4.15933772 3.69134868 3.22264495
v -4.15933772 4.3317223 3.22264486
v -5.47470813 4.33172255 3.22164101
v -5.4839337 4.36322253 3.19936709
v -5.52848202 4.36322254 3.24391468
v -5.47470813 3.69134893 3.2216411
v -4.15933772 4.39472252 3.22264486
v -4.15933772 5.03509589 3.22264477
v -5.47470813 5.03509589 3.22164092
v -5.47470813 4.39472276 3.221641
v 5.50721221 0.87785464 1.96303015
v 5.50721221 1.35853011 1.96303008
v 5.47571198 1.39003009 1.9315301
v 5.47571198 0.84635465 1.93153017
v 5.53871194 0.84635465 1.93153017
v 5.53871194 1.39003009 1.9315301
v 5.50620786 1.35853027 3.19014118
v 5.50620786 0.8778548 3.19014125
v 5.50721221 1.42153008 1.96303007
v 5.50721221 2.28424307 1.96302996
v 5.47571198 2.31574305 1.93152997
v 5.53871194 2.31574305 1.93152997
v 5.50620786 2.28424324 3.19014106
v 5.50620786 1.42153024 3.19014117
v 5.50721221 2.34724316 1.96302995
v 5.50721221 2.9249752 1.96302987
v 5.47571198 2.95647518 1.93152989
v 5.53871194 2.95647518 1.93152989
v 5.50620786 2.92497536 3.19014097
v 5.50620786 2.34724333 3.19014105
v 5.50721221 2.98797517 1.96302986
v 5.50721221 3.62834854 1.96302978
v 5.47571198 3.65984877 1.93152979
v 5.53871194 3.65984877 1.93152979
v 5.50620786 3.62834871 3.19014088
v 5.50620786 2.98797533 3.19014096
v 5.50721221 3.69134851 1.96302977
v 5.50721221 4.33172213 1.96302968
v 5.47571198 4.36322211 1.9315297
v 5.53871194 4.36322211 1.9315297
v 5.50620786 4.3317223 3.19014078
v 5.50620786 3.69134867 3.19014087
v 5.50721221 4.39472235 1.96302968
v 5.50721221 5.03509573 1.96302959
v 5.50620786 5.03509589 3.19014069
v 5.50620786 4.39472251 3.19014077
v 4.15933772 0.87785394 -3.22264545
v 4.15933772 1.35852941 -3.22264551
v 5.47470813 1.35852941 -3.22164166
v 5.4839337 1.3900294 -3.19936775
v 5.52848202 1.39002939 -3.24391534
v 5.47470813 0.87785394 -3.2216416
v 5.4839337 0.84635396 -3.19936767
v 5.52848202 0.84635396 -3.24391526
v 4.15933772 1.42152938 -3.22264552
v 4.15933772 2.28424238 -3.22264564
v 5.47470813 2.28424238 -3.22164179
v 5.4839337 2.31574236 -3.19936787
v 5.52848202 2.31574236 -3.24391546
v 5.47470813 1.42152938 -3.22164167
v 4.15933772 2.34724247 -3.22264565
v 4.15933772 2.9249745 -3.22264572
v 5.47470813 2.9249745 -3.22164187
v 5.4839337 2.95647449 -3.19936796
v 5.52848202 2.95647448 -3.24391555
v 5.47470813 2.34724247 -3.22164179
v 4.15933772 2.98797447 -3.22264573
v 4.15933772 3.62834785 -3.22264582
v 5.47470813 3.62834785 -3.22164197
v 5.4839337 3.65984808 -3.19936805
v 5.52848202 3.65984807 -3.24391564
v 5.47470813 2.98797447 -3.22164188
v 4.15933772 3.69134781 -3.22264583
v 4.15933772 4.33172144 -3.22264591
v 5.47470813 4.33172144 -3.22164206
v 5.4839337 4.36322142 -3.19936815
v 5.52848202 4.36322142 -3.24391574
v 5.47470813 3.69134781 -3.22164197
v 4.15933772 4.39472165 -3.22264592
v 4.15933772 5.03509503 -3.22264601
v 5.47470813 5.03509503 -3.22164216
v 5.47470813 4.39472165 -3.22164207
v -5.50721221 0.87785411 -1.96303027
v -5.50721221 1.35852958 -1.96303033
v -5.47571198 1.39002957 -1.93153035
v -5.47571198 0.84635413 -1.93153028
v -5.53871194 0.84635413 -1.93153028
v -5.53871194 1.39002957 -1.93153035
v -5.50620786 1.35852942 -3.19014143
v -5.50620786 0.87785395 -3.19014137
v -5.50721221 1.42152955 -1.96303034
v -5.50721221 2.28424255 -1.96303046
v -5.47571198 2.31574253 -1.93153048
v -5.53871194 2.31574253 -1.93153048
v -5.50620786 2.28424238 -3.19014156
v -5.50620786 1.42152938 -3.19014144
v -5.50721221 2.34724264 -1.96303047
v -5.50721221 2.92497467 -1.96303054
v -5.47571198 2.95647466 -1.93153056
v -5.53871194 2.95647466 -1.93153056
v -5.50620786 2.92497451 -3.19014164
v -5.50620786 2.34724247 -3.19014156
v -5.50721221 2.98797464 -1.96303055
v -5.50721221 3.62834826 -1.96303064
v -5.47571198 3.65984825 -1.93153066
v -5.53871194 3.65984825 -1.93153066
v -5.50620786 3.62834785 -3.19014174
v -5.50620786 2.98797447 -3.19014165
v -5.50721221 3.69134823 -1.96303065
v -5.50721221 4.33172185 -1.96303073
v -5.47571198 4.36322184 -1.93153075
v -5.53871194 4.36322184 -1.93153075
v -5.50620786 4.33172144 -3.19014183
v -5.50620786 3.69134782 -3.19014174
v -5.50721221 4.39472207 -1.96303074
v -5.50721221 5.0350952 -1.96303083
v -5.50620786 5.03509503 -3.19014193
v -5.50620786 4.39472166 -3.19014184
v -5.50620786 4.39472276 3.19014077
v -5.50620786 5.03509589 3.19014069
v -5.4839337 5.06659612 3.19936699
v -5.4839337 4.36322253 3.19936709
v -5.52848202 4.36322254 3.24391468
v -5.52848202 5.06659613 3.24391459
v -5.50721221 5.03509573 1.96302959
v -5.47571198 5.06659595 1.9315296
v -5.53871194 5.06659595 1.9315296
v -5.50721221 4.39472259 1.96302968
v -5.47571198 4.36322236 1.9315297
v -5.53871194 4.36322236 1.9315297
v -5.50721221 4.39472259 1.90002971
v -5.50721221 5.03509572 1.90002962
v -5.50721221 5.03509555 0.67534275
v -5.47571198 5.06659578 0.64384276
v -5.53871194 5.06659578 0.64384276
v -5.50721221 4.39472242 0.67534284
v -5.47571198 4.36322219 0.64384286
v -5.53871194 4.36322219 0.64384286
v -5.50721221 4.39472241 0.61234287
v -5.50721221 5.03509554 0.61234279
v -5.50721221 5.03509538 -0.61234402
v -5.47571198 5.0665956 -0.64384401
v -5.53871194 5.0665956 -0.64384401
v -5.50721221 4.39472225 -0.61234394
v -5.47571198 4.36322201 -0.64384392
v -5.53871194 4.36322201 -0.64384392
v -5.50721221 4.39472224 -0.6753439
v -5.50721221 5.03509537 -0.67534399
v -5.50721221 5.03509521 -1.90003086
v -5.50721221 4.39472208 -1.90003077
v -5.50620786 3.69134892 3.19014087
v -5.50620786 4.33172255 3.19014078
v -5.4839337 3.65984894 3.19936718
v -5.52848202 3.65984895 3.24391477
v -5.50721221 4.33172238 1.96302968
v -5.50721221 3.69134876 1.96302977
v -5.47571198 3.65984877 1.93152979
v -5.53871194 3.65984877 1.93152979
v -5.50721221 3.69134875 1.9000298
v -5.50721221 4.33172237 1.90002972
v -5.50721221 4.33172221 0.67534285
v -5.50721221 3.69134858 0.67534293
v -5.47571198 3.6598486 0.64384295
v -5.53871194 3.6598486 0.64384295
v -5.50721221 3.69134858 0.61234297
v -5.50721221 4.3317222 0.61234288
v -5.50721221 4.33172203 -0.61234393
v -5.50721221 3.69134841 -0.61234384
v -5.47571198 3.65984842 -0.64384382
v -5.53871194 3.65984842 -0.64384382
v -5.50721221 3.6913484 -0.67534381
v -5.50721221 4.33172203 -0.6753439
v -5.50721221 4.33172186 -1.90003077
v -5.50721221 3.69134824 -1.90003068
v -5.50620786 2.98797558 3.19014096
v -5.50620786 3.62834895 3.19014088
v -5.4839337 2.95647535 3.19936728
v -5.52848202 2.95647535 3.24391487
v -5.50721221 3.62834879 1.96302978
v -5.50721221 2.98797541 1.96302986
v -5.47571198 2.95647518 1.93152989
v -5.53871194 2.95647518 1.93152989
v -5.50721221 2.9879754 1.9000299
v -5.50721221 3.62834878 1.90002981
v -5.50721221 3.62834862 0.67534294
v -5.50721221 2.98797524 0.67534303
v -5.47571198 2.95647501 0.64384305
v -5.53871194 2.95647501 0.64384305
v -5.50721221 2.98797523 0.61234306
v -5.50721221 3.62834861 0.61234297
v -5.50721221 3.62834844 -0.61234383
v -5.50721221 2.98797507 -0.61234375
v -5.47571198 2.95647483 -0.64384373
v -5.53871194 2.95647483 -0.64384373
v -5.50721221 2.98797506 -0.67534371
v -5.50721221 3.62834844 -0.6753438
v -5.50721221 3.62834827 -1.90003067
v -5.50721221 2.98797465 -1.90003059
v -5.50620786 2.34724333 3.19014105
v -5.50620786 2.92497536 3.19014097
v -5.4839337 2.31574335 3.19936736
v -5.52848202 2.31574335 3.24391496
v -5.50721221 2.9249752 1.96302987
v -5.50721221 2.34724316 1.96302995
v -5.47571198 2.31574318 1.93152997
v -5.53871194 2.31574318 1.93152997
v -5.50721221 2.34724316 1.90002998
v -5.50721221 2.92497519 1.90002991
v -5.50721221 2.92497503 0.67534304
v -5.50721221 2.34724299 0.67534311
v -5.47571198 2.315743 0.64384313
v -5.53871194 2.315743 0.64384313
v -5.50721221 2.34724298 0.61234315
v -5.50721221 2.92497502 0.61234307
v -5.50721221 2.92497485 -0.61234374
v -5.50721221 2.34724282 -0.61234366
v -5.47571198 2.31574283 -0.64384364
v -5.53871194 2.31574283 -0.64384364
v -5.50721221 2.34724281 -0.67534363
v -5.50721221 2.92497484 -0.67534371
v -5.50721221 2.92497468 -1.90003058
v -5.50721221 2.34724264 -1.9000305
v -5.50620786 1.42153036 3.19014117
v -5.50620786 2.28424336 3.19014106
v -5.4839337 1.39003038 3.19936749
v -5.52848202 1.39003039 3.24391508
v -5.50721221 2.2842432 1.96302996
v -5.50721221 1.4215302 1.96303007
v -5.47571198 1.39003021 1.9315301
v -5.53871194 1.39003021 1.9315301
v -5.50721221 1.42153019 1.90003011
v -5.50721221 2.28424319 1.90002999
v -5.50721221 2.28424302 0.67534312
v -5.50721221 1.42153003 0.67534324
v -5.47571198 1.39003004 0.64384326
v -5.53871194 1.39003004 0.64384326
v -5.50721221 1.42153002 0.61234327
v -5.50721221 2.28424302 0.61234316
v -5.50721221 2.28424285 -0.61234365
v -5.50721221 1.42152973 -0.61234354
v -5.47571198 1.3900298 -0.64384352
v -5.53871194 1.3900298 -0.64384352
v -5.50721221 1.42152972 -0.6753435
v -5.50721221 2.28424272 -0.67534362
v -5.50721221 2.28424255 -1.90003049
v -5.50721221 1.42152956 -1.90003037
v -5.50576291 0.87587534 3.1896963
v -5.50620786 1.3585304 3.19014118
v -5.48757617 0.86256197 3.20301004
v -5.52394965 0.82618875 3.23938302
v -5.50721221 1.35853023 1.96303008
v -5.50685013 0.87632136 1.96303015
v -5.47867568 0.8589086 1.93153017
v -5.53502457 0.83073415 1.93153017
v -5.50685013 0.87632135 1.90003018
v -5.50721221 1.35853022 1.90003012
v -5.50721221 1.35853006 0.67534325
v -5.50721221 0.87785447 0.67534331
v -5.47571198 0.84635448 0.64384333
v -5.53871194 0.84635448 0.64384333
v -5.50721221 0.87785446 0.61234334
v -5.50721221 1.35853005 0.61234328
v -5.50721221 1.35852982 -0.61234353
v -5.50721221 0.87785429 -0.61234346
v -5.47571198 0.84635431 -0.64384344
v -5.53871194 0.84635431 -0.64384344
v -5.50721221 0.87785429 -0.67534343
v -5.50721221 1.35852982 -0.6753435
v -5.50721221 1.35852959 -1.90003037
v -5.50721221 0.87785412 -1.9000303
v 5.50620786 4.39472166 -3.19014184
v 5.50620786 5.03509503 -3.19014193
v 5.50721221 5.0350952 -1.96303083
v 5.47571198 5.06659543 -1.93153085
v 5.53871194 5.06659543 -1.93153085
v 5.50721221 4.39472182 -1.96303074
v 5.47571198 4.36322159 -1.93153075
v 5.53871194 4.36322159 -1.93153075
v 5.50721221 4.39472183 -1.90003077
v 5.50721221 5.03509521 -1.90003086
v 5.50721221 5.03509537 -0.67534399
v 5.47571198 5.0665956 -0.64384401
v 5.53871194 5.0665956 -0.64384401
v 5.50721221 4.39472199 -0.6753439
v 5.47571198 4.36322177 -0.64384392
v 5.53871194 4.36322177 -0.64384392
v 5.50721221 4.394722 -0.61234394
v 5.50721221 5.03509538 -0.61234402
v 5.50721221 5.03509554 0.61234279
v 5.47571198 5.06659578 0.64384276
v 5.53871194 5.06659578 0.64384276
v 5.50721221 4.39472217 0.61234287
v 5.47571198 4.36322194 0.64384286
v 5.53871194 4.36322194 0.64384286
v 5.50721221 4.39472217 0.67534284
v 5.50721221 5.03509555 0.67534275
v 5.50721221 5.03509572 1.90002962
v 5.50721221 4.39472234 1.90002971
v 5.50620786 3.69134782 -3.19014174
v 5.50620786 4.33172144 -3.19014183
v 5.50721221 4.33172161 -1.96303073
v 5.50721221 3.69134798 -1.96303065
v 5.47571198 3.65984825 -1.93153066
v 5.53871194 3.65984825 -1.93153066
v 5.50721221 3.69134799 -1.90003068
v 5.50721221 4.33172162 -1.90003077
v 5.50721221 4.33172178 -0.6753439
v 5.50721221 3.69134816 -0.67534381
v 5.47571198 3.65984842 -0.64384382
v 5.53871194 3.65984842 -0.64384382
v 5.50721221 3.69134816 -0.61234384
v 5.50721221 4.33172179 -0.61234393
v 5.50721221 4.33172195 0.61234288
v 5.50721221 3.69134833 0.61234297
v 5.47571198 3.6598486 0.64384295
v 5.53871194 3.6598486 0.64384295
v 5.50721221 3.69134834 0.67534293
v 5.50721221 4.33172196 0.67534285
v 5.50721221 4.33172213 1.90002972
v 5.50721221 3.6913485 1.9000298
v 5.50620786 2.98797447 -3.19014165
v 5.50620786 3.62834785 -3.19014174
v 5.50721221 3.62834802 -1.96303064
v 5.50721221 2.98797464 -1.96303055
v 5.47571198 2.95647466 -1.93153056
v 5.53871194 2.95647466 -1.93153056
v 5.50721221 2.98797465 -1.90003059
v 5.50721221 3.62834802 -1.90003067
v 5.50721221 3.62834819 -0.6753438
v 5.50721221 2.98797481 -0.67534371
v 5.47571198 2.95647483 -0.64384373
v 5.53871194 2.95647483 -0.64384373
v 5.50721221 2.98797482 -0.61234375
v 5.50721221 3.6283482 -0.61234383
v 5.50721221 3.62834836 0.61234297
v 5.50721221 2.98797498 0.61234306
v 5.47571198 2.95647501 0.64384305
v 5.53871194 2.95647501 0.64384305
v 5.50721221 2.98797499 0.67534303
v 5.50721221 3.62834837 0.67534294
v 5.50721221 3.62834853 1.90002981
v 5.50721221 2.98797516 1.9000299
v 5.50620786 2.34724247 -3.19014156
v 5.50620786 2.92497451 -3.19014164
v 5.50721221 2.92497467 -1.96303054
v 5.50721221 2.34724264 -1.96303047
v 5.47571198 2.31574253 -1.93153048
v 5.53871194 2.31574253 -1.93153048
v 5.50721221 2.34724264 -1.9000305
v 5.50721221 2.92497468 -1.90003058
v 5.50721221 2.92497484 -0.67534371
v 5.50721221 2.34724281 -0.67534363
v 5.47571198 2.31574271 -0.64384364
v 5.53871194 2.31574271 -0.64384364
v 5.50721221 2.34724282 -0.61234366
v 5.50721221 2.92497485 -0.61234374
v 5.50721221 2.92497502 0.61234307
v 5.50721221 2.34724298 0.61234315
v 5.47571198 2.31574288 0.64384313
v 5.53871194 2.31574288 0.64384313
v 5.50721221 2.34724299 0.67534311
v 5.50721221 2.92497503 0.67534304
v 5.50721221 2.92497519 1.90002991
v 5.50721221 2.34724316 1.90002998
v 5.50620786 1.42152938 -3.19014144
v 5.50620786 2.28424238 -3.19014156
v 5.50721221 2.28424255 -1.96303046
v 5.50721221 1.42152955 -1.96303034
v 5.47571198 1.39002957 -1.93153035
v 5.53871194 1.39002957 -1.93153035
v 5.50721221 1.42152956 -1.90003037
v 5.50721221 2.28424255 -1.90003049
v 5.50721221 2.28424272 -0.67534362
v 5.50721221 1.42152972 -0.6753435
v 5.47571198 1.39002974 -0.64384352
v 5.53871194 1.39002974 -0.64384352
v 5.50721221 1.42152973 -0.61234354
v 5.50721221 2.28424273 -0.61234365
v 5.50721221 2.28424289 0.61234316
v 5.50721221 1.42152989 0.61234327
v 5.47571198 1.39002992 0.64384326
v 5.53871194 1.39002992 0.64384326
v 5.50721221 1.4215299 0.67534324
v 5.50721221 2.2842429 0.67534312
v 5.50721221 2.28424307 1.90002999
v 5.50721221 1.42153007 1.90003011
v 5.50620786 0.87785395 -3.19014137
v 5.50620786 1.35852942 -3.19014143
v 5.50721221 1.35852958 -1.96303033
v 5.50721221 0.87785411 -1.96303027
v 5.47571198 0.84635413 -1.93153028
v 5.53871194 0.84635413 -1.93153028
v 5.50721221 0.87785412 -1.9000303
v 5.50721221 1.35852959 -1.90003037
v 5.50721221 1.35852975 -0.6753435
v 5.50721221 0.87785429 -0.67534343
v 5.47571198 0.84635431 -0.64384344
v 5.53871194 0.84635431 -0.64384344
v 5.50721221 0.87785429 -0.61234346
v 5.50721221 1.35852976 -0.61234353
v 5.50721221 1.35852993 0.61234328
v 5.50721221 0.87785446 0.61234334
v 5.47571198 0.84635448 0.64384333
v 5.53871194 0.84635448 0.64384333
v 5.50721221 0.87785447 0.67534331
v 5.50721221 1.35852994 0.67534325
v 5.50721221 1.3585301 1.90003012
v 5.50721221 0.87785463 1.90003018
v -2.7922539 5.7723929 -3.19014202
v -4.09633776 5.7723929 -3.19014202
v -4.12783774 5.75011922 -3.19936833
v -2.76075392 5.75011922 -3.19936833
v -2.76075392 5.79466706 -3.24391593
v -4.12783774 5.79466706 -3.24391593
v -4.09633776 5.77339741 -1.96303093
v -4.12783774 5.74189718 -1.93153094
v -4.12783774 5.80489715 -1.93153095
v -2.7922539 5.77339741 -1.96303093
v -2.76075392 5.74189718 -1.93153094
v -2.76075392 5.80489715 -1.93153095
v -2.7922539 5.77339742 -1.90003096
v -4.09633776 5.77339742 -1.90003096
v -4.09633776 5.77339758 -0.67534409
v -4.12783774 5.74189735 -0.6438441
v -4.12783774 5.80489732 -0.64384411
v -2.7922539 5.77339758 -0.67534409
v -2.76075392 5.74189735 -0.6438441
v -2.76075392 5.80489732 -0.64384411
v -2.7922539 5.77339759 -0.61234412
v -4.09633776 5.77339759 -0.61234412
v -4.09633776 5.77339775 0.61234269
v -4.12783774 5.74189753 0.64384267
v -4.12783774 5.80489749 0.64384267
v -2.7922539 5.77339775 0.61234269
v -2.76075392 5.74189753 0.64384267
v -2.76075392 5.80489749 0.64384267
v -2.7922539 5.77339776 0.67534265
v -4.09633776 5.77339776 0.67534265
v -4.09633776 5.77339793 1.90002952
v -2.7922539 5.77339793 1.90002952
v -1.61439466 5.7723929 -3.19014202
v -2.72925369 5.7723929 -3.19014202
v -1.58289468 5.75011922 -3.19936833
v -1.58289468 5.79466706 -3.24391593
v -2.72925369 5.77339741 -1.96303093
v -1.61439466 5.77339741 -1.96303093
v -1.58289468 5.74189718 -1.93153094
v -1.58289468 5.80489715 -1.93153095
v -1.61439466 5.77339742 -1.90003096
v -2.72925369 5.77339742 -1.90003096
v -2.72925369 5.77339758 -0.67534409
v -1.61439466 5.77339758 -0.67534409
v -1.58289468 5.74189735 -0.6438441
v -1.58289468 5.80489732 -0.64384411
v -1.61439466 5.77339759 -0.61234412
v -2.72925369 5.77339759 -0.61234412
v -2.72925369 5.77339775 0.61234269
v -1.61439466 5.77339775 0.61234269
v -1.58289468 5.74189753 0.64384267
v -1.58289468 5.80489749 0.64384267
v -1.61439466 5.77339776 0.67534265
v -2.72925369 5.77339776 0.67534265
v -2.72925369 5.77339793 1.90002952
v -1.61439466 5.77339793 1.90002952
v -0.0315 5.7723929 -3.19014202
v -0.75889763 5.7723929 -3.19014202
v -0.79039761 5.75011922 -3.19936833
v 0 5.75011922 -3.19936833
v 0 5.79466706 -3.24391593
v -0.79039761 5.79466706 -3.24391593
v -0.75889763 5.77339741 -1.96303093
v -0.79039761 5.74189718 -1.93153094
v -0.79039761 5.80489715 -1.93153095
v -0.0315 5.77339741 -1.96303093
v 0 5.74189718 -1.93153094
v 0 5.80489715 -1.93153095
v -0.0315 5.77339742 -1.90003096
v -0.75889763 5.77339742 -1.90003096
v -0.75889763 5.77339758 -0.67534409
v -0.79039761 5.74189735 -0.6438441
v -0.79039761 5.80489732 -0.64384411
v -0.0315 5.77339758 -0.67534409
v 0 5.74189735 -0.6438441
v 0 5.80489732 -0.64384411
v -0.0315 5.77339759 -0.61234412
v -0.75889763 5.77339759 -0.61234412
v -0.75889763 5.77339775 0.61234269
v -0.79039761 5.74189753 0.64384267
v -0.79039761 5.80489749 0.64384267
v -0.0315 5.77339775 0.61234269
v 0 5.74189753 0.64384267
v 0 5.80489749 0.64384267
v -0.0315 5.77339776 0.67534265
v -0.75889763 5.77339776 0.67534265
v -0.75889763 5.77339793 1.90002952
v -0.0315 5.77339793 1.90002952
v 0.75889763 5.7723929 -3.19014202
v 0.0315 5.7723929 -3.19014202
v 0.79039761 5.75011922 -3.19936833
v 0.79039761 5.79466706 -3.24391593
v 0.0315 5.77339741 -1.96303093
v 0.75889763 5.77339741 -1.96303093
v 0.79039761 5.74189718 -1.93153094
v 0.79039761 5.80489715 -1.93153095
v 0.75889763 5.77339742 -1.90003096
v 0.0315 5.77339742 -1.90003096
v 0.0315 5.77339758 -0.67534409
v 0.75889763 5.77339758 -0.67534409
v 0.79039761 5.74189735 -0.6438441
v 0.79039761 5.80489732 -0.64384411
v 0.75889763 5.77339759 -0.61234412
v 0.0315 5.77339759 -0.61234412
v 0.0315 5.77339775 0.61234269
v 0.75889763 5.77339775 0.61234269
v 0.79039761 5.74189753 0.64384267
v 0.79039761 5.80489749 0.64384267
v 0.75889763 5.77339776 0.67534265
v 0.0315 5.77339776 0.67534265
v 0.0315 5.77339793 1.90002952
v 0.75889763 5.77339793 1.90002952
v 1.5513947 5.7723929 -3.19014202
v 0.82189759 5.7723929 -3.19014202
v 1.58289468 5.75011922 -3.19936833
v 1.58289468 5.79466706 -3.24391593
v 0.82189759 5.77339741 -1.96303093
v 1.5513947 5.77339741 -1.96303093
v 1.58289468 5.74189718 -1.93153094
v 1.58289468 5.80489715 -1.93153095
v 1.5513947 5.77339742 -1.90003096
v 0.82189759 5.77339742 -1.90003096
v 0.82189759 5.77339758 -0.67534409
v 1.5513947 5.77339758 -0.67534409
v 1.58289468 5.74189735 -0.6438441
v 1.58289468 5.80489732 -0.64384411
v 1.5513947 5.77339759 -0.61234412
v 0.82189759 5.77339759 -0.61234412
v 0.82189759 5.77339775 0.61234269
v 1.5513947 5.77339775 0.61234269
v 1.58289468 5.74189753 0.64384267
v 1.58289468 5.80489749 0.64384267
v 1.5513947 5.77339776 0.67534265
v 0.82189759 5.77339776 0.67534265
v 0.82189759 5.77339793 1.90002952
v 1.5513947 5.77339793 1.90002952
v 4.09633776 5.7723929 -3.19014202
v 2.7922539 5.7723929 -3.19014202
v 2.76075392 5.75011922 -3.19936833
v 4.12783774 5.75011922 -3.19936833
v 4.12783774 5.79466706 -3.24391593
v 2.76075392 5.79466706 -3.24391593
v 2.7922539 5.77339741 -1.96303093
v 2.76075392 5.74189718 -1.93153094
v 2.76075392 5.80489715 -1.93153095
v 4.09633776 5.77339741 -1.96303093
v 4.12783774 5.74189718 -1.93153094
v 4.12783774 5.80489715 -1.93153095
v 4.09633776 5.77339742 -1.90003096
v 2.7922539 5.77339742 -1.90003096
v 2.7922539 5.77339758 -0.67534409
v 2.76075392 5.74189735 -0.6438441
v 2.76075392 5.80489732 -0.64384411
v 4.09633776 5.77339758 -0.67534409
v 4.12783774 5.74189735 -0.6438441
v 4.12783774 5.80489732 -0.64384411
v 4.09633776 5.77339759 -0.61234412
v 2.7922539 5.77339759 -0.61234412
v 2.7922539 5.77339775 0.61234269
v 2.76075392 5.74189753 0.64384267
v 2.76075392 5.80489749 0.64384267
v 4.09633776 5.77339775 0.61234269
v 4.12783774 5.74189753 0.64384267
v 4.12783774 5.80489749 0.64384267
v 4.09633776 5.77339776 0.67534265
v 2.7922539 5.77339776 0.67534265
v 2.7922539 5.77339793 1.90002952
v 4.09633776 5.77339793 1.90002952
v 5.47426318 5.77194795 -3.18969707
v 4.15933772 5.7723929 -3.19014202
v 4.15933772 5.77339741 -1.96303093
v 5.47470813 5.77239306 -1.96303093
v 5.4839337 5.75011939 -1.93153094
v 5.52848202 5.79466723 -1.93153095
v 5.47470813 5.77239307 -1.90003096
v 4.15933772 5.77339742 -1.90003096
v 4.15933772 5.77339758 -0.67534409
v 5.47470813 5.77239323 -0.67534409
v 5.4839337 5.75011957 -0.6438441
v 5.52848202 5.7946674 -0.64384411
v 5.47470813 5.77239324 -0.61234412
v 4.15933772 5.77339759 -0.61234412
v 4.15933772 5.77339775 0.61234269
v 5.47470813 5.77239341 0.61234269
v 5.4839337 5.75011974 0.64384267
v 5.52848202 5.79466758 0.64384267
v 5.47470813 5.77239342 0.67534265
v 4.15933772 5.77339776 0.67534265
v 4.15933772 5.77339793 1.90002952
v 5.47470813 5.77239358 1.90002952
v -4.15933772 5.7723929 -3.19014202
v -5.47426318 5.77194795 -3.18969707
v -5.48757617 5.7537617 -3.20301081
v -5.52394965 5.79013468 -3.2393838
v -5.47470813 5.77239306 -1.96303093
v -5.4839337 5.75011939 -1.93153094
v -5.52848202 5.79466723 -1.93153095
v -4.15933772 5.77339741 -1.96303093
v -4.15933772 5.77339742 -1.90003096
v -5.47470813 5.77239307 -1.90003096
v -5.47470813 5.77239323 -0.67534409
v -5.4839337 5.75011957 -0.6438441
v -5.52848202 5.7946674 -0.64384411
v -4.15933772 5.77339758 -0.67534409
v -4.15933772 5.77339759 -0.61234412
v -5.47470813 5.77239324 -0.61234412
v -5.47470813 5.77239341 0.61234269
v -5.4839337 5.75011974 0.64384267
v -5.52848202 5.79466758 0.64384267
v -4.15933772 5.77339775 0.61234269
v -4.15933772 5.77339776 0.67534265
v -5.47470813 5.77239342 0.67534265
v -5.47470813 5.77239358 1.90002952
v -4.15933772 5.77339793 1.90002952
v 5.50620786 5.09809549 -3.19014193
v 5.50576291 5.74044821 -3.18969707
v 5.50620786 5.74089333 -1.96303092
v 5.50721221 5.09809566 -1.96303084
v 5.50721221 5.09809567 -1.90003087
v 5.50620786 5.74089333 -1.90003095
v 5.50620786 5.7408935 -0.67534408
v 5.50721221 5.09809583 -0.675344
v 5.50721221 5.09809584 -0.61234403
v 5.50620786 5.74089351 -0.61234412
v 5.50620786 5.74089367 0.61234269
v 5.50721221 5.098096 0.61234278
v 5.50721221 5.09809601 0.67534274
v 5.50620786 5.74089368 0.67534266
v 5.50620786 5.74089384 1.90002953
v 5.50721221 5.09809618 1.90002961
v -5.50620786 5.09809635 3.19014068
v -5.50576291 5.74044907 3.18969564
v -5.48757617 5.75376256 3.20300938
v -5.52394965 5.79013555 3.23938236
v -5.50620786 5.74089385 1.96302949
v -5.4839337 5.75011991 1.93152951
v -5.52848202 5.79466775 1.9315295
v -5.50721221 5.09809619 1.96302958
v -5.50721221 5.09809618 1.90002961
v -5.50620786 5.74089384 1.90002953
v -5.50620786 5.74089368 0.67534266
v -5.4839337 5.75011974 0.64384267
v -5.52848202 5.79466758 0.64384267
v -5.50721221 5.09809601 0.67534274
v -5.50721221 5.098096 0.61234278
v -5.50620786 5.74089367 0.61234269
v -5.50620786 5.74089351 -0.61234412
v -5.4839337 5.75011957 -0.6438441
v -5.52848202 5.7946674 -0.64384411
v -5.50721221 5.09809584 -0.61234403
v -5.50721221 5.09809583 -0.675344
v -5.50620786 5.7408935 -0.67534408
v -5.50620786 5.74089333 -1.90003095
v -5.50721221 5.09809567 -1.90003087
v 2.72925369 5.77339776 0.67534265
v 1.61439466 5.77339776 0.67534265
v 1.61439466 5.77339793 1.90002952
v 2.72925369 5.77339793 1.90002952
v 2.72925369 5.77339759 -0.61234412
v 1.61439466 5.77339759 -0.61234412
v 1.61439466 5.77339775 0.61234269
v 2.72925369 5.77339775 0.61234269
v 2.72925369 5.77339742 -1.90003096
v 1.61439466 5.77339742 -1.90003096
v 1.61439466 5.77339758 -0.67534409
v 2.72925369 5.77339758 -0.67534409
v 2.72925369 5.7723929 -3.19014202
v 1.61439466 5.7723929 -3.19014202
v 1.61439466 5.77339741 -1.96303093
v 2.72925369 5.77339741 -1.96303093
v 2.72925369 4.39472252 3.22264486
v 2.72925369 5.03509589 3.22264477
v 1.61439466 5.03509589 3.22264477
v 1.61439466 4.39472252 3.22264486
v 2.72925369 3.69134868 3.22264495
v 2.72925369 4.3317223 3.22264486
v 1.61439466 4.3317223 3.22264486
v 1.61439466 3.69134868 3.22264495
v 2.72925369 2.98797534 3.22264504
v 2.72925369 3.62834871 3.22264496
v 1.61439466 3.62834871 3.22264496
v 1.61439466 2.98797534 3.22264504
v 2.72925369 2.34724333 3.22264513
v 2.72925369 2.92497537 3.22264505
v 1.61439466 2.92497537 3.22264505
v 1.61439466 2.34724333 3.22264513
v 2.72925369 1.42153025 3.22264526
v 2.72925369 2.28424324 3.22264514
v 1.61439466 2.28424324 3.22264514
v 1.61439466 1.42153025 3.22264526
v 2.72925369 0.87785481 3.22264533
v 2.72925369 1.35853028 3.22264526
v 1.61439466 1.35853028 3.22264526
v 1.61439466 0.87785481 3.22264533
v 0.82189759 4.39472165 -3.22264592
v 0.82189759 5.03509503 -3.22264601
v 1.5513947 5.03509503 -3.22264601
v 1.5513947 4.39472165 -3.22264592
v 0.82189759 3.69134781 -3.22264583
v 0.82189759 4.33172144 -3.22264591
v 1.5513947 4.33172144 -3.22264591
v 1.5513947 3.69134781 -3.22264583
v 0.82189759 2.98797447 -3.22264573
v 0.82189759 3.62834785 -3.22264582
v 1.5513947 3.62834785 -3.22264582
v 1.5513947 2.98797447 -3.22264573
v 0.82189759 2.34724247 -3.22264565
v 0.82189759 2.9249745 -3.22264572
v 1.5513947 2.9249745 -3.22264572
v 1.5513947 2.34724247 -3.22264565
v 0.82189759 1.42152938 -3.22264552
v 0.82189759 2.28424238 -3.22264564
v 1.5513947 2.28424238 -3.22264564
v 1.5513947 1.42152938 -3.22264552
v 0.82189759 0.87785394 -3.22264545
v 0.82189759 1.35852941 -3.22264551
v 1.5513947 1.35852941 -3.22264551
v 1.5513947 0.87785394 -3.22264545
v 0.82189759 5.09809549 -3.22264602
v 0.82189759 5.74089316 -3.22164225
v 1.5513947 5.74089316 -3.22164225
v 1.5513947 5.09809549 -3.22264602
v 2.72925369 5.09809635 3.22264476
v 2.72925369 5.74089402 3.22164082
v 1.61439466 5.74089402 3.22164082
v 1.61439466 5.09809635 3.22264476
v 2.72925369 5.77339793 1.96302949
v 1.61439466 5.77339793 1.96302949
v 1.61439466 5.77239375 3.19014059
v 2.72925369 5.77239375 3.19014059
v -0.82189759 5.77339776 0.67534265
v -1.5513947 5.77339776 0.67534265
v -1.5513947 5.77339793 1.90002952
v -0.82189759 5.77339793 1.90002952
v -0.82189759 5.77339759 -0.61234412
v -1.5513947 5.77339759 -0.61234412
v -1.5513947 5.77339775 0.61234269
v -0.82189759 5.77339775 0.61234269
v -0.82189759 5.77339742 -1.90003096
v -1.5513947 5.77339742 -1.90003096
v -1.5513947 5.77339758 -0.67534409
v -0.82189759 5.77339758 -0.67534409
v -0.82189759 5.7723929 -3.19014202
v -1.5513947 5.7723929 -3.19014202
v -1.5513947 5.77339741 -1.96303093
v -0.82189759 5.77339741 -1.96303093
v -0.82189759 4.39472252 3.22264486
v -0.82189759 5.03509589 3.22264477
v -1.5513947 5.03509589 3.22264477
v -1.5513947 4.39472252 3.22264486
v -0.82189759 3.69134868 3.22264495
v -0.82189759 4.3317223 3.22264486
v -1.5513947 4.3317223 3.22264486
v -1.5513947 3.69134868 3.22264495
v -0.82189759 2.98797534 3.22264504
v -0.82189759 3.62834871 3.22264496
v -1.5513947 3.62834871 3.22264496
v -1.5513947 2.98797534 3.22264504
v -0.82189759 2.34724333 3.22264513
v -0.82189759 2.92497537 3.22264505
v -1.5513947 2.92497537 3.22264505
v -1.5513947 2.34724333 3.22264513
v -0.82189759 1.42153025 3.22264526
v -0.82189759 2.28424324 3.22264514
v -0.79039761 1.39003026 3.19114528
v -0.79039761 1.39003027 3.25414549
v -1.5513947 2.28424324 3.22264514
v -1.5513947 1.42153025 3.22264526
v -0.82189759 0.87785481 3.22264533
v -0.82189759 1.35853028 3.22264526
v -0.79039761 0.84635482 3.19114535
v -0.79039761 0.84635483 3.25414556
v -1.5513947 1.35853028 3.22264526
v -1.5513947 0.87785481 3.22264533
v -2.72925369 4.39472165 -3.22264592
v -2.72925369 5.03509503 -3.22264601
v -1.61439466 5.03509503 -3.22264601
v -1.61439466 4.39472165 -3.22264592
v -2.72925369 3.69134781 -3.22264583
v -2.72925369 4.33172144 -3.22264591
v -1.61439466 4.33172144 -3.22264591
v -1.61439466 3.69134781 -3.22264583
v -2.72925369 2.98797447 -3.22264573
v -2.72925369 3.62834785 -3.22264582
v -1.61439466 3.62834785 -3.22264582
v -1.61439466 2.98797447 -3.22264573
v -2.72925369 2.34724247 -3.22264565
v -2.72925369 2.9249745 -3.22264572
v -1.61439466 2.9249745 -3.22264572
v -1.61439466 2.34724247 -3.22264565
v -2.72925369 1.42152938 -3.22264552
v -2.72925369 2.28424238 -3.22264564
v -1.61439466 2.28424238 -3.22264564
v -1.61439466 1.42152938 -3.22264552
v -2.72925369 0.87785394 -3.22264545
v -2.72925369 1.35852941 -3.22264551
v -1.61439466 1.35852941 -3.22264551
v -1.61439466 0.87785394 -3.22264545
v -2.72925369 5.09809549 -3.22264602
v -2.72925369 5.74089316 -3.22164225
v -1.61439466 5.74089316 -3.22164225
v -1.61439466 5.09809549 -3.22264602
v -0.82189759 5.09809635 3.22264476
v -0.82189759 5.74089402 3.22164082
v -1.5513947 5.74089402 3.22164082
v -1.5513947 5.09809635 3.22264476
v -0.82189759 5.77339793 1.96302949
v -1.5513947 5.77339793 1.96302949
v -1.5513947 5.77239375 3.19014059
v -0.82189759 5.77239375 3.19014059
vn 0.0471 -0.0053 0.99888
vn 0.0794 0.0512 0.99553
vn 0.0973 0.0617 0.99334
vn 0.0578 0.0685 0.99598
vn -0.0163 0.1038 0.99446
vn 0.0046 0.0766 0.99705
vn 0.0282 0.0147 0.99949
vn 0.0985 -0.0131 0.99505
vn 0.0509 -0.0092 0.99866
vn -0.0922 0.1276 0.98753
vn -0.0754 0.1173 0.99023
vn -0.0145 0.1301 0.99139
vn -0.0083 0.1547 0.98793
vn 0.0031 0.1133 0.99356
vn -0.0417 0.0728 0.99647
vn 0.0886 0.1327 0.98719
vn 0.0858 0.1574 0.9838
vn 0.0727 0.15169 0.98575
vn 0.0692 0.1284 0.98931
vn 0.0382 0.0354 0.99864
vn 0.0665 0.0947 0.99328
vn -0.0139 0.17559 0.98436
vn -0.0179 0.0919 0.99561
vn -0.0844 0.1713 0.9816
vn -0.0928 0.0764 0.99275
vn -0.0844 -0.0177 0.99627
vn -0.0373 -0.0149 0.99919
vn -0.0864 0.1389 0.98653
vn -0.0845 0.1012 0.99127
vn -0.0059 0.1453 0.98937
vn 0.0288 0.1583 0.98697
vn 0.0509 0.0525 0.99732
vn -0.0554 0.0231 0.9982
vn 0.0563 0.20931 0.97623
vn 0.0884 0.2043 0.97491
vn 0.0103 0.20859 0.97795
vn -0.0419 0.1725 0.98412
vn -0.0721 0.0017 0.9974
vn 0.0851 0.0311 0.99589
vn 0.1089 -0.0508 0.99275
vn 0.0514 -0.0743 0.99591
vn 0.0585 -0.008 0.99826
vn 0.0762 0.0507 0.9958
vn 0.1191 0.0445 0.99188
vn 0.065 0.0263 0.99754
vn -0.0098 0.0412 0.9991
vn -0.0011 0.0483 0.99883
vn -0.0331 0.0046 0.99944
vn 0.0002 0.0496 0.99877
vn 0.0262 -0.0113 0.99959
vn 0.0006 -0.0865 0.99625
vn -0.0318 -0.1785 0.98343
vn -0.0346 -0.0953 0.99485
vn -0.0445 -0.1135 0.99254
vn -0.0591 -0.0804 0.99501
vn -0.0123 -0.0989 0.99502
vn -0.0258 -0.17589 0.98407
vn -0.0276 -0.0298 0.99917
vn 0.038 -0.033 0.99873
vn 0.0239 0.0274 0.99934
vn 0.0067 -0.0105 0.99992
vn 0.0492 -0.097 0.99407
vn -0.0607 -0.1069 0.99242
vn -0.0314 0.0144 0.9994
vn 0.0162 0.0102 0.99982
vn 0.1056 0.1091 0.98841
vn 0.0782 0.12669 0.98885
vn 0.0617 0.0566 0.99649
vn 0.0207 -0.0894 0.99578
vn 0.0649 -0.0007 0.99789
vn 0.0718 0.065 0.9953
vn -0.0169 0.0049 0.99985
vn -0.0782 -0.0577 0.99527
vn -0.0939 -0.15929 0.98276
vn -0.0409 -0.1496 0.9879
vn -0.0928 -0.13611 0.98634
vn -0.0493 -0.18161 0.98213
vn -0.0352 -0.0631 0.99739
vn -0.0998 -0.1223 0.98746
vn 0.0119 -0.1513 0.98842
vn 0.0478 -0.0632 0.99686
vn 0.0869 0.0281 0.99582
vn 0.0467 -0.01 0.99886
vn 0.0546 0.0336 0.99794
vn 0.0392 0.1046 0.99374
vn 0.0568 0.0634 0.99637
vn 0.0851 0.0516 0.99504
vn 0.0117 0.14031 0.99004
vn -0.0178 0.1509 0.98839
vn -0.013 0.0794 0.99676
vn 0.019 0.0692 0.99742
vn 0.0052 -0.0888 0.99604
vn 0.0368 0.009 0.99928
vn -0.0275 -0.1825 0.98282
vn -0.0638 -0.0421 0.99707
vn -0.0581 0.0308 0.99784
vn -0.0106 0.1225 0.99241
vn -0.0503 -0.21839 0.97456
vn -0.0579 -0.1656 0.98449
vn -0.003 0.0214 0.99977
vn -0.0379 -0.042 0.9984
vn -0.0385 -0.0365 0.99859
vn 0.0127 0.0934 0.99555
vn 0.0621 0.18471 0.98083
vn 0.0325 0.1085 0.99357
vn 0.0635 0.15189 0.98636
vn 0.0812 0.1357 0.98742
vn 0.0516 0.2087 0.97662
vn 0.0717 0.2247 0.97179
vn 0.0672 0.0737 0.99501
vn 0.0334 -0.0095 0.9994
vn -0.0356 -0.0065 0.99934
vn 0.0099 0.1265 0.99192
vn 0.0039 -0.0819 0.99663
vn -0.0018 -0.0985 0.99514
vn -0.0031 -0.21171 0.97733
vn -0.0477 -0.14 0.989
vn -0.1089 0.1604 0.98103
vn -0.05 0.22509 0.97305
vn -0.0764 0.1221 0.98957
vn -0.0723 0.0832 0.99391
vn -0.1417 0.0901 0.9858
vn -0.0804 0.1298 0.98828
vn -0.0085 0.1495 0.98872
vn 0.0277 0.1884 0.9817
vn 0.0304 0.131 0.99092
vn 0.0221 0.1154 0.99307
vn 0.0496 0.18409 0.98166
vn 0.0811 0.169 0.98227
vn 0.0729 0.0436 0.99639
vn 0.0221 0.0924 0.99548
vn 0.0866 0.1836 0.97918
vn 0.0323 0.19211 0.98084
vn 0.0326 0.0561 0.99789
vn 0.1033 0.0383 0.99391
vn -0.0504 0.1419 0.9886
vn -0.1134 0.0382 0.99281
vn -0.1436 0.0646 0.98752
vn -0.0777 0.061 0.99511
vn -0.1133 -0.0744 0.99077
vn -0.0308 -0.1585 0.98688
vn -0.0558 0.0815 0.99511
vn -0.13651 0.0819 0.98725
vn -0.14509 -0.0814 0.98606
vn -0.1007 -0.081 0.99161
vn -0.0553 -0.0509 0.99717
vn -0.0225 -0.1248 0.99193
vn -0.1062 -0.20811 0.97232
vn -0.0975 -0.2675 0.95861
vn 0.0421 -0.0199 0.99892
vn 0.0238 -0.0142 0.99962
vn 0.0228 -0.0733 0.99705
vn 0.0521 -0.0831 0.99518
vn -0.008 -0.0385 0.99923
vn 0.053 -0.075 0.99577
vn 0.0324 -0.0773 0.99648
vn -0.0162 -0.0647 0.99777
vn 0.1057 -0.0982 0.98954
vn 0.0438 -0.092 0.9948
vn 0.0548 -0.1421 0.98833
vn 0.0863 -0.1215 0.98883
vn -0.059 -0.0447 0.99726
vn -0.1063 0.0497 0.99309
vn -0.049 -0.0094 0.99875
vn -0.0133 -0.0927 0.99561
vn -0.0944 0.16739 0.98136
vn -0.0472 0.24859 0.96746
vn -0.0122 0.11881 0.99284
vn -0.0448 0.0571 0.99736
vn -0.0721 -0.1605 0.9844
vn -0.0812 -0.163 0.98328
vn -0.0628 -0.17351 0.98283
vn -0.096 -0.1661 0.98142
vn -0.0366 -0.1198 0.99212
vn 0.0064 -0.11501 0.99334
vn -0.0504 -0.0377 0.99802
vn -0.1107 -0.0442 0.99287
vn -0.0155 -0.0709 0.99736
vn 0.0291 -0.0145 0.99947
vn -0.0719 -0.0292 0.99698
vn -0.0444 0.0676 0.99672
vn -0.1014 0.0095 0.9948
vn -0.0925 0.0906 0.99158
vn -0.0141 0.0439 0.99894
vn -0.0094 0.0796 0.99678
vn 0.0693 0.0679 0.99528
vn 0.0803 0.0827 0.99333
vn 0.0284 0.0767 0.99665
vn 0.0466 0.1247 0.9911
vn -0.0406 0.0637 0.99714
vn -0.0337 0.17811 0.98343
vn -0.0294 0.0231 0.9993
vn -0.0604 0.17431 0.98284
vn -0.0014 -0.0306 0.99953
vn -0.0461 0.0978 0.99414
vn -0.0267 -0.0539 0.99819
vn -0.0228 0.0509 0.99844
vn -0.0343 -0.0253 0.99909
vn 0.0068 0.0996 0.995
vn 0.0475 0.0077 0.99884
vn 0.0441 0.1309 0.99041
vn 0.15011 -0.008 0.98864
vn 0.0754 0.0108 0.99709
vn 0.18921 -0.0314 0.98144
vn 0.0873 -0.0961 0.99154
vn -0.1105 -0.1348 0.98469
vn -0.0751 0.0171 0.99703
vn -0.22311 0.0174 0.97464
vn -0.2926 -0.091 0.9519
vn -0.34261 0.0352 0.93882
vn -0.2705 0.0154 0.9626
vn -0.19381 0.0423 0.98013
vn -0.24499 0.1579 0.95658
vn -0.1024 0.1839 0.9776
vn -0.0832 0.1101 0.99043
vn -0.0404 0.151 0.98771
vn -0.0484 0.15 0.9875
vn -0.0405 0.1138 0.99268
vn -0.0335 0.1004 0.99438
vn 0.0051 -0.0339 0.99941
vn 0.0085 0.0191 0.99978
vn 0.0773 -0.1568 0.9846
vn 0.0551 -0.19149 0.97995
vn 0.0659 -0.20439 0.97667
vn 0.1027 -0.2185 0.97042
vn 0.0705 -0.0088 0.99747
vn 0.0354 0.0315 0.99888
vn 0.0007 0.25339 0.96736
vn 0.0187 0.2355 0.97169
vn 0.0313 0.26021 0.96504
vn 0.0209 0.2076 0.97799
vn 0.1155 0.0191 0.99312
vn 0.0264 -0.1233 0.99202
vn 0.1215 0.1478 0.98152
vn 0.21261 0.0398 0.97633
vn 0.1697 -0.0958 0.98083
vn 0.0411 -0.2215 0.97429
vn -0.0507 -0.1156 0.992
vn -0.0297 -0.072 0.99696
vn -0.0716 -0.184 0.98031
vn -0.0339 -0.0958 0.99482
vn 0.0323 -0.0995 0.99451
vn 0.058 -0.1324 0.9895
vn 0.0527 -0.0995 0.99364
vn 0.0569 -0.1251 0.99051
vn 0.0447 -0.0863 0.99527
vn 0.0125 -0.0242 0.99963
vn 0.0186 -0.0692 0.99743
vn 0.0026 -0.0007 1
vn 0.0004 -0.031 0.99952
vn 0.0331 -0.0687 0.99709
vn 0.0143 -0.0146 0.99979
vn 0.0411 -0.063 0.99717
vn 0.0589 -0.0879 0.99439
vn 0.0281 -0.1444 0.98912
vn 0.0622 -0.0862 0.99433
vn 0.0577 -0.1485 0.98723
vn -0.0272 -0.27231 0.96183
vn -0.0639 -0.38049 0.92257
vn 0.0208 -0.293 0.95589
vn -0.0396 -0.4158 0.90859
vn 0.0015 -0.14001 0.99015
vn -0.0413 -0.24271 0.96922
vn -0.0781 -0.3886 0.91809
vn -0.0728 -0.3086 0.9484
vn -0.0914 -0.43551 0.89553
vn -0.1074 -0.36721 0.92392
vn 0.0956 0.17491 0.97993
vn 0.0323 0.1647 0.98581
vn 0.0032 -0.0309 0.99952
vn 0.0694 0.0571 0.99595
vn 0.0136 0.1156 0.9932
vn 0.028 0.16039 0.98666
vn 0.0338 0.2432 0.96939
vn 0.0667 0.18879 0.97975
vn -0.0412 0.0587 0.99743
vn 0.0327 0.0757 0.99659
vn 0.0327 0.0593 0.9977
vn -0.0243 0.0474 0.99858
vn -0.0564 -0.0411 0.99756
vn -0.0195 -0.0124 0.99973
vn 0.0106 0.0913 0.99577
vn -0.0496 0.0567 0.99716
vn -0.0809 -0.0222 0.99648
vn -0.0417 -0.0032 0.99913
vn -0.037 -0.0893 0.99532
vn -0.0644 -0.1056 0.99232
vn -0.0437 0.0711 0.99651
vn -0.1017 0.0497 0.99357
vn 0.0193 -0.0649 0.99771
vn 0.0346 -0.0468 0.9983
vn 0.0571 -0.007 0.99834
vn 0.0319 -0.0496 0.99826
vn -0.0096 -0.0265 0.9996
vn 0.0218 0.0655 0.99761
vn 0.0661 0.0165 0.99768
vn 0.0817 -0.0299 0.99621
vn 0.0518 -0.0645 0.99657
vn -0.0481 -0.0166 0.9987
vn -0.0304 0.1387 0.98987
vn -0.0186 -0.0445 0.99884
vn -0.0469 0.1466 0.98808
vn -0.054 0.14159 0.98845
vn 0.0119 0.0907 0.99581
vn 0.029 -0.1034 0.99422
vn -0.0213 0.0702 0.99731
vn 0.0342 -0.121 0.99206
vn 0.0328 -0.0028 0.99946
vn 0.0096 0.0793 0.9968
vn -0.0681 0.1265 0.98963
vn 0.0009 -0.0399 0.9992
vn 0.0626 0.0188 0.99786
vn -0.0412 0.0976 0.99437
vn 0.0316 0.1118 0.99323
vn 0.0708 0.0729 0.99482
vn 0.0858 0.058 0.99462
vn -0.0303 0.2007 0.97918
vn 0.0044 0.1889 0.98199
vn 0.0645 0.2145 0.97459
vn 0.0388 0.1884 0.98132
vn 0.0083 0.0677 0.99767
vn 0.0216 0.0908 0.99563
vn 0.12269 0.14119 0.98235
vn 0.0602 0.1107 0.99203
vn 0.0383 0.041 0.99842
vn -0.0038 0.0316 0.99949
vn -0.028 -0.0623 0.99766
vn 0.0041 -0.0034 0.99999
vn 0.0808 -0.074 0.99398
vn 0.0735 -0.0761 0.99439
vn 0.0853 -0.0877 0.99249
vn 0.0736 -0.128 0.98904
vn 0.0563 -0.0807 0.99515
vn 0.0787 -0.0452 0.99587
vn 0.053 -0.0574 0.99694
vn -0.0307 0.0028 0.99952
vn -0.0049 -0.1354 0.99078
vn 0.0694 -0.1482 0.98652
vn -0.0759 0.0473 0.99599
vn -0.0086 0.052 0.99861
vn -0.0125 -0.0925 0.99563
vn -0.0598 -0.1084 0.99231
vn 0.0737 0.0209 0.99706
vn 0.0675 -0.0212 0.99749
vn 0.0414 -0.14299 0.98886
vn 0.0523 -0.10451 0.99315
vn 0.0164 -0.0543 0.99839
vn -0.0156 -0.0815 0.99655
vn -0.0122 -0.1767 0.98419
vn 0.0002 -0.18109 0.98347
vn -0.029 -0.1088 0.99364
vn -0.0389 -0.12541 0.99134
vn -0.0295 -0.0567 0.99796
vn -0.0129 -0.1175 0.99299
vn 0.0228 -0.0243 0.99944
vn 0.0529 0.0429 0.99768
vn 0.0463 -0.0818 0.99557
vn 0.0174 0.0344 0.99926
vn -0.0128 0.0879 0.99605
vn 0.0049 0.163 0.98661
vn 0.0578 -0.1287 0.99
vn 0.0006 -0.1525 0.9883
vn 0.01 0.0128 0.99987
vn 0.0413 0.0025 0.99914
vn -0.0458 -0.14709 0.98806
vn -0.0072 -0.1312 0.99133
vn -0.0005 0.0999 0.995
vn -0.0223 0.064 0.9977
vn 0.0402 -0.1307 0.99061
vn 0.0173 -0.15321 0.98804
vn -0.0027 0.041 0.99916
vn 0.0228 0.0819 0.99638
vn -0.0114 -0.1743 0.98463
vn 0.0212 -0.14261 0.98955
vn 0.0488 0.0411 0.99796
vn -0.0124 0.0271 0.99956
vn 0.047 -0.0449 0.99789
vn -0.0021 0.0439 0.99903
vn 0.0117 0.0591 0.99818
vn 0.0854 0.0571 0.99471
vn -0.036 0.1488 0.98821
vn -0.0329 0.1761 0.98382
vn 0.0005 0.1339 0.99099
vn 0.0096 0.1435 0.9896
vn -0.0165 0.0792 0.99672
vn -0.0194 -0.0069 0.99979
vn 0.0407 0.1367 0.98978
vn 0.0458 0.1869 0.98131
vn 0.085 0.2025 0.97559
vn 0.0501 0.17179 0.98386
vn 0.0266 0.276 0.96079
vn 0.0034 0.3244 0.94591
vn 0.0039 0.28549 0.95837
vn 0.0766 0.25629 0.96356
vn -0.0172 0.2862 0.95801
vn -0.0282 0.22071 0.97493
vn -0.0665 0.17869 0.98166
vn -0.0658 0.25019 0.96596
vn -0.0113 0.1932 0.98109
vn 0.0384 0.164 0.98571
vn -0.0005 0.0486 0.99882
vn -0.029 0.1145 0.993
vn 0.057 0.0835 0.99488
vn -0.003 0.0082 0.99996
vn -0.0093 -0.0504 0.99869
vn 0.0054 -0.0258 0.99965
vn 0.0509 0.0027 0.9987
vn 0.0529 -0.1498 0.9873
vn 0.0426 0.1098 0.99304
vn 0.072 0.0854 0.99374
vn 0.1118 0.0358 0.99309
vn 0.1271 -0.0425 0.99098
vn 0.0533 0.1414 0.98852
vn 0.094 0.127 0.98744
vn 0.0697 0.0584 0.99586
vn 0.0488 0.0955 0.99423
vn 0.0942 0.1089 0.98958
vn -0.0007 0.0953 0.99545
vn -0.0171 -0.0775 0.99685
vn 0.0673 -0.0149 0.99762
vn -0.0999 0.0709 0.99247
vn -0.1093 0.0197 0.99381
vn -0.1302 -0.1035 0.98607
vn -0.11 -0.099 0.98899
vn -0.0674 -0.053 0.99632
vn -0.0329 -0.1088 0.99352
vn -0.0288 -0.0921 0.99533
vn -0.0918 -0.11211 0.98945
vn -0.0049 -0.1082 0.99412
vn 0.0275 -0.0384 0.99888
vn 0.0839 0.0811 0.99317
vn 0.0359 -0.0165 0.99922
vn 0.1186 0.0516 0.9916
vn 0.14751 0.0809 0.98575
vn 0.0801 0.0285 0.99638
vn 0.0827 -0.0956 0.99198
vn 0.0918 -0.0771 0.99279
vn 0.1297 -0.029 0.99113
vn 0.0493 0.032 0.99827
vn 0.0374 0.014 0.9992
vn 0.0285 -0.0113 0.99953
vn 0.0726 -0.0542 0.99589
vn 0.0122 -0.0638 0.99789
vn -0.0512 -0.15341 0.98684
vn -0.1012 -0.1165 0.98802
vn -0.0384 -0.0358 0.99862
vn -0.1094 -0.1892 0.97582
vn -0.1157 -0.16329 0.97977
vn -0.0795 -0.1741 0.98151
vn -0.1228 -0.18501 0.97503
vn -0.0679 -0.0918 0.99346
vn 0.0181 0.0105 0.99978
vn 0.0841 0.0689 0.99407
vn 0.0031 -0.0645 0.99791
vn 0.0926 0.1139 0.98917
vn 0.1142 0.1678 0.97918
vn 0.0962 0.0959 0.99073
vn 0.1229 0.1306 0.98379
vn -0.0882 -0.1581 0.98348
vn -0.0659 -0.1399 0.98797
vn -0.0403 -0.1269 0.9911
vn -0.06 -0.1518 0.98659
vn -0.0092 -0.1017 0.99477
vn 0.0084 -0.0919 0.99573
vn -0.0214 -0.0805 0.99652
vn -0.0382 -0.0881 0.99538
vn 0.0283 -0.0673 0.99733
vn 0.0328 -0.0883 0.99555
vn 0.0064 -0.0523 0.99861
vn -0.0046 -0.1139 0.99348
vn -0.0143 -0.0628 0.99792
vn -0.0339 -0.15491 0.98735
vn 0.0208 -0.0797 0.9966
vn 0.007 -0.1933 0.98111
vn 0.0438 -0.0839 0.99551
vn 0.0456 -0.20659 0.97736
vn -0.0138 -0.0818 0.99655
vn 0.0057 -0.1723 0.98503
vn -0.1006 -0.0842 0.99136
vn -0.0703 -0.0848 0.99391
vn -0.1416 -0.0881 0.986
vn -0.1131 0.0237 0.9933
vn -0.0866 -0.0819 0.99287
vn -0.0668 0.1033 0.9924
vn 0.0717 -0.0567 0.99581
vn 0.0791 0.125 0.989
vn 0.18799 -0.0248 0.98186
vn 0.1752 0.0845 0.9809
vn 0.13621 -0.0327 0.99014
vn 0.0945 -0.0021 0.99552
vn 0.0083 -0.0981 0.99514
vn -0.0446 -0.0996 0.99403
vn -0.083 -0.024 0.99626
vn -0.0859 0.0183 0.99614
vn -0.0674 -0.0591 0.99597
vn -0.0521 -0.1215 0.99122
vn -0.0512 -0.0417 0.99782
vn -0.0598 0.0607 0.99636
vn -0.0673 0.0529 0.99633
vn -0.0574 0.0062 0.99833
vn -0.0134 0.0162 0.99978
vn 0.0564 0.0783 0.99533
vn 0.1066 0.15 0.98292
vn 0.0998 0.14109 0.98495
vn 0.0425 -0.0086 0.99906
vn -0.0382 -0.1807 0.9828
vn 0.0298 -0.0327 0.99902
vn -0.0813 -0.2458 0.9659
vn -0.0149 -0.0848 0.99629
vn 0.1022 0.0855 0.99108
vn 0.1412 0.0852 0.98631
vn 0.0779 0.0645 0.99487
vn 0.16391 0.0892 0.98243
vn 0.0992 -0.0462 0.99399
vn -0.0417 -0.16421 0.98554
vn 0.15011 -0.0404 0.98784
vn -0.0242 -0.15909 0.98697
vn -0.16449 -0.14299 0.97596
vn -0.15941 -0.0417 0.98633
vn -0.1913 -0.1259 0.97342
vn -0.1891 -0.0106 0.9819
vn -0.0608 0.0166 0.99801
vn 0.0595 -0.023 0.99796
vn -0.0632 0.0377 0.99729
vn 0.0853 -0.0265 0.996
vn 0.1266 -0.1276 0.98371
vn 0.1027 -0.21621 0.97093
vn 0.1611 -0.1549 0.97471
vn 0.1171 -0.2603 0.9584
vn 0.0705 -0.23769 0.96878
vn 0.1082 -0.21931 0.96964
vn 0.065 -0.29711 0.95263
vn 0.1006 -0.2924 0.95099
vn 0.1872 -0.0018 0.98232
vn 0.17159 -0.0056 0.98515
vn 0.1682 -0.2077 0.96362
vn 0.19029 -0.18749 0.96366
vn 0.1629 -0.2859 0.94431
vn 0.1895 -0.28561 0.93942
vn 0.1243 -0.1836 0.97511
vn 0.1256 -0.1382 0.98241
vn 0.1642 0.0762 0.98348
vn 0.1698 0.062 0.98353
vn -0.008 -0.1082 0.9941
vn -0.0116 -0.0791 0.9968
vn 0.0488 -0.29459 0.95438
vn 0.0469 -0.3597 0.93189
vn 0.0553 0.31688 0.94685
vn 0.0408 0.2628 0.96399
vn -0.0122 0.22209 0.97495
vn -0.0034 0.2494 0.96839
vn 0.1312 -0.0715 0.98877
vn 0.1162 -0.0551 0.9917
vn 0.1018 0.1205 0.98748
vn 0.12131 0.15871 0.97985
vn -0.0064 -0.1632 0.98657
vn 0.0102 -0.1245 0.99217
vn 0.069 -0.1533 0.98577
vn 0.0677 -0.21281 0.97475
vn -0.0151 -0.0666 0.99767
vn -0.034 -0.0699 0.99697
vn -0.15309 0.22799 0.96155
vn -0.0346 0.20829 0.97745
vn -0.0528 0.16041 0.98564
vn -0.1521 0.1597 0.97538
vn 0.1192 0.1816 0.97612
vn 0.0968 0.1151 0.98863
vn 0.0456 -0.0246 0.99866
vn -0.0788 0.0624 0.99494
vn -0.131 0.064 0.98931
vn 0.1858 0.1593 0.96959
vn 0.16451 0.0515 0.98503
vn 0.0795 0.1255 0.9889
vn 0.0546 0.0027 0.9985
vn 0.0424 -0.18011 0.98273
vn 0.11839 -0.13059 0.98434
vn -0.047 0.067 0.99665
vn -0.0688 -0.0191 0.99745
vn -0.0346 0.0263 0.99906
vn -0.0393 -0.0237 0.99895
vn -0.0194 -0.0745 0.99703
vn -0.0482 -0.14629 0.98807
vn 0.0386 0.0384 0.99852
vn 0.0431 -0.0361 0.99842
vn 0.0591 0.072 0.99565
vn 0.0495 -0.0789 0.99565
vn 0.008 -0.0841 0.99643
vn 0.0351 -0.042 0.9985
vn 0.0241 0.0821 0.99633
vn 0.0068 -0.1358 0.99071
vn -0.0334 0.0689 0.99706
vn -0.0271 -0.1413 0.9896
vn -0.0117 -0.20291 0.97913
vn -0.034 -0.16591 0.98555
vn -0.0508 0.0605 0.99687
vn -0.0199 -0.0689 0.99742
vn 0.0109 0.0831 0.99648
vn 0.0326 -0.0012 0.99947
vn 0.0333 -0.1439 0.98903
vn 0.0306 -0.16481 0.98585
vn -0.1081 -0.0356 0.9935
vn -0.0952 -0.0497 0.99422
vn -0.0211 -0.113 0.99337
vn -0.0513 -0.0407 0.99785
vn -0.104 -0.0724 0.99194
vn -0.0455 -0.14989 0.98765
vn 0.0617 -0.2107 0.9756
vn 0.0435 -0.25039 0.96717
vn 0.0422 -0.0747 0.99631
vn 0.0277 -0.0514 0.99829
vn 0.0053 -0.19631 0.98053
vn 0.0316 -0.0933 0.99514
vn 0.072 -0.0573 0.99576
vn 0.0396 -0.0789 0.9961
vn 0.0456 -0.0202 0.99876
vn -0.0265 -0.0192 0.99946
vn -0.0303 0.0089 0.9995
vn 0.068 -0.0222 0.99744
vn -0.0811 -0.0752 0.99387
vn -0.0217 -0.1331 0.99087
vn -0.0448 0.0005 0.999
vn -0.1034 0.0201 0.99444
vn 0.0438 -0.1658 0.98519
vn 0.0045 -0.21171 0.97732
vn -0.0321 -0.1017 0.9943
vn 0.0206 -0.0471 0.99868
vn -0.0456 -0.0141 0.99886
vn 0.0146 -0.1394 0.99013
vn -0.0201 0.109 0.99384
vn 0.0283 0.21021 0.97725
vn 0.0279 0.1263 0.9916
vn 0.0672 0.0367 0.99706
vn 0.0252 0.1696 0.98519
vn 0.021 0.15401 0.98785
vn -0.0116 0.20089 0.97955
vn 0.0272 0.2343 0.97178
vn 0.0169 0.0832 0.99639
vn 0.0605 0.0021 0.99817
vn 0.0069 0.0344 0.99938
vn -0.0342 0.1322 0.99063
vn 0.0735 -0.0437 0.99634
vn -0.0115 -0.0328 0.9994
vn -0.0081 -0.1379 0.99041
vn 0.0382 -0.0732 0.99659
vn -0.0868 0.0171 0.99608
vn -0.0511 0.0551 0.99717
vn -0.0252 -0.0682 0.99735
vn -0.0553 -0.128 0.99023
vn -0.0019 0.0536 0.99856
vn -0.041 0.0547 0.99766
vn -0.0051 0.0984 0.99513
vn 0.0158 0.0079 0.99984
vn 0.0613 0.1847 0.98088
vn 0.0893 0.17601 0.98033
vn 0.034 0.1662 0.98551
vn -0.0119 -0.0552 0.9984
vn 0.0417 0.0399 0.99833
vn 0.0801 0.1006 0.9917
vn 0.0008 0.1053 0.99444
vn -0.0406 0.0458 0.99813
vn -0.058 -0.2268 0.97221
vn -0.0523 -0.16361 0.98514
vn -0.0635 0.018 0.99782
vn -0.0473 -0.0263 0.99853
vn -0.0622 -0.1865 0.98048
vn -0.0531 -0.2162 0.9749
vn -0.0287 -0.1262 0.99159
vn -0.0393 -0.2262 0.97329
vn -0.0684 -0.21969 0.97317
vn -0.0743 -0.1944 0.9781
vn -0.0351 -0.2557 0.96612
vn 0.0237 -0.20359 0.97877
vn 0.0655 -0.18191 0.98113
vn -0.0234 -0.2174 0.9758
vn 0.0779 -0.0913 0.99277
vn 0.0652 0.046 0.99681
vn 0.1332 -0.0366 0.99041
vn 0.1372 -0.1215 0.98306
vn -0.0112 -0.115 0.9933
vn 0.0444 -0.0231 0.99875
vn -0.0771 -0.22051 0.97233
vn -0.1215 -0.1288 0.9842
vn -0.0611 -0.0827 0.9947
vn -0.0012 -0.0122 0.99992
vn -0.1042 -0.30841 0.94553
vn -0.0618 -0.34261 0.93744
vn -0.0524 -0.1164 0.99182
vn -0.1294 -0.139 0.9818
vn -0.0156 -0.3085 0.9511
vn -0.0294 -0.23119 0.97246
vn 0.0224 0.0059 0.99973
vn 0.0257 -0.0672 0.99741
vn -0.0626 -0.1502 0.98667
vn -0.0591 -0.0851 0.99462
vn -0.03 0.1501 0.98822
vn -0.0179 0.0882 0.99594
vn -0.0086 -0.0429 0.99904
vn 0.077 -0.0352 0.99641
vn 0.0579 0.1395 0.98853
vn -0.0026 0.16831 0.98573
vn 0.151 -0.0549 0.98701
vn 0.16729 -0.0572 0.98425
vn 0.16551 0.0387 0.98545
vn 0.1258 0.0835 0.98853
vn -0.0761 0.0206 0.99689
vn -0.0368 0.0369 0.99864
vn -0.1137 0.058 0.99182
vn -0.0658 0.12749 0.98965
vn -0.0507 0.0402 0.9979
vn -0.0481 -0.0003 0.99884
vn -0.1052 0.1286 0.9861
vn -0.025 0.1959 0.9803
vn 0.005 0.2789 0.96031
vn -0.0555 0.21821 0.97432
vn 0.0514 0.23781 0.96995
vn 0.0512 0.26179 0.96377
vn 0.0408 0.26371 0.96374
vn 0.0563 0.29301 0.95445
vn 0.0085 0.27561 0.96123
vn -0.024 0.2677 0.9632
vn -0.0595 0.11349 0.99176
vn -0.0136 0.1986 0.97999
vn -0.0202 0.2308 0.97279
vn 0.0303 0.1859 0.9821
vn 0.0229 0.0154 0.99962
vn -0.0544 0.0382 0.99779
vn 0.10019 0.15289 0.98315
vn 0.14721 0.1237 0.98134
vn 0.139 0.0799 0.98706
vn 0.1105 0.0512 0.99256
vn -0.224 0.34571 0.91121
vn -0.19051 0.32552 0.92615
vn -0.20739 0.30419 0.92976
vn -0.23531 0.30531 0.92272
vn -0.1133 0.281 0.953
vn -0.1311 0.2685 0.95432
vn -0.21831 0.22651 0.94923
vn -0.239 0.215 0.94692
vn 0.0033 0.22421 0.97454
vn -0.0108 0.22141 0.97512
vn 0.1261 0.1962 0.97242
vn 0.1258 0.1946 0.97278
vn 0.1828 0.2065 0.96122
vn 0.18659 0.19709 0.96246
vn 0.12731 0.19331 0.97284
vn 0.1103 0.1777 0.97788
vn 0.0269 0.117 0.99277
vn -0.0006 0.1055 0.99442
vn -0.033 0.0733 0.99676
vn -0.0316 0.0612 0.99763
vn -0.0449 0.1575 0.9865
vn -0.009 0.1246 0.99217
vn -0.0247 0.30799 0.95107
vn 0.0124 0.2448 0.96949
vn 0.0077 0.39642 0.91804
vn 0.0169 0.31588 0.94865
vn 0.0352 0.35479 0.93428
vn 0.004 0.2803 0.9599
vn 0.0305 0.20131 0.97905
vn -0.0103 0.16441 0.98634
vn -0.0198 0.1192 0.99267
vn -0.0108 0.1119 0.99366
vn -0.0335 0.22509 0.97376
vn 0.01 0.1998 0.97979
vn 0.0419 0.3241 0.9451
vn 0.0431 0.26942 0.96206
vn 0.0237 0.1041 0.99428
vn 0.0645 0.1216 0.99048
vn 0.0517 -0.0261 0.99832
vn -0.0242 -0.1151 0.99306
vn -0.0669 -0.2926 0.95389
vn -0.0058 -0.21301 0.97703
vn -0.0658 -0.28581 0.95603
vn -0.0765 -0.31659 0.94547
vn -0.0624 -0.1177 0.99109
vn -0.0983 -0.13211 0.98635
vn -0.0851 0.095 0.99183
vn -0.043 0.13911 0.98934
vn -0.0278 0.2502 0.9678
vn -0.0386 0.19501 0.98004
vn 0.018 0.1633 0.98641
vn -0.0183 0.21669 0.97607
vn -0.0147 0.0947 0.9954
vn 0.0707 0.0533 0.99607
vn 0.1087 -0.0216 0.99384
vn -0.0175 -0.0027 0.99984
vn -0.026 0.015 0.99955
vn 0.12271 0.0242 0.99215
vn 0.11 0.0873 0.99009
vn -0.0364 0.0581 0.99765
vn -0.0459 0.0228 0.99869
vn 0.0833 0.0555 0.99498
vn 0.0512 -0.0306 0.99822
vn 0.1441 -0.0081 0.98953
vn -0.0556 -0.0699 0.996
vn 0.15341 -0.0633 0.98613
vn 0.0442 -0.141 0.98902
vn -0.081 -0.1531 0.98489
vn -0.1132 -0.0885 0.98962
vn -0.0684 0.0118 0.99759
vn 0.0059 0.0993 0.99504
vn 0.0488 0.14479 0.98826
vn 0.0212 0.151 0.98831
vn -0.0196 0.1271 0.9917
vn -0.015 0.0709 0.99737
vn -0.0047 -0.0081 0.99996
vn -0.0335 -0.0718 0.99686
vn -0.0572 0.0576 0.9967
vn -0.0542 0.0273 0.99816
vn -0.0746 -0.0884 0.99329
vn -0.0907 -0.0828 0.99243
vn 0.0537 0.106 0.99291
vn 0.0396 0.0665 0.997
vn -0.0101 0.1041 0.99452
vn -0.0008 0.1487 0.98888
vn 0.1065 0.152 0.98263
vn 0.1001 0.1372 0.98547
vn 0.0778 0.0423 0.99607
vn 0.0889 0.0681 0.99371
vn 0.134 -0.0024 0.99098
vn 0.1157 -0.0004 0.99328
vn 0.1113 0.17659 0.97797
vn 0.1191 0.1819 0.97608
vn 0.0862 -0.3107 0.94659
vn 0.0485 -0.25501 0.96572
vn 0.0987 -0.2123 0.97221
vn 0.1309 -0.23011 0.96432
vn -0.13081 -0.11211 0.98505
vn -0.1328 -0.0385 0.99039
vn -0.0375 -0.1718 0.98442
vn -0.0128 -0.25661 0.96643
vn -0.19741 0.1054 0.97464
vn -0.21091 0.0651 0.97534
vn -0.1383 -0.0672 0.98811
vn -0.13 -0.0243 0.99122
vn -0.0444 -0.0085 0.99898
vn -0.1167 -0.1485 0.982
vn -0.0208 0.0963 0.99513
vn 0.0636 0.1616 0.9848
vn 0.13 0.0308 0.99103
vn 0.0444 -0.061 0.99715
vn -0.049 -0.185 0.98152
vn 0.0782 0.19459 0.97776
vn 0.1177 0.268 0.9562
vn 0.0619 0.2293 0.97139
vn 0.0578 0.29689 0.95316
vn 0.0601 0.0808 0.99492
vn 0.1458 0.0692 0.98689
vn -0.0184 0.2115 0.9772
vn -0.0396 0.27781 0.95982
vn -0.0831 0.1882 0.97861
vn -0.0897 0.2523 0.96348
vn -0.10251 0.0843 0.99115
vn -0.0494 0.0889 0.99481
vn -0.0946 0.17589 0.97985
vn -0.1005 0.239 0.9658
vn -0.0435 0.1125 0.9927
vn -0.0966 0.20191 0.97463
vn -0.1232 0.0308 0.9919
vn -0.117 0.0575 0.99147
vn 0.0095 -0.0336 0.99939
vn -0.0736 0.1172 0.99038
vn 0.0131 -0.1661 0.98602
vn -0.0259 0.0416 0.9988
vn -0.0244 0.0714 0.99715
vn -0.0986 0.0337 0.99456
vn 0.0155 -0.1933 0.98102
vn 0.0288 0.0249 0.99928
vn 0.0666 -0.1605 0.98479
vn 0.0702 0.0169 0.99739
vn 0.0577 0.13429 0.98926
vn 0.0451 0.1187 0.99191
vn 0.0824 -0.0872 0.99278
vn 0.0192 -0.144 0.98939
vn 0.1336 -0.1046 0.9855
vn 0.0989 -0.0568 0.99348
vn 0.0795 -0.0088 0.9968
vn 0.0599 -0.0155 0.99808
vn 0.1356 -0.15179 0.97907
vn 0.0647 -0.1714 0.98308
vn 0.0591 -0.18561 0.98084
vn 0.0993 -0.1319 0.98628
vn -0.0346 -0.146 0.98868
vn -0.1073 -0.1248 0.98636
vn -0.0975 -0.15851 0.98253
vn -0.0142 -0.18811 0.98205
vn -0.1366 -0.1428 0.98028
vn -0.11859 -0.14669 0.98205
vn -0.0925 -0.0751 0.99288
vn -0.13731 -0.1232 0.98284
vn -0.0595 -0.0778 0.99519
vn 0.0227 0.0327 0.99921
vn 0.0686 0.0568 0.99603
vn -0.0046 -0.0063 0.99997
vn 0.0744 0.1158 0.99048
vn 0.0552 0.1458 0.98777
vn 0.0388 0.0398 0.99845
vn 0.0882 0.076 0.9932
vn 0.0592 0.061 0.99638
vn 0.057 0.1067 0.99266
vn 0.0635 0.0127 0.9979
vn 0.0375 -0.0613 0.99741
vn 0.0139 0.0131 0.99982
vn 0.0073 0.12961 0.99154
vn 0.0612 -0.0404 0.99731
vn 0.0377 -0.0918 0.99506
vn 0.0239 -0.0638 0.99768
vn 0.0499 -0.0719 0.99616
vn -0.0098 -0.1202 0.9927
vn -0.0715 -0.0959 0.99282
vn -0.0429 -0.0587 0.99735
vn -0.0171 -0.0715 0.99729
vn -0.0996 -0.0164 0.99489
vn -0.0565 0.0666 0.99618
vn -0.0255 0.0693 0.99727
vn -0.0453 0.0052 0.99896
vn 0.0172 0.09789 0.99505
vn 0.0665 0.0676 0.99549
vn 0.0192 -0.0112 0.99975
vn 0.0023 0.0657 0.99784
vn 0.0596 -0.0053 0.99821
vn -0.0111 -0.1052 0.99439
vn -0.0575 -0.1926 0.97959
vn 0.0027 -0.1166 0.99318
vn -0.053 -0.0517 0.99726
vn -0.0691 0.077 0.99463
vn 0.0211 -0.1195 0.99261
vn 0.0258 -0.0001 0.99967
vn -0.0855 -0.02 0.99614
vn -0.12351 0.0023 0.99234
vn 0.0728 -0.0968 0.99264
vn 0.0325 -0.0513 0.99815
vn 0.0309 0.0149 0.99941
vn 0.0956 0.0242 0.99513
vn -0.0273 -0.0465 0.99855
vn -0.027 -0.0493 0.99842
vn -0.0182 -0.0448 0.99883
vn -0.0477 -0.0277 0.99848
vn -0.0034 -0.0137 0.9999
vn -0.0071 0.0262 0.99963
vn 0.0112 0.0588 0.99821
vn 0.035 0.001 0.99939
vn -0.0262 0.0124 0.99958
vn -0.0392 -0.0602 0.99742
vn -0.0799 0.029 0.99638
vn -0.0486 0.0652 0.99669
vn -0.048 -0.14031 0.98894
vn -0.0584 -0.1486 0.98717
vn -0.02 0.0464 0.99872
vn -0.0685 0.0053 0.99764
vn -0.0475 0.06 0.99707
vn -0.12359 -0.0273 0.99196
vn 0.048 0.14369 0.98846
vn 0.0509 0.139 0.98898
vn 0.0164 0.1103 0.99376
vn -0.0893 0.0291 0.99558
vn 0.0766 0.12689 0.98895
vn -0.01 0.0356 0.99932
vn -0.0652 -0.0729 0.99521
vn 0.0093 0.0457 0.99891
vn -0.076 -0.041 0.99626
vn -0.0017 -0.0448 0.99899
vn 0.0285 -0.0502 0.99833
vn -0.0791 -0.0995 0.99189
vn 0.0822 0.0193 0.99643
vn 0.0377 0.0891 0.99531
vn 0.0568 0.0242 0.99809
vn 0.1175 -0.0006 0.99307
vn -0.0561 0.1143 0.99186
vn -0.0908 0.1164 0.98904
vn -0.0829 0.0581 0.99486
vn -0.0521 0.0389 0.99788
vn -0.0572 0.1387 0.98868
vn 0.0225 0.1882 0.98187
vn 0.0443 0.1012 0.99388
vn -0.0382 0.0834 0.99578
vn 0.0421 0.0958 0.99451
vn -0.0597 0.0827 0.99478
vn 0.008 0.0358 0.99933
vn -0.0493 -0.0671 0.99653
vn 0.0202 0.0105 0.99974
vn -0.0512 0.0463 0.99761
vn -0.0762 -0.0924 0.9928
vn -0.0936 -0.1716 0.98071
vn -0.0813 -0.1234 0.98902
vn -0.1301 -0.1309 0.98282
vn -0.0367 -0.1249 0.99149
vn 0.0613 -0.0467 0.99703
vn 0.0697 -0.0204 0.99736
vn 0.0201 -0.0536 0.99836
vn 0.1127 -0.0474 0.9925
vn 0.0521 -0.0884 0.99472
vn 0.029 -0.1678 0.98539
vn 0.0648 -0.088 0.99401
vn -0.0397 -0.09 0.99515
vn -0.0684 -0.0629 0.99567
vn -0.0518 -0.1297 0.9902
vn -0.0173 -0.16779 0.98567
vn -0.033 -0.0542 0.99798
vn 0.0405 -0.0708 0.99667
vn 0.0313 -0.1398 0.98969
vn -0.0417 -0.12599 0.99115
vn 0.0779 0.2398 0.96769
vn 0.0228 0.17761 0.98384
vn -0.0433 0.0394 0.99828
vn -0.0873 0.0106 0.99613
vn -0.0678 0.0087 0.99766
vn -0.15469 -0.0899 0.98386
vn -0.1583 -0.0713 0.98481
vn -0.0923 -0.1072 0.98994
vn -0.0751 -0.0474 0.99605
vn 0.0289 -0.0729 0.99692
vn 0.0439 0.0072 0.99901
vn 0.0572 -0.0426 0.99745
vn 0.0607 0.0393 0.99738
vn 0.0009 -0.0364 0.99934
vn -0.0034 0.0377 0.99928
vn -0.0786 -0.0401 0.9961
vn -0.0802 0.0278 0.99639
vn -0.0735 -0.0611 0.99542
vn -0.0827 0.0094 0.99653
vn 0.0746 -0.15911 0.98444
vn 0.0314 -0.0797 0.99632
vn 0.1742 -0.33109 0.92738
vn 0.1188 -0.2482 0.9614
vn 0.0814 -0.45562 0.88644
vn 0.0628 -0.38338 0.92145
vn -0.0326 -0.45711 0.88881
vn -0.0139 -0.3917 0.91999
vn -0.0192 -0.35889 0.93318
vn 0.0186 -0.30719 0.95147
vn 0.0678 -0.22991 0.97085
vn 0.1041 -0.2003 0.97419
vn 0.1187 -0.1535 0.98099
vn 0.14831 -0.15101 0.97734
vn 0.1536 -0.1576 0.97548
vn 0.1294 -0.15031 0.98013
vn 0.0942 -0.0526 0.99416
vn 0.1022 -0.1084 0.98884
vn 0.0324 0.0536 0.99804
vn 0.0406 0.0912 0.995
vn 0.0092 0.1323 0.99117
vn -0.0096 0.1167 0.99312
vn -0.0537 -0.0858 0.99486
vn -0.0277 -0.0379 0.9989
vn -0.0893 -0.2186 0.97172
vn -0.119 -0.27699 0.95348
vn -0.14449 -0.19229 0.97064
vn -0.121 -0.20651 0.97093
vn -0.0681 -0.0378 0.99696
vn -0.0722 0.0475 0.99626
vn 0.0496 0.25211 0.96643
vn 0.0303 0.17019 0.98495
vn 0.0983 0.2494 0.9634
vn 0.1263 0.27859 0.95207
vn 0.145 0.0911 0.98523
vn 0.1184 0.099 0.98802
vn 0.1082 -0.0937 0.9897
vn 0.133 -0.1047 0.98557
vn 0.1439 -0.1009 0.98443
vn 0.1129 -0.1212 0.98619
vn 0.1444 -0.0554 0.98797
vn 0.0363 -0.1004 0.99428
vn 0.18569 -0.0215 0.98237
vn -0.0484 -0.1115 0.99259
vn -0.0358 -0.1238 0.99166
vn 0.0053 -0.15069 0.98857
vn 0.0008 -0.1409 0.99002
vn -0.0009 -0.0619 0.99808
vn 0.046 0.024 0.99865
vn 0.0549 0.038 0.99777
vn -0.0446 -0.0156 0.99888
vn -0.1272 -0.0795 0.98869
vn -0.0788 -0.1003 0.99183
vn -0.0139 -0.0694 0.99749
vn -0.0526 -0.0442 0.99764
vn -0.1223 0.0314 0.992
vn -0.1026 -0.0614 0.99283
vn -0.1381 0.0001 0.99042
vn -0.13621 0.057 0.98904
vn -0.0897 0.0613 0.99408
vn -0.1221 -0.0299 0.99207
vn -0.0008 0.2252 0.97431
vn -0.046 0.18401 0.98185
vn 0.0165 -0.0668 0.99763
vn 0.0282 0.1418 0.98949
vn -0.0961 -0.28281 0.95435
vn -0.0382 -0.25159 0.96708
vn -0.1114 -0.1796 0.97741
vn -0.93414 0 -0.35691
vn 0 0.97498 -0.2223
vn 0.93414 0 -0.35691
vn 0 -0.97498 -0.2223
vn 0 0 -1
vn -1 0 0
vn 0 -0.73919 -0.67349
vn 0.54787 0 -0.83656
vn 0 0.73919 -0.67349
vn -0.54787 0 -0.83656
vn 0 0 1
vn -0.79918 0 0.60109
vn 1 0 0
vn 0 1 0
vn 0 -1 0
vn 0 -0.91651 0.40001
vn 0 0.91651 0.40001
vn 0.79918 0 0.60109
vn 0 -0.70108 -0.71308
vn 0.50601 0 -0.86252
vn 0 0.70108 -0.71308
vn -0.50601 0 -0.86252
vn -0.94187 0 -0.33599
vn 0 0.97809 -0.2082
vn 0.94187 0 -0.33599
vn 0 -0.97809 -0.2082
vn 0.76129 0.64839 0.0041
vn 0.76134 0.64834 0.0041
vn -0.75949 0.65049 0.0062
vn 0.4872 0.0017 -0.87329
vn 0.48727 0.0017 -0.87325
vn 0.48731 0.0017 -0.87323
vn 0.4872 0.0018 -0.87329
vn -0.93124 0.0011 -0.36441
vn -0.93125 0.0011 -0.36438
vn 0.48778 -0.87296 0.0033
vn 0.4877 -0.873 0.0033
vn -0.93117 -0.36459 0.0021
vn -0.9312 -0.3645 0.0021
vn 0.76097 0.0022 0.64878
vn 0.76102 0.0022 0.64872
vn -0.76001 0.0034 0.64991
vn 0.64839 -0.76129 0.0041
vn 0.64834 -0.76134 0.0041
vn 0.65049 0.75949 0.0062
vn 0.0016 -0.4872 -0.87329
vn 0.0016 -0.48727 -0.87325
vn 0.001 0.93124 -0.36441
vn 0.001 0.93125 -0.36438
vn -0.87296 -0.48778 0.0033
vn -0.873 -0.4877 0.0033
vn -0.3645 0.9312 0.0021
vn 0.0021 -0.76097 0.64878
vn 0.0021 -0.76093 0.64883
vn 0.002 -0.76097 0.64878
vn 0.0031 0.76005 0.64986
vn 0.0031 0.7601 0.6498
vn 0.0031 0.76001 0.64991
vn -0.76129 -0.64839 0.0041
vn -0.76134 -0.64834 0.0041
vn 0.75949 -0.65049 0.0062
vn -0.4872 -0.0017 -0.87329
vn -0.48727 -0.0017 -0.87325
vn -0.48731 -0.0017 -0.87323
vn -0.4872 -0.0018 -0.87329
vn 0.93124 -0.0011 -0.36441
vn 0.93125 -0.0011 -0.36438
vn -0.48778 0.87296 0.0033
vn -0.4877 0.873 0.0033
vn 0.93117 0.36459 0.0021
vn 0.9312 0.3645 0.0021
vn -0.76097 -0.0022 0.64878
vn -0.76102 -0.0022 0.64872
vn 0.76001 -0.0034 0.64991
vn -0.64839 0.76129 0.0041
vn -0.64834 0.76134 0.0041
vn -0.65049 -0.75949 0.0062
vn -0.0016 0.4872 -0.87329
vn -0.0016 0.48727 -0.87325
vn -0.001 -0.93124 -0.36441
vn -0.001 -0.93125 -0.36438
vn 0.87296 0.48778 0.0033
vn 0.873 0.4877 0.0033
vn 0.3645 -0.9312 0.0021
vn -0.0021 0.76097 0.64878
vn -0.0021 0.76093 0.64883
vn -0.002 0.76097 0.64878
vn -0.0031 -0.76005 0.64986
vn -0.0031 -0.7601 0.6498
vn -0.0031 -0.76001 0.64991
vn -0.0021 -0.64883 -0.76093
vn -0.0021 -0.64878 -0.76097
vn -0.0031 -0.6498 0.7601
vn -0.0031 -0.64986 0.76005
vn -0.0031 -0.64991 0.76001
vn 0.87329 -0.0017 -0.4872
vn 0.87323 -0.0017 -0.48731
vn 0.87329 -0.0018 -0.4872
vn 0.36438 -0.0011 0.93125
vn 0.36441 -0.0011 0.93124
vn -0.0016 0.87325 -0.48727
vn -0.0016 0.87329 -0.4872
vn -0.001 0.36438 0.93125
vn -0.001 0.36441 0.93124
vn -0.64878 -0.0022 -0.76097
vn -0.64991 -0.0034 0.76001
vn 0.0021 -0.64878 -0.76097
vn 0.0021 -0.64883 -0.76093
vn 0.002 -0.64878 -0.76097
vn 0.0031 -0.64991 0.76001
vn 0.0031 -0.64986 0.76005
vn 0.64878 -0.0022 -0.76097
vn 0.64872 -0.0022 -0.76102
vn 0.64991 -0.0034 0.76001
vn 0.0016 0.87329 -0.4872
vn 0.0016 0.87325 -0.48727
vn 0.001 0.36429 0.93128
vn 0.001 0.36438 0.93125
vn 0.001 0.36441 0.93124
vn -0.87323 -0.0017 -0.48731
vn -0.87329 -0.0017 -0.4872
vn -0.36441 -0.0011 0.93124
vn -0.36438 -0.0011 0.93125
vn 0 -0.70711 -0.70711
vn 0 -0.70711 0.70711
vn 0 0.92388 -0.38269
vn 0 0.38269 0.92388
vn -0.64872 -0.0022 -0.76102
vn -0.0021 0.88839 0.45909
vn -0.0021 0.88832 0.45921
vn -0.002 0.88832 0.45921
vn -0.002 0.88839 0.45909
vn 0.003 0.28261 -0.95923
vn 0.88832 -0.0022 0.45921
vn 0.88834 -0.0022 0.45917
vn 0.28249 0.0033 -0.95926
vn 0.28261 0.0032 -0.95923
vn 0.28252 0.0032 -0.95926
vn -0.87296 0.48778 0.0033
vn -0.873 0.4877 0.0033
vn -0.3645 -0.9312 0.0021
vn 0.0016 0.48727 -0.87325
vn 0.0016 0.4872 -0.87329
vn 0.001 -0.93124 -0.36441
vn 0.001 -0.93125 -0.36438
vn 0.64839 0.76129 0.0041
vn 0.65049 -0.75949 0.0062
vn 0.0021 0.76097 0.64878
vn 0.0031 -0.7601 0.6498
vn 0.0031 -0.76001 0.64991
vn 0.0031 -0.76005 0.64986
vn 0 0.38269 -0.92388
vn 0 -0.92388 -0.38269
vn 0 0.70711 0.70711
vn 0 0.38261 -0.92391
vn 0.87296 -0.48778 0.0033
vn 0.873 -0.4877 0.0033
vn 0.3645 0.9312 0.0021
vn -0.0016 -0.48727 -0.87325
vn -0.0016 -0.4872 -0.87329
vn -0.001 0.93124 -0.36441
vn -0.001 0.93125 -0.36438
vn -0.64839 -0.76129 0.0041
vn -0.65049 0.75949 0.0062
vn -0.0021 -0.76097 0.64878
vn -0.0031 0.7601 0.6498
vn -0.0031 0.76001 0.64991
vn -0.0031 0.76005 0.64986
vn 0 -0.38269 -0.92388
vn 0 -0.38261 -0.92391
vn 0.70711 -0.70711 0
vn 0.70711 0.70711 0
vn 0 0.70711 -0.70711
vn -0.70711 -0.70711 0
vn -0.70711 0.70711 0
vn 0.92388 -0.38269 0
vn 0.38269 0.92388 0
vn -0.0021 -0.76097 -0.64878
vn -0.0021 -0.76093 -0.64883
vn -0.002 -0.76097 -0.64878
vn -0.0031 0.76005 -0.64986
vn -0.0031 0.76001 -0.64991
vn -0.0021 -0.76093 0.64883
vn -0.0031 0.7601 -0.6498
vn 0.68749 0.72619 -0.0019
vn 0.688 -0.7257 -0.0028
vn 0.0026 0.63391 0.77341
vn -0.0051 -0.79074 0.61213
vn -0.0051 -0.79078 0.61208
vn -0.0051 -0.79069 0.61219
vn -0.92388 0.38269 0
vn -0.38269 -0.92388 0
vn 0.0021 0.76097 -0.64878
vn 0.0021 0.76093 -0.64883
vn 0.002 0.76097 -0.64878
vn 0.0031 -0.76005 -0.64986
vn 0.0031 -0.76001 -0.64991
vn 0.0021 0.76093 0.64883
vn 0.0031 -0.7601 -0.6498
vn -0.68749 0.72619 -0.0019
vn -0.688 -0.7257 -0.0028
vn -0.0021 0.76093 -0.64883
vn -0.0021 0.76097 -0.64878
vn -0.0031 -0.7601 -0.6498
vn -0.0031 -0.76001 -0.64991
vn -0.0031 -0.76005 -0.64986
vn 0.87278 0.48809 -0.0043
vn 0.36459 -0.93117 -0.0027
vn -0.0006 0.55262 0.83343
vn -0.0048 -0.89881 0.43831
vn -0.0048 -0.89885 0.43823
vn 0.92388 0.38269 0
vn 0.38269 -0.92388 0
vn -0.76097 -0.0022 -0.64878
vn -0.76102 -0.0022 -0.64872
vn 0.76001 -0.0034 -0.64991
vn -0.38269 0.92388 0
vn 0.0021 -0.76093 -0.64883
vn 0.0021 -0.76097 -0.64878
vn 0.0031 0.7601 -0.6498
vn 0.0031 0.76001 -0.64991
vn 0.0031 0.76005 -0.64986
vn -0.92388 -0.38269 0
vn 0.76097 0.0022 -0.64878
vn 0.76102 0.0022 -0.64872
vn -0.76001 0.0034 -0.64991
vn 0.76097 -0.0022 -0.64878
vn 0.76102 -0.0022 -0.64872
vn -0.76001 -0.0034 -0.64991
vn 0.76097 -0.0022 0.64878
vn 0.76102 -0.0022 0.64872
vn -0.76001 -0.0034 0.64991
vn 0.70711 0 -0.70711
vn -0.70711 0 -0.70711
vn 0.70711 0 0.70711
vn -0.70711 0 0.70711
vn 0.48821 0.87272 -0.0043
vn 0.48809 0.87278 -0.0043
vn -0.93117 0.36459 -0.0027
vn -0.93115 0.36462 -0.0027
vn 0.72619 -0.68749 -0.0019
vn 0.72624 -0.68744 -0.0019
vn -0.7257 -0.688 -0.0028
vn 0.55262 -0.0007 0.83343
vn -0.89881 -0.0052 0.43831
vn -0.89877 -0.0052 0.43839
vn 0.72619 0.68749 -0.0019
vn -0.7257 0.688 -0.0028
vn 0.63396 0.0027 0.77336
vn 0.63391 0.0027 0.77341
vn -0.79074 -0.0055 0.61213
vn -0.79069 -0.0055 0.61219
vn -0.79074 -0.0054 0.61213
vn -0.79078 -0.0055 0.61208
vn -0.76097 0.0022 -0.64878
vn -0.76102 0.0022 -0.64872
vn 0.76001 0.0034 -0.64991
vn -0.76097 0.0022 0.64878
vn -0.76102 0.0022 0.64872
vn 0.76001 0.0034 0.64991
vn 0 -0.38269 0.92388
vn 0.64872 0.0022 -0.76102
vn 0.64878 0.0022 -0.76097
vn 0.64991 0.0034 0.76001
vn -0.64878 0.0022 -0.76097
vn -0.64872 0.0022 -0.76102
vn -0.64991 0.0034 0.76001
vn 0.0016 -0.87325 -0.48727
vn 0.0016 -0.87329 -0.4872
vn 0.001 -0.36438 0.93125
vn 0.001 -0.36441 0.93124
vn 0.0021 0.64883 -0.76093
vn 0.0021 0.64878 -0.76097
vn 0.0031 0.6498 0.7601
vn 0.0031 0.64986 0.76005
vn 0.0031 0.64991 0.76001
vn -0.87329 0.0017 -0.4872
vn -0.87323 0.0017 -0.48731
vn -0.87329 0.0018 -0.4872
vn -0.36438 0.0011 0.93125
vn -0.36441 0.0011 0.93124
vn -0.92388 0 -0.38269
vn -0.38269 0 0.92388
vn -0.0016 -0.87329 -0.4872
vn -0.0016 -0.87325 -0.48727
vn -0.001 -0.36429 0.93128
vn -0.001 -0.36438 0.93125
vn -0.001 -0.36441 0.93124
vn 0.87323 0.0017 -0.48731
vn 0.87329 0.0017 -0.4872
vn 0.36441 0.0011 0.93124
vn 0.36438 0.0011 0.93125
vn -0.0021 0.64878 -0.76097
vn -0.0021 0.64883 -0.76093
vn -0.002 0.64878 -0.76097
vn -0.0031 0.64991 0.76001
vn -0.0031 0.64986 0.76005
vn 0.92388 0 -0.38269
vn 0.38269 0 0.92388
vn -0.48778 -0.87296 0.0033
vn -0.48782 -0.87294 0.0033
vn 0.9312 -0.3645 0.0021
vn -0.48731 0.0017 -0.87323
vn -0.4872 0.0017 -0.87329
vn 0.93125 0.0011 -0.36438
vn 0.93124 0.0011 -0.36441
vn -0.76129 0.64839 0.0041
vn 0.75949 0.65049 0.0062
vn -0.38269 0 -0.92388
vn 0.75954 -0.65043 0.0062
vn 0.48778 0.87296 0.0033
vn 0.48782 0.87294 0.0033
vn -0.9312 0.3645 0.0021
vn 0.48731 -0.0017 -0.87323
vn 0.4872 -0.0017 -0.87329
vn -0.93125 -0.0011 -0.36438
vn -0.93124 -0.0011 -0.36441
vn 0.76129 -0.64839 0.0041
vn -0.75949 -0.65049 0.0062
vn 0.38269 0 -0.92388
vn -0.75954 0.65043 0.0062
vt 0.76501 0.3604
vt 0.77252 0.3604
vt 0.77252 0.35311
vt 0.76501 0.35311
vt 0.78002 0.3604
vt 0.78002 0.35311
vt 0.78002 0.34581
vt 0.77252 0.34581
vt 0.76501 0.34581
vt 0.78753 0.3604
vt 0.78753 0.35311
vt 0.79503 0.3604
vt 0.79503 0.35311
vt 0.79503 0.34581
vt 0.78753 0.34581
vt 0.80254 0.3604
vt 0.80254 0.35311
vt 0.81004 0.3604
vt 0.81004 0.35311
vt 0.81004 0.34581
vt 0.80254 0.34581
vt 0.81755 0.3604
vt 0.81755 0.35311
vt 0.82506 0.3604
vt 0.82506 0.35311
vt 0.82506 0.34581
vt 0.81755 0.34581
vt 0.83256 0.3604
vt 0.83256 0.35311
vt 0.84007 0.3604
vt 0.84007 0.35311
vt 0.84007 0.34581
vt 0.83256 0.34581
vt 0.84757 0.3604
vt 0.84757 0.35311
vt 0.85508 0.3604
vt 0.85508 0.35311
vt 0.85508 0.34581
vt 0.84757 0.34581
vt 0.77252 0.33851
vt 0.76501 0.33851
vt 0.78002 0.33851
vt 0.78002 0.33121
vt 0.77252 0.33121
vt 0.76501 0.33121
vt 0.78753 0.33851
vt 0.79503 0.33851
vt 0.79503 0.33121
vt 0.78753 0.33121
vt 0.80254 0.33851
vt 0.81004 0.33851
vt 0.81004 0.33121
vt 0.80254 0.33121
vt 0.81755 0.33851
vt 0.82506 0.33851
vt 0.82506 0.33121
vt 0.81755 0.33121
vt 0.83256 0.33851
vt 0.84007 0.33851
vt 0.84007 0.33121
vt 0.83256 0.33121
vt 0.84757 0.33851
vt 0.85508 0.33851
vt 0.85508 0.33121
vt 0.84757 0.33121
vt 0.77252 0.32391
vt 0.76501 0.32391
vt 0.78002 0.32391
vt 0.78002 0.31662
vt 0.77252 0.31662
vt 0.76501 0.31662
vt 0.78753 0.32391
vt 0.79503 0.32391
vt 0.79503 0.31662
vt 0.78753 0.31662
vt 0.80254 0.32391
vt 0.81004 0.32391
vt 0.81004 0.31662
vt 0.80254 0.31662
vt 0.81755 0.32391
vt 0.82506 0.32391
vt 0.82506 0.31662
vt 0.81755 0.31662
vt 0.83256 0.32391
vt 0.84007 0.32391
vt 0.84007 0.31662
vt 0.83256 0.31662
vt 0.84757 0.32391
vt 0.85508 0.32391
vt 0.85508 0.31662
vt 0.84757 0.31662
vt 0.77252 0.30932
vt 0.76501 0.30932
vt 0.78002 0.30932
vt 0.78002 0.30202
vt 0.77252 0.30202
vt 0.76501 0.30202
vt 0.78753 0.30932
vt 0.79503 0.30932
vt 0.79503 0.30202
vt 0.78753 0.30202
vt 0.80254 0.30932
vt 0.81004 0.30932
vt 0.81004 0.30202
vt 0.80254 0.30202
vt 0.81755 0.30932
vt 0.82506 0.30932
vt 0.82506 0.30202
vt 0.81755 0.30202
vt 0.83256 0.30932
vt 0.84007 0.30932
vt 0.84007 0.30202
vt 0.83256 0.30202
vt 0.84757 0.30932
vt 0.85508 0.30932
vt 0.85508 0.30202
vt 0.84757 0.30202
vt 0.77252 0.29472
vt 0.76501 0.29472
vt 0.78002 0.29472
vt 0.78002 0.28742
vt 0.77252 0.28742
vt 0.76501 0.28742
vt 0.78753 0.29472
vt 0.79503 0.29472
vt 0.79503 0.28742
vt 0.78753 0.28742
vt 0.80254 0.29472
vt 0.81004 0.29472
vt 0.81004 0.28742
vt 0.80254 0.28742
vt 0.81755 0.29472
vt 0.82506 0.29472
vt 0.82506 0.28742
vt 0.81755 0.28742
vt 0.83256 0.29472
vt 0.84007 0.29472
vt 0.84007 0.28742
vt 0.83256 0.28742
vt 0.84757 0.29472
vt 0.85508 0.29472
vt 0.85508 0.28742
vt 0.84757 0.28742
vt 0.77252 0.28013
vt 0.76501 0.28013
vt 0.78002 0.28013
vt 0.78002 0.27283
vt 0.77252 0.27283
vt 0.76501 0.27283
vt 0.78753 0.28013
vt 0.79503 0.28013
vt 0.79503 0.27283
vt 0.78753 0.27283
vt 0.80254 0.28013
vt 0.81004 0.28013
vt 0.81004 0.27283
vt 0.80254 0.27283
vt 0.81755 0.28013
vt 0.82506 0.28013
vt 0.82506 0.27283
vt 0.81755 0.27283
vt 0.83256 0.28013
vt 0.84007 0.28013
vt 0.84007 0.27283
vt 0.83256 0.27283
vt 0.84757 0.28013
vt 0.85508 0.28013
vt 0.85508 0.27283
vt 0.84757 0.27283
vt 0.75 0.375
vt 0.75751 0.375
vt 0.75751 0.3677
vt 0.75 0.3677
vt 0.76501 0.375
vt 0.76501 0.3677
vt 0.75751 0.3604
vt 0.75 0.3604
vt 0.77252 0.375
vt 0.77252 0.3677
vt 0.78002 0.375
vt 0.78002 0.3677
vt 0.78753 0.375
vt 0.78753 0.3677
vt 0.79503 0.375
vt 0.79503 0.3677
vt 0.80254 0.375
vt 0.80254 0.3677
vt 0.81004 0.375
vt 0.81004 0.3677
vt 0.81755 0.375
vt 0.81755 0.3677
vt 0.82506 0.375
vt 0.82506 0.3677
vt 0.83256 0.375
vt 0.83256 0.3677
vt 0.84007 0.375
vt 0.84007 0.3677
vt 0.84757 0.375
vt 0.84757 0.3677
vt 0.85508 0.375
vt 0.85508 0.3677
vt 0.86258 0.375
vt 0.86258 0.3677
vt 0.87009 0.375
vt 0.87009 0.3677
vt 0.87009 0.3604
vt 0.86258 0.3604
vt 0.86258 0.35311
vt 0.87009 0.35311
vt 0.87009 0.34581
vt 0.86258 0.34581
vt 0.86258 0.33851
vt 0.87009 0.33851
vt 0.87009 0.33121
vt 0.86258 0.33121
vt 0.86258 0.32391
vt 0.87009 0.32391
vt 0.87009 0.31662
vt 0.86258 0.31662
vt 0.86258 0.30932
vt 0.87009 0.30932
vt 0.87009 0.30202
vt 0.86258 0.30202
vt 0.86258 0.29472
vt 0.87009 0.29472
vt 0.87009 0.28742
vt 0.86258 0.28742
vt 0.86258 0.28013
vt 0.87009 0.28013
vt 0.87009 0.27283
vt 0.86258 0.27283
vt 0.86258 0.26553
vt 0.85508 0.26553
vt 0.87009 0.26553
vt 0.87009 0.25823
vt 0.86258 0.25823
vt 0.85508 0.25823
vt 0.84757 0.26553
vt 0.84007 0.26553
vt 0.84757 0.25823
vt 0.84007 0.25823
vt 0.83256 0.26553
vt 0.82506 0.26553
vt 0.83256 0.25823
vt 0.82506 0.25823
vt 0.81755 0.26553
vt 0.81004 0.26553
vt 0.81755 0.25823
vt 0.81004 0.25823
vt 0.80254 0.26553
vt 0.79503 0.26553
vt 0.80254 0.25823
vt 0.79503 0.25823
vt 0.78753 0.26553
vt 0.78002 0.26553
vt 0.78753 0.25823
vt 0.78002 0.25823
vt 0.77252 0.26553
vt 0.76501 0.26553
vt 0.77252 0.25823
vt 0.76501 0.25823
vt 0.75 0.27283
vt 0.75751 0.27283
vt 0.75751 0.26553
vt 0.75 0.26553
vt 0.75751 0.25823
vt 0.75 0.25823
vt 0.75 0.28742
vt 0.75751 0.28742
vt 0.75751 0.28013
vt 0.75 0.28013
vt 0.75 0.30202
vt 0.75751 0.30202
vt 0.75751 0.29472
vt 0.75 0.29472
vt 0.75 0.31662
vt 0.75751 0.31662
vt 0.75751 0.30932
vt 0.75 0.30932
vt 0.75 0.33121
vt 0.75751 0.33121
vt 0.75751 0.32391
vt 0.75 0.32391
vt 0.75 0.34581
vt 0.75751 0.34581
vt 0.75751 0.33851
vt 0.75 0.33851
vt 0.75751 0.35311
vt 0.75 0.35311
vt 0.64492 0.3604
vt 0.65243 0.3604
vt 0.65243 0.35311
vt 0.64492 0.35311
vt 0.65993 0.3604
vt 0.65993 0.35311
vt 0.65993 0.34581
vt 0.65243 0.34581
vt 0.64492 0.34581
vt 0.66744 0.3604
vt 0.66744 0.35311
vt 0.67495 0.3604
vt 0.67495 0.35311
vt 0.67494 0.34581
vt 0.66744 0.34581
vt 0.68245 0.3604
vt 0.68245 0.35311
vt 0.68996 0.3604
vt 0.68996 0.35311
vt 0.68996 0.34581
vt 0.68245 0.34581
vt 0.69746 0.3604
vt 0.69746 0.35311
vt 0.70497 0.3604
vt 0.70497 0.35311
vt 0.70497 0.34581
vt 0.69746 0.34581
vt 0.71247 0.3604
vt 0.71247 0.35311
vt 0.71998 0.3604
vt 0.71998 0.35311
vt 0.71998 0.34581
vt 0.71247 0.34581
vt 0.72748 0.3604
vt 0.72748 0.35311
vt 0.73499 0.3604
vt 0.73499 0.35311
vt 0.73499 0.34581
vt 0.72748 0.34581
vt 0.65243 0.33851
vt 0.64492 0.33851
vt 0.65993 0.33851
vt 0.65993 0.33121
vt 0.65243 0.33121
vt 0.64492 0.33121
vt 0.66744 0.33851
vt 0.67495 0.33851
vt 0.67494 0.33121
vt 0.66744 0.33121
vt 0.68245 0.33851
vt 0.68996 0.33851
vt 0.68996 0.33121
vt 0.68245 0.33121
vt 0.69746 0.33851
vt 0.70497 0.33851
vt 0.70497 0.33121
vt 0.69746 0.33121
vt 0.71247 0.33851
vt 0.71998 0.33851
vt 0.71998 0.33121
vt 0.71247 0.33121
vt 0.72748 0.33851
vt 0.73499 0.33851
vt 0.73499 0.33121
vt 0.72748 0.33121
vt 0.65243 0.32391
vt 0.64492 0.32391
vt 0.65993 0.32391
vt 0.65993 0.31662
vt 0.65243 0.31662
vt 0.64492 0.31662
vt 0.66744 0.32391
vt 0.67495 0.32391
vt 0.67494 0.31662
vt 0.66744 0.31662
vt 0.68245 0.32391
vt 0.68996 0.32391
vt 0.68996 0.31662
vt 0.68245 0.31662
vt 0.69746 0.32391
vt 0.70497 0.32391
vt 0.70497 0.31662
vt 0.69746 0.31662
vt 0.71247 0.32391
vt 0.71998 0.32391
vt 0.71998 0.31662
vt 0.71247 0.31662
vt 0.72748 0.32391
vt 0.73499 0.32391
vt 0.73499 0.31662
vt 0.72748 0.31662
vt 0.65243 0.30932
vt 0.64492 0.30932
vt 0.65993 0.30932
vt 0.65993 0.30202
vt 0.65243 0.30202
vt 0.64492 0.30202
vt 0.66744 0.30932
vt 0.67495 0.30932
vt 0.67495 0.30202
vt 0.66744 0.30202
vt 0.68245 0.30932
vt 0.68996 0.30932
vt 0.68996 0.30202
vt 0.68245 0.30202
vt 0.69746 0.30932
vt 0.70497 0.30932
vt 0.70497 0.30202
vt 0.69746 0.30202
vt 0.71247 0.30932
vt 0.71998 0.30932
vt 0.71998 0.30202
vt 0.71247 0.30202
vt 0.72748 0.30932
vt 0.73499 0.30932
vt 0.73499 0.30202
vt 0.72748 0.30202
vt 0.65243 0.29472
vt 0.64492 0.29472
vt 0.65993 0.29472
vt 0.65993 0.28742
vt 0.65243 0.28742
vt 0.64492 0.28742
vt 0.66744 0.29472
vt 0.67495 0.29472
vt 0.67494 0.28742
vt 0.66744 0.28742
vt 0.68245 0.29472
vt 0.68996 0.29472
vt 0.68996 0.28742
vt 0.68245 0.28742
vt 0.69746 0.29472
vt 0.70497 0.29472
vt 0.70497 0.28742
vt 0.69746 0.28742
vt 0.71247 0.29472
vt 0.71998 0.29472
vt 0.71998 0.28742
vt 0.71247 0.28742
vt 0.72748 0.29472
vt 0.73499 0.29472
vt 0.73499 0.28742
vt 0.72748 0.28742
vt 0.65243 0.28013
vt 0.64492 0.28013
vt 0.65993 0.28013
vt 0.65993 0.27283
vt 0.65243 0.27283
vt 0.64492 0.27283
vt 0.66744 0.28013
vt 0.67495 0.28013
vt 0.67494 0.27283
vt 0.66744 0.27283
vt 0.68245 0.28013
vt 0.68996 0.28013
vt 0.68996 0.27283
vt 0.68245 0.27283
vt 0.69746 0.28013
vt 0.70497 0.28013
vt 0.70497 0.27283
vt 0.69746 0.27283
vt 0.71247 0.28013
vt 0.71998 0.28013
vt 0.71998 0.27283
vt 0.71247 0.27283
vt 0.72748 0.28013
vt 0.73499 0.28013
vt 0.73499 0.27283
vt 0.72748 0.27283
vt 0.62991 0.375
vt 0.63742 0.375
vt 0.63742 0.3677
vt 0.62991 0.3677
vt 0.64492 0.375
vt 0.64492 0.3677
vt 0.63742 0.3604
vt 0.62991 0.3604
vt 0.65243 0.375
vt 0.65243 0.3677
vt 0.65993 0.375
vt 0.65993 0.3677
vt 0.66744 0.375
vt 0.66744 0.3677
vt 0.67494 0.375
vt 0.67495 0.3677
vt 0.68245 0.375
vt 0.68245 0.3677
vt 0.68996 0.375
vt 0.68996 0.3677
vt 0.69746 0.375
vt 0.69746 0.3677
vt 0.70497 0.375
vt 0.70497 0.3677
vt 0.71247 0.375
vt 0.71247 0.3677
vt 0.71998 0.375
vt 0.71998 0.3677
vt 0.72748 0.375
vt 0.72748 0.3677
vt 0.73499 0.375
vt 0.73499 0.3677
vt 0.74249 0.375
vt 0.74249 0.3677
vt 0.74249 0.3604
vt 0.74249 0.35311
vt 0.74249 0.34581
vt 0.74249 0.33851
vt 0.74249 0.33121
vt 0.74249 0.32391
vt 0.74249 0.31662
vt 0.74249 0.30932
vt 0.74249 0.30202
vt 0.74249 0.29472
vt 0.74249 0.28742
vt 0.74249 0.28013
vt 0.74249 0.27283
vt 0.74249 0.26553
vt 0.73499 0.26553
vt 0.74249 0.25823
vt 0.73499 0.25823
vt 0.72748 0.26553
vt 0.71998 0.26553
vt 0.72748 0.25823
vt 0.71998 0.25823
vt 0.71247 0.26553
vt 0.70497 0.26553
vt 0.71247 0.25823
vt 0.70497 0.25823
vt 0.69746 0.26553
vt 0.68996 0.26553
vt 0.69746 0.25823
vt 0.68996 0.25823
vt 0.68245 0.26553
vt 0.67494 0.26553
vt 0.68245 0.25823
vt 0.67494 0.25823
vt 0.66744 0.26553
vt 0.65993 0.26553
vt 0.66744 0.25823
vt 0.65993 0.25823
vt 0.65243 0.26553
vt 0.64492 0.26553
vt 0.65243 0.25823
vt 0.64492 0.25823
vt 0.62991 0.27283
vt 0.63742 0.27283
vt 0.63742 0.26553
vt 0.62991 0.26553
vt 0.63742 0.25823
vt 0.62991 0.25823
vt 0.62991 0.28742
vt 0.63742 0.28742
vt 0.63742 0.28013
vt 0.62991 0.28013
vt 0.62991 0.30202
vt 0.63742 0.30202
vt 0.63742 0.29472
vt 0.62991 0.29472
vt 0.62991 0.31662
vt 0.63742 0.31662
vt 0.63742 0.30932
vt 0.62991 0.30932
vt 0.62991 0.33121
vt 0.63742 0.33121
vt 0.63742 0.32391
vt 0.62991 0.32391
vt 0.62991 0.34581
vt 0.63742 0.34581
vt 0.63742 0.33851
vt 0.62991 0.33851
vt 0.63742 0.35311
vt 0.62991 0.35311
vt 0.64492 0.47717
vt 0.65243 0.47717
vt 0.65243 0.46987
vt 0.64492 0.46987
vt 0.65993 0.47717
vt 0.65993 0.46987
vt 0.65993 0.46258
vt 0.65243 0.46258
vt 0.64492 0.46258
vt 0.66744 0.47717
vt 0.66744 0.46987
vt 0.67495 0.47717
vt 0.67495 0.46987
vt 0.67494 0.46258
vt 0.66744 0.46258
vt 0.68245 0.47717
vt 0.68245 0.46987
vt 0.68996 0.47717
vt 0.68996 0.46987
vt 0.68996 0.46258
vt 0.68245 0.46258
vt 0.69746 0.47717
vt 0.69746 0.46987
vt 0.70497 0.47717
vt 0.70497 0.46987
vt 0.70497 0.46258
vt 0.69746 0.46258
vt 0.71247 0.47717
vt 0.71247 0.46987
vt 0.71998 0.47717
vt 0.71998 0.46987
vt 0.71998 0.46258
vt 0.71247 0.46258
vt 0.72748 0.47717
vt 0.72748 0.46987
vt 0.73499 0.47717
vt 0.73499 0.46987
vt 0.73499 0.46258
vt 0.72748 0.46258
vt 0.65243 0.45528
vt 0.64492 0.45528
vt 0.65993 0.45528
vt 0.65993 0.44798
vt 0.65243 0.44798
vt 0.64492 0.44798
vt 0.66744 0.45528
vt 0.67495 0.45528
vt 0.67494 0.44798
vt 0.66744 0.44798
vt 0.68245 0.45528
vt 0.68996 0.45528
vt 0.68996 0.44798
vt 0.68245 0.44798
vt 0.69746 0.45528
vt 0.70497 0.45528
vt 0.70497 0.44798
vt 0.69746 0.44798
vt 0.71247 0.45528
vt 0.71998 0.45528
vt 0.71998 0.44798
vt 0.71247 0.44798
vt 0.72748 0.45528
vt 0.73499 0.45528
vt 0.73499 0.44798
vt 0.72748 0.44798
vt 0.65243 0.44068
vt 0.64492 0.44068
vt 0.65993 0.44068
vt 0.65993 0.43338
vt 0.65243 0.43338
vt 0.64492 0.43338
vt 0.66744 0.44068
vt 0.67495 0.44068
vt 0.67494 0.43338
vt 0.66744 0.43338
vt 0.68245 0.44068
vt 0.68996 0.44068
vt 0.68996 0.43338
vt 0.68245 0.43338
vt 0.69746 0.44068
vt 0.70497 0.44068
vt 0.70497 0.43338
vt 0.69746 0.43338
vt 0.71247 0.44068
vt 0.71998 0.44068
vt 0.71998 0.43338
vt 0.71247 0.43338
vt 0.72748 0.44068
vt 0.73499 0.44068
vt 0.73499 0.43338
vt 0.72748 0.43338
vt 0.65243 0.42609
vt 0.64492 0.42609
vt 0.65993 0.42609
vt 0.65993 0.41879
vt 0.65243 0.41879
vt 0.64492 0.41879
vt 0.66744 0.42609
vt 0.67495 0.42609
vt 0.67495 0.41879
vt 0.66744 0.41879
vt 0.68245 0.42609
vt 0.68996 0.42609
vt 0.68996 0.41879
vt 0.68245 0.41879
vt 0.69746 0.42609
vt 0.70497 0.42609
vt 0.70497 0.41879
vt 0.69746 0.41879
vt 0.71247 0.42609
vt 0.71998 0.42609
vt 0.71998 0.41879
vt 0.71247 0.41879
vt 0.72748 0.42609
vt 0.73499 0.42609
vt 0.73499 0.41879
vt 0.72748 0.41879
vt 0.65243 0.41149
vt 0.64492 0.41149
vt 0.65993 0.41149
vt 0.65993 0.40419
vt 0.65243 0.40419
vt 0.64492 0.40419
vt 0.66744 0.41149
vt 0.67495 0.41149
vt 0.67494 0.40419
vt 0.66744 0.40419
vt 0.68245 0.41149
vt 0.68996 0.41149
vt 0.68996 0.40419
vt 0.68245 0.40419
vt 0.69746 0.41149
vt 0.70497 0.41149
vt 0.70497 0.40419
vt 0.69746 0.40419
vt 0.71247 0.41149
vt 0.71998 0.41149
vt 0.71998 0.40419
vt 0.71247 0.40419
vt 0.72748 0.41149
vt 0.73499 0.41149
vt 0.73499 0.40419
vt 0.72748 0.40419
vt 0.65243 0.39689
vt 0.64492 0.39689
vt 0.65993 0.39689
vt 0.65993 0.3896
vt 0.65243 0.3896
vt 0.64492 0.3896
vt 0.66744 0.39689
vt 0.67495 0.39689
vt 0.67494 0.3896
vt 0.66744 0.3896
vt 0.68245 0.39689
vt 0.68996 0.39689
vt 0.68996 0.3896
vt 0.68245 0.3896
vt 0.69746 0.39689
vt 0.70497 0.39689
vt 0.70497 0.3896
vt 0.69746 0.3896
vt 0.71247 0.39689
vt 0.71998 0.39689
vt 0.71998 0.3896
vt 0.71247 0.3896
vt 0.72748 0.39689
vt 0.73499 0.39689
vt 0.73499 0.3896
vt 0.72748 0.3896
vt 0.62991 0.49177
vt 0.63742 0.49177
vt 0.63742 0.48447
vt 0.62991 0.48447
vt 0.64492 0.49177
vt 0.64492 0.48447
vt 0.63742 0.47717
vt 0.62991 0.47717
vt 0.65243 0.49177
vt 0.65243 0.48447
vt 0.65993 0.49177
vt 0.65993 0.48447
vt 0.66744 0.49177
vt 0.66744 0.48447
vt 0.67494 0.49177
vt 0.67494 0.48447
vt 0.68245 0.49177
vt 0.68245 0.48447
vt 0.68996 0.49177
vt 0.68996 0.48447
vt 0.69746 0.49177
vt 0.69746 0.48447
vt 0.70497 0.49177
vt 0.70497 0.48447
vt 0.71247 0.49177
vt 0.71247 0.48447
vt 0.71998 0.49177
vt 0.71998 0.48447
vt 0.72748 0.49177
vt 0.72748 0.48447
vt 0.73499 0.49177
vt 0.73499 0.48447
vt 0.74249 0.49177
vt 0.74249 0.48447
vt 0.75 0.49177
vt 0.75 0.48447
vt 0.75 0.47717
vt 0.74249 0.47717
vt 0.74249 0.46987
vt 0.75 0.46987
vt 0.75 0.46258
vt 0.74249 0.46258
vt 0.74249 0.45528
vt 0.75 0.45528
vt 0.75 0.44798
vt 0.74249 0.44798
vt 0.74249 0.44068
vt 0.75 0.44068
vt 0.75 0.43338
vt 0.74249 0.43338
vt 0.74249 0.42609
vt 0.75 0.42609
vt 0.75 0.41879
vt 0.74249 0.41879
vt 0.74249 0.41149
vt 0.75 0.41149
vt 0.75 0.40419
vt 0.74249 0.40419
vt 0.74249 0.39689
vt 0.75 0.39689
vt 0.75 0.3896
vt 0.74249 0.3896
vt 0.74249 0.3823
vt 0.73499 0.3823
vt 0.75 0.3823
vt 0.72748 0.3823
vt 0.71998 0.3823
vt 0.71247 0.3823
vt 0.70497 0.3823
vt 0.69746 0.3823
vt 0.68996 0.3823
vt 0.68245 0.3823
vt 0.67495 0.3823
vt 0.66744 0.3823
vt 0.65993 0.3823
vt 0.65243 0.3823
vt 0.64492 0.3823
vt 0.62991 0.3896
vt 0.63742 0.3896
vt 0.63742 0.3823
vt 0.62991 0.3823
vt 0.62991 0.40419
vt 0.63742 0.40419
vt 0.63742 0.39689
vt 0.62991 0.39689
vt 0.62991 0.41879
vt 0.63742 0.41879
vt 0.63742 0.41149
vt 0.62991 0.41149
vt 0.62991 0.43338
vt 0.63742 0.43338
vt 0.63742 0.42609
vt 0.62991 0.42609
vt 0.62991 0.44798
vt 0.63742 0.44798
vt 0.63742 0.44068
vt 0.62991 0.44068
vt 0.62991 0.46258
vt 0.63742 0.46258
vt 0.63742 0.45528
vt 0.62991 0.45528
vt 0.63742 0.46987
vt 0.62991 0.46987
vt 0.76501 0.47717
vt 0.77252 0.47717
vt 0.77252 0.46987
vt 0.76501 0.46987
vt 0.78002 0.47717
vt 0.78002 0.46987
vt 0.78002 0.46258
vt 0.77252 0.46258
vt 0.76501 0.46258
vt 0.78753 0.47717
vt 0.78753 0.46987
vt 0.79503 0.47717
vt 0.79503 0.46987
vt 0.79503 0.46258
vt 0.78753 0.46258
vt 0.80254 0.47717
vt 0.80254 0.46987
vt 0.81004 0.47717
vt 0.81004 0.46987
vt 0.81004 0.46258
vt 0.80254 0.46258
vt 0.81755 0.47717
vt 0.81755 0.46987
vt 0.82506 0.47717
vt 0.82506 0.46987
vt 0.82506 0.46258
vt 0.81755 0.46258
vt 0.83256 0.47717
vt 0.83256 0.46987
vt 0.84007 0.47717
vt 0.84007 0.46987
vt 0.84007 0.46258
vt 0.83256 0.46258
vt 0.84757 0.47717
vt 0.84757 0.46987
vt 0.85508 0.47717
vt 0.85508 0.46987
vt 0.85508 0.46258
vt 0.84757 0.46258
vt 0.77252 0.45528
vt 0.76501 0.45528
vt 0.78002 0.45528
vt 0.78002 0.44798
vt 0.77252 0.44798
vt 0.76501 0.44798
vt 0.78753 0.45528
vt 0.79503 0.45528
vt 0.79503 0.44798
vt 0.78753 0.44798
vt 0.80254 0.45528
vt 0.81004 0.45528
vt 0.81004 0.44798
vt 0.80254 0.44798
vt 0.81755 0.45528
vt 0.82506 0.45528
vt 0.82506 0.44798
vt 0.81755 0.44798
vt 0.83256 0.45528
vt 0.84007 0.45528
vt 0.84007 0.44798
vt 0.83256 0.44798
vt 0.84757 0.45528
vt 0.85508 0.45528
vt 0.85508 0.44798
vt 0.84757 0.44798
vt 0.77252 0.44068
vt 0.76501 0.44068
vt 0.78002 0.44068
vt 0.78002 0.43338
vt 0.77252 0.43338
vt 0.76501 0.43338
vt 0.78753 0.44068
vt 0.79503 0.44068
vt 0.79503 0.43338
vt 0.78753 0.43338
vt 0.80254 0.44068
vt 0.81004 0.44068
vt 0.81004 0.43338
vt 0.80254 0.43338
vt 0.81755 0.44068
vt 0.82506 0.44068
vt 0.82506 0.43338
vt 0.81755 0.43338
vt 0.83256 0.44068
vt 0.84007 0.44068
vt 0.84007 0.43338
vt 0.83256 0.43338
vt 0.84757 0.44068
vt 0.85508 0.44068
vt 0.85508 0.43338
vt 0.84757 0.43338
vt 0.77252 0.42609
vt 0.76501 0.42609
vt 0.78002 0.42609
vt 0.78002 0.41879
vt 0.77252 0.41879
vt 0.76501 0.41879
vt 0.78753 0.42609
vt 0.79503 0.42609
vt 0.79503 0.41879
vt 0.78753 0.41879
vt 0.80254 0.42609
vt 0.81004 0.42609
vt 0.81004 0.41879
vt 0.80254 0.41879
vt 0.81755 0.42609
vt 0.82506 0.42609
vt 0.82506 0.41879
vt 0.81755 0.41879
vt 0.83256 0.42609
vt 0.84007 0.42609
vt 0.84007 0.41879
vt 0.83256 0.41879
vt 0.84757 0.42609
vt 0.85508 0.42609
vt 0.85508 0.41879
vt 0.84757 0.41879
vt 0.77252 0.41149
vt 0.76501 0.41149
vt 0.78002 0.41149
vt 0.78002 0.40419
vt 0.77252 0.40419
vt 0.76501 0.40419
vt 0.78753 0.41149
vt 0.79503 0.41149
vt 0.79503 0.40419
vt 0.78753 0.40419
vt 0.80254 0.41149
vt 0.81004 0.41149
vt 0.81004 0.40419
vt 0.80254 0.40419
vt 0.81755 0.41149
vt 0.82506 0.41149
vt 0.82506 0.40419
vt 0.81755 0.40419
vt 0.83256 0.41149
vt 0.84007 0.41149
vt 0.84007 0.40419
vt 0.83256 0.40419
vt 0.84757 0.41149
vt 0.85508 0.41149
vt 0.85508 0.40419
vt 0.84757 0.40419
vt 0.77252 0.39689
vt 0.76501 0.39689
vt 0.78002 0.39689
vt 0.78002 0.3896
vt 0.77252 0.3896
vt 0.76501 0.3896
vt 0.78753 0.39689
vt 0.79503 0.39689
vt 0.79503 0.3896
vt 0.78753 0.3896
vt 0.80254 0.39689
vt 0.81004 0.39689
vt 0.81004 0.3896
vt 0.80254 0.3896
vt 0.81755 0.39689
vt 0.82506 0.39689
vt 0.82506 0.3896
vt 0.81755 0.3896
vt 0.83256 0.39689
vt 0.84007 0.39689
vt 0.84007 0.3896
vt 0.83256 0.3896
vt 0.84757 0.39689
vt 0.85508 0.39689
vt 0.85508 0.3896
vt 0.84757 0.3896
vt 0.75751 0.49177
vt 0.75751 0.48447
vt 0.76501 0.49177
vt 0.76501 0.48447
vt 0.75751 0.47717
vt 0.77252 0.49177
vt 0.77252 0.48447
vt 0.78002 0.49177
vt 0.78002 0.48447
vt 0.78753 0.49177
vt 0.78753 0.48447
vt 0.79503 0.49177
vt 0.79503 0.48447
vt 0.80254 0.49177
vt 0.80254 0.48447
vt 0.81004 0.49177
vt 0.81004 0.48447
vt 0.81755 0.49177
vt 0.81755 0.48447
vt 0.82506 0.49177
vt 0.82506 0.48447
vt 0.83256 0.49177
vt 0.83256 0.48447
vt 0.84007 0.49177
vt 0.84007 0.48447
vt 0.84757 0.49177
vt 0.84757 0.48447
vt 0.85508 0.49177
vt 0.85508 0.48447
vt 0.86258 0.49177
vt 0.86258 0.48447
vt 0.87009 0.49177
vt 0.87009 0.48447
vt 0.87009 0.47717
vt 0.86258 0.47717
vt 0.86258 0.46987
vt 0.87009 0.46987
vt 0.87009 0.46258
vt 0.86258 0.46258
vt 0.86258 0.45528
vt 0.87009 0.45528
vt 0.87009 0.44798
vt 0.86258 0.44798
vt 0.86258 0.44068
vt 0.87009 0.44068
vt 0.87009 0.43338
vt 0.86258 0.43338
vt 0.86258 0.42609
vt 0.87009 0.42609
vt 0.87009 0.41879
vt 0.86258 0.41879
vt 0.86258 0.41149
vt 0.87009 0.41149
vt 0.87009 0.40419
vt 0.86258 0.40419
vt 0.86258 0.39689
vt 0.87009 0.39689
vt 0.87009 0.3896
vt 0.86258 0.3896
vt 0.86258 0.3823
vt 0.85508 0.3823
vt 0.87009 0.3823
vt 0.84757 0.3823
vt 0.84007 0.3823
vt 0.83256 0.3823
vt 0.82506 0.3823
vt 0.81755 0.3823
vt 0.81004 0.3823
vt 0.80254 0.3823
vt 0.79503 0.3823
vt 0.78753 0.3823
vt 0.78002 0.3823
vt 0.77252 0.3823
vt 0.76501 0.3823
vt 0.75751 0.3896
vt 0.75751 0.3823
vt 0.75751 0.40419
vt 0.75751 0.39689
vt 0.75751 0.41879
vt 0.75751 0.41149
vt 0.75751 0.43338
vt 0.75751 0.42609
vt 0.75751 0.44798
vt 0.75751 0.44068
vt 0.75751 0.46258
vt 0.75751 0.45528
vt 0.75751 0.46987
vt 0.59229 1.00175
vt 0.625 0.75
vt 0.59229 0.74825
vt 0.625 0.5
vt 0.59229 0.50175
vt 0.625 0.25
vt 0.59229 0.24825
vt 0.625 0
vt 0.58091 -0.00315
vt 0.5 0.25
vt 0.5 0.5
vt 0.5 0.75
vt 0.5 1
vt 0.625 1
vt 0.87009 0.25823
vt 0.875 0.5
vt 0.875 0.25
vt 0.87009 0.49177
vt 0.62991 0.49177
vt 0.62991 0.25823
vt 0.125 0.5
vt 0.375 0.5
vt 0.375 0.25
vt 0.125 0.25
vt 0.375 1
vt 0.4375 0.75
vt 0.375 0.75
vt 0.4375 0.5
vt 0.4375 0.25
vt 0.4375 0
vt 0.375 0
vt 0.5 0
vt 0.4375 1
vt 0.58929 0.8
vt 0.625 0.8
vt 0.58929 0.75
vt 0.58929 0.53125
vt 0.625 0.53125
vt 0.58929 0.5
vt 0.58929 0.3
vt 0.625 0.3
vt 0.58929 0.25
vt 0.58929 0.03125
vt 0.625 0.03125
vt 0.58929 0
vt 0.84375 0.3
vt 0.875 0.3
vt 0.84375 0.25
vt 0.65625 0.3
vt 0.65625 0.25
vt 0.6875 0.3
vt 0.6875 0.25
vt 0.70312 0.3
vt 0.71875 0.3
vt 0.71875 0.25
vt 0.70312 0.25
vt 0.75 0.3
vt 0.75 0.25
vt 0.78125 0.3
vt 0.78125 0.25
vt 0.79688 0.3
vt 0.8125 0.3
vt 0.8125 0.25
vt 0.79688 0.25
vt 0.15625 0.25
vt 0.125 0.3
vt 0.625 0.21875
vt 0.58929 0.21875
vt 0.625 0.1875
vt 0.58929 0.1875
vt 0.58929 0.17188
vt 0.625 0.17188
vt 0.625 0.15625
vt 0.58929 0.15625
vt 0.625 0.125
vt 0.58929 0.125
vt 0.625 0.09375
vt 0.58929 0.09375
vt 0.58929 0.07812
vt 0.625 0.07812
vt 0.625 0.0625
vt 0.58929 0.0625
vt 0.625 0.71875
vt 0.58929 0.71875
vt 0.625 0.6875
vt 0.58929 0.6875
vt 0.58929 0.67188
vt 0.625 0.67188
vt 0.625 0.65625
vt 0.58929 0.65625
vt 0.625 0.625
vt 0.58929 0.625
vt 0.625 0.59375
vt 0.58929 0.59375
vt 0.58929 0.57812
vt 0.625 0.57812
vt 0.625 0.5625
vt 0.58929 0.5625
vt 0.375 0.5625
vt 0.41071 0.5625
vt 0.41071 0.53125
vt 0.375 0.53125
vt 0.44643 0.5625
vt 0.44643 0.53125
vt 0.48214 0.5625
vt 0.48214 0.53125
vt 0.51786 0.5625
vt 0.51786 0.53125
vt 0.55357 0.5625
vt 0.55357 0.53125
vt 0.375 0.57812
vt 0.41071 0.57812
vt 0.44643 0.57812
vt 0.48214 0.57812
vt 0.51786 0.57812
vt 0.55357 0.57812
vt 0.375 0.625
vt 0.41071 0.625
vt 0.41071 0.59375
vt 0.375 0.59375
vt 0.44643 0.625
vt 0.44643 0.59375
vt 0.48214 0.625
vt 0.48214 0.59375
vt 0.51786 0.625
vt 0.51786 0.59375
vt 0.55357 0.625
vt 0.55357 0.59375
vt 0.375 0.65625
vt 0.41071 0.65625
vt 0.44643 0.65625
vt 0.48214 0.65625
vt 0.51786 0.65625
vt 0.55357 0.65625
vt 0.375 0.67188
vt 0.41071 0.67188
vt 0.44643 0.67188
vt 0.48214 0.67188
vt 0.51786 0.67188
vt 0.55357 0.67188
vt 0.375 0.71875
vt 0.41071 0.71875
vt 0.41071 0.6875
vt 0.375 0.6875
vt 0.44643 0.71875
vt 0.44643 0.6875
vt 0.48214 0.71875
vt 0.48214 0.6875
vt 0.51786 0.71875
vt 0.51786 0.6875
vt 0.55357 0.71875
vt 0.55357 0.6875
vt 0.41071 0.75
vt 0.44643 0.75
vt 0.48214 0.75
vt 0.51786 0.75
vt 0.55357 0.75
vt 0.375 0.0625
vt 0.41071 0.0625
vt 0.41071 0.03125
vt 0.375 0.03125
vt 0.44643 0.0625
vt 0.44643 0.03125
vt 0.48214 0.0625
vt 0.48214 0.03125
vt 0.51786 0.0625
vt 0.51786 0.03125
vt 0.55357 0.0625
vt 0.55357 0.03125
vt 0.375 0.07812
vt 0.41071 0.07812
vt 0.44643 0.07812
vt 0.48214 0.07812
vt 0.51786 0.07812
vt 0.55357 0.07812
vt 0.44643 0.125
vt 0.48214 0.125
vt 0.48214 0.09375
vt 0.44643 0.09375
vt 0.51786 0.125
vt 0.51786 0.09375
vt 0.55357 0.125
vt 0.55357 0.09375
vt 0.44643 0.15625
vt 0.48214 0.15625
vt 0.51786 0.15625
vt 0.55357 0.15625
vt 0.375 0.17188
vt 0.41071 0.17188
vt 0.41071 0.15625
vt 0.375 0.15625
vt 0.44643 0.17188
vt 0.48214 0.17188
vt 0.51786 0.17188
vt 0.55357 0.17188
vt 0.375 0.21875
vt 0.41071 0.21875
vt 0.41071 0.1875
vt 0.375 0.1875
vt 0.44643 0.21875
vt 0.44643 0.1875
vt 0.48214 0.21875
vt 0.48214 0.1875
vt 0.51786 0.21875
vt 0.51786 0.1875
vt 0.55357 0.21875
vt 0.55357 0.1875
vt 0.41071 0.25
vt 0.44643 0.25
vt 0.48214 0.25
vt 0.51786 0.25
vt 0.55357 0.25
vt 0.41071 0
vt 0.44643 0
vt 0.48214 0
vt 0.51786 0
vt 0.55357 0
vt 0.375 0.3
vt 0.41071 0.3
vt 0.44643 0.3
vt 0.48214 0.3
vt 0.51786 0.3
vt 0.55357 0.3
vt 0.41071 0.5
vt 0.44643 0.5
vt 0.48214 0.5
vt 0.51786 0.5
vt 0.55357 0.5
vt 0.375 0.8
vt 0.41071 0.8
vt 0.44643 0.8
vt 0.48214 0.8
vt 0.51786 0.8
vt 0.55357 0.8
vt 0.55357 1
vt 0.58929 1
vt 0.58929 0.95
vt 0.55357 0.95
vt 0.58929 0.9
vt 0.55357 0.9
vt 0.58929 0.85
vt 0.55357 0.85
vt 0.51786 1
vt 0.51786 0.95
vt 0.51786 0.9
vt 0.51786 0.85
vt 0.48214 1
vt 0.48214 0.95
vt 0.48214 0.9
vt 0.48214 0.85
vt 0.44643 1
vt 0.44643 0.95
vt 0.44643 0.9
vt 0.44643 0.85
vt 0.41071 1
vt 0.41071 0.95
vt 0.41071 0.9
vt 0.41071 0.85
vt 0.375 0.95
vt 0.375 0.9
vt 0.375 0.85
vt 0.58929 0.45
vt 0.55357 0.45
vt 0.58929 0.4
vt 0.55357 0.4
vt 0.58929 0.35
vt 0.55357 0.35
vt 0.51786 0.45
vt 0.51786 0.4
vt 0.51786 0.35
vt 0.48214 0.45
vt 0.48214 0.4
vt 0.48214 0.35
vt 0.44643 0.45
vt 0.44643 0.4
vt 0.44643 0.35
vt 0.41071 0.45
vt 0.41071 0.4
vt 0.41071 0.35
vt 0.375 0.45
vt 0.375 0.4
vt 0.375 0.35
vt 0.8125 0.5
vt 0.84375 0.5
vt 0.84375 0.45
vt 0.8125 0.45
vt 0.84375 0.4
vt 0.8125 0.4
vt 0.84375 0.35
vt 0.8125 0.35
vt 0.79688 0.5
vt 0.79688 0.45
vt 0.79688 0.4
vt 0.79688 0.35
vt 0.75 0.5
vt 0.78125 0.5
vt 0.78125 0.45
vt 0.75 0.45
vt 0.78125 0.4
vt 0.75 0.4
vt 0.78125 0.35
vt 0.75 0.35
vt 0.71875 0.5
vt 0.71875 0.45
vt 0.71875 0.4
vt 0.71875 0.35
vt 0.70312 0.5
vt 0.70312 0.45
vt 0.70312 0.4
vt 0.70312 0.35
vt 0.65625 0.5
vt 0.6875 0.5
vt 0.6875 0.45
vt 0.65625 0.45
vt 0.6875 0.4
vt 0.65625 0.4
vt 0.6875 0.35
vt 0.65625 0.35
vt 0.625 0.45
vt 0.625 0.4
vt 0.625 0.35
vt 0.875 0.45
vt 0.875 0.4
vt 0.875 0.35
vt 0.625 0.95
vt 0.625 0.9
vt 0.625 0.85
vt 0.41071 0.09375
vt 0.375 0.09375
usemtl mat1
f 1/1/1 2/2/2 3/3/3
f 1/1/1 3/3/3 4/4/4
f 2/2/2 5/5/5 6/6/6
f 2/2/2 6/6/6 3/3/3
f 3/3/3 6/6/6 7/7/7
f 3/3/3 7/7/7 8/8/8
f 4/4/4 3/3/3 8/8/8
f 4/4/4 8/8/8 9/9/9
f 5/5/5 10/10/10 11/11/11
f 5/5/5 11/11/11 6/6/6
f 10/10/10 12/12/12 13/13/13
f 10/10/10 13/13/13 11/11/11
f 11/11/11 13/13/13 14/14/14
f 11/11/11 14/14/14 15/15/15
f 6/6/6 11/11/11 15/15/15
f 6/6/6 15/15/15 7/7/7
f 12/12/12 16/16/16 17/17/17
f 12/12/12 17/17/17 13/13/13
f 16/16/16 18/18/18 19/19/19
f 16/16/16 19/19/19 17/17/17
f 17/17/17 19/19/19 20/20/20
f 17/17/17 20/20/20 21/21/21
f 13/13/13 17/17/17 21/21/21
f 13/13/13 21/21/21 14/14/14
f 18/18/18 22/22/22 23/23/23
f 18/18/18 23/23/23 19/19/19
f 22/22/22 24/24/24 25/25/25
f 22/22/22 25/25/25 23/23/23
f 23/23/23 25/25/25 26/26/26
f 23/23/23 26/26/26 27/27/27
f 19/19/19 23/23/23 27/27/27
f 19/19/19 27/27/27 20/20/20
f 24/24/24 28/28/28 29/29/29
f 24/24/24 29/29/29 25/25/25
f 28/28/28 30/30/30 31/31/31
f 28/28/28 31/31/31 29/29/29
f 29/29/29 31/31/31 32/32/32
f 29/29/29 32/32/32 33/33/33
f 25/25/25 29/29/29 33/33/33
f 25/25/25 33/33/33 26/26/26
f 30/30/30 34/34/34 35/35/35
f 30/30/30 35/35/35 31/31/31
f 34/34/34 36/36/36 37/37/37
f 34/34/34 37/37/37 35/35/35
f 35/35/35 37/37/37 38/38/38
f 35/35/35 38/38/38 39/39/39
f 31/31/31 35/35/35 39/39/39
f 31/31/31 39/39/39 32/32/32
f 9/9/9 8/8/8 40/40/40
f 9/9/9 40/40/40 41/41/41
f 8/8/8 7/7/7 42/42/42
f 8/8/8 42/42/42 40/40/40
f 40/40/40 42/42/42 43/43/43
f 40/40/40 43/43/43 44/44/44
f 41/41/41 40/40/40 44/44/44
f 41/41/41 44/44/44 45/45/45
f 7/7/7 15/15/15 46/46/46
f 7/7/7 46/46/46 42/42/42
f 15/15/15 14/14/14 47/47/47
f 15/15/15 47/47/47 46/46/46
f 46/46/46 47/47/47 48/48/48
f 46/46/46 48/48/48 49/49/49
f 42/42/42 46/46/46 49/49/49
f 42/42/42 49/49/49 43/43/43
f 14/14/14 21/21/21 50/50/50
f 14/14/14 50/50/50 47/47/47
f 21/21/21 20/20/20 51/51/51
f 21/21/21 51/51/51 50/50/50
f 50/50/50 51/51/51 52/52/52
f 50/50/50 52/52/52 53/53/53
f 47/47/47 50/50/50 53/53/53
f 47/47/47 53/53/53 48/48/48
f 20/20/20 27/27/27 54/54/54
f 20/20/20 54/54/54 51/51/51
f 27/27/27 26/26/26 55/55/55
f 27/27/27 55/55/55 54/54/54
f 54/54/54 55/55/55 56/56/56
f 54/54/54 56/56/56 57/57/57
f 51/51/51 54/54/54 57/57/57
f 51/51/51 57/57/57 52/52/52
f 26/26/26 33/33/33 58/58/58
f 26/26/26 58/58/58 55/55/55
f 33/33/33 32/32/32 59/59/59
f 33/33/33 59/59/59 58/58/58
f 58/58/58 59/59/59 60/60/60
f 58/58/58 60/60/60 61/61/61
f 55/55/55 58/58/58 61/61/61
f 55/55/55 61/61/61 56/56/56
f 32/32/32 39/39/39 62/62/62
f 32/32/32 62/62/62 59/59/59
f 39/39/39 38/38/38 63/63/63
f 39/39/39 63/63/63 62/62/62
f 62/62/62 63/63/63 64/64/64
f 62/62/62 64/64/64 65/65/65
f 59/59/59 62/62/62 65/65/65
f 59/59/59 65/65/65 60/60/60
f 45/45/45 44/44/44 66/66/66
f 45/45/45 66/66/66 67/67/67
f 44/44/44 43/43/43 68/68/68
f 44/44/44 68/68/68 66/66/66
f 66/66/66 68/68/68 69/69/69
f 66/66/66 69/69/69 70/70/70
f 67/67/67 66/66/66 70/70/70
f 67/67/67 70/70/70 71/71/71
f 43/43/43 49/49/49 72/72/72
f 43/43/43 72/72/72 68/68/68
f 49/49/49 48/48/48 73/73/73
f 49/49/49 73/73/73 72/72/72
f 72/72/72 73/73/73 74/74/74
f 72/72/72 74/74/74 75/75/75
f 68/68/68 72/72/72 75/75/75
f 68/68/68 75/75/75 69/69/69
f 48/48/48 53/53/53 76/76/76
f 48/48/48 76/76/76 73/73/73
f 53/53/53 52/52/52 77/77/77
f 53/53/53 77/77/77 76/76/76
f 76/76/76 77/77/77 78/78/78
f 76/76/76 78/78/78 79/79/79
f 73/73/73 76/76/76 79/79/79
f 73/73/73 79/79/79 74/74/74
f 52/52/52 57/57/57 80/80/80
f 52/52/52 80/80/80 77/77/77
f 57/57/57 56/56/56 81/81/81
f 57/57/57 81/81/81 80/80/80
f 80/80/80 81/81/81 82/82/82
f 80/80/80 82/82/82 83/83/83
f 77/77/77 80/80/80 83/83/83
f 77/77/77 83/83/83 78/78/78
f 56/56/56 61/61/61 84/84/84
f 56/56/56 84/84/84 81/81/81
f 61/61/61 60/60/60 85/85/85
f 61/61/61 85/85/85 84/84/84
f 84/84/84 85/85/85 86/86/86
f 84/84/84 86/86/86 87/87/87
f 81/81/81 84/84/84 87/87/87
f 81/81/81 87/87/87 82/82/82
f 60/60/60 65/65/65 88/88/88
f 60/60/60 88/88/88 85/85/85
f 65/65/65 64/64/64 89/89/89
f 65/65/65 89/89/89 88/88/88
f 88/88/88 89/89/89 90/90/90
f 88/88/88 90/90/90 91/91/91
f 85/85/85 88/88/88 91/91/91
f 85/85/85 91/91/91 86/86/86
f 71/71/71 70/70/70 92/92/92
f 71/71/71 92/92/92 93/93/93
f 70/70/70 69/69/69 94/94/94
f 70/70/70 94/94/94 92/92/92
f 92/92/92 94/94/94 95/95/95
f 92/92/92 95/95/95 96/96/96
f 93/93/93 92/92/92 96/96/96
f 93/93/93 96/96/96 97/97/97
f 69/69/69 75/75/75 98/98/98
f 69/69/69 98/98/98 94/94/94
f 75/75/75 74/74/74 99/99/99
f 75/75/75 99/99/99 98/98/98
f 98/98/98 99/99/99 100/100/100
f 98/98/98 100/100/100 101/101/101
f 94/94/94 98/98/98 101/101/101
f 94/94/94 101/101/101 95/95/95
f 74/74/74 79/79/79 102/102/102
f 74/74/74 102/102/102 99/99/99
f 79/79/79 78/78/78 103/103/103
f 79/79/79 103/103/103 102/102/102
f 102/102/102 103/103/103 104/104/104
f 102/102/102 104/104/104 105/105/105
f 99/99/99 102/102/102 105/105/105
f 99/99/99 105/105/105 100/100/100
f 78/78/78 83/83/83 106/106/106
f 78/78/78 106/106/106 103/103/103
f 83/83/83 82/82/82 107/107/107
f 83/83/83 107/107/107 106/106/106
f 106/106/106 107/107/107 108/108/108
f 106/106/106 108/108/108 109/109/109
f 103/103/103 106/106/106 109/109/109
f 103/103/103 109/109/109 104/104/104
f 82/82/82 87/87/87 110/110/110
f 82/82/82 110/110/110 107/107/107
f 87/87/87 86/86/86 111/111/111
f 87/87/87 111/111/111 110/110/110
f 110/110/110 111/111/111 112/112/112
f 110/110/110 112/112/112 113/113/113
f 107/107/107 110/110/110 113/113/113
f 107/107/107 113/113/113 108/108/108
f 86/86/86 91/91/91 114/114/114
f 86/86/86 114/114/114 111/111/111
f 91/91/91 90/90/90 115/115/115
f 91/91/91 115/115/115 114/114/114
f 114/114/114 115/115/115 116/116/116
f 114/114/114 116/116/116 117/117/117
f 111/111/111 114/114/114 117/117/117
f 111/111/111 117/117/117 112/112/112
f 97/97/97 96/96/96 118/118/118
f 97/97/97 118/118/118 119/119/119
f 96/96/96 95/95/95 120/120/120
f 96/96/96 120/120/120 118/118/118
f 118/118/118 120/120/120 121/121/121
f 118/118/118 121/121/121 122/122/122
f 119/119/119 118/118/118 122/122/122
f 119/119/119 122/122/122 123/123/123
f 95/95/95 101/101/101 124/124/124
f 95/95/95 124/124/124 120/120/120
f 101/101/101 100/100/100 125/125/125
f 101/101/101 125/125/125 124/124/124
f 124/124/124 125/125/125 126/126/126
f 124/124/124 126/126/126 127/127/127
f 120/120/120 124/124/124 127/127/127
f 120/120/120 127/127/127 121/121/121
f 100/100/100 105/105/105 128/128/128
f 100/100/100 128/128/128 125/125/125
f 105/105/105 104/104/104 129/129/129
f 105/105/105 129/129/129 128/128/128
f 128/128/128 129/129/129 130/130/130
f 128/128/128 130/130/130 131/131/131
f 125/125/125 128/128/128 131/131/131
f 125/125/125 131/131/131 126/126/126
f 104/104/104 109/109/109 132/132/132
f 104/104/104 132/132/132 129/129/129
f 109/109/109 108/108/108 133/133/133
f 109/109/109 133/133/133 132/132/132
f 132/132/132 133/133/133 134/134/134
f 132/132/132 134/134/134 135/135/135
f 129/129/129 132/132/132 135/135/135
f 129/129/129 135/135/135 130/130/130
f 108/108/108 113/113/113 136/136/136
f 108/108/108 136/136/136 133/133/133
f 113/113/113 112/112/112 137/137/137
f 113/113/113 137/137/137 136/136/136
f 136/136/136 137/137/137 138/138/138
f 136/136/136 138/138/138 139/139/139
f 133/133/133 136/136/136 139/139/139
f 133/133/133 139/139/139 134/134/134
f 112/112/112 117/117/117 140/140/140
f 112/112/112 140/140/140 137/137/137
f 117/117/117 116/116/116 141/141/141
f 117/117/117 141/141/141 140/140/140
f 140/140/140 141/141/141 142/142/142
f 140/140/140 142/142/142 143/143/143
f 137/137/137 140/140/140 143/143/143
f 137/137/137 143/143/143 138/138/138
f 123/123/123 122/122/122 144/144/144
f 123/123/123 144/144/144 145/145/145
f 122/122/122 121/121/121 146/146/146
f 122/122/122 146/146/146 144/144/144
f 144/144/144 146/146/146 147/147/147
f 144/144/144 147/147/147 148/148/148
f 145/145/145 144/144/144 148/148/148
f 145/145/145 148/148/148 149/149/149
f 121/121/121 127/127/127 150/150/150
f 121/121/121 150/150/150 146/146/146
f 127/127/127 126/126/126 151/151/151
f 127/127/127 151/151/151 150/150/150
f 150/150/150 151/151/151 152/152/152
f 150/150/150 152/152/152 153/153/153
f 146/146/146 150/150/150 153/153/153
f 146/146/146 153/153/153 147/147/147
f 126/126/126 131/131/131 154/154/154
f 126/126/126 154/154/154 151/151/151
f 131/131/131 130/130/130 155/155/155
f 131/131/131 155/155/155 154/154/154
f 154/154/154 155/155/155 156/156/156
f 154/154/154 156/156/156 157/157/157
f 151/151/151 154/154/154 157/157/157
f 151/151/151 157/157/157 152/152/152
f 130/130/130 135/135/135 158/158/158
f 130/130/130 158/158/158 155/155/155
f 135/135/135 134/134/134 159/159/159
f 135/135/135 159/159/159 158/158/158
f 158/158/158 159/159/159 160/160/160
f 158/158/158 160/160/160 161/161/161
f 155/155/155 158/158/158 161/161/161
f 155/155/155 161/161/161 156/156/156
f 134/134/134 139/139/139 162/162/162
f 134/134/134 162/162/162 159/159/159
f 139/139/139 138/138/138 163/163/163
f 139/139/139 163/163/163 162/162/162
f 162/162/162 163/163/163 164/164/164
f 162/162/162 164/164/164 165/165/165
f 159/159/159 162/162/162 165/165/165
f 159/159/159 165/165/165 160/160/160
f 138/138/138 143/143/143 166/166/166
f 138/138/138 166/166/166 163/163/163
f 143/143/143 142/142/142 167/167/167
f 143/143/143 167/167/167 166/166/166
f 166/166/166 167/167/167 168/168/168
f 166/166/166 168/168/168 169/169/169
f 163/163/163 166/166/166 169/169/169
f 163/163/163 169/169/169 164/164/164
f 170/170/170 171/171/171 172/172/172
f 170/170/170 172/172/172 173/173/173
f 171/171/171 174/174/174 175/175/175
f 171/171/171 175/175/175 172/172/172
f 172/172/172 175/175/175 1/1/1
f 172/172/172 1/1/1 176/176/176
f 173/173/173 172/172/172 176/176/176
f 173/173/173 176/176/176 177/177/177
f 174/174/174 178/178/178 179/179/179
f 174/174/174 179/179/179 175/175/175
f 178/178/178 180/180/180 181/181/181
f 178/178/178 181/181/181 179/179/179
f 179/179/179 181/181/181 5/5/5
f 179/179/179 5/5/5 2/2/2
f 175/175/175 179/179/179 2/2/2
f 175/175/175 2/2/2 1/1/1
f 180/180/180 182/182/182 183/183/183
f 180/180/180 183/183/183 181/181/181
f 182/182/182 184/184/184 185/185/185
f 182/182/182 185/185/185 183/183/183
f 183/183/183 185/185/185 12/12/12
f 183/183/183 12/12/12 10/10/10
f 181/181/181 183/183/183 10/10/10
f 181/181/181 10/10/10 5/5/5
f 184/184/184 186/186/186 187/187/187
f 184/184/184 187/187/187 185/185/185
f 186/186/186 188/188/188 189/189/189
f 186/186/186 189/189/189 187/187/187
f 187/187/187 189/189/189 18/18/18
f 187/187/187 18/18/18 16/16/16
f 185/185/185 187/187/187 16/16/16
f 185/185/185 16/16/16 12/12/12
f 188/188/188 190/190/190 191/191/191
f 188/188/188 191/191/191 189/189/189
f 190/190/190 192/192/192 193/193/193
f 190/190/190 193/193/193 191/191/191
f 191/191/191 193/193/193 24/24/24
f 191/191/191 24/24/24 22/22/22
f 189/189/189 191/191/191 22/22/22
f 189/189/189 22/22/22 18/18/18
f 192/192/192 194/194/194 195/195/195
f 192/192/192 195/195/195 193/193/193
f 194/194/194 196/196/196 197/197/197
f 194/194/194 197/197/197 195/195/195
f 195/195/195 197/197/197 30/30/30
f 195/195/195 30/30/30 28/28/28
f 193/193/193 195/195/195 28/28/28
f 193/193/193 28/28/28 24/24/24
f 196/196/196 198/198/198 199/199/199
f 196/196/196 199/199/199 197/197/197
f 198/198/198 200/200/200 201/201/201
f 198/198/198 201/201/201 199/199/199
f 199/199/199 201/201/201 36/36/36
f 199/199/199 36/36/36 34/34/34
f 197/197/197 199/199/199 34/34/34
f 197/197/197 34/34/34 30/30/30
f 200/200/200 202/202/202 203/203/203
f 200/200/200 203/203/203 201/201/201
f 202/202/202 204/204/204 205/205/205
f 202/202/202 205/205/205 203/203/203
f 203/203/203 205/205/205 206/206/206
f 203/203/203 206/206/206 207/207/207
f 201/201/201 203/203/203 207/207/207
f 201/201/201 207/207/207 36/36/36
f 36/36/36 207/207/207 208/208/208
f 36/36/36 208/208/208 37/37/37
f 207/207/207 206/206/206 209/209/209
f 207/207/207 209/209/209 208/208/208
f 208/208/208 209/209/209 210/210/210
f 208/208/208 210/210/210 211/211/211
f 37/37/37 208/208/208 211/211/211
f 37/37/37 211/211/211 38/38/38
f 38/38/38 211/211/211 212/212/212
f 38/38/38 212/212/212 63/63/63
f 211/211/211 210/210/210 213/213/213
f 211/211/211 213/213/213 212/212/212
f 212/212/212 213/213/213 214/214/214
f 212/212/212 214/214/214 215/215/215
f 63/63/63 212/212/212 215/215/215
f 63/63/63 215/215/215 64/64/64
f 64/64/64 215/215/215 216/216/216
f 64/64/64 216/216/216 89/89/89
f 215/215/215 214/214/214 217/217/217
f 215/215/215 217/217/217 216/216/216
f 216/216/216 217/217/217 218/218/218
f 216/216/216 218/218/218 219/219/219
f 89/89/89 216/216/216 219/219/219
f 89/89/89 219/219/219 90/90/90
f 90/90/90 219/219/219 220/220/220
f 90/90/90 220/220/220 115/115/115
f 219/219/219 218/218/218 221/221/221
f 219/219/219 221/221/221 220/220/220
f 220/220/220 221/221/221 222/222/222
f 220/220/220 222/222/222 223/223/223
f 115/115/115 220/220/220 223/223/223
f 115/115/115 223/223/223 116/116/116
f 116/116/116 223/223/223 224/224/224
f 116/116/116 224/224/224 141/141/141
f 223/223/223 222/222/222 225/225/225
f 223/223/223 225/225/225 224/224/224
f 224/224/224 225/225/225 226/226/226
f 224/224/224 226/226/226 227/227/227
f 141/141/141 224/224/224 227/227/227
f 141/141/141 227/227/227 142/142/142
f 142/142/142 227/227/227 228/228/228
f 142/142/142 228/228/228 167/167/167
f 227/227/227 226/226/226 229/229/229
f 227/227/227 229/229/229 228/228/228
f 228/228/228 229/229/229 230/230/230
f 228/228/228 230/230/230 231/231/231
f 167/167/167 228/228/228 231/231/231
f 167/167/167 231/231/231 168/168/168
f 168/168/168 231/231/231 232/232/232
f 168/168/168 232/232/232 233/233/233
f 231/231/231 230/230/230 234/234/234
f 231/231/231 234/234/234 232/232/232
f 232/232/232 234/234/234 235/235/235
f 232/232/232 235/235/235 236/236/236
f 233/233/233 232/232/232 236/236/236
f 233/233/233 236/236/236 237/237/237
f 164/164/164 169/169/169 238/238/238
f 164/164/164 238/238/238 239/239/239
f 169/169/169 168/168/168 233/233/233
f 169/169/169 233/233/233 238/238/238
f 238/238/238 233/233/233 237/237/237
f 238/238/238 237/237/237 240/240/240
f 239/239/239 238/238/238 240/240/240
f 239/239/239 240/240/240 241/241/241
f 160/160/160 165/165/165 242/242/242
f 160/160/160 242/242/242 243/243/243
f 165/165/165 164/164/164 239/239/239
f 165/165/165 239/239/239 242/242/242
f 242/242/242 239/239/239 241/241/241
f 242/242/242 241/241/241 244/244/244
f 243/243/243 242/242/242 244/244/244
f 243/243/243 244/244/244 245/245/245
f 156/156/156 161/161/161 246/246/246
f 156/156/156 246/246/246 247/247/247
f 161/161/161 160/160/160 243/243/243
f 161/161/161 243/243/243 246/246/246
f 246/246/246 243/243/243 245/245/245
f 246/246/246 245/245/245 248/248/248
f 247/247/247 246/246/246 248/248/248
f 247/247/247 248/248/248 249/249/249
f 152/152/152 157/157/157 250/250/250
f 152/152/152 250/250/250 251/251/251
f 157/157/157 156/156/156 247/247/247
f 157/157/157 247/247/247 250/250/250
f 250/250/250 247/247/247 249/249/249
f 250/250/250 249/249/249 252/252/252
f 251/251/251 250/250/250 252/252/252
f 251/251/251 252/252/252 253/253/253
f 147/147/147 153/153/153 254/254/254
f 147/147/147 254/254/254 255/255/255
f 153/153/153 152/152/152 251/251/251
f 153/153/153 251/251/251 254/254/254
f 254/254/254 251/251/251 253/253/253
f 254/254/254 253/253/253 256/256/256
f 255/255/255 254/254/254 256/256/256
f 255/255/255 256/256/256 257/257/257
f 149/149/149 148/148/148 258/258/258
f 149/149/149 258/258/258 259/259/259
f 148/148/148 147/147/147 255/255/255
f 148/148/148 255/255/255 258/258/258
f 258/258/258 255/255/255 257/257/257
f 258/258/258 257/257/257 260/260/260
f 259/259/259 258/258/258 260/260/260
f 259/259/259 260/260/260 261/261/261
f 262/262/262 263/263/263 264/264/264
f 262/262/262 264/264/264 265/265/265
f 263/263/263 149/149/149 259/259/259
f 263/263/263 259/259/259 264/264/264
f 264/264/264 259/259/259 261/261/261
f 264/264/264 261/261/261 266/266/266
f 265/265/265 264/264/264 266/266/266
f 265/265/265 266/266/266 267/267/267
f 268/268/268 269/269/269 270/270/270
f 268/268/268 270/270/270 271/271/271
f 269/269/269 123/123/123 145/145/145
f 269/269/269 145/145/145 270/270/270
f 270/270/270 145/145/145 149/149/149
f 270/270/270 149/149/149 263/263/263
f 271/271/271 270/270/270 263/263/263
f 271/271/271 263/263/263 262/262/262
f 272/272/272 273/273/273 274/274/274
f 272/272/272 274/274/274 275/275/275
f 273/273/273 97/97/97 119/119/119
f 273/273/273 119/119/119 274/274/274
f 274/274/274 119/119/119 123/123/123
f 274/274/274 123/123/123 269/269/269
f 275/275/275 274/274/274 269/269/269
f 275/275/275 269/269/269 268/268/268
f 276/276/276 277/277/277 278/278/278
f 276/276/276 278/278/278 279/279/279
f 277/277/277 71/71/71 93/93/93
f 277/277/277 93/93/93 278/278/278
f 278/278/278 93/93/93 97/97/97
f 278/278/278 97/97/97 273/273/273
f 279/279/279 278/278/278 273/273/273
f 279/279/279 273/273/273 272/272/272
f 280/280/280 281/281/281 282/282/282
f 280/280/280 282/282/282 283/283/283
f 281/281/281 45/45/45 67/67/67
f 281/281/281 67/67/67 282/282/282
f 282/282/282 67/67/67 71/71/71
f 282/282/282 71/71/71 277/277/277
f 283/283/283 282/282/282 277/277/277
f 283/283/283 277/277/277 276/276/276
f 284/284/284 285/285/285 286/286/286
f 284/284/284 286/286/286 287/287/287
f 285/285/285 9/9/9 41/41/41
f 285/285/285 41/41/41 286/286/286
f 286/286/286 41/41/41 45/45/45
f 286/286/286 45/45/45 281/281/281
f 287/287/287 286/286/286 281/281/281
f 287/287/287 281/281/281 280/280/280
f 177/177/177 176/176/176 288/288/288
f 177/177/177 288/288/288 289/289/289
f 176/176/176 1/1/1 4/4/4
f 176/176/176 4/4/4 288/288/288
f 288/288/288 4/4/4 9/9/9
f 288/288/288 9/9/9 285/285/285
f 289/289/289 288/288/288 285/285/285
f 289/289/289 285/285/285 284/284/284
f 290/290/290 291/291/291 292/292/292
f 290/290/290 292/292/292 293/293/293
f 291/291/291 294/294/294 295/295/295
f 291/291/291 295/295/295 292/292/292
f 292/292/292 295/295/295 296/296/296
f 292/292/292 296/296/296 297/297/297
f 293/293/293 292/292/292 297/297/297
f 293/293/293 297/297/297 298/298/298
f 294/294/294 299/299/299 300/300/300
f 294/294/294 300/300/300 295/295/295
f 299/299/299 301/301/301 302/302/302
f 299/299/299 302/302/302 300/300/300
f 300/300/300 302/302/302 303/303/303
f 300/300/300 303/303/303 304/304/304
f 295/295/295 300/300/300 304/304/304
f 295/295/295 304/304/304 296/296/296
f 301/301/301 305/305/305 306/306/306
f 301/301/301 306/306/306 302/302/302
f 305/305/305 307/307/307 308/308/308
f 305/305/305 308/308/308 306/306/306
f 306/306/306 308/308/308 309/309/309
f 306/306/306 309/309/309 310/310/310
f 302/302/302 306/306/306 310/310/310
f 302/302/302 310/310/310 303/303/303
f 307/307/307 311/311/311 312/312/312
f 307/307/307 312/312/312 308/308/308
f 311/311/311 313/313/313 314/314/314
f 311/311/311 314/314/314 312/312/312
f 312/312/312 314/314/314 315/315/315
f 312/312/312 315/315/315 316/316/316
f 308/308/308 312/312/312 316/316/316
f 308/308/308 316/316/316 309/309/309
f 313/313/313 317/317/317 318/318/318
f 313/313/313 318/318/318 314/314/314
f 317/317/317 319/319/319 320/320/320
f 317/317/317 320/320/320 318/318/318
f 318/318/318 320/320/320 321/321/321
f 318/318/318 321/321/321 322/322/322
f 314/314/314 318/318/318 322/322/322
f 314/314/314 322/322/322 315/315/315
f 319/319/319 323/323/323 324/324/324
f 319/319/319 324/324/324 320/320/320
f 323/323/323 325/325/325 326/326/326
f 323/323/323 326/326/326 324/324/324
f 324/324/324 326/326/326 327/327/327
f 324/324/324 327/327/327 328/328/328
f 320/320/320 324/324/324 328/328/328
f 320/320/320 328/328/328 321/321/321
f 298/298/298 297/297/297 329/329/329
f 298/298/298 329/329/329 330/330/330
f 297/297/297 296/296/296 331/331/331
f 297/297/297 331/331/331 329/329/329
f 329/329/329 331/331/331 332/332/332
f 329/329/329 332/332/332 333/333/333
f 330/330/330 329/329/329 333/333/333
f 330/330/330 333/333/333 334/334/334
f 296/296/296 304/304/304 335/335/335
f 296/296/296 335/335/335 331/331/331
f 304/304/304 303/303/303 336/336/336
f 304/304/304 336/336/336 335/335/335
f 335/335/335 336/336/336 337/337/337
f 335/335/335 337/337/337 338/338/338
f 331/331/331 335/335/335 338/338/338
f 331/331/331 338/338/338 332/332/332
f 303/303/303 310/310/310 339/339/339
f 303/303/303 339/339/339 336/336/336
f 310/310/310 309/309/309 340/340/340
f 310/310/310 340/340/340 339/339/339
f 339/339/339 340/340/340 341/341/341
f 339/339/339 341/341/341 342/342/342
f 336/336/336 339/339/339 342/342/342
f 336/336/336 342/342/342 337/337/337
f 309/309/309 316/316/316 343/343/343
f 309/309/309 343/343/343 340/340/340
f 316/316/316 315/315/315 344/344/344
f 316/316/316 344/344/344 343/343/343
f 343/343/343 344/344/344 345/345/345
f 343/343/343 345/345/345 346/346/346
f 340/340/340 343/343/343 346/346/346
f 340/340/340 346/346/346 341/341/341
f 315/315/315 322/322/322 347/347/347
f 315/315/315 347/347/347 344/344/344
f 322/322/322 321/321/321 348/348/348
f 322/322/322 348/348/348 347/347/347
f 347/347/347 348/348/348 349/349/349
f 347/347/347 349/349/349 350/350/350
f 344/344/344 347/347/347 350/350/350
f 344/344/344 350/350/350 345/345/345
f 321/321/321 328/328/328 351/351/351
f 321/321/321 351/351/351 348/348/348
f 328/328/328 327/327/327 352/352/352
f 328/328/328 352/352/352 351/351/351
f 351/351/351 352/352/352 353/353/353
f 351/351/351 353/353/353 354/354/354
f 348/348/348 351/351/351 354/354/354
f 348/348/348 354/354/354 349/349/349
f 334/334/334 333/333/333 355/355/355
f 334/334/334 355/355/355 356/356/356
f 333/333/333 332/332/332 357/357/357
f 333/333/333 357/357/357 355/355/355
f 355/355/355 357/357/357 358/358/358
f 355/355/355 358/358/358 359/359/359
f 356/356/356 355/355/355 359/359/359
f 356/356/356 359/359/359 360/360/360
f 332/332/332 338/338/338 361/361/361
f 332/332/332 361/361/361 357/357/357
f 338/338/338 337/337/337 362/362/362
f 338/338/338 362/362/362 361/361/361
f 361/361/361 362/362/362 363/363/363
f 361/361/361 363/363/363 364/364/364
f 357/357/357 361/361/361 364/364/364
f 357/357/357 364/364/364 358/358/358
f 337/337/337 342/342/342 365/365/365
f 337/337/337 365/365/365 362/362/362
f 342/342/342 341/341/341 366/366/366
f 342/342/342 366/366/366 365/365/365
f 365/365/365 366/366/366 367/367/367
f 365/365/365 367/367/367 368/368/368
f 362/362/362 365/365/365 368/368/368
f 362/362/362 368/368/368 363/363/363
f 341/341/341 346/346/346 369/369/369
f 341/341/341 369/369/369 366/366/366
f 346/346/346 345/345/345 370/370/370
f 346/346/346 370/370/370 369/369/369
f 369/369/369 370/370/370 371/371/371
f 369/369/369 371/371/371 372/372/372
f 366/366/366 369/369/369 372/372/372
f 366/366/366 372/372/372 367/367/367
f 345/345/345 350/350/350 373/373/373
f 345/345/345 373/373/373 370/370/370
f 350/350/350 349/349/349 374/374/374
f 350/350/350 374/374/374 373/373/373
f 373/373/373 374/374/374 375/375/375
f 373/373/373 375/375/375 376/376/376
f 370/370/370 373/373/373 376/376/376
f 370/370/370 376/376/376 371/371/371
f 349/349/349 354/354/354 377/377/377
f 349/349/349 377/377/377 374/374/374
f 354/354/354 353/353/353 378/378/378
f 354/354/354 378/378/378 377/377/377
f 377/377/377 378/378/378 379/379/379
f 377/377/377 379/379/379 380/380/380
f 374/374/374 377/377/377 380/380/380
f 374/374/374 380/380/380 375/375/375
f 360/360/360 359/359/359 381/381/381
f 360/360/360 381/381/381 382/382/382
f 359/359/359 358/358/358 383/383/383
f 359/359/359 383/383/383 381/381/381
f 381/381/381 383/383/383 384/384/384
f 381/381/381 384/384/384 385/385/385
f 382/382/382 381/381/381 385/385/385
f 382/382/382 385/385/385 386/386/386
f 358/358/358 364/364/364 387/387/387
f 358/358/358 387/387/387 383/383/383
f 364/364/364 363/363/363 388/388/388
f 364/364/364 388/388/388 387/387/387
f 387/387/387 388/388/388 389/389/389
f 387/387/387 389/389/389 390/390/390
f 383/383/383 387/387/387 390/390/390
f 383/383/383 390/390/390 384/384/384
f 363/363/363 368/368/368 391/391/391
f 363/363/363 391/391/391 388/388/388
f 368/368/368 367/367/367 392/392/392
f 368/368/368 392/392/392 391/391/391
f 391/391/391 392/392/392 393/393/393
f 391/391/391 393/393/393 394/394/394
f 388/388/388 391/391/391 394/394/394
f 388/388/388 394/394/394 389/389/389
f 367/367/367 372/372/372 395/395/395
f 367/367/367 395/395/395 392/392/392
f 372/372/372 371/371/371 396/396/396
f 372/372/372 396/396/396 395/395/395
f 395/395/395 396/396/396 397/397/397
f 395/395/395 397/397/397 398/398/398
f 392/392/392 395/395/395 398/398/398
f 392/392/392 398/398/398 393/393/393
f 371/371/371 376/376/376 399/399/399
f 371/371/371 399/399/399 396/396/396
f 376/376/376 375/375/375 400/400/400
f 376/376/376 400/400/400 399/399/399
f 399/399/399 400/400/400 401/401/401
f 399/399/399 401/401/401 402/402/402
f 396/396/396 399/399/399 402/402/402
f 396/396/396 402/402/402 397/397/397
f 375/375/375 380/380/380 403/403/403
f 375/375/375 403/403/403 400/400/400
f 380/380/380 379/379/379 404/404/404
f 380/380/380 404/404/404 403/403/403
f 403/403/403 404/404/404 405/405/405
f 403/403/403 405/405/405 406/406/406
f 400/400/400 403/403/403 406/406/406
f 400/400/400 406/406/406 401/401/401
f 386/386/386 385/385/385 407/407/407
f 386/386/386 407/407/407 408/408/408
f 385/385/385 384/384/384 409/409/409
f 385/385/385 409/409/409 407/407/407
f 407/407/407 409/409/409 410/410/410
f 407/407/407 410/410/410 411/411/411
f 408/408/408 407/407/407 411/411/411
f 408/408/408 411/411/411 412/412/412
f 384/384/384 390/390/390 413/413/413
f 384/384/384 413/413/413 409/409/409
f 390/390/390 389/389/389 414/414/414
f 390/390/390 414/414/414 413/413/413
f 413/413/413 414/414/414 415/415/415
f 413/413/413 415/415/415 416/416/416
f 409/409/409 413/413/413 416/416/416
f 409/409/409 416/416/416 410/410/410
f 389/389/389 394/394/394 417/417/417
f 389/389/389 417/417/417 414/414/414
f 394/394/394 393/393/393 418/418/418
f 394/394/394 418/418/418 417/417/417
f 417/417/417 418/418/418 419/419/419
f 417/417/417 419/419/419 420/420/420
f 414/414/414 417/417/417 420/420/420
f 414/414/414 420/420/420 415/415/415
f 393/393/393 398/398/398 421/421/421
f 393/393/393 421/421/421 418/418/418
f 398/398/398 397/397/397 422/422/422
f 398/398/398 422/422/422 421/421/421
f 421/421/421 422/422/422 423/423/423
f 421/421/421 423/423/423 424/424/424
f 418/418/418 421/421/421 424/424/424
f 418/418/418 424/424/424 419/419/419
f 397/397/397 402/402/402 425/425/425
f 397/397/397 425/425/425 422/422/422
f 402/402/402 401/401/401 426/426/426
f 402/402/402 426/426/426 425/425/425
f 425/425/425 426/426/426 427/427/427
f 425/425/425 427/427/427 428/428/428
f 422/422/422 425/425/425 428/428/428
f 422/422/422 428/428/428 423/423/423
f 401/401/401 406/406/406 429/429/429
f 401/401/401 429/429/429 426/426/426
f 406/406/406 405/405/405 430/430/430
f 406/406/406 430/430/430 429/429/429
f 429/429/429 430/430/430 431/431/431
f 429/429/429 431/431/431 432/432/432
f 426/426/426 429/429/429 432/432/432
f 426/426/426 432/432/432 427/427/427
f 412/412/412 411/411/411 433/433/433
f 412/412/412 433/433/433 434/434/434
f 411/411/411 410/410/410 435/435/435
f 411/411/411 435/435/435 433/433/433
f 433/433/433 435/435/435 436/436/436
f 433/433/433 436/436/436 437/437/437
f 434/434/434 433/433/433 437/437/437
f 434/434/434 437/437/437 438/438/438
f 410/410/410 416/416/416 439/439/439
f 410/410/410 439/439/439 435/435/435
f 416/416/416 415/415/415 440/440/440
f 416/416/416 440/440/440 439/439/439
f 439/439/439 440/440/440 441/441/441
f 439/439/439 441/441/441 442/442/442
f 435/435/435 439/439/439 442/442/442
f 435/435/435 442/442/442 436/436/436
f 415/415/415 420/420/420 443/443/443
f 415/415/415 443/443/443 440/440/440
f 420/420/420 419/419/419 444/444/444
f 420/420/420 444/444/444 443/443/443
f 443/443/443 444/444/444 445/445/445
f 443/443/443 445/445/445 446/446/446
f 440/440/440 443/443/443 446/446/446
f 440/440/440 446/446/446 441/441/441
f 419/419/419 424/424/424 447/447/447
f 419/419/419 447/447/447 444/444/444
f 424/424/424 423/423/423 448/448/448
f 424/424/424 448/448/448 447/447/447
f 447/447/447 448/448/448 449/449/449
f 447/447/447 449/449/449 450/450/450
f 444/444/444 447/447/447 450/450/450
f 444/444/444 450/450/450 445/445/445
f 423/423/423 428/428/428 451/451/451
f 423/423/423 451/451/451 448/448/448
f 428/428/428 427/427/427 452/452/452
f 428/428/428 452/452/452 451/451/451
f 451/451/451 452/452/452 453/453/453
f 451/451/451 453/453/453 454/454/454
f 448/448/448 451/451/451 454/454/454
f 448/448/448 454/454/454 449/449/449
f 427/427/427 432/432/432 455/455/455
f 427/427/427 455/455/455 452/452/452
f 432/432/432 431/431/431 456/456/456
f 432/432/432 456/456/456 455/455/455
f 455/455/455 456/456/456 457/457/457
f 455/455/455 457/457/457 458/458/458
f 452/452/452 455/455/455 458/458/458
f 452/452/452 458/458/458 453/453/453
f 459/459/459 460/460/460 461/461/461
f 459/459/459 461/461/461 462/462/462
f 460/460/460 463/463/463 464/464/464
f 460/460/460 464/464/464 461/461/461
f 461/461/461 464/464/464 290/290/290
f 461/461/461 290/290/290 465/465/465
f 462/462/462 461/461/461 465/465/465
f 462/462/462 465/465/465 466/466/466
f 463/463/463 467/467/467 468/468/468
f 463/463/463 468/468/468 464/464/464
f 467/467/467 469/469/469 470/470/470
f 467/467/467 470/470/470 468/468/468
f 468/468/468 470/470/470 294/294/294
f 468/468/468 294/294/294 291/291/291
f 464/464/464 468/468/468 291/291/291
f 464/464/464 291/291/291 290/290/290
f 469/469/469 471/471/471 472/472/472
f 469/469/469 472/472/472 470/470/470
f 471/471/471 473/473/473 474/474/474
f 471/471/471 474/474/474 472/472/472
f 472/472/472 474/474/474 301/301/301
f 472/472/472 301/301/301 299/299/299
f 470/470/470 472/472/472 299/299/299
f 470/470/470 299/299/299 294/294/294
f 473/473/473 475/475/475 476/476/476
f 473/473/473 476/476/476 474/474/474
f 475/475/475 477/477/477 478/478/478
f 475/475/475 478/478/478 476/476/476
f 476/476/476 478/478/478 307/307/307
f 476/476/476 307/307/307 305/305/305
f 474/474/474 476/476/476 305/305/305
f 474/474/474 305/305/305 301/301/301
f 477/477/477 479/479/479 480/480/480
f 477/477/477 480/480/480 478/478/478
f 479/479/479 481/481/481 482/482/482
f 479/479/479 482/482/482 480/480/480
f 480/480/480 482/482/482 313/313/313
f 480/480/480 313/313/313 311/311/311
f 478/478/478 480/480/480 311/311/311
f 478/478/478 311/311/311 307/307/307
f 481/481/481 483/483/483 484/484/484
f 481/481/481 484/484/484 482/482/482
f 483/483/483 485/485/485 486/486/486
f 483/483/483 486/486/486 484/484/484
f 484/484/484 486/486/486 319/319/319
f 484/484/484 319/319/319 317/317/317
f 482/482/482 484/484/484 317/317/317
f 482/482/482 317/317/317 313/313/313
f 485/485/485 487/487/487 488/488/488
f 485/485/485 488/488/488 486/486/486
f 487/487/487 489/489/489 490/490/490
f 487/487/487 490/490/490 488/488/488
f 488/488/488 490/490/490 325/325/325
f 488/488/488 325/325/325 323/323/323
f 486/486/486 488/488/488 323/323/323
f 486/486/486 323/323/323 319/319/319
f 489/489/489 491/491/491 492/492/492
f 489/489/489 492/492/492 490/490/490
f 491/491/491 170/170/170 173/173/173
f 491/491/491 173/173/173 492/492/492
f 492/492/492 173/173/173 177/177/177
f 492/492/492 177/177/177 493/493/493
f 490/490/490 492/492/492 493/493/493
f 490/490/490 493/493/493 325/325/325
f 325/325/325 493/493/493 494/494/494
f 325/325/325 494/494/494 326/326/326
f 493/493/493 177/177/177 289/289/289
f 493/493/493 289/289/289 494/494/494
f 494/494/494 289/289/289 284/284/284
f 494/494/494 284/284/284 495/495/495
f 326/326/326 494/494/494 495/495/495
f 326/326/326 495/495/495 327/327/327
f 327/327/327 495/495/495 496/496/496
f 327/327/327 496/496/496 352/352/352
f 495/495/495 284/284/284 287/287/287
f 495/495/495 287/287/287 496/496/496
f 496/496/496 287/287/287 280/280/280
f 496/496/496 280/280/280 497/497/497
f 352/352/352 496/496/496 497/497/497
f 352/352/352 497/497/497 353/353/353
f 353/353/353 497/497/497 498/498/498
f 353/353/353 498/498/498 378/378/378
f 497/497/497 280/280/280 283/283/283
f 497/497/497 283/283/283 498/498/498
f 498/498/498 283/283/283 276/276/276
f 498/498/498 276/276/276 499/499/499
f 378/378/378 498/498/498 499/499/499
f 378/378/378 499/499/499 379/379/379
f 379/379/379 499/499/499 500/500/500
f 379/379/379 500/500/500 404/404/404
f 499/499/499 276/276/276 279/279/279
f 499/499/499 279/279/279 500/500/500
f 500/500/500 279/279/279 272/272/272
f 500/500/500 272/272/272 501/501/501
f 404/404/404 500/500/500 501/501/501
f 404/404/404 501/501/501 405/405/405
f 405/405/405 501/501/501 502/502/502
f 405/405/405 502/502/502 430/430/430
f 501/501/501 272/272/272 275/275/275
f 501/501/501 275/275/275 502/502/502
f 502/502/502 275/275/275 268/268/268
f 502/502/502 268/268/268 503/503/503
f 430/430/430 502/502/502 503/503/503
f 430/430/430 503/503/503 431/431/431
f 431/431/431 503/503/503 504/504/504
f 431/431/431 504/504/504 456/456/456
f 503/503/503 268/268/268 271/271/271
f 503/503/503 271/271/271 504/504/504
f 504/504/504 271/271/271 262/262/262
f 504/504/504 262/262/262 505/505/505
f 456/456/456 504/504/504 505/505/505
f 456/456/456 505/505/505 457/457/457
f 457/457/457 505/505/505 506/506/506
f 457/457/457 506/506/506 507/507/507
f 505/505/505 262/262/262 265/265/265
f 505/505/505 265/265/265 506/506/506
f 506/506/506 265/265/265 267/267/267
f 506/506/506 267/267/267 508/508/508
f 507/507/507 506/506/506 508/508/508
f 507/507/507 508/508/508 509/509/509
f 453/453/453 458/458/458 510/510/510
f 453/453/453 510/510/510 511/511/511
f 458/458/458 457/457/457 507/507/507
f 458/458/458 507/507/507 510/510/510
f 510/510/510 507/507/507 509/509/509
f 510/510/510 509/509/509 512/512/512
f 511/511/511 510/510/510 512/512/512
f 511/511/511 512/512/512 513/513/513
f 449/449/449 454/454/454 514/514/514
f 449/449/449 514/514/514 515/515/515
f 454/454/454 453/453/453 511/511/511
f 454/454/454 511/511/511 514/514/514
f 514/514/514 511/511/511 513/513/513
f 514/514/514 513/513/513 516/516/516
f 515/515/515 514/514/514 516/516/516
f 515/515/515 516/516/516 517/517/517
f 445/445/445 450/450/450 518/518/518
f 445/445/445 518/518/518 519/519/519
f 450/450/450 449/449/449 515/515/515
f 450/450/450 515/515/515 518/518/518
f 518/518/518 515/515/515 517/517/517
f 518/518/518 517/517/517 520/520/520
f 519/519/519 518/518/518 520/520/520
f 519/519/519 520/520/520 521/521/521
f 441/441/441 446/446/446 522/522/522
f 441/441/441 522/522/522 523/523/523
f 446/446/446 445/445/445 519/519/519
f 446/446/446 519/519/519 522/522/522
f 522/522/522 519/519/519 521/521/521
f 522/522/522 521/521/521 524/524/524
f 523/523/523 522/522/522 524/524/524
f 523/523/523 524/524/524 525/525/525
f 436/436/436 442/442/442 526/526/526
f 436/436/436 526/526/526 527/527/527
f 442/442/442 441/441/441 523/523/523
f 442/442/442 523/523/523 526/526/526
f 526/526/526 523/523/523 525/525/525
f 526/526/526 525/525/525 528/528/528
f 527/527/527 526/526/526 528/528/528
f 527/527/527 528/528/528 529/529/529
f 438/438/438 437/437/437 530/530/530
f 438/438/438 530/530/530 531/531/531
f 437/437/437 436/436/436 527/527/527
f 437/437/437 527/527/527 530/530/530
f 530/530/530 527/527/527 529/529/529
f 530/530/530 529/529/529 532/532/532
f 531/531/531 530/530/530 532/532/532
f 531/531/531 532/532/532 533/533/533
f 534/534/534 535/535/535 536/536/536
f 534/534/534 536/536/536 537/537/537
f 535/535/535 438/438/438 531/531/531
f 535/535/535 531/531/531 536/536/536
f 536/536/536 531/531/531 533/533/533
f 536/536/536 533/533/533 538/538/538
f 537/537/537 536/536/536 538/538/538
f 537/537/537 538/538/538 539/539/539
f 540/540/540 541/541/541 542/542/542
f 540/540/540 542/542/542 543/543/543
f 541/541/541 412/412/412 434/434/434
f 541/541/541 434/434/434 542/542/542
f 542/542/542 434/434/434 438/438/438
f 542/542/542 438/438/438 535/535/535
f 543/543/543 542/542/542 535/535/535
f 543/543/543 535/535/535 534/534/534
f 544/544/544 545/545/545 546/546/546
f 544/544/544 546/546/546 547/547/547
f 545/545/545 386/386/386 408/408/408
f 545/545/545 408/408/408 546/546/546
f 546/546/546 408/408/408 412/412/412
f 546/546/546 412/412/412 541/541/541
f 547/547/547 546/546/546 541/541/541
f 547/547/547 541/541/541 540/540/540
f 548/548/548 549/549/549 550/550/550
f 548/548/548 550/550/550 551/551/551
f 549/549/549 360/360/360 382/382/382
f 549/549/549 382/382/382 550/550/550
f 550/550/550 382/382/382 386/386/386
f 550/550/550 386/386/386 545/545/545
f 551/551/551 550/550/550 545/545/545
f 551/551/551 545/545/545 544/544/544
f 552/552/552 553/553/553 554/554/554
f 552/552/552 554/554/554 555/555/555
f 553/553/553 334/334/334 356/356/356
f 553/553/553 356/356/356 554/554/554
f 554/554/554 356/356/356 360/360/360
f 554/554/554 360/360/360 549/549/549
f 555/555/555 554/554/554 549/549/549
f 555/555/555 549/549/549 548/548/548
f 556/556/556 557/557/557 558/558/558
f 556/556/556 558/558/558 559/559/559
f 557/557/557 298/298/298 330/330/330
f 557/557/557 330/330/330 558/558/558
f 558/558/558 330/330/330 334/334/334
f 558/558/558 334/334/334 553/553/553
f 559/559/559 558/558/558 553/553/553
f 559/559/559 553/553/553 552/552/552
f 466/466/466 465/465/465 560/560/560
f 466/466/466 560/560/560 561/561/561
f 465/465/465 290/290/290 293/293/293
f 465/465/465 293/293/293 560/560/560
f 560/560/560 293/293/293 298/298/298
f 560/560/560 298/298/298 557/557/557
f 561/561/561 560/560/560 557/557/557
f 561/561/561 557/557/557 556/556/556
f 562/562/562 563/563/563 564/564/564
f 562/562/562 564/564/564 565/565/565
f 563/563/563 566/566/566 567/567/567
f 563/563/563 567/567/567 564/564/564
f 564/564/564 567/567/567 568/568/568
f 564/564/564 568/568/568 569/569/569
f 565/565/565 564/564/564 569/569/569
f 565/565/565 569/569/569 570/570/570
f 566/566/566 571/571/571 572/572/572
f 566/566/566 572/572/572 567/567/567
f 571/571/571 573/573/573 574/574/574
f 571/571/571 574/574/574 572/572/572
f 572/572/572 574/574/574 575/575/575
f 572/572/572 575/575/575 576/576/576
f 567/567/567 572/572/572 576/576/576
f 567/567/567 576/576/576 568/568/568
f 573/573/573 577/577/577 578/578/578
f 573/573/573 578/578/578 574/574/574
f 577/577/577 579/579/579 580/580/580
f 577/577/577 580/580/580 578/578/578
f 578/578/578 580/580/580 581/581/581
f 578/578/578 581/581/581 582/582/582
f 574/574/574 578/578/578 582/582/582
f 574/574/574 582/582/582 575/575/575
f 579/579/579 583/583/583 584/584/584
f 579/579/579 584/584/584 580/580/580
f 583/583/583 585/585/585 586/586/586
f 583/583/583 586/586/586 584/584/584
f 584/584/584 586/586/586 587/587/587
f 584/584/584 587/587/587 588/588/588
f 580/580/580 584/584/584 588/588/588
f 580/580/580 588/588/588 581/581/581
f 585/585/585 589/589/589 590/590/590
f 585/585/585 590/590/590 586/586/586
f 589/589/589 591/591/591 592/592/592
f 589/589/589 592/592/592 590/590/590
f 590/590/590 592/592/592 593/593/593
f 590/590/590 593/593/593 594/594/594
f 586/586/586 590/590/590 594/594/594
f 586/586/586 594/594/594 587/587/587
f 591/591/591 595/595/595 596/596/596
f 591/591/591 596/596/596 592/592/592
f 595/595/595 597/597/597 598/598/598
f 595/595/595 598/598/598 596/596/596
f 596/596/596 598/598/598 599/599/599
f 596/596/596 599/599/599 600/600/600
f 592/592/592 596/596/596 600/600/600
f 592/592/592 600/600/600 593/593/593
f 570/570/570 569/569/569 601/601/601
f 570/570/570 601/601/601 602/602/602
f 569/569/569 568/568/568 603/603/603
f 569/569/569 603/603/603 601/601/601
f 601/601/601 603/603/603 604/604/604
f 601/601/601 604/604/604 605/605/605
f 602/602/602 601/601/601 605/605/605
f 602/602/602 605/605/605 606/606/606
f 568/568/568 576/576/576 607/607/607
f 568/568/568 607/607/607 603/603/603
f 576/576/576 575/575/575 608/608/608
f 576/576/576 608/608/608 607/607/607
f 607/607/607 608/608/608 609/609/609
f 607/607/607 609/609/609 610/610/610
f 603/603/603 607/607/607 610/610/610
f 603/603/603 610/610/610 604/604/604
f 575/575/575 582/582/582 611/611/611
f 575/575/575 611/611/611 608/608/608
f 582/582/582 581/581/581 612/612/612
f 582/582/582 612/612/612 611/611/611
f 611/611/611 612/612/612 613/613/613
f 611/611/611 613/613/613 614/614/614
f 608/608/608 611/611/611 614/614/614
f 608/608/608 614/614/614 609/609/609
f 581/581/581 588/588/588 615/615/615
f 581/581/581 615/615/615 612/612/612
f 588/588/588 587/587/587 616/616/616
f 588/588/588 616/616/616 615/615/615
f 615/615/615 616/616/616 617/617/617
f 615/615/615 617/617/617 618/618/618
f 612/612/612 615/615/615 618/618/618
f 612/612/612 618/618/618 613/613/613
f 587/587/587 594/594/594 619/619/619
f 587/587/587 619/619/619 616/616/616
f 594/594/594 593/593/593 620/620/620
f 594/594/594 620/620/620 619/619/619
f 619/619/619 620/620/620 621/621/621
f 619/619/619 621/621/621 622/622/622
f 616/616/616 619/619/619 622/622/622
f 616/616/616 622/622/622 617/617/617
f 593/593/593 600/600/600 623/623/623
f 593/593/593 623/623/623 620/620/620
f 600/600/600 599/599/599 624/624/624
f 600/600/600 624/624/624 623/623/623
f 623/623/623 624/624/624 625/625/625
f 623/623/623 625/625/625 626/626/626
f 620/620/620 623/623/623 626/626/626
f 620/620/620 626/626/626 621/621/621
f 606/606/606 605/605/605 627/627/627
f 606/606/606 627/627/627 628/628/628
f 605/605/605 604/604/604 629/629/629
f 605/605/605 629/629/629 627/627/627
f 627/627/627 629/629/629 630/630/630
f 627/627/627 630/630/630 631/631/631
f 628/628/628 627/627/627 631/631/631
f 628/628/628 631/631/631 632/632/632
f 604/604/604 610/610/610 633/633/633
f 604/604/604 633/633/633 629/629/629
f 610/610/610 609/609/609 634/634/634
f 610/610/610 634/634/634 633/633/633
f 633/633/633 634/634/634 635/635/635
f 633/633/633 635/635/635 636/636/636
f 629/629/629 633/633/633 636/636/636
f 629/629/629 636/636/636 630/630/630
f 609/609/609 614/614/614 637/637/637
f 609/609/609 637/637/637 634/634/634
f 614/614/614 613/613/613 638/638/638
f 614/614/614 638/638/638 637/637/637
f 637/637/637 638/638/638 639/639/639
f 637/637/637 639/639/639 640/640/640
f 634/634/634 637/637/637 640/640/640
f 634/634/634 640/640/640 635/635/635
f 613/613/613 618/618/618 641/641/641
f 613/613/613 641/641/641 638/638/638
f 618/618/618 617/617/617 642/642/642
f 618/618/618 642/642/642 641/641/641
f 641/641/641 642/642/642 643/643/643
f 641/641/641 643/643/643 644/644/644
f 638/638/638 641/641/641 644/644/644
f 638/638/638 644/644/644 639/639/639
f 617/617/617 622/622/622 645/645/645
f 617/617/617 645/645/645 642/642/642
f 622/622/622 621/621/621 646/646/646
f 622/622/622 646/646/646 645/645/645
f 645/645/645 646/646/646 647/647/647
f 645/645/645 647/647/647 648/648/648
f 642/642/642 645/645/645 648/648/648
f 642/642/642 648/648/648 643/643/643
f 621/621/621 626/626/626 649/649/649
f 621/621/621 649/649/649 646/646/646
f 626/626/626 625/625/625 650/650/650
f 626/626/626 650/650/650 649/649/649
f 649/649/649 650/650/650 651/651/651
f 649/649/649 651/651/651 652/652/652
f 646/646/646 649/649/649 652/652/652
f 646/646/646 652/652/652 647/647/647
f 632/632/632 631/631/631 653/653/653
f 632/632/632 653/653/653 654/654/654
f 631/631/631 630/630/630 655/655/655
f 631/631/631 655/655/655 653/653/653
f 653/653/653 655/655/655 656/656/656
f 653/653/653 656/656/656 657/657/657
f 654/654/654 653/653/653 657/657/657
f 654/654/654 657/657/657 658/658/658
f 630/630/630 636/636/636 659/659/659
f 630/630/630 659/659/659 655/655/655
f 636/636/636 635/635/635 660/660/660
f 636/636/636 660/660/660 659/659/659
f 659/659/659 660/660/660 661/661/661
f 659/659/659 661/661/661 662/662/662
f 655/655/655 659/659/659 662/662/662
f 655/655/655 662/662/662 656/656/656
f 635/635/635 640/640/640 663/663/663
f 635/635/635 663/663/663 660/660/660
f 640/640/640 639/639/639 664/664/664
f 640/640/640 664/664/664 663/663/663
f 663/663/663 664/664/664 665/665/665
f 663/663/663 665/665/665 666/666/666
f 660/660/660 663/663/663 666/666/666
f 660/660/660 666/666/666 661/661/661
f 639/639/639 644/644/644 667/667/667
f 639/639/639 667/667/667 664/664/664
f 644/644/644 643/643/643 668/668/668
f 644/644/644 668/668/668 667/667/667
f 667/667/667 668/668/668 669/669/669
f 667/667/667 669/669/669 670/670/670
f 664/664/664 667/667/667 670/670/670
f 664/664/664 670/670/670 665/665/665
f 643/643/643 648/648/648 671/671/671
f 643/643/643 671/671/671 668/668/668
f 648/648/648 647/647/647 672/672/672
f 648/648/648 672/672/672 671/671/671
f 671/671/671 672/672/672 673/673/673
f 671/671/671 673/673/673 674/674/674
f 668/668/668 671/671/671 674/674/674
f 668/668/668 674/674/674 669/669/669
f 647/647/647 652/652/652 675/675/675
f 647/647/647 675/675/675 672/672/672
f 652/652/652 651/651/651 676/676/676
f 652/652/652 676/676/676 675/675/675
f 675/675/675 676/676/676 677/677/677
f 675/675/675 677/677/677 678/678/678
f 672/672/672 675/675/675 678/678/678
f 672/672/672 678/678/678 673/673/673
f 658/658/658 657/657/657 679/679/679
f 658/658/658 679/679/679 680/680/680
f 657/657/657 656/656/656 681/681/681
f 657/657/657 681/681/681 679/679/679
f 679/679/679 681/681/681 682/682/682
f 679/679/679 682/682/682 683/683/683
f 680/680/680 679/679/679 683/683/683
f 680/680/680 683/683/683 684/684/684
f 656/656/656 662/662/662 685/685/685
f 656/656/656 685/685/685 681/681/681
f 662/662/662 661/661/661 686/686/686
f 662/662/662 686/686/686 685/685/685
f 685/685/685 686/686/686 687/687/687
f 685/685/685 687/687/687 688/688/688
f 681/681/681 685/685/685 688/688/688
f 681/681/681 688/688/688 682/682/682
f 661/661/661 666/666/666 689/689/689
f 661/661/661 689/689/689 686/686/686
f 666/666/666 665/665/665 690/690/690
f 666/666/666 690/690/690 689/689/689
f 689/689/689 690/690/690 691/691/691
f 689/689/689 691/691/691 692/692/692
f 686/686/686 689/689/689 692/692/692
f 686/686/686 692/692/692 687/687/687
f 665/665/665 670/670/670 693/693/693
f 665/665/665 693/693/693 690/690/690
f 670/670/670 669/669/669 694/694/694
f 670/670/670 694/694/694 693/693/693
f 693/693/693 694/694/694 695/695/695
f 693/693/693 695/695/695 696/696/696
f 690/690/690 693/693/693 696/696/696
f 690/690/690 696/696/696 691/691/691
f 669/669/669 674/674/674 697/697/697
f 669/669/669 697/697/697 694/694/694
f 674/674/674 673/673/673 698/698/698
f 674/674/674 698/698/698 697/697/697
f 697/697/697 698/698/698 699/699/699
f 697/697/697 699/699/699 700/700/700
f 694/694/694 697/697/697 700/700/700
f 694/694/694 700/700/700 695/695/695
f 673/673/673 678/678/678 701/701/701
f 673/673/673 701/701/701 698/698/698
f 678/678/678 677/677/677 702/702/702
f 678/678/678 702/702/702 701/701/701
f 701/701/701 702/702/702 703/703/703
f 701/701/701 703/703/703 704/704/704
f 698/698/698 701/701/701 704/704/704
f 698/698/698 704/704/704 699/699/699
f 684/684/684 683/683/683 705/705/705
f 684/684/684 705/705/705 706/706/706
f 683/683/683 682/682/682 707/707/707
f 683/683/683 707/707/707 705/705/705
f 705/705/705 707/707/707 708/708/708
f 705/705/705 708/708/708 709/709/709
f 706/706/706 705/705/705 709/709/709
f 706/706/706 709/709/709 710/710/710
f 682/682/682 688/688/688 711/711/711
f 682/682/682 711/711/711 707/707/707
f 688/688/688 687/687/687 712/712/712
f 688/688/688 712/712/712 711/711/711
f 711/711/711 712/712/712 713/713/713
f 711/711/711 713/713/713 714/714/714
f 707/707/707 711/711/711 714/714/714
f 707/707/707 714/714/714 708/708/708
f 687/687/687 692/692/692 715/715/715
f 687/687/687 715/715/715 712/712/712
f 692/692/692 691/691/691 716/716/716
f 692/692/692 716/716/716 715/715/715
f 715/715/715 716/716/716 717/717/717
f 715/715/715 717/717/717 718/718/718
f 712/712/712 715/715/715 718/718/718
f 712/712/712 718/718/718 713/713/713
f 691/691/691 696/696/696 719/719/719
f 691/691/691 719/719/719 716/716/716
f 696/696/696 695/695/695 720/720/720
f 696/696/696 720/720/720 719/719/719
f 719/719/719 720/720/720 721/721/721
f 719/719/719 721/721/721 722/722/722
f 716/716/716 719/719/719 722/722/722
f 716/716/716 722/722/722 717/717/717
f 695/695/695 700/700/700 723/723/723
f 695/695/695 723/723/723 720/720/720
f 700/700/700 699/699/699 724/724/724
f 700/700/700 724/724/724 723/723/723
f 723/723/723 724/724/724 725/725/725
f 723/723/723 725/725/725 726/726/726
f 720/720/720 723/723/723 726/726/726
f 720/720/720 726/726/726 721/721/721
f 699/699/699 704/704/704 727/727/727
f 699/699/699 727/727/727 724/724/724
f 704/704/704 703/703/703 728/728/728
f 704/704/704 728/728/728 727/727/727
f 727/727/727 728/728/728 729/729/729
f 727/727/727 729/729/729 730/730/730
f 724/724/724 727/727/727 730/730/730
f 724/724/724 730/730/730 725/725/725
f 731/731/731 732/732/732 733/733/733
f 731/731/731 733/733/733 734/734/734
f 732/732/732 735/735/735 736/736/736
f 732/732/732 736/736/736 733/733/733
f 733/733/733 736/736/736 562/562/562
f 733/733/733 562/562/562 737/737/737
f 734/734/734 733/733/733 737/737/737
f 734/734/734 737/737/737 738/738/738
f 735/735/735 739/739/739 740/740/740
f 735/735/735 740/740/740 736/736/736
f 739/739/739 741/741/741 742/742/742
f 739/739/739 742/742/742 740/740/740
f 740/740/740 742/742/742 566/566/566
f 740/740/740 566/566/566 563/563/563
f 736/736/736 740/740/740 563/563/563
f 736/736/736 563/563/563 562/562/562
f 741/741/741 743/743/743 744/744/744
f 741/741/741 744/744/744 742/742/742
f 743/743/743 745/745/745 746/746/746
f 743/743/743 746/746/746 744/744/744
f 744/744/744 746/746/746 573/573/573
f 744/744/744 573/573/573 571/571/571
f 742/742/742 744/744/744 571/571/571
f 742/742/742 571/571/571 566/566/566
f 745/745/745 747/747/747 748/748/748
f 745/745/745 748/748/748 746/746/746
f 747/747/747 749/749/749 750/750/750
f 747/747/747 750/750/750 748/748/748
f 748/748/748 750/750/750 579/579/579
f 748/748/748 579/579/579 577/577/577
f 746/746/746 748/748/748 577/577/577
f 746/746/746 577/577/577 573/573/573
f 749/749/749 751/751/751 752/752/752
f 749/749/749 752/752/752 750/750/750
f 751/751/751 753/753/753 754/754/754
f 751/751/751 754/754/754 752/752/752
f 752/752/752 754/754/754 585/585/585
f 752/752/752 585/585/585 583/583/583
f 750/750/750 752/752/752 583/583/583
f 750/750/750 583/583/583 579/579/579
f 753/753/753 755/755/755 756/756/756
f 753/753/753 756/756/756 754/754/754
f 755/755/755 757/757/757 758/758/758
f 755/755/755 758/758/758 756/756/756
f 756/756/756 758/758/758 591/591/591
f 756/756/756 591/591/591 589/589/589
f 754/754/754 756/756/756 589/589/589
f 754/754/754 589/589/589 585/585/585
f 757/757/757 759/759/759 760/760/760
f 757/757/757 760/760/760 758/758/758
f 759/759/759 761/761/761 762/762/762
f 759/759/759 762/762/762 760/760/760
f 760/760/760 762/762/762 597/597/597
f 760/760/760 597/597/597 595/595/595
f 758/758/758 760/760/760 595/595/595
f 758/758/758 595/595/595 591/591/591
f 761/761/761 763/763/763 764/764/764
f 761/761/761 764/764/764 762/762/762
f 763/763/763 765/765/765 766/766/766
f 763/763/763 766/766/766 764/764/764
f 764/764/764 766/766/766 767/767/767
f 764/764/764 767/767/767 768/768/768
f 762/762/762 764/764/764 768/768/768
f 762/762/762 768/768/768 597/597/597
f 597/597/597 768/768/768 769/769/769
f 597/597/597 769/769/769 598/598/598
f 768/768/768 767/767/767 770/770/770
f 768/768/768 770/770/770 769/769/769
f 769/769/769 770/770/770 771/771/771
f 769/769/769 771/771/771 772/772/772
f 598/598/598 769/769/769 772/772/772
f 598/598/598 772/772/772 599/599/599
f 599/599/599 772/772/772 773/773/773
f 599/599/599 773/773/773 624/624/624
f 772/772/772 771/771/771 774/774/774
f 772/772/772 774/774/774 773/773/773
f 773/773/773 774/774/774 775/775/775
f 773/773/773 775/775/775 776/776/776
f 624/624/624 773/773/773 776/776/776
f 624/624/624 776/776/776 625/625/625
f 625/625/625 776/776/776 777/777/777
f 625/625/625 777/777/777 650/650/650
f 776/776/776 775/775/775 778/778/778
f 776/776/776 778/778/778 777/777/777
f 777/777/777 778/778/778 779/779/779
f 777/777/777 779/779/779 780/780/780
f 650/650/650 777/777/777 780/780/780
f 650/650/650 780/780/780 651/651/651
f 651/651/651 780/780/780 781/781/781
f 651/651/651 781/781/781 676/676/676
f 780/780/780 779/779/779 782/782/782
f 780/780/780 782/782/782 781/781/781
f 781/781/781 782/782/782 783/783/783
f 781/781/781 783/783/783 784/784/784
f 676/676/676 781/781/781 784/784/784
f 676/676/676 784/784/784 677/677/677
f 677/677/677 784/784/784 785/785/785
f 677/677/677 785/785/785 702/702/702
f 784/784/784 783/783/783 786/786/786
f 784/784/784 786/786/786 785/785/785
f 785/785/785 786/786/786 787/787/787
f 785/785/785 787/787/787 788/788/788
f 702/702/702 785/785/785 788/788/788
f 702/702/702 788/788/788 703/703/703
f 703/703/703 788/788/788 789/789/789
f 703/703/703 789/789/789 728/728/728
f 788/788/788 787/787/787 790/790/790
f 788/788/788 790/790/790 789/789/789
f 789/789/789 790/790/790 791/791/791
f 789/789/789 791/791/791 792/792/792
f 728/728/728 789/789/789 792/792/792
f 728/728/728 792/792/792 729/729/729
f 729/729/729 792/792/792 793/793/793
f 729/729/729 793/793/793 794/794/794
f 792/792/792 791/791/791 795/795/795
f 792/792/792 795/795/795 793/793/793
f 793/793/793 795/795/795 170/170/170
f 793/793/793 170/170/170 491/491/491
f 794/794/794 793/793/793 491/491/491
f 794/794/794 491/491/491 489/489/489
f 725/725/725 730/730/730 796/796/796
f 725/725/725 796/796/796 797/797/797
f 730/730/730 729/729/729 794/794/794
f 730/730/730 794/794/794 796/796/796
f 796/796/796 794/794/794 489/489/489
f 796/796/796 489/489/489 487/487/487
f 797/797/797 796/796/796 487/487/487
f 797/797/797 487/487/487 485/485/485
f 721/721/721 726/726/726 798/798/798
f 721/721/721 798/798/798 799/799/799
f 726/726/726 725/725/725 797/797/797
f 726/726/726 797/797/797 798/798/798
f 798/798/798 797/797/797 485/485/485
f 798/798/798 485/485/485 483/483/483
f 799/799/799 798/798/798 483/483/483
f 799/799/799 483/483/483 481/481/481
f 717/717/717 722/722/722 800/800/800
f 717/717/717 800/800/800 801/801/801
f 722/722/722 721/721/721 799/799/799
f 722/722/722 799/799/799 800/800/800
f 800/800/800 799/799/799 481/481/481
f 800/800/800 481/481/481 479/479/479
f 801/801/801 800/800/800 479/479/479
f 801/801/801 479/479/479 477/477/477
f 713/713/713 718/718/718 802/802/802
f 713/713/713 802/802/802 803/803/803
f 718/718/718 717/717/717 801/801/801
f 718/718/718 801/801/801 802/802/802
f 802/802/802 801/801/801 477/477/477
f 802/802/802 477/477/477 475/475/475
f 803/803/803 802/802/802 475/475/475
f 803/803/803 475/475/475 473/473/473
f 708/708/708 714/714/714 804/804/804
f 708/708/708 804/804/804 805/805/805
f 714/714/714 713/713/713 803/803/803
f 714/714/714 803/803/803 804/804/804
f 804/804/804 803/803/803 473/473/473
f 804/804/804 473/473/473 471/471/471
f 805/805/805 804/804/804 471/471/471
f 805/805/805 471/471/471 469/469/469
f 710/710/710 709/709/709 806/806/806
f 710/710/710 806/806/806 807/807/807
f 709/709/709 708/708/708 805/805/805
f 709/709/709 805/805/805 806/806/806
f 806/806/806 805/805/805 469/469/469
f 806/806/806 469/469/469 467/467/467
f 807/807/807 806/806/806 467/467/467
f 807/807/807 467/467/467 463/463/463
f 808/808/808 809/809/809 810/810/810
f 808/808/808 810/810/810 811/811/811
f 809/809/809 710/710/710 807/807/807
f 809/809/809 807/807/807 810/810/810
f 810/810/810 807/807/807 463/463/463
f 810/810/810 463/463/463 460/460/460
f 811/811/811 810/810/810 460/460/460
f 811/811/811 460/460/460 459/459/459
f 812/812/812 813/813/813 814/814/814
f 812/812/812 814/814/814 815/815/815
f 813/813/813 684/684/684 706/706/706
f 813/813/813 706/706/706 814/814/814
f 814/814/814 706/706/706 710/710/710
f 814/814/814 710/710/710 809/809/809
f 815/815/815 814/814/814 809/809/809
f 815/815/815 809/809/809 808/808/808
f 816/816/816 817/817/817 818/818/818
f 816/816/816 818/818/818 819/819/819
f 817/817/817 658/658/658 680/680/680
f 817/817/817 680/680/680 818/818/818
f 818/818/818 680/680/680 684/684/684
f 818/818/818 684/684/684 813/813/813
f 819/819/819 818/818/818 813/813/813
f 819/819/819 813/813/813 812/812/812
f 820/820/820 821/821/821 822/822/822
f 820/820/820 822/822/822 823/823/823
f 821/821/821 632/632/632 654/654/654
f 821/821/821 654/654/654 822/822/822
f 822/822/822 654/654/654 658/658/658
f 822/822/822 658/658/658 817/817/817
f 823/823/823 822/822/822 817/817/817
f 823/823/823 817/817/817 816/816/816
f 824/824/824 825/825/825 826/826/826
f 824/824/824 826/826/826 827/827/827
f 825/825/825 606/606/606 628/628/628
f 825/825/825 628/628/628 826/826/826
f 826/826/826 628/628/628 632/632/632
f 826/826/826 632/632/632 821/821/821
f 827/827/827 826/826/826 821/821/821
f 827/827/827 821/821/821 820/820/820
f 828/828/828 829/829/829 830/830/830
f 828/828/828 830/830/830 831/831/831
f 829/829/829 570/570/570 602/602/602
f 829/829/829 602/602/602 830/830/830
f 830/830/830 602/602/602 606/606/606
f 830/830/830 606/606/606 825/825/825
f 831/831/831 830/830/830 825/825/825
f 831/831/831 825/825/825 824/824/824
f 738/738/738 737/737/737 832/832/832
f 738/738/738 832/832/832 833/833/833
f 737/737/737 562/562/562 565/565/565
f 737/737/737 565/565/565 832/832/832
f 832/832/832 565/565/565 570/570/570
f 832/832/832 570/570/570 829/829/829
f 833/833/833 832/832/832 829/829/829
f 833/833/833 829/829/829 828/828/828
f 834/834/834 835/835/835 836/836/836
f 834/834/834 836/836/836 837/837/837
f 835/835/835 838/838/838 839/839/839
f 835/835/835 839/839/839 836/836/836
f 836/836/836 839/839/839 840/840/840
f 836/836/836 840/840/840 841/841/841
f 837/837/837 836/836/836 841/841/841
f 837/837/837 841/841/841 842/842/842
f 838/838/838 843/843/843 844/844/844
f 838/838/838 844/844/844 839/839/839
f 843/843/843 845/845/845 846/846/846
f 843/843/843 846/846/846 844/844/844
f 844/844/844 846/846/846 847/847/847
f 844/844/844 847/847/847 848/848/848
f 839/839/839 844/844/844 848/848/848
f 839/839/839 848/848/848 840/840/840
f 845/845/845 849/849/849 850/850/850
f 845/845/845 850/850/850 846/846/846
f 849/849/849 851/851/851 852/852/852
f 849/849/849 852/852/852 850/850/850
f 850/850/850 852/852/852 853/853/853
f 850/850/850 853/853/853 854/854/854
f 846/846/846 850/850/850 854/854/854
f 846/846/846 854/854/854 847/847/847
f 851/851/851 855/855/855 856/856/856
f 851/851/851 856/856/856 852/852/852
f 855/855/855 857/857/857 858/858/858
f 855/855/855 858/858/858 856/856/856
f 856/856/856 858/858/858 859/859/859
f 856/856/856 859/859/859 860/860/860
f 852/852/852 856/856/856 860/860/860
f 852/852/852 860/860/860 853/853/853
f 857/857/857 861/861/861 862/862/862
f 857/857/857 862/862/862 858/858/858
f 861/861/861 863/863/863 864/864/864
f 861/861/861 864/864/864 862/862/862
f 862/862/862 864/864/864 865/865/865
f 862/862/862 865/865/865 866/866/866
f 858/858/858 862/862/862 866/866/866
f 858/858/858 866/866/866 859/859/859
f 863/863/863 867/867/867 868/868/868
f 863/863/863 868/868/868 864/864/864
f 867/867/867 869/869/869 870/870/870
f 867/867/867 870/870/870 868/868/868
f 868/868/868 870/870/870 871/871/871
f 868/868/868 871/871/871 872/872/872
f 864/864/864 868/868/868 872/872/872
f 864/864/864 872/872/872 865/865/865
f 842/842/842 841/841/841 873/873/873
f 842/842/842 873/873/873 874/874/874
f 841/841/841 840/840/840 875/875/875
f 841/841/841 875/875/875 873/873/873
f 873/873/873 875/875/875 876/876/876
f 873/873/873 876/876/876 877/877/877
f 874/874/874 873/873/873 877/877/877
f 874/874/874 877/877/877 878/878/878
f 840/840/840 848/848/848 879/879/879
f 840/840/840 879/879/879 875/875/875
f 848/848/848 847/847/847 880/880/880
f 848/848/848 880/880/880 879/879/879
f 879/879/879 880/880/880 881/881/881
f 879/879/879 881/881/881 882/882/882
f 875/875/875 879/879/879 882/882/882
f 875/875/875 882/882/882 876/876/876
f 847/847/847 854/854/854 883/883/883
f 847/847/847 883/883/883 880/880/880
f 854/854/854 853/853/853 884/884/884
f 854/854/854 884/884/884 883/883/883
f 883/883/883 884/884/884 885/885/885
f 883/883/883 885/885/885 886/886/886
f 880/880/880 883/883/883 886/886/886
f 880/880/880 886/886/886 881/881/881
f 853/853/853 860/860/860 887/887/887
f 853/853/853 887/887/887 884/884/884
f 860/860/860 859/859/859 888/888/888
f 860/860/860 888/888/888 887/887/887
f 887/887/887 888/888/888 889/889/889
f 887/887/887 889/889/889 890/890/890
f 884/884/884 887/887/887 890/890/890
f 884/884/884 890/890/890 885/885/885
f 859/859/859 866/866/866 891/891/891
f 859/859/859 891/891/891 888/888/888
f 866/866/866 865/865/865 892/892/892
f 866/866/866 892/892/892 891/891/891
f 891/891/891 892/892/892 893/893/893
f 891/891/891 893/893/893 894/894/894
f 888/888/888 891/891/891 894/894/894
f 888/888/888 894/894/894 889/889/889
f 865/865/865 872/872/872 895/895/895
f 865/865/865 895/895/895 892/892/892
f 872/872/872 871/871/871 896/896/896
f 872/872/872 896/896/896 895/895/895
f 895/895/895 896/896/896 897/897/897
f 895/895/895 897/897/897 898/898/898
f 892/892/892 895/895/895 898/898/898
f 892/892/892 898/898/898 893/893/893
f 878/878/878 877/877/877 899/899/899
f 878/878/878 899/899/899 900/900/900
f 877/877/877 876/876/876 901/901/901
f 877/877/877 901/901/901 899/899/899
f 899/899/899 901/901/901 902/902/902
f 899/899/899 902/902/902 903/903/903
f 900/900/900 899/899/899 903/903/903
f 900/900/900 903/903/903 904/904/904
f 876/876/876 882/882/882 905/905/905
f 876/876/876 905/905/905 901/901/901
f 882/882/882 881/881/881 906/906/906
f 882/882/882 906/906/906 905/905/905
f 905/905/905 906/906/906 907/907/907
f 905/905/905 907/907/907 908/908/908
f 901/901/901 905/905/905 908/908/908
f 901/901/901 908/908/908 902/902/902
f 881/881/881 886/886/886 909/909/909
f 881/881/881 909/909/909 906/906/906
f 886/886/886 885/885/885 910/910/910
f 886/886/886 910/910/910 909/909/909
f 909/909/909 910/910/910 911/911/911
f 909/909/909 911/911/911 912/912/912
f 906/906/906 909/909/909 912/912/912
f 906/906/906 912/912/912 907/907/907
f 885/885/885 890/890/890 913/913/913
f 885/885/885 913/913/913 910/910/910
f 890/890/890 889/889/889 914/914/914
f 890/890/890 914/914/914 913/913/913
f 913/913/913 914/914/914 915/915/915
f 913/913/913 915/915/915 916/916/916
f 910/910/910 913/913/913 916/916/916
f 910/910/910 916/916/916 911/911/911
f 889/889/889 894/894/894 917/917/917
f 889/889/889 917/917/917 914/914/914
f 894/894/894 893/893/893 918/918/918
f 894/894/894 918/918/918 917/917/917
f 917/917/917 918/918/918 919/919/919
f 917/917/917 919/919/919 920/920/920
f 914/914/914 917/917/917 920/920/920
f 914/914/914 920/920/920 915/915/915
f 893/893/893 898/898/898 921/921/921
f 893/893/893 921/921/921 918/918/918
f 898/898/898 897/897/897 922/922/922
f 898/898/898 922/922/922 921/921/921
f 921/921/921 922/922/922 923/923/923
f 921/921/921 923/923/923 924/924/924
f 918/918/918 921/921/921 924/924/924
f 918/918/918 924/924/924 919/919/919
f 904/904/904 903/903/903 925/925/925
f 904/904/904 925/925/925 926/926/926
f 903/903/903 902/902/902 927/927/927
f 903/903/903 927/927/927 925/925/925
f 925/925/925 927/927/927 928/928/928
f 925/925/925 928/928/928 929/929/929
f 926/926/926 925/925/925 929/929/929
f 926/926/926 929/929/929 930/930/930
f 902/902/902 908/908/908 931/931/931
f 902/902/902 931/931/931 927/927/927
f 908/908/908 907/907/907 932/932/932
f 908/908/908 932/932/932 931/931/931
f 931/931/931 932/932/932 933/933/933
f 931/931/931 933/933/933 934/934/934
f 927/927/927 931/931/931 934/934/934
f 927/927/927 934/934/934 928/928/928
f 907/907/907 912/912/912 935/935/935
f 907/907/907 935/935/935 932/932/932
f 912/912/912 911/911/911 936/936/936
f 912/912/912 936/936/936 935/935/935
f 935/935/935 936/936/936 937/937/937
f 935/935/935 937/937/937 938/938/938
f 932/932/932 935/935/935 938/938/938
f 932/932/932 938/938/938 933/933/933
f 911/911/911 916/916/916 939/939/939
f 911/911/911 939/939/939 936/936/936
f 916/916/916 915/915/915 940/940/940
f 916/916/916 940/940/940 939/939/939
f 939/939/939 940/940/940 941/941/941
f 939/939/939 941/941/941 942/942/942
f 936/936/936 939/939/939 942/942/942
f 936/936/936 942/942/942 937/937/937
f 915/915/915 920/920/920 943/943/943
f 915/915/915 943/943/943 940/940/940
f 920/920/920 919/919/919 944/944/944
f 920/920/920 944/944/944 943/943/943
f 943/943/943 944/944/944 945/945/945
f 943/943/943 945/945/945 946/946/946
f 940/940/940 943/943/943 946/946/946
f 940/940/940 946/946/946 941/941/941
f 919/919/919 924/924/924 947/947/947
f 919/919/919 947/947/947 944/944/944
f 924/924/924 923/923/923 948/948/948
f 924/924/924 948/948/948 947/947/947
f 947/947/947 948/948/948 949/949/949
f 947/947/947 949/949/949 950/950/950
f 944/944/944 947/947/947 950/950/950
f 944/944/944 950/950/950 945/945/945
f 930/930/930 929/929/929 951/951/951
f 930/930/930 951/951/951 952/952/952
f 929/929/929 928/928/928 953/953/953
f 929/929/929 953/953/953 951/951/951
f 951/951/951 953/953/953 954/954/954
f 951/951/951 954/954/954 955/955/955
f 952/952/952 951/951/951 955/955/955
f 952/952/952 955/955/955 956/956/956
f 928/928/928 934/934/934 957/957/957
f 928/928/928 957/957/957 953/953/953
f 934/934/934 933/933/933 958/958/958
f 934/934/934 958/958/958 957/957/957
f 957/957/957 958/958/958 959/959/959
f 957/957/957 959/959/959 960/960/960
f 953/953/953 957/957/957 960/960/960
f 953/953/953 960/960/960 954/954/954
f 933/933/933 938/938/938 961/961/961
f 933/933/933 961/961/961 958/958/958
f 938/938/938 937/937/937 962/962/962
f 938/938/938 962/962/962 961/961/961
f 961/961/961 962/962/962 963/963/963
f 961/961/961 963/963/963 964/964/964
f 958/958/958 961/961/961 964/964/964
f 958/958/958 964/964/964 959/959/959
f 937/937/937 942/942/942 965/965/965
f 937/937/937 965/965/965 962/962/962
f 942/942/942 941/941/941 966/966/966
f 942/942/942 966/966/966 965/965/965
f 965/965/965 966/966/966 967/967/967
f 965/965/965 967/967/967 968/968/968
f 962/962/962 965/965/965 968/968/968
f 962/962/962 968/968/968 963/963/963
f 941/941/941 946/946/946 969/969/969
f 941/941/941 969/969/969 966/966/966
f 946/946/946 945/945/945 970/970/970
f 946/946/946 970/970/970 969/969/969
f 969/969/969 970/970/970 971/971/971
f 969/969/969 971/971/971 972/972/972
f 966/966/966 969/969/969 972/972/972
f 966/966/966 972/972/972 967/967/967
f 945/945/945 950/950/950 973/973/973
f 945/945/945 973/973/973 970/970/970
f 950/950/950 949/949/949 974/974/974
f 950/950/950 974/974/974 973/973/973
f 973/973/973 974/974/974 975/975/975
f 973/973/973 975/975/975 976/976/976
f 970/970/970 973/973/973 976/976/976
f 970/970/970 976/976/976 971/971/971
f 956/956/956 955/955/955 977/977/977
f 956/956/956 977/977/977 978/978/978
f 955/955/955 954/954/954 979/979/979
f 955/955/955 979/979/979 977/977/977
f 977/977/977 979/979/979 980/980/980
f 977/977/977 980/980/980 981/981/981
f 978/978/978 977/977/977 981/981/981
f 978/978/978 981/981/981 982/982/982
f 954/954/954 960/960/960 983/983/983
f 954/954/954 983/983/983 979/979/979
f 960/960/960 959/959/959 984/984/984
f 960/960/960 984/984/984 983/983/983
f 983/983/983 984/984/984 985/985/985
f 983/983/983 985/985/985 986/986/986
f 979/979/979 983/983/983 986/986/986
f 979/979/979 986/986/986 980/980/980
f 959/959/959 964/964/964 987/987/987
f 959/959/959 987/987/987 984/984/984
f 964/964/964 963/963/963 988/988/988
f 964/964/964 988/988/988 987/987/987
f 987/987/987 988/988/988 989/989/989
f 987/987/987 989/989/989 990/990/990
f 984/984/984 987/987/987 990/990/990
f 984/984/984 990/990/990 985/985/985
f 963/963/963 968/968/968 991/991/991
f 963/963/963 991/991/991 988/988/988
f 968/968/968 967/967/967 992/992/992
f 968/968/968 992/992/992 991/991/991
f 991/991/991 992/992/992 993/993/993
f 991/991/991 993/993/993 994/994/994
f 988/988/988 991/991/991 994/994/994
f 988/988/988 994/994/994 989/989/989
f 967/967/967 972/972/972 995/995/995
f 967/967/967 995/995/995 992/992/992
f 972/972/972 971/971/971 996/996/996
f 972/972/972 996/996/996 995/995/995
f 995/995/995 996/996/996 997/997/997
f 995/995/995 997/997/997 998/998/998
f 992/992/992 995/995/995 998/998/998
f 992/992/992 998/998/998 993/993/993
f 971/971/971 976/976/976 999/999/999
f 971/971/971 999/999/999 996/996/996
f 976/976/976 975/975/975 1000/1000/1000
f 976/976/976 1000/1000/1000 999/999/999
f 999/999/999 1000/1000/1000 1001/1001/1001
f 999/999/999 1001/1001/1001 1002/1002/1002
f 996/996/996 999/999/999 1002/1002/1002
f 996/996/996 1002/1002/1002 997/997/997
f 765/765/765 1003/1003/1003 1004/1004/1004
f 765/765/765 1004/1004/1004 766/766/766
f 1003/1003/1003 1005/1005/1005 1006/1006/1006
f 1003/1003/1003 1006/1006/1006 1004/1004/1004
f 1004/1004/1004 1006/1006/1006 834/834/834
f 1004/1004/1004 834/834/834 1007/1007/1007
f 766/766/766 1004/1004/1004 1007/1007/1007
f 766/766/766 1007/1007/1007 767/767/767
f 1005/1005/1005 1008/1008/1008 1009/1009/1009
f 1005/1005/1005 1009/1009/1009 1006/1006/1006
f 1008/1008/1008 1010/1010/1010 1011/1011/1011
f 1008/1008/1008 1011/1011/1011 1009/1009/1009
f 1009/1009/1009 1011/1011/1011 838/838/838
f 1009/1009/1009 838/838/838 835/835/835
f 1006/1006/1006 1009/1009/1009 835/835/835
f 1006/1006/1006 835/835/835 834/834/834
f 1010/1010/1010 1012/1012/1012 1013/1013/1013
f 1010/1010/1010 1013/1013/1013 1011/1011/1011
f 1012/1012/1012 1014/1014/1014 1015/1015/1015
f 1012/1012/1012 1015/1015/1015 1013/1013/1013
f 1013/1013/1013 1015/1015/1015 845/845/845
f 1013/1013/1013 845/845/845 843/843/843
f 1011/1011/1011 1013/1013/1013 843/843/843
f 1011/1011/1011 843/843/843 838/838/838
f 1014/1014/1014 1016/1016/1016 1017/1017/1017
f 1014/1014/1014 1017/1017/1017 1015/1015/1015
f 1016/1016/1016 1018/1018/1018 1019/1019/1019
f 1016/1016/1016 1019/1019/1019 1017/1017/1017
f 1017/1017/1017 1019/1019/1019 851/851/851
f 1017/1017/1017 851/851/851 849/849/849
f 1015/1015/1015 1017/1017/1017 849/849/849
f 1015/1015/1015 849/849/849 845/845/845
f 1018/1018/1018 1020/1020/1020 1021/1021/1021
f 1018/1018/1018 1021/1021/1021 1019/1019/1019
f 1020/1020/1020 1022/1022/1022 1023/1023/1023
f 1020/1020/1020 1023/1023/1023 1021/1021/1021
f 1021/1021/1021 1023/1023/1023 857/857/857
f 1021/1021/1021 857/857/857 855/855/855
f 1019/1019/1019 1021/1021/1021 855/855/855
f 1019/1019/1019 855/855/855 851/851/851
f 1022/1022/1022 1024/1024/1024 1025/1025/1025
f 1022/1022/1022 1025/1025/1025 1023/1023/1023
f 1024/1024/1024 1026/1026/1026 1027/1027/1027
f 1024/1024/1024 1027/1027/1027 1025/1025/1025
f 1025/1025/1025 1027/1027/1027 863/863/863
f 1025/1025/1025 863/863/863 861/861/861
f 1023/1023/1023 1025/1025/1025 861/861/861
f 1023/1023/1023 861/861/861 857/857/857
f 1026/1026/1026 1028/1028/1028 1029/1029/1029
f 1026/1026/1026 1029/1029/1029 1027/1027/1027
f 1028/1028/1028 1030/1030/1030 1031/1031/1031
f 1028/1028/1028 1031/1031/1031 1029/1029/1029
f 1029/1029/1029 1031/1031/1031 869/869/869
f 1029/1029/1029 869/869/869 867/867/867
f 1027/1027/1027 1029/1029/1029 867/867/867
f 1027/1027/1027 867/867/867 863/863/863
f 1030/1030/1030 1032/1032/1032 1033/1033/1033
f 1030/1030/1030 1033/1033/1033 1031/1031/1031
f 1032/1032/1032 1034/1034/1034 1035/1035/1035
f 1032/1032/1032 1035/1035/1035 1033/1033/1033
f 1033/1033/1033 1035/1035/1035 1036/1036/1036
f 1033/1033/1033 1036/1036/1036 1037/1037/1037
f 1031/1031/1031 1033/1033/1033 1037/1037/1037
f 1031/1031/1031 1037/1037/1037 869/869/869
f 869/869/869 1037/1037/1037 1038/1038/1038
f 869/869/869 1038/1038/1038 870/870/870
f 1037/1037/1037 1036/1036/1036 1039/1039/1039
f 1037/1037/1037 1039/1039/1039 1038/1038/1038
f 1038/1038/1038 1039/1039/1039 1040/1040/1040
f 1038/1038/1038 1040/1040/1040 1041/1041/1041
f 870/870/870 1038/1038/1038 1041/1041/1041
f 870/870/870 1041/1041/1041 871/871/871
f 871/871/871 1041/1041/1041 1042/1042/1042
f 871/871/871 1042/1042/1042 896/896/896
f 1041/1041/1041 1040/1040/1040 1043/1043/1043
f 1041/1041/1041 1043/1043/1043 1042/1042/1042
f 1042/1042/1042 1043/1043/1043 1044/1044/1044
f 1042/1042/1042 1044/1044/1044 1045/1045/1045
f 896/896/896 1042/1042/1042 1045/1045/1045
f 896/896/896 1045/1045/1045 897/897/897
f 897/897/897 1045/1045/1045 1046/1046/1046
f 897/897/897 1046/1046/1046 922/922/922
f 1045/1045/1045 1044/1044/1044 1047/1047/1047
f 1045/1045/1045 1047/1047/1047 1046/1046/1046
f 1046/1046/1046 1047/1047/1047 1048/1048/1048
f 1046/1046/1046 1048/1048/1048 1049/1049/1049
f 922/922/922 1046/1046/1046 1049/1049/1049
f 922/922/922 1049/1049/1049 923/923/923
f 923/923/923 1049/1049/1049 1050/1050/1050
f 923/923/923 1050/1050/1050 948/948/948
f 1049/1049/1049 1048/1048/1048 1051/1051/1051
f 1049/1049/1049 1051/1051/1051 1050/1050/1050
f 1050/1050/1050 1051/1051/1051 1052/1052/1052
f 1050/1050/1050 1052/1052/1052 1053/1053/1053
f 948/948/948 1050/1050/1050 1053/1053/1053
f 948/948/948 1053/1053/1053 949/949/949
f 949/949/949 1053/1053/1053 1054/1054/1054
f 949/949/949 1054/1054/1054 974/974/974
f 1053/1053/1053 1052/1052/1052 1055/1055/1055
f 1053/1053/1053 1055/1055/1055 1054/1054/1054
f 1054/1054/1054 1055/1055/1055 1056/1056/1056
f 1054/1054/1054 1056/1056/1056 1057/1057/1057
f 974/974/974 1054/1054/1054 1057/1057/1057
f 974/974/974 1057/1057/1057 975/975/975
f 975/975/975 1057/1057/1057 1058/1058/1058
f 975/975/975 1058/1058/1058 1000/1000/1000
f 1057/1057/1057 1056/1056/1056 1059/1059/1059
f 1057/1057/1057 1059/1059/1059 1058/1058/1058
f 1058/1058/1058 1059/1059/1059 1060/1060/1060
f 1058/1058/1058 1060/1060/1060 1061/1061/1061
f 1000/1000/1000 1058/1058/1058 1061/1061/1061
f 1000/1000/1000 1061/1061/1061 1001/1001/1001
f 1001/1001/1001 1061/1061/1061 1062/1062/1062
f 1001/1001/1001 1062/1062/1062 1063/1063/1063
f 1061/1061/1061 1060/1060/1060 1064/1064/1064
f 1061/1061/1061 1064/1064/1064 1062/1062/1062
f 1062/1062/1062 1064/1064/1064 204/204/204
f 1062/1062/1062 204/204/204 202/202/202
f 1063/1063/1063 1062/1062/1062 202/202/202
f 1063/1063/1063 202/202/202 200/200/200
f 997/997/997 1002/1002/1002 1065/1065/1065
f 997/997/997 1065/1065/1065 1066/1066/1066
f 1002/1002/1002 1001/1001/1001 1063/1063/1063
f 1002/1002/1002 1063/1063/1063 1065/1065/1065
f 1065/1065/1065 1063/1063/1063 200/200/200
f 1065/1065/1065 200/200/200 198/198/198
f 1066/1066/1066 1065/1065/1065 198/198/198
f 1066/1066/1066 198/198/198 196/196/196
f 993/993/993 998/998/998 1067/1067/1067
f 993/993/993 1067/1067/1067 1068/1068/1068
f 998/998/998 997/997/997 1066/1066/1066
f 998/998/998 1066/1066/1066 1067/1067/1067
f 1067/1067/1067 1066/1066/1066 196/196/196
f 1067/1067/1067 196/196/196 194/194/194
f 1068/1068/1068 1067/1067/1067 194/194/194
f 1068/1068/1068 194/194/194 192/192/192
f 989/989/989 994/994/994 1069/1069/1069
f 989/989/989 1069/1069/1069 1070/1070/1070
f 994/994/994 993/993/993 1068/1068/1068
f 994/994/994 1068/1068/1068 1069/1069/1069
f 1069/1069/1069 1068/1068/1068 192/192/192
f 1069/1069/1069 192/192/192 190/190/190
f 1070/1070/1070 1069/1069/1069 190/190/190
f 1070/1070/1070 190/190/190 188/188/188
f 985/985/985 990/990/990 1071/1071/1071
f 985/985/985 1071/1071/1071 1072/1072/1072
f 990/990/990 989/989/989 1070/1070/1070
f 990/990/990 1070/1070/1070 1071/1071/1071
f 1071/1071/1071 1070/1070/1070 188/188/188
f 1071/1071/1071 188/188/188 186/186/186
f 1072/1072/1072 1071/1071/1071 186/186/186
f 1072/1072/1072 186/186/186 184/184/184
f 980/980/980 986/986/986 1073/1073/1073
f 980/980/980 1073/1073/1073 1074/1074/1074
f 986/986/986 985/985/985 1072/1072/1072
f 986/986/986 1072/1072/1072 1073/1073/1073
f 1073/1073/1073 1072/1072/1072 184/184/184
f 1073/1073/1073 184/184/184 182/182/182
f 1074/1074/1074 1073/1073/1073 182/182/182
f 1074/1074/1074 182/182/182 180/180/180
f 982/982/982 981/981/981 1075/1075/1075
f 982/982/982 1075/1075/1075 1076/1076/1076
f 981/981/981 980/980/980 1074/1074/1074
f 981/981/981 1074/1074/1074 1075/1075/1075
f 1075/1075/1075 1074/1074/1074 180/180/180
f 1075/1075/1075 180/180/180 178/178/178
f 1076/1076/1076 1075/1075/1075 178/178/178
f 1076/1076/1076 178/178/178 174/174/174
f 791/791/791 1077/1077/1077 1078/1078/1078
f 791/791/791 1078/1078/1078 795/795/795
f 1077/1077/1077 982/982/982 1076/1076/1076
f 1077/1077/1077 1076/1076/1076 1078/1078/1078
f 1078/1078/1078 1076/1076/1076 174/174/174
f 1078/1078/1078 174/174/174 171/171/171
f 795/795/795 1078/1078/1078 171/171/171
f 795/795/795 171/171/171 170/170/170
f 787/787/787 1079/1079/1079 1080/1080/1080
f 787/787/787 1080/1080/1080 790/790/790
f 1079/1079/1079 956/956/956 978/978/978
f 1079/1079/1079 978/978/978 1080/1080/1080
f 1080/1080/1080 978/978/978 982/982/982
f 1080/1080/1080 982/982/982 1077/1077/1077
f 790/790/790 1080/1080/1080 1077/1077/1077
f 790/790/790 1077/1077/1077 791/791/791
f 783/783/783 1081/1081/1081 1082/1082/1082
f 783/783/783 1082/1082/1082 786/786/786
f 1081/1081/1081 930/930/930 952/952/952
f 1081/1081/1081 952/952/952 1082/1082/1082
f 1082/1082/1082 952/952/952 956/956/956
f 1082/1082/1082 956/956/956 1079/1079/1079
f 786/786/786 1082/1082/1082 1079/1079/1079
f 786/786/786 1079/1079/1079 787/787/787
f 779/779/779 1083/1083/1083 1084/1084/1084
f 779/779/779 1084/1084/1084 782/782/782
f 1083/1083/1083 904/904/904 926/926/926
f 1083/1083/1083 926/926/926 1084/1084/1084
f 1084/1084/1084 926/926/926 930/930/930
f 1084/1084/1084 930/930/930 1081/1081/1081
f 782/782/782 1084/1084/1084 1081/1081/1081
f 782/782/782 1081/1081/1081 783/783/783
f 775/775/775 1085/1085/1085 1086/1086/1086
f 775/775/775 1086/1086/1086 778/778/778
f 1085/1085/1085 878/878/878 900/900/900
f 1085/1085/1085 900/900/900 1086/1086/1086
f 1086/1086/1086 900/900/900 904/904/904
f 1086/1086/1086 904/904/904 1083/1083/1083
f 778/778/778 1086/1086/1086 1083/1083/1083
f 778/778/778 1083/1083/1083 779/779/779
f 771/771/771 1087/1087/1087 1088/1088/1088
f 771/771/771 1088/1088/1088 774/774/774
f 1087/1087/1087 842/842/842 874/874/874
f 1087/1087/1087 874/874/874 1088/1088/1088
f 1088/1088/1088 874/874/874 878/878/878
f 1088/1088/1088 878/878/878 1085/1085/1085
f 774/774/774 1088/1088/1088 1085/1085/1085
f 774/774/774 1085/1085/1085 775/775/775
f 767/767/767 1007/1007/1007 1089/1089/1089
f 767/767/767 1089/1089/1089 770/770/770
f 1007/1007/1007 834/834/834 837/837/837
f 1007/1007/1007 837/837/837 1089/1089/1089
f 1089/1089/1089 837/837/837 842/842/842
f 1089/1089/1089 842/842/842 1087/1087/1087
f 770/770/770 1089/1089/1089 1087/1087/1087
f 770/770/770 1087/1087/1087 771/771/771
usemtl mat2
f 1090/1090/1090 1092/1091/1090 1093/1092/1090
f 1093/1092/1091 1094/1093/1091 1095/1094/1091
f 1095/1094/1092 1096/1095/1092 1097/1096/1092
f 1097/1096/1093 1098/1097/1093 1099/1098/1093
f 1109/1099/1108 1097/1096/1108 1099/1098/1108
f 1113/1100/1109 1095/1094/1109 1097/1096/1109
f 1115/1101/1110 1093/1092/1110 1095/1094/1110
f 1117/1102/1111 1090/1090/1111 1093/1092/1111
usemtl mat3
f 1090/1090/1090 1091/1103/1090 1092/1091/1090
f 1093/1092/1091 1092/1091/1091 1094/1093/1091
f 1095/1094/1092 1094/1093/1092 1096/1095/1092
f 1097/1096/1093 1096/1095/1093 1098/1097/1093
f 1118/1104/1100 1120/1105/1100 1121/1106/1100
f 1119/1107/1100 1094/1093/1100 1120/1105/1100
f 1105/1108/1100 1096/1095/1100 1094/1093/1100
f 1104/1109/1100 1121/1106/1100 1096/1095/1100
usemtl mat4
f 1100/1110/1094 1101/1111/1094 1102/1112/1094
f 1100/1110/1094 1102/1112/1094 1103/1113/1094
f 1128/1114/1112 1114/1115/1112 1129/1116/1112
f 1129/1116/1113 1112/1117/1113 1101/1111/1113
f 1101/1111/1114 1108/1118/1114 1102/1112/1114
f 1102/1112/1115 1111/1119/1115 1130/1120/1115
usemtl mat5
f 1104/1109/1095 1105/1108/1095 1106/1108/1095
f 1118/1104/1100 1119/1107/1100 1120/1105/1100
f 1119/1107/1100 1105/1108/1100 1094/1093/1100
f 1105/1108/1100 1104/1109/1100 1096/1095/1100
f 1104/1109/1100 1118/1104/1100 1121/1106/1100
f 1119/1107/1102 1118/1104/1102 1123/1104/1102
f 1118/1104/1103 1104/1109/1103 1107/1109/1103
f 1105/1108/1104 1119/1107/1104 1122/1107/1104
usemtl mat6
f 1104/1109/1095 1106/1108/1095 1107/1109/1095
f 1122/1107/1101 1123/1104/1101 1124/1104/1101
f 1119/1107/1102 1123/1104/1102 1122/1107/1102
f 1118/1104/1103 1107/1109/1103 1123/1104/1103
f 1105/1108/1104 1122/1107/1104 1106/1108/1104
f 1123/1104/1105 1107/1109/1105 1126/1109/1105
f 1106/1108/1106 1122/1107/1106 1125/1107/1106
f 1107/1109/1107 1106/1108/1107 1127/1108/1107
usemtl mat7
f 1108/1118/1096 1110/1121/1096 1111/1119/1096
f 1112/1117/1097 1109/1099/1097 1108/1118/1097
f 1114/1115/1098 1113/1100/1098 1112/1117/1098
f 1116/1122/1099 1115/1101/1099 1114/1115/1099
f 1128/1114/1112 1116/1122/1112 1114/1115/1112
f 1129/1116/1113 1114/1115/1113 1112/1117/1113
f 1101/1111/1114 1112/1117/1114 1108/1118/1114
f 1102/1112/1115 1108/1118/1115 1111/1119/1115
usemtl mat8
f 1108/1118/1096 1109/1099/1096 1110/1121/1096
f 1112/1117/1097 1113/1100/1097 1109/1099/1097
f 1114/1115/1098 1115/1101/1098 1113/1100/1098
f 1116/1122/1099 1117/1102/1099 1115/1101/1099
f 1109/1099/1108 1099/1098/1108 1110/1121/1108
f 1113/1100/1109 1097/1096/1109 1109/1099/1109
f 1115/1101/1110 1095/1094/1110 1113/1100/1110
f 1117/1102/1111 1093/1092/1111 1115/1101/1111
usemtl mat9
f 1122/1107/1101 1124/1104/1101 1125/1107/1101
f 1123/1104/1105 1126/1109/1105 1124/1104/1105
f 1106/1108/1106 1125/1107/1106 1127/1108/1106
f 1107/1109/1107 1127/1108/1107 1126/1109/1107
usemtl mat10
f 1131/1123/1116 1132/1124/1116 1133/1124/1117
f 1131/1123/1116 1133/1124/1117 1134/1123/1116
f 1132/1124/1118 1131/1123/1118 1135/1123/1118
f 1132/1124/1118 1135/1123/1118 1136/1124/1118
f 1132/1124/1119 1137/1091/1120 1138/1091/1121
f 1132/1124/1119 1138/1091/1121 1133/1124/1122
f 1137/1091/1123 1132/1124/1124 1136/1124/1124
f 1137/1091/1123 1136/1124/1124 1139/1091/1123
f 1137/1091/1125 1140/1125/1126 1141/1125/1125
f 1137/1091/1125 1141/1125/1125 1138/1091/1125
f 1140/1125/1127 1137/1091/1128 1139/1091/1128
f 1140/1125/1127 1139/1091/1128 1142/1125/1128
f 1140/1125/1129 1131/1123/1129 1134/1123/1129
f 1140/1125/1129 1134/1123/1129 1141/1125/1130
f 1131/1123/1131 1140/1125/1131 1142/1125/1131
f 1131/1123/1131 1142/1125/1131 1135/1123/1131
f 1143/1126/1132 1144/1127/1132 1145/1127/1133
f 1143/1126/1132 1145/1127/1133 1146/1126/1132
f 1144/1127/1134 1143/1126/1134 1147/1126/1134
f 1144/1127/1134 1147/1126/1134 1148/1127/1134
f 1144/1127/1135 1149/1093/1135 1150/1093/1136
f 1144/1127/1135 1150/1093/1136 1145/1127/1135
f 1149/1093/1137 1144/1127/1138 1148/1127/1137
f 1149/1093/1137 1148/1127/1137 1151/1093/1138
f 1149/1093/1139 1152/1128/1140 1153/1128/1140
f 1149/1093/1139 1153/1128/1140 1150/1093/1139
f 1152/1128/1141 1149/1093/1141 1151/1093/1141
f 1152/1128/1141 1151/1093/1141 1154/1128/1141
f 1152/1128/1142 1143/1126/1142 1146/1126/1143
f 1152/1128/1142 1146/1126/1143 1153/1128/1144
f 1143/1126/1145 1152/1128/1146 1154/1128/1146
f 1143/1126/1145 1154/1128/1146 1147/1126/1147
f 1155/1129/1148 1156/1130/1148 1157/1130/1149
f 1155/1129/1148 1157/1130/1149 1158/1129/1148
f 1156/1130/1150 1155/1129/1150 1159/1129/1150
f 1156/1130/1150 1159/1129/1150 1160/1130/1150
f 1156/1130/1151 1161/1095/1152 1162/1095/1153
f 1156/1130/1151 1162/1095/1153 1157/1130/1154
f 1161/1095/1155 1156/1130/1156 1160/1130/1156
f 1161/1095/1155 1160/1130/1156 1163/1095/1155
f 1161/1095/1157 1164/1131/1158 1165/1131/1157
f 1161/1095/1157 1165/1131/1157 1162/1095/1157
f 1164/1131/1159 1161/1095/1160 1163/1095/1160
f 1164/1131/1159 1163/1095/1160 1166/1131/1160
f 1164/1131/1161 1155/1129/1161 1158/1129/1161
f 1164/1131/1161 1158/1129/1161 1165/1131/1162
f 1155/1129/1163 1164/1131/1163 1166/1131/1163
f 1155/1129/1163 1166/1131/1163 1159/1129/1163
f 1167/1132/1164 1168/1133/1164 1169/1133/1165
f 1167/1132/1164 1169/1133/1165 1170/1132/1164
f 1168/1133/1166 1167/1132/1166 1171/1132/1166
f 1168/1133/1166 1171/1132/1166 1172/1133/1166
f 1168/1133/1167 1173/1097/1167 1174/1097/1168
f 1168/1133/1167 1174/1097/1168 1169/1133/1167
f 1173/1097/1169 1168/1133/1170 1172/1133/1169
f 1173/1097/1169 1172/1133/1169 1175/1097/1170
f 1173/1097/1171 1176/1134/1172 1177/1134/1172
f 1173/1097/1171 1177/1134/1172 1174/1097/1171
f 1176/1134/1173 1173/1097/1173 1175/1097/1173
f 1176/1134/1173 1175/1097/1173 1178/1134/1173
f 1176/1134/1174 1167/1132/1174 1170/1132/1175
f 1176/1134/1174 1170/1132/1175 1177/1134/1176
f 1167/1132/1177 1176/1134/1178 1178/1134/1178
f 1167/1132/1177 1178/1134/1178 1171/1132/1179
f 1179/1135/1180 1180/1136/1181 1181/1136/1181
f 1179/1135/1180 1181/1136/1181 1182/1135/1180
f 1180/1136/1182 1179/1135/1183 1183/1135/1184
f 1180/1136/1182 1183/1135/1184 1184/1136/1182
f 1180/1136/1185 1185/1106/1186 1186/1106/1186
f 1180/1136/1185 1186/1106/1186 1181/1136/1187
f 1185/1106/1188 1180/1136/1189 1184/1136/1188
f 1185/1106/1188 1184/1136/1188 1187/1106/1189
f 1185/1106/1190 1188/1137/1191 1189/1137/1191
f 1185/1106/1190 1189/1137/1191 1186/1106/1191
f 1188/1137/1192 1185/1106/1192 1187/1106/1192
f 1188/1137/1192 1187/1106/1192 1190/1137/1193
f 1188/1137/1194 1179/1135/1194 1182/1135/1194
f 1188/1137/1194 1182/1135/1194 1189/1137/1194
f 1179/1135/1195 1188/1137/1195 1190/1137/1195
f 1179/1135/1195 1190/1137/1195 1183/1135/1195
f 1191/1130/1196 1192/1138/1196 1193/1138/1197
f 1191/1130/1196 1193/1138/1197 1157/1130/1198
f 1192/1138/1199 1191/1130/1200 1160/1130/1200
f 1192/1138/1199 1160/1130/1200 1194/1138/1199
f 1192/1138/1201 1195/1139/1202 1196/1139/1202
f 1192/1138/1201 1196/1139/1202 1193/1138/1201
f 1195/1139/1203 1192/1138/1203 1194/1138/1203
f 1195/1139/1203 1194/1138/1203 1197/1139/1203
f 1195/1139/1204 1198/1095/1204 1162/1095/1205
f 1195/1139/1204 1162/1095/1205 1196/1139/1204
f 1198/1095/1206 1195/1139/1207 1197/1139/1208
f 1198/1095/1206 1197/1139/1208 1163/1095/1207
f 1198/1095/1209 1191/1130/1210 1157/1130/1210
f 1198/1095/1209 1157/1130/1210 1162/1095/1209
f 1191/1130/1211 1198/1095/1211 1163/1095/1212
f 1191/1130/1211 1163/1095/1212 1160/1130/1211
f 1199/1138/1213 1200/1140/1213 1201/1140/1213
f 1199/1138/1213 1201/1140/1213 1193/1138/1213
f 1200/1140/1214 1199/1138/1214 1194/1138/1214
f 1200/1140/1214 1194/1138/1214 1202/1140/1214
f 1200/1140/1201 1203/1141/1202 1204/1141/1202
f 1200/1140/1201 1204/1141/1202 1201/1140/1201
f 1203/1141/1203 1200/1140/1203 1202/1140/1203
f 1203/1141/1203 1202/1140/1203 1205/1141/1203
f 1203/1141/1215 1206/1139/1215 1196/1139/1215
f 1203/1141/1215 1196/1139/1215 1204/1141/1215
f 1206/1139/1216 1203/1141/1216 1205/1141/1216
f 1206/1139/1216 1205/1141/1216 1197/1139/1216
f 1206/1139/1217 1199/1138/1194 1193/1138/1194
f 1206/1139/1217 1193/1138/1194 1196/1139/1194
f 1199/1138/1195 1206/1139/1195 1197/1139/1195
f 1199/1138/1195 1197/1139/1195 1194/1138/1195
f 1207/1142/1213 1208/1143/1213 1209/1143/1213
f 1207/1142/1213 1209/1143/1213 1210/1142/1213
f 1208/1143/1214 1207/1142/1214 1211/1142/1214
f 1208/1143/1214 1211/1142/1214 1212/1143/1214
f 1208/1143/1201 1213/1144/1202 1214/1144/1202
f 1208/1143/1201 1214/1144/1202 1209/1143/1201
f 1213/1144/1203 1208/1143/1203 1212/1143/1203
f 1213/1144/1203 1212/1143/1203 1215/1144/1203
f 1213/1144/1215 1216/1145/1215 1217/1145/1215
f 1213/1144/1215 1217/1145/1215 1214/1144/1215
f 1216/1145/1216 1213/1144/1216 1215/1144/1216
f 1216/1145/1216 1215/1144/1216 1218/1145/1216
f 1216/1145/1194 1207/1142/1194 1210/1142/1194
f 1216/1145/1194 1210/1142/1194 1217/1145/1194
f 1207/1142/1195 1216/1145/1195 1218/1145/1195
f 1207/1142/1195 1218/1145/1195 1211/1142/1195
f 1219/1143/1213 1220/1146/1213 1221/1146/1213
f 1219/1143/1213 1221/1146/1213 1209/1143/1213
f 1220/1146/1214 1219/1143/1214 1212/1143/1214
f 1220/1146/1214 1212/1143/1214 1222/1146/1214
f 1220/1146/1201 1223/1147/1202 1224/1147/1202
f 1220/1146/1201 1224/1147/1202 1221/1146/1201
f 1223/1147/1203 1220/1146/1203 1222/1146/1203
f 1223/1147/1203 1222/1146/1203 1225/1147/1203
f 1223/1147/1215 1226/1144/1215 1214/1144/1215
f 1223/1147/1215 1214/1144/1215 1224/1147/1215
f 1226/1144/1216 1223/1147/1216 1225/1147/1216
f 1226/1144/1216 1225/1147/1216 1215/1144/1216
f 1226/1144/1194 1219/1143/1194 1209/1143/1194
f 1226/1144/1194 1209/1143/1194 1214/1144/1194
f 1219/1143/1195 1226/1144/1195 1215/1144/1195
f 1219/1143/1195 1215/1144/1195 1212/1143/1195
f 1227/1146/1213 1228/1148/1213 1229/1148/1213
f 1227/1146/1213 1229/1148/1213 1221/1146/1213
f 1228/1148/1214 1227/1146/1214 1222/1146/1214
f 1228/1148/1214 1222/1146/1214 1230/1148/1214
f 1228/1148/1201 1231/1149/1202 1232/1149/1202
f 1228/1148/1201 1232/1149/1202 1229/1148/1201
f 1231/1149/1203 1228/1148/1203 1230/1148/1203
f 1231/1149/1203 1230/1148/1203 1233/1149/1203
f 1231/1149/1215 1234/1147/1215 1224/1147/1215
f 1231/1149/1215 1224/1147/1215 1232/1149/1215
f 1234/1147/1216 1231/1149/1216 1233/1149/1216
f 1234/1147/1216 1233/1149/1216 1225/1147/1216
f 1234/1147/1194 1227/1146/1194 1221/1146/1194
f 1234/1147/1194 1221/1146/1194 1224/1147/1194
f 1227/1146/1195 1234/1147/1195 1225/1147/1195
f 1227/1146/1195 1225/1147/1195 1222/1146/1195
f 1235/1150/1213 1236/1151/1213 1237/1151/1213
f 1235/1150/1213 1237/1151/1213 1238/1150/1213
f 1236/1151/1214 1235/1150/1214 1239/1150/1214
f 1236/1151/1214 1239/1150/1214 1240/1151/1214
f 1236/1151/1201 1241/1152/1202 1242/1152/1202
f 1236/1151/1201 1242/1152/1202 1237/1151/1201
f 1241/1152/1203 1236/1151/1203 1240/1151/1203
f 1241/1152/1203 1240/1151/1203 1243/1152/1203
f 1241/1152/1215 1244/1153/1215 1245/1153/1215
f 1241/1152/1215 1245/1153/1215 1242/1152/1215
f 1244/1153/1216 1241/1152/1216 1243/1152/1216
f 1244/1153/1216 1243/1152/1216 1246/1153/1216
f 1244/1153/1194 1235/1150/1194 1238/1150/1194
f 1244/1153/1194 1238/1150/1194 1245/1153/1194
f 1235/1150/1195 1244/1153/1195 1246/1153/1195
f 1235/1150/1195 1246/1153/1195 1239/1150/1195
f 1247/1151/1213 1248/1135/1213 1182/1135/1213
f 1247/1151/1213 1182/1135/1213 1237/1151/1213
f 1248/1135/1214 1247/1151/1214 1240/1151/1214
f 1248/1135/1214 1240/1151/1214 1183/1135/1214
f 1248/1135/1201 1249/1137/1202 1189/1137/1202
f 1248/1135/1201 1189/1137/1202 1182/1135/1201
f 1249/1137/1203 1248/1135/1203 1183/1135/1203
f 1249/1137/1203 1183/1135/1203 1190/1137/1203
f 1249/1137/1215 1250/1152/1215 1242/1152/1215
f 1249/1137/1215 1242/1152/1215 1189/1137/1215
f 1250/1152/1216 1249/1137/1216 1190/1137/1216
f 1250/1152/1216 1190/1137/1216 1243/1152/1216
f 1250/1152/1194 1247/1151/1194 1237/1151/1194
f 1250/1152/1194 1237/1151/1194 1242/1152/1194
f 1247/1151/1195 1250/1152/1195 1243/1152/1195
f 1247/1151/1195 1243/1152/1195 1240/1151/1195
f 1251/1154/1218 1252/1113/1219 1253/1113/1220
f 1251/1154/1218 1253/1113/1220 1254/1154/1221
f 1252/1113/1222 1251/1154/1222 1255/1154/1222
f 1252/1113/1222 1255/1154/1222 1256/1113/1222
f 1252/1113/1223 1257/1155/1224 1258/1155/1223
f 1252/1113/1223 1258/1155/1223 1253/1113/1223
f 1257/1155/1225 1252/1113/1226 1256/1113/1227
f 1257/1155/1225 1256/1113/1227 1259/1155/1227
f 1260/1131/1228 1261/1095/1228 1162/1095/1228
f 1260/1131/1228 1162/1095/1228 1165/1131/1229
f 1261/1095/1230 1260/1131/1230 1166/1131/1230
f 1261/1095/1230 1166/1131/1230 1163/1095/1230
f 1261/1095/1231 1262/1156/1232 1263/1156/1232
f 1261/1095/1231 1263/1156/1232 1162/1095/1232
f 1262/1156/1233 1261/1095/1234 1163/1095/1234
f 1262/1156/1233 1163/1095/1234 1264/1156/1234
f 1262/1156/1235 1265/1157/1235 1266/1157/1235
f 1262/1156/1235 1266/1157/1235 1263/1156/1235
f 1265/1157/1236 1262/1156/1236 1264/1156/1236
f 1265/1157/1236 1264/1156/1236 1267/1157/1236
f 1265/1157/1237 1260/1131/1237 1165/1131/1237
f 1265/1157/1237 1165/1131/1237 1266/1157/1237
f 1260/1131/1238 1265/1157/1239 1267/1157/1240
f 1260/1131/1238 1267/1157/1240 1166/1131/1238
f 1268/1157/1164 1269/1156/1164 1263/1156/1165
f 1268/1157/1164 1263/1156/1165 1266/1157/1164
f 1269/1156/1166 1268/1157/1166 1267/1157/1166
f 1269/1156/1166 1267/1157/1166 1264/1156/1166
f 1269/1156/1241 1270/1158/1241 1271/1158/1241
f 1269/1156/1241 1271/1158/1241 1263/1156/1241
f 1270/1158/1242 1269/1156/1242 1264/1156/1242
f 1270/1158/1242 1264/1156/1242 1272/1158/1242
f 1270/1158/1235 1273/1159/1235 1274/1159/1235
f 1270/1158/1235 1274/1159/1235 1271/1158/1235
f 1273/1159/1236 1270/1158/1236 1272/1158/1236
f 1273/1159/1236 1272/1158/1236 1275/1159/1236
f 1273/1159/1243 1268/1157/1243 1266/1157/1243
f 1273/1159/1243 1266/1157/1243 1274/1159/1243
f 1268/1157/1214 1273/1159/1214 1275/1159/1214
f 1268/1157/1214 1275/1159/1214 1267/1157/1214
f 1276/1160/1164 1277/1161/1164 1278/1161/1165
f 1276/1160/1164 1278/1161/1165 1279/1160/1164
f 1277/1161/1166 1276/1160/1166 1280/1160/1166
f 1277/1161/1166 1280/1160/1166 1281/1161/1166
f 1277/1161/1241 1282/1162/1241 1283/1162/1241
f 1277/1161/1244 1283/1162/1244 1278/1161/1244
f 1282/1162/1242 1277/1161/1242 1281/1161/1242
f 1282/1162/1242 1281/1161/1242 1284/1162/1242
f 1282/1162/1235 1285/1163/1235 1286/1163/1235
f 1282/1162/1235 1286/1163/1235 1283/1162/1235
f 1285/1163/1236 1282/1162/1236 1284/1162/1236
f 1285/1163/1236 1284/1162/1236 1287/1163/1236
f 1285/1163/1243 1276/1160/1243 1279/1160/1243
f 1285/1163/1243 1279/1160/1243 1286/1163/1243
f 1276/1160/1214 1285/1163/1214 1287/1163/1214
f 1276/1160/1214 1287/1163/1214 1280/1160/1214
f 1288/1163/1164 1289/1162/1164 1283/1162/1165
f 1288/1163/1164 1283/1162/1165 1286/1163/1164
f 1289/1162/1166 1288/1163/1166 1287/1163/1166
f 1289/1162/1166 1287/1163/1166 1284/1162/1166
f 1289/1162/1241 1290/1164/1241 1291/1164/1241
f 1289/1162/1244 1291/1164/1244 1283/1162/1244
f 1290/1164/1242 1289/1162/1242 1284/1162/1242
f 1290/1164/1242 1284/1162/1242 1292/1164/1242
f 1290/1164/1235 1293/1165/1235 1294/1165/1235
f 1290/1164/1235 1294/1165/1235 1291/1164/1235
f 1293/1165/1236 1290/1164/1236 1292/1164/1236
f 1293/1165/1236 1292/1164/1236 1295/1165/1236
f 1293/1165/1243 1288/1163/1243 1286/1163/1243
f 1293/1165/1243 1286/1163/1243 1294/1165/1243
f 1288/1163/1214 1293/1165/1214 1295/1165/1214
f 1288/1163/1214 1295/1165/1214 1287/1163/1214
f 1296/1165/1164 1297/1164/1164 1291/1164/1165
f 1296/1165/1164 1291/1164/1165 1294/1165/1164
f 1297/1164/1166 1296/1165/1166 1295/1165/1166
f 1297/1164/1166 1295/1165/1166 1292/1164/1166
f 1297/1164/1241 1298/1166/1241 1299/1166/1241
f 1297/1164/1244 1299/1166/1244 1291/1164/1244
f 1298/1166/1242 1297/1164/1242 1292/1164/1242
f 1298/1166/1242 1292/1164/1242 1300/1166/1242
f 1298/1166/1235 1301/1167/1235 1302/1167/1235
f 1298/1166/1235 1302/1167/1235 1299/1166/1235
f 1301/1167/1236 1298/1166/1236 1300/1166/1236
f 1301/1167/1236 1300/1166/1236 1303/1167/1236
f 1301/1167/1243 1296/1165/1243 1294/1165/1243
f 1301/1167/1243 1294/1165/1243 1302/1167/1243
f 1296/1165/1214 1301/1167/1214 1303/1167/1214
f 1296/1165/1214 1303/1167/1214 1295/1165/1214
f 1304/1168/1164 1305/1169/1164 1306/1169/1165
f 1304/1168/1164 1306/1169/1165 1307/1168/1164
f 1305/1169/1166 1304/1168/1166 1308/1168/1166
f 1305/1169/1166 1308/1168/1166 1309/1169/1166
f 1305/1169/1241 1310/1170/1241 1311/1170/1241
f 1305/1169/1241 1311/1170/1241 1306/1169/1241
f 1310/1170/1242 1305/1169/1242 1309/1169/1242
f 1310/1170/1242 1309/1169/1242 1312/1170/1242
f 1310/1170/1235 1313/1171/1235 1314/1171/1235
f 1310/1170/1235 1314/1171/1235 1311/1170/1235
f 1313/1171/1236 1310/1170/1236 1312/1170/1236
f 1313/1171/1236 1312/1170/1236 1315/1171/1236
f 1313/1171/1243 1304/1168/1243 1307/1168/1243
f 1313/1171/1243 1307/1168/1243 1314/1171/1243
f 1304/1168/1214 1313/1171/1214 1315/1171/1214
f 1304/1168/1214 1315/1171/1214 1308/1168/1214
f 1316/1171/1164 1317/1170/1164 1311/1170/1165
f 1316/1171/1164 1311/1170/1165 1314/1171/1164
f 1317/1170/1166 1316/1171/1166 1315/1171/1166
f 1317/1170/1166 1315/1171/1166 1312/1170/1166
f 1317/1170/1241 1318/1133/1241 1169/1133/1241
f 1317/1170/1241 1169/1133/1241 1311/1170/1241
f 1318/1133/1242 1317/1170/1242 1312/1170/1242
f 1318/1133/1242 1312/1170/1242 1172/1133/1242
f 1318/1133/1235 1319/1132/1235 1170/1132/1235
f 1318/1133/1235 1170/1132/1235 1169/1133/1235
f 1319/1132/1236 1318/1133/1236 1172/1133/1236
f 1319/1132/1236 1172/1133/1236 1171/1132/1236
f 1319/1132/1243 1316/1171/1243 1314/1171/1243
f 1319/1132/1243 1314/1171/1243 1170/1132/1243
f 1316/1171/1214 1319/1132/1214 1171/1132/1214
f 1316/1171/1214 1171/1132/1214 1315/1171/1214
f 1320/1125/1245 1321/1091/1245 1138/1091/1245
f 1320/1125/1245 1138/1091/1245 1141/1125/1246
f 1321/1091/1247 1320/1125/1247 1142/1125/1247
f 1321/1091/1247 1142/1125/1247 1139/1091/1247
f 1321/1091/1248 1322/1172/1249 1323/1172/1249
f 1321/1091/1248 1323/1172/1249 1138/1091/1249
f 1322/1172/1250 1321/1091/1251 1139/1091/1251
f 1322/1172/1250 1139/1091/1251 1324/1172/1251
f 1322/1172/1252 1325/1173/1252 1326/1173/1252
f 1322/1172/1252 1326/1173/1252 1323/1172/1252
f 1325/1173/1253 1322/1172/1253 1324/1172/1253
f 1325/1173/1253 1324/1172/1253 1327/1173/1253
f 1325/1173/1254 1320/1125/1254 1141/1125/1254
f 1325/1173/1254 1141/1125/1254 1326/1173/1254
f 1320/1125/1255 1325/1173/1256 1327/1173/1257
f 1320/1125/1255 1327/1173/1257 1142/1125/1255
f 1328/1173/1132 1329/1172/1132 1323/1172/1133
f 1328/1173/1132 1323/1172/1133 1326/1173/1132
f 1329/1172/1134 1328/1173/1134 1327/1173/1134
f 1329/1172/1134 1327/1173/1134 1324/1172/1134
f 1329/1172/1258 1330/1174/1258 1331/1174/1258
f 1329/1172/1258 1331/1174/1258 1323/1172/1258
f 1330/1174/1215 1329/1172/1215 1324/1172/1215
f 1330/1174/1215 1324/1172/1215 1332/1174/1215
f 1330/1174/1252 1333/1175/1252 1334/1175/1252
f 1330/1174/1252 1334/1175/1252 1331/1174/1252
f 1333/1175/1253 1330/1174/1253 1332/1174/1253
f 1333/1175/1253 1332/1174/1253 1335/1175/1253
f 1333/1175/1214 1328/1173/1214 1326/1173/1214
f 1333/1175/1214 1326/1173/1214 1334/1175/1214
f 1328/1173/1243 1333/1175/1243 1335/1175/1243
f 1328/1173/1243 1335/1175/1243 1327/1173/1243
f 1336/1176/1132 1337/1177/1132 1338/1177/1133
f 1336/1176/1132 1338/1177/1133 1339/1176/1132
f 1337/1177/1134 1336/1176/1134 1340/1176/1134
f 1337/1177/1134 1340/1176/1134 1341/1177/1134
f 1337/1177/1258 1342/1178/1258 1343/1178/1258
f 1337/1177/1259 1343/1178/1259 1338/1177/1259
f 1342/1178/1215 1337/1177/1215 1341/1177/1215
f 1342/1178/1215 1341/1177/1215 1344/1178/1215
f 1342/1178/1252 1345/1179/1252 1346/1179/1252
f 1342/1178/1252 1346/1179/1252 1343/1178/1252
f 1345/1179/1253 1342/1178/1253 1344/1178/1253
f 1345/1179/1253 1344/1178/1253 1347/1179/1253
f 1345/1179/1214 1336/1176/1214 1339/1176/1214
f 1345/1179/1214 1339/1176/1214 1346/1179/1214
f 1336/1176/1243 1345/1179/1243 1347/1179/1243
f 1336/1176/1243 1347/1179/1243 1340/1176/1243
f 1348/1179/1132 1349/1178/1132 1343/1178/1133
f 1348/1179/1132 1343/1178/1133 1346/1179/1132
f 1349/1178/1134 1348/1179/1134 1347/1179/1134
f 1349/1178/1134 1347/1179/1134 1344/1178/1134
f 1349/1178/1258 1350/1180/1258 1351/1180/1258
f 1349/1178/1259 1351/1180/1259 1343/1178/1259
f 1350/1180/1215 1349/1178/1215 1344/1178/1215
f 1350/1180/1215 1344/1178/1215 1352/1180/1215
f 1350/1180/1252 1353/1181/1252 1354/1181/1252
f 1350/1180/1252 1354/1181/1252 1351/1180/1252
f 1353/1181/1253 1350/1180/1253 1352/1180/1253
f 1353/1181/1253 1352/1180/1253 1355/1181/1253
f 1353/1181/1214 1348/1179/1214 1346/1179/1214
f 1353/1181/1214 1346/1179/1214 1354/1181/1214
f 1348/1179/1243 1353/1181/1243 1355/1181/1243
f 1348/1179/1243 1355/1181/1243 1347/1179/1243
f 1356/1181/1132 1357/1180/1132 1351/1180/1133
f 1356/1181/1132 1351/1180/1133 1354/1181/1132
f 1357/1180/1134 1356/1181/1134 1355/1181/1134
f 1357/1180/1134 1355/1181/1134 1352/1180/1134
f 1357/1180/1258 1358/1182/1258 1359/1182/1258
f 1357/1180/1259 1359/1182/1259 1351/1180/1259
f 1358/1182/1215 1357/1180/1215 1352/1180/1215
f 1358/1182/1215 1352/1180/1215 1360/1182/1215
f 1358/1182/1252 1361/1183/1252 1362/1183/1252
f 1358/1182/1252 1362/1183/1252 1359/1182/1252
f 1361/1183/1253 1358/1182/1253 1360/1182/1253
f 1361/1183/1253 1360/1182/1253 1363/1183/1253
f 1361/1183/1214 1356/1181/1214 1354/1181/1214
f 1361/1183/1214 1354/1181/1214 1362/1183/1214
f 1356/1181/1243 1361/1183/1243 1363/1183/1243
f 1356/1181/1243 1363/1183/1243 1355/1181/1243
f 1364/1184/1132 1365/1185/1132 1366/1185/1133
f 1364/1184/1132 1366/1185/1133 1367/1184/1132
f 1365/1185/1134 1364/1184/1134 1368/1184/1134
f 1365/1185/1134 1368/1184/1134 1369/1185/1134
f 1365/1185/1258 1370/1186/1258 1371/1186/1258
f 1365/1185/1258 1371/1186/1258 1366/1185/1258
f 1370/1186/1215 1365/1185/1215 1369/1185/1215
f 1370/1186/1215 1369/1185/1215 1372/1186/1215
f 1370/1186/1252 1373/1187/1252 1374/1187/1252
f 1370/1186/1252 1374/1187/1252 1371/1186/1252
f 1373/1187/1253 1370/1186/1253 1372/1186/1253
f 1373/1187/1253 1372/1186/1253 1375/1187/1253
f 1373/1187/1214 1364/1184/1214 1367/1184/1214
f 1373/1187/1214 1367/1184/1214 1374/1187/1214
f 1364/1184/1243 1373/1187/1243 1375/1187/1243
f 1364/1184/1243 1375/1187/1243 1368/1184/1243
f 1376/1187/1132 1377/1186/1132 1371/1186/1133
f 1376/1187/1132 1371/1186/1133 1374/1187/1132
f 1377/1186/1134 1376/1187/1134 1375/1187/1134
f 1377/1186/1134 1375/1187/1134 1372/1186/1134
f 1377/1186/1258 1378/1127/1258 1145/1127/1258
f 1377/1186/1258 1145/1127/1258 1371/1186/1258
f 1378/1127/1215 1377/1186/1215 1372/1186/1215
f 1378/1127/1215 1372/1186/1215 1148/1127/1215
f 1378/1127/1252 1379/1126/1252 1146/1126/1252
f 1378/1127/1252 1146/1126/1252 1145/1127/1252
f 1379/1126/1253 1378/1127/1253 1148/1127/1253
f 1379/1126/1253 1148/1127/1253 1147/1126/1253
f 1379/1126/1214 1376/1187/1214 1374/1187/1214
f 1379/1126/1214 1374/1187/1214 1146/1126/1214
f 1376/1187/1243 1379/1126/1243 1147/1126/1243
f 1376/1187/1243 1147/1126/1243 1375/1187/1243
f 1380/1188/1260 1381/1189/1260 1382/1189/1260
f 1380/1188/1260 1382/1189/1260 1383/1188/1260
f 1381/1189/1261 1380/1188/1261 1384/1188/1261
f 1381/1189/1261 1384/1188/1261 1385/1189/1261
f 1381/1189/1213 1386/1190/1213 1387/1190/1213
f 1381/1189/1213 1387/1190/1213 1382/1189/1213
f 1386/1190/1262 1381/1189/1262 1385/1189/1262
f 1386/1190/1262 1385/1189/1262 1388/1190/1262
f 1386/1190/1263 1389/1191/1263 1390/1191/1263
f 1386/1190/1263 1390/1191/1263 1387/1190/1263
f 1389/1191/1264 1386/1190/1264 1388/1190/1264
f 1389/1191/1264 1388/1190/1264 1391/1191/1264
f 1389/1191/1214 1380/1188/1214 1383/1188/1214
f 1389/1191/1214 1383/1188/1214 1390/1191/1214
f 1380/1188/1243 1389/1191/1243 1391/1191/1243
f 1380/1188/1243 1391/1191/1243 1384/1188/1243
f 1392/1189/1260 1393/1192/1260 1394/1192/1260
f 1392/1189/1260 1394/1192/1260 1382/1189/1260
f 1393/1192/1261 1392/1189/1261 1385/1189/1261
f 1393/1192/1261 1385/1189/1261 1395/1192/1261
f 1393/1192/1213 1396/1193/1213 1397/1193/1213
f 1393/1192/1213 1397/1193/1213 1394/1192/1213
f 1396/1193/1262 1393/1192/1262 1395/1192/1262
f 1396/1193/1262 1395/1192/1262 1398/1193/1262
f 1396/1193/1263 1399/1190/1263 1387/1190/1263
f 1396/1193/1263 1387/1190/1263 1397/1193/1263
f 1399/1190/1264 1396/1193/1264 1398/1193/1264
f 1399/1190/1264 1398/1193/1264 1388/1190/1264
f 1399/1190/1214 1392/1189/1214 1382/1189/1214
f 1399/1190/1214 1382/1189/1214 1387/1190/1214
f 1392/1189/1243 1399/1190/1243 1388/1190/1243
f 1392/1189/1243 1388/1190/1243 1385/1189/1243
f 1400/1192/1260 1401/1194/1260 1402/1194/1260
f 1400/1192/1260 1402/1194/1260 1394/1192/1260
f 1401/1194/1261 1400/1192/1261 1395/1192/1261
f 1401/1194/1261 1395/1192/1261 1403/1194/1261
f 1401/1194/1213 1404/1195/1213 1405/1195/1213
f 1401/1194/1213 1405/1195/1213 1402/1194/1213
f 1404/1195/1262 1401/1194/1262 1403/1194/1262
f 1404/1195/1262 1403/1194/1262 1406/1195/1262
f 1404/1195/1263 1407/1193/1263 1397/1193/1263
f 1404/1195/1263 1397/1193/1263 1405/1195/1263
f 1407/1193/1264 1404/1195/1264 1406/1195/1264
f 1407/1193/1264 1406/1195/1264 1398/1193/1264
f 1407/1193/1214 1400/1192/1214 1394/1192/1214
f 1407/1193/1214 1394/1192/1214 1397/1193/1214
f 1400/1192/1243 1407/1193/1243 1398/1193/1243
f 1400/1192/1243 1398/1193/1243 1395/1192/1243
f 1408/1194/1260 1409/1196/1260 1410/1196/1260
f 1408/1194/1260 1410/1196/1260 1402/1194/1260
f 1409/1196/1261 1408/1194/1261 1403/1194/1261
f 1409/1196/1261 1403/1194/1261 1411/1196/1261
f 1409/1196/1213 1412/1197/1213 1413/1197/1213
f 1409/1196/1213 1413/1197/1213 1410/1196/1213
f 1412/1197/1262 1409/1196/1262 1411/1196/1262
f 1412/1197/1262 1411/1196/1262 1414/1197/1262
f 1412/1197/1263 1415/1195/1263 1405/1195/1263
f 1412/1197/1263 1405/1195/1263 1413/1197/1263
f 1415/1195/1264 1412/1197/1264 1414/1197/1264
f 1415/1195/1264 1414/1197/1264 1406/1195/1264
f 1415/1195/1214 1408/1194/1214 1402/1194/1214
f 1415/1195/1214 1402/1194/1214 1405/1195/1214
f 1408/1194/1243 1415/1195/1243 1406/1195/1243
f 1408/1194/1243 1406/1195/1243 1403/1194/1243
f 1416/1196/1260 1417/1198/1260 1418/1198/1260
f 1416/1196/1260 1418/1198/1260 1410/1196/1260
f 1417/1198/1261 1416/1196/1261 1411/1196/1261
f 1417/1198/1261 1411/1196/1261 1419/1198/1261
f 1417/1198/1213 1420/1199/1213 1421/1199/1213
f 1417/1198/1213 1421/1199/1213 1418/1198/1213
f 1420/1199/1262 1417/1198/1262 1419/1198/1262
f 1420/1199/1262 1419/1198/1262 1422/1199/1262
f 1420/1199/1263 1423/1197/1263 1413/1197/1263
f 1420/1199/1263 1413/1197/1263 1421/1199/1263
f 1423/1197/1264 1420/1199/1264 1422/1199/1264
f 1423/1197/1264 1422/1199/1264 1414/1197/1264
f 1423/1197/1214 1416/1196/1214 1410/1196/1214
f 1423/1197/1214 1410/1196/1214 1413/1197/1214
f 1416/1196/1243 1423/1197/1243 1414/1197/1243
f 1416/1196/1243 1414/1197/1243 1411/1196/1243
f 1424/1198/1260 1425/1187/1260 1374/1187/1260
f 1424/1198/1260 1374/1187/1260 1418/1198/1260
f 1425/1187/1261 1424/1198/1261 1419/1198/1261
f 1425/1187/1261 1419/1198/1261 1375/1187/1261
f 1425/1187/1213 1426/1126/1213 1146/1126/1213
f 1425/1187/1213 1146/1126/1213 1374/1187/1213
f 1426/1126/1262 1425/1187/1262 1375/1187/1262
f 1426/1126/1262 1375/1187/1262 1147/1126/1262
f 1426/1126/1263 1427/1199/1263 1421/1199/1263
f 1426/1126/1263 1421/1199/1263 1146/1126/1263
f 1427/1199/1264 1426/1126/1264 1147/1126/1264
f 1427/1199/1264 1147/1126/1264 1422/1199/1264
f 1427/1199/1214 1424/1198/1214 1418/1198/1214
f 1427/1199/1214 1418/1198/1214 1421/1199/1214
f 1424/1198/1243 1427/1199/1243 1422/1199/1243
f 1424/1198/1243 1422/1199/1243 1419/1198/1243
f 1428/1200/1260 1429/1201/1260 1430/1201/1260
f 1428/1200/1260 1430/1201/1260 1431/1200/1260
f 1429/1201/1261 1428/1200/1261 1432/1200/1261
f 1429/1201/1261 1432/1200/1261 1433/1201/1261
f 1429/1201/1213 1434/1189/1213 1382/1189/1213
f 1429/1201/1213 1382/1189/1213 1430/1201/1213
f 1434/1189/1262 1429/1201/1262 1433/1201/1262
f 1434/1189/1262 1433/1201/1262 1385/1189/1262
f 1434/1189/1263 1435/1188/1263 1383/1188/1263
f 1434/1189/1263 1383/1188/1263 1382/1189/1263
f 1435/1188/1264 1434/1189/1264 1385/1189/1264
f 1435/1188/1264 1385/1189/1264 1384/1188/1264
f 1435/1188/1214 1428/1200/1214 1431/1200/1214
f 1435/1188/1214 1431/1200/1214 1383/1188/1214
f 1428/1200/1243 1435/1188/1243 1384/1188/1243
f 1428/1200/1243 1384/1188/1243 1432/1200/1243
f 1436/1201/1260 1437/1202/1260 1438/1202/1260
f 1436/1201/1260 1438/1202/1260 1430/1201/1260
f 1437/1202/1261 1436/1201/1261 1433/1201/1261
f 1437/1202/1261 1433/1201/1261 1439/1202/1261
f 1437/1202/1213 1440/1192/1213 1394/1192/1213
f 1437/1202/1213 1394/1192/1213 1438/1202/1213
f 1440/1192/1262 1437/1202/1262 1439/1202/1262
f 1440/1192/1262 1439/1202/1262 1395/1192/1262
f 1440/1192/1263 1441/1189/1263 1382/1189/1263
f 1440/1192/1263 1382/1189/1263 1394/1192/1263
f 1441/1189/1264 1440/1192/1264 1395/1192/1264
f 1441/1189/1264 1395/1192/1264 1385/1189/1264
f 1441/1189/1214 1436/1201/1214 1430/1201/1214
f 1441/1189/1214 1430/1201/1214 1382/1189/1214
f 1436/1201/1243 1441/1189/1243 1385/1189/1243
f 1436/1201/1243 1385/1189/1243 1433/1201/1243
f 1442/1202/1260 1443/1203/1260 1444/1203/1260
f 1442/1202/1260 1444/1203/1260 1438/1202/1260
f 1443/1203/1261 1442/1202/1261 1439/1202/1261
f 1443/1203/1261 1439/1202/1261 1445/1203/1261
f 1443/1203/1213 1446/1194/1213 1402/1194/1213
f 1443/1203/1213 1402/1194/1213 1444/1203/1213
f 1446/1194/1262 1443/1203/1262 1445/1203/1262
f 1446/1194/1262 1445/1203/1262 1403/1194/1262
f 1446/1194/1263 1447/1192/1263 1394/1192/1263
f 1446/1194/1263 1394/1192/1263 1402/1194/1263
f 1447/1192/1264 1446/1194/1264 1403/1194/1264
f 1447/1192/1264 1403/1194/1264 1395/1192/1264
f 1447/1192/1214 1442/1202/1214 1438/1202/1214
f 1447/1192/1214 1438/1202/1214 1394/1192/1214
f 1442/1202/1243 1447/1192/1243 1395/1192/1243
f 1442/1202/1243 1395/1192/1243 1439/1202/1243
f 1448/1203/1260 1449/1204/1260 1450/1204/1260
f 1448/1203/1260 1450/1204/1260 1444/1203/1260
f 1449/1204/1261 1448/1203/1261 1445/1203/1261
f 1449/1204/1261 1445/1203/1261 1451/1204/1261
f 1449/1204/1213 1452/1196/1213 1410/1196/1213
f 1449/1204/1213 1410/1196/1213 1450/1204/1213
f 1452/1196/1262 1449/1204/1262 1451/1204/1262
f 1452/1196/1262 1451/1204/1262 1411/1196/1262
f 1452/1196/1263 1453/1194/1263 1402/1194/1263
f 1452/1196/1263 1402/1194/1263 1410/1196/1263
f 1453/1194/1264 1452/1196/1264 1411/1196/1264
f 1453/1194/1264 1411/1196/1264 1403/1194/1264
f 1453/1194/1214 1448/1203/1214 1444/1203/1214
f 1453/1194/1214 1444/1203/1214 1402/1194/1214
f 1448/1203/1243 1453/1194/1243 1403/1194/1243
f 1448/1203/1243 1403/1194/1243 1445/1203/1243
f 1454/1204/1260 1455/1205/1260 1456/1205/1260
f 1454/1204/1260 1456/1205/1260 1450/1204/1260
f 1455/1205/1261 1454/1204/1261 1451/1204/1261
f 1455/1205/1261 1451/1204/1261 1457/1205/1261
f 1455/1205/1213 1458/1198/1213 1418/1198/1213
f 1455/1205/1213 1418/1198/1213 1456/1205/1213
f 1458/1198/1262 1455/1205/1262 1457/1205/1262
f 1458/1198/1262 1457/1205/1262 1419/1198/1262
f 1458/1198/1263 1459/1196/1263 1410/1196/1263
f 1458/1198/1263 1410/1196/1263 1418/1198/1263
f 1459/1196/1264 1458/1198/1264 1419/1198/1264
f 1459/1196/1264 1419/1198/1264 1411/1196/1264
f 1459/1196/1214 1454/1204/1214 1450/1204/1214
f 1459/1196/1214 1450/1204/1214 1410/1196/1214
f 1454/1204/1243 1459/1196/1243 1411/1196/1243
f 1454/1204/1243 1411/1196/1243 1451/1204/1243
f 1460/1205/1260 1461/1184/1260 1367/1184/1260
f 1460/1205/1260 1367/1184/1260 1456/1205/1260
f 1461/1184/1261 1460/1205/1261 1457/1205/1261
f 1461/1184/1261 1457/1205/1261 1368/1184/1261
f 1461/1184/1213 1462/1187/1213 1374/1187/1213
f 1461/1184/1213 1374/1187/1213 1367/1184/1213
f 1462/1187/1262 1461/1184/1262 1368/1184/1262
f 1462/1187/1262 1368/1184/1262 1375/1187/1262
f 1462/1187/1263 1463/1198/1263 1418/1198/1263
f 1462/1187/1263 1418/1198/1263 1374/1187/1263
f 1463/1198/1264 1462/1187/1264 1375/1187/1264
f 1463/1198/1264 1375/1187/1264 1419/1198/1264
f 1463/1198/1214 1460/1205/1214 1456/1205/1214
f 1463/1198/1214 1456/1205/1214 1418/1198/1214
f 1460/1205/1243 1463/1198/1243 1419/1198/1243
f 1460/1205/1243 1419/1198/1243 1457/1205/1243
f 1464/1206/1260 1465/1207/1260 1466/1207/1260
f 1464/1206/1260 1466/1207/1260 1467/1206/1260
f 1465/1207/1261 1464/1206/1261 1468/1206/1261
f 1465/1207/1261 1468/1206/1261 1469/1207/1261
f 1465/1207/1213 1470/1208/1213 1471/1208/1213
f 1465/1207/1213 1471/1208/1213 1466/1207/1213
f 1470/1208/1262 1465/1207/1262 1469/1207/1262
f 1470/1208/1262 1469/1207/1262 1472/1208/1262
f 1470/1208/1263 1473/1209/1263 1474/1209/1263
f 1470/1208/1263 1474/1209/1263 1471/1208/1263
f 1473/1209/1264 1470/1208/1264 1472/1208/1264
f 1473/1209/1264 1472/1208/1264 1475/1209/1264
f 1473/1209/1214 1464/1206/1214 1467/1206/1214
f 1473/1209/1214 1467/1206/1214 1474/1209/1214
f 1464/1206/1243 1473/1209/1243 1475/1209/1243
f 1464/1206/1243 1475/1209/1243 1468/1206/1243
f 1476/1207/1260 1477/1210/1260 1478/1210/1260
f 1476/1207/1260 1478/1210/1260 1466/1207/1260
f 1477/1210/1261 1476/1207/1261 1469/1207/1261
f 1477/1210/1261 1469/1207/1261 1479/1210/1261
f 1477/1210/1213 1480/1211/1213 1481/1211/1213
f 1477/1210/1213 1481/1211/1213 1478/1210/1213
f 1480/1211/1262 1477/1210/1262 1479/1210/1262
f 1480/1211/1262 1479/1210/1262 1482/1211/1262
f 1480/1211/1263 1483/1208/1263 1471/1208/1263
f 1480/1211/1263 1471/1208/1263 1481/1211/1263
f 1483/1208/1264 1480/1211/1264 1482/1211/1264
f 1483/1208/1264 1482/1211/1264 1472/1208/1264
f 1483/1208/1214 1476/1207/1214 1466/1207/1214
f 1483/1208/1214 1466/1207/1214 1471/1208/1214
f 1476/1207/1243 1483/1208/1243 1472/1208/1243
f 1476/1207/1243 1472/1208/1243 1469/1207/1243
f 1484/1210/1260 1485/1212/1260 1486/1212/1260
f 1484/1210/1260 1486/1212/1260 1478/1210/1260
f 1485/1212/1261 1484/1210/1261 1479/1210/1261
f 1485/1212/1261 1479/1210/1261 1487/1212/1261
f 1485/1212/1213 1488/1213/1213 1489/1213/1213
f 1485/1212/1213 1489/1213/1213 1486/1212/1213
f 1488/1213/1262 1485/1212/1262 1487/1212/1262
f 1488/1213/1262 1487/1212/1262 1490/1213/1262
f 1488/1213/1263 1491/1211/1263 1481/1211/1263
f 1488/1213/1263 1481/1211/1263 1489/1213/1263
f 1491/1211/1264 1488/1213/1264 1490/1213/1264
f 1491/1211/1264 1490/1213/1264 1482/1211/1264
f 1491/1211/1214 1484/1210/1214 1478/1210/1214
f 1491/1211/1214 1478/1210/1214 1481/1211/1214
f 1484/1210/1243 1491/1211/1243 1482/1211/1243
f 1484/1210/1243 1482/1211/1243 1479/1210/1243
f 1492/1212/1260 1493/1214/1260 1494/1214/1260
f 1492/1212/1260 1494/1214/1260 1486/1212/1260
f 1493/1214/1261 1492/1212/1261 1487/1212/1261
f 1493/1214/1261 1487/1212/1261 1495/1214/1261
f 1493/1214/1213 1496/1215/1213 1497/1215/1213
f 1493/1214/1213 1497/1215/1213 1494/1214/1213
f 1496/1215/1262 1493/1214/1262 1495/1214/1262
f 1496/1215/1262 1495/1214/1262 1498/1215/1262
f 1496/1215/1263 1499/1213/1263 1489/1213/1263
f 1496/1215/1263 1489/1213/1263 1497/1215/1263
f 1499/1213/1264 1496/1215/1264 1498/1215/1264
f 1499/1213/1264 1498/1215/1264 1490/1213/1264
f 1499/1213/1214 1492/1212/1214 1486/1212/1214
f 1499/1213/1214 1486/1212/1214 1489/1213/1214
f 1492/1212/1243 1499/1213/1243 1490/1213/1243
f 1492/1212/1243 1490/1213/1243 1487/1212/1243
f 1500/1214/1260 1501/1216/1260 1502/1216/1260
f 1500/1214/1260 1502/1216/1260 1494/1214/1260
f 1501/1216/1261 1500/1214/1261 1495/1214/1261
f 1501/1216/1261 1495/1214/1261 1503/1216/1261
f 1501/1216/1213 1504/1217/1213 1505/1217/1213
f 1501/1216/1213 1505/1217/1213 1502/1216/1213
f 1504/1217/1262 1501/1216/1262 1503/1216/1262
f 1504/1217/1262 1503/1216/1262 1506/1217/1262
f 1504/1217/1263 1507/1215/1263 1497/1215/1263
f 1504/1217/1263 1497/1215/1263 1505/1217/1263
f 1507/1215/1264 1504/1217/1264 1506/1217/1264
f 1507/1215/1264 1506/1217/1264 1498/1215/1264
f 1507/1215/1214 1500/1214/1214 1494/1214/1214
f 1507/1215/1214 1494/1214/1214 1497/1215/1214
f 1500/1214/1243 1507/1215/1243 1498/1215/1243
f 1500/1214/1243 1498/1215/1243 1495/1214/1243
f 1508/1216/1260 1509/1181/1260 1354/1181/1260
f 1508/1216/1260 1354/1181/1260 1502/1216/1260
f 1509/1181/1261 1508/1216/1261 1503/1216/1261
f 1509/1181/1261 1503/1216/1261 1355/1181/1261
f 1509/1181/1213 1510/1183/1213 1362/1183/1213
f 1509/1181/1213 1362/1183/1213 1354/1181/1213
f 1510/1183/1262 1509/1181/1262 1355/1181/1262
f 1510/1183/1262 1355/1181/1262 1363/1183/1262
f 1510/1183/1263 1511/1217/1263 1505/1217/1263
f 1510/1183/1263 1505/1217/1263 1362/1183/1263
f 1511/1217/1264 1510/1183/1264 1363/1183/1264
f 1511/1217/1264 1363/1183/1264 1506/1217/1264
f 1511/1217/1214 1508/1216/1214 1502/1216/1214
f 1511/1217/1214 1502/1216/1214 1505/1217/1214
f 1508/1216/1243 1511/1217/1243 1506/1217/1243
f 1508/1216/1243 1506/1217/1243 1503/1216/1243
f 1512/1218/1260 1513/1219/1260 1514/1219/1260
f 1512/1218/1260 1514/1219/1260 1515/1218/1260
f 1513/1219/1261 1512/1218/1261 1516/1218/1261
f 1513/1219/1261 1516/1218/1261 1517/1219/1261
f 1513/1219/1213 1518/1207/1213 1466/1207/1213
f 1513/1219/1213 1466/1207/1213 1514/1219/1213
f 1518/1207/1262 1513/1219/1262 1517/1219/1262
f 1518/1207/1262 1517/1219/1262 1469/1207/1262
f 1518/1207/1263 1519/1206/1263 1467/1206/1263
f 1518/1207/1263 1467/1206/1263 1466/1207/1263
f 1519/1206/1264 1518/1207/1264 1469/1207/1264
f 1519/1206/1264 1469/1207/1264 1468/1206/1264
f 1519/1206/1214 1512/1218/1214 1515/1218/1214
f 1519/1206/1214 1515/1218/1214 1467/1206/1214
f 1512/1218/1243 1519/1206/1243 1468/1206/1243
f 1512/1218/1243 1468/1206/1243 1516/1218/1243
f 1520/1219/1260 1521/1220/1260 1522/1220/1260
f 1520/1219/1260 1522/1220/1260 1514/1219/1260
f 1521/1220/1261 1520/1219/1261 1517/1219/1261
f 1521/1220/1261 1517/1219/1261 1523/1220/1261
f 1521/1220/1213 1524/1210/1213 1478/1210/1213
f 1521/1220/1213 1478/1210/1213 1522/1220/1213
f 1524/1210/1262 1521/1220/1262 1523/1220/1262
f 1524/1210/1262 1523/1220/1262 1479/1210/1262
f 1524/1210/1263 1525/1207/1263 1466/1207/1263
f 1524/1210/1263 1466/1207/1263 1478/1210/1263
f 1525/1207/1264 1524/1210/1264 1479/1210/1264
f 1525/1207/1264 1479/1210/1264 1469/1207/1264
f 1525/1207/1214 1520/1219/1214 1514/1219/1214
f 1525/1207/1214 1514/1219/1214 1466/1207/1214
f 1520/1219/1243 1525/1207/1243 1469/1207/1243
f 1520/1219/1243 1469/1207/1243 1517/1219/1243
f 1526/1220/1260 1527/1221/1260 1528/1221/1260
f 1526/1220/1260 1528/1221/1260 1522/1220/1260
f 1527/1221/1261 1526/1220/1261 1523/1220/1261
f 1527/1221/1261 1523/1220/1261 1529/1221/1261
f 1527/1221/1213 1530/1212/1213 1486/1212/1213
f 1527/1221/1213 1486/1212/1213 1528/1221/1213
f 1530/1212/1262 1527/1221/1262 1529/1221/1262
f 1530/1212/1262 1529/1221/1262 1487/1212/1262
f 1530/1212/1263 1531/1210/1263 1478/1210/1263
f 1530/1212/1263 1478/1210/1263 1486/1212/1263
f 1531/1210/1264 1530/1212/1264 1487/1212/1264
f 1531/1210/1264 1487/1212/1264 1479/1210/1264
f 1531/1210/1214 1526/1220/1214 1522/1220/1214
f 1531/1210/1214 1522/1220/1214 1478/1210/1214
f 1526/1220/1243 1531/1210/1243 1479/1210/1243
f 1526/1220/1243 1479/1210/1243 1523/1220/1243
f 1532/1221/1260 1533/1222/1260 1534/1222/1260
f 1532/1221/1260 1534/1222/1260 1528/1221/1260
f 1533/1222/1261 1532/1221/1261 1529/1221/1261
f 1533/1222/1261 1529/1221/1261 1535/1222/1261
f 1533/1222/1213 1536/1214/1213 1494/1214/1213
f 1533/1222/1213 1494/1214/1213 1534/1222/1213
f 1536/1214/1262 1533/1222/1262 1535/1222/1262
f 1536/1214/1262 1535/1222/1262 1495/1214/1262
f 1536/1214/1263 1537/1212/1263 1486/1212/1263
f 1536/1214/1263 1486/1212/1263 1494/1214/1263
f 1537/1212/1264 1536/1214/1264 1495/1214/1264
f 1537/1212/1264 1495/1214/1264 1487/1212/1264
f 1537/1212/1214 1532/1221/1214 1528/1221/1214
f 1537/1212/1214 1528/1221/1214 1486/1212/1214
f 1532/1221/1243 1537/1212/1243 1487/1212/1243
f 1532/1221/1243 1487/1212/1243 1529/1221/1243
f 1538/1222/1260 1539/1223/1260 1540/1223/1260
f 1538/1222/1260 1540/1223/1260 1534/1222/1260
f 1539/1223/1261 1538/1222/1261 1535/1222/1261
f 1539/1223/1261 1535/1222/1261 1541/1223/1261
f 1539/1223/1213 1542/1216/1213 1502/1216/1213
f 1539/1223/1213 1502/1216/1213 1540/1223/1213
f 1542/1216/1262 1539/1223/1262 1541/1223/1262
f 1542/1216/1262 1541/1223/1262 1503/1216/1262
f 1542/1216/1263 1543/1214/1263 1494/1214/1263
f 1542/1216/1263 1494/1214/1263 1502/1216/1263
f 1543/1214/1264 1542/1216/1264 1503/1216/1264
f 1543/1214/1264 1503/1216/1264 1495/1214/1264
f 1543/1214/1214 1538/1222/1214 1534/1222/1214
f 1543/1214/1214 1534/1222/1214 1494/1214/1214
f 1538/1222/1243 1543/1214/1243 1495/1214/1243
f 1538/1222/1243 1495/1214/1243 1535/1222/1243
f 1544/1223/1260 1545/1179/1260 1346/1179/1260
f 1544/1223/1260 1346/1179/1260 1540/1223/1260
f 1545/1179/1261 1544/1223/1261 1541/1223/1261
f 1545/1179/1261 1541/1223/1261 1347/1179/1261
f 1545/1179/1213 1546/1181/1213 1354/1181/1213
f 1545/1179/1213 1354/1181/1213 1346/1179/1213
f 1546/1181/1262 1545/1179/1262 1347/1179/1262
f 1546/1181/1262 1347/1179/1262 1355/1181/1262
f 1546/1181/1263 1547/1216/1263 1502/1216/1263
f 1546/1181/1263 1502/1216/1263 1354/1181/1263
f 1547/1216/1264 1546/1181/1264 1355/1181/1264
f 1547/1216/1264 1355/1181/1264 1503/1216/1264
f 1547/1216/1214 1544/1223/1214 1540/1223/1214
f 1547/1216/1214 1540/1223/1214 1502/1216/1214
f 1544/1223/1243 1547/1216/1243 1503/1216/1243
f 1544/1223/1243 1503/1216/1243 1541/1223/1243
f 1548/1224/1260 1549/1225/1260 1550/1225/1260
f 1548/1224/1260 1550/1225/1260 1551/1224/1260
f 1549/1225/1261 1548/1224/1261 1552/1224/1261
f 1549/1225/1261 1552/1224/1261 1553/1225/1261
f 1549/1225/1213 1554/1219/1213 1514/1219/1213
f 1549/1225/1213 1514/1219/1213 1550/1225/1213
f 1554/1219/1262 1549/1225/1262 1553/1225/1262
f 1554/1219/1262 1553/1225/1262 1517/1219/1262
f 1554/1219/1263 1555/1218/1263 1515/1218/1263
f 1554/1219/1263 1515/1218/1263 1514/1219/1263
f 1555/1218/1264 1554/1219/1264 1517/1219/1264
f 1555/1218/1264 1517/1219/1264 1516/1218/1264
f 1555/1218/1214 1548/1224/1214 1551/1224/1214
f 1555/1218/1214 1551/1224/1214 1515/1218/1214
f 1548/1224/1243 1555/1218/1243 1516/1218/1243
f 1548/1224/1243 1516/1218/1243 1552/1224/1243
f 1556/1225/1260 1557/1226/1260 1558/1226/1260
f 1556/1225/1260 1558/1226/1260 1550/1225/1260
f 1557/1226/1261 1556/1225/1261 1553/1225/1261
f 1557/1226/1261 1553/1225/1261 1559/1226/1261
f 1557/1226/1213 1560/1220/1213 1522/1220/1213
f 1557/1226/1213 1522/1220/1213 1558/1226/1213
f 1560/1220/1262 1557/1226/1262 1559/1226/1262
f 1560/1220/1262 1559/1226/1262 1523/1220/1262
f 1560/1220/1263 1561/1219/1263 1514/1219/1263
f 1560/1220/1263 1514/1219/1263 1522/1220/1263
f 1561/1219/1264 1560/1220/1264 1523/1220/1264
f 1561/1219/1264 1523/1220/1264 1517/1219/1264
f 1561/1219/1214 1556/1225/1214 1550/1225/1214
f 1561/1219/1214 1550/1225/1214 1514/1219/1214
f 1556/1225/1243 1561/1219/1243 1517/1219/1243
f 1556/1225/1243 1517/1219/1243 1553/1225/1243
f 1562/1226/1260 1563/1227/1260 1564/1227/1260
f 1562/1226/1260 1564/1227/1260 1558/1226/1260
f 1563/1227/1261 1562/1226/1261 1559/1226/1261
f 1563/1227/1261 1559/1226/1261 1565/1227/1261
f 1563/1227/1213 1566/1221/1213 1528/1221/1213
f 1563/1227/1213 1528/1221/1213 1564/1227/1213
f 1566/1221/1262 1563/1227/1262 1565/1227/1262
f 1566/1221/1262 1565/1227/1262 1529/1221/1262
f 1566/1221/1263 1567/1220/1263 1522/1220/1263
f 1566/1221/1263 1522/1220/1263 1528/1221/1263
f 1567/1220/1264 1566/1221/1264 1529/1221/1264
f 1567/1220/1264 1529/1221/1264 1523/1220/1264
f 1567/1220/1214 1562/1226/1214 1558/1226/1214
f 1567/1220/1214 1558/1226/1214 1522/1220/1214
f 1562/1226/1243 1567/1220/1243 1523/1220/1243
f 1562/1226/1243 1523/1220/1243 1559/1226/1243
f 1568/1227/1260 1569/1228/1260 1570/1228/1260
f 1568/1227/1260 1570/1228/1260 1564/1227/1260
f 1569/1228/1261 1568/1227/1261 1565/1227/1261
f 1569/1228/1261 1565/1227/1261 1571/1228/1261
f 1569/1228/1213 1572/1222/1213 1534/1222/1213
f 1569/1228/1213 1534/1222/1213 1570/1228/1213
f 1572/1222/1262 1569/1228/1262 1571/1228/1262
f 1572/1222/1262 1571/1228/1262 1535/1222/1262
f 1572/1222/1263 1573/1221/1263 1528/1221/1263
f 1572/1222/1263 1528/1221/1263 1534/1222/1263
f 1573/1221/1264 1572/1222/1264 1535/1222/1264
f 1573/1221/1264 1535/1222/1264 1529/1221/1264
f 1573/1221/1214 1568/1227/1214 1564/1227/1214
f 1573/1221/1214 1564/1227/1214 1528/1221/1214
f 1568/1227/1243 1573/1221/1243 1529/1221/1243
f 1568/1227/1243 1529/1221/1243 1565/1227/1243
f 1574/1228/1260 1575/1229/1260 1576/1229/1260
f 1574/1228/1260 1576/1229/1260 1570/1228/1260
f 1575/1229/1261 1574/1228/1261 1571/1228/1261
f 1575/1229/1261 1571/1228/1261 1577/1229/1261
f 1575/1229/1213 1578/1223/1213 1540/1223/1213
f 1575/1229/1213 1540/1223/1213 1576/1229/1213
f 1578/1223/1262 1575/1229/1262 1577/1229/1262
f 1578/1223/1262 1577/1229/1262 1541/1223/1262
f 1578/1223/1263 1579/1222/1263 1534/1222/1263
f 1578/1223/1263 1534/1222/1263 1540/1223/1263
f 1579/1222/1264 1578/1223/1264 1541/1223/1264
f 1579/1222/1264 1541/1223/1264 1535/1222/1264
f 1579/1222/1214 1574/1228/1214 1570/1228/1214
f 1579/1222/1214 1570/1228/1214 1534/1222/1214
f 1574/1228/1243 1579/1222/1243 1535/1222/1243
f 1574/1228/1243 1535/1222/1243 1571/1228/1243
f 1580/1229/1260 1581/1176/1260 1339/1176/1260
f 1580/1229/1260 1339/1176/1260 1576/1229/1260
f 1581/1176/1261 1580/1229/1261 1577/1229/1261
f 1581/1176/1261 1577/1229/1261 1340/1176/1261
f 1581/1176/1213 1582/1179/1213 1346/1179/1213
f 1581/1176/1213 1346/1179/1213 1339/1176/1213
f 1582/1179/1262 1581/1176/1262 1340/1176/1262
f 1582/1179/1262 1340/1176/1262 1347/1179/1262
f 1582/1179/1263 1583/1223/1263 1540/1223/1263
f 1582/1179/1263 1540/1223/1263 1346/1179/1263
f 1583/1223/1264 1582/1179/1264 1347/1179/1264
f 1583/1223/1264 1347/1179/1264 1541/1223/1264
f 1583/1223/1214 1580/1229/1214 1576/1229/1214
f 1583/1223/1214 1576/1229/1214 1540/1223/1214
f 1580/1229/1243 1583/1223/1243 1541/1223/1243
f 1580/1229/1243 1541/1223/1243 1577/1229/1243
f 1584/1230/1260 1585/1231/1260 1586/1231/1260
f 1584/1230/1260 1586/1231/1260 1587/1230/1260
f 1585/1231/1261 1584/1230/1261 1588/1230/1261
f 1585/1231/1261 1588/1230/1261 1589/1231/1261
f 1585/1231/1213 1590/1232/1213 1591/1232/1213
f 1585/1231/1213 1591/1232/1213 1586/1231/1213
f 1590/1232/1262 1585/1231/1262 1589/1231/1262
f 1590/1232/1262 1589/1231/1262 1592/1232/1262
f 1590/1232/1263 1593/1233/1263 1594/1233/1263
f 1590/1232/1263 1594/1233/1263 1591/1232/1263
f 1593/1233/1264 1590/1232/1264 1592/1232/1264
f 1593/1233/1264 1592/1232/1264 1595/1233/1264
f 1593/1233/1214 1584/1230/1214 1587/1230/1214
f 1593/1233/1214 1587/1230/1214 1594/1233/1214
f 1584/1230/1243 1593/1233/1243 1595/1233/1243
f 1584/1230/1243 1595/1233/1243 1588/1230/1243
f 1596/1231/1260 1597/1234/1260 1598/1234/1260
f 1596/1231/1260 1598/1234/1260 1586/1231/1260
f 1597/1234/1261 1596/1231/1261 1589/1231/1261
f 1597/1234/1261 1589/1231/1261 1599/1234/1261
f 1597/1234/1213 1600/1235/1213 1601/1235/1213
f 1597/1234/1213 1601/1235/1213 1598/1234/1213
f 1600/1235/1262 1597/1234/1262 1599/1234/1262
f 1600/1235/1262 1599/1234/1262 1602/1235/1262
f 1600/1235/1263 1603/1232/1263 1591/1232/1263
f 1600/1235/1263 1591/1232/1263 1601/1235/1263
f 1603/1232/1264 1600/1235/1264 1602/1235/1264
f 1603/1232/1264 1602/1235/1264 1592/1232/1264
f 1603/1232/1214 1596/1231/1214 1586/1231/1214
f 1603/1232/1214 1586/1231/1214 1591/1232/1214
f 1596/1231/1243 1603/1232/1243 1592/1232/1243
f 1596/1231/1243 1592/1232/1243 1589/1231/1243
f 1604/1234/1260 1605/1236/1260 1606/1236/1260
f 1604/1234/1260 1606/1236/1260 1598/1234/1260
f 1605/1236/1261 1604/1234/1261 1599/1234/1261
f 1605/1236/1261 1599/1234/1261 1607/1236/1261
f 1605/1236/1213 1608/1237/1213 1609/1237/1213
f 1605/1236/1213 1609/1237/1213 1606/1236/1213
f 1608/1237/1262 1605/1236/1262 1607/1236/1262
f 1608/1237/1262 1607/1236/1262 1610/1237/1262
f 1608/1237/1263 1611/1235/1263 1601/1235/1263
f 1608/1237/1263 1601/1235/1263 1609/1237/1263
f 1611/1235/1264 1608/1237/1264 1610/1237/1264
f 1611/1235/1264 1610/1237/1264 1602/1235/1264
f 1611/1235/1214 1604/1234/1214 1598/1234/1214
f 1611/1235/1214 1598/1234/1214 1601/1235/1214
f 1604/1234/1243 1611/1235/1243 1602/1235/1243
f 1604/1234/1243 1602/1235/1243 1599/1234/1243
f 1612/1236/1260 1613/1238/1260 1614/1238/1260
f 1612/1236/1260 1614/1238/1260 1606/1236/1260
f 1613/1238/1261 1612/1236/1261 1607/1236/1261
f 1613/1238/1261 1607/1236/1261 1615/1238/1261
f 1613/1238/1213 1616/1239/1213 1617/1239/1213
f 1613/1238/1213 1617/1239/1213 1614/1238/1213
f 1616/1239/1262 1613/1238/1262 1615/1238/1262
f 1616/1239/1262 1615/1238/1262 1618/1239/1262
f 1616/1239/1263 1619/1237/1263 1609/1237/1263
f 1616/1239/1263 1609/1237/1263 1617/1239/1263
f 1619/1237/1264 1616/1239/1264 1618/1239/1264
f 1619/1237/1264 1618/1239/1264 1610/1237/1264
f 1619/1237/1214 1612/1236/1214 1606/1236/1214
f 1619/1237/1214 1606/1236/1214 1609/1237/1214
f 1612/1236/1243 1619/1237/1243 1610/1237/1243
f 1612/1236/1243 1610/1237/1243 1607/1236/1243
f 1620/1238/1260 1621/1240/1260 1622/1240/1260
f 1620/1238/1260 1622/1240/1260 1614/1238/1260
f 1621/1240/1261 1620/1238/1261 1615/1238/1261
f 1621/1240/1261 1615/1238/1261 1623/1240/1261
f 1621/1240/1213 1624/1241/1213 1625/1241/1213
f 1621/1240/1213 1625/1241/1213 1622/1240/1213
f 1624/1241/1262 1621/1240/1262 1623/1240/1262
f 1624/1241/1262 1623/1240/1262 1626/1241/1262
f 1624/1241/1263 1627/1239/1263 1617/1239/1263
f 1624/1241/1263 1617/1239/1263 1625/1241/1263
f 1627/1239/1264 1624/1241/1264 1626/1241/1264
f 1627/1239/1264 1626/1241/1264 1618/1239/1264
f 1627/1239/1214 1620/1238/1214 1614/1238/1214
f 1627/1239/1214 1614/1238/1214 1617/1239/1214
f 1620/1238/1243 1627/1239/1243 1618/1239/1243
f 1620/1238/1243 1618/1239/1243 1615/1238/1243
f 1628/1240/1260 1629/1173/1260 1326/1173/1260
f 1628/1240/1260 1326/1173/1260 1622/1240/1260
f 1629/1173/1261 1628/1240/1261 1623/1240/1261
f 1629/1173/1261 1623/1240/1261 1327/1173/1261
f 1629/1173/1213 1630/1175/1213 1334/1175/1213
f 1629/1173/1213 1334/1175/1213 1326/1173/1213
f 1630/1175/1262 1629/1173/1262 1327/1173/1262
f 1630/1175/1262 1327/1173/1262 1335/1175/1262
f 1630/1175/1263 1631/1241/1263 1625/1241/1263
f 1630/1175/1263 1625/1241/1263 1334/1175/1263
f 1631/1241/1264 1630/1175/1264 1335/1175/1264
f 1631/1241/1264 1335/1175/1264 1626/1241/1264
f 1631/1241/1214 1628/1240/1214 1622/1240/1214
f 1631/1241/1214 1622/1240/1214 1625/1241/1214
f 1628/1240/1243 1631/1241/1243 1626/1241/1243
f 1628/1240/1243 1626/1241/1243 1623/1240/1243
f 1632/1116/1265 1633/1242/1265 1634/1242/1265
f 1632/1116/1265 1634/1242/1265 1635/1116/1265
f 1633/1242/1266 1632/1116/1266 1636/1116/1266
f 1633/1242/1266 1636/1116/1266 1637/1242/1266
f 1633/1242/1267 1638/1231/1267 1586/1231/1268
f 1633/1242/1267 1586/1231/1268 1634/1242/1269
f 1638/1231/1270 1633/1242/1270 1637/1242/1270
f 1638/1231/1270 1637/1242/1270 1589/1231/1271
f 1638/1231/1263 1639/1230/1263 1587/1230/1263
f 1638/1231/1263 1587/1230/1263 1586/1231/1263
f 1639/1230/1264 1638/1231/1264 1589/1231/1264
f 1639/1230/1264 1589/1231/1264 1588/1230/1264
f 1639/1230/1272 1632/1116/1254 1635/1116/1254
f 1639/1230/1272 1635/1116/1254 1587/1230/1272
f 1632/1116/1255 1639/1230/1256 1588/1230/1255
f 1632/1116/1255 1588/1230/1255 1636/1116/1257
f 1640/1242/1265 1641/1243/1265 1642/1243/1265
f 1640/1242/1265 1642/1243/1265 1634/1242/1265
f 1641/1243/1266 1640/1242/1266 1637/1242/1266
f 1641/1243/1266 1637/1242/1266 1643/1243/1266
f 1641/1243/1267 1644/1234/1267 1598/1234/1268
f 1641/1243/1267 1598/1234/1268 1642/1243/1269
f 1644/1234/1270 1641/1243/1273 1643/1243/1270
f 1644/1234/1270 1643/1243/1270 1599/1234/1271
f 1644/1234/1263 1645/1231/1263 1586/1231/1263
f 1644/1234/1263 1586/1231/1263 1598/1234/1263
f 1645/1231/1264 1644/1234/1264 1599/1234/1264
f 1645/1231/1264 1599/1234/1264 1589/1231/1264
f 1645/1231/1272 1640/1242/1254 1634/1242/1254
f 1645/1231/1272 1634/1242/1254 1586/1231/1272
f 1640/1242/1255 1645/1231/1256 1589/1231/1257
f 1640/1242/1255 1589/1231/1257 1637/1242/1257
f 1646/1243/1265 1647/1244/1265 1648/1244/1265
f 1646/1243/1265 1648/1244/1265 1642/1243/1265
f 1647/1244/1266 1646/1243/1266 1643/1243/1266
f 1647/1244/1266 1643/1243/1266 1649/1244/1266
f 1647/1244/1267 1650/1236/1267 1606/1236/1267
f 1647/1244/1267 1606/1236/1267 1648/1244/1269
f 1650/1236/1271 1647/1244/1273 1649/1244/1270
f 1650/1236/1271 1649/1244/1270 1607/1236/1271
f 1650/1236/1263 1651/1234/1263 1598/1234/1263
f 1650/1236/1263 1598/1234/1263 1606/1236/1263
f 1651/1234/1264 1650/1236/1264 1607/1236/1264
f 1651/1234/1264 1607/1236/1264 1599/1234/1264
f 1651/1234/1272 1646/1243/1254 1642/1243/1254
f 1651/1234/1272 1642/1243/1254 1598/1234/1272
f 1646/1243/1255 1651/1234/1256 1599/1234/1255
f 1646/1243/1255 1599/1234/1255 1643/1243/1255
f 1652/1244/1265 1653/1245/1265 1654/1245/1265
f 1652/1244/1265 1654/1245/1265 1648/1244/1265
f 1653/1245/1266 1652/1244/1266 1649/1244/1266
f 1653/1245/1266 1649/1244/1266 1655/1245/1266
f 1653/1245/1267 1656/1238/1267 1614/1238/1268
f 1653/1245/1267 1614/1238/1268 1654/1245/1269
f 1656/1238/1270 1653/1245/1270 1655/1245/1273
f 1656/1238/1270 1655/1245/1273 1615/1238/1271
f 1656/1238/1263 1657/1236/1263 1606/1236/1263
f 1656/1238/1263 1606/1236/1263 1614/1238/1263
f 1657/1236/1264 1656/1238/1264 1615/1238/1264
f 1657/1236/1264 1615/1238/1264 1607/1236/1264
f 1657/1236/1272 1652/1244/1254 1648/1244/1254
f 1657/1236/1272 1648/1244/1254 1606/1236/1272
f 1652/1244/1255 1657/1236/1257 1607/1236/1256
f 1652/1244/1255 1607/1236/1256 1649/1244/1257
f 1658/1245/1265 1659/1246/1265 1660/1246/1265
f 1658/1245/1265 1660/1246/1265 1654/1245/1265
f 1659/1246/1266 1658/1245/1266 1655/1245/1266
f 1659/1246/1266 1655/1245/1266 1661/1246/1266
f 1659/1246/1267 1662/1240/1267 1622/1240/1268
f 1659/1246/1267 1622/1240/1268 1660/1246/1269
f 1662/1240/1271 1659/1246/1270 1661/1246/1273
f 1662/1240/1271 1661/1246/1273 1623/1240/1271
f 1662/1240/1263 1663/1238/1263 1614/1238/1263
f 1662/1240/1263 1614/1238/1263 1622/1240/1263
f 1663/1238/1264 1662/1240/1264 1623/1240/1264
f 1663/1238/1264 1623/1240/1264 1615/1238/1264
f 1663/1238/1254 1658/1245/1254 1654/1245/1254
f 1663/1238/1254 1654/1245/1254 1614/1238/1254
f 1658/1245/1255 1663/1238/1256 1615/1238/1256
f 1658/1245/1255 1615/1238/1256 1655/1245/1257
f 1664/1246/1265 1665/1125/1265 1141/1125/1265
f 1664/1246/1265 1141/1125/1265 1660/1246/1265
f 1665/1125/1266 1664/1246/1266 1661/1246/1266
f 1665/1125/1266 1661/1246/1266 1142/1125/1266
f 1665/1125/1267 1666/1173/1267 1326/1173/1267
f 1665/1125/1267 1326/1173/1267 1141/1125/1269
f 1666/1173/1271 1665/1125/1273 1142/1125/1273
f 1666/1173/1271 1142/1125/1273 1327/1173/1273
f 1666/1173/1263 1667/1240/1263 1622/1240/1263
f 1666/1173/1263 1622/1240/1263 1326/1173/1263
f 1667/1240/1264 1666/1173/1264 1327/1173/1264
f 1667/1240/1264 1327/1173/1264 1623/1240/1264
f 1667/1240/1254 1664/1246/1254 1660/1246/1254
f 1667/1240/1254 1660/1246/1254 1622/1240/1254
f 1664/1246/1255 1667/1240/1256 1623/1240/1257
f 1664/1246/1255 1623/1240/1257 1661/1246/1255
f 1668/1247/1264 1669/1248/1264 1670/1248/1264
f 1668/1247/1264 1670/1248/1264 1671/1247/1264
f 1669/1248/1263 1668/1247/1263 1672/1247/1263
f 1669/1248/1263 1672/1247/1263 1673/1248/1263
f 1669/1248/1262 1674/1249/1262 1675/1249/1262
f 1669/1248/1262 1675/1249/1262 1670/1248/1262
f 1674/1249/1213 1669/1248/1213 1673/1248/1213
f 1674/1249/1213 1673/1248/1213 1676/1249/1213
f 1674/1249/1274 1677/1250/1274 1678/1250/1274
f 1674/1249/1274 1678/1250/1274 1675/1249/1274
f 1677/1250/1275 1674/1249/1275 1676/1249/1275
f 1677/1250/1275 1676/1249/1275 1679/1250/1275
f 1677/1250/1276 1668/1247/1276 1671/1247/1276
f 1677/1250/1276 1671/1247/1276 1678/1250/1276
f 1668/1247/1277 1677/1250/1278 1679/1250/1278
f 1668/1247/1277 1679/1250/1278 1672/1247/1279
f 1680/1248/1264 1681/1251/1264 1682/1251/1264
f 1680/1248/1264 1682/1251/1264 1670/1248/1264
f 1681/1251/1263 1680/1248/1263 1673/1248/1263
f 1681/1251/1263 1673/1248/1263 1683/1251/1263
f 1681/1251/1262 1684/1252/1262 1685/1252/1262
f 1681/1251/1262 1685/1252/1262 1682/1251/1262
f 1684/1252/1213 1681/1251/1213 1683/1251/1213
f 1684/1252/1213 1683/1251/1213 1686/1252/1213
f 1684/1252/1261 1687/1249/1261 1675/1249/1261
f 1684/1252/1261 1675/1249/1261 1685/1252/1261
f 1687/1249/1260 1684/1252/1260 1686/1252/1260
f 1687/1249/1260 1686/1252/1260 1676/1249/1260
f 1687/1249/1243 1680/1248/1243 1670/1248/1243
f 1687/1249/1243 1670/1248/1243 1675/1249/1243
f 1680/1248/1214 1687/1249/1214 1676/1249/1214
f 1680/1248/1214 1676/1249/1214 1673/1248/1214
f 1688/1251/1264 1689/1253/1264 1690/1253/1264
f 1688/1251/1264 1690/1253/1264 1682/1251/1264
f 1689/1253/1263 1688/1251/1263 1683/1251/1263
f 1689/1253/1263 1683/1251/1263 1691/1253/1263
f 1689/1253/1262 1692/1254/1262 1693/1254/1262
f 1689/1253/1262 1693/1254/1262 1690/1253/1262
f 1692/1254/1213 1689/1253/1213 1691/1253/1213
f 1692/1254/1213 1691/1253/1213 1694/1254/1213
f 1692/1254/1261 1695/1252/1261 1685/1252/1261
f 1692/1254/1261 1685/1252/1261 1693/1254/1261
f 1695/1252/1260 1692/1254/1260 1694/1254/1260
f 1695/1252/1260 1694/1254/1260 1686/1252/1260
f 1695/1252/1243 1688/1251/1243 1682/1251/1243
f 1695/1252/1243 1682/1251/1243 1685/1252/1243
f 1688/1251/1214 1695/1252/1214 1686/1252/1214
f 1688/1251/1214 1686/1252/1214 1683/1251/1214
f 1696/1253/1264 1697/1255/1264 1698/1255/1264
f 1696/1253/1264 1698/1255/1264 1690/1253/1264
f 1697/1255/1263 1696/1253/1263 1691/1253/1263
f 1697/1255/1263 1691/1253/1263 1699/1255/1263
f 1697/1255/1262 1700/1256/1262 1701/1256/1262
f 1697/1255/1262 1701/1256/1262 1698/1255/1262
f 1700/1256/1213 1697/1255/1213 1699/1255/1213
f 1700/1256/1213 1699/1255/1213 1702/1256/1213
f 1700/1256/1261 1703/1254/1261 1693/1254/1261
f 1700/1256/1261 1693/1254/1261 1701/1256/1261
f 1703/1254/1260 1700/1256/1260 1702/1256/1260
f 1703/1254/1260 1702/1256/1260 1694/1254/1260
f 1703/1254/1243 1696/1253/1243 1690/1253/1243
f 1703/1254/1243 1690/1253/1243 1693/1254/1243
f 1696/1253/1214 1703/1254/1214 1694/1254/1214
f 1696/1253/1214 1694/1254/1214 1691/1253/1214
f 1704/1255/1264 1705/1257/1264 1706/1257/1264
f 1704/1255/1264 1706/1257/1264 1698/1255/1264
f 1705/1257/1263 1704/1255/1263 1699/1255/1263
f 1705/1257/1263 1699/1255/1263 1707/1257/1263
f 1705/1257/1262 1708/1258/1262 1709/1258/1262
f 1705/1257/1262 1709/1258/1262 1706/1257/1262
f 1708/1258/1213 1705/1257/1213 1707/1257/1213
f 1708/1258/1213 1707/1257/1213 1710/1258/1213
f 1708/1258/1261 1711/1256/1261 1701/1256/1261
f 1708/1258/1261 1701/1256/1261 1709/1258/1261
f 1711/1256/1260 1708/1258/1260 1710/1258/1260
f 1711/1256/1260 1710/1258/1260 1702/1256/1260
f 1711/1256/1243 1704/1255/1243 1698/1255/1243
f 1711/1256/1243 1698/1255/1243 1701/1256/1243
f 1704/1255/1214 1711/1256/1214 1702/1256/1214
f 1704/1255/1214 1702/1256/1214 1699/1255/1214
f 1712/1257/1264 1713/1171/1264 1314/1171/1264
f 1712/1257/1264 1314/1171/1264 1706/1257/1264
f 1713/1171/1263 1712/1257/1263 1707/1257/1263
f 1713/1171/1263 1707/1257/1263 1315/1171/1263
f 1713/1171/1262 1714/1132/1262 1170/1132/1262
f 1713/1171/1262 1170/1132/1262 1314/1171/1262
f 1714/1132/1213 1713/1171/1213 1315/1171/1213
f 1714/1132/1213 1315/1171/1213 1171/1132/1213
f 1714/1132/1261 1715/1258/1261 1709/1258/1261
f 1714/1132/1261 1709/1258/1261 1170/1132/1261
f 1715/1258/1260 1714/1132/1260 1171/1132/1260
f 1715/1258/1260 1171/1132/1260 1710/1258/1260
f 1715/1258/1243 1712/1257/1243 1706/1257/1243
f 1715/1258/1243 1706/1257/1243 1709/1258/1243
f 1712/1257/1214 1715/1258/1214 1710/1258/1214
f 1712/1257/1214 1710/1258/1214 1707/1257/1214
f 1716/1259/1264 1717/1260/1264 1718/1260/1264
f 1716/1259/1264 1718/1260/1264 1719/1259/1264
f 1717/1260/1263 1716/1259/1263 1720/1259/1263
f 1717/1260/1263 1720/1259/1263 1721/1260/1263
f 1717/1260/1262 1722/1248/1262 1670/1248/1262
f 1717/1260/1262 1670/1248/1262 1718/1260/1262
f 1722/1248/1213 1717/1260/1213 1721/1260/1213
f 1722/1248/1213 1721/1260/1213 1673/1248/1213
f 1722/1248/1261 1723/1247/1261 1671/1247/1261
f 1722/1248/1261 1671/1247/1261 1670/1248/1261
f 1723/1247/1260 1722/1248/1260 1673/1248/1260
f 1723/1247/1260 1673/1248/1260 1672/1247/1260
f 1723/1247/1243 1716/1259/1243 1719/1259/1243
f 1723/1247/1243 1719/1259/1243 1671/1247/1243
f 1716/1259/1214 1723/1247/1214 1672/1247/1214
f 1716/1259/1214 1672/1247/1214 1720/1259/1214
f 1724/1260/1264 1725/1261/1264 1726/1261/1264
f 1724/1260/1264 1726/1261/1264 1718/1260/1264
f 1725/1261/1263 1724/1260/1263 1721/1260/1263
f 1725/1261/1263 1721/1260/1263 1727/1261/1263
f 1725/1261/1262 1728/1251/1262 1682/1251/1262
f 1725/1261/1262 1682/1251/1262 1726/1261/1262
f 1728/1251/1213 1725/1261/1213 1727/1261/1213
f 1728/1251/1213 1727/1261/1213 1683/1251/1213
f 1728/1251/1261 1729/1248/1261 1670/1248/1261
f 1728/1251/1261 1670/1248/1261 1682/1251/1261
f 1729/1248/1260 1728/1251/1260 1683/1251/1260
f 1729/1248/1260 1683/1251/1260 1673/1248/1260
f 1729/1248/1243 1724/1260/1243 1718/1260/1243
f 1729/1248/1243 1718/1260/1243 1670/1248/1243
f 1724/1260/1214 1729/1248/1214 1673/1248/1214
f 1724/1260/1214 1673/1248/1214 1721/1260/1214
f 1730/1261/1264 1731/1262/1264 1732/1262/1264
f 1730/1261/1264 1732/1262/1264 1726/1261/1264
f 1731/1262/1263 1730/1261/1263 1727/1261/1263
f 1731/1262/1263 1727/1261/1263 1733/1262/1263
f 1731/1262/1262 1734/1253/1262 1690/1253/1262
f 1731/1262/1262 1690/1253/1262 1732/1262/1262
f 1734/1253/1213 1731/1262/1213 1733/1262/1213
f 1734/1253/1213 1733/1262/1213 1691/1253/1213
f 1734/1253/1261 1735/1251/1261 1682/1251/1261
f 1734/1253/1261 1682/1251/1261 1690/1253/1261
f 1735/1251/1260 1734/1253/1260 1691/1253/1260
f 1735/1251/1260 1691/1253/1260 1683/1251/1260
f 1735/1251/1243 1730/1261/1243 1726/1261/1243
f 1735/1251/1243 1726/1261/1243 1682/1251/1243
f 1730/1261/1214 1735/1251/1214 1683/1251/1214
f 1730/1261/1214 1683/1251/1214 1727/1261/1214
f 1736/1262/1264 1737/1263/1264 1738/1263/1264
f 1736/1262/1264 1738/1263/1264 1732/1262/1264
f 1737/1263/1263 1736/1262/1263 1733/1262/1263
f 1737/1263/1263 1733/1262/1263 1739/1263/1263
f 1737/1263/1262 1740/1255/1262 1698/1255/1262
f 1737/1263/1262 1698/1255/1262 1738/1263/1262
f 1740/1255/1213 1737/1263/1213 1739/1263/1213
f 1740/1255/1213 1739/1263/1213 1699/1255/1213
f 1740/1255/1261 1741/1253/1261 1690/1253/1261
f 1740/1255/1261 1690/1253/1261 1698/1255/1261
f 1741/1253/1260 1740/1255/1260 1699/1255/1260
f 1741/1253/1260 1699/1255/1260 1691/1253/1260
f 1741/1253/1243 1736/1262/1243 1732/1262/1243
f 1741/1253/1243 1732/1262/1243 1690/1253/1243
f 1736/1262/1214 1741/1253/1214 1691/1253/1214
f 1736/1262/1214 1691/1253/1214 1733/1262/1214
f 1742/1263/1264 1743/1264/1264 1744/1264/1264
f 1742/1263/1264 1744/1264/1264 1738/1263/1264
f 1743/1264/1263 1742/1263/1263 1739/1263/1263
f 1743/1264/1263 1739/1263/1263 1745/1264/1263
f 1743/1264/1262 1746/1257/1262 1706/1257/1262
f 1743/1264/1262 1706/1257/1262 1744/1264/1262
f 1746/1257/1213 1743/1264/1213 1745/1264/1213
f 1746/1257/1213 1745/1264/1213 1707/1257/1213
f 1746/1257/1261 1747/1255/1261 1698/1255/1261
f 1746/1257/1261 1698/1255/1261 1706/1257/1261
f 1747/1255/1260 1746/1257/1260 1707/1257/1260
f 1747/1255/1260 1707/1257/1260 1699/1255/1260
f 1747/1255/1243 1742/1263/1243 1738/1263/1243
f 1747/1255/1243 1738/1263/1243 1698/1255/1243
f 1742/1263/1214 1747/1255/1214 1699/1255/1214
f 1742/1263/1214 1699/1255/1214 1739/1263/1214
f 1748/1264/1264 1749/1168/1264 1307/1168/1264
f 1748/1264/1264 1307/1168/1264 1744/1264/1264
f 1749/1168/1263 1748/1264/1263 1745/1264/1263
f 1749/1168/1263 1745/1264/1263 1308/1168/1263
f 1749/1168/1262 1750/1171/1262 1314/1171/1262
f 1749/1168/1262 1314/1171/1262 1307/1168/1262
f 1750/1171/1213 1749/1168/1213 1308/1168/1213
f 1750/1171/1213 1308/1168/1213 1315/1171/1213
f 1750/1171/1261 1751/1257/1261 1706/1257/1261
f 1750/1171/1261 1706/1257/1261 1314/1171/1261
f 1751/1257/1260 1750/1171/1260 1315/1171/1260
f 1751/1257/1260 1315/1171/1260 1707/1257/1260
f 1751/1257/1243 1748/1264/1243 1744/1264/1243
f 1751/1257/1243 1744/1264/1243 1706/1257/1243
f 1748/1264/1214 1751/1257/1214 1707/1257/1214
f 1748/1264/1214 1707/1257/1214 1745/1264/1214
f 1752/1265/1264 1753/1266/1264 1754/1266/1264
f 1752/1265/1264 1754/1266/1264 1755/1265/1264
f 1753/1266/1263 1752/1265/1263 1756/1265/1263
f 1753/1266/1263 1756/1265/1263 1757/1266/1263
f 1753/1266/1262 1758/1267/1262 1759/1267/1262
f 1753/1266/1262 1759/1267/1262 1754/1266/1262
f 1758/1267/1213 1753/1266/1213 1757/1266/1213
f 1758/1267/1213 1757/1266/1213 1760/1267/1213
f 1758/1267/1261 1761/1268/1261 1762/1268/1261
f 1758/1267/1261 1762/1268/1261 1759/1267/1261
f 1761/1268/1260 1758/1267/1260 1760/1267/1260
f 1761/1268/1260 1760/1267/1260 1763/1268/1260
f 1761/1268/1243 1752/1265/1243 1755/1265/1243
f 1761/1268/1243 1755/1265/1243 1762/1268/1243
f 1752/1265/1214 1761/1268/1214 1763/1268/1214
f 1752/1265/1214 1763/1268/1214 1756/1265/1214
f 1764/1266/1264 1765/1269/1264 1766/1269/1264
f 1764/1266/1264 1766/1269/1264 1754/1266/1264
f 1765/1269/1263 1764/1266/1263 1757/1266/1263
f 1765/1269/1263 1757/1266/1263 1767/1269/1263
f 1765/1269/1262 1768/1270/1262 1769/1270/1262
f 1765/1269/1262 1769/1270/1262 1766/1269/1262
f 1768/1270/1213 1765/1269/1213 1767/1269/1213
f 1768/1270/1213 1767/1269/1213 1770/1270/1213
f 1768/1270/1261 1771/1267/1261 1759/1267/1261
f 1768/1270/1261 1759/1267/1261 1769/1270/1261
f 1771/1267/1260 1768/1270/1260 1770/1270/1260
f 1771/1267/1260 1770/1270/1260 1760/1267/1260
f 1771/1267/1243 1764/1266/1243 1754/1266/1243
f 1771/1267/1243 1754/1266/1243 1759/1267/1243
f 1764/1266/1214 1771/1267/1214 1760/1267/1214
f 1764/1266/1214 1760/1267/1214 1757/1266/1214
f 1772/1269/1264 1773/1271/1264 1774/1271/1264
f 1772/1269/1264 1774/1271/1264 1766/1269/1264
f 1773/1271/1263 1772/1269/1263 1767/1269/1263
f 1773/1271/1263 1767/1269/1263 1775/1271/1263
f 1773/1271/1262 1776/1272/1262 1777/1272/1262
f 1773/1271/1262 1777/1272/1262 1774/1271/1262
f 1776/1272/1213 1773/1271/1213 1775/1271/1213
f 1776/1272/1213 1775/1271/1213 1778/1272/1213
f 1776/1272/1261 1779/1270/1261 1769/1270/1261
f 1776/1272/1261 1769/1270/1261 1777/1272/1261
f 1779/1270/1260 1776/1272/1260 1778/1272/1260
f 1779/1270/1260 1778/1272/1260 1770/1270/1260
f 1779/1270/1243 1772/1269/1243 1766/1269/1243
f 1779/1270/1243 1766/1269/1243 1769/1270/1243
f 1772/1269/1214 1779/1270/1214 1770/1270/1214
f 1772/1269/1214 1770/1270/1214 1767/1269/1214
f 1780/1271/1264 1781/1165/1264 1294/1165/1264
f 1780/1271/1264 1294/1165/1264 1774/1271/1264
f 1781/1165/1263 1780/1271/1263 1775/1271/1263
f 1781/1165/1263 1775/1271/1263 1295/1165/1263
f 1781/1165/1262 1782/1167/1262 1302/1167/1262
f 1781/1165/1262 1302/1167/1262 1294/1165/1262
f 1782/1167/1213 1781/1165/1213 1295/1165/1213
f 1782/1167/1213 1295/1165/1213 1303/1167/1213
f 1782/1167/1261 1783/1272/1261 1777/1272/1261
f 1782/1167/1261 1777/1272/1261 1302/1167/1261
f 1783/1272/1260 1782/1167/1260 1303/1167/1260
f 1783/1272/1260 1303/1167/1260 1778/1272/1260
f 1783/1272/1243 1780/1271/1243 1774/1271/1243
f 1783/1272/1243 1774/1271/1243 1777/1272/1243
f 1780/1271/1214 1783/1272/1214 1778/1272/1214
f 1780/1271/1214 1778/1272/1214 1775/1271/1214
f 1784/1273/1264 1785/1274/1264 1786/1274/1264
f 1784/1273/1264 1786/1274/1264 1787/1273/1264
f 1785/1274/1263 1784/1273/1263 1788/1273/1263
f 1785/1274/1263 1788/1273/1263 1789/1274/1263
f 1785/1274/1262 1790/1266/1262 1754/1266/1262
f 1785/1274/1262 1754/1266/1262 1786/1274/1262
f 1790/1266/1213 1785/1274/1213 1789/1274/1213
f 1790/1266/1213 1789/1274/1213 1757/1266/1213
f 1790/1266/1261 1791/1265/1261 1755/1265/1261
f 1790/1266/1261 1755/1265/1261 1754/1266/1261
f 1791/1265/1260 1790/1266/1260 1757/1266/1260
f 1791/1265/1260 1757/1266/1260 1756/1265/1260
f 1791/1265/1243 1784/1273/1243 1787/1273/1243
f 1791/1265/1243 1787/1273/1243 1755/1265/1243
f 1784/1273/1214 1791/1265/1214 1756/1265/1214
f 1784/1273/1214 1756/1265/1214 1788/1273/1214
f 1792/1274/1264 1793/1275/1264 1794/1275/1264
f 1792/1274/1264 1794/1275/1264 1786/1274/1264
f 1793/1275/1263 1792/1274/1263 1789/1274/1263
f 1793/1275/1263 1789/1274/1263 1795/1275/1263
f 1793/1275/1262 1796/1269/1262 1766/1269/1262
f 1793/1275/1262 1766/1269/1262 1794/1275/1262
f 1796/1269/1213 1793/1275/1213 1795/1275/1213
f 1796/1269/1213 1795/1275/1213 1767/1269/1213
f 1796/1269/1261 1797/1266/1261 1754/1266/1261
f 1796/1269/1261 1754/1266/1261 1766/1269/1261
f 1797/1266/1260 1796/1269/1260 1767/1269/1260
f 1797/1266/1260 1767/1269/1260 1757/1266/1260
f 1797/1266/1243 1792/1274/1243 1786/1274/1243
f 1797/1266/1243 1786/1274/1243 1754/1266/1243
f 1792/1274/1214 1797/1266/1214 1757/1266/1214
f 1792/1274/1214 1757/1266/1214 1789/1274/1214
f 1798/1275/1264 1799/1276/1264 1800/1276/1264
f 1798/1275/1264 1800/1276/1264 1794/1275/1264
f 1799/1276/1263 1798/1275/1263 1795/1275/1263
f 1799/1276/1263 1795/1275/1263 1801/1276/1263
f 1799/1276/1262 1802/1271/1262 1774/1271/1262
f 1799/1276/1262 1774/1271/1262 1800/1276/1262
f 1802/1271/1213 1799/1276/1213 1801/1276/1213
f 1802/1271/1213 1801/1276/1213 1775/1271/1213
f 1802/1271/1261 1803/1269/1261 1766/1269/1261
f 1802/1271/1261 1766/1269/1261 1774/1271/1261
f 1803/1269/1260 1802/1271/1260 1775/1271/1260
f 1803/1269/1260 1775/1271/1260 1767/1269/1260
f 1803/1269/1243 1798/1275/1243 1794/1275/1243
f 1803/1269/1243 1794/1275/1243 1766/1269/1243
f 1798/1275/1214 1803/1269/1214 1767/1269/1214
f 1798/1275/1214 1767/1269/1214 1795/1275/1214
f 1804/1276/1264 1805/1163/1264 1286/1163/1264
f 1804/1276/1264 1286/1163/1264 1800/1276/1264
f 1805/1163/1263 1804/1276/1263 1801/1276/1263
f 1805/1163/1263 1801/1276/1263 1287/1163/1263
f 1805/1163/1262 1806/1165/1262 1294/1165/1262
f 1805/1163/1262 1294/1165/1262 1286/1163/1262
f 1806/1165/1213 1805/1163/1213 1287/1163/1213
f 1806/1165/1213 1287/1163/1213 1295/1165/1213
f 1806/1165/1261 1807/1271/1261 1774/1271/1261
f 1806/1165/1261 1774/1271/1261 1294/1165/1261
f 1807/1271/1260 1806/1165/1260 1295/1165/1260
f 1807/1271/1260 1295/1165/1260 1775/1271/1260
f 1807/1271/1243 1804/1276/1243 1800/1276/1243
f 1807/1271/1243 1800/1276/1243 1774/1271/1243
f 1804/1276/1214 1807/1271/1214 1775/1271/1214
f 1804/1276/1214 1775/1271/1214 1801/1276/1214
f 1808/1277/1264 1809/1278/1264 1810/1278/1264
f 1808/1277/1264 1810/1278/1264 1811/1277/1264
f 1809/1278/1263 1808/1277/1263 1812/1277/1263
f 1809/1278/1263 1812/1277/1263 1813/1278/1263
f 1809/1278/1262 1814/1279/1262 1815/1279/1262
f 1809/1278/1262 1815/1279/1262 1810/1278/1262
f 1814/1279/1213 1809/1278/1213 1813/1278/1213
f 1814/1279/1213 1813/1278/1213 1816/1279/1213
f 1814/1279/1261 1817/1280/1261 1818/1280/1261
f 1814/1279/1261 1818/1280/1261 1815/1279/1261
f 1817/1280/1260 1814/1279/1260 1816/1279/1260
f 1817/1280/1260 1816/1279/1260 1819/1280/1260
f 1817/1280/1243 1808/1277/1243 1811/1277/1243
f 1817/1280/1243 1811/1277/1243 1818/1280/1243
f 1808/1277/1214 1817/1280/1214 1819/1280/1214
f 1808/1277/1214 1819/1280/1214 1812/1277/1214
f 1820/1278/1264 1821/1281/1264 1822/1281/1264
f 1820/1278/1264 1822/1281/1264 1810/1278/1264
f 1821/1281/1263 1820/1278/1263 1813/1278/1263
f 1821/1281/1263 1813/1278/1263 1823/1281/1263
f 1821/1281/1262 1824/1273/1262 1787/1273/1262
f 1821/1281/1262 1787/1273/1262 1822/1281/1262
f 1824/1273/1213 1821/1281/1213 1823/1281/1213
f 1824/1273/1213 1823/1281/1213 1788/1273/1213
f 1824/1273/1261 1825/1279/1261 1815/1279/1261
f 1824/1273/1261 1815/1279/1261 1787/1273/1261
f 1825/1279/1260 1824/1273/1260 1788/1273/1260
f 1825/1279/1260 1788/1273/1260 1816/1279/1260
f 1825/1279/1243 1820/1278/1243 1810/1278/1243
f 1825/1279/1243 1810/1278/1243 1815/1279/1243
f 1820/1278/1214 1825/1279/1214 1816/1279/1214
f 1820/1278/1214 1816/1279/1214 1813/1278/1214
f 1826/1281/1264 1827/1282/1264 1828/1282/1264
f 1826/1281/1264 1828/1282/1264 1822/1281/1264
f 1827/1282/1263 1826/1281/1263 1823/1281/1263
f 1827/1282/1263 1823/1281/1263 1829/1282/1263
f 1827/1282/1262 1830/1274/1262 1786/1274/1262
f 1827/1282/1262 1786/1274/1262 1828/1282/1262
f 1830/1274/1213 1827/1282/1213 1829/1282/1213
f 1830/1274/1213 1829/1282/1213 1789/1274/1213
f 1830/1274/1261 1831/1273/1261 1787/1273/1261
f 1830/1274/1261 1787/1273/1261 1786/1274/1261
f 1831/1273/1260 1830/1274/1260 1789/1274/1260
f 1831/1273/1260 1789/1274/1260 1788/1273/1260
f 1831/1273/1243 1826/1281/1243 1822/1281/1243
f 1831/1273/1243 1822/1281/1243 1787/1273/1243
f 1826/1281/1214 1831/1273/1214 1788/1273/1214
f 1826/1281/1214 1788/1273/1214 1823/1281/1214
f 1832/1282/1264 1833/1283/1264 1834/1283/1264
f 1832/1282/1264 1834/1283/1264 1828/1282/1264
f 1833/1283/1263 1832/1282/1263 1829/1282/1263
f 1833/1283/1263 1829/1282/1263 1835/1283/1263
f 1833/1283/1262 1836/1275/1262 1794/1275/1262
f 1833/1283/1262 1794/1275/1262 1834/1283/1262
f 1836/1275/1213 1833/1283/1213 1835/1283/1213
f 1836/1275/1213 1835/1283/1213 1795/1275/1213
f 1836/1275/1261 1837/1274/1261 1786/1274/1261
f 1836/1275/1261 1786/1274/1261 1794/1275/1261
f 1837/1274/1260 1836/1275/1260 1795/1275/1260
f 1837/1274/1260 1795/1275/1260 1789/1274/1260
f 1837/1274/1243 1832/1282/1243 1828/1282/1243
f 1837/1274/1243 1828/1282/1243 1786/1274/1243
f 1832/1282/1214 1837/1274/1214 1789/1274/1214
f 1832/1282/1214 1789/1274/1214 1829/1282/1214
f 1838/1283/1264 1839/1284/1264 1840/1284/1264
f 1838/1283/1264 1840/1284/1264 1834/1283/1264
f 1839/1284/1263 1838/1283/1263 1835/1283/1263
f 1839/1284/1263 1835/1283/1263 1841/1284/1263
f 1839/1284/1262 1842/1276/1262 1800/1276/1262
f 1839/1284/1262 1800/1276/1262 1840/1284/1262
f 1842/1276/1213 1839/1284/1213 1841/1284/1213
f 1842/1276/1213 1841/1284/1213 1801/1276/1213
f 1842/1276/1261 1843/1275/1261 1794/1275/1261
f 1842/1276/1261 1794/1275/1261 1800/1276/1261
f 1843/1275/1260 1842/1276/1260 1801/1276/1260
f 1843/1275/1260 1801/1276/1260 1795/1275/1260
f 1843/1275/1243 1838/1283/1243 1834/1283/1243
f 1843/1275/1243 1834/1283/1243 1794/1275/1243
f 1838/1283/1214 1843/1275/1214 1795/1275/1214
f 1838/1283/1214 1795/1275/1214 1835/1283/1214
f 1844/1284/1264 1845/1160/1264 1279/1160/1264
f 1844/1284/1264 1279/1160/1264 1840/1284/1264
f 1845/1160/1263 1844/1284/1263 1841/1284/1263
f 1845/1160/1263 1841/1284/1263 1280/1160/1263
f 1845/1160/1262 1846/1163/1262 1286/1163/1262
f 1845/1160/1262 1286/1163/1262 1279/1160/1262
f 1846/1163/1213 1845/1160/1213 1280/1160/1213
f 1846/1163/1213 1280/1160/1213 1287/1163/1213
f 1846/1163/1261 1847/1276/1261 1800/1276/1261
f 1846/1163/1261 1800/1276/1261 1286/1163/1261
f 1847/1276/1260 1846/1163/1260 1287/1163/1260
f 1847/1276/1260 1287/1163/1260 1801/1276/1260
f 1847/1276/1243 1844/1284/1243 1840/1284/1243
f 1847/1276/1243 1840/1284/1243 1800/1276/1243
f 1844/1284/1214 1847/1276/1214 1801/1276/1214
f 1844/1284/1214 1801/1276/1214 1841/1284/1214
f 1848/1285/1264 1849/1286/1264 1850/1286/1264
f 1848/1285/1264 1850/1286/1264 1851/1285/1264
f 1849/1286/1263 1848/1285/1263 1852/1285/1263
f 1849/1286/1263 1852/1285/1263 1853/1286/1263
f 1849/1286/1262 1854/1287/1262 1855/1287/1262
f 1849/1286/1262 1855/1287/1262 1850/1286/1262
f 1854/1287/1213 1849/1286/1213 1853/1286/1213
f 1854/1287/1213 1853/1286/1213 1856/1287/1213
f 1854/1287/1261 1857/1288/1261 1858/1288/1261
f 1854/1287/1261 1858/1288/1261 1855/1287/1261
f 1857/1288/1260 1854/1287/1260 1856/1287/1260
f 1857/1288/1260 1856/1287/1260 1859/1288/1260
f 1857/1288/1243 1848/1285/1243 1851/1285/1243
f 1857/1288/1243 1851/1285/1243 1858/1288/1243
f 1848/1285/1214 1857/1288/1214 1859/1288/1214
f 1848/1285/1214 1859/1288/1214 1852/1285/1214
f 1860/1286/1264 1861/1289/1264 1862/1289/1264
f 1860/1286/1264 1862/1289/1264 1850/1286/1264
f 1861/1289/1263 1860/1286/1263 1853/1286/1263
f 1861/1289/1263 1853/1286/1263 1863/1289/1263
f 1861/1289/1262 1864/1290/1262 1865/1290/1262
f 1861/1289/1262 1865/1290/1262 1862/1289/1262
f 1864/1290/1213 1861/1289/1213 1863/1289/1213
f 1864/1290/1213 1863/1289/1213 1866/1290/1213
f 1864/1290/1261 1867/1287/1261 1855/1287/1261
f 1864/1290/1261 1855/1287/1261 1865/1290/1261
f 1867/1287/1260 1864/1290/1260 1866/1290/1260
f 1867/1287/1260 1866/1290/1260 1856/1287/1260
f 1867/1287/1243 1860/1286/1243 1850/1286/1243
f 1867/1287/1243 1850/1286/1243 1855/1287/1243
f 1860/1286/1214 1867/1287/1214 1856/1287/1214
f 1860/1286/1214 1856/1287/1214 1853/1286/1214
f 1868/1289/1264 1869/1291/1264 1870/1291/1264
f 1868/1289/1264 1870/1291/1264 1862/1289/1264
f 1869/1291/1263 1868/1289/1263 1863/1289/1263
f 1869/1291/1263 1863/1289/1263 1871/1291/1263
f 1869/1291/1262 1872/1292/1262 1873/1292/1262
f 1869/1291/1262 1873/1292/1262 1870/1291/1262
f 1872/1292/1213 1869/1291/1213 1871/1291/1213
f 1872/1292/1213 1871/1291/1213 1874/1292/1213
f 1872/1292/1261 1875/1290/1261 1865/1290/1261
f 1872/1292/1261 1865/1290/1261 1873/1292/1261
f 1875/1290/1260 1872/1292/1260 1874/1292/1260
f 1875/1290/1260 1874/1292/1260 1866/1290/1260
f 1875/1290/1243 1868/1289/1243 1862/1289/1243
f 1875/1290/1243 1862/1289/1243 1865/1290/1243
f 1868/1289/1214 1875/1290/1214 1866/1290/1214
f 1868/1289/1214 1866/1290/1214 1863/1289/1214
f 1876/1291/1264 1877/1293/1264 1878/1293/1264
f 1876/1291/1264 1878/1293/1264 1870/1291/1264
f 1877/1293/1263 1876/1291/1263 1871/1291/1263
f 1877/1293/1263 1871/1291/1263 1879/1293/1263
f 1877/1293/1262 1880/1294/1262 1881/1294/1262
f 1877/1293/1262 1881/1294/1262 1878/1293/1262
f 1880/1294/1213 1877/1293/1213 1879/1293/1213
f 1880/1294/1213 1879/1293/1213 1882/1294/1213
f 1880/1294/1261 1883/1292/1261 1873/1292/1261
f 1880/1294/1261 1873/1292/1261 1881/1294/1261
f 1883/1292/1260 1880/1294/1260 1882/1294/1260
f 1883/1292/1260 1882/1294/1260 1874/1292/1260
f 1883/1292/1243 1876/1291/1243 1870/1291/1243
f 1883/1292/1243 1870/1291/1243 1873/1292/1243
f 1876/1291/1214 1883/1292/1214 1874/1292/1214
f 1876/1291/1214 1874/1292/1214 1871/1291/1214
f 1884/1293/1264 1885/1295/1264 1886/1295/1264
f 1884/1293/1264 1886/1295/1264 1878/1293/1264
f 1885/1295/1263 1884/1293/1263 1879/1293/1263
f 1885/1295/1263 1879/1293/1263 1887/1295/1263
f 1885/1295/1262 1888/1296/1262 1889/1296/1262
f 1885/1295/1262 1889/1296/1262 1886/1295/1262
f 1888/1296/1213 1885/1295/1213 1887/1295/1213
f 1888/1296/1213 1887/1295/1213 1890/1296/1213
f 1888/1296/1261 1891/1294/1261 1881/1294/1261
f 1888/1296/1261 1881/1294/1261 1889/1296/1261
f 1891/1294/1260 1888/1296/1260 1890/1296/1260
f 1891/1294/1260 1890/1296/1260 1882/1294/1260
f 1891/1294/1243 1884/1293/1243 1878/1293/1243
f 1891/1294/1243 1878/1293/1243 1881/1294/1243
f 1884/1293/1214 1891/1294/1214 1882/1294/1214
f 1884/1293/1214 1882/1294/1214 1879/1293/1214
f 1892/1295/1264 1893/1157/1264 1266/1157/1264
f 1892/1295/1264 1266/1157/1264 1886/1295/1264
f 1893/1157/1263 1892/1295/1263 1887/1295/1263
f 1893/1157/1263 1887/1295/1263 1267/1157/1263
f 1893/1157/1262 1894/1159/1262 1274/1159/1262
f 1893/1157/1262 1274/1159/1262 1266/1157/1262
f 1894/1159/1213 1893/1157/1213 1267/1157/1213
f 1894/1159/1213 1267/1157/1213 1275/1159/1213
f 1894/1159/1261 1895/1296/1261 1889/1296/1261
f 1894/1159/1261 1889/1296/1261 1274/1159/1261
f 1895/1296/1260 1894/1159/1260 1275/1159/1260
f 1895/1296/1260 1275/1159/1260 1890/1296/1260
f 1895/1296/1243 1892/1295/1243 1886/1295/1243
f 1895/1296/1243 1886/1295/1243 1889/1296/1243
f 1892/1295/1214 1895/1296/1214 1890/1296/1214
f 1892/1295/1214 1890/1296/1214 1887/1295/1214
f 1896/1112/1280 1897/1297/1280 1898/1297/1280
f 1896/1112/1280 1898/1297/1280 1899/1112/1280
f 1897/1297/1281 1896/1112/1281 1900/1112/1281
f 1897/1297/1281 1900/1112/1281 1901/1297/1281
f 1897/1297/1282 1902/1286/1282 1850/1286/1283
f 1897/1297/1282 1850/1286/1283 1898/1297/1284
f 1902/1286/1285 1897/1297/1285 1901/1297/1285
f 1902/1286/1285 1901/1297/1285 1853/1286/1286
f 1902/1286/1261 1903/1285/1261 1851/1285/1261
f 1902/1286/1261 1851/1285/1261 1850/1286/1261
f 1903/1285/1260 1902/1286/1260 1853/1286/1260
f 1903/1285/1260 1853/1286/1260 1852/1285/1260
f 1903/1285/1287 1896/1112/1237 1899/1112/1237
f 1903/1285/1287 1899/1112/1237 1851/1285/1287
f 1896/1112/1238 1903/1285/1239 1852/1285/1238
f 1896/1112/1238 1852/1285/1238 1900/1112/1240
f 1904/1297/1280 1905/1298/1280 1906/1298/1280
f 1904/1297/1280 1906/1298/1280 1898/1297/1280
f 1905/1298/1281 1904/1297/1281 1901/1297/1281
f 1905/1298/1281 1901/1297/1281 1907/1298/1281
f 1905/1298/1282 1908/1289/1282 1862/1289/1283
f 1905/1298/1282 1862/1289/1283 1906/1298/1284
f 1908/1289/1285 1905/1298/1288 1907/1298/1285
f 1908/1289/1285 1907/1298/1285 1863/1289/1286
f 1908/1289/1261 1909/1286/1261 1850/1286/1261
f 1908/1289/1261 1850/1286/1261 1862/1289/1261
f 1909/1286/1260 1908/1289/1260 1863/1289/1260
f 1909/1286/1260 1863/1289/1260 1853/1286/1260
f 1909/1286/1287 1904/1297/1237 1898/1297/1237
f 1909/1286/1287 1898/1297/1237 1850/1286/1287
f 1904/1297/1238 1909/1286/1239 1853/1286/1240
f 1904/1297/1238 1853/1286/1240 1901/1297/1240
f 1910/1298/1280 1911/1299/1280 1912/1299/1280
f 1910/1298/1280 1912/1299/1280 1906/1298/1280
f 1911/1299/1281 1910/1298/1281 1907/1298/1281
f 1911/1299/1281 1907/1298/1281 1913/1299/1281
f 1911/1299/1282 1914/1291/1282 1870/1291/1282
f 1911/1299/1282 1870/1291/1282 1912/1299/1284
f 1914/1291/1286 1911/1299/1288 1913/1299/1285
f 1914/1291/1286 1913/1299/1285 1871/1291/1286
f 1914/1291/1261 1915/1289/1261 1862/1289/1261
f 1914/1291/1261 1862/1289/1261 1870/1291/1261
f 1915/1289/1260 1914/1291/1260 1871/1291/1260
f 1915/1289/1260 1871/1291/1260 1863/1289/1260
f 1915/1289/1287 1910/1298/1237 1906/1298/1237
f 1915/1289/1287 1906/1298/1237 1862/1289/1287
f 1910/1298/1238 1915/1289/1239 1863/1289/1238
f 1910/1298/1238 1863/1289/1238 1907/1298/1238
f 1916/1299/1280 1917/1300/1280 1918/1300/1280
f 1916/1299/1280 1918/1300/1280 1912/1299/1280
f 1917/1300/1281 1916/1299/1281 1913/1299/1281
f 1917/1300/1281 1913/1299/1281 1919/1300/1281
f 1917/1300/1282 1920/1293/1282 1878/1293/1283
f 1917/1300/1282 1878/1293/1283 1918/1300/1284
f 1920/1293/1285 1917/1300/1285 1919/1300/1288
f 1920/1293/1285 1919/1300/1288 1879/1293/1286
f 1920/1293/1261 1921/1291/1261 1870/1291/1261
f 1920/1293/1261 1870/1291/1261 1878/1293/1261
f 1921/1291/1260 1920/1293/1260 1879/1293/1260
f 1921/1291/1260 1879/1293/1260 1871/1291/1260
f 1921/1291/1287 1916/1299/1237 1912/1299/1237
f 1921/1291/1287 1912/1299/1237 1870/1291/1287
f 1916/1299/1238 1921/1291/1240 1871/1291/1239
f 1916/1299/1238 1871/1291/1239 1913/1299/1240
f 1922/1300/1280 1923/1301/1280 1924/1301/1280
f 1922/1300/1280 1924/1301/1280 1918/1300/1280
f 1923/1301/1281 1922/1300/1281 1919/1300/1281
f 1923/1301/1281 1919/1300/1281 1925/1301/1281
f 1923/1301/1282 1926/1295/1282 1886/1295/1283
f 1923/1301/1282 1886/1295/1283 1924/1301/1284
f 1926/1295/1286 1923/1301/1285 1925/1301/1288
f 1926/1295/1286 1925/1301/1288 1887/1295/1286
f 1926/1295/1261 1927/1293/1261 1878/1293/1261
f 1926/1295/1261 1878/1293/1261 1886/1295/1261
f 1927/1293/1260 1926/1295/1260 1887/1295/1260
f 1927/1293/1260 1887/1295/1260 1879/1293/1260
f 1927/1293/1237 1922/1300/1237 1918/1300/1237
f 1927/1293/1237 1918/1300/1237 1878/1293/1237
f 1922/1300/1238 1927/1293/1239 1879/1293/1239
f 1922/1300/1238 1879/1293/1239 1919/1300/1240
f 1928/1301/1280 1929/1131/1280 1165/1131/1280
f 1928/1301/1280 1165/1131/1280 1924/1301/1280
f 1929/1131/1281 1928/1301/1281 1925/1301/1281
f 1929/1131/1281 1925/1301/1281 1166/1131/1281
f 1929/1131/1282 1930/1157/1282 1266/1157/1282
f 1929/1131/1282 1266/1157/1282 1165/1131/1284
f 1930/1157/1286 1929/1131/1288 1166/1131/1288
f 1930/1157/1286 1166/1131/1288 1267/1157/1288
f 1930/1157/1261 1931/1295/1261 1886/1295/1261
f 1930/1157/1261 1886/1295/1261 1266/1157/1261
f 1931/1295/1260 1930/1157/1260 1267/1157/1260
f 1931/1295/1260 1267/1157/1260 1887/1295/1260
f 1931/1295/1237 1928/1301/1237 1924/1301/1237
f 1931/1295/1237 1924/1301/1237 1886/1295/1237
f 1928/1301/1238 1931/1295/1239 1887/1295/1240
f 1928/1301/1238 1887/1295/1240 1925/1301/1238
f 1932/1250/1289 1933/1249/1289 1675/1249/1289
f 1932/1250/1289 1675/1249/1289 1678/1250/1289
f 1933/1249/1290 1932/1250/1290 1679/1250/1290
f 1933/1249/1290 1679/1250/1290 1676/1249/1290
f 1933/1249/1291 1934/1302/1292 1935/1302/1292
f 1933/1249/1291 1935/1302/1292 1675/1249/1291
f 1934/1302/1293 1933/1249/1294 1676/1249/1293
f 1934/1302/1293 1676/1249/1293 1936/1302/1295
f 1934/1302/1296 1937/1120/1296 1938/1120/1296
f 1934/1302/1296 1938/1120/1296 1935/1302/1296
f 1937/1120/1297 1934/1302/1297 1936/1302/1297
f 1937/1120/1297 1936/1302/1297 1939/1120/1297
f 1937/1120/1298 1932/1250/1298 1678/1250/1298
f 1937/1120/1298 1678/1250/1298 1938/1120/1298
f 1932/1250/1299 1937/1120/1300 1939/1120/1299
f 1932/1250/1299 1939/1120/1299 1679/1250/1299
f 1940/1249/1264 1941/1252/1264 1685/1252/1264
f 1940/1249/1264 1685/1252/1264 1675/1249/1264
f 1941/1252/1263 1940/1249/1263 1676/1249/1263
f 1941/1252/1263 1676/1249/1263 1686/1252/1263
f 1941/1252/1291 1942/1303/1292 1943/1303/1292
f 1941/1252/1291 1943/1303/1292 1685/1252/1291
f 1942/1303/1293 1941/1252/1294 1686/1252/1295
f 1942/1303/1293 1686/1252/1295 1944/1303/1295
f 1942/1303/1301 1945/1302/1301 1935/1302/1301
f 1942/1303/1301 1935/1302/1301 1943/1303/1301
f 1945/1302/1302 1942/1303/1302 1944/1303/1302
f 1945/1302/1302 1944/1303/1302 1936/1302/1302
f 1945/1302/1174 1940/1249/1174 1675/1249/1174
f 1945/1302/1174 1675/1249/1174 1935/1302/1176
f 1940/1249/1177 1945/1302/1178 1936/1302/1177
f 1940/1249/1177 1936/1302/1177 1676/1249/1179
f 1946/1252/1264 1947/1254/1264 1693/1254/1264
f 1946/1252/1264 1693/1254/1264 1685/1252/1264
f 1947/1254/1263 1946/1252/1263 1686/1252/1263
f 1947/1254/1263 1686/1252/1263 1694/1254/1263
f 1947/1254/1291 1948/1304/1292 1949/1304/1292
f 1947/1254/1291 1949/1304/1292 1693/1254/1291
f 1948/1304/1293 1947/1254/1295 1694/1254/1294
f 1948/1304/1293 1694/1254/1294 1950/1304/1295
f 1948/1304/1301 1951/1303/1301 1943/1303/1301
f 1948/1304/1301 1943/1303/1301 1949/1304/1301
f 1951/1303/1302 1948/1304/1302 1950/1304/1302
f 1951/1303/1302 1950/1304/1302 1944/1303/1302
f 1951/1303/1174 1946/1252/1174 1685/1252/1175
f 1951/1303/1174 1685/1252/1175 1943/1303/1176
f 1946/1252/1177 1951/1303/1177 1944/1303/1178
f 1946/1252/1177 1944/1303/1178 1686/1252/1179
f 1952/1254/1264 1953/1256/1264 1701/1256/1264
f 1952/1254/1264 1701/1256/1264 1693/1254/1264
f 1953/1256/1263 1952/1254/1263 1694/1254/1263
f 1953/1256/1263 1694/1254/1263 1702/1256/1263
f 1953/1256/1291 1954/1305/1292 1955/1305/1292
f 1953/1256/1291 1955/1305/1292 1701/1256/1291
f 1954/1305/1293 1953/1256/1295 1702/1256/1294
f 1954/1305/1293 1702/1256/1294 1956/1305/1293
f 1954/1305/1301 1957/1304/1301 1949/1304/1301
f 1954/1305/1301 1949/1304/1301 1955/1305/1301
f 1957/1304/1302 1954/1305/1302 1956/1305/1302
f 1957/1304/1302 1956/1305/1302 1950/1304/1302
f 1957/1304/1174 1952/1254/1174 1693/1254/1175
f 1957/1304/1174 1693/1254/1175 1949/1304/1176
f 1952/1254/1179 1957/1304/1178 1950/1304/1178
f 1952/1254/1179 1950/1304/1178 1694/1254/1179
f 1958/1256/1264 1959/1258/1264 1709/1258/1264
f 1958/1256/1264 1709/1258/1264 1701/1256/1264
f 1959/1258/1263 1958/1256/1263 1702/1256/1263
f 1959/1258/1263 1702/1256/1263 1710/1258/1263
f 1959/1258/1291 1960/1306/1292 1961/1306/1292
f 1959/1258/1291 1961/1306/1292 1709/1258/1291
f 1960/1306/1293 1959/1258/1294 1710/1258/1295
f 1960/1306/1293 1710/1258/1295 1962/1306/1293
f 1960/1306/1301 1963/1305/1301 1955/1305/1301
f 1960/1306/1301 1955/1305/1301 1961/1306/1301
f 1963/1305/1302 1960/1306/1302 1962/1306/1302
f 1963/1305/1302 1962/1306/1302 1956/1305/1302
f 1963/1305/1174 1958/1256/1174 1701/1256/1175
f 1963/1305/1174 1701/1256/1175 1955/1305/1176
f 1958/1256/1179 1963/1305/1177 1956/1305/1177
f 1958/1256/1179 1956/1305/1177 1702/1256/1179
f 1964/1258/1264 1965/1132/1264 1170/1132/1264
f 1964/1258/1264 1170/1132/1264 1709/1258/1264
f 1965/1132/1263 1964/1258/1263 1710/1258/1263
f 1965/1132/1263 1710/1258/1263 1171/1132/1263
f 1965/1132/1292 1966/1134/1292 1177/1134/1292
f 1965/1132/1292 1177/1134/1292 1170/1132/1292
f 1966/1134/1293 1965/1132/1294 1171/1132/1293
f 1966/1134/1293 1171/1132/1293 1178/1134/1293
f 1966/1134/1301 1967/1306/1301 1961/1306/1301
f 1966/1134/1301 1961/1306/1301 1177/1134/1301
f 1967/1306/1302 1966/1134/1302 1178/1134/1302
f 1967/1306/1302 1178/1134/1302 1962/1306/1302
f 1967/1306/1174 1964/1258/1174 1709/1258/1174
f 1967/1306/1174 1709/1258/1174 1961/1306/1176
f 1964/1258/1179 1967/1306/1178 1962/1306/1178
f 1964/1258/1179 1962/1306/1178 1710/1258/1179
f 1968/1307/1263 1969/1308/1263 1970/1308/1263
f 1968/1307/1263 1970/1308/1263 1971/1307/1263
f 1969/1308/1260 1968/1307/1260 1972/1307/1260
f 1969/1308/1260 1972/1307/1260 1973/1308/1260
f 1969/1308/1303 1974/1297/1304 1898/1297/1304
f 1969/1308/1303 1898/1297/1304 1970/1308/1303
f 1974/1297/1305 1969/1308/1305 1973/1308/1305
f 1974/1297/1305 1973/1308/1305 1901/1297/1305
f 1974/1297/1306 1975/1112/1306 1899/1112/1306
f 1974/1297/1306 1899/1112/1306 1898/1297/1306
f 1975/1112/1301 1974/1297/1301 1901/1297/1301
f 1975/1112/1301 1901/1297/1301 1900/1112/1301
f 1975/1112/1161 1968/1307/1161 1971/1307/1161
f 1975/1112/1161 1971/1307/1161 1899/1112/1162
f 1968/1307/1163 1975/1112/1163 1900/1112/1163
f 1968/1307/1163 1900/1112/1163 1972/1307/1163
f 1976/1308/1263 1977/1309/1263 1978/1309/1263
f 1976/1308/1263 1978/1309/1263 1970/1308/1263
f 1977/1309/1260 1976/1308/1260 1973/1308/1260
f 1977/1309/1260 1973/1308/1260 1979/1309/1260
f 1977/1309/1303 1980/1298/1304 1906/1298/1304
f 1977/1309/1303 1906/1298/1304 1978/1309/1303
f 1980/1298/1305 1977/1309/1305 1979/1309/1305
f 1980/1298/1305 1979/1309/1305 1907/1298/1305
f 1980/1298/1306 1981/1297/1306 1898/1297/1306
f 1980/1298/1306 1898/1297/1306 1906/1298/1306
f 1981/1297/1301 1980/1298/1301 1907/1298/1301
f 1981/1297/1301 1907/1298/1301 1901/1297/1301
f 1981/1297/1161 1976/1308/1161 1970/1308/1161
f 1981/1297/1161 1970/1308/1161 1898/1297/1162
f 1976/1308/1163 1981/1297/1163 1901/1297/1163
f 1976/1308/1163 1901/1297/1163 1973/1308/1163
f 1982/1309/1263 1983/1310/1263 1984/1310/1263
f 1982/1309/1263 1984/1310/1263 1978/1309/1263
f 1983/1310/1260 1982/1309/1260 1979/1309/1260
f 1983/1310/1260 1979/1309/1260 1985/1310/1260
f 1983/1310/1303 1986/1299/1304 1912/1299/1304
f 1983/1310/1303 1912/1299/1304 1984/1310/1303
f 1986/1299/1305 1983/1310/1305 1985/1310/1305
f 1986/1299/1305 1985/1310/1305 1913/1299/1305
f 1986/1299/1306 1987/1298/1306 1906/1298/1306
f 1986/1299/1306 1906/1298/1306 1912/1299/1306
f 1987/1298/1301 1986/1299/1301 1913/1299/1301
f 1987/1298/1301 1913/1299/1301 1907/1298/1301
f 1987/1298/1161 1982/1309/1161 1978/1309/1161
f 1987/1298/1161 1978/1309/1161 1906/1298/1162
f 1982/1309/1163 1987/1298/1163 1907/1298/1163
f 1982/1309/1163 1907/1298/1163 1979/1309/1163
f 1988/1310/1263 1989/1311/1263 1990/1311/1263
f 1988/1310/1263 1990/1311/1263 1984/1310/1263
f 1989/1311/1260 1988/1310/1260 1985/1310/1260
f 1989/1311/1260 1985/1310/1260 1991/1311/1260
f 1989/1311/1303 1992/1300/1304 1918/1300/1304
f 1989/1311/1303 1918/1300/1304 1990/1311/1303
f 1992/1300/1305 1989/1311/1305 1991/1311/1305
f 1992/1300/1305 1991/1311/1305 1919/1300/1305
f 1992/1300/1306 1993/1299/1306 1912/1299/1306
f 1992/1300/1306 1912/1299/1306 1918/1300/1306
f 1993/1299/1301 1992/1300/1301 1919/1300/1301
f 1993/1299/1301 1919/1300/1301 1913/1299/1301
f 1993/1299/1161 1988/1310/1161 1984/1310/1161
f 1993/1299/1161 1984/1310/1161 1912/1299/1162
f 1988/1310/1163 1993/1299/1163 1913/1299/1163
f 1988/1310/1163 1913/1299/1163 1985/1310/1163
f 1994/1311/1263 1995/1312/1263 1996/1312/1263
f 1994/1311/1263 1996/1312/1263 1990/1311/1263
f 1995/1312/1260 1994/1311/1260 1991/1311/1260
f 1995/1312/1260 1991/1311/1260 1997/1312/1260
f 1995/1312/1303 1998/1301/1304 1924/1301/1304
f 1995/1312/1303 1924/1301/1304 1996/1312/1303
f 1998/1301/1305 1995/1312/1305 1997/1312/1305
f 1998/1301/1305 1997/1312/1305 1925/1301/1305
f 1998/1301/1306 1999/1300/1306 1918/1300/1306
f 1998/1301/1306 1918/1300/1306 1924/1301/1306
f 1999/1300/1301 1998/1301/1301 1925/1301/1301
f 1999/1300/1301 1925/1301/1301 1919/1300/1301
f 1999/1300/1161 1994/1311/1161 1990/1311/1161
f 1999/1300/1161 1990/1311/1161 1918/1300/1162
f 1994/1311/1163 1999/1300/1163 1919/1300/1163
f 1994/1311/1163 1919/1300/1163 1991/1311/1163
f 2000/1312/1263 2001/1129/1263 1158/1129/1263
f 2000/1312/1263 1158/1129/1263 1996/1312/1263
f 2001/1129/1260 2000/1312/1260 1997/1312/1260
f 2001/1129/1260 1997/1312/1260 1159/1129/1260
f 2001/1129/1303 2002/1131/1304 1165/1131/1304
f 2001/1129/1303 1165/1131/1304 1158/1129/1303
f 2002/1131/1305 2001/1129/1305 1159/1129/1305
f 2002/1131/1305 1159/1129/1305 1166/1131/1305
f 2002/1131/1306 2003/1301/1306 1924/1301/1306
f 2002/1131/1306 1924/1301/1306 1165/1131/1306
f 2003/1301/1301 2002/1131/1301 1166/1131/1301
f 2003/1301/1301 1166/1131/1301 1925/1301/1301
f 2003/1301/1161 2000/1312/1161 1996/1312/1161
f 2003/1301/1161 1996/1312/1161 1924/1301/1162
f 2000/1312/1163 2003/1301/1163 1925/1301/1163
f 2000/1312/1163 1925/1301/1163 1997/1312/1163
f 2004/1191/1260 2005/1190/1260 1387/1190/1260
f 2004/1191/1260 1387/1190/1260 1390/1191/1260
f 2005/1190/1261 2004/1191/1261 1391/1191/1261
f 2005/1190/1261 1391/1191/1261 1388/1190/1261
f 2005/1190/1307 2006/1313/1308 2007/1313/1308
f 2005/1190/1307 2007/1313/1308 1387/1190/1307
f 2006/1313/1309 2005/1190/1310 1388/1190/1309
f 2006/1313/1309 1388/1190/1309 2008/1313/1311
f 2006/1313/1312 2009/1111/1312 2010/1111/1312
f 2006/1313/1312 2010/1111/1312 2007/1313/1312
f 2009/1111/1306 2006/1313/1306 2008/1313/1306
f 2009/1111/1306 2008/1313/1306 2011/1111/1306
f 2009/1111/1142 2004/1191/1142 1390/1191/1143
f 2009/1111/1142 1390/1191/1143 2010/1111/1144
f 2004/1191/1145 2009/1111/1145 2011/1111/1145
f 2004/1191/1145 2011/1111/1145 1391/1191/1147
f 2012/1190/1260 2013/1193/1260 1397/1193/1260
f 2012/1190/1260 1397/1193/1260 1387/1190/1260
f 2013/1193/1261 2012/1190/1261 1388/1190/1261
f 2013/1193/1261 1388/1190/1261 1398/1193/1261
f 2013/1193/1307 2014/1314/1308 2015/1314/1308
f 2013/1193/1307 2015/1314/1308 1397/1193/1307
f 2014/1314/1309 2013/1193/1310 1398/1193/1309
f 2014/1314/1309 1398/1193/1309 2016/1314/1311
f 2014/1314/1312 2017/1313/1312 2007/1313/1312
f 2014/1314/1312 2007/1313/1312 2015/1314/1312
f 2017/1313/1306 2014/1314/1306 2016/1314/1306
f 2017/1313/1306 2016/1314/1306 2008/1313/1306
f 2017/1313/1142 2012/1190/1142 1387/1190/1143
f 2017/1313/1142 1387/1190/1143 2007/1313/1144
f 2012/1190/1145 2017/1313/1145 2008/1313/1145
f 2012/1190/1145 2008/1313/1145 1388/1190/1147
f 2018/1193/1260 2019/1195/1260 1405/1195/1260
f 2018/1193/1260 1405/1195/1260 1397/1193/1260
f 2019/1195/1261 2018/1193/1261 1398/1193/1261
f 2019/1195/1261 1398/1193/1261 1406/1195/1261
f 2019/1195/1307 2020/1315/1308 2021/1315/1308
f 2019/1195/1307 2021/1315/1308 1405/1195/1307
f 2020/1315/1309 2019/1195/1311 1406/1195/1310
f 2020/1315/1309 1406/1195/1310 2022/1315/1311
f 2020/1315/1312 2023/1314/1312 2015/1314/1312
f 2020/1315/1312 2015/1314/1312 2021/1315/1312
f 2023/1314/1306 2020/1315/1306 2022/1315/1306
f 2023/1314/1306 2022/1315/1306 2016/1314/1306
f 2023/1314/1142 2018/1193/1142 1397/1193/1143
f 2023/1314/1142 1397/1193/1143 2015/1314/1144
f 2018/1193/1147 2023/1314/1146 2016/1314/1145
f 2018/1193/1147 2016/1314/1145 1398/1193/1147
f 2024/1195/1260 2025/1197/1260 1413/1197/1260
f 2024/1195/1260 1413/1197/1260 1405/1195/1260
f 2025/1197/1261 2024/1195/1261 1406/1195/1261
f 2025/1197/1261 1406/1195/1261 1414/1197/1261
f 2025/1197/1307 2026/1316/1308 2027/1316/1308
f 2025/1197/1307 2027/1316/1308 1413/1197/1307
f 2026/1316/1309 2025/1197/1310 1414/1197/1311
f 2026/1316/1309 1414/1197/1311 2028/1316/1309
f 2026/1316/1312 2029/1315/1312 2021/1315/1312
f 2026/1316/1312 2021/1315/1312 2027/1316/1312
f 2029/1315/1306 2026/1316/1306 2028/1316/1306
f 2029/1315/1306 2028/1316/1306 2022/1315/1306
f 2029/1315/1142 2024/1195/1142 1405/1195/1142
f 2029/1315/1142 1405/1195/1142 2021/1315/1144
f 2024/1195/1147 2029/1315/1146 2022/1315/1145
f 2024/1195/1147 2022/1315/1145 1406/1195/1147
f 2030/1197/1260 2031/1199/1260 1421/1199/1260
f 2030/1197/1260 1421/1199/1260 1413/1197/1260
f 2031/1199/1261 2030/1197/1261 1414/1197/1261
f 2031/1199/1261 1414/1197/1261 1422/1199/1261
f 2031/1199/1307 2032/1317/1308 2033/1317/1308
f 2031/1199/1307 2033/1317/1308 1421/1199/1307
f 2032/1317/1309 2031/1199/1310 1422/1199/1311
f 2032/1317/1309 1422/1199/1311 2034/1317/1311
f 2032/1317/1312 2035/1316/1312 2027/1316/1312
f 2032/1317/1312 2027/1316/1312 2033/1317/1312
f 2035/1316/1306 2032/1317/1306 2034/1317/1306
f 2035/1316/1306 2034/1317/1306 2028/1316/1306
f 2035/1316/1142 2030/1197/1142 1413/1197/1143
f 2035/1316/1142 1413/1197/1143 2027/1316/1144
f 2030/1197/1147 2035/1316/1145 2028/1316/1145
f 2030/1197/1147 2028/1316/1145 1414/1197/1147
f 2036/1199/1260 2037/1126/1260 1146/1126/1260
f 2036/1199/1260 1146/1126/1260 1421/1199/1260
f 2037/1126/1261 2036/1199/1261 1422/1199/1261
f 2037/1126/1261 1422/1199/1261 1147/1126/1261
f 2037/1126/1308 2038/1128/1308 1153/1128/1308
f 2037/1126/1308 1153/1128/1308 1146/1126/1308
f 2038/1128/1309 2037/1126/1310 1147/1126/1309
f 2038/1128/1309 1147/1126/1309 1154/1128/1309
f 2038/1128/1312 2039/1317/1312 2033/1317/1312
f 2038/1128/1312 2033/1317/1312 1153/1128/1312
f 2039/1317/1306 2038/1128/1306 1154/1128/1306
f 2039/1317/1306 1154/1128/1306 2034/1317/1306
f 2039/1317/1142 2036/1199/1142 1421/1199/1143
f 2039/1317/1142 1421/1199/1143 2033/1317/1144
f 2036/1199/1145 2039/1317/1146 2034/1317/1146
f 2036/1199/1145 2034/1317/1146 1422/1199/1147
f 2040/1318/1261 2041/1319/1261 2042/1319/1261
f 2040/1318/1261 2042/1319/1261 2043/1318/1261
f 2041/1319/1264 2040/1318/1264 2044/1318/1264
f 2041/1319/1264 2044/1318/1264 2045/1319/1264
f 2041/1319/1313 2046/1242/1314 1634/1242/1314
f 2041/1319/1313 1634/1242/1314 2042/1319/1313
f 2046/1242/1315 2041/1319/1315 2045/1319/1315
f 2046/1242/1315 2045/1319/1315 1637/1242/1315
f 2046/1242/1302 2047/1116/1302 1635/1116/1302
f 2046/1242/1302 1635/1116/1302 1634/1242/1302
f 2047/1116/1312 2046/1242/1312 1637/1242/1312
f 2047/1116/1312 1637/1242/1312 1636/1116/1312
f 2047/1116/1129 2040/1318/1129 2043/1318/1129
f 2047/1116/1129 2043/1318/1129 1635/1116/1130
f 2040/1318/1131 2047/1116/1131 1636/1116/1131
f 2040/1318/1131 1636/1116/1131 2044/1318/1131
f 2048/1319/1261 2049/1320/1261 2050/1320/1261
f 2048/1319/1261 2050/1320/1261 2042/1319/1261
f 2049/1320/1264 2048/1319/1264 2045/1319/1264
f 2049/1320/1264 2045/1319/1264 2051/1320/1264
f 2049/1320/1313 2052/1243/1314 1642/1243/1314
f 2049/1320/1313 1642/1243/1314 2050/1320/1313
f 2052/1243/1315 2049/1320/1315 2051/1320/1315
f 2052/1243/1315 2051/1320/1315 1643/1243/1315
f 2052/1243/1302 2053/1242/1302 1634/1242/1302
f 2052/1243/1302 1634/1242/1302 1642/1243/1302
f 2053/1242/1312 2052/1243/1312 1643/1243/1312
f 2053/1242/1312 1643/1243/1312 1637/1242/1312
f 2053/1242/1129 2048/1319/1129 2042/1319/1129
f 2053/1242/1129 2042/1319/1129 1634/1242/1130
f 2048/1319/1131 2053/1242/1131 1637/1242/1131
f 2048/1319/1131 1637/1242/1131 2045/1319/1131
f 2054/1320/1261 2055/1321/1261 2056/1321/1261
f 2054/1320/1261 2056/1321/1261 2050/1320/1261
f 2055/1321/1264 2054/1320/1264 2051/1320/1264
f 2055/1321/1264 2051/1320/1264 2057/1321/1264
f 2055/1321/1313 2058/1244/1314 1648/1244/1314
f 2055/1321/1313 1648/1244/1314 2056/1321/1313
f 2058/1244/1315 2055/1321/1315 2057/1321/1315
f 2058/1244/1315 2057/1321/1315 1649/1244/1315
f 2058/1244/1302 2059/1243/1302 1642/1243/1302
f 2058/1244/1302 1642/1243/1302 1648/1244/1302
f 2059/1243/1312 2058/1244/1312 1649/1244/1312
f 2059/1243/1312 1649/1244/1312 1643/1243/1312
f 2059/1243/1129 2054/1320/1129 2050/1320/1129
f 2059/1243/1129 2050/1320/1129 1642/1243/1130
f 2054/1320/1131 2059/1243/1131 1643/1243/1131
f 2054/1320/1131 1643/1243/1131 2051/1320/1131
f 2060/1321/1261 2061/1322/1261 2062/1322/1261
f 2060/1321/1261 2062/1322/1261 2056/1321/1261
f 2061/1322/1264 2060/1321/1264 2057/1321/1264
f 2061/1322/1264 2057/1321/1264 2063/1322/1264
f 2061/1322/1313 2064/1245/1314 1654/1245/1314
f 2061/1322/1313 1654/1245/1314 2062/1322/1313
f 2064/1245/1315 2061/1322/1315 2063/1322/1315
f 2064/1245/1315 2063/1322/1315 1655/1245/1315
f 2064/1245/1302 2065/1244/1302 1648/1244/1302
f 2064/1245/1302 1648/1244/1302 1654/1245/1302
f 2065/1244/1312 2064/1245/1312 1655/1245/1312
f 2065/1244/1312 1655/1245/1312 1649/1244/1312
f 2065/1244/1129 2060/1321/1129 2056/1321/1129
f 2065/1244/1129 2056/1321/1129 1648/1244/1130
f 2060/1321/1131 2065/1244/1131 1649/1244/1131
f 2060/1321/1131 1649/1244/1131 2057/1321/1131
f 2066/1322/1261 2067/1323/1261 2068/1323/1261
f 2066/1322/1261 2068/1323/1261 2062/1322/1261
f 2067/1323/1264 2066/1322/1264 2063/1322/1264
f 2067/1323/1264 2063/1322/1264 2069/1323/1264
f 2067/1323/1313 2070/1246/1314 1660/1246/1314
f 2067/1323/1313 1660/1246/1314 2068/1323/1313
f 2070/1246/1315 2067/1323/1315 2069/1323/1315
f 2070/1246/1315 2069/1323/1315 1661/1246/1315
f 2070/1246/1302 2071/1245/1302 1654/1245/1302
f 2070/1246/1302 1654/1245/1302 1660/1246/1302
f 2071/1245/1312 2070/1246/1312 1661/1246/1312
f 2071/1245/1312 1661/1246/1312 1655/1245/1312
f 2071/1245/1129 2066/1322/1129 2062/1322/1129
f 2071/1245/1129 2062/1322/1129 1654/1245/1130
f 2066/1322/1131 2071/1245/1131 1655/1245/1131
f 2066/1322/1131 1655/1245/1131 2063/1322/1131
f 2072/1323/1261 2073/1123/1261 1134/1123/1261
f 2072/1323/1261 1134/1123/1261 2068/1323/1261
f 2073/1123/1264 2072/1323/1264 2069/1323/1264
f 2073/1123/1264 2069/1323/1264 1135/1123/1264
f 2073/1123/1313 2074/1125/1314 1141/1125/1314
f 2073/1123/1313 1141/1125/1314 1134/1123/1313
f 2074/1125/1315 2073/1123/1315 1135/1123/1315
f 2074/1125/1315 1135/1123/1315 1142/1125/1315
f 2074/1125/1302 2075/1246/1302 1660/1246/1302
f 2074/1125/1302 1660/1246/1302 1141/1125/1302
f 2075/1246/1312 2074/1125/1312 1142/1125/1312
f 2075/1246/1312 1142/1125/1312 1661/1246/1312
f 2075/1246/1129 2072/1323/1129 2068/1323/1129
f 2075/1246/1129 2068/1323/1129 1660/1246/1130
f 2072/1323/1131 2075/1246/1131 1661/1246/1131
f 2072/1323/1131 1661/1246/1131 2069/1323/1131
f 2076/1324/1266 2077/1325/1266 2078/1325/1266
f 2076/1324/1266 2078/1325/1266 2079/1324/1266
f 2077/1325/1280 2076/1324/1280 2080/1324/1280
f 2077/1325/1280 2080/1324/1280 2081/1325/1280
f 2077/1325/1316 2082/1326/1316 2083/1326/1316
f 2077/1325/1316 2083/1326/1316 2078/1325/1317
f 2082/1326/1318 2077/1325/1318 2081/1325/1318
f 2082/1326/1318 2081/1325/1318 2084/1326/1318
f 2082/1326/1260 2085/1327/1260 2086/1327/1260
f 2082/1326/1260 2086/1327/1260 2083/1326/1260
f 2085/1327/1263 2082/1326/1263 2084/1326/1263
f 2085/1327/1263 2084/1326/1263 2087/1327/1263
f 2085/1327/1319 2076/1324/1320 2079/1324/1320
f 2085/1327/1319 2079/1324/1320 2086/1327/1319
f 2076/1324/1321 2085/1327/1321 2087/1327/1321
f 2076/1324/1321 2087/1327/1321 2080/1324/1321
f 2088/1327/1261 2089/1326/1261 2083/1326/1261
f 2088/1327/1261 2083/1326/1261 2086/1327/1261
f 2089/1326/1264 2088/1327/1264 2087/1327/1264
f 2089/1326/1264 2087/1327/1264 2084/1326/1264
f 2089/1326/1322 2090/1328/1322 2091/1328/1322
f 2089/1326/1322 2091/1328/1322 2083/1326/1322
f 2090/1328/1323 2089/1326/1323 2084/1326/1323
f 2090/1328/1323 2084/1326/1323 2092/1328/1323
f 2090/1328/1260 2093/1329/1260 2094/1329/1260
f 2090/1328/1260 2094/1329/1260 2091/1328/1260
f 2093/1329/1263 2090/1328/1263 2092/1328/1263
f 2093/1329/1263 2092/1328/1263 2095/1329/1263
f 2093/1329/1324 2088/1327/1324 2086/1327/1324
f 2093/1329/1324 2086/1327/1324 2094/1329/1324
f 2088/1327/1325 2093/1329/1325 2095/1329/1325
f 2088/1327/1325 2095/1329/1325 2087/1327/1325
f 2096/1329/1261 2097/1328/1261 2091/1328/1261
f 2096/1329/1261 2091/1328/1261 2094/1329/1261
f 2097/1328/1264 2096/1329/1264 2095/1329/1264
f 2097/1328/1264 2095/1329/1264 2092/1328/1264
f 2097/1328/1322 2098/1330/1322 2099/1330/1322
f 2097/1328/1322 2099/1330/1322 2091/1328/1322
f 2098/1330/1323 2097/1328/1323 2092/1328/1323
f 2098/1330/1323 2092/1328/1323 2100/1330/1323
f 2098/1330/1260 2101/1331/1260 2102/1331/1260
f 2098/1330/1260 2102/1331/1260 2099/1330/1260
f 2101/1331/1263 2098/1330/1263 2100/1330/1263
f 2101/1331/1263 2100/1330/1263 2103/1331/1263
f 2101/1331/1324 2096/1329/1324 2094/1329/1324
f 2101/1331/1324 2094/1329/1324 2102/1331/1324
f 2096/1329/1325 2101/1331/1325 2103/1331/1325
f 2096/1329/1325 2103/1331/1325 2095/1329/1325
f 2104/1331/1261 2105/1330/1261 2099/1330/1261
f 2104/1331/1261 2099/1330/1261 2102/1331/1261
f 2105/1330/1264 2104/1331/1264 2103/1331/1264
f 2105/1330/1264 2103/1331/1264 2100/1330/1264
f 2105/1330/1322 2106/1123/1322 1134/1123/1322
f 2105/1330/1322 1134/1123/1322 2099/1330/1322
f 2106/1123/1323 2105/1330/1323 2100/1330/1323
f 2106/1123/1323 2100/1330/1323 1135/1123/1323
f 2106/1123/1260 2107/1323/1260 2068/1323/1260
f 2106/1123/1260 2068/1323/1260 1134/1123/1260
f 2107/1323/1263 2106/1123/1263 1135/1123/1263
f 2107/1323/1263 1135/1123/1263 2069/1323/1263
f 2107/1323/1324 2104/1331/1324 2102/1331/1324
f 2107/1323/1324 2102/1331/1324 2068/1323/1324
f 2104/1331/1325 2107/1323/1325 2069/1323/1325
f 2104/1331/1325 2069/1323/1325 2103/1331/1325
f 2108/1332/1266 2109/1324/1266 2079/1324/1266
f 2108/1332/1266 2079/1324/1266 2110/1332/1266
f 2109/1324/1280 2108/1332/1280 2111/1332/1280
f 2109/1324/1280 2111/1332/1280 2080/1324/1280
f 2109/1324/1316 2112/1327/1316 2086/1327/1316
f 2109/1324/1316 2086/1327/1316 2079/1324/1317
f 2112/1327/1318 2109/1324/1318 2080/1324/1318
f 2112/1327/1318 2080/1324/1318 2087/1327/1318
f 2112/1327/1260 2113/1333/1260 2114/1333/1260
f 2112/1327/1260 2114/1333/1260 2086/1327/1260
f 2113/1333/1263 2112/1327/1263 2087/1327/1263
f 2113/1333/1263 2087/1327/1263 2115/1333/1263
f 2113/1333/1319 2108/1332/1320 2110/1332/1320
f 2113/1333/1319 2110/1332/1320 2114/1333/1319
f 2108/1332/1321 2113/1333/1321 2115/1333/1321
f 2108/1332/1321 2115/1333/1321 2111/1332/1321
f 2116/1333/1261 2117/1327/1261 2086/1327/1261
f 2116/1333/1261 2086/1327/1261 2114/1333/1261
f 2117/1327/1264 2116/1333/1264 2115/1333/1264
f 2117/1327/1264 2115/1333/1264 2087/1327/1264
f 2117/1327/1322 2118/1329/1322 2094/1329/1322
f 2117/1327/1322 2094/1329/1322 2086/1327/1322
f 2118/1329/1323 2117/1327/1323 2087/1327/1323
f 2118/1329/1323 2087/1327/1323 2095/1329/1323
f 2118/1329/1260 2119/1334/1260 2120/1334/1260
f 2118/1329/1260 2120/1334/1260 2094/1329/1260
f 2119/1334/1263 2118/1329/1263 2095/1329/1263
f 2119/1334/1263 2095/1329/1263 2121/1334/1263
f 2119/1334/1324 2116/1333/1324 2114/1333/1324
f 2119/1334/1324 2114/1333/1324 2120/1334/1324
f 2116/1333/1325 2119/1334/1325 2121/1334/1325
f 2116/1333/1325 2121/1334/1325 2115/1333/1325
f 2122/1334/1261 2123/1329/1261 2094/1329/1261
f 2122/1334/1261 2094/1329/1261 2120/1334/1261
f 2123/1329/1264 2122/1334/1264 2121/1334/1264
f 2123/1329/1264 2121/1334/1264 2095/1329/1264
f 2123/1329/1322 2124/1331/1322 2102/1331/1322
f 2123/1329/1322 2102/1331/1322 2094/1329/1322
f 2124/1331/1323 2123/1329/1323 2095/1329/1323
f 2124/1331/1323 2095/1329/1323 2103/1331/1323
f 2124/1331/1260 2125/1335/1260 2126/1335/1260
f 2124/1331/1260 2126/1335/1260 2102/1331/1260
f 2125/1335/1263 2124/1331/1263 2103/1331/1263
f 2125/1335/1263 2103/1331/1263 2127/1335/1263
f 2125/1335/1324 2122/1334/1324 2120/1334/1324
f 2125/1335/1324 2120/1334/1324 2126/1335/1324
f 2122/1334/1325 2125/1335/1325 2127/1335/1325
f 2122/1334/1325 2127/1335/1325 2121/1334/1325
f 2128/1335/1261 2129/1331/1261 2102/1331/1261
f 2128/1335/1261 2102/1331/1261 2126/1335/1261
f 2129/1331/1264 2128/1335/1264 2127/1335/1264
f 2129/1331/1264 2127/1335/1264 2103/1331/1264
f 2129/1331/1322 2130/1323/1322 2068/1323/1322
f 2129/1331/1322 2068/1323/1322 2102/1331/1322
f 2130/1323/1323 2129/1331/1323 2103/1331/1323
f 2130/1323/1323 2103/1331/1323 2069/1323/1323
f 2130/1323/1260 2131/1322/1260 2062/1322/1260
f 2130/1323/1260 2062/1322/1260 2068/1323/1260
f 2131/1322/1263 2130/1323/1263 2069/1323/1263
f 2131/1322/1263 2069/1323/1263 2063/1322/1263
f 2131/1322/1324 2128/1335/1324 2126/1335/1324
f 2131/1322/1324 2126/1335/1324 2062/1322/1324
f 2128/1335/1325 2131/1322/1325 2063/1322/1325
f 2128/1335/1325 2063/1322/1325 2127/1335/1325
f 2132/1336/1266 2133/1332/1266 2110/1332/1266
f 2132/1336/1266 2110/1332/1266 2134/1336/1266
f 2133/1332/1280 2132/1336/1280 2135/1336/1280
f 2133/1332/1280 2135/1336/1280 2111/1332/1280
f 2133/1332/1316 2136/1333/1316 2114/1333/1316
f 2133/1332/1316 2114/1333/1316 2110/1332/1317
f 2136/1333/1318 2133/1332/1318 2111/1332/1318
f 2136/1333/1318 2111/1332/1318 2115/1333/1318
f 2136/1333/1260 2137/1337/1260 2138/1337/1260
f 2136/1333/1260 2138/1337/1260 2114/1333/1260
f 2137/1337/1263 2136/1333/1263 2115/1333/1263
f 2137/1337/1263 2115/1333/1263 2139/1337/1263
f 2137/1337/1319 2132/1336/1320 2134/1336/1320
f 2137/1337/1319 2134/1336/1320 2138/1337/1319
f 2132/1336/1321 2137/1337/1321 2139/1337/1321
f 2132/1336/1321 2139/1337/1321 2135/1336/1321
f 2140/1337/1261 2141/1333/1261 2114/1333/1261
f 2140/1337/1261 2114/1333/1261 2138/1337/1261
f 2141/1333/1264 2140/1337/1264 2139/1337/1264
f 2141/1333/1264 2139/1337/1264 2115/1333/1264
f 2141/1333/1322 2142/1334/1322 2120/1334/1322
f 2141/1333/1322 2120/1334/1322 2114/1333/1322
f 2142/1334/1323 2141/1333/1323 2115/1333/1323
f 2142/1334/1323 2115/1333/1323 2121/1334/1323
f 2142/1334/1260 2143/1338/1260 2144/1338/1260
f 2142/1334/1260 2144/1338/1260 2120/1334/1260
f 2143/1338/1263 2142/1334/1263 2121/1334/1263
f 2143/1338/1263 2121/1334/1263 2145/1338/1263
f 2143/1338/1324 2140/1337/1324 2138/1337/1324
f 2143/1338/1324 2138/1337/1324 2144/1338/1324
f 2140/1337/1325 2143/1338/1325 2145/1338/1325
f 2140/1337/1325 2145/1338/1325 2139/1337/1325
f 2146/1338/1261 2147/1334/1261 2120/1334/1261
f 2146/1338/1261 2120/1334/1261 2144/1338/1261
f 2147/1334/1264 2146/1338/1264 2145/1338/1264
f 2147/1334/1264 2145/1338/1264 2121/1334/1264
f 2147/1334/1322 2148/1335/1322 2126/1335/1322
f 2147/1334/1322 2126/1335/1322 2120/1334/1322
f 2148/1335/1323 2147/1334/1323 2121/1334/1323
f 2148/1335/1323 2121/1334/1323 2127/1335/1323
f 2148/1335/1260 2149/1339/1260 2150/1339/1260
f 2148/1335/1260 2150/1339/1260 2126/1335/1260
f 2149/1339/1263 2148/1335/1263 2127/1335/1263
f 2149/1339/1263 2127/1335/1263 2151/1339/1263
f 2149/1339/1324 2146/1338/1324 2144/1338/1324
f 2149/1339/1324 2144/1338/1324 2150/1339/1324
f 2146/1338/1325 2149/1339/1325 2151/1339/1325
f 2146/1338/1325 2151/1339/1325 2145/1338/1325
f 2152/1339/1261 2153/1335/1261 2126/1335/1261
f 2152/1339/1261 2126/1335/1261 2150/1339/1261
f 2153/1335/1264 2152/1339/1264 2151/1339/1264
f 2153/1335/1264 2151/1339/1264 2127/1335/1264
f 2153/1335/1322 2154/1322/1322 2062/1322/1322
f 2153/1335/1322 2062/1322/1322 2126/1335/1322
f 2154/1322/1323 2153/1335/1323 2127/1335/1323
f 2154/1322/1323 2127/1335/1323 2063/1322/1323
f 2154/1322/1260 2155/1321/1260 2056/1321/1260
f 2154/1322/1260 2056/1321/1260 2062/1322/1260
f 2155/1321/1263 2154/1322/1263 2063/1322/1263
f 2155/1321/1263 2063/1322/1263 2057/1321/1263
f 2155/1321/1324 2152/1339/1324 2150/1339/1324
f 2155/1321/1324 2150/1339/1324 2056/1321/1324
f 2152/1339/1325 2155/1321/1325 2057/1321/1325
f 2152/1339/1325 2057/1321/1325 2151/1339/1325
f 2156/1340/1266 2157/1336/1266 2134/1336/1266
f 2156/1340/1266 2134/1336/1266 2158/1340/1266
f 2157/1336/1280 2156/1340/1280 2159/1340/1280
f 2157/1336/1280 2159/1340/1280 2135/1336/1280
f 2157/1336/1316 2160/1337/1316 2138/1337/1316
f 2157/1336/1316 2138/1337/1316 2134/1336/1317
f 2160/1337/1318 2157/1336/1318 2135/1336/1318
f 2160/1337/1318 2135/1336/1318 2139/1337/1318
f 2160/1337/1260 2161/1341/1260 2162/1341/1260
f 2160/1337/1260 2162/1341/1260 2138/1337/1260
f 2161/1341/1263 2160/1337/1263 2139/1337/1263
f 2161/1341/1263 2139/1337/1263 2163/1341/1263
f 2161/1341/1319 2156/1340/1320 2158/1340/1320
f 2161/1341/1319 2158/1340/1320 2162/1341/1319
f 2156/1340/1321 2161/1341/1321 2163/1341/1321
f 2156/1340/1321 2163/1341/1321 2159/1340/1321
f 2164/1341/1261 2165/1337/1261 2138/1337/1261
f 2164/1341/1261 2138/1337/1261 2162/1341/1261
f 2165/1337/1264 2164/1341/1264 2163/1341/1264
f 2165/1337/1264 2163/1341/1264 2139/1337/1264
f 2165/1337/1322 2166/1338/1322 2144/1338/1322
f 2165/1337/1322 2144/1338/1322 2138/1337/1322
f 2166/1338/1323 2165/1337/1323 2139/1337/1323
f 2166/1338/1323 2139/1337/1323 2145/1338/1323
f 2166/1338/1260 2167/1342/1260 2168/1342/1260
f 2166/1338/1260 2168/1342/1260 2144/1338/1260
f 2167/1342/1263 2166/1338/1263 2145/1338/1263
f 2167/1342/1263 2145/1338/1263 2169/1342/1263
f 2167/1342/1324 2164/1341/1324 2162/1341/1324
f 2167/1342/1324 2162/1341/1324 2168/1342/1324
f 2164/1341/1325 2167/1342/1325 2169/1342/1325
f 2164/1341/1325 2169/1342/1325 2163/1341/1325
f 2170/1342/1261 2171/1338/1261 2144/1338/1261
f 2170/1342/1261 2144/1338/1261 2168/1342/1261
f 2171/1338/1264 2170/1342/1264 2169/1342/1264
f 2171/1338/1264 2169/1342/1264 2145/1338/1264
f 2171/1338/1322 2172/1339/1322 2150/1339/1322
f 2171/1338/1322 2150/1339/1322 2144/1338/1322
f 2172/1339/1323 2171/1338/1323 2145/1338/1323
f 2172/1339/1323 2145/1338/1323 2151/1339/1323
f 2172/1339/1260 2173/1343/1260 2174/1343/1260
f 2172/1339/1260 2174/1343/1260 2150/1339/1260
f 2173/1343/1263 2172/1339/1263 2151/1339/1263
f 2173/1343/1263 2151/1339/1263 2175/1343/1263
f 2173/1343/1324 2170/1342/1324 2168/1342/1324
f 2173/1343/1324 2168/1342/1324 2174/1343/1324
f 2170/1342/1325 2173/1343/1325 2175/1343/1325
f 2170/1342/1325 2175/1343/1325 2169/1342/1325
f 2176/1343/1261 2177/1339/1261 2150/1339/1261
f 2176/1343/1261 2150/1339/1261 2174/1343/1261
f 2177/1339/1264 2176/1343/1264 2175/1343/1264
f 2177/1339/1264 2175/1343/1264 2151/1339/1264
f 2177/1339/1322 2178/1321/1322 2056/1321/1322
f 2177/1339/1322 2056/1321/1322 2150/1339/1322
f 2178/1321/1323 2177/1339/1323 2151/1339/1323
f 2178/1321/1323 2151/1339/1323 2057/1321/1323
f 2178/1321/1260 2179/1320/1260 2050/1320/1260
f 2178/1321/1260 2050/1320/1260 2056/1321/1260
f 2179/1320/1263 2178/1321/1263 2057/1321/1263
f 2179/1320/1263 2057/1321/1263 2051/1320/1263
f 2179/1320/1324 2176/1343/1324 2174/1343/1324
f 2179/1320/1324 2174/1343/1324 2050/1320/1324
f 2176/1343/1325 2179/1320/1325 2051/1320/1325
f 2176/1343/1325 2051/1320/1325 2175/1343/1325
f 2180/1344/1266 2181/1340/1266 2158/1340/1266
f 2180/1344/1266 2158/1340/1266 2182/1344/1266
f 2181/1340/1280 2180/1344/1280 2183/1344/1280
f 2181/1340/1280 2183/1344/1280 2159/1340/1280
f 2181/1340/1316 2184/1341/1316 2162/1341/1316
f 2181/1340/1316 2162/1341/1316 2158/1340/1317
f 2184/1341/1318 2181/1340/1318 2159/1340/1318
f 2184/1341/1318 2159/1340/1318 2163/1341/1318
f 2184/1341/1260 2185/1345/1260 2186/1345/1260
f 2184/1341/1260 2186/1345/1260 2162/1341/1260
f 2185/1345/1263 2184/1341/1263 2163/1341/1263
f 2185/1345/1263 2163/1341/1263 2187/1345/1263
f 2185/1345/1319 2180/1344/1320 2182/1344/1320
f 2185/1345/1319 2182/1344/1320 2186/1345/1319
f 2180/1344/1321 2185/1345/1321 2187/1345/1321
f 2180/1344/1321 2187/1345/1321 2183/1344/1321
f 2188/1345/1261 2189/1341/1261 2162/1341/1261
f 2188/1345/1261 2162/1341/1261 2186/1345/1261
f 2189/1341/1264 2188/1345/1264 2187/1345/1264
f 2189/1341/1264 2187/1345/1264 2163/1341/1264
f 2189/1341/1322 2190/1342/1322 2168/1342/1322
f 2189/1341/1322 2168/1342/1322 2162/1341/1322
f 2190/1342/1323 2189/1341/1323 2163/1341/1323
f 2190/1342/1323 2163/1341/1323 2169/1342/1323
f 2190/1342/1260 2191/1346/1260 2192/1346/1260
f 2190/1342/1260 2192/1346/1260 2168/1342/1260
f 2191/1346/1263 2190/1342/1263 2169/1342/1263
f 2191/1346/1263 2169/1342/1263 2193/1346/1263
f 2191/1346/1324 2188/1345/1324 2186/1345/1324
f 2191/1346/1324 2186/1345/1324 2192/1346/1324
f 2188/1345/1325 2191/1346/1325 2193/1346/1325
f 2188/1345/1325 2193/1346/1325 2187/1345/1325
f 2194/1346/1261 2195/1342/1261 2168/1342/1261
f 2194/1346/1261 2168/1342/1261 2192/1346/1261
f 2195/1342/1264 2194/1346/1264 2193/1346/1264
f 2195/1342/1264 2193/1346/1264 2169/1342/1264
f 2195/1342/1322 2196/1343/1322 2174/1343/1322
f 2195/1342/1322 2174/1343/1322 2168/1342/1322
f 2196/1343/1323 2195/1342/1323 2169/1342/1323
f 2196/1343/1323 2169/1342/1323 2175/1343/1323
f 2196/1343/1260 2197/1347/1260 2198/1347/1260
f 2196/1343/1260 2198/1347/1260 2174/1343/1260
f 2197/1347/1263 2196/1343/1263 2175/1343/1263
f 2197/1347/1263 2175/1343/1263 2199/1347/1263
f 2197/1347/1324 2194/1346/1324 2192/1346/1324
f 2197/1347/1324 2192/1346/1324 2198/1347/1324
f 2194/1346/1325 2197/1347/1325 2199/1347/1325
f 2194/1346/1325 2199/1347/1325 2193/1346/1325
f 2200/1347/1261 2201/1343/1261 2174/1343/1261
f 2200/1347/1261 2174/1343/1261 2198/1347/1261
f 2201/1343/1264 2200/1347/1264 2199/1347/1264
f 2201/1343/1264 2199/1347/1264 2175/1343/1264
f 2201/1343/1322 2202/1320/1322 2050/1320/1322
f 2201/1343/1322 2050/1320/1322 2174/1343/1322
f 2202/1320/1323 2201/1343/1323 2175/1343/1323
f 2202/1320/1323 2175/1343/1323 2051/1320/1323
f 2202/1320/1260 2203/1319/1260 2042/1319/1260
f 2202/1320/1260 2042/1319/1260 2050/1320/1260
f 2203/1319/1263 2202/1320/1263 2051/1320/1263
f 2203/1319/1263 2051/1320/1263 2045/1319/1263
f 2203/1319/1324 2200/1347/1324 2198/1347/1324
f 2203/1319/1324 2198/1347/1324 2042/1319/1324
f 2200/1347/1325 2203/1319/1325 2045/1319/1325
f 2200/1347/1325 2045/1319/1325 2199/1347/1325
f 2204/1114/1326 2205/1344/1327 2182/1344/1327
f 2204/1114/1326 2182/1344/1327 2206/1114/1326
f 2205/1344/1328 2204/1114/1329 2207/1114/1328
f 2205/1344/1328 2207/1114/1328 2183/1344/1329
f 2205/1344/1316 2208/1345/1316 2186/1345/1316
f 2205/1344/1316 2186/1345/1316 2182/1344/1317
f 2208/1345/1318 2205/1344/1318 2183/1344/1318
f 2208/1345/1318 2183/1344/1318 2187/1345/1318
f 2208/1345/1330 2209/1348/1331 2210/1348/1330
f 2208/1345/1330 2210/1348/1330 2186/1345/1330
f 2209/1348/1332 2208/1345/1332 2187/1345/1332
f 2209/1348/1332 2187/1345/1332 2211/1348/1332
f 2209/1348/1333 2204/1114/1333 2206/1114/1333
f 2209/1348/1333 2206/1114/1333 2210/1348/1333
f 2204/1114/1334 2209/1348/1335 2211/1348/1335
f 2204/1114/1334 2211/1348/1335 2207/1114/1334
f 2212/1348/1336 2213/1345/1336 2186/1345/1336
f 2212/1348/1336 2186/1345/1336 2210/1348/1336
f 2213/1345/1337 2212/1348/1337 2211/1348/1337
f 2213/1345/1337 2211/1348/1337 2187/1345/1337
f 2213/1345/1322 2214/1346/1322 2192/1346/1322
f 2213/1345/1322 2192/1346/1322 2186/1345/1322
f 2214/1346/1323 2213/1345/1323 2187/1345/1323
f 2214/1346/1323 2187/1345/1323 2193/1346/1323
f 2214/1346/1260 2215/1349/1260 2216/1349/1260
f 2214/1346/1260 2216/1349/1260 2192/1346/1260
f 2215/1349/1263 2214/1346/1263 2193/1346/1263
f 2215/1349/1263 2193/1346/1263 2217/1349/1263
f 2215/1349/1338 2212/1348/1339 2210/1348/1339
f 2215/1349/1338 2210/1348/1339 2216/1349/1339
f 2212/1348/1340 2215/1349/1341 2217/1349/1342
f 2212/1348/1340 2217/1349/1342 2211/1348/1343
f 2218/1349/1261 2219/1346/1261 2192/1346/1261
f 2218/1349/1261 2192/1346/1261 2216/1349/1261
f 2219/1346/1264 2218/1349/1264 2217/1349/1264
f 2219/1346/1264 2217/1349/1264 2193/1346/1264
f 2219/1346/1322 2220/1347/1322 2198/1347/1322
f 2219/1346/1322 2198/1347/1322 2192/1346/1322
f 2220/1347/1323 2219/1346/1323 2193/1346/1323
f 2220/1347/1323 2193/1346/1323 2199/1347/1323
f 2220/1347/1260 2221/1350/1260 2222/1350/1260
f 2220/1347/1260 2222/1350/1260 2198/1347/1260
f 2221/1350/1263 2220/1347/1263 2199/1347/1263
f 2221/1350/1263 2199/1347/1263 2223/1350/1263
f 2221/1350/1324 2218/1349/1324 2216/1349/1324
f 2221/1350/1324 2216/1349/1324 2222/1350/1324
f 2218/1349/1325 2221/1350/1325 2223/1350/1325
f 2218/1349/1325 2223/1350/1325 2217/1349/1325
f 2224/1350/1261 2225/1347/1261 2198/1347/1261
f 2224/1350/1261 2198/1347/1261 2222/1350/1261
f 2225/1347/1264 2224/1350/1264 2223/1350/1264
f 2225/1347/1264 2223/1350/1264 2199/1347/1264
f 2225/1347/1322 2226/1319/1322 2042/1319/1322
f 2225/1347/1322 2042/1319/1322 2198/1347/1322
f 2226/1319/1323 2225/1347/1323 2199/1347/1323
f 2226/1319/1323 2199/1347/1323 2045/1319/1323
f 2226/1319/1260 2227/1318/1260 2043/1318/1260
f 2226/1319/1260 2043/1318/1260 2042/1319/1260
f 2227/1318/1263 2226/1319/1263 2045/1319/1263
f 2227/1318/1263 2045/1319/1263 2044/1318/1263
f 2227/1318/1324 2224/1350/1324 2222/1350/1324
f 2227/1318/1324 2222/1350/1324 2043/1318/1324
f 2224/1350/1325 2227/1318/1325 2044/1318/1325
f 2224/1350/1325 2044/1318/1325 2223/1350/1325
f 2228/1317/1281 2229/1128/1281 1153/1128/1281
f 2228/1317/1281 1153/1128/1281 2033/1317/1281
f 2229/1128/1265 2228/1317/1265 2034/1317/1265
f 2229/1128/1265 2034/1317/1265 1154/1128/1265
f 2229/1128/1344 2230/1351/1344 2231/1351/1344
f 2229/1128/1344 2231/1351/1344 1153/1128/1345
f 2230/1351/1346 2229/1128/1346 1154/1128/1346
f 2230/1351/1346 1154/1128/1346 2232/1351/1346
f 2230/1351/1264 2233/1352/1264 2234/1352/1264
f 2230/1351/1264 2234/1352/1264 2231/1351/1264
f 2233/1352/1261 2230/1351/1261 2232/1351/1261
f 2233/1352/1261 2232/1351/1261 2235/1352/1261
f 2233/1352/1347 2228/1317/1348 2033/1317/1348
f 2233/1352/1347 2033/1317/1348 2234/1352/1347
f 2228/1317/1349 2233/1352/1349 2235/1352/1349
f 2228/1317/1349 2235/1352/1349 2034/1317/1349
f 2236/1352/1263 2237/1351/1263 2231/1351/1263
f 2236/1352/1263 2231/1351/1263 2234/1352/1263
f 2237/1351/1260 2236/1352/1260 2235/1352/1260
f 2237/1351/1260 2235/1352/1260 2232/1351/1260
f 2237/1351/1323 2238/1353/1323 2239/1353/1323
f 2237/1351/1323 2239/1353/1323 2231/1351/1323
f 2238/1353/1322 2237/1351/1322 2232/1351/1322
f 2238/1353/1322 2232/1351/1322 2240/1353/1322
f 2238/1353/1264 2241/1354/1264 2242/1354/1264
f 2238/1353/1264 2242/1354/1264 2239/1353/1264
f 2241/1354/1261 2238/1353/1261 2240/1353/1261
f 2241/1354/1261 2240/1353/1261 2243/1354/1261
f 2241/1354/1325 2236/1352/1325 2234/1352/1325
f 2241/1354/1325 2234/1352/1325 2242/1354/1325
f 2236/1352/1324 2241/1354/1324 2243/1354/1324
f 2236/1352/1324 2243/1354/1324 2235/1352/1324
f 2244/1354/1263 2245/1353/1263 2239/1353/1263
f 2244/1354/1263 2239/1353/1263 2242/1354/1263
f 2245/1353/1260 2244/1354/1260 2243/1354/1260
f 2245/1353/1260 2243/1354/1260 2240/1353/1260
f 2245/1353/1323 2246/1355/1323 2247/1355/1323
f 2245/1353/1323 2247/1355/1323 2239/1353/1323
f 2246/1355/1322 2245/1353/1322 2240/1353/1322
f 2246/1355/1322 2240/1353/1322 2248/1355/1322
f 2246/1355/1264 2249/1356/1264 2250/1356/1264
f 2246/1355/1264 2250/1356/1264 2247/1355/1264
f 2249/1356/1261 2246/1355/1261 2248/1355/1261
f 2249/1356/1261 2248/1355/1261 2251/1356/1261
f 2249/1356/1325 2244/1354/1325 2242/1354/1325
f 2249/1356/1325 2242/1354/1325 2250/1356/1325
f 2244/1354/1324 2249/1356/1324 2251/1356/1324
f 2244/1354/1324 2251/1356/1324 2243/1354/1324
f 2252/1356/1263 2253/1355/1263 2247/1355/1263
f 2252/1356/1263 2247/1355/1263 2250/1356/1263
f 2253/1355/1260 2252/1356/1260 2251/1356/1260
f 2253/1355/1260 2251/1356/1260 2248/1355/1260
f 2253/1355/1323 2254/1129/1323 1158/1129/1323
f 2253/1355/1323 1158/1129/1323 2247/1355/1323
f 2254/1129/1322 2253/1355/1322 2248/1355/1322
f 2254/1129/1322 2248/1355/1322 1159/1129/1322
f 2254/1129/1264 2255/1312/1264 1996/1312/1264
f 2254/1129/1264 1996/1312/1264 1158/1129/1264
f 2255/1312/1261 2254/1129/1261 1159/1129/1261
f 2255/1312/1261 1159/1129/1261 1997/1312/1261
f 2255/1312/1325 2252/1356/1325 2250/1356/1325
f 2255/1312/1325 2250/1356/1325 1996/1312/1325
f 2252/1356/1324 2255/1312/1324 1997/1312/1324
f 2252/1356/1324 1997/1312/1324 2251/1356/1324
f 2256/1316/1281 2257/1317/1281 2033/1317/1281
f 2256/1316/1281 2033/1317/1281 2027/1316/1281
f 2257/1317/1265 2256/1316/1265 2028/1316/1265
f 2257/1317/1265 2028/1316/1265 2034/1317/1265
f 2257/1317/1344 2258/1352/1344 2234/1352/1344
f 2257/1317/1344 2234/1352/1344 2033/1317/1345
f 2258/1352/1346 2257/1317/1346 2034/1317/1346
f 2258/1352/1346 2034/1317/1346 2235/1352/1346
f 2258/1352/1264 2259/1357/1264 2260/1357/1264
f 2258/1352/1264 2260/1357/1264 2234/1352/1264
f 2259/1357/1261 2258/1352/1261 2235/1352/1261
f 2259/1357/1261 2235/1352/1261 2261/1357/1261
f 2259/1357/1347 2256/1316/1348 2027/1316/1348
f 2259/1357/1347 2027/1316/1348 2260/1357/1347
f 2256/1316/1349 2259/1357/1349 2261/1357/1349
f 2256/1316/1349 2261/1357/1349 2028/1316/1349
f 2262/1357/1263 2263/1352/1263 2234/1352/1263
f 2262/1357/1263 2234/1352/1263 2260/1357/1263
f 2263/1352/1260 2262/1357/1260 2261/1357/1260
f 2263/1352/1260 2261/1357/1260 2235/1352/1260
f 2263/1352/1323 2264/1354/1323 2242/1354/1323
f 2263/1352/1323 2242/1354/1323 2234/1352/1323
f 2264/1354/1322 2263/1352/1322 2235/1352/1322
f 2264/1354/1322 2235/1352/1322 2243/1354/1322
f 2264/1354/1264 2265/1358/1264 2266/1358/1264
f 2264/1354/1264 2266/1358/1264 2242/1354/1264
f 2265/1358/1261 2264/1354/1261 2243/1354/1261
f 2265/1358/1261 2243/1354/1261 2267/1358/1261
f 2265/1358/1325 2262/1357/1325 2260/1357/1325
f 2265/1358/1325 2260/1357/1325 2266/1358/1325
f 2262/1357/1324 2265/1358/1324 2267/1358/1324
f 2262/1357/1324 2267/1358/1324 2261/1357/1324
f 2268/1358/1263 2269/1354/1263 2242/1354/1263
f 2268/1358/1263 2242/1354/1263 2266/1358/1263
f 2269/1354/1260 2268/1358/1260 2267/1358/1260
f 2269/1354/1260 2267/1358/1260 2243/1354/1260
f 2269/1354/1323 2270/1356/1323 2250/1356/1323
f 2269/1354/1323 2250/1356/1323 2242/1354/1323
f 2270/1356/1322 2269/1354/1322 2243/1354/1322
f 2270/1356/1322 2243/1354/1322 2251/1356/1322
f 2270/1356/1264 2271/1359/1264 2272/1359/1264
f 2270/1356/1264 2272/1359/1264 2250/1356/1264
f 2271/1359/1261 2270/1356/1261 2251/1356/1261
f 2271/1359/1261 2251/1356/1261 2273/1359/1261
f 2271/1359/1325 2268/1358/1325 2266/1358/1325
f 2271/1359/1325 2266/1358/1325 2272/1359/1325
f 2268/1358/1324 2271/1359/1324 2273/1359/1324
f 2268/1358/1324 2273/1359/1324 2267/1358/1324
f 2274/1359/1263 2275/1356/1263 2250/1356/1263
f 2274/1359/1263 2250/1356/1263 2272/1359/1263
f 2275/1356/1260 2274/1359/1260 2273/1359/1260
f 2275/1356/1260 2273/1359/1260 2251/1356/1260
f 2275/1356/1323 2276/1312/1323 1996/1312/1323
f 2275/1356/1323 1996/1312/1323 2250/1356/1323
f 2276/1312/1322 2275/1356/1322 2251/1356/1322
f 2276/1312/1322 2251/1356/1322 1997/1312/1322
f 2276/1312/1264 2277/1311/1264 1990/1311/1264
f 2276/1312/1264 1990/1311/1264 1996/1312/1264
f 2277/1311/1261 2276/1312/1261 1997/1312/1261
f 2277/1311/1261 1997/1312/1261 1991/1311/1261
f 2277/1311/1325 2274/1359/1325 2272/1359/1325
f 2277/1311/1325 2272/1359/1325 1990/1311/1325
f 2274/1359/1324 2277/1311/1324 1991/1311/1324
f 2274/1359/1324 1991/1311/1324 2273/1359/1324
f 2278/1315/1281 2279/1316/1281 2027/1316/1281
f 2278/1315/1281 2027/1316/1281 2021/1315/1281
f 2279/1316/1265 2278/1315/1265 2022/1315/1265
f 2279/1316/1265 2022/1315/1265 2028/1316/1265
f 2279/1316/1344 2280/1357/1344 2260/1357/1344
f 2279/1316/1344 2260/1357/1344 2027/1316/1345
f 2280/1357/1346 2279/1316/1346 2028/1316/1346
f 2280/1357/1346 2028/1316/1346 2261/1357/1346
f 2280/1357/1264 2281/1360/1264 2282/1360/1264
f 2280/1357/1264 2282/1360/1264 2260/1357/1264
f 2281/1360/1261 2280/1357/1261 2261/1357/1261
f 2281/1360/1261 2261/1357/1261 2283/1360/1261
f 2281/1360/1347 2278/1315/1348 2021/1315/1348
f 2281/1360/1347 2021/1315/1348 2282/1360/1347
f 2278/1315/1349 2281/1360/1349 2283/1360/1349
f 2278/1315/1349 2283/1360/1349 2022/1315/1349
f 2284/1360/1263 2285/1357/1263 2260/1357/1263
f 2284/1360/1263 2260/1357/1263 2282/1360/1263
f 2285/1357/1260 2284/1360/1260 2283/1360/1260
f 2285/1357/1260 2283/1360/1260 2261/1357/1260
f 2285/1357/1323 2286/1358/1323 2266/1358/1323
f 2285/1357/1323 2266/1358/1323 2260/1357/1323
f 2286/1358/1322 2285/1357/1322 2261/1357/1322
f 2286/1358/1322 2261/1357/1322 2267/1358/1322
f 2286/1358/1264 2287/1361/1264 2288/1361/1264
f 2286/1358/1264 2288/1361/1264 2266/1358/1264
f 2287/1361/1261 2286/1358/1261 2267/1358/1261
f 2287/1361/1261 2267/1358/1261 2289/1361/1261
f 2287/1361/1325 2284/1360/1325 2282/1360/1325
f 2287/1361/1325 2282/1360/1325 2288/1361/1325
f 2284/1360/1324 2287/1361/1324 2289/1361/1324
f 2284/1360/1324 2289/1361/1324 2283/1360/1324
f 2290/1361/1263 2291/1358/1263 2266/1358/1263
f 2290/1361/1263 2266/1358/1263 2288/1361/1263
f 2291/1358/1260 2290/1361/1260 2289/1361/1260
f 2291/1358/1260 2289/1361/1260 2267/1358/1260
f 2291/1358/1323 2292/1359/1323 2272/1359/1323
f 2291/1358/1323 2272/1359/1323 2266/1358/1323
f 2292/1359/1322 2291/1358/1322 2267/1358/1322
f 2292/1359/1322 2267/1358/1322 2273/1359/1322
f 2292/1359/1264 2293/1362/1264 2294/1362/1264
f 2292/1359/1264 2294/1362/1264 2272/1359/1264
f 2293/1362/1261 2292/1359/1261 2273/1359/1261
f 2293/1362/1261 2273/1359/1261 2295/1362/1261
f 2293/1362/1325 2290/1361/1325 2288/1361/1325
f 2293/1362/1325 2288/1361/1325 2294/1362/1325
f 2290/1361/1324 2293/1362/1324 2295/1362/1324
f 2290/1361/1324 2295/1362/1324 2289/1361/1324
f 2296/1362/1263 2297/1359/1263 2272/1359/1263
f 2296/1362/1263 2272/1359/1263 2294/1362/1263
f 2297/1359/1260 2296/1362/1260 2295/1362/1260
f 2297/1359/1260 2295/1362/1260 2273/1359/1260
f 2297/1359/1323 2298/1311/1323 1990/1311/1323
f 2297/1359/1323 1990/1311/1323 2272/1359/1323
f 2298/1311/1322 2297/1359/1322 2273/1359/1322
f 2298/1311/1322 2273/1359/1322 1991/1311/1322
f 2298/1311/1264 2299/1310/1264 1984/1310/1264
f 2298/1311/1264 1984/1310/1264 1990/1311/1264
f 2299/1310/1261 2298/1311/1261 1991/1311/1261
f 2299/1310/1261 1991/1311/1261 1985/1310/1261
f 2299/1310/1325 2296/1362/1325 2294/1362/1325
f 2299/1310/1325 2294/1362/1325 1984/1310/1325
f 2296/1362/1324 2299/1310/1324 1985/1310/1324
f 2296/1362/1324 1985/1310/1324 2295/1362/1324
f 2300/1314/1281 2301/1315/1281 2021/1315/1281
f 2300/1314/1281 2021/1315/1281 2015/1314/1281
f 2301/1315/1265 2300/1314/1265 2016/1314/1265
f 2301/1315/1265 2016/1314/1265 2022/1315/1265
f 2301/1315/1344 2302/1360/1344 2282/1360/1344
f 2301/1315/1344 2282/1360/1344 2021/1315/1345
f 2302/1360/1346 2301/1315/1346 2022/1315/1346
f 2302/1360/1346 2022/1315/1346 2283/1360/1346
f 2302/1360/1264 2303/1363/1264 2304/1363/1264
f 2302/1360/1264 2304/1363/1264 2282/1360/1264
f 2303/1363/1261 2302/1360/1261 2283/1360/1261
f 2303/1363/1261 2283/1360/1261 2305/1363/1261
f 2303/1363/1347 2300/1314/1348 2015/1314/1348
f 2303/1363/1347 2015/1314/1348 2304/1363/1347
f 2300/1314/1349 2303/1363/1349 2305/1363/1349
f 2300/1314/1349 2305/1363/1349 2016/1314/1349
f 2306/1363/1263 2307/1360/1263 2282/1360/1263
f 2306/1363/1263 2282/1360/1263 2304/1363/1263
f 2307/1360/1260 2306/1363/1260 2305/1363/1260
f 2307/1360/1260 2305/1363/1260 2283/1360/1260
f 2307/1360/1323 2308/1361/1323 2288/1361/1323
f 2307/1360/1323 2288/1361/1323 2282/1360/1323
f 2308/1361/1322 2307/1360/1322 2283/1360/1322
f 2308/1361/1322 2283/1360/1322 2289/1361/1322
f 2308/1361/1264 2309/1364/1264 2310/1364/1264
f 2308/1361/1264 2310/1364/1264 2288/1361/1264
f 2309/1364/1261 2308/1361/1261 2289/1361/1261
f 2309/1364/1261 2289/1361/1261 2311/1364/1261
f 2309/1364/1325 2306/1363/1325 2304/1363/1325
f 2309/1364/1325 2304/1363/1325 2310/1364/1325
f 2306/1363/1324 2309/1364/1324 2311/1364/1324
f 2306/1363/1324 2311/1364/1324 2305/1363/1324
f 2312/1364/1263 2313/1361/1263 2288/1361/1263
f 2312/1364/1263 2288/1361/1263 2310/1364/1263
f 2313/1361/1260 2312/1364/1260 2311/1364/1260
f 2313/1361/1260 2311/1364/1260 2289/1361/1260
f 2313/1361/1323 2314/1362/1323 2294/1362/1323
f 2313/1361/1323 2294/1362/1323 2288/1361/1323
f 2314/1362/1322 2313/1361/1322 2289/1361/1322
f 2314/1362/1322 2289/1361/1322 2295/1362/1322
f 2314/1362/1264 2315/1365/1264 2316/1365/1264
f 2314/1362/1264 2316/1365/1264 2294/1362/1264
f 2315/1365/1261 2314/1362/1261 2295/1362/1261
f 2315/1365/1261 2295/1362/1261 2317/1365/1261
f 2315/1365/1325 2312/1364/1325 2310/1364/1325
f 2315/1365/1325 2310/1364/1325 2316/1365/1325
f 2312/1364/1324 2315/1365/1324 2317/1365/1324
f 2312/1364/1324 2317/1365/1324 2311/1364/1324
f 2318/1365/1263 2319/1362/1263 2294/1362/1263
f 2318/1365/1263 2294/1362/1263 2316/1365/1263
f 2319/1362/1260 2318/1365/1260 2317/1365/1260
f 2319/1362/1260 2317/1365/1260 2295/1362/1260
f 2319/1362/1323 2320/1310/1323 1984/1310/1323
f 2319/1362/1323 1984/1310/1323 2294/1362/1323
f 2320/1310/1322 2319/1362/1322 2295/1362/1322
f 2320/1310/1322 2295/1362/1322 1985/1310/1322
f 2320/1310/1264 2321/1309/1264 1978/1309/1264
f 2320/1310/1264 1978/1309/1264 1984/1310/1264
f 2321/1309/1261 2320/1310/1261 1985/1310/1261
f 2321/1309/1261 1985/1310/1261 1979/1309/1261
f 2321/1309/1325 2318/1365/1325 2316/1365/1325
f 2321/1309/1325 2316/1365/1325 1978/1309/1325
f 2318/1365/1324 2321/1309/1324 1979/1309/1324
f 2318/1365/1324 1979/1309/1324 2317/1365/1324
f 2322/1313/1281 2323/1314/1281 2015/1314/1281
f 2322/1313/1281 2015/1314/1281 2007/1313/1281
f 2323/1314/1265 2322/1313/1265 2008/1313/1265
f 2323/1314/1265 2008/1313/1265 2016/1314/1265
f 2323/1314/1344 2324/1363/1344 2304/1363/1344
f 2323/1314/1344 2304/1363/1344 2015/1314/1345
f 2324/1363/1346 2323/1314/1346 2016/1314/1346
f 2324/1363/1346 2016/1314/1346 2305/1363/1346
f 2324/1363/1264 2325/1366/1264 2326/1366/1264
f 2324/1363/1264 2326/1366/1264 2304/1363/1264
f 2325/1366/1261 2324/1363/1261 2305/1363/1261
f 2325/1366/1261 2305/1363/1261 2327/1366/1261
f 2325/1366/1347 2322/1313/1348 2007/1313/1348
f 2325/1366/1347 2007/1313/1348 2326/1366/1347
f 2322/1313/1349 2325/1366/1349 2327/1366/1349
f 2322/1313/1349 2327/1366/1349 2008/1313/1349
f 2328/1366/1263 2329/1363/1263 2304/1363/1263
f 2328/1366/1263 2304/1363/1263 2326/1366/1263
f 2329/1363/1260 2328/1366/1260 2327/1366/1260
f 2329/1363/1260 2327/1366/1260 2305/1363/1260
f 2329/1363/1323 2330/1364/1323 2310/1364/1323
f 2329/1363/1323 2310/1364/1323 2304/1363/1323
f 2330/1364/1322 2329/1363/1322 2305/1363/1322
f 2330/1364/1322 2305/1363/1322 2311/1364/1322
f 2330/1364/1264 2331/1367/1264 2332/1367/1264
f 2330/1364/1264 2332/1367/1264 2310/1364/1264
f 2331/1367/1261 2330/1364/1261 2311/1364/1261
f 2331/1367/1261 2311/1364/1261 2333/1367/1261
f 2331/1367/1325 2328/1366/1325 2326/1366/1325
f 2331/1367/1325 2326/1366/1325 2332/1367/1325
f 2328/1366/1324 2331/1367/1324 2333/1367/1324
f 2328/1366/1324 2333/1367/1324 2327/1366/1324
f 2334/1367/1263 2335/1364/1263 2310/1364/1263
f 2334/1367/1263 2310/1364/1263 2332/1367/1263
f 2335/1364/1260 2334/1367/1260 2333/1367/1260
f 2335/1364/1260 2333/1367/1260 2311/1364/1260
f 2335/1364/1323 2336/1365/1323 2316/1365/1323
f 2335/1364/1323 2316/1365/1323 2310/1364/1323
f 2336/1365/1322 2335/1364/1322 2311/1364/1322
f 2336/1365/1322 2311/1364/1322 2317/1365/1322
f 2336/1365/1264 2337/1368/1264 2338/1368/1264
f 2336/1365/1264 2338/1368/1264 2316/1365/1264
f 2337/1368/1261 2336/1365/1261 2317/1365/1261
f 2337/1368/1261 2317/1365/1261 2339/1368/1261
f 2337/1368/1325 2334/1367/1325 2332/1367/1325
f 2337/1368/1325 2332/1367/1325 2338/1368/1325
f 2334/1367/1324 2337/1368/1324 2339/1368/1324
f 2334/1367/1324 2339/1368/1324 2333/1367/1324
f 2340/1368/1263 2341/1365/1263 2316/1365/1263
f 2340/1368/1263 2316/1365/1263 2338/1368/1263
f 2341/1365/1260 2340/1368/1260 2339/1368/1260
f 2341/1365/1260 2339/1368/1260 2317/1365/1260
f 2341/1365/1323 2342/1309/1323 1978/1309/1323
f 2341/1365/1323 1978/1309/1323 2316/1365/1323
f 2342/1309/1322 2341/1365/1322 2317/1365/1322
f 2342/1309/1322 2317/1365/1322 1979/1309/1322
f 2342/1309/1264 2343/1308/1264 1970/1308/1264
f 2342/1309/1264 1970/1308/1264 1978/1309/1264
f 2343/1308/1261 2342/1309/1261 1979/1309/1261
f 2343/1308/1261 1979/1309/1261 1973/1308/1261
f 2343/1308/1325 2340/1368/1325 2338/1368/1325
f 2343/1308/1325 2338/1368/1325 1970/1308/1325
f 2340/1368/1324 2343/1308/1324 1973/1308/1324
f 2340/1368/1324 1973/1308/1324 2339/1368/1324
f 2344/1111/1281 2345/1313/1281 2007/1313/1281
f 2344/1111/1281 2007/1313/1281 2010/1111/1281
f 2345/1313/1265 2344/1111/1265 2011/1111/1265
f 2345/1313/1265 2011/1111/1265 2008/1313/1265
f 2345/1313/1344 2346/1366/1344 2326/1366/1344
f 2345/1313/1344 2326/1366/1344 2007/1313/1345
f 2346/1366/1346 2345/1313/1346 2008/1313/1346
f 2346/1366/1346 2008/1313/1346 2327/1366/1346
f 2346/1366/1264 2347/1369/1264 2348/1369/1264
f 2346/1366/1264 2348/1369/1264 2326/1366/1264
f 2347/1369/1261 2346/1366/1261 2327/1366/1261
f 2347/1369/1261 2327/1366/1261 2349/1369/1261
f 2347/1369/1347 2344/1111/1348 2010/1111/1348
f 2347/1369/1347 2010/1111/1348 2348/1369/1347
f 2344/1111/1349 2347/1369/1349 2349/1369/1349
f 2344/1111/1349 2349/1369/1349 2011/1111/1349
f 2350/1369/1263 2351/1366/1263 2326/1366/1263
f 2350/1369/1263 2326/1366/1263 2348/1369/1263
f 2351/1366/1260 2350/1369/1260 2349/1369/1260
f 2351/1366/1260 2349/1369/1260 2327/1366/1260
f 2351/1366/1323 2352/1367/1323 2332/1367/1323
f 2351/1366/1323 2332/1367/1323 2326/1366/1323
f 2352/1367/1322 2351/1366/1322 2327/1366/1322
f 2352/1367/1322 2327/1366/1322 2333/1367/1322
f 2352/1367/1264 2353/1370/1264 2354/1370/1264
f 2352/1367/1264 2354/1370/1264 2332/1367/1264
f 2353/1370/1261 2352/1367/1261 2333/1367/1261
f 2353/1370/1261 2333/1367/1261 2355/1370/1261
f 2353/1370/1325 2350/1369/1325 2348/1369/1325
f 2353/1370/1325 2348/1369/1325 2354/1370/1325
f 2350/1369/1324 2353/1370/1324 2355/1370/1324
f 2350/1369/1324 2355/1370/1324 2349/1369/1324
f 2356/1370/1263 2357/1367/1263 2332/1367/1263
f 2356/1370/1263 2332/1367/1263 2354/1370/1263
f 2357/1367/1260 2356/1370/1260 2355/1370/1260
f 2357/1367/1260 2355/1370/1260 2333/1367/1260
f 2357/1367/1323 2358/1368/1323 2338/1368/1323
f 2357/1367/1323 2338/1368/1323 2332/1367/1323
f 2358/1368/1322 2357/1367/1322 2333/1367/1322
f 2358/1368/1322 2333/1367/1322 2339/1368/1322
f 2358/1368/1264 2359/1371/1264 2360/1371/1264
f 2358/1368/1264 2360/1371/1264 2338/1368/1264
f 2359/1371/1261 2358/1368/1261 2339/1368/1261
f 2359/1371/1261 2339/1368/1261 2361/1371/1261
f 2359/1371/1325 2356/1370/1325 2354/1370/1325
f 2359/1371/1325 2354/1370/1325 2360/1371/1325
f 2356/1370/1324 2359/1371/1324 2361/1371/1324
f 2356/1370/1324 2361/1371/1324 2355/1370/1324
f 2362/1371/1263 2363/1368/1263 2338/1368/1263
f 2362/1371/1263 2338/1368/1263 2360/1371/1263
f 2363/1368/1260 2362/1371/1260 2361/1371/1260
f 2363/1368/1260 2361/1371/1260 2339/1368/1260
f 2363/1368/1323 2364/1308/1323 1970/1308/1323
f 2363/1368/1323 1970/1308/1323 2338/1368/1323
f 2364/1308/1322 2363/1368/1322 2339/1368/1322
f 2364/1308/1322 2339/1368/1322 1973/1308/1322
f 2364/1308/1264 2365/1307/1264 1971/1307/1264
f 2364/1308/1264 1971/1307/1264 1970/1308/1264
f 2365/1307/1261 2364/1308/1261 1973/1308/1261
f 2365/1307/1261 1973/1308/1261 1972/1307/1261
f 2365/1307/1325 2362/1371/1325 2360/1371/1325
f 2365/1307/1325 2360/1371/1325 1971/1307/1325
f 2362/1371/1324 2365/1307/1324 1972/1307/1324
f 2362/1371/1324 1972/1307/1324 2361/1371/1324
f 2366/1372/1242 2367/1373/1242 2368/1373/1242
f 2366/1372/1242 2368/1373/1242 2369/1372/1242
f 2367/1373/1350 2366/1372/1350 2370/1372/1350
f 2367/1373/1350 2370/1372/1350 2371/1373/1350
f 2367/1373/1351 2372/1374/1352 2373/1374/1352
f 2367/1373/1351 2373/1374/1352 2368/1373/1352
f 2372/1374/1353 2367/1373/1353 2371/1373/1353
f 2372/1374/1353 2371/1373/1353 2374/1374/1353
f 2372/1374/1262 2375/1375/1262 2376/1375/1262
f 2372/1374/1262 2376/1375/1262 2373/1374/1262
f 2375/1375/1243 2372/1374/1243 2374/1374/1243
f 2375/1375/1243 2374/1374/1243 2377/1375/1243
f 2375/1375/1354 2366/1372/1355 2369/1372/1355
f 2375/1375/1354 2369/1372/1355 2376/1375/1354
f 2366/1372/1356 2375/1375/1356 2377/1375/1356
f 2366/1372/1356 2377/1375/1356 2370/1372/1356
f 2378/1375/1213 2379/1374/1213 2373/1374/1213
f 2378/1375/1213 2373/1374/1213 2376/1375/1213
f 2379/1374/1214 2378/1375/1214 2377/1375/1214
f 2379/1374/1214 2377/1375/1214 2374/1374/1214
f 2379/1374/1322 2380/1376/1322 2381/1376/1322
f 2379/1374/1322 2381/1376/1322 2373/1374/1322
f 2380/1376/1324 2379/1374/1324 2374/1374/1324
f 2380/1376/1324 2374/1374/1324 2382/1376/1324
f 2380/1376/1262 2383/1377/1262 2384/1377/1262
f 2380/1376/1262 2384/1377/1262 2381/1376/1262
f 2383/1377/1243 2380/1376/1243 2382/1376/1243
f 2383/1377/1243 2382/1376/1243 2385/1377/1243
f 2383/1377/1323 2378/1375/1323 2376/1375/1323
f 2383/1377/1323 2376/1375/1323 2384/1377/1323
f 2378/1375/1325 2383/1377/1325 2385/1377/1325
f 2378/1375/1325 2385/1377/1325 2377/1375/1325
f 2386/1377/1213 2387/1376/1213 2381/1376/1213
f 2386/1377/1213 2381/1376/1213 2384/1377/1213
f 2387/1376/1214 2386/1377/1214 2385/1377/1214
f 2387/1376/1214 2385/1377/1214 2382/1376/1214
f 2387/1376/1322 2388/1378/1322 2389/1378/1322
f 2387/1376/1322 2389/1378/1322 2381/1376/1322
f 2388/1378/1324 2387/1376/1324 2382/1376/1324
f 2388/1378/1324 2382/1376/1324 2390/1378/1324
f 2388/1378/1262 2391/1379/1262 2392/1379/1262
f 2388/1378/1262 2392/1379/1262 2389/1378/1262
f 2391/1379/1243 2388/1378/1243 2390/1378/1243
f 2391/1379/1243 2390/1378/1243 2393/1379/1243
f 2391/1379/1323 2386/1377/1323 2384/1377/1323
f 2391/1379/1323 2384/1377/1323 2392/1379/1323
f 2386/1377/1325 2391/1379/1325 2393/1379/1325
f 2386/1377/1325 2393/1379/1325 2385/1377/1325
f 2394/1379/1213 2395/1378/1213 2389/1378/1213
f 2394/1379/1213 2389/1378/1213 2392/1379/1213
f 2395/1378/1214 2394/1379/1214 2393/1379/1214
f 2395/1378/1214 2393/1379/1214 2390/1378/1214
f 2395/1378/1322 2396/1135/1322 1182/1135/1322
f 2395/1378/1322 1182/1135/1322 2389/1378/1322
f 2396/1135/1324 2395/1378/1324 2390/1378/1324
f 2396/1135/1324 2390/1378/1324 1183/1135/1324
f 2396/1135/1262 2397/1151/1262 1237/1151/1262
f 2396/1135/1262 1237/1151/1262 1182/1135/1262
f 2397/1151/1243 2396/1135/1243 1183/1135/1243
f 2397/1151/1243 1183/1135/1243 1240/1151/1243
f 2397/1151/1323 2394/1379/1323 2392/1379/1323
f 2397/1151/1323 2392/1379/1323 1237/1151/1323
f 2394/1379/1325 2397/1151/1325 1240/1151/1325
f 2394/1379/1325 1240/1151/1325 2393/1379/1325
f 2398/1380/1242 2399/1372/1242 2369/1372/1242
f 2398/1380/1242 2369/1372/1242 2400/1380/1242
f 2399/1372/1350 2398/1380/1350 2401/1380/1350
f 2399/1372/1350 2401/1380/1350 2370/1372/1350
f 2399/1372/1352 2402/1375/1352 2376/1375/1352
f 2399/1372/1352 2376/1375/1352 2369/1372/1352
f 2402/1375/1353 2399/1372/1353 2370/1372/1353
f 2402/1375/1353 2370/1372/1353 2377/1375/1353
f 2402/1375/1262 2403/1381/1262 2404/1381/1262
f 2402/1375/1262 2404/1381/1262 2376/1375/1262
f 2403/1381/1243 2402/1375/1243 2377/1375/1243
f 2403/1381/1243 2377/1375/1243 2405/1381/1243
f 2403/1381/1354 2398/1380/1355 2400/1380/1355
f 2403/1381/1354 2400/1380/1355 2404/1381/1354
f 2398/1380/1356 2403/1381/1356 2405/1381/1356
f 2398/1380/1356 2405/1381/1356 2401/1380/1356
f 2406/1381/1213 2407/1375/1213 2376/1375/1213
f 2406/1381/1213 2376/1375/1213 2404/1381/1213
f 2407/1375/1214 2406/1381/1214 2405/1381/1214
f 2407/1375/1214 2405/1381/1214 2377/1375/1214
f 2407/1375/1322 2408/1377/1322 2384/1377/1322
f 2407/1375/1322 2384/1377/1322 2376/1375/1322
f 2408/1377/1324 2407/1375/1324 2377/1375/1324
f 2408/1377/1324 2377/1375/1324 2385/1377/1324
f 2408/1377/1262 2409/1382/1262 2410/1382/1262
f 2408/1377/1262 2410/1382/1262 2384/1377/1262
f 2409/1382/1243 2408/1377/1243 2385/1377/1243
f 2409/1382/1243 2385/1377/1243 2411/1382/1243
f 2409/1382/1323 2406/1381/1323 2404/1381/1323
f 2409/1382/1323 2404/1381/1323 2410/1382/1323
f 2406/1381/1325 2409/1382/1325 2411/1382/1325
f 2406/1381/1325 2411/1382/1325 2405/1381/1325
f 2412/1382/1213 2413/1377/1213 2384/1377/1213
f 2412/1382/1213 2384/1377/1213 2410/1382/1213
f 2413/1377/1214 2412/1382/1214 2411/1382/1214
f 2413/1377/1214 2411/1382/1214 2385/1377/1214
f 2413/1377/1322 2414/1379/1322 2392/1379/1322
f 2413/1377/1322 2392/1379/1322 2384/1377/1322
f 2414/1379/1324 2413/1377/1324 2385/1377/1324
f 2414/1379/1324 2385/1377/1324 2393/1379/1324
f 2414/1379/1262 2415/1383/1262 2416/1383/1262
f 2414/1379/1262 2416/1383/1262 2392/1379/1262
f 2415/1383/1243 2414/1379/1243 2393/1379/1243
f 2415/1383/1243 2393/1379/1243 2417/1383/1243
f 2415/1383/1323 2412/1382/1323 2410/1382/1323
f 2415/1383/1323 2410/1382/1323 2416/1383/1323
f 2412/1382/1325 2415/1383/1325 2417/1383/1325
f 2412/1382/1325 2417/1383/1325 2411/1382/1325
f 2418/1383/1213 2419/1379/1213 2392/1379/1213
f 2418/1383/1213 2392/1379/1213 2416/1383/1213
f 2419/1379/1214 2418/1383/1214 2417/1383/1214
f 2419/1379/1214 2417/1383/1214 2393/1379/1214
f 2419/1379/1322 2420/1151/1322 1237/1151/1322
f 2419/1379/1322 1237/1151/1322 2392/1379/1322
f 2420/1151/1324 2419/1379/1324 2393/1379/1324
f 2420/1151/1324 2393/1379/1324 1240/1151/1324
f 2420/1151/1262 2421/1150/1262 1238/1150/1262
f 2420/1151/1262 1238/1150/1262 1237/1151/1262
f 2421/1150/1243 2420/1151/1243 1240/1151/1243
f 2421/1150/1243 1240/1151/1243 1239/1150/1243
f 2421/1150/1323 2418/1383/1323 2416/1383/1323
f 2421/1150/1323 2416/1383/1323 1238/1150/1323
f 2418/1383/1325 2421/1150/1325 1239/1150/1325
f 2418/1383/1325 1239/1150/1325 2417/1383/1325
f 2422/1384/1242 2423/1385/1242 2424/1385/1242
f 2422/1384/1242 2424/1385/1242 2425/1384/1242
f 2423/1385/1350 2422/1384/1350 2426/1384/1350
f 2423/1385/1350 2426/1384/1350 2427/1385/1350
f 2423/1385/1352 2428/1386/1352 2429/1386/1352
f 2423/1385/1352 2429/1386/1352 2424/1385/1352
f 2428/1386/1353 2423/1385/1353 2427/1385/1353
f 2428/1386/1353 2427/1385/1353 2430/1386/1353
f 2428/1386/1262 2431/1387/1262 2432/1387/1262
f 2428/1386/1262 2432/1387/1262 2429/1386/1262
f 2431/1387/1243 2428/1386/1243 2430/1386/1243
f 2431/1387/1243 2430/1386/1243 2433/1387/1243
f 2431/1387/1354 2422/1384/1355 2425/1384/1355
f 2431/1387/1354 2425/1384/1355 2432/1387/1354
f 2422/1384/1356 2431/1387/1356 2433/1387/1356
f 2422/1384/1356 2433/1387/1356 2426/1384/1356
f 2434/1387/1213 2435/1386/1213 2429/1386/1213
f 2434/1387/1213 2429/1386/1213 2432/1387/1213
f 2435/1386/1214 2434/1387/1214 2433/1387/1214
f 2435/1386/1214 2433/1387/1214 2430/1386/1214
f 2435/1386/1322 2436/1388/1322 2437/1388/1322
f 2435/1386/1322 2437/1388/1322 2429/1386/1322
f 2436/1388/1324 2435/1386/1324 2430/1386/1324
f 2436/1388/1324 2430/1386/1324 2438/1388/1324
f 2436/1388/1262 2439/1389/1262 2440/1389/1262
f 2436/1388/1262 2440/1389/1262 2437/1388/1262
f 2439/1389/1243 2436/1388/1243 2438/1388/1243
f 2439/1389/1243 2438/1388/1243 2441/1389/1243
f 2439/1389/1323 2434/1387/1323 2432/1387/1323
f 2439/1389/1323 2432/1387/1323 2440/1389/1323
f 2434/1387/1325 2439/1389/1325 2441/1389/1325
f 2434/1387/1325 2441/1389/1325 2433/1387/1325
f 2442/1389/1213 2443/1388/1213 2437/1388/1213
f 2442/1389/1213 2437/1388/1213 2440/1389/1213
f 2443/1388/1214 2442/1389/1214 2441/1389/1214
f 2443/1388/1214 2441/1389/1214 2438/1388/1214
f 2443/1388/1322 2444/1390/1322 2445/1390/1322
f 2443/1388/1322 2445/1390/1322 2437/1388/1322
f 2444/1390/1324 2443/1388/1324 2438/1388/1324
f 2444/1390/1324 2438/1388/1324 2446/1390/1324
f 2444/1390/1262 2447/1391/1262 2448/1391/1262
f 2444/1390/1262 2448/1391/1262 2445/1390/1262
f 2447/1391/1243 2444/1390/1243 2446/1390/1243
f 2447/1391/1243 2446/1390/1243 2449/1391/1243
f 2447/1391/1323 2442/1389/1323 2440/1389/1323
f 2447/1391/1323 2440/1389/1323 2448/1391/1323
f 2442/1389/1325 2447/1391/1325 2449/1391/1325
f 2442/1389/1325 2449/1391/1325 2441/1389/1325
f 2450/1391/1213 2451/1390/1213 2445/1390/1213
f 2450/1391/1213 2445/1390/1213 2448/1391/1213
f 2451/1390/1214 2450/1391/1214 2449/1391/1214
f 2451/1390/1214 2449/1391/1214 2446/1390/1214
f 2451/1390/1322 2452/1148/1322 1229/1148/1322
f 2451/1390/1322 1229/1148/1322 2445/1390/1322
f 2452/1148/1324 2451/1390/1324 2446/1390/1324
f 2452/1148/1324 2446/1390/1324 1230/1148/1324
f 2452/1148/1262 2453/1146/1262 1221/1146/1262
f 2452/1148/1262 1221/1146/1262 1229/1148/1262
f 2453/1146/1243 2452/1148/1243 1230/1148/1243
f 2453/1146/1243 1230/1148/1243 1222/1146/1243
f 2453/1146/1323 2450/1391/1323 2448/1391/1323
f 2453/1146/1323 2448/1391/1323 1221/1146/1323
f 2450/1391/1325 2453/1146/1325 1222/1146/1325
f 2450/1391/1325 1222/1146/1325 2449/1391/1325
f 2454/1392/1242 2455/1384/1242 2425/1384/1242
f 2454/1392/1242 2425/1384/1242 2456/1392/1242
f 2455/1384/1350 2454/1392/1350 2457/1392/1350
f 2455/1384/1350 2457/1392/1350 2426/1384/1350
f 2455/1384/1352 2458/1387/1352 2432/1387/1352
f 2455/1384/1352 2432/1387/1352 2425/1384/1352
f 2458/1387/1353 2455/1384/1353 2426/1384/1353
f 2458/1387/1353 2426/1384/1353 2433/1387/1353
f 2458/1387/1262 2459/1393/1262 2460/1393/1262
f 2458/1387/1262 2460/1393/1262 2432/1387/1262
f 2459/1393/1243 2458/1387/1243 2433/1387/1243
f 2459/1393/1243 2433/1387/1243 2461/1393/1243
f 2459/1393/1354 2454/1392/1355 2456/1392/1355
f 2459/1393/1354 2456/1392/1355 2460/1393/1354
f 2454/1392/1356 2459/1393/1356 2461/1393/1356
f 2454/1392/1356 2461/1393/1356 2457/1392/1356
f 2462/1393/1213 2463/1387/1213 2432/1387/1213
f 2462/1393/1213 2432/1387/1213 2460/1393/1213
f 2463/1387/1214 2462/1393/1214 2461/1393/1214
f 2463/1387/1214 2461/1393/1214 2433/1387/1214
f 2463/1387/1322 2464/1389/1322 2440/1389/1322
f 2463/1387/1322 2440/1389/1322 2432/1387/1322
f 2464/1389/1324 2463/1387/1324 2433/1387/1324
f 2464/1389/1324 2433/1387/1324 2441/1389/1324
f 2464/1389/1262 2465/1394/1262 2466/1394/1262
f 2464/1389/1262 2466/1394/1262 2440/1389/1262
f 2465/1394/1243 2464/1389/1243 2441/1389/1243
f 2465/1394/1243 2441/1389/1243 2467/1394/1243
f 2465/1394/1323 2462/1393/1323 2460/1393/1323
f 2465/1394/1323 2460/1393/1323 2466/1394/1323
f 2462/1393/1325 2465/1394/1325 2467/1394/1325
f 2462/1393/1325 2467/1394/1325 2461/1393/1325
f 2468/1394/1213 2469/1389/1213 2440/1389/1213
f 2468/1394/1213 2440/1389/1213 2466/1394/1213
f 2469/1389/1214 2468/1394/1214 2467/1394/1214
f 2469/1389/1214 2467/1394/1214 2441/1389/1214
f 2469/1389/1322 2470/1391/1322 2448/1391/1322
f 2469/1389/1322 2448/1391/1322 2440/1389/1322
f 2470/1391/1324 2469/1389/1324 2441/1389/1324
f 2470/1391/1324 2441/1389/1324 2449/1391/1324
f 2470/1391/1262 2471/1395/1262 2472/1395/1262
f 2470/1391/1262 2472/1395/1262 2448/1391/1262
f 2471/1395/1243 2470/1391/1243 2449/1391/1243
f 2471/1395/1243 2449/1391/1243 2473/1395/1243
f 2471/1395/1323 2468/1394/1323 2466/1394/1323
f 2471/1395/1323 2466/1394/1323 2472/1395/1323
f 2468/1394/1325 2471/1395/1325 2473/1395/1325
f 2468/1394/1325 2473/1395/1325 2467/1394/1325
f 2474/1395/1213 2475/1391/1213 2448/1391/1213
f 2474/1395/1213 2448/1391/1213 2472/1395/1213
f 2475/1391/1214 2474/1395/1214 2473/1395/1214
f 2475/1391/1214 2473/1395/1214 2449/1391/1214
f 2475/1391/1322 2476/1146/1322 1221/1146/1322
f 2475/1391/1322 1221/1146/1322 2448/1391/1322
f 2476/1146/1324 2475/1391/1324 2449/1391/1324
f 2476/1146/1324 2449/1391/1324 1222/1146/1324
f 2476/1146/1262 2477/1143/1262 1209/1143/1262
f 2476/1146/1262 1209/1143/1262 1221/1146/1262
f 2477/1143/1243 2476/1146/1243 1222/1146/1243
f 2477/1143/1243 1222/1146/1243 1212/1143/1243
f 2477/1143/1323 2474/1395/1323 2472/1395/1323
f 2477/1143/1323 2472/1395/1323 1209/1143/1323
f 2474/1395/1325 2477/1143/1325 1212/1143/1325
f 2474/1395/1325 1212/1143/1325 2473/1395/1325
f 2478/1396/1242 2479/1392/1242 2456/1392/1242
f 2478/1396/1242 2456/1392/1242 2480/1396/1242
f 2479/1392/1350 2478/1396/1350 2481/1396/1350
f 2479/1392/1350 2481/1396/1350 2457/1392/1350
f 2479/1392/1352 2482/1393/1352 2460/1393/1352
f 2479/1392/1352 2460/1393/1352 2456/1392/1352
f 2482/1393/1353 2479/1392/1353 2457/1392/1353
f 2482/1393/1353 2457/1392/1353 2461/1393/1353
f 2482/1393/1262 2483/1397/1262 2484/1397/1262
f 2482/1393/1262 2484/1397/1262 2460/1393/1262
f 2483/1397/1243 2482/1393/1243 2461/1393/1243
f 2483/1397/1243 2461/1393/1243 2485/1397/1243
f 2483/1397/1354 2478/1396/1355 2480/1396/1355
f 2483/1397/1354 2480/1396/1355 2484/1397/1354
f 2478/1396/1356 2483/1397/1356 2485/1397/1356
f 2478/1396/1356 2485/1397/1356 2481/1396/1356
f 2486/1397/1213 2487/1393/1213 2460/1393/1213
f 2486/1397/1213 2460/1393/1213 2484/1397/1213
f 2487/1393/1214 2486/1397/1214 2485/1397/1214
f 2487/1393/1214 2485/1397/1214 2461/1393/1214
f 2487/1393/1322 2488/1394/1322 2466/1394/1322
f 2487/1393/1322 2466/1394/1322 2460/1393/1322
f 2488/1394/1324 2487/1393/1324 2461/1393/1324
f 2488/1394/1324 2461/1393/1324 2467/1394/1324
f 2488/1394/1262 2489/1398/1262 2490/1398/1262
f 2488/1394/1262 2490/1398/1262 2466/1394/1262
f 2489/1398/1243 2488/1394/1243 2467/1394/1243
f 2489/1398/1243 2467/1394/1243 2491/1398/1243
f 2489/1398/1323 2486/1397/1323 2484/1397/1323
f 2489/1398/1323 2484/1397/1323 2490/1398/1323
f 2486/1397/1325 2489/1398/1325 2491/1398/1325
f 2486/1397/1325 2491/1398/1325 2485/1397/1325
f 2492/1398/1213 2493/1394/1213 2466/1394/1213
f 2492/1398/1213 2466/1394/1213 2490/1398/1213
f 2493/1394/1214 2492/1398/1214 2491/1398/1214
f 2493/1394/1214 2491/1398/1214 2467/1394/1214
f 2493/1394/1322 2494/1395/1322 2472/1395/1322
f 2493/1394/1322 2472/1395/1322 2466/1394/1322
f 2494/1395/1324 2493/1394/1324 2467/1394/1324
f 2494/1395/1324 2467/1394/1324 2473/1395/1324
f 2494/1395/1262 2495/1399/1262 2496/1399/1262
f 2494/1395/1262 2496/1399/1262 2472/1395/1262
f 2495/1399/1243 2494/1395/1243 2473/1395/1243
f 2495/1399/1243 2473/1395/1243 2497/1399/1243
f 2495/1399/1323 2492/1398/1323 2490/1398/1323
f 2495/1399/1323 2490/1398/1323 2496/1399/1323
f 2492/1398/1325 2495/1399/1325 2497/1399/1325
f 2492/1398/1325 2497/1399/1325 2491/1398/1325
f 2498/1399/1213 2499/1395/1213 2472/1395/1213
f 2498/1399/1213 2472/1395/1213 2496/1399/1213
f 2499/1395/1214 2498/1399/1214 2497/1399/1214
f 2499/1395/1214 2497/1399/1214 2473/1395/1214
f 2499/1395/1322 2500/1143/1322 1209/1143/1322
f 2499/1395/1322 1209/1143/1322 2472/1395/1322
f 2500/1143/1324 2499/1395/1324 2473/1395/1324
f 2500/1143/1324 2473/1395/1324 1212/1143/1324
f 2500/1143/1262 2501/1142/1262 1210/1142/1262
f 2500/1143/1262 1210/1142/1262 1209/1143/1262
f 2501/1142/1243 2500/1143/1243 1212/1143/1243
f 2501/1142/1243 1212/1143/1243 1211/1142/1243
f 2501/1142/1323 2498/1399/1323 2496/1399/1323
f 2501/1142/1323 2496/1399/1323 1210/1142/1323
f 2498/1399/1325 2501/1142/1325 1211/1142/1325
f 2498/1399/1325 1211/1142/1325 2497/1399/1325
f 2502/1400/1242 2503/1401/1242 2504/1401/1242
f 2502/1400/1242 2504/1401/1242 2505/1400/1242
f 2503/1401/1350 2502/1400/1350 2506/1400/1350
f 2503/1401/1350 2506/1400/1350 2507/1401/1350
f 2503/1401/1352 2508/1402/1352 2509/1402/1352
f 2503/1401/1352 2509/1402/1352 2504/1401/1352
f 2508/1402/1353 2503/1401/1353 2507/1401/1353
f 2508/1402/1353 2507/1401/1353 2510/1402/1353
f 2508/1402/1262 2511/1403/1262 2512/1403/1262
f 2508/1402/1262 2512/1403/1262 2509/1402/1262
f 2511/1403/1243 2508/1402/1243 2510/1402/1243
f 2511/1403/1243 2510/1402/1243 2513/1403/1243
f 2511/1403/1354 2502/1400/1355 2505/1400/1355
f 2511/1403/1354 2505/1400/1355 2512/1403/1354
f 2502/1400/1356 2511/1403/1356 2513/1403/1356
f 2502/1400/1356 2513/1403/1356 2506/1400/1356
f 2514/1403/1213 2515/1402/1213 2509/1402/1213
f 2514/1403/1213 2509/1402/1213 2512/1403/1213
f 2515/1402/1214 2514/1403/1214 2513/1403/1214
f 2515/1402/1214 2513/1403/1214 2510/1402/1214
f 2515/1402/1322 2516/1404/1322 2517/1404/1322
f 2515/1402/1322 2517/1404/1322 2509/1402/1322
f 2516/1404/1324 2515/1402/1324 2510/1402/1324
f 2516/1404/1324 2510/1402/1324 2518/1404/1324
f 2516/1404/1262 2519/1405/1262 2520/1405/1262
f 2516/1404/1262 2520/1405/1262 2517/1404/1262
f 2519/1405/1243 2516/1404/1243 2518/1404/1243
f 2519/1405/1243 2518/1404/1243 2521/1405/1243
f 2519/1405/1323 2514/1403/1323 2512/1403/1323
f 2519/1405/1323 2512/1403/1323 2520/1405/1323
f 2514/1403/1325 2519/1405/1325 2521/1405/1325
f 2514/1403/1325 2521/1405/1325 2513/1403/1325
f 2522/1405/1213 2523/1404/1213 2517/1404/1213
f 2522/1405/1213 2517/1404/1213 2520/1405/1213
f 2523/1404/1214 2522/1405/1214 2521/1405/1214
f 2523/1404/1214 2521/1405/1214 2518/1404/1214
f 2523/1404/1322 2524/1406/1322 2525/1406/1322
f 2523/1404/1322 2525/1406/1322 2517/1404/1322
f 2524/1406/1324 2523/1404/1324 2518/1404/1324
f 2524/1406/1324 2518/1404/1324 2526/1406/1324
f 2524/1406/1262 2527/1407/1262 2528/1407/1262
f 2524/1406/1262 2528/1407/1262 2525/1406/1262
f 2527/1407/1243 2524/1406/1243 2526/1406/1243
f 2527/1407/1243 2526/1406/1243 2529/1407/1243
f 2527/1407/1323 2522/1405/1323 2520/1405/1323
f 2527/1407/1323 2520/1405/1323 2528/1407/1323
f 2522/1405/1325 2527/1407/1325 2529/1407/1325
f 2522/1405/1325 2529/1407/1325 2521/1405/1325
f 2530/1407/1213 2531/1406/1213 2525/1406/1213
f 2530/1407/1213 2525/1406/1213 2528/1407/1213
f 2531/1406/1214 2530/1407/1214 2529/1407/1214
f 2531/1406/1214 2529/1407/1214 2526/1406/1214
f 2531/1406/1322 2532/1140/1322 1201/1140/1322
f 2531/1406/1322 1201/1140/1322 2525/1406/1322
f 2532/1140/1324 2531/1406/1324 2526/1406/1324
f 2532/1140/1324 2526/1406/1324 1202/1140/1324
f 2532/1140/1262 2533/1138/1262 1193/1138/1262
f 2532/1140/1262 1193/1138/1262 1201/1140/1262
f 2533/1138/1243 2532/1140/1243 1202/1140/1243
f 2533/1138/1243 1202/1140/1243 1194/1138/1243
f 2533/1138/1323 2530/1407/1323 2528/1407/1323
f 2533/1138/1323 2528/1407/1323 1193/1138/1323
f 2530/1407/1325 2533/1138/1325 1194/1138/1325
f 2530/1407/1325 1194/1138/1325 2529/1407/1325
f 2534/1093/1357 2535/1400/1358 2505/1400/1358
f 2534/1093/1357 2505/1400/1358 1150/1093/1358
f 2535/1400/1359 2534/1093/1359 1151/1093/1359
f 2535/1400/1359 1151/1093/1359 2506/1400/1360
f 2535/1400/1352 2536/1403/1352 2512/1403/1352
f 2535/1400/1352 2512/1403/1352 2505/1400/1352
f 2536/1403/1353 2535/1400/1353 2506/1400/1353
f 2536/1403/1353 2506/1400/1353 2513/1403/1353
f 2536/1403/1361 2537/1408/1362 2538/1408/1362
f 2536/1403/1361 2538/1408/1362 2512/1403/1361
f 2537/1408/1363 2536/1403/1364 2513/1403/1365
f 2537/1408/1363 2513/1403/1365 2539/1408/1363
f 2537/1408/1366 2534/1093/1367 1150/1093/1367
f 2537/1408/1366 1150/1093/1367 2538/1408/1368
f 2534/1093/1369 2537/1408/1370 2539/1408/1369
f 2534/1093/1369 2539/1408/1369 1151/1093/1370
f 2540/1408/1196 2541/1403/1196 2512/1403/1197
f 2540/1408/1196 2512/1403/1197 2538/1408/1198
f 2541/1403/1199 2540/1408/1200 2539/1408/1200
f 2541/1403/1199 2539/1408/1200 2513/1403/1199
f 2541/1403/1322 2542/1405/1322 2520/1405/1322
f 2541/1403/1322 2520/1405/1322 2512/1403/1322
f 2542/1405/1324 2541/1403/1324 2513/1403/1324
f 2542/1405/1324 2513/1403/1324 2521/1405/1324
f 2542/1405/1361 2543/1409/1362 2544/1409/1362
f 2542/1405/1361 2544/1409/1362 2520/1405/1361
f 2543/1409/1363 2542/1405/1365 2521/1405/1365
f 2543/1409/1363 2521/1405/1365 2545/1409/1363
f 2543/1409/1371 2540/1408/1371 2538/1408/1371
f 2543/1409/1371 2538/1408/1371 2544/1409/1371
f 2540/1408/1372 2543/1409/1372 2545/1409/1372
f 2540/1408/1372 2545/1409/1372 2539/1408/1372
f 2546/1409/1196 2547/1405/1196 2520/1405/1197
f 2546/1409/1196 2520/1405/1197 2544/1409/1198
f 2547/1405/1199 2546/1409/1200 2545/1409/1200
f 2547/1405/1199 2545/1409/1200 2521/1405/1199
f 2547/1405/1322 2548/1407/1322 2528/1407/1322
f 2547/1405/1322 2528/1407/1322 2520/1405/1322
f 2548/1407/1324 2547/1405/1324 2521/1405/1324
f 2548/1407/1324 2521/1405/1324 2529/1407/1324
f 2548/1407/1361 2549/1410/1362 2550/1410/1362
f 2548/1407/1361 2550/1410/1362 2528/1407/1361
f 2549/1410/1363 2548/1407/1365 2529/1407/1365
f 2549/1410/1363 2529/1407/1365 2551/1410/1363
f 2549/1410/1371 2546/1409/1371 2544/1409/1371
f 2549/1410/1371 2544/1409/1371 2550/1410/1371
f 2546/1409/1372 2549/1410/1372 2551/1410/1372
f 2546/1409/1372 2551/1410/1372 2545/1409/1372
f 2552/1410/1196 2553/1407/1196 2528/1407/1197
f 2552/1410/1196 2528/1407/1197 2550/1410/1198
f 2553/1407/1199 2552/1410/1200 2551/1410/1200
f 2553/1407/1199 2551/1410/1200 2529/1407/1199
f 2553/1407/1322 2554/1138/1322 1193/1138/1322
f 2553/1407/1322 1193/1138/1322 2528/1407/1322
f 2554/1138/1324 2553/1407/1324 2529/1407/1324
f 2554/1138/1324 2529/1407/1324 1194/1138/1324
f 2554/1138/1361 2555/1130/1362 1157/1130/1362
f 2554/1138/1361 1157/1130/1362 1193/1138/1361
f 2555/1130/1363 2554/1138/1365 1194/1138/1365
f 2555/1130/1363 1194/1138/1365 1160/1130/1363
f 2555/1130/1371 2552/1410/1371 2550/1410/1371
f 2555/1130/1371 2550/1410/1371 1157/1130/1371
f 2552/1410/1372 2555/1130/1372 1160/1130/1372
f 2552/1410/1372 1160/1130/1372 2551/1410/1372
f 2556/1373/1373 2557/1105/1373 2558/1105/1374
f 2556/1373/1373 2558/1105/1374 2368/1373/1373
f 2557/1105/1375 2556/1373/1376 2371/1373/1377
f 2557/1105/1375 2371/1373/1377 2559/1105/1376
f 2557/1105/1378 2560/1411/1379 2561/1411/1379
f 2557/1105/1378 2561/1411/1379 2558/1105/1378
f 2560/1411/1380 2557/1105/1380 2559/1105/1381
f 2560/1411/1380 2559/1105/1381 2562/1411/1380
f 2560/1411/1382 2563/1374/1382 2373/1374/1383
f 2560/1411/1382 2373/1374/1383 2561/1411/1384
f 2563/1374/1385 2560/1411/1386 2562/1411/1386
f 2563/1374/1385 2562/1411/1386 2374/1374/1385
f 2563/1374/1354 2556/1373/1355 2368/1373/1355
f 2563/1374/1354 2368/1373/1355 2373/1374/1354
f 2556/1373/1356 2563/1374/1356 2374/1374/1356
f 2556/1373/1356 2374/1374/1356 2371/1373/1356
f 2564/1374/1180 2565/1411/1181 2561/1411/1181
f 2564/1374/1180 2561/1411/1181 2373/1374/1180
f 2565/1411/1182 2564/1374/1184 2374/1374/1184
f 2565/1411/1182 2374/1374/1184 2562/1411/1182
f 2565/1411/1387 2566/1412/1387 2567/1412/1387
f 2565/1411/1387 2567/1412/1387 2561/1411/1387
f 2566/1412/1388 2565/1411/1388 2562/1411/1388
f 2566/1412/1388 2562/1411/1388 2568/1412/1388
f 2566/1412/1382 2569/1376/1382 2381/1376/1383
f 2566/1412/1382 2381/1376/1383 2567/1412/1384
f 2569/1376/1385 2566/1412/1386 2568/1412/1386
f 2569/1376/1385 2568/1412/1386 2382/1376/1385
f 2569/1376/1323 2564/1374/1323 2373/1374/1323
f 2569/1376/1323 2373/1374/1323 2381/1376/1323
f 2564/1374/1325 2569/1376/1325 2382/1376/1325
f 2564/1374/1325 2382/1376/1325 2374/1374/1325
f 2570/1376/1180 2571/1412/1181 2567/1412/1181
f 2570/1376/1180 2567/1412/1181 2381/1376/1180
f 2571/1412/1182 2570/1376/1184 2382/1376/1184
f 2571/1412/1182 2382/1376/1184 2568/1412/1182
f 2571/1412/1387 2572/1413/1387 2573/1413/1387
f 2571/1412/1387 2573/1413/1387 2567/1412/1387
f 2572/1413/1388 2571/1412/1388 2568/1412/1388
f 2572/1413/1388 2568/1412/1388 2574/1413/1388
f 2572/1413/1382 2575/1378/1382 2389/1378/1383
f 2572/1413/1382 2389/1378/1383 2573/1413/1384
f 2575/1378/1385 2572/1413/1386 2574/1413/1386
f 2575/1378/1385 2574/1413/1386 2390/1378/1385
f 2575/1378/1323 2570/1376/1323 2381/1376/1323
f 2575/1378/1323 2381/1376/1323 2389/1378/1323
f 2570/1376/1325 2575/1378/1325 2390/1378/1325
f 2570/1376/1325 2390/1378/1325 2382/1376/1325
f 2576/1378/1180 2577/1413/1181 2573/1413/1181
f 2576/1378/1180 2573/1413/1181 2389/1378/1180
f 2577/1413/1182 2576/1378/1184 2390/1378/1184
f 2577/1413/1182 2390/1378/1184 2574/1413/1182
f 2577/1413/1387 2578/1136/1387 1181/1136/1387
f 2577/1413/1387 1181/1136/1387 2573/1413/1387
f 2578/1136/1388 2577/1413/1388 2574/1413/1388
f 2578/1136/1388 2574/1413/1388 1184/1136/1388
f 2578/1136/1382 2579/1135/1382 1182/1135/1383
f 2578/1136/1382 1182/1135/1383 1181/1136/1384
f 2579/1135/1385 2578/1136/1386 1184/1136/1386
f 2579/1135/1385 1184/1136/1386 1183/1135/1385
f 2579/1135/1323 2576/1378/1323 2389/1378/1323
f 2579/1135/1323 2389/1378/1323 1182/1135/1323
f 2576/1378/1325 2579/1135/1325 1183/1135/1325
f 2576/1378/1325 1183/1135/1325 2390/1378/1325
f 2580/1128/1389 2581/1093/1390 1150/1093/1389
f 2580/1128/1389 1150/1093/1389 1153/1128/1389
f 2581/1093/1391 2580/1128/1391 1154/1128/1391
f 2581/1093/1391 1154/1128/1391 1151/1093/1391
f 2581/1093/1392 2582/1408/1393 2538/1408/1393
f 2581/1093/1392 2538/1408/1393 1150/1093/1392
f 2582/1408/1394 2581/1093/1395 1151/1093/1395
f 2582/1408/1394 1151/1093/1395 2539/1408/1395
f 2582/1408/1396 2583/1351/1396 2231/1351/1396
f 2582/1408/1396 2231/1351/1396 2538/1408/1396
f 2583/1351/1397 2582/1408/1397 2539/1408/1397
f 2583/1351/1397 2539/1408/1397 2232/1351/1397
f 2583/1351/1347 2580/1128/1348 1153/1128/1348
f 2583/1351/1347 1153/1128/1348 2231/1351/1347
f 2580/1128/1349 2583/1351/1349 2232/1351/1349
f 2580/1128/1349 2232/1351/1349 1154/1128/1349
f 2584/1351/1148 2585/1408/1148 2538/1408/1149
f 2584/1351/1148 2538/1408/1149 2231/1351/1148
f 2585/1408/1150 2584/1351/1150 2232/1351/1150
f 2585/1408/1150 2232/1351/1150 2539/1408/1150
f 2585/1408/1398 2586/1409/1398 2544/1409/1398
f 2585/1408/1398 2544/1409/1398 2538/1408/1398
f 2586/1409/1387 2585/1408/1387 2539/1408/1387
f 2586/1409/1387 2539/1408/1387 2545/1409/1387
f 2586/1409/1396 2587/1353/1396 2239/1353/1396
f 2586/1409/1396 2239/1353/1396 2544/1409/1396
f 2587/1353/1397 2586/1409/1397 2545/1409/1397
f 2587/1353/1397 2545/1409/1397 2240/1353/1397
f 2587/1353/1325 2584/1351/1325 2231/1351/1325
f 2587/1353/1325 2231/1351/1325 2239/1353/1325
f 2584/1351/1324 2587/1353/1324 2240/1353/1324
f 2584/1351/1324 2240/1353/1324 2232/1351/1324
f 2588/1353/1148 2589/1409/1148 2544/1409/1149
f 2588/1353/1148 2544/1409/1149 2239/1353/1148
f 2589/1409/1399 2588/1353/1150 2240/1353/1150
f 2589/1409/1399 2240/1353/1150 2545/1409/1150
f 2589/1409/1398 2590/1410/1398 2550/1410/1398
f 2589/1409/1398 2550/1410/1398 2544/1409/1398
f 2590/1410/1387 2589/1409/1387 2545/1409/1387
f 2590/1410/1387 2545/1409/1387 2551/1410/1387
f 2590/1410/1396 2591/1355/1396 2247/1355/1396
f 2590/1410/1396 2247/1355/1396 2550/1410/1396
f 2591/1355/1397 2590/1410/1397 2551/1410/1397
f 2591/1355/1397 2551/1410/1397 2248/1355/1397
f 2591/1355/1325 2588/1353/1325 2239/1353/1325
f 2591/1355/1325 2239/1353/1325 2247/1355/1325
f 2588/1353/1324 2591/1355/1324 2248/1355/1324
f 2588/1353/1324 2248/1355/1324 2240/1353/1324
f 2592/1355/1148 2593/1410/1148 2550/1410/1149
f 2592/1355/1148 2550/1410/1149 2247/1355/1148
f 2593/1410/1399 2592/1355/1150 2248/1355/1150
f 2593/1410/1399 2248/1355/1150 2551/1410/1150
f 2593/1410/1398 2594/1130/1398 1157/1130/1398
f 2593/1410/1398 1157/1130/1398 2550/1410/1398
f 2594/1130/1387 2593/1410/1387 2551/1410/1387
f 2594/1130/1387 2551/1410/1387 1160/1130/1387
f 2594/1130/1396 2595/1129/1396 1158/1129/1396
f 2594/1130/1396 1158/1129/1396 1157/1130/1396
f 2595/1129/1397 2594/1130/1397 1160/1130/1397
f 2595/1129/1397 1160/1130/1397 1159/1129/1397
f 2595/1129/1325 2592/1355/1325 2247/1355/1325
f 2595/1129/1325 2247/1355/1325 1158/1129/1325
f 2592/1355/1324 2595/1129/1324 1159/1129/1324
f 2592/1355/1324 1159/1129/1324 2248/1355/1324
f 2596/1325/1400 2597/1103/1401 2598/1103/1400
f 2596/1325/1400 2598/1103/1400 2078/1325/1400
f 2597/1103/1402 2596/1325/1402 2081/1325/1402
f 2597/1103/1402 2081/1325/1402 2599/1103/1402
f 2597/1103/1403 2600/1414/1404 2601/1414/1404
f 2597/1103/1403 2601/1414/1404 2598/1103/1403
f 2600/1414/1405 2597/1103/1406 2599/1103/1406
f 2600/1414/1405 2599/1103/1406 2602/1414/1406
f 2600/1414/1407 2603/1326/1407 2083/1326/1407
f 2600/1414/1407 2083/1326/1407 2601/1414/1407
f 2603/1326/1408 2600/1414/1408 2602/1414/1408
f 2603/1326/1408 2602/1414/1408 2084/1326/1408
f 2603/1326/1319 2596/1325/1320 2078/1325/1320
f 2603/1326/1319 2078/1325/1320 2083/1326/1319
f 2596/1325/1321 2603/1326/1321 2084/1326/1321
f 2596/1325/1321 2084/1326/1321 2081/1325/1321
f 2604/1326/1116 2605/1414/1116 2601/1414/1117
f 2604/1326/1116 2601/1414/1117 2083/1326/1116
f 2605/1414/1118 2604/1326/1118 2084/1326/1118
f 2605/1414/1118 2084/1326/1118 2602/1414/1118
f 2605/1414/1409 2606/1415/1409 2607/1415/1409
f 2605/1414/1409 2607/1415/1409 2601/1414/1409
f 2606/1415/1371 2605/1414/1371 2602/1414/1371
f 2606/1415/1371 2602/1414/1371 2608/1415/1371
f 2606/1415/1407 2609/1328/1407 2091/1328/1407
f 2606/1415/1407 2091/1328/1407 2607/1415/1407
f 2609/1328/1408 2606/1415/1408 2608/1415/1408
f 2609/1328/1408 2608/1415/1408 2092/1328/1408
f 2609/1328/1324 2604/1326/1324 2083/1326/1324
f 2609/1328/1324 2083/1326/1324 2091/1328/1324
f 2604/1326/1325 2609/1328/1325 2092/1328/1325
f 2604/1326/1325 2092/1328/1325 2084/1326/1325
f 2610/1328/1116 2611/1415/1116 2607/1415/1117
f 2610/1328/1116 2607/1415/1117 2091/1328/1116
f 2611/1415/1410 2610/1328/1118 2092/1328/1118
f 2611/1415/1410 2092/1328/1118 2608/1415/1118
f 2611/1415/1409 2612/1416/1409 2613/1416/1409
f 2611/1415/1409 2613/1416/1409 2607/1415/1409
f 2612/1416/1371 2611/1415/1371 2608/1415/1371
f 2612/1416/1371 2608/1415/1371 2614/1416/1371
f 2612/1416/1407 2615/1330/1407 2099/1330/1407
f 2612/1416/1407 2099/1330/1407 2613/1416/1407
f 2615/1330/1408 2612/1416/1408 2614/1416/1408
f 2615/1330/1408 2614/1416/1408 2100/1330/1408
f 2615/1330/1324 2610/1328/1324 2091/1328/1324
f 2615/1330/1324 2091/1328/1324 2099/1330/1324
f 2610/1328/1325 2615/1330/1325 2100/1330/1325
f 2610/1328/1325 2100/1330/1325 2092/1328/1325
f 2616/1330/1116 2617/1416/1116 2613/1416/1117
f 2616/1330/1116 2613/1416/1117 2099/1330/1116
f 2617/1416/1410 2616/1330/1118 2100/1330/1118
f 2617/1416/1410 2100/1330/1118 2614/1416/1118
f 2617/1416/1409 2618/1124/1409 1133/1124/1409
f 2617/1416/1409 1133/1124/1409 2613/1416/1409
f 2618/1124/1371 2617/1416/1371 2614/1416/1371
f 2618/1124/1371 2614/1416/1371 1136/1124/1371
f 2618/1124/1407 2619/1123/1407 1134/1123/1407
f 2618/1124/1407 1134/1123/1407 1133/1124/1407
f 2619/1123/1408 2618/1124/1408 1136/1124/1408
f 2619/1123/1408 1136/1124/1408 1135/1123/1408
f 2619/1123/1324 2616/1330/1324 2099/1330/1324
f 2619/1123/1324 2099/1330/1324 1134/1123/1324
f 2616/1330/1325 2619/1123/1325 1135/1123/1325
f 2616/1330/1325 1135/1123/1325 2100/1330/1325
f 2620/1406/1213 2621/1399/1213 2496/1399/1213
f 2620/1406/1213 2496/1399/1213 2525/1406/1213
f 2621/1399/1214 2620/1406/1214 2526/1406/1214
f 2621/1399/1214 2526/1406/1214 2497/1399/1214
f 2621/1399/1322 2622/1142/1322 1210/1142/1322
f 2621/1399/1322 1210/1142/1322 2496/1399/1322
f 2622/1142/1324 2621/1399/1324 2497/1399/1324
f 2622/1142/1324 2497/1399/1324 1211/1142/1324
f 2622/1142/1262 2623/1140/1262 1201/1140/1262
f 2622/1142/1262 1201/1140/1262 1210/1142/1262
f 2623/1140/1243 2622/1142/1243 1211/1142/1243
f 2623/1140/1243 1211/1142/1243 1202/1140/1243
f 2623/1140/1323 2620/1406/1323 2525/1406/1323
f 2623/1140/1323 2525/1406/1323 1201/1140/1323
f 2620/1406/1325 2623/1140/1325 1202/1140/1325
f 2620/1406/1325 1202/1140/1325 2526/1406/1325
f 2624/1404/1213 2625/1398/1213 2490/1398/1213
f 2624/1404/1213 2490/1398/1213 2517/1404/1213
f 2625/1398/1214 2624/1404/1214 2518/1404/1214
f 2625/1398/1214 2518/1404/1214 2491/1398/1214
f 2625/1398/1322 2626/1399/1322 2496/1399/1322
f 2625/1398/1322 2496/1399/1322 2490/1398/1322
f 2626/1399/1324 2625/1398/1324 2491/1398/1324
f 2626/1399/1324 2491/1398/1324 2497/1399/1324
f 2626/1399/1262 2627/1406/1262 2525/1406/1262
f 2626/1399/1262 2525/1406/1262 2496/1399/1262
f 2627/1406/1243 2626/1399/1243 2497/1399/1243
f 2627/1406/1243 2497/1399/1243 2526/1406/1243
f 2627/1406/1323 2624/1404/1323 2517/1404/1323
f 2627/1406/1323 2517/1404/1323 2525/1406/1323
f 2624/1404/1325 2627/1406/1325 2526/1406/1325
f 2624/1404/1325 2526/1406/1325 2518/1404/1325
f 2628/1402/1213 2629/1397/1213 2484/1397/1213
f 2628/1402/1213 2484/1397/1213 2509/1402/1213
f 2629/1397/1214 2628/1402/1214 2510/1402/1214
f 2629/1397/1214 2510/1402/1214 2485/1397/1214
f 2629/1397/1322 2630/1398/1322 2490/1398/1322
f 2629/1397/1322 2490/1398/1322 2484/1397/1322
f 2630/1398/1324 2629/1397/1324 2485/1397/1324
f 2630/1398/1324 2485/1397/1324 2491/1398/1324
f 2630/1398/1262 2631/1404/1262 2517/1404/1262
f 2630/1398/1262 2517/1404/1262 2490/1398/1262
f 2631/1404/1243 2630/1398/1243 2491/1398/1243
f 2631/1404/1243 2491/1398/1243 2518/1404/1243
f 2631/1404/1323 2628/1402/1323 2509/1402/1323
f 2631/1404/1323 2509/1402/1323 2517/1404/1323
f 2628/1402/1325 2631/1404/1325 2518/1404/1325
f 2628/1402/1325 2518/1404/1325 2510/1402/1325
f 2632/1401/1242 2633/1396/1242 2480/1396/1242
f 2632/1401/1242 2480/1396/1242 2504/1401/1242
f 2633/1396/1350 2632/1401/1350 2507/1401/1350
f 2633/1396/1350 2507/1401/1350 2481/1396/1350
f 2633/1396/1352 2634/1397/1352 2484/1397/1352
f 2633/1396/1352 2484/1397/1352 2480/1396/1352
f 2634/1397/1353 2633/1396/1353 2481/1396/1353
f 2634/1397/1353 2481/1396/1353 2485/1397/1353
f 2634/1397/1262 2635/1402/1262 2509/1402/1262
f 2634/1397/1262 2509/1402/1262 2484/1397/1262
f 2635/1402/1243 2634/1397/1243 2485/1397/1243
f 2635/1402/1243 2485/1397/1243 2510/1402/1243
f 2635/1402/1354 2632/1401/1355 2504/1401/1355
f 2635/1402/1354 2504/1401/1355 2509/1402/1354
f 2632/1401/1356 2635/1402/1356 2510/1402/1356
f 2632/1401/1356 2510/1402/1356 2507/1401/1356
f 2636/1296/1264 2637/1159/1264 1274/1159/1264
f 2636/1296/1264 1274/1159/1264 1889/1296/1264
f 2637/1159/1263 2636/1296/1263 1890/1296/1263
f 2637/1159/1263 1890/1296/1263 1275/1159/1263
f 2637/1159/1262 2638/1160/1262 1279/1160/1262
f 2637/1159/1262 1279/1160/1262 1274/1159/1262
f 2638/1160/1213 2637/1159/1213 1275/1159/1213
f 2638/1160/1213 1275/1159/1213 1280/1160/1213
f 2638/1160/1261 2639/1284/1261 1840/1284/1261
f 2638/1160/1261 1840/1284/1261 1279/1160/1261
f 2639/1284/1260 2638/1160/1260 1280/1160/1260
f 2639/1284/1260 1280/1160/1260 1841/1284/1260
f 2639/1284/1243 2636/1296/1243 1889/1296/1243
f 2639/1284/1243 1889/1296/1243 1840/1284/1243
f 2636/1296/1214 2639/1284/1214 1841/1284/1214
f 2636/1296/1214 1841/1284/1214 1890/1296/1214
f 2640/1294/1264 2641/1296/1264 1889/1296/1264
f 2640/1294/1264 1889/1296/1264 1881/1294/1264
f 2641/1296/1263 2640/1294/1263 1882/1294/1263
f 2641/1296/1263 1882/1294/1263 1890/1296/1263
f 2641/1296/1262 2642/1284/1262 1840/1284/1262
f 2641/1296/1262 1840/1284/1262 1889/1296/1262
f 2642/1284/1213 2641/1296/1213 1890/1296/1213
f 2642/1284/1213 1890/1296/1213 1841/1284/1213
f 2642/1284/1261 2643/1283/1261 1834/1283/1261
f 2642/1284/1261 1834/1283/1261 1840/1284/1261
f 2643/1283/1260 2642/1284/1260 1841/1284/1260
f 2643/1283/1260 1841/1284/1260 1835/1283/1260
f 2643/1283/1243 2640/1294/1243 1881/1294/1243
f 2643/1283/1243 1881/1294/1243 1834/1283/1243
f 2640/1294/1214 2643/1283/1214 1835/1283/1214
f 2640/1294/1214 1835/1283/1214 1882/1294/1214
f 2644/1292/1264 2645/1294/1264 1881/1294/1264
f 2644/1292/1264 1881/1294/1264 1873/1292/1264
f 2645/1294/1263 2644/1292/1263 1874/1292/1263
f 2645/1294/1263 1874/1292/1263 1882/1294/1263
f 2645/1294/1262 2646/1283/1262 1834/1283/1262
f 2645/1294/1262 1834/1283/1262 1881/1294/1262
f 2646/1283/1213 2645/1294/1213 1882/1294/1213
f 2646/1283/1213 1882/1294/1213 1835/1283/1213
f 2646/1283/1261 2647/1282/1261 1828/1282/1261
f 2646/1283/1261 1828/1282/1261 1834/1283/1261
f 2647/1282/1260 2646/1283/1260 1835/1283/1260
f 2647/1282/1260 1835/1283/1260 1829/1282/1260
f 2647/1282/1243 2644/1292/1243 1873/1292/1243
f 2647/1282/1243 1873/1292/1243 1828/1282/1243
f 2644/1292/1214 2647/1282/1214 1829/1282/1214
f 2644/1292/1214 1829/1282/1214 1874/1292/1214
f 2648/1290/1264 2649/1292/1264 1873/1292/1264
f 2648/1290/1264 1873/1292/1264 1865/1290/1264
f 2649/1292/1263 2648/1290/1263 1866/1290/1263
f 2649/1292/1263 1866/1290/1263 1874/1292/1263
f 2649/1292/1262 2650/1282/1262 1828/1282/1262
f 2649/1292/1262 1828/1282/1262 1873/1292/1262
f 2650/1282/1213 2649/1292/1213 1874/1292/1213
f 2650/1282/1213 1874/1292/1213 1829/1282/1213
f 2650/1282/1261 2651/1281/1261 1822/1281/1261
f 2650/1282/1261 1822/1281/1261 1828/1282/1261
f 2651/1281/1260 2650/1282/1260 1829/1282/1260
f 2651/1281/1260 1829/1282/1260 1823/1281/1260
f 2651/1281/1243 2648/1290/1243 1865/1290/1243
f 2651/1281/1243 1865/1290/1243 1822/1281/1243
f 2648/1290/1214 2651/1281/1214 1823/1281/1214
f 2648/1290/1214 1823/1281/1214 1866/1290/1214
f 2652/1287/1264 2653/1290/1264 1865/1290/1264
f 2652/1287/1264 1865/1290/1264 1855/1287/1264
f 2653/1290/1263 2652/1287/1263 1856/1287/1263
f 2653/1290/1263 1856/1287/1263 1866/1290/1263
f 2653/1290/1262 2654/1281/1262 1822/1281/1262
f 2653/1290/1262 1822/1281/1262 1865/1290/1262
f 2654/1281/1213 2653/1290/1213 1866/1290/1213
f 2654/1281/1213 1866/1290/1213 1823/1281/1213
f 2654/1281/1261 2655/1278/1261 1810/1278/1261
f 2654/1281/1261 1810/1278/1261 1822/1281/1261
f 2655/1278/1260 2654/1281/1260 1823/1281/1260
f 2655/1278/1260 1823/1281/1260 1813/1278/1260
f 2655/1278/1243 2652/1287/1243 1855/1287/1243
f 2655/1278/1243 1855/1287/1243 1810/1278/1243
f 2652/1287/1214 2655/1278/1214 1813/1278/1214
f 2652/1287/1214 1813/1278/1214 1856/1287/1214
f 2656/1288/1264 2657/1287/1264 1855/1287/1264
f 2656/1288/1264 1855/1287/1264 1858/1288/1264
f 2657/1287/1263 2656/1288/1263 1859/1288/1263
f 2657/1287/1263 1859/1288/1263 1856/1287/1263
f 2657/1287/1262 2658/1278/1262 1810/1278/1262
f 2657/1287/1262 1810/1278/1262 1855/1287/1262
f 2658/1278/1213 2657/1287/1213 1856/1287/1213
f 2658/1278/1213 1856/1287/1213 1813/1278/1213
f 2658/1278/1261 2659/1277/1261 1811/1277/1261
f 2658/1278/1261 1811/1277/1261 1810/1278/1261
f 2659/1277/1260 2658/1278/1260 1813/1278/1260
f 2659/1277/1260 1813/1278/1260 1812/1277/1260
f 2659/1277/1243 2656/1288/1243 1858/1288/1243
f 2659/1277/1243 1858/1288/1243 1811/1277/1243
f 2656/1288/1214 2659/1277/1214 1812/1277/1214
f 2656/1288/1214 1812/1277/1214 1859/1288/1214
f 2660/1217/1260 2661/1183/1260 1362/1183/1260
f 2660/1217/1260 1362/1183/1260 1505/1217/1260
f 2661/1183/1261 2660/1217/1261 1506/1217/1261
f 2661/1183/1261 1506/1217/1261 1363/1183/1261
f 2661/1183/1213 2662/1184/1213 1367/1184/1213
f 2661/1183/1213 1367/1184/1213 1362/1183/1213
f 2662/1184/1262 2661/1183/1262 1363/1183/1262
f 2662/1184/1262 1363/1183/1262 1368/1184/1262
f 2662/1184/1263 2663/1205/1263 1456/1205/1263
f 2662/1184/1263 1456/1205/1263 1367/1184/1263
f 2663/1205/1264 2662/1184/1264 1368/1184/1264
f 2663/1205/1264 1368/1184/1264 1457/1205/1264
f 2663/1205/1214 2660/1217/1214 1505/1217/1214
f 2663/1205/1214 1505/1217/1214 1456/1205/1214
f 2660/1217/1243 2663/1205/1243 1457/1205/1243
f 2660/1217/1243 1457/1205/1243 1506/1217/1243
f 2664/1215/1260 2665/1217/1260 1505/1217/1260
f 2664/1215/1260 1505/1217/1260 1497/1215/1260
f 2665/1217/1261 2664/1215/1261 1498/1215/1261
f 2665/1217/1261 1498/1215/1261 1506/1217/1261
f 2665/1217/1213 2666/1205/1213 1456/1205/1213
f 2665/1217/1213 1456/1205/1213 1505/1217/1213
f 2666/1205/1262 2665/1217/1262 1506/1217/1262
f 2666/1205/1262 1506/1217/1262 1457/1205/1262
f 2666/1205/1263 2667/1204/1263 1450/1204/1263
f 2666/1205/1263 1450/1204/1263 1456/1205/1263
f 2667/1204/1264 2666/1205/1264 1457/1205/1264
f 2667/1204/1264 1457/1205/1264 1451/1204/1264
f 2667/1204/1214 2664/1215/1214 1497/1215/1214
f 2667/1204/1214 1497/1215/1214 1450/1204/1214
f 2664/1215/1243 2667/1204/1243 1451/1204/1243
f 2664/1215/1243 1451/1204/1243 1498/1215/1243
f 2668/1213/1260 2669/1215/1260 1497/1215/1260
f 2668/1213/1260 1497/1215/1260 1489/1213/1260
f 2669/1215/1261 2668/1213/1261 1490/1213/1261
f 2669/1215/1261 1490/1213/1261 1498/1215/1261
f 2669/1215/1213 2670/1204/1213 1450/1204/1213
f 2669/1215/1213 1450/1204/1213 1497/1215/1213
f 2670/1204/1262 2669/1215/1262 1498/1215/1262
f 2670/1204/1262 1498/1215/1262 1451/1204/1262
f 2670/1204/1263 2671/1203/1263 1444/1203/1263
f 2670/1204/1263 1444/1203/1263 1450/1204/1263
f 2671/1203/1264 2670/1204/1264 1451/1204/1264
f 2671/1203/1264 1451/1204/1264 1445/1203/1264
f 2671/1203/1214 2668/1213/1214 1489/1213/1214
f 2671/1203/1214 1489/1213/1214 1444/1203/1214
f 2668/1213/1243 2671/1203/1243 1445/1203/1243
f 2668/1213/1243 1445/1203/1243 1490/1213/1243
f 2672/1211/1260 2673/1213/1260 1489/1213/1260
f 2672/1211/1260 1489/1213/1260 1481/1211/1260
f 2673/1213/1261 2672/1211/1261 1482/1211/1261
f 2673/1213/1261 1482/1211/1261 1490/1213/1261
f 2673/1213/1213 2674/1203/1213 1444/1203/1213
f 2673/1213/1213 1444/1203/1213 1489/1213/1213
f 2674/1203/1262 2673/1213/1262 1490/1213/1262
f 2674/1203/1262 1490/1213/1262 1445/1203/1262
f 2674/1203/1263 2675/1202/1263 1438/1202/1263
f 2674/1203/1263 1438/1202/1263 1444/1203/1263
f 2675/1202/1264 2674/1203/1264 1445/1203/1264
f 2675/1202/1264 1445/1203/1264 1439/1202/1264
f 2675/1202/1214 2672/1211/1214 1481/1211/1214
f 2675/1202/1214 1481/1211/1214 1438/1202/1214
f 2672/1211/1243 2675/1202/1243 1439/1202/1243
f 2672/1211/1243 1439/1202/1243 1482/1211/1243
f 2676/1208/1260 2677/1211/1260 1481/1211/1260
f 2676/1208/1260 1481/1211/1260 1471/1208/1260
f 2677/1211/1261 2676/1208/1261 1472/1208/1261
f 2677/1211/1261 1472/1208/1261 1482/1211/1261
f 2677/1211/1213 2678/1202/1213 1438/1202/1213
f 2677/1211/1213 1438/1202/1213 1481/1211/1213
f 2678/1202/1262 2677/1211/1262 1482/1211/1262
f 2678/1202/1262 1482/1211/1262 1439/1202/1262
f 2678/1202/1263 2679/1201/1263 1430/1201/1263
f 2678/1202/1263 1430/1201/1263 1438/1202/1263
f 2679/1201/1264 2678/1202/1264 1439/1202/1264
f 2679/1201/1264 1439/1202/1264 1433/1201/1264
f 2679/1201/1214 2676/1208/1214 1471/1208/1214
f 2679/1201/1214 1471/1208/1214 1430/1201/1214
f 2676/1208/1243 2679/1201/1243 1433/1201/1243
f 2676/1208/1243 1433/1201/1243 1472/1208/1243
f 2680/1209/1260 2681/1208/1260 1471/1208/1260
f 2680/1209/1260 1471/1208/1260 1474/1209/1260
f 2681/1208/1261 2680/1209/1261 1475/1209/1261
f 2681/1208/1261 1475/1209/1261 1472/1208/1261
f 2681/1208/1213 2682/1201/1213 1430/1201/1213
f 2681/1208/1213 1430/1201/1213 1471/1208/1213
f 2682/1201/1262 2681/1208/1262 1472/1208/1262
f 2682/1201/1262 1472/1208/1262 1433/1201/1262
f 2682/1201/1263 2683/1200/1263 1431/1200/1263
f 2682/1201/1263 1431/1200/1263 1430/1201/1263
f 2683/1200/1264 2682/1201/1264 1433/1201/1264
f 2683/1200/1264 1433/1201/1264 1432/1200/1264
f 2683/1200/1214 2680/1209/1214 1474/1209/1214
f 2683/1200/1214 1474/1209/1214 1431/1200/1214
f 2680/1209/1243 2683/1200/1243 1432/1200/1243
f 2680/1209/1243 1432/1200/1243 1475/1209/1243
f 2684/1183/1132 2685/1182/1132 1359/1182/1133
f 2684/1183/1132 1359/1182/1133 1362/1183/1132
f 2685/1182/1134 2684/1183/1134 1363/1183/1134
f 2685/1182/1134 1363/1183/1134 1360/1182/1134
f 2685/1182/1258 2686/1185/1258 1366/1185/1258
f 2685/1182/1259 1366/1185/1259 1359/1182/1259
f 2686/1185/1215 2685/1182/1215 1360/1182/1215
f 2686/1185/1215 1360/1182/1215 1369/1185/1215
f 2686/1185/1252 2687/1184/1252 1367/1184/1252
f 2686/1185/1252 1367/1184/1252 1366/1185/1252
f 2687/1184/1253 2686/1185/1253 1369/1185/1253
f 2687/1184/1253 1369/1185/1253 1368/1184/1253
f 2687/1184/1214 2684/1183/1214 1362/1183/1214
f 2687/1184/1214 1362/1183/1214 1367/1184/1214
f 2684/1183/1243 2687/1184/1243 1368/1184/1243
f 2684/1183/1243 1368/1184/1243 1363/1183/1243
f 2688/1159/1164 2689/1158/1164 1271/1158/1165
f 2688/1159/1164 1271/1158/1165 1274/1159/1164
f 2689/1158/1166 2688/1159/1166 1275/1159/1166
f 2689/1158/1166 1275/1159/1166 1272/1158/1166
f 2689/1158/1241 2690/1161/1241 1278/1161/1241
f 2689/1158/1241 1278/1161/1241 1271/1158/1241
f 2690/1161/1242 2689/1158/1242 1272/1158/1242
f 2690/1161/1242 1272/1158/1242 1281/1161/1242
f 2690/1161/1235 2691/1160/1235 1279/1160/1235
f 2690/1161/1235 1279/1160/1235 1278/1161/1235
f 2691/1160/1236 2690/1161/1236 1281/1161/1236
f 2691/1160/1236 1281/1161/1236 1280/1160/1236
f 2691/1160/1243 2688/1159/1243 1274/1159/1243
f 2691/1160/1243 1274/1159/1243 1279/1160/1243
f 2688/1159/1214 2691/1160/1214 1280/1160/1214
f 2688/1159/1214 1280/1160/1214 1275/1159/1214
f 2692/1140/1213 2693/1142/1213 1210/1142/1213
f 2692/1140/1213 1210/1142/1213 1201/1140/1213
f 2693/1142/1214 2692/1140/1214 1202/1140/1214
f 2693/1142/1214 1202/1140/1214 1211/1142/1214
f 2693/1142/1201 2694/1145/1202 1217/1145/1202
f 2693/1142/1201 1217/1145/1202 1210/1142/1201
f 2694/1145/1203 2693/1142/1203 1211/1142/1203
f 2694/1145/1203 1211/1142/1203 1218/1145/1203
f 2694/1145/1215 2695/1141/1215 1204/1141/1215
f 2694/1145/1215 1204/1141/1215 1217/1145/1215
f 2695/1141/1216 2694/1145/1216 1218/1145/1216
f 2695/1141/1216 1218/1145/1216 1205/1141/1216
f 2695/1141/1194 2692/1140/1194 1201/1140/1194
f 2695/1141/1194 1201/1140/1194 1204/1141/1194
f 2692/1140/1195 2695/1141/1195 1205/1141/1195
f 2692/1140/1195 1205/1141/1195 1202/1140/1195
f 2696/1390/1213 2697/1383/1213 2416/1383/1213
f 2696/1390/1213 2416/1383/1213 2445/1390/1213
f 2697/1383/1214 2696/1390/1214 2446/1390/1214
f 2697/1383/1214 2446/1390/1214 2417/1383/1214
f 2697/1383/1322 2698/1150/1322 1238/1150/1322
f 2697/1383/1322 1238/1150/1322 2416/1383/1322
f 2698/1150/1324 2697/1383/1324 2417/1383/1324
f 2698/1150/1324 2417/1383/1324 1239/1150/1324
f 2698/1150/1262 2699/1148/1262 1229/1148/1262
f 2698/1150/1262 1229/1148/1262 1238/1150/1262
f 2699/1148/1243 2698/1150/1243 1239/1150/1243
f 2699/1148/1243 1239/1150/1243 1230/1148/1243
f 2699/1148/1323 2696/1390/1323 2445/1390/1323
f 2699/1148/1323 2445/1390/1323 1229/1148/1323
f 2696/1390/1325 2699/1148/1325 1230/1148/1325
f 2696/1390/1325 1230/1148/1325 2446/1390/1325
f 2700/1388/1213 2701/1382/1213 2410/1382/1213
f 2700/1388/1213 2410/1382/1213 2437/1388/1213
f 2701/1382/1214 2700/1388/1214 2438/1388/1214
f 2701/1382/1214 2438/1388/1214 2411/1382/1214
f 2701/1382/1322 2702/1383/1322 2416/1383/1322
f 2701/1382/1322 2416/1383/1322 2410/1382/1322
f 2702/1383/1324 2701/1382/1324 2411/1382/1324
f 2702/1383/1324 2411/1382/1324 2417/1383/1324
f 2702/1383/1262 2703/1390/1262 2445/1390/1262
f 2702/1383/1262 2445/1390/1262 2416/1383/1262
f 2703/1390/1243 2702/1383/1243 2417/1383/1243
f 2703/1390/1243 2417/1383/1243 2446/1390/1243
f 2703/1390/1323 2700/1388/1323 2437/1388/1323
f 2703/1390/1323 2437/1388/1323 2445/1390/1323
f 2700/1388/1325 2703/1390/1325 2446/1390/1325
f 2700/1388/1325 2446/1390/1325 2438/1388/1325
f 2704/1386/1213 2705/1381/1213 2404/1381/1213
f 2704/1386/1213 2404/1381/1213 2429/1386/1213
f 2705/1381/1214 2704/1386/1214 2430/1386/1214
f 2705/1381/1214 2430/1386/1214 2405/1381/1214
f 2705/1381/1322 2706/1382/1322 2410/1382/1322
f 2705/1381/1322 2410/1382/1322 2404/1381/1322
f 2706/1382/1324 2705/1381/1324 2405/1381/1324
f 2706/1382/1324 2405/1381/1324 2411/1382/1324
f 2706/1382/1262 2707/1388/1262 2437/1388/1262
f 2706/1382/1262 2437/1388/1262 2410/1382/1262
f 2707/1388/1243 2706/1382/1243 2411/1382/1243
f 2707/1388/1243 2411/1382/1243 2438/1388/1243
f 2707/1388/1323 2704/1386/1323 2429/1386/1323
f 2707/1388/1323 2429/1386/1323 2437/1388/1323
f 2704/1386/1325 2707/1388/1325 2438/1388/1325
f 2704/1386/1325 2438/1388/1325 2430/1386/1325
f 2708/1385/1242 2709/1380/1242 2400/1380/1242
f 2708/1385/1242 2400/1380/1242 2424/1385/1242
f 2709/1380/1350 2708/1385/1350 2427/1385/1350
f 2709/1380/1350 2427/1385/1350 2401/1380/1350
f 2709/1380/1352 2710/1381/1352 2404/1381/1352
f 2709/1380/1352 2404/1381/1352 2400/1380/1352
f 2710/1381/1353 2709/1380/1353 2401/1380/1353
f 2710/1381/1353 2401/1380/1353 2405/1381/1353
f 2710/1381/1262 2711/1386/1262 2429/1386/1262
f 2710/1381/1262 2429/1386/1262 2404/1381/1262
f 2711/1386/1243 2710/1381/1243 2405/1381/1243
f 2711/1386/1243 2405/1381/1243 2430/1386/1243
f 2711/1386/1354 2708/1385/1355 2424/1385/1355
f 2711/1386/1354 2424/1385/1355 2429/1386/1354
f 2708/1385/1356 2711/1386/1356 2430/1386/1356
f 2708/1385/1356 2430/1386/1356 2427/1385/1356
f 2712/1272/1264 2713/1167/1264 1302/1167/1264
f 2712/1272/1264 1302/1167/1264 1777/1272/1264
f 2713/1167/1263 2712/1272/1263 1778/1272/1263
f 2713/1167/1263 1778/1272/1263 1303/1167/1263
f 2713/1167/1262 2714/1168/1262 1307/1168/1262
f 2713/1167/1262 1307/1168/1262 1302/1167/1262
f 2714/1168/1213 2713/1167/1213 1303/1167/1213
f 2714/1168/1213 1303/1167/1213 1308/1168/1213
f 2714/1168/1261 2715/1264/1261 1744/1264/1261
f 2714/1168/1261 1744/1264/1261 1307/1168/1261
f 2715/1264/1260 2714/1168/1260 1308/1168/1260
f 2715/1264/1260 1308/1168/1260 1745/1264/1260
f 2715/1264/1243 2712/1272/1243 1777/1272/1243
f 2715/1264/1243 1777/1272/1243 1744/1264/1243
f 2712/1272/1214 2715/1264/1214 1745/1264/1214
f 2712/1272/1214 1745/1264/1214 1778/1272/1214
f 2716/1270/1264 2717/1272/1264 1777/1272/1264
f 2716/1270/1264 1777/1272/1264 1769/1270/1264
f 2717/1272/1263 2716/1270/1263 1770/1270/1263
f 2717/1272/1263 1770/1270/1263 1778/1272/1263
f 2717/1272/1262 2718/1264/1262 1744/1264/1262
f 2717/1272/1262 1744/1264/1262 1777/1272/1262
f 2718/1264/1213 2717/1272/1213 1778/1272/1213
f 2718/1264/1213 1778/1272/1213 1745/1264/1213
f 2718/1264/1261 2719/1263/1261 1738/1263/1261
f 2718/1264/1261 1738/1263/1261 1744/1264/1261
f 2719/1263/1260 2718/1264/1260 1745/1264/1260
f 2719/1263/1260 1745/1264/1260 1739/1263/1260
f 2719/1263/1243 2716/1270/1243 1769/1270/1243
f 2719/1263/1243 1769/1270/1243 1738/1263/1243
f 2716/1270/1214 2719/1263/1214 1739/1263/1214
f 2716/1270/1214 1739/1263/1214 1770/1270/1214
f 2720/1267/1264 2721/1270/1264 1769/1270/1264
f 2720/1267/1264 1769/1270/1264 1759/1267/1264
f 2721/1270/1263 2720/1267/1263 1760/1267/1263
f 2721/1270/1263 1760/1267/1263 1770/1270/1263
f 2721/1270/1262 2722/1263/1262 1738/1263/1262
f 2721/1270/1262 1738/1263/1262 1769/1270/1262
f 2722/1263/1213 2721/1270/1213 1770/1270/1213
f 2722/1263/1213 1770/1270/1213 1739/1263/1213
f 2722/1263/1261 2723/1262/1261 1732/1262/1261
f 2722/1263/1261 1732/1262/1261 1738/1263/1261
f 2723/1262/1260 2722/1263/1260 1739/1263/1260
f 2723/1262/1260 1739/1263/1260 1733/1262/1260
f 2723/1262/1243 2720/1267/1243 1759/1267/1243
f 2723/1262/1243 1759/1267/1243 1732/1262/1243
f 2720/1267/1214 2723/1262/1214 1733/1262/1214
f 2720/1267/1214 1733/1262/1214 1760/1267/1214
f 2724/1268/1264 2725/1267/1264 1759/1267/1264
f 2724/1268/1264 1759/1267/1264 1762/1268/1264
f 2725/1267/1263 2724/1268/1263 1763/1268/1263
f 2725/1267/1263 1763/1268/1263 1760/1267/1263
f 2725/1267/1262 2726/1262/1262 1732/1262/1262
f 2725/1267/1262 1732/1262/1262 1759/1267/1262
f 2726/1262/1213 2725/1267/1213 1760/1267/1213
f 2726/1262/1213 1760/1267/1213 1733/1262/1213
f 2726/1262/1261 2727/1261/1261 1726/1261/1261
f 2726/1262/1261 1726/1261/1261 1732/1262/1261
f 2727/1261/1260 2726/1262/1260 1733/1262/1260
f 2727/1261/1260 1733/1262/1260 1727/1261/1260
f 2727/1261/1243 2724/1268/1243 1762/1268/1243
f 2727/1261/1243 1762/1268/1243 1726/1261/1243
f 2724/1268/1214 2727/1261/1214 1727/1261/1214
f 2724/1268/1214 1727/1261/1214 1763/1268/1214
f 2728/1417/1264 2729/1268/1264 1762/1268/1264
f 2728/1417/1264 1762/1268/1264 2730/1417/1264
f 2729/1268/1263 2728/1417/1263 2731/1417/1263
f 2729/1268/1263 2731/1417/1263 1763/1268/1263
f 2729/1268/1262 2732/1261/1262 1726/1261/1262
f 2729/1268/1262 1726/1261/1262 1762/1268/1262
f 2732/1261/1213 2729/1268/1213 1763/1268/1213
f 2732/1261/1213 1763/1268/1213 1727/1261/1213
f 2732/1261/1261 2733/1260/1261 1718/1260/1261
f 2732/1261/1261 1718/1260/1261 1726/1261/1261
f 2733/1260/1260 2732/1261/1260 1727/1261/1260
f 2733/1260/1260 1727/1261/1260 1721/1260/1260
f 2733/1260/1243 2728/1417/1243 2730/1417/1243
f 2733/1260/1243 2730/1417/1243 1718/1260/1243
f 2728/1417/1214 2733/1260/1214 1721/1260/1214
f 2728/1417/1214 1721/1260/1214 2731/1417/1214
f 2734/1418/1264 2735/1417/1264 2730/1417/1264
f 2734/1418/1264 2730/1417/1264 2736/1418/1264
f 2735/1417/1263 2734/1418/1263 2737/1418/1263
f 2735/1417/1263 2737/1418/1263 2731/1417/1263
f 2735/1417/1262 2738/1260/1262 1718/1260/1262
f 2735/1417/1262 1718/1260/1262 2730/1417/1262
f 2738/1260/1213 2735/1417/1213 2731/1417/1213
f 2738/1260/1213 2731/1417/1213 1721/1260/1213
f 2738/1260/1261 2739/1259/1261 1719/1259/1261
f 2738/1260/1261 1719/1259/1261 1718/1260/1261
f 2739/1259/1260 2738/1260/1260 1721/1260/1260
f 2739/1259/1260 1721/1260/1260 1720/1259/1260
f 2739/1259/1243 2734/1418/1243 2736/1418/1243
f 2739/1259/1243 2736/1418/1243 1719/1259/1243
f 2734/1418/1214 2739/1259/1214 1720/1259/1214
f 2734/1418/1214 1720/1259/1214 2737/1418/1214
f 2740/1241/1260 2741/1175/1260 1334/1175/1260
f 2740/1241/1260 1334/1175/1260 1625/1241/1260
f 2741/1175/1261 2740/1241/1261 1626/1241/1261
f 2741/1175/1261 1626/1241/1261 1335/1175/1261
f 2741/1175/1213 2742/1176/1213 1339/1176/1213
f 2741/1175/1213 1339/1176/1213 1334/1175/1213
f 2742/1176/1262 2741/1175/1262 1335/1175/1262
f 2742/1176/1262 1335/1175/1262 1340/1176/1262
f 2742/1176/1263 2743/1229/1263 1576/1229/1263
f 2742/1176/1263 1576/1229/1263 1339/1176/1263
f 2743/1229/1264 2742/1176/1264 1340/1176/1264
f 2743/1229/1264 1340/1176/1264 1577/1229/1264
f 2743/1229/1214 2740/1241/1214 1625/1241/1214
f 2743/1229/1214 1625/1241/1214 1576/1229/1214
f 2740/1241/1243 2743/1229/1243 1577/1229/1243
f 2740/1241/1243 1577/1229/1243 1626/1241/1243
f 2744/1239/1260 2745/1241/1260 1625/1241/1260
f 2744/1239/1260 1625/1241/1260 1617/1239/1260
f 2745/1241/1261 2744/1239/1261 1618/1239/1261
f 2745/1241/1261 1618/1239/1261 1626/1241/1261
f 2745/1241/1213 2746/1229/1213 1576/1229/1213
f 2745/1241/1213 1576/1229/1213 1625/1241/1213
f 2746/1229/1262 2745/1241/1262 1626/1241/1262
f 2746/1229/1262 1626/1241/1262 1577/1229/1262
f 2746/1229/1263 2747/1228/1263 1570/1228/1263
f 2746/1229/1263 1570/1228/1263 1576/1229/1263
f 2747/1228/1264 2746/1229/1264 1577/1229/1264
f 2747/1228/1264 1577/1229/1264 1571/1228/1264
f 2747/1228/1214 2744/1239/1214 1617/1239/1214
f 2747/1228/1214 1617/1239/1214 1570/1228/1214
f 2744/1239/1243 2747/1228/1243 1571/1228/1243
f 2744/1239/1243 1571/1228/1243 1618/1239/1243
f 2748/1237/1260 2749/1239/1260 1617/1239/1260
f 2748/1237/1260 1617/1239/1260 1609/1237/1260
f 2749/1239/1261 2748/1237/1261 1610/1237/1261
f 2749/1239/1261 1610/1237/1261 1618/1239/1261
f 2749/1239/1213 2750/1228/1213 1570/1228/1213
f 2749/1239/1213 1570/1228/1213 1617/1239/1213
f 2750/1228/1262 2749/1239/1262 1618/1239/1262
f 2750/1228/1262 1618/1239/1262 1571/1228/1262
f 2750/1228/1263 2751/1227/1263 1564/1227/1263
f 2750/1228/1263 1564/1227/1263 1570/1228/1263
f 2751/1227/1264 2750/1228/1264 1571/1228/1264
f 2751/1227/1264 1571/1228/1264 1565/1227/1264
f 2751/1227/1214 2748/1237/1214 1609/1237/1214
f 2751/1227/1214 1609/1237/1214 1564/1227/1214
f 2748/1237/1243 2751/1227/1243 1565/1227/1243
f 2748/1237/1243 1565/1227/1243 1610/1237/1243
f 2752/1235/1260 2753/1237/1260 1609/1237/1260
f 2752/1235/1260 1609/1237/1260 1601/1235/1260
f 2753/1237/1261 2752/1235/1261 1602/1235/1261
f 2753/1237/1261 1602/1235/1261 1610/1237/1261
f 2753/1237/1213 2754/1227/1213 1564/1227/1213
f 2753/1237/1213 1564/1227/1213 1609/1237/1213
f 2754/1227/1262 2753/1237/1262 1610/1237/1262
f 2754/1227/1262 1610/1237/1262 1565/1227/1262
f 2754/1227/1263 2755/1226/1263 1558/1226/1263
f 2754/1227/1263 1558/1226/1263 1564/1227/1263
f 2755/1226/1264 2754/1227/1264 1565/1227/1264
f 2755/1226/1264 1565/1227/1264 1559/1226/1264
f 2755/1226/1214 2752/1235/1214 1601/1235/1214
f 2755/1226/1214 1601/1235/1214 1558/1226/1214
f 2752/1235/1243 2755/1226/1243 1559/1226/1243
f 2752/1235/1243 1559/1226/1243 1602/1235/1243
f 2756/1232/1260 2757/1235/1260 1601/1235/1260
f 2756/1232/1260 1601/1235/1260 1591/1232/1260
f 2757/1235/1261 2756/1232/1261 1592/1232/1261
f 2757/1235/1261 1592/1232/1261 1602/1235/1261
f 2757/1235/1213 2758/1226/1213 1558/1226/1213
f 2757/1235/1213 1558/1226/1213 1601/1235/1213
f 2758/1226/1262 2757/1235/1262 1602/1235/1262
f 2758/1226/1262 1602/1235/1262 1559/1226/1262
f 2758/1226/1263 2759/1225/1263 1550/1225/1263
f 2758/1226/1263 1550/1225/1263 1558/1226/1263
f 2759/1225/1264 2758/1226/1264 1559/1226/1264
f 2759/1225/1264 1559/1226/1264 1553/1225/1264
f 2759/1225/1214 2756/1232/1214 1591/1232/1214
f 2759/1225/1214 1591/1232/1214 1550/1225/1214
f 2756/1232/1243 2759/1225/1243 1553/1225/1243
f 2756/1232/1243 1553/1225/1243 1592/1232/1243
f 2760/1233/1260 2761/1232/1260 1591/1232/1260
f 2760/1233/1260 1591/1232/1260 1594/1233/1260
f 2761/1232/1261 2760/1233/1261 1595/1233/1261
f 2761/1232/1261 1595/1233/1261 1592/1232/1261
f 2761/1232/1213 2762/1225/1213 1550/1225/1213
f 2761/1232/1213 1550/1225/1213 1591/1232/1213
f 2762/1225/1262 2761/1232/1262 1592/1232/1262
f 2762/1225/1262 1592/1232/1262 1553/1225/1262
f 2762/1225/1263 2763/1224/1263 1551/1224/1263
f 2762/1225/1263 1551/1224/1263 1550/1225/1263
f 2763/1224/1264 2762/1225/1264 1553/1225/1264
f 2763/1224/1264 1553/1225/1264 1552/1224/1264
f 2763/1224/1214 2760/1233/1214 1594/1233/1214
f 2763/1224/1214 1594/1233/1214 1551/1224/1214
f 2760/1233/1243 2763/1224/1243 1552/1224/1243
f 2760/1233/1243 1552/1224/1243 1595/1233/1243
f 2764/1175/1132 2765/1174/1132 1331/1174/1133
f 2764/1175/1132 1331/1174/1133 1334/1175/1132
f 2765/1174/1134 2764/1175/1134 1335/1175/1134
f 2765/1174/1134 1335/1175/1134 1332/1174/1134
f 2765/1174/1258 2766/1177/1258 1338/1177/1258
f 2765/1174/1258 1338/1177/1258 1331/1174/1258
f 2766/1177/1215 2765/1174/1215 1332/1174/1215
f 2766/1177/1215 1332/1174/1215 1341/1177/1215
f 2766/1177/1252 2767/1176/1252 1339/1176/1252
f 2766/1177/1252 1339/1176/1252 1338/1177/1252
f 2767/1176/1253 2766/1177/1253 1341/1177/1253
f 2767/1176/1253 1341/1177/1253 1340/1176/1253
f 2767/1176/1214 2764/1175/1214 1334/1175/1214
f 2767/1176/1214 1334/1175/1214 1339/1176/1214
f 2764/1175/1243 2767/1176/1243 1340/1176/1243
f 2764/1175/1243 1340/1176/1243 1335/1175/1243
f 2768/1167/1164 2769/1166/1164 1299/1166/1165
f 2768/1167/1164 1299/1166/1165 1302/1167/1164
f 2769/1166/1166 2768/1167/1166 1303/1167/1166
f 2769/1166/1166 1303/1167/1166 1300/1166/1166
f 2769/1166/1241 2770/1169/1241 1306/1169/1241
f 2769/1166/1244 1306/1169/1244 1299/1166/1244
f 2770/1169/1242 2769/1166/1242 1300/1166/1242
f 2770/1169/1242 1300/1166/1242 1309/1169/1242
f 2770/1169/1235 2771/1168/1235 1307/1168/1235
f 2770/1169/1235 1307/1168/1235 1306/1169/1235
f 2771/1168/1236 2770/1169/1236 1309/1169/1236
f 2771/1168/1236 1309/1169/1236 1308/1168/1236
f 2771/1168/1243 2768/1167/1243 1302/1167/1243
f 2771/1168/1243 1302/1167/1243 1307/1168/1243
f 2768/1167/1214 2771/1168/1214 1308/1168/1214
f 2768/1167/1214 1308/1168/1214 1303/1167/1214
f 2772/1148/1213 2773/1150/1213 1238/1150/1213
f 2772/1148/1213 1238/1150/1213 1229/1148/1213
f 2773/1150/1214 2772/1148/1214 1230/1148/1214
f 2773/1150/1214 1230/1148/1214 1239/1150/1214
f 2773/1150/1201 2774/1153/1202 1245/1153/1202
f 2773/1150/1201 1245/1153/1202 1238/1150/1201
f 2774/1153/1203 2773/1150/1203 1239/1150/1203
f 2774/1153/1203 1239/1150/1203 1246/1153/1203
f 2774/1153/1215 2775/1149/1215 1232/1149/1215
f 2774/1153/1215 1232/1149/1215 1245/1153/1215
f 2775/1149/1216 2774/1153/1216 1246/1153/1216
f 2775/1149/1216 1246/1153/1216 1233/1149/1216
f 2775/1149/1194 2772/1148/1194 1229/1148/1194
f 2775/1149/1194 1229/1148/1194 1232/1149/1194
f 2772/1148/1195 2775/1149/1195 1233/1149/1195
f 2772/1148/1195 1233/1149/1195 1230/1148/1195
# Vertices: 2775, normals: 1410, texture coordinates: 1418, faces: 6210

o obj2
v -1.32551576 1.89378009 4.17940663
v -1.32551576 2.29726365 4.17940663
v -1.34137601 2.32714273 4.13945595
v -1.34137601 1.86390099 4.13945595
v -1.2794824 1.86390099 4.16564211
v -1.2794824 2.32714273 4.16564211
v -1.47076776 2.29726365 4.43798929
v -1.51680112 2.32714273 4.45175381
v -1.45490751 2.32714273 4.47793997
v -1.47076776 1.89378009 4.43798929
v -1.51680112 1.86390099 4.45175381
v -1.45490751 1.86390099 4.47793997
v -0.97466553 1.89378009 3.55481091
v -0.97466553 2.29726365 3.55481091
v -0.99052578 2.32714273 3.51486023
v -0.99052578 1.86390099 3.51486023
v -0.92863217 1.86390099 3.54104639
v -0.92863217 2.32714273 3.54104639
v -1.11991754 2.29726365 3.81339356
v -1.1659509 2.32714273 3.82715809
v -1.10405729 2.32714273 3.85334425
v -1.11991754 1.89378009 3.81339356
v -1.1659509 1.86390099 3.82715809
v -1.10405729 1.86390099 3.85334425
v -0.97466553 0.96729662 3.55481091
v -0.97466553 1.37078019 3.55481091
v -0.99052578 1.40065929 3.51486023
v -0.99052578 0.93741754 3.51486023
v -0.92863217 0.93741754 3.54104639
v -0.92863217 1.40065929 3.54104639
v -1.11991754 1.37078019 3.81339356
v -1.1659509 1.40065929 3.82715809
v -1.10405729 1.40065929 3.85334425
v -1.11991754 0.96729662 3.81339356
v -1.1659509 0.93741754 3.82715809
v -1.10405729 0.93741754 3.85334425
v -0.97466553 1.43053839 3.55481091
v -0.97466553 1.83402189 3.55481091
v -1.11991754 1.83402189 3.81339356
v -1.11991754 1.43053839 3.81339356
v -1.32551576 0.96729662 4.17940663
v -1.32551576 1.37078019 4.17940663
v -1.34137601 1.40065929 4.13945595
v -1.34137601 0.93741754 4.13945595
v -1.2794824 0.93741754 4.16564211
v -1.2794824 1.40065929 4.16564211
v -1.47076776 1.37078019 4.43798929
v -1.51680112 1.40065929 4.45175381
v -1.45490751 1.40065929 4.47793997
v -1.47076776 0.96729662 4.43798929
v -1.51680112 0.93741754 4.45175381
v -1.45490751 0.93741754 4.47793997
v -1.32551576 1.43053839 4.17940663
v -1.32551576 1.83402189 4.17940663
v -1.47076776 1.83402189 4.43798929
v -1.47076776 1.43053839 4.43798929
v -1.15009065 1.43053839 3.86710877
v -1.15009065 1.83402189 3.86710877
v -1.29534265 1.83402189 4.12569142
v -1.29534265 1.43053839 4.12569142
v -1.15009065 0.96729662 3.86710877
v -1.15009065 1.37078019 3.86710877
v -1.29534265 1.37078019 4.12569142
v -1.29534265 0.96729662 4.12569142
v -1.15009065 1.89378009 3.86710877
v -1.15009065 2.29726365 3.86710877
v -1.29534265 2.29726365 4.12569142
v -1.29534265 1.89378009 4.12569142
v -0.79924042 1.43053839 3.24251305
v -0.79924042 1.83402189 3.24251305
v -0.81510067 1.86390099 3.20256237
v -0.81510067 1.40065929 3.20256237
v -0.75320706 1.40065929 3.22874853
v -0.75320706 1.86390099 3.22874853
v -0.94449242 1.83402189 3.5010957
v -0.94449242 1.43053839 3.5010957
v -0.79924042 0.96729662 3.24251305
v -0.79924042 1.37078019 3.24251305
v -0.81510067 0.93741754 3.20256237
v -0.75320706 0.93741754 3.22874853
v -0.94449242 1.37078019 3.5010957
v -0.94449242 0.96729662 3.5010957
v -0.79924042 1.89378009 3.24251305
v -0.79924042 2.29726365 3.24251305
v -0.81510067 2.32714273 3.20256237
v -0.75320706 2.32714273 3.22874853
v -0.94449242 2.29726365 3.5010957
v -0.94449242 1.89378009 3.5010957
v -1.44167679 1.84867843 4.33381794
v -1.4714805 1.84867843 4.38687555
v -1.42877031 1.84867845 4.40494552
v -1.39896659 1.84867845 4.35188792
v -1.44167679 1.88050825 4.33381794
v -1.39896659 1.88050825 4.35188792
v -1.42877031 1.88050825 4.40494552
v -1.4714805 1.88050825 4.38687555
v -1.41187303 1.88050825 4.28076027
v -1.36916284 1.88050825 4.29883024
v -1.38206928 1.88050825 4.22770259
v -1.33935908 1.88050825 4.24577257
v -1.78311876 1.88050831 4.12925636
v -1.82117346 1.88050831 4.10289851
v -1.74587414 1.88050823 4.07378278
v -1.72570626 1.88050823 4.10705697
v -1.80787186 1.88050831 4.17332269
v -1.85523755 1.88050831 4.16354059
v -1.79265904 1.88050823 4.22624883
v -1.83528536 1.88050823 4.23295574
v -1.75004192 1.88050825 4.27727017
v -1.78295442 1.88050825 4.29560632
v -1.65677122 1.88050825 4.07097061
v -1.65314259 1.88050825 4.10476662
v -1.65756859 1.88050825 4.3387832
v -1.67904976 1.88050825 4.36472349
v -1.45857402 1.88050825 4.45800312
v -1.4853861 1.88050825 4.41163077
v -1.56372722 1.88050825 4.41351455
v -1.5478291 1.88050825 4.38521217
v -1.53003116 1.88050825 4.09943541
v -1.54034622 1.88050825 4.13009989
v -1.41470861 1.88050825 4.14822647
v -1.43060673 1.88050825 4.17652885
v -1.30955541 1.88050825 4.19271504
v -1.36816373 1.88050825 4.20294745
v -1.41187303 1.84867843 4.28076027
v -1.36916284 1.84867845 4.29883024
v -1.38206928 1.84867843 4.22770259
v -1.33935908 1.84867845 4.24577257
v -1.78311876 1.84867849 4.12925636
v -1.72570626 1.84867843 4.10705697
v -1.74587414 1.84867841 4.07378278
v -1.82117346 1.84867851 4.10289851
v -1.80787186 1.84867849 4.17332269
v -1.85523755 1.84867851 4.16354059
v -1.79265904 1.84867843 4.22624883
v -1.83528536 1.84867841 4.23295574
v -1.75004192 1.84867843 4.27727017
v -1.78295442 1.84867843 4.29560632
v -1.65314259 1.84867843 4.10476662
v -1.65677122 1.84867843 4.07097061
v -1.65756859 1.84867843 4.3387832
v -1.67904976 1.84867843 4.36472349
v -1.4853861 1.84867843 4.41163077
v -1.45857402 1.84867845 4.45800312
v -1.5478291 1.84867843 4.38521217
v -1.56372722 1.84867843 4.41351455
v -1.54034622 1.84867843 4.13009989
v -1.53003116 1.84867843 4.09943541
v -1.43060673 1.84867843 4.17652885
v -1.41470861 1.84867843 4.14822647
v -1.36816373 1.84867843 4.20294745
v -1.30955541 1.84867845 4.19271504
vn 0.70711 0 0.70711
vn 0.70711 0 -0.70711
vn 0 -0.70711 0.70711
vn 0 -0.70711 -0.70711
vn -0.70711 0 0.70711
vn -0.70711 0 -0.70711
vn 0 0.70711 0.70711
vn 0 0.70711 -0.70711
vn 0 1 0
vn 0 -1 0
vn 0 0 -1
vn 0.98 0 -0.199
vn 1 0 0
vn 0 0 1
vn -0.64271 0 0.76611
vn 0.64271 0 0.76611
vn 0.64271 0 -0.76611
vn 0.88236 0 0.47058
vn -0.88236 0 0.47058
vn -0.64271 0 -0.76611
vn 0.98 0 0.199
vn -0.88236 0 -0.47058
vn 0.88236 0 -0.47058
vn -0.98 0 -0.199
vn -0.98 0 0.199
vn -1 0 0
vt 0.75 0.33333
vt 0.75 0
vt 1 0
vt 1 0.33333
vt 0.25 0.33333
vt 0.25 0
vt 0.5 0
vt 0.5 0.33333
vt 0.25 1
vt 0.25 0.66667
vt 0.5 0.66667
vt 0.5 1
vt 0.75 1
vt 0.75 0.66667
vt 1 0.66667
vt 1 1
vt 0 0.66667
vt 0 0.33333
vt 0 1
vt 0 0
usemtl mat10
f 2776/1419/1411 2777/1420/1411 2778/1420/1411
f 2776/1419/1411 2778/1420/1411 2779/1419/1411
f 2777/1420/1412 2776/1419/1412 2780/1419/1412
f 2777/1420/1412 2780/1419/1412 2781/1420/1412
f 2777/1420/1413 2782/1421/1413 2783/1421/1413
f 2777/1420/1413 2783/1421/1413 2778/1420/1413
f 2782/1421/1414 2777/1420/1414 2781/1420/1414
f 2782/1421/1414 2781/1420/1414 2784/1421/1414
f 2782/1421/1415 2785/1422/1415 2786/1422/1415
f 2782/1421/1415 2786/1422/1415 2783/1421/1415
f 2785/1422/1416 2782/1421/1416 2784/1421/1416
f 2785/1422/1416 2784/1421/1416 2787/1422/1416
f 2785/1422/1417 2776/1419/1417 2779/1419/1417
f 2785/1422/1417 2779/1419/1417 2786/1422/1417
f 2776/1419/1418 2785/1422/1418 2787/1422/1418
f 2776/1419/1418 2787/1422/1418 2780/1419/1418
f 2788/1423/1411 2789/1424/1411 2790/1424/1411
f 2788/1423/1411 2790/1424/1411 2791/1423/1411
f 2789/1424/1412 2788/1423/1412 2792/1423/1412
f 2789/1424/1412 2792/1423/1412 2793/1424/1412
f 2789/1424/1413 2794/1425/1413 2795/1425/1413
f 2789/1424/1413 2795/1425/1413 2790/1424/1413
f 2794/1425/1414 2789/1424/1414 2793/1424/1414
f 2794/1425/1414 2793/1424/1414 2796/1425/1414
f 2794/1425/1415 2797/1426/1415 2798/1426/1415
f 2794/1425/1415 2798/1426/1415 2795/1425/1415
f 2797/1426/1416 2794/1425/1416 2796/1425/1416
f 2797/1426/1416 2796/1425/1416 2799/1426/1416
f 2797/1426/1417 2788/1423/1417 2791/1423/1417
f 2797/1426/1417 2791/1423/1417 2798/1426/1417
f 2788/1423/1418 2797/1426/1418 2799/1426/1418
f 2788/1423/1418 2799/1426/1418 2792/1423/1418
f 2800/1427/1411 2801/1428/1411 2802/1428/1411
f 2800/1427/1411 2802/1428/1411 2803/1427/1411
f 2801/1428/1412 2800/1427/1412 2804/1427/1412
f 2801/1428/1412 2804/1427/1412 2805/1428/1412
f 2801/1428/1413 2806/1429/1413 2807/1429/1413
f 2801/1428/1413 2807/1429/1413 2802/1428/1413
f 2806/1429/1414 2801/1428/1414 2805/1428/1414
f 2806/1429/1414 2805/1428/1414 2808/1429/1414
f 2806/1429/1415 2809/1430/1415 2810/1430/1415
f 2806/1429/1415 2810/1430/1415 2807/1429/1415
f 2809/1430/1416 2806/1429/1416 2808/1429/1416
f 2809/1430/1416 2808/1429/1416 2811/1430/1416
f 2809/1430/1417 2800/1427/1417 2803/1427/1417
f 2809/1430/1417 2803/1427/1417 2810/1430/1417
f 2800/1427/1418 2809/1430/1418 2811/1430/1418
f 2800/1427/1418 2811/1430/1418 2804/1427/1418
f 2812/1428/1411 2813/1423/1411 2791/1423/1411
f 2812/1428/1411 2791/1423/1411 2802/1428/1411
f 2813/1423/1412 2812/1428/1412 2805/1428/1412
f 2813/1423/1412 2805/1428/1412 2792/1423/1412
f 2813/1423/1413 2814/1426/1413 2798/1426/1413
f 2813/1423/1413 2798/1426/1413 2791/1423/1413
f 2814/1426/1414 2813/1423/1414 2792/1423/1414
f 2814/1426/1414 2792/1423/1414 2799/1426/1414
f 2814/1426/1415 2815/1429/1415 2807/1429/1415
f 2814/1426/1415 2807/1429/1415 2798/1426/1415
f 2815/1429/1416 2814/1426/1416 2799/1426/1416
f 2815/1429/1416 2799/1426/1416 2808/1429/1416
f 2815/1429/1417 2812/1428/1417 2802/1428/1417
f 2815/1429/1417 2802/1428/1417 2807/1429/1417
f 2812/1428/1418 2815/1429/1418 2808/1429/1418
f 2812/1428/1418 2808/1429/1418 2805/1428/1418
f 2816/1431/1411 2817/1432/1411 2818/1432/1411
f 2816/1431/1411 2818/1432/1411 2819/1431/1411
f 2817/1432/1412 2816/1431/1412 2820/1431/1412
f 2817/1432/1412 2820/1431/1412 2821/1432/1412
f 2817/1432/1413 2822/1433/1413 2823/1433/1413
f 2817/1432/1413 2823/1433/1413 2818/1432/1413
f 2822/1433/1414 2817/1432/1414 2821/1432/1414
f 2822/1433/1414 2821/1432/1414 2824/1433/1414
f 2822/1433/1415 2825/1434/1415 2826/1434/1415
f 2822/1433/1415 2826/1434/1415 2823/1433/1415
f 2825/1434/1416 2822/1433/1416 2824/1433/1416
f 2825/1434/1416 2824/1433/1416 2827/1434/1416
f 2825/1434/1417 2816/1431/1417 2819/1431/1417
f 2825/1434/1417 2819/1431/1417 2826/1434/1417
f 2816/1431/1418 2825/1434/1418 2827/1434/1418
f 2816/1431/1418 2827/1434/1418 2820/1431/1418
f 2828/1432/1411 2829/1419/1411 2779/1419/1411
f 2828/1432/1411 2779/1419/1411 2818/1432/1411
f 2829/1419/1412 2828/1432/1412 2821/1432/1412
f 2829/1419/1412 2821/1432/1412 2780/1419/1412
f 2829/1419/1413 2830/1422/1413 2786/1422/1413
f 2829/1419/1413 2786/1422/1413 2779/1419/1413
f 2830/1422/1414 2829/1419/1414 2780/1419/1414
f 2830/1422/1414 2780/1419/1414 2787/1422/1414
f 2830/1422/1415 2831/1433/1415 2823/1433/1415
f 2830/1422/1415 2823/1433/1415 2786/1422/1415
f 2831/1433/1416 2830/1422/1416 2787/1422/1416
f 2831/1433/1416 2787/1422/1416 2824/1433/1416
f 2831/1433/1417 2828/1432/1417 2818/1432/1417
f 2831/1433/1417 2818/1432/1417 2823/1433/1417
f 2828/1432/1418 2831/1433/1418 2824/1433/1418
f 2828/1432/1418 2824/1433/1418 2821/1432/1418
f 2832/1429/1411 2833/1426/1411 2798/1426/1411
f 2832/1429/1411 2798/1426/1411 2807/1429/1411
f 2833/1426/1412 2832/1429/1412 2808/1429/1412
f 2833/1426/1412 2808/1429/1412 2799/1426/1412
f 2833/1426/1413 2834/1419/1413 2779/1419/1413
f 2833/1426/1413 2779/1419/1413 2798/1426/1413
f 2834/1419/1414 2833/1426/1414 2799/1426/1414
f 2834/1419/1414 2799/1426/1414 2780/1419/1414
f 2834/1419/1415 2835/1432/1415 2818/1432/1415
f 2834/1419/1415 2818/1432/1415 2779/1419/1415
f 2835/1432/1416 2834/1419/1416 2780/1419/1416
f 2835/1432/1416 2780/1419/1416 2821/1432/1416
f 2835/1432/1417 2832/1429/1417 2807/1429/1417
f 2835/1432/1417 2807/1429/1417 2818/1432/1417
f 2832/1429/1418 2835/1432/1418 2821/1432/1418
f 2832/1429/1418 2821/1432/1418 2808/1429/1418
f 2836/1430/1411 2837/1429/1411 2807/1429/1411
f 2836/1430/1411 2807/1429/1411 2810/1430/1411
f 2837/1429/1412 2836/1430/1412 2811/1430/1412
f 2837/1429/1412 2811/1430/1412 2808/1429/1412
f 2837/1429/1413 2838/1432/1413 2818/1432/1413
f 2837/1429/1413 2818/1432/1413 2807/1429/1413
f 2838/1432/1414 2837/1429/1414 2808/1429/1414
f 2838/1432/1414 2808/1429/1414 2821/1432/1414
f 2838/1432/1415 2839/1431/1415 2819/1431/1415
f 2838/1432/1415 2819/1431/1415 2818/1432/1415
f 2839/1431/1416 2838/1432/1416 2821/1432/1416
f 2839/1431/1416 2821/1432/1416 2820/1431/1416
f 2839/1431/1417 2836/1430/1417 2810/1430/1417
f 2839/1431/1417 2810/1430/1417 2819/1431/1417
f 2836/1430/1418 2839/1431/1418 2820/1431/1418
f 2836/1430/1418 2820/1431/1418 2811/1430/1418
f 2840/1426/1411 2841/1425/1411 2795/1425/1411
f 2840/1426/1411 2795/1425/1411 2798/1426/1411
f 2841/1425/1412 2840/1426/1412 2799/1426/1412
f 2841/1425/1412 2799/1426/1412 2796/1425/1412
f 2841/1425/1413 2842/1420/1413 2778/1420/1413
f 2841/1425/1413 2778/1420/1413 2795/1425/1413
f 2842/1420/1414 2841/1425/1414 2796/1425/1414
f 2842/1420/1414 2796/1425/1414 2781/1420/1414
f 2842/1420/1415 2843/1419/1415 2779/1419/1415
f 2842/1420/1415 2779/1419/1415 2778/1420/1415
f 2843/1419/1416 2842/1420/1416 2781/1420/1416
f 2843/1419/1416 2781/1420/1416 2780/1419/1416
f 2843/1419/1417 2840/1426/1417 2798/1426/1417
f 2843/1419/1417 2798/1426/1417 2779/1419/1417
f 2840/1426/1418 2843/1419/1418 2780/1419/1418
f 2840/1426/1418 2780/1419/1418 2799/1426/1418
f 2844/1435/1411 2845/1436/1411 2846/1436/1411
f 2844/1435/1411 2846/1436/1411 2847/1435/1411
f 2845/1436/1412 2844/1435/1412 2848/1435/1412
f 2845/1436/1412 2848/1435/1412 2849/1436/1412
f 2845/1436/1413 2850/1423/1413 2791/1423/1413
f 2845/1436/1413 2791/1423/1413 2846/1436/1413
f 2850/1423/1414 2845/1436/1414 2849/1436/1414
f 2850/1423/1414 2849/1436/1414 2792/1423/1414
f 2850/1423/1415 2851/1428/1415 2802/1428/1415
f 2850/1423/1415 2802/1428/1415 2791/1423/1415
f 2851/1428/1416 2850/1423/1416 2792/1423/1416
f 2851/1428/1416 2792/1423/1416 2805/1428/1416
f 2851/1428/1417 2844/1435/1417 2847/1435/1417
f 2851/1428/1417 2847/1435/1417 2802/1428/1417
f 2844/1435/1418 2851/1428/1418 2805/1428/1418
f 2844/1435/1418 2805/1428/1418 2848/1435/1418
f 2852/1437/1411 2853/1435/1411 2847/1435/1411
f 2852/1437/1411 2847/1435/1411 2854/1437/1411
f 2853/1435/1412 2852/1437/1412 2855/1437/1412
f 2853/1435/1412 2855/1437/1412 2848/1435/1412
f 2853/1435/1413 2856/1428/1413 2802/1428/1413
f 2853/1435/1413 2802/1428/1413 2847/1435/1413
f 2856/1428/1414 2853/1435/1414 2848/1435/1414
f 2856/1428/1414 2848/1435/1414 2805/1428/1414
f 2856/1428/1415 2857/1427/1415 2803/1427/1415
f 2856/1428/1415 2803/1427/1415 2802/1428/1415
f 2857/1427/1416 2856/1428/1416 2805/1428/1416
f 2857/1427/1416 2805/1428/1416 2804/1427/1416
f 2857/1427/1417 2852/1437/1417 2854/1437/1417
f 2857/1427/1417 2854/1437/1417 2803/1427/1417
f 2852/1437/1418 2857/1427/1418 2804/1427/1418
f 2852/1437/1418 2804/1427/1418 2855/1437/1418
f 2858/1436/1411 2859/1438/1411 2860/1438/1411
f 2858/1436/1411 2860/1438/1411 2846/1436/1411
f 2859/1438/1412 2858/1436/1412 2849/1436/1412
f 2859/1438/1412 2849/1436/1412 2861/1438/1412
f 2859/1438/1413 2862/1424/1413 2790/1424/1413
f 2859/1438/1413 2790/1424/1413 2860/1438/1413
f 2862/1424/1414 2859/1438/1414 2861/1438/1414
f 2862/1424/1414 2861/1438/1414 2793/1424/1414
f 2862/1424/1415 2863/1423/1415 2791/1423/1415
f 2862/1424/1415 2791/1423/1415 2790/1424/1415
f 2863/1423/1416 2862/1424/1416 2793/1424/1416
f 2863/1423/1416 2793/1424/1416 2792/1423/1416
f 2863/1423/1417 2858/1436/1417 2846/1436/1417
f 2863/1423/1417 2846/1436/1417 2791/1423/1417
f 2858/1436/1418 2863/1423/1418 2792/1423/1418
f 2858/1436/1418 2792/1423/1418 2849/1436/1418
f 2864/1437/1419 2865/1437/1419 2866/1437/1419
f 2864/1437/1419 2866/1437/1419 2867/1437/1419
f 2868/1437/1420 2869/1437/1420 2870/1437/1420
f 2868/1437/1420 2870/1437/1420 2871/1437/1420
f 2872/1437/1420 2873/1437/1420 2869/1437/1420
f 2872/1437/1420 2869/1437/1420 2868/1437/1420
f 2874/1437/1420 2875/1437/1420 2873/1437/1420
f 2874/1437/1420 2873/1437/1420 2872/1437/1420
f 2876/1437/1420 2877/1437/1420 2878/1437/1420
f 2876/1437/1420 2878/1437/1420 2879/1437/1420
f 2880/1437/1420 2881/1437/1420 2877/1437/1420
f 2880/1437/1420 2877/1437/1420 2876/1437/1420
f 2882/1437/1420 2883/1437/1420 2881/1437/1420
f 2882/1437/1420 2881/1437/1420 2880/1437/1420
f 2884/1437/1420 2885/1437/1420 2883/1437/1420
f 2884/1437/1420 2883/1437/1420 2882/1437/1420
f 2879/1437/1420 2878/1437/1420 2886/1437/1420
f 2879/1437/1420 2886/1437/1420 2887/1437/1420
f 2888/1437/1420 2889/1437/1420 2885/1437/1420
f 2888/1437/1420 2885/1437/1420 2884/1437/1420
f 2871/1437/1420 2870/1437/1420 2890/1437/1420
f 2871/1437/1420 2890/1437/1420 2891/1437/1420
f 2891/1437/1420 2890/1437/1420 2892/1437/1420
f 2891/1437/1420 2892/1437/1420 2893/1437/1420
f 2893/1437/1420 2892/1437/1420 2889/1437/1420
f 2893/1437/1420 2889/1437/1420 2888/1437/1420
f 2887/1437/1420 2886/1437/1420 2894/1437/1420
f 2887/1437/1420 2894/1437/1420 2895/1437/1420
f 2895/1437/1420 2894/1437/1420 2896/1437/1420
f 2895/1437/1420 2896/1437/1420 2897/1437/1420
f 2897/1437/1420 2896/1437/1420 2898/1437/1420
f 2897/1437/1420 2898/1437/1420 2899/1437/1420
f 2899/1437/1420 2898/1437/1420 2875/1437/1420
f 2899/1437/1420 2875/1437/1420 2874/1437/1420
f 2900/1437/1419 2864/1437/1419 2867/1437/1419
f 2900/1437/1419 2867/1437/1419 2901/1437/1419
f 2902/1437/1419 2900/1437/1419 2901/1437/1419
f 2902/1437/1419 2901/1437/1419 2903/1437/1419
f 2904/1437/1419 2905/1437/1419 2906/1437/1419
f 2904/1437/1419 2906/1437/1419 2907/1437/1419
f 2908/1437/1419 2904/1437/1419 2907/1437/1419
f 2908/1437/1419 2907/1437/1419 2909/1437/1419
f 2910/1437/1419 2908/1437/1419 2909/1437/1419
f 2910/1437/1419 2909/1437/1419 2911/1437/1419
f 2912/1437/1419 2910/1437/1419 2911/1437/1419
f 2912/1437/1419 2911/1437/1419 2913/1437/1419
f 2905/1437/1419 2914/1437/1419 2915/1437/1419
f 2905/1437/1419 2915/1437/1419 2906/1437/1419
f 2916/1437/1419 2912/1437/1419 2913/1437/1419
f 2916/1437/1419 2913/1437/1419 2917/1437/1419
f 2865/1437/1419 2918/1437/1419 2919/1437/1419
f 2865/1437/1419 2919/1437/1419 2866/1437/1419
f 2918/1437/1419 2920/1437/1419 2921/1437/1419
f 2918/1437/1419 2921/1437/1419 2919/1437/1419
f 2920/1437/1419 2916/1437/1419 2917/1437/1419
f 2920/1437/1419 2917/1437/1419 2921/1437/1419
f 2914/1437/1419 2922/1437/1419 2923/1437/1419
f 2914/1437/1419 2923/1437/1419 2915/1437/1419
f 2922/1437/1419 2924/1437/1419 2925/1437/1419
f 2922/1437/1419 2925/1437/1419 2923/1437/1419
f 2924/1437/1419 2926/1437/1419 2927/1437/1419
f 2924/1437/1419 2927/1437/1419 2925/1437/1419
f 2926/1437/1419 2902/1437/1419 2903/1437/1419
f 2926/1437/1419 2903/1437/1419 2927/1437/1419
f 2872/1437/1421 2868/1437/1421 2864/1437/1421
f 2872/1437/1421 2864/1437/1421 2900/1437/1421
f 2894/1437/1422 2886/1437/1422 2915/1437/1422
f 2894/1437/1422 2915/1437/1422 2923/1437/1422
f 2899/1437/1421 2874/1437/1421 2902/1437/1421
f 2899/1437/1421 2902/1437/1421 2926/1437/1421
f 2874/1437/1421 2872/1437/1421 2900/1437/1421
f 2874/1437/1421 2900/1437/1421 2902/1437/1421
f 2896/1437/1423 2894/1437/1423 2923/1437/1423
f 2896/1437/1423 2923/1437/1423 2925/1437/1423
f 2870/1437/1424 2869/1437/1424 2867/1437/1424
f 2870/1437/1424 2867/1437/1424 2866/1437/1424
f 2876/1437/1425 2879/1437/1425 2905/1437/1425
f 2876/1437/1425 2905/1437/1425 2904/1437/1425
f 2898/1437/1423 2896/1437/1423 2925/1437/1423
f 2898/1437/1423 2925/1437/1423 2927/1437/1423
f 2869/1437/1424 2873/1437/1424 2901/1437/1424
f 2869/1437/1424 2901/1437/1424 2867/1437/1424
f 2880/1437/1424 2876/1437/1424 2904/1437/1424
f 2880/1437/1424 2904/1437/1424 2908/1437/1424
f 2875/1437/1424 2898/1437/1424 2927/1437/1424
f 2875/1437/1424 2927/1437/1424 2903/1437/1424
f 2873/1437/1424 2875/1437/1424 2903/1437/1424
f 2873/1437/1424 2903/1437/1424 2901/1437/1424
f 2882/1437/1426 2880/1437/1426 2908/1437/1426
f 2882/1437/1426 2908/1437/1426 2910/1437/1426
f 2878/1437/1427 2877/1437/1427 2907/1437/1427
f 2878/1437/1427 2907/1437/1427 2906/1437/1427
f 2884/1437/1428 2882/1437/1428 2910/1437/1428
f 2884/1437/1428 2910/1437/1428 2912/1437/1428
f 2877/1437/1421 2881/1437/1421 2909/1437/1421
f 2877/1437/1421 2909/1437/1421 2907/1437/1421
f 2879/1437/1429 2887/1437/1429 2914/1437/1429
f 2879/1437/1429 2914/1437/1429 2905/1437/1429
f 2881/1437/1430 2883/1437/1430 2911/1437/1430
f 2881/1437/1430 2911/1437/1430 2909/1437/1430
f 2888/1437/1431 2884/1437/1431 2912/1437/1431
f 2888/1437/1431 2912/1437/1431 2916/1437/1431
f 2883/1437/1432 2885/1437/1432 2913/1437/1432
f 2883/1437/1432 2913/1437/1432 2911/1437/1432
f 2871/1437/1421 2891/1437/1421 2918/1437/1421
f 2871/1437/1421 2918/1437/1421 2865/1437/1421
f 2886/1437/1433 2878/1437/1433 2906/1437/1433
f 2886/1437/1433 2906/1437/1433 2915/1437/1433
f 2891/1437/1423 2893/1437/1423 2920/1437/1423
f 2891/1437/1423 2920/1437/1423 2918/1437/1423
f 2885/1437/1434 2889/1437/1434 2917/1437/1434
f 2885/1437/1434 2917/1437/1434 2913/1437/1434
f 2893/1437/1423 2888/1437/1423 2916/1437/1423
f 2893/1437/1423 2916/1437/1423 2920/1437/1423
f 2890/1437/1424 2870/1437/1424 2866/1437/1424
f 2890/1437/1424 2866/1437/1424 2919/1437/1424
f 2887/1437/1435 2895/1437/1435 2922/1437/1435
f 2887/1437/1435 2922/1437/1435 2914/1437/1435
f 2892/1437/1436 2890/1437/1436 2919/1437/1436
f 2892/1437/1436 2919/1437/1436 2921/1437/1436
f 2895/1437/1436 2897/1437/1436 2924/1437/1436
f 2895/1437/1436 2924/1437/1436 2922/1437/1436
f 2868/1437/1421 2871/1437/1421 2865/1437/1421
f 2868/1437/1421 2865/1437/1421 2864/1437/1421
f 2889/1437/1436 2892/1437/1436 2921/1437/1436
f 2889/1437/1436 2921/1437/1436 2917/1437/1436
f 2897/1437/1436 2899/1437/1436 2926/1437/1436
f 2897/1437/1436 2926/1437/1436 2924/1437/1436
# Vertices: 152, normals: 26, texture coordinates: 20, faces: 320

o obj3
v 1.60122388 1.83815973 3.24857352
v 1.60029702 1.77015242 3.2485942
v 1.54342507 1.76987836 3.24828159
v 1.54435193 1.83788567 3.24826091
v 1.67740515 1.8371126 3.21937645
v 1.62053315 1.83683854 3.21906386
v 1.6196063 1.76883123 3.21908454
v 1.67647829 1.76910529 3.21939713
v 1.67833201 1.9051201 3.21935577
v 1.62146002 1.90484604 3.21904318
v 1.67925887 1.97312741 3.2193351
v 1.62238687 1.97285335 3.2190225
v 2.41128226 1.88838429 3.43650622
v 2.4705371 1.89721217 3.43882432
v 2.40285027 1.96228192 3.43388578
v 2.34222209 1.93747508 3.41729865
v 2.41051247 1.83190177 3.43652339
v 2.46947775 1.81948326 3.43884796
v 2.34013978 1.78469942 3.41734505
v 2.4000697 1.7582598 3.43394782
v 2.22910721 1.75203059 3.3869161
v 2.26372925 1.71814485 3.39658314
v 2.26765339 2.00607467 3.39649559
v 2.23212065 1.97313938 3.38684887
v 2.0317437 1.7315126 3.33267555
v 2.04196812 1.69509045 3.3356375
v 1.61867944 1.70082392 3.21910522
v 1.67604584 1.73737494 3.21940678
v 1.82056182 1.69808941 3.27468387
v 1.82105623 1.73436637 3.27467284
v 2.04660241 2.03512718 3.33553411
v 2.03538917 1.99899521 3.33259422
v 1.82519611 2.03812615 3.27458047
v 1.8247017 2.00184899 3.27459151
v 1.62331373 2.04086066 3.21900182
v 1.67969131 2.00485756 3.21932545
v 1.60215074 1.90616723 3.24855284
v 1.54527879 1.90589317 3.24824023
v 1.6030776 1.97417454 3.24853216
v 1.54620565 1.97390048 3.24821955
v 2.33510099 1.88943142 3.46570328
v 2.26604087 1.93852221 3.44649569
v 2.326669 1.96332905 3.46308285
v 2.39435587 1.8982593 3.46802137
v 2.3343312 1.8329489 3.46572046
v 2.39329652 1.82053039 3.46804501
v 2.26395856 1.78574655 3.4465421
v 2.32388843 1.75930693 3.46314489
v 2.15292594 1.75307772 3.41611317
v 2.18754798 1.71919198 3.42578021
v 2.15593938 1.97418651 3.41604594
v 2.19147212 2.0071218 3.42569266
v 1.95556243 1.73255973 3.36187262
v 1.96578685 1.69613758 3.36483457
v 1.59986457 1.73842208 3.24860385
v 1.54249822 1.70187105 3.24830226
v 1.74487496 1.73541351 3.30386991
v 1.74438055 1.69913654 3.30388094
v 1.9592079 2.00004235 3.36179129
v 1.97042114 2.03617432 3.36473117
v 1.74852043 2.00289612 3.30378857
v 1.74901484 2.03917328 3.30377754
v 1.60351004 2.00590469 3.24852251
v 1.54713251 2.04190779 3.24819887
vn 0 0.86631 -0.49951
vn 0 -0.86631 0.49951
vn -0.0125 -0.98554 0.16901
vn -0.0125 -0.98556 0.16889
vn 0 -0.90707 0.42099
vn 0.0125 -0.98562 0.1685
vn 0.0124 -0.98562 0.1685
vn 0 -1 0
vn -0.16351 -0.98524 -0.0507
vn 0.1686 -0.9843 -0.0523
vn 0.1685 -0.98431 -0.0523
vn 0.0125 0.98554 -0.16901
vn 0.0125 0.98556 -0.16889
vn 0 0.90707 -0.42099
vn -0.0125 0.98562 -0.1685
vn -0.0124 0.98562 -0.1685
vn 0 1 0
vn 0.16351 0.98524 0.0507
vn -0.1685 0.98431 0.0523
vn -0.1686 0.9843 0.0523
vn 0 0 -1
vn 0.98 0 -0.199
vn 1 0 0
vn 0 0 1
vn -0.64271 0 0.76611
vn 0.64271 0 0.76611
vn 0.39339 0 -0.91937
vn 0.88236 0 0.47058
vn -0.88236 0 0.47058
vn -0.4039 0 -0.9148
vn 0.98 0 0.199
vn -0.88236 0 -0.47058
vn 0.88236 0 -0.47058
vn 0.99994 0 -0.0108
vn -0.98 0 -0.199
vn -0.98 0 0.199
vn -1 0 0
vn -0.99994 0 0.0108
vt 0 1
usemtl mat10
f 2928/1439/1437 2929/1439/1437 2930/1439/1437
f 2928/1439/1437 2930/1439/1437 2931/1439/1437
f 2932/1439/1438 2933/1439/1438 2934/1439/1438
f 2932/1439/1438 2934/1439/1438 2935/1439/1438
f 2936/1439/1438 2937/1439/1438 2933/1439/1438
f 2936/1439/1438 2933/1439/1438 2932/1439/1438
f 2938/1439/1438 2939/1439/1438 2937/1439/1438
f 2938/1439/1438 2937/1439/1438 2936/1439/1438
f 2940/1439/1439 2941/1439/1439 2942/1439/1440
f 2940/1439/1439 2942/1439/1440 2943/1439/1440
f 2944/1439/1441 2945/1439/1441 2941/1439/1441
f 2944/1439/1441 2941/1439/1441 2940/1439/1441
f 2946/1439/1442 2947/1439/1443 2945/1439/1442
f 2946/1439/1442 2945/1439/1442 2944/1439/1442
f 2948/1439/1444 2949/1439/1444 2947/1439/1444
f 2948/1439/1444 2947/1439/1444 2946/1439/1444
f 2943/1439/1444 2942/1439/1444 2950/1439/1444
f 2943/1439/1444 2950/1439/1444 2951/1439/1444
f 2952/1439/1444 2953/1439/1444 2949/1439/1444
f 2952/1439/1444 2949/1439/1444 2948/1439/1444
f 2935/1439/1438 2934/1439/1438 2954/1439/1438
f 2935/1439/1438 2954/1439/1438 2955/1439/1438
f 2955/1439/1445 2954/1439/1445 2956/1439/1445
f 2955/1439/1445 2956/1439/1445 2957/1439/1445
f 2957/1439/1444 2956/1439/1444 2953/1439/1444
f 2957/1439/1444 2953/1439/1444 2952/1439/1444
f 2951/1439/1444 2950/1439/1444 2958/1439/1444
f 2951/1439/1444 2958/1439/1444 2959/1439/1444
f 2959/1439/1444 2958/1439/1444 2960/1439/1444
f 2959/1439/1444 2960/1439/1444 2961/1439/1444
f 2961/1439/1446 2960/1439/1447 2962/1439/1446
f 2961/1439/1446 2962/1439/1446 2963/1439/1446
f 2963/1439/1438 2962/1439/1438 2939/1439/1438
f 2963/1439/1438 2939/1439/1438 2938/1439/1438
f 2964/1439/1437 2928/1439/1437 2931/1439/1437
f 2964/1439/1437 2931/1439/1437 2965/1439/1437
f 2966/1439/1437 2964/1439/1437 2965/1439/1437
f 2966/1439/1437 2965/1439/1437 2967/1439/1437
f 2968/1439/1448 2969/1439/1449 2970/1439/1449
f 2968/1439/1448 2970/1439/1449 2971/1439/1448
f 2972/1439/1450 2968/1439/1450 2971/1439/1450
f 2972/1439/1450 2971/1439/1450 2973/1439/1450
f 2974/1439/1451 2972/1439/1451 2973/1439/1451
f 2974/1439/1451 2973/1439/1451 2975/1439/1452
f 2976/1439/1453 2974/1439/1453 2975/1439/1453
f 2976/1439/1453 2975/1439/1453 2977/1439/1453
f 2969/1439/1453 2978/1439/1453 2979/1439/1453
f 2969/1439/1453 2979/1439/1453 2970/1439/1453
f 2980/1439/1453 2976/1439/1453 2977/1439/1453
f 2980/1439/1453 2977/1439/1453 2981/1439/1453
f 2929/1439/1437 2982/1439/1437 2983/1439/1437
f 2929/1439/1437 2983/1439/1437 2930/1439/1437
f 2982/1439/1454 2984/1439/1454 2985/1439/1454
f 2982/1439/1454 2985/1439/1454 2983/1439/1454
f 2984/1439/1453 2980/1439/1453 2981/1439/1453
f 2984/1439/1453 2981/1439/1453 2985/1439/1453
f 2978/1439/1453 2986/1439/1453 2987/1439/1453
f 2978/1439/1453 2987/1439/1453 2979/1439/1453
f 2986/1439/1453 2988/1439/1453 2989/1439/1453
f 2986/1439/1453 2989/1439/1453 2987/1439/1453
f 2988/1439/1455 2990/1439/1456 2991/1439/1456
f 2988/1439/1455 2991/1439/1456 2989/1439/1455
f 2990/1439/1437 2966/1439/1437 2967/1439/1437
f 2990/1439/1437 2967/1439/1437 2991/1439/1437
f 2936/1439/1457 2932/1439/1457 2928/1439/1457
f 2936/1439/1457 2928/1439/1457 2964/1439/1457
f 2958/1439/1458 2950/1439/1458 2979/1439/1458
f 2958/1439/1458 2979/1439/1458 2987/1439/1458
f 2963/1439/1457 2938/1439/1457 2966/1439/1457
f 2963/1439/1457 2966/1439/1457 2990/1439/1457
f 2938/1439/1457 2936/1439/1457 2964/1439/1457
f 2938/1439/1457 2964/1439/1457 2966/1439/1457
f 2960/1439/1459 2958/1439/1459 2987/1439/1459
f 2960/1439/1459 2987/1439/1459 2989/1439/1459
f 2934/1439/1460 2933/1439/1460 2931/1439/1460
f 2934/1439/1460 2931/1439/1460 2930/1439/1460
f 2940/1439/1461 2943/1439/1461 2969/1439/1461
f 2940/1439/1461 2969/1439/1461 2968/1439/1461
f 2962/1439/1459 2960/1439/1459 2989/1439/1459
f 2962/1439/1459 2989/1439/1459 2991/1439/1459
f 2933/1439/1460 2937/1439/1460 2965/1439/1460
f 2933/1439/1460 2965/1439/1460 2931/1439/1460
f 2944/1439/1460 2940/1439/1460 2968/1439/1460
f 2944/1439/1460 2968/1439/1460 2972/1439/1460
f 2939/1439/1460 2962/1439/1460 2991/1439/1460
f 2939/1439/1460 2991/1439/1460 2967/1439/1460
f 2937/1439/1460 2939/1439/1460 2967/1439/1460
f 2937/1439/1460 2967/1439/1460 2965/1439/1460
f 2946/1439/1462 2944/1439/1462 2972/1439/1462
f 2946/1439/1462 2972/1439/1462 2974/1439/1462
f 2942/1439/1463 2941/1439/1463 2971/1439/1463
f 2942/1439/1463 2971/1439/1463 2970/1439/1463
f 2948/1439/1464 2946/1439/1464 2974/1439/1464
f 2948/1439/1464 2974/1439/1464 2976/1439/1464
f 2941/1439/1457 2945/1439/1457 2973/1439/1457
f 2941/1439/1457 2973/1439/1457 2971/1439/1457
f 2943/1439/1465 2951/1439/1465 2978/1439/1465
f 2943/1439/1465 2978/1439/1465 2969/1439/1465
f 2945/1439/1466 2947/1439/1466 2975/1439/1466
f 2945/1439/1466 2975/1439/1466 2973/1439/1466
f 2952/1439/1467 2948/1439/1467 2976/1439/1467
f 2952/1439/1467 2976/1439/1467 2980/1439/1467
f 2947/1439/1468 2949/1439/1468 2977/1439/1468
f 2947/1439/1468 2977/1439/1468 2975/1439/1468
f 2935/1439/1457 2955/1439/1457 2982/1439/1457
f 2935/1439/1457 2982/1439/1457 2929/1439/1457
f 2950/1439/1469 2942/1439/1469 2970/1439/1469
f 2950/1439/1469 2970/1439/1469 2979/1439/1469
f 2955/1439/1470 2957/1439/1470 2984/1439/1470
f 2955/1439/1470 2984/1439/1470 2982/1439/1470
f 2949/1439/1471 2953/1439/1471 2981/1439/1471
f 2949/1439/1471 2981/1439/1471 2977/1439/1471
f 2957/1439/1459 2952/1439/1459 2980/1439/1459
f 2957/1439/1459 2980/1439/1459 2984/1439/1459
f 2954/1439/1460 2934/1439/1460 2930/1439/1460
f 2954/1439/1460 2930/1439/1460 2983/1439/1460
f 2951/1439/1472 2959/1439/1472 2986/1439/1472
f 2951/1439/1472 2986/1439/1472 2978/1439/1472
f 2956/1439/1473 2954/1439/1473 2983/1439/1473
f 2956/1439/1473 2983/1439/1473 2985/1439/1473
f 2959/1439/1473 2961/1439/1473 2988/1439/1473
f 2959/1439/1473 2988/1439/1473 2986/1439/1473
f 2932/1439/1457 2935/1439/1457 2929/1439/1457
f 2932/1439/1457 2929/1439/1457 2928/1439/1457
f 2953/1439/1473 2956/1439/1473 2985/1439/1473
f 2953/1439/1473 2985/1439/1473 2981/1439/1473
f 2961/1439/1474 2963/1439/1474 2990/1439/1474
f 2961/1439/1474 2990/1439/1474 2988/1439/1474
# Vertices: 64, normals: 38, texture coordinates: 1, faces: 128

