# File generated by ImageToStl.com - Free Image and 3D model conversion tools

mtllib simple_office_table.mtl

o obj1
v -0.49772303 0.75511494 0.99915722
v -0.49772303 0.75623718 0.99829492
v -0.49887409 0.75511494 0.99829492
v -0.49772303 0.00109659 0.99829505
v -0.49772303 0.00221877 0.99915735
v -0.49887409 0.00221877 0.99829505
v -0.49887412 0.75511493 0.95006529
v -0.49772306 0.75623717 0.95006529
v -0.49772306 0.75511493 0.94920293
v -0.49887412 0.00221876 0.95006541
v -0.49772306 0.00221876 0.94920305
v -0.49772306 0.00109658 0.95006541
v -0.43334653 0.75511494 0.99915722
v -0.43219547 0.75511494 0.99829486
v -0.43334653 0.75623718 0.99829486
v -0.43219547 0.00221877 0.99829499
v -0.43334653 0.00221877 0.99915735
v -0.43334653 0.00109659 0.99829499
v -0.4321955 0.75511493 0.95006523
v -0.43334656 0.75511493 0.94920293
v -0.43334656 0.75623717 0.95006523
v -0.43334656 0.00109658 0.95006535
v -0.43334656 0.00221876 0.94920305
v -0.4321955 0.00221876 0.95006535
v -0.49715205 0.75455637 -0.94941495
v -0.49715205 0.75596089 -0.95049451
v -0.49859275 0.75455636 -0.95049451
v -0.49715205 0.00137224 -0.95049439
v -0.49715205 0.0027768 -0.94941483
v -0.49859275 0.0027768 -0.95049439
v -0.49859278 0.75455636 -0.9978659
v -0.49715208 0.75596088 -0.9978659
v -0.49715208 0.75455636 -0.99894546
v -0.49859278 0.00277679 -0.99786577
v -0.49715208 0.00277679 -0.99894533
v -0.49715208 0.00137223 -0.99786577
v -0.43392088 0.75455637 -0.94941495
v -0.43248018 0.75455636 -0.95049451
v -0.43392088 0.75596089 -0.95049451
v -0.43248018 0.0027768 -0.95049439
v -0.43392088 0.0027768 -0.94941483
v -0.43392088 0.00137224 -0.95049439
v -0.43248018 0.75455636 -0.9978659
v -0.43392088 0.75455636 -0.99894546
v -0.43392088 0.75596088 -0.9978659
v -0.43392088 0.00137223 -0.99786577
v -0.43392088 0.00277679 -0.99894533
v -0.43248018 0.00277679 -0.99786577
v 0.43233221 0.75610545 0.99953327
v 0.43233221 0.75672665 0.99905596
v 0.43169509 0.75610545 0.99905596
v 0.43233221 0.00060709 0.99905608
v 0.43233221 0.00122826 0.99953339
v 0.43169509 0.00122826 0.99905608
v 0.43169509 0.75610544 0.94930402
v 0.43233221 0.75672664 0.94930402
v 0.43233221 0.75610544 0.94882665
v 0.43169509 0.00122825 0.94930414
v 0.43233221 0.00122825 0.94882677
v 0.43233221 0.00060708 0.94930414
v 0.49874072 0.75610545 0.99953327
v 0.4993779 0.75610545 0.99905596
v 0.49874072 0.75672665 0.99905596
v 0.4993779 0.00122826 0.99905608
v 0.49874072 0.00122826 0.99953339
v 0.49874072 0.00060709 0.99905608
v 0.4993779 0.75610544 0.94930396
v 0.49874072 0.75610544 0.94882665
v 0.49874072 0.75672664 0.94930396
v 0.49874072 0.00060708 0.94930408
v 0.49874072 0.00122825 0.94882677
v 0.4993779 0.00122825 0.94930408
v 0.43284701 0.75560159 -0.9490181
v 0.43284701 0.75647748 -0.94969116
v 0.43194865 0.75560159 -0.94969116
v 0.43284701 0.00085565 -0.94969104
v 0.43284701 0.00173151 -0.94901798
v 0.43194865 0.00173151 -0.94969104
v 0.43194865 0.75560158 -0.99866937
v 0.43284701 0.75647747 -0.99866937
v 0.43284701 0.75560158 -0.99934242
v 0.43194865 0.0017315 -0.99866924
v 0.43284701 0.0017315 -0.9993423
v 0.43284701 0.00085564 -0.99866924
v 0.49822258 0.75560159 -0.94901822
v 0.49912094 0.75560159 -0.94969128
v 0.49822258 0.75647748 -0.94969128
v 0.49912094 0.00173151 -0.94969116
v 0.49822258 0.00173151 -0.9490181
v 0.49822258 0.00085565 -0.94969116
v 0.49912094 0.75560158 -0.99866949
v 0.49822258 0.75560158 -0.99934254
v 0.49822258 0.75647747 -0.99866949
v 0.49822258 0.00085564 -0.99866936
v 0.49822258 0.0017315 -0.99934242
v 0.49912094 0.0017315 -0.99866936
v 0.42900579 0.69499674 0.97121166
v 0.42900579 0.69601598 0.97042845
v 0.43005126 0.69601598 0.97121166
v 0.42900579 0.75531854 0.97042844
v 0.42900579 0.75633778 0.97121165
v 0.43005126 0.75531854 0.97121165
v 0.42900579 0.69499674 0.99025445
v 0.4300512 0.69601598 0.99025445
v 0.42900579 0.69601598 0.99103765
v 0.42900579 0.75633779 0.99025444
v 0.42900579 0.75531855 0.99103764
v 0.43005126 0.75531855 0.99025444
v -0.42900406 0.69499674 0.97121195
v -0.43004953 0.69601598 0.97121195
v -0.42900406 0.69601598 0.97042869
v -0.42900412 0.75633778 0.97121194
v -0.42900412 0.75531854 0.97042868
v -0.43004959 0.75531854 0.97121194
v -0.42900412 0.69499674 0.99025468
v -0.42900412 0.69601598 0.99103795
v -0.43004959 0.69601598 0.99025468
v -0.42900406 0.75633779 0.99025467
v -0.43004953 0.75531855 0.99025467
v -0.42900406 0.75531855 0.99103794
v 0.42820757 0.69538015 -0.98965809
v 0.42820757 0.69679219 -0.99074313
v 0.42965596 0.69679219 -0.98965809
v 0.42820757 0.7545417 -0.99074314
v 0.42820757 0.75595373 -0.9896581
v 0.42965596 0.7545417 -0.9896581
v 0.42820757 0.69538016 -0.97180876
v 0.42965596 0.69679219 -0.97180876
v 0.42820757 0.69679219 -0.97072372
v 0.42820757 0.75595373 -0.97180877
v 0.42820757 0.7545417 -0.97072373
v 0.42965596 0.7545417 -0.97180877
v -0.4282093 0.69538015 -0.98965785
v -0.4296576 0.69679219 -0.98965785
v -0.4282093 0.69679219 -0.99074289
v -0.4282093 0.75595373 -0.98965786
v -0.4282093 0.7545417 -0.9907429
v -0.4296576 0.7545417 -0.98965786
v -0.4282093 0.69538016 -0.97180853
v -0.4282093 0.69679219 -0.97072348
v -0.4296576 0.69679219 -0.97180853
v -0.4282093 0.75595373 -0.97180853
v -0.4296576 0.7545417 -0.97180853
v -0.4282093 0.7545417 -0.97072349
v 0.46237682 0.69538386 -0.94621
v 0.46092467 0.69679959 -0.94621
v 0.46237676 0.69679959 -0.9472979
v 0.46092467 0.75453431 -0.94621001
v 0.46237682 0.75595004 -0.94621001
v 0.46237676 0.75453431 -0.94729791
v 0.48618685 0.69538386 -0.94621
v 0.48618679 0.69679959 -0.9472979
v 0.487639 0.69679959 -0.94621
v 0.48618685 0.75595004 -0.94621001
v 0.487639 0.75453431 -0.94621001
v 0.48618679 0.75453431 -0.94729791
v 0.46237784 0.69538416 0.9462087
v 0.46237778 0.69679989 0.94729666
v 0.46092569 0.69679989 0.9462087
v 0.46237778 0.75595035 0.94620869
v 0.46092569 0.75453462 0.94620869
v 0.46237778 0.75453462 0.94729665
v 0.4861878 0.69538416 0.9462087
v 0.48763995 0.69679989 0.9462087
v 0.4861878 0.69679989 0.9472966
v 0.4861878 0.75595035 0.94620869
v 0.4861878 0.75453462 0.94729659
v 0.48763995 0.75453462 0.94620869
v -0.48569759 0.69562031 -0.94584224
v -0.48739802 0.69727815 -0.94584224
v -0.48569759 0.69727815 -0.94711623
v -0.48739802 0.75405569 -0.94584225
v -0.48569759 0.75571353 -0.94584225
v -0.48569759 0.75405569 -0.94711624
v -0.46286931 0.69562031 -0.94584224
v -0.46286931 0.69727815 -0.94711623
v -0.46116887 0.69727815 -0.94584224
v -0.46286931 0.75571353 -0.94584225
v -0.46116887 0.75405569 -0.94584225
v -0.46286931 0.75405569 -0.94711624
v -0.48569663 0.69562062 0.94584076
v -0.48569663 0.69727846 0.94711463
v -0.48739706 0.69727846 0.94584076
v -0.48569663 0.75571384 0.94584075
v -0.48739706 0.75405599 0.94584075
v -0.48569663 0.754056 0.94711462
v -0.46286838 0.69562062 0.94584076
v -0.46116795 0.69727846 0.94584076
v -0.46286838 0.69727846 0.94711463
v -0.46286838 0.75571384 0.94584075
v -0.46286838 0.754056 0.94711462
v -0.46116795 0.75405599 0.94584075
v 0.49709575 0.75985533 -0.99990879
v 0.49968277 0.75985533 -0.9979708
v 0.49709575 0.75733322 -0.9979708
v -0.49968274 0.75985533 -0.99797044
v -0.49709578 0.75985533 -0.99990843
v -0.49709575 0.75733322 -0.99797044
v 0.49968253 0.75985565 0.99797014
v 0.49709557 0.75985565 0.99990824
v 0.49709557 0.75733354 0.99797014
v -0.49968289 0.75985565 0.99797026
v -0.49709593 0.75733354 0.99797026
v -0.49709593 0.75985565 0.99990836
v -0.49968274 0.79747778 -0.99797045
v -0.49709575 0.79999989 -0.99797045
v -0.49709578 0.79747778 -0.99990844
v -0.49968289 0.79747811 0.99797025
v -0.49709593 0.79747811 0.99990835
v -0.49709593 0.80000022 0.99797025
v 0.49709575 0.79747778 -0.99990879
v 0.49709575 0.79999989 -0.99797081
v 0.49968277 0.79747778 -0.99797081
v 0.49968253 0.79747811 0.99797013
v 0.49709557 0.80000022 0.99797013
v 0.49709557 0.79747811 0.99990824
v -0.43540647 1.9E-07 0.99675176
v -0.49566313 1.9E-07 0.99675176
v -0.49566313 1.8E-07 0.95160864
v -0.43540647 1.8E-07 0.95160864
v -0.43107094 0.00422708 0.95160864
v -0.43107094 0.75310661 0.95160851
v -0.43107091 0.75310662 0.99675164
v -0.43107091 0.00422709 0.99675176
v -0.49566313 0.00422708 0.94836054
v -0.49566313 0.75310661 0.94836042
v -0.43540647 0.75310661 0.94836042
v -0.43540647 0.00422708 0.94836054
v -0.49566313 0.75733354 0.99675164
v -0.43540647 0.75733354 0.99675164
v -0.43540647 0.75733354 0.95160851
v -0.49566313 0.75733354 0.95160851
v -0.49999865 0.00422709 0.99675176
v -0.49999865 0.75310662 0.99675164
v -0.49999868 0.75310661 0.95160851
v -0.49999868 0.00422708 0.95160864
v -0.49566313 0.75310662 0.99999974
v -0.49566313 0.75521734 0.99956581
v -0.49782806 0.75310662 0.99956581
v -0.49566313 0.75676885 0.99837354
v -0.49782806 0.75676885 0.99675164
v -0.49772303 0.75623718 0.99829492
v -0.49566313 0.75676885 0.99837354
v -0.49941944 0.75521734 0.99675164
v -0.49887409 0.75511494 0.99829492
v -0.49941944 0.75310662 0.99837354
v -0.49887409 0.75511494 0.99829492
v -0.49941944 0.75521734 0.99675164
v -0.49941944 0.75310662 0.99837354
v -0.49566313 0.00056492 0.99837366
v -0.49772303 0.00109659 0.99829505
v -0.49782806 0.00056492 0.99675176
v -0.49566313 0.00056492 0.99837366
v -0.49566313 0.00211643 0.99956594
v -0.49566313 0.00422709 0.99999986
v -0.49782806 0.00422709 0.99956594
v -0.49941944 0.00422709 0.99837366
v -0.49941944 0.00211643 0.99675176
v -0.49887409 0.00221877 0.99829505
v -0.49941944 0.00422709 0.99837366
v -0.49941944 0.00211643 0.99675176
v -0.49887409 0.00221877 0.99829505
v -0.49941947 0.75521733 0.95160851
v -0.49887412 0.75511493 0.95006529
v -0.49941947 0.75310661 0.94998661
v -0.49941947 0.75521733 0.95160851
v -0.49782806 0.75676884 0.95160851
v -0.49772306 0.75623717 0.95006529
v -0.49887412 0.75511493 0.95006529
v -0.49566313 0.75676884 0.94998661
v -0.49566313 0.75676884 0.94998661
v -0.49566313 0.75521733 0.94879434
v -0.49782806 0.75310661 0.94879434
v -0.49941947 0.75310661 0.94998661
v -0.49941947 0.00422708 0.94998673
v -0.49887412 0.00221876 0.95006541
v -0.49941947 0.00211642 0.95160864
v -0.49941947 0.00422708 0.94998673
v -0.49782806 0.00422708 0.94879446
v -0.49566313 0.00211642 0.94879446
v -0.49566313 0.00056491 0.94998673
v -0.49782806 0.00056491 0.95160864
v -0.49772306 0.00109658 0.95006541
v -0.49566313 0.00056491 0.94998673
v -0.49941947 0.00211642 0.95160864
v -0.49887412 0.00221876 0.95006541
v -0.43540647 0.75310662 0.99999974
v -0.43324154 0.75310662 0.99956581
v -0.43540647 0.75521734 0.99956581
v -0.43165012 0.75310662 0.99837354
v -0.43165012 0.75521734 0.99675164
v -0.43219547 0.75511494 0.99829486
v -0.43165012 0.75310662 0.99837354
v -0.43165012 0.75521734 0.99675164
v -0.43324154 0.75676885 0.99675164
v -0.43334653 0.75623718 0.99829486
v -0.43219547 0.75511494 0.99829486
v -0.43540647 0.75676885 0.99837354
v -0.43540647 0.75676885 0.99837354
v -0.43165012 0.00422709 0.99837366
v -0.43219547 0.00221877 0.99829499
v -0.43165012 0.00211643 0.99675176
v -0.43165012 0.00422709 0.99837366
v -0.43324154 0.00422709 0.99956594
v -0.43540647 0.00422709 0.99999986
v -0.43540647 0.00211643 0.99956594
v -0.43540647 0.00056492 0.99837366
v -0.43324154 0.00056492 0.99675176
v -0.43334653 0.00109659 0.99829499
v -0.43540647 0.00056492 0.99837366
v -0.43165012 0.00211643 0.99675176
v -0.43219547 0.00221877 0.99829499
v -0.43165015 0.75310661 0.94998661
v -0.4321955 0.75511493 0.95006523
v -0.43165015 0.75521733 0.95160851
v -0.43165015 0.75310661 0.94998661
v -0.43324154 0.75310661 0.94879434
v -0.43540647 0.75521733 0.94879434
v -0.43540647 0.75676884 0.94998661
v -0.43324154 0.75676884 0.95160851
v -0.43334656 0.75623717 0.95006523
v -0.43540647 0.75676884 0.94998661
v -0.43324154 0.75676884 0.95160851
v -0.43334656 0.75623717 0.95006523
v -0.43540647 0.00056491 0.94998673
v -0.43334656 0.00109658 0.95006535
v -0.43324154 0.00056491 0.95160864
v -0.43540647 0.00056491 0.94998673
v -0.43540647 0.00211642 0.94879446
v -0.43324154 0.00422708 0.94879446
v -0.43165015 0.00422708 0.94998673
v -0.43165015 0.00211642 0.95160864
v -0.4321955 0.00221876 0.95006535
v -0.43165015 0.00422708 0.94998673
v -0.43324154 0.00056491 0.95160864
v -0.43334656 0.00109658 0.95006535
v -0.43165015 0.00211642 0.95160864
v -0.43165015 0.75521733 0.95160851
v -0.4364992 -1.3E-07 -0.95242594
v -0.49457376 -1.3E-07 -0.95242594
v -0.49457376 -1.3E-07 -0.99593423
v -0.4364992 -1.3E-07 -0.99593423
v -0.43107261 0.00529047 -0.99593423
v -0.43107261 0.75204265 -0.99593435
v -0.43107261 0.75204266 -0.95242606
v -0.43107261 0.00529047 -0.95242594
v -0.49457376 0.00529046 -0.99999986
v -0.49457376 0.75204265 -0.99999998
v -0.4364992 0.75204265 -0.99999998
v -0.4364992 0.00529046 -0.99999986
v -0.49457376 0.75733323 -0.95242606
v -0.4364992 0.75733323 -0.95242606
v -0.4364992 0.75733322 -0.99593435
v -0.49457376 0.75733322 -0.99593435
v -0.50000035 0.00529047 -0.95242594
v -0.50000035 0.75204266 -0.95242606
v -0.50000035 0.75204265 -0.99593435
v -0.50000035 0.00529047 -0.99593423
v -0.49457376 0.75204266 -0.94836043
v -0.49457376 0.75468446 -0.94890378
v -0.49728348 0.75204266 -0.94890378
v -0.49457376 0.75662643 -0.95039604
v -0.49728348 0.75662643 -0.95242606
v -0.49715205 0.75596089 -0.95049451
v -0.49457376 0.75662643 -0.95039604
v -0.49927538 0.75468446 -0.95242606
v -0.49859275 0.75455636 -0.95049451
v -0.49927538 0.75204266 -0.95039604
v -0.49859275 0.75455636 -0.95049451
v -0.49927538 0.75468446 -0.95242606
v -0.49927538 0.75204266 -0.95039604
v -0.49457376 0.00070673 -0.95039592
v -0.49715205 0.00137224 -0.95049439
v -0.49728348 0.00070673 -0.95242594
v -0.49457376 0.00070673 -0.95039592
v -0.49457376 0.00264868 -0.94890366
v -0.49457376 0.00529047 -0.9483603
v -0.49728348 0.0052905 -0.94890366
v -0.49927538 0.0052905 -0.95039592
v -0.49927538 0.00264868 -0.95242594
v -0.49859275 0.0027768 -0.95049439
v -0.49927538 0.0052905 -0.95039592
v -0.49927538 0.00264868 -0.95242594
v -0.49859275 0.0027768 -0.95049439
v -0.49927538 0.75468445 -0.99593435
v -0.49859278 0.75455636 -0.9978659
v -0.49927538 0.75204265 -0.99796436
v -0.49927538 0.75468445 -0.99593435
v -0.49728351 0.75662643 -0.99593435
v -0.49715208 0.75596088 -0.9978659
v -0.49859278 0.75455636 -0.9978659
v -0.49457376 0.75662643 -0.99796436
v -0.49457376 0.75662643 -0.99796436
v -0.49457376 0.75468445 -0.99945663
v -0.49728351 0.75204265 -0.99945663
v -0.49927538 0.75204265 -0.99796436
v -0.49927538 0.00529049 -0.99796424
v -0.49859278 0.00277679 -0.99786577
v -0.49927538 0.00264867 -0.99593423
v -0.49927538 0.00529049 -0.99796424
v -0.49728351 0.00529049 -0.9994565
v -0.49457376 0.00264867 -0.9994565
v -0.49457376 0.00070672 -0.99796424
v -0.49728351 0.00070672 -0.99593423
v -0.49715208 0.00137223 -0.99786577
v -0.49457376 0.00070672 -0.99796424
v -0.49927538 0.00264867 -0.99593423
v -0.49859278 0.00277679 -0.99786577
v -0.43649917 0.75204266 -0.94836043
v -0.43378945 0.75204266 -0.94890378
v -0.43649917 0.75468446 -0.94890378
v -0.43179755 0.75204266 -0.95039604
v -0.43179755 0.75468446 -0.95242606
v -0.43248018 0.75455636 -0.95049451
v -0.43179755 0.75204266 -0.95039604
v -0.43179755 0.75468446 -0.95242606
v -0.43378945 0.75662643 -0.95242606
v -0.43392088 0.75596089 -0.95049451
v -0.43248018 0.75455636 -0.95049451
v -0.43649917 0.75662643 -0.95039604
v -0.43649917 0.75662643 -0.95039604
v -0.43179755 0.0052905 -0.95039592
v -0.43248018 0.0027768 -0.95049439
v -0.43179755 0.00264868 -0.95242594
v -0.43179755 0.0052905 -0.95039592
v -0.43378945 0.0052905 -0.94890366
v -0.43649917 0.00529047 -0.9483603
v -0.43649917 0.00264868 -0.94890366
v -0.43649917 0.00070673 -0.95039592
v -0.43378945 0.00070673 -0.95242594
v -0.43392088 0.00137224 -0.95049439
v -0.43649917 0.00070673 -0.95039592
v -0.43179755 0.00264868 -0.95242594
v -0.43248018 0.0027768 -0.95049439
v -0.43179758 0.75204265 -0.99796436
v -0.43248018 0.75455636 -0.9978659
v -0.43179758 0.75468445 -0.99593435
v -0.43179758 0.75204265 -0.99796436
v -0.43378948 0.75204265 -0.99945663
v -0.4364992 0.75468445 -0.99945663
v -0.4364992 0.75662643 -0.99796436
v -0.43378945 0.75662643 -0.99593435
v -0.43392088 0.75596088 -0.9978659
v -0.4364992 0.75662643 -0.99796436
v -0.43378945 0.75662643 -0.99593435
v -0.43392088 0.75596088 -0.9978659
v -0.4364992 0.00070672 -0.99796424
v -0.43392088 0.00137223 -0.99786577
v -0.43378945 0.00070672 -0.99593423
v -0.4364992 0.00070672 -0.99796424
v -0.4364992 0.00264867 -0.9994565
v -0.43378948 0.00529049 -0.9994565
v -0.43179758 0.00529049 -0.99796424
v -0.43179758 0.00264867 -0.99593423
v -0.43248018 0.00277679 -0.99786577
v -0.43179758 0.00529049 -0.99796424
v -0.43378945 0.00070672 -0.99593423
v -0.43392088 0.00137223 -0.99786577
v -0.43179758 0.00264867 -0.99593423
v -0.43179758 0.75468445 -0.99593435
v 0.49968253 0.75985565 0.99797014
v 0.49968277 0.75985533 -0.9979708
v 0.49968277 0.79747778 -0.99797081
v 0.49968253 0.79747811 0.99797013
v 0.49760048 1.9E-07 0.99820182
v 0.4334725 1.9E-07 0.99820182
v 0.4334725 1.8E-07 0.95015834
v 0.49760048 1.8E-07 0.95015834
v 0.50000035 0.00233988 0.95015834
v 0.50000035 0.75499382 0.95015821
v 0.50000035 0.75499382 0.9982017
v 0.50000035 0.00233988 0.99820182
v 0.4334725 0.00233988 0.94836042
v 0.4334725 0.75499381 0.9483603
v 0.49760048 0.75499381 0.9483603
v 0.49760048 0.00233988 0.94836042
v 0.4334725 0.75733354 0.9982017
v 0.49760048 0.75733354 0.9982017
v 0.49760048 0.75733354 0.95015821
v 0.4334725 0.75733354 0.95015821
v 0.43107264 0.00233988 0.99820182
v 0.43107264 0.75499382 0.9982017
v 0.43107264 0.75499382 0.95015821
v 0.43107264 0.00233988 0.95015834
v 0.4334725 0.75499382 0.99999962
v 0.4334725 0.75616213 0.99975947
v 0.43227415 0.75499382 0.99975947
v 0.4334725 0.75702092 0.99909953
v 0.43227415 0.75702092 0.9982017
v 0.43233221 0.75672665 0.99905596
v 0.4334725 0.75702092 0.99909953
v 0.43139326 0.75616213 0.9982017
v 0.43169509 0.75610545 0.99905596
v 0.43139326 0.75499382 0.99909953
v 0.43169509 0.75610545 0.99905596
v 0.43139326 0.75616213 0.9982017
v 0.43139326 0.75499382 0.99909953
v 0.4334725 0.00031279 0.99909965
v 0.43233221 0.00060709 0.99905608
v 0.43227415 0.00031279 0.99820182
v 0.4334725 0.00031279 0.99909965
v 0.4334725 0.00117157 0.99975959
v 0.4334725 0.00233988 0.99999974
v 0.43227415 0.00233988 0.99975959
v 0.43139326 0.00233988 0.99909965
v 0.43139326 0.00117157 0.99820182
v 0.43169509 0.00122826 0.99905608
v 0.43139326 0.00233988 0.99909965
v 0.43139326 0.00117157 0.99820182
v 0.43169509 0.00122826 0.99905608
v 0.43139326 0.75616213 0.95015821
v 0.43169509 0.75610544 0.94930402
v 0.43139326 0.75499381 0.94926045
v 0.43139326 0.75616213 0.95015821
v 0.43227415 0.75702091 0.95015821
v 0.43233221 0.75672664 0.94930402
v 0.43169509 0.75610544 0.94930402
v 0.4334725 0.75702091 0.94926045
v 0.4334725 0.75702091 0.94926045
v 0.4334725 0.75616213 0.94860051
v 0.43227415 0.75499381 0.94860051
v 0.43139326 0.75499381 0.94926045
v 0.43139326 0.00233988 0.94926057
v 0.43169509 0.00122825 0.94930414
v 0.43139326 0.00117156 0.95015834
v 0.43139326 0.00233988 0.94926057
v 0.43227415 0.00233988 0.94860063
v 0.4334725 0.00117156 0.94860063
v 0.4334725 0.00031278 0.94926057
v 0.43227415 0.00031278 0.95015834
v 0.43233221 0.00060708 0.94930414
v 0.4334725 0.00031278 0.94926057
v 0.43139326 0.00117156 0.95015834
v 0.43169509 0.00122825 0.94930414
v 0.49760048 0.75499382 0.99999962
v 0.49879884 0.75499382 0.99975941
v 0.49760048 0.75616213 0.99975941
v 0.49967973 0.75499382 0.99909947
v 0.49967973 0.75616213 0.9982017
v 0.4993779 0.75610545 0.99905596
v 0.49967973 0.75499382 0.99909947
v 0.49967973 0.75616213 0.9982017
v 0.49879884 0.75702092 0.9982017
v 0.49874072 0.75672665 0.99905596
v 0.4993779 0.75610545 0.99905596
v 0.49760048 0.75702092 0.99909947
v 0.49760048 0.75702092 0.99909947
v 0.49967973 0.00233988 0.99909959
v 0.4993779 0.00122826 0.99905608
v 0.49967973 0.00117157 0.99820182
v 0.49967973 0.00233988 0.99909959
v 0.49879884 0.00233988 0.99975953
v 0.49760048 0.00233988 0.99999974
v 0.49760048 0.00117157 0.99975953
v 0.49760048 0.00031279 0.99909959
v 0.49879884 0.00031279 0.99820182
v 0.49874072 0.00060709 0.99905608
v 0.49760048 0.00031279 0.99909959
v 0.49967973 0.00117157 0.99820182
v 0.4993779 0.00122826 0.99905608
v 0.49967973 0.75499381 0.94926045
v 0.4993779 0.75610544 0.94930396
v 0.49967973 0.75616213 0.95015821
v 0.49967973 0.75499381 0.94926045
v 0.49879884 0.75499381 0.94860051
v 0.49760048 0.75616213 0.94860051
v 0.49760048 0.75702091 0.94926045
v 0.49879884 0.75702091 0.95015821
v 0.49874072 0.75672664 0.94930396
v 0.49760048 0.75702091 0.94926045
v 0.49879884 0.75702091 0.95015821
v 0.49874072 0.75672664 0.94930396
v 0.49760048 0.00031278 0.94926057
v 0.49874072 0.00060708 0.94930408
v 0.49879884 0.00031278 0.95015834
v 0.49760048 0.00031278 0.94926057
v 0.49760048 0.00117156 0.94860063
v 0.49879884 0.00233988 0.94860063
v 0.49967973 0.00233988 0.94926057
v 0.49967973 0.00117156 0.95015834
v 0.4993779 0.00122825 0.94930408
v 0.49967973 0.00233988 0.94926057
v 0.49879884 0.00031278 0.95015834
v 0.49874072 0.00060708 0.94930408
v 0.49967973 0.00117156 0.95015834
v 0.49967973 0.75616213 0.95015821
v 0.4966148 -1.3E-07 -0.95089577
v 0.43445479 -1.3E-07 -0.95089565
v 0.43445479 -1.3E-07 -0.99746463
v 0.4966148 -1.3E-07 -0.99746475
v 0.49999862 0.00329892 -0.99746475
v 0.49999862 0.75403416 -0.99746488
v 0.49999862 0.75403417 -0.95089589
v 0.49999862 0.00329893 -0.95089577
v 0.43445479 0.00329892 -0.99999986
v 0.43445479 0.75403416 -0.99999998
v 0.4966148 0.75403416 -1.0000001
v 0.4966148 0.00329892 -0.99999998
v 0.43445479 0.75733323 -0.95089577
v 0.4966148 0.75733323 -0.95089589
v 0.4966148 0.75733322 -0.99746488
v 0.43445479 0.75733322 -0.99746476
v 0.43107091 0.00329893 -0.95089565
v 0.43107091 0.75403417 -0.95089577
v 0.43107091 0.75403416 -0.99746476
v 0.43107091 0.00329892 -0.99746464
v 0.43445479 0.75403417 -0.94836054
v 0.43445479 0.75568152 -0.94869922
v 0.43276506 0.75403417 -0.94869922
v 0.43445479 0.75689251 -0.94962977
v 0.43276506 0.75689251 -0.95089577
v 0.43284701 0.75647748 -0.94969116
v 0.43445479 0.75689251 -0.94962977
v 0.43152302 0.75568152 -0.95089577
v 0.43194865 0.75560159 -0.94969116
v 0.43152302 0.75403417 -0.94962977
v 0.43194865 0.75560159 -0.94969116
v 0.43152302 0.75568152 -0.95089577
v 0.43152302 0.75403417 -0.94962977
v 0.43445479 0.00044065 -0.94962964
v 0.43284701 0.00085565 -0.94969104
v 0.43276506 0.00044065 -0.95089565
v 0.43445479 0.00044065 -0.94962964
v 0.43445479 0.00165161 -0.9486991
v 0.43445479 0.00329893 -0.94836042
v 0.43276506 0.00329896 -0.9486991
v 0.43152302 0.00329896 -0.94962964
v 0.43152302 0.00165161 -0.95089565
v 0.43194865 0.00173151 -0.94969104
v 0.43152302 0.00329896 -0.94962964
v 0.43152302 0.00165161 -0.95089565
v 0.43194865 0.00173151 -0.94969104
v 0.43152302 0.75568151 -0.99746476
v 0.43194865 0.75560158 -0.99866937
v 0.43152302 0.75403416 -0.99873076
v 0.43152302 0.75568151 -0.99746476
v 0.43276506 0.7568925 -0.99746476
v 0.43284701 0.75647747 -0.99866937
v 0.43194865 0.75560158 -0.99866937
v 0.43445479 0.7568925 -0.99873076
v 0.43445479 0.7568925 -0.99873076
v 0.43445479 0.75568151 -0.99966131
v 0.43276506 0.75403416 -0.99966131
v 0.43152302 0.75403416 -0.99873076
v 0.43152302 0.00329895 -0.99873064
v 0.43194865 0.0017315 -0.99866924
v 0.43152302 0.0016516 -0.99746463
v 0.43152302 0.00329895 -0.99873064
v 0.43276506 0.00329895 -0.99966119
v 0.43445479 0.0016516 -0.99966119
v 0.43445479 0.00044064 -0.99873064
v 0.43276506 0.00044064 -0.99746463
v 0.43284701 0.00085564 -0.99866924
v 0.43445479 0.00044064 -0.99873064
v 0.43152302 0.0016516 -0.99746463
v 0.43194865 0.0017315 -0.99866924
v 0.4966148 0.75403417 -0.94836066
v 0.49830453 0.75403417 -0.94869934
v 0.4966148 0.75568152 -0.94869934
v 0.49954658 0.75403417 -0.94962989
v 0.49954658 0.75568152 -0.95089589
v 0.49912094 0.75560159 -0.94969128
v 0.49954658 0.75403417 -0.94962989
v 0.49954658 0.75568152 -0.95089589
v 0.49830453 0.75689251 -0.95089589
v 0.49822258 0.75647748 -0.94969128
v 0.49912094 0.75560159 -0.94969128
v 0.4966148 0.75689251 -0.94962989
v 0.4966148 0.75689251 -0.94962989
v 0.49954658 0.00329896 -0.94962976
v 0.49912094 0.00173151 -0.94969116
v 0.49954658 0.00165161 -0.95089577
v 0.49954658 0.00329896 -0.94962976
v 0.49830453 0.00329896 -0.94869922
v 0.4966148 0.00329893 -0.94836054
v 0.4966148 0.00165161 -0.94869921
v 0.4966148 0.00044065 -0.94962976
v 0.49830453 0.00044065 -0.95089577
v 0.49822258 0.00085565 -0.94969116
v 0.4966148 0.00044065 -0.94962976
v 0.49954658 0.00165161 -0.95089577
v 0.49912094 0.00173151 -0.94969116
v 0.49954658 0.75403416 -0.99873088
v 0.49912094 0.75560158 -0.99866949
v 0.49954658 0.75568151 -0.99746488
v 0.49954658 0.75403416 -0.99873088
v 0.49830453 0.75403416 -0.99966143
v 0.4966148 0.75568151 -0.99966143
v 0.4966148 0.7568925 -0.99873088
v 0.49830453 0.7568925 -0.99746488
v 0.49822258 0.75647747 -0.99866949
v 0.4966148 0.7568925 -0.99873088
v 0.49830453 0.7568925 -0.99746488
v 0.49822258 0.75647747 -0.99866949
v 0.4966148 0.00044064 -0.99873076
v 0.49822258 0.00085564 -0.99866936
v 0.49830453 0.00044064 -0.99746475
v 0.4966148 0.00044064 -0.99873076
v 0.4966148 0.0016516 -0.9996613
v 0.49830453 0.00329895 -0.9996613
v 0.49954658 0.00329895 -0.99873076
v 0.49954658 0.0016516 -0.99746475
v 0.49912094 0.0017315 -0.99866936
v 0.49954658 0.00329895 -0.99873076
v 0.49830453 0.00044064 -0.99746475
v 0.49822258 0.00085564 -0.99866936
v 0.49954658 0.0016516 -0.99746475
v 0.49954658 0.75568151 -0.99746488
v -0.42713316 0.69784 0.96966348
v -0.42713316 0.75349452 0.96966348
v 0.4271348 0.75349452 0.96966324
v 0.4271348 0.69784 0.96966325
v -0.43107094 0.69784 0.98885302
v -0.43107094 0.75349453 0.98885301
v -0.43107094 0.75349452 0.97261361
v -0.43107094 0.69784 0.97261362
v -0.42713316 0.75733354 0.98885301
v 0.4271348 0.75733354 0.98885271
v 0.4271348 0.75733354 0.97261331
v -0.42713316 0.75733354 0.97261361
v 0.43107264 0.69784 0.97261332
v 0.43107264 0.75349452 0.97261331
v 0.43107264 0.75349453 0.98885271
v 0.43107264 0.69784 0.98885272
v 0.4271348 0.69784 0.99180285
v 0.4271348 0.75349453 0.99180285
v -0.42713316 0.75349453 0.99180314
v -0.42713316 0.69784 0.99180315
v 0.4271348 0.69400098 0.97261332
v 0.42713486 0.69451382 0.97114019
v 0.42900579 0.69499674 0.97121166
v 0.42910122 0.69451382 0.97261332
v 0.42713486 0.69451382 0.97114019
v 0.42713486 0.69592299 0.97005735
v 0.42910122 0.69784 0.97005735
v 0.43054663 0.69784 0.97114019
v 0.43054663 0.69592299 0.97261332
v 0.43005126 0.69601598 0.97121166
v 0.43054663 0.69784 0.97114019
v 0.42910122 0.69451382 0.97261332
v 0.42900579 0.69499674 0.97121166
v 0.42713486 0.75541153 0.97005734
v 0.42910122 0.75349452 0.97005734
v 0.42713486 0.75682064 0.97114018
v 0.42910122 0.75682064 0.97261331
v 0.42900579 0.75633778 0.97121165
v 0.42713486 0.75682064 0.97114018
v 0.42910122 0.75682064 0.97261331
v 0.43054663 0.75541153 0.97261331
v 0.43005126 0.75531854 0.97121165
v 0.42900579 0.75633778 0.97121165
v 0.43054663 0.75349452 0.97114018
v 0.43054663 0.75349452 0.97114018
v 0.4271348 0.69400099 0.98885272
v 0.4291011 0.69451382 0.98885272
v 0.42900579 0.69499674 0.99025445
v 0.4271348 0.69451382 0.99032585
v 0.43054651 0.695923 0.98885272
v 0.4300512 0.69601598 0.99025445
v 0.43054651 0.69784 0.99032585
v 0.4300512 0.69601598 0.99025445
v 0.43054651 0.695923 0.98885272
v 0.43054651 0.69784 0.99032585
v 0.4291011 0.69784 0.99140875
v 0.4271348 0.695923 0.99140875
v 0.4271348 0.69451382 0.99032585
v 0.42713486 0.75682064 0.99032584
v 0.42900579 0.75633779 0.99025444
v 0.42910122 0.75682064 0.98885271
v 0.42713486 0.75682064 0.99032584
v 0.42713486 0.75541153 0.99140874
v 0.42910122 0.75349453 0.99140874
v 0.43054663 0.75349453 0.99032584
v 0.43054663 0.75541153 0.98885271
v 0.43005126 0.75531855 0.99025444
v 0.43054663 0.75349453 0.99032584
v 0.43054663 0.75541153 0.98885271
v 0.43005126 0.75531855 0.99025444
v -0.42713316 0.69400098 0.97261362
v -0.42909943 0.69451382 0.97261362
v -0.42900406 0.69499674 0.97121195
v -0.42713313 0.69451382 0.97114049
v -0.43054484 0.69592299 0.97261362
v -0.43004953 0.69601598 0.97121195
v -0.43054484 0.69784 0.97114049
v -0.43004953 0.69601598 0.97121195
v -0.43054484 0.69592299 0.97261362
v -0.43054484 0.69784 0.97114049
v -0.42909943 0.69784 0.97005765
v -0.42713313 0.69592299 0.97005765
v -0.42713313 0.69451382 0.97114049
v -0.42713319 0.75682064 0.97114048
v -0.42900412 0.75633778 0.97121194
v -0.42909949 0.75682064 0.97261361
v -0.42713319 0.75682064 0.97114048
v -0.42713319 0.75541153 0.97005764
v -0.42909949 0.75349452 0.97005764
v -0.4305449 0.75349452 0.97114048
v -0.4305449 0.75541153 0.97261361
v -0.43004959 0.75531854 0.97121194
v -0.4305449 0.75349452 0.97114048
v -0.4305449 0.75541153 0.97261361
v -0.43004959 0.75531854 0.97121194
v -0.42713316 0.69400099 0.98885302
v -0.42713319 0.69451382 0.99032615
v -0.42900412 0.69499674 0.99025468
v -0.42909949 0.69451382 0.98885302
v -0.42713319 0.69451382 0.99032615
v -0.42713319 0.695923 0.99140899
v -0.42909949 0.69784 0.99140899
v -0.4305449 0.69784 0.99032615
v -0.4305449 0.695923 0.98885302
v -0.43004959 0.69601598 0.99025468
v -0.4305449 0.69784 0.99032615
v -0.4305449 0.695923 0.98885302
v -0.43004959 0.69601598 0.99025468
v -0.42909943 0.75682064 0.98885301
v -0.42900406 0.75633779 0.99025467
v -0.42713313 0.75682064 0.99032614
v -0.43054484 0.75541153 0.98885301
v -0.43004953 0.75531855 0.99025467
v -0.43054484 0.75349453 0.99032614
v -0.43004953 0.75531855 0.99025467
v -0.43054484 0.75541153 0.98885301
v -0.43054484 0.75349453 0.99032614
v -0.42909943 0.75349453 0.99140898
v -0.42713313 0.75541153 0.99140898
v -0.42713313 0.75682064 0.99032614
v 0.43054663 0.69592299 0.97261332
v 0.43054663 0.75541153 0.97261331
v -0.42561739 0.69931913 -0.99180302
v -0.42561739 0.7520147 -0.99180303
v 0.42561566 0.7520147 -0.99180327
v 0.42561566 0.69931913 -0.99180326
v -0.43107261 0.69931913 -0.97375045
v -0.43107261 0.7520147 -0.97375045
v -0.43107264 0.7520147 -0.98771606
v -0.43107264 0.69931913 -0.98771605
v -0.42561736 0.75733322 -0.97375045
v 0.42561566 0.75733322 -0.97375069
v 0.42561566 0.75733322 -0.9877163
v -0.42561739 0.75733322 -0.98771606
v 0.43107091 0.69931913 -0.98771629
v 0.43107091 0.7520147 -0.9877163
v 0.43107091 0.7520147 -0.97375069
v 0.43107091 0.69931913 -0.97375068
v 0.42561566 0.69931913 -0.96966359
v 0.42561566 0.7520147 -0.9696636
v -0.42561736 0.7520147 -0.96966336
v -0.42561736 0.69931913 -0.96966335
v 0.42561566 0.69400066 -0.98771629
v 0.42561566 0.69471115 -0.98975715
v 0.42820757 0.69538015 -0.98965809
v 0.42833971 0.69471115 -0.98771629
v 0.42561566 0.69471115 -0.98975715
v 0.42561566 0.69666338 -0.99125728
v 0.42833971 0.69931913 -0.99125728
v 0.43034213 0.69931913 -0.98975715
v 0.43034213 0.69666338 -0.98771629
v 0.42965596 0.69679219 -0.98965809
v 0.43034213 0.69931913 -0.98975715
v 0.42833971 0.69471115 -0.98771629
v 0.42820757 0.69538015 -0.98965809
v 0.42561566 0.7546705 -0.99125729
v 0.42833971 0.7520147 -0.99125729
v 0.42561566 0.75662267 -0.98975716
v 0.42833971 0.75662267 -0.9877163
v 0.42820757 0.75595373 -0.9896581
v 0.42561566 0.75662267 -0.98975716
v 0.42833971 0.75662267 -0.9877163
v 0.43034213 0.7546705 -0.9877163
v 0.42965596 0.7545417 -0.9896581
v 0.42820757 0.75595373 -0.9896581
v 0.43034213 0.7520147 -0.98975716
v 0.43034213 0.7520147 -0.98975716
v 0.42561566 0.69400067 -0.97375068
v 0.42833971 0.69471115 -0.97375068
v 0.42820757 0.69538016 -0.97180876
v 0.42561566 0.69471115 -0.97170982
v 0.43034213 0.69666338 -0.97375068
v 0.42965596 0.69679219 -0.97180876
v 0.43034213 0.69931913 -0.97170982
v 0.42965596 0.69679219 -0.97180876
v 0.43034213 0.69666338 -0.97375068
v 0.43034213 0.69931913 -0.97170982
v 0.42833971 0.69931913 -0.97020957
v 0.42561566 0.69666338 -0.97020957
v 0.42561566 0.69471115 -0.97170982
v 0.42561566 0.75662268 -0.97170983
v 0.42820757 0.75595373 -0.97180877
v 0.42833971 0.75662268 -0.97375069
v 0.42561566 0.75662268 -0.97170983
v 0.42561566 0.7546705 -0.97020958
v 0.42833971 0.7520147 -0.97020958
v 0.43034213 0.7520147 -0.97170983
v 0.43034213 0.7546705 -0.97375069
v 0.42965596 0.7545417 -0.97180877
v 0.43034213 0.7520147 -0.97170983
v 0.43034213 0.7546705 -0.97375069
v 0.42965596 0.7545417 -0.97180877
v -0.42561739 0.69400066 -0.98771605
v -0.42834141 0.69471115 -0.98771605
v -0.4282093 0.69538015 -0.98965785
v -0.42561739 0.69471115 -0.98975691
v -0.43034386 0.69666338 -0.98771605
v -0.4296576 0.69679219 -0.98965785
v -0.43034386 0.69931913 -0.98975691
v -0.4296576 0.69679219 -0.98965785
v -0.43034386 0.69666338 -0.98771605
v -0.43034386 0.69931913 -0.98975691
v -0.42834141 0.69931913 -0.99125704
v -0.42561739 0.69666338 -0.99125704
v -0.42561739 0.69471115 -0.98975691
v -0.42561739 0.75662267 -0.98975692
v -0.4282093 0.75595373 -0.98965786
v -0.42834141 0.75662267 -0.98771606
v -0.42561739 0.75662267 -0.98975692
v -0.42561739 0.7546705 -0.99125705
v -0.42834141 0.7520147 -0.99125705
v -0.43034386 0.7520147 -0.98975692
v -0.43034386 0.7546705 -0.98771606
v -0.4296576 0.7545417 -0.98965786
v -0.43034386 0.7520147 -0.98975692
v -0.43034386 0.7546705 -0.98771606
v -0.4296576 0.7545417 -0.98965786
v -0.42561736 0.69400067 -0.97375044
v -0.42561736 0.69471115 -0.97170958
v -0.4282093 0.69538016 -0.97180853
v -0.42834141 0.69471115 -0.97375044
v -0.42561736 0.69471115 -0.97170958
v -0.42561736 0.69666338 -0.97020933
v -0.42834141 0.69931913 -0.97020933
v -0.43034383 0.69931913 -0.97170958
v -0.43034383 0.69666338 -0.97375044
v -0.4296576 0.69679219 -0.97180853
v -0.43034383 0.69931913 -0.97170958
v -0.43034383 0.69666338 -0.97375044
v -0.4296576 0.69679219 -0.97180853
v -0.42834141 0.75662268 -0.97375045
v -0.4282093 0.75595373 -0.97180853
v -0.42561736 0.75662268 -0.97170959
v -0.43034383 0.7546705 -0.97375045
v -0.4296576 0.7545417 -0.97180853
v -0.43034383 0.7520147 -0.97170959
v -0.4296576 0.7545417 -0.97180853
v -0.43034383 0.7546705 -0.97375045
v -0.43034383 0.7520147 -0.97170959
v -0.42834141 0.7520147 -0.97020934
v -0.42561736 0.7546705 -0.97020934
v -0.42561736 0.75662268 -0.97170959
v 0.43034213 0.69666338 -0.98771629
v 0.43034213 0.7546705 -0.9877163
v 0.45950692 0.69933357 0.94426171
v 0.45950692 0.75200095 0.94426171
v 0.45950596 0.75200064 -0.9442632
v 0.45950596 0.69933326 -0.94426319
v 0.48358904 0.69933357 0.94835947
v 0.48358904 0.75200095 0.94835946
v 0.4649766 0.75200095 0.94835946
v 0.4649766 0.69933357 0.94835947
v 0.48358904 0.75733353 0.94426164
v 0.48358815 0.75733323 -0.9442632
v 0.46497564 0.75733323 -0.9442632
v 0.4649766 0.75733353 0.9442617
v 0.46497559 0.69933326 -0.94836077
v 0.46497559 0.75200064 -0.94836078
v 0.48358809 0.75200064 -0.94836078
v 0.48358809 0.69933326 -0.94836077
v 0.48905783 0.69933326 -0.94426319
v 0.48905783 0.75200064 -0.9442632
v 0.48905872 0.75200095 0.94426165
v 0.48905872 0.69933357 0.94426165
v 0.46497564 0.69400067 -0.94426319
v 0.46224438 0.69471307 -0.94426319
v 0.46237682 0.69538386 -0.94621
v 0.46497564 0.69471307 -0.9463093
v 0.46023672 0.69667048 -0.94426319
v 0.46092467 0.69679959 -0.94621
v 0.46023672 0.69933326 -0.9463093
v 0.46092467 0.69679959 -0.94621
v 0.46023672 0.69667048 -0.94426319
v 0.46023672 0.69933326 -0.9463093
v 0.46224432 0.69933326 -0.94781348
v 0.46497559 0.69667048 -0.94781348
v 0.46497564 0.69471307 -0.9463093
v 0.46023672 0.75466342 -0.9442632
v 0.46092467 0.75453431 -0.94621001
v 0.46023672 0.75200064 -0.94630931
v 0.46023672 0.75466342 -0.9442632
v 0.46224438 0.75662083 -0.9442632
v 0.46237682 0.75595004 -0.94621001
v 0.46092467 0.75453431 -0.94621001
v 0.46497564 0.75662083 -0.94630931
v 0.46497564 0.75662083 -0.94630931
v 0.46497559 0.75466342 -0.94781349
v 0.46224432 0.75200064 -0.94781349
v 0.46023672 0.75200064 -0.94630931
v 0.48358815 0.69400067 -0.94426319
v 0.48358815 0.69471307 -0.9463093
v 0.48618685 0.69538386 -0.94621
v 0.48631935 0.69471307 -0.94426319
v 0.48358815 0.69471307 -0.9463093
v 0.48358809 0.69667048 -0.94781348
v 0.48631929 0.69933326 -0.94781348
v 0.48832702 0.69933326 -0.9463093
v 0.48832702 0.69667048 -0.94426319
v 0.487639 0.69679959 -0.94621
v 0.48832702 0.69933326 -0.9463093
v 0.48631935 0.69471307 -0.94426319
v 0.48618685 0.69538386 -0.94621
v 0.48631935 0.75662083 -0.9442632
v 0.48618685 0.75595004 -0.94621001
v 0.48358815 0.75662083 -0.94630931
v 0.48631935 0.75662083 -0.9442632
v 0.48832702 0.75466342 -0.9442632
v 0.487639 0.75453431 -0.94621001
v 0.48618685 0.75595004 -0.94621001
v 0.48832702 0.75200064 -0.94630931
v 0.48832702 0.75200064 -0.94630931
v 0.48631929 0.75200064 -0.94781349
v 0.48358809 0.75466342 -0.94781349
v 0.48358815 0.75662083 -0.94630931
v 0.4649766 0.69400098 0.94426171
v 0.4649766 0.69471337 0.946308
v 0.46237784 0.69538416 0.9462087
v 0.46224533 0.69471337 0.94426177
v 0.4649766 0.69471337 0.946308
v 0.4649766 0.69667079 0.94781206
v 0.46224533 0.69933357 0.94781206
v 0.46023761 0.69933357 0.946308
v 0.46023761 0.69667079 0.94426177
v 0.46092569 0.69679989 0.9462087
v 0.46023761 0.69933357 0.946308
v 0.46023761 0.69667079 0.94426177
v 0.46092569 0.69679989 0.9462087
v 0.46224533 0.75662114 0.94426176
v 0.46237778 0.75595035 0.94620869
v 0.4649766 0.75662114 0.94630799
v 0.46023761 0.75466372 0.94426176
v 0.46092569 0.75453462 0.94620869
v 0.46023761 0.75200095 0.94630799
v 0.46092569 0.75453462 0.94620869
v 0.46023761 0.75466372 0.94426176
v 0.46023761 0.75200095 0.94630799
v 0.46224533 0.75200095 0.94781206
v 0.4649766 0.75466372 0.94781206
v 0.4649766 0.75662114 0.94630799
v 0.48358904 0.69400098 0.94426166
v 0.48632031 0.69471337 0.94426177
v 0.4861878 0.69538416 0.9462087
v 0.48358904 0.69471337 0.946308
v 0.48832803 0.69667079 0.94426177
v 0.48763995 0.69679989 0.9462087
v 0.48832803 0.69933357 0.946308
v 0.48763995 0.69679989 0.9462087
v 0.48832803 0.69667079 0.94426177
v 0.48832803 0.69933357 0.946308
v 0.48632031 0.69933357 0.94781206
v 0.48358904 0.69667079 0.94781206
v 0.48358904 0.69471337 0.946308
v 0.48358904 0.75662114 0.94630799
v 0.4861878 0.75595035 0.94620869
v 0.48632031 0.75662114 0.94426176
v 0.48358904 0.75662114 0.94630799
v 0.48358904 0.75466372 0.94781206
v 0.48632031 0.75200095 0.94781206
v 0.48832803 0.75200095 0.94630799
v 0.48832803 0.75466372 0.94426176
v 0.48763995 0.75453462 0.94620869
v 0.48832803 0.75200095 0.94630799
v 0.48832803 0.75466372 0.94426176
v 0.48763995 0.75453462 0.94620869
v 0.48832702 0.69667048 -0.94426319
v 0.48832702 0.75466342 -0.9442632
v -0.48905839 0.70024528 0.943561
v -0.48905839 0.75108923 0.94356099
v -0.48905935 0.75108893 -0.94356237
v -0.48905935 0.70024497 -0.94356236
v -0.4659115 0.70024528 0.94835935
v -0.4659115 0.75108923 0.94835935
v -0.48265349 0.75108923 0.94835935
v -0.48265349 0.70024528 0.94835935
v -0.4659115 0.75733353 0.94356099
v -0.46591242 0.75733323 -0.94356237
v -0.48265444 0.75733323 -0.94356237
v -0.48265349 0.75733353 0.94356099
v -0.48265444 0.70024497 -0.94836089
v -0.48265444 0.75108892 -0.9483609
v -0.46591242 0.75108892 -0.9483609
v -0.46591242 0.70024497 -0.94836089
v -0.45950754 0.70024497 -0.94356236
v -0.45950754 0.75108893 -0.94356237
v -0.45950662 0.75108923 0.94356099
v -0.45950662 0.70024528 0.943561
v -0.48265444 0.69400067 -0.94356236
v -0.48585271 0.6948349 -0.94356236
v -0.48569759 0.69562031 -0.94584224
v -0.48265444 0.6948349 -0.94595847
v -0.48820366 0.69712693 -0.94356236
v -0.48739802 0.69727815 -0.94584224
v -0.48820366 0.70024497 -0.94595847
v -0.48739802 0.69727815 -0.94584224
v -0.48820366 0.69712693 -0.94356236
v -0.48820366 0.70024497 -0.94595847
v -0.48585271 0.70024497 -0.94771991
v -0.48265444 0.69712693 -0.9477199
v -0.48265444 0.6948349 -0.94595847
v -0.48820366 0.75420696 -0.94356237
v -0.48739802 0.75405569 -0.94584225
v -0.48820366 0.75108893 -0.94595848
v -0.48820366 0.75420696 -0.94356237
v -0.48585271 0.756499 -0.94356237
v -0.48569759 0.75571353 -0.94584225
v -0.48739802 0.75405569 -0.94584225
v -0.48265444 0.756499 -0.94595848
v -0.48265444 0.756499 -0.94595848
v -0.48265444 0.75420696 -0.94771991
v -0.48585271 0.75108892 -0.94771991
v -0.48820366 0.75108893 -0.94595848
v -0.46591242 0.69400067 -0.94356236
v -0.46591242 0.6948349 -0.94595847
v -0.46286931 0.69562031 -0.94584224
v -0.46271418 0.6948349 -0.94356236
v -0.46591242 0.6948349 -0.94595847
v -0.46591242 0.69712693 -0.9477199
v -0.46271418 0.70024497 -0.94771991
v -0.4603632 0.70024497 -0.94595847
v -0.4603632 0.69712693 -0.94356236
v -0.46116887 0.69727815 -0.94584224
v -0.4603632 0.70024497 -0.94595847
v -0.46271418 0.6948349 -0.94356236
v -0.46286931 0.69562031 -0.94584224
v -0.46271418 0.756499 -0.94356237
v -0.46286931 0.75571353 -0.94584225
v -0.46591242 0.756499 -0.94595848
v -0.46271418 0.756499 -0.94356237
v -0.4603632 0.75420696 -0.94356237
v -0.46116887 0.75405569 -0.94584225
v -0.46286931 0.75571353 -0.94584225
v -0.4603632 0.75108893 -0.94595848
v -0.4603632 0.75108893 -0.94595848
v -0.46271418 0.75108892 -0.94771991
v -0.46591242 0.75420696 -0.94771991
v -0.46591242 0.756499 -0.94595848
v -0.48265349 0.69400098 0.943561
v -0.48265352 0.69483521 0.94595693
v -0.48569663 0.69562062 0.94584076
v -0.48585175 0.6948352 0.94356094
v -0.48265352 0.69483521 0.94595693
v -0.48265352 0.69712724 0.94771819
v -0.48585175 0.70024528 0.94771819
v -0.48820274 0.70024528 0.94595693
v -0.48820274 0.69712724 0.94356094
v -0.48739706 0.69727846 0.94584076
v -0.48820274 0.70024528 0.94595693
v -0.48820274 0.69712724 0.94356094
v -0.48739706 0.69727846 0.94584076
v -0.48585175 0.75649931 0.94356093
v -0.48569663 0.75571384 0.94584075
v -0.48265352 0.75649931 0.94595692
v -0.48820274 0.75420727 0.94356093
v -0.48739706 0.75405599 0.94584075
v -0.48820274 0.75108923 0.94595692
v -0.48739706 0.75405599 0.94584075
v -0.48820274 0.75420727 0.94356093
v -0.48820274 0.75108923 0.94595692
v -0.48585175 0.75108923 0.94771818
v -0.48265352 0.75420727 0.94771818
v -0.48265352 0.75649931 0.94595692
v -0.4659115 0.69400098 0.943561
v -0.46271326 0.6948352 0.94356088
v -0.46286838 0.69562062 0.94584076
v -0.4659115 0.69483521 0.94595693
v -0.46036228 0.69712724 0.94356088
v -0.46116795 0.69727846 0.94584076
v -0.46036228 0.70024528 0.94595693
v -0.46116795 0.69727846 0.94584076
v -0.46036228 0.69712724 0.94356088
v -0.46036228 0.70024528 0.94595693
v -0.46271326 0.70024528 0.94771819
v -0.4659115 0.69712724 0.94771819
v -0.4659115 0.69483521 0.94595693
v -0.4659115 0.75649931 0.94595692
v -0.46286838 0.75571384 0.94584075
v -0.46271326 0.75649931 0.94356087
v -0.4659115 0.75649931 0.94595692
v -0.4659115 0.75420727 0.94771818
v -0.46271326 0.75108923 0.94771818
v -0.46036228 0.75108923 0.94595692
v -0.46036228 0.75420727 0.94356087
v -0.46116795 0.75405599 0.94584075
v -0.46036228 0.75108923 0.94595692
v -0.46036228 0.75420727 0.94356087
v -0.46116795 0.75405599 0.94584075
v -0.4603632 0.69712693 -0.94356236
v -0.4603632 0.75420696 -0.94356237
v -0.49709593 0.80000022 0.99797025
v 0.49709557 0.80000022 0.99797013
v 0.49709575 0.79999989 -0.99797081
v -0.49709575 0.79999989 -0.99797045
v -0.49709593 0.75733354 0.99797026
v -0.49709575 0.75733322 -0.99797044
v 0.49709575 0.75733322 -0.9979708
v 0.49709557 0.75733354 0.99797014
v -0.49968274 0.75985533 -0.99797044
v -0.49968289 0.75985565 0.99797026
v -0.49968289 0.79747811 0.99797025
v -0.49968274 0.79747778 -0.99797045
v -0.49968289 0.75985565 0.99797026
v -0.49968274 0.75985533 -0.99797044
v 0.49968277 0.75985533 -0.9979708
v 0.49968253 0.75985565 0.99797014
v -0.49968274 0.79747778 -0.99797045
v -0.49968289 0.79747811 0.99797025
v 0.49968253 0.79747811 0.99797013
v 0.49968277 0.79747778 -0.99797081
vn -0.5107 -0.68175 0.52384
vn -0.5107 -0.68174 -0.52384
vn -0.51071 0.68168 0.52392
vn -0.51069 0.68169 -0.52392
vn 0.51074 -0.68172 0.52383
vn 0.51075 -0.6817 -0.52385
vn 0.51068 0.68176 0.52383
vn 0.51071 0.68173 -0.52385
vn -0.51076 -0.68163 0.52394
vn -0.51077 -0.68164 -0.52391
vn -0.51075 0.68165 0.52392
vn -0.51077 0.68164 -0.52391
vn 0.51075 -0.68165 0.52392
vn 0.51077 -0.68164 -0.52391
vn 0.51075 0.68165 0.52392
vn 0.51077 0.68164 -0.52391
vn -0.51073 -0.68178 0.52377
vn -0.51075 -0.68173 -0.52381
vn -0.51068 0.68171 0.52391
vn -0.51074 0.68164 -0.52394
vn 0.51073 -0.68178 0.52377
vn 0.51071 -0.68179 -0.52377
vn 0.51073 0.68178 0.52377
vn 0.51071 0.68179 -0.52377
vn -0.51085 -0.6817 0.52376
vn -0.51076 -0.68174 -0.52379
vn -0.51082 0.68166 0.52383
vn -0.51073 0.68171 -0.52386
vn 0.51082 -0.68166 0.52383
vn 0.51073 -0.68171 -0.52386
vn 0.51082 0.68166 0.52383
vn 0.51073 0.68171 -0.52386
vn 0.51069 0.68173 -0.52387
vn 0.51069 0.68173 0.52387
vn 0.5107 -0.68171 -0.52389
vn 0.51069 -0.68173 0.52387
vn -0.51066 0.68165 -0.52399
vn -0.51072 0.68163 0.52397
vn -0.5107 -0.68171 -0.52389
vn -0.51076 -0.68168 0.52387
vn 0.51071 0.68172 -0.52386
vn 0.51068 0.68173 0.52387
vn 0.51071 -0.68172 -0.52386
vn 0.51068 -0.68173 0.52387
vn -0.51074 0.68173 -0.52382
vn -0.51071 0.68174 0.52383
vn -0.51074 -0.68173 -0.52382
vn -0.51071 -0.68174 0.52383
vn -0.51071 0.68168 -0.52391
vn -0.51072 0.68169 0.5239
vn 0.5107 0.68175 -0.52383
vn 0.5107 0.68175 0.52383
vn -0.51075 -0.68169 -0.52387
vn -0.51076 -0.6817 0.52385
vn 0.51072 -0.68173 -0.52384
vn 0.51072 -0.68173 0.52384
vn -0.51074 0.68168 -0.52389
vn -0.51074 0.68168 0.52389
vn 0.51073 0.68169 -0.52388
vn 0.51073 0.68169 0.52388
vn -0.51071 -0.68173 -0.52385
vn -0.51071 -0.68173 0.52385
vn 0.51072 -0.68172 -0.52386
vn 0.51072 -0.68172 0.52386
vn 0.51069 0.68174 -0.52386
vn -0.51071 0.68173 -0.52386
vn 0.51073 -0.6817 -0.52387
vn -0.51072 -0.68172 -0.52386
vn -0.51071 0.68173 0.52386
vn -0.51072 -0.68172 0.52386
vn 0.51069 0.68174 0.52386
vn 0.51073 -0.6817 0.52387
vn 0 0 -1
vn 1 0 0
vn 0 1 0
vn 0 0 1
vn -1 -0 0
vn -0.19626 -0.95966 0.20135
vn -0.18434 -0.77937 0.59884
vn -0.2432 -0.32466 0.91403
vn -0.66969 -0.28223 0.68692
vn -0.90865 -0.3311 0.25441
vn -0.58859 -0.78565 0.19057
vn -0.24324 -0.32467 -0.91402
vn -0.18433 -0.77936 -0.59885
vn -0.19625 -0.95966 -0.20135
vn -0.5886 -0.78564 -0.19057
vn -0.90866 -0.33108 -0.25441
vn -0.66968 -0.28222 -0.68694
vn -0.90866 0.33106 0.25442
vn -0.66971 0.28223 0.6869
vn -0.24322 0.32466 0.91402
vn -0.18434 0.77933 0.59888
vn -0.19626 0.95967 0.2013
vn -0.58859 0.78565 0.19057
vn -0.90866 0.33106 -0.25442
vn -0.58859 0.78565 -0.19057
vn -0.19625 0.95966 -0.20132
vn -0.18434 0.77932 -0.59889
vn -0.24323 0.32467 -0.91402
vn -0.6697 0.28224 -0.68691
vn 0.19626 -0.95966 0.20135
vn 0.58859 -0.78565 0.1906
vn 0.90867 -0.33107 0.25441
vn 0.66969 -0.28225 0.68692
vn 0.24323 -0.32468 0.91401
vn 0.18434 -0.77933 0.59888
vn 0.90867 -0.33106 -0.2544
vn 0.58859 -0.78564 -0.1906
vn 0.19625 -0.95966 -0.20134
vn 0.18434 -0.77933 -0.59889
vn 0.24325 -0.32469 -0.91401
vn 0.66968 -0.28224 -0.68693
vn 0.90865 0.33109 0.25441
vn 0.58859 0.78565 0.19057
vn 0.19626 0.95966 0.20134
vn 0.18434 0.77936 0.59884
vn 0.2432 0.32467 0.91403
vn 0.66971 0.28222 0.68691
vn 0.24323 0.32467 -0.91402
vn 0.18433 0.77936 -0.59885
vn 0.19625 0.95966 -0.20135
vn 0.5886 0.78564 -0.19057
vn 0.90866 0.33108 -0.25441
vn 0.6697 0.28222 -0.68692
vn 0.25241 0 -0.96762
vn 0.69808 0 -0.71602
vn 0.96435 0 -0.26464
vn 0 -0.32883 -0.94439
vn 0 -0.79292 -0.60933
vn 0 -0.97951 -0.20138
vn -0.94175 -0.3363 0
vn -0.59959 -0.80031 0
vn -0.19652 -0.9805 0
vn 0.19652 0.9805 0
vn 0.5996 0.8003 0
vn 0.94175 0.33633 0
vn -0.19652 0.9805 0
vn -0.59958 0.80032 0
vn -0.94175 0.3363 0
vn 0.19652 -0.9805 0
vn 0.59959 -0.80031 0
vn 0.94175 -0.33633 0
vn 0 0.32881 0.9444
vn 0 0.79292 0.60933
vn 0 0.97951 0.20138
vn -0.25239 0 0.96762
vn -0.69807 0 0.71603
vn -0.96435 0 0.26463
vn 0 0.32883 -0.94439
vn 0 0.79292 -0.60933
vn 0 0.97951 -0.20138
vn 0.25239 0 0.96762
vn 0.69807 0 0.71603
vn 0.96435 0 0.26463
vn 0 -0.32881 0.9444
vn 0 -0.79292 0.60933
vn 0 -0.97951 0.20138
vn -0.25241 0 -0.96762
vn -0.69808 0 -0.71602
vn -0.96435 0 -0.26464
vn 0 -1 0
vn 1 0 0
vn -1 0 0
vn -0.19624 -0.95967 0.2013
vn -0.18433 -0.77931 0.59891
vn -0.24326 -0.3247 0.914
vn -0.66968 -0.28224 0.68693
vn -0.90866 -0.33108 0.2544
vn -0.58863 -0.78562 0.19058
vn -0.24326 -0.32471 -0.91399
vn -0.18431 -0.77931 -0.59892
vn -0.19625 -0.95967 -0.20128
vn -0.58862 -0.78563 -0.19056
vn -0.90866 -0.33108 -0.2544
vn -0.66968 -0.28224 -0.68692
vn -0.90866 0.33108 0.25441
vn -0.66967 0.28224 0.68694
vn -0.24327 0.3247 0.914
vn -0.18432 0.77931 0.59891
vn -0.19624 0.95967 0.20132
vn -0.58863 0.78562 0.19056
vn -0.90866 0.33108 -0.25441
vn -0.58862 0.78563 -0.19056
vn -0.19625 0.95967 -0.20132
vn -0.18431 0.77931 -0.59891
vn -0.24326 0.32471 -0.914
vn -0.66968 0.28222 -0.68694
vn 0.19625 -0.95967 0.20129
vn 0.58862 -0.78563 0.19056
vn 0.90867 -0.33106 0.2544
vn 0.66968 -0.28225 0.68692
vn 0.24327 -0.3247 0.91399
vn 0.18432 -0.77931 0.59891
vn 0.90866 -0.33108 -0.2544
vn 0.58861 -0.78563 -0.19058
vn 0.19626 -0.95967 -0.2013
vn 0.18431 -0.77931 -0.59892
vn 0.24326 -0.32471 -0.914
vn 0.66968 -0.28224 -0.68692
vn 0.90866 0.33108 0.25441
vn 0.58863 0.78562 0.19056
vn 0.19624 0.95967 0.20131
vn 0.18433 0.77932 0.59891
vn 0.24326 0.32471 0.914
vn 0.66967 0.28223 0.68694
vn 0.24326 0.32471 -0.914
vn 0.18431 0.77931 -0.59891
vn 0.19625 0.95966 -0.20132
vn 0.58862 0.78563 -0.19056
vn 0.90865 0.3311 -0.25441
vn 0.66968 0.28222 -0.68694
vn 0.25241 0 -0.96762
vn 0.69808 0 -0.71602
vn 0.96435 0 -0.26463
vn 0 -0.32883 -0.94439
vn 0 -0.79293 -0.60931
vn 0 -0.9795 -0.20145
vn -0.94174 -0.33635 0
vn -0.59958 -0.80032 0
vn -0.19661 -0.98048 0
vn 0.19661 0.98048 0
vn 0.59957 0.80032 0
vn 0.94175 0.33631 0
vn -0.19661 0.98048 0
vn -0.59959 0.80031 0
vn -0.94174 0.33635 0
vn 0.1966 -0.98048 0
vn 0.59957 -0.80032 0
vn 0.94176 -0.3363 0
vn 0 0.32882 0.94439
vn 0 0.79292 0.60932
vn 0 0.9795 0.20145
vn -0.2524 0 0.96762
vn -0.69807 0 0.71603
vn -0.96435 0 0.26464
vn 0 0.32884 -0.94439
vn 0 0.79292 -0.60933
vn 0 0.9795 -0.20145
vn 0.2524 0 0.96762
vn 0.69807 0 0.71603
vn 0.96435 0 0.26463
vn 0 -0.32881 0.9444
vn 0 -0.79294 0.6093
vn 0 -0.9795 0.20145
vn -0.25241 0 -0.96762
vn -0.69807 0 -0.71602
vn -0.96435 0 -0.26464
vn 1 -0 0
vn -0.19624 -0.95967 0.20129
vn -0.18432 -0.77932 0.5989
vn -0.24325 -0.32466 0.91402
vn -0.66968 -0.28217 0.68695
vn -0.90868 -0.331 0.25442
vn -0.58858 -0.78565 0.19062
vn -0.24323 -0.32465 -0.91402
vn -0.18435 -0.77932 -0.5989
vn -0.19624 -0.95968 -0.20127
vn -0.58858 -0.78565 -0.19062
vn -0.90868 -0.33101 -0.25443
vn -0.66968 -0.28218 -0.68695
vn -0.90868 0.33103 0.2544
vn -0.66971 0.28219 0.68692
vn -0.2433 0.32471 0.91399
vn -0.18428 0.77929 0.59896
vn -0.19625 0.95968 0.20127
vn -0.5886 0.78564 0.19056
vn -0.90868 0.33104 -0.2544
vn -0.5886 0.78564 -0.19056
vn -0.19624 0.95967 -0.20128
vn -0.18432 0.77928 -0.59895
vn -0.24327 0.32472 -0.91399
vn -0.66968 0.2822 -0.68694
vn 0.19626 -0.95967 0.20128
vn 0.58855 -0.78568 0.19057
vn 0.90868 -0.33106 0.25438
vn 0.66962 -0.28218 0.68701
vn 0.24327 -0.32468 0.914
vn 0.18428 -0.77938 0.59884
vn 0.90867 -0.33107 -0.25439
vn 0.58857 -0.78567 -0.19056
vn 0.19625 -0.95967 -0.20132
vn 0.18433 -0.77936 -0.59884
vn 0.24322 -0.32465 -0.91403
vn 0.66968 -0.28218 -0.68695
vn 0.90867 0.33106 0.25438
vn 0.58857 0.78567 0.19056
vn 0.19626 0.95967 0.20127
vn 0.18427 0.77933 0.59891
vn 0.24328 0.3247 0.91399
vn 0.66965 0.28219 0.68698
vn 0.24324 0.32467 -0.91401
vn 0.18431 0.77932 -0.5989
vn 0.19625 0.95967 -0.20128
vn 0.58857 0.78567 -0.19056
vn 0.90867 0.33107 -0.25439
vn 0.66968 0.28218 -0.68695
vn 0.25241 0 -0.96762
vn 0.69806 0 -0.71604
vn 0.96435 0 -0.26464
vn 0 -0.32884 -0.94439
vn 0 -0.79293 -0.60931
vn 0 -0.9795 -0.20144
vn -0.94176 -0.3363 0
vn -0.59957 -0.80032 0
vn -0.19649 -0.98051 0
vn 0.19654 0.9805 0
vn 0.59957 0.80032 0
vn 0.94175 0.33632 0
vn -0.19653 0.9805 0
vn -0.59957 0.80032 0
vn -0.94175 0.33632 0
vn 0.19654 -0.9805 0
vn 0.59957 -0.80032 0
vn 0.94175 -0.33632 0
vn 0 0.32885 0.94438
vn 0 0.79293 0.60931
vn 0 0.97951 0.20139
vn -0.25244 0 0.96761
vn -0.69805 0 0.71605
vn -0.96435 0 0.26463
vn 0 0.32882 -0.94439
vn 0 0.79293 -0.60931
vn 0 0.97951 -0.20139
vn 0.25244 0 0.96761
vn 0.69805 0 0.71605
vn 0.96435 0 0.26463
vn -0 -0.32886 0.94438
vn 0 -0.79293 0.60931
vn 0 -0.9795 0.20144
vn -0.25241 0 -0.96762
vn -0.69806 0 -0.71604
vn -0.96435 0 -0.26464
vn -0 1 0
vn 0 0 1
vn -0.19623 -0.95967 0.20131
vn -0.18434 -0.77935 0.59885
vn -0.24326 -0.32465 0.91402
vn -0.6697 -0.28224 0.68691
vn -0.90866 -0.33106 0.25443
vn -0.58859 -0.78564 0.19061
vn -0.24325 -0.32466 -0.91401
vn -0.18434 -0.77934 -0.59887
vn -0.19625 -0.95967 -0.20129
vn -0.5886 -0.78563 -0.19063
vn -0.90866 -0.33106 -0.25442
vn -0.66971 -0.2822 -0.68691
vn -0.90866 0.33107 0.25441
vn -0.6697 0.28222 0.68691
vn -0.24326 0.32465 0.91402
vn -0.18436 0.77936 0.59884
vn -0.19623 0.95967 0.20129
vn -0.5886 0.78565 0.19056
vn -0.90867 0.33106 -0.25441
vn -0.58861 0.78564 -0.19056
vn -0.19625 0.95967 -0.20128
vn -0.18434 0.77934 -0.59887
vn -0.24324 0.32466 -0.91402
vn -0.66969 0.28221 -0.68693
vn 0.19623 -0.95968 0.20125
vn 0.5886 -0.78564 0.19058
vn 0.90867 -0.33105 0.25442
vn 0.66973 -0.28223 0.68688
vn 0.24327 -0.32465 0.91401
vn 0.18436 -0.77932 0.59889
vn 0.90867 -0.33105 -0.25441
vn 0.5886 -0.78563 -0.19061
vn 0.19625 -0.95967 -0.20127
vn 0.18433 -0.77932 -0.5989
vn 0.24326 -0.32467 -0.91401
vn 0.66971 -0.28219 -0.68692
vn 0.90867 0.33104 0.2544
vn 0.58859 0.78563 0.19064
vn 0.19623 0.95968 0.20128
vn 0.18433 0.77933 0.59889
vn 0.24327 0.32466 0.91401
vn 0.66972 0.28223 0.6869
vn 0.24325 0.32467 -0.91401
vn 0.18433 0.77933 -0.59889
vn 0.19625 0.95967 -0.2013
vn 0.5886 0.78563 -0.19061
vn 0.90867 0.33107 -0.2544
vn 0.66972 0.28217 -0.68692
vn 0.25241 0 -0.96762
vn 0.69809 0 -0.71601
vn 0.96435 0 -0.26463
vn 0 -0.32881 -0.9444
vn 0 -0.79293 -0.60931
vn 0 -0.97951 -0.20138
vn -0.94176 -0.33629 0
vn -0.59959 -0.80031 0
vn -0.19652 -0.9805 0
vn 0.19652 0.9805 0
vn 0.5996 0.8003 0
vn 0.94176 0.33629 0
vn -0.19652 0.9805 0
vn -0.59959 0.80031 0
vn -0.94176 0.33629 0
vn 0.19652 -0.9805 0
vn 0.5996 -0.8003 0
vn 0.94176 -0.33629 0
vn -0 0.32876 0.94441
vn -0 0.79294 0.60931
vn -0 0.97951 0.20137
vn -0.25236 0 0.96763
vn -0.69809 0 0.71601
vn -0.96435 0 0.26465
vn -0 0.3288 -0.9444
vn -0 0.79293 -0.60931
vn -0 0.97951 -0.20138
vn 0.25236 0 0.96763
vn 0.69809 0 0.71601
vn 0.96435 0 0.26461
vn 0 -0.32877 0.94441
vn 0 -0.79294 0.60931
vn 0 -0.97951 0.20137
vn -0.25241 0 -0.96762
vn -0.69809 0 -0.71601
vn -0.96434 0 -0.26466
vn 0 -1 0
vn -0 1 0
vn 0 0 1
vn 0 -1 0
vn 0.24322 0.32466 -0.91402
vn 0.18434 0.77936 -0.59885
vn 0.19625 0.95967 -0.20131
vn 0.58856 0.78566 -0.1906
vn 0.90866 0.33107 -0.25442
vn 0.6697 0.28226 -0.6869
vn 0.19624 0.95967 0.20131
vn 0.18432 0.77935 0.59886
vn 0.24326 0.32465 0.91402
vn 0.66969 0.28224 0.68692
vn 0.90866 0.33107 0.25442
vn 0.58856 0.78566 0.1906
vn 0.24322 -0.32465 -0.91403
vn 0.66972 -0.28219 -0.6869
vn 0.90865 -0.33109 -0.25443
vn 0.58859 -0.78565 -0.1906
vn 0.19625 -0.95967 -0.2013
vn 0.18433 -0.77935 -0.59887
vn 0.24328 -0.32464 0.91402
vn 0.18432 -0.77934 0.59888
vn 0.19625 -0.95967 0.20128
vn 0.58856 -0.78566 0.19064
vn 0.90867 -0.33106 0.25441
vn 0.66969 -0.28224 0.68692
vn -0.24323 0.32468 -0.91402
vn -0.6697 0.28224 -0.6869
vn -0.90866 0.33108 -0.25441
vn -0.58858 0.78565 -0.1906
vn -0.19625 0.95966 -0.20136
vn -0.18434 0.77934 -0.59888
vn -0.24327 0.32467 0.91401
vn -0.18432 0.77933 0.59889
vn -0.19625 0.95967 0.20132
vn -0.58857 0.78565 0.19063
vn -0.90867 0.33107 0.25439
vn -0.6697 0.28221 0.68692
vn -0.24324 -0.32467 -0.91402
vn -0.18433 -0.77932 -0.5989
vn -0.19625 -0.95967 -0.20132
vn -0.58858 -0.78565 -0.1906
vn -0.90866 -0.33107 -0.25442
vn -0.66971 -0.28223 -0.68691
vn -0.24328 -0.32467 0.914
vn -0.66969 -0.28223 0.68692
vn -0.90866 -0.33107 0.25442
vn -0.58858 -0.78565 0.1906
vn -0.19625 -0.95967 0.20131
vn -0.18431 -0.77932 0.59891
vn 0.25236 -0 -0.96763
vn 0.69808 -1E-05 -0.71602
vn 0.96435 -0 -0.26464
vn 0.19651 0.9805 0
vn 0.59957 0.80033 0
vn 0.94177 0.33626 0
vn 0.25238 0 0.96763
vn 0.69807 0 0.71603
vn 0.96436 0 0.26461
vn 0.19651 -0.9805 -0
vn 0.59959 -0.80031 -0
vn 0.94176 -0.3363 -0
vn 0 -0.32875 -0.94442
vn 0 -0.79292 -0.60932
vn 0 -0.97952 -0.20136
vn 0 -0.3288 0.9444
vn 0 -0.79291 0.60934
vn 0 -0.97951 0.20139
vn -0.94175 -0.33632 0
vn -0.59957 -0.80033 0
vn -0.19655 -0.98049 0
vn -0.25236 0 -0.96763
vn -0.69808 0 -0.71602
vn -0.96435 0 -0.26464
vn -0.25239 0 0.96763
vn -0.69806 -0 0.71604
vn -0.96435 -0 0.26464
vn -0.19655 0.98049 0
vn -0.59957 0.80033 -0
vn -0.94175 0.33632 -0
vn -0 0.32879 -0.9444
vn -0 0.79291 -0.60934
vn -0 0.97952 -0.20136
vn -0 0.32884 0.94439
vn -0 0.79289 0.60936
vn -0 0.97951 0.20139
vn -0 0 -1
vn -0 1 0
vn -1 -0 0
vn -0 0 1
vn 0 -1 0
vn 0.24324 0.32465 -0.91402
vn 0.18437 0.77935 -0.59885
vn 0.19625 0.95966 -0.20132
vn 0.58858 0.78565 -0.19062
vn 0.90867 0.33105 -0.25442
vn 0.66969 0.28222 -0.68693
vn 0.19625 0.95967 0.20131
vn 0.18435 0.77934 0.59887
vn 0.24324 0.32466 0.91402
vn 0.66968 0.28221 0.68694
vn 0.90867 0.33105 0.25441
vn 0.58857 0.78566 0.19062
vn 0.24325 -0.32466 -0.91402
vn 0.6697 -0.2822 -0.68693
vn 0.90867 -0.33105 -0.25441
vn 0.5886 -0.78563 -0.19062
vn 0.19625 -0.95967 -0.20129
vn 0.18434 -0.77933 -0.59889
vn 0.24322 -0.32466 0.91402
vn 0.18435 -0.77933 0.59889
vn 0.19626 -0.95967 0.20128
vn 0.58859 -0.78565 0.19058
vn 0.90868 -0.33104 0.25441
vn 0.66971 -0.28219 0.68692
vn -0.24324 0.32466 -0.91402
vn -0.66971 0.28224 -0.6869
vn -0.90866 0.33107 -0.25443
vn -0.58857 0.78565 -0.19062
vn -0.19626 0.95966 -0.20132
vn -0.18437 0.77935 -0.59885
vn -0.24324 0.32466 0.91402
vn -0.18435 0.77934 0.59886
vn -0.19626 0.95966 0.20132
vn -0.58858 0.78564 0.19062
vn -0.90865 0.33108 0.25443
vn -0.6697 0.28222 0.68691
vn -0.24323 -0.32465 -0.91402
vn -0.18435 -0.77933 -0.59888
vn -0.19625 -0.95966 -0.20132
vn -0.58859 -0.78564 -0.19062
vn -0.90866 -0.33106 -0.25442
vn -0.66971 -0.2822 -0.68692
vn -0.24322 -0.32465 0.91403
vn -0.66971 -0.2822 0.68692
vn -0.90866 -0.33107 0.25442
vn -0.5886 -0.78563 0.19062
vn -0.19625 -0.95967 0.20131
vn -0.18434 -0.77933 0.59889
vn 0.25237 0 -0.96763
vn 0.69808 0 -0.71602
vn 0.96435 0 -0.26463
vn 0.19652 0.9805 0
vn 0.59957 0.80032 0
vn 0.94176 0.3363 0
vn 0.2524 0 0.96762
vn 0.69807 0 0.71603
vn 0.96435 0 0.26463
vn 0.19652 -0.9805 0
vn 0.5996 -0.8003 0
vn 0.94176 -0.3363 0
vn 0 -0.32878 -0.94441
vn 0 -0.79291 -0.60934
vn 0 -0.97952 -0.20137
vn 0 -0.3288 0.9444
vn 0 -0.7929 0.60936
vn 0 -0.97952 0.20136
vn -0.94176 -0.3363 0
vn -0.5996 -0.8003 0
vn -0.19652 -0.9805 0
vn -0.25238 -0 -0.96763
vn -0.69808 0 -0.71602
vn -0.96435 0 -0.26463
vn -0.2524 0 0.96762
vn -0.69807 0 0.71603
vn -0.96435 -0 0.26463
vn -0.19652 0.9805 0
vn -0.59956 0.80033 0
vn -0.94176 0.3363 0
vn -0 0.32877 -0.94441
vn -0 0.79295 -0.60929
vn -0 0.97951 -0.20139
vn -0 0.32879 0.9444
vn -0 0.79294 0.6093
vn -0 0.97951 0.20139
vn 0 0 -1
vn -1 -0 0
vn 1 0 0
vn -0.24323 0.32469 -0.91401
vn -0.66971 0.28223 -0.6869
vn -0.90866 0.33108 -0.25439
vn -0.58862 0.78562 -0.19062
vn -0.19624 0.95967 -0.20129
vn -0.18436 0.77934 -0.59886
vn -0.90866 0.33108 0.2544
vn -0.6697 0.28222 0.68691
vn -0.24323 0.32469 0.91401
vn -0.18437 0.77934 0.59886
vn -0.19624 0.95967 0.20129
vn -0.58862 0.78561 0.19062
vn 0.24324 0.3247 -0.914
vn 0.18436 0.77931 -0.5989
vn 0.19625 0.95967 -0.20129
vn 0.58859 0.78564 -0.19061
vn 0.90865 0.33111 -0.25441
vn 0.6697 0.28222 -0.68691
vn 0.24325 0.3247 0.914
vn 0.66971 0.28223 0.6869
vn 0.90865 0.33111 0.25441
vn 0.58859 0.78563 0.19063
vn 0.19625 0.95967 0.20131
vn 0.18436 0.77931 0.5989
vn -0.24326 -0.32467 -0.91401
vn -0.18435 -0.77935 -0.59886
vn -0.19623 -0.95968 -0.20129
vn -0.58859 -0.78564 -0.19062
vn -0.90867 -0.33105 -0.2544
vn -0.66969 -0.28224 -0.68692
vn -0.24325 -0.32467 0.91401
vn -0.66971 -0.28224 0.6869
vn -0.90867 -0.33106 0.25441
vn -0.58859 -0.78563 0.19064
vn -0.19623 -0.95968 0.20128
vn -0.18433 -0.77934 0.59887
vn 0.24323 -0.32466 -0.91402
vn 0.6697 -0.28223 -0.68691
vn 0.90867 -0.33106 -0.25441
vn 0.58857 -0.78565 -0.19064
vn 0.19625 -0.95967 -0.2013
vn 0.18435 -0.77935 -0.59885
vn 0.24323 -0.32466 0.91402
vn 0.18435 -0.77935 0.59886
vn 0.19625 -0.95967 0.20129
vn 0.58857 -0.78566 0.1906
vn 0.90866 -0.33107 0.25441
vn 0.66969 -0.28224 0.68692
vn 0 0.32881 -0.9444
vn 0 0.79291 -0.60933
vn 0 0.97953 -0.2013
vn -0.94174 0.33633 0
vn -0.59961 0.80029 0
vn -0.19647 0.98051 0
vn 0 0.32881 0.9444
vn 0 0.79291 0.60933
vn 0 0.97953 0.2013
vn 0.94173 0.33636 0
vn 0.59959 0.80031 0
vn 0.19648 0.98051 0
vn 0.25239 0 -0.96763
vn 0.69808 0 -0.71602
vn 0.96435 0 -0.26464
vn 0.25239 0 0.96763
vn 0.69809 0 0.71601
vn 0.96435 0 0.26465
vn 0.19652 -0.9805 0
vn 0.59956 -0.80033 0
vn 0.94177 -0.33627 0
vn 0 -0.32878 -0.94441
vn 0 -0.79295 -0.60928
vn 0 -0.97952 -0.20137
vn 0 -0.32878 0.94441
vn 0 -0.79295 0.60928
vn 0 -0.97952 0.20137
vn -0.94176 -0.33629 0
vn -0.59956 -0.80033 0
vn -0.19652 -0.9805 0
vn -0.25239 -0 -0.96763
vn -0.69808 -0 -0.71602
vn -0.96435 -0 -0.26464
vn -0.25237 -0 0.96763
vn -0.69809 -0 0.71601
vn -0.96435 -0 0.26464
vn -0 0 -1
vn -1 -0 0
vn 1 0 0
vn -0.24323 0.32467 -0.91402
vn -0.6697 0.2822 -0.68693
vn -0.90867 0.33106 -0.25441
vn -0.58862 0.78562 -0.19061
vn -0.19625 0.95967 -0.20129
vn -0.18434 0.77932 -0.5989
vn -0.90866 0.33106 0.25441
vn -0.6697 0.28223 0.68691
vn -0.24325 0.32467 0.91401
vn -0.18437 0.77932 0.5989
vn -0.19626 0.95967 0.20129
vn -0.58861 0.78562 0.19061
vn 0.24322 0.32466 -0.91402
vn 0.18435 0.77932 -0.5989
vn 0.19626 0.95967 -0.20129
vn 0.58861 0.78562 -0.19064
vn 0.90867 0.33107 -0.2544
vn 0.6697 0.28221 -0.68692
vn 0.24325 0.32467 0.91401
vn 0.66969 0.28223 0.68692
vn 0.90866 0.33108 0.25441
vn 0.58861 0.78561 0.19064
vn 0.19626 0.95967 0.2013
vn 0.18436 0.77931 0.5989
vn -0.24321 -0.32467 -0.91402
vn -0.18434 -0.77936 -0.59885
vn -0.19626 -0.95966 -0.20133
vn -0.58858 -0.78565 -0.19058
vn -0.90866 -0.33108 -0.25442
vn -0.66969 -0.28222 -0.68692
vn -0.24324 -0.32467 0.91401
vn -0.6697 -0.28224 0.68691
vn -0.90865 -0.3311 0.25442
vn -0.58858 -0.78565 0.19059
vn -0.19626 -0.95966 0.20134
vn -0.18433 -0.77936 0.59885
vn 0.24323 -0.32467 -0.91402
vn 0.66971 -0.28222 -0.6869
vn 0.90866 -0.33107 -0.25442
vn 0.58857 -0.78566 -0.19058
vn 0.19627 -0.95966 -0.20132
vn 0.18433 -0.77936 -0.59885
vn 0.24324 -0.32468 0.91401
vn 0.18434 -0.77936 0.59885
vn 0.19627 -0.95966 0.20131
vn 0.58857 -0.78566 0.19059
vn 0.90865 -0.33108 0.25443
vn 0.6697 -0.28224 0.68691
vn 0 0.32881 -0.94439
vn 0 0.79289 -0.60936
vn 0 0.97952 -0.20135
vn -0.94175 0.33631 0
vn -0.59961 0.80029 0
vn -0.19651 0.9805 0
vn 0 0.32881 0.94439
vn 0 0.79289 0.60936
vn 0 0.97952 0.20135
vn 0.94175 0.33631 0
vn 0.59961 0.80029 0
vn 0.19651 0.9805 0
vn 0.25241 0 -0.96762
vn 0.69808 0 -0.71602
vn 0.96435 0 -0.26465
vn 0.25238 0 0.96763
vn 0.69808 0 0.71602
vn 0.96435 0 0.26463
vn 0.19656 -0.98049 0
vn 0.59957 -0.80032 0
vn 0.94174 -0.33633 0
vn 0 -0.32881 -0.94439
vn 0 -0.79295 -0.60929
vn 0 -0.97951 -0.20142
vn 0 -0.32881 0.94439
vn 0 -0.79295 0.60929
vn 0 -0.97951 0.20142
vn -0.94175 -0.33632 0
vn -0.59957 -0.80032 0
vn -0.19656 -0.98049 0
vn -0.25239 -0 -0.96763
vn -0.69808 -0 -0.71602
vn -0.96435 -0 -0.26464
vn -0.25239 -0 0.96763
vn -0.69808 -0 0.71602
vn -0.96435 -0 0.26464
vn -0 0 1
vn 0 0 -1
vn -1 0 0
vn 0 -1 0
vn -0.69807 0 -0.71603
vn -0 0.79294 -0.60929
vn 0.69807 -0 -0.71603
vn 0 -0.79293 -0.60932
vn -0.69807 0 0.71603
vn -0 0.79294 0.60929
vn 0.69807 -0 0.71603
vn 0 -0.79293 0.60932
vn 0.59958 -0.80032 0
vn -0.59958 -0.80031 0
vn -0.59956 0.80033 0
vn 0.59955 0.80034 0
vn -0 1 0
vt 0.98827 0.68594
vt 0.98822 0.68635
vt 0.98863 0.68594
vt 0.98822 0.4122
vt 0.98827 0.41261
vt 0.98863 0.41261
vt 0.95697 0.37249
vt 0.95739 0.37289
vt 0.95739 0.37249
vt 0.95697 0.09915
vt 0.95739 0.09915
vt 0.95739 0.09874
vt 0.96512 0.68594
vt 0.96466 0.68594
vt 0.96507 0.68635
vt 0.96466 0.41261
vt 0.96512 0.41261
vt 0.96507 0.4122
vt 0.98127 0.37249
vt 0.98085 0.37249
vt 0.98085 0.37289
vt 0.98085 0.09874
vt 0.98085 0.09915
vt 0.98127 0.09915
vt 0.76801 0.28425
vt 0.76794 0.28476
vt 0.76846 0.28425
vt 0.76794 0.0108
vt 0.76801 0.01131
vt 0.76846 0.01131
vt 0.96686 0.99925
vt 0.96738 0.99976
vt 0.96738 0.99925
vt 0.96686 0.72632
vt 0.96738 0.72632
vt 0.96738 0.72581
vt 0.74527 0.28425
vt 0.74469 0.28425
vt 0.74521 0.28476
vt 0.74469 0.01131
vt 0.74527 0.01131
vt 0.74521 0.0108
vt 0.99094 0.99925
vt 0.99042 0.99925
vt 0.99042 0.99976
vt 0.99042 0.72581
vt 0.99042 0.72632
vt 0.99094 0.72632
vt 0.96545 0.99967
vt 0.96542 0.99989
vt 0.96565 0.99967
vt 0.96542 0.72539
vt 0.96545 0.72561
vt 0.96565 0.72561
vt 0.84685 0.32154
vt 0.84708 0.32176
vt 0.84708 0.32154
vt 0.84685 0.04748
vt 0.84708 0.04748
vt 0.84708 0.04726
vt 0.94157 0.99967
vt 0.94132 0.99967
vt 0.94154 0.99989
vt 0.94132 0.72561
vt 0.94157 0.72561
vt 0.94154 0.72539
vt 0.87151 0.32154
vt 0.87127 0.32154
vt 0.87127 0.32176
vt 0.87127 0.04726
vt 0.87127 0.04748
vt 0.87151 0.04748
vt 0.83771 0.31158
vt 0.83767 0.3119
vt 0.83799 0.31158
vt 0.83767 0.03757
vt 0.83771 0.03789
vt 0.83799 0.03789
vt 0.78113 0.31158
vt 0.78145 0.3119
vt 0.78145 0.31158
vt 0.78113 0.03789
vt 0.78145 0.03789
vt 0.78145 0.03757
vt 0.8142 0.31158
vt 0.81384 0.31158
vt 0.81416 0.3119
vt 0.81384 0.03789
vt 0.8142 0.03789
vt 0.81416 0.03757
vt 0.8056 0.31158
vt 0.80527 0.31158
vt 0.80527 0.3119
vt 0.80527 0.03757
vt 0.80527 0.03789
vt 0.8056 0.03789
vt 0.93236 0.99944
vt 0.93199 0.99944
vt 0.93199 0.99982
vt 0.91038 0.99944
vt 0.91001 0.99944
vt 0.91038 0.99982
vt 0.95576 0.06509
vt 0.95539 0.06472
vt 0.95539 0.06514
vt 0.93341 0.06509
vt 0.93378 0.06514
vt 0.93378 0.06472
vt 0.93236 0.68794
vt 0.93199 0.68756
vt 0.93199 0.68794
vt 0.91001 0.68794
vt 0.91038 0.68794
vt 0.91038 0.68756
vt 0.95576 0.37253
vt 0.95539 0.37258
vt 0.95539 0.3729
vt 0.93341 0.37253
vt 0.93378 0.3729
vt 0.93378 0.37257
vt 0.93215 0.68577
vt 0.93163 0.68577
vt 0.93163 0.68629
vt 0.91059 0.68577
vt 0.91008 0.68577
vt 0.91059 0.68629
vt 0.96338 0.37891
vt 0.96286 0.37839
vt 0.96286 0.37897
vt 0.94131 0.37891
vt 0.94182 0.37897
vt 0.94182 0.37839
vt 0.93215 0.37485
vt 0.93163 0.37432
vt 0.93163 0.37485
vt 0.91008 0.37485
vt 0.91059 0.37485
vt 0.91059 0.37432
vt 0.96338 0.68577
vt 0.96286 0.68584
vt 0.96286 0.68629
vt 0.94131 0.68577
vt 0.94182 0.68629
vt 0.94182 0.68584
vt 0.26023 0.25231
vt 0.2597 0.25282
vt 0.26023 0.25282
vt 0.2597 0.27378
vt 0.26023 0.27429
vt 0.26023 0.27378
vt 0.2689 0.25231
vt 0.2689 0.25282
vt 0.26943 0.25282
vt 0.2689 0.27429
vt 0.26943 0.27378
vt 0.2689 0.27378
vt 0.27985 0.25231
vt 0.27992 0.25282
vt 0.28037 0.25282
vt 0.27985 0.27429
vt 0.28037 0.27378
vt 0.27992 0.27378
vt 0.27129 0.25231
vt 0.27077 0.25282
vt 0.27135 0.25282
vt 0.27129 0.27429
vt 0.27135 0.27378
vt 0.27077 0.27378
vt 0.29019 0.25244
vt 0.28957 0.25304
vt 0.29019 0.25304
vt 0.28957 0.27365
vt 0.29019 0.27425
vt 0.29019 0.27365
vt 0.2985 0.25244
vt 0.2985 0.25304
vt 0.29912 0.25304
vt 0.2985 0.27425
vt 0.29912 0.27365
vt 0.2985 0.27365
vt 0.30936 0.25244
vt 0.30944 0.25304
vt 0.30997 0.25304
vt 0.30936 0.27425
vt 0.30997 0.27365
vt 0.30944 0.27365
vt 0.30115 0.25244
vt 0.30054 0.25304
vt 0.30123 0.25304
vt 0.30115 0.27425
vt 0.30123 0.27365
vt 0.30054 0.27365
vt 0.90807 0.99906
vt 0.90807 1
vt 0.90899 0.99906
vt 0.90807 0.63718
vt 0.90807 0.63812
vt 0.90899 0.63812
vt 0.90807 0.27826
vt 0.90807 0.2793
vt 0.90899 0.27918
vt 0.90807 0.63634
vt 0.90899 0.63542
vt 0.90807 0.63553
vt 0.89436 0.63718
vt 0.89344 0.63812
vt 0.89436 0.63812
vt 0.89436 0.63634
vt 0.89436 0.63553
vt 0.89344 0.63542
vt 0.89436 0.99906
vt 0.89344 0.99906
vt 0.89436 1
vt 0.89436 0.27826
vt 0.89344 0.27918
vt 0.89436 0.2793
vt 0.18675 0.2513
vt 0.18675 0.27317
vt 0.2032 0.27317
vt 0.2032 0.2513
vt 0.00069 0.00133
vt 0.00069 0.27321
vt 0.0169 0.27321
vt 0.0169 0.00133
vt 0.95814 0.09988
vt 0.95814 0.37176
vt 0.9801 0.37176
vt 0.9801 0.09988
vt 0.22167 0.27317
vt 0.22167 0.2513
vt 0.20522 0.2513
vt 0.20522 0.27317
vt 0.07464 0.00189
vt 0.07464 0.27377
vt 0.09108 0.27377
vt 0.09108 0.00189
vt 0.98758 0.68521
vt 0.98755 0.68598
vt 0.98833 0.68521
vt 0.98748 0.68654
vt 0.22167 0.27396
vt 0.22223 0.27392
vt 0.22226 0.27317
vt 0.22167 0.27454
vt 0.22223 0.27434
vt 0.07405 0.27377
vt 0.07407 0.2745
vt 0.07464 0.27454
vt 0.98883 0.68521
vt 0.18616 0.27317
vt 0.18619 0.27392
vt 0.18675 0.27396
vt 0.98748 0.412
vt 0.98755 0.41257
vt 0.98758 0.41333
vt 0.98833 0.41333
vt 0.98883 0.41333
vt 0.07464 0.00113
vt 0.07407 0.00116
vt 0.07405 0.00189
vt 0.18675 0.27454
vt 0.18619 0.27434
vt 0.09108 0.27454
vt 0.09165 0.2745
vt 0.09168 0.27377
vt 0.20522 0.27454
vt 0.20522 0.27396
vt 0.20466 0.27392
vt 0.20466 0.27434
vt 0.20463 0.27317
vt 0.95814 0.37309
vt 0.95814 0.37252
vt 0.95736 0.37176
vt 0.95678 0.37176
vt 0.09168 0.00189
vt 0.09165 0.00116
vt 0.09108 0.00113
vt 0.95678 0.09988
vt 0.95736 0.09988
vt 0.95814 0.09911
vt 0.95814 0.09855
vt 0.2032 0.27396
vt 0.20376 0.27392
vt 0.20379 0.27317
vt 0.2032 0.27454
vt 0.20376 0.27434
vt 0.96591 0.68521
vt 0.96511 0.68521
vt 0.96589 0.68598
vt 0.96446 0.68521
vt 0.01687 0.27397
vt 0.01739 0.27394
vt 0.01745 0.27321
vt 0.22167 0.24993
vt 0.22167 0.25051
vt 0.22223 0.25055
vt 0.22223 0.25013
vt 0.22226 0.2513
vt 0.96582 0.68654
vt 0.01745 0.00133
vt 0.01739 0.0006
vt 0.01687 0.00056
vt 0.96446 0.41333
vt 0.96511 0.41333
vt 0.96591 0.41333
vt 0.96589 0.41257
vt 0.96582 0.412
vt 0.18675 0.25051
vt 0.18619 0.25055
vt 0.18616 0.2513
vt 0.18675 0.24993
vt 0.18619 0.25013
vt 8E-05 0.27321
vt 7E-05 0.27394
vt 0.00066 0.27397
vt 0.98147 0.37176
vt 0.98089 0.37176
vt 0.9801 0.37252
vt 0.9801 0.37309
vt 0.20522 0.25051
vt 0.20466 0.25055
vt 0.20463 0.2513
vt 0.00056 0.27454
vt 0 0.27435
vt 0.20379 0.2513
vt 0.20376 0.25055
vt 0.2032 0.25051
vt 0.9801 0.09855
vt 0.9801 0.09911
vt 0.98089 0.09988
vt 0.98147 0.09988
vt 0.00066 0.00056
vt 7E-05 0.0006
vt 8E-05 0.00133
vt 0.00056 0
vt 0 0.00019
vt 0.2032 0.24993
vt 0.20522 0.24993
vt 0.22384 0.25175
vt 0.22384 0.27283
vt 0.23969 0.27283
vt 0.23969 0.25175
vt 0.01916 0.00177
vt 0.01916 0.27287
vt 0.03479 0.27287
vt 0.03479 0.00177
vt 0.96832 0.72723
vt 0.96832 0.99834
vt 0.98948 0.99834
vt 0.98948 0.72723
vt 0.24202 0.25175
vt 0.24202 0.27283
vt 0.25787 0.27283
vt 0.25787 0.25175
vt 0.09326 0.00247
vt 0.09326 0.27358
vt 0.10911 0.27358
vt 0.10911 0.00247
vt 0.76714 0.28333
vt 0.76711 0.28429
vt 0.76808 0.28333
vt 0.76702 0.285
vt 0.24202 0.25076
vt 0.24131 0.25081
vt 0.24128 0.25175
vt 0.24202 0.25004
vt 0.24131 0.25029
vt 0.09252 0.27358
vt 0.09255 0.27449
vt 0.09326 0.27454
vt 0.76871 0.28333
vt 0.2231 0.27283
vt 0.22314 0.27377
vt 0.22384 0.27381
vt 0.76702 0.01056
vt 0.76711 0.01127
vt 0.76714 0.01223
vt 0.76808 0.01223
vt 0.76871 0.01223
vt 0.09326 0.00151
vt 0.09255 0.00156
vt 0.09252 0.00247
vt 0.22384 0.27454
vt 0.22314 0.27429
vt 0.10911 0.27454
vt 0.10981 0.27449
vt 0.10985 0.27358
vt 0.25787 0.25004
vt 0.25787 0.25076
vt 0.25857 0.25081
vt 0.25857 0.25029
vt 0.25861 0.25175
vt 0.96832 1
vt 0.96832 0.99929
vt 0.96733 0.99834
vt 0.96661 0.99834
vt 0.10985 0.00247
vt 0.10981 0.00156
vt 0.10911 0.00151
vt 0.96661 0.72723
vt 0.96733 0.72723
vt 0.96832 0.72627
vt 0.96832 0.72557
vt 0.23969 0.27381
vt 0.2404 0.27377
vt 0.24043 0.27283
vt 0.23969 0.27454
vt 0.2404 0.27429
vt 0.74626 0.28333
vt 0.74525 0.28333
vt 0.74623 0.28429
vt 0.74445 0.28333
vt 0.03474 0.27383
vt 0.03539 0.27379
vt 0.03547 0.27287
vt 0.24202 0.27454
vt 0.24202 0.27382
vt 0.24131 0.27377
vt 0.24131 0.27429
vt 0.24128 0.27283
vt 0.74614 0.285
vt 0.03547 0.00177
vt 0.03539 0.00085
vt 0.03474 0.00081
vt 0.74445 0.01223
vt 0.74525 0.01223
vt 0.74626 0.01223
vt 0.74623 0.01127
vt 0.74614 0.01056
vt 0.22384 0.25076
vt 0.22314 0.25081
vt 0.2231 0.25175
vt 0.22384 0.25004
vt 0.22314 0.25029
vt 0.01839 0.27287
vt 0.01838 0.27379
vt 0.01912 0.27383
vt 0.99119 0.99834
vt 0.99047 0.99834
vt 0.98948 0.99929
vt 0.98948 1
vt 0.25787 0.27382
vt 0.25857 0.27377
vt 0.25861 0.27283
vt 0.019 0.27454
vt 0.01829 0.2743
vt 0.24043 0.25175
vt 0.2404 0.25081
vt 0.23969 0.25076
vt 0.98948 0.72557
vt 0.98948 0.72627
vt 0.99047 0.72723
vt 0.99119 0.72723
vt 0.01912 0.00081
vt 0.01838 0.00085
vt 0.01839 0.00177
vt 0.019 0.0001
vt 0.01829 0.00034
vt 0.23969 0.25004
vt 0.25787 0.27454
vt 0.74445 0.28584
vt 0.74445 1
vt 0.75816 1
vt 0.75816 0.28584
vt 0.12852 0.27378
vt 0.12852 0.2505
vt 0.11102 0.2505
vt 0.11102 0.27378
vt 0.87505 0.04812
vt 0.87505 0.32137
vt 0.8923 0.32137
vt 0.8923 0.04812
vt 0.84749 0.04789
vt 0.84749 0.32113
vt 0.87086 0.32113
vt 0.87086 0.04789
vt 0.14752 0.27378
vt 0.14752 0.2505
vt 0.13002 0.2505
vt 0.13002 0.27378
vt 0.03664 0.00086
vt 0.03664 0.27411
vt 0.05414 0.27411
vt 0.05414 0.00086
vt 0.96507 0.99926
vt 0.96506 0.99969
vt 0.96549 0.99926
vt 0.96502 1
vt 0.14752 0.27422
vt 0.14784 0.2742
vt 0.14785 0.27378
vt 0.14752 0.27454
vt 0.14784 0.27443
vt 0.03631 0.27411
vt 0.03633 0.27452
vt 0.03664 0.27454
vt 0.96576 0.99926
vt 0.12885 0.2505
vt 0.12883 0.25009
vt 0.12852 0.25007
vt 0.96502 0.72528
vt 0.96506 0.72559
vt 0.96507 0.72601
vt 0.96549 0.72601
vt 0.96576 0.72601
vt 0.03664 0.00044
vt 0.03633 0.00046
vt 0.03631 0.00086
vt 0.12852 0.24975
vt 0.12883 0.24986
vt 0.05414 0.27454
vt 0.05446 0.27452
vt 0.05447 0.27411
vt 0.13002 0.27454
vt 0.13002 0.27422
vt 0.12971 0.2742
vt 0.12971 0.27443
vt 0.12969 0.27378
vt 0.84749 0.32187
vt 0.84749 0.32156
vt 0.84706 0.32113
vt 0.84674 0.32113
vt 0.05447 0.00086
vt 0.05446 0.00046
vt 0.05414 0.00044
vt 0.84674 0.04789
vt 0.84706 0.04789
vt 0.84749 0.04746
vt 0.84749 0.04715
vt 0.11102 0.25007
vt 0.11071 0.25009
vt 0.11069 0.2505
vt 0.11102 0.24975
vt 0.11071 0.24986
vt 0.94201 0.99926
vt 0.94156 0.99926
vt 0.942 0.99969
vt 0.94121 0.99926
vt 0.89228 0.32179
vt 0.89257 0.32177
vt 0.8926 0.32137
vt 0.14752 0.24975
vt 0.14752 0.25007
vt 0.14784 0.25009
vt 0.14784 0.24986
vt 0.14785 0.2505
vt 0.94196 1
vt 0.8926 0.04812
vt 0.89257 0.04772
vt 0.89228 0.0477
vt 0.94121 0.72601
vt 0.94156 0.72601
vt 0.94201 0.72601
vt 0.942 0.72559
vt 0.94196 0.72528
vt 0.12852 0.27422
vt 0.12883 0.2742
vt 0.12885 0.27378
vt 0.12852 0.27454
vt 0.12883 0.27443
vt 0.87471 0.32137
vt 0.8747 0.32177
vt 0.87503 0.32179
vt 0.87162 0.32113
vt 0.8713 0.32113
vt 0.87086 0.32156
vt 0.87086 0.32187
vt 0.13002 0.25007
vt 0.12971 0.25009
vt 0.12969 0.2505
vt 0.87497 0.32211
vt 0.87466 0.322
vt 0.11069 0.27378
vt 0.11071 0.2742
vt 0.11102 0.27422
vt 0.87086 0.04715
vt 0.87086 0.04746
vt 0.8713 0.04789
vt 0.87162 0.04789
vt 0.87503 0.0477
vt 0.8747 0.04772
vt 0.87471 0.04812
vt 0.87497 0.04738
vt 0.87466 0.04749
vt 0.11102 0.27454
vt 0.13002 0.24975
vt 0.14916 0.25091
vt 0.14916 0.27347
vt 0.16612 0.27347
vt 0.16612 0.25091
vt 0.98285 0.0995
vt 0.98285 0.37205
vt 0.99957 0.37205
vt 0.99957 0.0995
vt 0.78204 0.03846
vt 0.78204 0.31101
vt 0.80469 0.31101
vt 0.80469 0.03846
vt 0.18485 0.27347
vt 0.18485 0.25091
vt 0.16789 0.25091
vt 0.16789 0.27347
vt 0.05578 0.00139
vt 0.05578 0.27394
vt 0.07274 0.27394
vt 0.07274 0.00139
vt 0.83717 0.31101
vt 0.83715 0.31161
vt 0.83775 0.31101
vt 0.83709 0.31205
vt 0.18485 0.27409
vt 0.18529 0.27406
vt 0.18532 0.27347
vt 0.18485 0.27454
vt 0.18529 0.27438
vt 0.05531 0.27394
vt 0.05534 0.27451
vt 0.05578 0.27454
vt 0.83815 0.31101
vt 0.14869 0.27347
vt 0.14872 0.27406
vt 0.14916 0.27409
vt 0.83709 0.03742
vt 0.83715 0.03786
vt 0.83717 0.03846
vt 0.83775 0.03846
vt 0.83815 0.03846
vt 0.05578 0.00079
vt 0.05534 0.00082
vt 0.05531 0.00139
vt 0.14916 0.27454
vt 0.14872 0.27438
vt 0.07274 0.27454
vt 0.07318 0.27451
vt 0.0732 0.27394
vt 0.16789 0.27454
vt 0.16789 0.27409
vt 0.16745 0.27406
vt 0.16745 0.27438
vt 0.16743 0.27347
vt 0.78204 0.31205
vt 0.78204 0.31161
vt 0.78142 0.31101
vt 0.78097 0.31101
vt 0.0732 0.00139
vt 0.07318 0.00082
vt 0.07274 0.00079
vt 0.78097 0.03846
vt 0.78142 0.03846
vt 0.78204 0.03786
vt 0.78204 0.03742
vt 0.16612 0.27409
vt 0.16656 0.27406
vt 0.16658 0.27347
vt 0.16612 0.27454
vt 0.16656 0.27438
vt 0.81482 0.31101
vt 0.81419 0.31101
vt 0.8148 0.31161
vt 0.81369 0.31101
vt 0.99955 0.37265
vt 0.99995 0.37262
vt 1 0.37205
vt 0.18485 0.24984
vt 0.18485 0.25029
vt 0.18529 0.25032
vt 0.18529 0.25
vt 0.18532 0.25091
vt 0.81474 0.31205
vt 1 0.0995
vt 0.99995 0.09893
vt 0.99955 0.0989
vt 0.81369 0.03846
vt 0.81419 0.03846
vt 0.81482 0.03846
vt 0.8148 0.03786
vt 0.81474 0.03742
vt 0.14916 0.25029
vt 0.14872 0.25032
vt 0.14869 0.25091
vt 0.14916 0.24984
vt 0.14872 0.25
vt 0.98237 0.37205
vt 0.98236 0.37262
vt 0.98282 0.37265
vt 0.80575 0.31101
vt 0.8053 0.31101
vt 0.80469 0.31161
vt 0.80469 0.31205
vt 0.16789 0.25029
vt 0.16745 0.25032
vt 0.16743 0.25091
vt 0.98275 0.37309
vt 0.98231 0.37293
vt 0.16658 0.25091
vt 0.16656 0.25032
vt 0.16612 0.25029
vt 0.80469 0.03742
vt 0.80469 0.03786
vt 0.8053 0.03846
vt 0.80575 0.03846
vt 0.98282 0.0989
vt 0.98236 0.09893
vt 0.98237 0.0995
vt 0.98275 0.09846
vt 0.98231 0.09861
vt 0.16612 0.24984
vt 0.16789 0.24984
vt 0.93132 0.68862
vt 0.91104 0.68862
vt 0.91104 0.99876
vt 0.93132 0.99876
vt 0.31907 0.25364
vt 0.31907 0.27384
vt 0.32499 0.27384
vt 0.32499 0.25364
vt 0.93969 0.6853
vt 0.93969 0.37516
vt 0.93377 0.37516
vt 0.93377 0.6853
vt 0.2821 0.25313
vt 0.2821 0.27333
vt 0.28793 0.27333
vt 0.28793 0.25313
vt 0.95472 0.06585
vt 0.93444 0.06585
vt 0.93444 0.37195
vt 0.95472 0.37195
vt 0.93983 0.68862
vt 0.94037 0.68862
vt 0.94034 0.68794
vt 0.93983 0.68791
vt 0.93253 0.99876
vt 0.93202 0.99876
vt 0.93132 0.99948
vt 0.93132 1
vt 0.28207 0.25243
vt 0.28154 0.25246
vt 0.28154 0.25313
vt 0.28198 0.25192
vt 0.28147 0.25209
vt 0.91035 0.99876
vt 0.91104 0.99948
vt 0.90983 0.99876
vt 0.93377 0.37445
vt 0.93326 0.37448
vt 0.93323 0.37516
vt 0.28198 0.27454
vt 0.28207 0.27403
vt 0.28154 0.27399
vt 0.28147 0.27436
vt 0.28154 0.27333
vt 0.91104 1
vt 0.93391 0.68862
vt 0.93391 0.68791
vt 0.9334 0.68794
vt 0.93338 0.68862
vt 0.93391 0.68738
vt 0.9334 0.68756
vt 0.28843 0.25313
vt 0.28837 0.25246
vt 0.2879 0.25243
vt 0.95472 0.06454
vt 0.95472 0.06512
vt 0.95542 0.06583
vt 0.95593 0.06577
vt 0.94022 0.37516
vt 0.9402 0.37448
vt 0.93969 0.37445
vt 0.93323 0.06577
vt 0.93375 0.06583
vt 0.93444 0.06512
vt 0.93444 0.06454
vt 0.2879 0.27403
vt 0.28837 0.27399
vt 0.28843 0.27333
vt 0.93969 0.37393
vt 0.9402 0.37411
vt 0.93983 0.99876
vt 0.93983 0.99948
vt 0.94034 0.99944
vt 0.94037 0.99876
vt 0.93983 1
vt 0.94034 0.99982
vt 0.32552 0.25364
vt 0.3255 0.25297
vt 0.32499 0.25294
vt 0.93132 0.68738
vt 0.93132 0.68791
vt 0.93202 0.68862
vt 0.93253 0.68862
vt 0.93323 0.6853
vt 0.93326 0.68598
vt 0.93377 0.68602
vt 0.90983 0.68862
vt 0.91035 0.68862
vt 0.91104 0.68791
vt 0.91104 0.68738
vt 0.32499 0.27454
vt 0.3255 0.2745
vt 0.32552 0.27384
vt 0.93377 0.68654
vt 0.93326 0.68636
vt 0.93391 0.99876
vt 0.93338 0.99876
vt 0.9334 0.99944
vt 0.93391 0.99948
vt 0.95593 0.37186
vt 0.95542 0.37193
vt 0.95472 0.37263
vt 0.95472 0.37309
vt 0.31907 0.25294
vt 0.31856 0.25297
vt 0.31853 0.25364
vt 0.93391 1
vt 0.9334 0.99982
vt 0.93969 0.68602
vt 0.9402 0.68598
vt 0.94022 0.6853
vt 0.93969 0.68654
vt 0.9402 0.68636
vt 0.31853 0.27384
vt 0.31856 0.2745
vt 0.31907 0.27454
vt 0.93444 0.37309
vt 0.93444 0.37263
vt 0.93375 0.37193
vt 0.93323 0.37186
vt 0.93983 0.68738
vt 0.93377 0.37393
vt 0.93071 0.37579
vt 0.91151 0.37579
vt 0.91151 0.68483
vt 0.93071 0.68483
vt 0.32711 0.25444
vt 0.32711 0.27357
vt 0.3322 0.27357
vt 0.3322 0.25444
vt 0.91566 0.37152
vt 0.91566 0.06248
vt 0.91058 0.06248
vt 0.91058 0.37152
vt 0.31199 0.25373
vt 0.31199 0.27287
vt 0.317 0.27287
vt 0.317 0.25373
vt 0.96194 0.37996
vt 0.94274 0.37996
vt 0.94274 0.68497
vt 0.96194 0.68497
vt 0.92308 0.06248
vt 0.92383 0.06248
vt 0.92379 0.06154
vt 0.92308 0.06149
vt 0.93239 0.68483
vt 0.93168 0.68483
vt 0.93071 0.68582
vt 0.93071 0.68654
vt 0.31194 0.25277
vt 0.3112 0.25282
vt 0.31121 0.25373
vt 0.31182 0.25206
vt 0.31111 0.2523
vt 0.91054 0.68483
vt 0.91151 0.68582
vt 0.90983 0.68483
vt 0.91058 0.06149
vt 0.90987 0.06154
vt 0.90983 0.06248
vt 0.31182 0.27454
vt 0.31194 0.27383
vt 0.3112 0.27378
vt 0.31111 0.2743
vt 0.31121 0.27287
vt 0.91151 0.68654
vt 0.91799 0.06248
vt 0.91799 0.06149
vt 0.91729 0.06154
vt 0.91725 0.06248
vt 0.91799 0.06076
vt 0.91729 0.06101
vt 0.31769 0.25373
vt 0.31761 0.25282
vt 0.31696 0.25277
vt 0.96194 0.37815
vt 0.96194 0.37895
vt 0.96291 0.37993
vt 0.96362 0.37984
vt 0.91641 0.06248
vt 0.91637 0.06154
vt 0.91566 0.06149
vt 0.94107 0.37984
vt 0.94178 0.37993
vt 0.94274 0.37895
vt 0.94274 0.37815
vt 0.31696 0.27383
vt 0.31761 0.27378
vt 0.31769 0.27287
vt 0.91566 0.06076
vt 0.91637 0.06101
vt 0.92308 0.37152
vt 0.92308 0.37251
vt 0.92379 0.37246
vt 0.92383 0.37152
vt 0.92308 0.37323
vt 0.92379 0.37298
vt 0.33294 0.25444
vt 0.3329 0.25353
vt 0.3322 0.25348
vt 0.93071 0.37407
vt 0.93071 0.3748
vt 0.93168 0.37579
vt 0.93239 0.37579
vt 0.90983 0.37152
vt 0.90987 0.37246
vt 0.91058 0.37251
vt 0.90983 0.37579
vt 0.91054 0.37579
vt 0.91151 0.3748
vt 0.91151 0.37407
vt 0.3322 0.27454
vt 0.3329 0.27449
vt 0.33294 0.27357
vt 0.91058 0.37323
vt 0.90987 0.37298
vt 0.91799 0.37152
vt 0.91725 0.37152
vt 0.91729 0.37246
vt 0.91799 0.37251
vt 0.96362 0.68485
vt 0.96291 0.68494
vt 0.96194 0.68591
vt 0.96194 0.68654
vt 0.32711 0.25348
vt 0.3264 0.25353
vt 0.32636 0.25444
vt 0.91799 0.37323
vt 0.91729 0.37298
vt 0.91566 0.37251
vt 0.91637 0.37246
vt 0.91641 0.37152
vt 0.91566 0.37323
vt 0.91637 0.37298
vt 0.32636 0.27357
vt 0.3264 0.27449
vt 0.32711 0.27454
vt 0.94274 0.68654
vt 0.94274 0.68591
vt 0.94178 0.68494
vt 0.94107 0.68485
vt 0.92308 0.06076
vt 0.91058 0.06076
vt 0.77916 0.31363
vt 0.75997 0.31363
vt 0.75997 0.99926
vt 0.77916 0.99926
vt 0.27235 0.25374
vt 0.27235 0.27286
vt 0.27904 0.27286
vt 0.27904 0.25374
vt 0.81112 0.99926
vt 0.81112 0.31363
vt 0.80434 0.31363
vt 0.80434 0.99926
vt 0.26118 0.25374
vt 0.26118 0.27286
vt 0.26796 0.27286
vt 0.26796 0.25374
vt 0.84842 0.99913
vt 0.86761 0.99913
vt 0.86761 0.3234
vt 0.84842 0.3234
vt 0.82219 0.31363
vt 0.82319 0.31363
vt 0.82314 0.31293
vt 0.82219 0.31289
vt 0.82392 0.31363
vt 0.82367 0.31293
vt 0.77916 1
vt 0.78008 0.99996
vt 0.78013 0.99926
vt 0.25945 0.25374
vt 0.26018 0.25374
vt 0.26118 0.25277
vt 0.26118 0.25206
vt 0.759 0.99926
vt 0.75905 0.99996
vt 0.75997 1
vt 0.80261 0.31363
vt 0.80334 0.31363
vt 0.80339 0.31293
vt 0.80286 0.31293
vt 0.80434 0.31289
vt 0.26118 0.27454
vt 0.26118 0.27383
vt 0.26018 0.27286
vt 0.25945 0.27286
vt 0.81541 0.31363
vt 0.81541 0.31289
vt 0.81447 0.31293
vt 0.81442 0.31363
vt 0.26796 0.25206
vt 0.26796 0.25277
vt 0.26895 0.25374
vt 0.26968 0.25374
vt 0.84745 0.99917
vt 0.8475 0.99991
vt 0.84842 0.9999
vt 0.84674 0.9993
vt 0.84698 1
vt 0.81211 0.31363
vt 0.81206 0.31293
vt 0.81112 0.31289
vt 0.86929 0.9993
vt 0.86858 0.99917
vt 0.86853 0.99991
vt 0.86905 1
vt 0.86761 0.9999
vt 0.26968 0.27286
vt 0.26895 0.27286
vt 0.26796 0.27383
vt 0.26796 0.27454
vt 0.82219 0.99926
vt 0.82219 1
vt 0.82314 0.99996
vt 0.82319 0.99926
vt 0.27892 0.25206
vt 0.27901 0.25277
vt 0.27999 0.25374
vt 0.28063 0.25374
vt 0.78013 0.31363
vt 0.78008 0.31293
vt 0.77916 0.31289
vt 0.82392 0.99926
vt 0.82367 0.99996
vt 0.80334 0.99926
vt 0.80339 0.99996
vt 0.80434 1
vt 0.80261 0.99926
vt 0.80286 0.99996
vt 0.75997 0.31289
vt 0.75905 0.31293
vt 0.759 0.31363
vt 0.28063 0.27286
vt 0.27999 0.27286
vt 0.27901 0.27383
vt 0.27892 0.27454
vt 0.81541 0.99926
vt 0.81442 0.99926
vt 0.81447 0.99996
vt 0.81541 1
vt 0.81369 0.99926
vt 0.81394 0.99996
vt 0.84842 0.32271
vt 0.8475 0.32279
vt 0.84745 0.32344
vt 0.27053 0.25374
vt 0.27134 0.25374
vt 0.27232 0.25277
vt 0.27223 0.25206
vt 0.81112 1
vt 0.81206 0.99996
vt 0.81211 0.99926
vt 0.27223 0.27454
vt 0.27232 0.27383
vt 0.27134 0.27286
vt 0.27053 0.27286
vt 0.86858 0.32344
vt 0.86853 0.32279
vt 0.86761 0.32271
vt 0.81284 0.99926
vt 0.81259 0.99996
vt 0.81369 0.31363
vt 0.81284 0.31363
vt 0.80063 0.31401
vt 0.78211 0.31401
vt 0.78211 0.99913
vt 0.80063 0.99913
vt 0.30239 0.25412
vt 0.30239 0.27257
vt 0.30841 0.27257
vt 0.30841 0.25412
vt 0.83289 0.99913
vt 0.83289 0.31401
vt 0.82679 0.31401
vt 0.82679 0.99913
vt 0.29129 0.25412
vt 0.29129 0.27257
vt 0.29739 0.27257
vt 0.29739 0.25412
vt 0.87211 0.99898
vt 0.89063 0.99898
vt 0.89063 0.32375
vt 0.87211 0.32375
vt 0.84387 0.31401
vt 0.84504 0.31401
vt 0.84498 0.31319
vt 0.84387 0.31314
vt 0.84589 0.31401
vt 0.8456 0.31319
vt 0.80063 1
vt 0.80171 0.99996
vt 0.80177 0.99913
vt 0.28927 0.25412
vt 0.29013 0.25412
vt 0.29129 0.25298
vt 0.29129 0.25215
vt 0.78097 0.99913
vt 0.78102 0.99996
vt 0.78211 1
vt 0.82476 0.31401
vt 0.82562 0.31401
vt 0.82568 0.31319
vt 0.82506 0.31319
vt 0.82679 0.31314
vt 0.29129 0.27454
vt 0.29129 0.27371
vt 0.29013 0.27257
vt 0.28927 0.27257
vt 0.83777 0.31401
vt 0.83777 0.31314
vt 0.83666 0.31319
vt 0.83661 0.31401
vt 0.29739 0.25215
vt 0.29739 0.25298
vt 0.29856 0.25412
vt 0.29942 0.25412
vt 0.87097 0.99903
vt 0.87103 0.9999
vt 0.87211 0.99989
vt 0.87014 0.99917
vt 0.87042 1
vt 0.83405 0.31401
vt 0.83399 0.31319
vt 0.83289 0.31314
vt 0.8926 0.99917
vt 0.89177 0.99903
vt 0.89171 0.9999
vt 0.89232 1
vt 0.89063 0.99989
vt 0.29942 0.27257
vt 0.29856 0.27257
vt 0.29739 0.27371
vt 0.29739 0.27454
vt 0.84387 0.99913
vt 0.84387 1
vt 0.84498 0.99996
vt 0.84504 0.99913
vt 0.30827 0.25215
vt 0.30838 0.25298
vt 0.30953 0.25412
vt 0.31027 0.25412
vt 0.80177 0.31401
vt 0.80171 0.31319
vt 0.80063 0.31314
vt 0.84589 0.99913
vt 0.8456 0.99996
vt 0.82562 0.99913
vt 0.82568 0.99996
vt 0.82679 1
vt 0.82476 0.99913
vt 0.82506 0.99996
vt 0.78211 0.31314
vt 0.78102 0.31319
vt 0.78097 0.31401
vt 0.31027 0.27257
vt 0.30953 0.27257
vt 0.30838 0.27371
vt 0.30827 0.27454
vt 0.83777 0.99913
vt 0.83661 0.99913
vt 0.83666 0.99996
vt 0.83777 1
vt 0.83575 0.99913
vt 0.83604 0.99996
vt 0.87211 0.32295
vt 0.87103 0.32304
vt 0.87097 0.3238
vt 0.30026 0.25412
vt 0.30121 0.25412
vt 0.30236 0.25298
vt 0.30225 0.25215
vt 0.83289 1
vt 0.83399 0.99996
vt 0.83405 0.99913
vt 0.30225 0.27454
vt 0.30236 0.27371
vt 0.30121 0.27257
vt 0.30026 0.27257
vt 0.89177 0.3238
vt 0.89171 0.32304
vt 0.89063 0.32295
vt 0.83491 0.99913
vt 0.83461 0.99996
vt 0.83575 0.31401
vt 0.83491 0.31401
vt 0.00094 1
vt 0.36316 1
vt 0.36316 0.27538
vt 0.00094 0.27538
vt 0.72811 1
vt 0.72811 0.27538
vt 0.36589 0.27538
vt 0.36589 1
vt 0.74361 1
vt 0.74361 0.27538
vt 0.7299 0.27538
vt 0.7299 1
vt 0.72905 1
vt 0.72905 0.27538
vt 0.36495 0.27538
vt 0.36495 1
vt 0 0.27538
vt 0 1
vt 0.36411 1
vt 0.36411 0.27538
usemtl mat0
f 1/1/1 2/2/1 3/3/1
f 4/4/2 5/5/2 6/6/2
f 7/7/3 8/8/3 9/9/3
f 10/10/4 11/11/4 12/12/4
f 13/13/5 14/14/5 15/15/5
f 16/16/6 17/17/6 18/18/6
f 19/19/7 20/20/7 21/21/7
f 22/22/8 23/23/8 24/24/8
f 25/25/9 26/26/9 27/27/9
f 28/28/10 29/29/10 30/30/10
f 31/31/11 32/32/11 33/33/11
f 34/34/12 35/35/12 36/36/12
f 37/37/13 38/38/13 39/39/13
f 40/40/14 41/41/14 42/42/14
f 43/43/15 44/44/15 45/45/15
f 46/46/16 47/47/16 48/48/16
f 49/49/17 50/50/17 51/51/17
f 52/52/18 53/53/18 54/54/18
f 55/55/19 56/56/19 57/57/19
f 58/58/20 59/59/20 60/60/20
f 61/61/21 62/62/21 63/63/21
f 64/64/22 65/65/22 66/66/22
f 67/67/23 68/68/23 69/69/23
f 70/70/24 71/71/24 72/72/24
f 73/73/25 74/74/25 75/75/25
f 76/76/26 77/77/26 78/78/26
f 79/79/27 80/80/27 81/81/27
f 82/82/28 83/83/28 84/84/28
f 85/85/29 86/86/29 87/87/29
f 88/88/30 89/89/30 90/90/30
f 91/91/31 92/92/31 93/93/31
f 94/94/32 95/95/32 96/96/32
f 97/97/33 98/98/33 99/99/33
f 100/100/34 101/101/34 102/102/34
f 103/103/35 104/104/35 105/105/35
f 106/106/36 107/107/36 108/108/36
f 109/109/37 110/110/37 111/111/37
f 112/112/38 113/113/38 114/114/38
f 115/115/39 116/116/39 117/117/39
f 118/118/40 119/119/40 120/120/40
f 121/121/41 122/122/41 123/123/41
f 124/124/42 125/125/42 126/126/42
f 127/127/43 128/128/43 129/129/43
f 130/130/44 131/131/44 132/132/44
f 133/133/45 134/134/45 135/135/45
f 136/136/46 137/137/46 138/138/46
f 139/139/47 140/140/47 141/141/47
f 142/142/48 143/143/48 144/144/48
f 145/145/49 146/146/49 147/147/49
f 148/148/50 149/149/50 150/150/50
f 151/151/51 152/152/51 153/153/51
f 154/154/52 155/155/52 156/156/52
f 157/157/53 158/158/53 159/159/53
f 160/160/54 161/161/54 162/162/54
f 163/163/55 164/164/55 165/165/55
f 166/166/56 167/167/56 168/168/56
f 169/169/57 170/170/57 171/171/57
f 172/172/58 173/173/58 174/174/58
f 175/175/59 176/176/59 177/177/59
f 178/178/60 179/179/60 180/180/60
f 181/181/61 182/182/61 183/183/61
f 184/184/62 185/185/62 186/186/62
f 187/187/63 188/188/63 189/189/63
f 190/190/64 191/191/64 192/192/64
f 193/193/65 194/194/65 195/195/65
f 196/196/66 197/197/66 198/198/66
f 199/199/67 200/200/67 201/201/67
f 202/202/68 203/203/68 204/204/68
f 205/205/69 206/206/69 207/207/69
f 208/208/70 209/209/70 210/210/70
f 211/211/71 212/212/71 213/213/71
f 214/214/72 215/215/72 216/216/72
f 217/217/73 218/218/73 219/219/73
f 217/217/73 219/219/73 220/220/73
f 221/221/74 222/222/74 223/223/74
f 221/221/74 223/223/74 224/224/74
f 225/225/75 226/226/75 227/227/75
f 225/225/75 227/227/75 228/228/75
f 229/229/76 230/230/76 231/231/76
f 229/229/76 231/231/76 232/232/76
f 233/233/77 234/234/77 235/235/77
f 233/233/77 235/235/77 236/236/77
f 237/237/78 238/238/78 1/1/78
f 237/237/78 1/1/78 239/239/78
f 238/238/79 240/240/79 2/2/79
f 238/238/79 2/2/79 1/1/79
f 229/229/80 241/241/80 242/242/80
f 229/229/80 242/242/80 243/243/80
f 241/241/81 244/244/81 245/245/81
f 241/241/81 245/245/81 242/242/81
f 234/234/82 246/246/82 247/247/82
f 234/234/82 247/247/82 248/248/82
f 249/249/83 239/239/83 1/1/83
f 249/249/83 1/1/83 3/3/83
f 218/218/84 250/250/84 251/251/84
f 218/218/84 251/251/84 252/252/84
f 253/253/85 254/254/85 5/5/85
f 253/253/85 5/5/85 4/4/85
f 255/255/86 256/256/86 5/5/86
f 255/255/86 5/5/86 254/254/86
f 256/256/87 257/257/87 6/6/87
f 256/256/87 6/6/87 5/5/87
f 233/233/88 258/258/88 259/259/88
f 233/233/88 259/259/88 260/260/88
f 261/261/89 252/252/89 251/251/89
f 261/261/89 251/251/89 262/262/89
f 235/235/90 263/263/90 264/264/90
f 235/235/90 264/264/90 265/265/90
f 266/266/91 267/267/91 268/268/91
f 266/266/91 268/268/91 269/269/91
f 232/232/92 270/270/92 268/268/92
f 232/232/92 268/268/92 267/267/92
f 271/271/93 272/272/93 9/9/93
f 271/271/93 9/9/93 8/8/93
f 226/226/94 273/273/94 9/9/94
f 226/226/94 9/9/94 272/272/94
f 273/273/95 274/274/95 7/7/95
f 273/273/95 7/7/95 9/9/95
f 236/236/96 275/275/96 276/276/96
f 236/236/96 276/276/96 277/277/96
f 278/278/97 279/279/97 11/11/97
f 278/278/97 11/11/97 10/10/97
f 225/225/98 280/280/98 11/11/98
f 225/225/98 11/11/98 279/279/98
f 280/280/99 281/281/99 12/12/99
f 280/280/99 12/12/99 11/11/99
f 219/219/100 282/282/100 283/283/100
f 219/219/100 283/283/100 284/284/100
f 282/282/101 285/285/101 286/286/101
f 282/282/101 286/286/101 283/283/101
f 287/287/102 288/288/102 13/13/102
f 287/287/102 13/13/102 289/289/102
f 288/288/103 290/290/103 14/14/103
f 288/288/103 14/14/103 13/13/103
f 223/223/104 291/291/104 292/292/104
f 223/223/104 292/292/104 293/293/104
f 294/294/105 295/295/105 296/296/105
f 294/294/105 296/296/105 297/297/105
f 230/230/106 298/298/106 296/296/106
f 230/230/106 296/296/106 295/295/106
f 299/299/107 289/289/107 13/13/107
f 299/299/107 13/13/107 15/15/107
f 224/224/108 300/300/108 301/301/108
f 224/224/108 301/301/108 302/302/108
f 303/303/109 304/304/109 17/17/109
f 303/303/109 17/17/109 16/16/109
f 305/305/110 306/306/110 17/17/110
f 305/305/110 17/17/110 304/304/110
f 306/306/111 307/307/111 18/18/111
f 306/306/111 18/18/111 17/17/111
f 217/217/112 308/308/112 309/309/112
f 217/217/112 309/309/112 310/310/112
f 308/308/113 311/311/113 312/312/113
f 308/308/113 312/312/113 309/309/113
f 222/222/114 313/313/114 314/314/114
f 222/222/114 314/314/114 315/315/114
f 316/316/115 317/317/115 20/20/115
f 316/316/115 20/20/115 19/19/115
f 227/227/116 318/318/116 20/20/116
f 227/227/116 20/20/116 317/317/116
f 318/318/117 319/319/117 21/21/117
f 318/318/117 21/21/117 20/20/117
f 231/231/118 320/320/118 321/321/118
f 231/231/118 321/321/118 322/322/118
f 323/323/119 315/315/119 314/314/119
f 323/323/119 314/314/119 324/324/119
f 220/220/120 325/325/120 326/326/120
f 220/220/120 326/326/120 327/327/120
f 328/328/121 329/329/121 23/23/121
f 328/328/121 23/23/121 22/22/121
f 228/228/122 330/330/122 23/23/122
f 228/228/122 23/23/122 329/329/122
f 330/330/123 331/331/123 24/24/123
f 330/330/123 24/24/123 23/23/123
f 221/221/124 332/332/124 333/333/124
f 221/221/124 333/333/124 334/334/124
f 332/332/125 335/335/125 336/336/125
f 332/332/125 336/336/125 333/333/125
f 217/217/126 220/220/126 327/327/126
f 217/217/126 327/327/126 308/308/126
f 308/308/127 327/327/127 337/337/127
f 308/308/127 337/337/127 311/311/127
f 302/302/128 332/332/128 221/221/128
f 302/302/128 221/221/128 224/224/128
f 218/218/129 217/217/129 310/310/129
f 218/218/129 310/310/129 250/250/129
f 253/253/130 307/307/130 306/306/130
f 253/253/130 306/306/130 254/254/130
f 254/254/131 306/306/131 305/305/131
f 254/254/131 305/305/131 255/255/131
f 234/234/132 233/233/132 260/260/132
f 234/234/132 260/260/132 246/246/132
f 249/249/133 257/257/133 256/256/133
f 249/249/133 256/256/133 239/239/133
f 239/239/134 256/256/134 255/255/134
f 239/239/134 255/255/134 237/237/134
f 228/228/135 227/227/135 317/317/135
f 228/228/135 317/317/135 330/330/135
f 330/330/136 317/317/136 316/316/136
f 330/330/136 316/316/136 331/331/136
f 334/334/137 313/313/137 222/222/137
f 334/334/137 222/222/137 221/221/137
f 226/226/138 225/225/138 279/279/138
f 226/226/138 279/279/138 273/273/138
f 273/273/139 279/279/139 278/278/139
f 273/273/139 278/278/139 274/274/139
f 265/265/140 275/275/140 236/236/140
f 265/265/140 236/236/140 235/235/140
f 287/287/141 305/305/141 304/304/141
f 287/287/141 304/304/141 288/288/141
f 288/288/142 304/304/142 303/303/142
f 288/288/142 303/303/142 290/290/142
f 293/293/143 300/300/143 224/224/143
f 293/293/143 224/224/143 223/223/143
f 232/232/144 231/231/144 322/322/144
f 232/232/144 322/322/144 270/270/144
f 271/271/145 319/319/145 318/318/145
f 271/271/145 318/318/145 272/272/145
f 272/272/146 318/318/146 227/227/146
f 272/272/146 227/227/146 226/226/146
f 229/229/147 232/232/147 267/267/147
f 229/229/147 267/267/147 241/241/147
f 241/241/148 267/267/148 266/266/148
f 241/241/148 266/266/148 244/244/148
f 248/248/149 263/263/149 235/235/149
f 248/248/149 235/235/149 234/234/149
f 220/220/150 219/219/150 284/284/150
f 220/220/150 284/284/150 325/325/150
f 328/328/151 281/281/151 280/280/151
f 328/328/151 280/280/151 329/329/151
f 329/329/152 280/280/152 225/225/152
f 329/329/152 225/225/152 228/228/152
f 231/231/153 230/230/153 295/295/153
f 231/231/153 295/295/153 320/320/153
f 320/320/154 295/295/154 294/294/154
f 320/320/154 294/294/154 338/338/154
f 315/315/155 291/291/155 223/223/155
f 315/315/155 223/223/155 222/222/155
f 230/230/156 229/229/156 243/243/156
f 230/230/156 243/243/156 298/298/156
f 299/299/157 240/240/157 238/238/157
f 299/299/157 238/238/157 289/289/157
f 289/289/158 238/238/158 237/237/158
f 289/289/158 237/237/158 287/287/158
f 219/219/159 218/218/159 252/252/159
f 219/219/159 252/252/159 282/282/159
f 282/282/160 252/252/160 261/261/160
f 282/282/160 261/261/160 285/285/160
f 277/277/161 258/258/161 233/233/161
f 277/277/161 233/233/161 236/236/161
f 305/305/162 287/287/162 237/237/162
f 305/305/162 237/237/162 255/255/162
f 339/339/73 340/340/73 341/341/73
f 339/339/73 341/341/73 342/342/73
f 343/343/163 344/344/163 345/345/163
f 343/343/163 345/345/163 346/346/163
f 347/347/75 348/348/75 349/349/75
f 347/347/75 349/349/75 350/350/75
f 351/351/76 352/352/76 353/353/76
f 351/351/76 353/353/76 354/354/76
f 355/355/164 356/356/164 357/357/164
f 355/355/164 357/357/164 358/358/164
f 359/359/165 360/360/165 25/25/165
f 359/359/165 25/25/165 361/361/165
f 360/360/166 362/362/166 26/26/166
f 360/360/166 26/26/166 25/25/166
f 351/351/167 363/363/167 364/364/167
f 351/351/167 364/364/167 365/365/167
f 363/363/168 366/366/168 367/367/168
f 363/363/168 367/367/168 364/364/168
f 356/356/169 368/368/169 369/369/169
f 356/356/169 369/369/169 370/370/169
f 371/371/170 361/361/170 25/25/170
f 371/371/170 25/25/170 27/27/170
f 340/340/171 372/372/171 373/373/171
f 340/340/171 373/373/171 374/374/171
f 375/375/172 376/376/172 29/29/172
f 375/375/172 29/29/172 28/28/172
f 377/377/173 378/378/173 29/29/173
f 377/377/173 29/29/173 376/376/173
f 378/378/174 379/379/174 30/30/174
f 378/378/174 30/30/174 29/29/174
f 355/355/175 380/380/175 381/381/175
f 355/355/175 381/381/175 382/382/175
f 383/383/176 374/374/176 373/373/176
f 383/383/176 373/373/176 384/384/176
f 357/357/177 385/385/177 386/386/177
f 357/357/177 386/386/177 387/387/177
f 388/388/178 389/389/178 390/390/178
f 388/388/178 390/390/178 391/391/178
f 354/354/179 392/392/179 390/390/179
f 354/354/179 390/390/179 389/389/179
f 393/393/180 394/394/180 33/33/180
f 393/393/180 33/33/180 32/32/180
f 348/348/181 395/395/181 33/33/181
f 348/348/181 33/33/181 394/394/181
f 395/395/182 396/396/182 31/31/182
f 395/395/182 31/31/182 33/33/182
f 358/358/183 397/397/183 398/398/183
f 358/358/183 398/398/183 399/399/183
f 400/400/184 401/401/184 35/35/184
f 400/400/184 35/35/184 34/34/184
f 347/347/185 402/402/185 35/35/185
f 347/347/185 35/35/185 401/401/185
f 402/402/186 403/403/186 36/36/186
f 402/402/186 36/36/186 35/35/186
f 341/341/187 404/404/187 405/405/187
f 341/341/187 405/405/187 406/406/187
f 404/404/188 407/407/188 408/408/188
f 404/404/188 408/408/188 405/405/188
f 409/409/189 410/410/189 37/37/189
f 409/409/189 37/37/189 411/411/189
f 410/410/190 412/412/190 38/38/190
f 410/410/190 38/38/190 37/37/190
f 345/345/191 413/413/191 414/414/191
f 345/345/191 414/414/191 415/415/191
f 416/416/192 417/417/192 418/418/192
f 416/416/192 418/418/192 419/419/192
f 352/352/193 420/420/193 418/418/193
f 352/352/193 418/418/193 417/417/193
f 421/421/194 411/411/194 37/37/194
f 421/421/194 37/37/194 39/39/194
f 346/346/195 422/422/195 423/423/195
f 346/346/195 423/423/195 424/424/195
f 425/425/196 426/426/196 41/41/196
f 425/425/196 41/41/196 40/40/196
f 427/427/197 428/428/197 41/41/197
f 427/427/197 41/41/197 426/426/197
f 428/428/198 429/429/198 42/42/198
f 428/428/198 42/42/198 41/41/198
f 339/339/199 430/430/199 431/431/199
f 339/339/199 431/431/199 432/432/199
f 430/430/200 433/433/200 434/434/200
f 430/430/200 434/434/200 431/431/200
f 344/344/201 435/435/201 436/436/201
f 344/344/201 436/436/201 437/437/201
f 438/438/202 439/439/202 44/44/202
f 438/438/202 44/44/202 43/43/202
f 349/349/203 440/440/203 44/44/203
f 349/349/203 44/44/203 439/439/203
f 440/440/204 441/441/204 45/45/204
f 440/440/204 45/45/204 44/44/204
f 353/353/205 442/442/205 443/443/205
f 353/353/205 443/443/205 444/444/205
f 445/445/206 437/437/206 436/436/206
f 445/445/206 436/436/206 446/446/206
f 342/342/207 447/447/207 448/448/207
f 342/342/207 448/448/207 449/449/207
f 450/450/208 451/451/208 47/47/208
f 450/450/208 47/47/208 46/46/208
f 350/350/209 452/452/209 47/47/209
f 350/350/209 47/47/209 451/451/209
f 452/452/210 453/453/210 48/48/210
f 452/452/210 48/48/210 47/47/210
f 343/343/211 454/454/211 455/455/211
f 343/343/211 455/455/211 456/456/211
f 454/454/212 457/457/212 458/458/212
f 454/454/212 458/458/212 455/455/212
f 339/339/213 342/342/213 449/449/213
f 339/339/213 449/449/213 430/430/213
f 430/430/214 449/449/214 459/459/214
f 430/430/214 459/459/214 433/433/214
f 424/424/215 454/454/215 343/343/215
f 424/424/215 343/343/215 346/346/215
f 340/340/216 339/339/216 432/432/216
f 340/340/216 432/432/216 372/372/216
f 375/375/217 429/429/217 428/428/217
f 375/375/217 428/428/217 376/376/217
f 376/376/218 428/428/218 427/427/218
f 376/376/218 427/427/218 377/377/218
f 356/356/219 355/355/219 382/382/219
f 356/356/219 382/382/219 368/368/219
f 371/371/220 379/379/220 378/378/220
f 371/371/220 378/378/220 361/361/220
f 361/361/221 378/378/221 377/377/221
f 361/361/221 377/377/221 359/359/221
f 350/350/222 349/349/222 439/439/222
f 350/350/222 439/439/222 452/452/222
f 452/452/223 439/439/223 438/438/223
f 452/452/223 438/438/223 453/453/223
f 456/456/224 435/435/224 344/344/224
f 456/456/224 344/344/224 343/343/224
f 348/348/225 347/347/225 401/401/225
f 348/348/225 401/401/225 395/395/225
f 395/395/226 401/401/226 400/400/226
f 395/395/226 400/400/226 396/396/226
f 387/387/227 397/397/227 358/358/227
f 387/387/227 358/358/227 357/357/227
f 409/409/228 427/427/228 426/426/228
f 409/409/228 426/426/228 410/410/228
f 410/410/229 426/426/229 425/425/229
f 410/410/229 425/425/229 412/412/229
f 415/415/230 422/422/230 346/346/230
f 415/415/230 346/346/230 345/345/230
f 354/354/231 353/353/231 444/444/231
f 354/354/231 444/444/231 392/392/231
f 393/393/232 441/441/232 440/440/232
f 393/393/232 440/440/232 394/394/232
f 394/394/233 440/440/233 349/349/233
f 394/394/233 349/349/233 348/348/233
f 351/351/234 354/354/234 389/389/234
f 351/351/234 389/389/234 363/363/234
f 363/363/235 389/389/235 388/388/235
f 363/363/235 388/388/235 366/366/235
f 370/370/236 385/385/236 357/357/236
f 370/370/236 357/357/236 356/356/236
f 342/342/237 341/341/237 406/406/237
f 342/342/237 406/406/237 447/447/237
f 450/450/238 403/403/238 402/402/238
f 450/450/238 402/402/238 451/451/238
f 451/451/239 402/402/239 347/347/239
f 451/451/239 347/347/239 350/350/239
f 353/353/240 352/352/240 417/417/240
f 353/353/240 417/417/240 442/442/240
f 442/442/241 417/417/241 416/416/241
f 442/442/241 416/416/241 460/460/241
f 437/437/242 413/413/242 345/345/242
f 437/437/242 345/345/242 344/344/242
f 352/352/243 351/351/243 365/365/243
f 352/352/243 365/365/243 420/420/243
f 421/421/244 362/362/244 360/360/244
f 421/421/244 360/360/244 411/411/244
f 411/411/245 360/360/245 359/359/245
f 411/411/245 359/359/245 409/409/245
f 341/341/246 340/340/246 374/374/246
f 341/341/246 374/374/246 404/404/246
f 404/404/247 374/374/247 383/383/247
f 404/404/247 383/383/247 407/407/247
f 399/399/248 380/380/248 355/355/248
f 399/399/248 355/355/248 358/358/248
f 427/427/162 409/409/162 359/359/162
f 427/427/162 359/359/162 377/377/162
f 461/461/249 462/462/249 463/463/249
f 461/461/249 463/463/249 464/464/249
f 465/465/73 466/466/73 467/467/73
f 465/465/73 467/467/73 468/468/73
f 469/469/163 470/470/163 471/471/163
f 469/469/163 471/471/163 472/472/163
f 473/473/75 474/474/75 475/475/75
f 473/473/75 475/475/75 476/476/75
f 477/477/76 478/478/76 479/479/76
f 477/477/76 479/479/76 480/480/76
f 481/481/164 482/482/164 483/483/164
f 481/481/164 483/483/164 484/484/164
f 485/485/250 486/486/250 49/49/250
f 485/485/250 49/49/250 487/487/250
f 486/486/251 488/488/251 50/50/251
f 486/486/251 50/50/251 49/49/251
f 477/477/252 489/489/252 490/490/252
f 477/477/252 490/490/252 491/491/252
f 489/489/253 492/492/253 493/493/253
f 489/489/253 493/493/253 490/490/253
f 482/482/254 494/494/254 495/495/254
f 482/482/254 495/495/254 496/496/254
f 497/497/255 487/487/255 49/49/255
f 497/497/255 49/49/255 51/51/255
f 466/466/256 498/498/256 499/499/256
f 466/466/256 499/499/256 500/500/256
f 501/501/257 502/502/257 53/53/257
f 501/501/257 53/53/257 52/52/257
f 503/503/258 504/504/258 53/53/258
f 503/503/258 53/53/258 502/502/258
f 504/504/259 505/505/259 54/54/259
f 504/504/259 54/54/259 53/53/259
f 481/481/260 506/506/260 507/507/260
f 481/481/260 507/507/260 508/508/260
f 509/509/261 500/500/261 499/499/261
f 509/509/261 499/499/261 510/510/261
f 483/483/262 511/511/262 512/512/262
f 483/483/262 512/512/262 513/513/262
f 514/514/263 515/515/263 516/516/263
f 514/514/263 516/516/263 517/517/263
f 480/480/264 518/518/264 516/516/264
f 480/480/264 516/516/264 515/515/264
f 519/519/265 520/520/265 57/57/265
f 519/519/265 57/57/265 56/56/265
f 474/474/266 521/521/266 57/57/266
f 474/474/266 57/57/266 520/520/266
f 521/521/267 522/522/267 55/55/267
f 521/521/267 55/55/267 57/57/267
f 484/484/268 523/523/268 524/524/268
f 484/484/268 524/524/268 525/525/268
f 526/526/269 527/527/269 59/59/269
f 526/526/269 59/59/269 58/58/269
f 473/473/270 528/528/270 59/59/270
f 473/473/270 59/59/270 527/527/270
f 528/528/271 529/529/271 60/60/271
f 528/528/271 60/60/271 59/59/271
f 467/467/272 530/530/272 531/531/272
f 467/467/272 531/531/272 532/532/272
f 530/530/273 533/533/273 534/534/273
f 530/530/273 534/534/273 531/531/273
f 535/535/274 536/536/274 61/61/274
f 535/535/274 61/61/274 537/537/274
f 536/536/275 538/538/275 62/62/275
f 536/536/275 62/62/275 61/61/275
f 471/471/276 539/539/276 540/540/276
f 471/471/276 540/540/276 541/541/276
f 542/542/277 543/543/277 544/544/277
f 542/542/277 544/544/277 545/545/277
f 478/478/278 546/546/278 544/544/278
f 478/478/278 544/544/278 543/543/278
f 547/547/279 537/537/279 61/61/279
f 547/547/279 61/61/279 63/63/279
f 472/472/280 548/548/280 549/549/280
f 472/472/280 549/549/280 550/550/280
f 551/551/281 552/552/281 65/65/281
f 551/551/281 65/65/281 64/64/281
f 553/553/282 554/554/282 65/65/282
f 553/553/282 65/65/282 552/552/282
f 554/554/283 555/555/283 66/66/283
f 554/554/283 66/66/283 65/65/283
f 465/465/284 556/556/284 557/557/284
f 465/465/284 557/557/284 558/558/284
f 556/556/285 559/559/285 560/560/285
f 556/556/285 560/560/285 557/557/285
f 470/470/286 561/561/286 562/562/286
f 470/470/286 562/562/286 563/563/286
f 564/564/287 565/565/287 68/68/287
f 564/564/287 68/68/287 67/67/287
f 475/475/288 566/566/288 68/68/288
f 475/475/288 68/68/288 565/565/288
f 566/566/289 567/567/289 69/69/289
f 566/566/289 69/69/289 68/68/289
f 479/479/290 568/568/290 569/569/290
f 479/479/290 569/569/290 570/570/290
f 571/571/291 563/563/291 562/562/291
f 571/571/291 562/562/291 572/572/291
f 468/468/292 573/573/292 574/574/292
f 468/468/292 574/574/292 575/575/292
f 576/576/293 577/577/293 71/71/293
f 576/576/293 71/71/293 70/70/293
f 476/476/294 578/578/294 71/71/294
f 476/476/294 71/71/294 577/577/294
f 578/578/295 579/579/295 72/72/295
f 578/578/295 72/72/295 71/71/295
f 469/469/296 580/580/296 581/581/296
f 469/469/296 581/581/296 582/582/296
f 580/580/297 583/583/297 584/584/297
f 580/580/297 584/584/297 581/581/297
f 465/465/298 468/468/298 575/575/298
f 465/465/298 575/575/298 556/556/298
f 556/556/299 575/575/299 585/585/299
f 556/556/299 585/585/299 559/559/299
f 550/550/300 580/580/300 469/469/300
f 550/550/300 469/469/300 472/472/300
f 466/466/301 465/465/301 558/558/301
f 466/466/301 558/558/301 498/498/301
f 501/501/302 555/555/302 554/554/302
f 501/501/302 554/554/302 502/502/302
f 502/502/303 554/554/303 553/553/303
f 502/502/303 553/553/303 503/503/303
f 482/482/304 481/481/304 508/508/304
f 482/482/304 508/508/304 494/494/304
f 497/497/305 505/505/305 504/504/305
f 497/497/305 504/504/305 487/487/305
f 487/487/306 504/504/306 503/503/306
f 487/487/306 503/503/306 485/485/306
f 476/476/307 475/475/307 565/565/307
f 476/476/307 565/565/307 578/578/307
f 578/578/308 565/565/308 564/564/308
f 578/578/308 564/564/308 579/579/308
f 582/582/309 561/561/309 470/470/309
f 582/582/309 470/470/309 469/469/309
f 474/474/310 473/473/310 527/527/310
f 474/474/310 527/527/310 521/521/310
f 521/521/311 527/527/311 526/526/311
f 521/521/311 526/526/311 522/522/311
f 513/513/312 523/523/312 484/484/312
f 513/513/312 484/484/312 483/483/312
f 535/535/313 553/553/313 552/552/313
f 535/535/313 552/552/313 536/536/313
f 536/536/314 552/552/314 551/551/314
f 536/536/314 551/551/314 538/538/314
f 541/541/315 548/548/315 472/472/315
f 541/541/315 472/472/315 471/471/315
f 480/480/316 479/479/316 570/570/316
f 480/480/316 570/570/316 518/518/316
f 519/519/317 567/567/317 566/566/317
f 519/519/317 566/566/317 520/520/317
f 520/520/318 566/566/318 475/475/318
f 520/520/318 475/475/318 474/474/318
f 477/477/319 480/480/319 515/515/319
f 477/477/319 515/515/319 489/489/319
f 489/489/320 515/515/320 514/514/320
f 489/489/320 514/514/320 492/492/320
f 496/496/321 511/511/321 483/483/321
f 496/496/321 483/483/321 482/482/321
f 468/468/322 467/467/322 532/532/322
f 468/468/322 532/532/322 573/573/322
f 576/576/323 529/529/323 528/528/323
f 576/576/323 528/528/323 577/577/323
f 577/577/324 528/528/324 473/473/324
f 577/577/324 473/473/324 476/476/324
f 479/479/325 478/478/325 543/543/325
f 479/479/325 543/543/325 568/568/325
f 568/568/326 543/543/326 542/542/326
f 568/568/326 542/542/326 586/586/326
f 563/563/327 539/539/327 471/471/327
f 563/563/327 471/471/327 470/470/327
f 478/478/328 477/477/328 491/491/328
f 478/478/328 491/491/328 546/546/328
f 547/547/329 488/488/329 486/486/329
f 547/547/329 486/486/329 537/537/329
f 537/537/330 486/486/330 485/485/330
f 537/537/330 485/485/330 535/535/330
f 467/467/331 466/466/331 500/500/331
f 467/467/331 500/500/331 530/530/331
f 530/530/332 500/500/332 509/509/332
f 530/530/332 509/509/332 533/533/332
f 525/525/333 506/506/333 481/481/333
f 525/525/333 481/481/333 484/484/333
f 553/553/162 535/535/162 485/485/162
f 553/553/162 485/485/162 503/503/162
f 587/587/73 588/588/73 589/589/73
f 587/587/73 589/589/73 590/590/73
f 591/591/163 592/592/163 593/593/163
f 591/591/163 593/593/163 594/594/163
f 595/595/334 596/596/334 597/597/334
f 595/595/334 597/597/334 598/598/334
f 599/599/335 600/600/335 601/601/335
f 599/599/335 601/601/335 602/602/335
f 603/603/164 604/604/164 605/605/164
f 603/603/164 605/605/164 606/606/164
f 607/607/336 608/608/336 73/73/336
f 607/607/336 73/73/336 609/609/336
f 608/608/337 610/610/337 74/74/337
f 608/608/337 74/74/337 73/73/337
f 599/599/338 611/611/338 612/612/338
f 599/599/338 612/612/338 613/613/338
f 611/611/339 614/614/339 615/615/339
f 611/611/339 615/615/339 612/612/339
f 604/604/340 616/616/340 617/617/340
f 604/604/340 617/617/340 618/618/340
f 619/619/341 609/609/341 73/73/341
f 619/619/341 73/73/341 75/75/341
f 588/588/342 620/620/342 621/621/342
f 588/588/342 621/621/342 622/622/342
f 623/623/343 624/624/343 77/77/343
f 623/623/343 77/77/343 76/76/343
f 625/625/344 626/626/344 77/77/344
f 625/625/344 77/77/344 624/624/344
f 626/626/345 627/627/345 78/78/345
f 626/626/345 78/78/345 77/77/345
f 603/603/346 628/628/346 629/629/346
f 603/603/346 629/629/346 630/630/346
f 631/631/347 622/622/347 621/621/347
f 631/631/347 621/621/347 632/632/347
f 605/605/348 633/633/348 634/634/348
f 605/605/348 634/634/348 635/635/348
f 636/636/349 637/637/349 638/638/349
f 636/636/349 638/638/349 639/639/349
f 602/602/350 640/640/350 638/638/350
f 602/602/350 638/638/350 637/637/350
f 641/641/351 642/642/351 81/81/351
f 641/641/351 81/81/351 80/80/351
f 596/596/352 643/643/352 81/81/352
f 596/596/352 81/81/352 642/642/352
f 643/643/353 644/644/353 79/79/353
f 643/643/353 79/79/353 81/81/353
f 606/606/354 645/645/354 646/646/354
f 606/606/354 646/646/354 647/647/354
f 648/648/355 649/649/355 83/83/355
f 648/648/355 83/83/355 82/82/355
f 595/595/356 650/650/356 83/83/356
f 595/595/356 83/83/356 649/649/356
f 650/650/357 651/651/357 84/84/357
f 650/650/357 84/84/357 83/83/357
f 589/589/358 652/652/358 653/653/358
f 589/589/358 653/653/358 654/654/358
f 652/652/359 655/655/359 656/656/359
f 652/652/359 656/656/359 653/653/359
f 657/657/360 658/658/360 85/85/360
f 657/657/360 85/85/360 659/659/360
f 658/658/361 660/660/361 86/86/361
f 658/658/361 86/86/361 85/85/361
f 593/593/362 661/661/362 662/662/362
f 593/593/362 662/662/362 663/663/362
f 664/664/363 665/665/363 666/666/363
f 664/664/363 666/666/363 667/667/363
f 600/600/364 668/668/364 666/666/364
f 600/600/364 666/666/364 665/665/364
f 669/669/365 659/659/365 85/85/365
f 669/669/365 85/85/365 87/87/365
f 594/594/366 670/670/366 671/671/366
f 594/594/366 671/671/366 672/672/366
f 673/673/367 674/674/367 89/89/367
f 673/673/367 89/89/367 88/88/367
f 675/675/368 676/676/368 89/89/368
f 675/675/368 89/89/368 674/674/368
f 676/676/369 677/677/369 90/90/369
f 676/676/369 90/90/369 89/89/369
f 587/587/370 678/678/370 679/679/370
f 587/587/370 679/679/370 680/680/370
f 678/678/371 681/681/371 682/682/371
f 678/678/371 682/682/371 679/679/371
f 592/592/372 683/683/372 684/684/372
f 592/592/372 684/684/372 685/685/372
f 686/686/373 687/687/373 92/92/373
f 686/686/373 92/92/373 91/91/373
f 597/597/374 688/688/374 92/92/374
f 597/597/374 92/92/374 687/687/374
f 688/688/375 689/689/375 93/93/375
f 688/688/375 93/93/375 92/92/375
f 601/601/376 690/690/376 691/691/376
f 601/601/376 691/691/376 692/692/376
f 693/693/377 685/685/377 684/684/377
f 693/693/377 684/684/377 694/694/377
f 590/590/378 695/695/378 696/696/378
f 590/590/378 696/696/378 697/697/378
f 698/698/379 699/699/379 95/95/379
f 698/698/379 95/95/379 94/94/379
f 598/598/380 700/700/380 95/95/380
f 598/598/380 95/95/380 699/699/380
f 700/700/381 701/701/381 96/96/381
f 700/700/381 96/96/381 95/95/381
f 591/591/382 702/702/382 703/703/382
f 591/591/382 703/703/382 704/704/382
f 702/702/383 705/705/383 706/706/383
f 702/702/383 706/706/383 703/703/383
f 587/587/384 590/590/384 697/697/384
f 587/587/384 697/697/384 678/678/384
f 678/678/385 697/697/385 707/707/385
f 678/678/385 707/707/385 681/681/385
f 672/672/386 702/702/386 591/591/386
f 672/672/386 591/591/386 594/594/386
f 588/588/387 587/587/387 680/680/387
f 588/588/387 680/680/387 620/620/387
f 623/623/388 677/677/388 676/676/388
f 623/623/388 676/676/388 624/624/388
f 624/624/389 676/676/389 675/675/389
f 624/624/389 675/675/389 625/625/389
f 604/604/390 603/603/390 630/630/390
f 604/604/390 630/630/390 616/616/390
f 619/619/391 627/627/391 626/626/391
f 619/619/391 626/626/391 609/609/391
f 609/609/392 626/626/392 625/625/392
f 609/609/392 625/625/392 607/607/392
f 598/598/393 597/597/393 687/687/393
f 598/598/393 687/687/393 700/700/393
f 700/700/394 687/687/394 686/686/394
f 700/700/394 686/686/394 701/701/394
f 704/704/395 683/683/395 592/592/395
f 704/704/395 592/592/395 591/591/395
f 596/596/396 595/595/396 649/649/396
f 596/596/396 649/649/396 643/643/396
f 643/643/397 649/649/397 648/648/397
f 643/643/397 648/648/397 644/644/397
f 635/635/398 645/645/398 606/606/398
f 635/635/398 606/606/398 605/605/398
f 657/657/399 675/675/399 674/674/399
f 657/657/399 674/674/399 658/658/399
f 658/658/400 674/674/400 673/673/400
f 658/658/400 673/673/400 660/660/400
f 663/663/401 670/670/401 594/594/401
f 663/663/401 594/594/401 593/593/401
f 602/602/402 601/601/402 692/692/402
f 602/602/402 692/692/402 640/640/402
f 641/641/403 689/689/403 688/688/403
f 641/641/403 688/688/403 642/642/403
f 642/642/404 688/688/404 597/597/404
f 642/642/404 597/597/404 596/596/404
f 599/599/405 602/602/405 637/637/405
f 599/599/405 637/637/405 611/611/405
f 611/611/406 637/637/406 636/636/406
f 611/611/406 636/636/406 614/614/406
f 618/618/407 633/633/407 605/605/407
f 618/618/407 605/605/407 604/604/407
f 590/590/408 589/589/408 654/654/408
f 590/590/408 654/654/408 695/695/408
f 698/698/409 651/651/409 650/650/409
f 698/698/409 650/650/409 699/699/409
f 699/699/410 650/650/410 595/595/410
f 699/699/410 595/595/410 598/598/410
f 601/601/411 600/600/411 665/665/411
f 601/601/411 665/665/411 690/690/411
f 690/690/412 665/665/412 664/664/412
f 690/690/412 664/664/412 708/708/412
f 685/685/413 661/661/413 593/593/413
f 685/685/413 593/593/413 592/592/413
f 600/600/414 599/599/414 613/613/414
f 600/600/414 613/613/414 668/668/414
f 669/669/415 610/610/415 608/608/415
f 669/669/415 608/608/415 659/659/415
f 659/659/416 608/608/416 607/607/416
f 659/659/416 607/607/416 657/657/416
f 589/589/417 588/588/417 622/622/417
f 589/589/417 622/622/417 652/652/417
f 652/652/418 622/622/418 631/631/418
f 652/652/418 631/631/418 655/655/418
f 647/647/419 628/628/419 603/603/419
f 647/647/419 603/603/419 606/606/419
f 675/675/420 657/657/420 607/607/420
f 675/675/420 607/607/420 625/625/420
f 709/709/421 710/710/421 711/711/421
f 709/709/421 711/711/421 712/712/421
f 713/713/164 714/714/164 715/715/164
f 713/713/164 715/715/164 716/716/164
f 717/717/422 718/718/422 719/719/422
f 717/717/422 719/719/422 720/720/422
f 721/721/163 722/722/163 723/723/163
f 721/721/163 723/723/163 724/724/163
f 725/725/423 726/726/423 727/727/423
f 725/725/423 727/727/423 728/728/423
f 729/729/424 730/730/424 731/731/424
f 729/729/424 731/731/424 732/732/424
f 733/733/425 734/734/425 98/98/425
f 733/733/425 98/98/425 97/97/425
f 712/712/426 735/735/426 98/98/426
f 712/712/426 98/98/426 734/734/426
f 735/735/427 736/736/427 99/99/427
f 735/735/427 99/99/427 98/98/427
f 721/721/428 737/737/428 738/738/428
f 721/721/428 738/738/428 739/739/428
f 737/737/429 740/740/429 741/741/429
f 737/737/429 741/741/429 738/738/429
f 711/711/430 742/742/430 100/100/430
f 711/711/430 100/100/430 743/743/430
f 742/742/431 744/744/431 101/101/431
f 742/742/431 101/101/431 100/100/431
f 719/719/432 745/745/432 746/746/432
f 719/719/432 746/746/432 747/747/432
f 748/748/433 749/749/433 750/750/433
f 748/748/433 750/750/433 751/751/433
f 722/722/434 752/752/434 750/750/434
f 722/722/434 750/750/434 749/749/434
f 753/753/435 743/743/435 100/100/435
f 753/753/435 100/100/435 102/102/435
f 754/754/436 755/755/436 756/756/436
f 754/754/436 756/756/436 757/757/436
f 755/755/437 758/758/437 759/759/437
f 755/755/437 759/759/437 756/756/437
f 724/724/438 760/760/438 761/761/438
f 724/724/438 761/761/438 762/762/438
f 763/763/439 764/764/439 105/105/439
f 763/763/439 105/105/439 104/104/439
f 725/725/440 765/765/440 105/105/440
f 725/725/440 105/105/440 764/764/440
f 765/765/441 766/766/441 103/103/441
f 765/765/441 103/103/441 105/105/441
f 718/718/442 767/767/442 768/768/442
f 718/718/442 768/768/442 769/769/442
f 770/770/443 771/771/443 107/107/443
f 770/770/443 107/107/443 106/106/443
f 726/726/444 772/772/444 107/107/444
f 726/726/444 107/107/444 771/771/444
f 772/772/445 773/773/445 108/108/445
f 772/772/445 108/108/445 107/107/445
f 723/723/446 774/774/446 775/775/446
f 723/723/446 775/775/446 776/776/446
f 777/777/447 769/769/447 768/768/447
f 777/777/447 768/768/447 778/778/447
f 779/779/448 780/780/448 781/781/448
f 779/779/448 781/781/448 782/782/448
f 780/780/449 783/783/449 784/784/449
f 780/780/449 784/784/449 781/781/449
f 716/716/450 785/785/450 786/786/450
f 716/716/450 786/786/450 787/787/450
f 788/788/451 789/789/451 111/111/451
f 788/788/451 111/111/451 110/110/451
f 709/709/452 790/790/452 111/111/452
f 709/709/452 111/111/452 789/789/452
f 790/790/453 791/791/453 109/109/453
f 790/790/453 109/109/453 111/111/453
f 720/720/454 792/792/454 793/793/454
f 720/720/454 793/793/454 794/794/454
f 795/795/455 796/796/455 113/113/455
f 795/795/455 113/113/455 112/112/455
f 710/710/456 797/797/456 113/113/456
f 710/710/456 113/113/456 796/796/456
f 797/797/457 798/798/457 114/114/457
f 797/797/457 114/114/457 113/113/457
f 715/715/458 799/799/458 800/800/458
f 715/715/458 800/800/458 801/801/458
f 802/802/459 794/794/459 793/793/459
f 802/802/459 793/793/459 803/803/459
f 804/804/460 805/805/460 806/806/460
f 804/804/460 806/806/460 807/807/460
f 808/808/461 809/809/461 116/116/461
f 808/808/461 116/116/461 115/115/461
f 728/728/462 810/810/462 116/116/462
f 728/728/462 116/116/462 809/809/462
f 810/810/463 811/811/463 117/117/463
f 810/810/463 117/117/463 116/116/463
f 713/713/464 812/812/464 813/813/464
f 713/713/464 813/813/464 814/814/464
f 815/815/465 807/807/465 806/806/465
f 815/815/465 806/806/465 816/816/465
f 717/717/466 817/817/466 818/818/466
f 717/717/466 818/818/466 819/819/466
f 817/817/467 820/820/467 821/821/467
f 817/817/467 821/821/467 818/818/467
f 714/714/468 822/822/468 823/823/468
f 714/714/468 823/823/468 824/824/468
f 825/825/469 826/826/469 120/120/469
f 825/825/469 120/120/469 119/119/469
f 727/727/470 827/827/470 120/120/470
f 727/727/470 120/120/470 826/826/470
f 827/827/471 828/828/471 118/118/471
f 827/827/471 118/118/471 120/120/471
f 754/754/472 729/729/472 732/732/472
f 754/754/472 732/732/472 755/755/472
f 755/755/473 732/732/473 829/829/473
f 755/755/473 829/829/473 758/758/473
f 762/762/474 737/737/474 721/721/474
f 762/762/474 721/721/474 724/724/474
f 712/712/475 711/711/475 743/743/475
f 712/712/475 743/743/475 735/735/475
f 735/735/476 743/743/476 753/753/476
f 735/735/476 753/753/476 736/736/476
f 739/739/477 752/752/477 722/722/477
f 739/739/477 722/722/477 721/721/477
f 719/719/478 718/718/478 769/769/478
f 719/719/478 769/769/478 745/745/478
f 745/745/479 769/769/479 777/777/479
f 745/745/479 777/777/479 830/830/479
f 749/749/480 774/774/480 723/723/480
f 749/749/480 723/723/480 722/722/480
f 726/726/481 725/725/481 764/764/481
f 726/726/481 764/764/481 772/772/481
f 772/772/482 764/764/482 763/763/482
f 772/772/482 763/763/482 773/773/482
f 776/776/483 760/760/483 724/724/483
f 776/776/483 724/724/483 723/723/483
f 804/804/484 754/754/484 757/757/484
f 804/804/484 757/757/484 805/805/484
f 808/808/485 766/766/485 765/765/485
f 808/808/485 765/765/485 809/809/485
f 809/809/486 765/765/486 725/725/486
f 809/809/486 725/725/486 728/728/486
f 718/718/487 717/717/487 819/819/487
f 718/718/487 819/819/487 767/767/487
f 770/770/488 828/828/488 827/827/488
f 770/770/488 827/827/488 771/771/488
f 771/771/489 827/827/489 727/727/489
f 771/771/489 727/727/489 726/726/489
f 714/714/490 713/713/490 814/814/490
f 714/714/490 814/814/490 822/822/490
f 825/825/491 811/811/491 810/810/491
f 825/825/491 810/810/491 826/826/491
f 826/826/492 810/810/492 728/728/492
f 826/826/492 728/728/492 727/727/492
f 779/779/493 804/804/493 807/807/493
f 779/779/493 807/807/493 780/780/493
f 780/780/494 807/807/494 815/815/494
f 780/780/494 815/815/494 783/783/494
f 787/787/495 812/812/495 713/713/495
f 787/787/495 713/713/495 716/716/495
f 717/717/496 720/720/496 794/794/496
f 717/717/496 794/794/496 817/817/496
f 817/817/497 794/794/497 802/802/497
f 817/817/497 802/802/497 820/820/497
f 824/824/498 799/799/498 715/715/498
f 824/824/498 715/715/498 714/714/498
f 710/710/499 709/709/499 789/789/499
f 710/710/499 789/789/499 797/797/499
f 797/797/500 789/789/500 788/788/500
f 797/797/500 788/788/500 798/798/500
f 801/801/501 785/785/501 716/716/501
f 801/801/501 716/716/501 715/715/501
f 729/729/502 779/779/502 782/782/502
f 729/729/502 782/782/502 730/730/502
f 733/733/503 791/791/503 790/790/503
f 733/733/503 790/790/503 734/734/503
f 734/734/504 790/790/504 709/709/504
f 734/734/504 709/709/504 712/712/504
f 720/720/505 719/719/505 747/747/505
f 720/720/505 747/747/505 792/792/505
f 795/795/506 744/744/506 742/742/506
f 795/795/506 742/742/506 796/796/506
f 796/796/507 742/742/507 711/711/507
f 796/796/507 711/711/507 710/710/507
f 754/754/508 804/804/508 779/779/508
f 754/754/508 779/779/508 729/729/508
f 831/831/509 832/832/509 833/833/509
f 831/831/509 833/833/509 834/834/509
f 835/835/510 836/836/510 837/837/510
f 835/835/510 837/837/510 838/838/510
f 839/839/511 840/840/511 841/841/511
f 839/839/511 841/841/511 842/842/511
f 843/843/163 844/844/163 845/845/163
f 843/843/163 845/845/163 846/846/163
f 847/847/512 848/848/512 849/849/512
f 847/847/512 849/849/512 850/850/512
f 851/851/513 852/852/513 853/853/513
f 851/851/513 853/853/513 854/854/513
f 855/855/514 856/856/514 122/122/514
f 855/855/514 122/122/514 121/121/514
f 834/834/515 857/857/515 122/122/515
f 834/834/515 122/122/515 856/856/515
f 857/857/516 858/858/516 123/123/516
f 857/857/516 123/123/516 122/122/516
f 843/843/517 859/859/517 860/860/517
f 843/843/517 860/860/517 861/861/517
f 859/859/518 862/862/518 863/863/518
f 859/859/518 863/863/518 860/860/518
f 833/833/519 864/864/519 124/124/519
f 833/833/519 124/124/519 865/865/519
f 864/864/520 866/866/520 125/125/520
f 864/864/520 125/125/520 124/124/520
f 841/841/521 867/867/521 868/868/521
f 841/841/521 868/868/521 869/869/521
f 870/870/522 871/871/522 872/872/522
f 870/870/522 872/872/522 873/873/522
f 844/844/523 874/874/523 872/872/523
f 844/844/523 872/872/523 871/871/523
f 875/875/524 865/865/524 124/124/524
f 875/875/524 124/124/524 126/126/524
f 876/876/525 877/877/525 878/878/525
f 876/876/525 878/878/525 879/879/525
f 877/877/526 880/880/526 881/881/526
f 877/877/526 881/881/526 878/878/526
f 846/846/527 882/882/527 883/883/527
f 846/846/527 883/883/527 884/884/527
f 885/885/528 886/886/528 129/129/528
f 885/885/528 129/129/528 128/128/528
f 847/847/529 887/887/529 129/129/529
f 847/847/529 129/129/529 886/886/529
f 887/887/530 888/888/530 127/127/530
f 887/887/530 127/127/530 129/129/530
f 840/840/531 889/889/531 890/890/531
f 840/840/531 890/890/531 891/891/531
f 892/892/532 893/893/532 131/131/532
f 892/892/532 131/131/532 130/130/532
f 848/848/533 894/894/533 131/131/533
f 848/848/533 131/131/533 893/893/533
f 894/894/534 895/895/534 132/132/534
f 894/894/534 132/132/534 131/131/534
f 845/845/535 896/896/535 897/897/535
f 845/845/535 897/897/535 898/898/535
f 899/899/536 891/891/536 890/890/536
f 899/899/536 890/890/536 900/900/536
f 901/901/537 902/902/537 903/903/537
f 901/901/537 903/903/537 904/904/537
f 902/902/538 905/905/538 906/906/538
f 902/902/538 906/906/538 903/903/538
f 838/838/539 907/907/539 908/908/539
f 838/838/539 908/908/539 909/909/539
f 910/910/540 911/911/540 135/135/540
f 910/910/540 135/135/540 134/134/540
f 831/831/541 912/912/541 135/135/541
f 831/831/541 135/135/541 911/911/541
f 912/912/542 913/913/542 133/133/542
f 912/912/542 133/133/542 135/135/542
f 842/842/543 914/914/543 915/915/543
f 842/842/543 915/915/543 916/916/543
f 917/917/544 918/918/544 137/137/544
f 917/917/544 137/137/544 136/136/544
f 832/832/545 919/919/545 137/137/545
f 832/832/545 137/137/545 918/918/545
f 919/919/546 920/920/546 138/138/546
f 919/919/546 138/138/546 137/137/546
f 837/837/547 921/921/547 922/922/547
f 837/837/547 922/922/547 923/923/547
f 924/924/548 916/916/548 915/915/548
f 924/924/548 915/915/548 925/925/548
f 926/926/549 927/927/549 928/928/549
f 926/926/549 928/928/549 929/929/549
f 930/930/550 931/931/550 140/140/550
f 930/930/550 140/140/550 139/139/550
f 850/850/551 932/932/551 140/140/551
f 850/850/551 140/140/551 931/931/551
f 932/932/552 933/933/552 141/141/552
f 932/932/552 141/141/552 140/140/552
f 835/835/553 934/934/553 935/935/553
f 835/835/553 935/935/553 936/936/553
f 937/937/554 929/929/554 928/928/554
f 937/937/554 928/928/554 938/938/554
f 839/839/555 939/939/555 940/940/555
f 839/839/555 940/940/555 941/941/555
f 939/939/556 942/942/556 943/943/556
f 939/939/556 943/943/556 940/940/556
f 836/836/557 944/944/557 945/945/557
f 836/836/557 945/945/557 946/946/557
f 947/947/558 948/948/558 144/144/558
f 947/947/558 144/144/558 143/143/558
f 849/849/559 949/949/559 144/144/559
f 849/849/559 144/144/559 948/948/559
f 949/949/560 950/950/560 142/142/560
f 949/949/560 142/142/560 144/144/560
f 876/876/561 851/851/561 854/854/561
f 876/876/561 854/854/561 877/877/561
f 877/877/562 854/854/562 951/951/562
f 877/877/562 951/951/562 880/880/562
f 884/884/563 859/859/563 843/843/563
f 884/884/563 843/843/563 846/846/563
f 834/834/564 833/833/564 865/865/564
f 834/834/564 865/865/564 857/857/564
f 857/857/565 865/865/565 875/875/565
f 857/857/565 875/875/565 858/858/565
f 861/861/566 874/874/566 844/844/566
f 861/861/566 844/844/566 843/843/566
f 841/841/567 840/840/567 891/891/567
f 841/841/567 891/891/567 867/867/567
f 867/867/568 891/891/568 899/899/568
f 867/867/568 899/899/568 952/952/568
f 871/871/569 896/896/569 845/845/569
f 871/871/569 845/845/569 844/844/569
f 848/848/570 847/847/570 886/886/570
f 848/848/570 886/886/570 894/894/570
f 894/894/571 886/886/571 885/885/571
f 894/894/571 885/885/571 895/895/571
f 898/898/572 882/882/572 846/846/572
f 898/898/572 846/846/572 845/845/572
f 926/926/573 876/876/573 879/879/573
f 926/926/573 879/879/573 927/927/573
f 930/930/574 888/888/574 887/887/574
f 930/930/574 887/887/574 931/931/574
f 931/931/575 887/887/575 847/847/575
f 931/931/575 847/847/575 850/850/575
f 840/840/576 839/839/576 941/941/576
f 840/840/576 941/941/576 889/889/576
f 892/892/577 950/950/577 949/949/577
f 892/892/577 949/949/577 893/893/577
f 893/893/578 949/949/578 849/849/578
f 893/893/578 849/849/578 848/848/578
f 836/836/579 835/835/579 936/936/579
f 836/836/579 936/936/579 944/944/579
f 947/947/580 933/933/580 932/932/580
f 947/947/580 932/932/580 948/948/580
f 948/948/581 932/932/581 850/850/581
f 948/948/581 850/850/581 849/849/581
f 901/901/582 926/926/582 929/929/582
f 901/901/582 929/929/582 902/902/582
f 902/902/583 929/929/583 937/937/583
f 902/902/583 937/937/583 905/905/583
f 909/909/584 934/934/584 835/835/584
f 909/909/584 835/835/584 838/838/584
f 839/839/585 842/842/585 916/916/585
f 839/839/585 916/916/585 939/939/585
f 939/939/586 916/916/586 924/924/586
f 939/939/586 924/924/586 942/942/586
f 946/946/587 921/921/587 837/837/587
f 946/946/587 837/837/587 836/836/587
f 832/832/588 831/831/588 911/911/588
f 832/832/588 911/911/588 919/919/588
f 919/919/589 911/911/589 910/910/589
f 919/919/589 910/910/589 920/920/589
f 923/923/590 907/907/590 838/838/590
f 923/923/590 838/838/590 837/837/590
f 851/851/591 901/901/591 904/904/591
f 851/851/591 904/904/591 852/852/591
f 855/855/592 913/913/592 912/912/592
f 855/855/592 912/912/592 856/856/592
f 856/856/593 912/912/593 831/831/593
f 856/856/593 831/831/593 834/834/593
f 842/842/594 841/841/594 869/869/594
f 842/842/594 869/869/594 914/914/594
f 917/917/595 866/866/595 864/864/595
f 917/917/595 864/864/595 918/918/595
f 918/918/596 864/864/596 833/833/596
f 918/918/596 833/833/596 832/832/596
f 876/876/597 926/926/597 901/901/597
f 876/876/597 901/901/597 851/851/597
f 953/953/598 954/954/598 955/955/598
f 953/953/598 955/955/598 956/956/598
f 957/957/162 958/958/162 959/959/162
f 957/957/162 959/959/162 960/960/162
f 961/961/76 962/962/76 963/963/76
f 961/961/76 963/963/76 964/964/76
f 965/965/75 966/966/75 967/967/75
f 965/965/75 967/967/75 968/968/75
f 969/969/599 970/970/599 971/971/599
f 969/969/599 971/971/599 972/972/599
f 973/973/600 974/974/600 975/975/600
f 973/973/600 975/975/600 976/976/600
f 974/974/601 977/977/601 978/978/601
f 974/974/601 978/978/601 975/975/601
f 956/956/602 979/979/602 980/980/602
f 956/956/602 980/980/602 981/981/602
f 982/982/603 983/983/603 147/147/603
f 982/982/603 147/147/603 146/146/603
f 965/965/604 984/984/604 147/147/604
f 965/965/604 147/147/604 983/983/604
f 984/984/605 985/985/605 145/145/605
f 984/984/605 145/145/605 147/147/605
f 955/955/606 986/986/606 987/987/606
f 955/955/606 987/987/606 988/988/606
f 989/989/607 990/990/607 991/991/607
f 989/989/607 991/991/607 992/992/607
f 963/963/608 993/993/608 991/991/608
f 963/963/608 991/991/608 990/990/608
f 994/994/609 995/995/609 150/150/609
f 994/994/609 150/150/609 149/149/609
f 966/966/610 996/996/610 150/150/610
f 966/966/610 150/150/610 995/995/610
f 996/996/611 997/997/611 148/148/611
f 996/996/611 148/148/611 150/150/611
f 998/998/612 999/999/612 1000/1000/612
f 998/998/612 1000/1000/612 1001/1001/612
f 1002/1002/613 1003/1003/613 152/152/613
f 1002/1002/613 152/152/613 151/151/613
f 968/968/614 1004/1004/614 152/152/614
f 968/968/614 152/152/614 1003/1003/614
f 1004/1004/615 1005/1005/615 153/153/615
f 1004/1004/615 153/153/615 152/152/615
f 969/969/616 1006/1006/616 1007/1007/616
f 969/969/616 1007/1007/616 1008/1008/616
f 1006/1006/617 1009/1009/617 1010/1010/617
f 1006/1006/617 1010/1010/617 1007/1007/617
f 962/962/618 1011/1011/618 1012/1012/618
f 962/962/618 1012/1012/618 1013/1013/618
f 1014/1014/619 1015/1015/619 1016/1016/619
f 1014/1014/619 1016/1016/619 1017/1017/619
f 970/970/620 1018/1018/620 1016/1016/620
f 970/970/620 1016/1016/620 1015/1015/620
f 1019/1019/621 1020/1020/621 156/156/621
f 1019/1019/621 156/156/621 155/155/621
f 967/967/622 1021/1021/622 156/156/622
f 967/967/622 156/156/622 1020/1020/622
f 1021/1021/623 1022/1022/623 154/154/623
f 1021/1021/623 154/154/623 156/156/623
f 1023/1023/624 1024/1024/624 1025/1025/624
f 1023/1023/624 1025/1025/624 1026/1026/624
f 1027/1027/625 1028/1028/625 158/158/625
f 1027/1027/625 158/158/625 157/157/625
f 960/960/626 1029/1029/626 158/158/626
f 960/960/626 158/158/626 1028/1028/626
f 1029/1029/627 1030/1030/627 159/159/627
f 1029/1029/627 159/159/627 158/158/627
f 953/953/628 1031/1031/628 1032/1032/628
f 953/953/628 1032/1032/628 1033/1033/628
f 1034/1034/629 1026/1026/629 1025/1025/629
f 1034/1034/629 1025/1025/629 1035/1035/629
f 964/964/630 1036/1036/630 1037/1037/630
f 964/964/630 1037/1037/630 1038/1038/630
f 1036/1036/631 1039/1039/631 1040/1040/631
f 1036/1036/631 1040/1040/631 1037/1037/631
f 954/954/632 1041/1041/632 1042/1042/632
f 954/954/632 1042/1042/632 1043/1043/632
f 1044/1044/633 1045/1045/633 162/162/633
f 1044/1044/633 162/162/633 161/161/633
f 959/959/634 1046/1046/634 162/162/634
f 959/959/634 162/162/634 1045/1045/634
f 1046/1046/635 1047/1047/635 160/160/635
f 1046/1046/635 160/160/635 162/162/635
f 1048/1048/636 1049/1049/636 1050/1050/636
f 1048/1048/636 1050/1050/636 1051/1051/636
f 1049/1049/637 1052/1052/637 1053/1053/637
f 1049/1049/637 1053/1053/637 1050/1050/637
f 972/972/638 1054/1054/638 1055/1055/638
f 972/972/638 1055/1055/638 1056/1056/638
f 1057/1057/639 1058/1058/639 165/165/639
f 1057/1057/639 165/165/639 164/164/639
f 957/957/640 1059/1059/640 165/165/640
f 957/957/640 165/165/640 1058/1058/640
f 1059/1059/641 1060/1060/641 163/163/641
f 1059/1059/641 163/163/641 165/165/641
f 961/961/642 1061/1061/642 1062/1062/642
f 961/961/642 1062/1062/642 1063/1063/642
f 1064/1064/643 1065/1065/643 167/167/643
f 1064/1064/643 167/167/643 166/166/643
f 958/958/644 1066/1066/644 167/167/644
f 958/958/644 167/167/644 1065/1065/644
f 1066/1066/645 1067/1067/645 168/168/645
f 1066/1066/645 168/168/645 167/167/645
f 971/971/646 1068/1068/646 1069/1069/646
f 971/971/646 1069/1069/646 1070/1070/646
f 1071/1071/647 1063/1063/647 1062/1062/647
f 1071/1071/647 1062/1062/647 1072/1072/647
f 998/998/648 973/973/648 976/976/648
f 998/998/648 976/976/648 999/999/648
f 1002/1002/649 985/985/649 984/984/649
f 1002/1002/649 984/984/649 1003/1003/649
f 1003/1003/650 984/984/650 965/965/650
f 1003/1003/650 965/965/650 968/968/650
f 956/956/651 955/955/651 988/988/651
f 956/956/651 988/988/651 979/979/651
f 982/982/652 997/997/652 996/996/652
f 982/982/652 996/996/652 983/983/652
f 983/983/653 996/996/653 966/966/653
f 983/983/653 966/966/653 965/965/653
f 963/963/654 962/962/654 1013/1013/654
f 963/963/654 1013/1013/654 993/993/654
f 994/994/655 1022/1022/655 1021/1021/655
f 994/994/655 1021/1021/655 995/995/655
f 995/995/656 1021/1021/656 967/967/656
f 995/995/656 967/967/656 966/966/656
f 970/970/657 969/969/657 1008/1008/657
f 970/970/657 1008/1008/657 1018/1018/657
f 1019/1019/658 1005/1005/658 1004/1004/658
f 1019/1019/658 1004/1004/658 1020/1020/658
f 1020/1020/659 1004/1004/659 968/968/659
f 1020/1020/659 968/968/659 967/967/659
f 1048/1048/660 998/998/660 1001/1001/660
f 1048/1048/660 1001/1001/660 1049/1049/660
f 1049/1049/661 1001/1001/661 1073/1073/661
f 1049/1049/661 1073/1073/661 1052/1052/661
f 1056/1056/662 1006/1006/662 969/969/662
f 1056/1056/662 969/969/662 972/972/662
f 962/962/663 961/961/663 1063/1063/663
f 962/962/663 1063/1063/663 1011/1011/663
f 1011/1011/664 1063/1063/664 1071/1071/664
f 1011/1011/664 1071/1071/664 1074/1074/664
f 1015/1015/665 1068/1068/665 971/971/665
f 1015/1015/665 971/971/665 970/970/665
f 958/958/666 957/957/666 1058/1058/666
f 958/958/666 1058/1058/666 1066/1066/666
f 1066/1066/667 1058/1058/667 1057/1057/667
f 1066/1066/667 1057/1057/667 1067/1067/667
f 1070/1070/668 1054/1054/668 972/972/668
f 1070/1070/668 972/972/668 971/971/668
f 1023/1023/669 1048/1048/669 1051/1051/669
f 1023/1023/669 1051/1051/669 1024/1024/669
f 1027/1027/670 1060/1060/670 1059/1059/670
f 1027/1027/670 1059/1059/670 1028/1028/670
f 1028/1028/671 1059/1059/671 957/957/671
f 1028/1028/671 957/957/671 960/960/671
f 961/961/672 964/964/672 1038/1038/672
f 961/961/672 1038/1038/672 1061/1061/672
f 1064/1064/673 1047/1047/673 1046/1046/673
f 1064/1064/673 1046/1046/673 1065/1065/673
f 1065/1065/674 1046/1046/674 959/959/674
f 1065/1065/674 959/959/674 958/958/674
f 954/954/675 953/953/675 1033/1033/675
f 954/954/675 1033/1033/675 1041/1041/675
f 1044/1044/676 1030/1030/676 1029/1029/676
f 1044/1044/676 1029/1029/676 1045/1045/676
f 1045/1045/677 1029/1029/677 960/960/677
f 1045/1045/677 960/960/677 959/959/677
f 973/973/678 1023/1023/678 1026/1026/678
f 973/973/678 1026/1026/678 974/974/678
f 974/974/679 1026/1026/679 1034/1034/679
f 974/974/679 1034/1034/679 977/977/679
f 981/981/680 1031/1031/680 953/953/680
f 981/981/680 953/953/680 956/956/680
f 964/964/681 963/963/681 990/990/681
f 964/964/681 990/990/681 1036/1036/681
f 1036/1036/682 990/990/682 989/989/682
f 1036/1036/682 989/989/682 1039/1039/682
f 1043/1043/683 986/986/683 955/955/683
f 1043/1043/683 955/955/683 954/954/683
f 998/998/684 1048/1048/684 1023/1023/684
f 998/998/684 1023/1023/684 973/973/684
f 1075/1075/685 1076/1076/685 1077/1077/685
f 1075/1075/685 1077/1077/685 1078/1078/685
f 1079/1079/162 1080/1080/162 1081/1081/162
f 1079/1079/162 1081/1081/162 1082/1082/162
f 1083/1083/76 1084/1084/76 1085/1085/76
f 1083/1083/76 1085/1085/76 1086/1086/76
f 1087/1087/75 1088/1088/75 1089/1089/75
f 1087/1087/75 1089/1089/75 1090/1090/75
f 1091/1091/686 1092/1092/686 1093/1093/686
f 1091/1091/686 1093/1093/686 1094/1094/686
f 1095/1095/687 1096/1096/687 1097/1097/687
f 1095/1095/687 1097/1097/687 1098/1098/687
f 1096/1096/688 1099/1099/688 1100/1100/688
f 1096/1096/688 1100/1100/688 1097/1097/688
f 1078/1078/689 1101/1101/689 1102/1102/689
f 1078/1078/689 1102/1102/689 1103/1103/689
f 1104/1104/690 1105/1105/690 171/171/690
f 1104/1104/690 171/171/690 170/170/690
f 1087/1087/691 1106/1106/691 171/171/691
f 1087/1087/691 171/171/691 1105/1105/691
f 1106/1106/692 1107/1107/692 169/169/692
f 1106/1106/692 169/169/692 171/171/692
f 1077/1077/693 1108/1108/693 1109/1109/693
f 1077/1077/693 1109/1109/693 1110/1110/693
f 1111/1111/694 1112/1112/694 1113/1113/694
f 1111/1111/694 1113/1113/694 1114/1114/694
f 1085/1085/695 1115/1115/695 1113/1113/695
f 1085/1085/695 1113/1113/695 1112/1112/695
f 1116/1116/696 1117/1117/696 174/174/696
f 1116/1116/696 174/174/696 173/173/696
f 1088/1088/697 1118/1118/697 174/174/697
f 1088/1088/697 174/174/697 1117/1117/697
f 1118/1118/698 1119/1119/698 172/172/698
f 1118/1118/698 172/172/698 174/174/698
f 1120/1120/699 1121/1121/699 1122/1122/699
f 1120/1120/699 1122/1122/699 1123/1123/699
f 1124/1124/700 1125/1125/700 176/176/700
f 1124/1124/700 176/176/700 175/175/700
f 1090/1090/701 1126/1126/701 176/176/701
f 1090/1090/701 176/176/701 1125/1125/701
f 1126/1126/702 1127/1127/702 177/177/702
f 1126/1126/702 177/177/702 176/176/702
f 1091/1091/703 1128/1128/703 1129/1129/703
f 1091/1091/703 1129/1129/703 1130/1130/703
f 1128/1128/704 1131/1131/704 1132/1132/704
f 1128/1128/704 1132/1132/704 1129/1129/704
f 1084/1084/705 1133/1133/705 1134/1134/705
f 1084/1084/705 1134/1134/705 1135/1135/705
f 1136/1136/706 1137/1137/706 1138/1138/706
f 1136/1136/706 1138/1138/706 1139/1139/706
f 1092/1092/707 1140/1140/707 1138/1138/707
f 1092/1092/707 1138/1138/707 1137/1137/707
f 1141/1141/708 1142/1142/708 180/180/708
f 1141/1141/708 180/180/708 179/179/708
f 1089/1089/709 1143/1143/709 180/180/709
f 1089/1089/709 180/180/709 1142/1142/709
f 1143/1143/710 1144/1144/710 178/178/710
f 1143/1143/710 178/178/710 180/180/710
f 1145/1145/711 1146/1146/711 1147/1147/711
f 1145/1145/711 1147/1147/711 1148/1148/711
f 1149/1149/712 1150/1150/712 182/182/712
f 1149/1149/712 182/182/712 181/181/712
f 1082/1082/713 1151/1151/713 182/182/713
f 1082/1082/713 182/182/713 1150/1150/713
f 1151/1151/714 1152/1152/714 183/183/714
f 1151/1151/714 183/183/714 182/182/714
f 1075/1075/715 1153/1153/715 1154/1154/715
f 1075/1075/715 1154/1154/715 1155/1155/715
f 1156/1156/716 1148/1148/716 1147/1147/716
f 1156/1156/716 1147/1147/716 1157/1157/716
f 1086/1086/717 1158/1158/717 1159/1159/717
f 1086/1086/717 1159/1159/717 1160/1160/717
f 1158/1158/718 1161/1161/718 1162/1162/718
f 1158/1158/718 1162/1162/718 1159/1159/718
f 1076/1076/719 1163/1163/719 1164/1164/719
f 1076/1076/719 1164/1164/719 1165/1165/719
f 1166/1166/720 1167/1167/720 186/186/720
f 1166/1166/720 186/186/720 185/185/720
f 1081/1081/721 1168/1168/721 186/186/721
f 1081/1081/721 186/186/721 1167/1167/721
f 1168/1168/722 1169/1169/722 184/184/722
f 1168/1168/722 184/184/722 186/186/722
f 1170/1170/723 1171/1171/723 1172/1172/723
f 1170/1170/723 1172/1172/723 1173/1173/723
f 1171/1171/724 1174/1174/724 1175/1175/724
f 1171/1171/724 1175/1175/724 1172/1172/724
f 1094/1094/725 1176/1176/725 1177/1177/725
f 1094/1094/725 1177/1177/725 1178/1178/725
f 1179/1179/726 1180/1180/726 189/189/726
f 1179/1179/726 189/189/726 188/188/726
f 1079/1079/727 1181/1181/727 189/189/727
f 1079/1079/727 189/189/727 1180/1180/727
f 1181/1181/728 1182/1182/728 187/187/728
f 1181/1181/728 187/187/728 189/189/728
f 1083/1083/729 1183/1183/729 1184/1184/729
f 1083/1083/729 1184/1184/729 1185/1185/729
f 1186/1186/730 1187/1187/730 191/191/730
f 1186/1186/730 191/191/730 190/190/730
f 1080/1080/731 1188/1188/731 191/191/731
f 1080/1080/731 191/191/731 1187/1187/731
f 1188/1188/732 1189/1189/732 192/192/732
f 1188/1188/732 192/192/732 191/191/732
f 1093/1093/733 1190/1190/733 1191/1191/733
f 1093/1093/733 1191/1191/733 1192/1192/733
f 1193/1193/734 1185/1185/734 1184/1184/734
f 1193/1193/734 1184/1184/734 1194/1194/734
f 1120/1120/735 1095/1095/735 1098/1098/735
f 1120/1120/735 1098/1098/735 1121/1121/735
f 1124/1124/736 1107/1107/736 1106/1106/736
f 1124/1124/736 1106/1106/736 1125/1125/736
f 1125/1125/737 1106/1106/737 1087/1087/737
f 1125/1125/737 1087/1087/737 1090/1090/737
f 1078/1078/738 1077/1077/738 1110/1110/738
f 1078/1078/738 1110/1110/738 1101/1101/738
f 1104/1104/739 1119/1119/739 1118/1118/739
f 1104/1104/739 1118/1118/739 1105/1105/739
f 1105/1105/740 1118/1118/740 1088/1088/740
f 1105/1105/740 1088/1088/740 1087/1087/740
f 1085/1085/741 1084/1084/741 1135/1135/741
f 1085/1085/741 1135/1135/741 1115/1115/741
f 1116/1116/742 1144/1144/742 1143/1143/742
f 1116/1116/742 1143/1143/742 1117/1117/742
f 1117/1117/743 1143/1143/743 1089/1089/743
f 1117/1117/743 1089/1089/743 1088/1088/743
f 1092/1092/744 1091/1091/744 1130/1130/744
f 1092/1092/744 1130/1130/744 1140/1140/744
f 1141/1141/745 1127/1127/745 1126/1126/745
f 1141/1141/745 1126/1126/745 1142/1142/745
f 1142/1142/746 1126/1126/746 1090/1090/746
f 1142/1142/746 1090/1090/746 1089/1089/746
f 1170/1170/747 1120/1120/747 1123/1123/747
f 1170/1170/747 1123/1123/747 1171/1171/747
f 1171/1171/748 1123/1123/748 1195/1195/748
f 1171/1171/748 1195/1195/748 1174/1174/748
f 1178/1178/749 1128/1128/749 1091/1091/749
f 1178/1178/749 1091/1091/749 1094/1094/749
f 1084/1084/750 1083/1083/750 1185/1185/750
f 1084/1084/750 1185/1185/750 1133/1133/750
f 1133/1133/751 1185/1185/751 1193/1193/751
f 1133/1133/751 1193/1193/751 1196/1196/751
f 1137/1137/752 1190/1190/752 1093/1093/752
f 1137/1137/752 1093/1093/752 1092/1092/752
f 1080/1080/753 1079/1079/753 1180/1180/753
f 1080/1080/753 1180/1180/753 1188/1188/753
f 1188/1188/754 1180/1180/754 1179/1179/754
f 1188/1188/754 1179/1179/754 1189/1189/754
f 1192/1192/755 1176/1176/755 1094/1094/755
f 1192/1192/755 1094/1094/755 1093/1093/755
f 1145/1145/756 1170/1170/756 1173/1173/756
f 1145/1145/756 1173/1173/756 1146/1146/756
f 1149/1149/757 1182/1182/757 1181/1181/757
f 1149/1149/757 1181/1181/757 1150/1150/757
f 1150/1150/758 1181/1181/758 1079/1079/758
f 1150/1150/758 1079/1079/758 1082/1082/758
f 1083/1083/759 1086/1086/759 1160/1160/759
f 1083/1083/759 1160/1160/759 1183/1183/759
f 1186/1186/760 1169/1169/760 1168/1168/760
f 1186/1186/760 1168/1168/760 1187/1187/760
f 1187/1187/761 1168/1168/761 1081/1081/761
f 1187/1187/761 1081/1081/761 1080/1080/761
f 1076/1076/762 1075/1075/762 1155/1155/762
f 1076/1076/762 1155/1155/762 1163/1163/762
f 1166/1166/763 1152/1152/763 1151/1151/763
f 1166/1166/763 1151/1151/763 1167/1167/763
f 1167/1167/764 1151/1151/764 1082/1082/764
f 1167/1167/764 1082/1082/764 1081/1081/764
f 1095/1095/765 1145/1145/765 1148/1148/765
f 1095/1095/765 1148/1148/765 1096/1096/765
f 1096/1096/766 1148/1148/766 1156/1156/766
f 1096/1096/766 1156/1156/766 1099/1099/766
f 1103/1103/767 1153/1153/767 1075/1075/767
f 1103/1103/767 1075/1075/767 1078/1078/767
f 1086/1086/768 1085/1085/768 1112/1112/768
f 1086/1086/768 1112/1112/768 1158/1158/768
f 1158/1158/769 1112/1112/769 1111/1111/769
f 1158/1158/769 1111/1111/769 1161/1161/769
f 1165/1165/770 1108/1108/770 1077/1077/770
f 1165/1165/770 1077/1077/770 1076/1076/770
f 1120/1120/73 1170/1170/73 1145/1145/73
f 1120/1120/73 1145/1145/73 1095/1095/73
f 1197/1197/771 1198/1198/771 1199/1199/771
f 1197/1197/771 1199/1199/771 1200/1200/771
f 1201/1201/772 1202/1202/772 1203/1203/772
f 1201/1201/772 1203/1203/772 1204/1204/772
f 1205/1205/773 1206/1206/773 1207/1207/773
f 1205/1205/773 1207/1207/773 1208/1208/773
f 204/204/774 200/200/774 216/216/774
f 204/204/774 216/216/774 209/209/774
f 1202/1202/775 1201/1201/775 1209/1209/775
f 1202/1202/775 1209/1209/775 1210/1210/775
f 195/195/776 198/198/776 197/197/776
f 195/195/776 197/197/776 193/193/776
f 1204/1204/777 1203/1203/777 1211/1211/777
f 1204/1204/777 1211/1211/777 1212/1212/777
f 203/203/778 201/201/778 200/200/778
f 203/203/778 200/200/778 204/204/778
f 1213/1213/779 1214/1214/779 1197/1197/779
f 1213/1213/779 1197/1197/779 1200/1200/779
f 211/211/780 207/207/780 206/206/780
f 211/211/780 206/206/780 212/212/780
f 1215/1215/781 1216/1216/781 1199/1199/781
f 1215/1215/781 1199/1199/781 1198/1198/781
f 209/209/782 216/216/782 215/215/782
f 209/209/782 215/215/782 210/210/782
f 199/199/783 214/214/783 216/216/783
f 199/199/783 216/216/783 200/200/783
f 208/208/784 202/202/784 204/204/784
f 208/208/784 204/204/784 209/209/784
f 196/196/785 205/205/785 207/207/785
f 196/196/785 207/207/785 197/197/785
f 213/213/786 194/194/786 193/193/786
f 213/213/786 193/193/786 211/211/786
f 193/193/787 197/197/787 207/207/787
f 193/193/787 207/207/787 211/211/787
# Vertices: 1216, normals: 787, texture coordinates: 1216, faces: 1548

