# File generated by ImageToStl.com - Free Image and 3D model conversion tools

mtllib grass.mtl

o obj1
v 5.78502693 1.60172876 -2.07245102
v 5.78545884 1.60172876 -2.07224528
v 5.78526847 1.6014978 -2.07240201
v 5.78565144 1.59999017 -2.07265078
v 5.78521954 1.59999017 -2.07285651
v 5.78540991 1.60022107 -2.07269978
v 5.70404723 1.52676252 -1.90133119
v 5.70361532 1.52676252 -1.90153693
v 5.70406989 1.52811161 -1.90193499
v 5.70350715 1.52774886 -1.90130985
v 5.70393906 1.52774886 -1.90110411
v 5.70421041 1.52683019 -1.90222999
v 5.85150223 1.47923638 -2.23093804
v 5.85136035 1.47924293 -2.23061522
v 5.85151452 1.47908991 -2.23073705
v 5.85198702 1.47811562 -2.23031727
v 5.8521289 1.47810907 -2.23064009
v 5.85197471 1.47826206 -2.23051826
v 5.74344432 1.385358 -2.27613345
v 5.74358619 1.38535142 -2.27645627
v 5.74361314 1.38642545 -2.27627361
v 5.74323281 1.38599165 -2.2766246
v 5.74309094 1.38599821 -2.27630178
v 5.74407226 1.38559367 -2.27605491
v 5.82242864 1.58722299 -2.13775177
v 5.82264995 1.58721481 -2.13802625
v 5.82246054 1.5870732 -2.13794811
v 5.82205704 1.58611807 -2.13847118
v 5.82183573 1.58612624 -2.1381967
v 5.82202514 1.58626784 -2.13827484
v 5.90919441 1.48845247 -2.06530611
v 5.9089731 1.48846064 -2.06503164
v 5.90905844 1.48953037 -2.06522128
v 5.90930764 1.48908361 -2.06478046
v 5.90952896 1.48907543 -2.06505494
v 5.90862382 1.488721 -2.06554761
v 5.78488656 1.60150857 -2.07303398
v 5.78467925 1.60150857 -2.07260282
v 5.78493168 1.60133637 -2.07274693
v 5.78579932 1.60021232 -2.07206481
v 5.78600663 1.60021232 -2.07249597
v 5.78575419 1.60038449 -2.07235185
v 5.66898131 1.44346131 -2.12823085
v 5.66918863 1.44346131 -2.128662
v 5.6689258 1.44490932 -2.12852296
v 5.66855582 1.44419825 -2.12896628
v 5.6683485 1.44419825 -2.12853513
v 5.66974796 1.44395191 -2.12812764
v 5.86757631 1.22000074 -2.21980994
v 5.84787219 1.22000074 -2.22919588
v 5.85725813 1.22000074 -2.24890001
v 5.87696226 1.22000074 -2.23951406
v 5.78765669 1.60311175 -2.07202893
v 5.78347937 1.60311175 -2.07401878
v 5.7830253 1.59860676 -2.07306555
v 5.78720263 1.59860676 -2.0710757
v 5.85886054 1.55718505 -2.21121682
v 5.84669157 1.55718505 -2.21701344
v 5.85356387 1.55441681 -2.23237387
v 5.86645752 1.55441681 -2.22623205
v 5.84669157 1.55718505 -2.21701344
v 5.8480143 1.57030848 -2.21979029
v 5.85837686 1.56328879 -2.24247789
v 5.85356387 1.55441681 -2.23237387
v 5.8480143 1.57030848 -2.21979029
v 5.86018328 1.57030848 -2.21399367
v 5.87127051 1.56328879 -2.23633607
v 5.85837686 1.56328879 -2.24247789
v 5.86018328 1.57030848 -2.21399367
v 5.85886054 1.55718505 -2.21121682
v 5.86645752 1.55441681 -2.22623205
v 5.87127051 1.56328879 -2.23633607
v 5.85242238 1.56084243 -2.19834691
v 5.84075493 1.56084243 -2.20390464
v 5.84075493 1.56084243 -2.20390464
v 5.84202315 1.57342502 -2.20656705
v 5.84202315 1.57342502 -2.20656705
v 5.8536906 1.57342502 -2.20100933
v 5.8536906 1.57342502 -2.20100933
v 5.85242238 1.56084243 -2.19834691
v 5.84675182 1.56406383 -2.18701147
v 5.8355261 1.56406383 -2.19235878
v 5.8355261 1.56406383 -2.19235878
v 5.83674632 1.57616999 -2.1949204
v 5.83674632 1.57616999 -2.1949204
v 5.84797204 1.57616999 -2.1895731
v 5.84797204 1.57616999 -2.1895731
v 5.84675182 1.56406383 -2.18701147
v 5.84152853 1.56703111 -2.1765701
v 5.8307097 1.56703111 -2.18172359
v 5.8307097 1.56703111 -2.18172359
v 5.83188568 1.57869848 -2.18419235
v 5.83188568 1.57869848 -2.18419235
v 5.84270451 1.57869848 -2.17903887
v 5.84270451 1.57869848 -2.17903887
v 5.84152853 1.56703111 -2.1765701
v 5.83661446 1.56982267 -2.16674687
v 5.82617843 1.56982267 -2.17171801
v 5.82617843 1.56982267 -2.17171801
v 5.8273128 1.58107725 -2.17409942
v 5.8273128 1.58107725 -2.17409942
v 5.83774883 1.58107725 -2.16912828
v 5.83774883 1.58107725 -2.16912828
v 5.83661446 1.56982267 -2.16674687
v 5.83193354 1.57248184 -2.15738971
v 5.82186215 1.57248184 -2.16218716
v 5.82186215 1.57248184 -2.16218716
v 5.82295688 1.58334317 -2.16448536
v 5.82295688 1.58334317 -2.16448536
v 5.83302827 1.58334317 -2.15968791
v 5.83302827 1.58334317 -2.15968791
v 5.83193354 1.57248184 -2.15738971
v 5.82743802 1.57503567 -2.14840316
v 5.81771682 1.57503567 -2.15303379
v 5.81771682 1.57503567 -2.15303379
v 5.81877349 1.58551931 -2.15525208
v 5.81877349 1.58551931 -2.15525208
v 5.82849468 1.58551931 -2.15062144
v 5.82849468 1.58551931 -2.15062144
v 5.82743802 1.57503567 -2.14840316
v 5.82309533 1.57750267 -2.13972212
v 5.81371243 1.57750267 -2.14419162
v 5.81371243 1.57750267 -2.14419162
v 5.81473233 1.58762148 -2.14633271
v 5.81473233 1.58762148 -2.14633271
v 5.82411523 1.58762148 -2.14186322
v 5.82411523 1.58762148 -2.14186322
v 5.82309533 1.57750267 -2.13972212
v 5.81888201 1.57989619 -2.13129969
v 5.80982732 1.57989619 -2.13561284
v 5.80982732 1.57989619 -2.13561284
v 5.81081154 1.58966106 -2.13767905
v 5.81081154 1.58966106 -2.13767905
v 5.81986623 1.58966106 -2.1333659
v 5.81986623 1.58966106 -2.1333659
v 5.81888201 1.57989619 -2.13129969
v 5.81478035 1.58222627 -2.12310047
v 5.80604518 1.58222627 -2.12726142
v 5.80604518 1.58222627 -2.12726142
v 5.80699468 1.59164659 -2.12925474
v 5.80699468 1.59164659 -2.12925474
v 5.81572985 1.59164659 -2.12509379
v 5.81572985 1.59164659 -2.12509379
v 5.81478035 1.58222627 -2.12310047
v 5.81075677 1.58451353 -2.11506381
v 5.80234006 1.58451353 -2.11907306
v 5.80234006 1.58451353 -2.11907306
v 5.80325493 1.59359036 -2.12099367
v 5.80325493 1.59359036 -2.12099367
v 5.81167164 1.59359036 -2.11698442
v 5.81167164 1.59359036 -2.11698442
v 5.81075677 1.58451353 -2.11506381
v 5.80605077 1.58725719 -2.10596198
v 5.79823784 1.58725719 -2.10968362
v 5.79823784 1.58725719 -2.10968362
v 5.79908702 1.59568291 -2.11146626
v 5.79908702 1.59568291 -2.11146626
v 5.80689991 1.59568291 -2.10774464
v 5.80689991 1.59568291 -2.10774464
v 5.80605077 1.58725719 -2.10596198
v 5.80104227 1.5902443 -2.09656661
v 5.79409831 1.5902443 -2.09987433
v 5.79409831 1.5902443 -2.09987433
v 5.79485308 1.59773292 -2.1014588
v 5.79485308 1.59773292 -2.1014588
v 5.80179702 1.59773292 -2.09815109
v 5.80179702 1.59773292 -2.09815109
v 5.80104227 1.5902443 -2.09656661
v 5.79644851 1.59302512 -2.08812755
v 5.79044002 1.59302512 -2.09098966
v 5.79044002 1.59302512 -2.09098966
v 5.79109311 1.59950489 -2.09236068
v 5.79109311 1.59950489 -2.09236068
v 5.79710157 1.59950489 -2.08949858
v 5.79710157 1.59950489 -2.08949858
v 5.79644851 1.59302512 -2.08812755
v 5.79262162 1.59536183 -2.08118454
v 5.78746018 1.59536183 -2.08364316
v 5.78746018 1.59536183 -2.08364316
v 5.78802121 1.60092808 -2.08482096
v 5.78802121 1.60092808 -2.08482096
v 5.79318266 1.60092808 -2.08236234
v 5.79318266 1.60092808 -2.08236234
v 5.79262162 1.59536183 -2.08118454
v 5.78960954 1.59719297 -2.07568517
v 5.7850879 1.59719297 -2.07783902
v 5.7850879 1.59719297 -2.07783902
v 5.7855794 1.60206925 -2.07887081
v 5.7855794 1.60206925 -2.07887081
v 5.79010102 1.60206925 -2.07671696
v 5.79010102 1.60206925 -2.07671696
v 5.78960954 1.59719297 -2.07568517
v 5.78720263 1.59860676 -2.0710757
v 5.7830253 1.59860676 -2.07306555
v 5.7830253 1.59860676 -2.07306555
v 5.78347937 1.60311175 -2.07401878
v 5.78347937 1.60311175 -2.07401878
v 5.78765669 1.60311175 -2.07202893
v 5.78765669 1.60311175 -2.07202893
v 5.78720263 1.59860676 -2.0710757
v 5.8674202 1.24966605 -2.22025006
v 5.8483123 1.24966605 -2.22935199
v 5.84787219 1.22000074 -2.22919588
v 5.86757631 1.22000074 -2.21980994
v 5.8483123 1.24966605 -2.22935199
v 5.85741424 1.24966605 -2.24845989
v 5.85725813 1.22000074 -2.24890001
v 5.84787219 1.22000074 -2.22919588
v 5.85741424 1.24966605 -2.24845989
v 5.87652213 1.24966605 -2.23935795
v 5.87696226 1.22000074 -2.23951406
v 5.85725813 1.22000074 -2.24890001
v 5.87652213 1.24966605 -2.23935795
v 5.8674202 1.24966605 -2.22025006
v 5.86757631 1.22000074 -2.21980994
v 5.87696226 1.22000074 -2.23951406
v 5.86729933 1.2726334 -2.22059081
v 5.84865305 1.2726334 -2.22947286
v 5.84865305 1.2726334 -2.22947286
v 5.8575351 1.2726334 -2.24811914
v 5.8575351 1.2726334 -2.24811914
v 5.87618138 1.2726334 -2.23923709
v 5.87618138 1.2726334 -2.23923709
v 5.86729933 1.2726334 -2.22059081
v 5.86718896 1.29360699 -2.22090198
v 5.84896422 1.29360699 -2.22958323
v 5.84896422 1.29360699 -2.22958323
v 5.85764547 1.29360699 -2.24780797
v 5.85764547 1.29360699 -2.24780797
v 5.87587021 1.29360699 -2.23912672
v 5.87587021 1.29360699 -2.23912672
v 5.86718896 1.29360699 -2.22090198
v 5.86708489 1.31338243 -2.22119537
v 5.84925761 1.31338242 -2.22968729
v 5.84925761 1.31338242 -2.22968729
v 5.85774954 1.31338243 -2.24751457
v 5.85774954 1.31338243 -2.24751457
v 5.87557681 1.31338243 -2.23902265
v 5.87557681 1.31338243 -2.23902265
v 5.86708489 1.31338243 -2.22119537
v 5.86698527 1.33231216 -2.22147622
v 5.84953846 1.33231216 -2.22978691
v 5.84953846 1.33231216 -2.22978691
v 5.85784915 1.33231216 -2.24723373
v 5.85784915 1.33231216 -2.24723373
v 5.87529596 1.33231216 -2.23892304
v 5.87529596 1.33231216 -2.23892304
v 5.86698527 1.33231216 -2.22147622
v 5.86688906 1.35059412 -2.22174745
v 5.84980969 1.35059412 -2.22988312
v 5.84980969 1.35059412 -2.22988312
v 5.85794535 1.35059412 -2.24696249
v 5.85794535 1.35059412 -2.24696249
v 5.87502473 1.35059412 -2.23882683
v 5.87502473 1.35059412 -2.23882683
v 5.86688906 1.35059412 -2.22174745
v 5.8667956 1.36835442 -2.22201095
v 5.85007319 1.36835442 -2.22997658
v 5.85007319 1.36835442 -2.22997658
v 5.85803881 1.36835442 -2.24669899
v 5.85803881 1.36835442 -2.24669899
v 5.87476123 1.36835442 -2.23873337
v 5.87476123 1.36835442 -2.23873337
v 5.8667956 1.36835442 -2.22201095
v 5.86670442 1.38568001 -2.222268
v 5.85033023 1.38568001 -2.23006775
v 5.85033023 1.38568001 -2.23006775
v 5.85812999 1.38568001 -2.24644195
v 5.85812999 1.38568001 -2.24644195
v 5.87450418 1.38568001 -2.23864219
v 5.87450418 1.38568001 -2.23864219
v 5.86670442 1.38568001 -2.222268
v 5.8666152 1.40263429 -2.22251954
v 5.85058177 1.40263429 -2.23015697
v 5.85058177 1.40263429 -2.23015697
v 5.8582192 1.40263429 -2.24619041
v 5.8582192 1.40263429 -2.24619041
v 5.87425264 1.4026343 -2.23855297
v 5.87425264 1.4026343 -2.23855297
v 5.8666152 1.40263429 -2.22251954
v 5.86652768 1.41926542 -2.22276628
v 5.85082851 1.41926542 -2.23024449
v 5.85082851 1.41926542 -2.23024449
v 5.85830672 1.41926542 -2.24594366
v 5.85830672 1.41926542 -2.24594366
v 5.87400589 1.41926542 -2.23846545
v 5.87400589 1.41926542 -2.23846545
v 5.86652768 1.41926542 -2.22276628
v 5.86644166 1.43561108 -2.22300879
v 5.85107102 1.43561108 -2.23033051
v 5.85107102 1.43561108 -2.23033051
v 5.85839274 1.43561108 -2.24570115
v 5.85839274 1.43561108 -2.24570115
v 5.87376338 1.43561108 -2.23837944
v 5.87376338 1.43561108 -2.23837944
v 5.86644166 1.43561108 -2.22300879
v 5.86635699 1.45170155 -2.22324751
v 5.85130974 1.45170155 -2.23041518
v 5.85130974 1.45170155 -2.23041518
v 5.85847741 1.45170155 -2.24546243
v 5.85847741 1.45170155 -2.24546243
v 5.87352466 1.45170155 -2.23829476
v 5.87352466 1.45170155 -2.23829476
v 5.86635699 1.45170155 -2.22324751
v 5.86627352 1.46756169 -2.22348282
v 5.85154504 1.46756169 -2.23049864
v 5.85154504 1.46756169 -2.23049864
v 5.85856087 1.46756169 -2.24522713
v 5.85856087 1.46756169 -2.24522713
v 5.87328935 1.46756169 -2.2382113
v 5.87328935 1.46756169 -2.2382113
v 5.86627352 1.46756169 -2.22348282
v 5.86619116 1.48321214 -2.22371501
v 5.85177724 1.48321214 -2.230581
v 5.85177724 1.48321214 -2.230581
v 5.85864323 1.48321214 -2.24499493
v 5.85864323 1.48321214 -2.24499493
v 5.87305715 1.48321214 -2.23812894
v 5.87305715 1.48321214 -2.23812894
v 5.86619116 1.48321214 -2.22371501
v 5.86610981 1.49867044 -2.22394435
v 5.85200658 1.49867044 -2.23066235
v 5.85200658 1.49867044 -2.23066235
v 5.85872457 1.49867044 -2.24476559
v 5.85872457 1.49867044 -2.24476559
v 5.87282781 1.49867044 -2.23804759
v 5.87282781 1.49867044 -2.23804759
v 5.86610981 1.49867044 -2.22394435
v 5.8660294 1.51395148 -2.22417107
v 5.85223329 1.51395148 -2.23074277
v 5.85223329 1.51395148 -2.23074277
v 5.85880499 1.51395148 -2.24453887
v 5.85880499 1.51395148 -2.24453887
v 5.87260109 1.51395148 -2.23796718
v 5.87260109 1.51395148 -2.23796718
v 5.8660294 1.51395148 -2.22417107
v 5.86594984 1.52906827 -2.22439534
v 5.85245757 1.52906827 -2.23082232
v 5.85245757 1.52906827 -2.23082232
v 5.85888454 1.52906827 -2.2443146
v 5.85888454 1.52906827 -2.2443146
v 5.87237682 1.52906827 -2.23788763
v 5.87237682 1.52906827 -2.23788763
v 5.86594984 1.52906827 -2.22439534
v 5.8658711 1.54403209 -2.22461735
v 5.85267957 1.54403209 -2.23090106
v 5.85267957 1.54403209 -2.23090106
v 5.85896328 1.54403209 -2.24409259
v 5.85896328 1.54403209 -2.24409259
v 5.87215481 1.54403209 -2.23780888
v 5.87215481 1.54403209 -2.23780888
v 5.8658711 1.54403209 -2.22461735
v 5.86645752 1.55441681 -2.22623205
v 5.85356387 1.55441681 -2.23237387
v 5.85837686 1.56328879 -2.24247789
v 5.87127051 1.56328879 -2.23633607
v 5.73713333 1.53816433 -1.92832931
v 5.70697705 1.52795406 -1.89879345
v 5.7089077 1.52774975 -1.89793148
v 5.75382147 1.5380534 -1.92030436
v 5.75705093 1.55046997 -1.96394995
v 5.77612733 1.54945509 -1.95417121
v 5.77192919 1.56303322 -1.99887896
v 5.78972555 1.56078265 -1.98974746
v 5.77946623 1.58294607 -2.03214446
v 5.79063662 1.58110146 -2.02699828
v 5.78124245 1.58977749 -2.04341855
v 5.77718834 1.59000706 -2.04531821
v 5.77838096 1.59354963 -2.05196252
v 5.78077761 1.59349075 -2.05082844
v 5.78729768 1.60172844 -2.07136915
v 5.7862703 1.6017287 -2.07185871
v 5.70905425 1.52641335 -1.89823914
v 5.7089077 1.52774975 -1.89793148
v 5.7044278 1.52662594 -1.89704331
v 5.70448621 1.52609335 -1.89716593
v 5.76858611 1.5834661 -2.03730167
v 5.7733645 1.59004259 -2.04714089
v 5.7542609 1.56395263 -2.00758426
v 5.73807393 1.55088578 -1.97327296
v 5.72065172 1.5382269 -1.9362229
v 5.70360379 1.52795406 -1.90040028
v 5.68698254 1.53805334 -1.95214274
v 5.69791277 1.52774973 -1.90316885
v 5.69979863 1.52795406 -1.90221285
v 5.70371385 1.5381643 -1.94424849
v 5.69903198 1.54945504 -1.9908952
v 5.71850325 1.55046994 -1.98231192
v 5.71789921 1.5607826 -2.02396156
v 5.73601603 1.56303319 -2.01598602
v 5.7463272 1.58110143 -2.04810483
v 5.75731152 1.58294604 -2.04269773
v 5.76910944 1.59000706 -2.04916655
v 5.76508464 1.58977749 -2.05111525
v 5.77120536 1.59349072 -2.05538812
v 5.77359483 1.59354963 -2.05424237
v 5.78421545 1.6017287 -2.07283752
v 5.78318797 1.60172844 -2.07332678
v 5.77293259 1.59004259 -2.04734663
v 5.77577246 1.59355346 -2.05320695
v 5.78502693 1.60172876 -2.07245102
v 5.7681542 1.5834661 -2.03750741
v 5.75382899 1.56395263 -2.00779
v 5.77620437 1.59355346 -2.05300122
v 5.73764202 1.55088578 -1.9734787
v 5.70365837 1.52670736 -1.89738683
v 5.7044278 1.52662594 -1.89704331
v 5.73732436 1.5364177 -1.92873006
v 5.75401273 1.53630789 -1.92070579
v 5.70905425 1.52641335 -1.89823914
v 5.70716841 1.52620905 -1.89919518
v 5.75724063 1.54871637 -1.96434664
v 5.77631751 1.54770404 -1.95456938
v 5.77211937 1.56128209 -1.9992771
v 5.78991542 1.55903 -1.99014468
v 5.77966474 1.5812378 -2.03256783
v 5.79083354 1.57938499 -2.02741682
v 5.77738738 1.58830149 -2.04574316
v 5.78144129 1.58807091 -2.0438429
v 5.77857915 1.59183975 -2.05238494
v 5.78646291 1.59999009 -2.0722642
v 5.78749027 1.59998981 -2.07177461
v 5.78097575 1.5917806 -2.05125068
v 5.77640257 1.59184365 -2.05342366
v 5.78565144 1.59999017 -2.07265078
v 5.70390489 1.53641764 -1.94464924
v 5.72041078 1.53647991 -1.93682916
v 5.70336325 1.52620905 -1.90100775
v 5.69998999 1.52620905 -1.90261458
v 5.75751003 1.5812378 -2.0431211
v 5.76930847 1.58830149 -2.0495915
v 5.77313167 1.58833727 -2.04777172
v 5.76835323 1.58176051 -2.03793235
v 5.75445118 1.5622021 -2.00798273
v 5.73826344 1.54913121 -1.97366907
v 5.72084268 1.53647991 -1.93662343
v 5.70379515 1.52620905 -1.90080201
v 5.6871738 1.53630784 -1.95254417
v 5.69805932 1.52641335 -1.90347651
v 5.69922216 1.54770398 -1.99129335
v 5.71869295 1.54871637 -1.98270861
v 5.71808908 1.55902994 -2.02435878
v 5.73620619 1.56128206 -2.01638414
v 5.74652412 1.57938496 -2.04852338
v 5.76528348 1.58807091 -2.0515396
v 5.7714035 1.59178057 -2.05581037
v 5.78338057 1.59998981 -2.07373226
v 5.78440805 1.59999009 -2.07324302
v 5.77379303 1.59183975 -2.05466479
v 5.77597066 1.59184365 -2.0536294
v 5.78521954 1.59999017 -2.07285651
v 5.75401927 1.5622021 -2.00818847
v 5.76878514 1.58176051 -2.03772661
v 5.77356358 1.58833727 -2.04756599
v 5.73783153 1.54913121 -1.97387481
v 5.69791277 1.52774973 -1.90316885
v 5.68698254 1.53805334 -1.95214274
v 5.6871738 1.53630784 -1.95254417
v 5.69805932 1.52641335 -1.90347651
v 5.70373465 1.52601193 -1.89754696
v 5.7023903 1.52601193 -1.89818733
v 5.79063662 1.58110146 -2.02699828
v 5.78972555 1.56078265 -1.98974746
v 5.78991542 1.55903 -1.99014468
v 5.79083354 1.57938499 -2.02741682
v 5.69903198 1.54945504 -1.9908952
v 5.69922216 1.54770398 -1.99129335
v 5.75382147 1.5380534 -1.92030436
v 5.7089077 1.52774975 -1.89793148
v 5.70905425 1.52641335 -1.89823914
v 5.75401273 1.53630789 -1.92070579
v 5.77612733 1.54945509 -1.95417121
v 5.77631751 1.54770404 -1.95456938
v 5.71789921 1.5607826 -2.02396156
v 5.71808908 1.55902994 -2.02435878
v 5.7463272 1.58110143 -2.04810483
v 5.74652412 1.57938496 -2.04852338
v 5.7463272 1.58110143 -2.04810483
v 5.76508464 1.58977749 -2.05111525
v 5.76528348 1.58807091 -2.0515396
v 5.74652412 1.57938496 -2.04852338
v 5.78124245 1.58977749 -2.04341855
v 5.79063662 1.58110146 -2.02699828
v 5.79083354 1.57938499 -2.02741682
v 5.78144129 1.58807091 -2.0438429
v 5.78318797 1.60172844 -2.07332678
v 5.78421545 1.6017287 -2.07283752
v 5.78440805 1.59999009 -2.07324302
v 5.78338057 1.59998981 -2.07373226
v 5.76508464 1.58977749 -2.05111525
v 5.77120536 1.59349072 -2.05538812
v 5.7714035 1.59178057 -2.05581037
v 5.76528348 1.58807091 -2.0515396
v 5.78729768 1.60172844 -2.07136915
v 5.78077761 1.59349075 -2.05082844
v 5.78097575 1.5917806 -2.05125068
v 5.78749027 1.59998981 -2.07177461
v 5.78318797 1.60172844 -2.07332678
v 5.78338057 1.59998981 -2.07373226
v 5.78124245 1.58977749 -2.04341855
v 5.78144129 1.58807091 -2.0438429
v 5.70317188 1.52795406 -1.90060602
v 5.72021981 1.5382269 -1.93642864
v 5.78545884 1.60172876 -2.07224528
v 5.70448621 1.52609335 -1.89716593
v 5.7862703 1.6017287 -2.07185871
v 5.78729768 1.60172844 -2.07136915
v 5.78749027 1.59998981 -2.07177461
v 5.78646291 1.59999009 -2.0722642
v 5.72084268 1.53647991 -1.93662343
v 5.70379515 1.52620905 -1.90080201
v 5.70393906 1.52774886 -1.90110411
v 5.7206756 1.53800861 -1.936273
v 5.70336325 1.52620905 -1.90100775
v 5.72041078 1.53647991 -1.93682916
v 5.7202437 1.53800861 -1.93647874
v 5.70350715 1.52774886 -1.90130985
v 5.7681542 1.5834661 -2.03750741
v 5.75382899 1.56395263 -2.00779
v 5.75399561 1.56242147 -2.00813902
v 5.76832843 1.58197383 -2.03787946
v 5.77577246 1.59355346 -2.05320695
v 5.77620437 1.59355346 -2.05300122
v 5.77637785 1.59205726 -2.05337101
v 5.77594595 1.59205726 -2.05357675
v 5.73826344 1.54913121 -1.97366907
v 5.73809769 1.5506668 -1.97332269
v 5.7542609 1.56395263 -2.00758426
v 5.76858611 1.5834661 -2.03730167
v 5.76876034 1.58197383 -2.03767372
v 5.75442751 1.56242147 -2.00793328
v 5.77640257 1.59184365 -2.05342366
v 5.77356358 1.58833727 -2.04756599
v 5.77338945 1.58982938 -2.04719422
v 5.7762292 1.59333962 -2.05305418
v 5.70355379 1.52644082 -1.90085153
v 5.70421041 1.52683019 -1.90222999
v 5.73783153 1.54913121 -1.97387481
v 5.73766578 1.5506668 -1.97352842
v 5.77597066 1.59184365 -2.0536294
v 5.77640257 1.59184365 -2.05342366
v 5.7762292 1.59333962 -2.05305418
v 5.77579729 1.59333962 -2.05325991
v 5.77597066 1.59184365 -2.0536294
v 5.78521954 1.59999017 -2.07285651
v 5.78505105 1.60151106 -2.07250178
v 5.77579729 1.59333962 -2.05325991
v 5.77293259 1.59004259 -2.04734663
v 5.77310685 1.58855037 -2.04771877
v 5.77313167 1.58833727 -2.04777172
v 5.77295755 1.58982938 -2.04739995
v 5.75445118 1.5622021 -2.00798273
v 5.75428479 1.56373436 -2.00763442
v 5.7733645 1.59004259 -2.04714089
v 5.77353876 1.58855037 -2.04751303
v 5.77353876 1.58855037 -2.04751303
v 5.77637785 1.59205726 -2.05337101
v 5.77594595 1.59205726 -2.05357675
v 5.77310685 1.58855037 -2.04771877
v 5.76876034 1.58197383 -2.03767372
v 5.76832843 1.58197383 -2.03787946
v 5.75442751 1.56242147 -2.00793328
v 5.75399561 1.56242147 -2.00813902
v 5.73823981 1.54935087 -1.97361975
v 5.7378079 1.54935087 -1.97382548
v 5.72081884 1.53669836 -1.93657342
v 5.72038693 1.53669836 -1.93677916
v 5.70404723 1.52676252 -1.90133119
v 5.70361532 1.52676252 -1.90153693
v 5.77295755 1.58982938 -2.04739995
v 5.77579729 1.59333962 -2.05325991
v 5.7762292 1.59333962 -2.05305418
v 5.77338945 1.58982938 -2.04719422
v 5.76817916 1.58325302 -2.03756075
v 5.76861107 1.58325302 -2.03735502
v 5.75385289 1.56373436 -2.00784015
v 5.75428479 1.56373436 -2.00763442
v 5.73766578 1.5506668 -1.97352842
v 5.73809769 1.5506668 -1.97332269
v 5.7202437 1.53800861 -1.93647874
v 5.7206756 1.53800861 -1.936273
v 5.70350715 1.52774886 -1.90130985
v 5.70393906 1.52774886 -1.90110411
v 5.73807393 1.55088578 -1.97327296
v 5.73823981 1.54935087 -1.97361975
v 5.76835323 1.58176051 -2.03793235
v 5.76817916 1.58325302 -2.03756075
v 5.73764202 1.55088578 -1.9734787
v 5.7378079 1.54935087 -1.97382548
v 5.77620437 1.59355346 -2.05300122
v 5.77637785 1.59205726 -2.05337101
v 5.76878514 1.58176051 -2.03772661
v 5.76861107 1.58325302 -2.03735502
v 5.70341325 1.52772229 -1.9005565
v 5.70360379 1.52795406 -1.90040028
v 5.70404723 1.52676252 -1.90133119
v 5.70406989 1.52811161 -1.90193499
v 5.72065172 1.5382269 -1.9362229
v 5.72081884 1.53669836 -1.93657342
v 5.77577246 1.59355346 -2.05320695
v 5.77594595 1.59205726 -2.05357675
v 5.75401927 1.5622021 -2.00818847
v 5.75385289 1.56373436 -2.00784015
v 5.70317188 1.52795406 -1.90060602
v 5.70361532 1.52676252 -1.90153693
v 5.72021981 1.5382269 -1.93642864
v 5.72038693 1.53669836 -1.93677916
v 5.78562741 1.60020711 -2.07260018
v 5.7851955 1.60020711 -2.07280591
v 5.78505105 1.60151106 -2.07250178
v 5.78548295 1.60151106 -2.07229605
v 5.78548295 1.60151106 -2.07229605
v 5.78505105 1.60151106 -2.07250178
v 5.78502693 1.60172876 -2.07245102
v 5.7851955 1.60020711 -2.07280591
v 5.78565144 1.59999017 -2.07265078
v 5.78548295 1.60151106 -2.07229605
v 5.7851955 1.60020711 -2.07280591
v 5.78562741 1.60020711 -2.07260018
v 5.78545884 1.60172876 -2.07224528
v 5.78562741 1.60020711 -2.07260018
v 5.70365837 1.52670736 -1.89738683
v 5.70373465 1.52601193 -1.89754696
v 5.70079755 1.52670736 -1.89874957
v 5.70004598 1.52662594 -1.89913057
v 5.70010439 1.52609335 -1.89925319
v 5.70087383 1.52601193 -1.89890969
v 5.70355379 1.52644082 -1.90085153
v 5.70229409 1.52610428 -1.89820703
v 5.70221817 1.52601193 -1.89826932
v 5.70079755 1.52670736 -1.89874957
v 5.7021419 1.52670736 -1.8981092
v 5.7022381 1.52661498 -1.89808949
v 5.70231403 1.52670736 -1.8980272
v 5.70087383 1.52601193 -1.89890969
v 5.7021419 1.52670736 -1.8981092
v 5.70010439 1.52609335 -1.89925319
v 5.70004598 1.52662594 -1.89913057
v 5.69791277 1.52774973 -1.90316885
v 5.69805932 1.52641335 -1.90347651
v 5.70231403 1.52670736 -1.8980272
v 5.76078518 1.40201624 -2.25414426
v 5.74143904 1.38602488 -2.274019
v 5.74088538 1.38592126 -2.27255785
v 5.75527086 1.40217739 -2.24165717
v 5.78394849 1.41955746 -2.24217573
v 5.77738617 1.41900109 -2.22779064
v 5.80651793 1.43661606 -2.23388307
v 5.80064174 1.43517692 -2.22033341
v 5.8264068 1.45775984 -2.23161341
v 5.82321844 1.45666347 -2.22308769
v 5.83312336 1.46490176 -2.2314201
v 5.83438831 1.46499586 -2.23447188
v 5.83844169 1.46887972 -2.23420356
v 5.83767115 1.46887611 -2.23240667
v 5.8507562 1.47927063 -2.22924078
v 5.85109377 1.47925522 -2.2300087
v 5.74136419 1.38505383 -2.27232977
v 5.74088538 1.38592126 -2.27255785
v 5.74042467 1.38448736 -2.275681
v 5.74061549 1.38414167 -2.2755901
v 5.82986219 1.45795597 -2.23979623
v 5.83563843 1.464963 -2.23733351
v 5.81234971 1.4370501 -2.24719109
v 5.79030355 1.41961576 -2.25641166
v 5.76621758 1.40181794 -2.26647092
v 5.74254715 1.38597361 -2.27654027
v 5.7772272 1.40116144 -2.29161459
v 5.74449717 1.38575413 -2.28077579
v 5.74379713 1.38591577 -2.27938436
v 5.77176336 1.40150826 -2.27912297
v 5.80271171 1.41782923 -2.28541401
v 5.79661126 1.41897152 -2.27098742
v 5.82423642 1.43408515 -2.27401856
v 5.81831527 1.43607018 -2.26072565
v 5.83777392 1.45598995 -2.25620587
v 5.83368454 1.4574231 -2.2481725
v 5.8370422 1.46487306 -2.2405103
v 5.83843114 1.46465616 -2.24349694
v 5.84081559 1.46873061 -2.23956125
v 5.84001391 1.46880697 -2.23778085
v 5.85176878 1.47922398 -2.23154456
v 5.85210622 1.47920815 -2.23231249
v 5.83578031 1.46495643 -2.23765633
v 5.83929916 1.46884314 -2.23615369
v 5.85150223 1.47923638 -2.23093804
v 5.83000406 1.45794939 -2.24011905
v 5.81249158 1.43704352 -2.24751391
v 5.83915728 1.46884969 -2.23583087
v 5.79044543 1.4196092 -2.25673448
v 5.74064531 1.38452866 -2.27626331
v 5.74042467 1.38448736 -2.275681
v 5.76141003 1.40088221 -2.25384647
v 5.75589596 1.4010443 -2.24135937
v 5.74136419 1.38505383 -2.27232977
v 5.74206425 1.38489222 -2.27372119
v 5.78457174 1.41841763 -2.24187809
v 5.77801001 1.41786334 -2.22749295
v 5.80714175 1.43547828 -2.23358538
v 5.80126521 1.43403784 -2.22003574
v 5.82704038 1.45665794 -2.23131484
v 5.82385015 1.45555469 -2.22278928
v 5.8350225 1.46389621 -2.23417326
v 5.83375731 1.46380124 -2.2311215
v 5.83907489 1.46777648 -2.23390503
v 5.85172043 1.47812792 -2.22971075
v 5.85138286 1.47814327 -2.22894283
v 5.83830429 1.46777262 -2.23210814
v 5.8397905 1.4677465 -2.23553233
v 5.85198702 1.47811562 -2.23031727
v 5.7723882 1.40037424 -2.27882518
v 5.76698422 1.40067702 -2.26649597
v 5.74331423 1.38483438 -2.27656528
v 5.74442234 1.3847831 -2.27908655
v 5.83431812 1.45632119 -2.24787393
v 5.83767639 1.46377341 -2.24021167
v 5.83641455 1.46385698 -2.2373577
v 5.83063825 1.45684971 -2.23982043
v 5.81297366 1.43591281 -2.24689338
v 5.79092659 1.4184751 -2.25611404
v 5.76684234 1.40068357 -2.26617315
v 5.74317236 1.38484093 -2.27624246
v 5.7778523 1.40002834 -2.29131679
v 5.74497598 1.3848867 -2.28054771
v 5.80333555 1.41669149 -2.28511632
v 5.79723451 1.41783169 -2.27068978
v 5.82485989 1.43294606 -2.27372089
v 5.8189391 1.4349324 -2.26042796
v 5.83840563 1.45488117 -2.25590746
v 5.83906509 1.46355564 -2.24319833
v 5.84144874 1.4676271 -2.23926273
v 5.85273289 1.47808082 -2.23201455
v 5.85239545 1.47809668 -2.23124661
v 5.84064712 1.4677037 -2.23748232
v 5.83993238 1.46773992 -2.23585515
v 5.8521289 1.47810907 -2.23064009
v 5.81311554 1.43590624 -2.2472162
v 5.83049637 1.45685629 -2.23949761
v 5.83627267 1.46386353 -2.23703488
v 5.79106846 1.41846853 -2.25643687
v 5.74449717 1.38575413 -2.28077579
v 5.7772272 1.40116144 -2.29161459
v 5.7778523 1.40002834 -2.29131679
v 5.74497598 1.3848867 -2.28054771
v 5.74089448 1.38407726 -2.27614462
v 5.74133609 1.38405682 -2.27714943
v 5.82321844 1.45666347 -2.22308769
v 5.80064174 1.43517692 -2.22033341
v 5.80126521 1.43403784 -2.22003574
v 5.82385015 1.45555469 -2.22278928
v 5.80271171 1.41782923 -2.28541401
v 5.80333555 1.41669149 -2.28511632
v 5.75527086 1.40217739 -2.24165717
v 5.74088538 1.38592126 -2.27255785
v 5.74136419 1.38505383 -2.27232977
v 5.75589596 1.4010443 -2.24135937
v 5.77738617 1.41900109 -2.22779064
v 5.77801001 1.41786334 -2.22749295
v 5.82423642 1.43408515 -2.27401856
v 5.82485989 1.43294606 -2.27372089
v 5.83777392 1.45598995 -2.25620587
v 5.83840563 1.45488117 -2.25590746
v 5.83777392 1.45598995 -2.25620587
v 5.83843114 1.46465616 -2.24349694
v 5.83906509 1.46355564 -2.24319833
v 5.83840563 1.45488117 -2.25590746
v 5.83312336 1.46490176 -2.2314201
v 5.82321844 1.45666347 -2.22308769
v 5.82385015 1.45555469 -2.22278928
v 5.83375731 1.46380124 -2.2311215
v 5.85210622 1.47920815 -2.23231249
v 5.85176878 1.47922398 -2.23154456
v 5.85239545 1.47809668 -2.23124661
v 5.85273289 1.47808082 -2.23201455
v 5.83843114 1.46465616 -2.24349694
v 5.84081559 1.46873061 -2.23956125
v 5.84144874 1.4676271 -2.23926273
v 5.83906509 1.46355564 -2.24319833
v 5.8507562 1.47927063 -2.22924078
v 5.83767115 1.46887611 -2.23240667
v 5.83830429 1.46777262 -2.23210814
v 5.85138286 1.47814327 -2.22894283
v 5.85210622 1.47920815 -2.23231249
v 5.85273289 1.47808082 -2.23201455
v 5.83312336 1.46490176 -2.2314201
v 5.83375731 1.46380124 -2.2311215
v 5.74268902 1.38596704 -2.2768631
v 5.76635946 1.40181137 -2.26679374
v 5.85136035 1.47924293 -2.23061522
v 5.74061549 1.38414167 -2.2755901
v 5.85109377 1.47925522 -2.2300087
v 5.8507562 1.47927063 -2.22924078
v 5.85138286 1.47814327 -2.22894283
v 5.85172043 1.47812792 -2.22971075
v 5.76684234 1.40068357 -2.26617315
v 5.74317236 1.38484093 -2.27624246
v 5.74309094 1.38599821 -2.27630178
v 5.76629568 1.4016762 -2.2664337
v 5.74331423 1.38483438 -2.27656528
v 5.76698422 1.40067702 -2.26649597
v 5.76643756 1.40166964 -2.26675652
v 5.74323281 1.38599165 -2.2766246
v 5.83000406 1.45794939 -2.24011905
v 5.81249158 1.43704352 -2.24751391
v 5.81303771 1.43604886 -2.24725339
v 5.83055912 1.45698732 -2.23985772
v 5.83929916 1.46884314 -2.23615369
v 5.83915728 1.46884969 -2.23583087
v 5.83971149 1.46788434 -2.2355696
v 5.83985337 1.46787779 -2.23589242
v 5.79092659 1.4184751 -2.25611404
v 5.7903815 1.41947348 -2.25637445
v 5.81234971 1.4370501 -2.24719109
v 5.82986219 1.45795597 -2.23979623
v 5.83041724 1.45699387 -2.2395349
v 5.81289583 1.43605543 -2.24693057
v 5.8397905 1.4677465 -2.23553233
v 5.83627267 1.46386353 -2.23703488
v 5.83571785 1.46482558 -2.23729613
v 5.83923657 1.46871174 -2.2357935
v 5.74316024 1.38498811 -2.27644343
v 5.74407226 1.38559367 -2.27605491
v 5.79106846 1.41846853 -2.25643687
v 5.79052338 1.41946691 -2.25669728
v 5.83993238 1.46773992 -2.23585515
v 5.8397905 1.4677465 -2.23553233
v 5.83923657 1.46871174 -2.2357935
v 5.83937845 1.46870519 -2.23611632
v 5.83993238 1.46773992 -2.23585515
v 5.8521289 1.47810907 -2.23064009
v 5.85158069 1.4790952 -2.23090073
v 5.83937845 1.46870519 -2.23611632
v 5.83578031 1.46495643 -2.23765633
v 5.83633541 1.4639944 -2.23739498
v 5.83641455 1.46385698 -2.2373577
v 5.83585973 1.464819 -2.23761896
v 5.81297366 1.43591281 -2.24689338
v 5.81242786 1.43690841 -2.24715385
v 5.83563843 1.464963 -2.23733351
v 5.83619353 1.46400098 -2.23707216
v 5.83619353 1.46400098 -2.23707216
v 5.83971149 1.46788434 -2.2355696
v 5.83985337 1.46787779 -2.23589242
v 5.83633541 1.4639944 -2.23739498
v 5.83041724 1.45699387 -2.2395349
v 5.83055912 1.45698732 -2.23985772
v 5.81289583 1.43605543 -2.24693057
v 5.81303771 1.43604886 -2.24725339
v 5.79084878 1.41861797 -2.25615124
v 5.79099066 1.41861141 -2.25647406
v 5.76676426 1.40082544 -2.26621037
v 5.76690614 1.40081887 -2.26653319
v 5.74344432 1.385358 -2.27613345
v 5.74358619 1.38535142 -2.27645627
v 5.83585973 1.464819 -2.23761896
v 5.83937845 1.46870519 -2.23611632
v 5.83923657 1.46871174 -2.2357935
v 5.83571785 1.46482558 -2.23729613
v 5.83008348 1.45781207 -2.24008168
v 5.8299416 1.45781863 -2.23975886
v 5.81256974 1.43690183 -2.24747667
v 5.81242786 1.43690841 -2.24715385
v 5.79052338 1.41946691 -2.25669728
v 5.7903815 1.41947348 -2.25637445
v 5.76643756 1.40166964 -2.26675652
v 5.76629568 1.4016762 -2.2664337
v 5.74323281 1.38599165 -2.2766246
v 5.74309094 1.38599821 -2.27630178
v 5.79030355 1.41961576 -2.25641166
v 5.79084878 1.41861797 -2.25615124
v 5.83063825 1.45684971 -2.23982043
v 5.83008348 1.45781207 -2.24008168
v 5.79044543 1.4196092 -2.25673448
v 5.79099066 1.41861141 -2.25647406
v 5.83915728 1.46884969 -2.23583087
v 5.83971149 1.46788434 -2.2355696
v 5.83049637 1.45685629 -2.23949761
v 5.8299416 1.45781863 -2.23975886
v 5.74270113 1.38581988 -2.27666213
v 5.74254715 1.38597361 -2.27654027
v 5.74344432 1.385358 -2.27613345
v 5.74361314 1.38642545 -2.27627361
v 5.76621758 1.40181794 -2.26647092
v 5.76676426 1.40082544 -2.26621037
v 5.83929916 1.46884314 -2.23615369
v 5.83985337 1.46787779 -2.23589242
v 5.81311554 1.43590624 -2.2472162
v 5.81256974 1.43690183 -2.24747667
v 5.74268902 1.38596704 -2.2768631
v 5.74358619 1.38535142 -2.27645627
v 5.76635946 1.40181137 -2.26679374
v 5.76690614 1.40081887 -2.26653319
v 5.85190881 1.4782563 -2.23035445
v 5.85205069 1.47824972 -2.23067727
v 5.85158069 1.4790952 -2.23090073
v 5.85143881 1.47910178 -2.23057791
v 5.85143881 1.47910178 -2.23057791
v 5.85158069 1.4790952 -2.23090073
v 5.85150223 1.47923638 -2.23093804
v 5.85205069 1.47824972 -2.23067727
v 5.85198702 1.47811562 -2.23031727
v 5.85143881 1.47910178 -2.23057791
v 5.85205069 1.47824972 -2.23067727
v 5.85190881 1.4782563 -2.23035445
v 5.85136035 1.47924293 -2.23061522
v 5.85190881 1.4782563 -2.23035445
v 5.74064531 1.38452866 -2.27626331
v 5.74089448 1.38407726 -2.27614462
v 5.74158508 1.38448517 -2.27840158
v 5.74186408 1.38442077 -2.2789561
v 5.7420549 1.38407506 -2.2788652
v 5.74183425 1.38403378 -2.27828289
v 5.74316024 1.38498811 -2.27644343
v 5.74133128 1.38411547 -2.27722952
v 5.74139264 1.3840542 -2.27727808
v 5.74158508 1.38448517 -2.27840158
v 5.74114347 1.3845056 -2.27739677
v 5.7411483 1.38444695 -2.27731668
v 5.74108692 1.38450822 -2.27726812
v 5.74183425 1.38403378 -2.27828289
v 5.74114347 1.3845056 -2.27739677
v 5.7420549 1.38407506 -2.2788652
v 5.74186408 1.38442077 -2.2789561
v 5.74449717 1.38575413 -2.28077579
v 5.74497598 1.3848867 -2.28054771
v 5.74108692 1.38450822 -2.27726812
v 5.89920918 1.50558114 -2.09116401
v 5.91171774 1.48896178 -2.06682605
v 5.91262626 1.48879663 -2.06809078
v 5.90778963 1.50517083 -2.10177385
v 5.88105192 1.52412737 -2.10887925
v 5.89109477 1.52290229 -2.12104251
v 5.86247933 1.54223656 -2.12288855
v 5.87159081 1.54018618 -2.13441985
v 5.84516047 1.56440191 -2.13040735
v 5.85039179 1.56294958 -2.13779517
v 5.83916239 1.57190093 -2.13239331
v 5.83715299 1.57212987 -2.12977946
v 5.83354751 1.57622681 -2.13112184
v 5.83475851 1.57614227 -2.13265445
v 5.82359227 1.58717973 -2.13919486
v 5.82306577 1.58719938 -2.13854195
v 5.91217299 1.48795256 -2.0684311
v 5.91262626 1.48879663 -2.06809078
v 5.91217047 1.48740572 -2.06494755
v 5.91198982 1.48706934 -2.06508317
v 5.83970797 1.56496319 -2.12341508
v 5.83519997 1.5722272 -2.1273445
v 5.85341413 1.54327604 -2.11157296
v 5.87121817 1.52484056 -2.0968028
v 5.89074733 1.50594642 -2.08068733
v 5.90998925 1.48902564 -2.06468232
v 5.87354077 1.50643597 -2.05929712
v 5.90699235 1.48900473 -2.06110342
v 5.90803944 1.48909768 -2.0622641
v 5.88208475 1.50621372 -2.06992564
v 5.85159044 1.52436159 -2.07204775
v 5.86129975 1.52485699 -2.08438187
v 5.83478637 1.54154569 -2.08877359
v 5.84407711 1.54291634 -2.10006542
v 5.82768725 1.56378827 -2.10963615
v 5.83380821 1.56482126 -2.11632785
v 5.83301329 1.57228278 -2.12464525
v 5.83088299 1.57220678 -2.12212489
v 5.82985361 1.57632345 -2.1265712
v 5.83109506 1.5763174 -2.12808022
v 5.82201284 1.5872383 -2.13723607
v 5.82148642 1.5872575 -2.13658311
v 5.83497865 1.57223538 -2.12707002
v 5.83221038 1.57627927 -2.12946385
v 5.82242864 1.58722299 -2.13775177
v 5.83948666 1.56497134 -2.12314059
v 5.85319281 1.54328422 -2.11129847
v 5.83243169 1.5762711 -2.12973833
v 5.87099685 1.52484874 -2.09652832
v 5.91180839 1.48747155 -2.06444351
v 5.91217047 1.48740572 -2.06494755
v 5.89861759 1.5044776 -2.09160826
v 5.90719785 1.50406824 -2.10221819
v 5.91217299 1.48795256 -2.0684311
v 5.91112588 1.48785963 -2.06727043
v 5.88046147 1.52301796 -2.10932292
v 5.89050391 1.52179501 -2.12148639
v 5.86188848 1.54112923 -2.12333242
v 5.87100021 1.53907751 -2.1348636
v 5.84456257 1.56333093 -2.13085484
v 5.84979524 1.56187165 -2.13824196
v 5.83655465 1.57106114 -2.13022717
v 5.83856422 1.57083136 -2.13284093
v 5.83294988 1.57515443 -2.13156918
v 5.82247286 1.58610266 -2.13898687
v 5.82299937 1.58608298 -2.13963978
v 5.83416093 1.57506966 -2.13310177
v 5.83183406 1.57519877 -2.13018568
v 5.82205704 1.58611807 -2.13847118
v 5.88149316 1.50511016 -2.07036989
v 5.88993449 1.50485072 -2.08085707
v 5.90917608 1.48793167 -2.06485222
v 5.90744759 1.48799551 -2.06270849
v 5.83321031 1.56375027 -2.11677533
v 5.83241495 1.57121408 -2.12509295
v 5.83438028 1.57116685 -2.12751775
v 5.83888833 1.56390261 -2.1235883
v 5.85282318 1.54216921 -2.11201687
v 5.87062788 1.52373029 -2.09724639
v 5.89015581 1.50484255 -2.08113155
v 5.90939739 1.4879235 -2.0651267
v 5.87294899 1.50533338 -2.05974147
v 5.90653909 1.48816066 -2.06144374
v 5.85099958 1.52325429 -2.07249161
v 5.8607093 1.52374759 -2.08482554
v 5.83419578 1.54043704 -2.08921734
v 5.84348626 1.54180901 -2.10050929
v 5.8270907 1.56271034 -2.11008294
v 5.83028482 1.57113719 -2.1225725
v 5.82925603 1.57525084 -2.12701852
v 5.82089352 1.58616076 -2.13702803
v 5.82141993 1.58614155 -2.13768099
v 5.83049743 1.57524503 -2.12852756
v 5.83161274 1.57520695 -2.1299112
v 5.82183573 1.58612624 -2.1381967
v 5.85260187 1.54217738 -2.1117424
v 5.83910964 1.56389443 -2.12386278
v 5.83460159 1.57115868 -2.12779223
v 5.87040657 1.52373847 -2.0969719
v 5.90699235 1.48900473 -2.06110342
v 5.87354077 1.50643597 -2.05929712
v 5.87294899 1.50533338 -2.05974147
v 5.90653909 1.48816066 -2.06144374
v 5.91157252 1.48703228 -2.06462061
v 5.91088366 1.48705773 -2.06376627
v 5.85039179 1.56294958 -2.13779517
v 5.87159081 1.54018618 -2.13441985
v 5.87100021 1.53907751 -2.1348636
v 5.84979524 1.56187165 -2.13824196
v 5.85159044 1.52436159 -2.07204775
v 5.85099958 1.52325429 -2.07249161
v 5.90778963 1.50517083 -2.10177385
v 5.91262626 1.48879663 -2.06809078
v 5.91217299 1.48795256 -2.0684311
v 5.90719785 1.50406824 -2.10221819
v 5.89109477 1.52290229 -2.12104251
v 5.89050391 1.52179501 -2.12148639
v 5.83478637 1.54154569 -2.08877359
v 5.83419578 1.54043704 -2.08921734
v 5.82768725 1.56378827 -2.10963615
v 5.8270907 1.56271034 -2.11008294
v 5.82768725 1.56378827 -2.10963615
v 5.83088299 1.57220678 -2.12212489
v 5.83028482 1.57113719 -2.1225725
v 5.8270907 1.56271034 -2.11008294
v 5.83916239 1.57190093 -2.13239331
v 5.85039179 1.56294958 -2.13779517
v 5.84979524 1.56187165 -2.13824196
v 5.83856422 1.57083136 -2.13284093
v 5.82148642 1.5872575 -2.13658311
v 5.82201284 1.5872383 -2.13723607
v 5.82141993 1.58614155 -2.13768099
v 5.82089352 1.58616076 -2.13702803
v 5.83088299 1.57220678 -2.12212489
v 5.82985361 1.57632345 -2.1265712
v 5.82925603 1.57525084 -2.12701852
v 5.83028482 1.57113719 -2.1225725
v 5.82359227 1.58717973 -2.13919486
v 5.83475851 1.57614227 -2.13265445
v 5.83416093 1.57506966 -2.13310177
v 5.82299937 1.58608298 -2.13963978
v 5.82148642 1.5872575 -2.13658311
v 5.82089352 1.58616076 -2.13702803
v 5.83916239 1.57190093 -2.13239331
v 5.83856422 1.57083136 -2.13284093
v 5.90976793 1.48903382 -2.06440783
v 5.89052602 1.5059546 -2.08041286
v 5.82264995 1.58721481 -2.13802625
v 5.91198982 1.48706934 -2.06508317
v 5.82306577 1.58719938 -2.13854195
v 5.82359227 1.58717973 -2.13919486
v 5.82299937 1.58608298 -2.13963978
v 5.82247286 1.58610266 -2.13898687
v 5.89015581 1.50484255 -2.08113155
v 5.90939739 1.4879235 -2.0651267
v 5.90952896 1.48907543 -2.06505494
v 5.89067338 1.5058085 -2.08074288
v 5.90917608 1.48793167 -2.06485222
v 5.88993449 1.50485072 -2.08085707
v 5.89045207 1.50581667 -2.08046839
v 5.90930764 1.48908361 -2.06478046
v 5.83948666 1.56497134 -2.12314059
v 5.85319281 1.54328422 -2.11129847
v 5.85267561 1.5423162 -2.11168697
v 5.83896299 1.56403634 -2.12353242
v 5.83221038 1.57627927 -2.12946385
v 5.83243169 1.5762711 -2.12973833
v 5.83190864 1.57533276 -2.13012985
v 5.83168733 1.57534094 -2.12985536
v 5.87062788 1.52373029 -2.09724639
v 5.87114432 1.52470206 -2.09685828
v 5.85341413 1.54327604 -2.11157296
v 5.83970797 1.56496319 -2.12341508
v 5.83918431 1.56402816 -2.1238069
v 5.85289693 1.54230802 -2.11196145
v 5.83183406 1.57519877 -2.13018568
v 5.83460159 1.57115868 -2.12779223
v 5.83512505 1.57209365 -2.12740055
v 5.83235687 1.576137 -2.12979433
v 5.90936536 1.48807397 -2.06493044
v 5.90862382 1.488721 -2.06554761
v 5.87040657 1.52373847 -2.0969719
v 5.87092301 1.52471024 -2.09658381
v 5.83161274 1.57520695 -2.1299112
v 5.83183406 1.57519877 -2.13018568
v 5.83235687 1.576137 -2.12979433
v 5.83213556 1.57614518 -2.12951985
v 5.83161274 1.57520695 -2.1299112
v 5.82183573 1.58612624 -2.1381967
v 5.8223544 1.58708565 -2.13780748
v 5.83213556 1.57614518 -2.12951985
v 5.83497865 1.57223538 -2.12707002
v 5.83445495 1.57130045 -2.12746186
v 5.83438028 1.57116685 -2.12751775
v 5.83490374 1.57210183 -2.12712607
v 5.85282318 1.54216921 -2.11201687
v 5.85334013 1.54313817 -2.11162851
v 5.83519997 1.5722272 -2.1273445
v 5.83467626 1.57129227 -2.12773634
v 5.83467626 1.57129227 -2.12773634
v 5.83190864 1.57533276 -2.13012985
v 5.83168733 1.57534094 -2.12985536
v 5.83445495 1.57130045 -2.12746186
v 5.83918431 1.56402816 -2.1238069
v 5.83896299 1.56403634 -2.12353242
v 5.85289693 1.54230802 -2.11196145
v 5.85267561 1.5423162 -2.11168697
v 5.87070161 1.52386937 -2.09719097
v 5.87048029 1.52387754 -2.09691649
v 5.89022974 1.5049806 -2.08107603
v 5.89000842 1.50498878 -2.08080155
v 5.90919441 1.48845247 -2.06530611
v 5.9089731 1.48846064 -2.06503164
v 5.83490374 1.57210183 -2.12712607
v 5.83213556 1.57614518 -2.12951985
v 5.83235687 1.576137 -2.12979433
v 5.83512505 1.57209365 -2.12740055
v 5.83941174 1.5648379 -2.12319664
v 5.83963306 1.56482972 -2.12347112
v 5.85311882 1.54314635 -2.11135403
v 5.85334013 1.54313817 -2.11162851
v 5.87092301 1.52471024 -2.09658381
v 5.87114432 1.52470206 -2.09685828
v 5.89045207 1.50581667 -2.08046839
v 5.89067338 1.5058085 -2.08074288
v 5.90930764 1.48908361 -2.06478046
v 5.90952896 1.48907543 -2.06505494
v 5.87121817 1.52484056 -2.0968028
v 5.87070161 1.52386937 -2.09719097
v 5.83888833 1.56390261 -2.1235883
v 5.83941174 1.5648379 -2.12319664
v 5.87099685 1.52484874 -2.09652832
v 5.87048029 1.52387754 -2.09691649
v 5.83243169 1.5762711 -2.12973833
v 5.83190864 1.57533276 -2.13012985
v 5.83910964 1.56389443 -2.12386278
v 5.83963306 1.56482972 -2.12347112
v 5.90979997 1.48888334 -2.06460411
v 5.90998925 1.48902564 -2.06468232
v 5.90919441 1.48845247 -2.06530611
v 5.90905844 1.48953037 -2.06522128
v 5.89074733 1.50594642 -2.08068733
v 5.89022974 1.5049806 -2.08107603
v 5.83221038 1.57627927 -2.12946385
v 5.83168733 1.57534094 -2.12985536
v 5.85260187 1.54217738 -2.1117424
v 5.85311882 1.54314635 -2.11135403
v 5.90976793 1.48903382 -2.06440783
v 5.9089731 1.48846064 -2.06503164
v 5.89052602 1.5059546 -2.08041286
v 5.89000842 1.50498878 -2.08080155
v 5.82213103 1.58625494 -2.13841566
v 5.82190972 1.58626312 -2.13814117
v 5.8223544 1.58708565 -2.13780748
v 5.82257571 1.58707747 -2.13808196
v 5.82257571 1.58707747 -2.13808196
v 5.8223544 1.58708565 -2.13780748
v 5.82242864 1.58722299 -2.13775177
v 5.82190972 1.58626312 -2.13814117
v 5.82205704 1.58611807 -2.13847118
v 5.82257571 1.58707747 -2.13808196
v 5.82190972 1.58626312 -2.13814117
v 5.82213103 1.58625494 -2.13841566
v 5.82264995 1.58721481 -2.13802625
v 5.82213103 1.58625494 -2.13841566
v 5.91180839 1.48747155 -2.06444351
v 5.91157252 1.48703228 -2.06462061
v 5.91034248 1.48752569 -2.06262543
v 5.90992517 1.48748866 -2.06216287
v 5.90974453 1.48715226 -2.0622985
v 5.91010661 1.48708645 -2.06280253
v 5.90936536 1.48807397 -2.06493044
v 5.91087089 1.48711772 -2.06368805
v 5.91079547 1.48706101 -2.06365687
v 5.91034248 1.48752569 -2.06262543
v 5.91103133 1.48750024 -2.06347977
v 5.9110441 1.48744026 -2.063558
v 5.91111952 1.48749697 -2.06358917
v 5.91010661 1.48708645 -2.06280253
v 5.91103133 1.48750024 -2.06347977
v 5.90974453 1.48715226 -2.0622985
v 5.90992517 1.48748866 -2.06216287
v 5.90699235 1.48900473 -2.06110342
v 5.90653909 1.48816066 -2.06144374
v 5.91111952 1.48749697 -2.06358917
v 5.68637417 1.47230137 -2.09960693
v 5.6660262 1.44399552 -2.12550586
v 5.66524134 1.44384284 -2.1235379
v 5.67834528 1.47217121 -2.08292081
v 5.71179394 1.5029681 -2.08442942
v 5.70246559 1.50177744 -2.06513883
v 5.7367489 1.53249288 -2.07419352
v 5.72861369 1.53024127 -2.05592035
v 5.75736199 1.56614552 -2.07260553
v 5.75297077 1.56461431 -2.06107141
v 5.76435298 1.57745914 -2.0728445
v 5.7661694 1.57764539 -2.07693878
v 5.77049505 1.58392208 -2.07683471
v 5.76937743 1.58387407 -2.0744301
v 5.78379658 1.60150821 -2.07076711
v 5.78428975 1.60150849 -2.07179275
v 5.66609875 1.44284437 -2.12312563
v 5.66524134 1.44384284 -2.1235379
v 5.66518015 1.44152723 -2.12763124
v 5.66552186 1.44112932 -2.12746693
v 5.76233204 1.56658772 -2.08357584
v 5.76799021 1.57767691 -2.08076355
v 5.74508276 1.53342236 -2.09203951
v 5.72097309 1.50345598 -2.10347471
v 5.69429572 1.47237483 -2.11607507
v 5.66764531 1.44399552 -2.12887324
v 5.71042707 1.47217121 -2.14964327
v 5.67051876 1.44384284 -2.13451366
v 5.66947174 1.44399552 -2.13267176
v 5.70241506 1.47230138 -2.13296816
v 5.73947031 1.50177741 -2.14209984
v 5.73029631 1.50296811 -2.12290992
v 5.76308937 1.53024124 -2.12762153
v 5.75398673 1.53249288 -2.11004411
v 5.77423869 1.56461428 -2.10530361
v 5.76799595 1.56614552 -2.09472163
v 5.77004717 1.57764539 -2.08500361
v 5.77210852 1.57745914 -2.08897416
v 5.77397198 1.58387407 -2.08398567
v 5.77279233 1.58392208 -2.0816125
v 5.78527605 1.60150849 -2.07384402
v 5.78576918 1.60150821 -2.07486966
v 5.76819752 1.57767691 -2.08119471
v 5.77174709 1.58392625 -2.07943958
v 5.78488656 1.60150857 -2.07303398
v 5.76253935 1.56658772 -2.08400699
v 5.74529007 1.53342236 -2.09247066
v 5.77153978 1.58392625 -2.07900842
v 5.7211804 1.50345598 -2.10390587
v 5.66549293 1.44158808 -2.12841553
v 5.66518015 1.44152723 -2.12763124
v 5.68749363 1.47099569 -2.09906851
v 5.67946484 1.47086686 -2.08238246
v 5.66609875 1.44284437 -2.12312563
v 5.66714578 1.44269174 -2.12496754
v 5.71291287 1.50165429 -2.08389067
v 5.7035847 1.50046656 -2.0646002
v 5.73786802 1.53118193 -2.07365489
v 5.7297327 1.5289285 -2.05538164
v 5.75848437 1.56488488 -2.07206904
v 5.75409253 1.56334405 -2.06053451
v 5.76729198 1.57638789 -2.07640242
v 5.76547549 1.57620044 -2.07230809
v 5.77161731 1.58265953 -2.07629813
v 5.78540981 1.60021224 -2.07125475
v 5.78491664 1.6002119 -2.0702291
v 5.77049966 1.58261118 -2.07389351
v 5.77266204 1.58266378 -2.07847184
v 5.78579932 1.60021232 -2.07206481
v 5.70353453 1.47099569 -2.13242976
v 5.69562246 1.4710687 -2.1159678
v 5.66897221 1.44269174 -2.12876606
v 5.67059132 1.44269174 -2.13213344
v 5.76911833 1.56488488 -2.09418514
v 5.77116975 1.57638789 -2.08446725
v 5.76932012 1.57641968 -2.08065835
v 5.76366193 1.5653302 -2.08347062
v 5.74620192 1.53211211 -2.09150091
v 5.72209194 1.50214099 -2.10293592
v 5.69541514 1.4710687 -2.11553666
v 5.66876489 1.44269174 -2.12833491
v 5.71154662 1.47086686 -2.14910492
v 5.67137617 1.44284437 -2.13410141
v 5.74058943 1.50046654 -2.14156122
v 5.73141524 1.5016543 -2.12237118
v 5.76420837 1.52892851 -2.12708282
v 5.75510586 1.53118193 -2.10950547
v 5.77536045 1.56334405 -2.10476672
v 5.77323102 1.57620044 -2.08843774
v 5.77509421 1.58261118 -2.08344908
v 5.78688925 1.6002119 -2.07433165
v 5.78639612 1.60021224 -2.07330603
v 5.77391458 1.58265953 -2.08107591
v 5.77286935 1.58266378 -2.078903
v 5.78600663 1.60021232 -2.07249597
v 5.74640923 1.53211211 -2.09193207
v 5.76345461 1.5653302 -2.08303947
v 5.76911281 1.57641968 -2.0802272
v 5.72229925 1.50214099 -2.10336707
v 5.67051876 1.44384284 -2.13451366
v 5.71042707 1.47217121 -2.14964327
v 5.71154662 1.47086686 -2.14910492
v 5.67137617 1.44284437 -2.13410141
v 5.66593911 1.44106847 -2.12820099
v 5.66658438 1.44106847 -2.129543
v 5.75297077 1.56461431 -2.06107141
v 5.72861369 1.53024127 -2.05592035
v 5.7297327 1.5289285 -2.05538164
v 5.75409253 1.56334405 -2.06053451
v 5.73947031 1.50177741 -2.14209984
v 5.74058943 1.50046654 -2.14156122
v 5.67834528 1.47217121 -2.08292081
v 5.66524134 1.44384284 -2.1235379
v 5.66609875 1.44284437 -2.12312563
v 5.67946484 1.47086686 -2.08238246
v 5.70246559 1.50177744 -2.06513883
v 5.7035847 1.50046656 -2.0646002
v 5.76308937 1.53024124 -2.12762153
v 5.76420837 1.52892851 -2.12708282
v 5.77423869 1.56461428 -2.10530361
v 5.77536045 1.56334405 -2.10476672
v 5.77423869 1.56461428 -2.10530361
v 5.77210852 1.57745914 -2.08897416
v 5.77323102 1.57620044 -2.08843774
v 5.77536045 1.56334405 -2.10476672
v 5.76435298 1.57745914 -2.0728445
v 5.75297077 1.56461431 -2.06107141
v 5.75409253 1.56334405 -2.06053451
v 5.76547549 1.57620044 -2.07230809
v 5.78576918 1.60150821 -2.07486966
v 5.78527605 1.60150849 -2.07384402
v 5.78639612 1.60021224 -2.07330603
v 5.78688925 1.6002119 -2.07433165
v 5.77210852 1.57745914 -2.08897416
v 5.77397198 1.58387407 -2.08398567
v 5.77509421 1.58261118 -2.08344908
v 5.77323102 1.57620044 -2.08843774
v 5.78379658 1.60150821 -2.07076711
v 5.76937743 1.58387407 -2.0744301
v 5.77049966 1.58261118 -2.07389351
v 5.78491664 1.6002119 -2.0702291
v 5.78576918 1.60150821 -2.07486966
v 5.78688925 1.6002119 -2.07433165
v 5.76435298 1.57745914 -2.0728445
v 5.76547549 1.57620044 -2.07230809
v 5.66785263 1.44399552 -2.12930439
v 5.69450304 1.47237483 -2.11650622
v 5.78467925 1.60150857 -2.07260282
v 5.66552186 1.44112932 -2.12746693
v 5.78428975 1.60150849 -2.07179275
v 5.78379658 1.60150821 -2.07076711
v 5.78491664 1.6002119 -2.0702291
v 5.78540981 1.60021224 -2.07125475
v 5.69541514 1.4710687 -2.11553666
v 5.66876489 1.44269174 -2.12833491
v 5.6683485 1.44419825 -2.12853513
v 5.69443564 1.47221165 -2.11600778
v 5.66897221 1.44269174 -2.12876606
v 5.69562246 1.4710687 -2.1159678
v 5.69464296 1.47221165 -2.11643893
v 5.66855582 1.44419825 -2.12896628
v 5.76253935 1.56658772 -2.08400699
v 5.74529007 1.53342236 -2.09247066
v 5.74626942 1.53227655 -2.09199939
v 5.76352176 1.56548762 -2.08353762
v 5.77174709 1.58392625 -2.07943958
v 5.77153978 1.58392625 -2.07900842
v 5.77252194 1.58282156 -2.07853884
v 5.77272925 1.58282156 -2.07896999
v 5.72209194 1.50214099 -2.10293592
v 5.72111297 1.50329201 -2.10340738
v 5.74508276 1.53342236 -2.09203951
v 5.76233204 1.56658772 -2.08357584
v 5.76331445 1.56548762 -2.08310647
v 5.74606211 1.53227655 -2.09156825
v 5.77266204 1.58266378 -2.07847184
v 5.76911281 1.57641968 -2.0802272
v 5.76813072 1.57751981 -2.08069645
v 5.77168025 1.58376841 -2.07894127
v 5.66871985 1.44286494 -2.128622
v 5.66974796 1.44395191 -2.12812764
v 5.72229925 1.50214099 -2.10336707
v 5.72132028 1.50329201 -2.10383854
v 5.77286935 1.58266378 -2.078903
v 5.77266204 1.58266378 -2.07847184
v 5.77168025 1.58376841 -2.07894127
v 5.77188756 1.58376841 -2.07937242
v 5.77286935 1.58266378 -2.078903
v 5.78600663 1.60021232 -2.07249597
v 5.7850268 1.60134625 -2.07296661
v 5.77188756 1.58376841 -2.07937242
v 5.76819752 1.57767691 -2.08119471
v 5.76917997 1.57657689 -2.08072533
v 5.76932012 1.57641968 -2.08065835
v 5.76833803 1.57751981 -2.0811276
v 5.74620192 1.53211211 -2.09150091
v 5.74522274 1.53325925 -2.09197219
v 5.76799021 1.57767691 -2.08076355
v 5.76897266 1.57657689 -2.08029417
v 5.76897266 1.57657689 -2.08029417
v 5.77252194 1.58282156 -2.07853884
v 5.77272925 1.58282156 -2.07896999
v 5.76917997 1.57657689 -2.08072533
v 5.76331445 1.56548762 -2.08310647
v 5.76352176 1.56548762 -2.08353762
v 5.74606211 1.53227655 -2.09156825
v 5.74626942 1.53227655 -2.09199939
v 5.72195211 1.50230578 -2.10300329
v 5.72215942 1.50230578 -2.10343445
v 5.69527522 1.47123207 -2.11560396
v 5.69548254 1.47123207 -2.11603511
v 5.66898131 1.44346131 -2.12823085
v 5.66918863 1.44346131 -2.128662
v 5.76833803 1.57751981 -2.0811276
v 5.77188756 1.58376841 -2.07937242
v 5.77168025 1.58376841 -2.07894127
v 5.76813072 1.57751981 -2.08069645
v 5.76267983 1.56643075 -2.08393989
v 5.76247251 1.56643075 -2.08350874
v 5.74543005 1.53325925 -2.09240335
v 5.74522274 1.53325925 -2.09197219
v 5.72132028 1.50329201 -2.10383854
v 5.72111297 1.50329201 -2.10340738
v 5.69464296 1.47221165 -2.11643893
v 5.69443564 1.47221165 -2.11600778
v 5.66855582 1.44419825 -2.12896628
v 5.6683485 1.44419825 -2.12853513
v 5.72097309 1.50345598 -2.10347471
v 5.72195211 1.50230578 -2.10300329
v 5.76366193 1.5653302 -2.08347062
v 5.76267983 1.56643075 -2.08393989
v 5.7211804 1.50345598 -2.10390587
v 5.72215942 1.50230578 -2.10343445
v 5.77153978 1.58392625 -2.07900842
v 5.77252194 1.58282156 -2.07853884
v 5.76345461 1.5653302 -2.08303947
v 5.76247251 1.56643075 -2.08350874
v 5.66789768 1.44382235 -2.1290173
v 5.66764531 1.44399552 -2.12887324
v 5.66898131 1.44346131 -2.12823085
v 5.6689258 1.44490932 -2.12852296
v 5.69429572 1.47237483 -2.11607507
v 5.69527522 1.47123207 -2.11560396
v 5.77174709 1.58392625 -2.07943958
v 5.77272925 1.58282156 -2.07896999
v 5.74640923 1.53211211 -2.09193207
v 5.74543005 1.53325925 -2.09240335
v 5.66785263 1.44399552 -2.12930439
v 5.66918863 1.44346131 -2.128662
v 5.69450304 1.47237483 -2.11650622
v 5.69548254 1.47123207 -2.11603511
v 5.78565954 1.60037406 -2.07213195
v 5.78586685 1.60037406 -2.0725631
v 5.7850268 1.60134625 -2.07296661
v 5.78481949 1.60134625 -2.07253545
v 5.78481949 1.60134625 -2.07253545
v 5.7850268 1.60134625 -2.07296661
v 5.78488656 1.60150857 -2.07303398
v 5.78586685 1.60037406 -2.0725631
v 5.78579932 1.60021232 -2.07206481
v 5.78481949 1.60134625 -2.07253545
v 5.78586685 1.60037406 -2.0725631
v 5.78565954 1.60037406 -2.07213195
v 5.78467925 1.60150857 -2.07260282
v 5.78565954 1.60037406 -2.07213195
v 5.66549293 1.44158808 -2.12841553
v 5.66593911 1.44106847 -2.12820099
v 5.66686609 1.44158808 -2.13127136
v 5.66728335 1.44152723 -2.13200542
v 5.66762507 1.44112932 -2.13184112
v 5.66731228 1.44106847 -2.13105683
v 5.66871985 1.44286494 -2.128622
v 5.66656644 1.44113749 -2.1296574
v 5.66666701 1.44106847 -2.12971482
v 5.66686609 1.44158808 -2.13127136
v 5.66622082 1.44158808 -2.12992936
v 5.66623878 1.44151905 -2.12981494
v 5.66613819 1.44158808 -2.12975753
v 5.66731228 1.44106847 -2.13105683
v 5.66622082 1.44158808 -2.12992936
v 5.66762507 1.44112932 -2.13184112
v 5.66728335 1.44152723 -2.13200542
v 5.67051876 1.44384284 -2.13451366
v 5.67137617 1.44284437 -2.13410141
v 5.66613819 1.44158808 -2.12975753
v 5.70229409 1.52610428 -1.89820703
v 5.70221817 1.52601193 -1.89826932
v 5.7022381 1.52661498 -1.89808949
v 5.7021419 1.52670736 -1.8981092
v 5.7023903 1.52601193 -1.89818733
v 5.70231403 1.52670736 -1.8980272
v 5.74114347 1.3845056 -2.27739677
v 5.74133128 1.38411547 -2.27722952
v 5.7411483 1.38444695 -2.27731668
v 5.74139264 1.3840542 -2.27727808
v 5.74108692 1.38450822 -2.27726812
v 5.74133609 1.38405682 -2.27714943
v 5.91103133 1.48750024 -2.06347977
v 5.91079547 1.48706101 -2.06365687
v 5.9110441 1.48744026 -2.063558
v 5.91087089 1.48711772 -2.06368805
v 5.91111952 1.48749697 -2.06358917
v 5.91088366 1.48705773 -2.06376627
v 5.66623878 1.44151905 -2.12981494
v 5.66666701 1.44106847 -2.12971482
v 5.66656644 1.44113749 -2.1296574
v 5.66622082 1.44158808 -2.12992936
v 5.66658438 1.44106847 -2.129543
v 5.66613819 1.44158808 -2.12975753
vn 0 0.96827 0.24989
vn 0 0.96822 0.2501
vn 0 0.92482 -0.38041
vn 0 0.62978 0.77677
vn 0.8511 0.0356 0.5238
vn 0.85103 0.0356 0.52392
vn 0.99541 0.0286 -0.0913
vn 0.3725 0.0287 0.92759
vn -0.8032 0.2048 0.5594
vn -0.80312 0.2048 0.55951
vn -0.97184 0.23051 -0.0489
vn -0.3193 0.0986 0.94251
vn 0.72199 -0.0026 0.69189
vn 0.7219 -0.0027 0.692
vn 0.99263 -0.0036 0.1211
vn 0.16891 -0.0006 0.98563
vn 0 0 -1
vn 0 -0.97361 0.2282
vn 0 -0.1624 -0.98672
vn -0.9998 -0.0167 0.0108
vn -0.9998 -0.0167 0.0109
vn 0 0.2709 0.96261
vn 0.9998 -0.0167 0.0108
vn 0 -0.24639 -0.96917
vn -0.99983 -0.0182 0.0043
vn 0 0.2099 0.97772
vn 0.99983 -0.0182 0.0043
vn 0 -0.2467 -0.96909
vn -0.99982 -0.0185 0.0043
vn 0 0.2096 0.97779
vn 0.99982 -0.0185 0.0043
vn 0 -0.25881 -0.96593
vn -0.9995 -0.0307 0.0072
vn 0 0.1974 0.98032
vn 0.9995 -0.0307 0.0072
vn 0 -0.27039 -0.96275
vn -0.99905 -0.0424 0.0099
vn 0 0.1856 0.98262
vn 0.99905 -0.0424 0.0099
vn 0 -0.27839 -0.96047
vn -0.99865 -0.0505 0.0118
vn 0 0.17741 0.98414
vn 0.99865 -0.0505 0.0118
vn 0 -0.28319 -0.95906
vn -0.99838 -0.0554 0.013
vn 0 0.1725 0.98501
vn 0.99838 -0.0554 0.013
vn 0.99839 -0.0553 0.013
vn 0 -0.2807 -0.9598
vn -0.99852 -0.0529 0.0124
vn 0 0.17499 0.98457
vn 0.99852 -0.0529 0.0124
vn 0 -0.26251 -0.96493
vn -0.99937 -0.0345 0.0081
vn 0 0.1936 0.98108
vn 0.99937 -0.0345 0.0081
vn 0 -0.99994 0.0111
vn -0.99994 0 0.0111
vn 0 0.99994 0.0111
vn 0.99994 0 0.0111
vn 0 -0.98671 0.1625
vn -0.99993 -0.0036 0.0115
vn -0.99993 -0.0038 0.0111
vn -0.99993 -0.0037 0.0112
vn 0 0.99608 0.0885
vn 0 0.99609 0.0884
vn 0.99993 -0.0039 0.0112
vn 0.99993 -0.0038 0.0111
vn 0.0145 -0.25869 0.96585
vn 0.0146 -0.25871 0.96584
vn 0.0221 -0.2832 0.95881
vn 0.0221 -0.28329 0.95878
vn 0.0664 -0.2959 0.95291
vn 0.0665 -0.2959 0.9529
vn 0.1037 -0.48439 0.86868
vn 0.1116 -0.50228 0.85747
vn 0.1116 -0.50221 0.85751
vn 0.0152 -0.35741 0.93382
vn 0.038 -0.47499 0.87917
vn 0.0379 -0.47499 0.87918
vn 0.6236 -0.7575 -0.1932
vn 0.0298 -0.5217 0.85261
vn 0.0269 -0.31941 0.94723
vn 0.0095 -0.2926 0.95619
vn 0.0094 -0.2926 0.95619
vn 0.0026 -0.25041 0.96814
vn 0.0023 -0.2505 0.96811
vn -0.0146 -0.25871 0.96584
vn -0.0222 -0.28341 0.95874
vn -0.067 -0.29619 0.95278
vn -0.067 -0.29628 0.95275
vn -0.1046 -0.48368 0.86897
vn -0.1121 -0.50098 0.85817
vn -0.0152 -0.35729 0.93387
vn -0.038 -0.47451 0.87943
vn -0.038 -0.47459 0.87939
vn -0.0049 -0.4757 0.8796
vn -0.0051 -0.47562 0.87964
vn -0.005 -0.4757 0.87959
vn -0.0012 -0.3575 0.93391
vn -0.0009 -0.35759 0.93388
vn -0.0299 -0.52139 0.85279
vn -0.0298 -0.5214 0.85279
vn -0.0354 -0.50789 0.86069
vn -0.0351 -0.50783 0.86074
vn -0.0353 -0.5079 0.86069
vn 0.005 -0.4757 0.87959
vn -0.027 -0.3195 0.9472
vn 0.0959 -0.4865 0.8684
vn 0.0059 0.2427 -0.97008
vn 0.0058 0.2427 -0.97009
vn -0.022 0.28311 -0.95884
vn -0.0221 0.28311 -0.95883
vn -0.0664 0.2959 -0.95291
vn -0.1038 0.48482 -0.86843
vn -0.1119 0.50219 -0.85749
vn -0.0153 0.35661 -0.93413
vn -0.0152 0.35661 -0.93413
vn -0.038 0.47459 -0.87939
vn -0.0381 0.47459 -0.87938
vn -0.0009 0.35671 -0.93422
vn 0.0023 0.25041 -0.96814
vn 0.0022 0.25041 -0.96814
vn 0.0299 0.52139 -0.85279
vn 0.03 0.52139 -0.85279
vn -0.0269 0.31941 -0.94723
vn -0.0094 0.29251 -0.95622
vn -0.0094 0.29241 -0.95625
vn -0.0024 0.25041 -0.96814
vn -0.0022 0.25041 -0.96814
vn -0.0058 0.2427 -0.97009
vn -0.0059 0.2427 -0.97008
vn 0.0222 0.28329 -0.95878
vn 0.0221 0.28329 -0.95878
vn 0.067 0.29628 -0.95275
vn 0.067 0.29619 -0.95278
vn 0.1047 0.48419 -0.86868
vn 0.1124 0.50101 -0.85811
vn 0.1124 0.50089 -0.85818
vn 0.0153 0.35649 -0.93417
vn 0.0381 0.4742 -0.87959
vn 0.0381 0.47427 -0.87955
vn 0.005 0.47538 -0.87977
vn 0.0051 0.4753 -0.87981
vn 0.0009 0.35671 -0.93422
vn 0.0354 0.5084 -0.86039
vn 0.0353 0.5084 -0.8604
vn -0.0299 0.5217 -0.8526
vn -0.0051 0.47542 -0.87974
vn -0.005 0.47538 -0.87977
vn -0.0051 0.47538 -0.87977
vn 0.027 0.31959 -0.94717
vn 0.0094 0.29251 -0.95622
vn 0.0094 0.2926 -0.95619
vn -0.79712 -0.58512 -0.1491
vn -0.79715 -0.58506 -0.14919
vn 0 0.0664 -0.99779
vn 0 0.0663 -0.9978
vn 0.92865 0.35912 0.093
vn 0.92864 0.35911 0.0931
vn -0.99053 -0.1331 -0.0338
vn -0.99052 -0.1331 -0.0339
vn 0.79715 -0.58506 -0.14919
vn 0.79717 -0.58508 -0.14899
vn 0.9912 -0.1284 -0.0323
vn 0.99119 -0.1285 -0.0321
vn -0.99748 0.0689 0.017
vn -0.99748 0.0688 0.0171
vn 0.99709 0.0738 0.0189
vn -0.92803 0.36041 0.0942
vn -0.63018 0.74898 0.20469
vn -0.63023 0.74894 0.20471
vn 0.63219 0.74789 0.2025
vn 0.6322 0.7479 0.2024
vn -0.0002 0.96824 0.25001
vn -0.0002 0.96825 0.24999
vn -0.89112 0.43721 0.1215
vn -0.89111 0.4373 0.1212
vn -0.89111 0.43741 0.1208
vn -0.89112 0.43731 0.1211
vn 0.9917 0.1244 0.0324
vn 0.9917 0.1245 0.0322
vn -0.99082 0.1304 0.0356
vn -0.99081 0.1305 0.0355
vn -0.99082 0.1305 0.0354
vn 0.89491 0.4308 0.1164
vn 0.89486 0.43098 0.11609
vn -0.0023 -0.2505 0.96811
vn -0.0025 -0.2505 0.96811
vn 0.0012 -0.35759 0.93388
vn 0.0009 -0.35759 0.93388
vn -0.0352 0.50871 -0.86022
vn -0.0353 0.50859 -0.86028
vn 0.0959 -0.0112 -0.99533
vn -0.0095 -0.29269 0.95616
vn -0.0094 -0.29269 0.95616
vn 0.0002 0.96825 0.24999
vn 0.0002 0.96824 0.25001
vn -1 -0.0003 -0.0002
vn 1 0.0004 -0.0001
vn 1 0.0003 0.0002
vn 0.99999 -0.0035 -0.0018
vn 0.99999 -0.0036 -0.0017
vn 0 0.96469 0.2634
vn 0 0.96471 0.2633
vn -0.99999 -0.0045 -0.0016
vn -0.99999 0.0036 0.0016
vn -0.99999 0.0035 0.0018
vn -0.99999 0.0036 0.0017
vn -0.99998 0.005 0.0032
vn -0.99998 0.0051 0.003
vn 0.93391 0.2572 -0.2483
vn 0.93397 0.25719 -0.24809
vn 0.93394 0.25721 -0.24821
vn 0.99999 0.0045 0.0016
vn 0.99999 0.0046 0.0013
vn 0 -0.96474 -0.26321
vn 0.99999 -0.003 -0.0019
vn 0.99999 -0.0031 -0.0017
vn 0.99999 -0.0031 -0.0016
vn 0.99999 -0.0031 -0.0018
vn 0.99998 -0.0055 -0.0033
vn 0.99998 -0.0051 -0.003
vn 0.99998 -0.005 -0.0032
vn -0.93391 0.2573 -0.2482
vn -0.93394 0.25721 -0.24821
vn -0.99999 -0.0033 -0.0013
vn -0.99999 -0.0034 -0.0011
vn -0.99998 0.0055 0.0033
vn 0.0353 -0.50809 0.86058
vn 0.0352 -0.50816 0.86054
vn 0.0351 -0.50821 0.86052
vn 0.0352 -0.50809 0.86058
vn 0 -0.47428 0.88037
vn 0 -0.5153 0.85701
vn 0 -0.5096 0.86041
vn 0 -0.32569 0.94548
vn 0 -0.2953 0.9554
vn 0 -0.2467 0.96909
vn 0 0.47448 -0.88027
vn 0 0.47452 -0.88024
vn 0 0.5153 -0.85701
vn 0 0.50918 -0.86066
vn 0 0.32569 -0.94548
vn 0 0.29539 -0.95538
vn 0 0.2547 -0.96702
vn -0.99999 -0.0033 -0.0012
vn 0.99998 -0.0056 -0.0033
vn 0.99999 0.0033 0.0012
vn 0.99999 0.0034 0.0011
vn -0.99998 0.0056 0.0033
vn 0.93392 0.107 0.34111
vn 0.93393 0.1069 0.34111
vn 0 -0.96469 -0.2634
vn -0.99999 -0.0045 -0.0015
vn -0.99999 -0.0046 -0.0013
vn -0.93388 0.107 0.34119
vn -0.93392 0.107 0.34111
vn 0.99999 0.0045 0.0015
vn -1 -0.0003 -0.0003
vn 1 0.0003 0.0003
vn 0.99999 0.0033 0.0013
vn 0 -0.35679 0.93418
vn 0 0.35742 -0.93394
vn 0 0.96474 0.26321
vn 0 -0.96824 -0.25001
vn 0.99999 -0.0032 -0.0016
vn -0.99999 0.003 0.0019
vn -0.99999 0.0032 0.0015
vn -0.99999 0.0031 0.0018
vn -0.99999 0.0031 0.0017
vn -0.0001 -0.96899 -0.2471
vn 0.0001 -0.96899 -0.2471
vn 0 -0.96899 -0.2471
vn 0.70383 0.0811 -0.70573
vn 0.70378 0.0811 -0.70578
vn 0 -0.4196 0.90771
vn -0.7038 -0.2668 0.6584
vn -0.70391 -0.2667 0.65831
vn -0.70383 0.0811 -0.70573
vn -0.70378 0.0811 -0.70578
vn 0.7038 -0.2668 0.6584
vn 0.70389 -0.2668 0.65829
vn -0.0959 -0.0112 -0.99533
vn -0.0959 -0.48642 0.86844
vn -0.0959 -0.4865 0.8684
vn -0.6236 -0.7575 -0.1932
vn -0.62349 -0.75759 -0.1932
vn -0.53132 -0.015 0.84704
vn -0.53139 -0.015 0.84699
vn -0.55249 -0.0234 0.83319
vn -0.56148 -0.0682 0.82467
vn -0.71553 -0.1127 0.68943
vn -0.72909 -0.1213 0.67359
vn -0.72908 -0.1214 0.67358
vn -0.61618 -0.0193 0.78737
vn -0.71162 -0.0466 0.70102
vn -0.64758 -0.65108 -0.39589
vn -0.74869 -0.0403 0.66169
vn -0.58342 -0.0296 0.81163
vn -0.58349 -0.0296 0.81158
vn -0.56102 -0.0111 0.82773
vn -0.5245 -0.0024 0.85141
vn -0.5245 -0.0026 0.8514
vn -0.5322 0.0141 0.8465
vn -0.55398 0.0208 0.83227
vn -0.55398 0.0209 0.83227
vn -0.56583 0.0651 0.82195
vn -0.56583 0.0652 0.82194
vn -0.72131 0.0954 0.68601
vn -0.7213 0.0955 0.686
vn -0.73486 0.10229 0.67046
vn -0.73492 0.1022 0.67041
vn -0.61699 0.0111 0.78689
vn -0.61699 0.011 0.78689
vn -0.71362 0.0293 0.69992
vn -0.71372 -0.0037 0.70042
vn -0.71372 -0.0036 0.70042
vn -0.61681 -0.0032 0.78711
vn -0.75021 0.0193 0.66091
vn -0.75026 0.0193 0.66086
vn -0.73987 0.0254 0.67227
vn -0.73987 0.0253 0.67227
vn -0.71351 -0.0138 0.70051
vn -0.71351 -0.0137 0.70051
vn -0.71346 -0.0137 0.70056
vn -0.58521 0.0243 0.81052
vn -0.7177 -0.105 0.6884
vn 0.51798 -0.006 -0.85537
vn 0.55238 0.0234 -0.83327
vn 0.56148 0.0682 -0.82467
vn 0.56153 0.0682 -0.82464
vn 0.71592 0.1128 -0.68901
vn 0.71591 0.1129 -0.68901
vn 0.729 0.1217 -0.6736
vn 0.72901 0.1216 -0.67361
vn 0.6155 0.0194 -0.7879
vn 0.6155 0.0193 -0.7879
vn 0.71142 0.0467 -0.70122
vn 0.71137 0.0466 -0.70127
vn 0.71137 0.0467 -0.70127
vn 0.61608 0.0049 -0.78767
vn 0.61608 0.0053 -0.78767
vn 0.52481 -0.0025 -0.85122
vn 0.52458 -0.002 -0.85136
vn 0.52462 -0.0021 -0.85133
vn 0.52462 -0.0022 -0.85133
vn 0.75031 -0.0194 -0.66081
vn 0.58349 0.0296 -0.81158
vn 0.5609 0.0111 -0.82781
vn 0.5245 0.0029 -0.8514
vn 0.5245 0.0024 -0.85141
vn 0.5176 0.0057 -0.8556
vn 0.55391 -0.0208 -0.83232
vn 0.55386 -0.0208 -0.83235
vn 0.56583 -0.0651 -0.82195
vn 0.72169 -0.0955 -0.68559
vn 0.72169 -0.0956 -0.68559
vn 0.73484 -0.10261 -0.67044
vn 0.73489 -0.1025 -0.67039
vn 0.73485 -0.10251 -0.67044
vn 0.73479 -0.1026 -0.67049
vn 0.61632 -0.0112 -0.78742
vn 0.61632 -0.0111 -0.78742
vn 0.71337 -0.0294 -0.70017
vn 0.71352 0.0037 -0.70062
vn 0.71347 0.0036 -0.70067
vn 0.61608 0.0028 -0.78768
vn 0.61613 0.0031 -0.78764
vn 0.61613 0.0032 -0.78764
vn 0.61613 0.0033 -0.78764
vn 0.7403 -0.0254 -0.6718
vn 0.74869 0.0404 -0.66169
vn 0.71326 0.0138 -0.70076
vn 0.71321 0.0137 -0.70081
vn 0.58528 -0.0243 -0.81047
vn 0.56159 -0.0078 -0.82738
vn 0.56159 -0.0077 -0.82738
vn 0.56152 -0.0077 -0.82743
vn -0.53911 0.77511 -0.3295
vn -0.53909 0.77508 -0.32959
vn 0.3575 -0.0065 -0.93389
vn 0.34381 -0.91482 0.2119
vn -0.1473 0.985 -0.0899
vn -0.1473 0.98499 -0.09
vn -0.4905 -0.81821 -0.2999
vn -0.4906 -0.81819 -0.2998
vn -0.0829 -0.99529 -0.0502
vn -0.083 -0.99529 -0.05
vn 0.0304 0.99938 0.0179
vn 0.0303 0.99938 0.018
vn 0.0953 -0.99374 0.0583
vn 0.0952 -0.99375 0.0583
vn 0.28821 0.94073 0.1788
vn 0.28812 0.94075 0.17881
vn 0.63582 0.65752 0.40422
vn 0.6358 0.6575 0.4043
vn 0.67389 -0.60409 0.42539
vn 0.67383 -0.60413 0.42542
vn 0.85102 0.0359 0.52391
vn 0.85104 0.0359 0.52387
vn 0.35478 0.90675 0.22789
vn 0.35469 0.90676 0.22799
vn 0.1395 -0.98648 0.086
vn 0.1398 -0.98647 0.0856
vn 0.084 0.99501 0.0539
vn 0.0839 0.99501 0.054
vn 0.0839 0.99502 0.0539
vn 0.40409 -0.87849 0.2549
vn 0.4044 -0.8784 0.2547
vn -0.52469 0.0022 0.85129
vn -0.52469 0.0021 0.85129
vn -0.6168 -0.005 0.7871
vn -0.6168 -0.0051 0.7871
vn 0.73832 0.0453 -0.67292
vn 0.73827 0.0453 -0.67298
vn 0.73833 0.0452 -0.67293
vn 0.28559 -0.105 -0.95258
vn -0.5617 0.0078 0.8273
vn -0.5617 0.0077 0.8273
vn 0.8511 0.0355 0.5238
vn 0.85106 0.0355 0.52387
vn -0.0308 0.99935 -0.0186
vn -0.0307 0.99935 -0.0189
vn 0.0307 -0.99935 0.0189
vn 0.0308 -0.99935 0.0187
vn 0.0276 -0.99949 0.0159
vn 0.0275 -0.99949 0.016
vn 0.84371 0.0357 0.53561
vn 0.84372 0.0356 0.53561
vn -0.0345 0.99918 -0.0212
vn -0.0343 0.99918 -0.0214
vn -0.0275 0.99949 -0.016
vn -0.0276 0.99949 -0.0158
vn -0.0276 0.99949 -0.0159
vn -0.0266 0.99955 -0.0141
vn -0.0265 0.99955 -0.0143
vn 0.3473 -0.9266 -0.1442
vn 0.34731 -0.92663 -0.144
vn 0.34731 -0.92661 -0.1441
vn 0.0343 -0.99918 0.0214
vn 0.0345 -0.99918 0.0212
vn -0.84379 -0.0357 -0.53549
vn -0.84383 -0.0357 -0.53542
vn 0.028 -0.99948 0.016
vn 0.0279 -0.99948 0.0161
vn 0.0261 -0.99956 0.0138
vn 0.0264 -0.99955 0.0142
vn 0.0266 -0.99955 0.0141
vn 0.29041 0.94005 -0.17881
vn 0.2905 0.94 -0.1789
vn 0.29041 0.94003 -0.17891
vn -0.0332 0.99923 -0.0208
vn -0.0333 0.99923 -0.0207
vn -0.0261 0.99956 -0.0138
vn -0.7379 -0.0452 0.6734
vn -0.71251 -0.0087 0.70161
vn -0.71251 -0.0086 0.70161
vn -0.7448 -0.0102 0.6672
vn -0.7448 -0.0104 0.6672
vn -0.7403 -0.01 0.6722
vn -0.58982 -0.0029 0.80753
vn -0.56369 -0.0018 0.82598
vn -0.52129 0 0.85338
vn 0.71271 0.0087 -0.70141
vn 0.71271 0.0086 -0.70141
vn 0.7448 0.0105 -0.6672
vn 0.7448 0.0103 -0.6672
vn 0.74002 0.0101 -0.67251
vn 0.74001 0.0102 -0.67251
vn 0.58977 0.0029 -0.80756
vn 0.56374 0.0018 -0.82595
vn 0.56374 0.0019 -0.82595
vn 0.52833 0.0003 -0.84904
vn -0.0333 0.99923 -0.0206
vn -0.0333 0.99923 -0.0208
vn 0.0332 -0.99923 0.0208
vn 0.0334 -0.99923 0.0206
vn 0.0301 -0.92661 0.37481
vn 0.03 -0.92662 0.37481
vn -0.84372 -0.0356 -0.53561
vn -0.84371 -0.0357 -0.53561
vn 0.0274 -0.9995 0.016
vn -0.0269 0.94004 0.34001
vn -0.0268 0.94005 0.33998
vn -0.0268 0.94004 0.34001
vn -0.0274 0.99949 -0.0161
vn -0.0275 0.9995 -0.0159
vn -0.0307 0.99935 -0.019
vn 0.0333 -0.99923 0.0207
vn -0.61613 -0.0043 0.78763
vn -0.61619 -0.0044 0.78759
vn 0.61669 0.0042 -0.78719
vn 0.61669 0.0041 -0.78719
vn 0.84383 0.0357 0.53542
vn 0.84379 0.0357 0.53549
vn -0.85105 -0.0356 -0.52387
vn -0.85102 -0.0358 -0.52391
vn 0.0282 -0.99948 0.0159
vn 0.0279 -0.99948 0.0162
vn -0.0279 0.99948 -0.0161
vn -0.0281 0.99948 -0.016
vn -0.028 0.99948 -0.016
vn -0.0279 0.99948 -0.0162
vn -0.85105 -0.0357 -0.52387
vn -0.028 0.99948 -0.0161
vn -0.85262 -0.0357 -0.52131
vn -0.85265 -0.0357 -0.52127
vn 0.3069 -0.70679 -0.63739
vn -0.66828 -0.0065 0.74388
vn -0.66833 -0.0065 0.74384
vn -0.47028 0.69997 0.53748
vn -0.4703 0.70001 0.53741
vn 0.26401 0.70003 -0.66352
vn 0.2641 0.69991 -0.66361
vn -0.4274 -0.7068 0.5637
vn -0.42739 -0.70689 0.56359
vn 0.27981 0.0867 -0.95613
vn -0.72353 0.0867 0.68483
vn -0.68549 0.59529 -0.4192
vn -0.68552 0.59532 -0.41911
vn 0.55939 -0.0988 0.82299
vn 0.58127 -0.0965 0.80797
vn 0.58127 -0.09659 0.80796
vn 0.60117 -0.056 0.79716
vn 0.75439 -0.0576 0.65389
vn 0.75439 -0.0577 0.65389
vn 0.76887 -0.0533 0.63718
vn 0.76887 -0.0534 0.63717
vn 0.63927 -0.11869 0.75977
vn 0.73398 -0.12 0.66848
vn 0.73397 -0.1201 0.66848
vn 0.77369 0.44609 -0.44989
vn 0.76608 -0.137 0.62798
vn 0.6116 -0.0994 0.7849
vn 0.586 -0.1108 0.8027
vn 0.58599 -0.1109 0.80269
vn 0.54979 -0.1089 0.82818
vn 0.54981 -0.1085 0.82821
vn 0.5526 -0.1271 0.8237
vn 0.5711 -0.1397 0.8089
vn 0.5705 -0.1858 0.8
vn 0.57049 -0.1859 0.79999
vn 0.70559 -0.26 0.65919
vn 0.7161 -0.2706 0.6434
vn 0.63209 -0.1482 0.76059
vn 0.63214 -0.14821 0.76055
vn 0.71613 -0.19381 0.67052
vn 0.72488 -0.1619 0.66958
vn 0.72482 -0.162 0.66962
vn 0.63559 -0.1347 0.76019
vn 0.63568 -0.1343 0.76018
vn 0.75204 -0.19491 0.62964
vn 0.75198 -0.195 0.62968
vn 0.75203 -0.19501 0.62962
vn 0.74102 -0.19771 0.64172
vn 0.74101 -0.1978 0.6417
vn 0.72716 -0.15229 0.66936
vn 0.72722 -0.1522 0.66932
vn 0.59923 -0.15191 0.78604
vn 0.75436 -0.0656 0.65317
vn 0.75441 -0.0656 0.65311
vn -0.54149 0.1152 -0.83278
vn -0.54142 0.1152 -0.83282
vn -0.54141 0.1153 -0.83281
vn -0.5812 0.0966 -0.808
vn -0.58114 0.09661 -0.80805
vn -0.60117 0.056 -0.79716
vn -0.60122 0.056 -0.79712
vn -0.75472 0.0576 -0.65352
vn -0.76888 0.053 -0.63719
vn -0.76888 0.0531 -0.63718
vn -0.63859 0.1184 -0.76039
vn -0.63858 0.1185 -0.76038
vn -0.73381 0.1198 -0.66871
vn -0.7338 0.1199 -0.6687
vn -0.63551 0.1321 -0.76071
vn -0.63548 0.1324 -0.76068
vn -0.63541 0.1325 -0.76072
vn -0.54872 0.1137 -0.82824
vn -0.54869 0.1135 -0.82829
vn -0.5487 0.1133 -0.8283
vn -0.5487 0.1134 -0.82829
vn -0.75203 0.19501 -0.62962
vn -0.75201 0.1951 -0.62961
vn -0.61166 0.09939 -0.78485
vn -0.61171 0.0994 -0.78481
vn -0.58588 0.1109 -0.80277
vn -0.5497 0.1091 -0.8282
vn -0.54971 0.109 -0.82821
vn -0.5442 0.1039 -0.8325
vn -0.54413 0.10381 -0.83255
vn -0.54409 0.1038 -0.83258
vn -0.571 0.1396 -0.809
vn -0.5705 0.1858 -0.8
vn -0.70589 0.2602 -0.65879
vn -0.716 0.2709 -0.6434
vn -0.63144 0.14811 -0.76115
vn -0.6315 0.1481 -0.7611
vn -0.71588 0.1938 -0.67079
vn -0.71584 0.19381 -0.67083
vn -0.72458 0.162 -0.66988
vn -0.72459 0.1619 -0.66989
vn -0.63498 0.1342 -0.76078
vn -0.6349 0.1345 -0.7608
vn -0.74142 0.19781 -0.64122
vn -0.74141 0.1979 -0.64121
vn -0.76613 0.13691 -0.62793
vn -0.76609 0.1369 -0.62799
vn -0.727 0.152 -0.6696
vn -0.72693 0.15221 -0.66963
vn -0.72699 0.1521 -0.66959
vn -0.59929 0.1519 -0.78599
vn -0.58162 0.12921 -0.80313
vn 0.30119 -0.89908 -0.31769
vn 0.30109 -0.89908 -0.31779
vn -0.3906 0.0713 -0.9178
vn -0.3906 0.0712 -0.9178
vn -0.0825 0.97902 0.1863
vn -0.0825 0.97904 0.18621
vn -0.11899 -0.99146 -0.0534
vn -0.1191 -0.99144 -0.0535
vn 0.67069 0.65139 -0.35479
vn 0.67079 0.65139 -0.35459
vn 0.33638 0.93675 -0.09669
vn 0.33651 0.93672 -0.0965
vn -0.28861 -0.95543 0.0621
vn -0.28861 -0.95542 0.0622
vn 0.1699 0.98527 0.0193
vn -0.51371 -0.82631 0.2309
vn -0.51372 -0.82633 0.23081
vn -0.76361 -0.45511 0.45801
vn -0.76358 -0.45509 0.45809
vn -0.47071 0.77241 0.4264
vn -0.4708 0.77241 0.4263
vn -0.80319 0.2046 0.55949
vn -0.5666 -0.7746 0.281
vn -0.5665 -0.7746 0.2812
vn 0.1268 0.99071 0.0491
vn 0.1264 0.99078 0.0488
vn -0.33729 -0.93607 0.1001
vn -0.33729 -0.93607 0.1
vn -0.1478 0.96113 0.23321
vn -0.1484 0.96111 0.2329
vn 0.54872 -0.1138 0.82823
vn 0.5487 -0.1134 0.82829
vn 0.54869 -0.1135 0.82829
vn 0.6362 -0.1323 0.7601
vn 0.6361 -0.1328 0.7601
vn -0.75793 0.12911 -0.63943
vn -0.75792 0.1292 -0.63942
vn -0.29661 0.1469 -0.94363
vn -0.29659 0.14679 -0.94366
vn 0.58168 -0.1293 0.80307
vn 0.58169 -0.1292 0.80309
vn -0.80309 0.205 0.55949
vn -0.2314 -0.97259 0.0231
vn -0.2314 -0.97258 0.0232
vn 0.23161 0.97254 -0.0229
vn 0.2314 0.97259 -0.0231
vn 0.23459 0.97175 -0.026
vn 0.23449 0.97177 -0.026
vn 0.23461 0.97174 -0.0259
vn -0.79549 0.2032 0.57089
vn -0.79547 0.20329 0.57088
vn -0.2281 -0.97342 0.0205
vn -0.2282 -0.9734 0.0202
vn -0.23459 -0.97175 0.0259
vn -0.23449 -0.97177 0.0261
vn -0.23449 -0.97177 0.026
vn -0.23461 -0.97174 0.0259
vn -0.2354 -0.9715 0.0279
vn -0.2355 -0.97148 0.0277
vn -0.10091 0.98035 -0.16951
vn -0.1008 0.98038 -0.1694
vn -0.1009 0.98037 -0.16939
vn 0.2282 0.9734 -0.0202
vn 0.22801 0.97344 -0.0205
vn 0.79551 -0.2033 -0.57081
vn 0.7956 -0.2033 -0.5707
vn 0.23409 0.97187 -0.0259
vn 0.23409 0.97187 -0.0258
vn 0.23419 0.97185 -0.0258
vn 0.234 0.97189 -0.0259
vn 0.2358 0.97139 -0.0282
vn 0.2355 0.97148 -0.0277
vn 0.2354 0.9715 -0.0278
vn -0.5339 -0.83609 -0.1261
vn -0.22921 -0.97315 0.0209
vn -0.22909 -0.97318 0.021
vn -0.2358 -0.97139 0.0282
vn 0.75752 -0.1291 0.63992
vn 0.75756 -0.12909 0.63987
vn 0.75755 -0.12919 0.63986
vn 0.72497 -0.15689 0.67067
vn 0.75481 -0.1648 0.63491
vn 0.7548 -0.1649 0.6349
vn 0.75067 -0.16369 0.64008
vn 0.75066 -0.16379 0.64007
vn 0.6106 -0.127 0.78169
vn 0.6106 -0.1269 0.7817
vn 0.58599 -0.1206 0.80129
vn 0.58599 -0.1207 0.80128
vn 0.54611 -0.1104 0.83041
vn 0.54611 -0.1103 0.83042
vn -0.7251 0.157 -0.6705
vn -0.72516 0.15689 -0.67047
vn -0.75476 0.16479 -0.63497
vn -0.75041 0.1636 -0.64041
vn -0.75036 0.16359 -0.64047
vn -0.61049 0.1269 -0.78179
vn -0.6106 0.1269 -0.7817
vn -0.5861 0.1207 -0.8012
vn -0.58611 0.1206 -0.80121
vn -0.55281 0.1122 -0.82572
vn -0.55277 0.11209 -0.82576
vn -0.22919 -0.97316 0.0209
vn 0.22919 0.97316 -0.0209
vn 0.22909 0.97318 -0.021
vn 0.23149 0.91316 0.33549
vn 0.2314 0.91318 0.33549
vn 0.2315 0.91319 0.3354
vn 0.79549 -0.2032 -0.57089
vn 0.79547 -0.20329 -0.57088
vn -0.22801 -0.97344 0.0205
vn 0.23531 0.97152 -0.0279
vn 0.23459 0.97175 -0.0259
vn -0.20161 -0.90324 0.37882
vn -0.20159 -0.90326 0.37878
vn -0.23161 -0.97254 0.0229
vn -0.23161 -0.97254 0.0228
vn 0.23161 0.97254 -0.0228
vn 0.22921 0.97315 -0.0209
vn 0.6353 -0.1332 0.7607
vn 0.63528 -0.1334 0.76067
vn -0.6358 0.1336 -0.7602
vn -0.63577 0.13339 -0.76026
vn -0.7956 0.2033 0.5707
vn -0.79551 0.2033 0.57081
vn 0.80312 -0.2048 -0.55951
vn 0.23381 0.97193 -0.0261
vn 0.23431 0.97183 -0.0256
vn -0.2344 -0.97181 0.0254
vn -0.234 -0.97189 0.026
vn -0.2339 -0.97191 0.0261
vn -0.23409 -0.97187 0.0258
vn 0.80315 -0.20479 -0.55947
vn -0.234 -0.97189 0.0259
vn -0.23409 -0.97187 0.0259
vn 0.80478 -0.20519 -0.55698
vn 0.80479 -0.2051 -0.55699
vn 0.80484 -0.20511 -0.55693
vn -0.1444 0.74259 -0.65399
vn -0.1444 0.7425 -0.6541
vn 0.68396 -0.14599 0.71476
vn 0.2985 -0.7819 0.5473
vn 0.2986 -0.782 0.5471
vn -0.47071 -0.62662 -0.62112
vn -0.47058 -0.62657 -0.62127
vn 0.62477 0.58717 0.51468
vn 0.62484 0.58714 0.51463
vn -0.3411 -0.0397 -0.93919
vn 0.7099 -0.2522 0.6576
vn 0.48459 -0.76678 -0.42099
vn 0.68401 -0.146 0.71471
vn -0.69845 -0.012 0.71555
vn -0.6985 -0.0121 0.7155
vn -0.6985 -0.012 0.7155
vn -0.6984 -0.012 0.7156
vn -0.71641 -0.0195 0.69741
vn -0.7248 -0.0638 0.686
vn -0.84798 -0.1006 0.52039
vn -0.84803 -0.1006 0.52032
vn -0.85814 -0.1085 0.50182
vn -0.76887 -0.0124 0.63928
vn -0.8447 -0.0348 0.5341
vn -0.56821 -0.62151 -0.53931
vn -0.56828 -0.62148 -0.53928
vn -0.87239 -0.0266 0.48809
vn -0.74232 -0.0242 0.66961
vn -0.74231 -0.0243 0.66961
vn -0.7233 -0.0068 0.6905
vn -0.7233 -0.0067 0.6905
vn -0.69236 0.0003 0.72156
vn -0.6923 0.0001 0.72161
vn -0.6984 0.0171 0.7155
vn -0.6984 0.0172 0.7155
vn -0.71637 0.0248 0.69728
vn -0.72448 0.0696 0.68578
vn -0.72447 0.0697 0.68577
vn -0.72452 0.0697 0.68572
vn -0.8468 0.1077 0.5209
vn -0.84681 0.1076 0.5209
vn -0.85651 0.1152 0.50311
vn -0.85658 0.1152 0.50299
vn -0.76868 0.018 0.63938
vn -0.84418 0.041 0.53449
vn -0.84418 0.0411 0.53449
vn -0.84539 0.0081 0.53409
vn -0.76893 0.004 0.63932
vn -0.76897 0.0036 0.63927
vn -0.87199 0.0331 0.4884
vn -0.872 0.033 0.4884
vn -0.86412 0.0386 0.50181
vn -0.86408 0.0385 0.50189
vn -0.84541 -0.0019 0.53411
vn -0.74221 0.0297 0.66951
vn -0.84967 -0.0928 0.51908
vn -0.84966 -0.0929 0.51908
vn 0.68649 -0.0084 -0.72709
vn 0.68649 -0.0083 -0.72709
vn 0.71636 0.0194 -0.69746
vn 0.71636 0.0195 -0.69746
vn 0.7248 0.0638 -0.686
vn 0.84828 0.1007 -0.51989
vn 0.85811 0.1088 -0.50181
vn 0.85812 0.1087 -0.50181
vn 0.76828 0.0125 -0.63999
vn 0.76829 0.0124 -0.63999
vn 0.84451 0.0349 -0.5344
vn 0.8445 0.035 -0.5344
vn 0.76838 -0.002 -0.63999
vn 0.76843 -0.0015 -0.63993
vn 0.6924 -0.005 -0.7215
vn 0.6923 -0.0048 -0.7216
vn 0.87199 -0.0332 -0.48839
vn 0.87199 -0.0331 -0.4884
vn 0.74232 0.0242 -0.66961
vn 0.7232 0.0068 -0.6906
vn 0.7232 0.0067 -0.6906
vn 0.6923 -0.0002 -0.72161
vn 0.68656 0.0033 -0.72706
vn 0.68656 0.0034 -0.72706
vn 0.68651 0.0034 -0.72711
vn 0.71628 -0.0247 -0.69738
vn 0.71633 -0.0248 -0.69733
vn 0.72453 -0.0696 -0.68572
vn 0.84709 -0.1078 -0.5204
vn 0.85653 -0.1155 -0.50301
vn 0.85648 -0.1155 -0.50309
vn 0.76809 -0.0181 -0.64009
vn 0.84398 -0.0412 -0.53479
vn 0.84398 -0.0411 -0.53479
vn 0.84515 -0.0082 -0.53447
vn 0.84519 -0.0081 -0.5344
vn 0.8452 -0.008 -0.5344
vn 0.76838 -0.0037 -0.63998
vn 0.76838 -0.004 -0.63998
vn 0.86441 -0.0386 -0.50131
vn 0.86441 -0.0385 -0.50131
vn 0.87242 0.0268 -0.48801
vn 0.87243 0.0267 -0.48801
vn 0.84522 0.0019 -0.53441
vn 0.84522 0.002 -0.53441
vn 0.7423 -0.0297 -0.6694
vn 0.72317 -0.0121 -0.69057
vn 0.72317 -0.012 -0.69057
vn -0.43432 0.79873 -0.41642
vn -0.43422 0.79873 -0.41652
vn 0.54629 -0.002 -0.83759
vn 0.26421 -0.92962 0.25691
vn 0.2643 -0.9296 0.2569
vn -0.0959 0.99089 -0.0946
vn -0.0958 0.99089 -0.0947
vn -0.43999 -0.79558 -0.41649
vn -0.44009 -0.79558 -0.41639
vn -0.0995 -0.99084 -0.0913
vn -0.0999 -0.99084 -0.0909
vn 0.0554 0.99729 0.0485
vn 0.0553 0.99729 0.0486
vn 0.0515 -0.99729 0.0526
vn 0.0514 -0.99729 0.0526
vn 0.27149 0.92705 0.25859
vn 0.27151 0.92704 0.25861
vn 0.5552 0.62819 0.5451
vn 0.55513 0.62823 0.54513
vn 0.5507 -0.6342 0.5427
vn 0.55077 -0.63416 0.54267
vn 0.7219 -0.0025 0.692
vn 0.7219 -0.0024 0.692
vn 0.32558 0.88994 0.31938
vn 0.32489 0.88997 0.31999
vn 0.089 -0.99204 0.0891
vn 0.0895 -0.99202 0.0888
vn 0.1 0.99046 0.0948
vn 0.1 0.99045 0.0949
vn 0.0999 0.99046 0.0949
vn 0.31511 -0.89613 0.31251
vn 0.31571 -0.89602 0.31221
vn -0.6924 0.0051 0.7215
vn -0.6923 0.0048 0.7216
vn -0.76897 0.0016 0.63928
vn -0.76897 0.0019 0.63928
vn 0.8648 0.0321 -0.5011
vn 0.47718 -0.0977 -0.87336
vn 0.47711 -0.0976 -0.87341
vn -0.72326 0.0121 0.69047
vn -0.72322 0.0121 0.69052
vn 0.7219 -0.0028 0.692
vn 0.0033 0.99999 -0.0001
vn 0.0035 0.99999 -0.0003
vn -0.0035 -0.99999 0.0003
vn -0.0033 -0.99999 0.0001
vn -0.0058 -0.99998 -0.0033
vn -0.0059 -0.99998 -0.0032
vn 0.71224 -0.0025 0.70194
vn 0.71224 -0.0026 0.70194
vn 0.0003 0.99999 -0.0033
vn 0.0005 0.99999 -0.0036
vn 0.006 0.99998 0.0032
vn 0.0058 0.99998 0.0033
vn 0.0065 0.99997 0.0052
vn 0.0066 0.99997 0.0051
vn 0.34239 -0.93518 -0.0906
vn 0.3424 -0.93519 -0.0905
vn -0.0002 -0.99999 0.0034
vn -0.0003 -0.99999 0.0034
vn -0.71238 0.0024 -0.70179
vn -0.71238 0.0026 -0.70178
vn -0.0054 -0.99998 -0.0031
vn -0.0056 -0.99998 -0.003
vn -0.0055 -0.99998 -0.003
vn -0.0053 -0.99998 -0.0031
vn -0.0069 -0.99996 -0.0056
vn -0.0068 -0.99996 -0.0056
vn -0.0066 -0.99997 -0.0051
vn -0.0065 -0.99997 -0.0052
vn 0.34931 0.93263 -0.0905
vn 0.34919 0.93267 -0.0905
vn 0.0014 1 -0.0027
vn 0.0012 1 -0.0026
vn 0.0068 0.99996 0.0056
vn 0.0069 0.99996 0.0056
vn -0.86446 -0.0321 0.50168
vn -0.86451 -0.032 0.5016
vn -0.8645 -0.0321 0.5016
vn -0.84452 0.0031 0.53551
vn -0.86889 0.0032 0.49499
vn -0.86557 0.0031 0.50078
vn -0.74692 0.0027 0.66491
vn -0.74687 0.0028 0.66497
vn -0.72522 0.0027 0.68852
vn -0.72522 0.0026 0.68852
vn -0.68949 0.0026 0.72429
vn -0.68949 0.0025 0.72429
vn 0.84467 -0.0031 -0.53528
vn 0.86889 -0.0032 -0.49499
vn 0.86889 -0.0031 -0.49499
vn 0.86532 -0.0031 -0.50121
vn 0.74682 -0.0027 -0.66502
vn 0.72526 -0.0026 -0.68847
vn 0.72526 -0.0027 -0.68847
vn 0.69551 -0.0025 -0.71851
vn -0.0014 -1 0.0027
vn -0.0012 -1 0.0026
vn 0.0065 0.99996 0.0053
vn -0.0771 -0.93361 0.3499
vn -0.0771 -0.93364 0.34982
vn -0.0771 -0.93365 0.34978
vn -0.0771 -0.93369 0.34969
vn -0.71224 0.0025 -0.70194
vn -0.71224 0.0026 -0.70194
vn 0.0005 0.99999 -0.0035
vn 0.0002 0.99999 -0.0033
vn -0.0064 -0.99997 -0.0052
vn -0.006 -0.99998 -0.0032
vn -0.0059 -0.99998 -0.0033
vn -0.0704 0.93418 0.34979
vn -0.0703 0.93419 0.34979
vn -0.0003 -0.99999 0.0033
vn -0.0005 -0.99999 0.0035
vn 0.0059 0.99998 0.0032
vn 0.0034 0.99999 -0.0003
vn 0.0035 0.99999 -0.0004
vn -0.0035 -0.99999 0.0004
vn -0.0034 -0.99999 0.0003
vn -0.76843 0.0028 0.63993
vn 0.76888 -0.0029 -0.63938
vn 0.76888 -0.0028 -0.63938
vn 0.71238 -0.0025 0.70178
vn -0.7219 0.0025 -0.692
vn -0.7219 0.0026 -0.692
vn -0.005 -0.99998 -0.0034
vn -0.0056 -0.99998 -0.0029
vn 0.0054 0.99998 0.0031
vn 0.0055 0.99998 0.003
vn 0.0055 0.99998 0.0031
vn 0.0056 0.99998 0.0029
vn -0.724 0.0026 -0.6898
vn -0.724 0.0027 -0.6898
vn 0.41352 -0.70544 -0.57563
vn 0.41381 -0.70521 -0.57571
vn -0.81022 0.003 0.58612
vn -0.55239 0.70588 0.44339
vn -0.55221 0.70601 0.44341
vn 0.41879 0.70228 -0.57569
vn -0.55749 -0.70179 0.4435
vn -0.55741 -0.70191 0.44341
vn 0.47788 0.0942 -0.87336
vn 0.47781 0.0941 -0.87341
vn -0.84897 0.099 0.51908
vn -0.56371 0.62561 -0.53931
vn -0.81022 0.0029 0.58612
vn 0.0001 0.96824 0.25001
vn 0 0.96824 0.25001
vn 0 0.96819 0.2502
vn -0.0001 0.96824 0.25001
vn -0.0001 0.96827 0.24989
vn 0 -0.96901 -0.247
vn 0 -0.96894 -0.24729
vn 0 -0.96891 -0.2474
vn 0.85105 0.0356 0.52387
vn 0.85102 0.0358 0.52391
vn 0.85105 0.0357 0.52387
vn -0.85262 -0.0356 -0.52131
vn -0.85263 -0.0354 -0.52132
vn -0.80315 0.20479 0.55947
vn -0.8031 0.2049 0.5595
vn -0.80314 0.20471 0.55952
vn -0.80317 0.20469 0.55948
vn 0.8048 -0.2053 -0.5569
vn 0.80467 -0.20509 -0.55718
vn 0.7219 -0.0023 0.692
vn 0.7219 -0.0026 0.692
vn -0.7238 0.0025 -0.69
vt 0.27216 0.49218
vt 0.27212 0.49218
vt 0.27214 0.49216
vt 0.27212 0.49203
vt 0.27216 0.49203
vt 0.27214 0.49205
vt 0.27212 0.49002
vt 0.27216 0.49002
vt 0.27214 0.49012
vt 0.27216 0.49011
vt 0.27212 0.49011
vt 0.27214 0.49001
vt 0.16417 0.60295
vt 0.16413 0.60295
vt 0.16415 0.60293
vt 0.16413 0.6028
vt 0.16417 0.6028
vt 0.16415 0.60282
vt 0.16413 0.6008
vt 0.16417 0.6008
vt 0.16415 0.60089
vt 0.16417 0.60088
vt 0.16413 0.60088
vt 0.16415 0.60078
vt 0.82927 0.94117
vt 0.82923 0.94117
vt 0.82925 0.94115
vt 0.82923 0.94102
vt 0.82927 0.94102
vt 0.82925 0.94104
vt 0.82923 0.93902
vt 0.82927 0.93902
vt 0.82925 0.93912
vt 0.82927 0.9391
vt 0.82923 0.9391
vt 0.82925 0.93901
vt 0.18577 0.15555
vt 0.18573 0.15555
vt 0.18575 0.15553
vt 0.18573 0.1554
vt 0.18577 0.1554
vt 0.18575 0.15542
vt 0.18573 0.1534
vt 0.18577 0.1534
vt 0.18575 0.1535
vt 0.18577 0.15348
vt 0.18573 0.15348
vt 0.18575 0.15339
vt 0.15769 0.47572
vt 0.15754 0.47572
vt 0.15754 0.47557
vt 0.15769 0.47557
vt 0.15764 0.47519
vt 0.1576 0.47519
vt 0.1576 0.47522
vt 0.15764 0.47522
vt 0.15767 0.4758
vt 0.15757 0.4758
vt 0.15757 0.47568
vt 0.15767 0.47568
vt 0.1578 0.4755
vt 0.15782 0.47541
vt 0.158 0.47546
vt 0.15792 0.47552
vt 0.15757 0.47577
vt 0.15767 0.47577
vt 0.15767 0.4756
vt 0.15757 0.4756
vt 0.15766 0.47589
vt 0.15758 0.47589
vt 0.1577 0.47548
vt 0.15772 0.47539
vt 0.15758 0.47587
vt 0.15766 0.47587
vt 0.15766 0.47598
vt 0.15758 0.47598
vt 0.15762 0.47546
vt 0.15764 0.47537
vt 0.15758 0.47596
vt 0.15766 0.47596
vt 0.15766 0.47606
vt 0.15758 0.47606
vt 0.15754 0.47544
vt 0.15756 0.47536
vt 0.15758 0.47604
vt 0.15766 0.47604
vt 0.15766 0.47614
vt 0.15758 0.47614
vt 0.15746 0.47542
vt 0.15748 0.47534
vt 0.15758 0.47612
vt 0.15766 0.47612
vt 0.15766 0.47621
vt 0.15758 0.47621
vt 0.15739 0.4754
vt 0.15741 0.47533
vt 0.15758 0.47619
vt 0.15766 0.47619
vt 0.15766 0.47628
vt 0.15758 0.47628
vt 0.15732 0.47538
vt 0.15734 0.47531
vt 0.15758 0.47626
vt 0.15766 0.47626
vt 0.15766 0.47634
vt 0.15758 0.47634
vt 0.15725 0.47537
vt 0.15727 0.4753
vt 0.15758 0.47633
vt 0.15766 0.47633
vt 0.15765 0.47641
vt 0.15759 0.47641
vt 0.15719 0.47535
vt 0.1572 0.47528
vt 0.15759 0.47639
vt 0.15765 0.47639
vt 0.15765 0.47647
vt 0.15759 0.47647
vt 0.15713 0.47533
vt 0.15714 0.47527
vt 0.15759 0.47646
vt 0.15765 0.47646
vt 0.15765 0.47653
vt 0.15759 0.47653
vt 0.15706 0.47532
vt 0.15708 0.47526
vt 0.15759 0.47652
vt 0.15765 0.47652
vt 0.15765 0.4766
vt 0.15759 0.4766
vt 0.15699 0.4753
vt 0.15701 0.47524
vt 0.15759 0.47659
vt 0.15765 0.47659
vt 0.15765 0.47668
vt 0.15759 0.47668
vt 0.15692 0.47528
vt 0.15693 0.47523
vt 0.15759 0.47666
vt 0.15765 0.47666
vt 0.15764 0.47674
vt 0.1576 0.47674
vt 0.15685 0.47526
vt 0.15686 0.47521
vt 0.1576 0.47673
vt 0.15764 0.47673
vt 0.15764 0.4768
vt 0.1576 0.4768
vt 0.1568 0.47524
vt 0.15681 0.4752
vt 0.1576 0.47679
vt 0.15764 0.47679
vt 0.15764 0.47684
vt 0.1576 0.47684
vt 0.15676 0.47523
vt 0.15676 0.4752
vt 0.1576 0.47683
vt 0.15764 0.47683
vt 0.15764 0.47687
vt 0.1576 0.47687
vt 0.15672 0.47522
vt 0.15673 0.47519
vt 0.1576 0.47687
vt 0.15764 0.47687
vt 0.15769 0.47761
vt 0.15755 0.47761
vt 0.15754 0.47782
vt 0.15769 0.47782
vt 0.15789 0.47761
vt 0.15803 0.47761
vt 0.15803 0.47782
vt 0.15788 0.47782
vt 0.15769 0.47746
vt 0.15755 0.47746
vt 0.15789 0.47746
vt 0.15803 0.47746
vt 0.15769 0.47731
vt 0.15755 0.47731
vt 0.15789 0.47731
vt 0.15803 0.47731
vt 0.15769 0.47718
vt 0.15755 0.47718
vt 0.15789 0.47718
vt 0.15803 0.47718
vt 0.15769 0.47705
vt 0.15755 0.47705
vt 0.15789 0.47705
vt 0.15802 0.47705
vt 0.15768 0.47692
vt 0.15755 0.47692
vt 0.15789 0.47692
vt 0.15802 0.47692
vt 0.15768 0.4768
vt 0.15756 0.4768
vt 0.15789 0.4768
vt 0.15802 0.4768
vt 0.15768 0.47668
vt 0.15756 0.47668
vt 0.1579 0.47668
vt 0.15802 0.47668
vt 0.15768 0.47656
vt 0.15756 0.47656
vt 0.1579 0.47656
vt 0.15802 0.47656
vt 0.15768 0.47645
vt 0.15756 0.47645
vt 0.1579 0.47645
vt 0.15802 0.47645
vt 0.15768 0.47634
vt 0.15756 0.47634
vt 0.1579 0.47634
vt 0.15802 0.47634
vt 0.15768 0.47623
vt 0.15756 0.47623
vt 0.1579 0.47623
vt 0.15802 0.47623
vt 0.15768 0.47612
vt 0.15756 0.47612
vt 0.1579 0.47612
vt 0.15801 0.47612
vt 0.15767 0.47601
vt 0.15756 0.47601
vt 0.1579 0.47601
vt 0.15801 0.47601
vt 0.15767 0.47591
vt 0.15757 0.47591
vt 0.1579 0.47591
vt 0.15801 0.47591
vt 0.15767 0.4758
vt 0.15757 0.4758
vt 0.15791 0.4758
vt 0.15801 0.4758
vt 0.15767 0.4757
vt 0.15757 0.4757
vt 0.15791 0.4757
vt 0.15801 0.4757
vt 0.15767 0.47559
vt 0.15757 0.47559
vt 0.15791 0.47559
vt 0.15801 0.47559
vt 0.15767 0.47552
vt 0.15757 0.47552
vt 0.15757 0.47546
vt 0.15767 0.47546
vt 0.26647 0.49246
vt 0.26305 0.49125
vt 0.26305 0.49143
vt 0.26646 0.494
vt 0.27002 0.49268
vt 0.26995 0.49446
vt 0.27336 0.49255
vt 0.27326 0.49421
vt 0.27646 0.49192
vt 0.27644 0.49295
vt 0.27749 0.49165
vt 0.27749 0.49128
vt 0.27809 0.49113
vt 0.27809 0.49135
vt 0.27999 0.49111
vt 0.27999 0.49101
vt 0.27163 0.49001
vt 0.27163 0.49012
vt 0.27194 0.49009
vt 0.27194 0.49004
vt 0.27647 0.49092
vt 0.27749 0.49093
vt 0.2734 0.49091
vt 0.27005 0.49092
vt 0.26648 0.49094
vt 0.26305 0.49094
vt 0.26646 0.48784
vt 0.26305 0.49041
vt 0.26305 0.49059
vt 0.26647 0.48938
vt 0.26995 0.48736
vt 0.27002 0.48913
vt 0.27326 0.48759
vt 0.27336 0.48924
vt 0.27644 0.48886
vt 0.27646 0.48988
vt 0.27749 0.49054
vt 0.27749 0.49016
vt 0.27809 0.49047
vt 0.27809 0.49069
vt 0.27999 0.49082
vt 0.27999 0.49073
vt 0.27749 0.49089
vt 0.27809 0.49089
vt 0.27999 0.4909
vt 0.27647 0.49088
vt 0.2734 0.49087
vt 0.27809 0.49093
vt 0.27005 0.49088
vt 0.26281 0.49105
vt 0.26281 0.49112
vt 0.26647 0.49246
vt 0.26646 0.494
vt 0.27002 0.49268
vt 0.26995 0.49446
vt 0.27336 0.49255
vt 0.27326 0.49421
vt 0.27646 0.49192
vt 0.27644 0.49295
vt 0.27749 0.49128
vt 0.27749 0.49165
vt 0.2781 0.49113
vt 0.27999 0.49101
vt 0.27999 0.49111
vt 0.27809 0.49135
vt 0.2781 0.49093
vt 0.27999 0.49094
vt 0.26647 0.48938
vt 0.26648 0.4909
vt 0.26305 0.4909
vt 0.27646 0.48988
vt 0.27749 0.49054
vt 0.2775 0.49089
vt 0.27647 0.49088
vt 0.2734 0.49091
vt 0.27005 0.49092
vt 0.26648 0.49094
vt 0.26646 0.48784
vt 0.26995 0.48736
vt 0.27002 0.48913
vt 0.27326 0.48759
vt 0.27336 0.48924
vt 0.27644 0.48886
vt 0.27749 0.49016
vt 0.27809 0.49047
vt 0.27999 0.49073
vt 0.27999 0.49082
vt 0.2781 0.49069
vt 0.2781 0.49089
vt 0.27999 0.4909
vt 0.2734 0.49087
vt 0.27647 0.49092
vt 0.2775 0.49093
vt 0.27005 0.49088
vt 0.26305 0.49012
vt 0.26646 0.49014
vt 0.26646 0.48999
vt 0.26305 0.49001
vt 0.26281 0.49093
vt 0.27644 0.49131
vt 0.27326 0.49037
vt 0.27326 0.49022
vt 0.27644 0.49116
vt 0.26995 0.49023
vt 0.26995 0.49008
vt 0.27421 0.49131
vt 0.2729 0.49178
vt 0.2729 0.49164
vt 0.27421 0.49116
vt 0.2714 0.49178
vt 0.2701 0.49131
vt 0.2701 0.49116
vt 0.2714 0.49164
vt 0.27233 0.49218
vt 0.27224 0.49218
vt 0.27224 0.49203
vt 0.27233 0.49203
vt 0.27749 0.49178
vt 0.27809 0.49195
vt 0.27809 0.4918
vt 0.27749 0.49164
vt 0.27999 0.49218
vt 0.27999 0.49203
vt 0.26648 0.4909
vt 0.27999 0.49094
vt 0.27204 0.49218
vt 0.27195 0.49218
vt 0.27195 0.49203
vt 0.27204 0.49203
vt 0.26648 0.49
vt 0.26305 0.48999
vt 0.26311 0.49011
vt 0.26648 0.49013
vt 0.27647 0.4915
vt 0.2734 0.4906
vt 0.2734 0.49047
vt 0.27647 0.49137
vt 0.27217 0.49195
vt 0.27213 0.49195
vt 0.27213 0.49183
vt 0.27217 0.49183
vt 0.27005 0.49018
vt 0.27005 0.49031
vt 0.2781 0.49181
vt 0.2775 0.49166
vt 0.27749 0.49179
vt 0.27809 0.49194
vt 0.26305 0.49001
vt 0.26318 0.49001
vt 0.27217 0.49181
vt 0.27213 0.49181
vt 0.27213 0.49194
vt 0.27217 0.49194
vt 0.27999 0.49203
vt 0.27999 0.49216
vt 0.27749 0.49181
vt 0.2775 0.49168
vt 0.2734 0.49045
vt 0.2734 0.49059
vt 0.2775 0.49093
vt 0.27809 0.49093
vt 0.27809 0.49089
vt 0.2775 0.49089
vt 0.27647 0.49092
vt 0.27647 0.49088
vt 0.2734 0.49091
vt 0.2734 0.49087
vt 0.27005 0.49092
vt 0.27005 0.49088
vt 0.26648 0.49094
vt 0.26648 0.4909
vt 0.26311 0.49094
vt 0.26311 0.4909
vt 0.27749 0.49089
vt 0.27809 0.49089
vt 0.27809 0.49093
vt 0.27749 0.49093
vt 0.27647 0.49088
vt 0.27647 0.49092
vt 0.27005 0.49088
vt 0.27005 0.49092
vt 0.26648 0.4909
vt 0.26648 0.49094
vt 0.27005 0.49033
vt 0.27005 0.4902
vt 0.27647 0.49135
vt 0.27647 0.49148
vt 0.27809 0.49195
vt 0.27809 0.49183
vt 0.26305 0.49012
vt 0.26305 0.49014
vt 0.26311 0.49002
vt 0.26318 0.49012
vt 0.26648 0.49015
vt 0.26648 0.49002
vt 0.27999 0.49094
vt 0.27999 0.4909
vt 0.27999 0.4909
vt 0.27999 0.49094
vt 0.27212 0.49216
vt 0.27216 0.49216
vt 0.27999 0.49218
vt 0.27999 0.49204
vt 0.27216 0.49204
vt 0.27212 0.49204
vt 0.27201 0.49009
vt 0.27201 0.49003
vt 0.27227 0.49009
vt 0.27234 0.49009
vt 0.27234 0.49004
vt 0.27227 0.49003
vt 0.26305 0.49092
vt 0.26281 0.49092
vt 0.26281 0.49091
vt 0.26281 0.49079
vt 0.26281 0.49009
vt 0.26281 0.49009
vt 0.26281 0.49072
vt 0.27265 0.49012
vt 0.27265 0.49001
vt 0.15849 0.60323
vt 0.15506 0.60202
vt 0.15506 0.6022
vt 0.15848 0.60477
vt 0.16204 0.60345
vt 0.16197 0.60524
vt 0.16537 0.60332
vt 0.16528 0.60499
vt 0.16848 0.6027
vt 0.16845 0.60372
vt 0.1695 0.60243
vt 0.16951 0.60206
vt 0.17011 0.60191
vt 0.17011 0.60213
vt 0.172 0.60188
vt 0.172 0.60179
vt 0.16364 0.60078
vt 0.16364 0.6009
vt 0.16395 0.60086
vt 0.16395 0.60082
vt 0.16848 0.6017
vt 0.16951 0.6017
vt 0.16541 0.60168
vt 0.16207 0.60169
vt 0.15849 0.60171
vt 0.15506 0.60171
vt 0.15848 0.59861
vt 0.15506 0.60119
vt 0.15506 0.60136
vt 0.15849 0.60015
vt 0.16197 0.59813
vt 0.16204 0.5999
vt 0.16528 0.59836
vt 0.16537 0.60001
vt 0.16845 0.59964
vt 0.16848 0.60066
vt 0.16951 0.60131
vt 0.1695 0.60094
vt 0.17011 0.60124
vt 0.17011 0.60147
vt 0.172 0.6016
vt 0.172 0.6015
vt 0.16951 0.60166
vt 0.17011 0.60167
vt 0.172 0.60167
vt 0.16848 0.60166
vt 0.16541 0.60164
vt 0.17011 0.60171
vt 0.16207 0.60165
vt 0.15482 0.60182
vt 0.15482 0.60189
vt 0.15849 0.60323
vt 0.16204 0.60345
vt 0.16197 0.60524
vt 0.16537 0.60332
vt 0.16527 0.60499
vt 0.16848 0.6027
vt 0.16845 0.60372
vt 0.16951 0.60205
vt 0.16951 0.60243
vt 0.17011 0.60191
vt 0.17201 0.60179
vt 0.17201 0.60188
vt 0.17011 0.60213
vt 0.17011 0.60171
vt 0.17201 0.60171
vt 0.15849 0.60015
vt 0.15849 0.60167
vt 0.15506 0.60167
vt 0.16848 0.60065
vt 0.16951 0.60131
vt 0.16951 0.60166
vt 0.16849 0.60166
vt 0.16541 0.60168
vt 0.16207 0.60169
vt 0.15849 0.60171
vt 0.16197 0.59813
vt 0.16204 0.5999
vt 0.16527 0.59836
vt 0.16537 0.60001
vt 0.16845 0.59964
vt 0.16951 0.60094
vt 0.17011 0.60124
vt 0.17201 0.6015
vt 0.17201 0.6016
vt 0.17011 0.60147
vt 0.17011 0.60167
vt 0.17201 0.60167
vt 0.16541 0.60164
vt 0.16849 0.6017
vt 0.16951 0.6017
vt 0.16207 0.60165
vt 0.15506 0.6009
vt 0.15848 0.60091
vt 0.15848 0.60076
vt 0.15506 0.60078
vt 0.15482 0.6017
vt 0.16845 0.60208
vt 0.16528 0.60114
vt 0.16527 0.60099
vt 0.16845 0.60193
vt 0.16197 0.60101
vt 0.16197 0.60086
vt 0.16622 0.60208
vt 0.16491 0.60256
vt 0.16491 0.60241
vt 0.16622 0.60193
vt 0.16342 0.60256
vt 0.16212 0.60208
vt 0.16212 0.60193
vt 0.16342 0.60241
vt 0.16434 0.60295
vt 0.16425 0.60295
vt 0.16425 0.6028
vt 0.16434 0.6028
vt 0.1695 0.60256
vt 0.17011 0.60272
vt 0.17011 0.60258
vt 0.16951 0.60241
vt 0.172 0.60295
vt 0.17201 0.6028
vt 0.15849 0.60167
vt 0.172 0.60171
vt 0.16406 0.60295
vt 0.16396 0.60295
vt 0.16396 0.6028
vt 0.16406 0.6028
vt 0.15849 0.60078
vt 0.15506 0.60076
vt 0.15512 0.60088
vt 0.15849 0.60091
vt 0.16848 0.60227
vt 0.16541 0.60138
vt 0.16541 0.60125
vt 0.16849 0.60215
vt 0.16418 0.60273
vt 0.16414 0.60273
vt 0.16414 0.6026
vt 0.16418 0.6026
vt 0.16207 0.60095
vt 0.16207 0.60109
vt 0.17011 0.60258
vt 0.16951 0.60243
vt 0.16951 0.60256
vt 0.17011 0.60271
vt 0.15506 0.60078
vt 0.1552 0.60078
vt 0.16418 0.60258
vt 0.16414 0.60258
vt 0.16414 0.60271
vt 0.16418 0.60271
vt 0.17201 0.6028
vt 0.172 0.60293
vt 0.16951 0.60258
vt 0.16951 0.60245
vt 0.16541 0.60123
vt 0.16541 0.60136
vt 0.16951 0.6017
vt 0.17011 0.60171
vt 0.17011 0.60167
vt 0.16951 0.60166
vt 0.16849 0.6017
vt 0.16849 0.60166
vt 0.16541 0.60168
vt 0.16541 0.60164
vt 0.16207 0.60169
vt 0.16207 0.60165
vt 0.15512 0.60171
vt 0.15512 0.60167
vt 0.16951 0.60166
vt 0.17011 0.60167
vt 0.17011 0.60171
vt 0.16951 0.6017
vt 0.16849 0.60166
vt 0.16849 0.6017
vt 0.16207 0.60165
vt 0.16207 0.60169
vt 0.16207 0.6011
vt 0.16207 0.60097
vt 0.16849 0.60213
vt 0.16849 0.60226
vt 0.17011 0.60273
vt 0.17011 0.6026
vt 0.15506 0.60089
vt 0.15506 0.60091
vt 0.15512 0.6008
vt 0.1552 0.60089
vt 0.15849 0.60093
vt 0.15849 0.60079
vt 0.17201 0.60171
vt 0.17201 0.60167
vt 0.172 0.60167
vt 0.172 0.60171
vt 0.16413 0.60293
vt 0.16417 0.60293
vt 0.172 0.60295
vt 0.17201 0.60282
vt 0.16417 0.60282
vt 0.16413 0.60282
vt 0.16402 0.60087
vt 0.16402 0.60081
vt 0.16429 0.60087
vt 0.16436 0.60086
vt 0.16436 0.60082
vt 0.16429 0.60081
vt 0.15506 0.60169
vt 0.15482 0.60169
vt 0.15482 0.60169
vt 0.15482 0.60156
vt 0.15482 0.60086
vt 0.15482 0.60087
vt 0.15482 0.60149
vt 0.16466 0.6009
vt 0.16466 0.60078
vt 0.82358 0.94146
vt 0.82016 0.94025
vt 0.82016 0.94042
vt 0.82357 0.943
vt 0.82713 0.94168
vt 0.82706 0.94346
vt 0.83046 0.94154
vt 0.83037 0.94321
vt 0.83357 0.94092
vt 0.83354 0.94194
vt 0.8346 0.94065
vt 0.8346 0.94028
vt 0.8352 0.94013
vt 0.8352 0.94035
vt 0.8371 0.9401
vt 0.8371 0.94001
vt 0.82874 0.939
vt 0.82874 0.93912
vt 0.82904 0.93908
vt 0.82904 0.93904
vt 0.83358 0.93992
vt 0.8346 0.93992
vt 0.8305 0.93991
vt 0.82716 0.93992
vt 0.82358 0.93993
vt 0.82016 0.93994
vt 0.82357 0.93683
vt 0.82016 0.93941
vt 0.82016 0.93958
vt 0.82358 0.93837
vt 0.82706 0.93635
vt 0.82713 0.93812
vt 0.83037 0.93659
vt 0.83046 0.93823
vt 0.83354 0.93786
vt 0.83357 0.93888
vt 0.8346 0.93953
vt 0.8346 0.93916
vt 0.8352 0.93947
vt 0.8352 0.93969
vt 0.8371 0.93982
vt 0.8371 0.93973
vt 0.8346 0.93988
vt 0.8352 0.93989
vt 0.8371 0.9399
vt 0.83358 0.93988
vt 0.8305 0.93987
vt 0.8352 0.93993
vt 0.82716 0.93988
vt 0.81991 0.94005
vt 0.81991 0.94012
vt 0.82358 0.94146
vt 0.82357 0.943
vt 0.82713 0.94168
vt 0.82706 0.94346
vt 0.83046 0.94154
vt 0.83037 0.94321
vt 0.83357 0.94092
vt 0.83355 0.94194
vt 0.8346 0.94028
vt 0.8346 0.94065
vt 0.8352 0.94013
vt 0.8371 0.94001
vt 0.8371 0.9401
vt 0.8352 0.94035
vt 0.8352 0.93993
vt 0.8371 0.93993
vt 0.82358 0.93837
vt 0.82358 0.93989
vt 0.82016 0.9399
vt 0.83357 0.93888
vt 0.8346 0.93953
vt 0.8346 0.93988
vt 0.83358 0.93988
vt 0.8305 0.93991
vt 0.82716 0.93992
vt 0.82358 0.93993
vt 0.82357 0.93683
vt 0.82706 0.93635
vt 0.82713 0.93812
vt 0.83037 0.93659
vt 0.83046 0.93823
vt 0.83355 0.93786
vt 0.8346 0.93916
vt 0.8352 0.93947
vt 0.8371 0.93973
vt 0.8371 0.93982
vt 0.8352 0.93969
vt 0.8352 0.93989
vt 0.8371 0.93989
vt 0.8305 0.93987
vt 0.83358 0.93992
vt 0.8346 0.93992
vt 0.82716 0.93988
vt 0.82016 0.93912
vt 0.82357 0.93914
vt 0.82357 0.93899
vt 0.82016 0.939
vt 0.81991 0.93992
vt 0.83354 0.9403
vt 0.83037 0.93936
vt 0.83037 0.93921
vt 0.83355 0.94015
vt 0.82706 0.93923
vt 0.82706 0.93908
vt 0.83131 0.9403
vt 0.83001 0.94078
vt 0.83001 0.94063
vt 0.83131 0.94015
vt 0.82851 0.94078
vt 0.82721 0.9403
vt 0.82721 0.94015
vt 0.82851 0.94063
vt 0.82944 0.94117
vt 0.82934 0.94117
vt 0.82934 0.94102
vt 0.82944 0.94102
vt 0.8346 0.94078
vt 0.8352 0.94095
vt 0.8352 0.9408
vt 0.8346 0.94063
vt 0.8371 0.94117
vt 0.8371 0.94102
vt 0.82358 0.93989
vt 0.8371 0.93993
vt 0.82915 0.94117
vt 0.82906 0.94117
vt 0.82906 0.94102
vt 0.82915 0.94102
vt 0.82358 0.939
vt 0.82016 0.93899
vt 0.82022 0.9391
vt 0.82358 0.93913
vt 0.83358 0.9405
vt 0.8305 0.9396
vt 0.8305 0.93947
vt 0.83358 0.94037
vt 0.82927 0.94095
vt 0.82923 0.94095
vt 0.82923 0.94082
vt 0.82927 0.94082
vt 0.82716 0.93918
vt 0.82716 0.93931
vt 0.8352 0.9408
vt 0.8346 0.94065
vt 0.8346 0.94078
vt 0.8352 0.94093
vt 0.82016 0.93901
vt 0.82029 0.93901
vt 0.82927 0.9408
vt 0.82923 0.9408
vt 0.82923 0.94093
vt 0.82927 0.94093
vt 0.8371 0.94102
vt 0.8371 0.94115
vt 0.8346 0.9408
vt 0.8346 0.94067
vt 0.8305 0.93945
vt 0.8305 0.93958
vt 0.8346 0.93992
vt 0.8352 0.93993
vt 0.8352 0.93989
vt 0.8346 0.93988
vt 0.83358 0.93992
vt 0.83358 0.93988
vt 0.8305 0.93991
vt 0.8305 0.93987
vt 0.82716 0.93992
vt 0.82716 0.93988
vt 0.82358 0.93993
vt 0.82358 0.93989
vt 0.82022 0.93994
vt 0.82022 0.9399
vt 0.8346 0.93988
vt 0.8352 0.93989
vt 0.8352 0.93993
vt 0.8346 0.93992
vt 0.83358 0.93988
vt 0.83358 0.93992
vt 0.82358 0.93989
vt 0.82358 0.93993
vt 0.82716 0.93933
vt 0.82716 0.9392
vt 0.83358 0.94035
vt 0.83358 0.94048
vt 0.8352 0.94095
vt 0.8352 0.94082
vt 0.82016 0.93912
vt 0.82016 0.93914
vt 0.82022 0.93902
vt 0.82029 0.93912
vt 0.82358 0.93915
vt 0.82358 0.93902
vt 0.8371 0.93993
vt 0.8371 0.93989
vt 0.8371 0.93989
vt 0.8371 0.93993
vt 0.82923 0.94115
vt 0.82927 0.94115
vt 0.8371 0.94117
vt 0.8371 0.94104
vt 0.82927 0.94104
vt 0.82923 0.94104
vt 0.82912 0.93909
vt 0.82912 0.93903
vt 0.82938 0.93909
vt 0.82945 0.93908
vt 0.82945 0.93904
vt 0.82938 0.93903
vt 0.82016 0.93992
vt 0.81991 0.93992
vt 0.81991 0.93991
vt 0.81991 0.93978
vt 0.81991 0.93908
vt 0.81991 0.93909
vt 0.81991 0.93971
vt 0.82976 0.93912
vt 0.82976 0.939
vt 0.18008 0.15584
vt 0.17666 0.15463
vt 0.17666 0.1548
vt 0.18007 0.15738
vt 0.18364 0.15606
vt 0.18356 0.15784
vt 0.18697 0.15592
vt 0.18687 0.15759
vt 0.19007 0.1553
vt 0.19005 0.15632
vt 0.1911 0.15503
vt 0.1911 0.15466
vt 0.1917 0.15451
vt 0.1917 0.15473
vt 0.1936 0.15448
vt 0.1936 0.15439
vt 0.18524 0.15338
vt 0.18524 0.1535
vt 0.18555 0.15346
vt 0.18555 0.15342
vt 0.19008 0.1543
vt 0.1911 0.1543
vt 0.18701 0.15429
vt 0.18366 0.1543
vt 0.18009 0.15431
vt 0.17666 0.15432
vt 0.18007 0.15121
vt 0.17666 0.15379
vt 0.17666 0.15396
vt 0.18008 0.15275
vt 0.18356 0.15073
vt 0.18364 0.1525
vt 0.18687 0.15097
vt 0.18697 0.15261
vt 0.19005 0.15224
vt 0.19007 0.15326
vt 0.1911 0.15391
vt 0.1911 0.15354
vt 0.1917 0.15385
vt 0.1917 0.15407
vt 0.1936 0.1542
vt 0.1936 0.15411
vt 0.1911 0.15427
vt 0.1917 0.15427
vt 0.1936 0.15428
vt 0.19008 0.15426
vt 0.18701 0.15425
vt 0.1917 0.15431
vt 0.18366 0.15426
vt 0.17642 0.15443
vt 0.17642 0.1545
vt 0.18008 0.15584
vt 0.18007 0.15738
vt 0.18363 0.15606
vt 0.18356 0.15784
vt 0.18697 0.15592
vt 0.18687 0.15759
vt 0.19008 0.1553
vt 0.19005 0.15632
vt 0.19111 0.15466
vt 0.1911 0.15503
vt 0.19171 0.15451
vt 0.1936 0.15439
vt 0.1936 0.15448
vt 0.19171 0.15473
vt 0.19171 0.15431
vt 0.1936 0.15432
vt 0.18008 0.15275
vt 0.18009 0.15427
vt 0.17666 0.15428
vt 0.19008 0.15326
vt 0.19111 0.15391
vt 0.19111 0.15426
vt 0.19008 0.15426
vt 0.18701 0.15429
vt 0.18366 0.1543
vt 0.18009 0.15431
vt 0.18007 0.15121
vt 0.18356 0.15073
vt 0.18363 0.1525
vt 0.18687 0.15097
vt 0.18697 0.15261
vt 0.19005 0.15224
vt 0.1911 0.15354
vt 0.19171 0.15385
vt 0.1936 0.15411
vt 0.1936 0.1542
vt 0.19171 0.15407
vt 0.19171 0.15427
vt 0.1936 0.15428
vt 0.18701 0.15425
vt 0.19008 0.1543
vt 0.19111 0.1543
vt 0.18366 0.15426
vt 0.17666 0.1535
vt 0.18007 0.15352
vt 0.18007 0.15337
vt 0.17666 0.15338
vt 0.17642 0.1543
vt 0.19005 0.15468
vt 0.18687 0.15374
vt 0.18687 0.15359
vt 0.19005 0.15453
vt 0.18356 0.15361
vt 0.18356 0.15346
vt 0.18782 0.15468
vt 0.18651 0.15516
vt 0.18651 0.15501
vt 0.18782 0.15453
vt 0.18501 0.15516
vt 0.18371 0.15468
vt 0.18371 0.15453
vt 0.18501 0.15501
vt 0.18594 0.15555
vt 0.18585 0.15555
vt 0.18585 0.1554
vt 0.18594 0.1554
vt 0.1911 0.15516
vt 0.1917 0.15533
vt 0.19171 0.15518
vt 0.1911 0.15501
vt 0.1936 0.15555
vt 0.1936 0.1554
vt 0.18009 0.15427
vt 0.1936 0.15432
vt 0.18566 0.15555
vt 0.18556 0.15555
vt 0.18556 0.1554
vt 0.18566 0.1554
vt 0.18009 0.15338
vt 0.17666 0.15337
vt 0.17672 0.15348
vt 0.18009 0.15351
vt 0.19008 0.15488
vt 0.18701 0.15398
vt 0.18701 0.15385
vt 0.19008 0.15475
vt 0.18578 0.15533
vt 0.18574 0.15533
vt 0.18574 0.1552
vt 0.18578 0.1552
vt 0.18366 0.15356
vt 0.18366 0.15369
vt 0.19171 0.15518
vt 0.19111 0.15503
vt 0.1911 0.15516
vt 0.1917 0.15531
vt 0.17666 0.15339
vt 0.17679 0.15339
vt 0.18578 0.15518
vt 0.18574 0.15518
vt 0.18574 0.15531
vt 0.18578 0.15531
vt 0.1936 0.1554
vt 0.1936 0.15553
vt 0.1911 0.15518
vt 0.19111 0.15505
vt 0.18701 0.15383
vt 0.18701 0.15396
vt 0.19111 0.1543
vt 0.19171 0.15431
vt 0.19171 0.15427
vt 0.19111 0.15426
vt 0.19008 0.1543
vt 0.19008 0.15426
vt 0.18701 0.15429
vt 0.18701 0.15425
vt 0.18366 0.1543
vt 0.18366 0.15426
vt 0.18009 0.15431
vt 0.18009 0.15427
vt 0.17672 0.15432
vt 0.17672 0.15428
vt 0.1911 0.15426
vt 0.1917 0.15427
vt 0.1917 0.15431
vt 0.1911 0.1543
vt 0.19008 0.15426
vt 0.19008 0.1543
vt 0.18366 0.15426
vt 0.18366 0.1543
vt 0.18009 0.15427
vt 0.18009 0.15431
vt 0.18366 0.15371
vt 0.18366 0.15358
vt 0.19008 0.15473
vt 0.19008 0.15486
vt 0.1917 0.15533
vt 0.19171 0.1552
vt 0.17666 0.1535
vt 0.17666 0.15352
vt 0.17672 0.1534
vt 0.17679 0.1535
vt 0.18009 0.15353
vt 0.18009 0.1534
vt 0.1936 0.15432
vt 0.1936 0.15428
vt 0.1936 0.15428
vt 0.1936 0.15432
vt 0.18573 0.15553
vt 0.18577 0.15553
vt 0.1936 0.15555
vt 0.1936 0.15542
vt 0.18577 0.15542
vt 0.18573 0.15542
vt 0.18562 0.15347
vt 0.18562 0.15341
vt 0.18588 0.15347
vt 0.18595 0.15346
vt 0.18595 0.15342
vt 0.18588 0.15341
vt 0.17666 0.1543
vt 0.17642 0.1543
vt 0.17642 0.15429
vt 0.17642 0.15416
vt 0.17642 0.15346
vt 0.17642 0.15347
vt 0.17642 0.15409
vt 0.18626 0.1535
vt 0.18626 0.15338
vt 0.27214 0.49004
vt 0.27215 0.49003
vt 0.27214 0.49009
vt 0.27215 0.49009
vt 0.27213 0.49003
vt 0.27213 0.49009
vt 0.16416 0.60087
vt 0.16415 0.60082
vt 0.16415 0.60086
vt 0.16416 0.60081
vt 0.16415 0.60087
vt 0.16415 0.60081
vt 0.82926 0.93909
vt 0.82926 0.93903
vt 0.82925 0.93908
vt 0.82925 0.93904
vt 0.82924 0.93909
vt 0.82924 0.93903
vt 0.18575 0.15346
vt 0.18576 0.15341
vt 0.18575 0.15342
vt 0.18576 0.15347
vt 0.18574 0.15341
vt 0.18574 0.15347
usemtl mat0
f 1/1/1 2/2/1 3/3/1
f 4/4/2 5/5/2 6/6/2
f 7/7/3 8/8/3 9/9/3
f 10/10/4 11/11/4 12/12/4
f 13/13/5 14/14/5 15/15/5
f 16/16/6 17/17/6 18/18/6
f 19/19/7 20/20/7 21/21/7
f 22/22/8 23/23/8 24/24/8
f 25/25/9 26/26/9 27/27/9
f 28/28/10 29/29/10 30/30/10
f 31/31/11 32/32/11 33/33/11
f 34/34/12 35/35/12 36/36/12
f 37/37/13 38/38/13 39/39/13
f 40/40/14 41/41/14 42/42/14
f 43/43/15 44/44/15 45/45/15
f 46/46/16 47/47/16 48/48/16
f 49/49/17 50/50/17 51/51/17
f 49/49/17 51/51/17 52/52/17
f 53/53/18 54/54/18 55/55/18
f 53/53/18 55/55/18 56/56/18
f 57/57/19 58/58/19 59/59/19
f 57/57/19 59/59/19 60/60/19
f 61/61/20 62/62/20 63/63/21
f 61/61/20 63/63/21 64/64/20
f 65/65/22 66/66/22 67/67/22
f 65/65/22 67/67/22 68/68/22
f 69/62/23 70/61/23 71/64/23
f 69/62/23 71/64/23 72/63/23
f 73/69/24 74/70/24 58/58/24
f 73/69/24 58/58/24 57/57/24
f 75/71/25 76/72/25 62/62/25
f 75/71/25 62/62/25 61/61/25
f 77/73/26 78/74/26 66/66/26
f 77/73/26 66/66/26 65/65/26
f 79/72/27 80/71/27 70/61/27
f 79/72/27 70/61/27 69/62/27
f 81/75/24 82/76/24 74/70/24
f 81/75/24 74/70/24 73/69/24
f 83/77/25 84/78/25 76/72/25
f 83/77/25 76/72/25 75/71/25
f 85/79/26 86/80/26 78/74/26
f 85/79/26 78/74/26 77/73/26
f 87/78/27 88/77/27 80/71/27
f 87/78/27 80/71/27 79/72/27
f 89/81/24 90/82/24 82/76/24
f 89/81/24 82/76/24 81/75/24
f 91/83/25 92/84/25 84/78/25
f 91/83/25 84/78/25 83/77/25
f 93/85/26 94/86/26 86/80/26
f 93/85/26 86/80/26 85/79/26
f 95/84/27 96/83/27 88/77/27
f 95/84/27 88/77/27 87/78/27
f 97/87/24 98/88/24 90/82/24
f 97/87/24 90/82/24 89/81/24
f 99/89/25 100/90/25 92/84/25
f 99/89/25 92/84/25 91/83/25
f 101/91/26 102/92/26 94/86/26
f 101/91/26 94/86/26 93/85/26
f 103/90/27 104/89/27 96/83/27
f 103/90/27 96/83/27 95/84/27
f 105/93/24 106/94/24 98/88/24
f 105/93/24 98/88/24 97/87/24
f 107/95/25 108/96/25 100/90/25
f 107/95/25 100/90/25 99/89/25
f 109/97/26 110/98/26 102/92/26
f 109/97/26 102/92/26 101/91/26
f 111/96/27 112/95/27 104/89/27
f 111/96/27 104/89/27 103/90/27
f 113/99/24 114/100/24 106/94/24
f 113/99/24 106/94/24 105/93/24
f 115/101/25 116/102/25 108/96/25
f 115/101/25 108/96/25 107/95/25
f 117/103/26 118/104/26 110/98/26
f 117/103/26 110/98/26 109/97/26
f 119/102/27 120/101/27 112/95/27
f 119/102/27 112/95/27 111/96/27
f 121/105/24 122/106/24 114/100/24
f 121/105/24 114/100/24 113/99/24
f 123/107/25 124/108/25 116/102/25
f 123/107/25 116/102/25 115/101/25
f 125/109/26 126/110/26 118/104/26
f 125/109/26 118/104/26 117/103/26
f 127/108/27 128/107/27 120/101/27
f 127/108/27 120/101/27 119/102/27
f 129/111/24 130/112/24 122/106/24
f 129/111/24 122/106/24 121/105/24
f 131/113/25 132/114/25 124/108/25
f 131/113/25 124/108/25 123/107/25
f 133/115/26 134/116/26 126/110/26
f 133/115/26 126/110/26 125/109/26
f 135/114/27 136/113/27 128/107/27
f 135/114/27 128/107/27 127/108/27
f 137/117/24 138/118/24 130/112/24
f 137/117/24 130/112/24 129/111/24
f 139/119/25 140/120/25 132/114/25
f 139/119/25 132/114/25 131/113/25
f 141/121/26 142/122/26 134/116/26
f 141/121/26 134/116/26 133/115/26
f 143/120/27 144/119/27 136/113/27
f 143/120/27 136/113/27 135/114/27
f 145/123/28 146/124/28 138/118/28
f 145/123/28 138/118/28 137/117/28
f 147/125/29 148/126/29 140/120/29
f 147/125/29 140/120/29 139/119/29
f 149/127/30 150/128/30 142/122/30
f 149/127/30 142/122/30 141/121/30
f 151/126/31 152/125/31 144/119/31
f 151/126/31 144/119/31 143/120/31
f 153/129/32 154/130/32 146/124/32
f 153/129/32 146/124/32 145/123/32
f 155/131/33 156/132/33 148/126/33
f 155/131/33 148/126/33 147/125/33
f 157/133/34 158/134/34 150/128/34
f 157/133/34 150/128/34 149/127/34
f 159/132/35 160/131/35 152/125/35
f 159/132/35 152/125/35 151/126/35
f 161/135/36 162/136/36 154/130/36
f 161/135/36 154/130/36 153/129/36
f 163/137/37 164/138/37 156/132/37
f 163/137/37 156/132/37 155/131/37
f 165/139/38 166/140/38 158/134/38
f 165/139/38 158/134/38 157/133/38
f 167/138/39 168/137/39 160/131/39
f 167/138/39 160/131/39 159/132/39
f 169/141/40 170/142/40 162/136/40
f 169/141/40 162/136/40 161/135/40
f 171/143/41 172/144/41 164/138/41
f 171/143/41 164/138/41 163/137/41
f 173/145/42 174/146/42 166/140/42
f 173/145/42 166/140/42 165/139/42
f 175/144/43 176/143/43 168/137/43
f 175/144/43 168/137/43 167/138/43
f 177/147/44 178/148/44 170/142/44
f 177/147/44 170/142/44 169/141/44
f 179/149/45 180/150/45 172/144/45
f 179/149/45 172/144/45 171/143/45
f 181/151/46 182/152/46 174/146/46
f 181/151/46 174/146/46 173/145/46
f 183/150/47 184/149/47 176/143/47
f 183/150/48 176/143/48 175/144/48
f 185/153/49 186/154/49 178/148/49
f 185/153/49 178/148/49 177/147/49
f 187/155/50 188/156/50 180/150/50
f 187/155/50 180/150/50 179/149/50
f 189/157/51 190/158/51 182/152/51
f 189/157/51 182/152/51 181/151/51
f 191/156/52 192/155/52 184/149/52
f 191/156/52 184/149/52 183/150/52
f 193/159/53 194/160/53 186/154/53
f 193/159/53 186/154/53 185/153/53
f 195/161/54 196/162/54 188/156/54
f 195/161/54 188/156/54 187/155/54
f 197/163/55 198/164/55 190/158/55
f 197/163/55 190/158/55 189/157/55
f 199/162/56 200/161/56 192/155/56
f 199/162/56 192/155/56 191/156/56
f 201/165/57 202/166/57 203/167/57
f 201/165/57 203/167/57 204/168/57
f 205/169/58 206/170/58 207/171/58
f 205/169/58 207/171/58 208/172/58
f 209/166/59 210/165/59 211/168/59
f 209/166/59 211/168/59 212/167/59
f 213/170/60 214/169/60 215/172/60
f 213/170/60 215/172/60 216/171/60
f 217/173/57 218/174/57 202/166/57
f 217/173/57 202/166/57 201/165/57
f 219/175/58 220/176/58 206/170/58
f 219/175/58 206/170/58 205/169/58
f 221/174/59 222/173/59 210/165/59
f 221/174/59 210/165/59 209/166/59
f 223/176/60 224/175/60 214/169/60
f 223/176/60 214/169/60 213/170/60
f 225/177/57 226/178/57 218/174/57
f 225/177/57 218/174/57 217/173/57
f 227/179/58 228/180/58 220/176/58
f 227/179/58 220/176/58 219/175/58
f 229/178/59 230/177/59 222/173/59
f 229/178/59 222/173/59 221/174/59
f 231/180/60 232/179/60 224/175/60
f 231/180/60 224/175/60 223/176/60
f 233/181/57 234/182/57 226/178/57
f 233/181/57 226/178/57 225/177/57
f 235/183/58 236/184/58 228/180/58
f 235/183/58 228/180/58 227/179/58
f 237/182/59 238/181/59 230/177/59
f 237/182/59 230/177/59 229/178/59
f 239/184/60 240/183/60 232/179/60
f 239/184/60 232/179/60 231/180/60
f 241/185/57 242/186/57 234/182/57
f 241/185/57 234/182/57 233/181/57
f 243/187/58 244/188/58 236/184/58
f 243/187/58 236/184/58 235/183/58
f 245/186/59 246/185/59 238/181/59
f 245/186/59 238/181/59 237/182/59
f 247/188/60 248/187/60 240/183/60
f 247/188/60 240/183/60 239/184/60
f 249/189/57 250/190/57 242/186/57
f 249/189/57 242/186/57 241/185/57
f 251/191/58 252/192/58 244/188/58
f 251/191/58 244/188/58 243/187/58
f 253/190/59 254/189/59 246/185/59
f 253/190/59 246/185/59 245/186/59
f 255/192/60 256/191/60 248/187/60
f 255/192/60 248/187/60 247/188/60
f 257/193/57 258/194/57 250/190/57
f 257/193/57 250/190/57 249/189/57
f 259/195/58 260/196/58 252/192/58
f 259/195/58 252/192/58 251/191/58
f 261/194/59 262/193/59 254/189/59
f 261/194/59 254/189/59 253/190/59
f 263/196/60 264/195/60 256/191/60
f 263/196/60 256/191/60 255/192/60
f 265/197/57 266/198/57 258/194/57
f 265/197/57 258/194/57 257/193/57
f 267/199/58 268/200/58 260/196/58
f 267/199/58 260/196/58 259/195/58
f 269/198/59 270/197/59 262/193/59
f 269/198/59 262/193/59 261/194/59
f 271/200/60 272/199/60 264/195/60
f 271/200/60 264/195/60 263/196/60
f 273/201/57 274/202/57 266/198/57
f 273/201/57 266/198/57 265/197/57
f 275/203/58 276/204/58 268/200/58
f 275/203/58 268/200/58 267/199/58
f 277/202/59 278/201/59 270/197/59
f 277/202/59 270/197/59 269/198/59
f 279/204/60 280/203/60 272/199/60
f 279/204/60 272/199/60 271/200/60
f 281/205/57 282/206/57 274/202/57
f 281/205/57 274/202/57 273/201/57
f 283/207/58 284/208/58 276/204/58
f 283/207/58 276/204/58 275/203/58
f 285/206/59 286/205/59 278/201/59
f 285/206/59 278/201/59 277/202/59
f 287/208/60 288/207/60 280/203/60
f 287/208/60 280/203/60 279/204/60
f 289/209/57 290/210/57 282/206/57
f 289/209/57 282/206/57 281/205/57
f 291/211/58 292/212/58 284/208/58
f 291/211/58 284/208/58 283/207/58
f 293/210/59 294/209/59 286/205/59
f 293/210/59 286/205/59 285/206/59
f 295/212/60 296/211/60 288/207/60
f 295/212/60 288/207/60 287/208/60
f 297/213/57 298/214/57 290/210/57
f 297/213/57 290/210/57 289/209/57
f 299/215/58 300/216/58 292/212/58
f 299/215/58 292/212/58 291/211/58
f 301/214/59 302/213/59 294/209/59
f 301/214/59 294/209/59 293/210/59
f 303/216/60 304/215/60 296/211/60
f 303/216/60 296/211/60 295/212/60
f 305/217/57 306/218/57 298/214/57
f 305/217/57 298/214/57 297/213/57
f 307/219/58 308/220/58 300/216/58
f 307/219/58 300/216/58 299/215/58
f 309/218/59 310/217/59 302/213/59
f 309/218/59 302/213/59 301/214/59
f 311/220/60 312/219/60 304/215/60
f 311/220/60 304/215/60 303/216/60
f 313/221/57 314/222/57 306/218/57
f 313/221/57 306/218/57 305/217/57
f 315/223/58 316/224/58 308/220/58
f 315/223/58 308/220/58 307/219/58
f 317/222/59 318/221/59 310/217/59
f 317/222/59 310/217/59 309/218/59
f 319/224/60 320/223/60 312/219/60
f 319/224/60 312/219/60 311/220/60
f 321/225/57 322/226/57 314/222/57
f 321/225/57 314/222/57 313/221/57
f 323/227/58 324/228/58 316/224/58
f 323/227/58 316/224/58 315/223/58
f 325/226/59 326/225/59 318/221/59
f 325/226/59 318/221/59 317/222/59
f 327/228/60 328/227/60 320/223/60
f 327/228/60 320/223/60 319/224/60
f 329/229/57 330/230/57 322/226/57
f 329/229/57 322/226/57 321/225/57
f 331/231/58 332/232/58 324/228/58
f 331/231/58 324/228/58 323/227/58
f 333/230/59 334/229/59 326/225/59
f 333/230/59 326/225/59 325/226/59
f 335/232/60 336/231/60 328/227/60
f 335/232/60 328/227/60 327/228/60
f 337/233/57 338/234/57 330/230/57
f 337/233/57 330/230/57 329/229/57
f 339/235/58 340/236/58 332/232/58
f 339/235/58 332/232/58 331/231/58
f 341/234/59 342/233/59 334/229/59
f 341/234/59 334/229/59 333/230/59
f 343/236/60 344/235/60 336/231/60
f 343/236/60 336/231/60 335/232/60
f 345/237/57 346/238/57 338/234/57
f 345/237/57 338/234/57 337/233/57
f 347/239/58 348/240/58 340/236/58
f 347/239/58 340/236/58 339/235/58
f 349/238/59 350/237/59 342/233/59
f 349/238/59 342/233/59 341/234/59
f 351/240/60 352/239/60 344/235/60
f 351/240/60 344/235/60 343/236/60
f 353/241/61 354/242/61 346/238/61
f 353/241/61 346/238/61 345/237/61
f 64/64/62 63/63/63 348/240/64
f 64/64/62 348/240/64 347/239/63
f 355/243/65 356/244/65 350/237/65
f 355/243/66 350/237/66 349/238/66
f 72/63/67 71/64/68 352/239/67
f 72/63/67 352/239/67 351/240/68
f 357/245/69 358/246/70 359/247/70
f 357/245/69 359/247/70 360/248/70
f 361/249/71 357/245/72 360/248/72
f 361/249/71 360/248/72 362/250/72
f 363/251/73 361/249/73 362/250/73
f 363/251/73 362/250/73 364/252/74
f 365/253/75 363/251/75 364/252/75
f 365/253/75 364/252/75 366/254/75
f 365/253/76 366/254/77 367/255/76
f 365/253/76 367/255/76 368/256/76
f 369/257/78 370/258/78 371/259/78
f 369/257/78 371/259/78 372/260/78
f 368/256/79 367/255/80 370/258/80
f 368/256/79 370/258/80 369/257/80
f 373/261/81 374/262/81 375/263/81
f 373/261/81 375/263/81 376/264/81
f 377/265/82 365/253/82 368/256/82
f 377/265/82 368/256/82 378/266/82
f 379/267/83 380/268/83 361/249/83
f 379/267/83 361/249/83 363/251/83
f 380/268/84 381/269/85 357/245/85
f 380/268/84 357/245/85 361/249/85
f 381/269/86 382/270/87 358/246/87
f 381/269/86 358/246/87 357/245/87
f 383/271/88 384/272/88 385/273/88
f 383/271/88 385/273/88 386/274/88
f 387/275/89 383/271/89 386/274/89
f 387/275/89 386/274/89 388/276/89
f 389/277/90 387/275/90 388/276/90
f 389/277/90 388/276/90 390/278/91
f 391/279/92 389/277/92 390/278/92
f 391/279/92 390/278/92 392/280/92
f 391/279/93 392/280/93 393/281/93
f 391/279/93 393/281/93 394/282/93
f 395/283/94 396/284/94 397/285/94
f 395/283/94 397/285/94 398/286/94
f 394/282/95 393/281/95 396/284/96
f 394/282/95 396/284/96 395/283/96
f 393/281/97 399/287/98 400/288/99
f 393/281/97 400/288/99 396/284/99
f 396/284/100 400/288/100 401/289/100
f 396/284/101 401/289/101 397/285/101
f 392/280/102 402/290/102 399/287/103
f 392/280/102 399/287/103 393/281/103
f 392/280/104 390/278/104 403/291/105
f 392/280/104 403/291/105 402/290/106
f 378/266/107 368/256/107 369/257/107
f 378/266/107 369/257/107 404/292/107
f 390/278/108 388/276/108 405/293/108
f 390/278/108 405/293/108 403/291/108
f 359/247/109 358/246/109 406/294/109
f 359/247/109 406/294/109 407/295/109
f 408/296/110 409/297/111 410/247/110
f 408/296/110 410/247/110 411/246/110
f 412/298/112 413/299/113 409/297/112
f 412/298/112 409/297/112 408/296/113
f 414/300/114 415/301/114 413/299/114
f 414/300/114 413/299/114 412/298/114
f 416/302/115 417/303/115 415/301/115
f 416/302/115 415/301/115 414/300/115
f 416/302/116 418/304/116 419/305/116
f 416/302/116 419/305/116 417/303/116
f 420/306/117 421/307/117 422/308/118
f 420/306/117 422/308/118 423/309/117
f 418/304/119 420/306/119 423/309/119
f 418/304/119 423/309/119 419/305/120
f 424/310/121 425/311/121 421/307/121
f 424/310/121 421/307/121 420/306/121
f 426/312/122 427/313/123 428/314/122
f 426/312/122 428/314/122 429/273/122
f 430/315/124 431/316/124 432/317/124
f 430/315/124 432/317/124 433/318/125
f 434/319/126 414/300/126 412/298/126
f 434/319/126 412/298/126 435/320/126
f 435/320/127 412/298/128 408/296/127
f 435/320/127 408/296/127 436/321/127
f 436/321/129 408/296/129 411/246/129
f 436/321/130 411/246/130 437/270/130
f 438/322/131 426/312/131 429/273/132
f 438/322/131 429/273/132 439/272/132
f 440/323/133 441/324/134 426/312/134
f 440/323/133 426/312/134 438/322/134
f 442/325/135 443/326/135 441/324/135
f 442/325/135 441/324/135 440/323/136
f 444/327/137 430/315/137 443/326/137
f 444/327/137 443/326/137 442/325/137
f 444/327/138 445/328/138 431/316/138
f 444/327/138 431/316/138 430/315/139
f 446/329/140 447/330/140 448/331/140
f 446/329/140 448/331/140 449/332/140
f 445/328/141 446/329/142 449/332/142
f 445/328/141 449/332/142 431/316/141
f 431/316/143 449/332/143 450/333/143
f 431/316/143 450/333/143 432/317/144
f 449/332/145 448/331/145 451/334/145
f 449/332/145 451/334/145 450/333/145
f 430/315/146 433/318/146 452/335/147
f 430/315/146 452/335/147 443/326/147
f 453/336/148 454/337/148 418/304/148
f 453/336/148 418/304/148 416/302/148
f 454/337/149 424/310/150 420/306/149
f 454/337/149 420/306/149 418/304/151
f 443/326/152 452/335/152 455/338/152
f 443/326/152 455/338/152 441/324/152
f 441/324/153 455/338/154 427/313/153
f 441/324/153 427/313/153 426/312/153
f 456/339/155 457/340/155 458/341/155
f 456/339/156 458/341/156 459/342/156
f 437/270/157 411/246/157 460/294/157
f 437/270/158 460/294/158 461/343/158
f 462/344/159 463/345/159 464/346/159
f 462/344/159 464/346/159 465/347/160
f 457/340/161 466/348/161 467/349/161
f 457/340/162 467/349/162 458/341/162
f 468/340/163 469/339/163 470/342/163
f 468/340/164 470/342/164 471/341/164
f 472/348/165 468/340/165 471/341/165
f 472/348/166 471/341/166 473/349/166
f 466/348/167 474/345/167 475/346/167
f 466/348/168 475/346/168 467/349/168
f 463/345/169 472/348/169 473/349/169
f 463/345/169 473/349/169 464/346/169
f 474/345/170 476/344/170 477/347/170
f 474/345/170 477/347/170 475/346/170
f 478/350/171 479/351/172 480/352/172
f 478/350/171 480/352/172 481/353/171
f 482/354/173 483/355/174 484/356/173
f 482/354/173 484/356/173 485/357/173
f 486/358/175 487/359/175 488/360/175
f 486/358/176 488/360/176 489/361/176
f 490/362/177 491/363/178 492/364/179
f 490/362/177 492/364/179 493/365/180
f 494/366/181 495/363/181 496/364/181
f 494/366/182 496/364/182 497/367/182
f 491/363/183 498/366/184 499/367/185
f 491/363/183 499/367/185 492/364/183
f 495/363/186 500/362/186 501/365/186
f 495/363/187 501/365/187 496/364/187
f 386/274/188 385/273/188 502/314/188
f 386/274/189 502/314/189 503/368/189
f 404/292/190 369/257/190 372/260/190
f 404/292/191 372/260/191 504/369/191
f 453/336/192 416/302/193 414/300/192
f 453/336/192 414/300/192 434/319/192
f 411/246/194 410/247/194 505/295/194
f 411/246/194 505/295/194 460/294/194
f 388/276/195 386/274/196 503/368/196
f 388/276/195 503/368/196 405/293/195
f 506/370/197 507/371/197 508/372/197
f 506/370/198 508/372/198 509/373/198
f 510/374/199 511/375/199 512/376/199
f 510/374/199 512/376/199 513/377/199
f 514/375/200 515/374/200 516/377/200
f 514/375/201 516/377/201 517/376/201
f 518/378/202 519/379/203 520/380/203
f 518/378/202 520/380/203 521/381/203
f 522/382/204 523/383/204 524/384/204
f 522/382/205 524/384/205 525/385/205
f 526/386/206 510/374/206 513/377/206
f 526/386/206 513/377/206 527/387/206
f 528/379/207 529/378/208 530/381/208
f 528/379/207 530/381/208 531/380/209
f 532/388/210 533/389/210 534/390/210
f 532/388/211 534/390/211 535/391/211
f 511/375/212 536/392/213 537/393/214
f 511/375/212 537/393/214 512/376/214
f 515/374/215 538/386/215 539/387/215
f 515/374/216 539/387/216 516/377/216
f 540/394/217 541/395/217 542/396/217
f 540/394/217 542/396/217 543/397/217
f 544/388/218 545/398/219 546/399/220
f 544/388/218 546/399/220 547/391/221
f 548/400/222 518/378/222 521/381/222
f 548/400/222 521/381/222 549/401/222
f 550/389/223 544/388/223 547/391/223
f 550/389/224 547/391/224 551/390/224
f 536/392/225 514/375/226 517/376/226
f 536/392/225 517/376/226 537/393/226
f 552/402/227 526/386/227 527/387/227
f 552/402/228 527/387/228 553/403/228
f 529/378/229 554/400/229 555/401/229
f 529/378/229 555/401/229 530/381/229
f 377/265/230 379/267/231 363/251/232
f 377/265/230 363/251/232 365/253/233
f 556/404/234 557/405/234 558/406/234
f 556/404/234 558/406/234 559/407/234
f 560/408/235 556/404/235 559/407/235
f 560/408/235 559/407/235 561/409/235
f 562/410/236 560/408/236 561/409/236
f 562/410/236 561/409/236 563/411/236
f 564/412/237 562/410/237 563/411/237
f 564/412/237 563/411/237 565/413/237
f 566/414/238 564/412/238 565/413/238
f 566/414/238 565/413/238 567/415/238
f 568/416/239 566/414/239 567/415/239
f 568/416/239 567/415/239 569/417/239
f 570/418/240 571/419/240 572/420/240
f 570/418/241 572/420/241 573/421/241
f 574/422/242 570/418/242 573/421/242
f 574/422/242 573/421/242 575/423/242
f 576/291/243 574/422/243 575/423/243
f 576/291/243 575/423/243 577/267/243
f 578/424/244 576/291/244 577/267/244
f 578/424/244 577/267/244 579/425/244
f 580/426/245 578/424/245 579/425/245
f 580/426/245 579/425/245 581/427/245
f 582/417/246 580/426/246 581/427/246
f 582/417/246 581/427/246 583/416/246
f 584/428/228 528/379/228 531/380/228
f 584/428/247 531/380/247 585/429/247
f 586/430/248 550/389/248 551/390/248
f 586/430/248 551/390/248 587/431/248
f 519/379/249 588/428/249 589/429/249
f 519/379/250 589/429/250 520/380/250
f 554/400/211 590/432/211 591/433/211
f 554/400/210 591/433/210 555/401/210
f 533/389/251 592/430/251 593/431/251
f 533/389/251 593/431/251 534/390/251
f 594/434/252 595/435/253 596/436/253
f 594/434/252 596/436/253 597/437/252
f 523/383/254 522/382/254 525/385/254
f 523/383/254 525/385/254 524/384/254
f 598/438/255 584/428/255 585/429/255
f 598/438/256 585/429/256 599/439/256
f 600/432/224 548/400/224 549/401/224
f 600/432/223 549/401/223 601/433/223
f 602/402/202 586/430/203 587/431/202
f 602/402/202 587/431/202 603/403/203
f 604/435/257 594/434/258 597/437/258
f 604/435/257 597/437/258 605/436/258
f 588/428/216 606/438/216 607/439/216
f 588/428/259 607/439/259 589/429/259
f 592/430/209 552/402/209 553/403/209
f 592/430/209 553/403/209 593/431/209
f 595/435/199 598/438/199 599/439/199
f 595/435/260 599/439/260 596/436/260
f 606/438/261 604/435/261 605/436/261
f 606/438/201 605/436/201 607/439/201
f 538/386/250 602/402/250 603/403/250
f 538/386/262 603/403/262 539/387/262
f 557/405/263 608/440/263 609/441/263
f 557/405/263 609/441/263 558/406/263
f 571/419/264 610/442/264 611/443/264
f 571/419/264 611/443/264 572/420/264
f 541/395/265 540/394/265 543/397/265
f 541/395/265 543/397/265 542/396/265
f 5/5/266 4/4/266 612/444/266
f 5/5/266 612/444/266 613/445/266
f 614/446/219 600/432/221 601/433/219
f 614/446/219 601/433/219 615/447/267
f 616/398/268 532/388/268 535/391/268
f 616/398/269 535/391/269 617/399/269
f 2/2/266 1/1/266 618/448/266
f 2/2/266 618/448/266 619/449/266
f 590/432/270 620/446/271 621/447/271
f 590/432/270 621/447/271 591/433/271
f 375/263/272 622/450/272 623/451/272
f 375/263/273 623/451/273 376/264/273
f 624/452/274 625/453/274 626/454/274
f 624/452/274 626/454/274 627/455/274
f 428/314/275 628/456/275 629/457/275
f 428/314/276 629/457/276 630/458/276
f 502/314/277 385/273/277 631/459/277
f 502/314/277 631/459/277 632/458/277
f 595/435/278 594/434/278 633/460/278
f 595/435/279 633/460/279 634/461/279
f 628/456/280 437/270/280 461/343/280
f 628/456/281 461/343/281 629/457/281
f 429/273/157 428/314/157 630/458/157
f 429/273/158 630/458/158 635/459/158
f 594/434/282 604/435/282 636/461/282
f 594/434/283 636/461/283 633/460/283
f 439/272/284 429/273/284 635/459/284
f 439/272/284 635/459/284 637/462/284
f 385/273/285 384/272/285 638/462/285
f 385/273/286 638/462/286 631/459/286
f 639/463/287 640/464/287 626/454/287
f 639/463/288 626/454/288 625/453/288
f 358/246/277 382/270/277 641/343/277
f 358/246/277 641/343/277 406/294/277
f 642/465/289 643/466/290 644/467/290
f 642/465/289 644/467/290 645/468/290
f 646/469/291 642/465/291 645/468/291
f 646/469/291 645/468/291 647/470/291
f 648/471/292 646/469/292 647/470/292
f 648/471/292 647/470/292 649/472/292
f 650/473/293 648/471/293 649/472/293
f 650/473/293 649/472/293 651/474/293
f 650/473/294 651/474/295 652/475/294
f 650/473/294 652/475/294 653/476/294
f 654/477/296 655/478/296 656/479/296
f 654/477/296 656/479/296 657/480/296
f 653/476/297 652/475/297 655/478/297
f 653/476/297 655/478/297 654/477/297
f 658/481/298 659/482/298 660/483/298
f 658/481/298 660/483/298 661/484/298
f 662/485/299 650/473/299 653/476/299
f 662/485/299 653/476/299 663/486/299
f 664/487/300 665/488/301 646/469/300
f 664/487/300 646/469/300 648/471/300
f 665/488/302 666/489/302 642/465/302
f 665/488/302 642/465/302 646/469/302
f 666/489/303 667/490/303 643/466/303
f 666/489/304 643/466/304 642/465/304
f 668/491/305 669/492/305 670/493/305
f 668/491/305 670/493/305 671/494/305
f 672/495/306 668/491/306 671/494/306
f 672/495/306 671/494/306 673/496/307
f 674/497/308 672/495/308 673/496/308
f 674/497/308 673/496/308 675/498/309
f 676/499/310 674/497/310 675/498/310
f 676/499/310 675/498/310 677/500/311
f 676/499/312 677/500/312 678/501/313
f 676/499/312 678/501/313 679/502/313
f 680/503/314 681/504/314 682/505/315
f 680/503/314 682/505/315 683/506/314
f 679/502/316 678/501/316 681/504/316
f 679/502/316 681/504/316 680/503/316
f 678/501/317 684/507/318 685/508/317
f 678/501/317 685/508/317 681/504/317
f 681/504/319 685/508/319 686/509/319
f 681/504/319 686/509/319 682/505/319
f 677/500/320 687/510/320 684/507/321
f 677/500/320 684/507/321 678/501/321
f 677/500/322 675/498/323 688/511/323
f 677/500/322 688/511/323 687/510/323
f 663/486/324 653/476/325 654/477/326
f 663/486/324 654/477/326 689/512/325
f 675/498/327 673/496/327 690/513/327
f 675/498/327 690/513/327 688/511/327
f 644/467/328 643/466/328 691/514/328
f 644/467/328 691/514/328 692/515/328
f 693/516/329 694/468/329 695/467/329
f 693/516/329 695/467/329 696/466/329
f 697/517/330 698/518/330 694/468/330
f 697/517/330 694/468/330 693/516/330
f 699/519/331 700/520/331 698/518/331
f 699/519/331 698/518/331 697/517/332
f 701/521/333 702/522/334 700/520/333
f 701/521/333 700/520/333 699/519/334
f 701/521/335 703/523/336 704/524/336
f 701/521/335 704/524/336 702/522/336
f 705/525/337 706/526/337 707/527/338
f 705/525/337 707/527/338 708/528/337
f 703/523/339 705/525/339 708/528/340
f 703/523/339 708/528/340 704/524/341
f 709/529/342 710/530/342 706/526/342
f 709/529/343 706/526/343 705/525/343
f 711/531/344 712/532/345 713/533/346
f 711/531/344 713/533/346 714/493/347
f 715/534/348 716/535/348 717/536/348
f 715/534/348 717/536/348 718/537/348
f 719/538/349 699/519/349 697/517/349
f 719/538/349 697/517/349 720/539/349
f 720/539/350 697/517/350 693/516/350
f 720/539/350 693/516/350 721/540/350
f 721/540/351 693/516/351 696/466/351
f 721/540/352 696/466/352 722/490/352
f 723/491/353 711/531/353 714/493/353
f 723/491/353 714/493/353 724/492/353
f 725/541/354 726/542/354 711/531/355
f 725/541/354 711/531/355 723/491/354
f 727/543/356 728/544/356 726/542/356
f 727/543/356 726/542/356 725/541/356
f 729/545/357 715/534/358 728/544/357
f 729/545/357 728/544/357 727/543/358
f 729/545/359 730/546/360 716/535/361
f 729/545/359 716/535/361 715/534/362
f 731/547/363 732/548/363 733/549/364
f 731/547/363 733/549/364 734/550/363
f 730/546/365 731/547/365 734/550/365
f 730/546/365 734/550/365 716/535/365
f 716/535/366 734/550/367 735/551/366
f 716/535/366 735/551/366 717/536/366
f 734/550/368 733/549/369 736/552/370
f 734/550/368 736/552/370 735/551/371
f 715/534/372 718/537/372 737/553/372
f 715/534/372 737/553/372 728/544/372
f 738/554/373 739/555/373 703/523/373
f 738/554/373 703/523/373 701/521/373
f 739/555/374 709/529/375 705/525/375
f 739/555/374 705/525/375 703/523/375
f 728/544/376 737/553/376 740/556/376
f 728/544/376 740/556/376 726/542/376
f 726/542/377 740/556/378 712/532/379
f 726/542/377 712/532/379 711/531/379
f 741/557/380 742/558/380 743/559/380
f 741/557/381 743/559/381 744/560/381
f 722/490/382 696/466/382 745/514/382
f 722/490/382 745/514/382 746/561/382
f 747/562/383 748/563/383 749/564/383
f 747/562/383 749/564/383 750/565/383
f 742/558/384 751/566/384 752/567/384
f 742/558/385 752/567/385 743/559/385
f 753/558/386 754/557/386 755/560/386
f 753/558/387 755/560/387 756/559/387
f 757/566/388 753/558/388 756/559/388
f 757/566/389 756/559/389 758/567/389
f 751/566/390 759/563/390 760/564/390
f 751/566/391 760/564/391 752/567/391
f 748/563/392 757/566/392 758/567/392
f 748/563/393 758/567/393 749/564/393
f 759/563/394 761/562/394 762/565/395
f 759/563/394 762/565/395 760/564/394
f 763/568/396 764/569/397 765/570/397
f 763/568/396 765/570/397 766/571/397
f 767/572/398 768/573/398 769/574/399
f 767/572/398 769/574/399 770/575/398
f 771/576/400 772/577/400 773/578/400
f 771/576/401 773/578/401 774/579/401
f 775/580/402 776/581/402 777/582/402
f 775/580/403 777/582/403 778/583/403
f 779/584/404 780/581/404 781/582/404
f 779/584/405 781/582/405 782/585/405
f 776/581/406 783/584/407 784/585/408
f 776/581/406 784/585/408 777/582/407
f 780/581/409 785/580/409 786/583/409
f 780/581/410 786/583/410 781/582/410
f 671/494/411 670/493/412 787/533/411
f 671/494/411 787/533/411 788/586/411
f 689/512/413 654/477/413 657/480/413
f 689/512/414 657/480/414 789/587/414
f 738/554/415 701/521/415 699/519/416
f 738/554/415 699/519/416 719/538/417
f 696/466/418 695/467/418 790/515/418
f 696/466/418 790/515/418 745/514/418
f 673/496/419 671/494/420 788/586/420
f 673/496/419 788/586/420 690/513/420
f 791/588/421 792/589/421 793/590/421
f 791/588/422 793/590/422 794/591/422
f 795/592/423 796/593/423 797/594/423
f 795/592/424 797/594/424 798/595/424
f 799/593/425 800/592/425 801/595/425
f 799/593/426 801/595/426 802/594/426
f 803/596/427 804/597/427 805/598/428
f 803/596/427 805/598/428 806/599/427
f 807/600/429 808/601/429 809/602/429
f 807/600/430 809/602/430 810/603/430
f 811/604/431 795/592/431 798/595/431
f 811/604/432 798/595/432 812/605/432
f 813/597/433 814/596/434 815/599/435
f 813/597/433 815/599/435 816/598/435
f 817/606/436 818/607/436 819/608/436
f 817/606/437 819/608/437 820/609/437
f 796/593/438 821/610/439 822/611/440
f 796/593/438 822/611/440 797/594/439
f 800/592/441 823/604/441 824/605/441
f 800/592/442 824/605/442 801/595/442
f 825/612/443 826/613/443 827/614/443
f 825/612/444 827/614/444 828/615/444
f 829/606/445 830/616/445 831/617/446
f 829/606/445 831/617/446 832/609/445
f 833/618/447 803/596/447 806/599/447
f 833/618/447 806/599/447 834/619/447
f 835/607/448 829/606/448 832/609/448
f 835/607/449 832/609/449 836/608/449
f 821/610/450 799/593/451 802/594/452
f 821/610/450 802/594/452 822/611/452
f 837/620/453 811/604/453 812/605/453
f 837/620/454 812/605/454 838/621/454
f 814/596/455 839/618/455 840/619/455
f 814/596/455 840/619/455 815/599/455
f 662/485/456 664/487/456 648/471/456
f 662/485/456 648/471/456 650/473/456
f 841/622/457 842/623/457 843/624/457
f 841/622/458 843/624/458 844/625/458
f 845/626/459 841/622/459 844/625/459
f 845/626/460 844/625/460 846/627/460
f 847/628/461 845/626/461 846/627/461
f 847/628/461 846/627/461 848/629/461
f 849/630/462 847/628/462 848/629/462
f 849/630/462 848/629/462 850/631/462
f 851/540/463 849/630/463 850/631/463
f 851/540/463 850/631/463 852/532/463
f 853/632/464 851/540/464 852/532/464
f 853/632/464 852/532/464 854/633/464
f 855/634/465 856/635/465 857/636/465
f 855/634/466 857/636/466 858/637/466
f 859/638/467 855/634/467 858/637/467
f 859/638/468 858/637/468 860/639/468
f 861/511/469 859/638/469 860/639/469
f 861/511/470 860/639/470 862/487/470
f 863/640/471 861/511/471 862/487/471
f 863/640/471 862/487/471 864/641/471
f 865/586/472 863/640/472 864/641/472
f 865/586/473 864/641/473 866/489/473
f 867/633/474 865/586/474 866/489/474
f 867/633/474 866/489/474 868/632/474
f 869/642/475 813/597/475 816/598/475
f 869/642/476 816/598/476 870/643/476
f 871/644/447 835/607/447 836/608/447
f 871/644/447 836/608/447 872/645/447
f 804/597/477 873/642/477 874/643/477
f 804/597/478 874/643/478 805/598/478
f 839/618/437 875/646/437 876/647/437
f 839/618/436 876/647/436 840/619/436
f 818/607/455 877/644/455 878/645/455
f 818/607/455 878/645/455 819/608/455
f 879/648/479 880/649/479 881/650/480
f 879/648/479 881/650/480 882/651/480
f 808/601/481 807/600/481 810/603/481
f 808/601/482 810/603/482 809/602/482
f 883/652/432 869/642/432 870/643/432
f 883/652/431 870/643/431 884/653/431
f 885/646/449 833/618/449 834/619/449
f 885/646/448 834/619/448 886/647/448
f 887/620/428 871/644/428 872/645/428
f 887/620/428 872/645/428 888/621/483
f 889/649/484 879/648/485 882/651/486
f 889/649/484 882/651/486 890/650/486
f 873/642/442 891/652/442 892/653/442
f 873/642/441 892/653/441 874/643/441
f 877/644/435 837/620/433 838/621/487
f 877/644/435 838/621/487 878/645/488
f 880/649/424 883/652/424 884/653/424
f 880/649/489 884/653/489 881/650/489
f 891/652/425 889/649/425 890/650/425
f 891/652/425 890/650/425 892/653/425
f 823/604/490 887/620/490 888/621/490
f 823/604/477 888/621/477 824/605/477
f 842/623/491 893/654/491 894/655/491
f 842/623/492 894/655/492 843/624/492
f 856/635/493 895/656/493 896/657/493
f 856/635/494 896/657/494 857/636/494
f 826/613/495 825/612/495 828/615/495
f 826/613/496 828/615/496 827/614/496
f 17/17/497 16/16/497 897/658/497
f 17/17/498 897/658/498 898/659/498
f 899/660/445 885/646/499 886/647/445
f 899/660/445 886/647/445 900/661/500
f 901/616/501 817/606/502 820/609/503
f 901/616/501 820/609/503 902/617/504
f 14/14/505 13/13/505 903/662/505
f 14/14/505 903/662/505 904/663/505
f 875/646/503 905/660/503 906/661/506
f 875/646/503 906/661/506 876/647/503
f 660/483/507 907/664/507 908/665/507
f 660/483/507 908/665/507 661/484/507
f 909/666/508 910/667/508 911/668/508
f 909/666/507 911/668/507 912/669/507
f 713/533/509 913/670/509 914/671/509
f 713/533/509 914/671/509 915/672/509
f 787/533/510 670/493/510 916/673/510
f 787/533/511 916/673/511 917/672/511
f 880/649/512 879/648/512 918/674/512
f 880/649/513 918/674/513 919/675/513
f 913/670/514 722/490/514 746/561/514
f 913/670/515 746/561/515 914/671/515
f 714/493/382 713/533/382 915/672/382
f 714/493/382 915/672/382 920/673/382
f 879/648/516 889/649/516 921/675/516
f 879/648/517 921/675/517 918/674/517
f 724/492/518 714/493/518 920/673/518
f 724/492/518 920/673/518 922/676/518
f 670/493/519 669/492/519 923/676/519
f 670/493/519 923/676/519 916/673/519
f 924/677/520 925/678/520 911/668/520
f 924/677/521 911/668/521 910/667/521
f 643/466/510 667/490/510 926/561/510
f 643/466/510 926/561/510 691/514/510
f 927/679/522 928/680/522 929/681/522
f 927/679/522 929/681/522 930/682/522
f 931/683/523 927/679/524 930/682/524
f 931/683/523 930/682/524 932/684/524
f 933/685/525 931/683/525 932/684/525
f 933/685/525 932/684/525 934/686/525
f 935/687/526 933/685/527 934/686/527
f 935/687/526 934/686/527 936/688/526
f 935/687/528 936/688/528 937/689/528
f 935/687/528 937/689/528 938/690/529
f 939/691/530 940/692/530 941/693/530
f 939/691/530 941/693/530 942/694/530
f 938/690/531 937/689/531 940/692/532
f 938/690/531 940/692/532 939/691/532
f 943/695/533 944/696/533 945/697/533
f 943/695/533 945/697/533 946/698/533
f 947/699/534 935/687/534 938/690/534
f 947/699/534 938/690/534 948/700/534
f 949/701/535 950/702/535 931/683/535
f 949/701/535 931/683/535 933/685/535
f 950/702/536 951/703/537 927/679/537
f 950/702/536 927/679/537 931/683/537
f 951/703/538 952/704/538 928/680/538
f 951/703/539 928/680/539 927/679/539
f 953/705/540 954/706/540 955/707/540
f 953/705/540 955/707/540 956/708/540
f 957/709/541 953/705/541 956/708/541
f 957/709/541 956/708/541 958/710/541
f 959/711/542 957/709/542 958/710/542
f 959/711/542 958/710/542 960/712/543
f 961/713/544 959/711/544 960/712/544
f 961/713/544 960/712/544 962/714/544
f 961/713/545 962/714/545 963/715/545
f 961/713/545 963/715/545 964/716/545
f 965/717/546 966/718/547 967/719/547
f 965/717/546 967/719/547 968/720/547
f 964/716/548 963/715/548 966/718/548
f 964/716/548 966/718/548 965/717/548
f 963/715/549 969/721/550 970/722/550
f 963/715/549 970/722/550 966/718/550
f 966/718/551 970/722/551 971/723/551
f 966/718/552 971/723/552 967/719/552
f 962/714/553 972/724/554 969/721/555
f 962/714/553 969/721/555 963/715/555
f 962/714/556 960/712/556 973/725/556
f 962/714/556 973/725/556 972/724/557
f 948/700/558 938/690/559 939/691/559
f 948/700/558 939/691/559 974/726/559
f 960/712/560 958/710/560 975/727/560
f 960/712/560 975/727/560 973/725/560
f 929/681/561 928/680/561 976/728/561
f 929/681/562 976/728/562 977/729/562
f 978/730/563 979/731/564 980/681/564
f 978/730/563 980/681/564 981/680/565
f 982/732/566 983/733/567 979/731/566
f 982/732/566 979/731/566 978/730/567
f 984/734/568 985/735/568 983/733/569
f 984/734/568 983/733/569 982/732/569
f 986/736/570 987/737/570 985/735/570
f 986/736/570 985/735/570 984/734/570
f 986/736/571 988/738/571 989/739/572
f 986/736/571 989/739/572 987/737/572
f 990/740/573 991/741/574 992/742/573
f 990/740/573 992/742/573 993/743/573
f 988/738/575 990/740/576 993/743/576
f 988/738/575 993/743/576 989/739/576
f 994/744/577 995/745/578 991/741/579
f 994/744/577 991/741/579 990/740/579
f 996/746/580 997/747/581 998/748/582
f 996/746/580 998/748/582 999/707/583
f 1000/749/584 1001/750/585 1002/751/585
f 1000/749/584 1002/751/585 1003/752/585
f 1004/753/586 984/734/587 982/732/586
f 1004/753/586 982/732/586 1005/754/586
f 1005/754/588 982/732/588 978/730/588
f 1005/754/588 978/730/588 1006/755/588
f 1006/755/589 978/730/590 981/680/590
f 1006/755/589 981/680/590 1007/704/590
f 1008/756/591 996/746/592 999/707/593
f 1008/756/591 999/707/593 1009/706/592
f 1010/757/594 1011/758/594 996/746/594
f 1010/757/594 996/746/594 1008/756/594
f 1012/759/595 1013/760/595 1011/758/595
f 1012/759/595 1011/758/595 1010/757/595
f 1014/761/596 1000/749/596 1013/760/596
f 1014/761/596 1013/760/596 1012/759/596
f 1014/761/597 1015/762/597 1001/750/597
f 1014/761/597 1001/750/597 1000/749/597
f 1016/763/598 1017/764/599 1018/765/599
f 1016/763/598 1018/765/599 1019/766/599
f 1015/762/600 1016/763/601 1019/766/600
f 1015/762/600 1019/766/600 1001/750/600
f 1001/750/602 1019/766/603 1020/767/603
f 1001/750/602 1020/767/603 1002/751/603
f 1019/766/604 1018/765/604 1021/768/604
f 1019/766/605 1021/768/605 1020/767/605
f 1000/749/606 1003/752/607 1022/769/606
f 1000/749/606 1022/769/606 1013/760/607
f 1023/770/608 1024/771/609 988/738/609
f 1023/770/608 988/738/609 986/736/608
f 1024/771/610 994/744/611 990/740/611
f 1024/771/610 990/740/611 988/738/612
f 1013/760/613 1022/769/613 1025/772/613
f 1013/760/613 1025/772/613 1011/758/613
f 1011/758/614 1025/772/614 997/747/614
f 1011/758/614 997/747/614 996/746/614
f 1026/773/615 1027/774/615 1028/775/615
f 1026/773/616 1028/775/616 1029/776/616
f 1007/704/617 981/680/617 1030/728/617
f 1007/704/618 1030/728/618 1031/777/618
f 1032/778/619 1033/779/620 1034/780/620
f 1032/778/619 1034/780/620 1035/781/619
f 1027/774/621 1036/782/621 1037/783/621
f 1027/774/622 1037/783/622 1028/775/622
f 1038/774/623 1039/773/623 1040/776/623
f 1038/774/624 1040/776/624 1041/775/624
f 1042/782/625 1038/774/625 1041/775/625
f 1042/782/626 1041/775/626 1043/783/626
f 1036/782/627 1044/779/627 1045/780/627
f 1036/782/628 1045/780/628 1037/783/628
f 1033/779/629 1042/782/629 1043/783/629
f 1033/779/629 1043/783/629 1034/780/629
f 1044/779/630 1046/778/630 1047/781/631
f 1044/779/630 1047/781/631 1045/780/630
f 1048/784/632 1049/785/633 1050/786/633
f 1048/784/632 1050/786/633 1051/787/632
f 1052/788/634 1053/789/635 1054/790/634
f 1052/788/634 1054/790/634 1055/791/634
f 1056/792/636 1057/793/636 1058/794/636
f 1056/792/636 1058/794/636 1059/795/636
f 1060/796/637 1061/797/637 1062/798/637
f 1060/796/638 1062/798/638 1063/799/638
f 1064/800/639 1065/797/639 1066/798/639
f 1064/800/640 1066/798/640 1067/801/640
f 1061/797/641 1068/800/641 1069/801/641
f 1061/797/641 1069/801/641 1062/798/642
f 1065/797/643 1070/796/643 1071/799/643
f 1065/797/644 1071/799/644 1066/798/644
f 956/708/645 955/707/646 1072/748/646
f 956/708/645 1072/748/646 1073/802/647
f 974/726/648 939/691/648 942/694/648
f 974/726/649 942/694/649 1074/803/649
f 1023/770/650 986/736/651 984/734/650
f 1023/770/650 984/734/650 1004/753/651
f 981/680/652 980/681/652 1075/729/652
f 981/680/653 1075/729/653 1030/728/653
f 958/710/654 956/708/655 1073/802/655
f 958/710/654 1073/802/655 975/727/655
f 1076/804/656 1077/805/656 1078/806/656
f 1076/804/656 1078/806/656 1079/807/656
f 1080/808/657 1081/809/657 1082/810/657
f 1080/808/658 1082/810/658 1083/811/658
f 1084/809/659 1085/808/659 1086/811/659
f 1084/809/660 1086/811/660 1087/810/660
f 1088/812/661 1089/813/662 1090/814/662
f 1088/812/661 1090/814/662 1091/815/663
f 1092/816/664 1093/817/664 1094/818/664
f 1092/816/665 1094/818/665 1095/819/665
f 1096/820/666 1080/808/666 1083/811/666
f 1096/820/667 1083/811/667 1097/821/667
f 1098/813/668 1099/812/669 1100/815/670
f 1098/813/668 1100/815/670 1101/814/671
f 1102/822/672 1103/823/672 1104/824/672
f 1102/822/673 1104/824/673 1105/825/673
f 1081/809/674 1106/826/675 1107/827/676
f 1081/809/674 1107/827/676 1082/810/676
f 1085/808/677 1108/820/677 1109/821/677
f 1085/808/678 1109/821/678 1086/811/678
f 1110/828/679 1111/829/679 1112/830/679
f 1110/828/680 1112/830/680 1113/831/680
f 1114/822/681 1115/832/682 1116/833/683
f 1114/822/681 1116/833/683 1117/825/684
f 1118/834/685 1088/812/685 1091/815/685
f 1118/834/685 1091/815/685 1119/835/685
f 1120/823/686 1114/822/686 1117/825/686
f 1120/823/687 1117/825/687 1121/824/687
f 1106/826/688 1084/809/688 1087/810/688
f 1106/826/688 1087/810/688 1107/827/688
f 1122/836/689 1096/820/689 1097/821/689
f 1122/836/690 1097/821/690 1123/837/690
f 1099/812/691 1124/834/691 1125/835/691
f 1099/812/691 1125/835/691 1100/815/691
f 947/699/692 949/701/693 933/685/694
f 947/699/692 933/685/694 935/687/693
f 1126/838/695 1127/839/695 1128/840/695
f 1126/838/695 1128/840/695 1129/841/695
f 1130/842/696 1126/838/696 1129/841/696
f 1130/842/697 1129/841/697 1131/843/697
f 1132/844/698 1130/842/698 1131/843/698
f 1132/844/699 1131/843/699 1133/845/699
f 1134/846/700 1132/844/700 1133/845/700
f 1134/846/701 1133/845/701 1135/847/701
f 1136/848/702 1134/846/702 1135/847/702
f 1136/848/703 1135/847/703 1137/849/703
f 1138/850/704 1136/848/704 1137/849/704
f 1138/850/705 1137/849/705 1139/851/705
f 1140/852/706 1141/853/706 1142/854/706
f 1140/852/707 1142/854/707 1143/855/707
f 1144/856/708 1140/852/708 1143/855/708
f 1144/856/708 1143/855/708 1145/857/708
f 1146/725/709 1144/856/709 1145/857/709
f 1146/725/710 1145/857/710 1147/701/710
f 1148/727/711 1146/725/711 1147/701/711
f 1148/727/712 1147/701/712 1149/702/712
f 1150/858/713 1148/727/713 1149/702/713
f 1150/858/714 1149/702/714 1151/859/714
f 1152/851/715 1150/858/715 1151/859/715
f 1152/851/716 1151/859/716 1153/850/716
f 1154/860/690 1098/813/690 1101/814/690
f 1154/860/717 1101/814/717 1155/861/717
f 1156/862/685 1120/823/685 1121/824/685
f 1156/862/685 1121/824/685 1157/863/685
f 1089/813/718 1158/860/718 1159/861/718
f 1089/813/719 1159/861/719 1090/814/719
f 1124/834/673 1160/864/673 1161/865/673
f 1124/834/672 1161/865/672 1125/835/672
f 1103/823/691 1162/862/691 1163/863/691
f 1103/823/691 1163/863/691 1104/824/691
f 1164/866/720 1165/867/721 1166/868/721
f 1164/866/720 1166/868/721 1167/869/722
f 1093/817/723 1092/816/723 1095/819/723
f 1093/817/724 1095/819/724 1094/818/724
f 1168/870/667 1154/860/667 1155/861/667
f 1168/870/725 1155/861/725 1169/871/725
f 1170/864/726 1118/834/726 1119/835/726
f 1170/864/686 1119/835/686 1171/865/686
f 1172/836/663 1156/862/662 1157/863/727
f 1172/836/663 1157/863/727 1173/837/727
f 1174/867/728 1164/866/729 1167/869/729
f 1174/867/728 1167/869/729 1175/868/729
f 1158/860/678 1176/870/678 1177/871/678
f 1158/860/677 1177/871/677 1159/861/677
f 1162/862/670 1122/836/670 1123/837/670
f 1162/862/670 1123/837/670 1163/863/670
f 1165/867/730 1168/870/730 1169/871/730
f 1165/867/731 1169/871/731 1166/868/731
f 1176/870/732 1174/867/732 1175/868/732
f 1176/870/659 1175/868/659 1177/871/659
f 1108/820/719 1172/836/719 1173/837/719
f 1108/820/733 1173/837/733 1109/821/733
f 1127/839/734 1178/872/734 1179/873/734
f 1127/839/735 1179/873/735 1128/840/735
f 1141/853/736 1180/874/736 1181/875/736
f 1141/853/737 1181/875/737 1142/854/737
f 1111/829/738 1110/828/738 1113/831/738
f 1111/829/739 1113/831/739 1112/830/739
f 29/29/740 28/28/740 1182/876/740
f 29/29/740 1182/876/740 1183/877/740
f 1184/878/741 1170/864/741 1171/865/741
f 1184/878/742 1171/865/742 1185/879/742
f 1186/832/743 1102/822/744 1105/825/745
f 1186/832/743 1105/825/745 1187/833/746
f 26/26/740 25/25/740 1188/880/740
f 26/26/747 1188/880/747 1189/881/747
f 1160/864/748 1190/878/746 1191/879/746
f 1160/864/748 1191/879/746 1161/865/749
f 945/697/750 1192/882/750 1193/883/750
f 945/697/751 1193/883/751 946/698/751
f 1194/884/752 1195/885/752 1196/886/752
f 1194/884/751 1196/886/751 1197/887/751
f 998/748/753 1198/888/753 1199/889/753
f 998/748/754 1199/889/754 1200/890/754
f 1072/748/755 955/707/755 1201/891/755
f 1072/748/755 1201/891/755 1202/890/755
f 1165/867/756 1164/866/756 1203/892/756
f 1165/867/757 1203/892/757 1204/893/757
f 1198/888/758 1007/704/758 1031/777/758
f 1198/888/759 1031/777/759 1199/889/759
f 999/707/618 998/748/618 1200/890/618
f 999/707/618 1200/890/618 1205/891/618
f 1164/866/760 1174/867/760 1206/893/760
f 1164/866/761 1206/893/761 1203/892/761
f 1009/706/762 999/707/762 1205/891/762
f 1009/706/762 1205/891/762 1207/894/762
f 955/707/763 954/706/763 1208/894/763
f 955/707/763 1208/894/763 1201/891/763
f 1209/895/764 1210/896/764 1196/886/764
f 1209/895/764 1196/886/764 1195/885/764
f 928/680/765 952/704/765 1211/777/765
f 928/680/755 1211/777/755 976/728/755
f 1212/897/766 1213/898/767 1214/899/768
f 1212/897/766 1214/899/768 1215/900/769
f 1216/901/770 1212/897/770 1215/900/770
f 1216/901/770 1215/900/770 1217/902/770
f 1218/903/771 1216/901/771 1217/902/771
f 1218/903/771 1217/902/771 1219/904/771
f 1220/905/772 1218/903/773 1219/904/772
f 1220/905/772 1219/904/772 1221/906/772
f 1220/905/774 1221/906/774 1222/907/774
f 1220/905/774 1222/907/774 1223/908/774
f 1224/909/775 1225/910/775 1226/911/775
f 1224/909/775 1226/911/775 1227/912/775
f 1223/908/776 1222/907/776 1225/910/776
f 1223/908/776 1225/910/776 1224/909/776
f 1228/913/777 1229/914/777 1230/915/777
f 1228/913/778 1230/915/778 1231/916/778
f 1232/917/779 1220/905/779 1223/908/779
f 1232/917/779 1223/908/779 1233/918/779
f 1234/919/780 1235/920/780 1216/901/781
f 1234/919/780 1216/901/781 1218/903/780
f 1235/920/782 1236/921/782 1212/897/783
f 1235/920/782 1212/897/783 1216/901/782
f 1236/921/784 1237/922/784 1213/898/784
f 1236/921/785 1213/898/785 1212/897/785
f 1238/923/786 1239/924/787 1240/925/786
f 1238/923/786 1240/925/786 1241/926/786
f 1242/927/788 1238/923/788 1241/926/788
f 1242/927/788 1241/926/788 1243/928/788
f 1244/929/789 1242/927/789 1243/928/790
f 1244/929/789 1243/928/790 1245/930/791
f 1246/931/792 1244/929/793 1245/930/792
f 1246/931/792 1245/930/792 1247/932/792
f 1246/931/794 1247/932/794 1248/933/794
f 1246/931/794 1248/933/794 1249/934/795
f 1250/935/796 1251/936/796 1252/937/796
f 1250/935/796 1252/937/796 1253/938/796
f 1249/934/797 1248/933/797 1251/936/798
f 1249/934/797 1251/936/798 1250/935/797
f 1248/933/799 1254/939/799 1255/940/799
f 1248/933/799 1255/940/799 1251/936/799
f 1251/936/800 1255/940/800 1256/941/800
f 1251/936/801 1256/941/801 1252/937/801
f 1247/932/802 1257/942/803 1254/939/803
f 1247/932/802 1254/939/803 1248/933/803
f 1247/932/804 1245/930/805 1258/943/805
f 1247/932/804 1258/943/805 1257/942/805
f 1233/918/806 1223/908/806 1224/909/806
f 1233/918/806 1224/909/806 1259/944/806
f 1245/930/807 1243/928/807 1260/945/807
f 1245/930/807 1260/945/807 1258/943/807
f 1214/899/808 1213/898/808 1261/946/808
f 1214/899/809 1261/946/809 1262/947/809
f 1263/948/810 1264/949/811 1265/899/810
f 1263/948/810 1265/899/810 1266/898/810
f 1267/950/812 1268/951/813 1264/949/812
f 1267/950/812 1264/949/812 1263/948/812
f 1269/952/814 1270/953/814 1268/951/814
f 1269/952/814 1268/951/814 1267/950/814
f 1271/954/815 1272/955/815 1270/953/815
f 1271/954/815 1270/953/815 1269/952/815
f 1271/954/816 1273/956/817 1274/957/816
f 1271/954/816 1274/957/816 1272/955/816
f 1275/958/818 1276/959/819 1277/960/818
f 1275/958/818 1277/960/818 1278/961/818
f 1273/956/820 1275/958/820 1278/961/820
f 1273/956/820 1278/961/820 1274/957/821
f 1279/962/822 1280/963/822 1276/959/822
f 1279/962/823 1276/959/823 1275/958/823
f 1281/964/824 1282/965/824 1283/966/824
f 1281/964/825 1283/966/825 1284/925/825
f 1285/967/826 1286/968/827 1287/969/827
f 1285/967/826 1287/969/827 1288/970/827
f 1289/971/828 1269/952/828 1267/950/828
f 1289/971/828 1267/950/828 1290/972/828
f 1290/972/829 1267/950/830 1263/948/829
f 1290/972/829 1263/948/829 1291/973/830
f 1291/973/831 1263/948/831 1266/898/831
f 1291/973/831 1266/898/831 1292/922/831
f 1293/974/832 1281/964/833 1284/925/833
f 1293/974/832 1284/925/833 1294/924/834
f 1295/975/835 1296/976/836 1281/964/835
f 1295/975/835 1281/964/835 1293/974/836
f 1297/977/837 1298/978/837 1296/976/837
f 1297/977/837 1296/976/837 1295/975/837
f 1299/979/838 1285/967/838 1298/978/838
f 1299/979/838 1298/978/838 1297/977/838
f 1299/979/839 1300/980/839 1286/968/839
f 1299/979/839 1286/968/839 1285/967/840
f 1301/981/841 1302/982/841 1303/983/841
f 1301/981/841 1303/983/841 1304/984/841
f 1300/980/842 1301/981/842 1304/984/843
f 1300/980/842 1304/984/843 1286/968/843
f 1286/968/844 1304/984/845 1305/985/846
f 1286/968/844 1305/985/846 1287/969/844
f 1304/984/847 1303/983/847 1306/986/847
f 1304/984/848 1306/986/848 1305/985/848
f 1285/967/849 1288/970/850 1307/987/850
f 1285/967/849 1307/987/850 1298/978/850
f 1308/988/851 1309/989/852 1273/956/852
f 1308/988/851 1273/956/852 1271/954/851
f 1309/989/853 1279/962/854 1275/958/854
f 1309/989/853 1275/958/854 1273/956/854
f 1298/978/855 1307/987/855 1310/990/855
f 1298/978/855 1310/990/855 1296/976/855
f 1296/976/856 1310/990/856 1282/965/857
f 1296/976/856 1282/965/857 1281/964/856
f 1311/991/858 1312/992/858 1313/993/858
f 1311/991/859 1313/993/859 1314/994/859
f 1292/922/860 1266/898/860 1315/946/860
f 1292/922/860 1315/946/860 1316/995/860
f 1317/996/861 1318/997/862 1319/998/861
f 1317/996/861 1319/998/861 1320/999/861
f 1312/992/863 1321/1000/863 1322/1001/863
f 1312/992/864 1322/1001/864 1313/993/864
f 1323/992/865 1324/991/865 1325/994/865
f 1323/992/866 1325/994/866 1326/993/866
f 1327/1000/867 1323/992/867 1326/993/867
f 1327/1000/868 1326/993/868 1328/1001/868
f 1321/1000/869 1329/997/869 1330/998/869
f 1321/1000/870 1330/998/870 1322/1001/870
f 1318/997/871 1327/1000/871 1328/1001/871
f 1318/997/872 1328/1001/872 1319/998/872
f 1329/997/873 1331/996/873 1332/999/873
f 1329/997/873 1332/999/873 1330/998/874
f 1333/1002/875 1334/1003/876 1335/1004/876
f 1333/1002/875 1335/1004/876 1336/1005/875
f 1337/1006/877 1338/1007/877 1339/1008/878
f 1337/1006/877 1339/1008/878 1340/1009/877
f 1341/1010/879 1342/1011/879 1343/1012/879
f 1341/1010/880 1343/1012/880 1344/1013/880
f 1345/1014/881 1346/1015/881 1347/1016/881
f 1345/1014/882 1347/1016/882 1348/1017/882
f 1349/1018/883 1350/1015/883 1351/1016/883
f 1349/1018/884 1351/1016/884 1352/1019/884
f 1346/1015/885 1353/1018/885 1354/1019/886
f 1346/1015/885 1354/1019/886 1347/1016/887
f 1350/1015/888 1355/1014/888 1356/1017/888
f 1350/1015/889 1356/1017/889 1351/1016/889
f 1241/926/890 1240/925/891 1357/966/891
f 1241/926/890 1357/966/891 1358/1020/891
f 1259/944/892 1224/909/892 1227/912/892
f 1259/944/893 1227/912/893 1359/1021/893
f 1308/988/894 1271/954/894 1269/952/894
f 1308/988/894 1269/952/894 1289/971/894
f 1266/898/895 1265/899/895 1360/947/895
f 1266/898/896 1360/947/896 1315/946/896
f 1243/928/897 1241/926/897 1358/1020/897
f 1243/928/897 1358/1020/897 1260/945/898
f 1361/1022/899 1362/1023/899 1363/1024/899
f 1361/1022/899 1363/1024/899 1364/1025/899
f 1365/1026/900 1366/1027/900 1367/1028/900
f 1365/1026/901 1367/1028/901 1368/1029/901
f 1369/1027/902 1370/1026/902 1371/1029/902
f 1369/1027/903 1371/1029/903 1372/1028/903
f 1373/1030/904 1374/1031/905 1375/1032/905
f 1373/1030/904 1375/1032/905 1376/1033/905
f 1377/1034/906 1378/1035/906 1379/1036/906
f 1377/1034/907 1379/1036/907 1380/1037/907
f 1381/1038/908 1365/1026/908 1368/1029/908
f 1381/1038/909 1368/1029/909 1382/1039/909
f 1383/1031/910 1384/1030/911 1385/1033/911
f 1383/1031/910 1385/1033/911 1386/1032/910
f 1387/1040/912 1388/1041/912 1389/1042/912
f 1387/1040/913 1389/1042/913 1390/1043/913
f 1366/1027/914 1391/1044/915 1392/1045/915
f 1366/1027/914 1392/1045/915 1367/1028/915
f 1370/1026/916 1393/1038/916 1394/1039/916
f 1370/1026/917 1394/1039/917 1371/1029/917
f 1395/1046/918 1396/1047/918 1397/1048/918
f 1395/1046/919 1397/1048/919 1398/1049/919
f 1399/1040/920 1400/1050/921 1401/1051/922
f 1399/1040/920 1401/1051/922 1402/1043/923
f 1403/1052/924 1373/1030/924 1376/1033/924
f 1403/1052/925 1376/1033/925 1404/1053/925
f 1405/1041/926 1399/1040/926 1402/1043/926
f 1405/1041/927 1402/1043/927 1406/1042/927
f 1391/1044/928 1369/1027/928 1372/1028/929
f 1391/1044/928 1372/1028/929 1392/1045/929
f 1407/1054/930 1381/1038/930 1382/1039/930
f 1407/1054/931 1382/1039/931 1408/1055/931
f 1384/1030/932 1409/1052/932 1410/1053/932
f 1384/1030/933 1410/1053/933 1385/1033/933
f 1232/917/934 1234/919/935 1218/903/935
f 1232/917/934 1218/903/935 1220/905/936
f 1411/1056/937 1412/1057/937 1413/1058/937
f 1411/1056/937 1413/1058/937 1414/1059/937
f 1415/1060/938 1411/1056/938 1414/1059/938
f 1415/1060/938 1414/1059/938 1416/1061/938
f 1417/1062/939 1415/1060/939 1416/1061/939
f 1417/1062/939 1416/1061/939 1418/1063/939
f 1419/1064/940 1417/1062/940 1418/1063/940
f 1419/1064/941 1418/1063/941 1420/1065/941
f 1421/1066/942 1419/1064/942 1420/1065/942
f 1421/1066/943 1420/1065/943 1422/1067/943
f 1423/1068/944 1421/1066/944 1422/1067/944
f 1423/1068/945 1422/1067/945 1424/1069/945
f 1425/1070/946 1426/1071/946 1427/1072/946
f 1425/1070/946 1427/1072/946 1428/1073/946
f 1429/1074/947 1425/1070/947 1428/1073/947
f 1429/1074/948 1428/1073/948 1430/1075/948
f 1431/943/949 1429/1074/949 1430/1075/949
f 1431/943/949 1430/1075/949 1432/919/949
f 1433/1076/950 1431/943/950 1432/919/950
f 1433/1076/950 1432/919/950 1434/1077/950
f 1435/1078/951 1433/1076/951 1434/1077/951
f 1435/1078/952 1434/1077/952 1436/1079/952
f 1437/1069/953 1435/1078/953 1436/1079/953
f 1437/1069/953 1436/1079/953 1438/1068/953
f 1439/1080/931 1383/1031/931 1386/1032/931
f 1439/1080/930 1386/1032/930 1440/1081/930
f 1441/1082/924 1405/1041/924 1406/1042/924
f 1441/1082/924 1406/1042/924 1442/1083/924
f 1374/1031/954 1443/1080/954 1444/1081/954
f 1374/1031/955 1444/1081/955 1375/1032/955
f 1409/1052/913 1445/1084/913 1446/1085/913
f 1409/1052/956 1446/1085/956 1410/1053/956
f 1388/1041/933 1447/1082/933 1448/1083/933
f 1388/1041/933 1448/1083/933 1389/1042/933
f 1449/1086/957 1450/1087/958 1451/1088/959
f 1449/1086/957 1451/1088/959 1452/1089/960
f 1378/1035/961 1377/1034/961 1380/1037/961
f 1378/1035/962 1380/1037/962 1379/1036/962
f 1453/1090/963 1439/1080/963 1440/1081/963
f 1453/1090/964 1440/1081/964 1454/1091/964
f 1455/1084/965 1403/1052/965 1404/1053/965
f 1455/1084/926 1404/1053/926 1456/1085/926
f 1457/1054/966 1441/1082/905 1442/1083/967
f 1457/1054/966 1442/1083/967 1458/1055/966
f 1459/1087/968 1449/1086/969 1452/1089/969
f 1459/1087/968 1452/1089/969 1460/1088/969
f 1443/1080/970 1461/1090/970 1462/1091/970
f 1443/1080/971 1462/1091/971 1444/1081/971
f 1447/1082/911 1407/1054/972 1408/1055/910
f 1447/1082/911 1408/1055/910 1448/1083/972
f 1450/1087/973 1453/1090/973 1454/1091/973
f 1450/1087/974 1454/1091/974 1451/1088/974
f 1461/1090/975 1459/1087/975 1460/1088/975
f 1461/1090/976 1460/1088/976 1462/1091/976
f 1393/1038/955 1457/1054/955 1458/1055/955
f 1393/1038/954 1458/1055/954 1394/1039/954
f 1412/1057/977 1463/1092/977 1464/1093/977
f 1412/1057/977 1464/1093/977 1413/1058/977
f 1426/1071/978 1465/1094/978 1466/1095/978
f 1426/1071/979 1466/1095/979 1427/1072/979
f 1396/1047/980 1395/1046/980 1398/1049/980
f 1396/1047/980 1398/1049/980 1397/1048/980
f 41/41/981 40/40/981 1467/1096/981
f 41/41/982 1467/1096/982 1468/1097/982
f 1469/1098/921 1455/1084/920 1456/1085/983
f 1469/1098/921 1456/1085/983 1470/1099/984
f 1471/1050/985 1387/1040/986 1390/1043/986
f 1471/1050/985 1390/1043/986 1472/1051/987
f 38/38/982 37/37/982 1473/1100/982
f 38/38/982 1473/1100/982 1474/1101/982
f 1445/1084/985 1475/1098/988 1476/1099/985
f 1445/1084/985 1476/1099/985 1446/1085/986
f 1230/915/989 1477/1102/989 1478/1103/989
f 1230/915/989 1478/1103/989 1231/916/989
f 1479/1104/989 1480/1105/989 1481/1106/989
f 1479/1104/990 1481/1106/990 1482/1107/990
f 1283/966/991 1483/1108/991 1484/1109/991
f 1283/966/992 1484/1109/992 1485/1110/992
f 1357/966/993 1240/925/993 1486/1111/993
f 1357/966/993 1486/1111/993 1487/1110/993
f 1450/1087/994 1449/1086/994 1488/1112/994
f 1450/1087/995 1488/1112/995 1489/1113/995
f 1483/1108/996 1292/922/996 1316/995/996
f 1483/1108/996 1316/995/996 1484/1109/996
f 1284/925/860 1283/966/860 1485/1110/860
f 1284/925/860 1485/1110/860 1490/1111/860
f 1449/1086/997 1459/1087/997 1491/1113/997
f 1449/1086/998 1491/1113/998 1488/1112/998
f 1294/924/999 1284/925/999 1490/1111/999
f 1294/924/1000 1490/1111/1000 1492/1114/1000
f 1240/925/1001 1239/924/1001 1493/1114/1001
f 1240/925/1001 1493/1114/1001 1486/1111/1001
f 1494/1115/1002 1495/1116/1002 1481/1106/1002
f 1494/1115/1002 1481/1106/1002 1480/1105/1002
f 1213/898/993 1237/922/993 1496/995/993
f 1213/898/1003 1496/995/1003 1261/946/1003
f 4/4/1004 506/370/1004 509/373/1004
f 506/370/2 4/4/2 6/6/2
f 506/370/1005 6/6/1005 3/3/1005
f 506/370/1006 3/3/1006 2/2/1006
f 487/359/1007 5/5/1007 488/360/1007
f 5/5/1004 487/359/1004 6/6/1004
f 6/6/1005 487/359/1005 3/3/1005
f 3/3/1008 487/359/1008 1/1/1008
f 1497/1117/274 627/455/274 1498/1118/274
f 627/455/274 1497/1117/274 624/452/274
f 624/452/1009 1497/1117/1009 1499/1119/1009
f 624/452/1010 1499/1119/1010 1500/1120/1010
f 622/450/274 1501/1121/274 623/451/274
f 1501/1121/1011 622/450/1011 1497/1117/1011
f 1497/1117/1009 622/450/1009 1499/1119/1009
f 1499/1119/274 622/450/274 1502/1122/274
f 794/591/1012 14/14/1012 791/588/1012
f 14/14/1012 794/591/1012 16/16/1012
f 14/14/1013 16/16/1013 15/15/1013
f 15/15/1014 16/16/1014 18/18/1014
f 18/18/1014 13/13/1014 15/15/1014
f 13/13/422 18/18/422 17/17/422
f 13/13/1013 17/17/1013 772/577/1013
f 772/577/1013 17/17/1013 773/578/1013
f 1503/1123/1015 1504/1124/1015 1505/1125/1015
f 1504/1124/507 1503/1123/507 1506/1126/507
f 1506/1126/507 1503/1123/507 909/666/507
f 1506/1126/507 909/666/507 912/669/507
f 1507/1127/507 908/665/507 907/664/507
f 908/665/507 1507/1127/507 1508/1128/507
f 1508/1128/1015 1507/1127/1015 1505/1125/1015
f 1508/1128/1016 1505/1125/1016 1504/1124/1016
f 26/26/1017 30/30/1017 27/27/1017
f 30/30/636 26/26/636 28/28/636
f 28/28/1018 26/26/1018 1076/804/1018
f 28/28/1018 1076/804/1018 1079/807/1018
f 25/25/10 1058/794/10 1057/793/10
f 1058/794/1019 25/25/1019 29/29/1019
f 29/29/1020 25/25/1020 27/27/1020
f 29/29/10 27/27/10 30/30/10
f 1197/887/751 1509/1129/751 1194/884/751
f 1509/1129/750 1197/887/750 1510/1130/750
f 1509/1129/750 1510/1130/750 1511/1131/750
f 1511/1131/1021 1510/1130/1021 1512/1132/1021
f 1512/1132/1022 1513/1133/1022 1511/1131/1022
f 1513/1133/751 1512/1132/751 1514/1134/751
f 1513/1133/751 1514/1134/751 1192/882/751
f 1192/882/751 1514/1134/751 1193/883/751
f 40/40/14 1361/1022/14 1364/1025/14
f 1361/1022/14 40/40/14 38/38/14
f 38/38/899 40/40/899 42/42/899
f 38/38/1023 42/42/1023 39/39/1023
f 41/41/1024 39/39/1024 42/42/1024
f 39/39/14 41/41/14 37/37/14
f 37/37/879 41/41/879 1343/1012/879
f 37/37/1024 1343/1012/1024 1342/1011/1024
f 1515/1135/989 1516/1136/989 1517/1137/989
f 1516/1136/990 1515/1135/990 1518/1138/990
f 1516/1136/989 1518/1138/989 1482/1107/989
f 1482/1107/989 1518/1138/989 1479/1104/989
f 1477/1102/989 1519/1139/989 1478/1103/989
f 1519/1139/989 1477/1102/989 1520/1140/989
f 1519/1139/989 1520/1140/989 1517/1137/989
f 1517/1137/1025 1520/1140/1025 1515/1135/1025
# Vertices: 1520, normals: 1025, texture coordinates: 1140, faces: 1492

o obj2
v 5.77176252 1.24711954 -2.40708208
v 5.73306049 1.24711955 -2.38036801
v 5.71787073 1.34344132 -2.39751342
v 5.76111733 1.34344131 -2.42736437
v 5.72926971 1.05242661 -2.25052211
v 5.72926971 1.05242663 -2.21818784
v 5.69545106 1.1507978 -2.2140815
v 5.69545106 1.15079779 -2.2546282
v 5.98782816 1.0524266 -2.2819168
v 5.97280169 1.05242658 -2.31054737
v 6.00083666 1.15079775 -2.32989901
v 6.01967965 1.15079777 -2.29399669
v 5.89451649 1.05242668 -2.1041262
v 5.92474955 1.05242668 -2.11559208
v 5.94057997 1.15079787 -2.08542789
v 5.90266815 1.15079787 -2.07104982
v 5.7370078 1.05242664 -2.18679315
v 5.70515452 1.15079782 -2.17471301
v 5.95136012 1.05242657 -2.3347499
v 5.97394924 1.15079774 -2.36024866
v 5.86241798 1.05242656 -2.36848122
v 5.83031948 1.05242656 -2.36458375
v 5.82216602 1.15079772 -2.39765988
v 5.86241708 1.15079772 -2.40254723
v 5.95136012 1.05242667 -2.13396004
v 5.97394924 1.15079785 -2.10846104
v 5.75203428 1.05242666 -2.15816258
v 5.7239975 1.15079784 -2.13881069
v 5.95136012 1.05242657 -2.3347499
v 5.92474955 1.05242656 -2.35311786
v 5.94057997 1.15079773 -2.3832818
v 5.97394924 1.15079774 -2.36024866
v 5.80008642 1.05242656 -2.35311786
v 5.78425419 1.15079773 -2.3832818
v 5.95136012 1.05242667 -2.13396004
v 5.97280169 1.05242666 -2.15816258
v 6.00083666 1.15079784 -2.13881069
v 5.97394924 1.15079785 -2.10846104
v 5.77347586 1.05242667 -2.13396004
v 5.75088493 1.15079785 -2.10846104
v 5.89451649 1.05242656 -2.36458375
v 5.90266815 1.15079772 -2.39765988
v 5.77347586 1.05242657 -2.3347499
v 5.75088493 1.15079774 -2.36024866
v 5.98782816 1.05242664 -2.18679315
v 6.01967965 1.15079782 -2.17471301
v 5.77347586 1.05242667 -2.13396004
v 5.80008642 1.05242668 -2.11559208
v 5.78425419 1.15079787 -2.08542789
v 5.75088493 1.15079785 -2.10846104
v 5.77347586 1.05242657 -2.3347499
v 5.75203428 1.05242658 -2.31054737
v 5.7239975 1.15079775 -2.32989901
v 5.75088493 1.15079774 -2.36024866
v 5.99556626 1.05242663 -2.21818784
v 6.0293831 1.1507978 -2.2140815
v 5.83031948 1.05242668 -2.1041262
v 5.82216602 1.15079787 -2.07104982
v 5.7370078 1.0524266 -2.2819168
v 5.70515452 1.15079777 -2.29399669
v 5.99556626 1.05242661 -2.25052211
v 6.0293831 1.15079779 -2.2546282
v 5.86241798 1.05242668 -2.10022873
v 5.86241708 1.15079787 -2.06616247
v 5.72140039 1.34344147 -2.07518064
v 5.76359094 1.34344149 -2.04605858
v 5.76359094 1.32550692 -2.04605858
v 5.72140039 1.3255069 -2.07518063
v 6.02295724 1.24711967 -2.12354181
v 6.04481154 1.24711965 -2.16518172
v 6.06622886 1.34344143 -2.15705908
v 6.04180833 1.34344145 -2.11052965
v 5.73306049 1.24711969 -2.08834196
v 5.77176252 1.2471197 -2.06162787
v 5.76111733 1.34344149 -2.04134551
v 5.71787073 1.34344147 -2.0711965
v 5.90910032 1.24711953 -2.42375795
v 5.8624167 1.24711953 -2.42942635
v 5.86241648 1.34344129 -2.45233237
v 5.91458188 1.3434413 -2.44599836
v 5.73306049 1.24711955 -2.38036801
v 5.70187614 1.24711956 -2.34516814
v 5.68302461 1.34344134 -2.35818023
v 5.71787073 1.34344132 -2.39751342
v 6.05606572 1.24711963 -2.21084172
v 6.07880454 1.34344141 -2.20808067
v 5.81573307 1.24711971 -2.04495203
v 5.81025108 1.3434415 -2.02271152
v 5.68002186 1.24711958 -2.30352824
v 5.65860408 1.34344136 -2.31165081
v 6.05606572 1.24711961 -2.25786823
v 6.07880454 1.34344138 -2.26062922
v 5.8624167 1.24711971 -2.03928361
v 5.86241648 1.3434415 -2.01637753
v 5.66876767 1.24711961 -2.25786823
v 5.64602841 1.34344138 -2.26062922
v 6.04481154 1.24711958 -2.30352824
v 6.06622886 1.34344136 -2.31165081
v 5.90910032 1.24711971 -2.04495203
v 5.91458188 1.3434415 -2.02271152
v 5.66876767 1.24711963 -2.21084172
v 5.64602841 1.34344141 -2.20808067
v 6.02295724 1.24711956 -2.34516814
v 6.04180833 1.34344134 -2.35818023
v 5.95307087 1.2471197 -2.06162787
v 5.96371563 1.34344149 -2.04134551
v 5.68002186 1.24711965 -2.16518172
v 5.65860408 1.34344143 -2.15705908
v 5.99177291 1.24711955 -2.38036801
v 6.00696222 1.34344132 -2.39751342
v 5.81573307 1.24711953 -2.42375795
v 5.81025108 1.3434413 -2.44599836
v 5.99177291 1.24711969 -2.08834196
v 6.00696222 1.34344147 -2.0711965
v 5.70187614 1.24711967 -2.12354181
v 5.68302461 1.34344145 -2.11052965
v 5.99177291 1.24711955 -2.38036801
v 5.95307087 1.24711954 -2.40708208
v 5.96371563 1.34344131 -2.42736437
v 6.00696222 1.34344132 -2.39751342
v 5.99177291 1.24711969 -2.08834196
v 6.00696222 1.34344147 -2.0711965
v 5.73306049 1.24711969 -2.08834196
v 5.71787073 1.34344147 -2.0711965
v 5.8115249 1.3434413 -2.44083026
v 5.86241648 1.3434413 -2.4470096
v 5.86241648 1.34344129 -2.45233237
v 5.81025108 1.3434413 -2.44599836
v 5.76359094 1.34344131 -2.42265129
v 5.76111733 1.34344131 -2.42736437
v 5.72140039 1.34344132 -2.39352926
v 5.71787073 1.34344132 -2.39751342
v 5.68740517 1.34344134 -2.35515656
v 5.68302461 1.34344134 -2.35818023
v 5.66358097 1.34344136 -2.30976333
v 5.65860408 1.34344136 -2.31165081
v 5.65131237 1.34344138 -2.25998763
v 5.64602841 1.34344138 -2.26062922
v 5.65131237 1.34344141 -2.20872226
v 5.64602841 1.34344141 -2.20808067
v 5.66358097 1.34344143 -2.15894656
v 5.65860408 1.34344143 -2.15705908
v 5.68740517 1.34344145 -2.11355334
v 5.68302461 1.34344145 -2.11052965
v 5.72140039 1.34344147 -2.07518064
v 5.71787073 1.34344147 -2.0711965
v 5.76359094 1.34344149 -2.04605858
v 5.76111733 1.34344149 -2.04134551
v 5.8115249 1.34344149 -2.02787962
v 5.81025108 1.3434415 -2.02271152
v 5.86241648 1.3434415 -2.0217003
v 5.86241648 1.3434415 -2.01637753
v 5.91330806 1.34344149 -2.02787962
v 5.91458188 1.3434415 -2.02271152
v 5.96124201 1.34344149 -2.04605858
v 5.96371563 1.34344149 -2.04134551
v 6.00343256 1.34344147 -2.07518064
v 6.00696222 1.34344147 -2.0711965
v 6.03742778 1.34344145 -2.11355334
v 6.04180833 1.34344145 -2.11052965
v 6.06125198 1.34344143 -2.15894656
v 6.06622886 1.34344143 -2.15705908
v 6.07352058 1.34344141 -2.20872226
v 6.07880454 1.34344141 -2.20808067
v 6.07352058 1.34344138 -2.25998763
v 6.07880454 1.34344138 -2.26062922
v 6.06125198 1.34344136 -2.30976333
v 6.06622886 1.34344136 -2.31165081
v 6.03742778 1.34344134 -2.35515656
v 6.04180833 1.34344134 -2.35818023
v 6.00343256 1.34344132 -2.39352927
v 6.00696222 1.34344132 -2.39751342
v 5.96124201 1.34344131 -2.42265129
v 5.96371563 1.34344131 -2.42736437
v 5.91330806 1.3434413 -2.44083026
v 5.91458188 1.3434413 -2.44599836
v 6.07352058 1.32550682 -2.25998762
v 6.06125198 1.32550679 -2.30976332
v 6.05782302 1.31918027 -2.30846286
v 6.06988003 1.3191803 -2.25954556
v 5.91330806 1.3434413 -2.44083026
v 5.86241648 1.3434413 -2.4470096
v 5.86241648 1.32550673 -2.44700959
v 5.91330806 1.32550673 -2.44083025
v 5.72140039 1.34344132 -2.39352926
v 5.68740517 1.34344134 -2.35515656
v 5.68740517 1.32550677 -2.35515655
v 5.72140039 1.32550675 -2.39352925
v 6.06125198 1.34344143 -2.15894656
v 6.07352058 1.34344141 -2.20872226
v 6.07352058 1.32550684 -2.20872225
v 6.06125198 1.32550686 -2.15894656
v 5.8115249 1.34344149 -2.02787962
v 5.8115249 1.32550692 -2.02787961
v 5.66358097 1.34344136 -2.30976333
v 5.66358097 1.32550679 -2.30976332
v 6.07352058 1.34344138 -2.25998763
v 5.86241648 1.3434415 -2.0217003
v 5.86241648 1.32550693 -2.02170029
v 5.65131237 1.34344138 -2.25998763
v 5.65131237 1.32550682 -2.25998762
v 6.06125198 1.34344136 -2.30976333
v 5.91330806 1.34344149 -2.02787962
v 5.91330806 1.32550692 -2.02787961
v 5.65131237 1.34344141 -2.20872226
v 5.65131237 1.32550684 -2.20872225
v 6.03742778 1.34344134 -2.35515656
v 6.03742778 1.32550677 -2.35515655
v 5.96124201 1.34344149 -2.04605858
v 5.96124201 1.32550692 -2.04605858
v 5.66358097 1.34344143 -2.15894656
v 5.66358097 1.32550686 -2.15894656
v 6.00343256 1.34344132 -2.39352927
v 6.00343256 1.32550675 -2.39352926
v 5.8115249 1.3434413 -2.44083026
v 5.8115249 1.32550673 -2.44083025
v 6.00343256 1.34344147 -2.07518064
v 6.00343256 1.3255069 -2.07518063
v 5.68740517 1.34344145 -2.11355334
v 5.68740517 1.32550688 -2.11355333
v 6.00343256 1.34344132 -2.39352927
v 5.96124201 1.34344131 -2.42265129
v 5.96124201 1.32550674 -2.42265129
v 6.00343256 1.32550675 -2.39352926
v 5.76359094 1.34344131 -2.42265129
v 5.76359094 1.32550674 -2.42265129
v 6.00343256 1.34344147 -2.07518064
v 6.03742778 1.34344145 -2.11355334
v 6.03742778 1.32550688 -2.11355333
v 6.00343256 1.3255069 -2.07518063
v 5.72140039 1.34344147 -2.07518064
v 5.72140039 1.3255069 -2.07518063
v 5.72140039 1.34344132 -2.39352926
v 5.72140039 1.32550675 -2.39352925
v 5.91243043 1.3191804 -2.03144032
v 5.86241649 1.31918041 -2.02536757
v 5.65495294 1.31918032 -2.20916427
v 5.65495294 1.3191803 -2.25954556
v 6.03440967 1.31918025 -2.35307328
v 5.95953775 1.3191804 -2.04930577
v 5.66700995 1.31918034 -2.16024697
v 6.00100071 1.31918023 -2.39078423
v 5.81240255 1.31918021 -2.43726951
v 5.86241649 1.31918021 -2.44334227
v 6.00100071 1.31918038 -2.07792562
v 5.69042331 1.31918036 -2.11563657
v 5.95953775 1.31918022 -2.41940404
v 6.00100071 1.31918023 -2.39078423
v 5.76529524 1.31918022 -2.41940404
v 6.03440967 1.31918036 -2.11563657
v 6.00100071 1.31918038 -2.07792562
v 5.72383226 1.31918038 -2.07792562
v 5.91243043 1.31918021 -2.43726951
v 5.72383226 1.31918023 -2.39078422
v 6.05782302 1.31918034 -2.16024697
v 5.76529524 1.3191804 -2.04930577
v 5.72383226 1.31918038 -2.07792562
v 5.69042331 1.31918025 -2.35307328
v 5.72383226 1.31918023 -2.39078422
v 6.06988003 1.31918032 -2.20916427
v 5.81240255 1.3191804 -2.03144032
v 5.66700995 1.31918027 -2.30846286
v 5.7370078 1.0524266 -2.2819168
v 5.72926971 1.05242663 -2.21818784
v 5.72926971 1.05242661 -2.25052211
v 5.7370078 1.05242664 -2.18679315
v 5.75203428 1.05242658 -2.31054737
v 5.75203428 1.05242666 -2.15816258
v 5.77347586 1.05242657 -2.3347499
v 5.77347586 1.05242667 -2.13396004
v 5.80008642 1.05242656 -2.35311786
v 5.80008642 1.05242668 -2.11559208
v 5.83031948 1.05242656 -2.36458375
v 5.83031948 1.05242668 -2.1041262
v 5.86241798 1.05242656 -2.36848122
v 5.86241798 1.05242668 -2.10022873
v 5.89451649 1.05242656 -2.36458375
v 5.89451649 1.05242668 -2.1041262
v 5.92474955 1.05242656 -2.35311786
v 5.92474955 1.05242668 -2.11559208
v 5.95136012 1.05242657 -2.3347499
v 5.95136012 1.05242667 -2.13396004
v 5.97280169 1.05242658 -2.31054737
v 5.97280169 1.05242666 -2.15816258
v 5.98782816 1.0524266 -2.2819168
v 5.98782816 1.05242664 -2.18679315
v 5.99556626 1.05242661 -2.25052211
v 5.99556626 1.05242663 -2.21818784
v 5.66700995 1.31918034 -2.16024697
v 5.65495294 1.3191803 -2.25954556
v 5.65495294 1.31918032 -2.20916427
v 5.66700995 1.31918027 -2.30846286
v 5.69042331 1.31918036 -2.11563657
v 5.69042331 1.31918025 -2.35307328
v 5.72383226 1.31918038 -2.07792562
v 5.72383226 1.31918023 -2.39078422
v 5.76529524 1.3191804 -2.04930577
v 5.76529524 1.31918022 -2.41940404
v 5.81240255 1.3191804 -2.03144032
v 5.81240255 1.31918021 -2.43726951
v 5.86241649 1.31918041 -2.02536757
v 5.86241649 1.31918021 -2.44334227
v 5.91243043 1.3191804 -2.03144032
v 5.91243043 1.31918021 -2.43726951
v 5.95953775 1.3191804 -2.04930577
v 5.95953775 1.31918022 -2.41940404
v 6.00100071 1.31918038 -2.07792562
v 6.00100071 1.31918023 -2.39078423
v 6.03440967 1.31918036 -2.11563657
v 6.03440967 1.31918025 -2.35307328
v 6.05782302 1.31918034 -2.16024697
v 6.05782302 1.31918027 -2.30846286
v 6.06988003 1.31918032 -2.20916427
v 6.06988003 1.3191803 -2.25954556
vn -0.44999 0.85739 -0.2498
vn -0.64209 0.72479 -0.2498
vn -0.64511 0.72821 -0.2314
vn -0.45211 0.86142 -0.23141
vn -0.93807 0.1139 -0.32719
vn -0.93807 -0.1139 -0.32719
vn -0.94776 -0.1151 -0.29749
vn -0.94776 0.1151 -0.29749
vn 0.88353 0.33511 -0.32721
vn 0.77769 0.53679 -0.32719
vn 0.78573 0.54232 -0.29751
vn 0.89267 0.33859 -0.29749
vn 0.2261 -0.91751 -0.3272
vn 0.43911 -0.83673 -0.32721
vn 0.44368 -0.84537 -0.29749
vn 0.22849 -0.92698 -0.29749
vn -0.88353 -0.33511 -0.32721
vn -0.89267 -0.33859 -0.29749
vn 0.62667 0.70727 -0.32719
vn 0.63311 0.71461 -0.2975
vn 0 0.94495 -0.32722
vn -0.2261 0.91751 -0.3272
vn -0.22849 0.92698 -0.29749
vn 0 0.95472 -0.29751
vn 0.62661 -0.70731 -0.32721
vn 0.63311 -0.71461 -0.2975
vn -0.77769 -0.53679 -0.32719
vn -0.78573 -0.54232 -0.29751
vn 0.62661 0.70731 -0.32721
vn 0.43911 0.83673 -0.32721
vn 0.44368 0.84537 -0.29749
vn -0.43911 0.83673 -0.32721
vn -0.44368 0.84537 -0.29749
vn 0.77769 -0.53679 -0.32719
vn 0.78573 -0.54232 -0.29751
vn -0.62661 -0.70731 -0.32721
vn -0.63311 -0.71461 -0.2975
vn 0.2261 0.91751 -0.3272
vn 0.22849 0.92698 -0.29749
vn -0.62661 0.70731 -0.32721
vn -0.63311 0.71461 -0.2975
vn 0.88353 -0.33511 -0.32721
vn 0.8927 -0.3385 -0.2975
vn -0.43911 -0.83673 -0.32721
vn -0.44368 -0.84537 -0.29749
vn -0.77769 0.53679 -0.32719
vn -0.78573 0.54232 -0.29751
vn 0.93807 -0.1139 -0.32719
vn 0.94776 -0.1151 -0.29749
vn -0.2261 -0.91751 -0.3272
vn -0.22849 -0.92698 -0.29749
vn -0.88353 0.33511 -0.32721
vn -0.8927 0.3385 -0.2975
vn 0.93807 0.1139 -0.32719
vn 0.94776 0.1151 -0.29749
vn 0 -0.94495 -0.32722
vn 0 -0.95472 -0.29751
vn 0.66312 0.74852 0
vn 0.46469 0.88548 0
vn 0.44941 0.85622 0.2548
vn 0.64122 0.72382 0.25481
vn 0.79688 -0.55008 -0.24979
vn 0.90537 -0.34339 -0.24979
vn 0.90963 -0.34501 -0.23141
vn 0.80064 -0.55266 -0.23138
vn -0.64209 -0.72479 -0.2498
vn -0.44999 -0.85739 -0.2498
vn -0.45211 -0.86142 -0.23141
vn -0.64511 -0.72821 -0.2314
vn 0.23169 0.94017 -0.24979
vn 0 0.9683 -0.2498
vn 0 0.97286 -0.23139
vn 0.2328 0.94459 -0.2314
vn -0.79688 0.55008 -0.24979
vn -0.80069 0.55259 -0.2314
vn -0.64517 0.72816 -0.23139
vn 0.96124 -0.1167 -0.24981
vn 0.96576 -0.1173 -0.23139
vn -0.23169 -0.94017 -0.24979
vn -0.2328 -0.94459 -0.2314
vn -0.90537 0.34339 -0.24979
vn -0.90963 0.34501 -0.23141
vn 0.96124 0.1167 -0.24981
vn 0.96576 0.1173 -0.23139
vn 0 -0.9683 -0.2498
vn 0 -0.97286 -0.23139
vn -0.96124 0.1167 -0.24981
vn -0.96576 0.1173 -0.23139
vn 0.90537 0.34339 -0.24979
vn 0.90963 0.34501 -0.23141
vn 0.23169 -0.94017 -0.24979
vn 0.2328 -0.94459 -0.2314
vn -0.96124 -0.1167 -0.24981
vn -0.96576 -0.1173 -0.23139
vn 0.79688 0.55008 -0.24979
vn 0.80064 0.55266 -0.23138
vn 0.44999 -0.85739 -0.2498
vn 0.45211 -0.86142 -0.23141
vn -0.90537 -0.34339 -0.24979
vn -0.90963 -0.34501 -0.23141
vn 0.64209 0.72479 -0.2498
vn 0.64517 0.72816 -0.23139
vn -0.23169 0.94017 -0.24979
vn -0.2328 0.94459 -0.2314
vn 0.64209 -0.72479 -0.2498
vn 0.64511 -0.72821 -0.2314
vn -0.79688 -0.55008 -0.24979
vn -0.80064 -0.55266 -0.23138
vn 0.44999 0.85739 -0.2498
vn 0.45211 0.86142 -0.23141
vn 0.64511 0.72821 -0.2314
vn 0.64517 -0.72816 -0.23139
vn -0.64517 -0.72816 -0.23139
vn 0 0 1
vn -0.95994 -0.1166 0.25481
vn -0.90416 -0.34289 0.25479
vn -0.80892 -0.30681 0.50151
vn -0.85884 -0.1043 0.50152
vn -0.23931 -0.97094 0
vn 0 -1 0
vn 0 -0.96699 0.2548
vn -0.2314 -0.9389 0.2548
vn 0.66312 -0.74852 0
vn 0.82297 -0.56808 0
vn 0.79582 -0.54931 0.25481
vn 0.64122 -0.72382 0.25481
vn -0.93502 0.35461 0
vn -0.99271 0.1205 0
vn -0.95994 0.1166 0.25481
vn -0.90416 0.34289 0.25479
vn 0.23931 0.97094 0
vn 0.2314 0.9389 0.2548
vn 0.93502 -0.35461 0
vn 0.90416 -0.34289 0.25479
vn -0.99271 -0.1205 0
vn 0 1 0
vn 0 0.96699 0.2548
vn 0.99271 -0.1205 0
vn 0.95994 -0.1166 0.25481
vn -0.93502 -0.35461 0
vn -0.23931 0.97094 0
vn -0.2314 0.9389 0.2548
vn 0.99271 0.1205 0
vn 0.95994 0.1166 0.25481
vn -0.82297 -0.56808 0
vn -0.79582 -0.54931 0.25481
vn -0.46469 0.88548 0
vn -0.44941 0.85622 0.2548
vn 0.93502 0.35461 0
vn 0.90416 0.34289 0.25479
vn -0.66312 -0.74852 0
vn -0.64128 -0.72377 0.25479
vn 0.23931 -0.97094 0
vn 0.2314 -0.9389 0.2548
vn -0.66312 0.74852 0
vn -0.64122 0.72382 0.25481
vn 0.82297 0.56808 0
vn 0.79582 0.54931 0.25481
vn -0.46469 -0.88548 0
vn -0.44941 -0.85622 0.2548
vn -0.64122 -0.72382 0.25481
vn 0.46469 -0.88548 0
vn 0.44941 -0.85622 0.2548
vn -0.82297 0.56808 0
vn -0.79582 0.54931 0.25481
vn 0.64128 0.72377 0.25479
vn -0.20701 0.84002 0.50151
vn 0 0.86517 0.50148
vn 0.85884 0.1043 0.50152
vn 0.85884 -0.1043 0.50152
vn -0.71199 -0.4915 0.5015
vn -0.40208 0.76606 0.50148
vn 0.80892 0.30681 0.50151
vn -0.57369 -0.64759 0.5015
vn 0.20701 -0.84002 0.50151
vn 0 -0.86517 0.50148
vn -0.57369 0.64759 0.5015
vn 0.71199 0.4915 0.5015
vn -0.40208 -0.76606 0.50148
vn 0.40208 -0.76606 0.50148
vn -0.71199 0.4915 0.5015
vn 0.57369 0.64759 0.5015
vn -0.20701 -0.84002 0.50151
vn 0.57369 -0.64759 0.5015
vn -0.80892 0.30681 0.50151
vn 0.40208 0.76606 0.50148
vn 0.71199 -0.4915 0.5015
vn -0.85884 0.1043 0.50152
vn 0.20701 0.84002 0.50151
vn 0.80892 -0.30681 0.50151
vn 0 0 -1
vt 0.1739 0.37947
vt 0.17234 0.37947
vt 0.17173 0.3756
vt 0.17347 0.3756
vt 0.17829 0.38729
vt 0.17682 0.38729
vt 0.17672 0.38334
vt 0.17839 0.38334
vt 0.17971 0.38729
vt 0.18101 0.38729
vt 0.1815 0.38334
vt 0.18002 0.38334
vt 0.17901 0.38729
vt 0.18038 0.38729
vt 0.18078 0.38334
vt 0.17922 0.38334
vt 0.1754 0.38729
vt 0.1751 0.38334
vt 0.18211 0.38729
vt 0.18275 0.38334
vt 0.17756 0.38729
vt 0.1761 0.38729
vt 0.1759 0.38334
vt 0.17756 0.38334
vt 0.18159 0.38729
vt 0.18216 0.38334
vt 0.1741 0.38729
vt 0.17361 0.38334
vt 0.17473 0.38729
vt 0.17433 0.38334
vt 0.173 0.38729
vt 0.17236 0.38334
vt 0.17352 0.38729
vt 0.17296 0.38334
vt 0.17187 0.3756
vt 0.17357 0.3756
vt 0.17357 0.37632
vt 0.17187 0.37632
vt 0.17309 0.37947
vt 0.17477 0.37947
vt 0.17444 0.3756
vt 0.17256 0.3756
vt 0.17944 0.37947
vt 0.17756 0.37947
vt 0.17756 0.3756
vt 0.17966 0.3756
vt 0.18344 0.37947
vt 0.18202 0.37947
vt 0.18255 0.3756
vt 0.18413 0.3756
vt 0.17661 0.37947
vt 0.1765 0.3756
vt 0.17567 0.37947
vt 0.17545 0.3756
vt 0.18035 0.37947
vt 0.18067 0.3756
vt 0.1785 0.37947
vt 0.17862 0.3756
vt 0.18121 0.37947
vt 0.18164 0.3756
vt 0.18277 0.37947
vt 0.18338 0.3756
vt 0.17167 0.37947
vt 0.17098 0.3756
vt 0.17551 0.37093
vt 0.17756 0.37069
vt 0.17756 0.37047
vt 0.17545 0.37073
vt 0.17357 0.37166
vt 0.17347 0.37148
vt 0.17187 0.37283
vt 0.17173 0.37267
vt 0.1705 0.37437
vt 0.17032 0.37425
vt 0.16954 0.3762
vt 0.16934 0.37612
vt 0.16905 0.3782
vt 0.16883 0.37817
vt 0.16905 0.38025
vt 0.16883 0.38028
vt 0.16954 0.38225
vt 0.16934 0.38233
vt 0.1705 0.38408
vt 0.17032 0.3842
vt 0.17187 0.38562
vt 0.17173 0.38578
vt 0.17357 0.38678
vt 0.17347 0.38697
vt 0.17551 0.38751
vt 0.17545 0.38772
vt 0.17756 0.38776
vt 0.17756 0.38798
vt 0.17961 0.38751
vt 0.17966 0.38772
vt 0.18154 0.38678
vt 0.18164 0.38697
vt 0.18324 0.38562
vt 0.18338 0.38578
vt 0.18461 0.38408
vt 0.18479 0.3842
vt 0.18557 0.38225
vt 0.18577 0.38233
vt 0.18607 0.38025
vt 0.18628 0.38028
vt 0.18607 0.3782
vt 0.18628 0.37817
vt 0.18557 0.3762
vt 0.18577 0.37612
vt 0.18461 0.37437
vt 0.18479 0.37425
vt 0.18324 0.37283
vt 0.18338 0.37267
vt 0.18154 0.37166
vt 0.18164 0.37148
vt 0.17961 0.37093
vt 0.17966 0.37073
vt 0.17859 0.37632
vt 0.1806 0.37632
vt 0.17961 0.3756
vt 0.17756 0.37632
vt 0.17961 0.37632
vt 0.18397 0.3756
vt 0.18243 0.3756
vt 0.18243 0.37632
vt 0.18397 0.37632
vt 0.17452 0.3756
vt 0.17652 0.3756
vt 0.17652 0.37632
vt 0.17452 0.37632
vt 0.17551 0.3756
vt 0.17551 0.37632
vt 0.1806 0.3756
vt 0.17859 0.3756
vt 0.18154 0.3756
vt 0.18154 0.37632
vt 0.18324 0.3756
vt 0.18324 0.37632
vt 0.17269 0.3756
vt 0.17269 0.37632
vt 0.17114 0.3756
vt 0.17114 0.37632
vt 0.17187 0.37708
vt 0.17152 0.37995
vt 0.17152 0.37849
vt 0.17187 0.38137
vt 0.17255 0.37578
vt 0.17255 0.38267
vt 0.17352 0.37469
vt 0.17352 0.38376
vt 0.17473 0.37386
vt 0.17473 0.38459
vt 0.1761 0.37334
vt 0.1761 0.38511
vt 0.17756 0.37317
vt 0.17756 0.38528
vt 0.17901 0.37334
vt 0.17901 0.38511
vt 0.18038 0.37386
vt 0.18038 0.38459
vt 0.18159 0.37469
vt 0.18159 0.38376
vt 0.18256 0.37578
vt 0.18256 0.38267
vt 0.18324 0.37708
vt 0.18324 0.38137
vt 0.18359 0.37849
vt 0.18359 0.37995
vt 0.96513 0.51156
vt 0.96476 0.50855
vt 0.96476 0.51008
vt 0.96513 0.50707
vt 0.96584 0.51291
vt 0.96584 0.50572
vt 0.96686 0.51405
vt 0.96686 0.50458
vt 0.96812 0.51492
vt 0.96812 0.50371
vt 0.96955 0.51546
vt 0.96955 0.50317
vt 0.97107 0.51565
vt 0.97107 0.50299
vt 0.97259 0.51546
vt 0.97259 0.50317
vt 0.97403 0.51492
vt 0.97403 0.50371
vt 0.97529 0.51405
vt 0.97529 0.50458
vt 0.9763 0.51291
vt 0.9763 0.50572
vt 0.97702 0.51156
vt 0.97702 0.50707
vt 0.97738 0.51008
vt 0.97738 0.50855
usemtl mat1
f 1521/1141/1026 1522/1142/1027 1523/1143/1028
f 1521/1141/1026 1523/1143/1028 1524/1144/1029
f 1525/1145/1030 1526/1146/1031 1527/1147/1032
f 1525/1145/1030 1527/1147/1032 1528/1148/1033
f 1529/1149/1034 1530/1150/1035 1531/1151/1036
f 1529/1149/1034 1531/1151/1036 1532/1152/1037
f 1533/1153/1038 1534/1154/1039 1535/1155/1040
f 1533/1153/1038 1535/1155/1040 1536/1156/1041
f 1526/1146/1031 1537/1157/1042 1538/1158/1043
f 1526/1146/1031 1538/1158/1043 1527/1147/1032
f 1530/1150/1035 1539/1159/1044 1540/1160/1045
f 1530/1150/1035 1540/1160/1045 1531/1151/1036
f 1541/1161/1046 1542/1162/1047 1543/1163/1048
f 1541/1161/1046 1543/1163/1048 1544/1164/1049
f 1534/1154/1039 1545/1165/1050 1546/1166/1051
f 1534/1154/1039 1546/1166/1051 1535/1155/1040
f 1537/1157/1042 1547/1167/1052 1548/1168/1053
f 1537/1157/1042 1548/1168/1053 1538/1158/1043
f 1549/1165/1054 1550/1154/1055 1551/1155/1056
f 1549/1165/1054 1551/1155/1056 1552/1166/1045
f 1542/1162/1047 1553/1169/1057 1554/1170/1058
f 1542/1162/1047 1554/1170/1058 1543/1163/1048
f 1555/1171/1050 1556/1167/1059 1557/1168/1060
f 1555/1171/1050 1557/1168/1060 1558/1172/1051
f 1547/1167/1052 1559/1171/1061 1560/1172/1062
f 1547/1167/1052 1560/1172/1062 1548/1168/1053
f 1550/1154/1055 1561/1153/1063 1562/1156/1064
f 1550/1154/1055 1562/1156/1064 1551/1155/1056
f 1553/1169/1057 1563/1173/1065 1564/1174/1066
f 1553/1169/1057 1564/1174/1066 1554/1170/1058
f 1556/1167/1059 1565/1157/1067 1566/1158/1068
f 1556/1167/1059 1566/1158/1068 1557/1168/1060
f 1567/1173/1061 1568/1169/1069 1569/1170/1070
f 1567/1173/1061 1569/1170/1070 1570/1174/1062
f 1561/1153/1063 1541/1161/1046 1544/1164/1049
f 1561/1153/1063 1544/1164/1049 1562/1156/1064
f 1571/1159/1065 1572/1150/1071 1573/1151/1072
f 1571/1159/1065 1573/1151/1072 1574/1160/1066
f 1565/1157/1067 1575/1146/1073 1576/1147/1074
f 1565/1157/1067 1576/1147/1074 1566/1158/1068
f 1568/1169/1069 1577/1162/1075 1578/1163/1076
f 1568/1169/1069 1578/1163/1076 1569/1170/1070
f 1572/1150/1071 1579/1149/1077 1580/1152/1078
f 1572/1150/1071 1580/1152/1078 1573/1151/1072
f 1575/1146/1073 1581/1145/1079 1582/1148/1080
f 1575/1146/1073 1582/1148/1080 1576/1147/1074
f 1577/1162/1075 1583/1161/1081 1584/1164/1082
f 1577/1162/1075 1584/1164/1082 1578/1163/1076
f 1579/1149/1077 1525/1145/1030 1528/1148/1033
f 1579/1149/1077 1528/1148/1033 1580/1152/1078
f 1581/1145/1079 1529/1149/1034 1532/1152/1037
f 1581/1145/1079 1532/1152/1037 1582/1148/1080
f 1583/1161/1081 1533/1153/1038 1536/1156/1041
f 1583/1161/1081 1536/1156/1041 1584/1164/1082
f 1585/1175/1083 1586/1176/1084 1587/1177/1085
f 1585/1175/1083 1587/1177/1085 1588/1178/1086
f 1589/1179/1087 1590/1180/1088 1591/1181/1089
f 1589/1179/1087 1591/1181/1089 1592/1182/1090
f 1593/1142/1091 1594/1141/1092 1595/1144/1093
f 1593/1142/1091 1595/1144/1093 1596/1143/1094
f 1597/1183/1095 1598/1184/1096 1599/1185/1097
f 1597/1183/1095 1599/1185/1097 1600/1186/1098
f 1601/1187/1027 1602/1188/1099 1603/1189/1100
f 1601/1187/1027 1603/1189/1100 1604/1190/1101
f 1590/1180/1088 1605/1191/1102 1606/1192/1103
f 1590/1180/1088 1606/1192/1103 1591/1181/1089
f 1594/1141/1092 1607/1193/1104 1608/1194/1105
f 1594/1141/1092 1608/1194/1105 1595/1144/1093
f 1602/1188/1099 1609/1195/1106 1610/1196/1107
f 1602/1188/1099 1610/1196/1107 1603/1189/1100
f 1605/1191/1102 1611/1197/1108 1612/1198/1109
f 1605/1191/1102 1612/1198/1109 1606/1192/1103
f 1607/1193/1104 1613/1184/1110 1614/1185/1111
f 1607/1193/1104 1614/1185/1111 1608/1194/1105
f 1609/1195/1106 1615/1197/1112 1616/1198/1113
f 1609/1195/1106 1616/1198/1113 1610/1196/1107
f 1611/1197/1108 1617/1195/1114 1618/1196/1115
f 1611/1197/1108 1618/1196/1115 1612/1198/1109
f 1613/1184/1110 1619/1183/1116 1620/1186/1117
f 1613/1184/1110 1620/1186/1117 1614/1185/1111
f 1615/1197/1112 1621/1191/1118 1622/1192/1119
f 1615/1197/1112 1622/1192/1119 1616/1198/1113
f 1617/1195/1114 1623/1188/1120 1624/1189/1121
f 1617/1195/1114 1624/1189/1121 1618/1196/1115
f 1619/1183/1116 1625/1199/1122 1626/1200/1123
f 1619/1183/1116 1626/1200/1123 1620/1186/1117
f 1621/1191/1118 1627/1180/1124 1628/1181/1125
f 1621/1191/1118 1628/1181/1125 1622/1192/1119
f 1623/1188/1120 1629/1187/1126 1630/1190/1127
f 1623/1188/1120 1630/1190/1127 1624/1189/1121
f 1598/1184/1096 1631/1193/1128 1632/1194/1129
f 1598/1184/1096 1632/1194/1129 1599/1185/1097
f 1625/1199/1122 1633/1201/1130 1634/1202/1131
f 1625/1199/1122 1634/1202/1131 1626/1200/1123
f 1627/1180/1124 1635/1179/1132 1636/1182/1133
f 1627/1180/1124 1636/1182/1133 1628/1181/1125
f 1637/1201/1126 1638/1199/1134 1639/1200/1135
f 1637/1201/1126 1639/1200/1135 1640/1202/1136
f 1631/1193/1128 1521/1141/1026 1524/1144/1029
f 1631/1193/1128 1524/1144/1029 1632/1194/1129
f 1641/1203/1130 1589/1179/1087 1592/1182/1090
f 1641/1203/1130 1592/1182/1090 1642/1204/1137
f 1635/1179/1132 1643/1203/1091 1644/1204/1138
f 1635/1179/1132 1644/1204/1138 1636/1182/1133
f 1638/1199/1134 1597/1183/1095 1600/1186/1098
f 1638/1199/1134 1600/1186/1098 1639/1200/1135
f 1551/1155/1056 1562/1156/1064 1597/1183/1095
f 1551/1155/1056 1597/1183/1095 1638/1199/1134
f 1548/1168/1053 1560/1172/1062 1643/1203/1091
f 1548/1168/1053 1643/1203/1091 1635/1179/1132
f 1558/1172/1051 1557/1168/1060 1589/1179/1087
f 1558/1172/1051 1589/1179/1087 1641/1203/1130
f 1543/1163/1048 1554/1170/1058 1521/1141/1026
f 1543/1163/1048 1521/1141/1026 1631/1193/1128
f 1552/1166/1045 1551/1155/1056 1638/1199/1134
f 1552/1166/1045 1638/1199/1134 1637/1201/1126
f 1538/1158/1043 1548/1168/1053 1635/1179/1132
f 1538/1158/1043 1635/1179/1132 1627/1180/1124
f 1535/1155/1040 1546/1166/1051 1633/1201/1130
f 1535/1155/1040 1633/1201/1130 1625/1199/1122
f 1544/1164/1049 1543/1163/1048 1631/1193/1128
f 1544/1164/1049 1631/1193/1128 1598/1184/1096
f 1531/1151/1036 1540/1160/1045 1629/1187/1126
f 1531/1151/1036 1629/1187/1126 1623/1188/1120
f 1527/1147/1032 1538/1158/1043 1627/1180/1124
f 1527/1147/1032 1627/1180/1124 1621/1191/1118
f 1536/1156/1041 1535/1155/1040 1625/1199/1122
f 1536/1156/1041 1625/1199/1122 1619/1183/1116
f 1532/1152/1037 1531/1151/1036 1623/1188/1120
f 1532/1152/1037 1623/1188/1120 1617/1195/1114
f 1528/1148/1033 1527/1147/1032 1621/1191/1118
f 1528/1148/1033 1621/1191/1118 1615/1197/1112
f 1584/1164/1082 1536/1156/1041 1619/1183/1116
f 1584/1164/1082 1619/1183/1116 1613/1184/1110
f 1582/1148/1080 1532/1152/1037 1617/1195/1114
f 1582/1148/1080 1617/1195/1114 1611/1197/1108
f 1580/1152/1078 1528/1148/1033 1615/1197/1112
f 1580/1152/1078 1615/1197/1112 1609/1195/1106
f 1578/1163/1076 1584/1164/1082 1613/1184/1110
f 1578/1163/1076 1613/1184/1110 1607/1193/1104
f 1576/1147/1074 1582/1148/1080 1611/1197/1108
f 1576/1147/1074 1611/1197/1108 1605/1191/1102
f 1573/1151/1072 1580/1152/1078 1609/1195/1106
f 1573/1151/1072 1609/1195/1106 1602/1188/1099
f 1569/1170/1070 1578/1163/1076 1607/1193/1104
f 1569/1170/1070 1607/1193/1104 1594/1141/1092
f 1566/1158/1068 1576/1147/1074 1605/1191/1102
f 1566/1158/1068 1605/1191/1102 1590/1180/1088
f 1574/1160/1066 1573/1151/1072 1602/1188/1099
f 1574/1160/1066 1602/1188/1099 1601/1187/1027
f 1562/1156/1064 1544/1164/1049 1598/1184/1096
f 1562/1156/1064 1598/1184/1096 1597/1183/1095
f 1570/1174/1062 1569/1170/1070 1594/1141/1092
f 1570/1174/1062 1594/1141/1092 1593/1142/1091
f 1557/1168/1060 1566/1158/1068 1590/1180/1088
f 1557/1168/1060 1590/1180/1088 1589/1179/1087
f 1554/1170/1058 1564/1174/1066 1522/1142/1027
f 1554/1170/1058 1522/1142/1027 1521/1141/1026
f 1645/1205/1139 1646/1206/1139 1647/1207/1139
f 1645/1205/1139 1647/1207/1139 1648/1208/1139
f 1649/1209/1139 1645/1205/1139 1648/1208/1139
f 1649/1209/1139 1648/1208/1139 1650/1210/1139
f 1651/1211/1139 1649/1209/1139 1650/1210/1139
f 1651/1211/1139 1650/1210/1139 1652/1212/1139
f 1653/1213/1139 1651/1211/1139 1652/1212/1139
f 1653/1213/1139 1652/1212/1139 1654/1214/1139
f 1655/1215/1139 1653/1213/1139 1654/1214/1139
f 1655/1215/1139 1654/1214/1139 1656/1216/1139
f 1657/1217/1139 1655/1215/1139 1656/1216/1139
f 1657/1217/1139 1656/1216/1139 1658/1218/1139
f 1659/1219/1139 1657/1217/1139 1658/1218/1139
f 1659/1219/1139 1658/1218/1139 1660/1220/1139
f 1661/1221/1139 1659/1219/1139 1660/1220/1139
f 1661/1221/1139 1660/1220/1139 1662/1222/1139
f 1663/1223/1139 1661/1221/1139 1662/1222/1139
f 1663/1223/1139 1662/1222/1139 1664/1224/1139
f 1665/1225/1139 1663/1223/1139 1664/1224/1139
f 1665/1225/1139 1664/1224/1139 1666/1226/1139
f 1667/1227/1139 1665/1225/1139 1666/1226/1139
f 1667/1227/1139 1666/1226/1139 1668/1228/1139
f 1669/1229/1139 1667/1227/1139 1668/1228/1139
f 1669/1229/1139 1668/1228/1139 1670/1230/1139
f 1671/1231/1139 1669/1229/1139 1670/1230/1139
f 1671/1231/1139 1670/1230/1139 1672/1232/1139
f 1673/1233/1139 1671/1231/1139 1672/1232/1139
f 1673/1233/1139 1672/1232/1139 1674/1234/1139
f 1675/1235/1139 1673/1233/1139 1674/1234/1139
f 1675/1235/1139 1674/1234/1139 1676/1236/1139
f 1677/1237/1139 1675/1235/1139 1676/1236/1139
f 1677/1237/1139 1676/1236/1139 1678/1238/1139
f 1679/1239/1139 1677/1237/1139 1678/1238/1139
f 1679/1239/1139 1678/1238/1139 1680/1240/1139
f 1681/1241/1139 1679/1239/1139 1680/1240/1139
f 1681/1241/1139 1680/1240/1139 1682/1242/1139
f 1683/1243/1139 1681/1241/1139 1682/1242/1139
f 1683/1243/1139 1682/1242/1139 1684/1244/1139
f 1685/1245/1139 1683/1243/1139 1684/1244/1139
f 1685/1245/1139 1684/1244/1139 1686/1246/1139
f 1687/1247/1139 1685/1245/1139 1686/1246/1139
f 1687/1247/1139 1686/1246/1139 1688/1248/1139
f 1689/1249/1139 1687/1247/1139 1688/1248/1139
f 1689/1249/1139 1688/1248/1139 1690/1250/1139
f 1691/1251/1139 1689/1249/1139 1690/1250/1139
f 1691/1251/1139 1690/1250/1139 1692/1252/1139
f 1693/1253/1139 1691/1251/1139 1692/1252/1139
f 1693/1253/1139 1692/1252/1139 1694/1254/1139
f 1695/1255/1139 1693/1253/1139 1694/1254/1139
f 1695/1255/1139 1694/1254/1139 1696/1256/1139
f 1646/1206/1139 1695/1255/1139 1696/1256/1139
f 1646/1206/1139 1696/1256/1139 1647/1207/1139
f 1697/1257/1140 1698/1258/1141 1699/1258/1142
f 1697/1257/1140 1699/1258/1142 1700/1257/1143
f 1701/1259/1144 1702/1185/1145 1703/1260/1146
f 1701/1259/1144 1703/1260/1146 1704/1261/1147
f 1705/1262/1148 1706/1263/1149 1707/1264/1150
f 1705/1262/1148 1707/1264/1150 1708/1265/1151
f 1709/1266/1152 1710/1267/1153 1711/1268/1154
f 1709/1266/1152 1711/1268/1154 1712/1269/1155
f 1586/1176/1084 1713/1270/1156 1714/1271/1157
f 1586/1176/1084 1714/1271/1157 1587/1177/1085
f 1706/1263/1149 1715/1272/1158 1716/1258/1159
f 1706/1263/1149 1716/1258/1159 1707/1264/1150
f 1710/1267/1153 1717/1273/1160 1697/1257/1140
f 1710/1267/1153 1697/1257/1140 1711/1268/1154
f 1713/1270/1156 1718/1185/1161 1719/1260/1162
f 1713/1270/1156 1719/1260/1162 1714/1271/1157
f 1715/1272/1158 1720/1273/1163 1721/1257/1164
f 1715/1272/1158 1721/1257/1164 1716/1258/1159
f 1717/1273/1160 1722/1272/1165 1698/1258/1141
f 1717/1273/1160 1698/1258/1141 1697/1257/1140
f 1718/1185/1161 1723/1259/1166 1724/1261/1167
f 1718/1185/1161 1724/1261/1167 1719/1260/1162
f 1720/1273/1163 1725/1267/1168 1726/1268/1169
f 1720/1273/1163 1726/1268/1169 1721/1257/1164
f 1722/1272/1165 1727/1263/1170 1728/1264/1171
f 1722/1272/1165 1728/1264/1171 1698/1258/1141
f 1723/1259/1166 1729/1274/1172 1730/1275/1173
f 1723/1259/1166 1730/1275/1173 1724/1261/1167
f 1725/1267/1168 1731/1266/1174 1732/1269/1175
f 1725/1267/1168 1732/1269/1175 1726/1268/1169
f 1727/1263/1170 1733/1262/1176 1734/1265/1177
f 1727/1263/1170 1734/1265/1177 1728/1264/1171
f 1702/1185/1145 1735/1270/1178 1736/1271/1179
f 1702/1185/1145 1736/1271/1179 1703/1260/1146
f 1729/1274/1172 1737/1276/1180 1738/1277/1181
f 1729/1274/1172 1738/1277/1181 1730/1275/1173
f 1731/1266/1174 1739/1278/1182 1740/1279/1183
f 1731/1266/1174 1740/1279/1183 1732/1269/1175
f 1741/1276/1176 1742/1274/1184 1743/1275/1185
f 1741/1276/1176 1743/1275/1185 1744/1277/1186
f 1735/1270/1178 1745/1176/1187 1746/1177/1188
f 1735/1270/1178 1746/1177/1188 1736/1271/1179
f 1747/1280/1180 1748/1278/1189 1749/1279/1190
f 1747/1280/1180 1749/1279/1190 1750/1281/1181
f 1739/1278/1182 1751/1280/1083 1752/1281/1191
f 1739/1278/1182 1752/1281/1191 1740/1279/1183
f 1742/1274/1184 1701/1259/1144 1704/1261/1147
f 1742/1274/1184 1704/1261/1147 1743/1275/1185
f 1745/1176/1187 1753/1175/1148 1754/1178/1151
f 1745/1176/1187 1754/1178/1151 1746/1177/1188
f 1748/1278/1189 1709/1266/1152 1712/1269/1155
f 1748/1278/1189 1712/1269/1155 1749/1279/1190
f 1719/1260/1162 1724/1261/1167 1755/1261/1192
f 1719/1260/1162 1755/1261/1192 1756/1260/1193
f 1721/1257/1164 1726/1268/1169 1757/1268/1194
f 1721/1257/1164 1757/1268/1194 1758/1257/1195
f 1698/1258/1141 1728/1264/1171 1759/1264/1196
f 1698/1258/1141 1759/1264/1196 1699/1258/1142
f 1724/1261/1167 1730/1275/1173 1760/1275/1197
f 1724/1261/1167 1760/1275/1197 1755/1261/1192
f 1726/1268/1169 1732/1269/1175 1761/1269/1198
f 1726/1268/1169 1761/1269/1198 1757/1268/1194
f 1728/1264/1171 1734/1265/1177 1762/1265/1199
f 1728/1264/1171 1762/1265/1199 1759/1264/1196
f 1703/1260/1146 1736/1271/1179 1763/1271/1200
f 1703/1260/1146 1763/1271/1200 1764/1260/1201
f 1730/1275/1173 1738/1277/1181 1765/1277/1202
f 1730/1275/1173 1765/1277/1202 1760/1275/1197
f 1732/1269/1175 1740/1279/1183 1766/1279/1203
f 1732/1269/1175 1766/1279/1203 1761/1269/1198
f 1744/1277/1186 1743/1275/1185 1767/1275/1204
f 1744/1277/1186 1767/1275/1204 1768/1277/1199
f 1736/1271/1179 1746/1177/1188 1769/1177/1205
f 1736/1271/1179 1769/1177/1205 1763/1271/1200
f 1750/1281/1181 1749/1279/1190 1770/1279/1206
f 1750/1281/1181 1770/1279/1206 1771/1281/1202
f 1740/1279/1183 1752/1281/1191 1772/1281/1207
f 1740/1279/1183 1772/1281/1207 1766/1279/1203
f 1743/1275/1185 1704/1261/1147 1773/1261/1208
f 1743/1275/1185 1773/1261/1208 1767/1275/1204
f 1746/1177/1188 1754/1178/1151 1774/1178/1209
f 1746/1177/1188 1774/1178/1209 1769/1177/1205
f 1749/1279/1190 1712/1269/1155 1775/1269/1210
f 1749/1279/1190 1775/1269/1210 1770/1279/1206
f 1588/1178/1086 1587/1177/1085 1776/1177/1211
f 1588/1178/1086 1776/1177/1211 1777/1178/1207
f 1704/1261/1147 1703/1260/1146 1764/1260/1201
f 1704/1261/1147 1764/1260/1201 1773/1261/1208
f 1708/1265/1151 1707/1264/1150 1778/1264/1212
f 1708/1265/1151 1778/1264/1212 1779/1265/1209
f 1712/1269/1155 1711/1268/1154 1780/1268/1213
f 1712/1269/1155 1780/1268/1213 1775/1269/1210
f 1587/1177/1085 1714/1271/1157 1781/1271/1214
f 1587/1177/1085 1781/1271/1214 1776/1177/1211
f 1707/1264/1150 1716/1258/1159 1782/1258/1215
f 1707/1264/1150 1782/1258/1215 1778/1264/1212
f 1711/1268/1154 1697/1257/1140 1700/1257/1143
f 1711/1268/1154 1700/1257/1143 1780/1268/1213
f 1714/1271/1157 1719/1260/1162 1756/1260/1193
f 1714/1271/1157 1756/1260/1193 1781/1271/1214
f 1716/1258/1159 1721/1257/1164 1758/1257/1195
f 1716/1258/1159 1758/1257/1195 1782/1258/1215
f 1783/1282/1216 1784/1283/1216 1785/1284/1216
f 1784/1283/1216 1783/1282/1216 1786/1285/1216
f 1786/1285/1216 1783/1282/1216 1787/1286/1216
f 1786/1285/1216 1787/1286/1216 1788/1287/1216
f 1788/1287/1216 1787/1286/1216 1789/1288/1216
f 1788/1287/1216 1789/1288/1216 1790/1289/1216
f 1790/1289/1216 1789/1288/1216 1791/1290/1216
f 1790/1289/1216 1791/1290/1216 1792/1291/1216
f 1792/1291/1216 1791/1290/1216 1793/1292/1216
f 1792/1291/1216 1793/1292/1216 1794/1293/1216
f 1794/1293/1216 1793/1292/1216 1795/1294/1216
f 1794/1293/1216 1795/1294/1216 1796/1295/1216
f 1796/1295/1216 1795/1294/1216 1797/1296/1216
f 1796/1295/1216 1797/1296/1216 1798/1297/1216
f 1798/1297/1216 1797/1296/1216 1799/1298/1216
f 1798/1297/1216 1799/1298/1216 1800/1299/1216
f 1800/1299/1216 1799/1298/1216 1801/1300/1216
f 1800/1299/1216 1801/1300/1216 1802/1301/1216
f 1802/1301/1216 1801/1300/1216 1803/1302/1216
f 1802/1301/1216 1803/1302/1216 1804/1303/1216
f 1804/1303/1216 1803/1302/1216 1805/1304/1216
f 1804/1303/1216 1805/1304/1216 1806/1305/1216
f 1806/1305/1216 1805/1304/1216 1807/1306/1216
f 1806/1305/1216 1807/1306/1216 1808/1307/1216
f 1809/1308/1139 1810/1309/1139 1811/1310/1139
f 1810/1309/1139 1809/1308/1139 1812/1311/1139
f 1812/1311/1139 1809/1308/1139 1813/1312/1139
f 1812/1311/1139 1813/1312/1139 1814/1313/1139
f 1814/1313/1139 1813/1312/1139 1815/1314/1139
f 1814/1313/1139 1815/1314/1139 1816/1315/1139
f 1816/1315/1139 1815/1314/1139 1817/1316/1139
f 1816/1315/1139 1817/1316/1139 1818/1317/1139
f 1818/1317/1139 1817/1316/1139 1819/1318/1139
f 1818/1317/1139 1819/1318/1139 1820/1319/1139
f 1820/1319/1139 1819/1318/1139 1821/1320/1139
f 1820/1319/1139 1821/1320/1139 1822/1321/1139
f 1822/1321/1139 1821/1320/1139 1823/1322/1139
f 1822/1321/1139 1823/1322/1139 1824/1323/1139
f 1824/1323/1139 1823/1322/1139 1825/1324/1139
f 1824/1323/1139 1825/1324/1139 1826/1325/1139
f 1826/1325/1139 1825/1324/1139 1827/1326/1139
f 1826/1325/1139 1827/1326/1139 1828/1327/1139
f 1828/1327/1139 1827/1326/1139 1829/1328/1139
f 1828/1327/1139 1829/1328/1139 1830/1329/1139
f 1830/1329/1139 1829/1328/1139 1831/1330/1139
f 1830/1329/1139 1831/1330/1139 1832/1331/1139
f 1832/1331/1139 1831/1330/1139 1833/1332/1139
f 1832/1331/1139 1833/1332/1139 1834/1333/1139
# Vertices: 314, normals: 191, texture coordinates: 193, faces: 360

o obj3
v 5.77670691 1.97568625 -1.83695638
v 5.73800488 1.97568626 -1.81024231
v 5.72281512 2.07200803 -1.82738772
v 5.76606172 2.07200802 -1.85723867
v 5.7342141 1.78099333 -1.68039641
v 5.7342141 1.78099334 -1.64806214
v 5.70039545 1.87936452 -1.6439558
v 5.70039545 1.8793645 -1.6845025
v 5.99277255 1.78099331 -1.7117911
v 5.97774608 1.7809933 -1.74042167
v 6.00578105 1.87936446 -1.75977331
v 6.02462404 1.87936448 -1.72387099
v 5.89946088 1.7809934 -1.5340005
v 5.92969394 1.78099339 -1.54546638
v 5.94552436 1.87936458 -1.51530219
v 5.90761254 1.87936459 -1.50092412
v 5.74195219 1.78099336 -1.61666745
v 5.71009891 1.87936454 -1.60458731
v 5.95630451 1.78099329 -1.7646242
v 5.97889363 1.87936445 -1.79012296
v 5.86736237 1.78099327 -1.79835552
v 5.83526387 1.78099327 -1.79445805
v 5.82711041 1.87936443 -1.82753418
v 5.86736147 1.87936443 -1.83242153
v 5.95630451 1.78099338 -1.56383434
v 5.97889363 1.87936457 -1.53833534
v 5.75697867 1.78099337 -1.58803688
v 5.72894189 1.87936455 -1.56868499
v 5.95630451 1.78099329 -1.7646242
v 5.92969394 1.78099328 -1.78299217
v 5.94552436 1.87936444 -1.8131561
v 5.97889363 1.87936445 -1.79012296
v 5.80503081 1.78099328 -1.78299217
v 5.78919858 1.87936444 -1.8131561
v 5.95630451 1.78099338 -1.56383434
v 5.97774608 1.78099337 -1.58803688
v 6.00578105 1.87936455 -1.56868499
v 5.97889363 1.87936457 -1.53833534
v 5.77842025 1.78099338 -1.56383434
v 5.75582932 1.87936457 -1.53833534
v 5.89946088 1.78099327 -1.79445805
v 5.90761254 1.87936443 -1.82753418
v 5.77842025 1.78099329 -1.7646242
v 5.75582932 1.87936445 -1.79012296
v 5.99277255 1.78099336 -1.61666745
v 6.02462404 1.87936454 -1.60458731
v 5.77842025 1.78099338 -1.56383434
v 5.80503081 1.78099339 -1.54546638
v 5.78919858 1.87936458 -1.51530219
v 5.75582932 1.87936457 -1.53833534
v 5.77842025 1.78099329 -1.7646242
v 5.75697867 1.7809933 -1.74042167
v 5.72894189 1.87936446 -1.75977331
v 5.75582932 1.87936445 -1.79012296
v 6.00051065 1.78099334 -1.64806214
v 6.03432749 1.87936452 -1.6439558
v 5.83526387 1.7809934 -1.5340005
v 5.82711041 1.87936459 -1.50092412
v 5.74195219 1.78099331 -1.7117911
v 5.71009891 1.87936448 -1.72387099
v 6.00051065 1.78099333 -1.68039641
v 6.03432749 1.8793645 -1.6845025
v 5.86736237 1.7809934 -1.53010303
v 5.86736147 1.87936459 -1.49603677
v 5.72634478 2.07200819 -1.50505494
v 5.76853533 2.0720082 -1.47593288
v 5.76853533 2.05407363 -1.47593288
v 5.72634478 2.05407362 -1.50505493
v 6.02790163 1.97568638 -1.55341611
v 6.04975593 1.97568636 -1.59505602
v 6.07117325 2.07200815 -1.58693339
v 6.04675272 2.07200817 -1.54040396
v 5.73800488 1.9756864 -1.51821626
v 5.77670691 1.97568641 -1.49150217
v 5.76606172 2.0720082 -1.47121981
v 5.72281512 2.07200819 -1.5010708
v 5.91404471 1.97568624 -1.85363226
v 5.86736109 1.97568624 -1.85930065
v 5.86736087 2.07200801 -1.88220667
v 5.91952627 2.07200801 -1.87587266
v 5.73800488 1.97568626 -1.81024231
v 5.70682053 1.97568628 -1.77504244
v 5.687969 2.07200805 -1.78805454
v 5.72281512 2.07200803 -1.82738772
v 6.06101011 1.97568634 -1.64071602
v 6.08374893 2.07200812 -1.63795497
v 5.82067746 1.97568642 -1.47482633
v 5.81519547 2.07200821 -1.45258582
v 5.68496625 1.9756863 -1.73340254
v 5.66354847 2.07200807 -1.74152511
v 6.06101011 1.97568632 -1.68774253
v 6.08374893 2.0720081 -1.69050352
v 5.86736109 1.97568642 -1.46915791
v 5.86736087 2.07200821 -1.44625183
v 5.67371206 1.97568632 -1.68774253
v 5.6509728 2.0720081 -1.69050352
v 6.04975593 1.9756863 -1.73340254
v 6.07117325 2.07200807 -1.74152511
v 5.91404471 1.97568642 -1.47482633
v 5.91952627 2.07200821 -1.45258582
v 5.67371206 1.97568634 -1.64071602
v 5.6509728 2.07200812 -1.63795497
v 6.02790163 1.97568628 -1.77504244
v 6.04675272 2.07200805 -1.78805454
v 5.95801526 1.97568641 -1.49150217
v 5.96866002 2.0720082 -1.47121981
v 5.68496625 1.97568636 -1.59505602
v 5.66354847 2.07200815 -1.58693339
v 5.9967173 1.97568626 -1.81024231
v 6.01190661 2.07200803 -1.82738772
v 5.82067746 1.97568624 -1.85363226
v 5.81519547 2.07200801 -1.87587266
v 5.9967173 1.9756864 -1.51821626
v 6.01190661 2.07200819 -1.5010708
v 5.70682053 1.97568638 -1.55341611
v 5.687969 2.07200817 -1.54040396
v 5.9967173 1.97568626 -1.81024231
v 5.95801526 1.97568625 -1.83695638
v 5.96866002 2.07200802 -1.85723867
v 6.01190661 2.07200803 -1.82738772
v 5.9967173 1.9756864 -1.51821626
v 6.01190661 2.07200819 -1.5010708
v 5.73800488 1.9756864 -1.51821626
v 5.72281512 2.07200819 -1.5010708
v 5.81646929 2.07200801 -1.87070456
v 5.86736087 2.07200801 -1.8768839
v 5.86736087 2.07200801 -1.88220667
v 5.81519547 2.07200801 -1.87587266
v 5.76853533 2.07200802 -1.8525256
v 5.76606172 2.07200802 -1.85723867
v 5.72634478 2.07200804 -1.82340356
v 5.72281512 2.07200803 -1.82738772
v 5.69234956 2.07200805 -1.78503086
v 5.687969 2.07200805 -1.78805454
v 5.66852536 2.07200808 -1.73963763
v 5.66354847 2.07200807 -1.74152511
v 5.65625676 2.0720081 -1.68986193
v 5.6509728 2.0720081 -1.69050352
v 5.65625676 2.07200812 -1.63859656
v 5.6509728 2.07200812 -1.63795497
v 5.66852536 2.07200815 -1.58882087
v 5.66354847 2.07200815 -1.58693339
v 5.69234956 2.07200817 -1.54342764
v 5.687969 2.07200817 -1.54040396
v 5.72634478 2.07200819 -1.50505494
v 5.72281512 2.07200819 -1.5010708
v 5.76853533 2.0720082 -1.47593288
v 5.76606172 2.0720082 -1.47121981
v 5.81646929 2.07200821 -1.45775392
v 5.81519547 2.07200821 -1.45258582
v 5.86736087 2.07200821 -1.4515746
v 5.86736087 2.07200821 -1.44625183
v 5.91825245 2.07200821 -1.45775392
v 5.91952627 2.07200821 -1.45258582
v 5.9661864 2.0720082 -1.47593288
v 5.96866002 2.0720082 -1.47121981
v 6.00837695 2.07200819 -1.50505494
v 6.01190661 2.07200819 -1.5010708
v 6.04237217 2.07200817 -1.54342764
v 6.04675272 2.07200817 -1.54040396
v 6.06619637 2.07200815 -1.58882087
v 6.07117325 2.07200815 -1.58693339
v 6.07846497 2.07200812 -1.63859656
v 6.08374893 2.07200812 -1.63795497
v 6.07846497 2.0720081 -1.68986193
v 6.08374893 2.0720081 -1.69050352
v 6.06619637 2.07200808 -1.73963763
v 6.07117325 2.07200807 -1.74152511
v 6.04237217 2.07200805 -1.78503086
v 6.04675272 2.07200805 -1.78805454
v 6.00837695 2.07200804 -1.82340357
v 6.01190661 2.07200803 -1.82738772
v 5.9661864 2.07200802 -1.8525256
v 5.96866002 2.07200802 -1.85723867
v 5.91825245 2.07200801 -1.87070456
v 5.91952627 2.07200801 -1.87587266
v 6.07846497 2.05407353 -1.68986192
v 6.06619637 2.05407351 -1.73963762
v 6.06276741 2.04774699 -1.73833716
v 6.07482442 2.04774701 -1.68941986
v 5.91825245 2.07200801 -1.87070456
v 5.86736087 2.07200801 -1.8768839
v 5.86736087 2.05407344 -1.87688389
v 5.91825245 2.05407344 -1.87070455
v 5.72634478 2.07200804 -1.82340356
v 5.69234956 2.07200805 -1.78503086
v 5.69234956 2.05407348 -1.78503085
v 5.72634478 2.05407347 -1.82340355
v 6.06619637 2.07200815 -1.58882087
v 6.07846497 2.07200812 -1.63859656
v 6.07846497 2.05407355 -1.63859655
v 6.06619637 2.05407358 -1.58882086
v 5.81646929 2.07200821 -1.45775392
v 5.81646929 2.05407364 -1.45775391
v 5.66852536 2.07200808 -1.73963763
v 5.66852536 2.05407351 -1.73963762
v 6.07846497 2.0720081 -1.68986193
v 5.86736087 2.07200821 -1.4515746
v 5.86736087 2.05407364 -1.45157459
v 5.65625676 2.0720081 -1.68986193
v 5.65625676 2.05407353 -1.68986192
v 6.06619637 2.07200808 -1.73963763
v 5.91825245 2.07200821 -1.45775392
v 5.91825245 2.05407364 -1.45775391
v 5.65625676 2.07200812 -1.63859656
v 5.65625676 2.05407355 -1.63859655
v 6.04237217 2.07200805 -1.78503086
v 6.04237217 2.05407348 -1.78503085
v 5.9661864 2.0720082 -1.47593288
v 5.9661864 2.05407363 -1.47593288
v 5.66852536 2.07200815 -1.58882087
v 5.66852536 2.05407358 -1.58882086
v 6.00837695 2.07200804 -1.82340357
v 6.00837695 2.05407347 -1.82340356
v 5.81646929 2.07200801 -1.87070456
v 5.81646929 2.05407344 -1.87070455
v 6.00837695 2.07200819 -1.50505494
v 6.00837695 2.05407362 -1.50505493
v 5.69234956 2.07200817 -1.54342764
v 5.69234956 2.0540736 -1.54342763
v 6.00837695 2.07200804 -1.82340357
v 5.9661864 2.07200802 -1.8525256
v 5.9661864 2.05407345 -1.85252559
v 6.00837695 2.05407347 -1.82340356
v 5.76853533 2.07200802 -1.8525256
v 5.76853533 2.05407345 -1.85252559
v 6.00837695 2.07200819 -1.50505494
v 6.04237217 2.07200817 -1.54342764
v 6.04237217 2.0540736 -1.54342763
v 6.00837695 2.05407362 -1.50505493
v 5.72634478 2.07200819 -1.50505494
v 5.72634478 2.05407362 -1.50505493
v 5.72634478 2.07200804 -1.82340356
v 5.72634478 2.05407347 -1.82340355
v 5.91737482 2.04774712 -1.46131462
v 5.86736088 2.04774712 -1.45524187
v 5.65989733 2.04774703 -1.63903857
v 5.65989733 2.04774701 -1.68941986
v 6.03935406 2.04774697 -1.78294758
v 5.96448214 2.04774711 -1.47918007
v 5.67195434 2.04774706 -1.59012127
v 6.0059451 2.04774695 -1.82065853
v 5.81734694 2.04774693 -1.86714381
v 5.86736088 2.04774692 -1.87321657
v 6.0059451 2.0477471 -1.50779992
v 5.6953677 2.04774708 -1.54551087
v 5.96448214 2.04774694 -1.84927835
v 6.0059451 2.04774695 -1.82065853
v 5.77023963 2.04774694 -1.84927835
v 6.03935406 2.04774708 -1.54551087
v 6.0059451 2.0477471 -1.50779992
v 5.72877665 2.0477471 -1.50779992
v 5.91737482 2.04774693 -1.86714381
v 5.72877665 2.04774695 -1.82065852
v 6.06276741 2.04774706 -1.59012127
v 5.77023963 2.04774711 -1.47918007
v 5.72877665 2.0477471 -1.50779992
v 5.6953677 2.04774697 -1.78294758
v 5.72877665 2.04774695 -1.82065852
v 6.07482442 2.04774703 -1.63903857
v 5.81734694 2.04774712 -1.46131462
v 5.67195434 2.04774699 -1.73833716
v 5.74195219 1.78099331 -1.7117911
v 5.7342141 1.78099334 -1.64806214
v 5.7342141 1.78099333 -1.68039641
v 5.74195219 1.78099336 -1.61666745
v 5.75697867 1.7809933 -1.74042167
v 5.75697867 1.78099337 -1.58803688
v 5.77842025 1.78099329 -1.7646242
v 5.77842025 1.78099338 -1.56383434
v 5.80503081 1.78099328 -1.78299217
v 5.80503081 1.78099339 -1.54546638
v 5.83526387 1.78099327 -1.79445805
v 5.83526387 1.7809934 -1.5340005
v 5.86736237 1.78099327 -1.79835552
v 5.86736237 1.7809934 -1.53010303
v 5.89946088 1.78099327 -1.79445805
v 5.89946088 1.7809934 -1.5340005
v 5.92969394 1.78099328 -1.78299217
v 5.92969394 1.78099339 -1.54546638
v 5.95630451 1.78099329 -1.7646242
v 5.95630451 1.78099338 -1.56383434
v 5.97774608 1.7809933 -1.74042167
v 5.97774608 1.78099337 -1.58803688
v 5.99277255 1.78099331 -1.7117911
v 5.99277255 1.78099336 -1.61666745
v 6.00051065 1.78099333 -1.68039641
v 6.00051065 1.78099334 -1.64806214
v 5.67195434 2.04774706 -1.59012127
v 5.65989733 2.04774701 -1.68941986
v 5.65989733 2.04774703 -1.63903857
v 5.67195434 2.04774699 -1.73833716
v 5.6953677 2.04774708 -1.54551087
v 5.6953677 2.04774697 -1.78294758
v 5.72877665 2.0477471 -1.50779992
v 5.72877665 2.04774695 -1.82065852
v 5.77023963 2.04774711 -1.47918007
v 5.77023963 2.04774694 -1.84927835
v 5.81734694 2.04774712 -1.46131462
v 5.81734694 2.04774693 -1.86714381
v 5.86736088 2.04774712 -1.45524187
v 5.86736088 2.04774692 -1.87321657
v 5.91737482 2.04774712 -1.46131462
v 5.91737482 2.04774693 -1.86714381
v 5.96448214 2.04774711 -1.47918007
v 5.96448214 2.04774694 -1.84927835
v 6.0059451 2.0477471 -1.50779992
v 6.0059451 2.04774695 -1.82065853
v 6.03935406 2.04774708 -1.54551087
v 6.03935406 2.04774697 -1.78294758
v 6.06276741 2.04774706 -1.59012127
v 6.06276741 2.04774699 -1.73833716
v 6.07482442 2.04774703 -1.63903857
v 6.07482442 2.04774701 -1.68941986
vn -0.44999 0.85739 -0.2498
vn -0.64209 0.72479 -0.2498
vn -0.64511 0.72821 -0.2314
vn -0.45211 0.86142 -0.23141
vn -0.93807 0.1139 -0.32719
vn -0.93807 -0.1139 -0.32719
vn -0.94776 -0.1151 -0.29749
vn -0.94776 0.1151 -0.29749
vn 0.88353 0.33511 -0.32721
vn 0.77769 0.53679 -0.32719
vn 0.78573 0.54232 -0.29751
vn 0.89267 0.33859 -0.29749
vn 0.2261 -0.91751 -0.3272
vn 0.43911 -0.83673 -0.32721
vn 0.44368 -0.84537 -0.29749
vn 0.22849 -0.92698 -0.29749
vn -0.88353 -0.33511 -0.32721
vn -0.89267 -0.33859 -0.29749
vn 0.62667 0.70727 -0.32719
vn 0.63311 0.71461 -0.2975
vn 0 0.94495 -0.32722
vn -0.2261 0.91751 -0.3272
vn -0.22849 0.92698 -0.29749
vn 0 0.95472 -0.29751
vn 0.62661 -0.70731 -0.32721
vn 0.63311 -0.71461 -0.2975
vn -0.77769 -0.53679 -0.32719
vn -0.78573 -0.54232 -0.29751
vn 0.62661 0.70731 -0.32721
vn 0.43911 0.83673 -0.32721
vn 0.44368 0.84537 -0.29749
vn -0.43911 0.83673 -0.32721
vn -0.44368 0.84537 -0.29749
vn 0.77769 -0.53679 -0.32719
vn 0.78573 -0.54232 -0.29751
vn -0.62661 -0.70731 -0.32721
vn -0.63311 -0.71461 -0.2975
vn 0.2261 0.91751 -0.3272
vn 0.22849 0.92698 -0.29749
vn -0.62661 0.70731 -0.32721
vn -0.63311 0.71461 -0.2975
vn 0.88353 -0.33511 -0.32721
vn 0.89267 -0.33859 -0.29749
vn -0.43911 -0.83673 -0.32721
vn -0.44368 -0.84537 -0.29749
vn -0.77769 0.53679 -0.32719
vn -0.78573 0.54232 -0.29751
vn 0.93807 -0.1139 -0.32719
vn 0.94776 -0.1151 -0.29749
vn -0.2261 -0.91751 -0.3272
vn -0.22849 -0.92698 -0.29749
vn -0.88353 0.33511 -0.32721
vn -0.8927 0.3385 -0.2975
vn 0.93807 0.1139 -0.32719
vn 0.94776 0.1151 -0.29749
vn 0 -0.94495 -0.32722
vn 0 -0.95472 -0.29751
vn 0.66312 0.74852 0
vn 0.46469 0.88548 0
vn 0.44941 0.85622 0.2548
vn 0.64122 0.72382 0.25481
vn 0.79688 -0.55008 -0.24979
vn 0.90537 -0.34339 -0.24979
vn 0.90963 -0.34501 -0.23141
vn 0.80064 -0.55266 -0.23138
vn -0.64209 -0.72479 -0.2498
vn -0.44999 -0.85739 -0.2498
vn -0.45211 -0.86142 -0.23141
vn -0.64511 -0.72821 -0.2314
vn 0.23169 0.94017 -0.24979
vn 0 0.9683 -0.2498
vn 0 0.97286 -0.23139
vn 0.2328 0.94459 -0.2314
vn -0.79688 0.55008 -0.24979
vn -0.80069 0.55259 -0.2314
vn -0.64517 0.72816 -0.23139
vn 0.96124 -0.1167 -0.24981
vn 0.96576 -0.1173 -0.23139
vn -0.23169 -0.94017 -0.24979
vn -0.2328 -0.94459 -0.2314
vn -0.90537 0.34339 -0.24979
vn -0.90963 0.34501 -0.23141
vn 0.96124 0.1167 -0.24981
vn 0.96576 0.1173 -0.23139
vn 0 -0.9683 -0.2498
vn 0 -0.97286 -0.23139
vn -0.96124 0.1167 -0.24981
vn -0.96576 0.1173 -0.23139
vn 0.90537 0.34339 -0.24979
vn 0.90963 0.34501 -0.23141
vn 0.23169 -0.94017 -0.24979
vn 0.2328 -0.94459 -0.2314
vn -0.96124 -0.1167 -0.24981
vn -0.96576 -0.1173 -0.23139
vn 0.79688 0.55008 -0.24979
vn 0.80064 0.55266 -0.23138
vn 0.44999 -0.85739 -0.2498
vn 0.45211 -0.86142 -0.23141
vn -0.90537 -0.34339 -0.24979
vn -0.90963 -0.34501 -0.23141
vn 0.64209 0.72479 -0.2498
vn 0.64517 0.72816 -0.23139
vn -0.23169 0.94017 -0.24979
vn -0.2328 0.94459 -0.2314
vn 0.64209 -0.72479 -0.2498
vn 0.64511 -0.72821 -0.2314
vn -0.79688 -0.55008 -0.24979
vn -0.80064 -0.55266 -0.23138
vn 0.44999 0.85739 -0.2498
vn 0.45211 0.86142 -0.23141
vn 0.64511 0.72821 -0.2314
vn 0.64517 -0.72816 -0.23139
vn -0.64517 -0.72816 -0.23139
vn 0 0 1
vn -0.95994 -0.1166 0.25481
vn -0.90416 -0.34289 0.25479
vn -0.80892 -0.30681 0.50151
vn -0.85884 -0.1043 0.50152
vn -0.23931 -0.97094 0
vn 0 -1 0
vn 0 -0.96699 0.2548
vn -0.2314 -0.9389 0.2548
vn 0.66312 -0.74852 0
vn 0.82297 -0.56808 0
vn 0.79582 -0.54931 0.25481
vn 0.64122 -0.72382 0.25481
vn -0.93502 0.35461 0
vn -0.99271 0.1205 0
vn -0.95994 0.1166 0.25481
vn -0.90416 0.34289 0.25479
vn 0.23931 0.97094 0
vn 0.2314 0.9389 0.2548
vn 0.93502 -0.35461 0
vn 0.90416 -0.34289 0.25479
vn -0.99271 -0.1205 0
vn 0 1 0
vn 0 0.96699 0.2548
vn 0.99271 -0.1205 0
vn 0.95994 -0.1166 0.25481
vn -0.93502 -0.35461 0
vn -0.23931 0.97094 0
vn -0.2314 0.9389 0.2548
vn 0.99271 0.1205 0
vn 0.95994 0.1166 0.25481
vn -0.82297 -0.56808 0
vn -0.79582 -0.54931 0.25481
vn -0.46469 0.88548 0
vn -0.44941 0.85622 0.2548
vn 0.93502 0.35461 0
vn 0.90416 0.34289 0.25479
vn -0.66312 -0.74852 0
vn -0.64128 -0.72377 0.25479
vn 0.23931 -0.97094 0
vn 0.2314 -0.9389 0.2548
vn -0.66312 0.74852 0
vn -0.64122 0.72382 0.25481
vn 0.82297 0.56808 0
vn 0.79582 0.54931 0.25481
vn -0.46469 -0.88548 0
vn -0.44941 -0.85622 0.2548
vn -0.64122 -0.72382 0.25481
vn 0.46469 -0.88548 0
vn 0.44941 -0.85622 0.2548
vn -0.82297 0.56808 0
vn -0.79582 0.54931 0.25481
vn 0.64128 0.72377 0.25479
vn -0.20701 0.84002 0.50151
vn 0 0.86517 0.50148
vn 0.85884 0.1043 0.50152
vn 0.85884 -0.1043 0.50152
vn -0.71199 -0.4915 0.5015
vn -0.40208 0.76606 0.50148
vn 0.80892 0.30681 0.50151
vn -0.57369 -0.64759 0.5015
vn 0.20701 -0.84002 0.50151
vn 0 -0.86517 0.50148
vn -0.57369 0.64759 0.5015
vn 0.71199 0.4915 0.5015
vn -0.40208 -0.76606 0.50148
vn 0.40208 -0.76606 0.50148
vn -0.71199 0.4915 0.5015
vn 0.57369 0.64759 0.5015
vn -0.20701 -0.84002 0.50151
vn 0.57369 -0.64759 0.5015
vn -0.80892 0.30681 0.50151
vn 0.40208 0.76606 0.50148
vn 0.71199 -0.4915 0.5015
vn -0.85884 0.1043 0.50152
vn 0.20701 0.84002 0.50151
vn 0.80892 -0.30681 0.50151
vn 0 0 -1
vt 0.1739 0.37947
vt 0.17234 0.37947
vt 0.17173 0.3756
vt 0.17347 0.3756
vt 0.17829 0.38729
vt 0.17682 0.38729
vt 0.17672 0.38334
vt 0.17839 0.38334
vt 0.17971 0.38729
vt 0.18101 0.38729
vt 0.1815 0.38334
vt 0.18002 0.38334
vt 0.17901 0.38729
vt 0.18038 0.38729
vt 0.18078 0.38334
vt 0.17922 0.38334
vt 0.1754 0.38729
vt 0.1751 0.38334
vt 0.18211 0.38729
vt 0.18275 0.38334
vt 0.17756 0.38729
vt 0.1761 0.38729
vt 0.1759 0.38334
vt 0.17756 0.38334
vt 0.18159 0.38729
vt 0.18216 0.38334
vt 0.1741 0.38729
vt 0.17361 0.38334
vt 0.17473 0.38729
vt 0.17433 0.38334
vt 0.173 0.38729
vt 0.17236 0.38334
vt 0.17352 0.38729
vt 0.17296 0.38334
vt 0.17187 0.3756
vt 0.17357 0.3756
vt 0.17357 0.37632
vt 0.17187 0.37632
vt 0.17309 0.37947
vt 0.17477 0.37947
vt 0.17444 0.3756
vt 0.17256 0.3756
vt 0.17944 0.37947
vt 0.17756 0.37947
vt 0.17756 0.3756
vt 0.17966 0.3756
vt 0.18344 0.37947
vt 0.18202 0.37947
vt 0.18255 0.3756
vt 0.18413 0.3756
vt 0.17661 0.37947
vt 0.1765 0.3756
vt 0.17567 0.37947
vt 0.17545 0.3756
vt 0.18035 0.37947
vt 0.18067 0.3756
vt 0.1785 0.37947
vt 0.17862 0.3756
vt 0.18121 0.37947
vt 0.18164 0.3756
vt 0.18277 0.37947
vt 0.18338 0.3756
vt 0.17167 0.37947
vt 0.17098 0.3756
vt 0.17551 0.37093
vt 0.17756 0.37069
vt 0.17756 0.37047
vt 0.17545 0.37073
vt 0.17357 0.37166
vt 0.17347 0.37148
vt 0.17187 0.37283
vt 0.17173 0.37267
vt 0.1705 0.37437
vt 0.17032 0.37425
vt 0.16954 0.3762
vt 0.16934 0.37612
vt 0.16905 0.3782
vt 0.16883 0.37817
vt 0.16905 0.38025
vt 0.16883 0.38028
vt 0.16954 0.38225
vt 0.16934 0.38233
vt 0.1705 0.38408
vt 0.17032 0.3842
vt 0.17187 0.38562
vt 0.17173 0.38578
vt 0.17357 0.38678
vt 0.17347 0.38697
vt 0.17551 0.38751
vt 0.17545 0.38772
vt 0.17756 0.38776
vt 0.17756 0.38798
vt 0.17961 0.38751
vt 0.17966 0.38772
vt 0.18154 0.38678
vt 0.18164 0.38697
vt 0.18324 0.38562
vt 0.18338 0.38578
vt 0.18461 0.38408
vt 0.18479 0.3842
vt 0.18557 0.38225
vt 0.18577 0.38233
vt 0.18607 0.38025
vt 0.18628 0.38028
vt 0.18607 0.3782
vt 0.18628 0.37817
vt 0.18557 0.3762
vt 0.18577 0.37612
vt 0.18461 0.37437
vt 0.18479 0.37425
vt 0.18324 0.37283
vt 0.18338 0.37267
vt 0.18154 0.37166
vt 0.18164 0.37148
vt 0.17961 0.37093
vt 0.17966 0.37073
vt 0.17859 0.37632
vt 0.1806 0.37632
vt 0.17961 0.3756
vt 0.17756 0.37632
vt 0.17961 0.37632
vt 0.18397 0.3756
vt 0.18243 0.3756
vt 0.18243 0.37632
vt 0.18397 0.37632
vt 0.17452 0.3756
vt 0.17652 0.3756
vt 0.17652 0.37632
vt 0.17452 0.37632
vt 0.17551 0.3756
vt 0.17551 0.37632
vt 0.1806 0.3756
vt 0.17859 0.3756
vt 0.18154 0.3756
vt 0.18154 0.37632
vt 0.18324 0.3756
vt 0.18324 0.37632
vt 0.17269 0.3756
vt 0.17269 0.37632
vt 0.17114 0.3756
vt 0.17114 0.37632
vt 0.17187 0.37708
vt 0.17152 0.37995
vt 0.17152 0.37849
vt 0.17187 0.38137
vt 0.17255 0.37578
vt 0.17255 0.38267
vt 0.17352 0.37469
vt 0.17352 0.38376
vt 0.17473 0.37386
vt 0.17473 0.38459
vt 0.1761 0.37334
vt 0.1761 0.38511
vt 0.17756 0.37317
vt 0.17756 0.38528
vt 0.17901 0.37334
vt 0.17901 0.38511
vt 0.18038 0.37386
vt 0.18038 0.38459
vt 0.18159 0.37469
vt 0.18159 0.38376
vt 0.18256 0.37578
vt 0.18256 0.38267
vt 0.18324 0.37708
vt 0.18324 0.38137
vt 0.18359 0.37849
vt 0.18359 0.37995
vt 0.96513 0.51156
vt 0.96476 0.50855
vt 0.96476 0.51008
vt 0.96513 0.50707
vt 0.96584 0.51291
vt 0.96584 0.50572
vt 0.96686 0.51405
vt 0.96686 0.50458
vt 0.96812 0.51492
vt 0.96812 0.50371
vt 0.96955 0.51546
vt 0.96955 0.50317
vt 0.97107 0.51565
vt 0.97107 0.50299
vt 0.97259 0.51546
vt 0.97259 0.50317
vt 0.97403 0.51492
vt 0.97403 0.50371
vt 0.97529 0.51405
vt 0.97529 0.50458
vt 0.9763 0.51291
vt 0.9763 0.50572
vt 0.97702 0.51156
vt 0.97702 0.50707
vt 0.97738 0.51008
vt 0.97738 0.50855
usemtl mat1
f 1835/1334/1217 1836/1335/1218 1837/1336/1219
f 1835/1334/1217 1837/1336/1219 1838/1337/1220
f 1839/1338/1221 1840/1339/1222 1841/1340/1223
f 1839/1338/1221 1841/1340/1223 1842/1341/1224
f 1843/1342/1225 1844/1343/1226 1845/1344/1227
f 1843/1342/1225 1845/1344/1227 1846/1345/1228
f 1847/1346/1229 1848/1347/1230 1849/1348/1231
f 1847/1346/1229 1849/1348/1231 1850/1349/1232
f 1840/1339/1222 1851/1350/1233 1852/1351/1234
f 1840/1339/1222 1852/1351/1234 1841/1340/1223
f 1844/1343/1226 1853/1352/1235 1854/1353/1236
f 1844/1343/1226 1854/1353/1236 1845/1344/1227
f 1855/1354/1237 1856/1355/1238 1857/1356/1239
f 1855/1354/1237 1857/1356/1239 1858/1357/1240
f 1848/1347/1230 1859/1358/1241 1860/1359/1242
f 1848/1347/1230 1860/1359/1242 1849/1348/1231
f 1851/1350/1233 1861/1360/1243 1862/1361/1244
f 1851/1350/1233 1862/1361/1244 1852/1351/1234
f 1863/1358/1245 1864/1347/1246 1865/1348/1247
f 1863/1358/1245 1865/1348/1247 1866/1359/1236
f 1856/1355/1238 1867/1362/1248 1868/1363/1249
f 1856/1355/1238 1868/1363/1249 1857/1356/1239
f 1869/1364/1241 1870/1360/1250 1871/1361/1251
f 1869/1364/1241 1871/1361/1251 1872/1365/1242
f 1861/1360/1243 1873/1364/1252 1874/1365/1253
f 1861/1360/1243 1874/1365/1253 1862/1361/1244
f 1864/1347/1246 1875/1346/1254 1876/1349/1255
f 1864/1347/1246 1876/1349/1255 1865/1348/1247
f 1867/1362/1248 1877/1366/1256 1878/1367/1257
f 1867/1362/1248 1878/1367/1257 1868/1363/1249
f 1870/1360/1250 1879/1350/1258 1880/1351/1259
f 1870/1360/1250 1880/1351/1259 1871/1361/1251
f 1881/1366/1252 1882/1362/1260 1883/1363/1261
f 1881/1366/1252 1883/1363/1261 1884/1367/1253
f 1875/1346/1254 1855/1354/1237 1858/1357/1240
f 1875/1346/1254 1858/1357/1240 1876/1349/1255
f 1885/1352/1256 1886/1343/1262 1887/1344/1263
f 1885/1352/1256 1887/1344/1263 1888/1353/1257
f 1879/1350/1258 1889/1339/1264 1890/1340/1265
f 1879/1350/1258 1890/1340/1265 1880/1351/1259
f 1882/1362/1260 1891/1355/1266 1892/1356/1267
f 1882/1362/1260 1892/1356/1267 1883/1363/1261
f 1886/1343/1262 1893/1342/1268 1894/1345/1269
f 1886/1343/1262 1894/1345/1269 1887/1344/1263
f 1889/1339/1264 1895/1338/1270 1896/1341/1271
f 1889/1339/1264 1896/1341/1271 1890/1340/1265
f 1891/1355/1266 1897/1354/1272 1898/1357/1273
f 1891/1355/1266 1898/1357/1273 1892/1356/1267
f 1893/1342/1268 1839/1338/1221 1842/1341/1224
f 1893/1342/1268 1842/1341/1224 1894/1345/1269
f 1895/1338/1270 1843/1342/1225 1846/1345/1228
f 1895/1338/1270 1846/1345/1228 1896/1341/1271
f 1897/1354/1272 1847/1346/1229 1850/1349/1232
f 1897/1354/1272 1850/1349/1232 1898/1357/1273
f 1899/1368/1274 1900/1369/1275 1901/1370/1276
f 1899/1368/1274 1901/1370/1276 1902/1371/1277
f 1903/1372/1278 1904/1373/1279 1905/1374/1280
f 1903/1372/1278 1905/1374/1280 1906/1375/1281
f 1907/1335/1282 1908/1334/1283 1909/1337/1284
f 1907/1335/1282 1909/1337/1284 1910/1336/1285
f 1911/1376/1286 1912/1377/1287 1913/1378/1288
f 1911/1376/1286 1913/1378/1288 1914/1379/1289
f 1915/1380/1218 1916/1381/1290 1917/1382/1291
f 1915/1380/1218 1917/1382/1291 1918/1383/1292
f 1904/1373/1279 1919/1384/1293 1920/1385/1294
f 1904/1373/1279 1920/1385/1294 1905/1374/1280
f 1908/1334/1283 1921/1386/1295 1922/1387/1296
f 1908/1334/1283 1922/1387/1296 1909/1337/1284
f 1916/1381/1290 1923/1388/1297 1924/1389/1298
f 1916/1381/1290 1924/1389/1298 1917/1382/1291
f 1919/1384/1293 1925/1390/1299 1926/1391/1300
f 1919/1384/1293 1926/1391/1300 1920/1385/1294
f 1921/1386/1295 1927/1377/1301 1928/1378/1302
f 1921/1386/1295 1928/1378/1302 1922/1387/1296
f 1923/1388/1297 1929/1390/1303 1930/1391/1304
f 1923/1388/1297 1930/1391/1304 1924/1389/1298
f 1925/1390/1299 1931/1388/1305 1932/1389/1306
f 1925/1390/1299 1932/1389/1306 1926/1391/1300
f 1927/1377/1301 1933/1376/1307 1934/1379/1308
f 1927/1377/1301 1934/1379/1308 1928/1378/1302
f 1929/1390/1303 1935/1384/1309 1936/1385/1310
f 1929/1390/1303 1936/1385/1310 1930/1391/1304
f 1931/1388/1305 1937/1381/1311 1938/1382/1312
f 1931/1388/1305 1938/1382/1312 1932/1389/1306
f 1933/1376/1307 1939/1392/1313 1940/1393/1314
f 1933/1376/1307 1940/1393/1314 1934/1379/1308
f 1935/1384/1309 1941/1373/1315 1942/1374/1316
f 1935/1384/1309 1942/1374/1316 1936/1385/1310
f 1937/1381/1311 1943/1380/1317 1944/1383/1318
f 1937/1381/1311 1944/1383/1318 1938/1382/1312
f 1912/1377/1287 1945/1386/1319 1946/1387/1320
f 1912/1377/1287 1946/1387/1320 1913/1378/1288
f 1939/1392/1313 1947/1394/1321 1948/1395/1322
f 1939/1392/1313 1948/1395/1322 1940/1393/1314
f 1941/1373/1315 1949/1372/1323 1950/1375/1324
f 1941/1373/1315 1950/1375/1324 1942/1374/1316
f 1951/1394/1317 1952/1392/1325 1953/1393/1326
f 1951/1394/1317 1953/1393/1326 1954/1395/1327
f 1945/1386/1319 1835/1334/1217 1838/1337/1220
f 1945/1386/1319 1838/1337/1220 1946/1387/1320
f 1955/1396/1321 1903/1372/1278 1906/1375/1281
f 1955/1396/1321 1906/1375/1281 1956/1397/1328
f 1949/1372/1323 1957/1396/1282 1958/1397/1329
f 1949/1372/1323 1958/1397/1329 1950/1375/1324
f 1952/1392/1325 1911/1376/1286 1914/1379/1289
f 1952/1392/1325 1914/1379/1289 1953/1393/1326
f 1865/1348/1247 1876/1349/1255 1911/1376/1286
f 1865/1348/1247 1911/1376/1286 1952/1392/1325
f 1862/1361/1244 1874/1365/1253 1957/1396/1282
f 1862/1361/1244 1957/1396/1282 1949/1372/1323
f 1872/1365/1242 1871/1361/1251 1903/1372/1278
f 1872/1365/1242 1903/1372/1278 1955/1396/1321
f 1857/1356/1239 1868/1363/1249 1835/1334/1217
f 1857/1356/1239 1835/1334/1217 1945/1386/1319
f 1866/1359/1236 1865/1348/1247 1952/1392/1325
f 1866/1359/1236 1952/1392/1325 1951/1394/1317
f 1852/1351/1234 1862/1361/1244 1949/1372/1323
f 1852/1351/1234 1949/1372/1323 1941/1373/1315
f 1849/1348/1231 1860/1359/1242 1947/1394/1321
f 1849/1348/1231 1947/1394/1321 1939/1392/1313
f 1858/1357/1240 1857/1356/1239 1945/1386/1319
f 1858/1357/1240 1945/1386/1319 1912/1377/1287
f 1845/1344/1227 1854/1353/1236 1943/1380/1317
f 1845/1344/1227 1943/1380/1317 1937/1381/1311
f 1841/1340/1223 1852/1351/1234 1941/1373/1315
f 1841/1340/1223 1941/1373/1315 1935/1384/1309
f 1850/1349/1232 1849/1348/1231 1939/1392/1313
f 1850/1349/1232 1939/1392/1313 1933/1376/1307
f 1846/1345/1228 1845/1344/1227 1937/1381/1311
f 1846/1345/1228 1937/1381/1311 1931/1388/1305
f 1842/1341/1224 1841/1340/1223 1935/1384/1309
f 1842/1341/1224 1935/1384/1309 1929/1390/1303
f 1898/1357/1273 1850/1349/1232 1933/1376/1307
f 1898/1357/1273 1933/1376/1307 1927/1377/1301
f 1896/1341/1271 1846/1345/1228 1931/1388/1305
f 1896/1341/1271 1931/1388/1305 1925/1390/1299
f 1894/1345/1269 1842/1341/1224 1929/1390/1303
f 1894/1345/1269 1929/1390/1303 1923/1388/1297
f 1892/1356/1267 1898/1357/1273 1927/1377/1301
f 1892/1356/1267 1927/1377/1301 1921/1386/1295
f 1890/1340/1265 1896/1341/1271 1925/1390/1299
f 1890/1340/1265 1925/1390/1299 1919/1384/1293
f 1887/1344/1263 1894/1345/1269 1923/1388/1297
f 1887/1344/1263 1923/1388/1297 1916/1381/1290
f 1883/1363/1261 1892/1356/1267 1921/1386/1295
f 1883/1363/1261 1921/1386/1295 1908/1334/1283
f 1880/1351/1259 1890/1340/1265 1919/1384/1293
f 1880/1351/1259 1919/1384/1293 1904/1373/1279
f 1888/1353/1257 1887/1344/1263 1916/1381/1290
f 1888/1353/1257 1916/1381/1290 1915/1380/1218
f 1876/1349/1255 1858/1357/1240 1912/1377/1287
f 1876/1349/1255 1912/1377/1287 1911/1376/1286
f 1884/1367/1253 1883/1363/1261 1908/1334/1283
f 1884/1367/1253 1908/1334/1283 1907/1335/1282
f 1871/1361/1251 1880/1351/1259 1904/1373/1279
f 1871/1361/1251 1904/1373/1279 1903/1372/1278
f 1868/1363/1249 1878/1367/1257 1836/1335/1218
f 1868/1363/1249 1836/1335/1218 1835/1334/1217
f 1959/1398/1330 1960/1399/1330 1961/1400/1330
f 1959/1398/1330 1961/1400/1330 1962/1401/1330
f 1963/1402/1330 1959/1398/1330 1962/1401/1330
f 1963/1402/1330 1962/1401/1330 1964/1403/1330
f 1965/1404/1330 1963/1402/1330 1964/1403/1330
f 1965/1404/1330 1964/1403/1330 1966/1405/1330
f 1967/1406/1330 1965/1404/1330 1966/1405/1330
f 1967/1406/1330 1966/1405/1330 1968/1407/1330
f 1969/1408/1330 1967/1406/1330 1968/1407/1330
f 1969/1408/1330 1968/1407/1330 1970/1409/1330
f 1971/1410/1330 1969/1408/1330 1970/1409/1330
f 1971/1410/1330 1970/1409/1330 1972/1411/1330
f 1973/1412/1330 1971/1410/1330 1972/1411/1330
f 1973/1412/1330 1972/1411/1330 1974/1413/1330
f 1975/1414/1330 1973/1412/1330 1974/1413/1330
f 1975/1414/1330 1974/1413/1330 1976/1415/1330
f 1977/1416/1330 1975/1414/1330 1976/1415/1330
f 1977/1416/1330 1976/1415/1330 1978/1417/1330
f 1979/1418/1330 1977/1416/1330 1978/1417/1330
f 1979/1418/1330 1978/1417/1330 1980/1419/1330
f 1981/1420/1330 1979/1418/1330 1980/1419/1330
f 1981/1420/1330 1980/1419/1330 1982/1421/1330
f 1983/1422/1330 1981/1420/1330 1982/1421/1330
f 1983/1422/1330 1982/1421/1330 1984/1423/1330
f 1985/1424/1330 1983/1422/1330 1984/1423/1330
f 1985/1424/1330 1984/1423/1330 1986/1425/1330
f 1987/1426/1330 1985/1424/1330 1986/1425/1330
f 1987/1426/1330 1986/1425/1330 1988/1427/1330
f 1989/1428/1330 1987/1426/1330 1988/1427/1330
f 1989/1428/1330 1988/1427/1330 1990/1429/1330
f 1991/1430/1330 1989/1428/1330 1990/1429/1330
f 1991/1430/1330 1990/1429/1330 1992/1431/1330
f 1993/1432/1330 1991/1430/1330 1992/1431/1330
f 1993/1432/1330 1992/1431/1330 1994/1433/1330
f 1995/1434/1330 1993/1432/1330 1994/1433/1330
f 1995/1434/1330 1994/1433/1330 1996/1435/1330
f 1997/1436/1330 1995/1434/1330 1996/1435/1330
f 1997/1436/1330 1996/1435/1330 1998/1437/1330
f 1999/1438/1330 1997/1436/1330 1998/1437/1330
f 1999/1438/1330 1998/1437/1330 2000/1439/1330
f 2001/1440/1330 1999/1438/1330 2000/1439/1330
f 2001/1440/1330 2000/1439/1330 2002/1441/1330
f 2003/1442/1330 2001/1440/1330 2002/1441/1330
f 2003/1442/1330 2002/1441/1330 2004/1443/1330
f 2005/1444/1330 2003/1442/1330 2004/1443/1330
f 2005/1444/1330 2004/1443/1330 2006/1445/1330
f 2007/1446/1330 2005/1444/1330 2006/1445/1330
f 2007/1446/1330 2006/1445/1330 2008/1447/1330
f 2009/1448/1330 2007/1446/1330 2008/1447/1330
f 2009/1448/1330 2008/1447/1330 2010/1449/1330
f 1960/1399/1330 2009/1448/1330 2010/1449/1330
f 1960/1399/1330 2010/1449/1330 1961/1400/1330
f 2011/1450/1331 2012/1451/1332 2013/1451/1333
f 2011/1450/1331 2013/1451/1333 2014/1450/1334
f 2015/1452/1335 2016/1378/1336 2017/1453/1337
f 2015/1452/1335 2017/1453/1337 2018/1454/1338
f 2019/1455/1339 2020/1456/1340 2021/1457/1341
f 2019/1455/1339 2021/1457/1341 2022/1458/1342
f 2023/1459/1343 2024/1460/1344 2025/1461/1345
f 2023/1459/1343 2025/1461/1345 2026/1462/1346
f 1900/1369/1275 2027/1463/1347 2028/1464/1348
f 1900/1369/1275 2028/1464/1348 1901/1370/1276
f 2020/1456/1340 2029/1465/1349 2030/1451/1350
f 2020/1456/1340 2030/1451/1350 2021/1457/1341
f 2024/1460/1344 2031/1466/1351 2011/1450/1331
f 2024/1460/1344 2011/1450/1331 2025/1461/1345
f 2027/1463/1347 2032/1378/1352 2033/1453/1353
f 2027/1463/1347 2033/1453/1353 2028/1464/1348
f 2029/1465/1349 2034/1466/1354 2035/1450/1355
f 2029/1465/1349 2035/1450/1355 2030/1451/1350
f 2031/1466/1351 2036/1465/1356 2012/1451/1332
f 2031/1466/1351 2012/1451/1332 2011/1450/1331
f 2032/1378/1352 2037/1452/1357 2038/1454/1358
f 2032/1378/1352 2038/1454/1358 2033/1453/1353
f 2034/1466/1354 2039/1460/1359 2040/1461/1360
f 2034/1466/1354 2040/1461/1360 2035/1450/1355
f 2036/1465/1356 2041/1456/1361 2042/1457/1362
f 2036/1465/1356 2042/1457/1362 2012/1451/1332
f 2037/1452/1357 2043/1467/1363 2044/1468/1364
f 2037/1452/1357 2044/1468/1364 2038/1454/1358
f 2039/1460/1359 2045/1459/1365 2046/1462/1366
f 2039/1460/1359 2046/1462/1366 2040/1461/1360
f 2041/1456/1361 2047/1455/1367 2048/1458/1368
f 2041/1456/1361 2048/1458/1368 2042/1457/1362
f 2016/1378/1336 2049/1463/1369 2050/1464/1370
f 2016/1378/1336 2050/1464/1370 2017/1453/1337
f 2043/1467/1363 2051/1469/1371 2052/1470/1372
f 2043/1467/1363 2052/1470/1372 2044/1468/1364
f 2045/1459/1365 2053/1471/1373 2054/1472/1374
f 2045/1459/1365 2054/1472/1374 2046/1462/1366
f 2055/1469/1367 2056/1467/1375 2057/1468/1376
f 2055/1469/1367 2057/1468/1376 2058/1470/1377
f 2049/1463/1369 2059/1369/1378 2060/1370/1379
f 2049/1463/1369 2060/1370/1379 2050/1464/1370
f 2061/1473/1371 2062/1471/1380 2063/1472/1381
f 2061/1473/1371 2063/1472/1381 2064/1474/1372
f 2053/1471/1373 2065/1473/1274 2066/1474/1382
f 2053/1471/1373 2066/1474/1382 2054/1472/1374
f 2056/1467/1375 2015/1452/1335 2018/1454/1338
f 2056/1467/1375 2018/1454/1338 2057/1468/1376
f 2059/1369/1378 2067/1368/1339 2068/1371/1342
f 2059/1369/1378 2068/1371/1342 2060/1370/1379
f 2062/1471/1380 2023/1459/1343 2026/1462/1346
f 2062/1471/1380 2026/1462/1346 2063/1472/1381
f 2033/1453/1353 2038/1454/1358 2069/1454/1383
f 2033/1453/1353 2069/1454/1383 2070/1453/1384
f 2035/1450/1355 2040/1461/1360 2071/1461/1385
f 2035/1450/1355 2071/1461/1385 2072/1450/1386
f 2012/1451/1332 2042/1457/1362 2073/1457/1387
f 2012/1451/1332 2073/1457/1387 2013/1451/1333
f 2038/1454/1358 2044/1468/1364 2074/1468/1388
f 2038/1454/1358 2074/1468/1388 2069/1454/1383
f 2040/1461/1360 2046/1462/1366 2075/1462/1389
f 2040/1461/1360 2075/1462/1389 2071/1461/1385
f 2042/1457/1362 2048/1458/1368 2076/1458/1390
f 2042/1457/1362 2076/1458/1390 2073/1457/1387
f 2017/1453/1337 2050/1464/1370 2077/1464/1391
f 2017/1453/1337 2077/1464/1391 2078/1453/1392
f 2044/1468/1364 2052/1470/1372 2079/1470/1393
f 2044/1468/1364 2079/1470/1393 2074/1468/1388
f 2046/1462/1366 2054/1472/1374 2080/1472/1394
f 2046/1462/1366 2080/1472/1394 2075/1462/1389
f 2058/1470/1377 2057/1468/1376 2081/1468/1395
f 2058/1470/1377 2081/1468/1395 2082/1470/1390
f 2050/1464/1370 2060/1370/1379 2083/1370/1396
f 2050/1464/1370 2083/1370/1396 2077/1464/1391
f 2064/1474/1372 2063/1472/1381 2084/1472/1397
f 2064/1474/1372 2084/1472/1397 2085/1474/1393
f 2054/1472/1374 2066/1474/1382 2086/1474/1398
f 2054/1472/1374 2086/1474/1398 2080/1472/1394
f 2057/1468/1376 2018/1454/1338 2087/1454/1399
f 2057/1468/1376 2087/1454/1399 2081/1468/1395
f 2060/1370/1379 2068/1371/1342 2088/1371/1400
f 2060/1370/1379 2088/1371/1400 2083/1370/1396
f 2063/1472/1381 2026/1462/1346 2089/1462/1401
f 2063/1472/1381 2089/1462/1401 2084/1472/1397
f 1902/1371/1277 1901/1370/1276 2090/1370/1402
f 1902/1371/1277 2090/1370/1402 2091/1371/1398
f 2018/1454/1338 2017/1453/1337 2078/1453/1392
f 2018/1454/1338 2078/1453/1392 2087/1454/1399
f 2022/1458/1342 2021/1457/1341 2092/1457/1403
f 2022/1458/1342 2092/1457/1403 2093/1458/1400
f 2026/1462/1346 2025/1461/1345 2094/1461/1404
f 2026/1462/1346 2094/1461/1404 2089/1462/1401
f 1901/1370/1276 2028/1464/1348 2095/1464/1405
f 1901/1370/1276 2095/1464/1405 2090/1370/1402
f 2021/1457/1341 2030/1451/1350 2096/1451/1406
f 2021/1457/1341 2096/1451/1406 2092/1457/1403
f 2025/1461/1345 2011/1450/1331 2014/1450/1334
f 2025/1461/1345 2014/1450/1334 2094/1461/1404
f 2028/1464/1348 2033/1453/1353 2070/1453/1384
f 2028/1464/1348 2070/1453/1384 2095/1464/1405
f 2030/1451/1350 2035/1450/1355 2072/1450/1386
f 2030/1451/1350 2072/1450/1386 2096/1451/1406
f 2097/1475/1407 2098/1476/1407 2099/1477/1407
f 2098/1476/1407 2097/1475/1407 2100/1478/1407
f 2100/1478/1407 2097/1475/1407 2101/1479/1407
f 2100/1478/1407 2101/1479/1407 2102/1480/1407
f 2102/1480/1407 2101/1479/1407 2103/1481/1407
f 2102/1480/1407 2103/1481/1407 2104/1482/1407
f 2104/1482/1407 2103/1481/1407 2105/1483/1407
f 2104/1482/1407 2105/1483/1407 2106/1484/1407
f 2106/1484/1407 2105/1483/1407 2107/1485/1407
f 2106/1484/1407 2107/1485/1407 2108/1486/1407
f 2108/1486/1407 2107/1485/1407 2109/1487/1407
f 2108/1486/1407 2109/1487/1407 2110/1488/1407
f 2110/1488/1407 2109/1487/1407 2111/1489/1407
f 2110/1488/1407 2111/1489/1407 2112/1490/1407
f 2112/1490/1407 2111/1489/1407 2113/1491/1407
f 2112/1490/1407 2113/1491/1407 2114/1492/1407
f 2114/1492/1407 2113/1491/1407 2115/1493/1407
f 2114/1492/1407 2115/1493/1407 2116/1494/1407
f 2116/1494/1407 2115/1493/1407 2117/1495/1407
f 2116/1494/1407 2117/1495/1407 2118/1496/1407
f 2118/1496/1407 2117/1495/1407 2119/1497/1407
f 2118/1496/1407 2119/1497/1407 2120/1498/1407
f 2120/1498/1407 2119/1497/1407 2121/1499/1407
f 2120/1498/1407 2121/1499/1407 2122/1500/1407
f 2123/1501/1330 2124/1502/1330 2125/1503/1330
f 2124/1502/1330 2123/1501/1330 2126/1504/1330
f 2126/1504/1330 2123/1501/1330 2127/1505/1330
f 2126/1504/1330 2127/1505/1330 2128/1506/1330
f 2128/1506/1330 2127/1505/1330 2129/1507/1330
f 2128/1506/1330 2129/1507/1330 2130/1508/1330
f 2130/1508/1330 2129/1507/1330 2131/1509/1330
f 2130/1508/1330 2131/1509/1330 2132/1510/1330
f 2132/1510/1330 2131/1509/1330 2133/1511/1330
f 2132/1510/1330 2133/1511/1330 2134/1512/1330
f 2134/1512/1330 2133/1511/1330 2135/1513/1330
f 2134/1512/1330 2135/1513/1330 2136/1514/1330
f 2136/1514/1330 2135/1513/1330 2137/1515/1330
f 2136/1514/1330 2137/1515/1330 2138/1516/1330
f 2138/1516/1330 2137/1515/1330 2139/1517/1330
f 2138/1516/1330 2139/1517/1330 2140/1518/1330
f 2140/1518/1330 2139/1517/1330 2141/1519/1330
f 2140/1518/1330 2141/1519/1330 2142/1520/1330
f 2142/1520/1330 2141/1519/1330 2143/1521/1330
f 2142/1520/1330 2143/1521/1330 2144/1522/1330
f 2144/1522/1330 2143/1521/1330 2145/1523/1330
f 2144/1522/1330 2145/1523/1330 2146/1524/1330
f 2146/1524/1330 2145/1523/1330 2147/1525/1330
f 2146/1524/1330 2147/1525/1330 2148/1526/1330
# Vertices: 314, normals: 191, texture coordinates: 193, faces: 360

o obj4
v 5.86396609 2.27280164 -1.66083438
v 5.87075604 2.27280164 -1.66083438
v 5.87058016 2.27766435 -1.65737434
v 5.86414198 2.27766435 -1.65737434
v 5.86414198 2.28165776 -1.65884348
v 5.86396609 2.27280164 -1.66083438
v 5.86414198 2.27766435 -1.65737434
v 5.86414198 2.28324267 -1.6629382
v 5.87075604 2.27280164 -1.66083438
v 5.87058016 2.28165776 -1.65884348
v 5.87058016 2.27766435 -1.65737434
v 5.87058016 2.28165776 -1.65884348
v 5.87058016 2.28324267 -1.6629382
v 5.86414198 2.28324267 -1.6629382
v 5.86414198 2.28165776 -1.65884348
v 5.87058016 2.28324267 -1.6629382
v 5.86414198 2.27765769 -1.67103489
v 5.87058016 2.27765769 -1.67103489
v 5.87075604 2.27280164 -1.66762433
v 5.86396609 2.27280164 -1.66762433
v 5.86414198 2.28187141 -1.6693412
v 5.86414198 2.27765769 -1.67103489
v 5.86396609 2.27280164 -1.66762433
v 5.87058016 2.27765769 -1.67103489
v 5.87058016 2.28187141 -1.6693412
v 5.87075604 2.27280164 -1.66762433
v 5.82738244 2.26066591 -1.76994225
v 5.83165484 2.27777193 -1.75831535
v 5.81747384 2.27819902 -1.774885
v 5.8160475 2.33320768 -1.71830933
v 5.82524036 2.34386862 -1.76780019
v 5.77449185 2.33352023 -1.75811669
v 5.81661709 2.24308588 -1.8606604
v 5.77722586 2.26819573 -1.86065402
v 5.82704987 2.27483817 -1.8733258
v 5.82663408 2.34159262 -1.85064342
v 5.82338967 2.32853007 -1.88270796
v 5.82290127 2.3214885 -1.84283494
v 5.91924732 2.24121328 -1.75803016
v 5.93202906 2.27452428 -1.76911693
v 5.92038699 2.26673509 -1.71390861
v 5.91478939 2.35254332 -1.76248812
v 5.90217086 2.32269629 -1.76060175
v 5.93331446 2.32683166 -1.76861548
v 5.90028748 2.272175 -1.84284728
v 5.91031542 2.27315144 -1.88011239
v 5.93858378 2.27289514 -1.85327753
v 5.92012531 2.36125695 -1.86268516
v 5.959282 2.33328564 -1.86135244
v 5.91841292 2.33304373 -1.90086862
v 5.82738244 2.31337627 -1.64438413
v 5.83165484 2.33048229 -1.63275724
v 5.81747384 2.33090938 -1.64932689
v 5.8160475 2.38591804 -1.59275122
v 5.82524036 2.39657896 -1.64224208
v 5.77449185 2.38623061 -1.63255858
v 5.81661709 2.29579624 -1.73510228
v 5.77722586 2.32090609 -1.73509591
v 5.82704987 2.32754853 -1.74776769
v 5.82663408 2.39430296 -1.72508531
v 5.82338967 2.38124041 -1.75714983
v 5.82290127 2.37419886 -1.71727682
v 5.91924732 2.29392364 -1.63247205
v 5.93202906 2.32723464 -1.64355881
v 5.92038699 2.31944545 -1.58835049
v 5.91478939 2.40525368 -1.63693
v 5.90217086 2.37540665 -1.63504364
v 5.93331446 2.37954205 -1.64305736
v 5.90028748 2.32488536 -1.71728917
v 5.91031542 2.3258618 -1.75455428
v 5.93858378 2.3256055 -1.72771942
v 5.92012531 2.41396733 -1.73712704
v 5.959282 2.385996 -1.73579432
v 5.91841292 2.38575411 -1.7753105
v 5.82738244 2.2745357 -1.38555491
v 5.83165484 2.29164172 -1.37392802
v 5.81747384 2.2920688 -1.39049768
v 5.8160475 2.34707746 -1.333922
v 5.82524036 2.3577384 -1.38341286
v 5.77449185 2.34739001 -1.37372936
v 5.81661709 2.25695567 -1.47627307
v 5.77722586 2.28206551 -1.4762667
v 5.82704987 2.28870795 -1.48893847
v 5.82663408 2.3554624 -1.46625609
v 5.82338967 2.34239986 -1.49832063
v 5.82290127 2.33535829 -1.45844762
v 5.91924732 2.25508307 -1.37364283
v 5.93202906 2.28839407 -1.3847296
v 5.92038699 2.28060487 -1.32952129
v 5.91478939 2.36641311 -1.37810079
v 5.90217086 2.33656607 -1.37621443
v 5.93331446 2.34070145 -1.38422815
v 5.90028748 2.28604478 -1.45845996
v 5.91031542 2.28702122 -1.49572506
v 5.93858378 2.28676493 -1.4688902
v 5.92012531 2.37512676 -1.47829783
v 5.959282 2.34715542 -1.47696511
v 5.91841292 2.34691351 -1.51648129
v 5.86414198 2.27949211 -1.64513345
v 5.86414198 2.28348552 -1.64660259
v 5.86414198 2.28257164 -1.65272304
v 5.86414198 2.27857823 -1.65125389
v 5.87058016 2.27949211 -1.64513345
v 5.86414198 2.27949211 -1.64513345
v 5.86414198 2.27857823 -1.65125389
v 5.87058016 2.27857823 -1.65125389
v 5.86414198 2.30251533 -1.80918356
v 5.87058016 2.30251533 -1.80918356
v 5.87058016 2.2985221 -1.81065387
v 5.86414198 2.2985221 -1.81065387
v 5.87058016 2.28257164 -1.65272304
v 5.87058016 2.27857823 -1.65125389
v 5.86414198 2.28257164 -1.65272304
v 5.87058016 2.28257164 -1.65272304
v 5.86414198 2.35380434 -1.69531363
v 5.87058016 2.35380434 -1.69531363
v 5.87058016 2.35265354 -1.70149322
v 5.86414198 2.35265354 -1.70149322
v 5.86414198 2.27766435 -1.65737434
v 5.87058016 2.27766435 -1.65737434
v 5.87058016 2.3163852 -1.42626648
v 5.86414198 2.3163852 -1.42626648
v 5.86414198 2.31239179 -1.42479733
v 5.87058016 2.31239179 -1.42479733
v 5.87908524 1.99124098 -1.6525051
v 5.8556369 1.99124098 -1.6525051
v 5.8556369 1.99124097 -1.67595344
v 5.87908524 1.99124097 -1.67595344
v 5.86414198 2.28348552 -1.64660259
v 5.87058016 2.28348552 -1.64660259
v 5.87058016 2.28348552 -1.64660259
v 5.87058016 2.27949211 -1.64513345
v 5.87058016 2.280406 -1.639013
v 5.86414198 2.280406 -1.639013
v 5.86414198 2.280406 -1.639013
v 5.86414198 2.2843994 -1.64048214
v 5.86414198 2.2843994 -1.64048214
v 5.87058016 2.2843994 -1.64048214
v 5.87058016 2.2843994 -1.64048214
v 5.87058016 2.280406 -1.639013
v 5.87058016 2.28131988 -1.63289255
v 5.86414198 2.28131988 -1.63289255
v 5.86414198 2.28131988 -1.63289255
v 5.86414198 2.28531329 -1.63436169
v 5.86414198 2.28531329 -1.63436169
v 5.87058016 2.28531329 -1.63436169
v 5.87058016 2.28531329 -1.63436169
v 5.87058016 2.28131988 -1.63289255
v 5.87058016 2.28223376 -1.6267721
v 5.86414198 2.28223376 -1.6267721
v 5.86414198 2.28223376 -1.6267721
v 5.86414198 2.28622717 -1.62824125
v 5.86414198 2.28622717 -1.62824125
v 5.87058016 2.28622717 -1.62824125
v 5.87058016 2.28622717 -1.62824125
v 5.87058016 2.28223376 -1.6267721
v 5.87058016 2.28314765 -1.62065166
v 5.86414198 2.28314765 -1.62065166
v 5.86414198 2.28314765 -1.62065166
v 5.86414198 2.28714105 -1.6221208
v 5.86414198 2.28714105 -1.6221208
v 5.87058016 2.28714105 -1.6221208
v 5.87058016 2.28714105 -1.6221208
v 5.87058016 2.28314765 -1.62065166
v 5.87058016 2.28406153 -1.61453122
v 5.86414198 2.28406153 -1.61453122
v 5.86414198 2.28406153 -1.61453122
v 5.86414198 2.28805494 -1.61600034
v 5.86414198 2.28805494 -1.61600034
v 5.87058016 2.28805494 -1.61600034
v 5.87058016 2.28805494 -1.61600034
v 5.87058016 2.28406153 -1.61453122
v 5.87058016 2.28497539 -1.60841077
v 5.86414198 2.28497539 -1.60841077
v 5.86414198 2.28497539 -1.60841077
v 5.86414198 2.2889688 -1.6098799
v 5.86414198 2.2889688 -1.6098799
v 5.87058016 2.2889688 -1.6098799
v 5.87058016 2.2889688 -1.6098799
v 5.87058016 2.28497539 -1.60841077
v 5.87058016 2.28588927 -1.60229031
v 5.86414198 2.28588927 -1.60229031
v 5.86414198 2.28588927 -1.60229031
v 5.86414198 2.28988268 -1.60375945
v 5.86414198 2.28988268 -1.60375945
v 5.87058016 2.28988268 -1.60375945
v 5.87058016 2.28988268 -1.60375945
v 5.87058016 2.28588927 -1.60229031
v 5.87058016 2.28680316 -1.59616987
v 5.86414198 2.28680316 -1.59616987
v 5.86414198 2.28680316 -1.59616987
v 5.86414198 2.29079656 -1.597639
v 5.86414198 2.29079656 -1.597639
v 5.87058016 2.29079656 -1.597639
v 5.87058016 2.29079656 -1.597639
v 5.87058016 2.28680316 -1.59616987
v 5.87058016 2.28771702 -1.59004943
v 5.86414198 2.28771702 -1.59004943
v 5.86414198 2.28771702 -1.59004943
v 5.86414198 2.29171043 -1.59151854
v 5.86414198 2.29171043 -1.59151854
v 5.87058016 2.29171043 -1.59151854
v 5.87058016 2.29171043 -1.59151854
v 5.87058016 2.28771702 -1.59004943
v 5.87058016 2.28863088 -1.58392897
v 5.86414198 2.28863088 -1.58392897
v 5.86414198 2.28863088 -1.58392897
v 5.86414198 2.29262429 -1.58539811
v 5.86414198 2.29262429 -1.58539811
v 5.87058016 2.29262429 -1.58539811
v 5.87058016 2.29262429 -1.58539811
v 5.87058016 2.28863088 -1.58392897
v 5.87058016 2.28954478 -1.57780852
v 5.86414198 2.28954478 -1.57780852
v 5.86414198 2.28954478 -1.57780852
v 5.86414198 2.29353819 -1.57927768
v 5.86414198 2.29353819 -1.57927768
v 5.87058016 2.29353819 -1.57927768
v 5.87058016 2.29353819 -1.57927768
v 5.87058016 2.28954478 -1.57780852
v 5.87058016 2.29045867 -1.57168807
v 5.86414198 2.29045867 -1.57168807
v 5.86414198 2.29045867 -1.57168807
v 5.86414198 2.29445207 -1.57315722
v 5.86414198 2.29445207 -1.57315722
v 5.87058016 2.29445207 -1.57315722
v 5.87058016 2.29445207 -1.57315722
v 5.87058016 2.29045867 -1.57168807
v 5.87058016 2.29137255 -1.56556763
v 5.86414198 2.29137255 -1.56556763
v 5.86414198 2.29137255 -1.56556763
v 5.86414198 2.29536596 -1.56703676
v 5.86414198 2.29536596 -1.56703676
v 5.87058016 2.29536596 -1.56703676
v 5.87058016 2.29536596 -1.56703676
v 5.87058016 2.29137255 -1.56556763
v 5.87058016 2.29228641 -1.55944718
v 5.86414198 2.29228641 -1.55944718
v 5.86414198 2.29228641 -1.55944718
v 5.86414198 2.29627982 -1.56091633
v 5.86414198 2.29627982 -1.56091633
v 5.87058016 2.29627982 -1.56091633
v 5.87058016 2.29627982 -1.56091633
v 5.87058016 2.29228641 -1.55944718
v 5.87058016 2.29320032 -1.55332673
v 5.86414198 2.29320032 -1.55332673
v 5.86414198 2.29320032 -1.55332673
v 5.86414198 2.29719372 -1.55479588
v 5.86414198 2.29719372 -1.55479588
v 5.87058016 2.29719372 -1.55479588
v 5.87058016 2.29719372 -1.55479588
v 5.87058016 2.29320032 -1.55332673
v 5.87058016 2.29411418 -1.54720628
v 5.86414198 2.29411418 -1.54720628
v 5.86414198 2.29411418 -1.54720628
v 5.86414198 2.29810758 -1.54867543
v 5.86414198 2.29810758 -1.54867543
v 5.87058016 2.29810758 -1.54867543
v 5.87058016 2.29810758 -1.54867543
v 5.87058016 2.29411418 -1.54720628
v 5.87058016 2.29502808 -1.54108583
v 5.86414198 2.29502808 -1.54108583
v 5.86414198 2.29502808 -1.54108583
v 5.86414198 2.29902149 -1.54255498
v 5.86414198 2.29902149 -1.54255498
v 5.87058016 2.29902149 -1.54255498
v 5.87058016 2.29902149 -1.54255498
v 5.87058016 2.29502808 -1.54108583
v 5.87058016 2.29594194 -1.53496539
v 5.86414198 2.29594194 -1.53496539
v 5.86414198 2.29594194 -1.53496539
v 5.86414198 2.29993535 -1.53643452
v 5.86414198 2.29993535 -1.53643452
v 5.87058016 2.29993535 -1.53643452
v 5.87058016 2.29993535 -1.53643452
v 5.87058016 2.29594194 -1.53496539
v 5.87058016 2.29685583 -1.52884493
v 5.86414198 2.29685583 -1.52884493
v 5.86414198 2.29685583 -1.52884493
v 5.86414198 2.30084923 -1.53031408
v 5.86414198 2.30084923 -1.53031408
v 5.87058016 2.30084923 -1.53031408
v 5.87058016 2.30084923 -1.53031408
v 5.87058016 2.29685583 -1.52884493
v 5.87058016 2.29776971 -1.52272449
v 5.86414198 2.29776971 -1.52272449
v 5.86414198 2.29776971 -1.52272449
v 5.86414198 2.30176312 -1.52419363
v 5.86414198 2.30176312 -1.52419363
v 5.87058016 2.30176312 -1.52419363
v 5.87058016 2.30176312 -1.52419363
v 5.87058016 2.29776971 -1.52272449
v 5.87058016 2.29868359 -1.51660404
v 5.86414198 2.29868359 -1.51660404
v 5.86414198 2.29868359 -1.51660404
v 5.86414198 2.302677 -1.51807318
v 5.86414198 2.302677 -1.51807318
v 5.87058016 2.302677 -1.51807318
v 5.87058016 2.302677 -1.51807318
v 5.87058016 2.29868359 -1.51660404
v 5.87058016 2.29959748 -1.5104836
v 5.86414198 2.29959748 -1.5104836
v 5.86414198 2.29959748 -1.5104836
v 5.86414198 2.30359088 -1.51195274
v 5.86414198 2.30359088 -1.51195274
v 5.87058016 2.30359088 -1.51195274
v 5.87058016 2.30359088 -1.51195274
v 5.87058016 2.29959748 -1.5104836
v 5.87058016 2.30051134 -1.50436314
v 5.86414198 2.30051134 -1.50436314
v 5.86414198 2.30051134 -1.50436314
v 5.86414198 2.30450474 -1.50583228
v 5.86414198 2.30450474 -1.50583228
v 5.87058016 2.30450474 -1.50583228
v 5.87058016 2.30450474 -1.50583228
v 5.87058016 2.30051134 -1.50436314
v 5.87058016 2.30142524 -1.49824268
v 5.86414198 2.30142524 -1.49824268
v 5.86414198 2.30142524 -1.49824268
v 5.86414198 2.30541865 -1.49971186
v 5.86414198 2.30541865 -1.49971186
v 5.87058016 2.30541865 -1.49971186
v 5.87058016 2.30541865 -1.49971186
v 5.87058016 2.30142524 -1.49824268
v 5.87058016 2.30233913 -1.49212226
v 5.86414198 2.30233913 -1.49212226
v 5.86414198 2.30233913 -1.49212226
v 5.86414198 2.30633253 -1.4935914
v 5.86414198 2.30633253 -1.4935914
v 5.87058016 2.30633253 -1.4935914
v 5.87058016 2.30633253 -1.4935914
v 5.87058016 2.30233913 -1.49212226
v 5.87058016 2.30325301 -1.4860018
v 5.86414198 2.30325301 -1.4860018
v 5.86414198 2.30325301 -1.4860018
v 5.86414198 2.30724642 -1.48747094
v 5.86414198 2.30724642 -1.48747094
v 5.87058016 2.30724642 -1.48747094
v 5.87058016 2.30724642 -1.48747094
v 5.87058016 2.30325301 -1.4860018
v 5.87058016 2.30416687 -1.47988136
v 5.86414198 2.30416687 -1.47988136
v 5.86414198 2.30416687 -1.47988136
v 5.86414198 2.30816028 -1.4813505
v 5.86414198 2.30816028 -1.4813505
v 5.87058016 2.30816028 -1.4813505
v 5.87058016 2.30816028 -1.4813505
v 5.87058016 2.30416687 -1.47988136
v 5.87058016 2.30508077 -1.47376092
v 5.86414198 2.30508077 -1.47376092
v 5.86414198 2.30508077 -1.47376092
v 5.86414198 2.30907418 -1.47523006
v 5.86414198 2.30907418 -1.47523006
v 5.87058016 2.30907418 -1.47523006
v 5.87058016 2.30907418 -1.47523006
v 5.87058016 2.30508077 -1.47376092
v 5.87058016 2.30599464 -1.46764048
v 5.86414198 2.30599464 -1.46764048
v 5.86414198 2.30599464 -1.46764048
v 5.86414198 2.30998804 -1.46910958
v 5.86414198 2.30998804 -1.46910958
v 5.87058016 2.30998804 -1.46910958
v 5.87058016 2.30998804 -1.46910958
v 5.87058016 2.30599464 -1.46764048
v 5.87058016 2.3069085 -1.46152002
v 5.86414198 2.3069085 -1.46152002
v 5.86414198 2.3069085 -1.46152002
v 5.86414198 2.3109019 -1.46298916
v 5.86414198 2.3109019 -1.46298916
v 5.87058016 2.3109019 -1.46298916
v 5.87058016 2.3109019 -1.46298916
v 5.87058016 2.3069085 -1.46152002
v 5.87058016 2.30782238 -1.45539958
v 5.86414198 2.30782238 -1.45539958
v 5.86414198 2.30782238 -1.45539958
v 5.86414198 2.31181579 -1.45686872
v 5.86414198 2.31181579 -1.45686872
v 5.87058016 2.31181579 -1.45686872
v 5.87058016 2.31181579 -1.45686872
v 5.87058016 2.30782238 -1.45539958
v 5.87058016 2.30873626 -1.44927912
v 5.86414198 2.30873626 -1.44927912
v 5.86414198 2.30873626 -1.44927912
v 5.86414198 2.31272967 -1.45074826
v 5.86414198 2.31272967 -1.45074826
v 5.87058016 2.31272967 -1.45074826
v 5.87058016 2.31272967 -1.45074826
v 5.87058016 2.30873626 -1.44927912
v 5.87058016 2.30965015 -1.44315868
v 5.86414198 2.30965015 -1.44315868
v 5.86414198 2.30965015 -1.44315868
v 5.86414198 2.31364355 -1.44462782
v 5.86414198 2.31364355 -1.44462782
v 5.87058016 2.31364355 -1.44462782
v 5.87058016 2.31364355 -1.44462782
v 5.87058016 2.30965015 -1.44315868
v 5.87058016 2.31056403 -1.43703823
v 5.86414198 2.31056403 -1.43703823
v 5.86414198 2.31056403 -1.43703823
v 5.86414198 2.31455744 -1.43850738
v 5.86414198 2.31455744 -1.43850738
v 5.87058016 2.31455744 -1.43850738
v 5.87058016 2.31455744 -1.43850738
v 5.87058016 2.31056403 -1.43703823
v 5.87058016 2.31147791 -1.43091778
v 5.86414198 2.31147791 -1.43091778
v 5.86414198 2.31147791 -1.43091778
v 5.86414198 2.31547132 -1.43238692
v 5.86414198 2.31547132 -1.43238692
v 5.87058016 2.31547132 -1.43238692
v 5.87058016 2.31547132 -1.43238692
v 5.87058016 2.31147791 -1.43091778
v 5.87058016 2.31239179 -1.42479733
v 5.86414198 2.31239179 -1.42479733
v 5.86414198 2.31239179 -1.42479733
v 5.86414198 2.3163852 -1.42626648
v 5.86414198 2.3163852 -1.42626648
v 5.87058016 2.3163852 -1.42626648
v 5.87058016 2.3163852 -1.42626648
v 5.87058016 2.31239179 -1.42479733
v 5.87813188 2.0234684 -1.65345847
v 5.85659026 2.0234684 -1.65345847
v 5.8556369 1.99124098 -1.6525051
v 5.87908524 1.99124098 -1.6525051
v 5.85659026 2.0234684 -1.65345847
v 5.85659026 2.0234684 -1.67500009
v 5.8556369 1.99124097 -1.67595344
v 5.8556369 1.99124098 -1.6525051
v 5.85659026 2.0234684 -1.67500009
v 5.87813188 2.0234684 -1.67500009
v 5.87908524 1.99124097 -1.67595344
v 5.8556369 1.99124097 -1.67595344
v 5.87813188 2.0234684 -1.67500009
v 5.87813188 2.0234684 -1.65345847
v 5.87908524 1.99124098 -1.6525051
v 5.87908524 1.99124097 -1.67595344
v 5.87760238 2.04136747 -1.65398797
v 5.85711975 2.04136747 -1.65398797
v 5.85711975 2.04136747 -1.65398797
v 5.85711975 2.04136747 -1.67447061
v 5.85711975 2.04136747 -1.67447061
v 5.87760238 2.04136747 -1.67447061
v 5.87760238 2.04136747 -1.67447061
v 5.87760238 2.04136747 -1.65398797
v 5.87716516 2.05614738 -1.6544252
v 5.85755698 2.05614738 -1.6544252
v 5.85755698 2.05614738 -1.6544252
v 5.85755698 2.05614737 -1.67403339
v 5.85755698 2.05614737 -1.67403339
v 5.87716516 2.05614737 -1.67403339
v 5.87716516 2.05614737 -1.67403339
v 5.87716516 2.05614738 -1.6544252
v 5.87677881 2.06920765 -1.65481156
v 5.85794333 2.06920765 -1.65481156
v 5.85794333 2.06920765 -1.65481156
v 5.85794333 2.06920765 -1.67364704
v 5.85794333 2.06920765 -1.67364704
v 5.87677881 2.06920765 -1.67364704
v 5.87677881 2.06920765 -1.67364704
v 5.87677881 2.06920765 -1.65481156
v 5.87642635 2.08112206 -1.65516401
v 5.85829578 2.08112206 -1.65516401
v 5.85829578 2.08112206 -1.65516401
v 5.85829578 2.08112206 -1.67329459
v 5.85829578 2.08112206 -1.67329459
v 5.87642635 2.08112206 -1.67329459
v 5.87642635 2.08112206 -1.67329459
v 5.87642635 2.08112206 -1.65516401
v 5.87609875 2.09219631 -1.65549162
v 5.85862338 2.09219631 -1.65549162
v 5.85862338 2.09219631 -1.65549162
v 5.85862338 2.09219631 -1.67296699
v 5.85862338 2.09219631 -1.67296699
v 5.87609875 2.09219631 -1.67296699
v 5.87609875 2.09219631 -1.67296699
v 5.87609875 2.09219631 -1.65549162
v 5.87579047 2.10261744 -1.6557999
v 5.85893166 2.10261744 -1.6557999
v 5.85893166 2.10261744 -1.6557999
v 5.85893166 2.10261743 -1.67265871
v 5.85893166 2.10261743 -1.67265871
v 5.87579047 2.10261743 -1.67265871
v 5.87579047 2.10261743 -1.67265871
v 5.87579047 2.10261744 -1.6557999
v 5.87549782 2.11251025 -1.65609256
v 5.85922432 2.11251025 -1.65609256
v 5.85922432 2.11251025 -1.65609256
v 5.85922432 2.11251025 -1.67236606
v 5.85922432 2.11251025 -1.67236606
v 5.87549782 2.11251025 -1.67236606
v 5.87549782 2.11251025 -1.67236606
v 5.87549782 2.11251025 -1.65609256
v 5.87521818 2.12196322 -1.6563722
v 5.85950396 2.12196322 -1.6563722
v 5.85950396 2.12196322 -1.6563722
v 5.85950396 2.12196322 -1.67208643
v 5.85950396 2.12196322 -1.67208643
v 5.87521818 2.12196322 -1.67208643
v 5.87521818 2.12196322 -1.67208643
v 5.87521818 2.12196322 -1.6563722
v 5.87494961 2.1310419 -1.65664077
v 5.85977252 2.1310419 -1.65664077
v 5.85977252 2.1310419 -1.65664077
v 5.85977252 2.1310419 -1.67181786
v 5.85977252 2.1310419 -1.67181786
v 5.87494961 2.1310419 -1.67181786
v 5.87494961 2.1310419 -1.67181786
v 5.87494961 2.1310419 -1.65664077
v 5.87469063 2.13979655 -1.65689976
v 5.86003151 2.13979655 -1.65689976
v 5.86003151 2.13979655 -1.65689976
v 5.86003151 2.13979654 -1.67155888
v 5.86003151 2.13979654 -1.67155888
v 5.87469063 2.13979654 -1.67155888
v 5.87469063 2.13979654 -1.67155888
v 5.87469063 2.13979655 -1.65689976
v 5.87444006 2.14826678 -1.65715033
v 5.86028207 2.14826678 -1.65715033
v 5.86028207 2.14826678 -1.65715033
v 5.86028207 2.14826677 -1.67130832
v 5.86028207 2.14826677 -1.67130832
v 5.87444006 2.14826677 -1.67130832
v 5.87444006 2.14826677 -1.67130832
v 5.87444006 2.14826678 -1.65715033
v 5.87419697 2.15648446 -1.65739343
v 5.86052517 2.15648446 -1.65739343
v 5.86052517 2.15648446 -1.65739343
v 5.86052517 2.15648446 -1.67106522
v 5.86052517 2.15648446 -1.67106522
v 5.87419697 2.15648446 -1.67106522
v 5.87419697 2.15648446 -1.67106522
v 5.87419697 2.15648446 -1.65739343
v 5.87396056 2.16447579 -1.65762983
v 5.86076157 2.16447579 -1.65762983
v 5.86076157 2.16447579 -1.65762983
v 5.86076157 2.16447579 -1.67082882
v 5.86076157 2.16447579 -1.67082882
v 5.87396056 2.16447579 -1.67082882
v 5.87396056 2.16447579 -1.67082882
v 5.87396056 2.16447579 -1.65762983
v 5.87373022 2.17226251 -1.65786018
v 5.86099192 2.17226251 -1.65786018
v 5.86099192 2.17226251 -1.65786018
v 5.86099192 2.17226251 -1.67059848
v 5.86099192 2.17226251 -1.67059848
v 5.87373022 2.17226251 -1.67059848
v 5.87373022 2.17226251 -1.67059848
v 5.87373022 2.17226251 -1.65786018
v 5.87350537 2.17986306 -1.65808502
v 5.86121676 2.17986306 -1.65808502
v 5.86121676 2.17986306 -1.65808502
v 5.86121676 2.17986306 -1.67037364
v 5.86121676 2.17986306 -1.67037364
v 5.87350537 2.17986306 -1.67037364
v 5.87350537 2.17986306 -1.67037364
v 5.87350537 2.17986306 -1.65808502
v 5.87328558 2.18729309 -1.65830482
v 5.86143656 2.18729309 -1.65830482
v 5.86143656 2.18729309 -1.65830482
v 5.86143656 2.18729309 -1.67015384
v 5.86143656 2.18729309 -1.67015384
v 5.87328558 2.18729309 -1.67015384
v 5.87328558 2.18729309 -1.67015384
v 5.87328558 2.18729309 -1.65830482
v 5.87307042 2.19456617 -1.65851998
v 5.86165171 2.19456617 -1.65851998
v 5.86165171 2.19456617 -1.65851998
v 5.86165171 2.19456616 -1.66993869
v 5.86165171 2.19456616 -1.66993869
v 5.87307042 2.19456616 -1.66993869
v 5.87307042 2.19456616 -1.66993869
v 5.87307042 2.19456617 -1.65851998
v 5.87285956 2.20169411 -1.65873084
v 5.86186257 2.20169411 -1.65873084
v 5.86186257 2.20169411 -1.65873084
v 5.86186257 2.20169411 -1.66972783
v 5.86186257 2.20169411 -1.66972783
v 5.87285956 2.20169411 -1.66972783
v 5.87285956 2.20169411 -1.66972783
v 5.87285956 2.20169411 -1.65873084
v 5.87265269 2.20868716 -1.65893771
v 5.86206944 2.20868716 -1.65893771
v 5.86206944 2.20868716 -1.65893771
v 5.86206944 2.20868715 -1.66952096
v 5.86206944 2.20868715 -1.66952096
v 5.87265269 2.20868715 -1.66952096
v 5.87265269 2.20868715 -1.66952096
v 5.87265269 2.20868716 -1.65893771
v 5.87244954 2.21555446 -1.65914087
v 5.86227259 2.21555446 -1.65914087
v 5.86227259 2.21555446 -1.65914087
v 5.86227259 2.21555446 -1.66931782
v 5.86227259 2.21555446 -1.66931782
v 5.87244954 2.21555446 -1.66931782
v 5.87244954 2.21555446 -1.66931782
v 5.87244954 2.21555446 -1.65914087
v 5.87224987 2.22230412 -1.65934054
v 5.86247226 2.22230412 -1.65934054
v 5.86247226 2.22230412 -1.65934054
v 5.86247226 2.22230412 -1.66911815
v 5.86247226 2.22230412 -1.66911815
v 5.87224987 2.22230412 -1.66911815
v 5.87224987 2.22230412 -1.66911815
v 5.87224987 2.22230412 -1.65934054
v 5.87205347 2.22894339 -1.65953695
v 5.86266867 2.22894339 -1.65953695
v 5.86266867 2.22894339 -1.65953695
v 5.86266867 2.22894338 -1.66892175
v 5.86266867 2.22894338 -1.66892175
v 5.87205347 2.22894338 -1.66892175
v 5.87205347 2.22894338 -1.66892175
v 5.87205347 2.22894339 -1.65953695
v 5.87186014 2.2354787 -1.65973028
v 5.862862 2.2354787 -1.65973028
v 5.862862 2.2354787 -1.65973028
v 5.862862 2.2354787 -1.66872842
v 5.862862 2.2354787 -1.66872842
v 5.87186014 2.2354787 -1.66872842
v 5.87186014 2.2354787 -1.66872842
v 5.87186014 2.2354787 -1.65973028
v 5.87166971 2.24191596 -1.65992071
v 5.86305243 2.24191596 -1.65992071
v 5.86305243 2.24191596 -1.65992071
v 5.86305243 2.24191596 -1.66853799
v 5.86305243 2.24191596 -1.66853799
v 5.87166971 2.24191596 -1.66853799
v 5.87166971 2.24191596 -1.66853799
v 5.87166971 2.24191596 -1.65992071
v 5.87148202 2.2482605 -1.6601084
v 5.86324011 2.2482605 -1.6601084
v 5.86324011 2.2482605 -1.6601084
v 5.86324011 2.2482605 -1.66835031
v 5.86324011 2.2482605 -1.66835031
v 5.87148202 2.2482605 -1.66835031
v 5.87148202 2.2482605 -1.66835031
v 5.87148202 2.2482605 -1.6601084
v 5.87129694 2.25451708 -1.66029348
v 5.8634252 2.25451708 -1.66029348
v 5.8634252 2.25451708 -1.66029348
v 5.8634252 2.25451707 -1.66816523
v 5.8634252 2.25451707 -1.66816523
v 5.87129694 2.25451707 -1.66816523
v 5.87129694 2.25451707 -1.66816523
v 5.87129694 2.25451708 -1.66029348
v 5.87111433 2.26069018 -1.6604761
v 5.86360781 2.26069018 -1.6604761
v 5.86360781 2.26069018 -1.6604761
v 5.86360781 2.26069018 -1.66798261
v 5.86360781 2.26069018 -1.66798261
v 5.87111433 2.26069018 -1.66798261
v 5.87111433 2.26069018 -1.66798261
v 5.87111433 2.26069018 -1.6604761
v 5.87093406 2.2667838 -1.66065636
v 5.86378807 2.2667838 -1.66065636
v 5.86378807 2.2667838 -1.66065636
v 5.86378807 2.2667838 -1.66780235
v 5.86378807 2.2667838 -1.66780235
v 5.87093406 2.2667838 -1.66780235
v 5.87093406 2.2667838 -1.66780235
v 5.87093406 2.2667838 -1.66065636
v 5.86414198 2.28601197 -1.67091643
v 5.87058016 2.28601197 -1.67091643
v 5.87058016 2.28187141 -1.6693412
v 5.86414198 2.28187141 -1.6693412
v 5.87058016 2.28601197 -1.67091643
v 5.87058016 2.28716276 -1.66473684
v 5.87058016 2.28716276 -1.66473684
v 5.86414198 2.28716276 -1.66473684
v 5.86414198 2.28324267 -1.6629382
v 5.87058016 2.28324267 -1.6629382
v 5.86414198 2.28716276 -1.66473684
v 5.86414198 2.28601197 -1.67091643
v 5.86414198 2.28993204 -1.67271506
v 5.87058016 2.28993204 -1.67271506
v 5.87058016 2.28993204 -1.67271506
v 5.87058016 2.29108284 -1.66653547
v 5.87058016 2.29108284 -1.66653547
v 5.86414198 2.29108284 -1.66653547
v 5.86414198 2.29108284 -1.66653547
v 5.86414198 2.28993204 -1.67271506
v 5.86414198 2.29385214 -1.6745137
v 5.87058016 2.29385214 -1.6745137
v 5.87058016 2.29385214 -1.6745137
v 5.87058016 2.29500294 -1.66833411
v 5.87058016 2.29500294 -1.66833411
v 5.86414198 2.29500294 -1.66833411
v 5.86414198 2.29500294 -1.66833411
v 5.86414198 2.29385214 -1.6745137
v 5.86414198 2.29777224 -1.67631233
v 5.87058016 2.29777224 -1.67631233
v 5.87058016 2.29777224 -1.67631233
v 5.87058016 2.29892304 -1.67013274
v 5.87058016 2.29892304 -1.67013274
v 5.86414198 2.29892304 -1.67013274
v 5.86414198 2.29892304 -1.67013274
v 5.86414198 2.29777224 -1.67631233
v 5.86414198 2.30169232 -1.67811097
v 5.87058016 2.30169232 -1.67811097
v 5.87058016 2.30169232 -1.67811097
v 5.87058016 2.30284312 -1.67193138
v 5.87058016 2.30284312 -1.67193138
v 5.86414198 2.30284312 -1.67193138
v 5.86414198 2.30284312 -1.67193138
v 5.86414198 2.30169232 -1.67811097
v 5.86414198 2.3056124 -1.6799096
v 5.87058016 2.3056124 -1.6799096
v 5.87058016 2.3056124 -1.6799096
v 5.87058016 2.30676319 -1.67373001
v 5.87058016 2.30676319 -1.67373001
v 5.86414198 2.30676319 -1.67373001
v 5.86414198 2.30676319 -1.67373001
v 5.86414198 2.3056124 -1.6799096
v 5.86414198 2.30953252 -1.68170824
v 5.87058016 2.30953252 -1.68170824
v 5.87058016 2.30953252 -1.68170824
v 5.87058016 2.31068331 -1.67552865
v 5.87058016 2.31068331 -1.67552865
v 5.86414198 2.31068331 -1.67552865
v 5.86414198 2.31068331 -1.67552865
v 5.86414198 2.30953252 -1.68170824
v 5.86414198 2.31345262 -1.68350687
v 5.87058016 2.31345262 -1.68350687
v 5.87058016 2.31345262 -1.68350687
v 5.87058016 2.31460341 -1.67732728
v 5.87058016 2.31460341 -1.67732728
v 5.86414198 2.31460341 -1.67732728
v 5.86414198 2.31460341 -1.67732728
v 5.86414198 2.31345262 -1.68350687
v 5.86414198 2.31737271 -1.68530551
v 5.87058016 2.31737271 -1.68530551
v 5.87058016 2.31737271 -1.68530551
v 5.87058016 2.31852351 -1.67912592
v 5.87058016 2.31852351 -1.67912592
v 5.86414198 2.31852351 -1.67912592
v 5.86414198 2.31852351 -1.67912592
v 5.86414198 2.31737271 -1.68530551
v 5.86414198 2.32129279 -1.68710414
v 5.87058016 2.32129279 -1.68710414
v 5.87058016 2.32129279 -1.68710414
v 5.87058016 2.32244359 -1.68092455
v 5.87058016 2.32244359 -1.68092455
v 5.86414198 2.32244359 -1.68092455
v 5.86414198 2.32244359 -1.68092455
v 5.86414198 2.32129279 -1.68710414
v 5.86414198 2.32521287 -1.68890278
v 5.87058016 2.32521287 -1.68890278
v 5.87058016 2.32521287 -1.68890278
v 5.87058016 2.32636367 -1.68272319
v 5.87058016 2.32636367 -1.68272319
v 5.86414198 2.32636367 -1.68272319
v 5.86414198 2.32636367 -1.68272319
v 5.86414198 2.32521287 -1.68890278
v 5.86414198 2.32913299 -1.69070141
v 5.87058016 2.32913299 -1.69070141
v 5.87058016 2.32913299 -1.69070141
v 5.87058016 2.33028379 -1.68452182
v 5.87058016 2.33028379 -1.68452182
v 5.86414198 2.33028379 -1.68452182
v 5.86414198 2.33028379 -1.68452182
v 5.86414198 2.32913299 -1.69070141
v 5.86414198 2.33305307 -1.69250005
v 5.87058016 2.33305307 -1.69250005
v 5.87058016 2.33305307 -1.69250005
v 5.87058016 2.33420386 -1.68632046
v 5.87058016 2.33420386 -1.68632046
v 5.86414198 2.33420386 -1.68632046
v 5.86414198 2.33420386 -1.68632046
v 5.86414198 2.33305307 -1.69250005
v 5.86414198 2.33697319 -1.69429868
v 5.87058016 2.33697319 -1.69429868
v 5.87058016 2.33697319 -1.69429868
v 5.87058016 2.33812398 -1.68811909
v 5.87058016 2.33812398 -1.68811909
v 5.86414198 2.33812398 -1.68811909
v 5.86414198 2.33812398 -1.68811909
v 5.86414198 2.33697319 -1.69429868
v 5.86414198 2.34089326 -1.69609732
v 5.87058016 2.34089326 -1.69609732
v 5.87058016 2.34089326 -1.69609732
v 5.87058016 2.34204406 -1.68991773
v 5.87058016 2.34204406 -1.68991773
v 5.86414198 2.34204406 -1.68991773
v 5.86414198 2.34204406 -1.68991773
v 5.86414198 2.34089326 -1.69609732
v 5.86414198 2.34481334 -1.69789595
v 5.87058016 2.34481334 -1.69789595
v 5.87058016 2.34481334 -1.69789595
v 5.87058016 2.34596414 -1.69171636
v 5.87058016 2.34596414 -1.69171636
v 5.86414198 2.34596414 -1.69171636
v 5.86414198 2.34596414 -1.69171636
v 5.86414198 2.34481334 -1.69789595
v 5.86414198 2.34873346 -1.69969459
v 5.87058016 2.34873346 -1.69969459
v 5.87058016 2.34873346 -1.69969459
v 5.87058016 2.34988426 -1.693515
v 5.87058016 2.34988426 -1.693515
v 5.86414198 2.34988426 -1.693515
v 5.86414198 2.34988426 -1.693515
v 5.86414198 2.34873346 -1.69969459
v 5.86414198 2.35265354 -1.70149322
v 5.87058016 2.35265354 -1.70149322
v 5.87058016 2.35265354 -1.70149322
v 5.87058016 2.35380434 -1.69531363
v 5.87058016 2.35380434 -1.69531363
v 5.86414198 2.35380434 -1.69531363
v 5.86414198 2.35380434 -1.69531363
v 5.86414198 2.35265354 -1.70149322
v 5.86414198 2.27856484 -1.67710529
v 5.87058016 2.27856484 -1.67710529
v 5.87058016 2.27765769 -1.67103489
v 5.86414198 2.27765769 -1.67103489
v 5.87058016 2.27856484 -1.67710529
v 5.87058016 2.28255807 -1.67563499
v 5.87058016 2.28255807 -1.67563499
v 5.86414198 2.28255807 -1.67563499
v 5.86414198 2.28187141 -1.6693412
v 5.87058016 2.28187141 -1.6693412
v 5.86414198 2.28255807 -1.67563499
v 5.86414198 2.27856484 -1.67710529
v 5.86414198 2.279472 -1.68317568
v 5.87058016 2.279472 -1.68317568
v 5.87058016 2.279472 -1.68317568
v 5.87058016 2.28346523 -1.68170539
v 5.87058016 2.28346523 -1.68170539
v 5.86414198 2.28346523 -1.68170539
v 5.86414198 2.28346523 -1.68170539
v 5.86414198 2.279472 -1.68317568
v 5.86414198 2.28037914 -1.68924606
v 5.87058016 2.28037914 -1.68924606
v 5.87058016 2.28037914 -1.68924606
v 5.87058016 2.28437237 -1.68777578
v 5.87058016 2.28437237 -1.68777578
v 5.86414198 2.28437237 -1.68777578
v 5.86414198 2.28437237 -1.68777578
v 5.86414198 2.28037914 -1.68924606
v 5.86414198 2.28128629 -1.69531646
v 5.87058016 2.28128629 -1.69531646
v 5.87058016 2.28128629 -1.69531646
v 5.87058016 2.28527952 -1.69384616
v 5.87058016 2.28527952 -1.69384616
v 5.86414198 2.28527952 -1.69384616
v 5.86414198 2.28527952 -1.69384616
v 5.86414198 2.28128629 -1.69531646
v 5.86414198 2.28219345 -1.70138684
v 5.87058016 2.28219345 -1.70138684
v 5.87058016 2.28219345 -1.70138684
v 5.87058016 2.28618668 -1.69991655
v 5.87058016 2.28618668 -1.69991655
v 5.86414198 2.28618668 -1.69991655
v 5.86414198 2.28618668 -1.69991655
v 5.86414198 2.28219345 -1.70138684
v 5.86414198 2.28310057 -1.70745722
v 5.87058016 2.28310057 -1.70745722
v 5.87058016 2.28310057 -1.70745722
v 5.87058016 2.28709385 -1.70598696
v 5.87058016 2.28709385 -1.70598696
v 5.86414198 2.28709385 -1.70598696
v 5.86414198 2.28709385 -1.70598696
v 5.86414198 2.28310057 -1.70745722
v 5.86414198 2.28400771 -1.71352762
v 5.87058016 2.28400771 -1.71352762
v 5.87058016 2.28400771 -1.71352762
v 5.87058016 2.28800094 -1.71205734
v 5.87058016 2.28800094 -1.71205734
v 5.86414198 2.28800094 -1.71205734
v 5.86414198 2.28800094 -1.71205734
v 5.86414198 2.28400771 -1.71352762
v 5.86414198 2.28491488 -1.71959802
v 5.87058016 2.28491488 -1.71959802
v 5.87058016 2.28491488 -1.71959802
v 5.87058016 2.28890811 -1.71812771
v 5.87058016 2.28890811 -1.71812771
v 5.86414198 2.28890811 -1.71812771
v 5.86414198 2.28890811 -1.71812771
v 5.86414198 2.28491488 -1.71959802
v 5.86414198 2.28582204 -1.7256684
v 5.87058016 2.28582204 -1.7256684
v 5.87058016 2.28582204 -1.7256684
v 5.87058016 2.28981527 -1.72419812
v 5.87058016 2.28981527 -1.72419812
v 5.86414198 2.28981527 -1.72419812
v 5.86414198 2.28981527 -1.72419812
v 5.86414198 2.28582204 -1.7256684
v 5.86414198 2.28672916 -1.73173879
v 5.87058016 2.28672916 -1.73173879
v 5.87058016 2.28672916 -1.73173879
v 5.87058016 2.29072239 -1.73026851
v 5.87058016 2.29072239 -1.73026851
v 5.86414198 2.29072239 -1.73026851
v 5.86414198 2.29072239 -1.73026851
v 5.86414198 2.28672916 -1.73173879
v 5.86414198 2.28763633 -1.73780918
v 5.87058016 2.28763633 -1.73780918
v 5.87058016 2.28763633 -1.73780918
v 5.87058016 2.29162956 -1.73633889
v 5.87058016 2.29162956 -1.73633889
v 5.86414198 2.29162956 -1.73633889
v 5.86414198 2.29162956 -1.73633889
v 5.86414198 2.28763633 -1.73780918
v 5.86414198 2.28854347 -1.74387957
v 5.87058016 2.28854347 -1.74387957
v 5.87058016 2.28854347 -1.74387957
v 5.87058016 2.2925367 -1.74240928
v 5.87058016 2.2925367 -1.74240928
v 5.86414198 2.2925367 -1.74240928
v 5.86414198 2.2925367 -1.74240928
v 5.86414198 2.28854347 -1.74387957
v 5.86414198 2.28945063 -1.74994996
v 5.87058016 2.28945063 -1.74994996
v 5.87058016 2.28945063 -1.74994996
v 5.87058016 2.29344386 -1.74847967
v 5.87058016 2.29344386 -1.74847967
v 5.86414198 2.29344386 -1.74847967
v 5.86414198 2.29344386 -1.74847967
v 5.86414198 2.28945063 -1.74994996
v 5.86414198 2.29035778 -1.75602034
v 5.87058016 2.29035778 -1.75602034
v 5.87058016 2.29035778 -1.75602034
v 5.87058016 2.29435101 -1.75455007
v 5.87058016 2.29435101 -1.75455007
v 5.86414198 2.29435101 -1.75455007
v 5.86414198 2.29435101 -1.75455007
v 5.86414198 2.29035778 -1.75602034
v 5.86414198 2.29126492 -1.76209074
v 5.87058016 2.29126492 -1.76209074
v 5.87058016 2.29126492 -1.76209074
v 5.87058016 2.29525815 -1.76062046
v 5.87058016 2.29525815 -1.76062046
v 5.86414198 2.29525815 -1.76062046
v 5.86414198 2.29525815 -1.76062046
v 5.86414198 2.29126492 -1.76209074
v 5.86414198 2.29217206 -1.76816112
v 5.87058016 2.29217206 -1.76816112
v 5.87058016 2.29217206 -1.76816112
v 5.87058016 2.29616529 -1.76669085
v 5.87058016 2.29616529 -1.76669085
v 5.86414198 2.29616529 -1.76669085
v 5.86414198 2.29616529 -1.76669085
v 5.86414198 2.29217206 -1.76816112
v 5.86414198 2.2930792 -1.77423152
v 5.87058016 2.2930792 -1.77423152
v 5.87058016 2.2930792 -1.77423152
v 5.87058016 2.29707243 -1.77276123
v 5.87058016 2.29707243 -1.77276123
v 5.86414198 2.29707243 -1.77276123
v 5.86414198 2.29707243 -1.77276123
v 5.86414198 2.2930792 -1.77423152
v 5.86414198 2.29398637 -1.78030192
v 5.87058016 2.29398637 -1.78030192
v 5.87058016 2.29398637 -1.78030192
v 5.87058016 2.2979796 -1.77883162
v 5.87058016 2.2979796 -1.77883162
v 5.86414198 2.2979796 -1.77883162
v 5.86414198 2.2979796 -1.77883162
v 5.86414198 2.29398637 -1.78030192
v 5.86414198 2.29489351 -1.78637229
v 5.87058016 2.29489351 -1.78637229
v 5.87058016 2.29489351 -1.78637229
v 5.87058016 2.29888674 -1.78490202
v 5.87058016 2.29888674 -1.78490202
v 5.86414198 2.29888674 -1.78490202
v 5.86414198 2.29888674 -1.78490202
v 5.86414198 2.29489351 -1.78637229
v 5.86414198 2.29580065 -1.79244269
v 5.87058016 2.29580065 -1.79244269
v 5.87058016 2.29580065 -1.79244269
v 5.87058016 2.29979388 -1.7909724
v 5.87058016 2.29979388 -1.7909724
v 5.86414198 2.29979388 -1.7909724
v 5.86414198 2.29979388 -1.7909724
v 5.86414198 2.29580065 -1.79244269
v 5.86414198 2.29670782 -1.79851308
v 5.87058016 2.29670782 -1.79851308
v 5.87058016 2.29670782 -1.79851308
v 5.87058016 2.30070105 -1.7970428
v 5.87058016 2.30070105 -1.7970428
v 5.86414198 2.30070105 -1.7970428
v 5.86414198 2.30070105 -1.7970428
v 5.86414198 2.29670782 -1.79851308
v 5.86414198 2.29761494 -1.80458346
v 5.87058016 2.29761494 -1.80458346
v 5.87058016 2.29761494 -1.80458346
v 5.87058016 2.30160817 -1.80311319
v 5.87058016 2.30160817 -1.80311319
v 5.86414198 2.30160817 -1.80311319
v 5.86414198 2.30160817 -1.80311319
v 5.86414198 2.29761494 -1.80458346
v 5.86414198 2.2985221 -1.81065387
v 5.87058016 2.2985221 -1.81065387
v 5.87058016 2.2985221 -1.81065387
v 5.87058016 2.30251533 -1.80918356
v 5.87058016 2.30251533 -1.80918356
v 5.86414198 2.30251533 -1.80918356
v 5.86414198 2.30251533 -1.80918356
v 5.86414198 2.2985221 -1.81065387
v 5.92038699 2.26673509 -1.71390861
v 5.8160475 2.33320768 -1.71830933
v 5.83165484 2.27777193 -1.75831535
v 5.93858378 2.27289514 -1.85327753
v 5.959282 2.33328564 -1.86135244
v 5.93331446 2.32683166 -1.76861548
v 5.92012531 2.36125695 -1.86268516
v 5.82663408 2.34159262 -1.85064342
v 5.91478939 2.35254332 -1.76248812
v 5.77449185 2.33352023 -1.75811669
v 5.77722586 2.26819573 -1.86065402
v 5.82338967 2.32853007 -1.88270796
v 5.91031542 2.27315144 -1.88011239
v 5.81661709 2.24308588 -1.8606604
v 5.8160475 2.33320768 -1.71830933
v 5.82524036 2.34386862 -1.76780019
v 5.82704987 2.27483817 -1.8733258
v 5.81661709 2.24308588 -1.8606604
v 5.82704987 2.27483817 -1.8733258
v 5.91841292 2.33304373 -1.90086862
v 5.82338967 2.32853007 -1.88270796
v 5.93858378 2.27289514 -1.85327753
v 5.91924732 2.24121328 -1.75803016
v 5.93202906 2.27452428 -1.76911693
v 5.92012531 2.36125695 -1.86268516
v 5.91478939 2.35254332 -1.76248812
v 5.90217086 2.32269629 -1.76060175
v 5.82738244 2.26066591 -1.76994225
v 5.91924732 2.24121328 -1.75803016
v 5.82524036 2.34386862 -1.76780019
v 5.82738244 2.26066591 -1.76994225
v 5.92038699 2.31944545 -1.58835049
v 5.8160475 2.38591804 -1.59275122
v 5.83165484 2.33048229 -1.63275724
v 5.93858378 2.3256055 -1.72771942
v 5.959282 2.385996 -1.73579432
v 5.93331446 2.37954205 -1.64305736
v 5.92012531 2.41396733 -1.73712704
v 5.82663408 2.39430296 -1.72508531
v 5.91478939 2.40525368 -1.63693
v 5.77449185 2.38623061 -1.63255858
v 5.77722586 2.32090609 -1.73509591
v 5.82338967 2.38124041 -1.75714983
v 5.91031542 2.3258618 -1.75455428
v 5.81661709 2.29579624 -1.73510228
v 5.8160475 2.38591804 -1.59275122
v 5.82524036 2.39657896 -1.64224208
v 5.82704987 2.32754853 -1.74776769
v 5.81661709 2.29579624 -1.73510228
v 5.82704987 2.32754853 -1.74776769
v 5.91841292 2.38575411 -1.7753105
v 5.82338967 2.38124041 -1.75714983
v 5.93858378 2.3256055 -1.72771942
v 5.91924732 2.29392364 -1.63247205
v 5.93202906 2.32723464 -1.64355881
v 5.92012531 2.41396733 -1.73712704
v 5.91478939 2.40525368 -1.63693
v 5.90217086 2.37540665 -1.63504364
v 5.82738244 2.31337627 -1.64438413
v 5.91924732 2.29392364 -1.63247205
v 5.82524036 2.39657896 -1.64224208
v 5.82738244 2.31337627 -1.64438413
v 5.92038699 2.28060487 -1.32952129
v 5.8160475 2.34707746 -1.333922
v 5.83165484 2.29164172 -1.37392802
v 5.93858378 2.28676493 -1.4688902
v 5.959282 2.34715542 -1.47696511
v 5.93331446 2.34070145 -1.38422815
v 5.92012531 2.37512676 -1.47829783
v 5.82663408 2.3554624 -1.46625609
v 5.91478939 2.36641311 -1.37810079
v 5.77449185 2.34739001 -1.37372936
v 5.77722586 2.28206551 -1.4762667
v 5.82338967 2.34239986 -1.49832063
v 5.91031542 2.28702122 -1.49572506
v 5.81661709 2.25695567 -1.47627307
v 5.8160475 2.34707746 -1.333922
v 5.82524036 2.3577384 -1.38341286
v 5.82704987 2.28870795 -1.48893847
v 5.81661709 2.25695567 -1.47627307
v 5.82704987 2.28870795 -1.48893847
v 5.91841292 2.34691351 -1.51648129
v 5.82338967 2.34239986 -1.49832063
v 5.93858378 2.28676493 -1.4688902
v 5.91924732 2.25508307 -1.37364283
v 5.93202906 2.28839407 -1.3847296
v 5.92012531 2.37512676 -1.47829783
v 5.91478939 2.36641311 -1.37810079
v 5.90217086 2.33656607 -1.37621443
v 5.82738244 2.2745357 -1.38555491
v 5.91924732 2.25508307 -1.37364283
v 5.82524036 2.3577384 -1.38341286
v 5.82738244 2.2745357 -1.38555491
vn 0 -0.91078 -0.41289
vn -0.99941 -0.0335 0.0078
vn -0.99991 -0.0071 0.0116
vn 0.99941 -0.0335 0.0078
vn 0 -0.51922 0.85464
vn 0.99991 -0.0071 0.0116
vn 0 0.9128 -0.4084
vn -0.99943 0.0328 0.0084
vn 0.99943 0.0328 0.0084
vn -0.75351 -0.63851 -0.1566
vn -0.2467 -0.269 0.93101
vn -0.20161 0.95854 -0.20141
vn -0.99219 -0.0219 0.1228
vn 0.9663 -0.1589 -0.2025
vn 0.2549 -0.96651 -0.0297
vn 0.0197 0.0358 -0.99916
vn 0.59479 0.62009 0.51159
vn -1 0 0
vn 0 -0.2282 -0.97361
vn 0 0.97357 0.22839
vn 1 0 0
vn 0 0.2282 0.97361
vn 0 0.28061 0.95982
vn 0 -0.97361 0.2282
vn 0 0 -1
vn -0.99994 0.0019 0.0112
vn -0.99993 0.0018 0.0113
vn 0.99994 0.0019 0.0112
vn 0.99993 0.0017 0.0113
vn 0.99993 0.0018 0.0113
vn 0 -0.99982 0.0188
vn -0.99982 0 0.0188
vn 0 0.99982 0.0188
vn 0.99982 0 0.0188
vn 0 0.97188 -0.23549
vn 0 -0.95982 0.28061
vn 0 0.95982 -0.28061
vn 0 0.22839 -0.97357
vn 0 -0.16879 0.98565
vn 0 -0.22839 0.97357
vn 0 -0.2283 0.97359
vn -0.0049 -0.9993 0.0372
vn -0.005 -0.9993 0.0372
vn -0.0049 -0.99929 0.0373
vn 0.97797 -0.17489 -0.114
vn 0.97795 -0.17489 -0.11409
vn -0.2344 -0.0449 0.9711
vn -0.2344 -0.045 0.9711
vn -0.23431 -0.045 0.97112
vn -0.99823 0.0532 0.0266
vn -0.99823 0.0531 0.0266
vn -0.1327 0.97781 -0.1621
vn -0.1328 0.97781 -0.162
vn -0.76551 -0.35321 -0.53781
vn -0.76555 -0.35318 -0.53777
vn -0.64813 -0.63203 -0.42482
vn -0.68199 0.29259 0.67029
vn -0.68201 0.2925 0.67031
vn -0.74789 0.62679 0.2186
vn -0.74792 0.62672 0.21871
vn 0.2295 0.65071 -0.72381
vn 0.22949 0.65077 -0.72376
vn -0.24879 0.64708 0.72068
vn -0.2487 0.6471 0.7207
vn 0.67681 0.70531 -0.2109
vn 0.65003 0.24381 -0.71973
vn 0.64998 0.24379 -0.71978
vn 0.65001 0.24391 -0.71972
vn 0.81386 -0.19939 0.54578
vn 0.81391 -0.1994 0.5457
vn 0.81383 -0.19941 0.54582
vn 0.77033 -0.59172 0.23761
vn 0.77037 -0.59168 0.23759
vn 0.77039 -0.59169 0.2375
vn -0.37858 -0.72596 -0.57417
vn -0.37852 -0.72594 -0.57423
vn -0.3786 -0.72591 -0.57421
vn 0.1768 -0.79431 0.58121
vn 0.17671 -0.79433 0.58122
vn 0.1079 0.1361 -0.9848
vn 0.67679 0.70529 -0.211
vn 0.22941 0.65073 -0.72383
vt 0.15751 0.47545
vt 0.15773 0.47545
vt 0.15773 0.4752
vt 0.15751 0.4752
vt 0.15819 0.47499
vt 0.15826 0.47545
vt 0.15815 0.4752
vt 0.15833 0.47491
vt 0.15773 0.47541
vt 0.15773 0.47527
vt 0.15751 0.47527
vt 0.15751 0.47541
vt 0.15751 0.4752
vt 0.15773 0.4752
vt 0.15854 0.47498
vt 0.15859 0.4752
vt 0.15848 0.47545
vt 0.7194 0.04942
vt 0.72084 0.05271
vt 0.7188 0.0528
vt 0.72093 0.04597
vt 0.71979 0.05204
vt 0.72605 0.05085
vt 0.72086 0.04603
vt 0.72571 0.05087
vt 0.71957 0.05215
vt 0.70946 0.06501
vt 0.70551 0.06249
vt 0.71042 0.06113
vt 0.72087 0.04567
vt 0.71951 0.05209
vt 0.72631 0.05059
vt 0.70876 0.06712
vt 0.71031 0.06137
vt 0.70648 0.06216
vt 0.71055 0.06125
vt 0.70931 0.06582
vt 0.70583 0.06253
vt 0.7081 0.0688
vt 0.70328 0.06341
vt 0.70831 0.06336
vt 0.28255 0.59813
vt 0.28398 0.60142
vt 0.28194 0.6015
vt 0.28407 0.59467
vt 0.28293 0.60075
vt 0.28919 0.59956
vt 0.284 0.59474
vt 0.28885 0.59958
vt 0.28271 0.60086
vt 0.2726 0.61371
vt 0.26865 0.6112
vt 0.27356 0.60984
vt 0.28401 0.59438
vt 0.28265 0.6008
vt 0.28945 0.5993
vt 0.2719 0.61582
vt 0.27346 0.61007
vt 0.26962 0.61087
vt 0.27369 0.60996
vt 0.27245 0.61453
vt 0.26897 0.61124
vt 0.27124 0.6175
vt 0.26642 0.61211
vt 0.27145 0.61207
vt 0.27475 0.48682
vt 0.27549 0.48854
vt 0.27443 0.48858
vt 0.27554 0.48503
vt 0.27495 0.48818
vt 0.2782 0.48757
vt 0.2755 0.48506
vt 0.27803 0.48758
vt 0.27483 0.48824
vt 0.26958 0.49493
vt 0.26752 0.49362
vt 0.27008 0.49292
vt 0.27551 0.48487
vt 0.2748 0.48821
vt 0.27834 0.48743
vt 0.26921 0.49603
vt 0.27002 0.49304
vt 0.26802 0.49345
vt 0.27014 0.49297
vt 0.2695 0.49535
vt 0.26769 0.49364
vt 0.26887 0.4969
vt 0.26636 0.4941
vt 0.26898 0.49407
vt 0.15774 0.4751
vt 0.15779 0.4749
vt 0.15799 0.47494
vt 0.15795 0.47515
vt 0.15773 0.47585
vt 0.15751 0.47585
vt 0.15751 0.47565
vt 0.15773 0.47565
vt 0.15751 0.47392
vt 0.15773 0.47392
vt 0.15773 0.47413
vt 0.15751 0.47413
vt 0.15751 0.47561
vt 0.15773 0.47561
vt 0.15751 0.47421
vt 0.15773 0.47421
vt 0.15773 0.47401
vt 0.15751 0.47401
vt 0.15751 0.47545
vt 0.15773 0.47545
vt 0.15773 0.47321
vt 0.15751 0.47321
vt 0.15751 0.47341
vt 0.15773 0.47341
vt 0.158 0.47561
vt 0.15723 0.47561
vt 0.15723 0.47485
vt 0.158 0.47485
vt 0.15751 0.47581
vt 0.15773 0.47581
vt 0.15773 0.47605
vt 0.15751 0.47605
vt 0.15754 0.47506
vt 0.15759 0.47485
vt 0.15751 0.47601
vt 0.15773 0.47601
vt 0.15773 0.47625
vt 0.15751 0.47625
vt 0.15734 0.47501
vt 0.15739 0.4748
vt 0.15751 0.47621
vt 0.15773 0.47621
vt 0.15773 0.47645
vt 0.15751 0.47645
vt 0.15714 0.47496
vt 0.15719 0.47476
vt 0.15751 0.47641
vt 0.15773 0.47641
vt 0.15773 0.47665
vt 0.15751 0.47665
vt 0.15694 0.47492
vt 0.15699 0.47471
vt 0.15751 0.47661
vt 0.15773 0.47661
vt 0.15773 0.47685
vt 0.15751 0.47685
vt 0.15674 0.47487
vt 0.15679 0.47466
vt 0.15751 0.47681
vt 0.15773 0.47681
vt 0.15773 0.47705
vt 0.15751 0.47705
vt 0.15654 0.47482
vt 0.15659 0.47462
vt 0.15751 0.47701
vt 0.15773 0.47701
vt 0.15773 0.47725
vt 0.15751 0.47725
vt 0.15634 0.47477
vt 0.15639 0.47457
vt 0.15751 0.47721
vt 0.15773 0.47721
vt 0.15773 0.47745
vt 0.15751 0.47745
vt 0.15614 0.47473
vt 0.15619 0.47452
vt 0.15751 0.47741
vt 0.15773 0.47741
vt 0.15773 0.47765
vt 0.15751 0.47765
vt 0.15594 0.47468
vt 0.15599 0.47448
vt 0.15751 0.47761
vt 0.15773 0.47761
vt 0.15773 0.47785
vt 0.15751 0.47785
vt 0.15574 0.47463
vt 0.15578 0.47443
vt 0.15751 0.47781
vt 0.15773 0.47781
vt 0.15773 0.47805
vt 0.15751 0.47805
vt 0.15554 0.47459
vt 0.15558 0.47438
vt 0.15751 0.47801
vt 0.15773 0.47801
vt 0.15773 0.47825
vt 0.15751 0.47825
vt 0.15533 0.47454
vt 0.15538 0.47434
vt 0.15751 0.47821
vt 0.15773 0.47821
vt 0.15773 0.47845
vt 0.15751 0.47845
vt 0.15513 0.47449
vt 0.15518 0.47429
vt 0.15751 0.47841
vt 0.15773 0.47841
vt 0.15773 0.47865
vt 0.15751 0.47865
vt 0.15493 0.47445
vt 0.15498 0.47424
vt 0.15751 0.47861
vt 0.15773 0.47861
vt 0.15773 0.47885
vt 0.15751 0.47885
vt 0.15473 0.4744
vt 0.15478 0.47419
vt 0.15751 0.47881
vt 0.15773 0.47881
vt 0.15773 0.47905
vt 0.15751 0.47905
vt 0.15453 0.47435
vt 0.15458 0.47415
vt 0.15751 0.47901
vt 0.15773 0.47901
vt 0.15773 0.47925
vt 0.15751 0.47925
vt 0.15433 0.47431
vt 0.15438 0.4741
vt 0.15751 0.47921
vt 0.15773 0.47921
vt 0.15773 0.47945
vt 0.15751 0.47945
vt 0.15413 0.47426
vt 0.15418 0.47405
vt 0.15751 0.47941
vt 0.15773 0.47941
vt 0.15773 0.47965
vt 0.15751 0.47965
vt 0.15393 0.47421
vt 0.15398 0.47401
vt 0.15751 0.47961
vt 0.15773 0.47961
vt 0.15773 0.47985
vt 0.15751 0.47985
vt 0.15373 0.47416
vt 0.15378 0.47396
vt 0.15751 0.47981
vt 0.15773 0.47981
vt 0.15773 0.48005
vt 0.15751 0.48005
vt 0.15353 0.47412
vt 0.15357 0.47391
vt 0.15751 0.48001
vt 0.15773 0.48001
vt 0.15773 0.48025
vt 0.15751 0.48025
vt 0.15333 0.47407
vt 0.15337 0.47387
vt 0.15751 0.48021
vt 0.15773 0.48021
vt 0.15773 0.48045
vt 0.15751 0.48045
vt 0.15312 0.47402
vt 0.15317 0.47382
vt 0.15751 0.48041
vt 0.15773 0.48041
vt 0.15773 0.48065
vt 0.15751 0.48065
vt 0.15292 0.47398
vt 0.15297 0.47377
vt 0.15751 0.48061
vt 0.15773 0.48061
vt 0.15773 0.48085
vt 0.15751 0.48085
vt 0.15272 0.47393
vt 0.15277 0.47373
vt 0.15751 0.48081
vt 0.15773 0.48081
vt 0.15773 0.48106
vt 0.15751 0.48106
vt 0.15252 0.47388
vt 0.15257 0.47368
vt 0.15751 0.48101
vt 0.15773 0.48101
vt 0.15773 0.48125
vt 0.15751 0.48125
vt 0.15232 0.47384
vt 0.15237 0.47363
vt 0.15751 0.48121
vt 0.15773 0.48121
vt 0.15773 0.48146
vt 0.15751 0.48146
vt 0.15212 0.47379
vt 0.15217 0.47359
vt 0.15751 0.48141
vt 0.15773 0.48141
vt 0.15773 0.48166
vt 0.15751 0.48166
vt 0.15192 0.47374
vt 0.15197 0.47354
vt 0.15751 0.48161
vt 0.15773 0.48161
vt 0.15773 0.48186
vt 0.15751 0.48186
vt 0.15172 0.4737
vt 0.15177 0.47349
vt 0.15751 0.48181
vt 0.15773 0.48181
vt 0.15773 0.48206
vt 0.15751 0.48206
vt 0.15152 0.47365
vt 0.15157 0.47344
vt 0.15751 0.48201
vt 0.15773 0.48201
vt 0.15773 0.48226
vt 0.15751 0.48226
vt 0.15132 0.4736
vt 0.15137 0.4734
vt 0.15751 0.48221
vt 0.15773 0.48221
vt 0.15773 0.48246
vt 0.15751 0.48246
vt 0.15112 0.47356
vt 0.15116 0.47335
vt 0.15751 0.48241
vt 0.15773 0.48241
vt 0.15773 0.48266
vt 0.15751 0.48266
vt 0.15092 0.47351
vt 0.15096 0.4733
vt 0.15751 0.48261
vt 0.15773 0.48261
vt 0.15773 0.48286
vt 0.15751 0.48286
vt 0.15071 0.47346
vt 0.15076 0.47326
vt 0.15751 0.48281
vt 0.15773 0.48281
vt 0.15773 0.48306
vt 0.15751 0.48306
vt 0.15051 0.47341
vt 0.15056 0.47321
vt 0.15751 0.48301
vt 0.15773 0.48301
vt 0.15797 0.48824
vt 0.15727 0.48824
vt 0.15723 0.48989
vt 0.158 0.48989
vt 0.15802 0.48824
vt 0.15873 0.48824
vt 0.15876 0.48989
vt 0.15799 0.48989
vt 0.15796 0.48732
vt 0.15728 0.48732
vt 0.15804 0.48732
vt 0.15871 0.48732
vt 0.15794 0.48656
vt 0.1573 0.48656
vt 0.15805 0.48656
vt 0.15869 0.48656
vt 0.15793 0.48589
vt 0.15731 0.48589
vt 0.15806 0.48589
vt 0.15868 0.48589
vt 0.15792 0.48528
vt 0.15732 0.48528
vt 0.15807 0.48528
vt 0.15867 0.48528
vt 0.15791 0.48471
vt 0.15733 0.48471
vt 0.15808 0.48471
vt 0.15866 0.48471
vt 0.1579 0.48418
vt 0.15734 0.48418
vt 0.15809 0.48418
vt 0.15865 0.48418
vt 0.15789 0.48367
vt 0.15735 0.48367
vt 0.1581 0.48367
vt 0.15864 0.48367
vt 0.15788 0.48318
vt 0.15736 0.48318
vt 0.15811 0.48318
vt 0.15863 0.48318
vt 0.15787 0.48272
vt 0.15737 0.48272
vt 0.15812 0.48272
vt 0.15862 0.48272
vt 0.15786 0.48227
vt 0.15738 0.48227
vt 0.15813 0.48227
vt 0.15861 0.48227
vt 0.15785 0.48184
vt 0.15739 0.48184
vt 0.15814 0.48184
vt 0.1586 0.48184
vt 0.15784 0.48141
vt 0.1574 0.48141
vt 0.15815 0.48141
vt 0.1586 0.48141
vt 0.15784 0.481
vt 0.1574 0.481
vt 0.15815 0.481
vt 0.15859 0.481
vt 0.15783 0.4806
vt 0.15741 0.4806
vt 0.15816 0.4806
vt 0.15858 0.4806
vt 0.15782 0.48021
vt 0.15742 0.48021
vt 0.15817 0.48021
vt 0.15857 0.48021
vt 0.15781 0.47983
vt 0.15743 0.47983
vt 0.15818 0.47983
vt 0.15857 0.47983
vt 0.15781 0.47946
vt 0.15743 0.47946
vt 0.15818 0.47946
vt 0.15856 0.47946
vt 0.1578 0.47909
vt 0.15744 0.47909
vt 0.15819 0.47909
vt 0.15855 0.47909
vt 0.15779 0.47874
vt 0.15745 0.47874
vt 0.1582 0.47874
vt 0.15855 0.47874
vt 0.15779 0.47838
vt 0.15745 0.47838
vt 0.1582 0.47838
vt 0.15854 0.47838
vt 0.15778 0.47804
vt 0.15746 0.47804
vt 0.15821 0.47804
vt 0.15853 0.47804
vt 0.15777 0.4777
vt 0.15747 0.4777
vt 0.15822 0.4777
vt 0.15853 0.4777
vt 0.15777 0.47736
vt 0.15747 0.47736
vt 0.15822 0.47736
vt 0.15852 0.47736
vt 0.15776 0.47703
vt 0.15748 0.47703
vt 0.15823 0.47703
vt 0.15851 0.47703
vt 0.15775 0.47671
vt 0.15748 0.47671
vt 0.15824 0.47671
vt 0.15851 0.47671
vt 0.15775 0.47638
vt 0.15749 0.47638
vt 0.15824 0.47638
vt 0.1585 0.47638
vt 0.15774 0.47607
vt 0.1575 0.47607
vt 0.15825 0.47607
vt 0.15849 0.47607
vt 0.15774 0.47575
vt 0.1575 0.47575
vt 0.15825 0.47575
vt 0.15849 0.47575
vt 0.15751 0.47477
vt 0.15773 0.47477
vt 0.15773 0.47498
vt 0.15751 0.47498
vt 0.15859 0.47477
vt 0.15839 0.47471
vt 0.15773 0.47471
vt 0.15751 0.47471
vt 0.15751 0.47491
vt 0.15773 0.47491
vt 0.15751 0.47457
vt 0.15773 0.47457
vt 0.15865 0.47457
vt 0.15845 0.47451
vt 0.15773 0.47451
vt 0.15751 0.47451
vt 0.15751 0.47437
vt 0.15773 0.47437
vt 0.15871 0.47437
vt 0.15851 0.47431
vt 0.15773 0.47431
vt 0.15751 0.47431
vt 0.15751 0.47416
vt 0.15773 0.47416
vt 0.15877 0.47416
vt 0.15857 0.47411
vt 0.15773 0.47411
vt 0.15751 0.47411
vt 0.15751 0.47396
vt 0.15773 0.47396
vt 0.15883 0.47396
vt 0.15862 0.4739
vt 0.15773 0.4739
vt 0.15751 0.4739
vt 0.15751 0.47376
vt 0.15773 0.47376
vt 0.15889 0.47376
vt 0.15868 0.4737
vt 0.15773 0.4737
vt 0.15751 0.4737
vt 0.15751 0.47356
vt 0.15773 0.47356
vt 0.15895 0.47356
vt 0.15874 0.4735
vt 0.15773 0.4735
vt 0.15751 0.4735
vt 0.15751 0.47336
vt 0.15773 0.47336
vt 0.159 0.47336
vt 0.1588 0.4733
vt 0.15773 0.4733
vt 0.15751 0.4733
vt 0.15751 0.47316
vt 0.15773 0.47316
vt 0.15906 0.47316
vt 0.15886 0.4731
vt 0.15773 0.4731
vt 0.15751 0.4731
vt 0.15751 0.47296
vt 0.15773 0.47296
vt 0.15912 0.47296
vt 0.15892 0.4729
vt 0.15773 0.4729
vt 0.15751 0.4729
vt 0.15751 0.47276
vt 0.15773 0.47276
vt 0.15918 0.47276
vt 0.15898 0.4727
vt 0.15773 0.4727
vt 0.15751 0.4727
vt 0.15751 0.47256
vt 0.15773 0.47256
vt 0.15924 0.47256
vt 0.15904 0.4725
vt 0.15773 0.4725
vt 0.15751 0.4725
vt 0.15751 0.47235
vt 0.15773 0.47235
vt 0.1593 0.47235
vt 0.1591 0.4723
vt 0.15773 0.4723
vt 0.15751 0.4723
vt 0.15751 0.47215
vt 0.15773 0.47215
vt 0.15936 0.47215
vt 0.15916 0.47209
vt 0.15773 0.47209
vt 0.15751 0.47209
vt 0.15751 0.47195
vt 0.15773 0.47195
vt 0.15942 0.47195
vt 0.15921 0.47189
vt 0.15773 0.47189
vt 0.15751 0.47189
vt 0.15751 0.47175
vt 0.15773 0.47175
vt 0.15948 0.47175
vt 0.15927 0.47169
vt 0.15773 0.47169
vt 0.15751 0.47169
vt 0.15751 0.47155
vt 0.15773 0.47155
vt 0.15954 0.47155
vt 0.15933 0.47149
vt 0.15773 0.47149
vt 0.15751 0.47149
vt 0.15751 0.47135
vt 0.15773 0.47135
vt 0.15959 0.47135
vt 0.15939 0.47129
vt 0.15773 0.47129
vt 0.15751 0.47129
vt 0.15751 0.47481
vt 0.15773 0.47481
vt 0.15773 0.47501
vt 0.15751 0.47501
vt 0.15879 0.47515
vt 0.15875 0.47495
vt 0.15773 0.47486
vt 0.15751 0.47486
vt 0.15751 0.47506
vt 0.15773 0.47506
vt 0.15751 0.47461
vt 0.15773 0.47461
vt 0.15899 0.4751
vt 0.15895 0.4749
vt 0.15773 0.47466
vt 0.15751 0.47466
vt 0.15751 0.47441
vt 0.15773 0.47441
vt 0.15919 0.47506
vt 0.15914 0.47485
vt 0.15773 0.47446
vt 0.15751 0.47446
vt 0.15751 0.47421
vt 0.15773 0.47421
vt 0.15939 0.47501
vt 0.15934 0.47481
vt 0.15773 0.47426
vt 0.15751 0.47426
vt 0.15751 0.47401
vt 0.15773 0.47401
vt 0.15959 0.47496
vt 0.15954 0.47476
vt 0.15773 0.47406
vt 0.15751 0.47406
vt 0.15751 0.47382
vt 0.15773 0.47382
vt 0.15979 0.47492
vt 0.15974 0.47471
vt 0.15773 0.47386
vt 0.15751 0.47386
vt 0.15751 0.47362
vt 0.15773 0.47362
vt 0.15999 0.47487
vt 0.15994 0.47467
vt 0.15773 0.47367
vt 0.15751 0.47367
vt 0.15751 0.47342
vt 0.15773 0.47342
vt 0.16019 0.47482
vt 0.16014 0.47462
vt 0.15773 0.47347
vt 0.15751 0.47347
vt 0.15751 0.47322
vt 0.15773 0.47322
vt 0.16039 0.47478
vt 0.16034 0.47457
vt 0.15773 0.47327
vt 0.15751 0.47327
vt 0.15751 0.47302
vt 0.15773 0.47302
vt 0.16059 0.47473
vt 0.16054 0.47453
vt 0.15773 0.47307
vt 0.15751 0.47307
vt 0.15751 0.47282
vt 0.15773 0.47282
vt 0.16079 0.47468
vt 0.16074 0.47448
vt 0.15773 0.47287
vt 0.15751 0.47287
vt 0.15751 0.47263
vt 0.15773 0.47263
vt 0.16099 0.47464
vt 0.16094 0.47443
vt 0.15773 0.47267
vt 0.15751 0.47267
vt 0.15751 0.47243
vt 0.15773 0.47243
vt 0.16118 0.47459
vt 0.16114 0.47439
vt 0.15773 0.47248
vt 0.15751 0.47248
vt 0.15751 0.47223
vt 0.15773 0.47223
vt 0.16138 0.47455
vt 0.16134 0.47434
vt 0.15773 0.47228
vt 0.15751 0.47228
vt 0.15751 0.47203
vt 0.15773 0.47203
vt 0.16158 0.4745
vt 0.16154 0.47429
vt 0.15773 0.47208
vt 0.15751 0.47208
vt 0.15751 0.47183
vt 0.15773 0.47183
vt 0.16178 0.47445
vt 0.16173 0.47425
vt 0.15773 0.47188
vt 0.15751 0.47188
vt 0.15751 0.47163
vt 0.15773 0.47163
vt 0.16198 0.47441
vt 0.16193 0.4742
vt 0.15773 0.47168
vt 0.15751 0.47168
vt 0.15751 0.47144
vt 0.15773 0.47144
vt 0.16218 0.47436
vt 0.16213 0.47415
vt 0.15773 0.47148
vt 0.15751 0.47148
vt 0.15751 0.47124
vt 0.15773 0.47124
vt 0.16238 0.47431
vt 0.16233 0.47411
vt 0.15773 0.47129
vt 0.15751 0.47129
vt 0.15751 0.47104
vt 0.15773 0.47104
vt 0.16258 0.47427
vt 0.16253 0.47406
vt 0.15773 0.47109
vt 0.15751 0.47109
vt 0.15751 0.47084
vt 0.15773 0.47084
vt 0.16278 0.47422
vt 0.16273 0.47401
vt 0.15773 0.47089
vt 0.15751 0.47089
vt 0.15751 0.47064
vt 0.15773 0.47064
vt 0.16298 0.47417
vt 0.16293 0.47397
vt 0.15773 0.47069
vt 0.15751 0.47069
vt 0.15751 0.47044
vt 0.15773 0.47044
vt 0.16318 0.47413
vt 0.16313 0.47392
vt 0.15773 0.47049
vt 0.15751 0.47049
vt 0.70807 0.05059
vt 0.72093 0.06339
vt 0.719 0.05271
vt 0.70914 0.05178
vt 0.70814 0.06341
vt 0.71957 0.06216
vt 0.7081 0.06368
vt 0.71962 0.0622
vt 0.70876 0.05139
vt 0.72086 0.06345
vt 0.70823 0.05087
vt 0.72002 0.06249
vt 0.70931 0.05182
vt 0.70823 0.04603
vt 0.72577 0.06339
vt 0.71967 0.06545
vt 0.70667 0.05215
vt 0.72086 0.06343
vt 0.71957 0.06499
vt 0.70831 0.06837
vt 0.72002 0.06614
vt 0.70583 0.05178
vt 0.70821 0.05084
vt 0.70664 0.0522
vt 0.70798 0.0688
vt 0.72032 0.06712
vt 0.72056 0.06137
vt 0.71953 0.04942
vt 0.70821 0.04567
vt 0.71979 0.06545
vt 0.71953 0.0523
vt 0.27121 0.5993
vt 0.28407 0.6121
vt 0.28214 0.60142
vt 0.27228 0.60048
vt 0.27128 0.61211
vt 0.28271 0.61087
vt 0.27124 0.61239
vt 0.28276 0.61091
vt 0.2719 0.60009
vt 0.284 0.61216
vt 0.27137 0.59958
vt 0.28316 0.6112
vt 0.27245 0.60053
vt 0.27137 0.59474
vt 0.28891 0.6121
vt 0.28281 0.61415
vt 0.26981 0.60086
vt 0.284 0.61214
vt 0.28271 0.6137
vt 0.27145 0.61708
vt 0.28316 0.61485
vt 0.26897 0.60048
vt 0.27135 0.59955
vt 0.26978 0.60091
vt 0.27112 0.6175
vt 0.28346 0.61582
vt 0.2837 0.61007
vt 0.28267 0.59813
vt 0.27135 0.59438
vt 0.28293 0.61415
vt 0.28267 0.60101
vt 0.26885 0.48743
vt 0.27554 0.49409
vt 0.27454 0.48854
vt 0.26941 0.48805
vt 0.26889 0.4941
vt 0.27483 0.49345
vt 0.26887 0.49424
vt 0.27486 0.49347
vt 0.26921 0.48785
vt 0.27551 0.49412
vt 0.26893 0.48758
vt 0.27507 0.49362
vt 0.2695 0.48807
vt 0.26893 0.48506
vt 0.27806 0.49409
vt 0.27488 0.49516
vt 0.26812 0.48824
vt 0.2755 0.49411
vt 0.27483 0.49492
vt 0.26898 0.49668
vt 0.27507 0.49552
vt 0.26769 0.48805
vt 0.26893 0.48756
vt 0.26811 0.48827
vt 0.2688 0.4969
vt 0.27523 0.49603
vt 0.27535 0.49304
vt 0.27481 0.48682
vt 0.26893 0.48487
vt 0.27495 0.49516
vt 0.27481 0.48832
usemtl mat0
f 2149/1527/1408 2150/1528/1408 2151/1529/1408
f 2149/1527/1408 2151/1529/1408 2152/1530/1408
f 2153/1531/1409 2154/1532/1409 2155/1533/1409
f 2153/1531/1410 2156/1534/1410 2154/1532/1410
f 2157/1532/1411 2158/1531/1411 2159/1533/1411
f 2160/1535/1412 2161/1536/1412 2162/1537/1412
f 2160/1535/1412 2162/1537/1412 2163/1538/1412
f 2164/1534/1413 2158/1531/1413 2157/1532/1413
f 2165/1539/1414 2166/1540/1414 2167/1528/1414
f 2165/1539/1414 2167/1528/1414 2168/1527/1414
f 2169/1541/1415 2170/1542/1415 2171/1543/1415
f 2172/1542/1416 2173/1541/1416 2174/1543/1416
f 2175/1544/1417 2176/1545/1417 2177/1546/1417
f 2178/1547/1418 2179/1548/1418 2180/1549/1418
f 2181/1550/1419 2182/1551/1419 2183/1552/1419
f 2184/1553/1420 2185/1554/1420 2186/1555/1420
f 2187/1556/1421 2188/1557/1421 2189/1558/1421
f 2190/1559/1422 2191/1560/1422 2192/1561/1422
f 2193/1562/1423 2194/1563/1423 2195/1564/1423
f 2196/1565/1424 2197/1566/1424 2198/1567/1424
f 2199/1568/1417 2200/1569/1417 2201/1570/1417
f 2202/1571/1418 2203/1572/1418 2204/1573/1418
f 2205/1574/1419 2206/1575/1419 2207/1576/1419
f 2208/1577/1420 2209/1578/1420 2210/1579/1420
f 2211/1580/1421 2212/1581/1421 2213/1582/1421
f 2214/1583/1422 2215/1584/1422 2216/1585/1422
f 2217/1586/1423 2218/1587/1423 2219/1588/1423
f 2220/1589/1424 2221/1590/1424 2222/1591/1424
f 2223/1592/1417 2224/1593/1417 2225/1594/1417
f 2226/1595/1418 2227/1596/1418 2228/1597/1418
f 2229/1598/1419 2230/1599/1419 2231/1600/1419
f 2232/1601/1420 2233/1602/1420 2234/1603/1420
f 2235/1604/1421 2236/1605/1421 2237/1606/1421
f 2238/1607/1422 2239/1608/1422 2240/1609/1422
f 2241/1610/1423 2242/1611/1423 2243/1612/1423
f 2244/1613/1424 2245/1614/1424 2246/1615/1424
f 2247/1616/1425 2248/1617/1425 2249/1618/1425
f 2247/1616/1425 2249/1618/1425 2250/1619/1425
f 2251/1620/1426 2252/1621/1426 2253/1622/1426
f 2251/1620/1426 2253/1622/1426 2254/1623/1426
f 2255/1624/1427 2256/1625/1427 2257/1626/1427
f 2255/1624/1427 2257/1626/1427 2258/1627/1427
f 2259/1618/1428 2260/1619/1428 2159/1533/1428
f 2259/1618/1428 2159/1533/1428 2158/1531/1428
f 2261/1628/1429 2262/1629/1429 2160/1535/1429
f 2261/1628/1429 2160/1535/1429 2163/1538/1429
f 2263/1630/1430 2264/1631/1430 2265/1632/1430
f 2263/1630/1430 2265/1632/1430 2266/1633/1430
f 2250/1619/1425 2249/1618/1425 2153/1531/1425
f 2250/1619/1425 2153/1531/1425 2155/1533/1425
f 2254/1623/1426 2253/1622/1426 2267/1634/1426
f 2254/1623/1426 2267/1634/1426 2268/1635/1426
f 2269/1636/1431 2270/1637/1431 2271/1638/1431
f 2269/1636/1431 2271/1638/1431 2272/1639/1431
f 2273/1640/1432 2274/1641/1432 2275/1642/1432
f 2273/1640/1432 2275/1642/1432 2276/1643/1432
f 2169/1541/1433 2171/1543/1434 2154/1532/1434
f 2169/1541/1433 2154/1532/1434 2156/1534/1433
f 2173/1541/1435 2164/1534/1435 2157/1532/1436
f 2173/1541/1435 2157/1532/1436 2174/1543/1437
f 2277/1644/1429 2278/1645/1429 2262/1629/1429
f 2277/1644/1429 2262/1629/1429 2261/1628/1429
f 2279/1617/1428 2280/1616/1428 2260/1619/1428
f 2279/1617/1428 2260/1619/1428 2259/1618/1428
f 2281/1646/1426 2282/1647/1426 2252/1621/1426
f 2281/1646/1426 2252/1621/1426 2251/1620/1426
f 2283/1648/1425 2284/1649/1425 2248/1617/1425
f 2283/1648/1425 2248/1617/1425 2247/1616/1425
f 2285/1650/1429 2286/1651/1429 2278/1645/1429
f 2285/1650/1429 2278/1645/1429 2277/1644/1429
f 2287/1649/1428 2288/1648/1428 2280/1616/1428
f 2287/1649/1428 2280/1616/1428 2279/1617/1428
f 2289/1652/1426 2290/1653/1426 2282/1647/1426
f 2289/1652/1426 2282/1647/1426 2281/1646/1426
f 2291/1654/1425 2292/1655/1425 2284/1649/1425
f 2291/1654/1425 2284/1649/1425 2283/1648/1425
f 2293/1656/1429 2294/1657/1429 2286/1651/1429
f 2293/1656/1429 2286/1651/1429 2285/1650/1429
f 2295/1655/1428 2296/1654/1428 2288/1648/1428
f 2295/1655/1428 2288/1648/1428 2287/1649/1428
f 2297/1658/1426 2298/1659/1426 2290/1653/1426
f 2297/1658/1426 2290/1653/1426 2289/1652/1426
f 2299/1660/1425 2300/1661/1425 2292/1655/1425
f 2299/1660/1425 2292/1655/1425 2291/1654/1425
f 2301/1662/1429 2302/1663/1429 2294/1657/1429
f 2301/1662/1429 2294/1657/1429 2293/1656/1429
f 2303/1661/1428 2304/1660/1428 2296/1654/1428
f 2303/1661/1428 2296/1654/1428 2295/1655/1428
f 2305/1664/1426 2306/1665/1426 2298/1659/1426
f 2305/1664/1426 2298/1659/1426 2297/1658/1426
f 2307/1666/1425 2308/1667/1425 2300/1661/1425
f 2307/1666/1425 2300/1661/1425 2299/1660/1425
f 2309/1668/1429 2310/1669/1429 2302/1663/1429
f 2309/1668/1429 2302/1663/1429 2301/1662/1429
f 2311/1667/1428 2312/1666/1428 2304/1660/1428
f 2311/1667/1428 2304/1660/1428 2303/1661/1428
f 2313/1670/1426 2314/1671/1426 2306/1665/1426
f 2313/1670/1426 2306/1665/1426 2305/1664/1426
f 2315/1672/1425 2316/1673/1425 2308/1667/1425
f 2315/1672/1425 2308/1667/1425 2307/1666/1425
f 2317/1674/1429 2318/1675/1429 2310/1669/1429
f 2317/1674/1429 2310/1669/1429 2309/1668/1429
f 2319/1673/1428 2320/1672/1428 2312/1666/1428
f 2319/1673/1428 2312/1666/1428 2311/1667/1428
f 2321/1676/1426 2322/1677/1426 2314/1671/1426
f 2321/1676/1426 2314/1671/1426 2313/1670/1426
f 2323/1678/1425 2324/1679/1425 2316/1673/1425
f 2323/1678/1425 2316/1673/1425 2315/1672/1425
f 2325/1680/1429 2326/1681/1429 2318/1675/1429
f 2325/1680/1429 2318/1675/1429 2317/1674/1429
f 2327/1679/1428 2328/1678/1428 2320/1672/1428
f 2327/1679/1428 2320/1672/1428 2319/1673/1428
f 2329/1682/1426 2330/1683/1426 2322/1677/1426
f 2329/1682/1426 2322/1677/1426 2321/1676/1426
f 2331/1684/1425 2332/1685/1425 2324/1679/1425
f 2331/1684/1425 2324/1679/1425 2323/1678/1425
f 2333/1686/1429 2334/1687/1429 2326/1681/1429
f 2333/1686/1429 2326/1681/1429 2325/1680/1429
f 2335/1685/1428 2336/1684/1428 2328/1678/1428
f 2335/1685/1428 2328/1678/1428 2327/1679/1428
f 2337/1688/1426 2338/1689/1426 2330/1683/1426
f 2337/1688/1426 2330/1683/1426 2329/1682/1426
f 2339/1690/1425 2340/1691/1425 2332/1685/1425
f 2339/1690/1425 2332/1685/1425 2331/1684/1425
f 2341/1692/1429 2342/1693/1429 2334/1687/1429
f 2341/1692/1429 2334/1687/1429 2333/1686/1429
f 2343/1691/1428 2344/1690/1428 2336/1684/1428
f 2343/1691/1428 2336/1684/1428 2335/1685/1428
f 2345/1694/1426 2346/1695/1426 2338/1689/1426
f 2345/1694/1426 2338/1689/1426 2337/1688/1426
f 2347/1696/1425 2348/1697/1425 2340/1691/1425
f 2347/1696/1425 2340/1691/1425 2339/1690/1425
f 2349/1698/1429 2350/1699/1429 2342/1693/1429
f 2349/1698/1429 2342/1693/1429 2341/1692/1429
f 2351/1697/1428 2352/1696/1428 2344/1690/1428
f 2351/1697/1428 2344/1690/1428 2343/1691/1428
f 2353/1700/1426 2354/1701/1426 2346/1695/1426
f 2353/1700/1426 2346/1695/1426 2345/1694/1426
f 2355/1702/1425 2356/1703/1425 2348/1697/1425
f 2355/1702/1425 2348/1697/1425 2347/1696/1425
f 2357/1704/1429 2358/1705/1429 2350/1699/1429
f 2357/1704/1429 2350/1699/1429 2349/1698/1429
f 2359/1703/1428 2360/1702/1428 2352/1696/1428
f 2359/1703/1428 2352/1696/1428 2351/1697/1428
f 2361/1706/1426 2362/1707/1426 2354/1701/1426
f 2361/1706/1426 2354/1701/1426 2353/1700/1426
f 2363/1708/1425 2364/1709/1425 2356/1703/1425
f 2363/1708/1425 2356/1703/1425 2355/1702/1425
f 2365/1710/1429 2366/1711/1429 2358/1705/1429
f 2365/1710/1429 2358/1705/1429 2357/1704/1429
f 2367/1709/1428 2368/1708/1428 2360/1702/1428
f 2367/1709/1428 2360/1702/1428 2359/1703/1428
f 2369/1712/1426 2370/1713/1426 2362/1707/1426
f 2369/1712/1426 2362/1707/1426 2361/1706/1426
f 2371/1714/1425 2372/1715/1425 2364/1709/1425
f 2371/1714/1425 2364/1709/1425 2363/1708/1425
f 2373/1716/1429 2374/1717/1429 2366/1711/1429
f 2373/1716/1429 2366/1711/1429 2365/1710/1429
f 2375/1715/1428 2376/1714/1428 2368/1708/1428
f 2375/1715/1428 2368/1708/1428 2367/1709/1428
f 2377/1718/1426 2378/1719/1426 2370/1713/1426
f 2377/1718/1426 2370/1713/1426 2369/1712/1426
f 2379/1720/1425 2380/1721/1425 2372/1715/1425
f 2379/1720/1425 2372/1715/1425 2371/1714/1425
f 2381/1722/1429 2382/1723/1429 2374/1717/1429
f 2381/1722/1429 2374/1717/1429 2373/1716/1429
f 2383/1721/1428 2384/1720/1428 2376/1714/1428
f 2383/1721/1428 2376/1714/1428 2375/1715/1428
f 2385/1724/1426 2386/1725/1426 2378/1719/1426
f 2385/1724/1426 2378/1719/1426 2377/1718/1426
f 2387/1726/1425 2388/1727/1425 2380/1721/1425
f 2387/1726/1425 2380/1721/1425 2379/1720/1425
f 2389/1728/1429 2390/1729/1429 2382/1723/1429
f 2389/1728/1429 2382/1723/1429 2381/1722/1429
f 2391/1727/1428 2392/1726/1428 2384/1720/1428
f 2391/1727/1428 2384/1720/1428 2383/1721/1428
f 2393/1730/1426 2394/1731/1426 2386/1725/1426
f 2393/1730/1426 2386/1725/1426 2385/1724/1426
f 2395/1732/1425 2396/1733/1425 2388/1727/1425
f 2395/1732/1425 2388/1727/1425 2387/1726/1425
f 2397/1734/1429 2398/1735/1429 2390/1729/1429
f 2397/1734/1429 2390/1729/1429 2389/1728/1429
f 2399/1733/1428 2400/1732/1428 2392/1726/1428
f 2399/1733/1428 2392/1726/1428 2391/1727/1428
f 2401/1736/1426 2402/1737/1426 2394/1731/1426
f 2401/1736/1426 2394/1731/1426 2393/1730/1426
f 2403/1738/1425 2404/1739/1425 2396/1733/1425
f 2403/1738/1425 2396/1733/1425 2395/1732/1425
f 2405/1740/1429 2406/1741/1429 2398/1735/1429
f 2405/1740/1429 2398/1735/1429 2397/1734/1429
f 2407/1739/1428 2408/1738/1428 2400/1732/1428
f 2407/1739/1428 2400/1732/1428 2399/1733/1428
f 2409/1742/1426 2410/1743/1426 2402/1737/1426
f 2409/1742/1426 2402/1737/1426 2401/1736/1426
f 2411/1744/1425 2412/1745/1425 2404/1739/1425
f 2411/1744/1425 2404/1739/1425 2403/1738/1425
f 2413/1746/1429 2414/1747/1429 2406/1741/1429
f 2413/1746/1429 2406/1741/1429 2405/1740/1429
f 2415/1745/1428 2416/1744/1428 2408/1738/1428
f 2415/1745/1428 2408/1738/1428 2407/1739/1428
f 2417/1748/1426 2418/1749/1426 2410/1743/1426
f 2417/1748/1426 2410/1743/1426 2409/1742/1426
f 2419/1750/1425 2420/1751/1425 2412/1745/1425
f 2419/1750/1425 2412/1745/1425 2411/1744/1425
f 2421/1752/1429 2422/1753/1429 2414/1747/1429
f 2421/1752/1429 2414/1747/1429 2413/1746/1429
f 2423/1751/1428 2424/1750/1428 2416/1744/1428
f 2423/1751/1428 2416/1744/1428 2415/1745/1428
f 2425/1754/1426 2426/1755/1426 2418/1749/1426
f 2425/1754/1426 2418/1749/1426 2417/1748/1426
f 2427/1756/1425 2428/1757/1425 2420/1751/1425
f 2427/1756/1425 2420/1751/1425 2419/1750/1425
f 2429/1758/1429 2430/1759/1429 2422/1753/1429
f 2429/1758/1429 2422/1753/1429 2421/1752/1429
f 2431/1757/1428 2432/1756/1428 2424/1750/1428
f 2431/1757/1428 2424/1750/1428 2423/1751/1428
f 2433/1760/1426 2434/1761/1426 2426/1755/1426
f 2433/1760/1426 2426/1755/1426 2425/1754/1426
f 2435/1762/1425 2436/1763/1425 2428/1757/1425
f 2435/1762/1425 2428/1757/1425 2427/1756/1425
f 2437/1764/1429 2438/1765/1429 2430/1759/1429
f 2437/1764/1429 2430/1759/1429 2429/1758/1429
f 2439/1763/1428 2440/1762/1428 2432/1756/1428
f 2439/1763/1428 2432/1756/1428 2431/1757/1428
f 2441/1766/1426 2442/1767/1426 2434/1761/1426
f 2441/1766/1426 2434/1761/1426 2433/1760/1426
f 2443/1768/1425 2444/1769/1425 2436/1763/1425
f 2443/1768/1425 2436/1763/1425 2435/1762/1425
f 2445/1770/1429 2446/1771/1429 2438/1765/1429
f 2445/1770/1429 2438/1765/1429 2437/1764/1429
f 2447/1769/1428 2448/1768/1428 2440/1762/1428
f 2447/1769/1428 2440/1762/1428 2439/1763/1428
f 2449/1772/1426 2450/1773/1426 2442/1767/1426
f 2449/1772/1426 2442/1767/1426 2441/1766/1426
f 2451/1774/1425 2452/1775/1425 2444/1769/1425
f 2451/1774/1425 2444/1769/1425 2443/1768/1425
f 2453/1776/1429 2454/1777/1429 2446/1771/1429
f 2453/1776/1429 2446/1771/1429 2445/1770/1429
f 2455/1775/1428 2456/1774/1428 2448/1768/1428
f 2455/1775/1428 2448/1768/1428 2447/1769/1428
f 2457/1778/1426 2458/1779/1426 2450/1773/1426
f 2457/1778/1426 2450/1773/1426 2449/1772/1426
f 2459/1780/1425 2460/1781/1425 2452/1775/1425
f 2459/1780/1425 2452/1775/1425 2451/1774/1425
f 2461/1782/1429 2462/1783/1429 2454/1777/1429
f 2461/1782/1429 2454/1777/1429 2453/1776/1429
f 2463/1781/1428 2464/1780/1428 2456/1774/1428
f 2463/1781/1428 2456/1774/1428 2455/1775/1428
f 2465/1784/1426 2466/1785/1426 2458/1779/1426
f 2465/1784/1426 2458/1779/1426 2457/1778/1426
f 2467/1786/1425 2468/1787/1425 2460/1781/1425
f 2467/1786/1425 2460/1781/1425 2459/1780/1425
f 2469/1788/1429 2470/1789/1429 2462/1783/1429
f 2469/1788/1429 2462/1783/1429 2461/1782/1429
f 2471/1787/1428 2472/1786/1428 2464/1780/1428
f 2471/1787/1428 2464/1780/1428 2463/1781/1428
f 2473/1790/1426 2474/1791/1426 2466/1785/1426
f 2473/1790/1426 2466/1785/1426 2465/1784/1426
f 2475/1792/1425 2476/1793/1425 2468/1787/1425
f 2475/1792/1425 2468/1787/1425 2467/1786/1425
f 2477/1794/1429 2478/1795/1429 2470/1789/1429
f 2477/1794/1429 2470/1789/1429 2469/1788/1429
f 2479/1793/1428 2480/1792/1428 2472/1786/1428
f 2479/1793/1428 2472/1786/1428 2471/1787/1428
f 2481/1796/1426 2482/1797/1426 2474/1791/1426
f 2481/1796/1426 2474/1791/1426 2473/1790/1426
f 2483/1798/1425 2484/1799/1425 2476/1793/1425
f 2483/1798/1425 2476/1793/1425 2475/1792/1425
f 2485/1800/1429 2486/1801/1429 2478/1795/1429
f 2485/1800/1429 2478/1795/1429 2477/1794/1429
f 2487/1799/1428 2488/1798/1428 2480/1792/1428
f 2487/1799/1428 2480/1792/1428 2479/1793/1428
f 2489/1802/1426 2490/1803/1426 2482/1797/1426
f 2489/1802/1426 2482/1797/1426 2481/1796/1426
f 2491/1804/1425 2492/1805/1425 2484/1799/1425
f 2491/1804/1425 2484/1799/1425 2483/1798/1425
f 2493/1806/1429 2494/1807/1429 2486/1801/1429
f 2493/1806/1429 2486/1801/1429 2485/1800/1429
f 2495/1805/1428 2496/1804/1428 2488/1798/1428
f 2495/1805/1428 2488/1798/1428 2487/1799/1428
f 2497/1808/1426 2498/1809/1426 2490/1803/1426
f 2497/1808/1426 2490/1803/1426 2489/1802/1426
f 2499/1810/1425 2500/1811/1425 2492/1805/1425
f 2499/1810/1425 2492/1805/1425 2491/1804/1425
f 2501/1812/1429 2502/1813/1429 2494/1807/1429
f 2501/1812/1429 2494/1807/1429 2493/1806/1429
f 2503/1811/1428 2504/1810/1428 2496/1804/1428
f 2503/1811/1428 2496/1804/1428 2495/1805/1428
f 2505/1814/1426 2506/1815/1426 2498/1809/1426
f 2505/1814/1426 2498/1809/1426 2497/1808/1426
f 2507/1816/1425 2508/1817/1425 2500/1811/1425
f 2507/1816/1425 2500/1811/1425 2499/1810/1425
f 2509/1818/1429 2510/1819/1429 2502/1813/1429
f 2509/1818/1429 2502/1813/1429 2501/1812/1429
f 2511/1817/1428 2512/1816/1428 2504/1810/1428
f 2511/1817/1428 2504/1810/1428 2503/1811/1428
f 2513/1820/1426 2514/1821/1426 2506/1815/1426
f 2513/1820/1426 2506/1815/1426 2505/1814/1426
f 2515/1822/1425 2516/1823/1425 2508/1817/1425
f 2515/1822/1425 2508/1817/1425 2507/1816/1425
f 2517/1824/1429 2518/1825/1429 2510/1819/1429
f 2517/1824/1429 2510/1819/1429 2509/1818/1429
f 2519/1823/1428 2520/1822/1428 2512/1816/1428
f 2519/1823/1428 2512/1816/1428 2511/1817/1428
f 2521/1826/1426 2522/1827/1426 2514/1821/1426
f 2521/1826/1426 2514/1821/1426 2513/1820/1426
f 2523/1828/1425 2524/1829/1425 2516/1823/1425
f 2523/1828/1425 2516/1823/1425 2515/1822/1425
f 2525/1830/1429 2526/1831/1429 2518/1825/1429
f 2525/1830/1429 2518/1825/1429 2517/1824/1429
f 2527/1829/1428 2528/1828/1428 2520/1822/1428
f 2527/1829/1428 2520/1822/1428 2519/1823/1428
f 2529/1832/1426 2530/1833/1426 2522/1827/1426
f 2529/1832/1426 2522/1827/1426 2521/1826/1426
f 2531/1834/1425 2532/1835/1425 2524/1829/1425
f 2531/1834/1425 2524/1829/1425 2523/1828/1425
f 2533/1836/1429 2534/1837/1429 2526/1831/1429
f 2533/1836/1429 2526/1831/1429 2525/1830/1429
f 2535/1835/1428 2536/1834/1428 2528/1828/1428
f 2535/1835/1428 2528/1828/1428 2527/1829/1428
f 2537/1838/1426 2538/1839/1426 2530/1833/1426
f 2537/1838/1426 2530/1833/1426 2529/1832/1426
f 2539/1840/1425 2540/1841/1425 2532/1835/1425
f 2539/1840/1425 2532/1835/1425 2531/1834/1425
f 2541/1842/1429 2542/1843/1429 2534/1837/1429
f 2541/1842/1429 2534/1837/1429 2533/1836/1429
f 2543/1841/1428 2544/1840/1428 2536/1834/1428
f 2543/1841/1428 2536/1834/1428 2535/1835/1428
f 2545/1844/1426 2546/1845/1426 2538/1839/1426
f 2545/1844/1426 2538/1839/1426 2537/1838/1426
f 2547/1846/1425 2548/1847/1425 2540/1841/1425
f 2547/1846/1425 2540/1841/1425 2539/1840/1425
f 2549/1848/1429 2550/1849/1429 2542/1843/1429
f 2549/1848/1429 2542/1843/1429 2541/1842/1429
f 2551/1847/1428 2552/1846/1428 2544/1840/1428
f 2551/1847/1428 2544/1840/1428 2543/1841/1428
f 2553/1850/1426 2554/1851/1426 2546/1845/1426
f 2553/1850/1426 2546/1845/1426 2545/1844/1426
f 2555/1852/1425 2556/1853/1425 2548/1847/1425
f 2555/1852/1425 2548/1847/1425 2547/1846/1425
f 2557/1854/1429 2558/1855/1429 2550/1849/1429
f 2557/1854/1429 2550/1849/1429 2549/1848/1429
f 2559/1853/1428 2560/1852/1428 2552/1846/1428
f 2559/1853/1428 2552/1846/1428 2551/1847/1428
f 2561/1856/1426 2562/1857/1426 2554/1851/1426
f 2561/1856/1426 2554/1851/1426 2553/1850/1426
f 2563/1858/1425 2564/1859/1425 2556/1853/1425
f 2563/1858/1425 2556/1853/1425 2555/1852/1425
f 2565/1860/1429 2566/1861/1429 2558/1855/1429
f 2565/1860/1429 2558/1855/1429 2557/1854/1429
f 2567/1859/1428 2568/1858/1428 2560/1852/1428
f 2567/1859/1428 2560/1852/1428 2559/1853/1428
f 2569/1862/1438 2570/1863/1438 2571/1864/1438
f 2569/1862/1438 2571/1864/1438 2572/1865/1438
f 2573/1866/1439 2574/1867/1439 2575/1868/1439
f 2573/1866/1439 2575/1868/1439 2576/1869/1439
f 2577/1863/1440 2578/1862/1440 2579/1865/1440
f 2577/1863/1440 2579/1865/1440 2580/1864/1440
f 2581/1867/1441 2582/1866/1441 2583/1869/1441
f 2581/1867/1441 2583/1869/1441 2584/1868/1441
f 2585/1870/1438 2586/1871/1438 2570/1863/1438
f 2585/1870/1438 2570/1863/1438 2569/1862/1438
f 2587/1872/1439 2588/1873/1439 2574/1867/1439
f 2587/1872/1439 2574/1867/1439 2573/1866/1439
f 2589/1871/1440 2590/1870/1440 2578/1862/1440
f 2589/1871/1440 2578/1862/1440 2577/1863/1440
f 2591/1873/1441 2592/1872/1441 2582/1866/1441
f 2591/1873/1441 2582/1866/1441 2581/1867/1441
f 2593/1874/1438 2594/1875/1438 2586/1871/1438
f 2593/1874/1438 2586/1871/1438 2585/1870/1438
f 2595/1876/1439 2596/1877/1439 2588/1873/1439
f 2595/1876/1439 2588/1873/1439 2587/1872/1439
f 2597/1875/1440 2598/1874/1440 2590/1870/1440
f 2597/1875/1440 2590/1870/1440 2589/1871/1440
f 2599/1877/1441 2600/1876/1441 2592/1872/1441
f 2599/1877/1441 2592/1872/1441 2591/1873/1441
f 2601/1878/1438 2602/1879/1438 2594/1875/1438
f 2601/1878/1438 2594/1875/1438 2593/1874/1438
f 2603/1880/1439 2604/1881/1439 2596/1877/1439
f 2603/1880/1439 2596/1877/1439 2595/1876/1439
f 2605/1879/1440 2606/1878/1440 2598/1874/1440
f 2605/1879/1440 2598/1874/1440 2597/1875/1440
f 2607/1881/1441 2608/1880/1441 2600/1876/1441
f 2607/1881/1441 2600/1876/1441 2599/1877/1441
f 2609/1882/1438 2610/1883/1438 2602/1879/1438
f 2609/1882/1438 2602/1879/1438 2601/1878/1438
f 2611/1884/1439 2612/1885/1439 2604/1881/1439
f 2611/1884/1439 2604/1881/1439 2603/1880/1439
f 2613/1883/1440 2614/1882/1440 2606/1878/1440
f 2613/1883/1440 2606/1878/1440 2605/1879/1440
f 2615/1885/1441 2616/1884/1441 2608/1880/1441
f 2615/1885/1441 2608/1880/1441 2607/1881/1441
f 2617/1886/1438 2618/1887/1438 2610/1883/1438
f 2617/1886/1438 2610/1883/1438 2609/1882/1438
f 2619/1888/1439 2620/1889/1439 2612/1885/1439
f 2619/1888/1439 2612/1885/1439 2611/1884/1439
f 2621/1887/1440 2622/1886/1440 2614/1882/1440
f 2621/1887/1440 2614/1882/1440 2613/1883/1440
f 2623/1889/1441 2624/1888/1441 2616/1884/1441
f 2623/1889/1441 2616/1884/1441 2615/1885/1441
f 2625/1890/1438 2626/1891/1438 2618/1887/1438
f 2625/1890/1438 2618/1887/1438 2617/1886/1438
f 2627/1892/1439 2628/1893/1439 2620/1889/1439
f 2627/1892/1439 2620/1889/1439 2619/1888/1439
f 2629/1891/1440 2630/1890/1440 2622/1886/1440
f 2629/1891/1440 2622/1886/1440 2621/1887/1440
f 2631/1893/1441 2632/1892/1441 2624/1888/1441
f 2631/1893/1441 2624/1888/1441 2623/1889/1441
f 2633/1894/1438 2634/1895/1438 2626/1891/1438
f 2633/1894/1438 2626/1891/1438 2625/1890/1438
f 2635/1896/1439 2636/1897/1439 2628/1893/1439
f 2635/1896/1439 2628/1893/1439 2627/1892/1439
f 2637/1895/1440 2638/1894/1440 2630/1890/1440
f 2637/1895/1440 2630/1890/1440 2629/1891/1440
f 2639/1897/1441 2640/1896/1441 2632/1892/1441
f 2639/1897/1441 2632/1892/1441 2631/1893/1441
f 2641/1898/1438 2642/1899/1438 2634/1895/1438
f 2641/1898/1438 2634/1895/1438 2633/1894/1438
f 2643/1900/1439 2644/1901/1439 2636/1897/1439
f 2643/1900/1439 2636/1897/1439 2635/1896/1439
f 2645/1899/1440 2646/1898/1440 2638/1894/1440
f 2645/1899/1440 2638/1894/1440 2637/1895/1440
f 2647/1901/1441 2648/1900/1441 2640/1896/1441
f 2647/1901/1441 2640/1896/1441 2639/1897/1441
f 2649/1902/1438 2650/1903/1438 2642/1899/1438
f 2649/1902/1438 2642/1899/1438 2641/1898/1438
f 2651/1904/1439 2652/1905/1439 2644/1901/1439
f 2651/1904/1439 2644/1901/1439 2643/1900/1439
f 2653/1903/1440 2654/1902/1440 2646/1898/1440
f 2653/1903/1440 2646/1898/1440 2645/1899/1440
f 2655/1905/1441 2656/1904/1441 2648/1900/1441
f 2655/1905/1441 2648/1900/1441 2647/1901/1441
f 2657/1906/1438 2658/1907/1438 2650/1903/1438
f 2657/1906/1438 2650/1903/1438 2649/1902/1438
f 2659/1908/1439 2660/1909/1439 2652/1905/1439
f 2659/1908/1439 2652/1905/1439 2651/1904/1439
f 2661/1907/1440 2662/1906/1440 2654/1902/1440
f 2661/1907/1440 2654/1902/1440 2653/1903/1440
f 2663/1909/1441 2664/1908/1441 2656/1904/1441
f 2663/1909/1441 2656/1904/1441 2655/1905/1441
f 2665/1910/1438 2666/1911/1438 2658/1907/1438
f 2665/1910/1438 2658/1907/1438 2657/1906/1438
f 2667/1912/1439 2668/1913/1439 2660/1909/1439
f 2667/1912/1439 2660/1909/1439 2659/1908/1439
f 2669/1911/1440 2670/1910/1440 2662/1906/1440
f 2669/1911/1440 2662/1906/1440 2661/1907/1440
f 2671/1913/1441 2672/1912/1441 2664/1908/1441
f 2671/1913/1441 2664/1908/1441 2663/1909/1441
f 2673/1914/1438 2674/1915/1438 2666/1911/1438
f 2673/1914/1438 2666/1911/1438 2665/1910/1438
f 2675/1916/1439 2676/1917/1439 2668/1913/1439
f 2675/1916/1439 2668/1913/1439 2667/1912/1439
f 2677/1915/1440 2678/1914/1440 2670/1910/1440
f 2677/1915/1440 2670/1910/1440 2669/1911/1440
f 2679/1917/1441 2680/1916/1441 2672/1912/1441
f 2679/1917/1441 2672/1912/1441 2671/1913/1441
f 2681/1918/1438 2682/1919/1438 2674/1915/1438
f 2681/1918/1438 2674/1915/1438 2673/1914/1438
f 2683/1920/1439 2684/1921/1439 2676/1917/1439
f 2683/1920/1439 2676/1917/1439 2675/1916/1439
f 2685/1919/1440 2686/1918/1440 2678/1914/1440
f 2685/1919/1440 2678/1914/1440 2677/1915/1440
f 2687/1921/1441 2688/1920/1441 2680/1916/1441
f 2687/1921/1441 2680/1916/1441 2679/1917/1441
f 2689/1922/1438 2690/1923/1438 2682/1919/1438
f 2689/1922/1438 2682/1919/1438 2681/1918/1438
f 2691/1924/1439 2692/1925/1439 2684/1921/1439
f 2691/1924/1439 2684/1921/1439 2683/1920/1439
f 2693/1923/1440 2694/1922/1440 2686/1918/1440
f 2693/1923/1440 2686/1918/1440 2685/1919/1440
f 2695/1925/1441 2696/1924/1441 2688/1920/1441
f 2695/1925/1441 2688/1920/1441 2687/1921/1441
f 2697/1926/1438 2698/1927/1438 2690/1923/1438
f 2697/1926/1438 2690/1923/1438 2689/1922/1438
f 2699/1928/1439 2700/1929/1439 2692/1925/1439
f 2699/1928/1439 2692/1925/1439 2691/1924/1439
f 2701/1927/1440 2702/1926/1440 2694/1922/1440
f 2701/1927/1440 2694/1922/1440 2693/1923/1440
f 2703/1929/1441 2704/1928/1441 2696/1924/1441
f 2703/1929/1441 2696/1924/1441 2695/1925/1441
f 2705/1930/1438 2706/1931/1438 2698/1927/1438
f 2705/1930/1438 2698/1927/1438 2697/1926/1438
f 2707/1932/1439 2708/1933/1439 2700/1929/1439
f 2707/1932/1439 2700/1929/1439 2699/1928/1439
f 2709/1931/1440 2710/1930/1440 2702/1926/1440
f 2709/1931/1440 2702/1926/1440 2701/1927/1440
f 2711/1933/1441 2712/1932/1441 2704/1928/1441
f 2711/1933/1441 2704/1928/1441 2703/1929/1441
f 2713/1934/1438 2714/1935/1438 2706/1931/1438
f 2713/1934/1438 2706/1931/1438 2705/1930/1438
f 2715/1936/1439 2716/1937/1439 2708/1933/1439
f 2715/1936/1439 2708/1933/1439 2707/1932/1439
f 2717/1935/1440 2718/1934/1440 2710/1930/1440
f 2717/1935/1440 2710/1930/1440 2709/1931/1440
f 2719/1937/1441 2720/1936/1441 2712/1932/1441
f 2719/1937/1441 2712/1932/1441 2711/1933/1441
f 2721/1938/1438 2722/1939/1438 2714/1935/1438
f 2721/1938/1438 2714/1935/1438 2713/1934/1438
f 2723/1940/1439 2724/1941/1439 2716/1937/1439
f 2723/1940/1439 2716/1937/1439 2715/1936/1439
f 2725/1939/1440 2726/1938/1440 2718/1934/1440
f 2725/1939/1440 2718/1934/1440 2717/1935/1440
f 2727/1941/1441 2728/1940/1441 2720/1936/1441
f 2727/1941/1441 2720/1936/1441 2719/1937/1441
f 2729/1942/1438 2730/1943/1438 2722/1939/1438
f 2729/1942/1438 2722/1939/1438 2721/1938/1438
f 2731/1944/1439 2732/1945/1439 2724/1941/1439
f 2731/1944/1439 2724/1941/1439 2723/1940/1439
f 2733/1943/1440 2734/1942/1440 2726/1938/1440
f 2733/1943/1440 2726/1938/1440 2725/1939/1440
f 2735/1945/1441 2736/1944/1441 2728/1940/1441
f 2735/1945/1441 2728/1940/1441 2727/1941/1441
f 2737/1946/1438 2738/1947/1438 2730/1943/1438
f 2737/1946/1438 2730/1943/1438 2729/1942/1438
f 2739/1948/1439 2740/1949/1439 2732/1945/1439
f 2739/1948/1439 2732/1945/1439 2731/1944/1439
f 2741/1947/1440 2742/1946/1440 2734/1942/1440
f 2741/1947/1440 2734/1942/1440 2733/1943/1440
f 2743/1949/1441 2744/1948/1441 2736/1944/1441
f 2743/1949/1441 2736/1944/1441 2735/1945/1441
f 2745/1950/1438 2746/1951/1438 2738/1947/1438
f 2745/1950/1438 2738/1947/1438 2737/1946/1438
f 2747/1952/1439 2748/1953/1439 2740/1949/1439
f 2747/1952/1439 2740/1949/1439 2739/1948/1439
f 2749/1951/1440 2750/1950/1440 2742/1946/1440
f 2749/1951/1440 2742/1946/1440 2741/1947/1440
f 2751/1953/1441 2752/1952/1441 2744/1948/1441
f 2751/1953/1441 2744/1948/1441 2743/1949/1441
f 2753/1954/1438 2754/1955/1438 2746/1951/1438
f 2753/1954/1438 2746/1951/1438 2745/1950/1438
f 2755/1956/1439 2756/1957/1439 2748/1953/1439
f 2755/1956/1439 2748/1953/1439 2747/1952/1439
f 2757/1955/1440 2758/1954/1440 2750/1950/1440
f 2757/1955/1440 2750/1950/1440 2749/1951/1440
f 2759/1957/1441 2760/1956/1441 2752/1952/1441
f 2759/1957/1441 2752/1952/1441 2751/1953/1441
f 2761/1958/1438 2762/1959/1438 2754/1955/1438
f 2761/1958/1438 2754/1955/1438 2753/1954/1438
f 2763/1960/1439 2764/1961/1439 2756/1957/1439
f 2763/1960/1439 2756/1957/1439 2755/1956/1439
f 2765/1959/1440 2766/1958/1440 2758/1954/1440
f 2765/1959/1440 2758/1954/1440 2757/1955/1440
f 2767/1961/1441 2768/1960/1441 2760/1956/1441
f 2767/1961/1441 2760/1956/1441 2759/1957/1441
f 2769/1962/1438 2770/1963/1438 2762/1959/1438
f 2769/1962/1438 2762/1959/1438 2761/1958/1438
f 2771/1964/1439 2772/1965/1439 2764/1961/1439
f 2771/1964/1439 2764/1961/1439 2763/1960/1439
f 2773/1963/1440 2774/1962/1440 2766/1958/1440
f 2773/1963/1440 2766/1958/1440 2765/1959/1440
f 2775/1965/1441 2776/1964/1441 2768/1960/1441
f 2775/1965/1441 2768/1960/1441 2767/1961/1441
f 2777/1966/1438 2778/1967/1438 2770/1963/1438
f 2777/1966/1438 2770/1963/1438 2769/1962/1438
f 2779/1968/1439 2780/1969/1439 2772/1965/1439
f 2779/1968/1439 2772/1965/1439 2771/1964/1439
f 2781/1967/1440 2782/1966/1440 2774/1962/1440
f 2781/1967/1440 2774/1962/1440 2773/1963/1440
f 2783/1969/1441 2784/1968/1441 2776/1964/1441
f 2783/1969/1441 2776/1964/1441 2775/1965/1441
f 2785/1970/1438 2786/1971/1438 2778/1967/1438
f 2785/1970/1438 2778/1967/1438 2777/1966/1438
f 2787/1972/1439 2788/1973/1439 2780/1969/1439
f 2787/1972/1439 2780/1969/1439 2779/1968/1439
f 2789/1971/1440 2790/1970/1440 2782/1966/1440
f 2789/1971/1440 2782/1966/1440 2781/1967/1440
f 2791/1973/1441 2792/1972/1441 2784/1968/1441
f 2791/1973/1441 2784/1968/1441 2783/1969/1441
f 2793/1974/1438 2794/1975/1438 2786/1971/1438
f 2793/1974/1438 2786/1971/1438 2785/1970/1438
f 2795/1976/1439 2796/1977/1439 2788/1973/1439
f 2795/1976/1439 2788/1973/1439 2787/1972/1439
f 2797/1975/1440 2798/1974/1440 2790/1970/1440
f 2797/1975/1440 2790/1970/1440 2789/1971/1440
f 2799/1977/1441 2800/1976/1441 2792/1972/1441
f 2799/1977/1441 2792/1972/1441 2791/1973/1441
f 2801/1978/1438 2802/1979/1438 2794/1975/1438
f 2801/1978/1438 2794/1975/1438 2793/1974/1438
f 2803/1980/1439 2804/1981/1439 2796/1977/1439
f 2803/1980/1439 2796/1977/1439 2795/1976/1439
f 2805/1979/1440 2806/1978/1440 2798/1974/1440
f 2805/1979/1440 2798/1974/1440 2797/1975/1440
f 2807/1981/1441 2808/1980/1441 2800/1976/1441
f 2807/1981/1441 2800/1976/1441 2799/1977/1441
f 2150/1528/1438 2149/1527/1438 2802/1979/1438
f 2150/1528/1438 2802/1979/1438 2801/1978/1438
f 2154/1532/1439 2171/1543/1439 2804/1981/1439
f 2154/1532/1439 2804/1981/1439 2803/1980/1439
f 2168/1527/1440 2167/1528/1440 2806/1978/1440
f 2168/1527/1440 2806/1978/1440 2805/1979/1440
f 2174/1543/1441 2157/1532/1441 2808/1980/1441
f 2174/1543/1441 2808/1980/1441 2807/1981/1441
f 2809/1982/1442 2810/1983/1442 2811/1984/1442
f 2809/1982/1442 2811/1984/1442 2812/1985/1442
f 2813/1986/1428 2814/1987/1428 2164/1534/1428
f 2813/1986/1428 2164/1534/1428 2173/1541/1428
f 2815/1988/1443 2816/1989/1443 2817/1990/1443
f 2815/1988/1443 2817/1990/1443 2818/1991/1443
f 2819/1987/1425 2820/1986/1425 2169/1541/1425
f 2819/1987/1425 2169/1541/1425 2156/1534/1425
f 2821/1992/1444 2822/1993/1444 2810/1983/1444
f 2821/1992/1444 2810/1983/1444 2809/1982/1444
f 2823/1994/1428 2824/1995/1428 2814/1987/1428
f 2823/1994/1428 2814/1987/1428 2813/1986/1428
f 2825/1996/1443 2826/1997/1443 2816/1989/1443
f 2825/1996/1443 2816/1989/1443 2815/1988/1443
f 2827/1995/1425 2828/1994/1425 2820/1986/1425
f 2827/1995/1425 2820/1986/1425 2819/1987/1425
f 2829/1998/1444 2830/1999/1444 2822/1993/1444
f 2829/1998/1444 2822/1993/1444 2821/1992/1444
f 2831/2000/1428 2832/2001/1428 2824/1995/1428
f 2831/2000/1428 2824/1995/1428 2823/1994/1428
f 2833/2002/1443 2834/2003/1443 2826/1997/1443
f 2833/2002/1443 2826/1997/1443 2825/1996/1443
f 2835/2001/1425 2836/2000/1425 2828/1994/1425
f 2835/2001/1425 2828/1994/1425 2827/1995/1425
f 2837/2004/1444 2838/2005/1444 2830/1999/1444
f 2837/2004/1444 2830/1999/1444 2829/1998/1444
f 2839/2006/1428 2840/2007/1428 2832/2001/1428
f 2839/2006/1428 2832/2001/1428 2831/2000/1428
f 2841/2008/1443 2842/2009/1443 2834/2003/1443
f 2841/2008/1443 2834/2003/1443 2833/2002/1443
f 2843/2007/1425 2844/2006/1425 2836/2000/1425
f 2843/2007/1425 2836/2000/1425 2835/2001/1425
f 2845/2010/1444 2846/2011/1444 2838/2005/1444
f 2845/2010/1444 2838/2005/1444 2837/2004/1444
f 2847/2012/1428 2848/2013/1428 2840/2007/1428
f 2847/2012/1428 2840/2007/1428 2839/2006/1428
f 2849/2014/1443 2850/2015/1443 2842/2009/1443
f 2849/2014/1443 2842/2009/1443 2841/2008/1443
f 2851/2013/1425 2852/2012/1425 2844/2006/1425
f 2851/2013/1425 2844/2006/1425 2843/2007/1425
f 2853/2016/1444 2854/2017/1444 2846/2011/1444
f 2853/2016/1444 2846/2011/1444 2845/2010/1444
f 2855/2018/1428 2856/2019/1428 2848/2013/1428
f 2855/2018/1428 2848/2013/1428 2847/2012/1428
f 2857/2020/1443 2858/2021/1443 2850/2015/1443
f 2857/2020/1443 2850/2015/1443 2849/2014/1443
f 2859/2019/1425 2860/2018/1425 2852/2012/1425
f 2859/2019/1425 2852/2012/1425 2851/2013/1425
f 2861/2022/1444 2862/2023/1444 2854/2017/1444
f 2861/2022/1444 2854/2017/1444 2853/2016/1444
f 2863/2024/1428 2864/2025/1428 2856/2019/1428
f 2863/2024/1428 2856/2019/1428 2855/2018/1428
f 2865/2026/1443 2866/2027/1443 2858/2021/1443
f 2865/2026/1443 2858/2021/1443 2857/2020/1443
f 2867/2025/1425 2868/2024/1425 2860/2018/1425
f 2867/2025/1425 2860/2018/1425 2859/2019/1425
f 2869/2028/1444 2870/2029/1444 2862/2023/1444
f 2869/2028/1444 2862/2023/1444 2861/2022/1444
f 2871/2030/1428 2872/2031/1428 2864/2025/1428
f 2871/2030/1428 2864/2025/1428 2863/2024/1428
f 2873/2032/1443 2874/2033/1443 2866/2027/1443
f 2873/2032/1443 2866/2027/1443 2865/2026/1443
f 2875/2031/1425 2876/2030/1425 2868/2024/1425
f 2875/2031/1425 2868/2024/1425 2867/2025/1425
f 2877/2034/1444 2878/2035/1444 2870/2029/1444
f 2877/2034/1444 2870/2029/1444 2869/2028/1444
f 2879/2036/1428 2880/2037/1428 2872/2031/1428
f 2879/2036/1428 2872/2031/1428 2871/2030/1428
f 2881/2038/1443 2882/2039/1443 2874/2033/1443
f 2881/2038/1443 2874/2033/1443 2873/2032/1443
f 2883/2037/1425 2884/2036/1425 2876/2030/1425
f 2883/2037/1425 2876/2030/1425 2875/2031/1425
f 2885/2040/1444 2886/2041/1444 2878/2035/1444
f 2885/2040/1444 2878/2035/1444 2877/2034/1444
f 2887/2042/1428 2888/2043/1428 2880/2037/1428
f 2887/2042/1428 2880/2037/1428 2879/2036/1428
f 2889/2044/1443 2890/2045/1443 2882/2039/1443
f 2889/2044/1443 2882/2039/1443 2881/2038/1443
f 2891/2043/1425 2892/2042/1425 2884/2036/1425
f 2891/2043/1425 2884/2036/1425 2883/2037/1425
f 2893/2046/1444 2894/2047/1444 2886/2041/1444
f 2893/2046/1444 2886/2041/1444 2885/2040/1444
f 2895/2048/1428 2896/2049/1428 2888/2043/1428
f 2895/2048/1428 2888/2043/1428 2887/2042/1428
f 2897/2050/1443 2898/2051/1443 2890/2045/1443
f 2897/2050/1443 2890/2045/1443 2889/2044/1443
f 2899/2049/1425 2900/2048/1425 2892/2042/1425
f 2899/2049/1425 2892/2042/1425 2891/2043/1425
f 2901/2052/1444 2902/2053/1444 2894/2047/1444
f 2901/2052/1444 2894/2047/1444 2893/2046/1444
f 2903/2054/1428 2904/2055/1428 2896/2049/1428
f 2903/2054/1428 2896/2049/1428 2895/2048/1428
f 2905/2056/1443 2906/2057/1443 2898/2051/1443
f 2905/2056/1443 2898/2051/1443 2897/2050/1443
f 2907/2055/1425 2908/2054/1425 2900/2048/1425
f 2907/2055/1425 2900/2048/1425 2899/2049/1425
f 2909/2058/1444 2910/2059/1444 2902/2053/1444
f 2909/2058/1444 2902/2053/1444 2901/2052/1444
f 2911/2060/1428 2912/2061/1428 2904/2055/1428
f 2911/2060/1428 2904/2055/1428 2903/2054/1428
f 2913/2062/1443 2914/2063/1443 2906/2057/1443
f 2913/2062/1443 2906/2057/1443 2905/2056/1443
f 2915/2061/1425 2916/2060/1425 2908/2054/1425
f 2915/2061/1425 2908/2054/1425 2907/2055/1425
f 2917/2064/1444 2918/2065/1444 2910/2059/1444
f 2917/2064/1444 2910/2059/1444 2909/2058/1444
f 2919/2066/1428 2920/2067/1428 2912/2061/1428
f 2919/2066/1428 2912/2061/1428 2911/2060/1428
f 2921/2068/1443 2922/2069/1443 2914/2063/1443
f 2921/2068/1443 2914/2063/1443 2913/2062/1443
f 2923/2067/1425 2924/2066/1425 2916/2060/1425
f 2923/2067/1425 2916/2060/1425 2915/2061/1425
f 2925/2070/1444 2926/2071/1444 2918/2065/1444
f 2925/2070/1444 2918/2065/1444 2917/2064/1444
f 2927/2072/1428 2928/2073/1428 2920/2067/1428
f 2927/2072/1428 2920/2067/1428 2919/2066/1428
f 2929/2074/1443 2930/2075/1443 2922/2069/1443
f 2929/2074/1443 2922/2069/1443 2921/2068/1443
f 2931/2073/1425 2932/2072/1425 2924/2066/1425
f 2931/2073/1425 2924/2066/1425 2923/2067/1425
f 2933/2076/1444 2934/2077/1444 2926/2071/1444
f 2933/2076/1444 2926/2071/1444 2925/2070/1444
f 2935/2078/1428 2936/2079/1428 2928/2073/1428
f 2935/2078/1428 2928/2073/1428 2927/2072/1428
f 2937/2080/1443 2938/2081/1443 2930/2075/1443
f 2937/2080/1443 2930/2075/1443 2929/2074/1443
f 2939/2079/1425 2940/2078/1425 2932/2072/1425
f 2939/2079/1425 2932/2072/1425 2931/2073/1425
f 2941/2082/1444 2942/2083/1444 2934/2077/1444
f 2941/2082/1444 2934/2077/1444 2933/2076/1444
f 2943/2084/1428 2944/2085/1428 2936/2079/1428
f 2943/2084/1428 2936/2079/1428 2935/2078/1428
f 2945/2086/1443 2946/2087/1443 2938/2081/1443
f 2945/2086/1443 2938/2081/1443 2937/2080/1443
f 2947/2085/1425 2948/2084/1425 2940/2078/1425
f 2947/2085/1425 2940/2078/1425 2939/2079/1425
f 2949/2088/1444 2950/2089/1444 2942/2083/1444
f 2949/2088/1444 2942/2083/1444 2941/2082/1444
f 2951/2090/1428 2952/2091/1428 2944/2085/1428
f 2951/2090/1428 2944/2085/1428 2943/2084/1428
f 2953/2092/1443 2954/2093/1443 2946/2087/1443
f 2953/2092/1443 2946/2087/1443 2945/2086/1443
f 2955/2091/1425 2956/2090/1425 2948/2084/1425
f 2955/2091/1425 2948/2084/1425 2947/2085/1425
f 2957/2094/1445 2958/2095/1445 2959/2096/1445
f 2957/2094/1445 2959/2096/1445 2960/2097/1445
f 2961/2098/1428 2962/2099/1428 2173/1541/1428
f 2961/2098/1428 2173/1541/1428 2172/1542/1428
f 2963/2100/1446 2964/2101/1446 2965/2102/1446
f 2963/2100/1446 2965/2102/1446 2966/2103/1446
f 2967/2099/1425 2968/2098/1425 2170/1542/1425
f 2967/2099/1425 2170/1542/1425 2169/1541/1425
f 2969/2104/1445 2970/2105/1445 2958/2095/1445
f 2969/2104/1445 2958/2095/1445 2957/2094/1445
f 2971/2106/1428 2972/2107/1428 2962/2099/1428
f 2971/2106/1428 2962/2099/1428 2961/2098/1428
f 2973/2108/1447 2974/2109/1447 2964/2101/1447
f 2973/2108/1447 2964/2101/1447 2963/2100/1447
f 2975/2107/1425 2976/2106/1425 2968/2098/1425
f 2975/2107/1425 2968/2098/1425 2967/2099/1425
f 2977/2110/1445 2978/2111/1445 2970/2105/1445
f 2977/2110/1445 2970/2105/1445 2969/2104/1445
f 2979/2112/1428 2980/2113/1428 2972/2107/1428
f 2979/2112/1428 2972/2107/1428 2971/2106/1428
f 2981/2114/1447 2982/2115/1447 2974/2109/1447
f 2981/2114/1447 2974/2109/1447 2973/2108/1447
f 2983/2113/1425 2984/2112/1425 2976/2106/1425
f 2983/2113/1425 2976/2106/1425 2975/2107/1425
f 2985/2116/1445 2986/2117/1445 2978/2111/1445
f 2985/2116/1445 2978/2111/1445 2977/2110/1445
f 2987/2118/1428 2988/2119/1428 2980/2113/1428
f 2987/2118/1428 2980/2113/1428 2979/2112/1428
f 2989/2120/1447 2990/2121/1447 2982/2115/1447
f 2989/2120/1447 2982/2115/1447 2981/2114/1447
f 2991/2119/1425 2992/2118/1425 2984/2112/1425
f 2991/2119/1425 2984/2112/1425 2983/2113/1425
f 2993/2122/1445 2994/2123/1445 2986/2117/1445
f 2993/2122/1445 2986/2117/1445 2985/2116/1445
f 2995/2124/1428 2996/2125/1428 2988/2119/1428
f 2995/2124/1428 2988/2119/1428 2987/2118/1428
f 2997/2126/1447 2998/2127/1447 2990/2121/1447
f 2997/2126/1447 2990/2121/1447 2989/2120/1447
f 2999/2125/1425 3000/2124/1425 2992/2118/1425
f 2999/2125/1425 2992/2118/1425 2991/2119/1425
f 3001/2128/1445 3002/2129/1445 2994/2123/1445
f 3001/2128/1445 2994/2123/1445 2993/2122/1445
f 3003/2130/1428 3004/2131/1428 2996/2125/1428
f 3003/2130/1428 2996/2125/1428 2995/2124/1428
f 3005/2132/1447 3006/2133/1447 2998/2127/1447
f 3005/2132/1447 2998/2127/1447 2997/2126/1447
f 3007/2131/1425 3008/2130/1425 3000/2124/1425
f 3007/2131/1425 3000/2124/1425 2999/2125/1425
f 3009/2134/1445 3010/2135/1445 3002/2129/1445
f 3009/2134/1445 3002/2129/1445 3001/2128/1445
f 3011/2136/1428 3012/2137/1428 3004/2131/1428
f 3011/2136/1428 3004/2131/1428 3003/2130/1428
f 3013/2138/1448 3014/2139/1448 3006/2133/1448
f 3013/2138/1447 3006/2133/1447 3005/2132/1447
f 3015/2137/1425 3016/2136/1425 3008/2130/1425
f 3015/2137/1425 3008/2130/1425 3007/2131/1425
f 3017/2140/1445 3018/2141/1445 3010/2135/1445
f 3017/2140/1445 3010/2135/1445 3009/2134/1445
f 3019/2142/1428 3020/2143/1428 3012/2137/1428
f 3019/2142/1428 3012/2137/1428 3011/2136/1428
f 3021/2144/1447 3022/2145/1447 3014/2139/1447
f 3021/2144/1447 3014/2139/1447 3013/2138/1447
f 3023/2143/1425 3024/2142/1425 3016/2136/1425
f 3023/2143/1425 3016/2136/1425 3015/2137/1425
f 3025/2146/1445 3026/2147/1445 3018/2141/1445
f 3025/2146/1445 3018/2141/1445 3017/2140/1445
f 3027/2148/1428 3028/2149/1428 3020/2143/1428
f 3027/2148/1428 3020/2143/1428 3019/2142/1428
f 3029/2150/1447 3030/2151/1447 3022/2145/1447
f 3029/2150/1447 3022/2145/1447 3021/2144/1447
f 3031/2149/1425 3032/2148/1425 3024/2142/1425
f 3031/2149/1425 3024/2142/1425 3023/2143/1425
f 3033/2152/1445 3034/2153/1445 3026/2147/1445
f 3033/2152/1445 3026/2147/1445 3025/2146/1445
f 3035/2154/1428 3036/2155/1428 3028/2149/1428
f 3035/2154/1428 3028/2149/1428 3027/2148/1428
f 3037/2156/1447 3038/2157/1447 3030/2151/1447
f 3037/2156/1447 3030/2151/1447 3029/2150/1447
f 3039/2155/1425 3040/2154/1425 3032/2148/1425
f 3039/2155/1425 3032/2148/1425 3031/2149/1425
f 3041/2158/1445 3042/2159/1445 3034/2153/1445
f 3041/2158/1445 3034/2153/1445 3033/2152/1445
f 3043/2160/1428 3044/2161/1428 3036/2155/1428
f 3043/2160/1428 3036/2155/1428 3035/2154/1428
f 3045/2162/1447 3046/2163/1447 3038/2157/1447
f 3045/2162/1447 3038/2157/1447 3037/2156/1447
f 3047/2161/1425 3048/2160/1425 3040/2154/1425
f 3047/2161/1425 3040/2154/1425 3039/2155/1425
f 3049/2164/1445 3050/2165/1445 3042/2159/1445
f 3049/2164/1445 3042/2159/1445 3041/2158/1445
f 3051/2166/1428 3052/2167/1428 3044/2161/1428
f 3051/2166/1428 3044/2161/1428 3043/2160/1428
f 3053/2168/1447 3054/2169/1447 3046/2163/1447
f 3053/2168/1447 3046/2163/1447 3045/2162/1447
f 3055/2167/1425 3056/2166/1425 3048/2160/1425
f 3055/2167/1425 3048/2160/1425 3047/2161/1425
f 3057/2170/1445 3058/2171/1445 3050/2165/1445
f 3057/2170/1445 3050/2165/1445 3049/2164/1445
f 3059/2172/1428 3060/2173/1428 3052/2167/1428
f 3059/2172/1428 3052/2167/1428 3051/2166/1428
f 3061/2174/1447 3062/2175/1447 3054/2169/1447
f 3061/2174/1447 3054/2169/1447 3053/2168/1447
f 3063/2173/1425 3064/2172/1425 3056/2166/1425
f 3063/2173/1425 3056/2166/1425 3055/2167/1425
f 3065/2176/1445 3066/2177/1445 3058/2171/1445
f 3065/2176/1445 3058/2171/1445 3057/2170/1445
f 3067/2178/1428 3068/2179/1428 3060/2173/1428
f 3067/2178/1428 3060/2173/1428 3059/2172/1428
f 3069/2180/1447 3070/2181/1447 3062/2175/1447
f 3069/2180/1447 3062/2175/1447 3061/2174/1447
f 3071/2179/1425 3072/2178/1425 3064/2172/1425
f 3071/2179/1425 3064/2172/1425 3063/2173/1425
f 3073/2182/1445 3074/2183/1445 3066/2177/1445
f 3073/2182/1445 3066/2177/1445 3065/2176/1445
f 3075/2184/1428 3076/2185/1428 3068/2179/1428
f 3075/2184/1428 3068/2179/1428 3067/2178/1428
f 3077/2186/1447 3078/2187/1447 3070/2181/1447
f 3077/2186/1447 3070/2181/1447 3069/2180/1447
f 3079/2185/1425 3080/2184/1425 3072/2178/1425
f 3079/2185/1425 3072/2178/1425 3071/2179/1425
f 3081/2188/1445 3082/2189/1445 3074/2183/1445
f 3081/2188/1445 3074/2183/1445 3073/2182/1445
f 3083/2190/1428 3084/2191/1428 3076/2185/1428
f 3083/2190/1428 3076/2185/1428 3075/2184/1428
f 3085/2192/1447 3086/2193/1447 3078/2187/1447
f 3085/2192/1447 3078/2187/1447 3077/2186/1447
f 3087/2191/1425 3088/2190/1425 3080/2184/1425
f 3087/2191/1425 3080/2184/1425 3079/2185/1425
f 3089/2194/1445 3090/2195/1445 3082/2189/1445
f 3089/2194/1445 3082/2189/1445 3081/2188/1445
f 3091/2196/1428 3092/2197/1428 3084/2191/1428
f 3091/2196/1428 3084/2191/1428 3083/2190/1428
f 3093/2198/1447 3094/2199/1447 3086/2193/1447
f 3093/2198/1447 3086/2193/1447 3085/2192/1447
f 3095/2197/1425 3096/2196/1425 3088/2190/1425
f 3095/2197/1425 3088/2190/1425 3087/2191/1425
f 3097/2200/1445 3098/2201/1445 3090/2195/1445
f 3097/2200/1445 3090/2195/1445 3089/2194/1445
f 3099/2202/1428 3100/2203/1428 3092/2197/1428
f 3099/2202/1428 3092/2197/1428 3091/2196/1428
f 3101/2204/1447 3102/2205/1447 3094/2199/1447
f 3101/2204/1447 3094/2199/1447 3093/2198/1447
f 3103/2203/1425 3104/2202/1425 3096/2196/1425
f 3103/2203/1425 3096/2196/1425 3095/2197/1425
f 3105/2206/1445 3106/2207/1445 3098/2201/1445
f 3105/2206/1445 3098/2201/1445 3097/2200/1445
f 3107/2208/1428 3108/2209/1428 3100/2203/1428
f 3107/2208/1428 3100/2203/1428 3099/2202/1428
f 3109/2210/1447 3110/2211/1447 3102/2205/1447
f 3109/2210/1447 3102/2205/1447 3101/2204/1447
f 3111/2209/1425 3112/2208/1425 3104/2202/1425
f 3111/2209/1425 3104/2202/1425 3103/2203/1425
f 3113/2212/1445 3114/2213/1445 3106/2207/1445
f 3113/2212/1445 3106/2207/1445 3105/2206/1445
f 3115/2214/1428 3116/2215/1428 3108/2209/1428
f 3115/2214/1428 3108/2209/1428 3107/2208/1428
f 3117/2216/1447 3118/2217/1447 3110/2211/1447
f 3117/2216/1447 3110/2211/1447 3109/2210/1447
f 3119/2215/1425 3120/2214/1425 3112/2208/1425
f 3119/2215/1425 3112/2208/1425 3111/2209/1425
f 3121/2218/1445 3122/2219/1445 3114/2213/1445
f 3121/2218/1445 3114/2213/1445 3113/2212/1445
f 3123/2220/1428 3124/2221/1428 3116/2215/1428
f 3123/2220/1428 3116/2215/1428 3115/2214/1428
f 3125/2222/1447 3126/2223/1447 3118/2217/1447
f 3125/2222/1447 3118/2217/1447 3117/2216/1447
f 3127/2221/1425 3128/2220/1425 3120/2214/1425
f 3127/2221/1425 3120/2214/1425 3119/2215/1425
f 3129/2224/1445 3130/2225/1445 3122/2219/1445
f 3129/2224/1445 3122/2219/1445 3121/2218/1445
f 3131/2226/1428 3132/2227/1428 3124/2221/1428
f 3131/2226/1428 3124/2221/1428 3123/2220/1428
f 3133/2228/1447 3134/2229/1447 3126/2223/1447
f 3133/2228/1448 3126/2223/1448 3125/2222/1448
f 3135/2227/1425 3136/2226/1425 3128/2220/1425
f 3135/2227/1425 3128/2220/1425 3127/2221/1425
f 3137/2230/1445 3138/2231/1445 3130/2225/1445
f 3137/2230/1445 3130/2225/1445 3129/2224/1445
f 3139/2232/1428 3140/2233/1428 3132/2227/1428
f 3139/2232/1428 3132/2227/1428 3131/2226/1428
f 3141/2234/1447 3142/2235/1447 3134/2229/1447
f 3141/2234/1447 3134/2229/1447 3133/2228/1447
f 3143/2233/1425 3144/2232/1425 3136/2226/1425
f 3143/2233/1425 3136/2226/1425 3135/2227/1425
f 3145/2236/1449 2191/1560/1449 3146/2237/1450
f 3145/2236/1449 3146/2237/1450 3147/2238/1451
f 3148/2239/1452 3149/2240/1453 3150/2241/1452
f 3148/2239/1452 3150/2241/1452 2188/1557/1452
f 3151/2242/1454 3152/2243/1455 2179/1548/1455
f 3151/2242/1454 2179/1548/1455 3153/2244/1456
f 2177/1546/1457 3154/2245/1457 2186/1555/1458
f 2177/1546/1457 2186/1555/1458 3155/2246/1457
f 2183/1552/1459 3156/2247/1460 2198/1567/1460
f 2183/1552/1459 2198/1567/1460 3157/2248/1460
f 3158/2249/1461 2175/1544/1461 2177/1546/1462
f 3158/2249/1461 2177/1546/1462 3155/2246/1461
f 2176/1545/1463 3159/2250/1463 3154/2245/1463
f 2176/1545/1463 3154/2245/1463 2177/1546/1463
f 3160/2251/1464 2184/1553/1465 2186/1555/1465
f 3160/2251/1464 2186/1555/1465 3154/2245/1465
f 2185/1554/1466 3161/2252/1467 3155/2246/1466
f 2185/1554/1466 3155/2246/1466 2186/1555/1466
f 2193/1562/1468 3162/2253/1468 3163/2254/1468
f 2193/1562/1468 3163/2254/1468 2194/1563/1469
f 3152/2243/1470 3151/2242/1470 3164/2255/1470
f 3152/2243/1470 3164/2255/1470 3165/2256/1471
f 2197/1566/1472 3166/2257/1472 3157/2248/1472
f 2197/1566/1472 3157/2248/1472 2198/1567/1472
f 3167/2258/1473 2193/1562/1473 2195/1564/1474
f 3167/2258/1473 2195/1564/1474 3168/2259/1475
f 3169/2260/1476 3170/2261/1477 3150/2241/1477
f 3169/2260/1476 3150/2241/1477 3149/2240/1478
f 3171/2262/1479 2189/1558/1480 2188/1557/1480
f 3171/2262/1479 2188/1557/1480 3150/2241/1481
f 3172/2263/1482 3173/2264/1483 3145/2236/1483
f 3172/2263/1482 3145/2236/1483 3147/2238/1484
f 2190/1559/1485 3174/2265/1485 3146/2237/1485
f 2190/1559/1485 3146/2237/1485 2191/1560/1486
f 3162/2253/1487 2193/1562/1487 3167/2258/1487
f 3162/2253/1487 3167/2258/1487 3175/2266/1487
f 3176/2267/1450 2215/1584/1449 3177/2268/1450
f 3176/2267/1450 3177/2268/1450 3178/2269/1451
f 3179/2270/1452 3180/2271/1453 3181/2272/1452
f 3179/2270/1452 3181/2272/1452 2212/1581/1452
f 3182/2273/1454 3183/2274/1455 2203/1572/1456
f 3182/2273/1454 2203/1572/1456 3184/2275/1456
f 2201/1570/1457 3185/2276/1457 2210/1579/1457
f 2201/1570/1457 2210/1579/1457 3186/2277/1457
f 2207/1576/1460 3187/2278/1460 2222/1591/1460
f 2207/1576/1460 2222/1591/1460 3188/2279/1460
f 3189/2280/1461 2199/1568/1461 2201/1570/1462
f 3189/2280/1461 2201/1570/1462 3186/2277/1461
f 2200/1569/1463 3190/2281/1463 3185/2276/1463
f 2200/1569/1463 3185/2276/1463 2201/1570/1463
f 3191/2282/1464 2208/1577/1465 2210/1579/1465
f 3191/2282/1464 2210/1579/1465 3185/2276/1465
f 2209/1578/1466 3192/2283/1467 3186/2277/1466
f 2209/1578/1466 3186/2277/1466 2210/1579/1466
f 2217/1586/1468 3193/2284/1468 3194/2285/1468
f 2217/1586/1468 3194/2285/1468 2218/1587/1469
f 3183/2274/1470 3182/2273/1470 3195/2286/1470
f 3183/2274/1470 3195/2286/1470 3196/2287/1471
f 2221/1590/1488 3197/2288/1472 3188/2279/1472
f 2221/1590/1488 3188/2279/1472 2222/1591/1472
f 3198/2289/1473 2217/1586/1473 2219/1588/1474
f 3198/2289/1473 2219/1588/1474 3199/2290/1475
f 3200/2291/1476 3201/2292/1477 3181/2272/1477
f 3200/2291/1476 3181/2272/1477 3180/2271/1478
f 3202/2293/1479 2213/1582/1480 2212/1581/1480
f 3202/2293/1479 2212/1581/1480 3181/2272/1481
f 3203/2294/1482 3204/2295/1483 3176/2267/1483
f 3203/2294/1482 3176/2267/1483 3178/2269/1482
f 2214/1583/1485 3205/2296/1485 3177/2268/1485
f 2214/1583/1485 3177/2268/1485 2215/1584/1486
f 3193/2284/1487 2217/1586/1487 3198/2289/1487
f 3193/2284/1487 3198/2289/1487 3206/2297/1487
f 3207/2298/1450 2239/1608/1449 3208/2299/1450
f 3207/2298/1450 3208/2299/1450 3209/2300/1451
f 3210/2301/1452 3211/2302/1453 3212/2303/1452
f 3210/2301/1452 3212/2303/1452 2236/1605/1452
f 3213/2304/1454 3214/2305/1455 2227/1596/1456
f 3213/2304/1454 2227/1596/1456 3215/2306/1456
f 2225/1594/1457 3216/2307/1457 2234/1603/1458
f 2225/1594/1457 2234/1603/1458 3217/2308/1457
f 2231/1600/1459 3218/2309/1460 2246/1615/1460
f 2231/1600/1459 2246/1615/1460 3219/2310/1460
f 3220/2311/1461 2223/1592/1461 2225/1594/1462
f 3220/2311/1461 2225/1594/1462 3217/2308/1461
f 2224/1593/1463 3221/2312/1463 3216/2307/1463
f 2224/1593/1463 3216/2307/1463 2225/1594/1463
f 3222/2313/1464 2232/1601/1465 2234/1603/1465
f 3222/2313/1464 2234/1603/1465 3216/2307/1465
f 2233/1602/1466 3223/2314/1467 3217/2308/1466
f 2233/1602/1466 3217/2308/1466 2234/1603/1466
f 2241/1610/1468 3224/2315/1489 3225/2316/1468
f 2241/1610/1468 3225/2316/1468 2242/1611/1469
f 3214/2305/1470 3213/2304/1470 3226/2317/1470
f 3214/2305/1470 3226/2317/1470 3227/2318/1471
f 2245/1614/1472 3228/2319/1472 3219/2310/1472
f 2245/1614/1472 3219/2310/1472 2246/1615/1472
f 3229/2320/1473 2241/1610/1473 2243/1612/1474
f 3229/2320/1473 2243/1612/1474 3230/2321/1475
f 3231/2322/1476 3232/2323/1477 3212/2303/1477
f 3231/2322/1476 3212/2303/1477 3211/2302/1478
f 3233/2324/1479 2237/1606/1480 2236/1605/1480
f 3233/2324/1479 2236/1605/1480 3212/2303/1481
f 3234/2325/1482 3235/2326/1483 3207/2298/1483
f 3234/2325/1482 3207/2298/1483 3209/2300/1482
f 2238/1607/1485 3236/2327/1485 3208/2299/1485
f 2238/1607/1485 3208/2299/1485 2239/1608/1486
f 3224/2315/1487 2241/1610/1487 3229/2320/1487
f 3224/2315/1487 3229/2320/1487 3237/2328/1487
# Vertices: 1089, normals: 82, texture coordinates: 802, faces: 1028

