# File generated by ImageToStl.com - Free Image and 3D model conversion tools

mtllib stol.mtl

o obj1
v -2.43167686 -0.30170106 4.80232229
v -2.34912904 -0.30163361 4.80217852
v -2.34916029 -0.29964685 4.63292815
v -2.43167686 -0.29971431 4.63292815
v -2.26721137 -0.3010554 4.8019389
v -2.26727037 -0.29906884 4.63292813
v -2.26721136 -0.30105534 4.46391735
v -2.34912906 -0.30163361 4.46367778
v -2.43167686 -0.30170119 4.463534
v -2.18633639 -0.29962872 4.80178777
v -2.18640798 -0.29764272 4.63292811
v -2.10604622 -0.2979185 4.80149675
v -2.1060709 -0.29593383 4.63292809
v -2.10604622 -0.2979185 4.46435944
v -2.18633636 -0.29962879 4.46406844
v -2.02639018 -0.29697938 4.80073208
v -2.02625667 -0.29500298 4.63292807
v -1.9503162 -0.29892501 4.79915163
v -1.94986494 -0.29698784 4.63292805
v -1.95031625 -0.29892495 4.46670446
v -2.02639018 -0.29697944 4.46512403
v -1.88066526 -0.30646368 4.7968071
v -1.87971823 -0.30462372 4.63292803
v -1.81695048 -0.32362637 4.79533437
v -1.81542667 -0.32195986 4.63292802
v -1.81695048 -0.32362637 4.47052166
v -1.88066521 -0.30646374 4.46904892
v -1.81695048 -0.32362637 4.79533437
v -1.75861266 -0.35332253 4.79614791
v -1.75654687 -0.35190842 4.63292802
v -1.81542667 -0.32195986 4.63292802
v -1.70812901 -0.39265541 4.79819279
v -1.70563094 -0.3915203 4.63292802
v -1.70812901 -0.39265535 4.46766324
v -1.75861266 -0.35332253 4.46970811
v -1.81695048 -0.32362637 4.47052166
v -1.6677783 -0.437943 4.80004287
v -1.6650017 -0.43705871 4.632928
v -1.63600678 -0.48816886 4.80125694
v -1.63306765 -0.48749952 4.632928
v -1.63600683 -0.48816893 4.46459904
v -1.66777825 -0.43794306 4.46581315
v -1.61084218 -0.54272935 4.80174174
v -1.60780503 -0.54224494 4.63292799
v -1.59246775 -0.60000654 4.80181098
v -1.58937292 -0.59968876 4.632928
v -1.59246775 -0.60000647 4.464045
v -1.61084223 -0.54272928 4.46411423
v -1.58146123 -0.65837018 4.80181098
v -1.57833481 -0.65821242 4.632928
v -1.57782422 -0.71715629 4.80181095
v -1.57468758 -0.71715629 4.632928
v -1.57782422 -0.71715635 4.464045
v -1.58146134 -0.65837014 4.464045
v -1.58146144 -0.77594246 4.80181095
v -1.57833471 -0.77610012 4.632928
v -1.59246775 -0.83430613 4.80181095
v -1.58937292 -0.83462391 4.632928
v -1.5924677 -0.83430613 4.46404501
v -1.58146134 -0.77594246 4.46404501
v -1.61084218 -0.89158323 4.80174173
v -1.60780497 -0.89206766 4.63292799
v -1.63600678 -0.94614372 4.80125693
v -1.63306765 -0.94681302 4.63292799
v -1.63600683 -0.94614372 4.46459905
v -1.61084223 -0.89158323 4.46411425
v -1.6677783 -0.99636963 4.80004285
v -1.6650017 -0.99725394 4.63292799
v -1.70812911 -1.04165725 4.79819276
v -1.70563099 -1.04279237 4.63292798
v -1.70812906 -1.04165725 4.4676632
v -1.66777835 -0.99636963 4.46581309
v -1.75861261 -1.08099011 4.79614787
v -1.75654682 -1.08240417 4.63292797
v -1.81695048 -1.11068622 4.79533433
v -1.81542672 -1.11235276 4.63292797
v -1.81695048 -1.11068622 4.47052159
v -1.75861266 -1.08099011 4.46970804
v -1.81695048 -1.11068622 4.79533433
v -1.88066526 -1.12784883 4.79680708
v -1.87971818 -1.12968886 4.63292796
v -1.81542672 -1.11235276 4.63292797
v -1.9503162 -1.13538759 4.79915155
v -1.94986499 -1.13732472 4.63292794
v -1.95031625 -1.13538759 4.46670435
v -1.88066526 -1.12784883 4.46904885
v -1.81695048 -1.11068622 4.47052159
v -2.02639018 -1.13733318 4.80073195
v -2.02625667 -1.13930955 4.63292792
v -2.10604624 -1.13639415 4.80149658
v -2.1060709 -1.13837874 4.6329279
v -2.10604622 -1.13639415 4.46435923
v -2.02639018 -1.13733318 4.46512388
v -2.18633634 -1.13468389 4.80178756
v -2.18640798 -1.13666998 4.63292787
v -2.26721137 -1.1332573 4.80193866
v -2.26727038 -1.13524383 4.63292786
v -2.26721136 -1.1332573 4.46391707
v -2.18633636 -1.13468389 4.4640682
v -2.34912904 -1.13267906 4.80217824
v -2.34916029 -1.1346658 4.63292784
v -2.43167686 -1.13261149 4.80232202
v -2.43167686 -1.13459832 4.63292784
v -2.43167686 -1.13261149 4.46353369
v -2.34912905 -1.13267906 4.46367745
v -2.51422468 -1.13267906 4.80217826
v -2.51419344 -1.1346658 4.63292784
v -2.59614234 -1.1332573 4.80193865
v -2.59608335 -1.13524383 4.63292786
v -2.59614236 -1.1332573 4.46391706
v -2.51422468 -1.13267906 4.46367745
v -2.67701739 -1.13468389 4.80178756
v -2.67694572 -1.13666998 4.63292788
v -2.75730749 -1.13639415 4.80149656
v -2.75728285 -1.13837874 4.6329279
v -2.75730751 -1.13639415 4.46435925
v -2.67701737 -1.13468389 4.4640682
v -2.83696355 -1.13733318 4.80073192
v -2.83709706 -1.13930955 4.63292793
v -2.91303753 -1.13538758 4.79915153
v -2.91348879 -1.13732472 4.63292795
v -2.91303748 -1.13538759 4.46670435
v -2.83696355 -1.13733318 4.46512392
v -2.98268847 -1.12784883 4.79680706
v -2.98363555 -1.12968886 4.63292797
v -3.04640325 -1.11068622 4.79533433
v -3.04792706 -1.11235276 4.63292797
v -3.04640325 -1.11068622 4.4705216
v -2.98268857 -1.12784883 4.46904888
v -3.04640325 -1.11068622 4.79533433
v -3.10474117 -1.08099011 4.79614787
v -3.10680686 -1.08240416 4.63292797
v -3.04792706 -1.11235276 4.63292797
v -3.15522472 -1.04165725 4.79819273
v -3.15772279 -1.04279237 4.63292798
v -3.15522472 -1.04165725 4.46766321
v -3.10474107 -1.08099011 4.46970807
v -3.04640325 -1.11068622 4.4705216
v -3.19557543 -0.99636963 4.80004282
v -3.19835203 -0.99725394 4.63292798
v -3.22734695 -0.94614372 4.80125692
v -3.23028607 -0.94681302 4.63292799
v -3.2273469 -0.94614372 4.46459905
v -3.19557548 -0.99636962 4.46581313
v -3.25251155 -0.89158321 4.80174172
v -3.2555487 -0.89206766 4.632928
v -3.27088597 -0.83430613 4.80181098
v -3.27398081 -0.83462394 4.63292799
v -3.27088597 -0.83430613 4.46404501
v -3.2525115 -0.89158321 4.46411425
v -3.28189249 -0.77594246 4.80181098
v -3.28501892 -0.77610015 4.63292799
v -3.28552951 -0.71715629 4.80181098
v -3.28866615 -0.71715629 4.632928
v -3.28552951 -0.71715632 4.46404499
v -3.28189239 -0.77594246 4.46404499
v -3.28189229 -0.65837021 4.80181098
v -3.28501902 -0.65821246 4.63292799
v -3.27088597 -0.6000065 4.80181098
v -3.27398081 -0.59968876 4.632928
v -3.27088602 -0.6000065 4.46404498
v -3.28189239 -0.65837014 4.46404496
v -3.25251155 -0.54272935 4.80174174
v -3.25554875 -0.54224501 4.632928
v -3.22734695 -0.48816893 4.80125694
v -3.23028607 -0.48749952 4.632928
v -3.2273469 -0.48816893 4.46459904
v -3.2525115 -0.54272935 4.46411421
v -3.19557543 -0.437943 4.80004288
v -3.19835203 -0.43705871 4.63292801
v -3.15522467 -0.39265535 4.79819279
v -3.15772274 -0.3915203 4.63292802
v -3.15522472 -0.39265535 4.46766323
v -3.19557543 -0.43794306 4.46581313
v -3.10474117 -0.3533226 4.79614792
v -3.10680696 -0.35190848 4.63292801
v -3.04640325 -0.32362637 4.7953344
v -3.04792701 -0.32195986 4.63292802
v -3.04640325 -0.32362631 4.47052164
v -3.10474107 -0.3533226 4.4697081
v -3.04640325 -0.32362637 4.7953344
v -2.98268852 -0.30646368 4.79680714
v -2.98363555 -0.30462366 4.63292803
v -3.04792701 -0.32195986 4.63292802
v -2.91303748 -0.29892495 4.79915166
v -2.91348874 -0.29698778 4.63292804
v -2.91303748 -0.29892495 4.46670441
v -2.98268857 -0.30646368 4.46904891
v -3.04640325 -0.32362631 4.47052164
v -2.83696355 -0.29697938 4.80073211
v -2.83709706 -0.29500304 4.63292807
v -2.75730751 -0.2979185 4.80149676
v -2.7572828 -0.29593389 4.63292809
v -2.75730751 -0.2979185 4.46435944
v -2.83696353 -0.29697944 4.46512403
v -2.67701739 -0.29962872 4.80178776
v -2.67694572 -0.2976426 4.63292811
v -2.59614237 -0.30105534 4.8019389
v -2.59608335 -0.29906896 4.63292813
v -2.59614237 -0.3010554 4.46391735
v -2.67701737 -0.29962885 4.46406844
v -2.51422469 -0.30163361 4.80217852
v -2.51419344 -0.29964685 4.63292814
v -2.51422467 -0.30163367 4.46367777
v -2.43167687 -0.31229756 4.8023223
v -2.43167686 -0.31428431 4.63292815
v -2.34893117 -0.31421622 4.63292815
v -2.34896241 -0.31222953 4.80217852
v -2.43167686 -0.31229749 4.463534
v -2.34896241 -0.31222953 4.46367777
v -2.26689664 -0.31165013 4.46391736
v -2.26683762 -0.31363663 4.63292813
v -2.26689664 -0.31165013 4.8019389
v -2.18588268 -0.3122073 4.63292811
v -2.18595435 -0.31022123 4.80178777
v -2.18595435 -0.31022123 4.46406844
v -2.10591446 -0.30850299 4.46435943
v -2.10588978 -0.3104876 4.63292809
v -2.10591446 -0.30850305 4.80149675
v -2.02723572 -0.30949637 4.63292807
v -2.02710224 -0.30751997 4.80073211
v -2.02710221 -0.30752016 4.46512406
v -1.95272305 -0.30925622 4.46670445
v -1.95317421 -0.31119339 4.63292805
v -1.952723 -0.30925622 4.79915163
v -1.88666326 -0.31811735 4.63292803
v -1.88571613 -0.31627732 4.79680712
v -1.88571613 -0.31627726 4.46904895
v -1.82507736 -0.3325146 4.47052165
v -1.82660122 -0.33418117 4.63292802
v -1.82507736 -0.3325146 4.79533439
v -1.82507736 -0.3325146 4.79533439
v -1.82660122 -0.33418117 4.63292802
v -1.77169569 -0.36227822 4.63292802
v -1.76962995 -0.36086411 4.79614791
v -1.82507736 -0.3325146 4.47052165
v -1.76962995 -0.36086417 4.46970811
v -1.72145206 -0.39870929 4.46766322
v -1.72395009 -0.39984441 4.63292802
v -1.72145206 -0.39870929 4.79819279
v -1.68536346 -0.44354368 4.63292801
v -1.6825868 -0.44265938 4.80004287
v -1.6825868 -0.44265938 4.46581314
v -1.6516824 -0.49173857 4.46459904
v -1.65462167 -0.49240785 4.632928
v -1.6516824 -0.49173857 4.80125694
v -1.63007782 -0.54579747 4.63292799
v -1.62704061 -0.545313 4.80174173
v -1.62704061 -0.545313 4.46411425
v -1.6089732 -0.60170122 4.464045
v -1.61206798 -0.60201897 4.632928
v -1.6089732 -0.60170125 4.801811
v -1.60126254 -0.65936886 4.632928
v -1.59813616 -0.65921123 4.80181098
v -1.59813616 -0.6592112 4.46404501
v -1.59455352 -0.71715632 4.46404501
v -1.59769021 -0.71715632 4.632928
v -1.59455352 -0.71715632 4.80181097
v -1.60126269 -0.77494375 4.632928
v -1.59813621 -0.77510143 4.80181095
v -1.59813621 -0.7751014 4.46404501
v -1.6089731 -0.83261141 4.464045
v -1.61206793 -0.83229364 4.632928
v -1.6089731 -0.83261138 4.80181097
v -1.63007792 -0.88851517 4.632928
v -1.62704066 -0.8889996 4.80174171
v -1.62704066 -0.88899959 4.46411425
v -1.6516825 -0.94257405 4.46459903
v -1.65462167 -0.94190474 4.63292799
v -1.65168245 -0.94257407 4.80125693
v -1.68536346 -0.99076898 4.63292798
v -1.6825868 -0.9916533 4.80004286
v -1.68258685 -0.99165329 4.46581309
v -1.72145201 -1.03560336 4.46766321
v -1.72395009 -1.03446825 4.63292798
v -1.72145206 -1.03560336 4.79819275
v -1.77169574 -1.07203446 4.63292797
v -1.76963005 -1.07344851 4.79614789
v -1.76962995 -1.07344851 4.46970807
v -1.82507741 -1.101798 4.47052161
v -1.82660122 -1.10013145 4.63292797
v -1.82507741 -1.101798 4.79533432
v -1.82507741 -1.101798 4.79533432
v -1.82660122 -1.10013145 4.63292797
v -1.88666316 -1.11619531 4.63292796
v -1.88571613 -1.11803534 4.79680708
v -1.82507741 -1.101798 4.47052161
v -1.88571613 -1.11803534 4.46904885
v -1.95272295 -1.12505619 4.46670434
v -1.95317426 -1.12311906 4.63292794
v -1.95272295 -1.12505619 4.79915155
v -2.02723577 -1.12481616 4.63292792
v -2.02710224 -1.12679253 4.80073195
v -2.02710226 -1.12679253 4.46512388
v -2.10591444 -1.12580966 4.46435924
v -2.10588978 -1.12382506 4.6329279
v -2.10591446 -1.12580966 4.80149657
v -2.1858827 -1.12210533 4.63292787
v -2.18595432 -1.12409142 4.80178756
v -2.18595432 -1.12409142 4.4640682
v -2.26689664 -1.12266248 4.46391708
v -2.26683762 -1.12067596 4.63292786
v -2.26689665 -1.12266248 4.80193865
v -2.34893117 -1.12009638 4.63292784
v -2.34896241 -1.12208312 4.80217826
v -2.34896241 -1.12208312 4.46367746
v -2.43167687 -1.12201508 4.46353367
v -2.43167687 -1.12002825 4.63292784
v -2.43167686 -1.12201508 4.80232201
v -2.51442257 -1.12009638 4.63292784
v -2.51439133 -1.12208312 4.80217824
v -2.51439132 -1.12208312 4.46367745
v -2.59645709 -1.12266248 4.46391706
v -2.59651611 -1.12067596 4.63292786
v -2.59645709 -1.12266248 4.80193866
v -2.67747105 -1.12210533 4.63292788
v -2.67739941 -1.12409142 4.80178755
v -2.67739938 -1.12409142 4.4640682
v -2.75743927 -1.12580966 4.46435925
v -2.75746392 -1.12382506 4.63292791
v -2.75743924 -1.12580966 4.80149655
v -2.83611798 -1.12481616 4.63292793
v -2.83625149 -1.12679253 4.80073193
v -2.83625149 -1.12679253 4.46512393
v -2.91063067 -1.12505619 4.46670435
v -2.91017952 -1.12311906 4.63292795
v -2.91063072 -1.12505619 4.79915154
v -2.97669052 -1.11619531 4.63292796
v -2.9776376 -1.11803534 4.79680705
v -2.97763765 -1.11803534 4.46904888
v -3.03827637 -1.10179799 4.47052159
v -3.03675251 -1.10013146 4.63292797
v -3.03827642 -1.101798 4.79533435
v -3.03827642 -1.101798 4.79533435
v -3.03675251 -1.10013146 4.63292797
v -3.09165814 -1.07203446 4.63292797
v -3.09372388 -1.07344851 4.79614787
v -3.03827637 -1.10179799 4.47052159
v -3.09372383 -1.07344851 4.46970806
v -3.14190167 -1.03560336 4.4676632
v -3.13940364 -1.03446824 4.63292797
v -3.14190167 -1.03560336 4.79819273
v -3.17799027 -0.99076898 4.63292798
v -3.18076693 -0.99165327 4.80004282
v -3.18076693 -0.99165329 4.46581314
v -3.21167133 -0.94257407 4.46459906
v -3.20873206 -0.94190475 4.63292799
v -3.21167133 -0.94257405 4.80125692
v -3.23327591 -0.8885152 4.632928
v -3.23631312 -0.88899962 4.80174172
v -3.23631312 -0.88899962 4.46411427
v -3.25438053 -0.83261138 4.464045
v -3.25128575 -0.83229364 4.63292799
v -3.25438053 -0.83261141 4.80181097
v -3.26209119 -0.77494375 4.63292799
v -3.26521757 -0.7751014 4.80181099
v -3.26521757 -0.7751014 4.46404499
v -3.26880021 -0.71715632 4.46404498
v -3.26566352 -0.71715632 4.632928
v -3.26880021 -0.71715632 4.801811
v -3.26209104 -0.65936886 4.63292799
v -3.26521752 -0.6592112 4.80181099
v -3.26521752 -0.65921117 4.46404499
v -3.25438063 -0.60170122 4.46404498
v -3.2512858 -0.602019 4.632928
v -3.25438063 -0.60170122 4.801811
v -3.23327581 -0.54579753 4.63292799
v -3.23631307 -0.545313 4.80174176
v -3.23631307 -0.54531294 4.46411424
v -3.21167123 -0.49173857 4.46459901
v -3.20873206 -0.49240779 4.632928
v -3.21167128 -0.49173863 4.80125695
v -3.17799027 -0.44354368 4.63292801
v -3.18076693 -0.44265938 4.80004289
v -3.18076693 -0.44265938 4.46581313
v -3.14190172 -0.39870935 4.46766324
v -3.13940374 -0.39984453 4.63292802
v -3.14190182 -0.39870935 4.79819279
v -3.09165804 -0.36227815 4.63292802
v -3.09372383 -0.36086417 4.79614791
v -3.09372383 -0.36086417 4.4697081
v -3.03827632 -0.33251466 4.47052164
v -3.03675256 -0.33418124 4.63292802
v -3.03827637 -0.33251466 4.7953344
v -3.03827637 -0.33251466 4.7953344
v -3.03675256 -0.33418124 4.63292802
v -2.97669062 -0.31811728 4.63292803
v -2.97763765 -0.31627719 4.79680714
v -3.03827632 -0.33251466 4.47052164
v -2.9776376 -0.31627719 4.46904891
v -2.91063077 -0.30925634 4.46670441
v -2.91017952 -0.31119345 4.63292805
v -2.91063077 -0.30925634 4.79915165
v -2.83611796 -0.30949643 4.63292807
v -2.83625149 -0.30752003 4.80073212
v -2.83625146 -0.3075201 4.46512403
v -2.75743929 -0.30850293 4.46435944
v -2.75746397 -0.31048766 4.63292809
v -2.75743927 -0.30850293 4.80149673
v -2.67747105 -0.31220717 4.63292811
v -2.67739943 -0.31022111 4.80178776
v -2.67739941 -0.31022111 4.46406844
v -2.59645709 -0.31165019 4.46391735
v -2.59651611 -0.31363669 4.63292813
v -2.59645711 -0.31165013 4.80193891
v -2.51442256 -0.31421616 4.63292814
v -2.51439132 -0.31222953 4.80217853
v -2.51439132 -0.31222953 4.46367777
v -2.26721137 -0.3010554 4.8019389
v -2.34912904 -0.30163361 4.80217852
v -2.34904572 -0.3069316 4.86564742
v -2.26705401 -0.30635277 4.86531797
v -2.43167686 -0.30170106 4.80232229
v -2.43167687 -0.30699931 4.8658451
v -2.43167687 -0.31229756 4.8023223
v -2.34896241 -0.31222953 4.80217852
v -2.26689664 -0.31165013 4.8019389
v -2.43167686 -0.30170119 4.463534
v -2.34912906 -0.30163361 4.46367778
v -2.34904572 -0.30693154 4.40020885
v -2.43167686 -0.30699937 4.40001121
v -2.26721136 -0.30105534 4.46391735
v -2.26705401 -0.30635277 4.40053835
v -2.26689664 -0.31165013 4.46391736
v -2.34896241 -0.31222953 4.46367777
v -2.43167686 -0.31229749 4.463534
v -2.10604622 -0.2979185 4.80149675
v -2.18633639 -0.29962872 4.80178777
v -2.18614533 -0.30492495 4.86511014
v -2.10598035 -0.30321068 4.86470997
v -2.18595435 -0.31022123 4.80178777
v -2.10591446 -0.30850305 4.80149675
v -2.18633636 -0.29962879 4.46406844
v -2.18614535 -0.30492488 4.40074608
v -2.10604622 -0.2979185 4.46435944
v -2.10598033 -0.30321068 4.40114614
v -2.10591446 -0.30850299 4.46435943
v -2.18595435 -0.31022123 4.46406844
v -1.9503162 -0.29892501 4.79915163
v -2.02639018 -0.29697938 4.80073208
v -2.02674621 -0.30224977 4.86365863
v -1.95151958 -0.30409068 4.86148553
v -2.02710224 -0.30751997 4.80073211
v -1.952723 -0.30925622 4.79915163
v -2.02639018 -0.29697944 4.46512403
v -2.02674618 -0.30224977 4.40219752
v -1.95031625 -0.29892495 4.46670446
v -1.95151958 -0.30409068 4.4043706
v -1.95272305 -0.30925622 4.46670445
v -2.02710221 -0.30752016 4.46512406
v -1.81695048 -0.32362637 4.79533437
v -1.88066526 -0.30646368 4.7968071
v -1.88319062 -0.31137044 4.85826183
v -1.82101392 -0.32807045 4.85623675
v -1.88571613 -0.31627732 4.79680712
v -1.82507736 -0.3325146 4.79533439
v -1.88066521 -0.30646374 4.46904892
v -1.88319067 -0.3113705 4.40759426
v -1.81695048 -0.32362637 4.47052166
v -1.82101392 -0.32807051 4.40961926
v -1.82507736 -0.3325146 4.47052165
v -1.88571613 -0.31627726 4.46904895
v -1.70812901 -0.39265541 4.79819279
v -1.75861266 -0.35332253 4.79614791
v -1.76412131 -0.35709329 4.8573554
v -1.71479051 -0.39568241 4.86016708
v -1.76962995 -0.36086411 4.79614791
v -1.72145206 -0.39870929 4.79819279
v -1.75861266 -0.35332253 4.46970811
v -1.76412131 -0.35709322 4.40850066
v -1.70812901 -0.39265535 4.46766324
v -1.71479046 -0.39568235 4.40568891
v -1.72145206 -0.39870929 4.46766322
v -1.76962995 -0.36086417 4.46970811
v -1.63600678 -0.48816886 4.80125694
v -1.6677783 -0.437943 4.80004287
v -1.67518255 -0.44030129 4.86271098
v -1.64384471 -0.48995375 4.86438028
v -1.6825868 -0.44265938 4.80004287
v -1.6516824 -0.49173857 4.80125694
v -1.66777825 -0.43794306 4.46581315
v -1.6751826 -0.44030122 4.40314503
v -1.63600683 -0.48816893 4.46459904
v -1.64384471 -0.48995369 4.40147566
v -1.6516824 -0.49173857 4.46459904
v -1.6825868 -0.44265938 4.46581314
v -1.59246775 -0.60000654 4.80181098
v -1.61084218 -0.54272935 4.80174174
v -1.61894137 -0.54402117 4.86504689
v -1.6007204 -0.60085391 4.86514214
v -1.62704061 -0.545313 4.80174173
v -1.6089732 -0.60170125 4.801811
v -1.61084223 -0.54272928 4.46411423
v -1.61894137 -0.54402124 4.4008091
v -1.59246775 -0.60000647 4.464045
v -1.60072045 -0.60085388 4.40071385
v -1.6089732 -0.60170122 4.464045
v -1.62704061 -0.545313 4.46411425
v -1.57782422 -0.71715629 4.80181095
v -1.58146123 -0.65837018 4.80181098
v -1.5897987 -0.65879066 4.86514211
v -1.58618882 -0.71715629 4.86514209
v -1.59813616 -0.65921123 4.80181098
v -1.59455352 -0.71715632 4.80181097
v -1.58146134 -0.65837014 4.464045
v -1.5897987 -0.65879066 4.40071385
v -1.57782422 -0.71715635 4.464045
v -1.58618892 -0.71715629 4.40071388
v -1.59455352 -0.71715632 4.46404501
v -1.59813616 -0.6592112 4.46404501
v -1.59246775 -0.83430613 4.80181095
v -1.58146144 -0.77594246 4.80181095
v -1.5897988 -0.77552195 4.86514214
v -1.60072045 -0.83345879 4.86514209
v -1.59813621 -0.77510143 4.80181095
v -1.6089731 -0.83261138 4.80181097
v -1.58146134 -0.77594246 4.46404501
v -1.5897988 -0.77552192 4.40071392
v -1.5924677 -0.83430613 4.46404501
v -1.6007204 -0.83345876 4.40071388
v -1.6089731 -0.83261141 4.464045
v -1.59813621 -0.7751014 4.46404501
v -1.63600678 -0.94614372 4.80125693
v -1.61084218 -0.89158323 4.80174173
v -1.61894137 -0.89029142 4.86504685
v -1.64384471 -0.9443589 4.86438028
v -1.62704066 -0.8889996 4.80174171
v -1.65168245 -0.94257407 4.80125693
v -1.61084223 -0.89158323 4.46411425
v -1.61894142 -0.89029142 4.40080917
v -1.63600683 -0.94614372 4.46459905
v -1.64384471 -0.94435889 4.40147566
v -1.6516825 -0.94257405 4.46459903
v -1.62704066 -0.88899959 4.46411425
v -1.70812911 -1.04165725 4.79819276
v -1.6677783 -0.99636963 4.80004285
v -1.6751826 -0.99401144 4.86271093
v -1.71479061 -1.03863031 4.86016703
v -1.6825868 -0.9916533 4.80004286
v -1.72145206 -1.03560336 4.79819275
v -1.66777835 -0.99636963 4.46581309
v -1.6751826 -0.99401146 4.40314505
v -1.70812906 -1.04165725 4.4676632
v -1.71479061 -1.03863032 4.40568891
v -1.72145201 -1.03560336 4.46766321
v -1.68258685 -0.99165329 4.46581309
v -1.81695048 -1.11068622 4.79533433
v -1.75861261 -1.08099011 4.79614787
v -1.76412131 -1.07721931 4.85735535
v -1.82101397 -1.10624211 4.85623673
v -1.76963005 -1.07344851 4.79614789
v -1.82507741 -1.101798 4.79533432
v -1.75861266 -1.08099011 4.46970804
v -1.76412131 -1.07721931 4.40850059
v -1.81695048 -1.11068622 4.47052159
v -1.82101392 -1.10624211 4.40961921
v -1.82507741 -1.101798 4.47052161
v -1.76962995 -1.07344851 4.46970807
v -1.9503162 -1.13538759 4.79915155
v -1.88066526 -1.12784883 4.79680708
v -1.88319067 -1.12294209 4.85826171
v -1.95151958 -1.13022189 4.86148537
v -1.88571613 -1.11803534 4.79680708
v -1.95272295 -1.12505619 4.79915155
v -1.88066526 -1.12784883 4.46904885
v -1.88319067 -1.12294209 4.40759421
v -1.95031625 -1.13538759 4.46670435
v -1.95151958 -1.13022189 4.4043705
v -1.95272295 -1.12505619 4.46670434
v -1.88571613 -1.11803534 4.46904885
v -2.10604624 -1.13639415 4.80149658
v -2.02639018 -1.13733318 4.80073195
v -2.02674621 -1.13206285 4.86365846
v -2.10598033 -1.1311019 4.86470982
v -2.02710224 -1.12679253 4.80073195
v -2.10591446 -1.12580966 4.80149657
v -2.02639018 -1.13733318 4.46512388
v -2.02674621 -1.13206285 4.40219736
v -2.10604622 -1.13639415 4.46435923
v -2.10598035 -1.1311019 4.40114598
v -2.10591444 -1.12580966 4.46435924
v -2.02710226 -1.12679253 4.46512388
v -2.26721137 -1.1332573 4.80193866
v -2.18633634 -1.13468389 4.80178756
v -2.18614535 -1.12938765 4.86510991
v -2.26705401 -1.12795989 4.86531769
v -2.18595432 -1.12409142 4.80178756
v -2.26689665 -1.12266248 4.80193865
v -2.18633636 -1.13468389 4.4640682
v -2.18614533 -1.12938765 4.4007458
v -2.26721136 -1.1332573 4.46391707
v -2.26705402 -1.12795989 4.40053799
v -2.26689664 -1.12266248 4.46391708
v -2.18595432 -1.12409142 4.4640682
v -2.43167686 -1.13261149 4.80232202
v -2.34912904 -1.13267906 4.80217824
v -2.34904572 -1.12738109 4.86564714
v -2.43167686 -1.12731328 4.86584484
v -2.34896241 -1.12208312 4.80217826
v -2.43167686 -1.12201508 4.80232201
v -2.34912905 -1.13267906 4.46367745
v -2.34904572 -1.12738109 4.40020852
v -2.43167686 -1.13261149 4.46353369
v -2.43167687 -1.12731328 4.40001084
v -2.43167687 -1.12201508 4.46353367
v -2.34896241 -1.12208312 4.46367746
v -2.59614234 -1.1332573 4.80193865
v -2.51422468 -1.13267906 4.80217826
v -2.514308 -1.12738109 4.86564714
v -2.59629971 -1.12795989 4.86531771
v -2.51439133 -1.12208312 4.80217824
v -2.59645709 -1.12266248 4.80193866
v -2.51422468 -1.13267906 4.46367745
v -2.514308 -1.12738109 4.40020852
v -2.59614236 -1.1332573 4.46391706
v -2.59629972 -1.12795989 4.40053799
v -2.59645709 -1.12266248 4.46391706
v -2.51439132 -1.12208312 4.46367745
v -2.75730749 -1.13639415 4.80149656
v -2.67701739 -1.13468389 4.80178756
v -2.6772084 -1.12938765 4.86510988
v -2.75737338 -1.1311019 4.86470978
v -2.67739941 -1.12409142 4.80178755
v -2.75743924 -1.12580966 4.80149655
v -2.67701737 -1.13468389 4.4640682
v -2.67720837 -1.12938765 4.40074582
v -2.75730751 -1.13639415 4.46435925
v -2.7573734 -1.1311019 4.401146
v -2.75743927 -1.12580966 4.46435925
v -2.67739938 -1.12409142 4.4640682
v -2.91303753 -1.13538758 4.79915153
v -2.83696355 -1.13733318 4.80073192
v -2.83660752 -1.13206285 4.86365842
v -2.91183415 -1.13022189 4.86148537
v -2.83625149 -1.12679253 4.80073193
v -2.91063072 -1.12505619 4.79915154
v -2.83696355 -1.13733318 4.46512392
v -2.83660755 -1.13206285 4.40219743
v -2.91303748 -1.13538759 4.46670435
v -2.91183415 -1.13022189 4.40437053
v -2.91063067 -1.12505619 4.46670435
v -2.83625149 -1.12679253 4.46512393
v -3.04640325 -1.11068622 4.79533433
v -2.98268847 -1.12784883 4.79680706
v -2.98016311 -1.12294209 4.85826171
v -3.04233986 -1.10624211 4.85623673
v -2.9776376 -1.11803534 4.79680705
v -3.03827642 -1.101798 4.79533435
v -2.98268857 -1.12784883 4.46904888
v -2.98016311 -1.12294209 4.40759418
v -3.04640325 -1.11068622 4.4705216
v -3.04233981 -1.10624211 4.40961921
v -3.03827637 -1.10179799 4.47052159
v -2.97763765 -1.11803534 4.46904888
v -3.15522472 -1.04165725 4.79819273
v -3.10474117 -1.08099011 4.79614787
v -3.09923242 -1.07721931 4.85735535
v -3.14856322 -1.03863032 4.86016701
v -3.09372388 -1.07344851 4.79614787
v -3.14190167 -1.03560336 4.79819273
v -3.10474107 -1.08099011 4.46970807
v -3.09923242 -1.07721931 4.40850062
v -3.15522472 -1.04165725 4.46766321
v -3.14856327 -1.03863031 4.40568891
v -3.14190167 -1.03560336 4.4676632
v -3.09372383 -1.07344851 4.46970806
v -3.22734695 -0.94614372 4.80125692
v -3.19557543 -0.99636963 4.80004282
v -3.18817118 -0.99401146 4.86271091
v -3.21950902 -0.94435889 4.86438026
v -3.18076693 -0.99165327 4.80004282
v -3.21167133 -0.94257405 4.80125692
v -3.19557548 -0.99636962 4.46581313
v -3.18817113 -0.99401144 4.40314505
v -3.2273469 -0.94614372 4.46459905
v -3.21950902 -0.9443589 4.40147568
v -3.21167133 -0.94257407 4.46459906
v -3.18076693 -0.99165329 4.46581314
v -3.27088597 -0.83430613 4.80181098
v -3.25251155 -0.89158321 4.80174172
v -3.24441236 -0.89029142 4.86504687
v -3.26263333 -0.83345879 4.86514211
v -3.23631312 -0.88899962 4.80174172
v -3.25438053 -0.83261141 4.80181097
v -3.2525115 -0.89158321 4.46411425
v -3.24441236 -0.89029142 4.4008091
v -3.27088597 -0.83430613 4.46404501
v -3.26263328 -0.83345879 4.40071385
v -3.25438053 -0.83261138 4.464045
v -3.23631312 -0.88899962 4.46411427
v -3.28552951 -0.71715629 4.80181098
v -3.28189249 -0.77594246 4.80181098
v -3.27355503 -0.77552192 4.86514216
v -3.27716491 -0.71715632 4.86514214
v -3.26521757 -0.7751014 4.80181099
v -3.26880021 -0.71715632 4.801811
v -3.28189239 -0.77594246 4.46404499
v -3.27355503 -0.77552195 4.40071385
v -3.28552951 -0.71715632 4.46404499
v -3.27716481 -0.71715632 4.40071385
v -3.26880021 -0.71715632 4.46404498
v -3.26521757 -0.7751014 4.46404499
v -3.27088597 -0.6000065 4.80181098
v -3.28189229 -0.65837021 4.80181098
v -3.27355493 -0.65879066 4.86514216
v -3.26263328 -0.60085388 4.86514214
v -3.26521752 -0.6592112 4.80181099
v -3.25438063 -0.60170122 4.801811
v -3.28189239 -0.65837014 4.46404496
v -3.27355493 -0.65879066 4.40071385
v -3.27088602 -0.6000065 4.46404498
v -3.26263333 -0.60085391 4.40071383
v -3.25438063 -0.60170122 4.46404498
v -3.26521752 -0.65921117 4.46404499
v -3.22734695 -0.48816893 4.80125694
v -3.25251155 -0.54272935 4.80174174
v -3.24441236 -0.54402124 4.86504692
v -3.21950902 -0.48995375 4.86438035
v -3.23631307 -0.545313 4.80174176
v -3.21167128 -0.49173863 4.80125695
v -3.2525115 -0.54272935 4.46411421
v -3.24441231 -0.54402117 4.4008091
v -3.2273469 -0.48816893 4.46459904
v -3.21950902 -0.48995369 4.40147564
v -3.21167123 -0.49173857 4.46459901
v -3.23631307 -0.54531294 4.46411424
v -3.15522467 -0.39265535 4.79819279
v -3.19557543 -0.437943 4.80004288
v -3.18817113 -0.44030129 4.86271098
v -3.14856327 -0.39568235 4.86016708
v -3.18076693 -0.44265938 4.80004289
v -3.14190182 -0.39870935 4.79819279
v -3.19557543 -0.43794306 4.46581313
v -3.18817113 -0.44030122 4.40314505
v -3.15522472 -0.39265535 4.46766323
v -3.14856322 -0.39568235 4.40568893
v -3.14190172 -0.39870935 4.46766324
v -3.18076693 -0.44265938 4.46581313
v -3.04640325 -0.32362637 4.7953344
v -3.10474117 -0.3533226 4.79614792
v -3.09923242 -0.35709322 4.8573554
v -3.04233981 -0.32807051 4.85623675
v -3.09372383 -0.36086417 4.79614791
v -3.03827637 -0.33251466 4.7953344
v -3.10474107 -0.3533226 4.4697081
v -3.09923242 -0.35709329 4.40850062
v -3.04640325 -0.32362631 4.47052164
v -3.04233986 -0.32807045 4.40961924
v -3.03827632 -0.33251466 4.47052164
v -3.09372383 -0.36086417 4.4697081
v -2.91303748 -0.29892495 4.79915166
v -2.98268852 -0.30646368 4.79680714
v -2.98016311 -0.31137044 4.85826183
v -2.91183415 -0.30409068 4.86148553
v -2.97763765 -0.31627719 4.79680714
v -2.91063077 -0.30925634 4.79915165
v -2.98268857 -0.30646368 4.46904891
v -2.98016311 -0.31137044 4.40759423
v -2.91303748 -0.29892495 4.46670441
v -2.91183415 -0.30409068 4.40437058
v -2.91063077 -0.30925634 4.46670441
v -2.9776376 -0.31627719 4.46904891
v -2.75730751 -0.2979185 4.80149676
v -2.83696355 -0.29697938 4.80073211
v -2.83660752 -0.30224977 4.86365863
v -2.7573734 -0.30321068 4.86470999
v -2.83625149 -0.30752003 4.80073212
v -2.75743927 -0.30850293 4.80149673
v -2.83696353 -0.29697944 4.46512403
v -2.83660752 -0.30224977 4.4021975
v -2.75730751 -0.2979185 4.46435944
v -2.75737338 -0.30321068 4.40114616
v -2.75743929 -0.30850293 4.46435944
v -2.83625146 -0.3075201 4.46512403
v -2.59614237 -0.30105534 4.8019389
v -2.67701739 -0.29962872 4.80178776
v -2.67720837 -0.30492488 4.86511014
v -2.59629972 -0.30635277 4.86531795
v -2.67739943 -0.31022111 4.80178776
v -2.59645711 -0.31165013 4.80193891
v -2.67701737 -0.29962885 4.46406844
v -2.67720837 -0.30492495 4.40074608
v -2.59614237 -0.3010554 4.46391735
v -2.59629972 -0.30635277 4.4005383
v -2.59645709 -0.31165019 4.46391735
v -2.67739941 -0.31022111 4.46406844
v -2.51422469 -0.30163361 4.80217852
v -2.514308 -0.30693154 4.86564742
v -2.51439132 -0.31222953 4.80217853
v -2.51422467 -0.30163367 4.46367777
v -2.514308 -0.3069316 4.40020887
v -2.51439132 -0.31222953 4.46367777
v -1.58510235 -0.72790485 4.55876066
v -1.5849129 -0.71715635 4.55477652
v -1.58470602 -0.71715635 4.63292826
v -1.5849129 -0.72848226 4.63292826
v -1.58510245 -0.70640785 4.55876066
v -1.5849129 -0.70583044 4.63292826
v -1.5849129 -0.71715635 4.71108
v -1.58510245 -0.72790485 4.70709587
v -1.58510245 -0.70640782 4.70709586
v -1.58592386 -0.73415503 4.51563277
v -1.58566231 -0.72724166 4.49852341
v -1.58566231 -0.73663456 4.56333685
v -1.58553073 -0.71715635 4.48992914
v -1.58566241 -0.70707104 4.49852342
v -1.58592396 -0.70015767 4.51563277
v -1.58566231 -0.69767814 4.56333685
v -1.58553083 -0.69643264 4.63292826
v -1.58566241 -0.69767814 4.70251965
v -1.58592406 -0.70015767 4.75022375
v -1.58566251 -0.70707104 4.7673331
v -1.58553093 -0.71715635 4.77592736
v -1.58566241 -0.72724166 4.76733312
v -1.58566241 -0.73663456 4.70251966
v -1.58592406 -0.73415503 4.75022375
v -1.58553083 -0.73788006 4.63292826
v -3.27673372 -0.69221889 4.70755634
v -3.27529829 -0.68934657 4.71476758
v -3.27531751 -0.6873037 4.63292772
v -3.27679691 -0.69041227 4.63292772
v -3.27336157 -0.68827064 4.71799467
v -3.27336397 -0.68615604 4.63292772
v -3.27529819 -0.68934657 4.55108788
v -3.27673362 -0.69221889 4.55829912
v -3.27336147 -0.68827064 4.54786079
v -3.27743627 -0.70015767 4.75022322
v -3.27666123 -0.6975568 4.76816974
v -3.27769783 -0.69767814 4.70251913
v -3.27527886 -0.69546203 4.78262427
v -3.27335917 -0.69461277 4.78848451
v -3.27096168 -0.69449143 4.78932169
v -3.27096153 -0.68811693 4.71845567
v -3.27096153 -0.6859921 4.63292773
v -3.27096153 -0.68811693 4.54739977
v -3.27096148 -0.69449143 4.47653376
v -3.27335887 -0.69461277 4.47737093
v -3.27527876 -0.69546203 4.48323118
v -3.27666123 -0.6975568 4.49768569
v -3.27769773 -0.69767814 4.56333633
v -3.27743607 -0.70015767 4.51563224
v -3.27782931 -0.69643264 4.63292773
v -3.27825778 -0.72790488 4.70709533
v -3.27844724 -0.71715635 4.71107947
v -3.27865412 -0.71715635 4.63292773
v -3.27844724 -0.72848226 4.63292773
v -3.27825768 -0.70640785 4.70709533
v -3.27844724 -0.70583044 4.63292773
v -3.27844724 -0.71715635 4.55477599
v -3.27825768 -0.72790485 4.55876012
v -3.27825768 -0.70640785 4.55876013
v -3.27743627 -0.73415503 4.75022322
v -3.27769783 -0.72724166 4.76733258
v -3.27769783 -0.73663456 4.70251913
v -3.27782941 -0.71715635 4.77592685
v -3.27769773 -0.70707104 4.76733257
v -3.27743627 -0.70015767 4.75022322
v -3.27769783 -0.69767814 4.70251913
v -3.27782931 -0.69643264 4.63292773
v -3.27769773 -0.69767814 4.56333633
v -3.27743607 -0.70015767 4.51563224
v -3.27769763 -0.70707104 4.49852289
v -3.2778292 -0.71715635 4.48992863
v -3.27769773 -0.72724166 4.49852287
v -3.27769773 -0.73663456 4.56333633
v -3.27743607 -0.73415503 4.51563224
v -3.27782931 -0.73788006 4.63292773
v -1.58662651 -0.74209381 4.70755686
v -1.58806195 -0.74496612 4.7147681
v -1.58804263 -0.74700897 4.63292826
v -1.58656323 -0.74390042 4.63292826
v -1.58999857 -0.74604206 4.7179952
v -1.58999617 -0.74815666 4.63292826
v -1.58806185 -0.74496612 4.55108842
v -1.58662651 -0.74209381 4.55829965
v -1.58999857 -0.74604206 4.54786133
v -1.58592406 -0.73415503 4.75022375
v -1.58669891 -0.7367559 4.7681703
v -1.58566241 -0.73663456 4.70251966
v -1.58808138 -0.73885066 4.78262481
v -1.59000117 -0.73969993 4.78848504
v -1.59239866 -0.73982127 4.78932223
v -1.59239861 -0.74619577 4.71845621
v -1.59239856 -0.7483206 4.63292826
v -1.59239856 -0.74619577 4.54740031
v -1.59239851 -0.73982127 4.4765343
v -1.59000097 -0.73969993 4.47737148
v -1.58808128 -0.73885066 4.48323172
v -1.58669891 -0.7367559 4.49768623
v -1.58566231 -0.73663456 4.56333685
v -1.58592386 -0.73415503 4.51563277
v -1.58553083 -0.73788006 4.63292826
v -3.27673362 -0.72797167 4.46085269
v -3.27679691 -0.71715635 4.44838643
v -3.27531751 -0.71715635 4.42693657
v -3.27529819 -0.72901675 4.44103287
v -3.27673362 -0.70634103 4.46085269
v -3.27529819 -0.70529595 4.44103287
v -3.27336387 -0.71715635 4.41901736
v -3.27336147 -0.72948441 4.43360858
v -3.27336147 -0.70482828 4.43360858
v -3.27743607 -0.73415503 4.51563224
v -3.27769773 -0.72724166 4.49852287
v -3.27666123 -0.7367559 4.4976857
v -3.2778292 -0.71715635 4.48992863
v -3.27769763 -0.70707104 4.49852289
v -3.27743607 -0.70015767 4.51563224
v -3.27666123 -0.6975568 4.49768569
v -3.27527876 -0.69546203 4.48323118
v -3.27335887 -0.69461277 4.47737093
v -3.27096148 -0.69449143 4.47653376
v -3.27096148 -0.70476146 4.43254795
v -3.27096143 -0.71715635 4.41788607
v -3.27096148 -0.72955121 4.43254795
v -3.27335897 -0.73969993 4.47737095
v -3.27096148 -0.73982127 4.47653377
v -3.27527886 -0.73885066 4.48323118
v -1.58999867 -0.68827064 4.71799519
v -1.58806195 -0.68934657 4.7147681
v -1.58804253 -0.6873037 4.63292826
v -1.58999627 -0.68615604 4.63292826
v -1.58662651 -0.69221889 4.70755687
v -1.58656313 -0.69041227 4.63292826
v -1.58806185 -0.68934657 4.55108841
v -1.58999857 -0.68827064 4.54786133
v -1.58662641 -0.69221889 4.55829965
v -1.59239871 -0.69449143 4.78932223
v -1.59000107 -0.69461277 4.78848504
v -1.59239866 -0.68811693 4.71845621
v -1.58808138 -0.69546203 4.7826248
v -1.58669891 -0.6975568 4.76817028
v -1.58592406 -0.70015767 4.75022375
v -1.58566241 -0.69767814 4.70251965
v -1.58553083 -0.69643264 4.63292826
v -1.58566231 -0.69767814 4.56333685
v -1.58592396 -0.70015767 4.51563277
v -1.58669891 -0.6975568 4.49768626
v -1.58808128 -0.69546203 4.48323172
v -1.59000097 -0.69461277 4.47737148
v -1.59239856 -0.68811693 4.54740031
v -1.59239851 -0.69449143 4.4765343
v -1.59239856 -0.6859921 4.63292826
v -3.27336167 -0.72948441 4.83224689
v -3.27336397 -0.71715635 4.84683811
v -3.27531761 -0.71715635 4.83891885
v -3.27529829 -0.72901675 4.82482262
v -3.27336167 -0.70482828 4.83224687
v -3.27529829 -0.70529595 4.82482259
v -3.27679711 -0.71715635 4.817469
v -3.27673362 -0.72797167 4.80500276
v -3.27673372 -0.70634103 4.80500276
v -3.27096168 -0.73982127 4.78932169
v -3.27096153 -0.72955121 4.83330747
v -3.27335917 -0.73969993 4.78848451
v -3.27096163 -0.71715635 4.84796943
v -3.27096168 -0.70476146 4.83330747
v -3.27096168 -0.69449143 4.78932169
v -3.27335917 -0.69461277 4.78848451
v -3.27527886 -0.69546203 4.78262427
v -3.27666123 -0.6975568 4.76816974
v -3.27743627 -0.70015767 4.75022322
v -3.27769773 -0.70707104 4.76733257
v -3.27782941 -0.71715635 4.77592685
v -3.27769783 -0.72724166 4.76733258
v -3.27666133 -0.7367559 4.76816974
v -3.27743627 -0.73415503 4.75022322
v -3.27527886 -0.73885066 4.78262428
v -1.58999857 -0.72948441 4.4336091
v -1.58999617 -0.71715635 4.41901788
v -1.58804253 -0.71715635 4.42693714
v -1.58806185 -0.72901675 4.44103336
v -1.58999847 -0.70482828 4.43360912
v -1.58806185 -0.70529595 4.4410334
v -1.58656303 -0.71715635 4.44838699
v -1.58662651 -0.72797167 4.46085323
v -1.58662641 -0.70634103 4.46085323
v -1.59239851 -0.73982127 4.4765343
v -1.59239861 -0.72955121 4.43254851
v -1.59000097 -0.73969993 4.47737148
v -1.59239851 -0.71715635 4.41788656
v -1.59239846 -0.70476146 4.43254851
v -1.59239851 -0.69449143 4.4765343
v -1.59000097 -0.69461277 4.47737148
v -1.58808128 -0.69546203 4.48323172
v -1.58669891 -0.6975568 4.49768626
v -1.58592396 -0.70015767 4.51563277
v -1.58566241 -0.70707104 4.49852342
v -1.58553073 -0.71715635 4.48992914
v -1.58566231 -0.72724166 4.49852341
v -1.58669891 -0.7367559 4.49768623
v -1.58592386 -0.73415503 4.51563277
v -1.58808128 -0.73885066 4.48323172
v -3.27336147 -0.74604206 4.71799466
v -3.27529829 -0.74496612 4.71476757
v -3.27531751 -0.74700897 4.63292772
v -3.27336387 -0.74815666 4.63292772
v -3.27673372 -0.74209381 4.70755634
v -3.27679701 -0.74390042 4.63292773
v -3.27529819 -0.74496612 4.55108788
v -3.27336147 -0.74604206 4.54786079
v -3.27673362 -0.74209378 4.55829912
v -3.27096168 -0.73982127 4.78932169
v -3.27335917 -0.73969993 4.78848451
v -3.27096153 -0.74619577 4.71845568
v -3.27527886 -0.73885066 4.78262428
v -3.27666133 -0.7367559 4.76816974
v -3.27743627 -0.73415503 4.75022322
v -3.27769783 -0.73663456 4.70251913
v -3.27782931 -0.73788006 4.63292773
v -3.27769773 -0.73663456 4.56333633
v -3.27743607 -0.73415503 4.51563224
v -3.27666123 -0.7367559 4.4976857
v -3.27527886 -0.73885066 4.48323118
v -3.27335897 -0.73969993 4.47737095
v -3.27096153 -0.74619577 4.54739978
v -3.27096148 -0.73982127 4.47653377
v -3.27096148 -0.7483206 4.63292773
v -3.14645577 -0.70476149 4.43254802
v -3.14645572 -0.71715635 4.41788607
v -3.23089319 -0.71715635 4.41788602
v -3.23089319 -0.70476149 4.43254797
v -3.14645577 -0.72955121 4.43254802
v -3.23089319 -0.72955121 4.43254797
v -3.26389007 -0.71715635 4.41788604
v -3.26389007 -0.70476146 4.43254795
v -3.26389012 -0.72955124 4.43254797
v -2.98506213 -0.69449143 4.47653384
v -2.98506208 -0.70476149 4.43254807
v -3.14645577 -0.69449143 4.47653378
v -2.98506203 -0.71715635 4.41788614
v -2.98506213 -0.72955124 4.43254807
v -2.98506218 -0.73982127 4.47653384
v -3.14645577 -0.73982127 4.47653379
v -3.23089325 -0.73982127 4.47653377
v -3.26389017 -0.73982127 4.47653378
v -3.26389007 -0.69449143 4.47653376
v -3.23089325 -0.69449143 4.47653377
v -1.59946991 -0.70476149 4.43254849
v -1.59946986 -0.71715635 4.41788654
v -1.63246674 -0.71715635 4.41788654
v -1.63246669 -0.70476149 4.43254851
v -1.59946991 -0.72955124 4.43254849
v -1.63246679 -0.72955121 4.43254849
v -1.71690432 -0.71715635 4.41788651
v -1.71690432 -0.70476146 4.43254847
v -1.71690422 -0.72955121 4.43254844
v -1.59946996 -0.69449143 4.4765343
v -1.59946996 -0.73982127 4.4765343
v -1.63246674 -0.73982127 4.47653427
v -1.71690422 -0.73982127 4.47653427
v -1.87829791 -0.73982127 4.47653421
v -1.87829791 -0.72955124 4.4325484
v -1.87829786 -0.71715635 4.41788647
v -1.87829786 -0.70476149 4.43254842
v -1.71690427 -0.69449143 4.47653425
v -1.87829786 -0.69449143 4.47653421
v -1.63246674 -0.69449143 4.47653429
v -3.14645587 -0.68811693 4.71845572
v -3.14645582 -0.6859921 4.63292777
v -3.23089335 -0.6859921 4.63292773
v -3.2308933 -0.68811693 4.71845569
v -3.14645582 -0.68811693 4.54739982
v -3.23089325 -0.68811693 4.54739979
v -3.26389017 -0.6859921 4.63292773
v -3.26389022 -0.68811693 4.71845568
v -3.26389017 -0.68811693 4.54739978
v -2.98506233 -0.69449143 4.78932179
v -2.98506218 -0.68811693 4.71845577
v -3.14645587 -0.69449143 4.78932173
v -2.98506213 -0.6859921 4.63292782
v -2.98506213 -0.68811693 4.54739987
v -2.98506213 -0.69449143 4.47653384
v -3.14645577 -0.69449143 4.47653378
v -3.23089325 -0.69449143 4.47653377
v -3.26389007 -0.69449143 4.47653376
v -3.26389017 -0.69449143 4.78932167
v -3.23089345 -0.69449143 4.78932171
v -1.58662651 -0.72797167 4.80500331
v -1.58656323 -0.71715635 4.81746956
v -1.58804263 -0.71715635 4.83891942
v -1.58806195 -0.72901675 4.82482312
v -1.58662651 -0.70634103 4.8050033
v -1.58806195 -0.70529595 4.82482312
v -1.58999627 -0.71715635 4.84683863
v -1.58999867 -0.72948441 4.83224741
v -1.58999867 -0.70482828 4.83224741
v -1.58592406 -0.73415503 4.75022375
v -1.58566241 -0.72724166 4.76733312
v -1.58669891 -0.7367559 4.7681703
v -1.58553093 -0.71715635 4.77592736
v -1.58566251 -0.70707104 4.7673331
v -1.58592406 -0.70015767 4.75022375
v -1.58669891 -0.6975568 4.76817028
v -1.58808138 -0.69546203 4.7826248
v -1.59000107 -0.69461277 4.78848504
v -1.59239871 -0.69449143 4.78932223
v -1.59239866 -0.70476146 4.83330804
v -1.59239871 -0.71715635 4.84796992
v -1.59239866 -0.72955121 4.83330804
v -1.59000117 -0.73969993 4.78848504
v -1.59239866 -0.73982127 4.78932223
v -1.58808138 -0.73885066 4.78262481
v -1.71690437 -0.70476149 4.83330797
v -1.71690442 -0.71715635 4.84796992
v -1.63246694 -0.71715635 4.84796997
v -1.63246694 -0.70476149 4.83330802
v -1.71690437 -0.72955121 4.83330797
v -1.63246694 -0.72955121 4.83330802
v -1.59947006 -0.71715635 4.84796995
v -1.59947006 -0.70476146 4.83330804
v -1.59947006 -0.72955124 4.83330802
v -1.87829796 -0.69449143 4.78932215
v -1.87829806 -0.70476149 4.83330792
v -1.71690437 -0.69449143 4.78932221
v -1.87829811 -0.71715635 4.84796985
v -1.87829801 -0.72955124 4.83330792
v -1.87829796 -0.73982127 4.78932215
v -1.71690437 -0.73982127 4.78932221
v -1.63246689 -0.73982127 4.78932222
v -1.59947001 -0.73982127 4.78932222
v -1.59946996 -0.69449143 4.78932221
v -1.63246689 -0.69449143 4.78932222
v -3.26389022 -0.74619577 4.71845568
v -3.26389012 -0.7483206 4.63292773
v -3.23089335 -0.7483206 4.63292773
v -3.2308933 -0.74619577 4.71845569
v -3.26389012 -0.74619577 4.54739978
v -3.2308933 -0.74619577 4.54739979
v -3.14645577 -0.7483206 4.63292776
v -3.14645582 -0.74619577 4.71845572
v -3.14645572 -0.74619577 4.54739981
v -3.26389017 -0.73982127 4.78932169
v -3.26389017 -0.73982127 4.47653378
v -3.23089325 -0.73982127 4.47653377
v -3.14645577 -0.73982127 4.47653379
v -2.98506218 -0.73982127 4.47653384
v -2.98506213 -0.74619577 4.54739986
v -2.98506213 -0.7483206 4.63292782
v -2.98506223 -0.74619577 4.71845576
v -3.14645592 -0.73982127 4.78932172
v -2.98506223 -0.73982127 4.78932178
v -3.2308934 -0.73982127 4.78932171
v -1.71690432 -0.74619577 4.71845618
v -1.71690432 -0.7483206 4.63292822
v -1.63246679 -0.7483206 4.63292825
v -1.63246694 -0.74619577 4.71845619
v -1.71690427 -0.74619577 4.54740027
v -1.63246684 -0.74619577 4.5474003
v -1.59946996 -0.7483206 4.63292826
v -1.59946996 -0.74619577 4.71845621
v -1.59946996 -0.74619577 4.54740031
v -1.87829796 -0.73982127 4.78932215
v -1.87829801 -0.74619577 4.71845612
v -1.71690437 -0.73982127 4.78932221
v -1.87829801 -0.7483206 4.63292817
v -1.87829791 -0.74619577 4.54740022
v -1.87829791 -0.73982127 4.47653421
v -1.71690422 -0.73982127 4.47653427
v -1.63246674 -0.73982127 4.47653427
v -1.59946996 -0.73982127 4.4765343
v -1.59947001 -0.73982127 4.78932222
v -1.63246689 -0.73982127 4.78932222
v -3.26389022 -0.70476149 4.8333075
v -3.26389027 -0.71715635 4.84796943
v -3.2308934 -0.71715635 4.84796943
v -3.23089345 -0.70476149 4.83330747
v -3.26389022 -0.72955124 4.83330747
v -3.23089335 -0.72955121 4.83330747
v -3.14645582 -0.71715635 4.84796945
v -3.14645582 -0.70476146 4.83330752
v -3.14645592 -0.72955124 4.83330754
v -3.26389017 -0.69449143 4.78932167
v -3.26389017 -0.73982127 4.78932169
v -3.2308934 -0.73982127 4.78932171
v -3.14645592 -0.73982127 4.78932172
v -2.98506223 -0.73982127 4.78932178
v -2.98506223 -0.72955124 4.83330759
v -2.98506228 -0.71715635 4.84796952
v -2.98506228 -0.70476149 4.83330757
v -3.14645587 -0.69449143 4.78932173
v -2.98506233 -0.69449143 4.78932179
v -3.23089345 -0.69449143 4.78932171
v -2.12937123 -0.72955121 4.83330785
v -2.12937125 -0.71715635 4.84796978
v -2.43168017 -0.71715635 4.84796971
v -2.43168016 -0.72955121 4.83330776
v -2.12937123 -0.70476146 4.83330785
v -2.43168016 -0.70476149 4.83330773
v -2.73398911 -0.71715635 4.84796959
v -2.73398908 -0.72955121 4.83330766
v -2.73398908 -0.70476146 4.83330769
v -2.12937118 -0.73982127 4.78932205
v -2.12937118 -0.69449143 4.78932205
v -2.43168013 -0.69449143 4.78932196
v -2.73398908 -0.69449143 4.78932185
v -2.73398906 -0.73982127 4.78932185
v -2.43168013 -0.73982127 4.78932196
v -2.73398891 -0.72955121 4.43254814
v -2.73398888 -0.71715635 4.41788621
v -2.43167997 -0.71715635 4.41788628
v -2.43167997 -0.72955121 4.43254823
v -2.73398891 -0.70476149 4.43254814
v -2.43167997 -0.70476149 4.43254825
v -2.12937103 -0.71715635 4.4178864
v -2.12937105 -0.72955121 4.43254833
v -2.12937105 -0.70476146 4.4325483
v -2.73398896 -0.73982127 4.47653394
v -2.73398893 -0.69449143 4.47653394
v -2.43168 -0.69449143 4.47653403
v -2.12937105 -0.69449143 4.47653414
v -2.12937105 -0.73982127 4.47653415
v -2.43168001 -0.73982127 4.47653403
v -2.1293711 -0.74619577 4.54740014
v -2.12937118 -0.7483206 4.63292809
v -2.43168008 -0.7483206 4.63292799
v -2.43168002 -0.74619577 4.54740004
v -2.1293712 -0.74619577 4.71845605
v -2.43168011 -0.74619577 4.71845593
v -2.73398896 -0.7483206 4.6329279
v -2.73398893 -0.74619577 4.54739995
v -2.73398903 -0.74619577 4.71845584
v -2.12937105 -0.73982127 4.47653415
v -2.12937118 -0.73982127 4.78932205
v -2.43168013 -0.73982127 4.78932196
v -2.73398906 -0.73982127 4.78932185
v -2.73398896 -0.73982127 4.47653394
v -2.43168001 -0.73982127 4.47653403
v -2.73398893 -0.68811693 4.54739995
v -2.73398893 -0.6859921 4.6329279
v -2.43168006 -0.6859921 4.63292799
v -2.43168002 -0.68811693 4.54740004
v -2.73398901 -0.68811693 4.71845584
v -2.43168012 -0.68811693 4.71845595
v -2.1293712 -0.6859921 4.63292809
v -2.12937113 -0.68811693 4.54740014
v -2.12937118 -0.68811693 4.71845605
v -2.73398893 -0.69449143 4.47653394
v -2.73398908 -0.69449143 4.78932185
v -2.43168013 -0.69449143 4.78932196
v -2.12937118 -0.69449143 4.78932205
v -1.87829796 -0.69449143 4.78932215
v -1.87829801 -0.68811693 4.71845612
v -1.87829801 -0.6859921 4.63292817
v -1.87829796 -0.68811693 4.54740022
v -2.12937105 -0.69449143 4.47653414
v -1.87829786 -0.69449143 4.47653421
v -2.43168 -0.69449143 4.47653403
v -1.59947001 -0.68811693 4.7184562
v -1.59946996 -0.6859921 4.63292826
v -1.63246684 -0.6859921 4.63292825
v -1.63246684 -0.68811693 4.71845619
v -1.59946991 -0.68811693 4.54740031
v -1.63246684 -0.68811693 4.54740031
v -1.71690432 -0.6859921 4.63292822
v -1.71690442 -0.68811693 4.71845617
v -1.71690427 -0.68811693 4.54740027
v -1.59946996 -0.69449143 4.78932221
v -1.59946996 -0.69449143 4.4765343
v -1.63246674 -0.69449143 4.47653429
v -1.71690427 -0.69449143 4.47653425
v -1.71690437 -0.69449143 4.78932221
v -1.63246689 -0.69449143 4.78932222
vn 0 0.96286 0.26999
vn -0.006 0.96279 0.2702
vn -0.0062 0.99998 0
vn 0 1 0
vn -0.0188 0.96251 0.2706
vn -0.0196 0.99981 0
vn -0.0188 0.96253 -0.27051
vn -0.006 0.96279 -0.2702
vn 0 0.96286 -0.26999
vn -0.0297 0.96221 0.2707
vn -0.0308 0.99953 0
vn -0.0251 0.96228 0.27089
vn -0.0261 0.99966 0
vn -0.0252 0.96228 -0.27089
vn -0.0297 0.96221 -0.2707
vn 0.0107 0.96252 0.27101
vn 0.0114 0.99994 0
vn 0.1012 0.95733 0.27071
vn 0.1061 0.99436 0.0001
vn 0.1012 0.95728 -0.27089
vn 0.0106 0.96249 -0.2711
vn 0.27211 0.92302 0.27201
vn 0.28391 0.95885 0
vn 0.49607 0.82435 0.27268
vn 0.51488 0.85726 0
vn 0.496 0.82439 -0.2727
vn 0.2721 0.923 -0.2721
vn 0.49611 0.82432 0.27271
vn 0.6804 0.6809 0.271
vn 0.70571 0.70851 -0.0001
vn 0.51492 0.85724 0
vn 0.79658 0.54069 0.27039
vn 0.82688 0.56238 -0.0001
vn 0.7966 0.5407 -0.2703
vn 0.68043 0.68093 -0.27081
vn 0.49611 0.82432 -0.27271
vn 0.86868 0.41519 0.27019
vn 0.90198 0.43179 0
vn 0.91058 0.31339 0.26949
vn 0.94548 0.32569 0
vn 0.91058 0.31339 -0.26949
vn 0.86867 0.41529 -0.27009
vn 0.93508 0.2302 0.2695
vn 0.97097 0.23919 0
vn 0.95082 0.1525 0.26961
vn 0.98738 0.1584 0
vn 0.95082 0.1525 -0.26961
vn 0.93508 0.2302 -0.2695
vn 0.95997 0.0757 0.26969
vn 0.99691 0.0786 0
vn 0.96295 0 0.26969
vn 1 0 0
vn 0.96295 0 -0.26969
vn 0.95997 0.0757 -0.26969
vn 0.95997 -0.0757 0.26969
vn 0.99691 -0.0786 0
vn 0.95082 -0.1525 0.26961
vn 0.98738 -0.1584 0
vn 0.95082 -0.1525 -0.26961
vn 0.95997 -0.0757 -0.26969
vn 0.93508 -0.2302 0.2695
vn 0.97097 -0.23919 0
vn 0.91058 -0.31339 0.26949
vn 0.94548 -0.32569 0
vn 0.91058 -0.31339 -0.26949
vn 0.93508 -0.2302 -0.2695
vn 0.86867 -0.41529 0.27009
vn 0.90198 -0.43179 0
vn 0.7966 -0.5407 0.2703
vn 0.82688 -0.56238 0.0001
vn 0.79658 -0.54069 -0.27039
vn 0.86868 -0.41519 -0.27019
vn 0.68043 -0.68093 0.27081
vn 0.70571 -0.70851 0.0001
vn 0.49611 -0.82432 0.27271
vn 0.51492 -0.85724 0
vn 0.49611 -0.82432 -0.27271
vn 0.68042 -0.68092 -0.27091
vn 0.496 -0.82439 0.2727
vn 0.2722 -0.92311 0.2716
vn 0.28391 -0.95885 0
vn 0.51488 -0.85726 0
vn 0.1013 -0.9574 0.2704
vn 0.1061 -0.99436 -0.0001
vn 0.1012 -0.95733 -0.27071
vn 0.272 -0.9232 -0.2715
vn 0.49607 -0.82435 -0.27268
vn 0.0106 -0.96249 0.2711
vn 0.0114 -0.99994 0
vn -0.0252 -0.96228 0.27089
vn -0.0261 -0.99966 0
vn -0.0251 -0.96228 -0.27089
vn 0.0107 -0.96252 -0.27101
vn -0.0297 -0.96221 0.2707
vn -0.0308 -0.99953 0
vn -0.0188 -0.96253 0.27051
vn -0.0196 -0.99981 0
vn -0.0188 -0.96251 -0.2706
vn -0.0297 -0.96221 -0.2707
vn -0.006 -0.96279 0.2702
vn -0.0062 -0.99998 0
vn 0 -0.96286 0.26999
vn 0 -1 0
vn 0 -0.96286 -0.26999
vn -0.006 -0.96279 -0.2702
vn 0.006 -0.96279 0.2702
vn 0.0062 -0.99998 0
vn 0.0188 -0.96251 0.2706
vn 0.0196 -0.99981 0
vn 0.0188 -0.96253 -0.27051
vn 0.006 -0.96279 -0.2702
vn 0.0297 -0.96221 0.2707
vn 0.0308 -0.99953 0
vn 0.0251 -0.96228 0.27089
vn 0.0261 -0.99966 0
vn 0.0252 -0.96228 -0.27089
vn 0.0297 -0.96221 -0.2707
vn -0.0107 -0.96252 0.27101
vn -0.0114 -0.99994 0
vn -0.1012 -0.95733 0.27071
vn -0.1061 -0.99436 0.0001
vn -0.1012 -0.95728 -0.27089
vn -0.0106 -0.96249 -0.2711
vn -0.2721 -0.923 0.2721
vn -0.28391 -0.95885 0
vn -0.49607 -0.82435 0.27268
vn -0.51488 -0.85726 0
vn -0.496 -0.82439 -0.2727
vn -0.2722 -0.92311 -0.2716
vn -0.49611 -0.82432 0.27271
vn -0.68042 -0.68092 0.27091
vn -0.70571 -0.70851 -0.0001
vn -0.51492 -0.85724 0
vn -0.79658 -0.54069 0.27039
vn -0.82688 -0.56238 -0.0001
vn -0.7966 -0.5407 -0.2703
vn -0.68043 -0.68093 -0.27081
vn -0.49611 -0.82432 -0.27271
vn -0.86868 -0.41519 0.27019
vn -0.90198 -0.43179 0
vn -0.91058 -0.31339 0.26949
vn -0.94548 -0.32569 0
vn -0.91058 -0.31339 -0.26949
vn -0.86867 -0.41529 -0.27009
vn -0.93508 -0.2302 0.2695
vn -0.97097 -0.23919 0
vn -0.95082 -0.1525 0.26961
vn -0.98738 -0.1584 0
vn -0.95082 -0.1525 -0.26961
vn -0.93508 -0.2302 -0.2695
vn -0.95997 -0.0757 0.26969
vn -0.99691 -0.0786 0
vn -0.96295 0 0.26969
vn -1 0 0
vn -0.96294 0 -0.26971
vn -0.95997 -0.0757 -0.26969
vn -0.95997 0.0757 0.26969
vn -0.99691 0.0786 0
vn -0.95082 0.1525 0.26961
vn -0.98738 0.1584 0
vn -0.95082 0.1525 -0.26961
vn -0.95997 0.0757 -0.26969
vn -0.93508 0.2302 0.2695
vn -0.97097 0.23919 0
vn -0.91058 0.31339 0.26949
vn -0.94548 0.32569 0
vn -0.91058 0.31339 -0.26949
vn -0.93508 0.2302 -0.2695
vn -0.86867 0.41529 0.27009
vn -0.90198 0.43179 0
vn -0.7966 0.5407 0.2703
vn -0.82688 0.56238 0.0001
vn -0.79658 0.54069 -0.27039
vn -0.86874 0.41532 -0.26981
vn -0.68043 0.68093 0.27081
vn -0.70571 0.70851 0.0001
vn -0.49611 0.82432 0.27271
vn -0.51492 0.85724 0
vn -0.49611 0.82432 -0.27271
vn -0.6804 0.6809 -0.271
vn -0.49607 0.82435 0.27268
vn -0.2722 0.92311 0.2716
vn -0.28391 0.95885 0
vn -0.51488 0.85726 0
vn -0.1012 0.95728 0.27089
vn -0.1061 0.99436 -0.0001
vn -0.1012 0.95733 -0.27071
vn -0.27211 0.92302 -0.27201
vn -0.49607 0.82435 -0.27268
vn -0.0106 0.96249 0.2711
vn -0.0114 0.99994 0
vn 0.0252 0.96228 0.27089
vn 0.0261 0.99966 0
vn 0.0251 0.96228 -0.27089
vn -0.0107 0.96252 -0.27101
vn 0.0297 0.96221 0.2707
vn 0.0308 0.99953 0
vn 0.0188 0.96253 0.27051
vn 0.0196 0.99981 0
vn 0.0188 0.96253 -0.27051
vn 0.0297 0.96218 -0.27079
vn 0.006 0.96279 0.2702
vn 0.0062 0.99998 0
vn 0.006 0.96279 -0.2702
vn 0.0063 -0.99998 0
vn 0.0189 -0.96253 -0.27051
vn 0.0189 -0.96251 0.2706
vn 0.031 -0.99952 0
vn 0.0299 -0.9622 0.2707
vn 0.0299 -0.9622 -0.2707
vn 0.026 -0.96226 -0.27089
vn 0.027 -0.99964 0
vn 0.026 -0.96226 0.27089
vn -0.0081 -0.99997 0.0001
vn -0.0081 -0.96263 0.27071
vn -0.0081 -0.9626 -0.2708
vn -0.0966 -0.95775 -0.27089
vn -0.0994 -0.99505 0.0001
vn -0.0966 -0.9578 0.2707
vn -0.27799 -0.96058 0.0001
vn -0.2686 -0.92411 0.2718
vn -0.26861 -0.92402 -0.27211
vn -0.49522 -0.82483 -0.27281
vn -0.5155 -0.85689 0
vn -0.49529 -0.82478 0.27279
vn -0.51561 -0.85682 0
vn -0.7096 -0.7046 -0.0001
vn -0.68211 -0.67921 0.27091
vn -0.49529 -0.82478 -0.27279
vn -0.68209 -0.67929 -0.27079
vn -0.79872 -0.53762 -0.27021
vn -0.83003 -0.55772 -0.0001
vn -0.7987 -0.5377 0.2701
vn -0.90359 -0.4284 0
vn -0.86974 -0.41297 0.27018
vn -0.8698 -0.4129 -0.2701
vn -0.91099 -0.3122 -0.2695
vn -0.94609 -0.3239 0
vn -0.91097 -0.31219 0.26959
vn -0.97115 -0.23849 0
vn -0.9352 -0.2297 0.2695
vn -0.9352 -0.2297 -0.2695
vn -0.95086 -0.15229 -0.26959
vn -0.98741 -0.1582 0
vn -0.95085 -0.15231 0.26961
vn -0.99691 -0.0785 0
vn -0.96294 0 0.26971
vn -0.99691 0.0785 0
vn -0.95085 0.15231 -0.26961
vn -0.98741 0.1582 0
vn -0.95085 0.15231 0.26961
vn -0.97115 0.23849 0
vn -0.9352 0.2297 0.2695
vn -0.9352 0.2297 -0.2695
vn -0.91099 0.3122 -0.2695
vn -0.94609 0.3239 0
vn -0.91099 0.3122 0.2695
vn -0.90359 0.4284 0
vn -0.8698 0.4129 0.2701
vn -0.86974 0.41297 -0.27018
vn -0.79864 0.53763 -0.27041
vn -0.83003 0.55772 0.0001
vn -0.79872 0.53762 0.27021
vn -0.7096 0.7046 0.0001
vn -0.68209 0.67929 0.27079
vn -0.68211 0.67921 -0.27091
vn -0.49529 0.82478 -0.27279
vn -0.51561 0.85682 0
vn -0.49529 0.82478 0.27279
vn -0.5155 0.85689 0
vn -0.27799 0.96058 -0.0001
vn -0.2686 0.92399 0.2722
vn -0.4953 0.82481 -0.2727
vn -0.26861 0.92404 -0.27201
vn -0.0966 0.9578 -0.2707
vn -0.0994 0.99505 -0.0001
vn -0.0966 0.95775 0.27089
vn -0.0081 0.99997 0
vn -0.0081 0.9626 0.2708
vn -0.0081 0.96263 -0.27071
vn 0.026 0.96226 -0.27089
vn 0.027 0.99964 0
vn 0.026 0.96226 0.27089
vn 0.031 0.99952 0
vn 0.0299 0.9622 0.2707
vn 0.0299 0.9622 -0.2707
vn 0.0189 0.96251 -0.2706
vn 0.0189 0.96253 0.27051
vn 0.0063 0.99998 0
vn -0.0063 0.99998 0
vn -0.0189 0.96253 -0.27051
vn -0.0189 0.96251 0.2706
vn -0.031 0.99952 0
vn -0.0299 0.9622 0.2707
vn -0.0299 0.9622 -0.2707
vn -0.026 0.96226 -0.27089
vn -0.027 0.99964 0
vn -0.026 0.96226 0.27089
vn 0.0081 0.99997 0
vn 0.0081 0.96263 0.27071
vn 0.0081 0.96252 -0.2711
vn 0.0966 0.95775 -0.27089
vn 0.0994 0.99505 0.0001
vn 0.0966 0.9578 0.2707
vn 0.27799 0.96058 0.0001
vn 0.26869 0.92417 0.27149
vn 0.26859 0.92417 -0.27159
vn 0.49529 0.82478 -0.27279
vn 0.5155 0.85689 0
vn 0.49529 0.82478 0.27279
vn 0.51561 0.85682 0
vn 0.7096 0.7046 -0.0001
vn 0.68211 0.67921 0.27091
vn 0.68209 0.67929 -0.27079
vn 0.79872 0.53762 -0.27021
vn 0.83003 0.55772 -0.0001
vn 0.79868 0.53759 0.27039
vn 0.90359 0.4284 0
vn 0.86974 0.41297 0.27018
vn 0.8698 0.4129 -0.2701
vn 0.91099 0.3122 -0.2695
vn 0.94609 0.3239 0
vn 0.91097 0.31219 0.26959
vn 0.97115 0.23849 0
vn 0.9352 0.2297 0.2695
vn 0.9352 0.2297 -0.2695
vn 0.95086 0.15229 -0.26959
vn 0.98741 0.1582 0
vn 0.95085 0.15231 0.26961
vn 0.99691 0.0785 0
vn 0.96294 0 -0.26971
vn 0.96294 0 0.26971
vn 0.99691 -0.0785 0
vn 0.95085 -0.15231 -0.26961
vn 0.98741 -0.1582 0
vn 0.95085 -0.15231 0.26961
vn 0.97115 -0.23849 0
vn 0.9352 -0.2297 0.2695
vn 0.9352 -0.2297 -0.2695
vn 0.91099 -0.3122 -0.2695
vn 0.94609 -0.3239 0
vn 0.91099 -0.3122 0.2695
vn 0.90359 -0.4284 0
vn 0.8698 -0.4129 0.2701
vn 0.86974 -0.41297 -0.27018
vn 0.79864 -0.53763 -0.27041
vn 0.83003 -0.55772 0.0001
vn 0.79872 -0.53762 0.27021
vn 0.7096 -0.7046 0.0001
vn 0.68209 -0.67929 0.27079
vn 0.68211 -0.67921 -0.27091
vn 0.49529 -0.82478 -0.27279
vn 0.51561 -0.85682 0
vn 0.49529 -0.82478 0.27279
vn 0.49522 -0.82483 0.27281
vn 0.5155 -0.85689 0
vn 0.27799 -0.96058 -0.0001
vn 0.26859 -0.92417 0.27159
vn 0.26861 -0.92404 -0.27201
vn 0.0966 -0.9578 -0.2707
vn 0.0994 -0.99505 -0.0001
vn 0.09661 -0.95786 0.27052
vn 0.0081 -0.99997 0
vn 0.0081 -0.96263 0.27071
vn 0.008 -0.96254 -0.27101
vn -0.026 -0.96226 -0.27089
vn -0.027 -0.99964 0
vn -0.026 -0.96226 0.27089
vn -0.031 -0.99952 0
vn -0.0299 -0.9622 0.2707
vn -0.0299 -0.9622 -0.2707
vn -0.0189 -0.96251 -0.2706
vn -0.0189 -0.96253 0.27051
vn -0.0063 -0.99998 0
vn -0.0086 0.4474 0.89429
vn -0.0026 0.44801 0.89402
vn 0.0002 -0.0014 1
vn 0.0002 -0.0024 1
vn 0 0.44829 0.89389
vn 0 -0.0004 1
vn 0 -0.44829 0.89389
vn 0.003 -0.44801 0.89402
vn 0.0089 -0.4474 0.89429
vn 0 0.44829 -0.89389
vn -0.0026 0.44801 -0.89402
vn 0.0002 -0.0014 -1
vn 0 -0.0004 -1
vn -0.0086 0.4474 -0.89429
vn 0.0002 -0.0024 -1
vn 0.0089 -0.4474 -0.89429
vn 0.003 -0.44801 -0.89402
vn 0 -0.44829 -0.89389
vn -0.0113 0.44691 0.89451
vn -0.0136 0.44701 0.89442
vn 0.0003 -0.0008 1
vn 0.0005 0.0021 1
vn 0.014 -0.44701 0.89442
vn 0.0124 -0.4469 0.8945
vn -0.0136 0.44701 -0.89442
vn 0.0003 -0.0008 -1
vn -0.0113 0.44691 -0.89451
vn 0.0005 0.0021 -1
vn 0.0125 -0.4469 -0.8945
vn 0.014 -0.44701 -0.89442
vn 0.0491 0.44419 0.89458
vn 0.006 0.44689 0.89457
vn 0.0013 0.0082 0.99997
vn 0.0038 0.018 0.99983
vn -0.0028 -0.44681 0.89462
vn -0.0429 -0.44532 0.89434
vn 0.0059 0.44701 -0.89451
vn 0.0013 0.0081 -0.99997
vn 0.049 0.44439 -0.89449
vn 0.0038 0.0178 -0.99983
vn -0.0429 -0.4454 -0.8943
vn -0.0028 -0.44729 -0.89438
vn 0.22879 0.38109 0.89578
vn 0.12829 0.42668 0.89526
vn 0.011 0.0316 0.99944
vn 0.0212 0.033 0.99923
vn -0.122 -0.42849 0.89527
vn -0.22919 -0.38068 0.89585
vn 0.12821 0.42652 -0.89534
vn 0.011 0.0315 -0.99944
vn 0.22901 0.38131 -0.89563
vn 0.0212 0.0331 -0.99923
vn -0.2292 -0.3806 -0.89589
vn -0.12211 -0.42852 -0.89524
vn 0.3695 0.2531 0.8941
vn 0.31441 0.31771 0.89454
vn 0.0209 0.0216 0.99955
vn 0.0188 0.0147 0.99972
vn -0.3184 -0.3138 0.89451
vn -0.37281 -0.24881 0.89393
vn 0.314 0.3177 -0.89469
vn 0.021 0.0218 -0.99954
vn 0.36939 0.25299 -0.89417
vn 0.019 0.0148 -0.99971
vn -0.37271 -0.24861 -0.89403
vn -0.3186 -0.3139 -0.8944
vn 0.42428 0.14679 0.89355
vn 0.40369 0.1945 0.89398
vn 0.0163 0.0092 0.99982
vn 0.0127 0.0051 0.99991
vn -0.40539 -0.1909 0.89399
vn -0.42489 -0.1449 0.89357
vn 0.40361 0.1945 -0.89402
vn 0.0164 0.0093 -0.99982
vn 0.42428 0.14679 -0.89355
vn 0.0128 0.0051 -0.99991
vn -0.42501 -0.1449 -0.89352
vn -0.40581 -0.19121 -0.89373
vn 0.4432 0.0711 0.8936
vn 0.436 0.1076 0.89349
vn 0.0115 0.0031 0.99993
vn 0.0114 0.0019 0.99993
vn -0.43611 -0.1069 0.89352
vn -0.4432 -0.071 0.89361
vn 0.43592 0.1076 -0.89353
vn 0.0115 0.0031 -0.99993
vn 0.4432 0.0711 -0.8936
vn 0.0115 0.0019 -0.99993
vn -0.4432 -0.071 -0.89361
vn -0.43611 -0.1069 -0.89352
vn 0.44869 0 0.89369
vn 0.44737 0.0353 0.89365
vn 0.0113 0.0009 0.99994
vn 0.0111 0 0.99994
vn -0.44738 -0.0352 0.89365
vn -0.44869 0 0.89369
vn 0.44737 0.0353 -0.89365
vn 0.0113 0.0009 -0.99994
vn 0.44869 0 -0.89369
vn 0.0111 0 -0.99994
vn -0.44869 0 -0.89369
vn -0.44737 -0.0353 -0.89365
vn 0.4432 -0.0711 0.8936
vn 0.44737 -0.0353 0.89365
vn 0.0113 -0.0009 0.99994
vn 0.0115 -0.0019 0.99993
vn -0.44737 0.0353 0.89365
vn -0.4432 0.071 0.89361
vn 0.44737 -0.0353 -0.89365
vn 0.0113 -0.0009 -0.99994
vn 0.4432 -0.0711 -0.8936
vn 0.0114 -0.0019 -0.99993
vn -0.4432 0.071 -0.89361
vn -0.44738 0.0352 -0.89365
vn 0.42428 -0.14679 0.89355
vn 0.43592 -0.1076 0.89353
vn 0.0115 -0.0031 0.99993
vn 0.0128 -0.0051 0.99991
vn -0.43611 0.1069 0.89352
vn -0.42501 0.1449 0.89352
vn 0.436 -0.1076 -0.89349
vn 0.0115 -0.0031 -0.99993
vn 0.42428 -0.14679 -0.89355
vn 0.0127 -0.0051 -0.99991
vn -0.42489 0.1449 -0.89357
vn -0.43611 0.1069 -0.89352
vn 0.36939 -0.25299 0.89417
vn 0.40361 -0.1945 0.89402
vn 0.0164 -0.0093 0.99982
vn 0.019 -0.0148 0.99971
vn -0.40542 0.19101 0.89395
vn -0.37271 0.24861 0.89403
vn 0.40369 -0.1945 -0.89398
vn 0.0163 -0.0092 -0.99982
vn 0.3695 -0.2531 -0.8941
vn 0.0188 -0.0147 -0.99972
vn -0.37261 0.24841 -0.89412
vn -0.40539 0.1909 -0.89399
vn 0.22901 -0.38131 0.89563
vn 0.3144 -0.3176 0.89459
vn 0.021 -0.0218 0.99954
vn 0.0212 -0.0331 0.99923
vn -0.3186 0.3139 0.8944
vn -0.2292 0.3806 0.89589
vn 0.31441 -0.31771 -0.89454
vn 0.0209 -0.0216 -0.99955
vn 0.22879 -0.38109 -0.89578
vn 0.0212 -0.033 -0.99923
vn -0.22929 0.38079 -0.89578
vn -0.3184 0.3138 -0.89451
vn 0.049 -0.44439 0.89449
vn 0.12829 -0.42668 0.89526
vn 0.011 -0.0315 0.99944
vn 0.0038 -0.0178 0.99983
vn -0.122 0.42829 0.89537
vn -0.0428 0.44508 0.89447
vn 0.1282 -0.4264 -0.8954
vn 0.011 -0.0316 -0.99944
vn 0.0491 -0.44419 -0.89458
vn 0.0038 -0.018 -0.99983
vn -0.0429 0.44532 -0.89434
vn -0.122 0.42849 -0.89527
vn -0.0113 -0.44691 0.89451
vn 0.0059 -0.44701 0.89451
vn 0.0013 -0.0081 0.99997
vn 0.0005 -0.0021 1
vn -0.0028 0.44717 0.89444
vn 0.0125 0.4469 0.8945
vn 0.006 -0.44701 -0.89451
vn 0.0013 -0.0083 -0.99996
vn -0.0113 -0.44691 -0.89451
vn 0.0005 -0.0021 -1
vn 0.0124 0.4469 -0.8945
vn -0.0028 0.44681 -0.89462
vn -0.0086 -0.4474 0.89429
vn -0.0136 -0.44701 0.89442
vn 0.0003 0.0008 1
vn 0.0002 0.0024 1
vn 0.014 0.44701 0.89442
vn 0.0089 0.4474 0.89429
vn -0.0136 -0.44701 -0.89442
vn 0.0003 0.0008 -1
vn -0.0086 -0.4474 -0.89429
vn 0.0002 0.0024 -1
vn 0.0089 0.4474 -0.89429
vn 0.014 0.44701 -0.89442
vn -0.0026 -0.44801 0.89402
vn 0.0002 0.0014 1
vn 0 0.0004 1
vn 0.003 0.44801 0.89402
vn -0.0026 -0.44801 -0.89402
vn 0.0002 0.0014 -1
vn 0 0.0004 -1
vn 0.003 0.44801 -0.89402
vn 0.0086 -0.4474 0.89429
vn 0.0026 -0.44801 0.89402
vn -0.0002 0.0014 1
vn -0.0002 0.0024 1
vn -0.003 0.44801 0.89402
vn -0.0089 0.4474 0.89429
vn 0.0026 -0.44801 -0.89402
vn -0.0002 0.0014 -1
vn 0.0086 -0.4474 -0.89429
vn -0.0002 0.0024 -1
vn -0.0089 0.4474 -0.89429
vn -0.003 0.44801 -0.89402
vn 0.0113 -0.44691 0.89451
vn 0.0136 -0.44701 0.89442
vn -0.0003 0.0008 1
vn -0.0005 -0.0021 1
vn -0.014 0.44701 0.89442
vn -0.0124 0.4469 0.8945
vn 0.0136 -0.44701 -0.89442
vn -0.0003 0.0008 -1
vn 0.0113 -0.44691 -0.89451
vn -0.0005 -0.0021 -1
vn -0.0125 0.4469 -0.8945
vn -0.014 0.44701 -0.89442
vn -0.0491 -0.44451 0.89443
vn -0.006 -0.44721 0.89441
vn -0.0013 -0.0083 0.99996
vn -0.0038 -0.018 0.99983
vn 0.0028 0.44709 0.89448
vn 0.0429 0.44532 0.89434
vn -0.006 -0.44713 -0.89445
vn -0.0013 -0.0081 -0.99997
vn -0.049 -0.44439 -0.89449
vn -0.0038 -0.0178 -0.99983
vn 0.0428 0.44508 -0.89447
vn 0.0028 0.44701 -0.89452
vn -0.229 -0.3814 0.8956
vn -0.12829 -0.42668 0.89526
vn -0.011 -0.0316 0.99944
vn -0.0212 -0.033 0.99923
vn 0.122 0.42849 0.89527
vn 0.22919 0.38068 0.89585
vn -0.1283 -0.4266 -0.8953
vn -0.011 -0.0315 -0.99944
vn -0.22901 -0.38131 -0.89563
vn -0.0212 -0.0331 -0.99923
vn 0.22921 0.38071 -0.89583
vn 0.12211 0.42852 -0.89524
vn -0.3695 -0.2531 0.8941
vn -0.31441 -0.31771 0.89454
vn -0.0209 -0.0216 0.99955
vn -0.0188 -0.0147 0.99972
vn 0.3184 0.3138 0.89451
vn 0.37261 0.24841 0.89412
vn -0.3144 -0.3176 -0.89459
vn -0.021 -0.0218 -0.99954
vn -0.36939 -0.25299 -0.89417
vn -0.019 -0.0148 -0.99971
vn 0.37271 0.24861 -0.89403
vn 0.3186 0.3139 -0.8944
vn -0.42428 -0.14679 0.89355
vn -0.40369 -0.1945 0.89398
vn -0.0163 -0.0092 0.99982
vn -0.0127 -0.0051 0.99991
vn 0.40569 0.1912 0.89379
vn 0.42489 0.1449 0.89357
vn -0.40361 -0.1945 -0.89402
vn -0.0164 -0.0093 -0.99982
vn -0.42428 -0.14679 -0.89355
vn -0.0128 -0.0051 -0.99991
vn 0.42501 0.1449 -0.89352
vn 0.40542 0.19101 -0.89395
vn -0.4432 -0.0711 0.8936
vn -0.436 -0.1076 0.89349
vn -0.0115 -0.0031 0.99993
vn -0.0114 -0.0019 0.99993
vn 0.43611 0.1069 0.89352
vn 0.4432 0.071 0.89361
vn -0.436 -0.1076 -0.89349
vn -0.0115 -0.0031 -0.99993
vn -0.4432 -0.0711 -0.8936
vn -0.0115 -0.0019 -0.99993
vn 0.4432 0.071 -0.89361
vn 0.43611 0.1069 -0.89352
vn -0.44737 -0.0353 0.89365
vn -0.0113 -0.0009 0.99994
vn -0.0111 0 0.99994
vn 0.44738 0.0352 0.89365
vn -0.0113 -0.0009 -0.99994
vn -0.0111 0 -0.99994
vn -0.4432 0.0711 0.8936
vn -0.0113 0.0009 0.99994
vn -0.0115 0.0019 0.99993
vn 0.4432 -0.071 0.89361
vn -0.44737 0.0353 -0.89365
vn -0.0113 0.0009 -0.99994
vn -0.4432 0.0711 -0.8936
vn -0.0114 0.0019 -0.99993
vn 0.4432 -0.071 -0.89361
vn 0.44738 -0.0352 -0.89365
vn -0.42428 0.14679 0.89355
vn -0.43592 0.1076 0.89353
vn -0.0115 0.0031 0.99993
vn -0.0128 0.0051 0.99991
vn 0.43611 -0.1069 0.89352
vn 0.42501 -0.1449 0.89352
vn -0.436 0.1076 -0.89349
vn -0.0115 0.0031 -0.99993
vn -0.42428 0.14679 -0.89355
vn -0.0127 0.0051 -0.99991
vn 0.42489 -0.1449 -0.89357
vn 0.43611 -0.1069 -0.89352
vn -0.36939 0.25299 0.89417
vn -0.40361 0.1945 0.89402
vn -0.0164 0.0093 0.99982
vn -0.019 0.0148 0.99971
vn 0.40542 -0.19101 0.89395
vn 0.37271 -0.24861 0.89403
vn -0.40369 0.1945 -0.89398
vn -0.0163 0.0092 -0.99982
vn -0.3695 0.2531 -0.8941
vn -0.0188 0.0147 -0.99972
vn 0.3727 -0.2487 -0.894
vn 0.40539 -0.1909 -0.89399
vn -0.22869 0.38098 0.89585
vn -0.3139 0.3178 0.89469
vn -0.021 0.0218 0.99954
vn -0.0212 0.0331 0.99923
vn 0.31821 -0.3137 0.89461
vn 0.2296 -0.381 0.89561
vn -0.3144 0.3178 -0.89451
vn -0.0209 0.0217 -0.99955
vn -0.229 0.3814 -0.8956
vn -0.0212 0.033 -0.99923
vn 0.22929 -0.38079 -0.89578
vn 0.3184 -0.3138 -0.89451
vn -0.049 0.44439 0.89449
vn -0.1283 0.4266 0.8953
vn -0.011 0.0315 0.99944
vn -0.0038 0.0178 0.99983
vn 0.1221 -0.4286 0.8952
vn 0.0429 -0.4454 0.8943
vn -0.12829 0.42668 -0.89526
vn -0.011 0.0316 -0.99944
vn -0.0491 0.44419 -0.89458
vn -0.0038 0.018 -0.99983
vn 0.0429 -0.44532 -0.89434
vn 0.122 -0.42849 -0.89527
vn 0.0113 0.44691 0.89451
vn -0.0059 0.44669 0.89467
vn -0.0013 0.0081 0.99997
vn -0.0005 0.0021 1
vn 0.0028 -0.44701 0.89452
vn -0.0125 -0.4469 0.8945
vn -0.006 0.44661 -0.89471
vn -0.0013 0.0083 -0.99996
vn 0.0113 0.44691 -0.89451
vn -0.0005 0.0021 -1
vn -0.0124 -0.4469 -0.8945
vn 0.0028 -0.44709 -0.89448
vn 0.0086 0.4474 0.89429
vn 0.0136 0.44701 0.89442
vn -0.0003 -0.0008 1
vn -0.0002 -0.0024 1
vn -0.014 -0.44701 0.89442
vn -0.0089 -0.4474 0.89429
vn 0.0136 0.44709 -0.89438
vn -0.0003 -0.0008 -1
vn 0.0086 0.4474 -0.89429
vn -0.0002 -0.0024 -1
vn -0.0089 -0.4474 -0.89429
vn -0.014 -0.44701 -0.89442
vn 0.0026 0.44801 0.89402
vn -0.0002 -0.0014 1
vn -0.003 -0.44801 0.89402
vn 0.0026 0.44801 -0.89402
vn -0.0002 -0.0014 -1
vn -0.003 -0.44801 -0.89402
vn 0.99533 -0.0271 -0.0926
vn 0.99576 0.0001 -0.092
vn 0.9996 -0.0283 0
vn 0.99533 0.0271 -0.0926
vn 0.9996 0.0283 0
vn 0.99579 0 0.0917
vn 0.99533 -0.0271 0.0927
vn 0.99532 0.0271 0.0928
vn 0.989 -0.041 -0.1421
vn 0.98956 -0.0242 -0.14211
vn 0.99668 -0.0413 -0.0701
vn 0.98984 0 -0.14221
vn 0.98956 0.0242 -0.14209
vn 0.98902 0.041 -0.142
vn 0.99668 0.0413 -0.0701
vn 0.99914 0.0414 0
vn 0.99668 0.0413 0.0701
vn 0.98902 0.041 0.142
vn 0.98954 0.0242 0.14221
vn 0.98984 0 0.14221
vn 0.98954 -0.0242 0.14221
vn 0.99668 -0.0413 0.0701
vn 0.989 -0.041 0.1421
vn 0.99914 -0.0414 0
vn -0.94347 0.18869 0.27249
vn -0.7388 0.4255 0.5226
vn -0.8124 0.5831 0
vn -0.97408 0.2262 0.0001
vn -0.3253 0.6501 0.6867
vn -0.38302 0.92374 0
vn -0.73861 0.4256 -0.5228
vn -0.94361 0.1886 -0.2721
vn -0.32538 0.64977 -0.68697
vn -0.96849 0.1049 0.2259
vn -0.94721 0.1346 0.291
vn -0.97872 0.106 0.1757
vn -0.7433 0.2805 0.6073
vn -0.27451 0.40501 0.87213
vn -0.0279 0.4215 0.9064
vn -0.0388 0.67463 0.73713
vn -0.053 0.99859 0
vn -0.0388 0.67458 -0.73718
vn -0.0279 0.4215 -0.9064
vn -0.27451 0.40501 -0.87213
vn -0.74321 0.28051 -0.60741
vn -0.94721 0.1346 -0.291
vn -0.97872 0.106 -0.1757
vn -0.9685 0.1048 -0.2259
vn -0.99418 0.1077 -0.0002
vn -0.99533 -0.0271 0.0926
vn -0.99576 0.0001 0.092
vn -0.9996 -0.0283 0
vn -0.99533 0.0271 0.0927
vn -0.9996 0.0283 0
vn -0.99576 0 -0.092
vn -0.99533 -0.0271 -0.0927
vn -0.99533 0.0271 -0.0927
vn -0.98902 -0.041 0.142
vn -0.98954 -0.0242 0.14221
vn -0.99668 -0.0413 0.0701
vn -0.98984 0 0.14221
vn -0.98956 0.0242 0.14209
vn -0.98902 0.041 0.142
vn -0.99669 0.0413 0.07
vn -0.99914 0.0414 0
vn -0.99668 0.0413 -0.0701
vn -0.98902 0.041 -0.142
vn -0.98954 0.0242 -0.14221
vn -0.98984 0 -0.14221
vn -0.98954 -0.0242 -0.14221
vn -0.99669 -0.0413 -0.07
vn -0.98902 -0.041 -0.142
vn -0.99914 -0.0414 0
vn 0.94347 -0.18869 0.27249
vn 0.7388 -0.4255 0.5226
vn 0.81235 -0.58317 0
vn 0.97408 -0.2262 0.0002
vn 0.3253 -0.6501 0.6867
vn 0.3831 -0.92371 0
vn 0.73861 -0.42571 -0.52271
vn 0.94364 -0.18841 -0.27211
vn 0.32538 -0.64977 -0.68697
vn 0.96847 -0.1049 0.22599
vn 0.94721 -0.1346 0.291
vn 0.97872 -0.106 0.1757
vn 0.7433 -0.2805 0.6073
vn 0.27451 -0.40501 0.87213
vn 0.0279 -0.4215 0.9064
vn 0.0388 -0.67463 0.73713
vn 0.053 -0.99859 0
vn 0.0387 -0.67458 -0.73718
vn 0.0279 -0.4215 -0.9064
vn 0.27451 -0.40501 -0.87213
vn 0.74321 -0.28051 -0.60741
vn 0.94721 -0.1346 -0.291
vn 0.9787 -0.106 -0.1758
vn 0.96848 -0.1048 -0.22599
vn 0.99418 -0.1077 -0.0001
vn -0.83758 -0.0555 -0.54349
vn -0.83339 0 -0.55269
vn -0.49098 0 -0.87117
vn -0.51858 -0.0991 -0.84927
vn -0.83758 0.0555 -0.54349
vn -0.51862 0.0992 -0.84923
vn -0.1468 0 -0.98917
vn -0.1616 -0.1172 -0.97987
vn -0.1614 0.1171 -0.97992
vn -0.93444 -0.0629 -0.35052
vn -0.93564 -0.037 -0.35101
vn -0.78008 -0.1114 -0.61568
vn -0.9363 0 -0.3512
vn -0.93564 0.037 -0.35101
vn -0.93445 0.0629 -0.35048
vn -0.78008 0.1114 -0.61568
vn -0.40921 0.16151 -0.89803
vn -0.14041 0.17481 -0.97454
vn -0.018 0.1763 -0.98417
vn -0.0171 0.11391 -0.99334
vn -0.0156 0 -0.99988
vn -0.0171 -0.11391 -0.99334
vn -0.14051 -0.17471 -0.97454
vn -0.018 -0.1763 -0.98417
vn -0.40909 -0.1615 -0.89809
vn 0.32521 0.65002 0.68682
vn 0.73861 0.42571 0.52271
vn 0.8124 0.5831 0
vn 0.3831 0.92371 0
vn 0.94361 0.1886 0.2721
vn 0.9741 0.2261 0
vn 0.73854 0.42592 -0.52263
vn 0.3253 0.6501 -0.6867
vn 0.94347 0.18869 -0.27249
vn 0.0279 0.4215 0.9064
vn 0.27441 0.40511 0.87212
vn 0.0388 0.67458 0.73718
vn 0.74319 0.2806 0.60739
vn 0.94721 0.1346 0.291
vn 0.96849 0.1049 0.2259
vn 0.97871 0.1061 0.1757
vn 0.99419 0.1076 0.0002
vn 0.97872 0.106 -0.1757
vn 0.96847 0.1049 -0.22599
vn 0.94721 0.1346 -0.291
vn 0.7433 0.2805 -0.6073
vn 0.27451 0.40501 -0.87213
vn 0.0388 0.67463 -0.73713
vn 0.0279 0.4215 -0.9064
vn 0.053 0.99859 -0.0001
vn -0.16169 -0.11719 0.97986
vn -0.14689 0 0.98915
vn -0.49098 0 0.87117
vn -0.51813 -0.09911 0.84954
vn -0.1616 0.1172 0.97987
vn -0.51832 0.0991 0.84943
vn -0.83339 0 0.55269
vn -0.83758 -0.0555 0.54349
vn -0.83758 0.0555 0.54349
vn -0.018 -0.1763 0.98417
vn -0.0171 -0.11391 0.99334
vn -0.1405 -0.1748 0.97453
vn -0.0156 0 0.99988
vn -0.0171 0.11391 0.99334
vn -0.018 0.1763 0.98417
vn -0.14041 0.17481 0.97454
vn -0.40918 0.16149 0.89805
vn -0.78013 0.1114 0.61562
vn -0.93444 0.0629 0.35052
vn -0.93564 0.037 0.35101
vn -0.9363 0 0.3512
vn -0.93564 -0.037 0.35101
vn -0.78013 -0.1114 0.61562
vn -0.93444 -0.0629 0.35052
vn -0.40921 -0.16151 0.89803
vn 0.16169 -0.11719 -0.97986
vn 0.1471 0 -0.98912
vn 0.49091 0 -0.87121
vn 0.51862 -0.0992 -0.84923
vn 0.1616 0.1172 -0.97987
vn 0.5182 0.0991 -0.8495
vn 0.83339 0 -0.55269
vn 0.83758 -0.0555 -0.54349
vn 0.83758 0.0555 -0.54349
vn 0.018 -0.1763 -0.98417
vn 0.0171 -0.11391 -0.99334
vn 0.14041 -0.17481 -0.97454
vn 0.0156 0 -0.99988
vn 0.0171 0.11391 -0.99334
vn 0.018 0.1763 -0.98417
vn 0.14041 0.17481 -0.97454
vn 0.40918 0.16149 -0.89805
vn 0.78008 0.1114 -0.61568
vn 0.93445 0.0629 -0.35048
vn 0.93564 0.037 -0.35101
vn 0.9363 0 -0.3512
vn 0.93564 -0.037 -0.35101
vn 0.78008 -0.1114 -0.61568
vn 0.93441 -0.0629 -0.3506
vn 0.40909 -0.1615 -0.89809
vn -0.32538 -0.64977 0.68697
vn -0.73861 -0.42571 0.52271
vn -0.81232 -0.58321 0
vn -0.3831 -0.92371 0
vn -0.94362 -0.1885 0.27211
vn -0.97408 -0.2262 -0.0001
vn -0.7388 -0.4255 -0.5226
vn -0.3253 -0.6501 -0.6867
vn -0.94369 -0.1885 -0.2719
vn -0.0279 -0.4215 0.9064
vn -0.27451 -0.40501 0.87213
vn -0.0388 -0.67458 0.73718
vn -0.74321 -0.28051 0.60741
vn -0.94721 -0.1346 0.291
vn -0.96849 -0.1049 0.2259
vn -0.97871 -0.1061 0.1757
vn -0.99419 -0.1076 0.0002
vn -0.97872 -0.106 -0.1757
vn -0.9685 -0.1048 -0.2259
vn -0.94721 -0.1346 -0.291
vn -0.74319 -0.2806 -0.60739
vn -0.27451 -0.40501 -0.87213
vn -0.0388 -0.67463 -0.73713
vn -0.0279 -0.4215 -0.9064
vn -0.053 -0.99859 0
vn 0 0.1131 -0.99358
vn 0 0 -1
vn 0 -0.1131 -0.99358
vn 0 0.1764 -0.98432
vn 0 -0.1764 -0.98432
vn 0 0.67066 0.74176
vn 0 0.67066 -0.74176
vn 0 0.42171 0.90673
vn 0 0.42171 -0.90673
vn 0.83758 -0.0555 0.54349
vn 0.83339 0 0.55269
vn 0.49098 0 0.87117
vn 0.5182 -0.0991 0.8495
vn 0.83758 0.0555 0.54349
vn 0.51862 0.0992 0.84923
vn 0.14689 0 0.98915
vn 0.1616 -0.1172 0.97987
vn 0.16169 0.11719 0.97986
vn 0.93444 -0.0629 0.35052
vn 0.93565 -0.037 0.35098
vn 0.78008 -0.1114 0.61568
vn 0.93622 0 0.35141
vn 0.93565 0.037 0.35098
vn 0.93445 0.0629 0.35048
vn 0.78008 0.1114 0.61568
vn 0.40921 0.16151 0.89803
vn 0.1405 0.1748 0.97453
vn 0.018 0.1763 0.98417
vn 0.0171 0.11391 0.99334
vn 0.0156 0 0.99988
vn 0.0171 -0.11391 0.99334
vn 0.14041 -0.17481 0.97454
vn 0.018 -0.1763 0.98417
vn 0.40909 -0.1615 0.89809
vn 0 0.1131 0.99358
vn 0 0 1
vn 0 -0.1131 0.99358
vn 0 0.1764 0.98432
vn 0 -0.1764 0.98432
vn 0 -0.67066 0.74176
vn 0 -0.67066 -0.74176
vn 0 -0.42171 0.90673
vn 0 -0.42171 -0.90673
vt 0.71088 0.38918
vt 0.70946 0.38918
vt 0.70946 0.38889
vt 0.71088 0.38889
vt 0.70804 0.38918
vt 0.70805 0.38889
vt 0.70804 0.3886
vt 0.70946 0.3886
vt 0.71088 0.3886
vt 0.70666 0.38918
vt 0.70666 0.38889
vt 0.70528 0.38918
vt 0.70528 0.38889
vt 0.70528 0.3886
vt 0.70666 0.3886
vt 0.7039 0.38917
vt 0.7039 0.38889
vt 0.70251 0.38917
vt 0.70257 0.38889
vt 0.70251 0.3886
vt 0.7039 0.3886
vt 0.70136 0.38917
vt 0.70137 0.38889
vt 0.70021 0.38916
vt 0.70021 0.38889
vt 0.70021 0.38862
vt 0.70136 0.38861
vt 0.69983 0.38916
vt 0.70086 0.38917
vt 0.70087 0.38889
vt 0.69983 0.38889
vt 0.70189 0.38917
vt 0.70197 0.38889
vt 0.70189 0.38861
vt 0.70086 0.38861
vt 0.69983 0.38862
vt 0.70321 0.38917
vt 0.70323 0.38889
vt 0.70453 0.38918
vt 0.7046 0.38889
vt 0.70453 0.3886
vt 0.70321 0.3886
vt 0.70609 0.38918
vt 0.7061 0.38889
vt 0.70766 0.38918
vt 0.70767 0.38889
vt 0.70766 0.3886
vt 0.70609 0.3886
vt 0.70927 0.38918
vt 0.70927 0.38889
vt 0.71088 0.38918
vt 0.71088 0.38889
vt 0.71088 0.3886
vt 0.70927 0.3886
vt 0.7125 0.38918
vt 0.71249 0.38889
vt 0.71411 0.38918
vt 0.7141 0.38889
vt 0.71411 0.3886
vt 0.7125 0.3886
vt 0.71567 0.38918
vt 0.71567 0.38889
vt 0.71724 0.38918
vt 0.71717 0.38889
vt 0.71724 0.3886
vt 0.71567 0.3886
vt 0.71856 0.38917
vt 0.71854 0.38889
vt 0.71988 0.38917
vt 0.7198 0.38889
vt 0.71988 0.38861
vt 0.71856 0.3886
vt 0.72091 0.38917
vt 0.7209 0.38889
vt 0.72194 0.38916
vt 0.72194 0.38889
vt 0.72194 0.38862
vt 0.72091 0.38861
vt 0.70257 0.38889
vt 0.70136 0.38861
vt 0.70528 0.38889
vt 0.7039 0.3886
vt 0.71231 0.38918
vt 0.71231 0.38889
vt 0.71373 0.38918
vt 0.71372 0.38889
vt 0.71373 0.3886
vt 0.71231 0.3886
vt 0.71511 0.38918
vt 0.71511 0.38889
vt 0.71649 0.38918
vt 0.71649 0.38889
vt 0.71649 0.3886
vt 0.71511 0.3886
vt 0.71787 0.38917
vt 0.71787 0.38889
vt 0.71926 0.38917
vt 0.71919 0.38889
vt 0.71926 0.3886
vt 0.71787 0.3886
vt 0.72041 0.38917
vt 0.7204 0.38889
vt 0.72155 0.38916
vt 0.72155 0.38889
vt 0.72155 0.38862
vt 0.72041 0.38861
vt 0.72091 0.38917
vt 0.7198 0.38889
vt 0.72091 0.38861
vt 0.71856 0.38917
vt 0.71854 0.38889
vt 0.71856 0.3886
vt 0.71567 0.38918
vt 0.7141 0.38889
vt 0.71567 0.3886
vt 0.7046 0.38889
vt 0.70323 0.38889
vt 0.70197 0.38889
vt 0.70087 0.38889
vt 0.71919 0.38889
vt 0.72041 0.38861
vt 0.71787 0.38917
vt 0.71787 0.3886
vt 0.71511 0.38889
vt 0.71372 0.38889
vt 0.71231 0.38918
vt 0.71231 0.38889
vt 0.71231 0.3886
vt 0.71088 0.38889
vt 0.70946 0.38889
vt 0.70946 0.38918
vt 0.70946 0.3886
vt 0.70803 0.3886
vt 0.70804 0.38889
vt 0.70803 0.38918
vt 0.70665 0.38889
vt 0.70665 0.38918
vt 0.70665 0.3886
vt 0.70527 0.3886
vt 0.70528 0.38889
vt 0.70527 0.38918
vt 0.70392 0.38889
vt 0.70391 0.38917
vt 0.70391 0.3886
vt 0.70255 0.3886
vt 0.70263 0.38889
vt 0.70255 0.38917
vt 0.7015 0.38889
vt 0.70149 0.38917
vt 0.70149 0.38861
vt 0.70043 0.38862
vt 0.70043 0.38889
vt 0.70043 0.38916
vt 0.70021 0.38916
vt 0.70021 0.38889
vt 0.70118 0.38889
vt 0.70117 0.38917
vt 0.70021 0.38862
vt 0.70117 0.38861
vt 0.70213 0.38861
vt 0.70222 0.38889
vt 0.70213 0.38917
vt 0.70342 0.38889
vt 0.7034 0.38917
vt 0.7034 0.3886
vt 0.70467 0.3886
vt 0.70474 0.38889
vt 0.70467 0.38918
vt 0.70621 0.38889
vt 0.7062 0.38918
vt 0.7062 0.3886
vt 0.70773 0.3886
vt 0.70774 0.38889
vt 0.70773 0.38918
vt 0.70931 0.38889
vt 0.70931 0.38918
vt 0.70931 0.3886
vt 0.71246 0.38889
vt 0.71246 0.38918
vt 0.71246 0.3886
vt 0.71404 0.3886
vt 0.71403 0.38889
vt 0.71404 0.38918
vt 0.71556 0.38889
vt 0.71557 0.38918
vt 0.71557 0.3886
vt 0.7171 0.3886
vt 0.71703 0.38889
vt 0.7171 0.38918
vt 0.71835 0.38889
vt 0.71837 0.38917
vt 0.71837 0.3886
vt 0.71963 0.38861
vt 0.71955 0.38889
vt 0.71963 0.38917
vt 0.72059 0.38889
vt 0.7206 0.38917
vt 0.7206 0.38861
vt 0.72156 0.38862
vt 0.72156 0.38889
vt 0.72156 0.38916
vt 0.70149 0.38917
vt 0.70149 0.38861
vt 0.70392 0.38889
vt 0.70391 0.38917
vt 0.70391 0.3886
vt 0.70528 0.38889
vt 0.70665 0.38889
vt 0.70665 0.38918
vt 0.70665 0.3886
vt 0.70946 0.38889
vt 0.70946 0.38918
vt 0.70946 0.3886
vt 0.71088 0.38889
vt 0.71231 0.38889
vt 0.71231 0.38918
vt 0.71231 0.3886
vt 0.71374 0.3886
vt 0.71372 0.38889
vt 0.71374 0.38918
vt 0.71512 0.38889
vt 0.71512 0.38918
vt 0.71512 0.3886
vt 0.7165 0.3886
vt 0.71649 0.38889
vt 0.7165 0.38918
vt 0.71785 0.38889
vt 0.71786 0.38917
vt 0.71786 0.3886
vt 0.71922 0.3886
vt 0.71913 0.38889
vt 0.71922 0.38917
vt 0.72027 0.38889
vt 0.72028 0.38917
vt 0.72028 0.38861
vt 0.72134 0.38862
vt 0.72134 0.38889
vt 0.72134 0.38916
vt 0.72059 0.38889
vt 0.7206 0.38917
vt 0.7206 0.38861
vt 0.71835 0.38889
vt 0.71703 0.38889
vt 0.71246 0.38889
vt 0.71088 0.38889
vt 0.70774 0.38889
vt 0.70342 0.38889
vt 0.7034 0.38917
vt 0.7034 0.3886
vt 0.70222 0.38889
vt 0.70118 0.38889
vt 0.72028 0.38861
vt 0.71913 0.38889
vt 0.71786 0.3886
vt 0.71649 0.38889
vt 0.71512 0.38889
vt 0.71372 0.38889
vt 0.71231 0.38889
vt 0.70804 0.40025
vt 0.70946 0.40025
vt 0.70946 0.40004
vt 0.70805 0.40005
vt 0.71088 0.40025
vt 0.71088 0.40004
vt 0.71088 0.39982
vt 0.70946 0.39982
vt 0.70803 0.39982
vt 0.70946 0.40004
vt 0.70946 0.39982
vt 0.70528 0.40036
vt 0.70666 0.40031
vt 0.70666 0.40009
vt 0.70528 0.40014
vt 0.70665 0.39987
vt 0.70527 0.39993
vt 0.70665 0.39987
vt 0.70251 0.40042
vt 0.7039 0.40039
vt 0.70391 0.40017
vt 0.7026 0.40013
vt 0.70391 0.39996
vt 0.70255 0.39999
vt 0.7039 0.40039
vt 0.7026 0.40013
vt 0.70391 0.39996
vt 0.70021 0.3999
vt 0.70136 0.40016
vt 0.70144 0.39993
vt 0.70036 0.3995
vt 0.70149 0.39976
vt 0.70043 0.39952
vt 0.70144 0.39993
vt 0.70036 0.3995
vt 0.70149 0.39976
vt 0.69824 0.39784
vt 0.69923 0.39887
vt 0.69939 0.39869
vt 0.69852 0.39764
vt 0.69952 0.39856
vt 0.6986 0.3976
vt 0.69923 0.39887
vt 0.69852 0.39764
vt 0.69705 0.39522
vt 0.69765 0.39653
vt 0.69785 0.39642
vt 0.69731 0.39508
vt 0.69803 0.39634
vt 0.69746 0.39508
vt 0.69731 0.39508
vt 0.69803 0.39634
vt 0.69628 0.3921
vt 0.69667 0.39366
vt 0.69689 0.3936
vt 0.69657 0.39205
vt 0.69709 0.39355
vt 0.69671 0.39203
vt 0.69689 0.3936
vt 0.69709 0.39355
vt 0.69603 0.38889
vt 0.69616 0.39049
vt 0.69639 0.39048
vt 0.69632 0.38889
vt 0.69659 0.39046
vt 0.69647 0.38889
vt 0.69659 0.39046
vt 0.69628 0.38568
vt 0.69616 0.38728
vt 0.69639 0.3873
vt 0.69657 0.38573
vt 0.69659 0.38732
vt 0.69671 0.38575
vt 0.69616 0.38728
vt 0.69659 0.38732
vt 0.69705 0.38256
vt 0.69667 0.38412
vt 0.69689 0.38418
vt 0.69731 0.3827
vt 0.69709 0.38422
vt 0.69746 0.3827
vt 0.69689 0.38418
vt 0.69709 0.38422
vt 0.69824 0.37993
vt 0.69765 0.38125
vt 0.69785 0.38136
vt 0.69852 0.38014
vt 0.69803 0.38144
vt 0.6986 0.38017
vt 0.69785 0.38136
vt 0.69852 0.38014
vt 0.69803 0.38144
vt 0.70021 0.37788
vt 0.69923 0.37891
vt 0.69939 0.37909
vt 0.70036 0.37827
vt 0.69952 0.37921
vt 0.70043 0.37825
vt 0.69923 0.37891
vt 0.70251 0.37736
vt 0.70136 0.37762
vt 0.70144 0.37785
vt 0.7026 0.37765
vt 0.70149 0.37802
vt 0.70255 0.37779
vt 0.70144 0.37785
vt 0.7026 0.37765
vt 0.70149 0.37802
vt 0.70528 0.37741
vt 0.7039 0.37738
vt 0.70391 0.37761
vt 0.70528 0.37764
vt 0.70391 0.37782
vt 0.70527 0.37785
vt 0.7039 0.37738
vt 0.70528 0.37764
vt 0.70391 0.37782
vt 0.70804 0.37753
vt 0.70666 0.37747
vt 0.70666 0.37769
vt 0.70805 0.37773
vt 0.70665 0.3779
vt 0.70803 0.37796
vt 0.70666 0.37769
vt 0.70665 0.3779
vt 0.71088 0.37752
vt 0.70946 0.37753
vt 0.70946 0.37774
vt 0.71088 0.37774
vt 0.70946 0.37796
vt 0.71088 0.37796
vt 0.70946 0.37774
vt 0.70946 0.37796
vt 0.71373 0.37753
vt 0.71231 0.37753
vt 0.71231 0.37774
vt 0.71372 0.37773
vt 0.71231 0.37796
vt 0.71374 0.37796
vt 0.71231 0.37753
vt 0.71649 0.37741
vt 0.71511 0.37747
vt 0.71511 0.37769
vt 0.71649 0.37764
vt 0.71512 0.3779
vt 0.7165 0.37785
vt 0.71511 0.37769
vt 0.71649 0.37764
vt 0.71926 0.37736
vt 0.71787 0.37738
vt 0.71786 0.37761
vt 0.71916 0.37765
vt 0.71786 0.37782
vt 0.71922 0.37779
vt 0.71787 0.37738
vt 0.72155 0.37788
vt 0.72041 0.37762
vt 0.72033 0.37785
vt 0.7214 0.37827
vt 0.72028 0.37802
vt 0.72134 0.37825
vt 0.72353 0.37993
vt 0.72254 0.37891
vt 0.72238 0.37909
vt 0.72324 0.38014
vt 0.72225 0.37921
vt 0.72317 0.38017
vt 0.72254 0.37891
vt 0.72238 0.37909
vt 0.72324 0.38014
vt 0.72225 0.37921
vt 0.72472 0.38256
vt 0.72412 0.38125
vt 0.72391 0.38136
vt 0.72446 0.3827
vt 0.72374 0.38144
vt 0.72431 0.3827
vt 0.72391 0.38136
vt 0.72374 0.38144
vt 0.72549 0.38568
vt 0.7251 0.38412
vt 0.72488 0.38418
vt 0.7252 0.38573
vt 0.72468 0.38422
vt 0.72506 0.38575
vt 0.72488 0.38418
vt 0.7252 0.38573
vt 0.72574 0.38889
vt 0.72561 0.38728
vt 0.72538 0.3873
vt 0.72545 0.38889
vt 0.72518 0.38732
vt 0.7253 0.38889
vt 0.72561 0.38728
vt 0.72545 0.38889
vt 0.72518 0.38732
vt 0.72549 0.3921
vt 0.72561 0.39049
vt 0.72538 0.39048
vt 0.7252 0.39205
vt 0.72518 0.39046
vt 0.72506 0.39203
vt 0.7252 0.39205
vt 0.72518 0.39046
vt 0.72472 0.39522
vt 0.7251 0.39366
vt 0.72488 0.3936
vt 0.72446 0.39508
vt 0.72468 0.39355
vt 0.72431 0.39508
vt 0.72488 0.3936
vt 0.72353 0.39784
vt 0.72412 0.39653
vt 0.72391 0.39642
vt 0.72324 0.39764
vt 0.72374 0.39634
vt 0.72317 0.3976
vt 0.72324 0.39764
vt 0.72155 0.3999
vt 0.72254 0.39887
vt 0.72238 0.39869
vt 0.7214 0.3995
vt 0.72225 0.39856
vt 0.72134 0.39952
vt 0.72254 0.39887
vt 0.72238 0.39869
vt 0.72225 0.39856
vt 0.71926 0.40042
vt 0.72041 0.40016
vt 0.72033 0.39993
vt 0.71916 0.40013
vt 0.72028 0.39976
vt 0.71922 0.39999
vt 0.71916 0.40013
vt 0.72028 0.39976
vt 0.71649 0.40036
vt 0.71787 0.40039
vt 0.71786 0.40017
vt 0.71649 0.40014
vt 0.71786 0.39996
vt 0.7165 0.39993
vt 0.71787 0.40039
vt 0.71786 0.39996
vt 0.71373 0.40025
vt 0.71511 0.40031
vt 0.71511 0.40009
vt 0.71372 0.40005
vt 0.71512 0.39987
vt 0.71374 0.39982
vt 0.71512 0.39987
vt 0.71231 0.40025
vt 0.71231 0.40004
vt 0.71231 0.39982
vt 0.71231 0.40025
vt 0.71231 0.40004
vt 0.71122 0.38875
vt 0.71088 0.38875
vt 0.71122 0.38889
vt 0.71054 0.38875
vt 0.71054 0.38889
vt 0.71088 0.38903
vt 0.71122 0.38903
vt 0.71054 0.38903
vt 0.71156 0.38861
vt 0.71122 0.38861
vt 0.71156 0.38875
vt 0.71088 0.38861
vt 0.71054 0.38861
vt 0.7102 0.38861
vt 0.7102 0.38875
vt 0.7102 0.38889
vt 0.7102 0.38903
vt 0.7102 0.38917
vt 0.71054 0.38917
vt 0.71088 0.38917
vt 0.71122 0.38917
vt 0.71156 0.38903
vt 0.71156 0.38917
vt 0.71156 0.38889
vt 0.72536 0.38903
vt 0.72533 0.38903
vt 0.72533 0.38889
vt 0.72536 0.38889
vt 0.7253 0.38903
vt 0.7253 0.38889
vt 0.72533 0.38875
vt 0.72536 0.38875
vt 0.7253 0.38875
vt 0.72539 0.38917
vt 0.72536 0.38917
vt 0.72539 0.38903
vt 0.72533 0.38917
vt 0.7253 0.38917
vt 0.72527 0.38917
vt 0.72526 0.38903
vt 0.72526 0.38889
vt 0.72526 0.38875
vt 0.72527 0.38861
vt 0.7253 0.38861
vt 0.72533 0.38861
vt 0.72536 0.38861
vt 0.72539 0.38875
vt 0.72539 0.38861
vt 0.72539 0.38889
vt 0.71088 0.38889
vt 0.71122 0.38889
vt 0.71054 0.38903
vt 0.71054 0.38889
vt 0.71088 0.38875
vt 0.71122 0.38875
vt 0.6964 0.38903
vt 0.69644 0.38903
vt 0.69644 0.38889
vt 0.6964 0.38889
vt 0.69647 0.38903
vt 0.69647 0.38889
vt 0.69644 0.38875
vt 0.6964 0.38875
vt 0.69647 0.38875
vt 0.69637 0.38917
vt 0.6964 0.38917
vt 0.69637 0.38903
vt 0.69644 0.38917
vt 0.69647 0.38917
vt 0.6965 0.38917
vt 0.69651 0.38903
vt 0.69651 0.38889
vt 0.69651 0.38875
vt 0.6965 0.38861
vt 0.69647 0.38861
vt 0.69644 0.38861
vt 0.6964 0.38861
vt 0.69637 0.38875
vt 0.69637 0.38861
vt 0.69637 0.38889
vt 0.72536 0.38855
vt 0.72536 0.38889
vt 0.72533 0.38855
vt 0.72536 0.38923
vt 0.72533 0.38923
vt 0.7253 0.38855
vt 0.7253 0.38923
vt 0.72539 0.38821
vt 0.72539 0.38855
vt 0.72536 0.38821
vt 0.72539 0.38923
vt 0.72539 0.38957
vt 0.72536 0.38957
vt 0.72533 0.38957
vt 0.7253 0.38957
vt 0.72527 0.38957
vt 0.72526 0.38923
vt 0.72526 0.38855
vt 0.7253 0.38821
vt 0.72527 0.38821
vt 0.72533 0.38821
vt 0.69647 0.38903
vt 0.69644 0.38903
vt 0.69644 0.38889
vt 0.6964 0.38889
vt 0.69644 0.38875
vt 0.69647 0.38875
vt 0.6964 0.38875
vt 0.6965 0.38917
vt 0.69651 0.38903
vt 0.69644 0.38861
vt 0.69647 0.38861
vt 0.69651 0.38875
vt 0.6965 0.38861
vt 0.69651 0.38889
vt 0.7253 0.38889
vt 0.72533 0.38889
vt 0.7253 0.38923
vt 0.72536 0.38855
vt 0.72536 0.38923
vt 0.72527 0.38821
vt 0.72526 0.38855
vt 0.7253 0.38821
vt 0.72526 0.38889
vt 0.72526 0.38923
vt 0.72527 0.38957
vt 0.7253 0.38957
vt 0.72536 0.38957
vt 0.72536 0.38821
vt 0.69647 0.38855
vt 0.69644 0.38855
vt 0.69647 0.38923
vt 0.69644 0.38923
vt 0.6964 0.38855
vt 0.6964 0.38923
vt 0.6965 0.38821
vt 0.69651 0.38855
vt 0.69647 0.38821
vt 0.69651 0.38889
vt 0.69651 0.38923
vt 0.6965 0.38957
vt 0.69647 0.38957
vt 0.69644 0.38957
vt 0.6964 0.38957
vt 0.69637 0.38957
vt 0.69637 0.38923
vt 0.69637 0.38855
vt 0.6964 0.38821
vt 0.69637 0.38821
vt 0.69644 0.38821
vt 0.7253 0.38903
vt 0.72533 0.38903
vt 0.72533 0.38889
vt 0.7253 0.38889
vt 0.72536 0.38903
vt 0.72536 0.38889
vt 0.7253 0.38875
vt 0.72536 0.38875
vt 0.72527 0.38917
vt 0.7253 0.38917
vt 0.72526 0.38903
vt 0.72536 0.38917
vt 0.72536 0.38861
vt 0.7253 0.38861
vt 0.72527 0.38861
vt 0.72408 0.38923
vt 0.72368 0.38889
vt 0.72476 0.38889
vt 0.72489 0.38923
vt 0.72408 0.38855
vt 0.72489 0.38855
vt 0.72516 0.38889
vt 0.72518 0.38923
vt 0.72518 0.38855
vt 0.72504 0.38957
vt 0.72182 0.38923
vt 0.7251 0.38957
vt 0.72114 0.38889
vt 0.72182 0.38855
vt 0.72504 0.38821
vt 0.7251 0.38821
vt 0.72515 0.38821
vt 0.72521 0.38821
vt 0.72521 0.38957
vt 0.72515 0.38957
vt 0.69659 0.38923
vt 0.69661 0.38889
vt 0.69701 0.38889
vt 0.69688 0.38923
vt 0.69659 0.38855
vt 0.69688 0.38855
vt 0.69809 0.38889
vt 0.69769 0.38923
vt 0.69769 0.38855
vt 0.69656 0.38957
vt 0.69656 0.38821
vt 0.69661 0.38821
vt 0.69667 0.38821
vt 0.69673 0.38821
vt 0.69995 0.38855
vt 0.70063 0.38889
vt 0.69995 0.38923
vt 0.69667 0.38957
vt 0.69673 0.38957
vt 0.69661 0.38957
vt 0.72408 0.38903
vt 0.72476 0.38889
vt 0.72489 0.38903
vt 0.72408 0.38875
vt 0.72489 0.38875
vt 0.72518 0.38903
vt 0.72518 0.38875
vt 0.72504 0.38917
vt 0.72182 0.38903
vt 0.7251 0.38917
vt 0.72182 0.38875
vt 0.72504 0.38861
vt 0.7251 0.38861
vt 0.72515 0.38861
vt 0.72521 0.38861
vt 0.72521 0.38917
vt 0.72515 0.38917
vt 0.6964 0.38855
vt 0.6964 0.38889
vt 0.69644 0.38855
vt 0.6964 0.38923
vt 0.69647 0.38855
vt 0.69647 0.38923
vt 0.6965 0.38957
vt 0.69651 0.38923
vt 0.69647 0.38821
vt 0.6965 0.38821
vt 0.69644 0.38821
vt 0.69769 0.38923
vt 0.69809 0.38889
vt 0.69701 0.38889
vt 0.69769 0.38855
vt 0.69688 0.38855
vt 0.69661 0.38889
vt 0.69659 0.38923
vt 0.69659 0.38855
vt 0.69673 0.38957
vt 0.69995 0.38923
vt 0.69667 0.38957
vt 0.70063 0.38889
vt 0.69673 0.38821
vt 0.69667 0.38821
vt 0.69656 0.38821
vt 0.69656 0.38957
vt 0.69661 0.38957
vt 0.72518 0.38903
vt 0.72516 0.38889
vt 0.72518 0.38875
vt 0.72489 0.38875
vt 0.72521 0.38917
vt 0.72521 0.38861
vt 0.72182 0.38875
vt 0.72515 0.38917
vt 0.69769 0.38903
vt 0.69701 0.38889
vt 0.69688 0.38903
vt 0.69769 0.38875
vt 0.69688 0.38875
vt 0.69659 0.38903
vt 0.69659 0.38875
vt 0.69673 0.38917
vt 0.69995 0.38903
vt 0.69667 0.38917
vt 0.69995 0.38875
vt 0.69673 0.38861
vt 0.69667 0.38861
vt 0.69661 0.38861
vt 0.69656 0.38861
vt 0.69656 0.38917
vt 0.69661 0.38917
vt 0.72518 0.38923
vt 0.72518 0.38855
vt 0.72489 0.38855
vt 0.72368 0.38889
vt 0.72408 0.38923
vt 0.72408 0.38855
vt 0.72521 0.38957
vt 0.72521 0.38821
vt 0.72504 0.38821
vt 0.72182 0.38855
vt 0.72182 0.38923
vt 0.7251 0.38957
vt 0.72504 0.38957
vt 0.72515 0.38957
vt 0.70479 0.38855
vt 0.70517 0.38889
vt 0.71088 0.38889
vt 0.71088 0.38855
vt 0.70479 0.38923
vt 0.71088 0.38923
vt 0.7166 0.38889
vt 0.71698 0.38855
vt 0.71698 0.38923
vt 0.70381 0.38821
vt 0.70381 0.38957
vt 0.71088 0.38957
vt 0.71796 0.38957
vt 0.71796 0.38821
vt 0.71088 0.38821
vt 0.7166 0.38889
vt 0.71088 0.38889
vt 0.71698 0.38923
vt 0.70517 0.38889
vt 0.70479 0.38923
vt 0.71796 0.38821
vt 0.71796 0.38957
vt 0.71088 0.38957
vt 0.71088 0.38821
vt 0.70479 0.38875
vt 0.71088 0.38889
vt 0.71088 0.38875
vt 0.70479 0.38903
vt 0.71088 0.38903
vt 0.7166 0.38889
vt 0.71698 0.38875
vt 0.71698 0.38903
vt 0.70381 0.38861
vt 0.70381 0.38917
vt 0.71088 0.38917
vt 0.71796 0.38917
vt 0.71796 0.38861
vt 0.71088 0.38861
vt 0.71088 0.38889
vt 0.71698 0.38903
vt 0.70479 0.38903
vt 0.71796 0.38861
vt 0.71796 0.38917
vt 0.69995 0.38903
vt 0.69995 0.38875
vt 0.69701 0.38889
vt 0.69659 0.38875
vt 0.69688 0.38875
vt 0.69656 0.38917
vt 0.69656 0.38861
vt 0.69667 0.38861
vt 0.69667 0.38917
vt 0.69661 0.38917
usemtl mat0
f 1/1/1 2/2/2 3/3/3
f 1/1/1 3/3/3 4/4/4
f 2/2/2 5/5/5 6/6/6
f 2/2/2 6/6/6 3/3/3
f 3/3/3 6/6/6 7/7/7
f 3/3/3 7/7/7 8/8/8
f 4/4/4 3/3/3 8/8/8
f 4/4/4 8/8/8 9/9/9
f 5/5/5 10/10/10 11/11/11
f 5/5/5 11/11/11 6/6/6
f 10/10/10 12/12/12 13/13/13
f 10/10/10 13/13/13 11/11/11
f 11/11/11 13/13/13 14/14/14
f 11/11/11 14/14/14 15/15/15
f 6/6/6 11/11/11 15/15/15
f 6/6/6 15/15/15 7/7/7
f 12/12/12 16/16/16 17/17/17
f 12/12/12 17/17/17 13/13/13
f 16/16/16 18/18/18 19/19/19
f 16/16/16 19/19/19 17/17/17
f 17/17/17 19/19/19 20/20/20
f 17/17/17 20/20/20 21/21/21
f 13/13/13 17/17/17 21/21/21
f 13/13/13 21/21/21 14/14/14
f 18/18/18 22/22/22 23/23/23
f 18/18/18 23/23/23 19/19/19
f 22/22/22 24/24/24 25/25/25
f 22/22/22 25/25/25 23/23/23
f 23/23/23 25/25/25 26/26/26
f 23/23/23 26/26/26 27/27/27
f 19/19/19 23/23/23 27/27/27
f 19/19/19 27/27/27 20/20/20
f 28/28/28 29/29/29 30/30/30
f 28/28/28 30/30/30 31/31/31
f 29/29/29 32/32/32 33/33/33
f 29/29/29 33/33/33 30/30/30
f 30/30/30 33/33/33 34/34/34
f 30/30/30 34/34/34 35/35/35
f 31/31/31 30/30/30 35/35/35
f 31/31/31 35/35/35 36/36/36
f 32/32/32 37/37/37 38/38/38
f 32/32/32 38/38/38 33/33/33
f 37/37/37 39/39/39 40/40/40
f 37/37/37 40/40/40 38/38/38
f 38/38/38 40/40/40 41/41/41
f 38/38/38 41/41/41 42/42/42
f 33/33/33 38/38/38 42/42/42
f 33/33/33 42/42/42 34/34/34
f 39/39/39 43/43/43 44/44/44
f 39/39/39 44/44/44 40/40/40
f 43/43/43 45/45/45 46/46/46
f 43/43/43 46/46/46 44/44/44
f 44/44/44 46/46/46 47/47/47
f 44/44/44 47/47/47 48/48/48
f 40/40/40 44/44/44 48/48/48
f 40/40/40 48/48/48 41/41/41
f 45/45/45 49/49/49 50/50/50
f 45/45/45 50/50/50 46/46/46
f 49/49/49 51/51/51 52/52/52
f 49/49/49 52/52/52 50/50/50
f 50/50/50 52/52/52 53/53/53
f 50/50/50 53/53/53 54/54/54
f 46/46/46 50/50/50 54/54/54
f 46/46/46 54/54/54 47/47/47
f 51/51/51 55/55/55 56/56/56
f 51/51/51 56/56/56 52/52/52
f 55/55/55 57/57/57 58/58/58
f 55/55/55 58/58/58 56/56/56
f 56/56/56 58/58/58 59/59/59
f 56/56/56 59/59/59 60/60/60
f 52/52/52 56/56/56 60/60/60
f 52/52/52 60/60/60 53/53/53
f 57/57/57 61/61/61 62/62/62
f 57/57/57 62/62/62 58/58/58
f 61/61/61 63/63/63 64/64/64
f 61/61/61 64/64/64 62/62/62
f 62/62/62 64/64/64 65/65/65
f 62/62/62 65/65/65 66/66/66
f 58/58/58 62/62/62 66/66/66
f 58/58/58 66/66/66 59/59/59
f 63/63/63 67/67/67 68/68/68
f 63/63/63 68/68/68 64/64/64
f 67/67/67 69/69/69 70/70/70
f 67/67/67 70/70/70 68/68/68
f 68/68/68 70/70/70 71/71/71
f 68/68/68 71/71/71 72/72/72
f 64/64/64 68/68/68 72/72/72
f 64/64/64 72/72/72 65/65/65
f 69/69/69 73/73/73 74/74/74
f 69/69/69 74/74/74 70/70/70
f 73/73/73 75/75/75 76/76/76
f 73/73/73 76/76/76 74/74/74
f 74/74/74 76/76/76 77/77/77
f 74/74/74 77/77/77 78/78/78
f 70/70/70 74/74/74 78/78/78
f 70/70/70 78/78/78 71/71/71
f 79/24/79 80/22/80 81/23/81
f 79/24/79 81/23/81 82/25/82
f 80/22/80 83/18/83 84/79/84
f 80/22/80 84/79/84 81/23/81
f 81/23/81 84/79/84 85/20/85
f 81/23/81 85/20/85 86/80/86
f 82/25/82 81/23/81 86/80/86
f 82/25/82 86/80/86 87/26/87
f 83/18/83 88/16/88 89/17/89
f 83/18/83 89/17/89 84/79/84
f 88/16/88 90/12/90 91/81/91
f 88/16/88 91/81/91 89/17/89
f 89/17/89 91/81/91 92/14/92
f 89/17/89 92/14/92 93/82/93
f 84/79/84 89/17/89 93/82/93
f 84/79/84 93/82/93 85/20/85
f 90/12/90 94/10/94 95/11/95
f 90/12/90 95/11/95 91/81/91
f 94/10/94 96/5/96 97/6/97
f 94/10/94 97/6/97 95/11/95
f 95/11/95 97/6/97 98/7/98
f 95/11/95 98/7/98 99/15/99
f 91/81/91 95/11/95 99/15/99
f 91/81/91 99/15/99 92/14/92
f 96/5/96 100/2/100 101/3/101
f 96/5/96 101/3/101 97/6/97
f 100/2/100 102/1/102 103/52/103
f 100/2/100 103/52/103 101/3/101
f 101/3/101 103/52/103 104/9/104
f 101/3/101 104/9/104 105/8/105
f 97/6/97 101/3/101 105/8/105
f 97/6/97 105/8/105 98/7/98
f 102/1/102 106/83/106 107/84/107
f 102/1/102 107/84/107 103/52/103
f 106/83/106 108/85/108 109/86/109
f 106/83/106 109/86/109 107/84/107
f 107/84/107 109/86/109 110/87/110
f 107/84/107 110/87/110 111/88/111
f 103/52/103 107/84/107 111/88/111
f 103/52/103 111/88/111 104/9/104
f 108/85/108 112/89/112 113/90/113
f 108/85/108 113/90/113 109/86/109
f 112/89/112 114/91/114 115/92/115
f 112/89/112 115/92/115 113/90/113
f 113/90/113 115/92/115 116/93/116
f 113/90/113 116/93/116 117/94/117
f 109/86/109 113/90/113 117/94/117
f 109/86/109 117/94/117 110/87/110
f 114/91/114 118/95/118 119/96/119
f 114/91/114 119/96/119 115/92/115
f 118/95/118 120/97/120 121/98/121
f 118/95/118 121/98/121 119/96/119
f 119/96/119 121/98/121 122/99/122
f 119/96/119 122/99/122 123/100/123
f 115/92/115 119/96/119 123/100/123
f 115/92/115 123/100/123 116/93/116
f 120/97/120 124/101/124 125/102/125
f 120/97/120 125/102/125 121/98/121
f 124/101/124 126/103/126 127/104/127
f 124/101/124 127/104/127 125/102/125
f 125/102/125 127/104/127 128/105/128
f 125/102/125 128/105/128 129/106/129
f 121/98/121 125/102/125 129/106/129
f 121/98/121 129/106/129 122/99/122
f 130/75/130 131/107/131 132/74/132
f 130/75/130 132/74/132 133/76/133
f 131/107/131 134/69/134 135/108/135
f 131/107/131 135/108/135 132/74/132
f 132/74/132 135/108/135 136/71/136
f 132/74/132 136/71/136 137/109/137
f 133/76/133 132/74/132 137/109/137
f 133/76/133 137/109/137 138/77/138
f 134/69/134 139/110/139 140/111/140
f 134/69/134 140/111/140 135/108/135
f 139/110/139 141/63/141 142/64/142
f 139/110/139 142/64/142 140/111/140
f 140/111/140 142/64/142 143/65/143
f 140/111/140 143/65/143 144/112/144
f 135/108/135 140/111/140 144/112/144
f 135/108/135 144/112/144 136/71/136
f 141/63/141 145/113/145 146/62/146
f 141/63/141 146/62/146 142/64/142
f 145/113/145 147/57/147 148/114/148
f 145/113/145 148/114/148 146/62/146
f 146/62/146 148/114/148 149/59/149
f 146/62/146 149/59/149 150/115/150
f 142/64/142 146/62/146 150/115/150
f 142/64/142 150/115/150 143/65/143
f 147/57/147 151/55/151 152/56/152
f 147/57/147 152/56/152 148/114/148
f 151/55/151 153/51/153 154/4/154
f 151/55/151 154/4/154 152/56/152
f 152/56/152 154/4/154 155/53/155
f 152/56/152 155/53/155 156/60/156
f 148/114/148 152/56/152 156/60/156
f 148/114/148 156/60/156 149/59/149
f 153/51/153 157/49/157 158/50/158
f 153/51/153 158/50/158 154/4/154
f 157/49/157 159/45/159 160/46/160
f 157/49/157 160/46/160 158/50/158
f 158/50/158 160/46/160 161/47/161
f 158/50/158 161/47/161 162/54/162
f 154/4/154 158/50/158 162/54/162
f 154/4/154 162/54/162 155/53/155
f 159/45/159 163/43/163 164/44/164
f 159/45/159 164/44/164 160/46/160
f 163/43/163 165/39/165 166/116/166
f 163/43/163 166/116/166 164/44/164
f 164/44/164 166/116/166 167/41/167
f 164/44/164 167/41/167 168/48/168
f 160/46/160 164/44/164 168/48/168
f 160/46/160 168/48/168 161/47/161
f 165/39/165 169/37/169 170/117/170
f 165/39/165 170/117/170 166/116/166
f 169/37/169 171/32/171 172/118/172
f 169/37/169 172/118/172 170/117/170
f 170/117/170 172/118/172 173/34/173
f 170/117/170 173/34/173 174/42/174
f 166/116/166 170/117/170 174/42/174
f 166/116/166 174/42/174 167/41/167
f 171/32/171 175/29/175 176/119/176
f 171/32/171 176/119/176 172/118/172
f 175/29/175 177/28/177 178/31/178
f 175/29/175 178/31/178 176/119/176
f 176/119/176 178/31/178 179/36/179
f 176/119/176 179/36/179 180/35/180
f 172/118/172 176/119/176 180/35/180
f 172/118/172 180/35/180 173/34/173
f 181/103/181 182/101/182 183/102/183
f 181/103/181 183/102/183 184/104/184
f 182/101/182 185/97/185 186/120/186
f 182/101/182 186/120/186 183/102/183
f 183/102/183 186/120/186 187/99/187
f 183/102/183 187/99/187 188/121/188
f 184/104/184 183/102/183 188/121/188
f 184/104/184 188/121/188 189/105/189
f 185/97/185 190/122/190 191/96/191
f 185/97/185 191/96/191 186/120/186
f 190/122/190 192/91/192 193/92/193
f 190/122/190 193/92/193 191/96/191
f 191/96/191 193/92/193 194/93/194
f 191/96/191 194/93/194 195/123/195
f 186/120/186 191/96/191 195/123/195
f 186/120/186 195/123/195 187/99/187
f 192/91/192 196/89/196 197/124/197
f 192/91/192 197/124/197 193/92/193
f 196/89/196 198/85/198 199/125/199
f 196/89/196 199/125/199 197/124/197
f 197/124/197 199/125/199 200/87/200
f 197/124/197 200/87/200 201/94/201
f 193/92/193 197/124/197 201/94/201
f 193/92/193 201/94/201 194/93/194
f 198/85/198 202/126/202 203/127/203
f 198/85/198 203/127/203 199/125/199
f 202/126/202 1/1/1 4/4/4
f 202/126/202 4/4/4 203/127/203
f 203/127/203 4/4/4 9/9/9
f 203/127/203 9/9/9 204/128/204
f 199/125/199 203/127/203 204/128/204
f 199/125/199 204/128/204 200/87/200
f 205/1/102 206/129/103 207/130/205
f 205/1/102 207/130/205 208/131/106
f 206/129/103 209/9/104 210/132/111
f 206/129/103 210/132/111 207/130/205
f 207/130/205 210/132/111 211/133/206
f 207/130/205 211/133/206 212/134/109
f 208/131/106 207/130/205 212/134/109
f 208/131/106 212/134/109 213/135/207
f 213/135/207 212/134/109 214/136/208
f 213/135/207 214/136/208 215/137/209
f 212/134/109 211/133/206 216/138/210
f 212/134/109 216/138/210 214/136/208
f 214/136/208 216/138/210 217/139/211
f 214/136/208 217/139/211 218/140/212
f 215/137/209 214/136/208 218/140/212
f 215/137/209 218/140/212 219/141/213
f 219/141/213 218/140/212 220/142/214
f 219/141/213 220/142/214 221/143/215
f 218/140/212 217/139/211 222/144/216
f 218/140/212 222/144/216 220/142/214
f 220/142/214 222/144/216 223/145/217
f 220/142/214 223/145/217 224/146/218
f 221/143/215 220/142/214 224/146/218
f 221/143/215 224/146/218 225/147/219
f 225/147/219 224/146/218 226/148/220
f 225/147/219 226/148/220 227/149/221
f 224/146/218 223/145/217 228/150/222
f 224/146/218 228/150/222 226/148/220
f 226/148/220 228/150/222 229/151/223
f 226/148/220 229/151/223 230/152/224
f 227/149/221 226/148/220 230/152/224
f 227/149/221 230/152/224 231/153/225
f 232/154/225 233/155/226 234/156/227
f 232/154/225 234/156/227 235/157/228
f 233/155/226 236/158/229 237/159/230
f 233/155/226 237/159/230 234/156/227
f 234/156/227 237/159/230 238/160/231
f 234/156/227 238/160/231 239/161/232
f 235/157/228 234/156/227 239/161/232
f 235/157/228 239/161/232 240/162/233
f 240/162/233 239/161/232 241/163/234
f 240/162/233 241/163/234 242/164/235
f 239/161/232 238/160/231 243/165/236
f 239/161/232 243/165/236 241/163/234
f 241/163/234 243/165/236 244/166/237
f 241/163/234 244/166/237 245/167/238
f 242/164/235 241/163/234 245/167/238
f 242/164/235 245/167/238 246/168/239
f 246/168/239 245/167/238 247/169/240
f 246/168/239 247/169/240 248/170/241
f 245/167/238 244/166/237 249/171/242
f 245/167/238 249/171/242 247/169/240
f 247/169/240 249/171/242 250/172/243
f 247/169/240 250/172/243 251/173/244
f 248/170/241 247/169/240 251/173/244
f 248/170/241 251/173/244 252/174/245
f 252/174/245 251/173/244 253/175/246
f 252/174/245 253/175/246 254/176/151
f 251/173/244 250/172/243 255/177/156
f 251/173/244 255/177/156 253/175/246
f 253/175/246 255/177/156 256/53/155
f 253/175/246 256/53/155 257/129/154
f 254/176/151 253/175/246 257/129/154
f 254/176/151 257/129/154 258/51/247
f 258/51/247 257/129/154 259/178/248
f 258/51/247 259/178/248 260/179/157
f 257/129/154 256/53/155 261/180/162
f 257/129/154 261/180/162 259/178/248
f 259/178/248 261/180/162 262/181/249
f 259/178/248 262/181/249 263/182/250
f 260/179/157 259/178/248 263/182/250
f 260/179/157 263/182/250 264/183/251
f 264/183/251 263/182/250 265/184/252
f 264/183/251 265/184/252 266/185/253
f 263/182/250 262/181/249 267/186/254
f 263/182/250 267/186/254 265/184/252
f 265/184/252 267/186/254 268/187/255
f 265/184/252 268/187/255 269/188/256
f 266/185/253 265/184/252 269/188/256
f 266/185/253 269/188/256 270/189/257
f 270/189/257 269/188/256 271/190/258
f 270/189/257 271/190/258 272/191/259
f 269/188/256 268/187/255 273/192/260
f 269/188/256 273/192/260 271/190/258
f 271/190/258 273/192/260 274/193/261
f 271/190/258 274/193/261 275/194/262
f 272/191/259 271/190/258 275/194/262
f 272/191/259 275/194/262 276/195/263
f 276/195/263 275/194/262 277/196/264
f 276/195/263 277/196/264 278/197/265
f 275/194/262 274/193/261 279/198/266
f 275/194/262 279/198/266 277/196/264
f 277/196/264 279/198/266 280/199/267
f 277/196/264 280/199/267 281/200/268
f 278/197/265 277/196/264 281/200/268
f 278/197/265 281/200/268 282/201/269
f 283/153/269 284/152/270 285/148/271
f 283/153/269 285/148/271 286/202/272
f 284/152/270 287/151/273 288/203/274
f 284/152/270 288/203/274 285/148/271
f 285/148/271 288/203/274 289/145/275
f 285/148/271 289/145/275 290/146/276
f 286/202/272 285/148/271 290/146/276
f 286/202/272 290/146/276 291/147/277
f 291/147/277 290/146/276 292/204/278
f 291/147/277 292/204/278 293/205/279
f 290/146/276 289/145/275 294/206/280
f 290/146/276 294/206/280 292/204/278
f 292/204/278 294/206/280 295/139/281
f 292/204/278 295/139/281 296/207/282
f 293/205/279 292/204/278 296/207/282
f 293/205/279 296/207/282 297/141/283
f 297/141/283 296/207/282 298/208/284
f 297/141/283 298/208/284 299/209/285
f 296/207/282 295/139/281 300/210/286
f 296/207/282 300/210/286 298/208/284
f 298/208/284 300/210/286 301/133/287
f 298/208/284 301/133/287 302/134/199
f 299/209/285 298/208/284 302/134/199
f 299/209/285 302/134/199 303/135/288
f 303/135/288 302/134/199 304/211/289
f 303/135/288 304/211/289 305/212/202
f 302/134/199 301/133/287 306/213/204
f 302/134/199 306/213/204 304/211/289
f 304/211/289 306/213/204 307/9/9
f 304/211/289 307/9/9 308/214/4
f 305/212/202 304/211/289 308/214/4
f 305/212/202 308/214/4 309/1/1
f 309/1/1 308/214/4 310/215/290
f 309/1/1 310/215/290 311/216/2
f 308/214/4 307/9/9 312/217/8
f 308/214/4 312/217/8 310/215/290
f 310/215/290 312/217/8 313/218/291
f 310/215/290 313/218/291 314/219/6
f 311/216/2 310/215/290 314/219/6
f 311/216/2 314/219/6 315/220/292
f 315/220/292 314/219/6 316/221/293
f 315/220/292 316/221/293 317/222/294
f 314/219/6 313/218/291 318/223/295
f 314/219/6 318/223/295 316/221/293
f 316/221/293 318/223/295 319/224/296
f 316/221/293 319/224/296 320/225/297
f 317/222/294 316/221/293 320/225/297
f 317/222/294 320/225/297 321/226/298
f 321/226/298 320/225/297 322/227/299
f 321/226/298 322/227/299 323/228/300
f 320/225/297 319/224/296 324/229/301
f 320/225/297 324/229/301 322/227/299
f 322/227/299 324/229/301 325/230/302
f 322/227/299 325/230/302 326/231/303
f 323/228/300 322/227/299 326/231/303
f 323/228/300 326/231/303 327/232/304
f 327/232/304 326/231/303 328/233/305
f 327/232/304 328/233/305 329/234/306
f 326/231/303 325/230/302 330/235/307
f 326/231/303 330/235/307 328/233/305
f 328/233/305 330/235/307 331/236/308
f 328/233/305 331/236/308 332/237/309
f 329/234/306 328/233/305 332/237/309
f 329/234/306 332/237/309 333/238/310
f 334/201/310 335/200/311 336/239/312
f 334/201/310 336/239/312 337/240/313
f 335/200/311 338/199/308 339/241/314
f 335/200/311 339/241/314 336/239/312
f 336/239/312 339/241/314 340/193/315
f 336/239/312 340/193/315 341/194/316
f 337/240/313 336/239/312 341/194/316
f 337/240/313 341/194/316 342/195/317
f 342/195/317 341/194/316 343/242/318
f 342/195/317 343/242/318 344/191/319
f 341/194/316 340/193/315 345/192/320
f 341/194/316 345/192/320 343/242/318
f 343/242/318 345/192/320 346/187/321
f 343/242/318 346/187/321 347/243/322
f 344/191/319 343/242/318 347/243/322
f 344/191/319 347/243/322 348/189/323
f 348/189/323 347/243/322 349/184/324
f 348/189/323 349/184/324 350/185/325
f 347/243/322 346/187/321 351/186/326
f 347/243/322 351/186/326 349/184/324
f 349/184/324 351/186/326 352/181/327
f 349/184/324 352/181/327 353/182/328
f 350/185/325 349/184/324 353/182/328
f 350/185/325 353/182/328 354/183/329
f 354/183/329 353/182/328 355/244/330
f 354/183/329 355/244/330 356/179/49
f 353/182/328 352/181/327 357/180/54
f 353/182/328 357/180/54 355/244/330
f 355/244/330 357/180/54 358/53/331
f 355/244/330 358/53/331 359/245/52
f 356/179/49 355/244/330 359/245/52
f 356/179/49 359/245/52 360/51/332
f 360/51/332 359/245/52 361/175/333
f 360/51/332 361/175/333 362/176/55
f 359/245/52 358/53/331 363/177/60
f 359/245/52 363/177/60 361/175/333
f 361/175/333 363/177/60 364/172/334
f 361/175/333 364/172/334 365/246/335
f 362/176/55 361/175/333 365/246/335
f 362/176/55 365/246/335 366/174/336
f 366/174/336 365/246/335 367/169/337
f 366/174/336 367/169/337 368/170/338
f 365/246/335 364/172/334 369/171/339
f 365/246/335 369/171/339 367/169/337
f 367/169/337 369/171/339 370/166/340
f 367/169/337 370/166/340 371/167/341
f 368/170/338 367/169/337 371/167/341
f 368/170/338 371/167/341 372/168/342
f 372/168/342 371/167/341 373/247/343
f 372/168/342 373/247/343 374/248/344
f 371/167/341 370/166/340 375/249/345
f 371/167/341 375/249/345 373/247/343
f 373/247/343 375/249/345 376/160/346
f 373/247/343 376/160/346 377/250/347
f 374/248/344 373/247/343 377/250/347
f 374/248/344 377/250/347 378/162/348
f 378/162/348 377/250/347 379/251/349
f 378/162/348 379/251/349 380/157/350
f 377/250/347 376/160/346 381/159/351
f 377/250/347 381/159/351 379/251/349
f 379/251/349 381/159/351 382/158/352
f 379/251/349 382/158/352 383/155/353
f 380/157/350 379/251/349 383/155/353
f 380/157/350 383/155/353 384/154/354
f 385/238/355 386/237/356 387/233/357
f 385/238/355 387/233/357 388/234/358
f 386/237/356 389/236/352 390/252/359
f 386/237/356 390/252/359 387/233/357
f 387/233/357 390/252/359 391/230/360
f 387/233/357 391/230/360 392/253/361
f 388/234/358 387/233/357 392/253/361
f 388/234/358 392/253/361 393/232/362
f 393/232/362 392/253/361 394/227/363
f 393/232/362 394/227/363 395/228/364
f 392/253/361 391/230/360 396/254/365
f 392/253/361 396/254/365 394/227/363
f 394/227/363 396/254/365 397/224/366
f 394/227/363 397/224/366 398/255/367
f 395/228/364 394/227/363 398/255/367
f 395/228/364 398/255/367 399/226/368
f 399/226/368 398/255/367 400/256/369
f 399/226/368 400/256/369 401/222/370
f 398/255/367 397/224/366 402/223/371
f 398/255/367 402/223/371 400/256/369
f 400/256/369 402/223/371 403/218/372
f 400/256/369 403/218/372 404/257/97
f 401/222/370 400/256/369 404/257/97
f 401/222/370 404/257/97 405/220/373
f 405/220/373 404/257/97 406/258/374
f 405/220/373 406/258/374 407/216/100
f 404/257/97 403/218/372 408/217/105
f 404/257/97 408/217/105 406/258/374
f 406/258/374 408/217/105 209/9/104
f 406/258/374 209/9/104 206/129/103
f 407/216/100 406/258/374 206/129/103
f 407/216/100 206/129/103 205/1/102
f 409/259/375 410/260/376 411/261/377
f 409/259/375 411/261/377 412/262/378
f 410/260/376 413/263/379 414/264/380
f 410/260/376 414/264/380 411/261/377
f 411/261/377 414/264/380 415/265/381
f 411/261/377 415/265/381 416/266/382
f 412/262/378 411/261/377 416/266/382
f 412/262/378 416/266/382 417/267/383
f 418/263/384 419/260/385 420/268/386
f 418/263/384 420/268/386 421/264/387
f 419/260/385 422/259/388 423/262/389
f 419/260/385 423/262/389 420/268/386
f 420/268/386 423/262/389 424/267/390
f 420/268/386 424/267/390 425/269/391
f 421/264/387 420/268/386 425/269/391
f 421/264/387 425/269/391 426/265/392
f 427/270/393 428/271/394 429/272/395
f 427/270/393 429/272/395 430/273/396
f 428/271/394 409/259/375 412/262/378
f 428/271/394 412/262/378 429/272/395
f 429/272/395 412/262/378 417/267/383
f 429/272/395 417/267/383 431/274/397
f 430/273/396 429/272/395 431/274/397
f 430/273/396 431/274/397 432/275/398
f 422/259/388 433/271/399 434/272/400
f 422/259/388 434/272/400 423/262/389
f 433/271/399 435/270/401 436/273/402
f 433/271/399 436/273/402 434/272/400
f 434/272/400 436/273/402 437/275/403
f 434/272/400 437/275/403 438/276/404
f 423/262/389 434/272/400 438/276/404
f 423/262/389 438/276/404 424/267/390
f 439/277/405 440/278/406 441/279/407
f 439/277/405 441/279/407 442/280/408
f 440/278/406 427/270/393 430/273/396
f 440/278/406 430/273/396 441/279/407
f 441/279/407 430/273/396 432/275/398
f 441/279/407 432/275/398 443/281/409
f 442/280/408 441/279/407 443/281/409
f 442/280/408 443/281/409 444/282/410
f 435/270/401 445/283/411 446/279/412
f 435/270/401 446/279/412 436/273/402
f 445/283/411 447/277/413 448/284/414
f 445/283/411 448/284/414 446/279/412
f 446/279/412 448/284/414 449/282/415
f 446/279/412 449/282/415 450/285/416
f 436/273/402 446/279/412 450/285/416
f 436/273/402 450/285/416 437/275/403
f 451/286/417 452/287/418 453/288/419
f 451/286/417 453/288/419 454/289/420
f 452/287/418 439/277/405 442/280/408
f 452/287/418 442/280/408 453/288/419
f 453/288/419 442/280/408 444/282/410
f 453/288/419 444/282/410 455/290/421
f 454/289/420 453/288/419 455/290/421
f 454/289/420 455/290/421 456/291/422
f 447/277/413 457/287/423 458/292/424
f 447/277/413 458/292/424 448/284/414
f 457/287/423 459/286/425 460/293/426
f 457/287/423 460/293/426 458/292/424
f 458/292/424 460/293/426 461/291/427
f 458/292/424 461/291/427 462/294/428
f 448/284/414 458/292/424 462/294/428
f 448/284/414 462/294/428 449/282/415
f 463/295/429 464/296/430 465/297/431
f 463/295/429 465/297/431 466/298/432
f 464/296/430 451/286/417 454/289/420
f 464/296/430 454/289/420 465/297/431
f 465/297/431 454/289/420 456/291/422
f 465/297/431 456/291/422 467/299/433
f 466/298/432 465/297/431 467/299/433
f 466/298/432 467/299/433 468/300/434
f 459/286/425 469/301/435 470/297/436
f 459/286/425 470/297/436 460/293/426
f 469/301/435 471/295/437 472/302/438
f 469/301/435 472/302/438 470/297/436
f 470/297/436 472/302/438 473/300/439
f 470/297/436 473/300/439 474/299/440
f 460/293/426 470/297/436 474/299/440
f 460/293/426 474/299/440 461/291/427
f 475/303/441 476/304/442 477/305/443
f 475/303/441 477/305/443 478/306/444
f 476/304/442 463/295/429 466/298/432
f 476/304/442 466/298/432 477/305/443
f 477/305/443 466/298/432 468/300/434
f 477/305/443 468/300/434 479/307/445
f 478/306/444 477/305/443 479/307/445
f 478/306/444 479/307/445 480/308/446
f 471/295/437 481/304/447 482/305/448
f 471/295/437 482/305/448 472/302/438
f 481/304/447 483/303/449 484/309/450
f 481/304/447 484/309/450 482/305/448
f 482/305/448 484/309/450 485/308/451
f 482/305/448 485/308/451 486/310/452
f 472/302/438 482/305/448 486/310/452
f 472/302/438 486/310/452 473/300/439
f 487/311/453 488/312/454 489/313/455
f 487/311/453 489/313/455 490/314/456
f 488/312/454 475/303/441 478/306/444
f 488/312/454 478/306/444 489/313/455
f 489/313/455 478/306/444 480/308/446
f 489/313/455 480/308/446 491/315/457
f 490/314/456 489/313/455 491/315/457
f 490/314/456 491/315/457 492/316/458
f 483/303/449 493/312/459 494/317/460
f 483/303/449 494/317/460 484/309/450
f 493/312/459 495/311/461 496/314/462
f 493/312/459 496/314/462 494/317/460
f 494/317/460 496/314/462 497/316/463
f 494/317/460 497/316/463 498/318/464
f 484/309/450 494/317/460 498/318/464
f 484/309/450 498/318/464 485/308/451
f 499/319/465 500/320/466 501/321/467
f 499/319/465 501/321/467 502/322/468
f 500/320/466 487/311/453 490/314/456
f 500/320/466 490/314/456 501/321/467
f 501/321/467 490/314/456 492/316/458
f 501/321/467 492/316/458 503/323/469
f 502/322/468 501/321/467 503/323/469
f 502/322/468 503/323/469 504/324/470
f 495/311/461 505/320/471 506/321/472
f 495/311/461 506/321/472 496/314/462
f 505/320/471 507/319/473 508/322/474
f 505/320/471 508/322/474 506/321/472
f 506/321/472 508/322/474 509/324/475
f 506/321/472 509/324/475 510/325/476
f 496/314/462 506/321/472 510/325/476
f 496/314/462 510/325/476 497/316/463
f 511/326/477 512/327/478 513/328/479
f 511/326/477 513/328/479 514/329/480
f 512/327/478 499/319/465 502/322/468
f 512/327/478 502/322/468 513/328/479
f 513/328/479 502/322/468 504/324/470
f 513/328/479 504/324/470 515/330/481
f 514/329/480 513/328/479 515/330/481
f 514/329/480 515/330/481 516/331/482
f 507/319/473 517/332/483 518/328/484
f 507/319/473 518/328/484 508/322/474
f 517/332/483 519/326/485 520/329/486
f 517/332/483 520/329/486 518/328/484
f 518/328/484 520/329/486 521/331/487
f 518/328/484 521/331/487 522/333/488
f 508/322/474 518/328/484 522/333/488
f 508/322/474 522/333/488 509/324/475
f 523/334/489 524/335/490 525/336/491
f 523/334/489 525/336/491 526/337/492
f 524/335/490 511/326/477 514/329/480
f 524/335/490 514/329/480 525/336/491
f 525/336/491 514/329/480 516/331/482
f 525/336/491 516/331/482 527/338/493
f 526/337/492 525/336/491 527/338/493
f 526/337/492 527/338/493 528/339/494
f 519/326/485 529/335/495 530/340/496
f 519/326/485 530/340/496 520/329/486
f 529/335/495 531/334/497 532/337/498
f 529/335/495 532/337/498 530/340/496
f 530/340/496 532/337/498 533/339/499
f 530/340/496 533/339/499 534/341/500
f 520/329/486 530/340/496 534/341/500
f 520/329/486 534/341/500 521/331/487
f 535/342/501 536/343/502 537/344/503
f 535/342/501 537/344/503 538/345/504
f 536/343/502 523/334/489 526/337/492
f 536/343/502 526/337/492 537/344/503
f 537/344/503 526/337/492 528/339/494
f 537/344/503 528/339/494 539/346/505
f 538/345/504 537/344/503 539/346/505
f 538/345/504 539/346/505 540/347/506
f 531/334/497 541/343/507 542/348/508
f 531/334/497 542/348/508 532/337/498
f 541/343/507 543/342/509 544/349/510
f 541/343/507 544/349/510 542/348/508
f 542/348/508 544/349/510 545/347/511
f 542/348/508 545/347/511 546/350/512
f 532/337/498 542/348/508 546/350/512
f 532/337/498 546/350/512 533/339/499
f 547/351/513 548/352/514 549/353/515
f 547/351/513 549/353/515 550/354/516
f 548/352/514 535/342/501 538/345/504
f 548/352/514 538/345/504 549/353/515
f 549/353/515 538/345/504 540/347/506
f 549/353/515 540/347/506 551/355/517
f 550/354/516 549/353/515 551/355/517
f 550/354/516 551/355/517 552/356/518
f 543/342/509 553/357/519 554/353/520
f 543/342/509 554/353/520 544/349/510
f 553/357/519 555/351/521 556/354/522
f 553/357/519 556/354/522 554/353/520
f 554/353/520 556/354/522 557/356/523
f 554/353/520 557/356/523 558/355/524
f 544/349/510 554/353/520 558/355/524
f 544/349/510 558/355/524 545/347/511
f 559/358/525 560/359/526 561/360/527
f 559/358/525 561/360/527 562/361/528
f 560/359/526 547/351/513 550/354/516
f 560/359/526 550/354/516 561/360/527
f 561/360/527 550/354/516 552/356/518
f 561/360/527 552/356/518 563/362/529
f 562/361/528 561/360/527 563/362/529
f 562/361/528 563/362/529 564/363/530
f 555/351/521 565/359/531 566/364/532
f 555/351/521 566/364/532 556/354/522
f 565/359/531 567/358/533 568/365/534
f 565/359/531 568/365/534 566/364/532
f 566/364/532 568/365/534 569/363/535
f 566/364/532 569/363/535 570/366/536
f 556/354/522 566/364/532 570/366/536
f 556/354/522 570/366/536 557/356/523
f 571/367/537 572/368/538 573/369/539
f 571/367/537 573/369/539 574/370/540
f 572/368/538 559/358/525 562/361/528
f 572/368/538 562/361/528 573/369/539
f 573/369/539 562/361/528 564/363/530
f 573/369/539 564/363/530 575/371/541
f 574/370/540 573/369/539 575/371/541
f 574/370/540 575/371/541 576/372/542
f 567/358/533 577/373/543 578/369/544
f 567/358/533 578/369/544 568/365/534
f 577/373/543 579/367/545 580/374/546
f 577/373/543 580/374/546 578/369/544
f 578/369/544 580/374/546 581/372/547
f 578/369/544 581/372/547 582/375/548
f 568/365/534 578/369/544 582/375/548
f 568/365/534 582/375/548 569/363/535
f 583/376/549 584/377/550 585/378/551
f 583/376/549 585/378/551 586/379/552
f 584/377/550 571/367/537 574/370/540
f 584/377/550 574/370/540 585/378/551
f 585/378/551 574/370/540 576/372/542
f 585/378/551 576/372/542 587/380/553
f 586/379/552 585/378/551 587/380/553
f 586/379/552 587/380/553 588/381/554
f 579/367/545 589/377/555 590/382/556
f 579/367/545 590/382/556 580/374/546
f 589/377/555 591/376/557 592/379/558
f 589/377/555 592/379/558 590/382/556
f 590/382/556 592/379/558 593/381/559
f 590/382/556 593/381/559 594/383/560
f 580/374/546 590/382/556 594/383/560
f 580/374/546 594/383/560 581/372/547
f 595/384/381 596/385/561 597/386/562
f 595/384/381 597/386/562 598/387/563
f 596/385/561 583/376/549 586/379/552
f 596/385/561 586/379/552 597/386/562
f 597/386/562 586/379/552 588/381/554
f 597/386/562 588/381/554 599/388/564
f 598/387/563 597/386/562 599/388/564
f 598/387/563 599/388/564 600/389/379
f 591/376/557 601/385/565 602/390/566
f 591/376/557 602/390/566 592/379/558
f 601/385/565 603/384/392 604/387/567
f 601/385/565 604/387/567 602/390/566
f 602/390/566 604/387/567 605/389/384
f 602/390/566 605/389/384 606/391/568
f 592/379/558 602/390/566 606/391/568
f 592/379/558 606/391/568 593/381/559
f 607/392/569 608/393/570 609/394/571
f 607/392/569 609/394/571 610/395/572
f 608/393/570 595/384/381 598/387/563
f 608/393/570 598/387/563 609/394/571
f 609/394/571 598/387/563 600/389/379
f 609/394/571 600/389/379 611/396/573
f 610/395/572 609/394/571 611/396/573
f 610/395/572 611/396/573 612/397/574
f 603/384/392 613/398/575 614/394/576
f 603/384/392 614/394/576 604/387/567
f 613/398/575 615/392/577 616/395/578
f 613/398/575 616/395/578 614/394/576
f 614/394/576 616/395/578 617/397/579
f 614/394/576 617/397/579 618/396/580
f 604/387/567 614/394/576 618/396/580
f 604/387/567 618/396/580 605/389/384
f 619/399/581 620/400/582 621/401/583
f 619/399/581 621/401/583 622/402/584
f 620/400/582 607/392/569 610/395/572
f 620/400/582 610/395/572 621/401/583
f 621/401/583 610/395/572 612/397/574
f 621/401/583 612/397/574 623/403/585
f 622/402/584 621/401/583 623/403/585
f 622/402/584 623/403/585 624/404/586
f 615/392/577 625/400/587 626/405/588
f 615/392/577 626/405/588 616/395/578
f 625/400/587 627/399/589 628/406/590
f 625/400/587 628/406/590 626/405/588
f 626/405/588 628/406/590 629/404/591
f 626/405/588 629/404/591 630/403/592
f 616/395/578 626/405/588 630/403/592
f 616/395/578 630/403/592 617/397/579
f 631/407/593 632/408/594 633/409/595
f 631/407/593 633/409/595 634/410/596
f 632/408/594 619/399/581 622/402/584
f 632/408/594 622/402/584 633/409/595
f 633/409/595 622/402/584 624/404/586
f 633/409/595 624/404/586 635/411/597
f 634/410/596 633/409/595 635/411/597
f 634/410/596 635/411/597 636/412/598
f 627/399/589 637/413/599 638/409/600
f 627/399/589 638/409/600 628/406/590
f 637/413/599 639/407/601 640/410/602
f 637/413/599 640/410/602 638/409/600
f 638/409/600 640/410/602 641/412/603
f 638/409/600 641/412/603 642/411/604
f 628/406/590 638/409/600 642/411/604
f 628/406/590 642/411/604 629/404/591
f 643/414/605 644/415/606 645/416/607
f 643/414/605 645/416/607 646/417/608
f 644/415/606 631/407/593 634/410/596
f 644/415/606 634/410/596 645/416/607
f 645/416/607 634/410/596 636/412/598
f 645/416/607 636/412/598 647/418/609
f 646/417/608 645/416/607 647/418/609
f 646/417/608 647/418/609 648/419/610
f 639/407/601 649/415/611 650/416/612
f 639/407/601 650/416/612 640/410/602
f 649/415/611 651/414/613 652/417/614
f 649/415/611 652/417/614 650/416/612
f 650/416/612 652/417/614 653/419/615
f 650/416/612 653/419/615 654/418/616
f 640/410/602 650/416/612 654/418/616
f 640/410/602 654/418/616 641/412/603
f 655/420/617 656/421/618 657/422/619
f 655/420/617 657/422/619 658/423/620
f 656/421/618 643/414/605 646/417/608
f 656/421/618 646/417/608 657/422/619
f 657/422/619 646/417/608 648/419/610
f 657/422/619 648/419/610 659/424/621
f 658/423/620 657/422/619 659/424/621
f 658/423/620 659/424/621 660/425/622
f 651/414/613 661/426/623 662/427/624
f 651/414/613 662/427/624 652/417/614
f 661/426/623 663/420/625 664/428/626
f 661/426/623 664/428/626 662/427/624
f 662/427/624 664/428/626 665/425/627
f 662/427/624 665/425/627 666/429/628
f 652/417/614 662/427/624 666/429/628
f 652/417/614 666/429/628 653/419/615
f 667/430/629 668/431/630 669/432/631
f 667/430/629 669/432/631 670/433/632
f 668/431/630 655/420/617 658/423/620
f 668/431/630 658/423/620 669/432/631
f 669/432/631 658/423/620 660/425/622
f 669/432/631 660/425/622 671/434/633
f 670/433/632 669/432/631 671/434/633
f 670/433/632 671/434/633 672/435/634
f 663/420/625 673/431/635 674/436/636
f 663/420/625 674/436/636 664/428/626
f 673/431/635 675/430/637 676/433/638
f 673/431/635 676/433/638 674/436/636
f 674/436/636 676/433/638 677/435/639
f 674/436/636 677/435/639 678/437/640
f 664/428/626 674/436/636 678/437/640
f 664/428/626 678/437/640 665/425/627
f 679/438/641 680/439/642 681/440/643
f 679/438/641 681/440/643 682/441/644
f 680/439/642 667/430/629 670/433/632
f 680/439/642 670/433/632 681/440/643
f 681/440/643 670/433/632 672/435/634
f 681/440/643 672/435/634 683/442/645
f 682/441/644 681/440/643 683/442/645
f 682/441/644 683/442/645 684/443/646
f 675/430/637 685/439/647 686/444/648
f 675/430/637 686/444/648 676/433/638
f 685/439/647 687/438/649 688/445/650
f 685/439/647 688/445/650 686/444/648
f 686/444/648 688/445/650 689/443/651
f 686/444/648 689/443/651 690/442/652
f 676/433/638 686/444/648 690/442/652
f 676/433/638 690/442/652 677/435/639
f 691/446/470 692/447/653 693/448/654
f 691/446/470 693/448/654 694/449/655
f 692/447/653 679/438/641 682/441/644
f 692/447/653 682/441/644 693/448/654
f 693/448/654 682/441/644 684/443/646
f 693/448/654 684/443/646 695/450/656
f 694/449/655 693/448/654 695/450/656
f 694/449/655 695/450/656 696/451/465
f 687/438/649 697/452/476 698/448/657
f 687/438/649 698/448/657 688/445/650
f 697/452/476 699/446/475 700/453/658
f 697/452/476 700/453/658 698/448/657
f 698/448/657 700/453/658 701/451/473
f 698/448/657 701/451/473 702/454/471
f 688/445/650 698/448/657 702/454/471
f 688/445/650 702/454/471 689/443/651
f 703/455/659 704/456/481 705/457/660
f 703/455/659 705/457/660 706/458/661
f 704/456/481 691/446/470 694/449/655
f 704/456/481 694/449/655 705/457/660
f 705/457/660 694/449/655 696/451/465
f 705/457/660 696/451/465 707/459/478
f 706/458/661 705/457/660 707/459/478
f 706/458/661 707/459/478 708/460/662
f 699/446/475 709/456/663 710/457/664
f 699/446/475 710/457/664 700/453/658
f 709/456/663 711/455/665 712/461/666
f 709/456/663 712/461/666 710/457/664
f 710/457/664 712/461/666 713/460/667
f 710/457/664 713/460/667 714/462/668
f 700/453/658 710/457/664 714/462/668
f 700/453/658 714/462/668 701/451/473
f 715/463/669 716/464/670 717/465/671
f 715/463/669 717/465/671 718/466/672
f 716/464/670 703/455/659 706/458/661
f 716/464/670 706/458/661 717/465/671
f 717/465/671 706/458/661 708/460/662
f 717/465/671 708/460/662 719/467/673
f 718/466/672 717/465/671 719/467/673
f 718/466/672 719/467/673 720/468/674
f 711/455/665 721/464/675 722/469/676
f 711/455/665 722/469/676 712/461/666
f 721/464/675 723/463/677 724/466/678
f 721/464/675 724/466/678 722/469/676
f 722/469/676 724/466/678 725/468/679
f 722/469/676 725/468/679 726/467/680
f 712/461/666 722/469/676 726/467/680
f 712/461/666 726/467/680 713/460/667
f 727/470/681 728/471/682 729/472/683
f 727/470/681 729/472/683 730/473/684
f 728/471/682 715/463/669 718/466/672
f 728/471/682 718/466/672 729/472/683
f 729/472/683 718/466/672 720/468/674
f 729/472/683 720/468/674 731/474/685
f 730/473/684 729/472/683 731/474/685
f 730/473/684 731/474/685 732/475/686
f 723/463/677 733/471/687 734/472/688
f 723/463/677 734/472/688 724/466/678
f 733/471/687 735/470/689 736/476/690
f 733/471/687 736/476/690 734/472/688
f 734/472/688 736/476/690 737/475/691
f 734/472/688 737/475/691 738/474/692
f 724/466/678 734/472/688 738/474/692
f 724/466/678 738/474/692 725/468/679
f 739/477/693 740/478/694 741/479/695
f 739/477/693 741/479/695 742/480/696
f 740/478/694 727/470/681 730/473/684
f 740/478/694 730/473/684 741/479/695
f 741/479/695 730/473/684 732/475/686
f 741/479/695 732/475/686 743/481/697
f 742/480/696 741/479/695 743/481/697
f 742/480/696 743/481/697 744/482/698
f 735/470/689 745/483/699 746/484/700
f 735/470/689 746/484/700 736/476/690
f 745/483/699 747/477/701 748/480/702
f 745/483/699 748/480/702 746/484/700
f 746/484/700 748/480/702 749/482/703
f 746/484/700 749/482/703 750/485/704
f 736/476/690 746/484/700 750/485/704
f 736/476/690 750/485/704 737/475/691
f 751/486/705 752/487/706 753/488/707
f 751/486/705 753/488/707 754/489/708
f 752/487/706 739/477/693 742/480/696
f 752/487/706 742/480/696 753/488/707
f 753/488/707 742/480/696 744/482/698
f 753/488/707 744/482/698 755/490/709
f 754/489/708 753/488/707 755/490/709
f 754/489/708 755/490/709 756/491/710
f 747/477/701 757/487/711 758/488/712
f 747/477/701 758/488/712 748/480/702
f 757/487/711 759/486/713 760/492/714
f 757/487/711 760/492/714 758/488/712
f 758/488/712 760/492/714 761/491/715
f 758/488/712 761/491/715 762/493/716
f 748/480/702 758/488/712 762/493/716
f 748/480/702 762/493/716 749/482/703
f 763/494/717 764/495/718 765/496/719
f 763/494/717 765/496/719 766/497/720
f 764/495/718 751/486/705 754/489/708
f 764/495/718 754/489/708 765/496/719
f 765/496/719 754/489/708 756/491/710
f 765/496/719 756/491/710 767/498/721
f 766/497/720 765/496/719 767/498/721
f 766/497/720 767/498/721 768/499/722
f 759/486/713 769/500/723 770/496/724
f 759/486/713 770/496/724 760/492/714
f 769/500/723 771/494/725 772/497/726
f 769/500/723 772/497/726 770/496/724
f 770/496/724 772/497/726 773/499/727
f 770/496/724 773/499/727 774/501/728
f 760/492/714 770/496/724 774/501/728
f 760/492/714 774/501/728 761/491/715
f 775/502/729 776/503/730 777/504/731
f 775/502/729 777/504/731 778/505/732
f 776/503/730 763/494/717 766/497/720
f 776/503/730 766/497/720 777/504/731
f 777/504/731 766/497/720 768/499/722
f 777/504/731 768/499/722 779/506/733
f 778/505/732 777/504/731 779/506/733
f 778/505/732 779/506/733 780/507/734
f 771/494/725 781/503/735 782/504/736
f 771/494/725 782/504/736 772/497/726
f 781/503/735 783/502/737 784/505/738
f 781/503/735 784/505/738 782/504/736
f 782/504/736 784/505/738 785/507/739
f 782/504/736 785/507/739 786/508/740
f 772/497/726 782/504/736 786/508/740
f 772/497/726 786/508/740 773/499/727
f 413/263/379 787/509/741 788/510/742
f 413/263/379 788/510/742 414/264/380
f 787/509/741 775/502/729 778/505/732
f 787/509/741 778/505/732 788/510/742
f 788/510/742 778/505/732 780/507/734
f 788/510/742 780/507/734 789/511/743
f 414/264/380 788/510/742 789/511/743
f 414/264/380 789/511/743 415/265/381
f 783/502/737 790/512/744 791/513/745
f 783/502/737 791/513/745 784/505/738
f 790/512/744 418/263/384 421/264/387
f 790/512/744 421/264/387 791/513/745
f 791/513/745 421/264/387 426/265/392
f 791/513/745 426/265/392 792/511/746
f 784/505/738 791/513/745 792/511/746
f 784/505/738 792/511/746 785/507/739
f 793/514/747 794/515/748 795/245/52
f 793/514/747 795/245/52 796/516/749
f 794/515/748 797/517/750 798/518/751
f 794/515/748 798/518/751 795/245/52
f 796/516/749 795/245/52 799/519/752
f 796/516/749 799/519/752 800/520/753
f 795/245/52 798/518/751 801/521/754
f 795/245/52 801/521/754 799/519/752
f 802/522/755 803/523/756 793/514/747
f 802/522/755 793/514/747 804/524/757
f 803/523/756 805/525/758 794/515/748
f 803/523/756 794/515/748 793/514/747
f 805/525/758 806/526/759 797/517/750
f 805/525/758 797/517/750 794/515/748
f 806/526/759 807/527/760 808/528/761
f 806/526/759 808/528/761 797/517/750
f 797/517/750 808/528/761 809/529/762
f 797/517/750 809/529/762 798/518/751
f 798/518/751 809/529/762 810/530/763
f 798/518/751 810/530/763 801/521/754
f 801/521/754 810/530/763 811/531/764
f 801/521/754 811/531/764 812/532/765
f 799/519/752 801/521/754 812/532/765
f 799/519/752 812/532/765 813/533/766
f 800/520/753 799/519/752 813/533/766
f 800/520/753 813/533/766 814/534/767
f 815/535/768 800/520/753 814/534/767
f 815/535/768 814/534/767 816/536/769
f 817/537/770 796/516/749 800/520/753
f 817/537/770 800/520/753 815/535/768
f 804/524/757 793/514/747 796/516/749
f 804/524/757 796/516/749 817/537/770
f 818/538/771 819/539/772 820/540/773
f 818/538/771 820/540/773 821/541/774
f 819/539/772 822/542/775 823/543/776
f 819/539/772 823/543/776 820/540/773
f 821/541/774 820/540/773 824/544/777
f 821/541/774 824/544/777 825/545/778
f 820/540/773 823/543/776 826/546/779
f 820/540/773 826/546/779 824/544/777
f 827/547/780 828/548/781 818/538/771
f 827/547/780 818/538/771 829/549/782
f 828/548/781 830/550/783 819/539/772
f 828/548/781 819/539/772 818/538/771
f 830/550/783 831/551/784 822/542/775
f 830/550/783 822/542/775 819/539/772
f 831/551/784 832/552/785 833/553/786
f 831/551/784 833/553/786 822/542/775
f 822/542/775 833/553/786 834/554/787
f 822/542/775 834/554/787 823/543/776
f 823/543/776 834/554/787 835/555/788
f 823/543/776 835/555/788 826/546/779
f 826/546/779 835/555/788 836/556/789
f 826/546/779 836/556/789 837/557/790
f 824/544/777 826/546/779 837/557/790
f 824/544/777 837/557/790 838/558/791
f 825/545/778 824/544/777 838/558/791
f 825/545/778 838/558/791 839/559/792
f 840/560/793 825/545/778 839/559/792
f 840/560/793 839/559/792 841/561/794
f 842/562/795 821/541/774 825/545/778
f 842/562/795 825/545/778 840/560/793
f 829/549/782 818/538/771 821/541/774
f 829/549/782 821/541/774 842/562/795
f 843/520/796 844/519/797 845/563/154
f 843/520/796 845/563/154 846/564/798
f 844/519/797 847/565/799 848/566/800
f 844/519/797 848/566/800 845/563/154
f 846/564/798 845/563/154 849/567/801
f 846/564/798 849/567/801 850/568/802
f 845/563/154 848/566/800 851/517/803
f 845/563/154 851/517/803 849/567/801
f 852/536/804 853/534/805 843/520/796
f 852/536/804 843/520/796 854/535/806
f 853/534/805 855/533/807 844/519/797
f 853/534/805 844/519/797 843/520/796
f 855/533/807 856/532/808 847/565/799
f 855/533/807 847/565/799 844/519/797
f 856/532/808 857/531/809 858/530/810
f 856/532/808 858/530/810 847/565/799
f 847/565/799 858/530/810 859/529/811
f 847/565/799 859/529/811 848/566/800
f 848/566/800 859/529/811 860/528/812
f 848/566/800 860/528/812 851/517/803
f 851/517/803 860/528/812 861/527/813
f 851/517/803 861/527/813 862/526/814
f 849/567/801 851/517/803 862/526/814
f 849/567/801 862/526/814 863/525/815
f 850/568/802 849/567/801 863/525/815
f 850/568/802 863/525/815 864/523/816
f 865/524/817 850/568/802 864/523/816
f 865/524/817 864/523/816 866/522/818
f 867/537/819 846/564/798 850/568/802
f 867/537/819 850/568/802 865/524/817
f 854/535/806 843/520/796 846/564/798
f 854/535/806 846/564/798 867/537/819
f 868/569/820 869/570/821 870/571/822
f 868/569/820 870/571/822 871/572/823
f 869/570/821 872/573/824 873/574/825
f 869/570/821 873/574/825 870/571/822
f 871/572/823 870/571/822 874/575/826
f 871/572/823 874/575/826 875/576/827
f 870/571/822 873/574/825 876/577/828
f 870/571/822 876/577/828 874/575/826
f 877/578/829 878/579/830 868/569/820
f 877/578/829 868/569/820 879/580/831
f 878/579/830 880/581/832 869/570/821
f 878/579/830 869/570/821 868/569/820
f 880/581/832 881/582/833 872/573/824
f 880/581/832 872/573/824 869/570/821
f 881/582/833 882/583/834 883/584/835
f 881/582/833 883/584/835 872/573/824
f 872/573/824 883/584/835 884/585/836
f 872/573/824 884/585/836 873/574/825
f 873/574/825 884/585/836 885/586/837
f 873/574/825 885/586/837 876/577/828
f 876/577/828 885/586/837 886/587/838
f 876/577/828 886/587/838 887/588/839
f 874/575/826 876/577/828 887/588/839
f 874/575/826 887/588/839 888/589/840
f 875/576/827 874/575/826 888/589/840
f 875/576/827 888/589/840 889/590/841
f 890/591/842 875/576/827 889/590/841
f 890/591/842 889/590/841 891/592/843
f 892/593/844 871/572/823 875/576/827
f 892/593/844 875/576/827 890/591/842
f 879/580/831 868/569/820 871/572/823
f 879/580/831 871/572/823 892/593/844
f 893/594/845 894/595/846 895/540/847
f 893/594/845 895/540/847 896/596/848
f 894/595/846 897/597/849 898/598/850
f 894/595/846 898/598/850 895/540/847
f 896/596/848 895/540/847 899/543/851
f 896/596/848 899/543/851 900/599/852
f 895/540/847 898/598/850 901/600/853
f 895/540/847 901/600/853 899/543/851
f 902/601/854 903/602/855 893/594/845
f 902/601/854 893/594/845 904/603/856
f 903/602/855 905/562/857 894/595/846
f 903/602/855 894/595/846 893/594/845
f 905/562/857 906/604/858 897/597/849
f 905/562/857 897/597/849 894/595/846
f 906/604/858 907/605/859 908/606/860
f 906/604/858 908/606/860 897/597/849
f 897/597/849 908/606/860 909/607/861
f 897/597/849 909/607/861 898/598/850
f 898/598/850 909/607/861 910/608/862
f 898/598/850 910/608/862 901/600/853
f 901/600/853 910/608/862 911/609/863
f 901/600/853 911/609/863 912/610/864
f 899/543/851 901/600/853 912/610/864
f 899/543/851 912/610/864 913/554/865
f 900/599/852 899/543/851 913/554/865
f 900/599/852 913/554/865 914/611/866
f 915/612/867 900/599/852 914/611/866
f 915/612/867 914/611/866 916/613/868
f 917/614/869 896/596/848 900/599/852
f 917/614/869 900/599/852 915/612/867
f 904/603/856 893/594/845 896/596/848
f 904/603/856 896/596/848 917/614/869
f 918/615/870 919/616/871 920/617/872
f 918/615/870 920/617/872 921/574/873
f 919/616/871 922/569/874 923/618/875
f 919/616/871 923/618/875 920/617/872
f 921/574/873 920/617/872 924/619/876
f 921/574/873 924/619/876 925/620/877
f 920/617/872 923/618/875 926/621/878
f 920/617/872 926/621/878 924/619/876
f 927/622/879 928/582/880 918/615/870
f 927/622/879 918/615/870 929/623/881
f 928/582/880 930/581/882 919/616/871
f 928/582/880 919/616/871 918/615/870
f 930/581/882 931/579/883 922/569/874
f 930/581/882 922/569/874 919/616/871
f 931/579/883 932/578/884 933/580/885
f 931/579/883 933/580/885 922/569/874
f 922/569/874 933/580/885 934/593/886
f 922/569/874 934/593/886 923/618/875
f 923/618/875 934/593/886 935/591/887
f 923/618/875 935/591/887 926/621/878
f 926/621/878 935/591/887 936/592/888
f 926/621/878 936/592/888 937/590/889
f 924/619/876 926/621/878 937/590/889
f 924/619/876 937/590/889 938/624/890
f 925/620/877 924/619/876 938/624/890
f 925/620/877 938/624/890 939/625/891
f 940/626/892 925/620/877 939/625/891
f 940/626/892 939/625/891 941/627/893
f 942/628/894 921/574/873 925/620/877
f 942/628/894 925/620/877 940/626/892
f 929/623/881 918/615/870 921/574/873
f 929/623/881 921/574/873 942/628/894
f 943/599/895 944/629/896 945/630/897
f 943/599/895 945/630/897 946/596/898
f 944/629/896 947/631/899 948/598/900
f 944/629/896 948/598/900 945/630/897
f 946/596/898 945/630/897 949/541/901
f 946/596/898 949/541/901 950/632/902
f 945/630/897 948/598/900 951/633/903
f 945/630/897 951/633/903 949/541/901
f 952/634/904 953/635/905 943/599/895
f 952/634/904 943/599/895 954/636/906
f 953/635/905 955/637/907 944/629/896
f 953/635/905 944/629/896 943/599/895
f 955/637/907 956/638/908 947/631/899
f 955/637/907 947/631/899 944/629/896
f 956/638/908 957/639/909 958/640/910
f 956/638/908 958/640/910 947/631/899
f 947/631/899 958/640/910 959/607/911
f 947/631/899 959/607/911 948/598/900
f 948/598/900 959/607/911 960/641/912
f 948/598/900 960/641/912 951/633/903
f 951/633/903 960/641/912 961/605/913
f 951/633/903 961/605/913 962/604/914
f 949/541/901 951/633/903 962/604/914
f 949/541/901 962/604/914 963/562/915
f 950/632/902 949/541/901 963/562/915
f 950/632/902 963/562/915 964/602/916
f 965/642/917 950/632/902 964/602/916
f 965/642/917 964/602/916 966/601/918
f 967/614/919 946/596/898 950/632/902
f 967/614/919 950/632/902 965/642/917
f 954/636/906 943/599/895 946/596/898
f 954/636/906 946/596/898 967/614/919
f 968/643/920 969/574/921 970/571/922
f 968/643/920 970/571/922 971/644/923
f 969/574/921 972/645/924 973/646/925
f 969/574/921 973/646/925 970/571/922
f 971/644/923 970/571/922 974/572/926
f 971/644/923 974/572/926 975/647/927
f 970/571/922 973/646/925 976/648/928
f 970/571/922 976/648/928 974/572/926
f 977/649/929 978/650/930 968/643/920
f 977/649/929 968/643/920 979/651/931
f 978/650/930 980/652/932 969/574/921
f 978/650/930 969/574/921 968/643/920
f 980/652/932 981/653/933 972/645/924
f 980/652/932 972/645/924 969/574/921
f 981/653/933 982/654/934 983/655/935
f 981/653/933 983/655/935 972/645/924
f 972/645/924 983/655/935 984/656/936
f 972/645/924 984/656/936 973/646/925
f 973/646/925 984/656/936 985/657/937
f 973/646/925 985/657/937 976/648/928
f 976/648/928 985/657/937 986/658/938
f 976/648/928 986/658/938 987/659/939
f 974/572/926 976/648/928 987/659/939
f 974/572/926 987/659/939 988/593/940
f 975/647/927 974/572/926 988/593/940
f 975/647/927 988/593/940 989/660/941
f 990/661/942 975/647/927 989/660/941
f 990/661/942 989/660/941 991/662/943
f 992/663/944 971/644/923 975/647/927
f 992/663/944 975/647/927 990/661/942
f 979/651/931 968/643/920 971/644/923
f 979/651/931 971/644/923 992/663/944
f 993/664/945 994/665/946 995/666/947
f 993/664/945 995/666/947 996/667/948
f 994/665/946 997/668/949 998/669/950
f 994/665/946 998/669/950 995/666/947
f 996/667/948 995/666/947 999/544/951
f 996/667/948 999/544/951 1000/670/952
f 995/666/947 998/669/950 1001/671/953
f 995/666/947 1001/671/953 999/544/951
f 1002/672/954 1003/673/955 993/664/945
f 1002/672/954 993/664/945 1004/674/956
f 1003/673/955 1005/550/957 994/665/946
f 1003/673/955 994/665/946 993/664/945
f 1005/550/957 1006/675/958 997/668/949
f 1005/550/957 997/668/949 994/665/946
f 1006/675/958 1007/547/959 1008/549/960
f 1006/675/958 1008/549/960 997/668/949
f 997/668/949 1008/549/960 1009/562/961
f 997/668/949 1009/562/961 998/669/950
f 998/669/950 1009/562/961 1010/560/962
f 998/669/950 1010/560/962 1001/671/953
f 1001/671/953 1010/560/962 1011/561/963
f 1001/671/953 1011/561/963 1012/676/964
f 999/544/951 1001/671/953 1012/676/964
f 999/544/951 1012/676/964 1013/558/965
f 1000/670/952 999/544/951 1013/558/965
f 1000/670/952 1013/558/965 1014/677/966
f 1015/555/967 1000/670/952 1014/677/966
f 1015/555/967 1014/677/966 1016/678/968
f 1017/637/969 996/667/948 1000/670/952
f 1017/637/969 1000/670/952 1015/555/967
f 1004/674/956 993/664/945 996/667/948
f 1004/674/956 996/667/948 1017/637/969
f 1018/679/970 1019/680/971 1020/681/971
f 1018/679/970 1020/681/971 1021/682/970
f 1019/680/971 1022/683/972 1023/684/972
f 1019/680/971 1023/684/972 1020/681/971
f 1021/682/970 1020/681/971 1024/685/971
f 1021/682/970 1024/685/971 1025/686/970
f 1020/681/971 1023/684/972 1026/687/972
f 1020/681/971 1026/687/972 1024/685/971
f 1027/688/973 1028/689/970 1018/679/970
f 1027/688/973 1018/679/970 1029/690/973
f 1028/689/970 1030/691/971 1019/680/971
f 1028/689/970 1019/680/971 1018/679/970
f 1030/691/971 1031/692/972 1022/683/972
f 1030/691/971 1022/683/972 1019/680/971
f 1031/692/972 1032/693/974 1033/694/974
f 1031/692/972 1033/694/974 1022/683/972
f 1022/683/972 1033/694/974 1034/695/974
f 1022/683/972 1034/695/974 1023/684/972
f 1023/684/972 1034/695/974 1035/696/974
f 1023/684/972 1035/696/974 1026/687/972
f 1026/687/972 1035/696/974 916/613/868
f 1026/687/972 916/613/868 914/611/866
f 1024/685/971 1026/687/972 914/611/866
f 1024/685/971 914/611/866 913/554/865
f 1025/686/970 1024/685/971 913/554/865
f 1025/686/970 913/554/865 912/610/864
f 1036/697/973 1025/686/970 912/610/864
f 1036/697/973 912/610/864 911/609/863
f 1037/698/973 1021/682/970 1025/686/970
f 1037/698/973 1025/686/970 1036/697/973
f 1029/690/973 1018/679/970 1021/682/970
f 1029/690/973 1021/682/970 1037/698/973
f 1038/699/970 1039/700/971 1040/701/971
f 1038/699/970 1040/701/971 1041/702/970
f 1039/700/971 1042/703/972 1043/704/972
f 1039/700/971 1043/704/972 1040/701/971
f 1041/702/970 1040/701/971 1044/705/971
f 1041/702/970 1044/705/971 1045/706/970
f 1040/701/971 1043/704/972 1046/707/972
f 1040/701/971 1046/707/972 1044/705/971
f 982/654/934 981/653/933 1038/699/970
f 982/654/934 1038/699/970 1047/708/973
f 981/653/933 980/652/932 1039/700/971
f 981/653/933 1039/700/971 1038/699/970
f 980/652/932 978/650/930 1042/703/972
f 980/652/932 1042/703/972 1039/700/971
f 978/650/930 977/649/929 1048/709/974
f 978/650/930 1048/709/974 1042/703/972
f 1042/703/972 1048/709/974 1049/710/974
f 1042/703/972 1049/710/974 1043/704/972
f 1043/704/972 1049/710/974 1050/711/974
f 1043/704/972 1050/711/974 1046/707/972
f 1046/707/972 1050/711/974 1051/712/974
f 1046/707/972 1051/712/974 1052/713/972
f 1044/705/971 1046/707/972 1052/713/972
f 1044/705/971 1052/713/972 1053/714/971
f 1045/706/970 1044/705/971 1053/714/971
f 1045/706/970 1053/714/971 1054/715/970
f 1055/716/973 1045/706/970 1054/715/970
f 1055/716/973 1054/715/970 1056/717/973
f 1057/718/973 1041/702/970 1045/706/970
f 1057/718/973 1045/706/970 1055/716/973
f 1047/708/973 1038/699/970 1041/702/970
f 1047/708/973 1041/702/970 1057/718/973
f 1058/719/975 1059/680/4 1060/720/4
f 1058/719/975 1060/720/4 1061/721/975
f 1059/680/4 1062/722/976 1063/723/976
f 1059/680/4 1063/723/976 1060/720/4
f 1061/721/975 1060/720/4 1064/685/4
f 1061/721/975 1064/685/4 1065/724/975
f 1060/720/4 1063/723/976 1066/725/976
f 1060/720/4 1066/725/976 1064/685/4
f 1067/726/977 1068/727/975 1058/719/975
f 1067/726/977 1058/719/975 1069/728/977
f 1068/727/975 1070/691/4 1059/680/4
f 1068/727/975 1059/680/4 1058/719/975
f 1070/691/4 1071/729/976 1062/722/976
f 1070/691/4 1062/722/976 1059/680/4
f 1071/729/976 1072/730/978 1073/731/978
f 1071/729/976 1073/731/978 1062/722/976
f 1062/722/976 1073/731/978 1074/732/978
f 1062/722/976 1074/732/978 1063/723/976
f 1063/723/976 1074/732/978 1075/733/978
f 1063/723/976 1075/733/978 1066/725/976
f 1066/725/976 1075/733/978 836/556/789
f 1066/725/976 836/556/789 835/555/788
f 1064/685/4 1066/725/976 835/555/788
f 1064/685/4 835/555/788 834/554/787
f 1065/724/975 1064/685/4 834/554/787
f 1065/724/975 834/554/787 833/553/786
f 1076/734/977 1065/724/975 833/553/786
f 1076/734/977 833/553/786 832/552/785
f 1077/735/977 1061/721/975 1065/724/975
f 1077/735/977 1065/724/975 1076/734/977
f 1069/728/977 1058/719/975 1061/721/975
f 1069/728/977 1061/721/975 1077/735/977
f 1078/736/979 1079/737/980 1080/571/981
f 1078/736/979 1080/571/981 1081/738/982
f 1079/737/980 1082/739/983 1083/646/984
f 1079/737/980 1083/646/984 1080/571/981
f 1081/738/982 1080/571/981 1084/574/985
f 1081/738/982 1084/574/985 1085/740/986
f 1080/571/981 1083/646/984 1086/741/987
f 1080/571/981 1086/741/987 1084/574/985
f 1087/662/988 1088/660/989 1078/736/979
f 1087/662/988 1078/736/979 1089/661/990
f 1088/660/989 1090/593/991 1079/737/980
f 1088/660/989 1079/737/980 1078/736/979
f 1090/593/991 1091/659/992 1082/739/983
f 1090/593/991 1082/739/983 1079/737/980
f 1091/659/992 1092/658/993 1093/657/994
f 1091/659/992 1093/657/994 1082/739/983
f 1082/739/983 1093/657/994 1094/656/995
f 1082/739/983 1094/656/995 1083/646/984
f 1083/646/984 1094/656/995 1095/655/996
f 1083/646/984 1095/655/996 1086/741/987
f 1086/741/987 1095/655/996 1096/742/997
f 1086/741/987 1096/742/997 1097/743/998
f 1084/574/985 1086/741/987 1097/743/998
f 1084/574/985 1097/743/998 1098/585/999
f 1085/740/986 1084/574/985 1098/585/999
f 1085/740/986 1098/585/999 1099/650/1000
f 1100/744/1001 1085/740/986 1099/650/1000
f 1100/744/1001 1099/650/1000 1101/745/1002
f 1102/746/1003 1081/738/982 1085/740/986
f 1102/746/1003 1085/740/986 1100/744/1001
f 1089/661/990 1078/736/979 1081/738/982
f 1089/661/990 1081/738/982 1102/746/1003
f 1103/747/1004 1104/748/1005 1105/749/1005
f 1103/747/1004 1105/749/1005 1106/702/1004
f 1104/748/1005 1107/750/1006 1108/751/1006
f 1104/748/1005 1108/751/1006 1105/749/1005
f 1106/702/1004 1105/749/1005 1109/752/1005
f 1106/702/1004 1109/752/1005 1110/753/1004
f 1105/749/1005 1108/751/1006 1111/754/1006
f 1105/749/1005 1111/754/1006 1109/752/1005
f 1112/755/1007 1113/756/1004 1103/747/1004
f 1112/755/1007 1103/747/1004 1114/757/1007
f 1113/756/1004 1115/758/1005 1104/748/1005
f 1113/756/1004 1104/748/1005 1103/747/1004
f 1115/758/1005 1116/713/1006 1107/750/1006
f 1115/758/1005 1107/750/1006 1104/748/1005
f 1116/713/1006 1117/759/1008 1118/760/1008
f 1116/713/1006 1118/760/1008 1107/750/1006
f 1107/750/1006 1118/760/1008 1119/710/1008
f 1107/750/1006 1119/710/1008 1108/751/1006
f 1108/751/1006 1119/710/1008 1120/761/1008
f 1108/751/1006 1120/761/1008 1111/754/1006
f 1111/754/1006 1120/761/1008 1101/745/1002
f 1111/754/1006 1101/745/1002 1099/650/1000
f 1109/752/1005 1111/754/1006 1099/650/1000
f 1109/752/1005 1099/650/1000 1098/585/999
f 1110/753/1004 1109/752/1005 1098/585/999
f 1110/753/1004 1098/585/999 1097/743/998
f 1121/762/1007 1110/753/1004 1097/743/998
f 1121/762/1007 1097/743/998 1096/742/997
f 1122/763/1007 1106/702/1004 1110/753/1004
f 1122/763/1007 1110/753/1004 1121/762/1007
f 1114/757/1007 1103/747/1004 1106/702/1004
f 1114/757/1007 1106/702/1004 1122/763/1007
f 1123/764/1009 1124/765/103 1125/720/103
f 1123/764/1009 1125/720/103 1126/721/1009
f 1124/765/103 1127/766/1010 1128/767/1010
f 1124/765/103 1128/767/1010 1125/720/103
f 1126/721/1009 1125/720/103 1129/680/103
f 1126/721/1009 1129/680/103 1130/719/1009
f 1125/720/103 1128/767/1010 1131/722/1010
f 1125/720/103 1131/722/1010 1129/680/103
f 1002/672/954 1004/674/956 1123/764/1009
f 1002/672/954 1123/764/1009 1132/768/1011
f 1004/674/956 1017/637/969 1124/765/103
f 1004/674/956 1124/765/103 1123/764/1009
f 1017/637/969 1015/555/967 1127/766/1010
f 1017/637/969 1127/766/1010 1124/765/103
f 1015/555/967 1016/678/968 1133/769/1012
f 1015/555/967 1133/769/1012 1127/766/1010
f 1127/766/1010 1133/769/1012 1134/732/1012
f 1127/766/1010 1134/732/1012 1128/767/1010
f 1128/767/1010 1134/732/1012 1135/731/1012
f 1128/767/1010 1135/731/1012 1131/722/1010
f 1131/722/1010 1135/731/1012 1136/730/1012
f 1131/722/1010 1136/730/1012 1137/770/1010
f 1129/680/103 1131/722/1010 1137/770/1010
f 1129/680/103 1137/770/1010 1138/691/103
f 1130/719/1009 1129/680/103 1138/691/103
f 1130/719/1009 1138/691/103 1139/727/1009
f 1140/728/1011 1130/719/1009 1139/727/1009
f 1140/728/1011 1139/727/1009 1141/726/1011
f 1142/771/1011 1126/721/1009 1130/719/1009
f 1142/771/1011 1130/719/1009 1140/728/1011
f 1132/768/1011 1123/764/1009 1126/721/1009
f 1132/768/1011 1126/721/1009 1142/771/1011
f 1143/772/1009 1144/748/103 1145/773/103
f 1143/772/1009 1145/773/103 1146/774/1009
f 1144/748/103 1147/775/1010 1148/776/1010
f 1144/748/103 1148/776/1010 1145/773/103
f 1146/774/1009 1145/773/103 1149/752/103
f 1146/774/1009 1149/752/103 1150/777/1009
f 1145/773/103 1148/776/1010 1151/778/1010
f 1145/773/103 1151/778/1010 1149/752/103
f 1152/779/1011 1153/780/1009 1143/772/1009
f 1152/779/1011 1143/772/1009 1154/781/1011
f 1153/780/1009 1155/758/103 1144/748/103
f 1153/780/1009 1144/748/103 1143/772/1009
f 1155/758/103 1156/782/1010 1147/775/1010
f 1155/758/103 1147/775/1010 1144/748/103
f 1156/782/1010 1157/783/1012 1158/784/1012
f 1156/782/1010 1158/784/1012 1147/775/1010
f 1147/775/1010 1158/784/1012 1159/785/1012
f 1147/775/1010 1159/785/1012 1148/776/1010
f 1148/776/1010 1159/785/1012 1160/786/1012
f 1148/776/1010 1160/786/1012 1151/778/1010
f 1151/778/1010 1160/786/1012 886/587/838
f 1151/778/1010 886/587/838 885/586/837
f 1149/752/103 1151/778/1010 885/586/837
f 1149/752/103 885/586/837 884/585/836
f 1150/777/1009 1149/752/103 884/585/836
f 1150/777/1009 884/585/836 883/584/835
f 1161/787/1011 1150/777/1009 883/584/835
f 1161/787/1011 883/584/835 882/583/834
f 1162/788/1011 1146/774/1009 1150/777/1009
f 1162/788/1011 1150/777/1009 1161/787/1011
f 1154/781/1011 1143/772/1009 1146/774/1009
f 1154/781/1011 1146/774/1009 1162/788/1011
f 1163/789/1004 1164/765/1005 1165/681/1005
f 1163/789/1004 1165/681/1005 1166/682/1004
f 1164/765/1005 1167/790/1006 1168/791/1006
f 1164/765/1005 1168/791/1006 1165/681/1005
f 1166/682/1004 1165/681/1005 1169/792/1005
f 1166/682/1004 1169/792/1005 1170/793/1004
f 1165/681/1005 1168/791/1006 1171/794/1006
f 1165/681/1005 1171/794/1006 1169/792/1005
f 957/639/909 956/638/908 1163/789/1004
f 957/639/909 1163/789/1004 1172/795/1007
f 956/638/908 955/637/907 1164/765/1005
f 956/638/908 1164/765/1005 1163/789/1004
f 955/637/907 953/635/905 1167/790/1006
f 955/637/907 1167/790/1006 1164/765/1005
f 953/635/905 952/634/904 1173/796/1008
f 953/635/905 1173/796/1008 1167/790/1006
f 1167/790/1006 1173/796/1008 1174/695/1008
f 1167/790/1006 1174/695/1008 1168/791/1006
f 1168/791/1006 1174/695/1008 1175/694/1008
f 1168/791/1006 1175/694/1008 1171/794/1006
f 1171/794/1006 1175/694/1008 1176/797/1008
f 1171/794/1006 1176/797/1008 1177/798/1006
f 1169/792/1005 1171/794/1006 1177/798/1006
f 1169/792/1005 1177/798/1006 1178/691/1005
f 1170/793/1004 1169/792/1005 1178/691/1005
f 1170/793/1004 1178/691/1005 1179/799/1004
f 1180/800/1007 1170/793/1004 1179/799/1004
f 1180/800/1007 1179/799/1004 1181/801/1007
f 1182/802/1007 1166/682/1004 1170/793/1004
f 1182/802/1007 1170/793/1004 1180/800/1007
f 1172/795/1007 1163/789/1004 1166/682/1004
f 1172/795/1007 1166/682/1004 1182/802/1007
f 1183/803/1006 1184/804/1005 1185/805/1005
f 1183/803/1006 1185/805/1005 1186/806/1006
f 1184/804/1005 1187/807/1004 1188/808/1004
f 1184/804/1005 1188/808/1004 1185/805/1005
f 1186/806/1006 1185/805/1005 1189/809/1005
f 1186/806/1006 1189/809/1005 1190/810/1006
f 1185/805/1005 1188/808/1004 1191/811/1004
f 1185/805/1005 1191/811/1004 1189/809/1005
f 1117/759/1008 1116/713/1006 1183/803/1006
f 1117/759/1008 1183/803/1006 1192/812/1008
f 1116/713/1006 1115/758/1005 1184/804/1005
f 1116/713/1006 1184/804/1005 1183/803/1006
f 1115/758/1005 1113/756/1004 1187/807/1004
f 1115/758/1005 1187/807/1004 1184/804/1005
f 1113/756/1004 1112/755/1007 1193/813/1007
f 1113/756/1004 1193/813/1007 1187/807/1004
f 1187/807/1004 1193/813/1007 1194/814/1007
f 1187/807/1004 1194/814/1007 1188/808/1004
f 1188/808/1004 1194/814/1007 1195/815/1007
f 1188/808/1004 1195/815/1007 1191/811/1004
f 1191/811/1004 1195/815/1007 1181/801/1007
f 1191/811/1004 1181/801/1007 1179/799/1004
f 1189/809/1005 1191/811/1004 1179/799/1004
f 1189/809/1005 1179/799/1004 1178/691/1005
f 1190/810/1006 1189/809/1005 1178/691/1005
f 1190/810/1006 1178/691/1005 1177/798/1006
f 1196/816/1008 1190/810/1006 1177/798/1006
f 1196/816/1008 1177/798/1006 1176/797/1008
f 1197/817/1008 1186/806/1006 1190/810/1006
f 1197/817/1008 1190/810/1006 1196/816/1008
f 1192/812/1008 1183/803/1006 1186/806/1006
f 1192/812/1008 1186/806/1006 1197/817/1008
f 1198/810/972 1199/818/971 1200/819/971
f 1198/810/972 1200/819/971 1201/806/972
f 1199/818/971 1202/820/970 1203/808/970
f 1199/818/971 1203/808/970 1200/819/971
f 1201/806/972 1200/819/971 1204/821/971
f 1201/806/972 1204/821/971 1205/803/972
f 1200/819/971 1203/808/970 1206/822/970
f 1200/819/971 1206/822/970 1204/821/971
f 1032/693/974 1031/692/972 1198/810/972
f 1032/693/974 1198/810/972 1207/823/974
f 1031/692/972 1030/691/971 1199/818/971
f 1031/692/972 1199/818/971 1198/810/972
f 1030/691/971 1028/689/970 1202/820/970
f 1030/691/971 1202/820/970 1199/818/971
f 1028/689/970 1027/688/973 1208/824/973
f 1028/689/970 1208/824/973 1202/820/970
f 1202/820/970 1208/824/973 1209/825/973
f 1202/820/970 1209/825/973 1203/808/970
f 1203/808/970 1209/825/973 1210/813/973
f 1203/808/970 1210/813/973 1206/822/970
f 1206/822/970 1210/813/973 1056/717/973
f 1206/822/970 1056/717/973 1054/715/970
f 1204/821/971 1206/822/970 1054/715/970
f 1204/821/971 1054/715/970 1053/714/971
f 1205/803/972 1204/821/971 1053/714/971
f 1205/803/972 1053/714/971 1052/713/972
f 1211/812/974 1205/803/972 1052/713/972
f 1211/812/974 1052/713/972 1051/712/974
f 1212/826/974 1201/806/972 1205/803/972
f 1212/826/974 1205/803/972 1211/812/974
f 1207/823/974 1198/810/972 1201/806/972
f 1207/823/974 1201/806/972 1212/826/974
f 1213/827/1010 1214/804/103 1215/828/103
f 1213/827/1010 1215/828/103 1216/829/1010
f 1214/804/103 1217/830/1009 1218/831/1009
f 1214/804/103 1218/831/1009 1215/828/103
f 1216/829/1010 1215/828/103 1219/832/103
f 1216/829/1010 1219/832/103 1220/833/1010
f 1215/828/103 1218/831/1009 1221/834/1009
f 1215/828/103 1221/834/1009 1219/832/103
f 1157/783/1012 1156/782/1010 1213/827/1010
f 1157/783/1012 1213/827/1010 1222/835/1012
f 1156/782/1010 1155/758/103 1214/804/103
f 1156/782/1010 1214/804/103 1213/827/1010
f 1155/758/103 1153/780/1009 1217/830/1009
f 1155/758/103 1217/830/1009 1214/804/103
f 1153/780/1009 1152/779/1011 1223/836/1011
f 1153/780/1009 1223/836/1011 1217/830/1009
f 1217/830/1009 1223/836/1011 1224/837/1011
f 1217/830/1009 1224/837/1011 1218/831/1009
f 1218/831/1009 1224/837/1011 1225/838/1011
f 1218/831/1009 1225/838/1011 1221/834/1009
f 1221/834/1009 1225/838/1011 1141/726/1011
f 1221/834/1009 1141/726/1011 1139/727/1009
f 1219/832/103 1221/834/1009 1139/727/1009
f 1219/832/103 1139/727/1009 1138/691/103
f 1220/833/1010 1219/832/103 1138/691/103
f 1220/833/1010 1138/691/103 1137/770/1010
f 1226/839/1012 1220/833/1010 1137/770/1010
f 1226/839/1012 1137/770/1010 1136/730/1012
f 1227/840/1012 1216/829/1010 1220/833/1010
f 1227/840/1012 1220/833/1010 1226/839/1012
f 1222/835/1012 1213/827/1010 1216/829/1010
f 1222/835/1012 1216/829/1010 1227/840/1012
f 1228/833/976 1229/818/4 1230/841/4
f 1228/833/976 1230/841/4 1231/829/976
f 1229/818/4 1232/842/975 1233/831/975
f 1229/818/4 1233/831/975 1230/841/4
f 1231/829/976 1230/841/4 1234/804/4
f 1231/829/976 1234/804/4 1235/827/976
f 1230/841/4 1233/831/975 1236/843/975
f 1230/841/4 1236/843/975 1234/804/4
f 1072/730/978 1071/729/976 1228/833/976
f 1072/730/978 1228/833/976 1237/844/978
f 1071/729/976 1070/691/4 1229/818/4
f 1071/729/976 1229/818/4 1228/833/976
f 1070/691/4 1068/727/975 1232/842/975
f 1070/691/4 1232/842/975 1229/818/4
f 1068/727/975 1067/726/977 1238/845/977
f 1068/727/975 1238/845/977 1232/842/975
f 1232/842/975 1238/845/977 1239/533/977
f 1232/842/975 1239/533/977 1233/831/975
f 1233/831/975 1239/533/977 1240/836/977
f 1233/831/975 1240/836/977 1236/843/975
f 1236/843/975 1240/836/977 1241/779/977
f 1236/843/975 1241/779/977 1242/846/975
f 1234/804/4 1236/843/975 1242/846/975
f 1234/804/4 1242/846/975 1243/758/4
f 1235/827/976 1234/804/4 1243/758/4
f 1235/827/976 1243/758/4 1244/847/976
f 1245/835/978 1235/827/976 1244/847/976
f 1245/835/978 1244/847/976 1246/783/978
f 1247/525/978 1231/829/976 1235/827/976
f 1247/525/978 1235/827/976 1245/835/978
f 1237/844/978 1228/833/976 1231/829/976
f 1237/844/978 1231/829/976 1247/525/978
f 1248/777/975 1249/700/4 1250/848/4
f 1248/777/975 1250/848/4 1251/774/975
f 1249/700/4 1252/849/976 1253/850/976
f 1249/700/4 1253/850/976 1250/848/4
f 1251/774/975 1250/848/4 1254/748/4
f 1251/774/975 1254/748/4 1255/772/975
f 1250/848/4 1253/850/976 1256/775/976
f 1250/848/4 1256/775/976 1254/748/4
f 927/622/879 929/623/881 1248/777/975
f 927/622/879 1248/777/975 1257/851/977
f 929/623/881 942/628/894 1249/700/4
f 929/623/881 1249/700/4 1248/777/975
f 942/628/894 940/626/892 1252/849/976
f 942/628/894 1252/849/976 1249/700/4
f 940/626/892 941/627/893 1258/852/978
f 940/626/892 1258/852/978 1252/849/976
f 1252/849/976 1258/852/978 1259/785/978
f 1252/849/976 1259/785/978 1253/850/976
f 1253/850/976 1259/785/978 1260/853/978
f 1253/850/976 1260/853/978 1256/775/976
f 1256/775/976 1260/853/978 1246/783/978
f 1256/775/976 1246/783/978 1244/847/976
f 1254/748/4 1256/775/976 1244/847/976
f 1254/748/4 1244/847/976 1243/758/4
f 1255/772/975 1254/748/4 1243/758/4
f 1255/772/975 1243/758/4 1242/846/975
f 1261/854/977 1255/772/975 1242/846/975
f 1261/854/977 1242/846/975 1241/779/977
f 1262/855/977 1251/774/975 1255/772/975
f 1262/855/977 1255/772/975 1261/854/977
f 1257/851/977 1248/777/975 1251/774/975
f 1257/851/977 1251/774/975 1262/855/977
# Vertices: 1262, normals: 1012, texture coordinates: 855, faces: 1728

o obj2
v -1.73265353 -0.6327667 4.78822454
v -2.2172941 -0.63275902 4.78823278
v -2.21729402 -0.63327234 4.79344556
v -1.73265345 -0.63328002 4.79343733
v -2.21729396 -0.63479277 4.79845803
v -1.73265339 -0.63480045 4.7984498
v -2.21729392 -0.63726187 4.80307758
v -1.73265335 -0.63726955 4.80306934
v -2.2172939 -0.64058475 4.80712666
v -1.73265333 -0.64059244 4.80711843
v -1.73265333 -0.64059244 4.80711843
v -2.2172939 -0.64058475 4.80712666
v -2.21729391 -0.64463372 4.81044968
v -1.73265334 -0.64464141 4.81044145
v -2.21729394 -0.64925318 4.81291892
v -1.73265337 -0.64926087 4.8129107
v -2.21729399 -0.65426561 4.81443952
v -1.73265342 -0.65427329 4.8144313
v -2.21729407 -0.65947837 4.81495303
v -1.7326535 -0.65948606 4.8149448
v -2.21729416 -0.66469116 4.8144397
v -1.73265359 -0.66469884 4.81443148
v -2.21729426 -0.66970363 4.81291927
v -1.73265369 -0.66971132 4.81291105
v -2.21729438 -0.67432318 4.81045018
v -1.73265381 -0.67433087 4.81044195
v -2.2172945 -0.67837226 4.8071273
v -1.73265393 -0.67837995 4.80711907
v -1.73265393 -0.67837995 4.80711907
v -2.2172945 -0.67837226 4.8071273
v -2.21729462 -0.68169528 4.80307833
v -1.73265405 -0.68170297 4.8030701
v -2.21729474 -0.68416453 4.79845887
v -1.73265417 -0.68417222 4.79845064
v -2.21729485 -0.68568513 4.79344645
v -1.73265428 -0.68569282 4.79343821
v -2.21729494 -0.68619863 4.78823368
v -1.73265437 -0.68620632 4.78822545
v -1.73265924 -0.63277235 4.45302777
v -2.21729981 -0.63276467 4.453036
v -2.21730066 -0.68620429 4.45303691
v -1.73266009 -0.68621197 4.45302867
v -2.21729419 -0.63795986 4.78797737
v -2.2172999 -0.63796551 4.45303609
v -2.21255928 -0.63737299 4.45939846
v -2.21087361 -0.63736747 4.78859757
v -1.73265347 -0.64161487 4.800166
v -1.73265345 -0.64428785 4.80342314
v -1.7390801 -0.64386924 4.804469
v -1.73908011 -0.64112267 4.8011222
v -2.21729431 -0.66770381 4.80809104
v -2.21729423 -0.6636717 4.80931409
v -2.21087365 -0.66378712 4.81052168
v -2.21087374 -0.66793024 4.80926495
v -1.73265355 -0.63840564 4.79241787
v -1.73265362 -0.63796755 4.78796914
v -1.73265353 -0.6327667 4.78822454
v -1.73265345 -0.63328002 4.79343733
v -2.21729419 -0.63795986 4.78797737
v -2.21729412 -0.63839795 4.7924261
v -2.21729402 -0.63327234 4.79344556
v -2.2172941 -0.63275902 4.78823278
v -1.7326535 -0.63962868 4.79644998
v -1.73265339 -0.63480045 4.7984498
v -2.21729407 -0.639621 4.79645821
v -2.21729396 -0.63479277 4.79845803
v -1.73265335 -0.63726955 4.80306934
v -2.21729404 -0.64160718 4.80017423
v -2.21729392 -0.63726187 4.80307758
v -1.73265333 -0.64059244 4.80711843
v -2.21729402 -0.64428016 4.80343137
v -2.2172939 -0.64058475 4.80712666
v -1.73265346 -0.6475449 4.80609623
v -1.73265334 -0.64464141 4.81044145
v -2.21729403 -0.6475372 4.80610446
v -2.21729391 -0.64463372 4.81044968
v -1.73265348 -0.65126086 4.80808254
v -1.73265337 -0.64926087 4.8129107
v -2.21729405 -0.65125316 4.80809076
v -2.21729394 -0.64925318 4.81291892
v -1.73265353 -0.65529292 4.80930573
v -1.73265342 -0.65427329 4.8144313
v -2.2172941 -0.65528524 4.80931395
v -2.21729399 -0.65426561 4.81443952
v -1.73265359 -0.65948615 4.80971879
v -1.7326535 -0.65948606 4.8149448
v -2.21729415 -0.65947846 4.80972702
v -2.21729407 -0.65947837 4.81495303
v -1.73265366 -0.66367939 4.80930587
v -1.73265359 -0.66469884 4.81443148
v -2.21729416 -0.66469116 4.8144397
v -1.73265374 -0.6677115 4.80808282
v -1.73265369 -0.66971132 4.81291105
v -2.21729426 -0.66970363 4.81291927
v -1.73265384 -0.67142752 4.80609664
v -1.73265381 -0.67433087 4.81044195
v -2.2172944 -0.67141984 4.80610487
v -2.21729438 -0.67432318 4.81045018
v -1.73265393 -0.67468466 4.80342366
v -1.73265393 -0.67837995 4.80711907
v -2.2172945 -0.67467697 4.80343189
v -2.2172945 -0.67837226 4.8071273
v -1.73265403 -0.67735775 4.80016661
v -1.73265405 -0.68170297 4.8030701
v -2.2172946 -0.67735006 4.80017484
v -2.21729462 -0.68169528 4.80307833
v -1.73265412 -0.67934405 4.79645065
v -1.73265417 -0.68417222 4.79845064
v -2.21729469 -0.67933636 4.79645888
v -2.21729474 -0.68416453 4.79845887
v -1.73265421 -0.68056724 4.79241858
v -1.73265428 -0.68569282 4.79343821
v -2.21729478 -0.68055955 4.79242681
v -2.21729485 -0.68568513 4.79344645
v -1.7326543 -0.68100548 4.78796987
v -1.73265437 -0.68620632 4.78822545
v -2.21729487 -0.68099779 4.78797809
v -2.21729494 -0.68619863 4.78823368
v -1.73265933 -0.6379732 4.45302786
v -1.73265924 -0.63277235 4.45302777
v -2.2172999 -0.63796551 4.45303609
v -2.21729981 -0.63276467 4.453036
v -2.21730057 -0.68100344 4.45303682
v -2.21730066 -0.68620429 4.45303691
v -1.73266001 -0.68101113 4.45302859
v -1.73266009 -0.68621197 4.45302867
v -2.21730057 -0.68100344 4.45303682
v -1.73266001 -0.68101113 4.45302859
v -1.73266009 -0.68621197 4.45302867
v -2.21730066 -0.68620429 4.45303691
v -1.73265933 -0.6379732 4.45302786
v -2.2172999 -0.63796551 4.45303609
v -2.21729981 -0.63276467 4.453036
v -1.73265924 -0.63277235 4.45302777
v -1.73525129 -0.68160329 4.4593911
v -2.21255997 -0.68159572 4.45939921
v -2.21255928 -0.63737299 4.45939846
v -1.73525059 -0.63738056 4.45939035
v -1.73908049 -0.67175605 4.8072161
v -1.7390804 -0.66793772 4.80925696
v -2.21087345 -0.64111519 4.80113021
v -2.21087344 -0.64386175 4.80447701
v -2.21730057 -0.68100344 4.45303682
v -2.21729487 -0.68099779 4.78797809
v -2.2108743 -0.6815902 4.78859831
v -2.21255997 -0.68159572 4.45939921
v -2.21087383 -0.67174857 4.80722411
v -1.7390801 -0.64721595 4.80721568
v -1.73525129 -0.68160329 4.4593911
v -1.73908096 -0.68159768 4.78859031
v -1.73908059 -0.67510285 4.80446953
v -2.21087344 -0.64720846 4.8072237
v -1.73266001 -0.68101113 4.45302859
v -1.73525129 -0.68160329 4.4593911
v -2.21087393 -0.67509537 4.80447754
v -1.73908013 -0.65103421 4.80925668
v -1.73265933 -0.6379732 4.45302786
v -1.73525059 -0.63738056 4.45939035
v -1.73908069 -0.67784953 4.80112282
v -2.21087347 -0.65102672 4.80926466
v -2.21087403 -0.67784205 4.80113083
v -1.73908017 -0.65517727 4.81051353
v -1.73908079 -0.67989052 4.79730456
v -2.21087351 -0.6551698 4.81052153
v -1.73265362 -0.63796755 4.78796914
v -1.73265355 -0.63840564 4.79241787
v -1.73908019 -0.63782509 4.79316075
v -1.73908027 -0.63737495 4.78858956
v -2.21087413 -0.67988303 4.79731257
v -1.73908023 -0.65948593 4.81093797
v -2.21729412 -0.63839795 4.7924261
v -2.21087353 -0.63781761 4.79316877
v -1.73908088 -0.68114738 4.79316149
v -2.21087357 -0.65947845 4.81094598
v -1.73908014 -0.63908181 4.79730387
v -1.73908019 -0.63782509 4.79316075
v -2.21087422 -0.68113989 4.7931695
v -1.73908031 -0.66379461 4.81051368
v -2.21087353 -0.63781761 4.79316877
v -2.21087348 -0.63907433 4.79731188
v -1.73265421 -0.68056724 4.79241858
v -1.7326543 -0.68100548 4.78796987
v -1.73908096 -0.68159768 4.78859031
v -1.73908088 -0.68114738 4.79316149
v -2.21729478 -0.68055955 4.79242681
v -2.21087422 -0.68113989 4.7931695
v -1.73908027 -0.63737495 4.78858956
v -1.73525059 -0.63738056 4.45939035
v -2.21255997 -0.68159572 4.45939921
v -2.21087361 -0.63736747 4.78859757
v -2.21255928 -0.63737299 4.45939846
v -2.21087353 -0.63781761 4.79316877
v -2.21087348 -0.63907433 4.79731188
v -2.21087345 -0.64111519 4.80113021
v -2.21087344 -0.64386175 4.80447701
v -2.21087344 -0.64720846 4.8072237
v -2.21087347 -0.65102672 4.80926466
v -2.21087351 -0.6551698 4.81052153
v -2.21087357 -0.65947845 4.81094598
v -2.21087365 -0.66378712 4.81052168
v -2.21087374 -0.66793024 4.80926495
v -2.21087383 -0.67174857 4.80722411
v -2.21087393 -0.67509537 4.80447754
v -2.21087403 -0.67784205 4.80113083
v -2.21087413 -0.67988303 4.79731257
v -2.21087422 -0.68113989 4.7931695
v -2.2108743 -0.6815902 4.78859831
v -1.73908019 -0.63782509 4.79316075
v -1.73525059 -0.63738056 4.45939035
v -1.73908027 -0.63737495 4.78858956
v -1.73525129 -0.68160329 4.4593911
v -1.73908014 -0.63908181 4.79730387
v -1.73908011 -0.64112267 4.8011222
v -1.7390801 -0.64386924 4.804469
v -1.7390801 -0.64721595 4.80721568
v -1.73908013 -0.65103421 4.80925668
v -1.73908017 -0.65517727 4.81051353
v -1.73908023 -0.65948593 4.81093797
v -1.73908031 -0.66379461 4.81051368
v -1.7390804 -0.66793772 4.80925696
v -1.73908049 -0.67175605 4.8072161
v -1.73908059 -0.67510285 4.80446953
v -1.73908069 -0.67784953 4.80112282
v -1.73908079 -0.67989052 4.79730456
v -1.73908088 -0.68114738 4.79316149
v -1.73908096 -0.68159768 4.78859031
vn 0.098 0 -0.99519
vn 0.29031 0 -0.95693
vn 0.47141 0 -0.88192
vn 0.6344 0 -0.773
vn 0.773 0 -0.6344
vn 0.88192 0 -0.47141
vn 0.95693 0 -0.29031
vn 0.99519 0 -0.098
vn 0.99519 0 0.098
vn 0.95693 0 0.29031
vn 0.88192 0 0.47141
vn 0.773 0 0.6344
vn 0.6344 0 0.773
vn 0.47141 0 0.88192
vn 0.29031 0 0.95693
vn 0.098 0 0.99519
vn 0 0 -1
vn 0 0 1
vn -0.0002 -0.69419 0.71979
vn -0.36999 0.81228 0.45089
vn -0.48949 -0.85927 -0.1485
vn 0 -1 0
vn 0 1 0
vn -1 0 0
vn -0.46501 0.84971 -0.2485
vn -0.36978 -0.81255 0.45057
vn -0.0002 -0.69409 -0.71989
vn -0.4647 -0.84991 -0.2484
vn -0.42581 0.83462 0.34941
vn -0.0005 0.76729 -0.6413
vn -0.0005 0.76738 -0.64119
vn -0.42581 0.83462 -0.34941
vn -0.42549 -0.83488 0.34919
vn 0.0927 0 -0.99569
vn -0.42549 -0.83488 -0.34919
vn -0.46501 0.84971 0.2485
vn 0.0927 0 0.99569
vn -0.36999 0.81228 -0.45089
vn -0.46459 -0.84998 0.24839
vn -0.36981 -0.81252 -0.45061
vn -0.48991 0.85902 0.1486
vn -0.29471 0.78043 -0.55142
vn -0.48949 -0.85927 0.1485
vn -0.0722 0.67619 0.73318
vn -0.2946 -0.7807 -0.5511
vn -0.50191 0.86351 0.0494
vn -0.0722 -0.6765 0.7329
vn -0.1965 0.7362 -0.6476
vn -0.50159 -0.86369 0.0494
vn -0.1964 0.73631 0.64751
vn -0.1964 -0.7365 -0.6473
vn -0.50198 0.86347 -0.0494
vn -0.50191 0.86351 -0.0494
vn -0.1963 -0.73661 0.64721
vn -0.0722 0.67608 -0.73328
vn -0.50159 -0.86369 -0.0494
vn -0.29469 0.78047 0.55138
vn -0.0722 -0.6765 -0.7329
vn -0.48991 0.85902 -0.1486
vn -0.2945 -0.78081 0.55101
vn -0.0005 0.76747 0.64108
vn -0.0005 0.76738 0.64119
vn -0.0005 0.76743 0.64113
vn 0.0006 1 0
vn 0.0005 1 0
vn 0.0005 1 -0.0001
vn 0.0005 1 -0.0003
vn 0.0005 1 -0.0002
vn 0.0005 1 0.0001
vn 0.0005 1 0.0002
vn 0.0005 1 0.0003
vn 0.0005 1 0.0004
vn 0.0012 -1 0
vn 0.0013 -1 0
vn 0.0012 -1 0.0001
vn 0.0012 -1 -0.0001
vn 0.0013 -1 0.0004
vt 0.84241 0.94278
vt 0.84241 0.92106
vt 0.84273 0.92106
vt 0.84273 0.94278
vt 0.84305 0.92106
vt 0.84305 0.94278
vt 0.84334 0.92106
vt 0.84334 0.94278
vt 0.84359 0.92106
vt 0.84359 0.94278
vt 0.83954 0.9396
vt 0.84289 0.9396
vt 0.84289 0.93795
vt 0.83954 0.93795
vt 0.84289 0.93608
vt 0.83954 0.93608
vt 0.84289 0.93404
vt 0.83954 0.93404
vt 0.84289 0.93192
vt 0.83954 0.93192
vt 0.84289 0.9298
vt 0.83954 0.9298
vt 0.84289 0.92777
vt 0.83954 0.92777
vt 0.84289 0.92589
vt 0.83954 0.92589
vt 0.84289 0.92424
vt 0.83954 0.92424
vt 0.82139 0.94278
vt 0.82139 0.92106
vt 0.84239 0.92106
vt 0.82179 0.92127
vt 0.84243 0.92135
vt 0.84315 0.93918
vt 0.84336 0.9381
vt 0.84342 0.93827
vt 0.84321 0.93938
vt 0.84365 0.92858
vt 0.84373 0.93022
vt 0.8438 0.93017
vt 0.84372 0.92849
vt 0.84267 0.94049
vt 0.84239 0.94067
vt 0.84241 0.94278
vt 0.84273 0.94257
vt 0.84292 0.93999
vt 0.84305 0.94195
vt 0.84334 0.94095
vt 0.84359 0.9396
vt 0.84353 0.93677
vt 0.8438 0.93795
vt 0.84365 0.93526
vt 0.84395 0.93608
vt 0.84373 0.93363
vt 0.84405 0.93404
vt 0.84375 0.93192
vt 0.84408 0.93192
vt 0.84405 0.9298
vt 0.84395 0.92777
vt 0.84353 0.92707
vt 0.8438 0.92589
vt 0.84336 0.92575
vt 0.84359 0.92424
vt 0.84315 0.92466
vt 0.84334 0.92289
vt 0.84292 0.92385
vt 0.84305 0.92189
vt 0.84267 0.92335
vt 0.84273 0.92127
vt 0.84239 0.92318
vt 0.84241 0.92106
vt 0.82139 0.94067
vt 0.82139 0.94278
vt 0.82139 0.92318
vt 0.82139 0.92106
vt 0.84289 0.92318
vt 0.83954 0.92318
vt 0.83954 0.92106
vt 0.84289 0.92106
vt 0.83954 0.94067
vt 0.84289 0.94067
vt 0.84289 0.94278
vt 0.83954 0.94278
vt 0.38631 0.37285
vt 0.39168 0.37285
vt 0.39168 0.39838
vt 0.38631 0.39838
vt 0.8436 0.92694
vt 0.8436 0.93691
vt 0.82179 0.92294
vt 0.84243 0.92294
vt 0.84342 0.92558
vt 0.82179 0.94266
vt 0.84372 0.93536
vt 0.84321 0.92446
vt 0.8438 0.93367
vt 0.84298 0.92363
vt 0.84239 0.94278
vt 0.84267 0.94278
vt 0.84272 0.94249
vt 0.84243 0.94249
vt 0.84383 0.93192
vt 0.84267 0.92106
vt 0.84272 0.92135
vt 0.84272 0.92312
vt 0.84298 0.94021
vt 0.84272 0.94072
vt 0.84243 0.94091
vt 0.82179 0.94091
vt 0.36816 0.37285
vt 0.40173 0.39838
vt 0.36816 0.39838
vt 0.4022 0.39812
vt 0.40262 0.3974
vt 0.40301 0.39622
vt 0.40335 0.39463
vt 0.40363 0.3927
vt 0.40384 0.3905
vt 0.40397 0.3881
vt 0.40401 0.38562
vt 0.40397 0.38313
vt 0.40384 0.38074
vt 0.40363 0.37853
vt 0.40335 0.3766
vt 0.40301 0.37501
vt 0.40262 0.37384
vt 0.4022 0.37311
vt 0.40173 0.37285
usemtl mat1
f 1263/856/1013 1264/857/1013 1265/858/1013
f 1263/856/1013 1265/858/1013 1266/859/1013
f 1266/859/1014 1265/858/1014 1267/860/1014
f 1266/859/1014 1267/860/1014 1268/861/1014
f 1268/861/1015 1267/860/1015 1269/862/1015
f 1268/861/1015 1269/862/1015 1270/863/1015
f 1270/863/1016 1269/862/1016 1271/864/1016
f 1270/863/1016 1271/864/1016 1272/865/1016
f 1273/866/1017 1274/867/1017 1275/868/1017
f 1273/866/1017 1275/868/1017 1276/869/1017
f 1276/869/1018 1275/868/1018 1277/870/1018
f 1276/869/1018 1277/870/1018 1278/871/1018
f 1278/871/1019 1277/870/1019 1279/872/1019
f 1278/871/1019 1279/872/1019 1280/873/1019
f 1280/873/1020 1279/872/1020 1281/874/1020
f 1280/873/1020 1281/874/1020 1282/875/1020
f 1282/875/1021 1281/874/1021 1283/876/1021
f 1282/875/1021 1283/876/1021 1284/877/1021
f 1284/877/1022 1283/876/1022 1285/878/1022
f 1284/877/1022 1285/878/1022 1286/879/1022
f 1286/879/1023 1285/878/1023 1287/880/1023
f 1286/879/1023 1287/880/1023 1288/881/1023
f 1288/881/1024 1287/880/1024 1289/882/1024
f 1288/881/1024 1289/882/1024 1290/883/1024
f 1291/865/1025 1292/864/1025 1293/862/1025
f 1291/865/1025 1293/862/1025 1294/863/1025
f 1294/863/1026 1293/862/1026 1295/860/1026
f 1294/863/1026 1295/860/1026 1296/861/1026
f 1296/861/1027 1295/860/1027 1297/858/1027
f 1296/861/1027 1297/858/1027 1298/859/1027
f 1298/859/1028 1297/858/1028 1299/857/1028
f 1298/859/1028 1299/857/1028 1300/856/1028
f 1264/857/1029 1263/856/1029 1301/884/1029
f 1264/857/1029 1301/884/1029 1302/885/1029
f 1300/856/1030 1299/857/1030 1303/885/1030
f 1300/856/1030 1303/885/1030 1304/884/1030
f 1305/886/1031 1306/885/1031 1307/887/1031
f 1305/886/1031 1307/887/1031 1308/888/1031
f 1309/889/1032 1310/890/1032 1311/891/1032
f 1309/889/1032 1311/891/1032 1312/892/1032
f 1313/893/1033 1314/894/1033 1315/895/1033
f 1313/893/1033 1315/895/1033 1316/896/1033
f 1317/897/1034 1318/898/1034 1319/899/1034
f 1317/897/1034 1319/899/1034 1320/900/1034
f 1321/898/1035 1322/897/1035 1323/900/1035
f 1321/898/1035 1323/900/1035 1324/899/1035
f 1325/901/1034 1317/897/1034 1320/900/1034
f 1325/901/1034 1320/900/1034 1326/902/1034
f 1322/897/1035 1327/901/1035 1328/902/1035
f 1322/897/1035 1328/902/1035 1323/900/1035
f 1309/889/1034 1325/901/1034 1326/902/1034
f 1309/889/1034 1326/902/1034 1329/903/1034
f 1327/901/1035 1330/889/1035 1331/903/1035
f 1327/901/1035 1331/903/1035 1328/902/1035
f 1310/890/1034 1309/889/1034 1329/903/1034
f 1310/890/1034 1329/903/1034 1332/904/1034
f 1330/889/1035 1333/890/1035 1334/904/1035
f 1330/889/1035 1334/904/1035 1331/903/1035
f 1335/905/1034 1310/890/1034 1332/904/1034
f 1335/905/1034 1332/904/1034 1336/906/1034
f 1333/890/1035 1337/905/1035 1338/906/1035
f 1333/890/1035 1338/906/1035 1334/904/1035
f 1339/907/1034 1335/905/1034 1336/906/1034
f 1339/907/1034 1336/906/1034 1340/908/1034
f 1337/905/1035 1341/907/1035 1342/908/1035
f 1337/905/1035 1342/908/1035 1338/906/1035
f 1343/909/1034 1339/907/1034 1340/908/1034
f 1343/909/1034 1340/908/1034 1344/910/1034
f 1341/907/1035 1345/909/1035 1346/910/1035
f 1341/907/1035 1346/910/1035 1342/908/1035
f 1347/911/1034 1343/909/1034 1344/910/1034
f 1347/911/1034 1344/910/1034 1348/912/1034
f 1345/909/1035 1349/911/1035 1350/912/1035
f 1345/909/1035 1350/912/1035 1346/910/1035
f 1351/894/1034 1347/911/1034 1348/912/1034
f 1351/894/1034 1348/912/1034 1352/913/1034
f 1349/911/1035 1314/894/1035 1353/913/1035
f 1349/911/1035 1353/913/1035 1350/912/1035
f 1354/893/1034 1351/894/1034 1352/913/1034
f 1354/893/1034 1352/913/1034 1355/914/1034
f 1314/894/1035 1313/893/1035 1356/914/1035
f 1314/894/1035 1356/914/1035 1353/913/1035
f 1357/915/1034 1354/893/1034 1355/914/1034
f 1357/915/1034 1355/914/1034 1358/916/1034
f 1313/893/1035 1359/915/1035 1360/916/1035
f 1313/893/1035 1360/916/1035 1356/914/1035
f 1361/917/1034 1357/915/1034 1358/916/1034
f 1361/917/1034 1358/916/1034 1362/918/1034
f 1359/915/1035 1363/917/1035 1364/918/1035
f 1359/915/1035 1364/918/1035 1360/916/1035
f 1365/919/1034 1361/917/1034 1362/918/1034
f 1365/919/1034 1362/918/1034 1366/920/1034
f 1363/917/1035 1367/919/1035 1368/920/1035
f 1363/917/1035 1368/920/1035 1364/918/1035
f 1369/921/1034 1365/919/1034 1366/920/1034
f 1369/921/1034 1366/920/1034 1370/922/1034
f 1367/919/1035 1371/921/1035 1372/922/1035
f 1367/919/1035 1372/922/1035 1368/920/1035
f 1373/923/1034 1369/921/1034 1370/922/1034
f 1373/923/1034 1370/922/1034 1374/924/1034
f 1371/921/1035 1375/923/1035 1376/924/1035
f 1371/921/1035 1376/924/1035 1372/922/1035
f 1377/925/1034 1373/923/1034 1374/924/1034
f 1377/925/1034 1374/924/1034 1378/926/1034
f 1375/923/1035 1379/925/1035 1380/926/1035
f 1375/923/1035 1380/926/1035 1376/924/1035
f 1318/898/1034 1381/927/1034 1382/928/1034
f 1318/898/1034 1382/928/1034 1319/899/1034
f 1383/927/1035 1321/898/1035 1324/899/1035
f 1383/927/1035 1324/899/1035 1384/928/1035
f 1379/925/1035 1385/929/1035 1386/930/1035
f 1379/925/1035 1386/930/1035 1380/926/1035
f 1387/929/1034 1377/925/1034 1378/926/1034
f 1387/929/1034 1378/926/1034 1388/930/1034
f 1389/931/1036 1390/932/1036 1391/933/1036
f 1389/931/1036 1391/933/1036 1392/934/1036
f 1393/935/1036 1394/936/1036 1395/937/1036
f 1393/935/1036 1395/937/1036 1396/938/1036
f 1397/939/1036 1398/940/1036 1399/941/1036
f 1397/939/1036 1399/941/1036 1400/942/1036
f 1354/893/1037 1357/915/1037 1401/943/1037
f 1354/893/1037 1401/943/1037 1402/896/1037
f 1333/890/1038 1330/889/1038 1403/892/1038
f 1333/890/1038 1403/892/1038 1404/891/1038
f 1405/885/1039 1406/886/1039 1407/888/1039
f 1405/885/1039 1407/888/1039 1408/887/1039
f 1359/915/1040 1313/893/1040 1316/896/1040
f 1359/915/1040 1316/896/1040 1409/943/1040
f 1310/890/1041 1335/905/1041 1410/944/1041
f 1310/890/1041 1410/944/1041 1311/891/1041
f 1377/925/1042 1387/929/1043 1411/945/1043
f 1377/925/1042 1411/945/1043 1412/946/1042
f 1357/915/1044 1361/917/1044 1413/947/1044
f 1357/915/1044 1413/947/1044 1401/943/1044
f 1337/905/1045 1333/890/1045 1404/891/1045
f 1337/905/1045 1404/891/1045 1414/944/1045
f 1415/884/1046 1405/885/1046 1408/887/1046
f 1415/884/1046 1408/887/1046 1416/948/1046
f 1363/917/1047 1359/915/1047 1409/943/1047
f 1363/917/1047 1409/943/1047 1417/947/1047
f 1335/905/1048 1339/907/1048 1418/949/1048
f 1335/905/1048 1418/949/1048 1410/944/1048
f 1306/885/1049 1419/884/1049 1420/948/1049
f 1306/885/1049 1420/948/1049 1307/887/1049
f 1361/917/1050 1365/919/1050 1421/950/1050
f 1361/917/1050 1421/950/1050 1413/947/1050
f 1341/907/1051 1337/905/1051 1414/944/1051
f 1341/907/1051 1414/944/1051 1422/949/1051
f 1367/919/1052 1363/917/1052 1417/947/1052
f 1367/919/1052 1417/947/1052 1423/950/1052
f 1339/907/1053 1343/909/1053 1424/951/1053
f 1339/907/1053 1424/951/1053 1418/949/1053
f 1365/919/1054 1369/921/1054 1425/952/1054
f 1365/919/1054 1425/952/1054 1421/950/1054
f 1345/909/1055 1341/907/1055 1422/949/1055
f 1345/909/1055 1422/949/1055 1426/951/1055
f 1427/953/1056 1428/954/1056 1429/955/1056
f 1427/953/1056 1429/955/1056 1430/956/1056
f 1371/921/1057 1367/919/1057 1423/950/1057
f 1371/921/1057 1423/950/1057 1431/952/1057
f 1343/909/1058 1347/911/1058 1432/957/1058
f 1343/909/1058 1432/957/1058 1424/951/1058
f 1433/958/1059 1305/886/1059 1308/888/1059
f 1433/958/1059 1308/888/1059 1434/959/1059
f 1369/921/1060 1373/923/1060 1435/960/1060
f 1369/921/1060 1435/960/1060 1425/952/1060
f 1349/911/1061 1345/909/1061 1426/951/1061
f 1349/911/1061 1426/951/1061 1436/957/1061
f 1317/897/1062 1325/901/1062 1437/961/1062
f 1317/897/1062 1437/961/1062 1438/962/1062
f 1375/923/1063 1371/921/1063 1431/952/1063
f 1375/923/1063 1431/952/1063 1439/960/1063
f 1347/911/1064 1351/894/1064 1440/895/1064
f 1347/911/1065 1440/895/1065 1432/957/1065
f 1327/901/1066 1322/897/1066 1441/962/1066
f 1327/901/1066 1441/962/1066 1442/961/1066
f 1443/954/1067 1444/953/1067 1445/956/1067
f 1443/954/1067 1445/956/1067 1446/955/1067
f 1314/894/1068 1349/911/1068 1436/957/1068
f 1314/894/1068 1436/957/1068 1315/895/1068
f 1325/901/1069 1309/889/1069 1312/892/1069
f 1325/901/1069 1312/892/1069 1437/961/1069
f 1406/886/1070 1447/958/1070 1448/959/1070
f 1406/886/1070 1448/959/1070 1407/888/1070
f 1351/894/1071 1354/893/1071 1402/896/1071
f 1351/894/1071 1402/896/1071 1440/895/1071
f 1330/889/1072 1327/901/1072 1442/961/1072
f 1330/889/1072 1442/961/1072 1403/892/1072
f 1381/927/1073 1318/898/1074 1449/963/1075
f 1381/927/1073 1449/963/1075 1450/964/1073
f 1451/965/1076 1452/966/1076 1453/967/1076
f 1452/966/1077 1451/965/1078 1454/968/1077
f 1454/968/1077 1451/965/1078 1455/969/1077
f 1455/969/1077 1451/965/1078 1456/970/1078
f 1456/970/1078 1451/965/1078 1457/971/1078
f 1457/971/1078 1451/965/1078 1458/972/1078
f 1458/972/1079 1451/965/1079 1459/973/1079
f 1459/973/1080 1451/965/1080 1460/974/1080
f 1460/974/1078 1451/965/1078 1461/975/1078
f 1461/975/1081 1451/965/1081 1462/976/1081
f 1462/976/1082 1451/965/1082 1463/977/1082
f 1463/977/1083 1451/965/1083 1464/978/1083
f 1464/978/1084 1451/965/1084 1465/979/1084
f 1465/979/1081 1451/965/1077 1466/980/1081
f 1466/980/1081 1451/965/1077 1467/981/1081
f 1467/981/1081 1451/965/1077 1468/982/1077
f 1468/982/1077 1451/965/1077 1469/983/1077
f 1470/968/1085 1471/967/1085 1472/966/1085
f 1471/967/1086 1470/968/1086 1473/965/1086
f 1473/965/1087 1470/968/1085 1474/969/1085
f 1473/965/1087 1474/969/1085 1475/970/1085
f 1473/965/1087 1475/970/1085 1476/971/1088
f 1473/965/1087 1476/971/1088 1477/972/1085
f 1473/965/1087 1477/972/1085 1478/973/1085
f 1473/965/1085 1478/973/1085 1479/974/1085
f 1473/965/1089 1479/974/1089 1480/975/1089
f 1473/965/1087 1480/975/1087 1481/976/1087
f 1473/965/1085 1481/976/1085 1482/977/1085
f 1473/965/1085 1482/977/1087 1483/978/1085
f 1473/965/1085 1483/978/1085 1484/979/1085
f 1473/965/1085 1484/979/1085 1485/980/1085
f 1473/965/1085 1485/980/1085 1486/981/1087
f 1473/965/1085 1486/981/1087 1487/982/1085
f 1473/965/1085 1487/982/1085 1488/983/1085
# Vertices: 226, normals: 77, texture coordinates: 128, faces: 224

o obj3
v -2.08052596 -0.28415511 4.57788994
v -2.07105466 -0.22794238 4.57135104
v -2.06299184 -0.22794197 4.58671499
v -2.07375264 -0.28415476 4.59079671
v -2.17694994 -0.29726215 4.64444128
v -2.16788656 -0.29726172 4.65467257
v -2.17038411 -0.28415832 4.65749081
v -2.1800494 -0.28415877 4.64658005
v -2.10393626 -0.29725964 4.56203261
v -2.1167162 -0.29726019 4.55718522
v -2.11581547 -0.28415669 4.55352922
v -2.1021868 -0.2841561 4.55869853
v -2.15663394 -0.29726179 4.56203046
v -2.1678831 -0.2972622 4.56979451
v -2.17038042 -0.28415883 4.56697591
v -2.1583842 -0.28415839 4.55869624
v -2.08362698 -0.29725834 4.64444508
v -2.07727449 -0.29725815 4.6323426
v -2.07375439 -0.28415451 4.63367789
v -2.08052876 -0.28415472 4.64658411
v -2.16788656 -0.29726172 4.65467257
v -2.15663803 -0.29726122 4.66243754
v -2.15838856 -0.28415778 4.66577147
v -2.17038411 -0.28415832 4.65749081
v -2.13028484 -0.29726075 4.55553712
v -2.13028522 -0.28415728 4.55177168
v -2.1678831 -0.2972622 4.56979451
v -2.17694731 -0.29726251 4.58002507
v -2.1800466 -0.28415916 4.57788589
v -2.17038042 -0.28415883 4.56697591
v -2.07400289 -0.29725809 4.61907155
v -2.07026553 -0.28415445 4.61952549
v -2.14385809 -0.29726067 4.66728493
v -2.14475989 -0.2841572 4.67094078
v -2.18329981 -0.2972627 4.59212754
v -2.18682097 -0.28415937 4.5907921
v -2.07400233 -0.29725817 4.60540318
v -2.07026493 -0.28415454 4.6049494
v -2.13028946 -0.2972601 4.66893302
v -2.13029015 -0.2841566 4.67269832
v -2.1865714 -0.29726276 4.6053986
v -2.19030984 -0.28415943 4.6049445
v -2.07727285 -0.29725838 4.59213186
v -2.11672069 -0.29725956 4.66728604
v -2.11582026 -0.28415602 4.67094196
v -2.18657196 -0.29726268 4.61906696
v -2.19031043 -0.28415935 4.6195206
v -2.08362435 -0.29725871 4.58002887
v -2.10394035 -0.29725907 4.66243969
v -2.10219117 -0.28415549 4.66577376
v -2.18330145 -0.29726247 4.63233828
v -2.18682272 -0.28415912 4.63367329
v -2.09268774 -0.29725914 4.56979758
v -2.09019125 -0.28415556 4.56697918
v -2.14385361 -0.29726129 4.55718411
v -2.1447551 -0.28415786 4.55352804
v -2.0926912 -0.29725865 4.65467563
v -2.09019494 -0.28415505 4.65749408
v -2.09268774 -0.29725914 4.56979758
v -2.09019125 -0.28415556 4.56697918
v -2.0926912 -0.29725865 4.65467563
v -2.09019494 -0.28415505 4.65749408
v -2.2017398 -0.22794743 4.6209073
v -2.20173909 -0.22794753 4.60355622
v -2.09684447 -0.22794284 4.6759661
v -2.11306825 -0.22794347 4.68211821
v -2.1975881 -0.22794716 4.63775436
v -2.08256003 -0.22794293 4.55836311
v -2.08256442 -0.22794231 4.66611014
v -2.18952528 -0.22794675 4.65311831
v -2.09683927 -0.22794357 4.54850598
v -2.08256003 -0.22794293 4.55836311
v -2.16373548 -0.22794629 4.54850326
v -2.14751169 -0.22794567 4.54235114
v -2.07105799 -0.22794192 4.65312314
v -2.08256442 -0.22794231 4.66611014
v -2.17801991 -0.2279462 4.66610625
v -2.11306256 -0.22794426 4.54235255
v -2.17801553 -0.22794682 4.55835922
v -2.06299392 -0.22794168 4.63775985
v -2.16374067 -0.22794557 4.67596337
v -2.17801991 -0.2279462 4.66610625
v -2.13028704 -0.22794498 4.54026041
v -2.18952194 -0.22794721 4.57134621
v -2.17801553 -0.22794682 4.55835922
v -2.05884085 -0.2279416 4.62091313
v -2.14751738 -0.22794487 4.68211681
v -2.19758602 -0.22794745 4.58670951
v -2.05884014 -0.2279417 4.60356205
v -2.1302929 -0.22794416 4.68420895
v -2.20902159 -0.18027953 4.60267163
v -2.20444532 -0.18027945 4.58410826
v -2.05613622 -0.1802734 4.5841143
v -2.05156146 -0.18027311 4.60267805
v -2.11131533 -0.18027505 4.68923896
v -2.13029515 -0.18027582 4.69154274
v -2.20902237 -0.18027942 4.62179076
v -2.06502062 -0.18027386 4.5671848
v -2.09343837 -0.18027436 4.68245996
v -2.20444761 -0.18027913 4.64035451
v -2.07769836 -0.18027446 4.5528734
v -2.1492685 -0.18027748 4.53522985
v -2.13028868 -0.18027672 4.53292607
v -2.0777032 -0.18027379 4.6715997
v -2.19556322 -0.18027867 4.65728401
v -2.09343265 -0.18027516 4.54201185
v -2.07769836 -0.18027446 4.5528734
v -2.16714547 -0.18027817 4.54200885
v -2.06502429 -0.18027335 4.65728933
v -2.0777032 -0.18027379 4.6715997
v -2.18288548 -0.18027807 4.67159541
v -2.11130905 -0.18027593 4.5352314
v -2.18288064 -0.18027875 4.55286912
v -2.05613851 -0.18027308 4.64036055
v -2.16715119 -0.18027737 4.68245696
v -2.18288548 -0.18027807 4.67159541
v -2.19555954 -0.18027918 4.56717948
v -2.18288064 -0.18027875 4.55286912
v -2.05156224 -0.180273 4.62179718
v -2.14927477 -0.1802766 4.68923742
v -2.11695113 -0.29611297 4.66635112
v -2.10438784 -0.29611249 4.66158708
v -2.09500666 -0.18977417 4.67947084
v -2.11212269 -0.18977483 4.6859613
v -2.08172412 -0.28380525 4.57871689
v -2.07511389 -0.28380491 4.59131289
v -2.06436993 -0.22767804 4.58723756
v -2.07226764 -0.22767845 4.57218822
v -2.17615753 -0.29611551 4.64389433
v -2.17885127 -0.28380883 4.6457531
v -2.16941869 -0.28380838 4.65640116
v -2.16724807 -0.29611509 4.65395186
v -2.10438381 -0.29611305 4.56288517
v -2.10286342 -0.28380622 4.55998756
v -2.11616394 -0.28380679 4.55494271
v -2.11694672 -0.29611359 4.5581201
v -2.15618655 -0.29611516 4.56288306
v -2.15770771 -0.28380846 4.55998533
v -2.16941509 -0.28380889 4.56806565
v -2.16724467 -0.29611557 4.57051526
v -2.08441944 -0.29611177 4.64389806
v -2.08172685 -0.28380487 4.64575706
v -2.0751156 -0.28380467 4.6331616
v -2.07817483 -0.29611159 4.63200112
v -2.16724807 -0.29611509 4.65395186
v -2.16941869 -0.28380838 4.65640116
v -2.15771197 -0.28380786 4.66448243
v -2.15619057 -0.2961146 4.66158496
v -2.13028529 -0.28380738 4.55322749
v -2.13028492 -0.29611414 4.5565
v -2.16724467 -0.29611557 4.57051526
v -2.16941509 -0.28380889 4.56806565
v -2.17884854 -0.28380921 4.57871293
v -2.17615495 -0.29611587 4.58057207
v -2.07171074 -0.28380461 4.61934995
v -2.07495879 -0.29611153 4.61895544
v -2.14441145 -0.28380729 4.66952728
v -2.14362767 -0.29611406 4.66635003
v -2.18545979 -0.28380941 4.5913084
v -2.18239956 -0.29611606 4.59246901
v -2.07171016 -0.28380469 4.60512481
v -2.07495825 -0.29611161 4.6055192
v -2.1302901 -0.2838067 4.6712425
v -2.13028947 -0.29611351 4.66797014
v -2.18886466 -0.28380947 4.60512004
v -2.18561559 -0.29611612 4.60551469
v -2.07817321 -0.29611181 4.59247326
v -2.11616861 -0.28380614 4.66952843
v -2.18886524 -0.28380939 4.61934518
v -2.18561614 -0.29611604 4.61895093
v -2.08441686 -0.29611214 4.58057581
v -2.10286768 -0.28380562 4.66448467
v -2.1854615 -0.28380917 4.6331571
v -2.18240117 -0.29611584 4.63199687
v -2.0911567 -0.2838057 4.56806883
v -2.09332632 -0.29611256 4.57051827
v -2.14440678 -0.28380794 4.55494156
v -2.14362326 -0.29611468 4.55811901
v -2.0911603 -0.28380519 4.65640434
v -2.09332972 -0.29611208 4.65395487
v -2.09332632 -0.29611256 4.57051827
v -2.0911567 -0.2838057 4.56806883
v -2.09332972 -0.29611208 4.65395487
v -2.0911603 -0.28380519 4.65640434
v -2.20027603 -0.22768349 4.60373393
v -2.20027672 -0.22768339 4.62072971
v -2.11342091 -0.22767951 4.6806872
v -2.09752935 -0.2276789 4.67466106
v -2.19621004 -0.22768313 4.63723179
v -2.08353741 -0.22767898 4.55946624
v -2.08354171 -0.22767838 4.66500693
v -2.18831232 -0.22768272 4.65228113
v -2.08353741 -0.22767898 4.55946624
v -2.09752426 -0.22767961 4.54981096
v -2.14715905 -0.22768166 4.54378216
v -2.16305062 -0.22768228 4.54980828
v -2.08354171 -0.22767838 4.66500693
v -2.07227091 -0.22767799 4.65228586
v -2.17704256 -0.22768219 4.66500312
v -2.11341533 -0.22768029 4.54378353
v -2.17703825 -0.22768279 4.55946243
v -2.06437196 -0.22767776 4.63723717
v -2.17704256 -0.22768219 4.66500312
v -2.16305571 -0.22768157 4.6746584
v -2.13028711 -0.22768099 4.54173423
v -2.17703825 -0.22768279 4.55946243
v -2.18830905 -0.22768318 4.57218349
v -2.06030394 -0.22767769 4.62073542
v -2.14716463 -0.22768088 4.68068582
v -2.196208 -0.22768342 4.58723218
v -2.06030324 -0.22767778 4.60373964
v -2.13029286 -0.22768019 4.68273512
v -2.20306166 -0.18005171 4.58463308
v -2.20755253 -0.18005179 4.60285007
v -2.05303056 -0.18004549 4.60285637
v -2.05751994 -0.18004578 4.58463901
v -2.1302951 -0.18004814 4.69006288
v -2.11166944 -0.1800474 4.68780208
v -2.20755329 -0.18005168 4.62161244
v -2.06623858 -0.18004623 4.5680254
v -2.09412605 -0.18004672 4.68114958
v -2.20306391 -0.18005139 4.6398298
v -2.07867975 -0.18004681 4.55398106
v -2.13028875 -0.18004903 4.53440593
v -2.14891441 -0.18004978 4.53666673
v -2.0786845 -0.18004615 4.67049196
v -2.19434528 -0.18005094 4.6564434
v -2.07867975 -0.18004681 4.55398106
v -2.09412044 -0.1800475 4.54332218
v -2.1664578 -0.18005045 4.54331923
v -2.0786845 -0.18004615 4.67049196
v -2.06624218 -0.18004572 4.65644863
v -2.18190411 -0.18005036 4.67048775
v -2.11166328 -0.18004826 4.53666825
v -2.18189936 -0.18005102 4.55397685
v -2.05752219 -0.18004546 4.63983573
v -2.18190411 -0.18005036 4.67048775
v -2.16646342 -0.18004967 4.68114663
v -2.18189936 -0.18005102 4.55397685
v -2.19434168 -0.18005145 4.56802018
v -2.05303132 -0.18004538 4.62161874
v -2.14892057 -0.18004891 4.68780056
v -2.13028868 -0.18027672 4.53292607
v -2.1492685 -0.18027748 4.53522985
v -2.14891441 -0.18004978 4.53666673
v -2.13028875 -0.18004903 4.53440593
v -2.16714547 -0.18027817 4.54200885
v -2.1664578 -0.18005045 4.54331923
v -2.18288064 -0.18027875 4.55286912
v -2.18189936 -0.18005102 4.55397685
v -2.19555954 -0.18027918 4.56717948
v -2.19434168 -0.18005145 4.56802018
v -2.20444532 -0.18027945 4.58410826
v -2.20306166 -0.18005171 4.58463308
v -2.20902159 -0.18027953 4.60267163
v -2.20755253 -0.18005179 4.60285007
v -2.20902237 -0.18027942 4.62179076
v -2.20755329 -0.18005168 4.62161244
v -2.20444761 -0.18027913 4.64035451
v -2.20306391 -0.18005139 4.6398298
v -2.19556322 -0.18027867 4.65728401
v -2.19434528 -0.18005094 4.6564434
v -2.18288548 -0.18027807 4.67159541
v -2.18190411 -0.18005036 4.67048775
v -2.16715119 -0.18027737 4.68245696
v -2.16646342 -0.18004967 4.68114663
v -2.14927477 -0.1802766 4.68923742
v -2.14892057 -0.18004891 4.68780056
v -2.13029515 -0.18027582 4.69154274
v -2.1302951 -0.18004814 4.69006288
v -2.11131533 -0.18027505 4.68923896
v -2.11166944 -0.1800474 4.68780208
v -2.09343837 -0.18027436 4.68245996
v -2.09412605 -0.18004672 4.68114958
v -2.0777032 -0.18027379 4.6715997
v -2.0786845 -0.18004615 4.67049196
v -2.06502429 -0.18027335 4.65728933
v -2.06624218 -0.18004572 4.65644863
v -2.05613851 -0.18027308 4.64036055
v -2.05752219 -0.18004546 4.63983573
v -2.05156224 -0.180273 4.62179718
v -2.05303132 -0.18004538 4.62161874
v -2.05156146 -0.18027311 4.60267805
v -2.05303056 -0.18004549 4.60285637
v -2.05613622 -0.1802734 4.5841143
v -2.05751994 -0.18004578 4.58463901
v -2.06502062 -0.18027386 4.5671848
v -2.06623858 -0.18004623 4.5680254
v -2.07769836 -0.18027446 4.5528734
v -2.07867975 -0.18004681 4.55398106
v -2.09343265 -0.18027516 4.54201185
v -2.09412044 -0.1800475 4.54332218
v -2.11130905 -0.18027593 4.5352314
v -2.11166328 -0.18004826 4.53666825
v -2.20129077 -0.18977873 4.63915762
v -2.2056708 -0.18977901 4.62138405
v -2.07993663 -0.18977426 4.55540017
v -2.06779853 -0.18977369 4.5691024
v -2.14846037 -0.18977715 4.53850762
v -2.13028843 -0.18977642 4.5363019
v -2.07994126 -0.18977361 4.66907285
v -2.19278453 -0.18977829 4.65536652
v -2.09500118 -0.18977493 4.54500096
v -2.07993663 -0.18977426 4.55540017
v -2.16557639 -0.18977781 4.54499808
v -2.06780204 -0.1897732 4.65537162
v -2.07994126 -0.18977361 4.66907285
v -2.18064642 -0.18977772 4.66906875
v -2.11211668 -0.18977567 4.5385091
v -2.18064179 -0.18977837 4.55539607
v -2.05929448 -0.18977294 4.63916341
v -2.16558188 -0.18977704 4.67946796
v -2.18064642 -0.18977772 4.66906875
v -2.19278101 -0.18977878 4.5690973
v -2.18064179 -0.18977837 4.55539607
v -2.05491301 -0.18977287 4.62139019
v -2.14846638 -0.18977631 4.68595982
v -2.20128858 -0.18977904 4.58530551
v -2.05491226 -0.18977297 4.60308487
v -2.13029462 -0.18977556 4.68816702
v -2.20567005 -0.18977911 4.60307873
v -2.05929228 -0.18977325 4.5853113
v -2.18329981 -0.2972627 4.59212754
v -2.18657196 -0.29726268 4.61906696
v -2.1865714 -0.29726276 4.6053986
v -2.18330145 -0.29726247 4.63233828
v -2.17694731 -0.29726251 4.58002507
v -2.17694994 -0.29726215 4.64444128
v -2.1678831 -0.2972622 4.56979451
v -2.16788656 -0.29726172 4.65467257
v -2.15663394 -0.29726179 4.56203046
v -2.15663803 -0.29726122 4.66243754
v -2.14385361 -0.29726129 4.55718411
v -2.14385809 -0.29726067 4.66728493
v -2.13028484 -0.29726075 4.55553712
v -2.13028946 -0.2972601 4.66893302
v -2.1167162 -0.29726019 4.55718522
v -2.11672069 -0.29725956 4.66728604
v -2.10393626 -0.29725964 4.56203261
v -2.10394035 -0.29725907 4.66243969
v -2.09268774 -0.29725914 4.56979758
v -2.0926912 -0.29725865 4.65467563
v -2.08362435 -0.29725871 4.58002887
v -2.08362698 -0.29725834 4.64444508
v -2.07727285 -0.29725838 4.59213186
v -2.07727449 -0.29725815 4.6323426
v -2.07400233 -0.29725817 4.60540318
v -2.07400289 -0.29725809 4.61907155
v -2.20129077 -0.18977873 4.63915762
v -2.20567005 -0.18977911 4.60307873
v -2.2056708 -0.18977901 4.62138405
v -2.20128858 -0.18977904 4.58530551
v -2.19278453 -0.18977829 4.65536652
v -2.19278101 -0.18977878 4.5690973
v -2.18064642 -0.18977772 4.66906875
v -2.18064179 -0.18977837 4.55539607
v -2.16558188 -0.18977704 4.67946796
v -2.16557639 -0.18977781 4.54499808
v -2.14846638 -0.18977631 4.68595982
v -2.14846037 -0.18977715 4.53850762
v -2.13029462 -0.18977556 4.68816702
v -2.13028843 -0.18977642 4.5363019
v -2.11212269 -0.18977483 4.6859613
v -2.11211668 -0.18977567 4.5385091
v -2.09500666 -0.18977417 4.67947084
v -2.09500118 -0.18977493 4.54500096
v -2.07994126 -0.18977361 4.66907285
v -2.07993663 -0.18977426 4.55540017
v -2.06780204 -0.1897732 4.65537162
v -2.06779853 -0.18977369 4.5691024
v -2.05929448 -0.18977294 4.63916341
v -2.05929228 -0.18977325 4.5853113
v -2.05491301 -0.18977287 4.62139019
v -2.05491226 -0.18977297 4.60308487
vn 0.86771 0.45541 -0.1992
vn -0.7198 -0.6377 -0.2743
vn 0.34102 0.89914 -0.27431
vn -0.5463 0.7914 -0.2743
vn 0.85149 -0.4469 -0.2743
vn -0.5463 -0.7914 -0.2743
vn 0.1159 0.95463 -0.27431
vn -0.7198 0.6377 -0.2743
vn 0.93371 -0.2301 -0.2743
vn -0.34102 -0.89914 -0.27431
vn -0.85149 0.4469 -0.2743
vn 0.96164 0 -0.27431
vn -0.1159 -0.95463 -0.27431
vn -0.93371 0.2301 -0.2743
vn 0.93371 0.2301 -0.2743
vn 0.1159 -0.95463 -0.27431
vn -0.96164 0 -0.27431
vn 0.85149 0.4469 -0.2743
vn 0.34102 -0.89914 -0.27431
vn -0.93371 -0.2301 -0.2743
vn 0.7198 0.6377 -0.2743
vn -0.1159 0.95463 -0.27431
vn 0.5463 -0.7914 -0.2743
vn -0.85149 -0.4469 -0.2743
vn 0.5463 0.7914 -0.2743
vn -0.34102 0.89914 -0.27431
vn 0.7198 -0.6377 -0.2743
vn -0.97996 0 -0.19919
vn 0.34749 -0.91628 -0.1992
vn -0.95149 -0.2345 -0.1992
vn 0.73352 0.64982 -0.19921
vn 0.55669 -0.80648 -0.1992
vn -0.86771 -0.45541 -0.1992
vn 0.55669 0.80648 -0.1992
vn -0.34749 0.91628 -0.1992
vn 0.73352 -0.64982 -0.19921
vn -0.73352 -0.64982 -0.19921
vn 0.34749 0.91628 -0.1992
vn -0.55669 0.80648 -0.1992
vn 0.86771 -0.45541 -0.1992
vn -0.55669 -0.80648 -0.1992
vn 0.1181 0.97282 -0.1992
vn -0.73352 0.64982 -0.19921
vn 0.95149 -0.2345 -0.1992
vn -0.34749 -0.91628 -0.1992
vn -0.86771 0.45541 -0.1992
vn 0.97996 0 -0.19919
vn -0.1181 -0.97282 -0.1992
vn -0.95149 0.2345 -0.1992
vn 0.95149 0.2345 -0.1992
vn 0.1181 -0.97282 -0.1992
vn -0.9598 0.2366 -0.151
vn 0.9598 0.2366 -0.151
vn 0.1192 -0.98132 -0.151
vn -0.98853 0 -0.15101
vn 0.8753 0.4594 -0.151
vn 0.3505 -0.92431 -0.151
vn -0.9598 -0.2366 -0.151
vn 0.73992 0.65552 -0.15101
vn -0.1192 0.98132 -0.151
vn 0.56161 -0.81351 -0.151
vn -0.8753 -0.4594 -0.151
vn 0.56161 0.81351 -0.151
vn -0.3505 0.92431 -0.151
vn 0.73992 -0.65552 -0.15101
vn -0.73992 -0.65552 -0.15101
vn 0.3505 0.92431 -0.151
vn -0.56161 0.81351 -0.151
vn 0.8753 -0.4594 -0.151
vn -0.56161 -0.81351 -0.151
vn 0.1192 0.98132 -0.151
vn -0.73992 0.65552 -0.15101
vn 0.9598 -0.2366 -0.151
vn -0.3505 -0.92431 -0.151
vn -0.8753 0.4594 -0.151
vn 0.98853 0 -0.15101
vn -0.1192 -0.98132 -0.151
vn -0.1181 0.97282 -0.1992
vn 0.3485 -0.91881 -0.1853
vn -0.86771 -0.45541 0.1992
vn 0.7237 0.6412 0.2552
vn -0.34288 -0.90405 0.25519
vn 0.5493 -0.7957 0.2552
vn -0.85614 0.44932 0.25521
vn 0.5493 0.7957 0.2552
vn -0.1165 -0.95984 0.25521
vn 0.7237 -0.6412 0.2552
vn -0.93879 0.2314 0.2552
vn 0.34288 0.90405 0.25519
vn 0.85614 -0.44932 0.25521
vn -0.96689 0 0.2552
vn 0.1165 0.95984 0.25521
vn 0.93879 -0.2314 0.2552
vn -0.93879 -0.2314 0.2552
vn -0.1165 0.95984 0.25521
vn 0.96689 0 0.2552
vn -0.85614 -0.44932 0.25521
vn -0.34288 0.90405 0.25519
vn 0.93879 0.2314 0.2552
vn -0.7237 -0.6412 0.2552
vn 0.1165 -0.95984 0.25521
vn -0.5493 0.7957 0.2552
vn 0.85614 0.44932 0.25521
vn -0.5493 -0.7957 0.2552
vn 0.34288 -0.90405 0.25519
vn -0.7237 0.6412 0.2552
vn 0.97996 0 0.19919
vn -0.34749 0.91628 0.1992
vn 0.95149 0.2345 0.1992
vn -0.73352 -0.64982 0.19921
vn -0.55669 0.80648 0.1992
vn 0.86771 0.45541 0.1992
vn -0.55669 -0.80648 0.1992
vn 0.34749 -0.91628 0.1992
vn -0.73352 0.64982 0.19921
vn 0.73352 0.64982 0.19921
vn -0.34749 -0.91628 0.1992
vn 0.55669 -0.80648 0.1992
vn -0.86771 0.45541 0.1992
vn 0.55669 0.80648 0.1992
vn -0.1181 -0.97282 0.1992
vn 0.73352 -0.64982 0.19921
vn -0.95149 0.2345 0.1992
vn 0.34749 0.91628 0.1992
vn 0.86771 -0.45541 0.1992
vn -0.97996 0 0.19919
vn 0.1181 0.97282 0.1992
vn 0.95149 -0.2345 0.1992
vn -0.95149 -0.2345 0.1992
vn -0.1181 0.97282 0.1992
vn 0.9598 -0.2366 0.151
vn -0.9598 -0.2366 0.151
vn -0.1192 0.98132 0.151
vn 0.98853 0 0.15101
vn -0.8753 -0.4594 0.151
vn -0.3505 0.92431 0.151
vn 0.9598 0.2366 0.151
vn -0.73992 -0.65552 0.15101
vn 0.1192 -0.98132 0.151
vn -0.56156 0.81354 0.15099
vn 0.8753 0.4594 0.151
vn -0.56156 -0.81354 0.15099
vn 0.3505 -0.92431 0.151
vn -0.73992 0.65552 0.15101
vn 0.73992 0.65552 0.15101
vn -0.3505 -0.92431 0.151
vn 0.56156 -0.81354 0.15099
vn -0.8753 0.4594 0.151
vn 0.56156 0.81354 0.15099
vn -0.1192 -0.98132 0.151
vn 0.73992 -0.65552 0.15101
vn -0.9598 0.2366 0.151
vn 0.3505 0.92431 0.151
vn 0.8753 -0.4594 0.151
vn -0.98853 0 0.15101
vn 0.1192 0.98132 0.151
vn 0.1181 -0.97282 0.1992
vn -0.0185 0.152 0.98821
vn -0.0543 0.1432 0.9882
vn -0.087 0.126 0.98821
vn -0.1146 0.1016 0.9882
vn -0.1356 0.0712 0.9882
vn -0.1487 0.0367 0.9882
vn -0.1532 0 0.9882
vn -0.1487 -0.0367 0.9882
vn -0.1356 -0.0712 0.9882
vn -0.1146 -0.1016 0.9882
vn -0.087 -0.126 0.98821
vn -0.0543 -0.1432 0.9882
vn -0.0185 -0.152 0.98821
vn 0.0185 -0.152 0.98821
vn 0.0543 -0.1432 0.9882
vn 0.087 -0.126 0.98821
vn 0.1146 -0.1016 0.9882
vn 0.1356 -0.0712 0.9882
vn 0.1487 -0.0367 0.9882
vn 0.1532 0 0.9882
vn 0.1487 0.0367 0.9882
vn 0.1356 0.0712 0.9882
vn 0.1146 0.1016 0.9882
vn 0.087 0.126 0.98821
vn 0.0543 0.1432 0.9882
vn 0.0185 0.152 0.98821
vn -0.95412 -0.2352 -0.1853
vn 0.73554 0.65164 -0.18531
vn -0.1185 0.97551 -0.1853
vn -0.1184 0.97552 -0.1853
vn 0.55822 -0.80873 -0.18531
vn -0.87011 -0.4567 -0.1853
vn 0.55822 0.80873 -0.18531
vn -0.3485 0.91881 -0.1853
vn 0.73554 -0.65164 -0.18531
vn -0.73554 -0.65164 -0.18531
vn 0.3485 0.91881 -0.1853
vn -0.55822 0.80873 -0.18531
vn 0.87011 -0.4567 -0.1853
vn -0.55822 -0.80873 -0.18531
vn 0.1184 0.97552 -0.1853
vn -0.73554 0.65164 -0.18531
vn 0.95412 -0.2352 -0.1853
vn -0.3485 -0.91881 -0.1853
vn -0.87011 0.4567 -0.1853
vn 0.98268 0 -0.1853
vn -0.1184 -0.97552 -0.1853
vn -0.95412 0.2352 -0.1853
vn 0.95412 0.2352 -0.1853
vn 0.1185 -0.97551 -0.1853
vn 0.1184 -0.97552 -0.1853
vn -0.98268 0 -0.1853
vn 0.87011 0.4567 -0.1853
vn 0 0 -1
vn 0 0 1
vt 0.26878 0.38787
vt 0.26963 0.38057
vt 0.26763 0.38057
vt 0.2671 0.38787
vt 0.2601 0.38957
vt 0.25877 0.38957
vt 0.2584 0.38787
vt 0.25982 0.38787
vt 0.26774 0.38957
vt 0.26607 0.38957
vt 0.26619 0.38787
vt 0.26796 0.38787
vt 0.26087 0.38957
vt 0.2594 0.38957
vt 0.25907 0.38787
vt 0.26064 0.38787
vt 0.26168 0.38957
vt 0.26151 0.38787
vt 0.2643 0.38957
vt 0.2643 0.38787
vt 0.26983 0.38957
vt 0.2685 0.38957
vt 0.2702 0.38787
vt 0.26341 0.38957
vt 0.26335 0.38787
vt 0.26253 0.38957
vt 0.26241 0.38787
vt 0.26692 0.38957
vt 0.26519 0.38957
vt 0.26525 0.38787
vt 0.2692 0.38957
vt 0.26953 0.38787
vt 0.26317 0.38057
vt 0.26543 0.38057
vt 0.26866 0.38057
vt 0.26655 0.38057
vt 0.26097 0.38057
vt 0.27132 0.38057
vt 0.27052 0.38057
vt 0.25897 0.38057
vt 0.25994 0.38057
vt 0.26206 0.38057
vt 0.25728 0.38057
vt 0.25808 0.38057
vt 0.2643 0.38057
vt 0.26555 0.37438
vt 0.26797 0.37438
vt 0.26677 0.37438
vt 0.2643 0.37438
vt 0.26305 0.37438
vt 0.27017 0.37438
vt 0.2691 0.37438
vt 0.26063 0.37438
vt 0.27204 0.37438
vt 0.26183 0.37438
vt 0.27116 0.37438
vt 0.25843 0.37438
vt 0.2595 0.37438
vt 0.25656 0.37438
vt 0.25745 0.37438
vt 0.26604 0.38942
vt 0.26768 0.38942
vt 0.26867 0.38782
vt 0.26703 0.38782
vt 0.26756 0.38054
vt 0.26952 0.38054
vt 0.26017 0.38942
vt 0.25993 0.38782
vt 0.25854 0.38782
vt 0.25886 0.38942
vt 0.26787 0.38782
vt 0.26614 0.38782
vt 0.26092 0.38942
vt 0.26073 0.38782
vt 0.2592 0.38782
vt 0.25948 0.38942
vt 0.26157 0.38782
vt 0.26172 0.38942
vt 0.2643 0.38782
vt 0.2643 0.38942
vt 0.26974 0.38942
vt 0.27006 0.38782
vt 0.26843 0.38942
vt 0.26337 0.38782
vt 0.26342 0.38942
vt 0.26246 0.38782
vt 0.26256 0.38942
vt 0.26688 0.38942
vt 0.26523 0.38782
vt 0.26518 0.38942
vt 0.2694 0.38782
vt 0.26912 0.38942
vt 0.26541 0.38054
vt 0.26319 0.38054
vt 0.2665 0.38054
vt 0.26857 0.38054
vt 0.26104 0.38054
vt 0.27118 0.38054
vt 0.27039 0.38054
vt 0.25908 0.38054
vt 0.2621 0.38054
vt 0.26003 0.38054
vt 0.25742 0.38054
vt 0.25821 0.38054
vt 0.2643 0.38054
vt 0.2679 0.37435
vt 0.26552 0.37435
vt 0.2643 0.37435
vt 0.26673 0.37435
vt 0.26308 0.37435
vt 0.27006 0.37435
vt 0.26901 0.37435
vt 0.2607 0.37435
vt 0.27189 0.37435
vt 0.26187 0.37435
vt 0.27103 0.37435
vt 0.25854 0.37435
vt 0.25959 0.37435
vt 0.25671 0.37435
vt 0.25757 0.37435
vt 0.2643 0.3792
vt 0.26183 0.3795
vt 0.26187 0.37969
vt 0.2643 0.37939
vt 0.2595 0.38038
vt 0.25959 0.38055
vt 0.25745 0.38179
vt 0.25757 0.38193
vt 0.25579 0.38365
vt 0.25595 0.38376
vt 0.25463 0.38584
vt 0.25482 0.38591
vt 0.25404 0.38825
vt 0.25423 0.38828
vt 0.25404 0.39074
vt 0.25423 0.39071
vt 0.25463 0.39315
vt 0.25482 0.39308
vt 0.25579 0.39534
vt 0.25595 0.39523
vt 0.25745 0.3972
vt 0.25757 0.39706
vt 0.2595 0.39861
vt 0.25959 0.39844
vt 0.26183 0.39949
vt 0.26187 0.3993
vt 0.2643 0.39979
vt 0.2643 0.3996
vt 0.26677 0.39949
vt 0.26673 0.3993
vt 0.2691 0.39861
vt 0.26901 0.39844
vt 0.27116 0.3972
vt 0.27103 0.39706
vt 0.27281 0.39534
vt 0.27265 0.39523
vt 0.27397 0.39315
vt 0.27379 0.39308
vt 0.27456 0.39074
vt 0.27437 0.39071
vt 0.27456 0.38825
vt 0.27437 0.38828
vt 0.27397 0.38584
vt 0.27379 0.38591
vt 0.27281 0.38365
vt 0.27265 0.38376
vt 0.27116 0.38179
vt 0.27103 0.38193
vt 0.2691 0.38038
vt 0.26901 0.38055
vt 0.26677 0.3795
vt 0.26673 0.37969
vt 0.25739 0.38689
vt 0.25696 0.39038
vt 0.25696 0.38861
vt 0.25739 0.39211
vt 0.25822 0.38531
vt 0.25822 0.39368
vt 0.2594 0.38399
vt 0.2594 0.395
vt 0.26087 0.38298
vt 0.26087 0.39601
vt 0.26253 0.38235
vt 0.26253 0.39664
vt 0.2643 0.38213
vt 0.2643 0.39686
vt 0.26607 0.38235
vt 0.26607 0.39664
vt 0.26774 0.38298
vt 0.26774 0.39601
vt 0.2692 0.38399
vt 0.2692 0.395
vt 0.27038 0.38531
vt 0.27038 0.39368
vt 0.27121 0.38689
vt 0.27121 0.39211
vt 0.27164 0.38861
vt 0.27164 0.39038
vt 0.92219 0.49379
vt 0.92177 0.49035
vt 0.92177 0.4921
vt 0.92219 0.48866
vt 0.923 0.49533
vt 0.923 0.48711
vt 0.92416 0.49664
vt 0.92416 0.48581
vt 0.9256 0.49763
vt 0.9256 0.48482
vt 0.92724 0.49825
vt 0.92724 0.4842
vt 0.92898 0.49846
vt 0.92898 0.48399
vt 0.93072 0.49825
vt 0.93072 0.4842
vt 0.93236 0.49763
vt 0.93236 0.48482
vt 0.9338 0.49664
vt 0.9338 0.48581
vt 0.93496 0.49533
vt 0.93496 0.48711
vt 0.93577 0.49379
vt 0.93577 0.48866
vt 0.93619 0.4921
vt 0.93619 0.49035
usemtl mat2
f 1489/984/1090 1490/985/1090 1491/986/1090
f 1489/984/1090 1491/986/1090 1492/987/1090
f 1493/988/1091 1494/989/1091 1495/990/1091
f 1493/988/1091 1495/990/1091 1496/991/1091
f 1497/992/1092 1498/993/1092 1499/994/1092
f 1497/992/1092 1499/994/1092 1500/995/1092
f 1501/996/1093 1502/997/1093 1503/998/1093
f 1501/996/1093 1503/998/1093 1504/999/1093
f 1505/988/1094 1506/1000/1094 1507/1001/1094
f 1505/988/1094 1507/1001/1094 1508/991/1094
f 1509/997/1095 1510/996/1095 1511/999/1095
f 1509/997/1095 1511/999/1095 1512/998/1095
f 1498/993/1096 1513/1002/1096 1514/1003/1096
f 1498/993/1096 1514/1003/1096 1499/994/1096
f 1515/1004/1097 1516/1005/1097 1517/984/1097
f 1515/1004/1097 1517/984/1097 1518/1006/1097
f 1506/1000/1098 1519/1007/1098 1520/1008/1098
f 1506/1000/1098 1520/1008/1098 1507/1001/1098
f 1510/996/1099 1521/1009/1099 1522/1010/1099
f 1510/996/1099 1522/1010/1099 1511/999/1099
f 1516/1005/1100 1523/1011/1100 1524/987/1100
f 1516/1005/1100 1524/987/1100 1517/984/1100
f 1519/1007/1101 1525/1012/1101 1526/1013/1101
f 1519/1007/1101 1526/1013/1101 1520/1008/1101
f 1521/1009/1102 1527/1002/1102 1528/1003/1102
f 1521/1009/1102 1528/1003/1102 1522/1010/1102
f 1523/1011/1103 1529/1012/1103 1530/1013/1103
f 1523/1011/1103 1530/1013/1103 1524/987/1103
f 1525/1012/1104 1531/1011/1104 1492/987/1104
f 1525/1012/1104 1492/987/1104 1526/1013/1104
f 1527/1002/1105 1532/993/1105 1533/994/1105
f 1527/1002/1105 1533/994/1105 1528/1003/1105
f 1529/1012/1106 1534/1007/1106 1535/1008/1106
f 1529/1012/1106 1535/1008/1106 1530/1013/1106
f 1531/1011/1107 1536/1005/1107 1489/984/1107
f 1531/1011/1107 1489/984/1107 1492/987/1107
f 1532/993/1108 1537/992/1108 1538/995/1108
f 1532/993/1108 1538/995/1108 1533/994/1108
f 1534/1007/1109 1539/1000/1109 1540/1001/1109
f 1534/1007/1109 1540/1001/1109 1535/1008/1109
f 1536/1005/1110 1541/1004/1110 1542/1006/1110
f 1536/1005/1110 1542/1006/1110 1489/984/1110
f 1513/1002/1111 1543/1009/1111 1544/1010/1111
f 1513/1002/1111 1544/1010/1111 1514/1003/1111
f 1537/992/1112 1545/1014/1112 1546/1015/1112
f 1537/992/1112 1546/1015/1112 1538/995/1112
f 1539/1000/1113 1493/988/1113 1496/991/1113
f 1539/1000/1113 1496/991/1113 1540/1001/1113
f 1547/1014/1114 1497/992/1114 1500/995/1114
f 1547/1014/1114 1500/995/1114 1548/1015/1114
f 1543/1009/1115 1501/996/1115 1504/999/1115
f 1543/1009/1115 1504/999/1115 1544/1010/1115
f 1549/989/1116 1505/988/1116 1508/991/1116
f 1549/989/1116 1508/991/1116 1550/990/1116
f 1535/1008/1117 1551/1016/1117 1552/1017/1117
f 1535/1008/1117 1552/1017/1117 1530/1013/1117
f 1538/995/1118 1553/1018/1118 1554/1019/1118
f 1538/995/1118 1554/1019/1118 1533/994/1118
f 1540/1001/1119 1555/1020/1119 1551/1016/1119
f 1540/1001/1119 1551/1016/1119 1535/1008/1119
f 1542/1006/1120 1556/1021/1120 1490/985/1120
f 1542/1006/1120 1490/985/1120 1489/984/1120
f 1546/1015/1121 1557/1022/1121 1553/1018/1121
f 1546/1015/1121 1553/1018/1121 1538/995/1121
f 1496/991/1122 1558/1023/1122 1555/1020/1122
f 1496/991/1122 1555/1020/1122 1540/1001/1122
f 1500/995/1123 1559/1018/1123 1560/1022/1123
f 1500/995/1123 1560/1022/1123 1548/1015/1123
f 1504/999/1124 1561/1024/1124 1562/1025/1124
f 1504/999/1124 1562/1025/1124 1544/1010/1124
f 1508/991/1125 1563/1023/1125 1564/1026/1125
f 1508/991/1125 1564/1026/1125 1550/990/1125
f 1495/990/1126 1565/1026/1126 1558/1023/1126
f 1495/990/1126 1558/1023/1126 1496/991/1126
f 1499/994/1127 1566/1019/1127 1559/1018/1127
f 1499/994/1127 1559/1018/1127 1500/995/1127
f 1503/998/1128 1567/1027/1128 1561/1024/1128
f 1503/998/1128 1561/1024/1128 1504/999/1128
f 1507/1001/1129 1568/1020/1129 1563/1023/1129
f 1507/1001/1129 1563/1023/1129 1508/991/1129
f 1511/999/1130 1569/1024/1130 1570/1027/1130
f 1511/999/1130 1570/1027/1130 1512/998/1130
f 1514/1003/1131 1571/1028/1131 1566/1019/1131
f 1514/1003/1131 1566/1019/1131 1499/994/1131
f 1517/984/1132 1572/985/1132 1573/1021/1132
f 1517/984/1132 1573/1021/1132 1518/1006/1132
f 1520/1008/1133 1574/1016/1133 1568/1020/1133
f 1520/1008/1133 1568/1020/1133 1507/1001/1133
f 1522/1010/1134 1575/1025/1134 1569/1024/1134
f 1522/1010/1134 1569/1024/1134 1511/999/1134
f 1524/987/1135 1576/986/1135 1572/985/1135
f 1524/987/1135 1572/985/1135 1517/984/1135
f 1526/1013/1136 1577/1017/1136 1574/1016/1136
f 1526/1013/1136 1574/1016/1136 1520/1008/1136
f 1528/1003/1137 1578/1028/1137 1575/1025/1137
f 1528/1003/1137 1575/1025/1137 1522/1010/1137
f 1524/987/1138 1530/1013/1138 1552/1017/1138
f 1524/987/1138 1552/1017/1138 1576/986/1138
f 1492/987/1139 1491/986/1139 1577/1017/1139
f 1492/987/1139 1577/1017/1139 1526/1013/1139
f 1533/994/1140 1554/1019/1140 1578/1028/1140
f 1533/994/1140 1578/1028/1140 1528/1003/1140
f 1576/986/1141 1552/1017/1141 1579/1029/1141
f 1576/986/1141 1579/1029/1141 1580/1030/1141
f 1577/1017/1142 1491/986/1142 1581/1030/1142
f 1577/1017/1142 1581/1030/1142 1582/1029/1142
f 1578/1028/1143 1554/1019/1143 1583/1031/1143
f 1578/1028/1143 1583/1031/1143 1584/1032/1143
f 1552/1017/1144 1551/1016/1144 1585/1033/1144
f 1552/1017/1144 1585/1033/1144 1579/1029/1144
f 1491/986/1145 1490/985/1145 1586/1034/1145
f 1491/986/1145 1586/1034/1145 1581/1030/1145
f 1554/1019/1146 1553/1018/1146 1587/1035/1146
f 1554/1019/1146 1587/1035/1146 1583/1031/1146
f 1551/1016/1147 1555/1020/1147 1588/1036/1147
f 1551/1016/1147 1588/1036/1147 1585/1033/1147
f 1490/985/1148 1556/1021/1148 1589/1037/1148
f 1490/985/1148 1589/1037/1148 1586/1034/1148
f 1571/1028/1149 1562/1025/1149 1590/1038/1149
f 1571/1028/1149 1590/1038/1149 1591/1032/1149
f 1553/1018/1150 1557/1022/1150 1592/1039/1150
f 1553/1018/1150 1592/1039/1150 1587/1035/1150
f 1555/1020/1151 1558/1023/1151 1593/1040/1151
f 1555/1020/1151 1593/1040/1151 1588/1036/1151
f 1560/1022/1152 1559/1018/1152 1594/1035/1152
f 1560/1022/1152 1594/1035/1152 1595/1039/1152
f 1562/1025/1153 1561/1024/1153 1596/1041/1153
f 1562/1025/1153 1596/1041/1153 1590/1038/1153
f 1564/1026/1154 1563/1023/1154 1597/1040/1154
f 1564/1026/1154 1597/1040/1154 1598/1042/1154
f 1558/1023/1155 1565/1026/1155 1599/1042/1155
f 1558/1023/1155 1599/1042/1155 1593/1040/1155
f 1559/1018/1156 1566/1019/1156 1600/1031/1156
f 1559/1018/1156 1600/1031/1156 1594/1035/1156
f 1561/1024/1157 1567/1027/1157 1601/1043/1157
f 1561/1024/1157 1601/1043/1157 1596/1041/1157
f 1563/1023/1158 1568/1020/1158 1602/1036/1158
f 1563/1023/1158 1602/1036/1158 1597/1040/1158
f 1570/1027/1159 1569/1024/1159 1603/1041/1159
f 1570/1027/1159 1603/1041/1159 1604/1043/1159
f 1566/1019/1160 1571/1028/1160 1591/1032/1160
f 1566/1019/1160 1591/1032/1160 1600/1031/1160
f 1573/1021/1161 1572/985/1161 1605/1034/1161
f 1573/1021/1161 1605/1034/1161 1606/1037/1161
f 1568/1020/1162 1574/1016/1162 1607/1033/1162
f 1568/1020/1162 1607/1033/1162 1602/1036/1162
f 1569/1024/1163 1575/1025/1163 1608/1038/1163
f 1569/1024/1163 1608/1038/1163 1603/1041/1163
f 1572/985/1164 1576/986/1164 1580/1030/1164
f 1572/985/1164 1580/1030/1164 1605/1034/1164
f 1574/1016/1165 1577/1017/1165 1582/1029/1165
f 1574/1016/1165 1582/1029/1165 1607/1033/1165
f 1575/1025/1166 1578/1028/1166 1584/1032/1166
f 1575/1025/1166 1584/1032/1166 1608/1038/1166
f 1544/1010/1167 1562/1025/1167 1571/1028/1167
f 1544/1010/1167 1571/1028/1167 1514/1003/1167
f 1609/1044/1168 1610/1045/1168 1611/1045/1168
f 1609/1044/1168 1611/1045/1168 1612/1044/1168
f 1613/1046/1169 1614/1047/1169 1615/1048/1169
f 1613/1046/1169 1615/1048/1169 1616/1049/1169
f 1617/1050/1170 1618/1051/1170 1619/1052/1170
f 1617/1050/1170 1619/1052/1170 1620/1053/1170
f 1621/1045/1171 1622/1054/1171 1623/1055/1171
f 1621/1045/1171 1623/1055/1171 1624/1044/1171
f 1625/1056/1172 1626/1057/1172 1627/1058/1172
f 1625/1056/1172 1627/1058/1172 1628/1059/1172
f 1629/1050/1173 1630/1051/1173 1631/1060/1173
f 1629/1050/1173 1631/1060/1173 1632/1061/1173
f 1633/1059/1174 1634/1058/1174 1635/1057/1174
f 1633/1059/1174 1635/1057/1174 1636/1056/1174
f 1624/1044/1175 1623/1055/1175 1637/1062/1175
f 1624/1044/1175 1637/1062/1175 1638/1063/1175
f 1639/1064/1176 1640/1065/1176 1641/1046/1176
f 1639/1064/1176 1641/1046/1176 1642/1066/1176
f 1632/1061/1177 1631/1060/1177 1643/1067/1177
f 1632/1061/1177 1643/1067/1177 1644/1068/1177
f 1636/1056/1178 1635/1057/1178 1645/1069/1178
f 1636/1056/1178 1645/1069/1178 1646/1070/1178
f 1642/1066/1179 1641/1046/1179 1647/1047/1179
f 1642/1066/1179 1647/1047/1179 1648/1071/1179
f 1644/1068/1180 1643/1067/1180 1649/1072/1180
f 1644/1068/1180 1649/1072/1180 1650/1073/1180
f 1646/1070/1181 1645/1069/1181 1651/1062/1181
f 1646/1070/1181 1651/1062/1181 1652/1063/1181
f 1648/1071/1182 1647/1047/1182 1653/1072/1182
f 1648/1071/1182 1653/1072/1182 1654/1073/1182
f 1650/1073/1183 1649/1072/1183 1614/1047/1183
f 1650/1073/1183 1614/1047/1183 1655/1071/1183
f 1652/1063/1184 1651/1062/1184 1656/1055/1184
f 1652/1063/1184 1656/1055/1184 1609/1044/1184
f 1654/1073/1185 1653/1072/1185 1657/1067/1185
f 1654/1073/1185 1657/1067/1185 1658/1068/1185
f 1655/1071/1186 1614/1047/1186 1613/1046/1186
f 1655/1071/1186 1613/1046/1186 1659/1066/1186
f 1609/1044/1187 1656/1055/1187 1660/1054/1187
f 1609/1044/1187 1660/1054/1187 1610/1045/1187
f 1658/1068/1188 1657/1067/1188 1661/1060/1188
f 1658/1068/1188 1661/1060/1188 1662/1061/1188
f 1659/1066/1189 1613/1046/1189 1663/1065/1189
f 1659/1066/1189 1663/1065/1189 1664/1064/1189
f 1638/1063/1190 1637/1062/1190 1665/1069/1190
f 1638/1063/1190 1665/1069/1190 1666/1070/1190
f 1610/1045/1191 1660/1054/1191 1667/1074/1191
f 1610/1045/1191 1667/1074/1191 1668/1075/1191
f 1662/1061/1192 1661/1060/1192 1618/1051/1192
f 1662/1061/1192 1618/1051/1192 1617/1050/1192
f 1669/1075/1193 1670/1074/1193 1622/1054/1193
f 1669/1075/1193 1622/1054/1193 1621/1045/1193
f 1666/1070/1194 1665/1069/1194 1626/1057/1194
f 1666/1070/1194 1626/1057/1194 1625/1056/1194
f 1671/1053/1195 1672/1052/1195 1630/1051/1195
f 1671/1053/1195 1630/1051/1195 1629/1050/1195
f 1657/1067/1196 1653/1072/1196 1673/1076/1196
f 1657/1067/1196 1673/1076/1196 1674/1077/1196
f 1660/1054/1197 1656/1055/1197 1675/1078/1197
f 1660/1054/1197 1675/1078/1197 1676/1079/1197
f 1661/1060/1198 1657/1067/1198 1674/1077/1198
f 1661/1060/1198 1674/1077/1198 1677/1080/1198
f 1663/1065/1199 1613/1046/1199 1616/1049/1199
f 1663/1065/1199 1616/1049/1199 1678/1081/1199
f 1667/1074/1200 1660/1054/1200 1676/1079/1200
f 1667/1074/1200 1676/1079/1200 1679/1082/1200
f 1618/1051/1201 1661/1060/1201 1677/1080/1201
f 1618/1051/1201 1677/1080/1201 1680/1083/1201
f 1622/1054/1202 1670/1074/1202 1681/1082/1202
f 1622/1054/1202 1681/1082/1202 1682/1079/1202
f 1626/1057/1203 1665/1069/1203 1683/1084/1203
f 1626/1057/1203 1683/1084/1203 1684/1085/1203
f 1630/1051/1204 1672/1052/1204 1685/1086/1204
f 1630/1051/1204 1685/1086/1204 1686/1083/1204
f 1619/1052/1205 1618/1051/1205 1680/1083/1205
f 1619/1052/1205 1680/1083/1205 1687/1086/1205
f 1623/1055/1206 1622/1054/1206 1682/1079/1206
f 1623/1055/1206 1682/1079/1206 1688/1078/1206
f 1627/1058/1207 1626/1057/1207 1684/1085/1207
f 1627/1058/1207 1684/1085/1207 1689/1087/1207
f 1631/1060/1208 1630/1051/1208 1686/1083/1208
f 1631/1060/1208 1686/1083/1208 1690/1080/1208
f 1635/1057/1209 1634/1058/1209 1691/1087/1209
f 1635/1057/1209 1691/1087/1209 1692/1085/1209
f 1637/1062/1210 1623/1055/1210 1688/1078/1210
f 1637/1062/1210 1688/1078/1210 1693/1088/1210
f 1641/1046/1211 1640/1065/1211 1694/1081/1211
f 1641/1046/1211 1694/1081/1211 1695/1049/1211
f 1643/1067/1212 1631/1060/1212 1690/1080/1212
f 1643/1067/1212 1690/1080/1212 1696/1077/1212
f 1645/1069/1213 1635/1057/1213 1692/1085/1213
f 1645/1069/1213 1692/1085/1213 1697/1084/1213
f 1647/1047/1214 1641/1046/1214 1695/1049/1214
f 1647/1047/1214 1695/1049/1214 1698/1048/1214
f 1649/1072/1215 1643/1067/1215 1696/1077/1215
f 1649/1072/1215 1696/1077/1215 1699/1076/1215
f 1651/1062/1216 1645/1069/1216 1697/1084/1216
f 1651/1062/1216 1697/1084/1216 1700/1088/1216
f 1647/1047/1217 1698/1048/1217 1673/1076/1217
f 1647/1047/1217 1673/1076/1217 1653/1072/1217
f 1614/1047/1218 1649/1072/1218 1699/1076/1218
f 1614/1047/1218 1699/1076/1218 1615/1048/1218
f 1656/1055/1219 1651/1062/1219 1700/1088/1219
f 1656/1055/1219 1700/1088/1219 1675/1078/1219
f 1698/1048/1220 1701/1089/1220 1702/1090/1220
f 1698/1048/1220 1702/1090/1220 1673/1076/1220
f 1699/1076/1221 1703/1090/1221 1704/1089/1221
f 1699/1076/1221 1704/1089/1221 1615/1048/1221
f 1700/1088/1222 1705/1091/1222 1706/1092/1222
f 1700/1088/1222 1706/1092/1222 1675/1078/1222
f 1673/1076/1223 1702/1090/1223 1707/1093/1223
f 1673/1076/1223 1707/1093/1223 1674/1077/1223
f 1615/1048/1224 1704/1089/1224 1708/1094/1224
f 1615/1048/1224 1708/1094/1224 1616/1049/1224
f 1675/1078/1225 1706/1092/1225 1709/1095/1225
f 1675/1078/1225 1709/1095/1225 1676/1079/1225
f 1674/1077/1226 1707/1093/1226 1710/1096/1226
f 1674/1077/1226 1710/1096/1226 1677/1080/1226
f 1616/1049/1227 1708/1094/1227 1711/1097/1227
f 1616/1049/1227 1711/1097/1227 1678/1081/1227
f 1693/1088/1228 1712/1091/1228 1713/1098/1228
f 1693/1088/1228 1713/1098/1228 1683/1084/1228
f 1676/1079/1229 1709/1095/1229 1714/1099/1229
f 1676/1079/1229 1714/1099/1229 1679/1082/1229
f 1677/1080/1230 1710/1096/1230 1715/1100/1230
f 1677/1080/1230 1715/1100/1230 1680/1083/1230
f 1681/1082/1231 1716/1099/1231 1717/1095/1231
f 1681/1082/1231 1717/1095/1231 1682/1079/1231
f 1683/1084/1232 1713/1098/1232 1718/1101/1232
f 1683/1084/1232 1718/1101/1232 1684/1085/1232
f 1685/1086/1233 1719/1102/1233 1720/1100/1233
f 1685/1086/1233 1720/1100/1233 1686/1083/1233
f 1680/1083/1234 1715/1100/1234 1721/1102/1234
f 1680/1083/1234 1721/1102/1234 1687/1086/1234
f 1682/1079/1235 1717/1095/1235 1722/1092/1235
f 1682/1079/1235 1722/1092/1235 1688/1078/1235
f 1684/1085/1236 1718/1101/1236 1723/1103/1236
f 1684/1085/1236 1723/1103/1236 1689/1087/1236
f 1686/1083/1237 1720/1100/1237 1724/1096/1237
f 1686/1083/1237 1724/1096/1237 1690/1080/1237
f 1691/1087/1238 1725/1103/1238 1726/1101/1238
f 1691/1087/1238 1726/1101/1238 1692/1085/1238
f 1688/1078/1239 1722/1092/1239 1712/1091/1239
f 1688/1078/1239 1712/1091/1239 1693/1088/1239
f 1694/1081/1240 1727/1097/1240 1728/1094/1240
f 1694/1081/1240 1728/1094/1240 1695/1049/1240
f 1690/1080/1241 1724/1096/1241 1729/1093/1241
f 1690/1080/1241 1729/1093/1241 1696/1077/1241
f 1692/1085/1242 1726/1101/1242 1730/1098/1242
f 1692/1085/1242 1730/1098/1242 1697/1084/1242
f 1695/1049/1243 1728/1094/1243 1701/1089/1243
f 1695/1049/1243 1701/1089/1243 1698/1048/1243
f 1696/1077/1244 1729/1093/1244 1703/1090/1244
f 1696/1077/1244 1703/1090/1244 1699/1076/1244
f 1697/1084/1245 1730/1098/1245 1705/1091/1245
f 1697/1084/1245 1705/1091/1245 1700/1088/1245
f 1665/1069/1246 1637/1062/1246 1693/1088/1246
f 1665/1069/1246 1693/1088/1246 1683/1084/1246
f 1731/1104/1247 1732/1105/1247 1733/1106/1247
f 1731/1104/1247 1733/1106/1247 1734/1107/1247
f 1732/1105/1248 1735/1108/1248 1736/1109/1248
f 1732/1105/1248 1736/1109/1248 1733/1106/1248
f 1735/1108/1249 1737/1110/1249 1738/1111/1249
f 1735/1108/1249 1738/1111/1249 1736/1109/1249
f 1737/1110/1250 1739/1112/1250 1740/1113/1250
f 1737/1110/1250 1740/1113/1250 1738/1111/1250
f 1739/1112/1251 1741/1114/1251 1742/1115/1251
f 1739/1112/1251 1742/1115/1251 1740/1113/1251
f 1741/1114/1252 1743/1116/1252 1744/1117/1252
f 1741/1114/1252 1744/1117/1252 1742/1115/1252
f 1743/1116/1253 1745/1118/1253 1746/1119/1253
f 1743/1116/1253 1746/1119/1253 1744/1117/1253
f 1745/1118/1254 1747/1120/1254 1748/1121/1254
f 1745/1118/1254 1748/1121/1254 1746/1119/1254
f 1747/1120/1255 1749/1122/1255 1750/1123/1255
f 1747/1120/1255 1750/1123/1255 1748/1121/1255
f 1749/1122/1256 1751/1124/1256 1752/1125/1256
f 1749/1122/1256 1752/1125/1256 1750/1123/1256
f 1751/1124/1257 1753/1126/1257 1754/1127/1257
f 1751/1124/1257 1754/1127/1257 1752/1125/1257
f 1753/1126/1258 1755/1128/1258 1756/1129/1258
f 1753/1126/1258 1756/1129/1258 1754/1127/1258
f 1755/1128/1259 1757/1130/1259 1758/1131/1259
f 1755/1128/1259 1758/1131/1259 1756/1129/1259
f 1757/1130/1260 1759/1132/1260 1760/1133/1260
f 1757/1130/1260 1760/1133/1260 1758/1131/1260
f 1759/1132/1261 1761/1134/1261 1762/1135/1261
f 1759/1132/1261 1762/1135/1261 1760/1133/1261
f 1761/1134/1262 1763/1136/1262 1764/1137/1262
f 1761/1134/1262 1764/1137/1262 1762/1135/1262
f 1763/1136/1263 1765/1138/1263 1766/1139/1263
f 1763/1136/1263 1766/1139/1263 1764/1137/1263
f 1765/1138/1264 1767/1140/1264 1768/1141/1264
f 1765/1138/1264 1768/1141/1264 1766/1139/1264
f 1767/1140/1265 1769/1142/1265 1770/1143/1265
f 1767/1140/1265 1770/1143/1265 1768/1141/1265
f 1769/1142/1266 1771/1144/1266 1772/1145/1266
f 1769/1142/1266 1772/1145/1266 1770/1143/1266
f 1771/1144/1267 1773/1146/1267 1774/1147/1267
f 1771/1144/1267 1774/1147/1267 1772/1145/1267
f 1773/1146/1268 1775/1148/1268 1776/1149/1268
f 1773/1146/1268 1776/1149/1268 1774/1147/1268
f 1775/1148/1269 1777/1150/1269 1778/1151/1269
f 1775/1148/1269 1778/1151/1269 1776/1149/1269
f 1777/1150/1270 1779/1152/1270 1780/1153/1270
f 1777/1150/1270 1780/1153/1270 1778/1151/1270
f 1779/1152/1271 1781/1154/1271 1782/1155/1271
f 1779/1152/1271 1782/1155/1271 1780/1153/1271
f 1781/1154/1272 1731/1104/1272 1734/1107/1272
f 1781/1154/1272 1734/1107/1272 1782/1155/1272
f 1658/1068/1273 1662/1061/1273 1783/1061/1273
f 1658/1068/1273 1783/1061/1273 1784/1068/1273
f 1659/1066/1274 1664/1064/1274 1785/1064/1274
f 1659/1066/1274 1785/1064/1274 1786/1066/1274
f 1638/1063/1275 1666/1070/1275 1787/1070/1275
f 1638/1063/1276 1787/1070/1276 1788/1063/1276
f 1610/1045/1277 1668/1075/1277 1789/1075/1277
f 1610/1045/1277 1789/1075/1277 1611/1045/1277
f 1662/1061/1278 1617/1050/1278 1790/1050/1278
f 1662/1061/1278 1790/1050/1278 1783/1061/1278
f 1669/1075/1279 1621/1045/1279 1791/1045/1279
f 1669/1075/1279 1791/1045/1279 1792/1075/1279
f 1666/1070/1280 1625/1056/1280 1793/1056/1280
f 1666/1070/1280 1793/1056/1280 1787/1070/1280
f 1671/1053/1281 1629/1050/1281 1794/1050/1281
f 1671/1053/1281 1794/1050/1281 1795/1053/1281
f 1617/1050/1282 1620/1053/1282 1796/1053/1282
f 1617/1050/1282 1796/1053/1282 1790/1050/1282
f 1621/1045/1283 1624/1044/1283 1797/1044/1283
f 1621/1045/1283 1797/1044/1283 1791/1045/1283
f 1625/1056/1284 1628/1059/1284 1798/1059/1284
f 1625/1056/1284 1798/1059/1284 1793/1056/1284
f 1629/1050/1285 1632/1061/1285 1799/1061/1285
f 1629/1050/1285 1799/1061/1285 1794/1050/1285
f 1633/1059/1286 1636/1056/1286 1800/1056/1286
f 1633/1059/1286 1800/1056/1286 1801/1059/1286
f 1624/1044/1287 1638/1063/1287 1788/1063/1287
f 1624/1044/1287 1788/1063/1287 1797/1044/1287
f 1639/1064/1288 1642/1066/1288 1802/1066/1288
f 1639/1064/1288 1802/1066/1288 1803/1064/1288
f 1632/1061/1289 1644/1068/1289 1804/1068/1289
f 1632/1061/1289 1804/1068/1289 1799/1061/1289
f 1636/1056/1290 1646/1070/1290 1805/1070/1290
f 1636/1056/1290 1805/1070/1290 1800/1056/1290
f 1642/1066/1291 1648/1071/1291 1806/1071/1291
f 1642/1066/1291 1806/1071/1291 1802/1066/1291
f 1644/1068/1292 1650/1073/1292 1807/1073/1292
f 1644/1068/1292 1807/1073/1292 1804/1068/1292
f 1646/1070/1293 1652/1063/1293 1808/1063/1293
f 1646/1070/1293 1808/1063/1293 1805/1070/1293
f 1648/1071/1294 1654/1073/1294 1809/1073/1294
f 1648/1071/1294 1809/1073/1294 1806/1071/1294
f 1650/1073/1295 1655/1071/1295 1810/1071/1295
f 1650/1073/1295 1810/1071/1295 1807/1073/1295
f 1652/1063/1296 1609/1044/1296 1612/1044/1296
f 1652/1063/1297 1612/1044/1297 1808/1063/1297
f 1654/1073/1298 1658/1068/1298 1784/1068/1298
f 1654/1073/1298 1784/1068/1298 1809/1073/1298
f 1655/1071/1299 1659/1066/1299 1786/1066/1299
f 1655/1071/1299 1786/1066/1299 1810/1071/1299
f 1811/1156/1300 1812/1157/1300 1813/1158/1300
f 1812/1157/1300 1811/1156/1300 1814/1159/1300
f 1814/1159/1300 1811/1156/1300 1815/1160/1300
f 1814/1159/1300 1815/1160/1300 1816/1161/1300
f 1816/1161/1300 1815/1160/1300 1817/1162/1300
f 1816/1161/1300 1817/1162/1300 1818/1163/1300
f 1818/1163/1300 1817/1162/1300 1819/1164/1300
f 1818/1163/1300 1819/1164/1300 1820/1165/1300
f 1820/1165/1300 1819/1164/1300 1821/1166/1300
f 1820/1165/1300 1821/1166/1300 1822/1167/1300
f 1822/1167/1300 1821/1166/1300 1823/1168/1300
f 1822/1167/1300 1823/1168/1300 1824/1169/1300
f 1824/1169/1300 1823/1168/1300 1825/1170/1300
f 1824/1169/1300 1825/1170/1300 1826/1171/1300
f 1826/1171/1300 1825/1170/1300 1827/1172/1300
f 1826/1171/1300 1827/1172/1300 1828/1173/1300
f 1828/1173/1300 1827/1172/1300 1829/1174/1300
f 1828/1173/1300 1829/1174/1300 1830/1175/1300
f 1830/1175/1300 1829/1174/1300 1831/1176/1300
f 1830/1175/1300 1831/1176/1300 1832/1177/1300
f 1832/1177/1300 1831/1176/1300 1833/1178/1300
f 1832/1177/1300 1833/1178/1300 1834/1179/1300
f 1834/1179/1300 1833/1178/1300 1835/1180/1300
f 1834/1179/1300 1835/1180/1300 1836/1181/1300
f 1837/1182/1301 1838/1183/1301 1839/1184/1301
f 1838/1183/1301 1837/1182/1301 1840/1185/1301
f 1840/1185/1301 1837/1182/1301 1841/1186/1301
f 1840/1185/1301 1841/1186/1301 1842/1187/1301
f 1842/1187/1301 1841/1186/1301 1843/1188/1301
f 1842/1187/1301 1843/1188/1301 1844/1189/1301
f 1844/1189/1301 1843/1188/1301 1845/1190/1301
f 1844/1189/1301 1845/1190/1301 1846/1191/1301
f 1846/1191/1301 1845/1190/1301 1847/1192/1301
f 1846/1191/1301 1847/1192/1301 1848/1193/1301
f 1848/1193/1301 1847/1192/1301 1849/1194/1301
f 1848/1193/1301 1849/1194/1301 1850/1195/1301
f 1850/1195/1301 1849/1194/1301 1851/1196/1301
f 1850/1195/1301 1851/1196/1301 1852/1197/1301
f 1852/1197/1301 1851/1196/1301 1853/1198/1301
f 1852/1197/1301 1853/1198/1301 1854/1199/1301
f 1854/1199/1301 1853/1198/1301 1855/1200/1301
f 1854/1199/1301 1855/1200/1301 1856/1201/1301
f 1856/1201/1301 1855/1200/1301 1857/1202/1301
f 1856/1201/1301 1857/1202/1301 1858/1203/1301
f 1858/1203/1301 1857/1202/1301 1859/1204/1301
f 1858/1203/1301 1859/1204/1301 1860/1205/1301
f 1860/1205/1301 1859/1204/1301 1861/1206/1301
f 1860/1205/1301 1861/1206/1301 1862/1207/1301
# Vertices: 374, normals: 212, texture coordinates: 224, faces: 464

o obj4
v -2.1020768 -0.09926752 4.56425927
v -2.10128471 -0.09761158 4.57627112
v -2.10984739 -0.09860481 4.56346489
v -2.10387863 -0.0899251 4.58629496
v -2.10128471 -0.09761158 4.57627112
v -2.09705193 -0.08890674 4.58653512
v -2.1098476 -0.09600512 4.55286178
v -2.10128488 -0.09340531 4.55911519
v -2.09599284 -0.09439813 4.57358288
v -2.10405779 -0.07902852 4.5930246
v -2.11844645 -0.0916149 4.56450754
v -2.11090653 -0.09311348 4.57641712
v -2.1211833 -0.08262166 4.57396485
v -2.11844674 -0.08719201 4.54646843
v -2.11946945 -0.09150702 4.55300762
v -2.12647553 -0.07902915 4.54889387
v -2.10387893 -0.0827689 4.55710733
v -2.11090691 -0.08630749 4.54865791
v -2.1126209 -0.07321577 4.55245896
v -2.09487549 -0.08445802 4.58172142
v -2.09705206 -0.08470047 4.56937914
v -2.09876598 -0.07321538 4.57973323
v -2.11262053 -0.08162844 4.58677126
v -2.12647545 -0.08162883 4.55949699
v -2.12118364 -0.07581569 4.54620563
v -2.10405813 -0.07222255 4.56526537
v -2.09487549 -0.08445802 4.58172142
v -2.09876598 -0.07321538 4.57973323
v -2.0987659 -0.07581506 4.59033635
v -2.1213625 -0.07207531 4.58212289
v -2.11433451 -0.06853671 4.59057231
v -2.12395654 -0.0614389 4.58011503
v -2.13036594 -0.07038618 4.5575088
v -2.12818937 -0.07014373 4.56985108
v -2.1292486 -0.06044607 4.56564734
v -2.1213628 -0.06491911 4.55293526
v -2.1281895 -0.06593746 4.5526951
v -2.12395672 -0.05723262 4.5629591
v -2.10679498 -0.0632293 4.57472269
v -2.1143349 -0.06173072 4.5628131
v -2.11539404 -0.05623939 4.57576534
v -2.10679469 -0.06765219 4.59276179
v -2.10577198 -0.06333718 4.5862226
v -2.11539383 -0.05883908 4.58636845
v -2.11539383 -0.05883908 4.58636845
v -2.11539404 -0.05623939 4.57576534
v -2.12316463 -0.05557668 4.57497094
v -2.10577198 -0.06333718 4.5862226
v -2.10679498 -0.0632293 4.57472269
v -2.12395672 -0.05723262 4.5629591
v -2.1143349 -0.06173072 4.5628131
v -2.1213628 -0.06491911 4.55293526
v -2.1281895 -0.06593746 4.5526951
v -2.13036594 -0.07038618 4.5575088
v -2.1292486 -0.06044607 4.56564734
v -2.12818937 -0.07014373 4.56985108
v -2.1213625 -0.07207531 4.58212289
v -2.12395654 -0.0614389 4.58011503
v -2.11433451 -0.06853671 4.59057231
v -2.10577198 -0.06333718 4.5862226
v -2.1213628 -0.06491911 4.55293526
v -2.13036594 -0.07038618 4.5575088
v -2.11262053 -0.08162844 4.58677126
v -2.11433451 -0.06853671 4.59057231
v -2.1126209 -0.07321577 4.55245896
v -2.11090691 -0.08630749 4.54865791
v -2.12647545 -0.08162883 4.55949699
v -2.11946945 -0.09150702 4.55300762
v -2.10387863 -0.0899251 4.58629496
v -2.09705206 -0.08470047 4.56937914
v -2.09487549 -0.08445802 4.58172142
v -2.10128488 -0.09340531 4.55911519
v -2.11090691 -0.08630749 4.54865791
v -2.10387893 -0.0827689 4.55710733
v -2.1098476 -0.09600512 4.55286178
v -2.11946945 -0.09150702 4.55300762
v -2.11844645 -0.0916149 4.56450754
v -2.09599284 -0.09439813 4.57358288
v -2.09705193 -0.08890674 4.58653512
v -2.10984739 -0.09860481 4.56346489
v -2.11090653 -0.09311348 4.57641712
v -2.10387863 -0.0899251 4.58629496
v -2.07596976 -0.09450945 4.62133908
v -2.07517766 -0.09285352 4.63335092
v -2.08374035 -0.09384675 4.62054468
v -2.07777158 -0.08516704 4.64337476
v -2.07517766 -0.09285352 4.63335092
v -2.07094488 -0.08414868 4.64361492
v -2.08374056 -0.09124705 4.60994157
v -2.07517784 -0.08864724 4.61619499
v -2.06988578 -0.08964007 4.63066268
v -2.07795075 -0.07427045 4.6501044
v -2.0923394 -0.08685684 4.62158734
v -2.08479948 -0.08835541 4.63349692
v -2.09507626 -0.0778636 4.63104465
v -2.09233969 -0.08243395 4.60354823
v -2.0933624 -0.08674896 4.61008742
v -2.10036849 -0.07427108 4.60597367
v -2.07777189 -0.07801083 4.61418713
v -2.08479987 -0.08154943 4.60573771
v -2.08651385 -0.0684577 4.60953876
v -2.06876845 -0.07969995 4.63880122
v -2.07094501 -0.0799424 4.62645894
v -2.07265894 -0.06845731 4.63681304
v -2.08651349 -0.07687037 4.64385106
v -2.1003684 -0.07687076 4.61657679
v -2.09507659 -0.07105762 4.60328542
v -2.07795108 -0.06746448 4.62234517
v -2.06876845 -0.07969995 4.63880122
v -2.07265894 -0.06845731 4.63681304
v -2.07265885 -0.07105699 4.64741615
v -2.09525546 -0.06731725 4.63920268
v -2.08822747 -0.06377865 4.64765211
v -2.0978495 -0.05668084 4.63719483
v -2.10425889 -0.06562812 4.61458859
v -2.10208233 -0.06538567 4.62693088
v -2.10314155 -0.05568801 4.62272714
v -2.09525575 -0.06016104 4.61001506
v -2.10208245 -0.06117939 4.6097749
v -2.09784968 -0.05247456 4.6200389
v -2.08068794 -0.05847124 4.63180248
v -2.08822786 -0.05697266 4.6198929
v -2.08928699 -0.05148133 4.63284513
v -2.08068765 -0.06289413 4.64984158
v -2.07966494 -0.05857912 4.6433024
v -2.08928678 -0.05408102 4.64344824
v -2.08928678 -0.05408102 4.64344824
v -2.08928699 -0.05148133 4.63284513
v -2.09705759 -0.05081861 4.63205075
v -2.07966494 -0.05857912 4.6433024
v -2.08068794 -0.05847124 4.63180248
v -2.09784968 -0.05247456 4.6200389
v -2.08822786 -0.05697266 4.6198929
v -2.09525575 -0.06016104 4.61001506
v -2.10208245 -0.06117939 4.6097749
v -2.10425889 -0.06562812 4.61458859
v -2.10314155 -0.05568801 4.62272714
v -2.10208233 -0.06538567 4.62693088
v -2.09525546 -0.06731725 4.63920268
v -2.0978495 -0.05668084 4.63719483
v -2.08822747 -0.06377865 4.64765211
v -2.07966494 -0.05857912 4.6433024
v -2.09525575 -0.06016104 4.61001506
v -2.10425889 -0.06562812 4.61458859
v -2.08651349 -0.07687037 4.64385106
v -2.08822747 -0.06377865 4.64765211
v -2.08651385 -0.0684577 4.60953876
v -2.08479987 -0.08154943 4.60573771
v -2.1003684 -0.07687076 4.61657679
v -2.0933624 -0.08674896 4.61008742
v -2.07777158 -0.08516704 4.64337476
v -2.07094501 -0.0799424 4.62645894
v -2.06876845 -0.07969995 4.63880122
v -2.07517784 -0.08864724 4.61619499
v -2.08479987 -0.08154943 4.60573771
v -2.07777189 -0.07801083 4.61418713
v -2.08374056 -0.09124705 4.60994157
v -2.0933624 -0.08674896 4.61008742
v -2.0923394 -0.08685684 4.62158734
v -2.06988578 -0.08964007 4.63066268
v -2.07094488 -0.08414868 4.64361492
v -2.08374035 -0.09384675 4.62054468
v -2.08479948 -0.08835541 4.63349692
v -2.07777158 -0.08516704 4.64337476
v -2.0780155 -0.12146777 4.58508867
v -2.07722341 -0.11981183 4.59710051
v -2.08578609 -0.12080507 4.58429428
v -2.07981733 -0.11212535 4.60712435
v -2.07722341 -0.11981183 4.59710051
v -2.07299063 -0.111107 4.60736451
v -2.0857863 -0.11820537 4.57369117
v -2.07722358 -0.11560555 4.57994458
v -2.07193153 -0.11659839 4.59441228
v -2.07999649 -0.10122877 4.613854
v -2.09438515 -0.11381515 4.58533693
v -2.08684522 -0.11531373 4.59724651
v -2.097122 -0.10482191 4.59479424
v -2.09438544 -0.10939226 4.56729783
v -2.09540815 -0.11370727 4.57383702
v -2.10241423 -0.1012294 4.56972327
v -2.07981763 -0.10496914 4.57793673
v -2.08684561 -0.10850775 4.5694873
v -2.0885596 -0.09541602 4.57328836
v -2.07081419 -0.10665827 4.60255082
v -2.07299076 -0.10690072 4.59020854
v -2.07470468 -0.09541563 4.60056263
v -2.08855924 -0.10382869 4.60760065
v -2.10241415 -0.10382908 4.58032638
v -2.09712234 -0.09801594 4.56703502
v -2.07999683 -0.09442279 4.58609477
v -2.07081419 -0.10665827 4.60255082
v -2.07470468 -0.09541563 4.60056263
v -2.0747046 -0.09801531 4.61116575
v -2.0973012 -0.09427556 4.60295228
v -2.09027322 -0.09073696 4.61140171
v -2.09989525 -0.08363915 4.60094443
v -2.10630464 -0.09258644 4.57833819
v -2.10412807 -0.09234399 4.59068047
v -2.1051873 -0.08264632 4.58647673
v -2.0973015 -0.08711936 4.57376466
v -2.1041282 -0.08813772 4.5735245
v -2.09989543 -0.07943288 4.5837885
v -2.08273368 -0.08542956 4.59555208
v -2.09027361 -0.08393098 4.5836425
v -2.09133274 -0.07843965 4.59659473
v -2.08273339 -0.08985245 4.61359118
v -2.08171068 -0.08553743 4.60705199
v -2.09133253 -0.08103934 4.60719784
v -2.09133253 -0.08103934 4.60719784
v -2.09133274 -0.07843965 4.59659473
v -2.09910333 -0.07777694 4.59580034
v -2.08171068 -0.08553743 4.60705199
v -2.08273368 -0.08542956 4.59555208
v -2.09989543 -0.07943288 4.5837885
v -2.09027361 -0.08393098 4.5836425
v -2.0973015 -0.08711936 4.57376466
v -2.1041282 -0.08813772 4.5735245
v -2.10630464 -0.09258644 4.57833819
v -2.1051873 -0.08264632 4.58647673
v -2.10412807 -0.09234399 4.59068047
v -2.0973012 -0.09427556 4.60295228
v -2.09989525 -0.08363915 4.60094443
v -2.09027322 -0.09073696 4.61140171
v -2.08171068 -0.08553743 4.60705199
v -2.0973015 -0.08711936 4.57376466
v -2.10630464 -0.09258644 4.57833819
v -2.08855924 -0.10382869 4.60760065
v -2.09027322 -0.09073696 4.61140171
v -2.0885596 -0.09541602 4.57328836
v -2.08684561 -0.10850775 4.5694873
v -2.10241415 -0.10382908 4.58032638
v -2.09540815 -0.11370727 4.57383702
v -2.07981733 -0.11212535 4.60712435
v -2.07299076 -0.10690072 4.59020854
v -2.07081419 -0.10665827 4.60255082
v -2.07722358 -0.11560555 4.57994458
v -2.08684561 -0.10850775 4.5694873
v -2.07981763 -0.10496914 4.57793673
v -2.0857863 -0.11820537 4.57369117
v -2.09540815 -0.11370727 4.57383702
v -2.09438515 -0.11381515 4.58533693
v -2.07193153 -0.11659839 4.59441228
v -2.07299063 -0.111107 4.60736451
v -2.08578609 -0.12080507 4.58429428
v -2.08684522 -0.11531373 4.59724651
v -2.07981733 -0.11212535 4.60712435
v -2.09774426 -0.08023803 4.59553398
v -2.09695216 -0.07858209 4.60754582
v -2.10551485 -0.07957532 4.59473959
v -2.09954609 -0.0708956 4.61756966
v -2.09695216 -0.07858209 4.60754582
v -2.09271939 -0.06987725 4.61780983
v -2.10551506 -0.07697562 4.58413648
v -2.09695234 -0.07437581 4.59038989
v -2.09166029 -0.07536864 4.60485759
v -2.09972525 -0.05999902 4.6242993
v -2.1141139 -0.07258541 4.59578224
v -2.10657398 -0.07408398 4.60769182
v -2.11685076 -0.06359216 4.60523955
v -2.11411419 -0.06816251 4.57774314
v -2.11513691 -0.07247752 4.58428233
v -2.12214299 -0.05999965 4.58016858
v -2.09954639 -0.0637394 4.58838204
v -2.10657437 -0.067278 4.57993261
v -2.10828835 -0.05418627 4.58373367
v -2.09054295 -0.06542853 4.61299613
v -2.09271951 -0.06567098 4.60065385
v -2.09443344 -0.05418588 4.61100794
v -2.10828799 -0.06259895 4.61804596
v -2.1221429 -0.06259934 4.59077169
v -2.11685109 -0.0567862 4.57748033
v -2.09972558 -0.05319305 4.59654008
v -2.09054295 -0.06542853 4.61299613
v -2.09443344 -0.05418588 4.61100794
v -2.09443335 -0.05678557 4.62161106
v -2.11702996 -0.05304581 4.6133976
v -2.11000197 -0.04950722 4.62184702
v -2.119624 -0.0424094 4.61138974
v -2.12603339 -0.05135669 4.5887835
v -2.12385683 -0.05111424 4.60112578
v -2.12491605 -0.04141658 4.59692204
v -2.11703026 -0.04588961 4.58420997
v -2.12385696 -0.04690798 4.58396981
v -2.11962418 -0.03820313 4.59423381
v -2.10246244 -0.04419981 4.60599739
v -2.11000236 -0.04270123 4.59408781
v -2.1110615 -0.0372099 4.60704004
v -2.10246215 -0.04862269 4.62403649
v -2.10143944 -0.04430769 4.6174973
v -2.11106129 -0.03980959 4.61764315
v -2.11106129 -0.03980959 4.61764315
v -2.1110615 -0.0372099 4.60704004
v -2.11883209 -0.03654718 4.60624565
v -2.10143944 -0.04430769 4.6174973
v -2.10246244 -0.04419981 4.60599739
v -2.11962418 -0.03820313 4.59423381
v -2.11000236 -0.04270123 4.59408781
v -2.11703026 -0.04588961 4.58420997
v -2.12385696 -0.04690798 4.58396981
v -2.12603339 -0.05135669 4.5887835
v -2.12491605 -0.04141658 4.59692204
v -2.12385683 -0.05111424 4.60112578
v -2.11702996 -0.05304581 4.6133976
v -2.119624 -0.0424094 4.61138974
v -2.11000197 -0.04950722 4.62184702
v -2.10143944 -0.04430769 4.6174973
v -2.11703026 -0.04588961 4.58420997
v -2.12603339 -0.05135669 4.5887835
v -2.10828799 -0.06259895 4.61804596
v -2.11000197 -0.04950722 4.62184702
v -2.10828835 -0.05418627 4.58373367
v -2.10657437 -0.067278 4.57993261
v -2.1221429 -0.06259934 4.59077169
v -2.11513691 -0.07247752 4.58428233
v -2.09954609 -0.0708956 4.61756966
v -2.09271951 -0.06567098 4.60065385
v -2.09054295 -0.06542853 4.61299613
v -2.09695234 -0.07437581 4.59038989
v -2.10657437 -0.067278 4.57993261
v -2.09954639 -0.0637394 4.58838204
v -2.10551506 -0.07697562 4.58413648
v -2.11513691 -0.07247752 4.58428233
v -2.1141139 -0.07258541 4.59578224
v -2.09166029 -0.07536864 4.60485759
v -2.09271939 -0.06987725 4.61780983
v -2.10551485 -0.07957532 4.59473959
v -2.10657398 -0.07408398 4.60769182
v -2.09954609 -0.0708956 4.61756966
v -2.13210384 -0.18977603 4.61164118
v -2.12969196 -0.18977607 4.61041598
v -2.12846669 -0.18977604 4.61282801
v -2.13087857 -0.18977599 4.6140532
v -2.10179274 -0.07506654 4.5992764
v -2.10110637 -0.07898371 4.59892779
v -2.10233164 -0.07898375 4.59651577
v -2.10301802 -0.07506658 4.59686438
v -2.1321038 -0.18586327 4.6116411
v -2.12969192 -0.18586332 4.6104159
v -2.12969196 -0.18977607 4.61041598
v -2.13210384 -0.18977603 4.61164118
v -2.12846665 -0.18586328 4.61282793
v -2.12846669 -0.18977604 4.61282801
v -2.12846665 -0.18586328 4.61282793
v -2.13087853 -0.18586324 4.61405313
v -2.13087857 -0.18977599 4.6140532
v -2.12846669 -0.18977604 4.61282801
v -2.1321038 -0.18586327 4.6116411
v -2.13210384 -0.18977603 4.61164118
v -2.13210376 -0.18195051 4.61164103
v -2.12969188 -0.18195056 4.61041583
v -2.12846661 -0.18195053 4.61282785
v -2.12846661 -0.18195053 4.61282785
v -2.13087849 -0.18195048 4.61405305
v -2.13210376 -0.18195051 4.61164103
v -2.13210372 -0.17803776 4.61164095
v -2.12969184 -0.17803781 4.61041575
v -2.12846657 -0.17803777 4.61282778
v -2.12846657 -0.17803777 4.61282778
v -2.13087845 -0.17803772 4.61405297
v -2.13210372 -0.17803776 4.61164095
v -2.13210368 -0.174125 4.61164087
v -2.1296918 -0.17412505 4.61041567
v -2.12846653 -0.17412502 4.6128277
v -2.12846653 -0.17412502 4.6128277
v -2.13087841 -0.17412497 4.6140529
v -2.13210368 -0.174125 4.61164087
v -2.13210364 -0.17021225 4.6116408
v -2.12969176 -0.1702123 4.6104156
v -2.12846649 -0.17021226 4.61282762
v -2.12846649 -0.17021226 4.61282762
v -2.13087837 -0.17021222 4.61405282
v -2.13210364 -0.17021225 4.6116408
v -2.1321036 -0.16629949 4.61164072
v -2.12969172 -0.16629954 4.61041552
v -2.12846645 -0.16629951 4.61282755
v -2.12846645 -0.16629951 4.61282755
v -2.13087833 -0.16629946 4.61405274
v -2.1321036 -0.16629949 4.61164072
v -2.13210356 -0.16238674 4.61164064
v -2.12969168 -0.16238679 4.61041545
v -2.12846641 -0.16238675 4.61282747
v -2.12846641 -0.16238675 4.61282747
v -2.13087829 -0.1623867 4.61405267
v -2.13210356 -0.16238674 4.61164064
v -2.13210352 -0.15847398 4.61164057
v -2.12969164 -0.15847403 4.61041537
v -2.12846637 -0.158474 4.61282739
v -2.12846637 -0.158474 4.61282739
v -2.13087825 -0.15847395 4.61405259
v -2.13210352 -0.15847398 4.61164057
v -2.13210348 -0.15456123 4.61164049
v -2.1296916 -0.15456128 4.61041529
v -2.12846633 -0.15456124 4.61282732
v -2.12846633 -0.15456124 4.61282732
v -2.13087821 -0.15456119 4.61405251
v -2.13210348 -0.15456123 4.61164049
v -2.13210344 -0.15064847 4.61164041
v -2.12969156 -0.15064852 4.61041522
v -2.12846629 -0.15064849 4.61282724
v -2.12846629 -0.15064849 4.61282724
v -2.13087817 -0.15064844 4.61405244
v -2.13210344 -0.15064847 4.61164041
v -2.1321034 -0.14673572 4.61164034
v -2.12969152 -0.14673576 4.61041514
v -2.12846625 -0.14673573 4.61282716
v -2.12846625 -0.14673573 4.61282716
v -2.13087813 -0.14673568 4.61405236
v -2.1321034 -0.14673572 4.61164034
v -2.13210336 -0.14282296 4.61164026
v -2.12969148 -0.14282301 4.61041506
v -2.12846621 -0.14282297 4.61282709
v -2.12846621 -0.14282297 4.61282709
v -2.13087809 -0.14282292 4.61405229
v -2.13210336 -0.14282296 4.61164026
v -2.13210332 -0.1389102 4.61164018
v -2.12969144 -0.13891025 4.61041499
v -2.12846617 -0.13891022 4.61282701
v -2.12846617 -0.13891022 4.61282701
v -2.13087805 -0.13891017 4.61405221
v -2.13210332 -0.1389102 4.61164018
v -2.13210328 -0.13499745 4.61164011
v -2.1296914 -0.1349975 4.61041491
v -2.12846613 -0.13499747 4.61282693
v -2.12846613 -0.13499747 4.61282693
v -2.13087801 -0.13499742 4.61405213
v -2.13210328 -0.13499745 4.61164011
v -2.13210324 -0.13108469 4.61164003
v -2.12969136 -0.13108474 4.61041483
v -2.12846609 -0.1310847 4.61282686
v -2.12846609 -0.1310847 4.61282686
v -2.13087797 -0.13108466 4.61405206
v -2.13210324 -0.13108469 4.61164003
v -2.1321032 -0.12717194 4.61163995
v -2.12969132 -0.12717198 4.61041476
v -2.12846605 -0.12717195 4.61282678
v -2.12846605 -0.12717195 4.61282678
v -2.13087793 -0.1271719 4.61405198
v -2.1321032 -0.12717194 4.61163995
v -2.13210316 -0.12325918 4.61163988
v -2.12969128 -0.12325923 4.61041468
v -2.12846601 -0.12325919 4.6128267
v -2.12846601 -0.12325919 4.6128267
v -2.13087789 -0.12325914 4.6140519
v -2.13210316 -0.12325918 4.61163988
v -2.13210312 -0.11934643 4.6116398
v -2.12969124 -0.11934648 4.6104146
v -2.12846596 -0.11934644 4.61282663
v -2.12846596 -0.11934644 4.61282663
v -2.13087785 -0.11934639 4.61405183
v -2.13210312 -0.11934643 4.6116398
v -2.13210308 -0.11543367 4.61163973
v -2.1296912 -0.11543372 4.61041453
v -2.12846592 -0.11543369 4.61282655
v -2.12846592 -0.11543369 4.61282655
v -2.1308778 -0.11543364 4.61405175
v -2.13210308 -0.11543367 4.61163973
v -2.13210304 -0.11152092 4.61163965
v -2.12969116 -0.11152097 4.61041445
v -2.12846588 -0.11152093 4.61282647
v -2.12846588 -0.11152093 4.61282647
v -2.13087776 -0.11152089 4.61405167
v -2.13210304 -0.11152092 4.61163965
v -2.132103 -0.10760816 4.61163957
v -2.12969112 -0.1076082 4.61041437
v -2.12846584 -0.10760817 4.6128264
v -2.12846584 -0.10760817 4.6128264
v -2.13087772 -0.10760812 4.6140516
v -2.132103 -0.10760816 4.61163957
v -2.13210296 -0.10369541 4.6116395
v -2.12969108 -0.10369545 4.6104143
v -2.1284658 -0.10369542 4.61282632
v -2.1284658 -0.10369542 4.61282632
v -2.13087768 -0.10369537 4.61405152
v -2.13210296 -0.10369541 4.6116395
v -2.13196092 -0.09882086 4.61156727
v -2.12983303 -0.10074448 4.61048637
v -2.12983303 -0.10074448 4.61048637
v -2.12860776 -0.10074445 4.61289839
v -2.12860776 -0.10074445 4.61289839
v -2.13073565 -0.09882083 4.6139793
v -2.13073565 -0.09882083 4.6139793
v -2.13196092 -0.09882086 4.61156727
v -2.12963446 -0.09588954 4.61038543
v -2.12829163 -0.09928377 4.60970334
v -2.12829163 -0.09928377 4.60970334
v -2.12706636 -0.09928374 4.61211536
v -2.12860776 -0.10074445 4.61289839
v -2.12983303 -0.10074448 4.61048637
v -2.12706636 -0.09928374 4.61211536
v -2.12840919 -0.0958895 4.61279745
v -2.12840919 -0.0958895 4.61279745
v -2.12963446 -0.09588954 4.61038543
v -2.13196092 -0.09882086 4.61156727
v -2.13073565 -0.09882083 4.6139793
v -2.12770054 -0.09369352 4.60940299
v -2.1263577 -0.09708776 4.6087209
v -2.1263577 -0.09708776 4.6087209
v -2.12513243 -0.09708772 4.61113292
v -2.12513243 -0.09708772 4.61113292
v -2.12647526 -0.09369348 4.61181501
v -2.12647526 -0.09369348 4.61181501
v -2.12770054 -0.09369352 4.60940299
v -2.12576661 -0.09149751 4.60842055
v -2.12442377 -0.09489174 4.60773846
v -2.12442377 -0.09489174 4.60773846
v -2.1231985 -0.09489171 4.61015049
v -2.1231985 -0.09489171 4.61015049
v -2.12454134 -0.09149747 4.61083258
v -2.12454134 -0.09149747 4.61083258
v -2.12576661 -0.09149751 4.60842055
v -2.12383268 -0.08930149 4.60743811
v -2.12248985 -0.09269573 4.60675602
v -2.12248985 -0.09269573 4.60675602
v -2.12126457 -0.09269569 4.60916805
v -2.12126457 -0.09269569 4.60916805
v -2.12260741 -0.08930146 4.60985014
v -2.12260741 -0.08930146 4.60985014
v -2.12383268 -0.08930149 4.60743811
v -2.12189875 -0.08710547 4.60645568
v -2.12055592 -0.09049971 4.60577359
v -2.12055592 -0.09049971 4.60577359
v -2.11933065 -0.09049967 4.60818561
v -2.11933065 -0.09049967 4.60818561
v -2.12067348 -0.08710544 4.6088677
v -2.12067348 -0.08710544 4.6088677
v -2.12189875 -0.08710547 4.60645568
v -2.11996482 -0.08490946 4.60547324
v -2.11862199 -0.0883037 4.60479115
v -2.11862199 -0.0883037 4.60479115
v -2.11739672 -0.08830366 4.60720317
v -2.11739672 -0.08830366 4.60720317
v -2.11873955 -0.08490943 4.60788526
v -2.11873955 -0.08490943 4.60788526
v -2.11996482 -0.08490946 4.60547324
v -2.11787262 -0.08256168 4.6044104
v -2.11684634 -0.08625944 4.60388912
v -2.11684634 -0.08625944 4.60388912
v -2.11562107 -0.0862594 4.60630114
v -2.11562107 -0.0862594 4.60630114
v -2.11664734 -0.08256165 4.60682242
v -2.11664734 -0.08256165 4.60682242
v -2.11787262 -0.08256168 4.6044104
v -2.11560486 -0.08139692 4.60325839
v -2.11491848 -0.08531408 4.60290978
v -2.11491848 -0.08531408 4.60290978
v -2.11369321 -0.08531405 4.6053218
v -2.11369321 -0.08531405 4.6053218
v -2.11437959 -0.08139689 4.60567042
v -2.11437959 -0.08139689 4.60567042
v -2.11560486 -0.08139692 4.60325839
v -2.11350705 -0.08034185 4.60219272
v -2.11282068 -0.08425903 4.60184411
v -2.11282068 -0.08425903 4.60184411
v -2.1115954 -0.08425899 4.60425614
v -2.1115954 -0.08425899 4.60425614
v -2.11228178 -0.08034182 4.60460475
v -2.11228178 -0.08034182 4.60460475
v -2.11350705 -0.08034185 4.60219272
v -2.11140924 -0.07928681 4.60112706
v -2.11072287 -0.08320398 4.60077844
v -2.11072287 -0.08320398 4.60077844
v -2.1094976 -0.08320395 4.60319047
v -2.1094976 -0.08320395 4.60319047
v -2.11018397 -0.07928677 4.60353908
v -2.11018397 -0.07928677 4.60353908
v -2.11140924 -0.07928681 4.60112706
v -2.10931144 -0.07823176 4.60006139
v -2.10862506 -0.08214892 4.59971277
v -2.10862506 -0.08214892 4.59971277
v -2.10739979 -0.08214888 4.6021248
v -2.10739979 -0.08214888 4.6021248
v -2.10808617 -0.07823172 4.60247341
v -2.10808617 -0.07823172 4.60247341
v -2.10931144 -0.07823176 4.60006139
v -2.10721363 -0.0771767 4.59899572
v -2.10652725 -0.08109386 4.5986471
v -2.10652725 -0.08109386 4.5986471
v -2.10530198 -0.08109382 4.60105913
v -2.10530198 -0.08109382 4.60105913
v -2.10598836 -0.07717666 4.60140774
v -2.10598836 -0.07717666 4.60140774
v -2.10721363 -0.0771767 4.59899572
v -2.10511582 -0.07612163 4.59793005
v -2.10442945 -0.0800388 4.59758144
v -2.10442945 -0.0800388 4.59758144
v -2.10320418 -0.08003877 4.59999346
v -2.10320418 -0.08003877 4.59999346
v -2.10389055 -0.07612159 4.60034207
v -2.10389055 -0.07612159 4.60034207
v -2.10511582 -0.07612163 4.59793005
v -2.10301802 -0.07506658 4.59686438
v -2.10233164 -0.07898375 4.59651577
v -2.10233164 -0.07898375 4.59651577
v -2.10110637 -0.07898371 4.59892779
v -2.10110637 -0.07898371 4.59892779
v -2.10179274 -0.07506654 4.5992764
v -2.10179274 -0.07506654 4.5992764
v -2.10301802 -0.07506658 4.59686438
vn 0.1017 0.0549 -0.9933
vn 0.14801 0.44752 -0.88194
vn -0.0375 -0.1606 -0.98631
vn -0.65441 -0.1996 -0.72932
vn -0.8233 0.0745 -0.5627
vn 0.29409 0.67067 -0.68097
vn 0.6575 0.009 -0.7534
vn 0.3472 -0.6235 -0.7005
vn -0.8654 -0.2868 0.4109
vn -0.86861 0.2587 0.4226
vn 0.63178 0.43749 -0.63988
vn 0.72519 -0.1161 -0.67869
vn -0.0621 -0.98293 -0.1732
vn -0.81052 -0.1218 0.57291
vn -0.74492 0.46541 0.47801
vn 0.96644 0.24001 -0.0916
vn 0.95571 -0.2903 -0.0483
vn -0.14801 -0.44752 0.88194
vn -0.49 0.0152 0.87159
vn -0.0538 0.49921 0.86481
vn 0.0375 0.1606 0.98631
vn -0.193 0.26979 0.94338
vn -0.43562 0.18051 0.88184
vn -0.1017 -0.0549 0.9933
vn -0.36069 -0.0832 0.92897
vn -0.41122 -0.21731 0.88525
vn 0.32829 -0.23109 0.91587
vn 0.29979 -0.45909 0.83628
vn 0.7284 -0.5721 0.377
vn 0.8233 -0.0745 0.5627
vn 0.99069 -0.1157 0.0718
vn 0.98208 0.0199 -0.1874
vn 0.65441 0.1996 0.72932
vn 0.85402 0.36671 0.36901
vn 0.6208 0.609 0.4937
vn -0.3472 0.6235 0.7005
vn -0.60181 0.42841 0.67401
vn -0.60771 0.2487 0.75421
vn -0.6575 -0.009 0.7534
vn -0.70291 -0.1145 0.70201
vn -0.61662 -0.22501 0.75442
vn -0.29409 -0.67067 0.68097
vn 0.0917 -0.9624 0.2557
vn 0.6259 -0.7799 0.0004
vn 0.86861 -0.2587 -0.4226
vn 0.83088 -0.123 -0.54269
vn 0.87981 -0.0102 -0.47521
vn 0.8654 0.2868 -0.4109
vn 0.77058 0.46989 -0.43059
vn 0.67847 0.73167 -0.0659
vn -0.72519 0.1161 0.67869
vn -0.83088 0.123 0.54269
vn -0.87981 0.0102 0.47521
vn -0.63178 -0.43749 0.63988
vn -0.77058 -0.46989 0.43059
vn -0.67847 -0.73167 0.0659
vn 0.74492 -0.46541 -0.47801
vn 0.60181 -0.42841 -0.67401
vn 0.60771 -0.2487 -0.75421
vn 0.81052 0.1218 -0.57291
vn 0.70291 0.1145 -0.70201
vn 0.61662 0.22501 -0.75442
vn 0.0621 0.98293 0.1732
vn -0.0917 0.9624 -0.2557
vn -0.6259 0.7799 -0.0004
vn -0.95571 0.2903 0.0483
vn -0.99069 0.1157 -0.0718
vn -0.98208 -0.0199 0.1874
vn -0.96644 -0.24001 0.0916
vn -0.85402 -0.36671 -0.36901
vn -0.6208 -0.609 -0.4937
vn 0.0538 -0.49921 -0.86481
vn 0.193 -0.26979 -0.94338
vn 0.43562 -0.18051 -0.88184
vn -0.7284 0.5721 -0.377
vn -0.29979 0.45909 -0.83628
vn -0.32829 0.23109 -0.91587
vn 0.49 -0.0152 -0.87159
vn 0.36069 0.0832 -0.92897
vn 0.41122 0.21731 -0.88525
vn 0 0 -1
vn -0.95864 0 0.28461
vn 0 -1 0
vn -1 0 0
vn 0 1 0
vn 1 0 0
vn -0.9967 0 0.0812
vn 0.99878 0 0.0493
vn -0.48821 0 -0.87272
vn 0.5968 0 0.80239
vn -0.55678 0 -0.83066
vn 0.55678 0 0.83066
vn -0.56209 0 -0.82708
vn 0.55221 0 0.83371
vn -0.27799 0 -0.96058
vn 0.2901 0 0.957
vn -0.28461 0 -0.95864
vn 0.28461 0 0.95864
vt 0.27551 0.4878
vt 0.27962 0.49078
vt 0.27394 0.49261
vt 0.27043 0.49211
vt 0.27253 0.49599
vt 0.27551 0.49286
vt 0.27043 0.4878
vt 0.27394 0.483
vt 0.27962 0.48483
vt 0.27253 0.4878
vt 0.27284 0.49211
vt 0.27805 0.49286
vt 0.27551 0.49211
vt 0.27068 0.49286
vt 0.26886 0.49286
vt 0.26983 0.4878
vt 0.2825 0.49211
vt 0.28119 0.4878
vt 0.2677 0.4878
vt 0.27849 0.4878
vt 0.28059 0.49211
vt 0.28332 0.4878
vt 0.27818 0.49599
vt 0.28216 0.49261
vt 0.27708 0.49261
vt 0.26852 0.49286
vt 0.27297 0.49559
vt 0.2714 0.49078
vt 0.28059 0.4835
vt 0.27551 0.48275
vt 0.27849 0.47962
vt 0.27818 0.4835
vt 0.27297 0.48275
vt 0.27708 0.47962
vt 0.27551 0.4835
vt 0.28034 0.48275
vt 0.27551 0.47962
vt 0.28059 0.4878
vt 0.27708 0.483
vt 0.28216 0.483
vt 0.27818 0.47962
vt 0.2714 0.48483
vt 0.27297 0.48002
vt 0.26852 0.48275
vt 0.26729 0.4878
vt 0.27043 0.4835
vt 0.27253 0.47962
vt 0.27068 0.48275
vt 0.28216 0.48275
vt 0.26852 0.4835
vt 0.28034 0.49286
vt 0.27805 0.48002
vt 0.2825 0.48275
vt 0.27394 0.49599
vt 0.26886 0.483
vt 0.27284 0.47962
vt 0.27551 0.49599
vt 0.26886 0.49261
vt 0.27284 0.49599
vt 0.27849 0.49599
vt 0.28373 0.4878
vt 0.27805 0.49559
vt 0.2825 0.49286
vt 0.28095 0.49174
vt 0.27343 0.49417
vt 0.26879 0.4935
vt 0.27156 0.49864
vt 0.27551 0.4945
vt 0.26879 0.4878
vt 0.27343 0.48144
vt 0.28095 0.48387
vt 0.27156 0.4878
vt 0.27198 0.4935
vt 0.27887 0.4945
vt 0.27551 0.4935
vt 0.26912 0.4945
vt 0.26671 0.4945
vt 0.26799 0.4878
vt 0.28476 0.4935
vt 0.28303 0.4878
vt 0.26516 0.4878
vt 0.27946 0.4878
vt 0.28223 0.4935
vt 0.28586 0.4878
vt 0.27904 0.49864
vt 0.28431 0.49417
vt 0.27759 0.49417
vt 0.26626 0.4945
vt 0.27215 0.49811
vt 0.27007 0.49174
vt 0.28223 0.48211
vt 0.27551 0.48111
vt 0.27946 0.47697
vt 0.27904 0.48211
vt 0.27215 0.48111
vt 0.27759 0.47697
vt 0.27551 0.48211
vt 0.2819 0.48111
vt 0.27551 0.47697
vt 0.28223 0.4878
vt 0.27759 0.48144
vt 0.28431 0.48144
vt 0.27904 0.47697
vt 0.27007 0.48387
vt 0.27215 0.4775
vt 0.26626 0.48111
vt 0.26463 0.4878
vt 0.26879 0.48211
vt 0.27156 0.47697
vt 0.26912 0.48111
vt 0.28431 0.48111
vt 0.26626 0.48211
vt 0.2819 0.4945
vt 0.27887 0.4775
vt 0.28476 0.48111
vt 0.27343 0.49864
vt 0.26671 0.48144
vt 0.27198 0.47697
vt 0.27551 0.49864
vt 0.26671 0.49417
vt 0.27198 0.49864
vt 0.27946 0.49864
vt 0.28639 0.4878
vt 0.27887 0.49811
vt 0.28476 0.4945
vt 0.29918 0.51848
vt 0.29867 0.51848
vt 0.29867 0.51798
vt 0.29918 0.51798
vt 0.29918 0.50412
vt 0.29918 0.5046
vt 0.29867 0.5046
vt 0.29867 0.50412
vt 0.29918 0.51775
vt 0.29867 0.51775
vt 0.29867 0.51823
vt 0.29918 0.51823
vt 0.29918 0.51727
vt 0.29867 0.51727
vt 0.29918 0.51679
vt 0.29867 0.51679
vt 0.29918 0.51631
vt 0.29867 0.51631
vt 0.29918 0.51582
vt 0.29867 0.51582
vt 0.29918 0.51534
vt 0.29867 0.51534
vt 0.29918 0.51486
vt 0.29867 0.51486
vt 0.29918 0.51438
vt 0.29867 0.51438
vt 0.29918 0.5139
vt 0.29867 0.5139
vt 0.29918 0.51342
vt 0.29867 0.51342
vt 0.29918 0.51294
vt 0.29867 0.51294
vt 0.29918 0.51246
vt 0.29867 0.51246
vt 0.29918 0.51197
vt 0.29867 0.51197
vt 0.29918 0.51149
vt 0.29867 0.51149
vt 0.29918 0.51101
vt 0.29867 0.51101
vt 0.29918 0.51053
vt 0.29867 0.51053
vt 0.29918 0.51005
vt 0.29867 0.51005
vt 0.29918 0.50957
vt 0.29867 0.50957
vt 0.29918 0.50909
vt 0.29867 0.50909
vt 0.29918 0.50861
vt 0.29867 0.50861
vt 0.29918 0.50812
vt 0.29867 0.50812
vt 0.29918 0.50764
vt 0.29867 0.50764
vt 0.29915 0.50704
vt 0.2987 0.50728
vt 0.29867 0.50728
vt 0.29918 0.50728
vt 0.29918 0.50704
vt 0.29867 0.50704
vt 0.29866 0.50668
vt 0.29838 0.5071
vt 0.29838 0.51848
vt 0.29838 0.51798
vt 0.2987 0.51798
vt 0.2987 0.51848
vt 0.29866 0.51798
vt 0.29866 0.51848
vt 0.29915 0.51848
vt 0.29915 0.51798
vt 0.29825 0.50641
vt 0.29797 0.50683
vt 0.29797 0.51848
vt 0.29797 0.51798
vt 0.29825 0.51798
vt 0.29825 0.51848
vt 0.29785 0.50614
vt 0.29757 0.50656
vt 0.29757 0.51848
vt 0.29757 0.51798
vt 0.29785 0.51798
vt 0.29785 0.51848
vt 0.29745 0.50587
vt 0.29716 0.50629
vt 0.29716 0.51848
vt 0.29716 0.51798
vt 0.29745 0.51798
vt 0.29745 0.51848
vt 0.29704 0.5056
vt 0.29676 0.50602
vt 0.29676 0.51848
vt 0.29676 0.51798
vt 0.29704 0.51798
vt 0.29704 0.51848
vt 0.29664 0.50533
vt 0.29636 0.50575
vt 0.29636 0.51848
vt 0.29636 0.51798
vt 0.29664 0.51798
vt 0.29664 0.51848
vt 0.2962 0.50504
vt 0.29598 0.5055
vt 0.29598 0.51848
vt 0.29598 0.51798
vt 0.2962 0.51798
vt 0.2962 0.51848
vt 0.29572 0.5049
vt 0.29558 0.50538
vt 0.29558 0.51848
vt 0.29558 0.51798
vt 0.29572 0.51798
vt 0.29572 0.51848
vt 0.29529 0.50477
vt 0.29514 0.50525
vt 0.29514 0.51848
vt 0.29514 0.51798
vt 0.29529 0.51798
vt 0.29529 0.51848
vt 0.29485 0.50464
vt 0.2947 0.50512
vt 0.2947 0.51848
vt 0.2947 0.51798
vt 0.29485 0.51798
vt 0.29485 0.51848
vt 0.29441 0.50451
vt 0.29426 0.50499
vt 0.29426 0.51848
vt 0.29426 0.51798
vt 0.29441 0.51798
vt 0.29441 0.51848
vt 0.29397 0.50438
vt 0.29383 0.50486
vt 0.29383 0.51848
vt 0.29383 0.51798
vt 0.29397 0.51798
vt 0.29397 0.51848
vt 0.29353 0.50425
vt 0.29339 0.50473
vt 0.29339 0.51848
vt 0.29339 0.51798
vt 0.29353 0.51798
vt 0.29353 0.51848
vt 0.29309 0.50412
vt 0.29295 0.5046
vt 0.29295 0.51848
vt 0.29295 0.51798
vt 0.29309 0.51798
vt 0.29309 0.51848
usemtl mat3
f 1863/1208/1302 1864/1209/1302 1865/1210/1302
f 1866/1211/1303 1867/1212/1303 1868/1213/1303
f 1863/1208/1304 1865/1210/1304 1869/1214/1304
f 1863/1208/1305 1869/1214/1305 1870/1215/1305
f 1863/1208/1306 1870/1215/1306 1871/1216/1306
f 1866/1211/1307 1868/1213/1307 1872/1217/1307
f 1873/1218/1308 1874/1219/1308 1875/1208/1308
f 1876/1220/1309 1877/1221/1309 1878/1217/1309
f 1879/1218/1310 1880/1222/1310 1881/1223/1310
f 1882/1224/1311 1883/1219/1311 1884/1225/1311
f 1866/1211/1312 1872/1217/1312 1885/1226/1312
f 1873/1218/1313 1875/1208/1313 1886/1223/1313
f 1876/1220/1314 1878/1217/1314 1887/1227/1314
f 1879/1218/1315 1881/1223/1315 1888/1208/1315
f 1889/1228/1316 1890/1229/1316 1891/1227/1316
f 1892/1230/1317 1893/1231/1317 1894/1232/1317
f 1895/1233/1318 1896/1234/1318 1897/1235/1318
f 1898/1236/1319 1899/1237/1319 1900/1238/1319
f 1901/1239/1320 1902/1240/1320 1903/1241/1320
f 1904/1242/1321 1905/1243/1321 1906/1244/1321
f 1907/1245/1322 1908/1246/1322 1909/1208/1322
f 1907/1245/1323 1910/1247/1323 1908/1246/1323
f 1910/1247/1324 1911/1248/1324 1908/1246/1324
f 1908/1246/1325 1912/1249/1325 1909/1208/1325
f 1908/1246/1326 1913/1250/1326 1912/1249/1326
f 1913/1250/1327 1914/1251/1327 1912/1249/1327
f 1912/1249/1328 1897/1235/1328 1909/1208/1328
f 1912/1249/1329 1915/1252/1329 1897/1235/1329
f 1899/1237/1330 1916/1253/1330 1917/1254/1330
f 1897/1235/1331 1894/1232/1331 1909/1208/1331
f 1897/1235/1332 1896/1234/1332 1894/1232/1332
f 1918/1240/1333 1919/1239/1333 1920/1241/1333
f 1894/1232/1334 1907/1245/1334 1909/1208/1334
f 1894/1232/1335 1893/1231/1335 1907/1245/1335
f 1921/1255/1336 1904/1242/1336 1906/1244/1336
f 1891/1227/1337 1905/1243/1337 1904/1242/1337
f 1891/1227/1338 1890/1229/1338 1905/1243/1338
f 1884/1225/1339 1901/1239/1339 1922/1256/1339
f 1888/1208/1340 1902/1240/1340 1901/1239/1340
f 1888/1208/1341 1881/1223/1341 1902/1240/1341
f 1881/1223/1342 1923/1257/1342 1902/1240/1342
f 1887/1227/1343 1899/1237/1343 1898/1236/1343
f 1887/1227/1344 1878/1217/1344 1899/1237/1344
f 1878/1217/1345 1916/1253/1345 1899/1237/1345
f 1886/1223/1346 1918/1240/1346 1924/1257/1346
f 1886/1223/1347 1875/1208/1347 1918/1240/1347
f 1875/1208/1348 1919/1239/1348 1918/1240/1348
f 1925/1225/1349 1926/1256/1349 1919/1239/1349
f 1885/1226/1350 1872/1217/1350 1921/1255/1350
f 1872/1217/1351 1904/1242/1351 1921/1255/1351
f 1884/1225/1352 1888/1208/1352 1901/1239/1352
f 1884/1225/1353 1883/1219/1353 1888/1208/1353
f 1883/1219/1354 1879/1218/1354 1888/1208/1354
f 1927/1229/1355 1887/1227/1355 1898/1236/1355
f 1927/1229/1356 1928/1258/1356 1887/1227/1356
f 1928/1258/1357 1876/1220/1357 1887/1227/1357
f 1878/1217/1358 1929/1226/1358 1916/1253/1358
f 1878/1217/1359 1877/1221/1359 1929/1226/1359
f 1930/1222/1360 1873/1218/1360 1886/1223/1360
f 1875/1208/1361 1925/1225/1361 1919/1239/1361
f 1875/1208/1362 1874/1219/1362 1925/1225/1362
f 1874/1219/1363 1931/1224/1363 1925/1225/1363
f 1872/1217/1364 1891/1227/1364 1904/1242/1364
f 1872/1217/1365 1868/1213/1365 1891/1227/1365
f 1868/1213/1366 1889/1228/1366 1891/1227/1366
f 1871/1216/1367 1932/1259/1367 1933/1260/1367
f 1871/1216/1368 1870/1215/1368 1932/1259/1368
f 1934/1261/1369 1879/1218/1369 1883/1219/1369
f 1870/1215/1370 1935/1262/1370 1936/1263/1370
f 1870/1215/1371 1869/1214/1371 1935/1262/1371
f 1937/1264/1372 1876/1220/1372 1928/1258/1372
f 1937/1264/1373 1877/1221/1373 1876/1220/1373
f 1869/1214/1374 1865/1210/1374 1938/1265/1374
f 1865/1210/1375 1939/1266/1375 1938/1265/1375
f 1868/1213/1376 1940/1267/1376 1889/1228/1376
f 1941/1268/1377 1864/1209/1377 1871/1216/1377
f 1864/1209/1378 1863/1208/1378 1871/1216/1378
f 1942/1261/1379 1874/1219/1379 1873/1218/1379
f 1865/1210/1380 1864/1209/1380 1943/1269/1380
f 1864/1209/1381 1944/1270/1381 1943/1269/1381
f 1945/1208/1302 1946/1209/1302 1947/1210/1302
f 1948/1211/1303 1949/1212/1303 1950/1213/1303
f 1945/1208/1304 1947/1210/1304 1951/1214/1304
f 1945/1208/1305 1951/1214/1305 1952/1215/1305
f 1945/1208/1306 1952/1215/1306 1953/1216/1306
f 1948/1211/1307 1950/1213/1307 1954/1217/1307
f 1955/1218/1308 1956/1219/1308 1957/1208/1308
f 1958/1220/1309 1959/1221/1309 1960/1217/1309
f 1961/1218/1310 1962/1222/1310 1963/1223/1310
f 1964/1224/1311 1965/1219/1311 1966/1225/1311
f 1948/1211/1312 1954/1217/1312 1967/1226/1312
f 1955/1218/1313 1957/1208/1313 1968/1223/1313
f 1958/1220/1314 1960/1217/1314 1969/1227/1314
f 1961/1218/1315 1963/1223/1315 1970/1208/1315
f 1971/1228/1316 1972/1229/1316 1973/1227/1316
f 1974/1230/1317 1975/1231/1317 1976/1232/1317
f 1977/1233/1318 1978/1234/1318 1979/1235/1318
f 1980/1236/1319 1981/1237/1319 1982/1238/1319
f 1983/1239/1320 1984/1240/1320 1985/1241/1320
f 1986/1242/1321 1987/1243/1321 1988/1244/1321
f 1989/1245/1322 1990/1246/1322 1991/1208/1322
f 1989/1245/1323 1992/1247/1323 1990/1246/1323
f 1992/1247/1324 1993/1248/1324 1990/1246/1324
f 1990/1246/1325 1994/1249/1325 1991/1208/1325
f 1990/1246/1326 1995/1250/1326 1994/1249/1326
f 1995/1250/1327 1996/1251/1327 1994/1249/1327
f 1994/1249/1328 1979/1235/1328 1991/1208/1328
f 1994/1249/1329 1997/1252/1329 1979/1235/1329
f 1981/1237/1330 1998/1253/1330 1999/1254/1330
f 1979/1235/1331 1976/1232/1331 1991/1208/1331
f 1979/1235/1332 1978/1234/1332 1976/1232/1332
f 2000/1240/1333 2001/1239/1333 2002/1241/1333
f 1976/1232/1334 1989/1245/1334 1991/1208/1334
f 1976/1232/1335 1975/1231/1335 1989/1245/1335
f 2003/1255/1336 1986/1242/1336 1988/1244/1336
f 1973/1227/1337 1987/1243/1337 1986/1242/1337
f 1973/1227/1338 1972/1229/1338 1987/1243/1338
f 1966/1225/1339 1983/1239/1339 2004/1256/1339
f 1970/1208/1340 1984/1240/1340 1983/1239/1340
f 1970/1208/1341 1963/1223/1341 1984/1240/1341
f 1963/1223/1342 2005/1257/1342 1984/1240/1342
f 1969/1227/1343 1981/1237/1343 1980/1236/1343
f 1969/1227/1344 1960/1217/1344 1981/1237/1344
f 1960/1217/1345 1998/1253/1345 1981/1237/1345
f 1968/1223/1346 2000/1240/1346 2006/1257/1346
f 1968/1223/1347 1957/1208/1347 2000/1240/1347
f 1957/1208/1348 2001/1239/1348 2000/1240/1348
f 2007/1225/1349 2008/1256/1349 2001/1239/1349
f 1967/1226/1350 1954/1217/1350 2003/1255/1350
f 1954/1217/1351 1986/1242/1351 2003/1255/1351
f 1966/1225/1352 1970/1208/1352 1983/1239/1352
f 1966/1225/1353 1965/1219/1353 1970/1208/1353
f 1965/1219/1354 1961/1218/1354 1970/1208/1354
f 2009/1229/1355 1969/1227/1355 1980/1236/1355
f 2009/1229/1356 2010/1258/1356 1969/1227/1356
f 2010/1258/1357 1958/1220/1357 1969/1227/1357
f 1960/1217/1358 2011/1226/1358 1998/1253/1358
f 1960/1217/1359 1959/1221/1359 2011/1226/1359
f 2012/1222/1360 1955/1218/1360 1968/1223/1360
f 1957/1208/1361 2007/1225/1361 2001/1239/1361
f 1957/1208/1362 1956/1219/1362 2007/1225/1362
f 1956/1219/1363 2013/1224/1363 2007/1225/1363
f 1954/1217/1364 1973/1227/1364 1986/1242/1364
f 1954/1217/1365 1950/1213/1365 1973/1227/1365
f 1950/1213/1366 1971/1228/1366 1973/1227/1366
f 1953/1216/1367 2014/1259/1367 2015/1260/1367
f 1953/1216/1368 1952/1215/1368 2014/1259/1368
f 2016/1261/1369 1961/1218/1369 1965/1219/1369
f 1952/1215/1370 2017/1262/1370 2018/1263/1370
f 1952/1215/1371 1951/1214/1371 2017/1262/1371
f 2019/1264/1372 1958/1220/1372 2010/1258/1372
f 2019/1264/1373 1959/1221/1373 1958/1220/1373
f 1951/1214/1374 1947/1210/1374 2020/1265/1374
f 1947/1210/1375 2021/1266/1375 2020/1265/1375
f 1950/1213/1376 2022/1267/1376 1971/1228/1376
f 2023/1268/1377 1946/1209/1377 1953/1216/1377
f 1946/1209/1378 1945/1208/1378 1953/1216/1378
f 2024/1261/1379 1956/1219/1379 1955/1218/1379
f 1947/1210/1380 1946/1209/1380 2025/1269/1380
f 1946/1209/1381 2026/1270/1381 2025/1269/1381
f 2027/1208/1302 2028/1209/1302 2029/1210/1302
f 2030/1211/1303 2031/1212/1303 2032/1213/1303
f 2027/1208/1304 2029/1210/1304 2033/1214/1304
f 2027/1208/1305 2033/1214/1305 2034/1215/1305
f 2027/1208/1306 2034/1215/1306 2035/1216/1306
f 2030/1211/1307 2032/1213/1307 2036/1217/1307
f 2037/1218/1308 2038/1219/1308 2039/1208/1308
f 2040/1220/1309 2041/1221/1309 2042/1217/1309
f 2043/1218/1310 2044/1222/1310 2045/1223/1310
f 2046/1224/1311 2047/1219/1311 2048/1225/1311
f 2030/1211/1312 2036/1217/1312 2049/1226/1312
f 2037/1218/1313 2039/1208/1313 2050/1223/1313
f 2040/1220/1314 2042/1217/1314 2051/1227/1314
f 2043/1218/1315 2045/1223/1315 2052/1208/1315
f 2053/1228/1316 2054/1229/1316 2055/1227/1316
f 2056/1230/1317 2057/1231/1317 2058/1232/1317
f 2059/1233/1318 2060/1234/1318 2061/1235/1318
f 2062/1236/1319 2063/1237/1319 2064/1238/1319
f 2065/1239/1320 2066/1240/1320 2067/1241/1320
f 2068/1242/1321 2069/1243/1321 2070/1244/1321
f 2071/1245/1322 2072/1246/1322 2073/1208/1322
f 2071/1245/1323 2074/1247/1323 2072/1246/1323
f 2074/1247/1324 2075/1248/1324 2072/1246/1324
f 2072/1246/1325 2076/1249/1325 2073/1208/1325
f 2072/1246/1326 2077/1250/1326 2076/1249/1326
f 2077/1250/1327 2078/1251/1327 2076/1249/1327
f 2076/1249/1328 2061/1235/1328 2073/1208/1328
f 2076/1249/1329 2079/1252/1329 2061/1235/1329
f 2063/1237/1330 2080/1253/1330 2081/1254/1330
f 2061/1235/1331 2058/1232/1331 2073/1208/1331
f 2061/1235/1332 2060/1234/1332 2058/1232/1332
f 2082/1240/1333 2083/1239/1333 2084/1241/1333
f 2058/1232/1334 2071/1245/1334 2073/1208/1334
f 2058/1232/1335 2057/1231/1335 2071/1245/1335
f 2085/1255/1336 2068/1242/1336 2070/1244/1336
f 2055/1227/1337 2069/1243/1337 2068/1242/1337
f 2055/1227/1338 2054/1229/1338 2069/1243/1338
f 2048/1225/1339 2065/1239/1339 2086/1256/1339
f 2052/1208/1340 2066/1240/1340 2065/1239/1340
f 2052/1208/1341 2045/1223/1341 2066/1240/1341
f 2045/1223/1342 2087/1257/1342 2066/1240/1342
f 2051/1227/1343 2063/1237/1343 2062/1236/1343
f 2051/1227/1344 2042/1217/1344 2063/1237/1344
f 2042/1217/1345 2080/1253/1345 2063/1237/1345
f 2050/1223/1346 2082/1240/1346 2088/1257/1346
f 2050/1223/1347 2039/1208/1347 2082/1240/1347
f 2039/1208/1348 2083/1239/1348 2082/1240/1348
f 2089/1225/1349 2090/1256/1349 2083/1239/1349
f 2049/1226/1350 2036/1217/1350 2085/1255/1350
f 2036/1217/1351 2068/1242/1351 2085/1255/1351
f 2048/1225/1352 2052/1208/1352 2065/1239/1352
f 2048/1225/1353 2047/1219/1353 2052/1208/1353
f 2047/1219/1354 2043/1218/1354 2052/1208/1354
f 2091/1229/1355 2051/1227/1355 2062/1236/1355
f 2091/1229/1356 2092/1258/1356 2051/1227/1356
f 2092/1258/1357 2040/1220/1357 2051/1227/1357
f 2042/1217/1358 2093/1226/1358 2080/1253/1358
f 2042/1217/1359 2041/1221/1359 2093/1226/1359
f 2094/1222/1360 2037/1218/1360 2050/1223/1360
f 2039/1208/1361 2089/1225/1361 2083/1239/1361
f 2039/1208/1362 2038/1219/1362 2089/1225/1362
f 2038/1219/1363 2095/1224/1363 2089/1225/1363
f 2036/1217/1364 2055/1227/1364 2068/1242/1364
f 2036/1217/1365 2032/1213/1365 2055/1227/1365
f 2032/1213/1366 2053/1228/1366 2055/1227/1366
f 2035/1216/1367 2096/1259/1367 2097/1260/1367
f 2035/1216/1368 2034/1215/1368 2096/1259/1368
f 2098/1261/1369 2043/1218/1369 2047/1219/1369
f 2034/1215/1370 2099/1262/1370 2100/1263/1370
f 2034/1215/1371 2033/1214/1371 2099/1262/1371
f 2101/1264/1372 2040/1220/1372 2092/1258/1372
f 2101/1264/1373 2041/1221/1373 2040/1220/1373
f 2033/1214/1374 2029/1210/1374 2102/1265/1374
f 2029/1210/1375 2103/1266/1375 2102/1265/1375
f 2032/1213/1376 2104/1267/1376 2053/1228/1376
f 2105/1268/1377 2028/1209/1377 2035/1216/1377
f 2028/1209/1378 2027/1208/1378 2035/1216/1378
f 2106/1261/1379 2038/1219/1379 2037/1218/1379
f 2029/1210/1380 2028/1209/1380 2107/1269/1380
f 2028/1209/1381 2108/1270/1381 2107/1269/1381
f 2109/1208/1302 2110/1271/1302 2111/1272/1302
f 2112/1273/1303 2113/1274/1303 2114/1275/1303
f 2109/1208/1304 2111/1272/1304 2115/1276/1304
f 2109/1208/1305 2115/1276/1305 2116/1277/1305
f 2109/1208/1306 2116/1277/1306 2117/1278/1306
f 2112/1273/1307 2114/1275/1307 2118/1279/1307
f 2119/1280/1308 2120/1281/1308 2121/1208/1308
f 2122/1282/1309 2123/1283/1309 2124/1279/1309
f 2125/1280/1310 2126/1284/1310 2127/1285/1310
f 2128/1286/1311 2129/1281/1311 2130/1287/1311
f 2112/1273/1312 2118/1279/1312 2131/1288/1312
f 2119/1280/1313 2121/1208/1313 2132/1285/1313
f 2122/1282/1314 2124/1279/1314 2133/1289/1314
f 2125/1280/1315 2127/1285/1315 2134/1208/1315
f 2135/1290/1316 2136/1291/1316 2137/1289/1316
f 2138/1292/1317 2139/1293/1317 2140/1294/1317
f 2141/1295/1318 2142/1296/1318 2143/1297/1318
f 2144/1298/1319 2145/1299/1319 2146/1300/1319
f 2147/1301/1320 2148/1302/1320 2149/1303/1320
f 2150/1304/1321 2151/1305/1321 2152/1306/1321
f 2153/1307/1322 2154/1308/1322 2155/1208/1322
f 2153/1307/1323 2156/1309/1323 2154/1308/1323
f 2156/1309/1324 2157/1310/1324 2154/1308/1324
f 2154/1308/1325 2158/1311/1325 2155/1208/1325
f 2154/1308/1326 2159/1312/1326 2158/1311/1326
f 2159/1312/1327 2160/1313/1327 2158/1311/1327
f 2158/1311/1328 2143/1297/1328 2155/1208/1328
f 2158/1311/1329 2161/1314/1329 2143/1297/1329
f 2145/1299/1330 2162/1315/1330 2163/1316/1330
f 2143/1297/1331 2140/1294/1331 2155/1208/1331
f 2143/1297/1332 2142/1296/1332 2140/1294/1332
f 2164/1302/1333 2165/1301/1333 2166/1303/1333
f 2140/1294/1334 2153/1307/1334 2155/1208/1334
f 2140/1294/1335 2139/1293/1335 2153/1307/1335
f 2167/1317/1336 2150/1304/1336 2152/1306/1336
f 2137/1289/1337 2151/1305/1337 2150/1304/1337
f 2137/1289/1338 2136/1291/1338 2151/1305/1338
f 2130/1287/1339 2147/1301/1339 2168/1318/1339
f 2134/1208/1340 2148/1302/1340 2147/1301/1340
f 2134/1208/1341 2127/1285/1341 2148/1302/1341
f 2127/1285/1342 2169/1319/1342 2148/1302/1342
f 2133/1289/1343 2145/1299/1343 2144/1298/1343
f 2133/1289/1344 2124/1279/1344 2145/1299/1344
f 2124/1279/1345 2162/1315/1345 2145/1299/1345
f 2132/1285/1346 2164/1302/1346 2170/1319/1346
f 2132/1285/1347 2121/1208/1347 2164/1302/1347
f 2121/1208/1348 2165/1301/1348 2164/1302/1348
f 2171/1287/1349 2172/1318/1349 2165/1301/1349
f 2131/1288/1350 2118/1279/1350 2167/1317/1350
f 2118/1279/1351 2150/1304/1351 2167/1317/1351
f 2130/1287/1352 2134/1208/1352 2147/1301/1352
f 2130/1287/1353 2129/1281/1353 2134/1208/1353
f 2129/1281/1354 2125/1280/1354 2134/1208/1354
f 2173/1291/1355 2133/1289/1355 2144/1298/1355
f 2173/1291/1356 2174/1320/1356 2133/1289/1356
f 2174/1320/1357 2122/1282/1357 2133/1289/1357
f 2124/1279/1358 2175/1288/1358 2162/1315/1358
f 2124/1279/1359 2123/1283/1359 2175/1288/1359
f 2176/1284/1360 2119/1280/1360 2132/1285/1360
f 2121/1208/1361 2171/1287/1361 2165/1301/1361
f 2121/1208/1362 2120/1281/1362 2171/1287/1362
f 2120/1281/1363 2177/1286/1363 2171/1287/1363
f 2118/1279/1364 2137/1289/1364 2150/1304/1364
f 2118/1279/1365 2114/1275/1365 2137/1289/1365
f 2114/1275/1366 2135/1290/1366 2137/1289/1366
f 2117/1278/1367 2178/1321/1367 2179/1322/1367
f 2117/1278/1368 2116/1277/1368 2178/1321/1368
f 2180/1323/1369 2125/1280/1369 2129/1281/1369
f 2116/1277/1370 2181/1324/1370 2182/1325/1370
f 2116/1277/1371 2115/1276/1371 2181/1324/1371
f 2183/1326/1372 2122/1282/1372 2174/1320/1372
f 2183/1326/1373 2123/1283/1373 2122/1282/1373
f 2115/1276/1374 2111/1272/1374 2184/1327/1374
f 2111/1272/1375 2185/1328/1375 2184/1327/1375
f 2114/1275/1376 2186/1329/1376 2135/1290/1376
f 2187/1330/1377 2110/1271/1377 2117/1278/1377
f 2110/1271/1378 2109/1208/1378 2117/1278/1378
f 2188/1323/1379 2120/1281/1379 2119/1280/1379
f 2111/1272/1380 2110/1271/1380 2189/1331/1380
f 2110/1271/1381 2190/1332/1381 2189/1331/1381
f 2191/1333/1382 2192/1334/1382 2193/1335/1382
f 2191/1333/1382 2193/1335/1382 2194/1336/1382
f 2195/1337/1383 2196/1338/1383 2197/1339/1383
f 2195/1337/1383 2197/1339/1383 2198/1340/1383
f 2199/1341/1384 2200/1342/1384 2201/1343/1384
f 2199/1341/1384 2201/1343/1384 2202/1344/1384
f 2200/1342/1385 2203/1341/1385 2204/1344/1385
f 2200/1342/1385 2204/1344/1385 2201/1343/1385
f 2205/1342/1386 2206/1341/1386 2207/1344/1386
f 2205/1342/1386 2207/1344/1386 2208/1343/1386
f 2206/1341/1387 2209/1342/1387 2210/1343/1387
f 2206/1341/1387 2210/1343/1387 2207/1344/1387
f 2211/1345/1384 2212/1346/1384 2200/1342/1384
f 2211/1345/1384 2200/1342/1384 2199/1341/1384
f 2212/1346/1385 2213/1345/1385 2203/1341/1385
f 2212/1346/1385 2203/1341/1385 2200/1342/1385
f 2214/1346/1386 2215/1345/1386 2206/1341/1386
f 2214/1346/1386 2206/1341/1386 2205/1342/1386
f 2215/1345/1387 2216/1346/1387 2209/1342/1387
f 2215/1345/1387 2209/1342/1387 2206/1341/1387
f 2217/1347/1384 2218/1348/1384 2212/1346/1384
f 2217/1347/1384 2212/1346/1384 2211/1345/1384
f 2218/1348/1385 2219/1347/1385 2213/1345/1385
f 2218/1348/1385 2213/1345/1385 2212/1346/1385
f 2220/1348/1386 2221/1347/1386 2215/1345/1386
f 2220/1348/1386 2215/1345/1386 2214/1346/1386
f 2221/1347/1387 2222/1348/1387 2216/1346/1387
f 2221/1347/1387 2216/1346/1387 2215/1345/1387
f 2223/1349/1384 2224/1350/1384 2218/1348/1384
f 2223/1349/1384 2218/1348/1384 2217/1347/1384
f 2224/1350/1385 2225/1349/1385 2219/1347/1385
f 2224/1350/1385 2219/1347/1385 2218/1348/1385
f 2226/1350/1386 2227/1349/1386 2221/1347/1386
f 2226/1350/1386 2221/1347/1386 2220/1348/1386
f 2227/1349/1387 2228/1350/1387 2222/1348/1387
f 2227/1349/1387 2222/1348/1387 2221/1347/1387
f 2229/1351/1384 2230/1352/1384 2224/1350/1384
f 2229/1351/1384 2224/1350/1384 2223/1349/1384
f 2230/1352/1385 2231/1351/1385 2225/1349/1385
f 2230/1352/1385 2225/1349/1385 2224/1350/1385
f 2232/1352/1386 2233/1351/1386 2227/1349/1386
f 2232/1352/1386 2227/1349/1386 2226/1350/1386
f 2233/1351/1387 2234/1352/1387 2228/1350/1387
f 2233/1351/1387 2228/1350/1387 2227/1349/1387
f 2235/1353/1384 2236/1354/1384 2230/1352/1384
f 2235/1353/1384 2230/1352/1384 2229/1351/1384
f 2236/1354/1385 2237/1353/1385 2231/1351/1385
f 2236/1354/1385 2231/1351/1385 2230/1352/1385
f 2238/1354/1386 2239/1353/1386 2233/1351/1386
f 2238/1354/1386 2233/1351/1386 2232/1352/1386
f 2239/1353/1387 2240/1354/1387 2234/1352/1387
f 2239/1353/1387 2234/1352/1387 2233/1351/1387
f 2241/1355/1384 2242/1356/1384 2236/1354/1384
f 2241/1355/1384 2236/1354/1384 2235/1353/1384
f 2242/1356/1385 2243/1355/1385 2237/1353/1385
f 2242/1356/1385 2237/1353/1385 2236/1354/1385
f 2244/1356/1386 2245/1355/1386 2239/1353/1386
f 2244/1356/1386 2239/1353/1386 2238/1354/1386
f 2245/1355/1387 2246/1356/1387 2240/1354/1387
f 2245/1355/1387 2240/1354/1387 2239/1353/1387
f 2247/1357/1384 2248/1358/1384 2242/1356/1384
f 2247/1357/1384 2242/1356/1384 2241/1355/1384
f 2248/1358/1385 2249/1357/1385 2243/1355/1385
f 2248/1358/1385 2243/1355/1385 2242/1356/1385
f 2250/1358/1386 2251/1357/1386 2245/1355/1386
f 2250/1358/1386 2245/1355/1386 2244/1356/1386
f 2251/1357/1387 2252/1358/1387 2246/1356/1387
f 2251/1357/1387 2246/1356/1387 2245/1355/1387
f 2253/1359/1384 2254/1360/1384 2248/1358/1384
f 2253/1359/1384 2248/1358/1384 2247/1357/1384
f 2254/1360/1385 2255/1359/1385 2249/1357/1385
f 2254/1360/1385 2249/1357/1385 2248/1358/1385
f 2256/1360/1386 2257/1359/1386 2251/1357/1386
f 2256/1360/1386 2251/1357/1386 2250/1358/1386
f 2257/1359/1387 2258/1360/1387 2252/1358/1387
f 2257/1359/1387 2252/1358/1387 2251/1357/1387
f 2259/1361/1384 2260/1362/1384 2254/1360/1384
f 2259/1361/1384 2254/1360/1384 2253/1359/1384
f 2260/1362/1385 2261/1361/1385 2255/1359/1385
f 2260/1362/1385 2255/1359/1385 2254/1360/1385
f 2262/1362/1386 2263/1361/1386 2257/1359/1386
f 2262/1362/1386 2257/1359/1386 2256/1360/1386
f 2263/1361/1387 2264/1362/1387 2258/1360/1387
f 2263/1361/1387 2258/1360/1387 2257/1359/1387
f 2265/1363/1384 2266/1364/1384 2260/1362/1384
f 2265/1363/1384 2260/1362/1384 2259/1361/1384
f 2266/1364/1385 2267/1363/1385 2261/1361/1385
f 2266/1364/1385 2261/1361/1385 2260/1362/1385
f 2268/1364/1386 2269/1363/1386 2263/1361/1386
f 2268/1364/1386 2263/1361/1386 2262/1362/1386
f 2269/1363/1387 2270/1364/1387 2264/1362/1387
f 2269/1363/1387 2264/1362/1387 2263/1361/1387
f 2271/1365/1384 2272/1366/1384 2266/1364/1384
f 2271/1365/1384 2266/1364/1384 2265/1363/1384
f 2272/1366/1385 2273/1365/1385 2267/1363/1385
f 2272/1366/1385 2267/1363/1385 2266/1364/1385
f 2274/1366/1386 2275/1365/1386 2269/1363/1386
f 2274/1366/1386 2269/1363/1386 2268/1364/1386
f 2275/1365/1387 2276/1366/1387 2270/1364/1387
f 2275/1365/1387 2270/1364/1387 2269/1363/1387
f 2277/1367/1384 2278/1368/1384 2272/1366/1384
f 2277/1367/1384 2272/1366/1384 2271/1365/1384
f 2278/1368/1385 2279/1367/1385 2273/1365/1385
f 2278/1368/1385 2273/1365/1385 2272/1366/1385
f 2280/1368/1386 2281/1367/1386 2275/1365/1386
f 2280/1368/1386 2275/1365/1386 2274/1366/1386
f 2281/1367/1387 2282/1368/1387 2276/1366/1387
f 2281/1367/1387 2276/1366/1387 2275/1365/1387
f 2283/1369/1384 2284/1370/1384 2278/1368/1384
f 2283/1369/1384 2278/1368/1384 2277/1367/1384
f 2284/1370/1385 2285/1369/1385 2279/1367/1385
f 2284/1370/1385 2279/1367/1385 2278/1368/1385
f 2286/1370/1386 2287/1369/1386 2281/1367/1386
f 2286/1370/1386 2281/1367/1386 2280/1368/1386
f 2287/1369/1387 2288/1370/1387 2282/1368/1387
f 2287/1369/1387 2282/1368/1387 2281/1367/1387
f 2289/1371/1384 2290/1372/1384 2284/1370/1384
f 2289/1371/1384 2284/1370/1384 2283/1369/1384
f 2290/1372/1385 2291/1371/1385 2285/1369/1385
f 2290/1372/1385 2285/1369/1385 2284/1370/1385
f 2292/1372/1386 2293/1371/1386 2287/1369/1386
f 2292/1372/1386 2287/1369/1386 2286/1370/1386
f 2293/1371/1387 2294/1372/1387 2288/1370/1387
f 2293/1371/1387 2288/1370/1387 2287/1369/1387
f 2295/1373/1384 2296/1374/1384 2290/1372/1384
f 2295/1373/1384 2290/1372/1384 2289/1371/1384
f 2296/1374/1385 2297/1373/1385 2291/1371/1385
f 2296/1374/1385 2291/1371/1385 2290/1372/1385
f 2298/1374/1386 2299/1373/1386 2293/1371/1386
f 2298/1374/1386 2293/1371/1386 2292/1372/1386
f 2299/1373/1387 2300/1374/1387 2294/1372/1387
f 2299/1373/1387 2294/1372/1387 2293/1371/1387
f 2301/1375/1384 2302/1376/1384 2296/1374/1384
f 2301/1375/1384 2296/1374/1384 2295/1373/1384
f 2302/1376/1385 2303/1375/1385 2297/1373/1385
f 2302/1376/1385 2297/1373/1385 2296/1374/1385
f 2304/1376/1386 2305/1375/1386 2299/1373/1386
f 2304/1376/1386 2299/1373/1386 2298/1374/1386
f 2305/1375/1387 2306/1376/1387 2300/1374/1387
f 2305/1375/1387 2300/1374/1387 2299/1373/1387
f 2307/1377/1384 2308/1378/1384 2302/1376/1384
f 2307/1377/1384 2302/1376/1384 2301/1375/1384
f 2308/1378/1385 2309/1377/1385 2303/1375/1385
f 2308/1378/1385 2303/1375/1385 2302/1376/1385
f 2310/1378/1386 2311/1377/1386 2305/1375/1386
f 2310/1378/1386 2305/1375/1386 2304/1376/1386
f 2311/1377/1387 2312/1378/1387 2306/1376/1387
f 2311/1377/1387 2306/1376/1387 2305/1375/1387
f 2313/1379/1384 2314/1380/1384 2308/1378/1384
f 2313/1379/1384 2308/1378/1384 2307/1377/1384
f 2314/1380/1385 2315/1379/1385 2309/1377/1385
f 2314/1380/1385 2309/1377/1385 2308/1378/1385
f 2316/1380/1386 2317/1379/1386 2311/1377/1386
f 2316/1380/1386 2311/1377/1386 2310/1378/1386
f 2317/1379/1387 2318/1380/1387 2312/1378/1387
f 2317/1379/1387 2312/1378/1387 2311/1377/1387
f 2319/1381/1384 2320/1382/1384 2314/1380/1384
f 2319/1381/1384 2314/1380/1384 2313/1379/1384
f 2320/1382/1385 2321/1381/1385 2315/1379/1385
f 2320/1382/1385 2315/1379/1385 2314/1380/1385
f 2322/1382/1386 2323/1381/1386 2317/1379/1386
f 2322/1382/1386 2317/1379/1386 2316/1380/1386
f 2323/1381/1387 2324/1382/1387 2318/1380/1387
f 2323/1381/1387 2318/1380/1387 2317/1379/1387
f 2325/1383/1384 2326/1384/1384 2320/1382/1384
f 2325/1383/1384 2320/1382/1384 2319/1381/1384
f 2326/1384/1385 2327/1383/1385 2321/1381/1385
f 2326/1384/1385 2321/1381/1385 2320/1382/1385
f 2328/1384/1386 2329/1383/1386 2323/1381/1386
f 2328/1384/1386 2323/1381/1386 2322/1382/1386
f 2329/1383/1387 2330/1384/1387 2324/1382/1387
f 2329/1383/1387 2324/1382/1387 2323/1381/1387
f 2331/1385/1384 2332/1386/1384 2326/1384/1384
f 2331/1385/1384 2326/1384/1384 2325/1383/1384
f 2332/1386/1385 2333/1385/1385 2327/1383/1385
f 2332/1386/1385 2327/1383/1385 2326/1384/1385
f 2334/1386/1386 2335/1385/1386 2329/1383/1386
f 2334/1386/1386 2329/1383/1386 2328/1384/1386
f 2335/1385/1387 2336/1386/1387 2330/1384/1387
f 2335/1385/1387 2330/1384/1387 2329/1383/1387
f 2337/1387/1384 2338/1388/1384 2332/1386/1384
f 2337/1387/1384 2332/1386/1384 2331/1385/1384
f 2339/1389/1388 2340/1390/1388 2333/1385/1388
f 2339/1389/1388 2333/1385/1388 2332/1386/1388
f 2341/1388/1386 2342/1387/1386 2335/1385/1386
f 2341/1388/1386 2335/1385/1386 2334/1386/1386
f 2343/1391/1389 2344/1392/1389 2336/1386/1389
f 2343/1391/1389 2336/1386/1389 2335/1385/1389
f 2345/1393/1384 2346/1394/1384 2338/1388/1384
f 2345/1393/1384 2338/1388/1384 2337/1387/1384
f 2347/1395/1390 2348/1396/1390 2349/1397/1390
f 2347/1395/1390 2349/1397/1390 2350/1398/1390
f 2351/1394/1386 2352/1393/1386 2342/1387/1386
f 2351/1394/1386 2342/1387/1386 2341/1388/1386
f 2353/1399/1391 2354/1400/1391 2355/1401/1391
f 2353/1399/1391 2355/1401/1391 2356/1402/1391
f 2357/1403/1384 2358/1404/1384 2346/1394/1384
f 2357/1403/1384 2346/1394/1384 2345/1393/1384
f 2359/1405/1392 2360/1406/1392 2348/1396/1392
f 2359/1405/1392 2348/1396/1392 2347/1395/1392
f 2361/1404/1386 2362/1403/1386 2352/1393/1386
f 2361/1404/1386 2352/1393/1386 2351/1394/1386
f 2363/1407/1393 2364/1408/1393 2354/1400/1393
f 2363/1407/1393 2354/1400/1393 2353/1399/1393
f 2365/1409/1384 2366/1410/1384 2358/1404/1384
f 2365/1409/1384 2358/1404/1384 2357/1403/1384
f 2367/1411/1392 2368/1412/1392 2360/1406/1392
f 2367/1411/1392 2360/1406/1392 2359/1405/1392
f 2369/1410/1386 2370/1409/1386 2362/1403/1386
f 2369/1410/1386 2362/1403/1386 2361/1404/1386
f 2371/1413/1393 2372/1414/1393 2364/1408/1393
f 2371/1413/1393 2364/1408/1393 2363/1407/1393
f 2373/1415/1384 2374/1416/1384 2366/1410/1384
f 2373/1415/1384 2366/1410/1384 2365/1409/1384
f 2375/1417/1392 2376/1418/1392 2368/1412/1392
f 2375/1417/1392 2368/1412/1392 2367/1411/1392
f 2377/1416/1386 2378/1415/1386 2370/1409/1386
f 2377/1416/1386 2370/1409/1386 2369/1410/1386
f 2379/1419/1393 2380/1420/1393 2372/1414/1393
f 2379/1419/1393 2372/1414/1393 2371/1413/1393
f 2381/1421/1384 2382/1422/1384 2374/1416/1384
f 2381/1421/1384 2374/1416/1384 2373/1415/1384
f 2383/1423/1392 2384/1424/1392 2376/1418/1392
f 2383/1423/1392 2376/1418/1392 2375/1417/1392
f 2385/1422/1386 2386/1421/1386 2378/1415/1386
f 2385/1422/1386 2378/1415/1386 2377/1416/1386
f 2387/1425/1393 2388/1426/1393 2380/1420/1393
f 2387/1425/1393 2380/1420/1393 2379/1419/1393
f 2389/1427/1384 2390/1428/1384 2382/1422/1384
f 2389/1427/1384 2382/1422/1384 2381/1421/1384
f 2391/1429/1392 2392/1430/1392 2384/1424/1392
f 2391/1429/1392 2384/1424/1392 2383/1423/1392
f 2393/1428/1386 2394/1427/1386 2386/1421/1386
f 2393/1428/1386 2386/1421/1386 2385/1422/1386
f 2395/1431/1393 2396/1432/1393 2388/1426/1393
f 2395/1431/1393 2388/1426/1393 2387/1425/1393
f 2397/1433/1384 2398/1434/1384 2390/1428/1384
f 2397/1433/1384 2390/1428/1384 2389/1427/1384
f 2399/1435/1394 2400/1436/1394 2392/1430/1394
f 2399/1435/1394 2392/1430/1394 2391/1429/1394
f 2401/1434/1386 2402/1433/1386 2394/1427/1386
f 2401/1434/1386 2394/1427/1386 2393/1428/1386
f 2403/1437/1395 2404/1438/1395 2396/1432/1395
f 2403/1437/1395 2396/1432/1395 2395/1431/1395
f 2405/1439/1384 2406/1440/1384 2398/1434/1384
f 2405/1439/1384 2398/1434/1384 2397/1433/1384
f 2407/1441/1396 2408/1442/1396 2400/1436/1396
f 2407/1441/1396 2400/1436/1396 2399/1435/1396
f 2409/1440/1386 2410/1439/1386 2402/1433/1386
f 2409/1440/1386 2402/1433/1386 2401/1434/1386
f 2411/1443/1397 2412/1444/1397 2404/1438/1397
f 2411/1443/1397 2404/1438/1397 2403/1437/1397
f 2413/1445/1384 2414/1446/1384 2406/1440/1384
f 2413/1445/1384 2406/1440/1384 2405/1439/1384
f 2415/1447/1398 2416/1448/1398 2408/1442/1398
f 2415/1447/1398 2408/1442/1398 2407/1441/1398
f 2417/1446/1386 2418/1445/1386 2410/1439/1386
f 2417/1446/1386 2410/1439/1386 2409/1440/1386
f 2419/1449/1399 2420/1450/1399 2412/1444/1399
f 2419/1449/1399 2412/1444/1399 2411/1443/1399
f 2421/1451/1384 2422/1452/1384 2414/1446/1384
f 2421/1451/1384 2414/1446/1384 2413/1445/1384
f 2423/1453/1398 2424/1454/1398 2416/1448/1398
f 2423/1453/1398 2416/1448/1398 2415/1447/1398
f 2425/1452/1386 2426/1451/1386 2418/1445/1386
f 2425/1452/1386 2418/1445/1386 2417/1446/1386
f 2427/1455/1399 2428/1456/1399 2420/1450/1399
f 2427/1455/1399 2420/1450/1399 2419/1449/1399
f 2429/1457/1384 2430/1458/1384 2422/1452/1384
f 2429/1457/1384 2422/1452/1384 2421/1451/1384
f 2431/1459/1398 2432/1460/1398 2424/1454/1398
f 2431/1459/1398 2424/1454/1398 2423/1453/1398
f 2433/1458/1386 2434/1457/1386 2426/1451/1386
f 2433/1458/1386 2426/1451/1386 2425/1452/1386
f 2435/1461/1399 2436/1462/1399 2428/1456/1399
f 2435/1461/1399 2428/1456/1399 2427/1455/1399
f 2437/1463/1384 2438/1464/1384 2430/1458/1384
f 2437/1463/1384 2430/1458/1384 2429/1457/1384
f 2439/1465/1398 2440/1466/1398 2432/1460/1398
f 2439/1465/1398 2432/1460/1398 2431/1459/1398
f 2441/1464/1386 2442/1463/1386 2434/1457/1386
f 2441/1464/1386 2434/1457/1386 2433/1458/1386
f 2443/1467/1399 2444/1468/1399 2436/1462/1399
f 2443/1467/1399 2436/1462/1399 2435/1461/1399
f 2445/1469/1384 2446/1470/1384 2438/1464/1384
f 2445/1469/1384 2438/1464/1384 2437/1463/1384
f 2447/1471/1398 2448/1472/1398 2440/1466/1398
f 2447/1471/1398 2440/1466/1398 2439/1465/1398
f 2449/1470/1386 2450/1469/1386 2442/1463/1386
f 2449/1470/1386 2442/1463/1386 2441/1464/1386
f 2451/1473/1399 2452/1474/1399 2444/1468/1399
f 2451/1473/1399 2444/1468/1399 2443/1467/1399
f 2453/1475/1384 2454/1476/1384 2446/1470/1384
f 2453/1475/1384 2446/1470/1384 2445/1469/1384
f 2455/1477/1398 2456/1478/1398 2448/1472/1398
f 2455/1477/1398 2448/1472/1398 2447/1471/1398
f 2457/1476/1386 2458/1475/1386 2450/1469/1386
f 2457/1476/1386 2450/1469/1386 2449/1470/1386
f 2459/1479/1399 2460/1480/1399 2452/1474/1399
f 2459/1479/1399 2452/1474/1399 2451/1473/1399
# Vertices: 598, normals: 98, texture coordinates: 273, faces: 620

o obj5
v -2.56390983 -0.06976841 4.69454739
v -2.57371757 -0.06976862 4.69573808
v -2.57371759 -0.06969905 4.69643405
v -2.56374329 -0.06969884 4.69522315
v -2.55467204 -0.06976823 4.69104417
v -2.55434861 -0.06969865 4.69166043
v -2.54654105 -0.06976808 4.68543199
v -2.54607954 -0.0696985 4.68595295
v -2.53998943 -0.06976798 4.67803702
v -2.54654105 -0.06976808 4.68543199
v -2.54607954 -0.0696985 4.68595295
v -2.53941666 -0.0696984 4.67843239
v -2.53539791 -0.06976793 4.66928903
v -2.53474716 -0.06969834 4.66953584
v -2.53303334 -0.06976793 4.65969641
v -2.53234244 -0.06969834 4.65978032
v -2.53303315 -0.06976798 4.64981666
v -2.53234224 -0.0696984 4.64973278
v -2.53539734 -0.06976808 4.64022395
v -2.53474659 -0.0696985 4.63997717
v -2.53998851 -0.06976823 4.63147577
v -2.53941572 -0.06969865 4.63108042
v -2.54653984 -0.06976841 4.62408055
v -2.54607831 -0.06969884 4.62355961
v -2.55467061 -0.06976862 4.61846805
v -2.54653984 -0.06976841 4.62408055
v -2.54607831 -0.06969884 4.62355961
v -2.55434716 -0.06969905 4.6178518
v -2.56390826 -0.06976884 4.61496445
v -2.56374169 -0.06969927 4.6142887
v -2.57371595 -0.06976906 4.61377339
v -2.57371594 -0.0696995 4.61307741
v -2.58352369 -0.06976927 4.61496407
v -2.58369024 -0.06969971 4.61428831
v -2.59276149 -0.06976945 4.6184673
v -2.59308491 -0.06969989 4.61785103
v -2.60089247 -0.0697696 4.62407948
v -2.60135399 -0.06970004 4.62355852
v -2.6074441 -0.0697697 4.63147444
v -2.60089247 -0.0697696 4.62407948
v -2.60135399 -0.06970004 4.62355852
v -2.60801687 -0.06970015 4.63107907
v -2.61203562 -0.06976975 4.64022244
v -2.61268636 -0.0697002 4.63997563
v -2.61440019 -0.06976975 4.64981506
v -2.6150911 -0.0697002 4.64973115
v -2.61440039 -0.0697697 4.65969481
v -2.61509129 -0.06970014 4.65977868
v -2.61203619 -0.06976959 4.66928752
v -2.61268695 -0.06970004 4.6695343
v -2.60744502 -0.06976945 4.67803569
v -2.60801781 -0.06969989 4.67843104
v -2.60089368 -0.06976926 4.68543092
v -2.60135522 -0.0696997 4.68595186
v -2.59276292 -0.06976906 4.69104342
v -2.60089368 -0.06976926 4.68543092
v -2.60135522 -0.0696997 4.68595186
v -2.59308637 -0.06969949 4.69165967
v -2.58352526 -0.06976884 4.69454701
v -2.58369183 -0.06969927 4.69522276
v -2.59477961 -0.15442675 4.56928607
v -2.5965978 -0.19221868 4.56190597
v -2.61815341 -0.1922191 4.57008044
v -2.61462185 -0.15442714 4.5768108
v -2.59461912 -0.15463878 4.56993723
v -2.61431019 -0.15463917 4.57740463
v -2.6178267 -0.19227009 4.57070296
v -2.59642956 -0.19226966 4.56258859
v -2.52743408 -0.28896034 4.70699612
v -2.52743386 -0.29907151 4.70699618
v -2.51627697 -0.29907134 4.69440315
v -2.51627719 -0.28896017 4.69440309
v -2.52789792 -0.28883525 4.70647254
v -2.51685285 -0.28883508 4.69400573
v -2.51685265 -0.29837696 4.69400578
v -2.52789771 -0.29837713 4.70647259
v -2.63896596 -0.28896319 4.63000796
v -2.63896575 -0.29907436 4.63000801
v -2.64299241 -0.29907436 4.64634346
v -2.64299263 -0.28896319 4.6463434
v -2.63831193 -0.28883807 4.63025601
v -2.64229824 -0.28883807 4.64642772
v -2.64229803 -0.29837994 4.64642778
v -2.63831172 -0.29837994 4.63025607
v -2.54127804 -0.28896126 4.59296201
v -2.54127782 -0.29907243 4.59296207
v -2.55700879 -0.29907281 4.58699574
v -2.55700901 -0.28896164 4.58699568
v -2.54160312 -0.28883616 4.59358137
v -2.55717643 -0.28883653 4.58767485
v -2.55717622 -0.29837841 4.5876749
v -2.54160292 -0.29837804 4.59358143
v -2.50845798 -0.29907125 4.67950604
v -2.50845821 -0.28896008 4.67950598
v -2.50911224 -0.28883499 4.67925792
v -2.50911204 -0.29837687 4.67925797
v -2.64299274 -0.29907426 4.66316786
v -2.64299296 -0.2889631 4.6631678
v -2.64229857 -0.28883797 4.6630835
v -2.64229836 -0.29837985 4.66308356
v -2.57371049 -0.29907318 4.58496745
v -2.57371071 -0.28896201 4.5849674
v -2.57371073 -0.2888369 4.58566689
v -2.57371052 -0.29837878 4.58566695
v -2.50443132 -0.29907125 4.66317059
v -2.50443154 -0.28896008 4.66317054
v -2.50512593 -0.28883499 4.66308621
v -2.50512573 -0.29837687 4.66308626
v -2.63896672 -0.29907409 4.67950346
v -2.63896694 -0.28896292 4.6795034
v -2.6383129 -0.2888378 4.67925537
v -2.63831269 -0.29837968 4.67925543
v -2.59041226 -0.29907354 4.58699508
v -2.59041248 -0.28896237 4.58699503
v -2.5902451 -0.28883725 4.58767419
v -2.59024489 -0.29837913 4.58767425
v -2.50443099 -0.29907134 4.64634619
v -2.50443121 -0.28896017 4.64634613
v -2.5051256 -0.28883508 4.64643043
v -2.5051254 -0.29837696 4.64643048
v -2.63114833 -0.29907384 4.69440089
v -2.63114854 -0.28896266 4.69440083
v -2.63057287 -0.28883755 4.69400348
v -2.63057266 -0.29837943 4.69400353
v -2.60614347 -0.29907384 4.59296079
v -2.60614369 -0.28896267 4.59296073
v -2.60581864 -0.28883756 4.59358011
v -2.60581843 -0.29837944 4.59358017
v -2.50845701 -0.29907152 4.63001059
v -2.50845723 -0.28896035 4.63001053
v -2.50911127 -0.28883526 4.63025856
v -2.50911107 -0.29837713 4.63025862
v -2.61999193 -0.29907353 4.70699436
v -2.61999215 -0.28896236 4.7069943
v -2.61952829 -0.28883724 4.70647073
v -2.61952808 -0.29837912 4.70647078
v -2.57371346 -0.28896125 4.72454654
v -2.57371324 -0.29907243 4.7245466
v -2.55701146 -0.29907207 4.72251897
v -2.55701169 -0.2889609 4.72251891
v -2.57371345 -0.28883616 4.72384705
v -2.55717907 -0.28883581 4.72183974
v -2.55717887 -0.29837768 4.72183979
v -2.57371324 -0.29837803 4.7238471
v -2.61998987 -0.29907409 4.60251786
v -2.61999009 -0.28896292 4.60251781
v -2.61952625 -0.28883781 4.6030414
v -2.61952605 -0.29837968 4.60304145
v -2.5162754 -0.29907177 4.61511316
v -2.51627563 -0.2889606 4.61511311
v -2.5168513 -0.28883551 4.61551045
v -2.5168511 -0.29837738 4.61551051
v -2.61999215 -0.28896236 4.7069943
v -2.61999193 -0.29907353 4.70699436
v -2.60614591 -0.29907317 4.71655198
v -2.60614613 -0.288962 4.71655192
v -2.61952829 -0.28883724 4.70647073
v -2.60582105 -0.2888369 4.71593256
v -2.60582084 -0.29837877 4.71593261
v -2.61952808 -0.29837912 4.70647078
v -2.54128026 -0.29907176 4.71655326
v -2.54128048 -0.28896059 4.7165532
v -2.54160554 -0.2888355 4.71593383
v -2.54160533 -0.29837738 4.71593388
v -2.61999009 -0.28896292 4.60251781
v -2.61998987 -0.29907409 4.60251786
v -2.63114676 -0.29907427 4.6151109
v -2.63114698 -0.2889631 4.61511084
v -2.61952625 -0.28883781 4.6030414
v -2.63057132 -0.28883798 4.61550821
v -2.63057111 -0.29837986 4.61550827
v -2.61952605 -0.29837968 4.60304145
v -2.5274318 -0.29907208 4.60251969
v -2.52743202 -0.28896091 4.60251964
v -2.52789588 -0.28883582 4.6030432
v -2.52789567 -0.29837769 4.60304326
v -2.59041494 -0.2990728 4.72251831
v -2.59041515 -0.28896163 4.72251825
v -2.59024775 -0.28883653 4.72183909
v -2.59024754 -0.2983784 4.72183914
v -2.52743386 -0.29907151 4.70699618
v -2.52743408 -0.28896034 4.70699612
v -2.52789792 -0.28883525 4.70647254
v -2.52789771 -0.29837713 4.70647259
v -2.52743202 -0.28896091 4.60251964
v -2.5274318 -0.29907208 4.60251969
v -2.52789588 -0.28883582 4.6030432
v -2.52789567 -0.29837769 4.60304326
v -2.55808946 -0.10383176 4.59136156
v -2.55264684 -0.15442583 4.5692869
v -2.57371317 -0.1544263 4.56672857
v -2.57371481 -0.10383211 4.58946399
v -2.55822479 -0.10427787 4.5919106
v -2.57371481 -0.10427821 4.59002947
v -2.57371318 -0.15463834 4.56739921
v -2.55280734 -0.15463788 4.56993805
v -2.48632891 -0.15442398 4.64414735
v -2.47878243 -0.19221568 4.6432315
v -2.48429906 -0.19221592 4.62084773
v -2.49140706 -0.1544242 4.62354279
v -2.48699467 -0.15463604 4.64422818
v -2.49203413 -0.15463626 4.62378059
v -2.48495643 -0.19226692 4.62109702
v -2.47948034 -0.19226668 4.64331623
v -2.64616119 -0.15442713 4.70476016
v -2.65241617 -0.19221909 4.70907819
v -2.63712918 -0.19221867 4.72633432
v -2.63208931 -0.15442672 4.72064467
v -2.64560925 -0.15463916 4.70437919
v -2.63164458 -0.15463879 4.7201427
v -2.63666296 -0.19226965 4.72580811
v -2.65183757 -0.19227008 4.70867883
v -2.57371665 -0.15442535 4.74278382
v -2.57371605 -0.19221716 4.75038518
v -2.55083054 -0.19221668 4.74760683
v -2.55265021 -0.1544249 4.74022631
v -2.57371663 -0.1546374 4.74211318
v -2.55281069 -0.15463696 4.73957515
v -2.55099877 -0.19226768 4.74692422
v -2.57371604 -0.19226815 4.74968214
v -2.63712635 -0.19221945 4.58317598
v -2.63208671 -0.15442747 4.58886542
v -2.631642 -0.15463947 4.58936741
v -2.63666016 -0.19227042 4.58370223
v -2.49501217 -0.19221626 4.60043461
v -2.50126862 -0.15442452 4.60475222
v -2.50182056 -0.15463658 4.60513319
v -2.49559076 -0.19226726 4.60083397
v -2.63208931 -0.15442672 4.72064467
v -2.63712918 -0.19221867 4.72633432
v -2.61815675 -0.19221819 4.7394306
v -2.61462492 -0.15442631 4.73269997
v -2.63164458 -0.15463879 4.7201427
v -2.61431324 -0.15463832 4.73210615
v -2.61783001 -0.19226917 4.7388081
v -2.63666296 -0.19226965 4.72580811
v -2.52927493 -0.19221625 4.73943236
v -2.53280797 -0.15442449 4.73270159
v -2.53311963 -0.15463658 4.73210775
v -2.52960164 -0.19226725 4.73880984
v -2.63208671 -0.15442747 4.58886542
v -2.63712635 -0.19221945 4.58317598
v -2.65241403 -0.19221968 4.60043151
v -2.64615922 -0.15442767 4.60474937
v -2.631642 -0.15463947 4.58936741
v -2.64560729 -0.1546397 4.60513035
v -2.65183544 -0.19227066 4.60083089
v -2.63666016 -0.19227042 4.58370223
v -2.51029916 -0.19221669 4.58317848
v -2.51534051 -0.15442493 4.58886773
v -2.51578523 -0.15463695 4.58936969
v -2.51076537 -0.19226769 4.58370471
v -2.59660146 -0.19221767 4.74760593
v -2.59478298 -0.15442582 4.74022548
v -2.59462247 -0.15463786 4.73957433
v -2.5964332 -0.19226866 4.74692333
v -2.51030198 -0.19221591 4.72633683
v -2.5153431 -0.1544242 4.72064697
v -2.51578781 -0.15463626 4.72014498
v -2.51076817 -0.19226692 4.72581058
v -2.66312794 -0.19221981 4.62084421
v -2.65602152 -0.15442778 4.62353955
v -2.65539446 -0.15463981 4.62377737
v -2.66247058 -0.19227078 4.62109352
v -2.51534051 -0.15442493 4.58886773
v -2.51029916 -0.19221669 4.58317848
v -2.52927159 -0.19221717 4.57008219
v -2.5328049 -0.15442536 4.57681242
v -2.51578523 -0.15463695 4.58936969
v -2.53311658 -0.15463741 4.57740623
v -2.52959832 -0.19226817 4.5707047
v -2.51076537 -0.19226769 4.58370471
v -2.5153431 -0.1544242 4.72064697
v -2.51030198 -0.19221591 4.72633683
v -2.49501431 -0.19221567 4.70908129
v -2.50127059 -0.15442398 4.70476301
v -2.51578781 -0.15463626 4.72014498
v -2.50182251 -0.15463604 4.70438203
v -2.49559289 -0.19226668 4.70868191
v -2.51076817 -0.19226692 4.72581058
v -2.66864546 -0.1922198 4.64322776
v -2.66110049 -0.15442778 4.64414391
v -2.66043473 -0.15463981 4.64422476
v -2.66794755 -0.19227078 4.64331251
v -2.55082687 -0.19221769 4.56190687
v -2.55099514 -0.19226868 4.56258948
v -2.4843004 -0.19221555 4.68866859
v -2.4914083 -0.15442387 4.68597284
v -2.49203535 -0.15463593 4.68573502
v -2.48495775 -0.19226656 4.68841928
v -2.66864591 -0.19221968 4.66628131
v -2.6611009 -0.15442767 4.66536503
v -2.66043514 -0.1546397 4.6652842
v -2.667948 -0.19227066 4.66619658
v -2.57371228 -0.1922182 4.55912762
v -2.5737123 -0.19226919 4.55983066
v -2.47878289 -0.19221555 4.66628505
v -2.48632933 -0.15442387 4.66536847
v -2.48699508 -0.15463593 4.66528762
v -2.47948079 -0.19226656 4.66620029
v -2.66312927 -0.19221944 4.68866507
v -2.65602275 -0.15442744 4.6859696
v -2.65539568 -0.15463948 4.6857318
v -2.66247191 -0.19227042 4.68841578
v -2.66117977 -0.22453464 4.6879262
v -2.65070013 -0.2245343 4.7078944
v -2.66092033 -0.2243924 4.68782781
v -2.65047179 -0.22439207 4.70773679
v -2.48085128 -0.22453084 4.66603396
v -2.48085084 -0.22453096 4.64348287
v -2.48112672 -0.22438861 4.6660005
v -2.48112628 -0.22438874 4.6435163
v -2.57371165 -0.22453343 4.56121208
v -2.59609837 -0.2245339 4.56392986
v -2.57371166 -0.22439119 4.56148953
v -2.59603197 -0.22439166 4.56419926
v -2.66657617 -0.22453488 4.66603029
v -2.66630072 -0.22439264 4.66599685
v -2.48624854 -0.22453084 4.68792964
v -2.48650798 -0.22438861 4.68783125
v -2.55132504 -0.22453292 4.56393074
v -2.55139145 -0.22439069 4.56420014
v -2.66657572 -0.224535 4.64347921
v -2.66630028 -0.22439276 4.64351265
v -2.49672896 -0.22453096 4.70789744
v -2.49695728 -0.22438873 4.70773981
v -2.53023958 -0.22453242 4.57192789
v -2.53036852 -0.22439019 4.57217356
v -2.66117847 -0.22453501 4.62158352
v -2.66091903 -0.22439275 4.62168191
v -2.51168341 -0.2245312 4.72477688
v -2.5118674 -0.22438896 4.72456918
v -2.59610195 -0.22453291 4.74558243
v -2.57371534 -0.22453241 4.74830108
v -2.59603554 -0.22439068 4.74531302
v -2.57371534 -0.22439018 4.74802361
v -2.51168065 -0.22453195 4.58473872
v -2.51186464 -0.22438972 4.5849464
v -2.65069804 -0.22453488 4.60161572
v -2.6504697 -0.22439264 4.60177334
v -2.53024284 -0.22453153 4.73758699
v -2.51168341 -0.2245312 4.72477688
v -2.53037178 -0.22438929 4.7373413
v -2.5118674 -0.22438896 4.72456918
v -2.61718743 -0.22453342 4.73758527
v -2.61705848 -0.22439117 4.73733959
v -2.49672686 -0.22453154 4.60161876
v -2.51168065 -0.22453195 4.58473872
v -2.4969552 -0.2243893 4.60177637
v -2.51186464 -0.22438972 4.5849464
v -2.63574359 -0.22453465 4.58473628
v -2.6355596 -0.2243924 4.58494396
v -2.55132863 -0.22453194 4.74558331
v -2.55139502 -0.22438971 4.7453139
v -2.63574635 -0.22453389 4.72477443
v -2.63556235 -0.22439164 4.72456675
v -2.48624723 -0.2245312 4.62158697
v -2.48650667 -0.22438897 4.62168535
v -2.61718416 -0.22453431 4.57192617
v -2.63574359 -0.22453465 4.58473628
v -2.61705522 -0.22439208 4.57217185
v -2.6355596 -0.2243924 4.58494396
v -2.63574635 -0.22453389 4.72477443
v -2.63556235 -0.22439164 4.72456675
v -2.58412278 -0.08779939 4.61253171
v -2.58934022 -0.10383244 4.59136095
v -2.60405763 -0.10383273 4.5969422
v -2.59392529 -0.08779959 4.61624909
v -2.58396347 -0.08817179 4.61317808
v -2.59361592 -0.08817198 4.61683855
v -2.60379484 -0.10427883 4.5974429
v -2.5892049 -0.10427854 4.59190999
v -2.51266754 -0.1038303 4.67790998
v -2.50890037 -0.1038303 4.66262729
v -2.51319626 -0.10427642 4.67770946
v -2.50946171 -0.10427642 4.66255912
v -2.63853212 -0.10383312 4.66262473
v -2.63476555 -0.10383295 4.67790758
v -2.63797076 -0.10427922 4.66255659
v -2.63423682 -0.10427905 4.67770707
v -2.58934022 -0.10383244 4.59136095
v -2.5892049 -0.10427854 4.59190999
v -2.50890006 -0.10383039 4.64688714
v -2.5094614 -0.10427651 4.64695529
v -2.62745103 -0.10383272 4.69184493
v -2.62698564 -0.10427882 4.69152372
v -2.60405763 -0.10383273 4.5969422
v -2.60379484 -0.10427883 4.5974429
v -2.51266663 -0.10383055 4.6316043
v -2.51319535 -0.10427667 4.63180481
v -2.61701361 -0.10383243 4.7036268
v -2.61663862 -0.10427853 4.70320356
v -2.57371738 -0.1038314 4.72004788
v -2.55809196 -0.10383107 4.71815092
v -2.57371736 -0.10427751 4.71948242
v -2.55822727 -0.10427719 4.71760188
v -2.61701169 -0.10383296 4.60588336
v -2.61663671 -0.10427906 4.60630663
v -2.51998116 -0.10383079 4.61766694
v -2.52044653 -0.1042769 4.61798816
v -2.61701361 -0.10383243 4.7036268
v -2.60405991 -0.1038321 4.71256848
v -2.61663862 -0.10427853 4.70320356
v -2.6037971 -0.10427821 4.71206779
v -2.54337456 -0.10383078 4.71256967
v -2.54363733 -0.1042769 4.71206898
v -2.61701169 -0.10383296 4.60588336
v -2.62744956 -0.10383312 4.61766483
v -2.61663671 -0.10427906 4.60630663
v -2.62698419 -0.10427922 4.61798606
v -2.53041857 -0.10383108 4.60588507
v -2.53079354 -0.10427719 4.60630832
v -2.58934272 -0.10383175 4.7181503
v -2.58920738 -0.10427786 4.71760127
v -2.5304205 -0.10383055 4.70362851
v -2.53079545 -0.10427667 4.70320525
v -2.63476464 -0.10383321 4.63160189
v -2.63423591 -0.1042793 4.63180242
v -2.53041857 -0.10383108 4.60588507
v -2.54337228 -0.10383141 4.59694339
v -2.53079354 -0.10427719 4.60630832
v -2.54363507 -0.10427752 4.59744409
v -2.5304205 -0.10383055 4.70362851
v -2.51998262 -0.10383038 4.69184704
v -2.53079545 -0.10427667 4.70320525
v -2.52044797 -0.10427651 4.69152582
v -2.63853181 -0.1038332 4.64688459
v -2.63797046 -0.1042793 4.64695276
v -2.61437825 -0.08779974 4.67017595
v -2.60950642 -0.08779958 4.67945889
v -2.60895854 -0.08817198 4.67908075
v -2.61375579 -0.08817213 4.6699399
v -2.53054575 -0.08779803 4.64951484
v -2.50890006 -0.10383039 4.64688714
v -2.51266663 -0.10383055 4.6316043
v -2.53305447 -0.08779814 4.63933573
v -2.5312066 -0.08817045 4.64959507
v -2.53367691 -0.08817055 4.63957178
v -2.51319535 -0.10427667 4.63180481
v -2.5094614 -0.10427651 4.64695529
v -2.60950642 -0.08779958 4.67945889
v -2.62745103 -0.10383272 4.69184493
v -2.61701361 -0.10383243 4.7036268
v -2.6025546 -0.08779939 4.6873062
v -2.60895854 -0.08817198 4.67908075
v -2.60211314 -0.08817179 4.68680792
v -2.61663862 -0.10427853 4.70320356
v -2.62698564 -0.10427882 4.69152372
v -2.57371721 -0.0877987 4.69824343
v -2.57371738 -0.1038314 4.72004788
v -2.55809196 -0.10383107 4.71815092
v -2.56330993 -0.08779848 4.69697996
v -2.57371719 -0.08817111 4.69757772
v -2.56346922 -0.08817089 4.6963336
v -2.55822727 -0.10427719 4.71760188
v -2.57371736 -0.10427751 4.71948242
v -2.61701169 -0.10383296 4.60588336
v -2.60255332 -0.08779974 4.62220434
v -2.60211187 -0.08817213 4.62270264
v -2.61663671 -0.10427906 4.60630663
v -2.51998116 -0.10383079 4.61766694
v -2.5379263 -0.08779829 4.63005277
v -2.53847416 -0.08817071 4.63043093
v -2.52044653 -0.1042769 4.61798816
v -2.60405991 -0.1038321 4.71256848
v -2.5939268 -0.08779917 4.69326178
v -2.59361741 -0.08817157 4.69267234
v -2.6037971 -0.10427821 4.71206779
v -2.54337456 -0.10383078 4.71256967
v -2.55350743 -0.08779829 4.69326258
v -2.55381678 -0.0881707 4.69267312
v -2.54363733 -0.1042769 4.71206898
v -2.62744956 -0.10383312 4.61766483
v -2.60950544 -0.08779985 4.63005136
v -2.60895758 -0.08817224 4.63042954
v -2.62698419 -0.10427922 4.61798606
v -2.53041857 -0.10383108 4.60588507
v -2.54487811 -0.08779849 4.62220548
v -2.54531956 -0.0881709 4.62270376
v -2.53079354 -0.10427719 4.60630832
v -2.58934272 -0.10383175 4.7181503
v -2.58412445 -0.08779894 4.69697955
v -2.58396511 -0.08817134 4.69633319
v -2.58920738 -0.10427786 4.71760127
v -2.5304205 -0.10383055 4.70362851
v -2.5448794 -0.08779813 4.68730734
v -2.54532083 -0.08817055 4.68680904
v -2.53079545 -0.10427667 4.70320525
v -2.63476464 -0.10383321 4.63160189
v -2.61437764 -0.08779991 4.63933413
v -2.61375519 -0.0881723 4.6395702
v -2.63423591 -0.1042793 4.63180242
v -2.54337228 -0.10383141 4.59694339
v -2.55350591 -0.08779871 4.61624989
v -2.55381528 -0.08817112 4.61683934
v -2.54363507 -0.10427752 4.59744409
v -2.51998262 -0.10383038 4.69184704
v -2.53792727 -0.08779803 4.67946031
v -2.53847512 -0.08817044 4.67908214
v -2.52044797 -0.10427651 4.69152582
v -2.63853181 -0.1038332 4.64688459
v -2.61688676 -0.0877999 4.64951314
v -2.6162259 -0.0881723 4.64959339
v -2.63797046 -0.1042793 4.64695276
v -2.55808946 -0.10383176 4.59136156
v -2.56330827 -0.08779894 4.61253212
v -2.56346758 -0.08817135 4.61317848
v -2.55822479 -0.10427787 4.5919106
v -2.51266754 -0.1038303 4.67790998
v -2.53305508 -0.08779797 4.67017755
v -2.53367751 -0.08817039 4.66994148
v -2.51319626 -0.10427642 4.67770946
v -2.63853212 -0.10383312 4.66262473
v -2.61688697 -0.08779985 4.65999684
v -2.6162261 -0.08817224 4.65991661
v -2.63797076 -0.10427922 4.66255659
v -2.57371481 -0.10383211 4.58946399
v -2.5737155 -0.08779917 4.61126825
v -2.5737155 -0.08817158 4.61193396
v -2.57371481 -0.10427821 4.59002947
v -2.50890037 -0.1038303 4.66262729
v -2.53054596 -0.08779797 4.65999854
v -2.5312068 -0.08817039 4.65991828
v -2.50946171 -0.10427642 4.66255912
v -2.63476555 -0.10383295 4.67790758
v -2.61437825 -0.08779974 4.67017595
v -2.61375579 -0.08817213 4.6699399
v -2.63423682 -0.10427905 4.67770707
v -2.58412278 -0.08779939 4.61253171
v -2.59392529 -0.08779959 4.61624909
v -2.59361592 -0.08817198 4.61683855
v -2.58396347 -0.08817179 4.61317808
v -2.53054575 -0.08779803 4.64951484
v -2.53305447 -0.08779814 4.63933573
v -2.53367691 -0.08817055 4.63957178
v -2.5312066 -0.08817045 4.64959507
v -2.6025546 -0.08779939 4.6873062
v -2.60211314 -0.08817179 4.68680792
v -2.57371721 -0.0877987 4.69824343
v -2.56330993 -0.08779848 4.69697996
v -2.56346922 -0.08817089 4.6963336
v -2.57371719 -0.08817111 4.69757772
v -2.60255332 -0.08779974 4.62220434
v -2.60211187 -0.08817213 4.62270264
v -2.5379263 -0.08779829 4.63005277
v -2.53847416 -0.08817071 4.63043093
v -2.6025546 -0.08779939 4.6873062
v -2.5939268 -0.08779917 4.69326178
v -2.59361741 -0.08817157 4.69267234
v -2.60211314 -0.08817179 4.68680792
v -2.55350743 -0.08779829 4.69326258
v -2.55381678 -0.0881707 4.69267312
v -2.60255332 -0.08779974 4.62220434
v -2.60950544 -0.08779985 4.63005136
v -2.60895758 -0.08817224 4.63042954
v -2.60211187 -0.08817213 4.62270264
v -2.54487811 -0.08779849 4.62220548
v -2.54531956 -0.0881709 4.62270376
v -2.58412445 -0.08779894 4.69697955
v -2.58396511 -0.08817134 4.69633319
v -2.5448794 -0.08779813 4.68730734
v -2.54532083 -0.08817055 4.68680904
v -2.61437764 -0.08779991 4.63933413
v -2.61375519 -0.0881723 4.6395702
v -2.54487811 -0.08779849 4.62220548
v -2.55350591 -0.08779871 4.61624989
v -2.55381528 -0.08817112 4.61683934
v -2.54531956 -0.0881709 4.62270376
v -2.5448794 -0.08779813 4.68730734
v -2.53792727 -0.08779803 4.67946031
v -2.53847512 -0.08817044 4.67908214
v -2.54532083 -0.08817055 4.68680904
v -2.61688676 -0.0877999 4.64951314
v -2.6162259 -0.0881723 4.64959339
v -2.56330827 -0.08779894 4.61253212
v -2.56346758 -0.08817135 4.61317848
v -2.53305508 -0.08779797 4.67017755
v -2.53367751 -0.08817039 4.66994148
v -2.61688697 -0.08779985 4.65999684
v -2.6162261 -0.08817224 4.65991661
v -2.5737155 -0.08779917 4.61126825
v -2.5737155 -0.08817158 4.61193396
v -2.53054596 -0.08779797 4.65999854
v -2.5312068 -0.08817039 4.65991828
v -2.56334864 -0.06952574 4.69682443
v -2.57371762 -0.06952596 4.69808324
v -2.5737176 -0.07004936 4.69760395
v -2.56346333 -0.07004914 4.69635906
v -2.55358223 -0.06952555 4.69312073
v -2.55380494 -0.07004895 4.69269634
v -2.58408654 -0.06952619 4.69682402
v -2.58397182 -0.07004959 4.69635865
v -2.54498596 -0.0695254 4.6871874
v -2.54530376 -0.0700488 4.68682865
v -2.53805942 -0.06952529 4.67936926
v -2.53845385 -0.07004869 4.67909699
v -2.53320516 -0.06952523 4.67012068
v -2.53365329 -0.07004864 4.66995071
v -2.53070528 -0.06952523 4.65997913
v -2.53118106 -0.07004864 4.65992136
v -2.53070508 -0.06952529 4.64953403
v -2.53118086 -0.07004869 4.64959179
v -2.53320455 -0.0695254 4.63939239
v -2.53365269 -0.0700488 4.63956234
v -2.53805845 -0.06952556 4.63014361
v -2.53845289 -0.07004896 4.63041587
v -2.54498468 -0.06952575 4.6223252
v -2.5453025 -0.07004915 4.62268395
v -2.55358071 -0.06952597 4.61639153
v -2.55380345 -0.07004936 4.61681592
v -2.56334699 -0.0695262 4.61268744
v -2.56346169 -0.07004959 4.61315281
v -2.57371591 -0.06952643 4.61142823
v -2.57371591 -0.07004982 4.61190753
v -2.58408488 -0.06952665 4.61268704
v -2.58397018 -0.07005004 4.6131524
v -2.5938513 -0.06952684 4.61639074
v -2.59362856 -0.07005023 4.61681513
v -2.60244757 -0.069527 4.62232406
v -2.60212974 -0.07005038 4.62268283
v -2.60937411 -0.06952711 4.6301422
v -2.60897966 -0.07005049 4.63041448
v -2.61422837 -0.06952716 4.63939079
v -2.61378022 -0.07005054 4.63956076
v -2.61672825 -0.06952716 4.64953233
v -2.61625245 -0.07005054 4.64959012
v -2.61672846 -0.0695271 4.65997744
v -2.61625265 -0.07005049 4.65991968
v -2.61422897 -0.069527 4.67011908
v -2.61378082 -0.07005038 4.66994913
v -2.60937508 -0.06952684 4.67936786
v -2.60898061 -0.07005023 4.6790956
v -2.60244885 -0.06952665 4.68718627
v -2.60213101 -0.07005003 4.68682753
v -2.59385281 -0.06952643 4.69311993
v -2.59363006 -0.07004982 4.69269555
v -2.55517415 -0.05608791 4.64195697
v -2.54105149 -0.06646291 4.6322094
v -2.54739636 -0.06646309 4.62504722
v -2.55877591 -0.05608801 4.63789126
v -2.55559683 -0.05659824 4.64224872
v -2.55911648 -0.05659833 4.63827569
v -2.54768456 -0.06702116 4.62537253
v -2.54140916 -0.06702098 4.63245628
v -2.56421896 -0.06646309 4.69329338
v -2.57371761 -0.06646329 4.69444654
v -2.57371759 -0.06702135 4.69401193
v -2.56432295 -0.06702115 4.6928714
v -2.55527228 -0.06646291 4.68990055
v -2.55547423 -0.06702098 4.68951573
v -2.54739754 -0.06646277 4.68446525
v -2.54768572 -0.06702084 4.68413993
v -2.54105238 -0.06646267 4.67730332
v -2.54141004 -0.06702074 4.67705643
v -2.53660556 -0.06646262 4.66883101
v -2.53701191 -0.06702069 4.66867689
v -2.53431551 -0.06646262 4.65954069
v -2.53474694 -0.06702069 4.6594883
v -2.53431532 -0.06646267 4.64997229
v -2.53474675 -0.06702074 4.65002467
v -2.53660501 -0.06646277 4.64068189
v -2.53701136 -0.06702084 4.640836
v -2.55527089 -0.06646329 4.6196116
v -2.55547286 -0.06702135 4.61999643
v -2.56421744 -0.0664635 4.61621842
v -2.56432144 -0.06702156 4.6166404
v -2.57371605 -0.06646372 4.61506489
v -2.57371604 -0.06702178 4.6154995
v -2.5832147 -0.06646392 4.61621804
v -2.58311069 -0.06702197 4.61664003
v -2.59216138 -0.06646409 4.61961087
v -2.5919594 -0.06702215 4.61999571
v -2.60003613 -0.06646423 4.62504619
v -2.59974793 -0.06702229 4.62537151
v -2.60638129 -0.06646433 4.63220811
v -2.6060236 -0.06702239 4.63245501
v -2.61082811 -0.06646438 4.64068042
v -2.61042173 -0.06702244 4.64083455
v -2.61311816 -0.06646438 4.64997074
v -2.61268671 -0.06702244 4.65002314
v -2.61311835 -0.06646433 4.65953914
v -2.6126869 -0.06702238 4.65948676
v -2.61082867 -0.06646423 4.66882954
v -2.61042228 -0.06702228 4.66867544
v -2.60638218 -0.06646409 4.67730203
v -2.60602448 -0.06702214 4.67705515
v -2.6000373 -0.06646391 4.68446421
v -2.59974908 -0.06702197 4.68413891
v -2.59216277 -0.06646371 4.68989983
v -2.59196077 -0.06702177 4.689515
v -2.58321622 -0.0664635 4.69329301
v -2.58311219 -0.06702156 4.69287103
v -2.56065325 -0.04670642 4.64573858
v -2.55517415 -0.05608791 4.64195697
v -2.55877591 -0.05608801 4.63789126
v -2.56319079 -0.04670649 4.64287417
v -2.56135287 -0.04674256 4.64622147
v -2.56375452 -0.04674262 4.64351045
v -2.55911648 -0.05659833 4.63827569
v -2.55559683 -0.05659824 4.64224872
v -2.58418819 -0.05608837 4.67470576
v -2.57910956 -0.05608825 4.67663195
v -2.58394949 -0.05659868 4.674251
v -2.57898663 -0.05659856 4.67613328
v -2.56324679 -0.05608791 4.67470618
v -2.55877658 -0.05608783 4.67162075
v -2.56348545 -0.05659823 4.67425141
v -2.55911714 -0.05659816 4.67123631
v -2.59225954 -0.05608872 4.64195624
v -2.59478384 -0.05608875 4.64676567
v -2.59183685 -0.05659902 4.64224801
v -2.59430361 -0.05659905 4.64694781
v -2.563246 -0.05608813 4.63480565
v -2.56348468 -0.05659845 4.63526042
v -2.57371754 -0.05608813 4.67728677
v -2.57371752 -0.05659844 4.67677317
v -2.55517466 -0.05608778 4.66755517
v -2.55559732 -0.0565981 4.66726341
v -2.59608382 -0.05608875 4.65203945
v -2.59557396 -0.05659905 4.65210137
v -2.56832463 -0.05608825 4.63287947
v -2.56844754 -0.05659856 4.63337814
v -2.55265036 -0.05608775 4.66274575
v -2.55313057 -0.05659807 4.66256362
v -2.59608393 -0.05608872 4.65747109
v -2.59557406 -0.05659902 4.65740919
v -2.57371665 -0.05608837 4.63222465
v -2.57371665 -0.05659868 4.63273825
v -2.55135038 -0.05608775 4.65747197
v -2.55186022 -0.05659807 4.65741005
v -2.59478415 -0.05608866 4.66274492
v -2.59430392 -0.05659897 4.66256281
v -2.5791087 -0.05608848 4.63287925
v -2.57898578 -0.05659879 4.63337793
v -2.55135027 -0.05608778 4.65204033
v -2.55186011 -0.0565981 4.65210223
v -2.59226004 -0.05608858 4.66755444
v -2.59183734 -0.05659889 4.6672627
v -2.58418741 -0.05608858 4.63480524
v -2.58394872 -0.05659889 4.63526002
v -2.55265004 -0.05608783 4.6467665
v -2.55313026 -0.05659816 4.64694862
v -2.58865828 -0.05608848 4.67162016
v -2.58831769 -0.05659879 4.67123573
v -2.56832549 -0.05608801 4.67663216
v -2.56844838 -0.05659833 4.67613349
v -2.58865762 -0.05608866 4.63789067
v -2.58831704 -0.05659897 4.63827512
v -2.5862026 -0.04151751 4.6406621
v -2.58424336 -0.04670695 4.64287375
v -2.58678102 -0.04670699 4.64573806
v -2.58921259 -0.04151755 4.64405956
v -2.58566872 -0.04147468 4.64126476
v -2.58855001 -0.04147472 4.64451693
v -2.58608143 -0.04674309 4.64622099
v -2.58367967 -0.04674306 4.64351006
v -2.58109451 -0.04670674 4.66881109
v -2.58418819 -0.05608837 4.67470576
v -2.57910956 -0.05608825 4.67663195
v -2.57751646 -0.04670665 4.67016815
v -2.58069945 -0.04674286 4.66805839
v -2.57731302 -0.04674278 4.66934277
v -2.57898663 -0.05659856 4.67613328
v -2.58394949 -0.05659868 4.674251
v -2.56634066 -0.04670642 4.66881138
v -2.56324679 -0.05608791 4.67470618
v -2.55877658 -0.05608783 4.67162075
v -2.56319126 -0.04670636 4.6666376
v -2.56673571 -0.04674256 4.66805866
v -2.56375497 -0.0467425 4.6660013
v -2.55911714 -0.05659816 4.67123631
v -2.56348545 -0.05659823 4.67425141
v -2.59225954 -0.05608872 4.64195624
v -2.59478384 -0.05608875 4.64676567
v -2.58855947 -0.04670701 4.64912645
v -2.58776463 -0.04674311 4.64942791
v -2.59430361 -0.05659905 4.64694781
v -2.59183685 -0.05659902 4.64224801
v -2.56319079 -0.04670649 4.64287417
v -2.55877591 -0.05608801 4.63789126
v -2.563246 -0.05608813 4.63480565
v -2.56634011 -0.04670657 4.64070026
v -2.56375452 -0.04674262 4.64351045
v -2.56673518 -0.0467427 4.64145297
v -2.56348468 -0.05659845 4.63526042
v -2.55911648 -0.05659833 4.63827569
v -2.57371754 -0.05608813 4.67728677
v -2.57371762 -0.04670657 4.67062949
v -2.57371761 -0.0467427 4.66977941
v -2.57371752 -0.05659844 4.67677317
v -2.56319126 -0.04670636 4.6666376
v -2.55877658 -0.05608783 4.67162075
v -2.55517466 -0.05608778 4.66755517
v -2.5606536 -0.04670632 4.66377328
v -2.56375497 -0.0467425 4.6660013
v -2.5613532 -0.04674246 4.66329037
v -2.55559732 -0.0565981 4.66726341
v -2.55911714 -0.05659816 4.67123631
v -2.59608382 -0.05608875 4.65203945
v -2.58947534 -0.04670701 4.65284199
v -2.58863146 -0.04674311 4.65294448
v -2.59557396 -0.05659905 4.65210137
v -2.56832463 -0.05608825 4.63287947
v -2.56991816 -0.04670666 4.6393432
v -2.57012162 -0.04674278 4.64016858
v -2.56844754 -0.05659856 4.63337814
v -2.55265036 -0.05608775 4.66274575
v -2.55887516 -0.0467063 4.6603849
v -2.55967 -0.04674244 4.66008344
v -2.55313057 -0.05659807 4.66256362
v -2.59608393 -0.05608872 4.65747109
v -2.58947542 -0.04670699 4.65666874
v -2.58863153 -0.04674309 4.65656629
v -2.59557406 -0.05659902 4.65740919
v -2.57371665 -0.05608837 4.63222465
v -2.573717 -0.04670674 4.63888187
v -2.57371702 -0.04674286 4.63973195
v -2.57371665 -0.05659868 4.63273825
v -2.55135038 -0.05608775 4.65747197
v -2.55795928 -0.0467063 4.65666936
v -2.55880317 -0.04674245 4.65656688
v -2.55186022 -0.05659807 4.65741005
v -2.59478415 -0.05608866 4.66274492
v -2.58855969 -0.04670695 4.66038432
v -2.58776485 -0.04674306 4.66008289
v -2.59430392 -0.05659897 4.66256281
v -2.5791087 -0.05608848 4.63287925
v -2.57751586 -0.04670682 4.63934305
v -2.57731244 -0.04674294 4.64016844
v -2.57898578 -0.05659879 4.63337793
v -2.55135027 -0.05608778 4.65204033
v -2.55795921 -0.04670632 4.65284261
v -2.5588031 -0.04674246 4.65294506
v -2.55186011 -0.0565981 4.65210223
v -2.59226004 -0.05608858 4.66755444
v -2.58678138 -0.04670689 4.66377277
v -2.58608177 -0.046743 4.66328988
v -2.59183734 -0.05659889 4.6672627
v -2.58418741 -0.05608858 4.63480524
v -2.58109396 -0.04670689 4.64069997
v -2.58069893 -0.046743 4.64145269
v -2.58394872 -0.05659889 4.63526002
v -2.55265004 -0.05608783 4.6467665
v -2.55887494 -0.04670636 4.64912704
v -2.55966979 -0.0467425 4.64942847
v -2.55313026 -0.05659816 4.64694862
v -2.58865828 -0.05608848 4.67162016
v -2.58424383 -0.04670682 4.66663719
v -2.58368011 -0.04674293 4.6660009
v -2.58831769 -0.05659879 4.67123573
v -2.56832549 -0.05608801 4.67663216
v -2.56991876 -0.04670649 4.6701683
v -2.57012219 -0.04674262 4.66934291
v -2.56844838 -0.05659833 4.67613349
v -2.58865762 -0.05608866 4.63789067
v -2.58424336 -0.04670695 4.64287375
v -2.58367967 -0.04674306 4.64351006
v -2.58831704 -0.05659897 4.63827512
v -2.58424383 -0.04670682 4.66663719
v -2.58865828 -0.05608848 4.67162016
v -2.58368011 -0.04674293 4.6660009
v -2.58831769 -0.05659879 4.67123573
v -2.58865762 -0.05608866 4.63789067
v -2.58831704 -0.05659897 4.63827512
v -2.56965899 -0.03712772 4.67122252
v -2.56921174 -0.04151698 4.67303702
v -2.56496764 -0.04151689 4.67142754
v -2.56583613 -0.03712765 4.66977278
v -2.56980088 -0.03758314 4.67064675
v -2.56611169 -0.03758307 4.66924771
v -2.56534179 -0.04147406 4.67071464
v -2.56940441 -0.04147414 4.6722553
v -2.55822162 -0.0415169 4.64406017
v -2.56123149 -0.04151698 4.6406626
v -2.55888423 -0.04147406 4.64451752
v -2.56176539 -0.04147414 4.64126523
v -2.58246765 -0.04151726 4.6714272
v -2.57822362 -0.04151716 4.67303685
v -2.58209348 -0.04147444 4.67071431
v -2.57803092 -0.04147434 4.67225513
v -2.56123204 -0.04151683 4.66884915
v -2.56176593 -0.04147399 4.66824651
v -2.59132206 -0.04151758 4.64807863
v -2.59056927 -0.04147475 4.64836415
v -2.56123149 -0.04151698 4.6406626
v -2.56496699 -0.04151707 4.63808406
v -2.56176539 -0.04147414 4.64126523
v -2.56534116 -0.04147423 4.63879695
v -2.57371769 -0.04151707 4.67358406
v -2.57371768 -0.04147423 4.67277894
v -2.56123204 -0.04151683 4.66884915
v -2.55822204 -0.04151678 4.6654517
v -2.56176593 -0.04147399 4.66824651
v -2.55888464 -0.04147395 4.66499433
v -2.59240842 -0.04151758 4.65248575
v -2.59160917 -0.04147474 4.65258281
v -2.56921102 -0.04151718 4.63647441
v -2.56940372 -0.04147433 4.63725613
v -2.55611258 -0.04151675 4.66143263
v -2.55686537 -0.04147393 4.66114711
v -2.59240851 -0.04151755 4.65702478
v -2.59160926 -0.04147472 4.65692775
v -2.57371695 -0.04151728 4.6359272
v -2.57371697 -0.04147443 4.63673232
v -2.55502623 -0.04151676 4.65702551
v -2.55582547 -0.04147393 4.65692845
v -2.59132233 -0.0415175 4.66143193
v -2.59056952 -0.04147468 4.66114645
v -2.57822289 -0.04151737 4.63647424
v -2.57803023 -0.04147452 4.63725596
v -2.55502614 -0.04151678 4.65248648
v -2.55582539 -0.04147395 4.65258351
v -2.58921302 -0.04151744 4.66545109
v -2.58855041 -0.04147461 4.66499374
v -2.582467 -0.04151745 4.63808372
v -2.58209285 -0.0414746 4.63879662
v -2.55611231 -0.04151683 4.64807932
v -2.55686512 -0.041474 4.64836481
v -2.58620315 -0.04151735 4.66884866
v -2.58566925 -0.04147453 4.66824603
v -2.5862026 -0.04151751 4.6406621
v -2.58566872 -0.04147468 4.64126476
v -2.58620315 -0.04151735 4.66884866
v -2.58566925 -0.04147453 4.66824603
v -2.58314821 -0.03236027 4.65361032
v -2.59055333 -0.03712828 4.65271101
v -2.59055341 -0.03712825 4.65679953
v -2.58314825 -0.03236026 4.65590058
v -2.58264128 -0.03286832 4.65367189
v -2.58264132 -0.03286831 4.65583904
v -2.58996473 -0.03758366 4.65672806
v -2.58996465 -0.03758368 4.6527825
v -2.58496346 -0.03712821 4.64206089
v -2.5876747 -0.03712825 4.64512114
v -2.58457023 -0.03758362 4.64250477
v -2.58718668 -0.03758366 4.64545801
v -2.55975967 -0.03712765 4.64512169
v -2.56247079 -0.03712772 4.64206133
v -2.56024769 -0.03758307 4.64545854
v -2.56286403 -0.03758314 4.6425052
v -2.58159921 -0.03712799 4.66977247
v -2.57777641 -0.0371279 4.67122236
v -2.58132362 -0.0375834 4.66924741
v -2.57763448 -0.03758331 4.67064659
v -2.5624713 -0.03712759 4.66745031
v -2.56286451 -0.03758301 4.66700643
v -2.5895748 -0.03712828 4.64874131
v -2.58902034 -0.03758368 4.6489516
v -2.56247079 -0.03712772 4.64206133
v -2.56583554 -0.03712781 4.63973873
v -2.56286403 -0.03758314 4.6425052
v -2.56611112 -0.03758323 4.6402638
v -2.57371771 -0.03712781 4.67171525
v -2.57371769 -0.03758323 4.67112226
v -2.5624713 -0.03712759 4.66745031
v -2.55976004 -0.03712754 4.66439006
v -2.56286451 -0.03758301 4.66700643
v -2.56024806 -0.03758297 4.66405319
v -2.59055333 -0.03712828 4.65271101
v -2.58996465 -0.03758368 4.6527825
v -2.56965834 -0.0371279 4.63828884
v -2.56980026 -0.03758331 4.6388646
v -2.55785995 -0.03712752 4.66076989
v -2.5584144 -0.03758295 4.6605596
v -2.59055341 -0.03712825 4.65679953
v -2.58996473 -0.03758366 4.65672806
v -2.57371704 -0.03712799 4.63779594
v -2.57371705 -0.0375834 4.63838894
v -2.55688142 -0.03712752 4.65680019
v -2.55747009 -0.03758295 4.6567287
v -2.58957504 -0.03712821 4.66076926
v -2.58902057 -0.03758362 4.660559
v -2.57777576 -0.03712808 4.63828868
v -2.57763385 -0.03758349 4.63886445
v -2.55688134 -0.03712754 4.65271167
v -2.55747001 -0.03758297 4.65278314
v -2.58767508 -0.03712815 4.6643895
v -2.58718704 -0.03758356 4.66405266
v -2.58159862 -0.03712815 4.63973842
v -2.58132305 -0.03758356 4.6402635
v -2.55785971 -0.03712759 4.64874193
v -2.55841417 -0.03758301 4.64895221
v -2.58496396 -0.03712807 4.66744986
v -2.58457071 -0.03758348 4.66700601
v -2.58496346 -0.03712821 4.64206089
v -2.58457023 -0.03758362 4.64250477
v -2.58496396 -0.03712807 4.66744986
v -2.58457071 -0.03758348 4.66700601
v -2.57541198 -0.02456665 4.65152667
v -2.57813207 -0.0323602 4.6463435
v -2.58001694 -0.03236023 4.64764448
v -2.5761355 -0.02456666 4.65202605
v -2.57503479 -0.02467395 4.65224533
v -2.57559727 -0.02467396 4.65263357
v -2.57967832 -0.03286829 4.64802671
v -2.57789476 -0.03286826 4.64679566
v -2.57144352 -0.03236006 4.64553149
v -2.56965834 -0.0371279 4.63828884
v -2.57371704 -0.03712799 4.63779594
v -2.57371707 -0.03236011 4.64525539
v -2.57156572 -0.03286812 4.6460273
v -2.57371707 -0.03286817 4.64576604
v -2.57371705 -0.0375834 4.63838894
v -2.56980026 -0.03758331 4.6388646
v -2.56483444 -0.03235986 4.65812464
v -2.55785995 -0.03712752 4.66076989
v -2.55688142 -0.03712752 4.65680019
v -2.5642863 -0.03235986 4.65590095
v -2.5653119 -0.03286791 4.65794356
v -2.56479322 -0.03286791 4.65583939
v -2.55747009 -0.03758295 4.6567287
v -2.5584144 -0.03758295 4.6605596
v -2.58957504 -0.03712821 4.66076926
v -2.5826002 -0.03236023 4.65812429
v -2.58212273 -0.03286829 4.65794323
v -2.58902057 -0.03758362 4.660559
v -2.57777576 -0.03712808 4.63828868
v -2.57599063 -0.03236016 4.64553141
v -2.57586843 -0.03286822 4.64602722
v -2.57763385 -0.03758349 4.63886445
v -2.55688134 -0.03712754 4.65271167
v -2.56428626 -0.03235988 4.65361069
v -2.56479318 -0.03286792 4.65367224
v -2.55747001 -0.03758297 4.65278314
v -2.58767508 -0.03712815 4.6643895
v -2.58153591 -0.0323602 4.66015223
v -2.58111564 -0.03286826 4.65986217
v -2.58718704 -0.03758356 4.66405266
v -2.58159862 -0.03712815 4.63973842
v -2.57813207 -0.0323602 4.6463435
v -2.57789476 -0.03286826 4.64679566
v -2.58132305 -0.03758356 4.6402635
v -2.55785971 -0.03712759 4.64874193
v -2.56483431 -0.0323599 4.65138698
v -2.56531177 -0.03286794 4.65156805
v -2.55841417 -0.03758301 4.64895221
v -2.58496396 -0.03712807 4.66744986
v -2.58001723 -0.03236016 4.66186655
v -2.57967858 -0.03286822 4.66148433
v -2.58457071 -0.03758348 4.66700601
v -2.57371744 -0.03236001 4.66425588
v -2.57371771 -0.03712781 4.67171525
v -2.56965899 -0.03712772 4.67122252
v -2.57144388 -0.03235998 4.66397987
v -2.57371742 -0.03286807 4.66374523
v -2.57156607 -0.03286801 4.66348405
v -2.56980088 -0.03758314 4.67064675
v -2.57371769 -0.03758323 4.67112226
v -2.58496346 -0.03712821 4.64206089
v -2.58001694 -0.03236023 4.64764448
v -2.57967832 -0.03286829 4.64802671
v -2.58457023 -0.03758362 4.64250477
v -2.55975967 -0.03712765 4.64512169
v -2.5658986 -0.03235992 4.64935903
v -2.56631886 -0.03286799 4.64964911
v -2.56024769 -0.03758307 4.64545854
v -2.58159921 -0.03712799 4.66977247
v -2.57813241 -0.03236011 4.6631676
v -2.57789508 -0.03286817 4.66271545
v -2.58132362 -0.0375834 4.66924741
v -2.56583613 -0.03712765 4.66977278
v -2.56930244 -0.03235993 4.66316777
v -2.56953973 -0.03286797 4.66271561
v -2.56611169 -0.03758307 4.66924771
v -2.5876747 -0.03712825 4.64512114
v -2.5815357 -0.03236026 4.64935873
v -2.58111544 -0.03286831 4.64964882
v -2.58718668 -0.03758366 4.64545801
v -2.56247079 -0.03712772 4.64206133
v -2.56741729 -0.03235996 4.64764472
v -2.56775591 -0.03286803 4.64802695
v -2.56286403 -0.03758314 4.6425052
v -2.57777641 -0.0371279 4.67122236
v -2.575991 -0.03236006 4.66397978
v -2.57586877 -0.03286812 4.66348397
v -2.57763448 -0.03758331 4.67064659
v -2.5624713 -0.03712759 4.66745031
v -2.56741757 -0.0323599 4.6618668
v -2.56775618 -0.03286794 4.66148456
v -2.56286451 -0.03758301 4.66700643
v -2.5895748 -0.03712828 4.64874131
v -2.58260007 -0.03236027 4.65138663
v -2.5821226 -0.03286832 4.65156772
v -2.58902034 -0.03758368 4.6489516
v -2.56583554 -0.03712781 4.63973873
v -2.56930211 -0.03236001 4.64634367
v -2.56953942 -0.03286807 4.64679583
v -2.56611112 -0.03758323 4.6402638
v -2.55976004 -0.03712754 4.66439006
v -2.56589881 -0.03235988 4.66015255
v -2.56631906 -0.03286792 4.65986246
v -2.56024806 -0.03758297 4.66405319
v -2.57371767 -0.02191876 4.65937223
v -2.57371742 -0.02456657 4.65840238
v -2.57284471 -0.02456655 4.65829643
v -2.57261287 -0.02191873 4.65923811
v -2.57371765 -0.02182956 4.65863259
v -2.57278986 -0.02182954 4.65851996
v -2.5730389 -0.02467388 4.65750838
v -2.57371738 -0.02467389 4.65759075
v -2.5703076 -0.02456651 4.65346262
v -2.56483431 -0.0323599 4.65138698
v -2.5658986 -0.03235992 4.64935903
v -2.57071613 -0.02456652 4.65268419
v -2.57106647 -0.02467387 4.65375041
v -2.57138408 -0.02467388 4.65314523
v -2.56631886 -0.03286799 4.64964911
v -2.56531177 -0.03286794 4.65156805
v -2.5761356 -0.02456663 4.65748523
v -2.58001723 -0.03236016 4.66186655
v -2.57813241 -0.03236011 4.6631676
v -2.57541211 -0.02456661 4.65798464
v -2.57559736 -0.02467394 4.65687772
v -2.57503489 -0.02467392 4.65726598
v -2.57789508 -0.03286817 4.66271545
v -2.57967858 -0.03286822 4.66148433
v -2.57144388 -0.03235998 4.66397987
v -2.56930244 -0.03235993 4.66316777
v -2.57202271 -0.02456654 4.65798471
v -2.57239985 -0.02467386 4.65726603
v -2.56953973 -0.03286797 4.66271561
v -2.57156607 -0.03286801 4.66348405
v -2.5761355 -0.02456666 4.65202605
v -2.58001694 -0.03236023 4.64764448
v -2.5815357 -0.03236026 4.64935873
v -2.57671847 -0.02456667 4.65268407
v -2.57559727 -0.02467396 4.65263357
v -2.5760505 -0.02467397 4.65314514
v -2.58111544 -0.03286831 4.64964882
v -2.57967832 -0.03286829 4.64802671
v -2.56741729 -0.03235996 4.64764472
v -2.57129908 -0.02456654 4.65202615
v -2.57183729 -0.02467389 4.65263364
v -2.56775591 -0.03286803 4.64802695
v -2.575991 -0.03236006 4.66397978
v -2.57459012 -0.02456659 4.6582964
v -2.57439585 -0.02467391 4.65750835
v -2.57586877 -0.03286812 4.66348397
v -2.56741757 -0.0323599 4.6618668
v -2.57129919 -0.02456652 4.65748533
v -2.57183737 -0.02467385 4.65687779
v -2.56775618 -0.03286794 4.66148456
v -2.58260007 -0.03236027 4.65138663
v -2.57712703 -0.02456667 4.65346249
v -2.57636813 -0.02467397 4.6537503
v -2.5821226 -0.03286832 4.65156772
v -2.57129908 -0.02456654 4.65202615
v -2.56741729 -0.03235996 4.64764472
v -2.56930211 -0.03236001 4.64634367
v -2.57202258 -0.02456656 4.65152673
v -2.57183729 -0.02467389 4.65263364
v -2.57239975 -0.02467391 4.65224539
v -2.56953942 -0.03286807 4.64679583
v -2.56775591 -0.03286803 4.64802695
v -2.57371744 -0.03236001 4.66425588
v -2.57371742 -0.03286807 4.66374523
v -2.57129919 -0.02456652 4.65748533
v -2.56741757 -0.0323599 4.6618668
v -2.56589881 -0.03235988 4.66015255
v -2.57071621 -0.02456652 4.65682731
v -2.57183737 -0.02467385 4.65687779
v -2.57138414 -0.02467385 4.65636623
v -2.56631906 -0.03286792 4.65986246
v -2.56775618 -0.03286794 4.66148456
v -2.58314821 -0.03236027 4.65361032
v -2.57733744 -0.02456667 4.65431606
v -2.57653171 -0.02467397 4.6544139
v -2.58264128 -0.03286832 4.65367189
v -2.57144352 -0.03236006 4.64553149
v -2.57284456 -0.02456658 4.65121498
v -2.57303879 -0.02467392 4.65200302
v -2.57156572 -0.03286812 4.6460273
v -2.56483444 -0.03235986 4.65812464
v -2.57030765 -0.02456651 4.65604889
v -2.57106651 -0.02467384 4.65576106
v -2.5653119 -0.03286791 4.65794356
v -2.58314825 -0.03236026 4.65590058
v -2.57733745 -0.02456667 4.65519518
v -2.57653172 -0.02467397 4.65509735
v -2.58264132 -0.03286831 4.65583904
v -2.57371707 -0.03236011 4.64525539
v -2.57371727 -0.02456661 4.65110899
v -2.57371726 -0.02467392 4.65192062
v -2.57371707 -0.03286817 4.64576604
v -2.5642863 -0.03235986 4.65590095
v -2.57009725 -0.02456649 4.65519532
v -2.57090294 -0.02467386 4.65509746
v -2.56479322 -0.03286791 4.65583939
v -2.5826002 -0.03236023 4.65812429
v -2.57712708 -0.02456666 4.65604876
v -2.57636817 -0.02467396 4.65576096
v -2.58212273 -0.03286829 4.65794323
v -2.57599063 -0.03236016 4.64553141
v -2.57458999 -0.02456663 4.65121494
v -2.57439574 -0.02467394 4.65200299
v -2.57586843 -0.03286822 4.64602722
v -2.56428626 -0.03235988 4.65361069
v -2.57009723 -0.0245665 4.6543162
v -2.57090293 -0.02467386 4.65441401
v -2.56479318 -0.03286792 4.65367224
v -2.58153591 -0.0323602 4.66015223
v -2.57671855 -0.02456665 4.65682719
v -2.57605057 -0.02467395 4.65636614
v -2.58111564 -0.03286826 4.65986217
v -2.58001723 -0.03236016 4.66186655
v -2.5761356 -0.02456663 4.65748523
v -2.57559736 -0.02467394 4.65687772
v -2.57967858 -0.03286822 4.66148433
v -2.57736818 -0.01986436 4.65727545
v -2.57751693 -0.02191887 4.65737813
v -2.57677895 -0.02191885 4.65821117
v -2.5766591 -0.01986434 4.65807587
v -2.57678435 -0.02011885 4.65687247
v -2.57618867 -0.02011883 4.65754489
v -2.57628846 -0.0218296 4.65765756
v -2.57690821 -0.02182962 4.65695798
v -2.57586289 -0.02191885 4.650668
v -2.57677881 -0.02191887 4.65130019
v -2.57551917 -0.02182964 4.65132292
v -2.57628835 -0.02182965 4.65185382
v -2.56940105 -0.02191868 4.65311879
v -2.56991823 -0.02191871 4.65213335
v -2.57009263 -0.02182953 4.65338106
v -2.57052695 -0.02182952 4.6525535
v -2.57677895 -0.02191885 4.65821117
v -2.57586305 -0.02191882 4.6588434
v -2.57628846 -0.0218296 4.65765756
v -2.57551931 -0.02182958 4.65818849
v -2.57157227 -0.02191871 4.65884348
v -2.57191598 -0.02182952 4.65818856
v -2.57677881 -0.02191887 4.65130019
v -2.57751683 -0.02191888 4.6521332
v -2.57628835 -0.02182965 4.65185382
v -2.57690812 -0.02182966 4.65255337
v -2.57065621 -0.02191872 4.65130031
v -2.57114669 -0.02182956 4.65185392
v -2.57482247 -0.0219188 4.65923806
v -2.57464544 -0.02182956 4.65851992
v -2.57065635 -0.0219187 4.6582113
v -2.5711468 -0.02182951 4.65765766
v -2.57803404 -0.0219189 4.65311862
v -2.57734247 -0.02182965 4.65338092
v -2.57065621 -0.02191872 4.65130031
v -2.57157211 -0.02191876 4.65066808
v -2.57114669 -0.02182956 4.65185392
v -2.57191585 -0.02182956 4.65132299
v -2.57065635 -0.0219187 4.6582113
v -2.56991833 -0.02191869 4.65737828
v -2.5711468 -0.02182951 4.65765766
v -2.57052703 -0.0218295 4.6569581
v -2.5783004 -0.0219189 4.65419919
v -2.57756615 -0.02182965 4.65428836
v -2.57261269 -0.02191878 4.65027342
v -2.57278971 -0.02182958 4.65099156
v -2.56940112 -0.02191868 4.65639286
v -2.57009268 -0.02182949 4.65613056
v -2.57830042 -0.0219189 4.65531211
v -2.57756617 -0.02182964 4.65522297
v -2.57371749 -0.02191881 4.65013925
v -2.5737175 -0.0218296 4.65087889
v -2.56913476 -0.02191868 4.65531229
v -2.569869 -0.02182949 4.65522312
v -2.5780341 -0.02191888 4.65639269
v -2.57734252 -0.02182963 4.65613042
v -2.57482229 -0.02191883 4.65027337
v -2.57464529 -0.02182962 4.65099152
v -2.56913474 -0.02191867 4.65419937
v -2.56986898 -0.02182952 4.65428851
v -2.57071123 -0.01811168 4.65439075
v -2.56931423 -0.0198642 4.65422117
v -2.56957012 -0.01986422 4.65318291
v -2.57088594 -0.01811168 4.65368189
v -2.57106481 -0.0188061 4.65443368
v -2.57121896 -0.0188061 4.65380819
v -2.57023342 -0.02011872 4.65343445
v -2.57001846 -0.02011871 4.65430667
v -2.5737177 -0.01986427 4.65919147
v -2.57265616 -0.01986425 4.65906259
v -2.57371768 -0.02011877 4.65848206
v -2.57282592 -0.02011875 4.6583738
v -2.57577892 -0.01986436 4.65082808
v -2.57665897 -0.01986438 4.65143551
v -2.57544925 -0.02011885 4.65145623
v -2.57618856 -0.02011886 4.65196652
v -2.57006704 -0.01986423 4.65223605
v -2.57065087 -0.02011874 4.65263902
v -2.5766591 -0.01986434 4.65807587
v -2.57577907 -0.01986432 4.65868334
v -2.57618867 -0.02011883 4.65754489
v -2.57544938 -0.02011881 4.6580552
v -2.57165631 -0.01986423 4.65868342
v -2.57198597 -0.02011874 4.65805527
v -2.57665897 -0.01986438 4.65143551
v -2.57736809 -0.01986439 4.65223591
v -2.57618856 -0.02011886 4.65196652
v -2.57678426 -0.02011887 4.6526389
v -2.57077613 -0.01986425 4.65143563
v -2.57124655 -0.02011875 4.65196661
v -2.57477924 -0.0198643 4.65906255
v -2.57460945 -0.02011879 4.65837376
v -2.57077626 -0.01986422 4.65807599
v -2.57124666 -0.02011872 4.65754498
v -2.57786505 -0.0198644 4.65318274
v -2.57720174 -0.02011887 4.65343431
v -2.57077613 -0.01986425 4.65143563
v -2.57165616 -0.01986427 4.65082816
v -2.57124655 -0.02011875 4.65196661
v -2.57198584 -0.02011877 4.6514563
v -2.57077626 -0.01986422 4.65807599
v -2.57006714 -0.0198642 4.6572756
v -2.57124666 -0.02011872 4.65754498
v -2.57065096 -0.02011871 4.6568726
v -2.57812098 -0.0198644 4.654221
v -2.57741674 -0.02011887 4.65430652
v -2.57265599 -0.0198643 4.65044895
v -2.57282577 -0.02011879 4.65113774
v -2.56957018 -0.0198642 4.65632876
v -2.57023348 -0.02011871 4.65607719
v -2.578121 -0.01986439 4.65529033
v -2.57741676 -0.02011887 4.65520483
v -2.57371753 -0.01986432 4.65032003
v -2.57371754 -0.02011881 4.65102944
v -2.56931425 -0.0198642 4.6552905
v -2.57001848 -0.02011871 4.65520498
v -2.57786511 -0.01986438 4.6563286
v -2.5772018 -0.02011886 4.65607705
v -2.57477907 -0.01986434 4.65044891
v -2.5746093 -0.02011883 4.6511377
v -2.57620995 -0.01811178 4.65647601
v -2.57736818 -0.01986436 4.65727545
v -2.5766591 -0.01986434 4.65807587
v -2.57572583 -0.01811177 4.65702249
v -2.57591681 -0.01880619 4.6562737
v -2.57548963 -0.01880618 4.6567559
v -2.57618867 -0.02011883 4.65754489
v -2.57678435 -0.02011885 4.65687247
v -2.57371764 -0.01811172 4.65778414
v -2.57299289 -0.01811171 4.65769616
v -2.57371762 -0.01880614 4.65742798
v -2.57307811 -0.01880613 4.65735034
v -2.5751249 -0.01811178 4.65207417
v -2.57572575 -0.0181118 4.65248889
v -2.57495937 -0.01880619 4.65238955
v -2.57548955 -0.0188062 4.65275549
v -2.5712252 -0.01811169 4.65303544
v -2.57151833 -0.01880611 4.65323777
v -2.57572583 -0.01811177 4.65702249
v -2.575125 -0.01811176 4.65743723
v -2.57548963 -0.01880618 4.6567559
v -2.57495947 -0.01880617 4.65712186
v -2.57231026 -0.01811169 4.65743729
v -2.57247576 -0.01880611 4.65712191
v -2.57572575 -0.0181118 4.65248889
v -2.57665897 -0.01986438 4.65143551
v -2.57736809 -0.01986439 4.65223591
v -2.57620988 -0.0181118 4.65303534
v -2.57548955 -0.0188062 4.65275549
v -2.57591675 -0.01880621 4.65323768
v -2.57678426 -0.02011887 4.6526389
v -2.57618856 -0.02011886 4.65196652
v -2.5712252 -0.01811169 4.65303544
v -2.57006704 -0.01986423 4.65223605
v -2.57077613 -0.01986425 4.65143563
v -2.57170932 -0.01811171 4.65248896
v -2.57151833 -0.01880611 4.65323777
v -2.57194551 -0.01880613 4.65275557
v -2.57124655 -0.02011875 4.65196661
v -2.57065087 -0.02011874 4.65263902
v -2.57444238 -0.01811174 4.65769613
v -2.57435713 -0.01880615 4.65735031
v -2.57170941 -0.01811168 4.65702257
v -2.57194558 -0.0188061 4.65675597
v -2.57620988 -0.0181118 4.65303534
v -2.57654917 -0.01811181 4.65368178
v -2.57591675 -0.01880621 4.65323768
v -2.57621614 -0.01880621 4.65380809
v -2.57170932 -0.01811171 4.65248896
v -2.57231015 -0.01811172 4.65207422
v -2.57194551 -0.01880613 4.65275557
v -2.57247567 -0.01880614 4.65238961
v -2.57170941 -0.01811168 4.65702257
v -2.57077626 -0.01986422 4.65807599
v -2.57006714 -0.0198642 4.6572756
v -2.57122527 -0.01811168 4.65647612
v -2.57194558 -0.0188061 4.65675597
v -2.57151839 -0.0188061 4.65627378
v -2.57065096 -0.02011871 4.6568726
v -2.57124666 -0.02011872 4.65754498
v -2.5767239 -0.01811181 4.65439063
v -2.57637032 -0.01880621 4.65443358
v -2.57299278 -0.01811174 4.65181532
v -2.573078 -0.01880615 4.65216115
v -2.57122527 -0.01811168 4.65647612
v -2.57088598 -0.01811167 4.65582968
v -2.57151839 -0.0188061 4.65627378
v -2.571219 -0.01880609 4.65570337
v -2.57672392 -0.0181118 4.6551207
v -2.57637034 -0.01880621 4.65507778
v -2.57371752 -0.01811176 4.65172731
v -2.57371751 -0.01880617 4.65208349
v -2.57071125 -0.01811167 4.65512082
v -2.57106482 -0.01880609 4.65507789
v -2.57654921 -0.01811179 4.65582956
v -2.57621618 -0.0188062 4.65570327
v -2.57444227 -0.01811177 4.6518153
v -2.57435702 -0.01880618 4.65216113
v -2.57620995 -0.01811178 4.65647601
v -2.57591681 -0.01880619 4.6562737
v -2.50845798 -0.29907125 4.67950604
v -2.50443099 -0.29907134 4.64634619
v -2.50443132 -0.29907125 4.66317059
v -2.50845701 -0.29907152 4.63001059
v -2.51627697 -0.29907134 4.69440315
v -2.5162754 -0.29907177 4.61511316
v -2.52743386 -0.29907151 4.70699618
v -2.5274318 -0.29907208 4.60251969
v -2.54128026 -0.29907176 4.71655326
v -2.54127782 -0.29907243 4.59296207
v -2.55701146 -0.29907207 4.72251897
v -2.55700879 -0.29907281 4.58699574
v -2.57371324 -0.29907243 4.7245466
v -2.57371049 -0.29907318 4.58496745
v -2.59041494 -0.2990728 4.72251831
v -2.59041226 -0.29907354 4.58699508
v -2.60614591 -0.29907317 4.71655198
v -2.60614347 -0.29907384 4.59296079
v -2.61999193 -0.29907353 4.70699436
v -2.61998987 -0.29907409 4.60251786
v -2.63114833 -0.29907384 4.69440089
v -2.63114676 -0.29907427 4.6151109
v -2.63896672 -0.29907409 4.67950346
v -2.63896575 -0.29907436 4.63000801
v -2.64299274 -0.29907426 4.66316786
v -2.64299241 -0.29907436 4.64634346
v -2.50911107 -0.29837713 4.63025862
v -2.50512573 -0.29837687 4.66308626
v -2.5051254 -0.29837696 4.64643048
v -2.50911204 -0.29837687 4.67925797
v -2.5168511 -0.29837738 4.61551051
v -2.51685265 -0.29837696 4.69400578
v -2.52789567 -0.29837769 4.60304326
v -2.52789771 -0.29837713 4.70647259
v -2.54160292 -0.29837804 4.59358143
v -2.54160533 -0.29837738 4.71593388
v -2.55717622 -0.29837841 4.5876749
v -2.55717887 -0.29837768 4.72183979
v -2.57371052 -0.29837878 4.58566695
v -2.57371324 -0.29837803 4.7238471
v -2.59024754 -0.2983784 4.72183914
v -2.59024489 -0.29837913 4.58767425
v -2.60581843 -0.29837944 4.59358017
v -2.60582084 -0.29837877 4.71593261
v -2.61952605 -0.29837968 4.60304145
v -2.61952808 -0.29837912 4.70647078
v -2.63057111 -0.29837986 4.61550827
v -2.63057266 -0.29837943 4.69400353
v -2.63831172 -0.29837994 4.63025607
v -2.63831269 -0.29837968 4.67925543
v -2.64229803 -0.29837994 4.64642778
v -2.64229836 -0.29837985 4.66308356
v -2.57088594 -0.01811168 4.65368189
v -2.57071125 -0.01811167 4.65512082
v -2.57071123 -0.01811168 4.65439075
v -2.57088598 -0.01811167 4.65582968
v -2.57231015 -0.01811172 4.65207422
v -2.57231026 -0.01811169 4.65743729
v -2.57299278 -0.01811174 4.65181532
v -2.57299289 -0.01811171 4.65769616
v -2.57371764 -0.01811172 4.65778414
v -2.57371752 -0.01811176 4.65172731
v -2.57444238 -0.01811174 4.65769613
v -2.57444227 -0.01811177 4.6518153
v -2.575125 -0.01811176 4.65743723
v -2.5751249 -0.01811178 4.65207417
v -2.57654917 -0.01811181 4.65368178
v -2.57654921 -0.01811179 4.65582956
v -2.57672392 -0.0181118 4.6551207
v -2.5767239 -0.01811181 4.65439063
v -2.571219 -0.01880609 4.65570337
v -2.57106481 -0.0188061 4.65443368
v -2.57106482 -0.01880609 4.65507789
v -2.57121896 -0.0188061 4.65380819
v -2.57247576 -0.01880611 4.65712191
v -2.57247567 -0.01880614 4.65238961
v -2.57307811 -0.01880613 4.65735034
v -2.573078 -0.01880615 4.65216115
v -2.57371751 -0.01880617 4.65208349
v -2.57371762 -0.01880614 4.65742798
v -2.57435702 -0.01880618 4.65216113
v -2.57435713 -0.01880615 4.65735031
v -2.57495937 -0.01880619 4.65238955
v -2.57495947 -0.01880617 4.65712186
v -2.57621618 -0.0188062 4.65570327
v -2.57621614 -0.01880621 4.65380809
v -2.57637032 -0.01880621 4.65443358
v -2.57637034 -0.01880621 4.65507778
vn 0.0238 -0.0966 0.99504
vn 0 -0.0995 0.99504
vn 0.0462 -0.0881 0.99504
vn 0.066 -0.0744 0.99504
vn 0.0819 -0.0565 0.99504
vn 0.0659 -0.0744 0.99505
vn 0.093 -0.0353 0.99504
vn 0.0987 -0.012 0.99504
vn 0.0987 0.012 0.99504
vn 0.093 0.0353 0.99504
vn 0.0819 0.0565 0.99504
vn 0.0659 0.0744 0.99505
vn 0.0462 0.0881 0.99504
vn 0.0238 0.0966 0.99504
vn 0 0.0995 0.99504
vn -0.0238 0.0966 0.99504
vn -0.0462 0.088 0.99505
vn -0.0462 0.0881 0.99504
vn -0.066 0.0745 0.99503
vn -0.0819 0.0565 0.99504
vn -0.093 0.0353 0.99504
vn -0.0987 0.012 0.99504
vn -0.0987 -0.012 0.99504
vn -0.093 -0.0353 0.99504
vn -0.0819 -0.0565 0.99504
vn -0.0659 -0.0744 0.99505
vn -0.0462 -0.0881 0.99504
vn -0.0659 -0.0745 0.99504
vn -0.0238 -0.0966 0.99504
vn 0.2281 -0.92529 0.303
vn 0.2388 -0.9688 0.0663
vn 0.4637 -0.88351 0.0663
vn 0.44291 -0.84381 0.303
vn -0.2281 0.92529 -0.303
vn -0.44291 0.84381 -0.303
vn -0.4635 0.88311 -0.0727
vn -0.23869 0.96837 -0.0727
vn -0.66312 0.74852 0
vn -0.82297 0.56808 0
vn 0.66312 -0.74852 0
vn 0.82297 -0.56808 0
vn 0.93502 -0.35461 0
vn 0.99271 -0.1205 0
vn -0.93502 0.35461 0
vn -0.99271 0.1205 0
vn -0.46469 -0.88548 0
vn -0.23931 -0.97094 0
vn 0.46469 0.88548 0
vn 0.23931 0.97094 0
vn 0.99271 0.1205 0
vn -0.99271 -0.1205 0
vn 0 -1 0
vn 0 1 0
vn 0.93502 0.35461 0
vn -0.93502 -0.35461 0
vn 0.23931 -0.97094 0
vn -0.23931 0.97094 0
vn 0.82297 0.56808 0
vn -0.82297 -0.56808 0
vn 0.46469 -0.88548 0
vn -0.46469 0.88548 0
vn 0.66312 0.74852 0
vn -0.66312 -0.74852 0
vn -0.2183 -0.88562 0.40991
vn -0.2281 -0.92529 0.303
vn 0 -0.95299 0.303
vn 0 -0.91213 0.40991
vn 0.2183 0.88562 -0.40991
vn 0 0.91213 -0.40991
vn 0 0.95299 -0.303
vn 0.2281 0.92529 -0.303
vn -0.94603 -0.1149 0.30301
vn -0.99052 -0.1203 0.0663
vn -0.93297 -0.35379 0.0663
vn -0.89108 -0.33789 0.30299
vn 0.94603 0.1149 -0.30301
vn 0.89108 0.33789 -0.30299
vn 0.93253 0.35371 -0.0727
vn 0.99008 0.1202 -0.0727
vn 0.78428 0.54139 0.30299
vn 0.82119 0.56679 0.0663
vn 0.66172 0.74682 0.0663
vn 0.63199 0.71329 0.303
vn -0.78428 -0.54139 -0.30299
vn -0.63199 -0.71329 -0.303
vn -0.6614 -0.7465 -0.0727
vn -0.82079 -0.56659 -0.0727
vn 0 0.95299 0.303
vn 0 0.9978 0.0663
vn -0.2388 0.9688 0.0663
vn -0.2281 0.92529 0.303
vn 0 -0.95299 -0.303
vn 0.2281 -0.92529 -0.303
vn 0.23869 -0.96837 -0.0727
vn 0 -0.99735 -0.0727
vn 0.66161 -0.74691 0.0663
vn 0.63193 -0.71333 0.30301
vn -0.63193 0.71333 -0.30301
vn -0.6613 0.74659 -0.0727
vn -0.82119 -0.56679 0.0663
vn -0.78428 -0.54139 0.30299
vn 0.78428 0.54139 -0.30299
vn 0.82079 0.56659 -0.0727
vn 0.63189 0.71338 0.30299
vn 0.66167 0.74686 0.0663
vn 0.4637 0.88351 0.0663
vn 0.44291 0.84381 0.303
vn -0.63193 -0.71333 -0.30301
vn -0.44291 -0.84381 -0.303
vn -0.4635 -0.88311 -0.0727
vn -0.6613 -0.74659 -0.0727
vn -0.4637 0.88351 0.0663
vn -0.44291 0.84381 0.303
vn 0.44291 -0.84381 -0.303
vn 0.4635 -0.88311 -0.0727
vn 0.63199 -0.71329 0.303
vn 0.66167 -0.74686 0.0663
vn 0.82119 -0.56679 0.0663
vn 0.78428 -0.54139 0.30299
vn -0.63199 0.71329 -0.303
vn -0.78428 0.54139 -0.30299
vn -0.82079 0.56659 -0.0727
vn -0.6614 0.7465 -0.0727
vn -0.66172 -0.74682 0.0663
vn -0.63199 -0.71329 0.303
vn 0.63199 0.71329 -0.303
vn 0.6614 0.7465 -0.0727
vn 0.2388 0.9688 0.0663
vn 0.2281 0.92529 0.303
vn -0.2281 -0.92529 -0.303
vn -0.23869 -0.96837 -0.0727
vn -0.66161 0.74691 0.0663
vn -0.63193 0.71333 0.30301
vn 0.63193 -0.71333 -0.30301
vn 0.6613 -0.74659 -0.0727
vn 0.93297 -0.35379 0.0663
vn 0.89108 -0.33789 0.30299
vn -0.89108 0.33789 -0.30299
vn -0.93253 0.35371 -0.0727
vn -0.63189 -0.71338 0.30299
vn -0.66167 -0.74686 0.0663
vn -0.4637 -0.88351 0.0663
vn -0.44291 -0.84381 0.303
vn 0.63193 0.71333 -0.30301
vn 0.44291 0.84381 -0.303
vn 0.4635 0.88311 -0.0727
vn 0.6613 0.74659 -0.0727
vn -0.63199 0.71329 0.303
vn -0.66167 0.74686 0.0663
vn -0.82119 0.56679 0.0663
vn -0.78428 0.54139 0.30299
vn 0.63199 -0.71329 -0.303
vn 0.78428 -0.54139 -0.30299
vn 0.82079 -0.56659 -0.0727
vn 0.6614 -0.7465 -0.0727
vn 0.99052 -0.1203 0.0663
vn 0.94603 -0.1149 0.30301
vn -0.94603 0.1149 -0.30301
vn -0.99008 0.1202 -0.0727
vn -0.2388 -0.9688 0.0663
vn 0.23869 0.96837 -0.0727
vn -0.93297 0.35379 0.0663
vn -0.89108 0.33789 0.30299
vn 0.89108 -0.33789 -0.30299
vn 0.93253 -0.35371 -0.0727
vn 0.99052 0.1203 0.0663
vn 0.94603 0.1149 0.30301
vn -0.94603 -0.1149 -0.30301
vn -0.99008 -0.1202 -0.0727
vn 0 -0.9978 0.0663
vn 0 0.99735 -0.0727
vn -0.99052 0.1203 0.0663
vn -0.94603 0.1149 0.30301
vn 0.94603 -0.1149 -0.30301
vn 0.99008 -0.1202 -0.0727
vn 0.93297 0.35379 0.0663
vn 0.89108 0.33789 0.30299
vn -0.89108 -0.33789 -0.30299
vn -0.93253 -0.35371 -0.0727
vn 0.8773 0.3327 -0.3459
vn 0.77219 0.53299 -0.3459
vn -0.87545 -0.33202 0.35122
vn -0.77053 -0.53192 0.35121
vn -0.93143 0.1131 -0.34591
vn -0.93143 -0.1131 -0.34591
vn 0.92947 -0.1129 0.35119
vn 0.92947 0.1129 0.35119
vn 0 -0.93827 -0.34589
vn 0.2245 -0.91101 -0.34591
vn 0 0.9363 0.3512
vn -0.2241 0.90909 0.3512
vn 0.93143 0.1131 -0.34591
vn -0.92947 -0.1129 0.35119
vn -0.8773 0.3327 -0.3459
vn 0.87545 -0.33202 0.35122
vn -0.2245 -0.91101 -0.34591
vn 0.2241 0.90909 0.3512
vn 0.93143 -0.1131 -0.34591
vn -0.92947 0.1129 0.35119
vn -0.77219 0.53299 -0.3459
vn 0.77053 -0.53192 0.35121
vn -0.43601 -0.83081 -0.3459
vn 0.43512 0.82904 0.35122
vn 0.8773 -0.3327 -0.3459
vn -0.87545 0.33202 0.35122
vn -0.6222 0.7023 -0.3459
vn 0.62091 -0.70081 0.3512
vn 0.2245 0.91101 -0.34591
vn 0 0.93827 -0.34589
vn -0.2241 -0.90909 0.3512
vn 0 -0.9363 0.3512
vn -0.6222 -0.7023 -0.3459
vn 0.62088 0.70078 0.35129
vn 0.77219 -0.53299 -0.3459
vn -0.77053 0.53192 0.35121
vn -0.43601 0.83081 -0.3459
vn 0.43512 -0.82904 0.35122
vn 0.62088 -0.70078 0.35129
vn 0.43601 0.83081 -0.3459
vn -0.43512 -0.82904 0.35122
vn -0.77219 -0.53299 -0.3459
vn 0.77053 0.53192 0.35121
vn 0.62091 0.70081 0.3512
vn 0.6222 -0.7023 -0.3459
vn -0.62088 0.70078 0.35129
vn -0.62091 0.70081 0.3512
vn -0.2245 0.91101 -0.34591
vn 0.2241 -0.90909 0.3512
vn 0.6222 0.7023 -0.3459
vn -0.62091 -0.70081 0.3512
vn -0.62088 -0.70078 0.35129
vn -0.8773 -0.3327 -0.3459
vn 0.87545 0.33202 0.35122
vn 0.43601 -0.83081 -0.3459
vn -0.43512 0.82904 0.35122
vn 0.93307 0.35389 -0.0644
vn 0.82128 0.56688 -0.0644
vn -0.8219 -0.5673 0.0516
vn -0.93379 -0.35409 0.0516
vn -0.99065 0.12029 -0.0644
vn -0.99065 -0.12029 -0.0644
vn 0.99138 0.1204 0.0516
vn 0.99138 -0.1204 0.0516
vn 0 -0.99792 -0.0644
vn 0.23881 -0.96893 -0.0644
vn -0.23899 0.96965 0.0516
vn 0 0.99867 0.0516
vn 0.99065 0.12029 -0.0644
vn -0.99138 -0.1204 0.0516
vn -0.93307 0.35389 -0.0644
vn 0.93379 -0.35409 0.0516
vn -0.23881 -0.96893 -0.0644
vn 0.23901 0.96964 0.0516
vn 0.99065 -0.12029 -0.0644
vn -0.99138 0.1204 0.0516
vn -0.82128 0.56688 -0.0644
vn 0.8219 -0.5673 0.0516
vn -0.4638 -0.8836 -0.0644
vn 0.46409 0.88428 0.0516
vn 0.93307 -0.35389 -0.0644
vn -0.93379 0.35409 0.0516
vn -0.6618 0.74691 -0.0644
vn 0.66222 -0.74753 0.0516
vn 0.23881 0.96893 -0.0644
vn 0 0.99792 -0.0644
vn 0 -0.99867 0.0516
vn -0.23901 -0.96964 0.0516
vn -0.6617 -0.747 -0.0644
vn 0.66222 0.74753 0.0516
vn 0.82128 -0.56688 -0.0644
vn -0.8219 0.5673 0.0516
vn -0.4638 0.8836 -0.0644
vn -0.6617 0.747 -0.0644
vn 0.66226 -0.74755 0.0508
vn 0.46409 -0.88428 0.0516
vn 0.4638 0.8836 -0.0644
vn -0.46409 -0.88428 0.0516
vn -0.82128 -0.56688 -0.0644
vn -0.6618 -0.74691 -0.0644
vn 0.66231 0.74751 0.0508
vn 0.8219 0.5673 0.0516
vn 0.6618 -0.74691 -0.0644
vn -0.66222 0.74753 0.0516
vn -0.23881 0.96893 -0.0644
vn 0.23899 -0.96965 0.0516
vn 0.6617 0.747 -0.0644
vn -0.66222 -0.74753 0.0516
vn -0.93307 -0.35389 -0.0644
vn 0.93379 0.35409 0.0516
vn 0.4638 -0.8836 -0.0644
vn 0.6617 -0.747 -0.0644
vn -0.66226 0.74755 0.0508
vn -0.46409 0.88428 0.0516
vn 0.6618 0.74691 -0.0644
vn -0.66231 -0.74751 0.0508
vn 0.1418 -0.57521 0.80562
vn 0.27532 -0.52453 0.80565
vn -0.1418 0.57521 -0.80562
vn -0.27532 0.52453 -0.80565
vn -0.85288 0.32339 0.40989
vn -0.90549 0.1099 0.40989
vn 0.85288 -0.32339 -0.40989
vn 0.90549 -0.1099 -0.40989
vn 0.90549 0.1099 0.40989
vn 0.85288 0.32339 0.40989
vn -0.90549 -0.1099 -0.40989
vn -0.85288 -0.32339 -0.40989
vn 0.2183 -0.88562 0.40991
vn -0.2183 0.88562 -0.40991
vn -0.90549 -0.1099 0.40989
vn 0.90549 0.1099 -0.40989
vn 0.75066 0.51817 0.40988
vn -0.75066 -0.51817 -0.40988
vn 0.42388 -0.80766 0.40988
vn -0.42388 0.80766 -0.40988
vn -0.85288 -0.32339 0.40989
vn 0.85288 0.32339 -0.40989
vn 0.6049 0.6827 0.4099
vn -0.6049 -0.6827 -0.4099
vn 0 0.91213 0.40991
vn -0.2183 0.88562 0.40991
vn 0 -0.91213 -0.40991
vn 0.2183 -0.88562 -0.40991
vn 0.60479 -0.68279 0.4099
vn -0.60479 0.68279 -0.4099
vn -0.75066 -0.51817 0.40988
vn 0.7507 0.5181 -0.4099
vn 0.60479 0.68279 0.4099
vn 0.42388 0.80766 0.40988
vn -0.60479 -0.68279 -0.4099
vn -0.42388 -0.80766 -0.40988
vn -0.42388 0.80766 0.40988
vn 0.42388 -0.80766 -0.40988
vn 0.6049 -0.6827 0.4099
vn 0.75066 -0.51817 0.40988
vn -0.6049 0.6827 -0.4099
vn -0.75066 0.51817 -0.40988
vn -0.6049 -0.6827 0.4099
vn 0.6049 0.6827 -0.4099
vn 0.2183 0.88562 0.40991
vn -0.2183 -0.88562 -0.40991
vn -0.60479 0.68279 0.4099
vn 0.60479 -0.68279 -0.4099
vn 0.85288 -0.32339 0.40989
vn -0.85288 0.32339 -0.40989
vn -0.60479 -0.68279 0.4099
vn -0.42388 -0.80766 0.40988
vn 0.60479 0.68279 -0.4099
vn 0.42388 0.80766 -0.40988
vn -0.6049 0.6827 0.4099
vn -0.75066 0.51817 0.40988
vn 0.6049 -0.6827 -0.4099
vn 0.75066 -0.51817 -0.40988
vn 0.90549 -0.1099 0.40989
vn -0.90549 0.1099 -0.40989
vn 0.93039 0.3528 0.0995
vn 0.81892 0.56521 0.0995
vn -0.93039 -0.3528 -0.0995
vn -0.81892 -0.56521 -0.0995
vn -0.58811 -0.0714 0.80562
vn -0.55392 -0.21011 0.80562
vn 0.58811 0.0714 -0.80562
vn 0.55392 0.21011 -0.80562
vn 0.48753 0.33652 0.80565
vn 0.39282 0.44343 0.80565
vn -0.48753 -0.33652 -0.80565
vn -0.39282 -0.44343 -0.80565
vn 0 0.59242 0.80563
vn -0.1418 0.57521 0.80562
vn 0 -0.59242 -0.80563
vn 0.1418 -0.57521 -0.80562
vn 0.39282 -0.44343 0.80565
vn -0.39282 0.44343 -0.80565
vn -0.48753 -0.33652 0.80565
vn 0.48753 0.33652 -0.80565
vn 0.27532 0.52453 0.80565
vn -0.27532 -0.52453 -0.80565
vn -0.27532 0.52453 0.80565
vn 0.27532 -0.52453 -0.80565
vn 0.48753 -0.33652 0.80565
vn -0.48753 0.33652 -0.80565
vn -0.39282 -0.44343 0.80565
vn 0.39282 0.44343 -0.80565
vn 0.1418 0.57521 0.80562
vn -0.1418 -0.57521 -0.80562
vn -0.39282 0.44343 0.80565
vn 0.39282 -0.44343 -0.80565
vn 0.55392 -0.21011 0.80562
vn -0.55392 0.21011 -0.80562
vn -0.27532 -0.52453 0.80565
vn 0.27532 0.52453 -0.80565
vn -0.48753 0.33652 0.80565
vn 0.48753 -0.33652 -0.80565
vn 0.58811 -0.0714 0.80562
vn -0.58811 0.0714 -0.80562
vn -0.1418 -0.57521 0.80562
vn 0.1418 0.57521 -0.80562
vn -0.55392 0.21011 0.80562
vn 0.55392 -0.21011 -0.80562
vn 0.58811 0.0714 0.80562
vn -0.58811 -0.0714 -0.80562
vn 0 -0.59242 0.80563
vn 0 0.59242 -0.80563
vn -0.58811 0.0714 0.80562
vn 0.58811 -0.0714 -0.80562
vn 0.55392 0.21011 0.80562
vn -0.55392 -0.21011 -0.80562
vn 0.23811 -0.96613 0.0995
vn 0.46239 -0.88108 0.0995
vn -0.23811 0.96613 -0.0995
vn -0.46239 0.88108 -0.0995
vn -0.98779 -0.1199 0.0995
vn -0.93039 -0.3528 0.0995
vn 0.98779 0.1199 -0.0995
vn 0.93039 0.3528 -0.0995
vn 0.65981 0.74481 0.0995
vn -0.65981 -0.74481 -0.0995
vn -0.65992 -0.74492 -0.098
vn 0 0.99504 0.0995
vn -0.23811 0.96613 0.0995
vn 0 -0.99504 -0.0995
vn 0.23811 -0.96613 -0.0995
vn 0.65981 -0.74481 0.0995
vn -0.65981 0.74481 -0.0995
vn -0.65992 0.74492 -0.098
vn -0.81892 -0.56521 0.0995
vn 0.81892 0.56521 -0.0995
vn 0.46239 0.88108 0.0995
vn -0.46239 -0.88108 -0.0995
vn -0.46239 0.88108 0.0995
vn 0.46239 -0.88108 -0.0995
vn 0.81892 -0.56521 0.0995
vn -0.81892 0.56521 -0.0995
vn -0.65981 -0.74481 0.0995
vn 0.65981 0.74481 -0.0995
vn 0.65992 0.74492 -0.098
vn 0.23811 0.96613 0.0995
vn -0.23811 -0.96613 -0.0995
vn -0.65981 0.74481 0.0995
vn 0.65981 -0.74481 -0.0995
vn 0.65992 -0.74492 -0.098
vn 0.93039 -0.3528 0.0995
vn -0.93039 0.3528 -0.0995
vn -0.46239 -0.88108 0.0995
vn 0.46239 0.88108 -0.0995
vn -0.81892 0.56521 0.0995
vn 0.81892 -0.56521 -0.0995
vn 0.98779 -0.1199 0.0995
vn -0.98779 0.1199 -0.0995
vn -0.23811 -0.96613 0.0995
vn 0.23811 0.96613 -0.0995
vn -0.93039 0.3528 0.0995
vn 0.93039 -0.3528 -0.0995
vn 0.98779 0.1199 0.0995
vn -0.98779 -0.1199 -0.0995
vn 0 -0.99504 0.0995
vn 0 0.99504 -0.0995
vn -0.98779 0.1199 0.0995
vn 0.98779 -0.1199 -0.0995
vn -0.17649 0.71606 -0.67536
vn 0 0.73747 -0.67538
vn -0.3427 0.65299 -0.67539
vn 0.1765 0.71611 -0.67531
vn -0.48911 0.55201 -0.67532
vn -0.60691 0.41891 -0.67541
vn -0.68961 0.26151 -0.67531
vn -0.73209 0.0889 -0.67539
vn -0.73214 -0.0889 -0.67533
vn -0.68957 -0.26149 -0.67537
vn -0.60697 -0.41888 -0.67537
vn -0.48904 -0.55204 -0.67535
vn -0.3427 -0.65299 -0.67539
vn -0.17649 -0.71606 -0.67536
vn 0 -0.73747 -0.67538
vn 0.1765 -0.71611 -0.67531
vn 0.3427 -0.65299 -0.67539
vn 0.48904 -0.55204 -0.67535
vn 0.60701 -0.41891 -0.67531
vn 0.68957 -0.26149 -0.67537
vn 0.73214 -0.0889 -0.67533
vn 0.73209 0.0889 -0.67539
vn 0.68961 0.26151 -0.67531
vn 0.60691 0.41891 -0.67541
vn 0.48904 0.55204 -0.67535
vn 0.34272 0.65304 -0.67534
vn -0.42582 -0.29391 0.85574
vn -0.48267 -0.33318 0.80995
vn -0.38889 -0.43899 0.80997
vn -0.34311 -0.38731 0.85573
vn 0.42582 0.29391 -0.85574
vn 0.34311 0.38731 -0.85573
vn 0.3891 0.4391 -0.80981
vn 0.48281 0.33331 -0.80982
vn -0.1542 0.62541 0.76491
vn -0.1404 0.56939 0.80999
vn 0 0.58648 0.80997
vn 0 0.64418 0.76487
vn 0.1542 -0.62579 -0.76459
vn 0 -0.6445 -0.7646
vn 0 -0.5867 -0.8098
vn 0.1404 -0.56962 -0.80983
vn -0.29939 0.57038 0.76487
vn -0.27259 0.51928 0.80997
vn 0.2995 -0.5707 -0.7646
vn 0.2727 -0.51949 -0.80979
vn -0.42718 0.48218 0.76487
vn -0.38889 0.43899 0.80997
vn 0.4274 -0.4824 -0.7646
vn 0.3891 -0.4391 -0.80981
vn -0.53011 0.36591 0.76492
vn -0.48267 0.33318 0.80995
vn 0.53041 -0.36611 -0.76461
vn 0.48281 -0.33331 -0.80982
vn -0.6023 0.2284 0.7649
vn -0.54837 0.20799 0.80996
vn 0.6026 -0.2286 -0.7646
vn 0.5486 -0.208 -0.8098
vn -0.63948 0.0776 0.76488
vn -0.58218 0.0707 0.80998
vn 0.6398 -0.0777 -0.7646
vn 0.58241 -0.0707 -0.80981
vn -0.63948 -0.0776 0.76488
vn -0.58218 -0.0707 0.80998
vn 0.6398 0.0777 -0.7646
vn 0.58241 0.0707 -0.80981
vn -0.6023 -0.2284 0.7649
vn -0.54837 -0.20799 0.80996
vn 0.6026 0.2286 -0.7646
vn 0.5486 0.208 -0.8098
vn -0.53011 -0.36591 0.76492
vn 0.53041 0.36611 -0.76461
vn -0.42718 -0.48218 0.76487
vn 0.4274 0.4824 -0.7646
vn -0.29939 -0.57038 0.76487
vn -0.27259 -0.51928 0.80997
vn 0.2995 0.5707 -0.7646
vn 0.2726 0.51951 -0.80981
vn -0.1542 -0.62541 0.76491
vn -0.1404 -0.56939 0.80999
vn 0.1542 0.62579 -0.76459
vn 0.1404 0.56962 -0.80983
vn 0 -0.64418 0.76487
vn 0 -0.58648 0.80997
vn 0 0.6445 -0.7646
vn 0 0.5867 -0.8098
vn 0.1542 -0.62541 0.76491
vn 0.1404 -0.56939 0.80999
vn -0.1542 0.62579 -0.76459
vn -0.1404 0.56962 -0.80983
vn 0.29939 -0.57038 0.76487
vn 0.27259 -0.51928 0.80997
vn -0.2995 0.5707 -0.7646
vn -0.2727 0.51949 -0.80979
vn 0.42718 -0.48218 0.76487
vn 0.38889 -0.43899 0.80997
vn -0.4274 0.4824 -0.7646
vn -0.3891 0.4391 -0.80981
vn 0.53011 -0.36591 0.76492
vn 0.48267 -0.33318 0.80995
vn -0.53041 0.36611 -0.76461
vn -0.48281 0.33331 -0.80982
vn 0.6023 -0.2284 0.7649
vn 0.54837 -0.20799 0.80996
vn -0.6026 0.2286 -0.7646
vn -0.5486 0.208 -0.8098
vn 0.63948 -0.0776 0.76488
vn 0.58218 -0.0707 0.80998
vn -0.6398 0.0777 -0.7646
vn -0.58241 0.0707 -0.80981
vn 0.63948 0.0776 0.76488
vn 0.58218 0.0707 0.80998
vn -0.6398 -0.0777 -0.7646
vn -0.58241 -0.0707 -0.80981
vn 0.6023 0.2284 0.7649
vn 0.54837 0.20799 0.80996
vn -0.6026 -0.2286 -0.7646
vn -0.5486 -0.208 -0.8098
vn 0.53011 0.36591 0.76492
vn 0.48267 0.33318 0.80995
vn -0.53041 -0.36611 -0.76461
vn -0.48281 -0.33331 -0.80982
vn 0.42718 0.48218 0.76487
vn 0.38889 0.43899 0.80997
vn -0.4274 -0.4824 -0.7646
vn -0.3891 -0.4391 -0.80981
vn 0.29939 0.57038 0.76487
vn 0.27259 0.51928 0.80997
vn -0.2995 -0.5707 -0.7646
vn -0.2727 -0.51949 -0.80979
vn 0.1542 0.62541 0.76491
vn 0.1404 0.56939 0.80999
vn -0.1542 -0.62579 -0.76459
vn -0.1404 -0.56962 -0.80983
vn -0.67118 -0.46329 0.57869
vn -0.54081 -0.61042 0.57872
vn 0.67118 0.46329 -0.57869
vn 0.54081 0.61042 -0.57872
vn 0.24051 0.45812 0.85573
vn 0.1238 0.50241 0.85572
vn -0.24051 -0.45812 -0.85573
vn -0.1238 -0.50241 -0.85572
vn -0.24042 0.45813 0.85576
vn -0.34311 0.38731 0.85573
vn 0.24042 -0.45813 -0.85576
vn 0.34311 -0.38731 -0.85573
vn 0.42582 -0.29391 0.85574
vn 0.48381 -0.1835 0.85572
vn -0.42582 0.29391 -0.85574
vn -0.48381 0.1835 -0.85572
vn -0.24042 -0.45813 0.85576
vn 0.24042 0.45813 -0.85576
vn 0 0.51742 0.85573
vn 0 -0.51742 -0.85573
vn -0.42582 0.29391 0.85574
vn 0.42582 -0.29391 -0.85574
vn 0.51363 -0.0624 0.85574
vn -0.51363 0.0624 -0.85574
vn -0.1238 -0.50241 0.85572
vn 0.1238 0.50241 -0.85572
vn -0.48381 0.1835 0.85572
vn 0.48381 -0.1835 -0.85572
vn 0.51363 0.0624 0.85574
vn -0.51363 -0.0624 -0.85574
vn 0 -0.51742 0.85573
vn 0 0.51742 -0.85573
vn -0.51363 0.0624 0.85574
vn 0.51363 -0.0624 -0.85574
vn 0.48381 0.1835 0.85572
vn -0.48381 -0.1835 -0.85572
vn 0.1238 -0.50241 0.85572
vn -0.1238 0.50241 -0.85572
vn -0.51363 -0.0624 0.85574
vn 0.51363 0.0624 -0.85574
vn 0.42582 0.29391 0.85574
vn -0.42582 -0.29391 -0.85574
vn 0.24042 -0.45813 0.85576
vn -0.24042 0.45813 -0.85576
vn -0.48381 -0.1835 0.85572
vn 0.48381 0.1835 -0.85572
vn 0.34311 0.38731 0.85573
vn -0.34311 -0.38731 -0.85573
vn -0.1238 0.50241 0.85572
vn 0.1238 -0.50241 -0.85572
vn 0.34311 -0.38731 0.85573
vn -0.34311 0.38731 -0.85573
vn 0.57631 -0.65041 -0.49481
vn 0.71517 -0.49368 -0.49478
vn -0.57631 0.65041 0.49481
vn -0.71517 0.49368 0.49478
vn 0.37901 0.72211 0.57871
vn 0.19521 0.79182 0.57872
vn -0.37901 -0.72211 -0.57871
vn -0.19521 -0.79182 -0.57872
vn -0.37901 0.72211 0.57871
vn -0.54078 0.61048 0.57868
vn 0.37901 -0.72211 -0.57871
vn 0.54078 -0.61048 -0.57868
vn 0.67118 -0.46329 0.57869
vn 0.76252 -0.28921 0.57872
vn -0.67118 0.46329 -0.57869
vn -0.76252 0.28921 -0.57872
vn -0.54078 -0.61048 0.57868
vn -0.37901 -0.72211 0.57871
vn 0.54078 0.61048 -0.57868
vn 0.37901 0.72211 -0.57871
vn 0 0.81553 0.57872
vn 0 -0.81553 -0.57872
vn -0.54081 0.61042 0.57872
vn -0.67118 0.46329 0.57869
vn 0.54081 -0.61042 -0.57872
vn 0.67118 -0.46329 -0.57869
vn 0.8096 -0.0983 0.5787
vn -0.8096 0.0983 -0.5787
vn -0.19521 -0.79182 0.57872
vn 0.19521 0.79182 -0.57872
vn -0.76252 0.28921 0.57872
vn 0.76252 -0.28921 -0.57872
vn 0.8096 0.0983 0.5787
vn -0.8096 -0.0983 -0.5787
vn 0 -0.81553 0.57872
vn 0 0.81553 -0.57872
vn -0.8096 0.0983 0.5787
vn 0.8096 -0.0983 -0.5787
vn 0.76252 0.28921 0.57872
vn -0.76252 -0.28921 -0.57872
vn 0.19521 -0.79182 0.57872
vn -0.19521 0.79182 -0.57872
vn -0.8096 -0.0983 0.5787
vn 0.8096 0.0983 -0.5787
vn 0.67118 0.46329 0.57869
vn -0.67118 -0.46329 -0.57869
vn 0.37901 -0.72211 0.57871
vn -0.37901 0.72211 -0.57871
vn -0.76252 -0.28921 0.57872
vn 0.76252 0.28921 -0.57872
vn 0.54081 0.61042 0.57872
vn -0.54081 -0.61042 -0.57872
vn -0.19521 0.79182 0.57872
vn 0.19521 -0.79182 -0.57872
vn 0.54078 -0.61048 0.57868
vn 0.54081 -0.61042 0.57872
vn -0.54078 0.61048 -0.57868
vn 0.54078 0.61048 0.57868
vn -0.54078 -0.61048 -0.57868
vn -0.54081 0.61042 -0.57872
vn -0.22021 0.89334 0.39172
vn -0.4276 0.8147 0.3917
vn 0.22021 -0.89334 -0.39172
vn 0.4276 -0.8147 -0.3917
vn -0.71517 -0.49368 -0.49478
vn -0.57627 -0.65047 -0.49478
vn -0.57631 -0.65041 -0.49481
vn 0.71517 0.49368 0.49478
vn 0.57627 0.65047 0.49478
vn 0.57631 0.65041 0.49481
vn 0.40388 0.76946 -0.49478
vn 0.20799 0.84376 -0.49478
vn -0.40388 -0.76946 0.49478
vn -0.20799 -0.84376 0.49478
vn -0.40388 0.76946 -0.49478
vn -0.4038 0.7695 -0.4948
vn -0.5762 0.65051 -0.4948
vn 0.40388 -0.76946 0.49478
vn 0.57627 -0.65047 0.49478
vn 0.5762 -0.65051 0.4948
vn 0.81255 -0.30818 -0.49477
vn -0.81255 0.30818 0.49477
vn -0.5762 -0.65051 -0.4948
vn -0.40388 -0.76946 -0.49478
vn 0.5762 0.65051 0.4948
vn 0.40388 0.76946 0.49478
vn 0 0.86901 -0.4948
vn 0 -0.86901 0.4948
vn -0.57631 0.65041 -0.49481
vn -0.71517 0.49368 -0.49478
vn 0.57631 -0.65041 0.49481
vn 0.71517 -0.49368 0.49478
vn 0.86267 -0.1048 -0.49478
vn -0.86267 0.1048 0.49478
vn -0.20799 -0.84376 -0.49478
vn 0.20799 0.84376 0.49478
vn -0.81251 0.3082 -0.49481
vn 0.81251 -0.3082 0.49481
vn 0.86268 0.1047 -0.49479
vn -0.86268 -0.1047 0.49479
vn 0 -0.86901 -0.4948
vn 0 0.86901 0.4948
vn -0.86267 0.1048 -0.49478
vn -0.86268 0.1047 -0.49479
vn 0.86267 -0.1048 0.49478
vn 0.81255 0.30818 -0.49477
vn -0.81255 -0.30818 0.49477
vn 0.20799 -0.84376 -0.49478
vn -0.20799 0.84376 0.49478
vn -0.86268 -0.1047 -0.49479
vn 0.86268 0.1047 0.49479
vn 0.71517 0.49368 -0.49478
vn -0.71517 -0.49368 0.49478
vn 0.40388 -0.76946 -0.49478
vn -0.40388 0.76946 0.49478
vn -0.81251 -0.3082 -0.49481
vn 0.81251 0.3082 0.49481
vn 0.57631 0.65041 -0.49481
vn 0.57627 0.65047 -0.49478
vn -0.57631 -0.65041 0.49481
vn -0.57627 -0.65047 0.49478
vn -0.20799 0.84376 -0.49478
vn 0.20799 -0.84376 0.49478
vn 0.5762 -0.65051 -0.4948
vn -0.57627 0.65047 0.49478
vn 0.5762 0.65051 -0.4948
vn -0.5762 -0.65051 0.4948
vn 0.5346 -0.0649 0.84261
vn 0.5346 0.0649 0.84261
vn -0.5346 0.0649 -0.84261
vn -0.5346 -0.0649 -0.84261
vn 0.61018 -0.68867 0.39168
vn 0.7572 -0.5227 0.3917
vn -0.61018 0.68867 -0.39168
vn -0.7572 0.5227 -0.3917
vn -0.7572 -0.5227 0.3917
vn -0.61018 -0.68867 0.39168
vn 0.7572 0.5227 -0.3917
vn 0.61018 0.68867 -0.39168
vn 0.4276 0.8147 0.3917
vn 0.22021 0.89334 0.39172
vn -0.4276 -0.8147 -0.3917
vn -0.22021 -0.89334 -0.39172
vn -0.61011 0.68871 0.39171
vn 0.61011 -0.68871 -0.39171
vn 0.86029 -0.3263 0.3917
vn -0.86029 0.3263 -0.3917
vn -0.61011 -0.68871 0.39171
vn -0.4276 -0.8147 0.3917
vn 0.61011 0.68871 -0.39171
vn 0.4276 0.8147 -0.3917
vn 0 0.92009 0.3917
vn 0 -0.92009 -0.3917
vn -0.61018 0.68867 0.39168
vn -0.7572 0.5227 0.3917
vn 0.61018 -0.68867 -0.39168
vn 0.7572 -0.5227 -0.3917
vn 0.91339 -0.1109 0.39169
vn -0.91339 0.1109 -0.39169
vn -0.22021 -0.89334 0.39172
vn 0.22021 0.89334 -0.39172
vn -0.86029 0.3263 0.3917
vn 0.86029 -0.3263 -0.3917
vn 0.91339 0.1109 0.39169
vn -0.91339 -0.1109 -0.39169
vn 0 -0.92009 0.3917
vn 0 0.92009 -0.3917
vn -0.91339 0.1109 0.39169
vn 0.91339 -0.1109 -0.39169
vn 0.86029 0.3263 0.3917
vn -0.86029 -0.3263 -0.3917
vn 0.22021 -0.89334 0.39172
vn -0.22021 0.89334 -0.39172
vn -0.91339 -0.1109 0.39169
vn 0.91339 0.1109 -0.39169
vn 0.7572 0.5227 0.3917
vn -0.7572 -0.5227 -0.3917
vn 0.4276 -0.8147 0.3917
vn -0.4276 0.8147 -0.3917
vn -0.86029 -0.3263 0.3917
vn 0.86029 0.3263 -0.3917
vn 0.61018 0.68867 0.39168
vn -0.61018 -0.68867 -0.39168
vn 0.61011 -0.68871 0.39171
vn -0.61011 0.68871 -0.39171
vn 0.61011 0.68871 0.39171
vn -0.61011 -0.68871 -0.39171
vn 0.37159 -0.70797 0.60058
vn 0.53019 -0.59849 0.60059
vn -0.37159 0.70797 -0.60058
vn -0.53019 0.59849 -0.60059
vn -0.1289 -0.5229 0.84259
vn 0 -0.53858 0.84257
vn 0.1289 0.5229 -0.84259
vn 0 0.53858 -0.84257
vn -0.50358 0.19099 0.84257
vn -0.5346 0.0649 0.84261
vn 0.50358 -0.19099 -0.84257
vn 0.5346 -0.0649 -0.84261
vn 0.50358 0.19099 0.84257
vn -0.50358 -0.19099 -0.84257
vn -0.50351 -0.191 -0.84261
vn 0.1289 -0.5229 0.84259
vn -0.1289 0.5229 -0.84259
vn -0.5346 -0.0649 0.84261
vn 0.5346 0.0649 -0.84261
vn 0.44321 0.3059 0.84261
vn -0.44321 -0.3059 -0.84261
vn 0.25029 -0.47689 0.84258
vn -0.25029 0.47689 -0.84258
vn -0.50358 -0.19099 0.84257
vn 0.50358 0.19099 -0.84257
vn 0.3571 0.4031 0.84261
vn -0.3571 -0.4031 -0.84261
vn 0 0.53858 0.84257
vn -0.1289 0.5229 0.84259
vn 0 -0.53858 -0.84257
vn 0.1289 -0.5229 -0.84259
vn 0.3571 -0.4031 0.84261
vn -0.3571 0.4031 -0.84261
vn -0.44321 -0.3059 0.84261
vn 0.44321 0.3059 -0.84261
vn 0.25029 0.47689 0.84258
vn -0.25029 -0.47689 -0.84258
vn -0.25029 0.47689 0.84258
vn 0.25029 -0.47689 -0.84258
vn 0.44321 -0.3059 0.84261
vn -0.44321 0.3059 -0.84261
vn -0.3571 -0.4031 0.84261
vn 0.3571 0.4031 -0.84261
vn 0.1289 0.5229 0.84259
vn -0.1289 -0.5229 -0.84259
vn -0.3571 0.4031 0.84261
vn 0.3571 -0.4031 -0.84261
vn 0.50358 -0.19099 0.84257
vn 0.50351 -0.191 0.84261
vn -0.50351 0.191 -0.84261
vn -0.25029 -0.47689 0.84258
vn 0.25029 0.47689 -0.84258
vn -0.44321 0.3059 0.84261
vn 0.44321 -0.3059 -0.84261
vn 0 0.93901 -0.3439
vn -0.22471 0.91172 -0.34391
vn 0 -0.93901 0.3439
vn 0.22471 -0.91172 0.34391
vn -0.74765 -0.28352 0.60054
vn -0.65801 -0.4542 0.60061
vn 0.74765 0.28352 -0.60054
vn 0.65801 0.4542 -0.60061
vn 0.7476 0.2835 -0.6006
vn 0.53019 0.59849 0.60059
vn 0.53022 0.59853 0.60053
vn 0.37159 0.70797 0.60058
vn -0.53019 -0.59849 -0.60059
vn -0.37159 -0.70797 -0.60058
vn -0.1914 0.77639 0.60049
vn -0.37161 0.70802 0.60051
vn 0.1914 -0.7763 -0.6006
vn 0.37161 -0.70802 -0.60051
vn 0.1914 -0.77639 -0.60049
vn 0.53026 -0.59846 0.60056
vn 0.65801 -0.4542 0.60061
vn -0.65801 0.4542 -0.60061
vn -0.53026 -0.59846 0.60056
vn 0.53026 0.59846 -0.60056
vn 0.1914 0.77639 0.60049
vn 0.19139 0.77634 0.60055
vn -0.1914 -0.77639 -0.60049
vn -0.53022 0.59853 0.60053
vn 0.53022 -0.59853 -0.60053
vn 0.7476 -0.2835 0.6006
vn -0.74758 0.28359 -0.60058
vn -0.7476 0.2835 -0.6006
vn -0.53019 -0.59849 0.60059
vn -0.37159 -0.70797 0.60058
vn 0.53019 0.59849 -0.60059
vn 0.37159 0.70797 -0.60058
vn 0 0.79962 0.60051
vn 0 -0.79962 -0.60051
vn -0.53029 0.59849 0.60049
vn -0.65805 0.45423 0.60054
vn -0.6581 0.4542 0.6005
vn 0.53029 -0.59849 -0.60049
vn 0.6581 -0.4542 -0.6005
vn 0.65805 -0.45423 -0.60054
vn 0.79371 -0.0964 0.60061
vn -0.79371 0.0964 -0.60061
vn -0.1913 -0.77632 0.60061
vn 0.1914 0.7763 -0.6006
vn -0.74765 0.28352 0.60054
vn 0.74765 -0.28352 -0.60054
vn 0.79375 0.09639 0.60056
vn -0.79375 -0.09639 -0.60056
vn 0 -0.79957 0.60058
vn 0 0.79957 -0.60058
vn -0.7938 0.0964 0.6005
vn 0.7938 -0.0964 -0.6005
vn 0.7476 0.2835 0.6006
vn -0.7476 -0.2835 -0.6006
vn 0.1914 -0.7763 0.6006
vn -0.1913 0.77632 -0.60061
vn -0.1914 0.7763 -0.6006
vn -0.7938 -0.0964 0.6005
vn 0.7938 0.0964 -0.6005
vn 0.65801 0.4542 0.60061
vn -0.65801 -0.4542 -0.60061
vn 0.53026 0.59846 0.60056
vn -0.53026 -0.59846 -0.60056
vn 0.8198 0.5659 0.0876
vn 0.6606 0.74561 0.0876
vn -0.8198 -0.5659 -0.0877
vn -0.6606 -0.7456 -0.0877
vn -0.66068 -0.74568 -0.0864
vn 0.43641 -0.83143 -0.34391
vn 0.62261 -0.70291 -0.34391
vn 0.62267 -0.70287 -0.34388
vn -0.43641 0.83143 0.34391
vn -0.62272 0.70282 0.34391
vn -0.62261 0.70291 0.34391
vn -0.87798 -0.33299 -0.34389
vn -0.7728 -0.5334 -0.3439
vn 0.87798 0.33299 0.34389
vn 0.7728 0.5334 0.3439
vn 0.62269 0.70279 -0.344
vn 0.62263 0.70284 -0.34402
vn 0.4364 0.8314 -0.344
vn -0.62269 -0.70279 0.344
vn -0.4364 -0.8314 0.344
vn -0.62259 -0.70289 0.34399
vn -0.43641 0.83143 -0.34391
vn -0.43638 0.83146 -0.34388
vn 0.43641 -0.83143 0.34391
vn 0.62272 -0.70282 -0.34391
vn 0.77277 -0.53338 -0.34399
vn -0.77277 0.53338 0.34399
vn -0.62267 -0.70287 -0.34388
vn -0.62272 -0.70282 -0.34391
vn 0.62272 0.70282 0.34391
vn 0.62267 0.70287 0.34388
vn 0.2247 0.91169 -0.344
vn -0.2247 -0.91169 0.344
vn -0.62267 0.70287 -0.34388
vn 0.62261 -0.70291 0.34391
vn 0.62267 -0.70287 0.34388
vn 0.87795 -0.33298 -0.34398
vn -0.87795 0.33298 0.34398
vn -0.43638 -0.83146 -0.34388
vn 0.43638 0.83146 0.34388
vn -0.62272 0.70282 -0.34391
vn -0.7728 0.5334 -0.3439
vn 0.62272 -0.70282 0.34391
vn 0.7728 -0.5334 0.3439
vn 0.93212 -0.1132 -0.34401
vn -0.93212 0.1132 0.34401
vn -0.22471 -0.91172 -0.34391
vn 0.22471 0.91172 0.34391
vn -0.87798 0.33299 -0.34389
vn 0.87798 -0.33299 0.34389
vn 0.93212 0.1132 -0.34401
vn -0.93212 -0.1132 0.34401
vn 0 -0.93901 -0.3439
vn 0 0.93901 0.3439
vn -0.93216 0.1132 -0.34389
vn 0.93216 -0.1132 0.34389
vn 0.87795 0.33298 -0.34398
vn -0.87795 -0.33298 0.34398
vn 0.22471 -0.91172 -0.34391
vn -0.22471 0.91172 0.34391
vn -0.93216 -0.1132 -0.34389
vn 0.93216 0.1132 0.34389
vn 0.77277 0.53338 -0.34399
vn -0.77277 -0.53338 0.34399
vn -0.77407 -0.094 0.62608
vn -0.72909 -0.27649 0.62609
vn 0.77407 0.094 -0.62608
vn 0.72909 0.27649 -0.62609
vn 0 0.99616 0.0876
vn -0.2384 0.96721 0.0876
vn 0 -0.99616 -0.0876
vn 0.2384 -0.96721 -0.0876
vn 0.46293 -0.88205 0.0877
vn 0.66049 -0.74569 0.0877
vn -0.46293 0.88205 -0.0877
vn -0.66049 0.74569 -0.0877
vn -0.66062 0.74573 -0.0864
vn -0.93142 -0.35321 0.0877
vn -0.8198 -0.5659 0.0877
vn 0.93142 0.35321 -0.0877
vn 0.8198 0.5659 -0.0877
vn 0.6605 0.7457 0.0876
vn 0.46293 0.88206 0.08761
vn -0.66062 -0.74573 -0.0864
vn -0.46293 -0.88206 -0.08761
vn -0.6605 -0.7457 -0.0876
vn -0.46293 0.88206 0.08761
vn 0.46293 -0.88206 -0.08761
vn 0.6606 -0.7456 0.0877
vn 0.8198 -0.5659 0.0877
vn -0.66068 0.74568 -0.0864
vn -0.8198 0.5659 -0.0877
vn -0.6606 0.7456 -0.0877
vn -0.6606 -0.7456 0.0877
vn 0.6606 0.7456 -0.0877
vn 0.66068 0.74568 -0.0864
vn 0.2384 0.96721 0.0876
vn -0.2384 -0.96721 -0.0876
vn -0.6605 0.7457 0.0876
vn 0.6605 -0.7457 -0.0876
vn 0.66062 -0.74573 -0.0864
vn 0.93142 -0.35321 0.0877
vn -0.93142 0.35321 -0.0877
vn -0.66049 -0.74569 0.0877
vn -0.46293 -0.88205 0.0877
vn 0.66062 0.74573 -0.0864
vn 0.46293 0.88205 -0.0877
vn 0.66049 0.74569 -0.0877
vn -0.6606 0.74561 0.0876
vn -0.8198 0.5659 0.0876
vn 0.66068 -0.74568 -0.0864
vn 0.8198 -0.5659 -0.0876
vn 0.6606 -0.74561 -0.0876
vn 0.98888 -0.1201 0.0877
vn -0.98888 0.1201 -0.0877
vn -0.2384 -0.9672 0.0877
vn 0.2384 0.9672 -0.0877
vn -0.93143 0.35321 0.0876
vn 0.93142 -0.35321 -0.0877
vn 0.98888 0.1201 0.0877
vn -0.98888 -0.1201 -0.0877
vn 0 -0.99615 0.0877
vn 0 0.99615 -0.0877
vn -0.98889 0.1201 0.0876
vn 0.98888 -0.1201 -0.0877
vn 0.93142 0.35321 0.0877
vn -0.93142 -0.35321 -0.0877
vn 0.2384 -0.9672 0.0877
vn -0.2384 0.9672 -0.0877
vn -0.98888 -0.1201 0.0877
vn 0.98888 0.1201 -0.0877
vn 0.64169 0.44299 0.62609
vn 0.51703 0.58364 0.62614
vn -0.64165 -0.44297 -0.62615
vn -0.51703 -0.58364 -0.62614
vn -0.5171 -0.58361 -0.62611
vn -0.64168 -0.44289 -0.62618
vn 0 0.77973 0.62612
vn -0.1866 0.75709 0.62609
vn 0 -0.77973 -0.62612
vn 0.1866 -0.75709 -0.62609
vn 0.36232 -0.69043 0.62613
vn 0.3624 -0.6904 0.6261
vn 0.517 -0.5837 0.6261
vn 0.51703 -0.58364 0.62614
vn -0.36232 0.69043 -0.62613
vn -0.51703 0.58364 -0.62614
vn -0.3624 0.6904 -0.6261
vn -0.64172 -0.44291 0.62612
vn 0.64172 0.44291 -0.62612
vn 0.517 0.5837 0.6261
vn 0.3624 0.6904 0.6261
vn 0.36232 0.69043 0.62613
vn -0.36232 -0.69043 -0.62613
vn -0.517 -0.5836 -0.6262
vn -0.3624 0.6904 0.6261
vn 0.3624 -0.6904 -0.6261
vn 0.5171 -0.58361 0.62611
vn 0.64169 -0.44299 0.62609
vn -0.5171 0.58361 -0.62611
vn -0.64168 0.44289 -0.62618
vn -0.64172 0.44291 -0.62612
vn -0.64169 -0.44299 0.62609
vn -0.5171 -0.58361 0.62611
vn 0.64169 0.44299 -0.62609
vn 0.5171 0.58361 -0.62611
vn 0.1866 0.75709 0.62609
vn -0.1866 -0.75709 -0.62609
vn -0.5171 0.58361 0.62611
vn -0.517 0.5837 0.6261
vn 0.517 -0.5837 -0.6261
vn 0.5171 -0.58361 -0.62611
vn 0.64172 -0.44291 0.62612
vn 0.72904 -0.27651 0.62613
vn -0.72899 0.2765 -0.62619
vn -0.72904 0.27651 -0.62613
vn -0.51707 -0.58367 0.62607
vn -0.517 -0.5837 0.6261
vn -0.3624 -0.6904 0.6261
vn 0.3624 0.6904 -0.6261
vn 0.517 0.5837 -0.6261
vn -0.64172 0.44291 0.62612
vn -0.64169 0.44299 0.62609
vn 0.64172 -0.44291 -0.62612
vn 0.64169 -0.44299 -0.62609
vn 0.77403 -0.094 0.62613
vn -0.77399 0.094 -0.62619
vn -0.1866 -0.75709 0.62609
vn 0.1866 0.75709 -0.62609
vn -0.72909 0.27649 0.62609
vn 0.72909 -0.27649 -0.62609
vn 0.77403 0.094 0.62613
vn -0.77399 -0.094 -0.62619
vn 0 -0.77973 0.62612
vn 0 0.77973 -0.62612
vn -0.77407 0.094 0.62608
vn 0.77407 -0.094 -0.62608
vn 0.72904 0.27651 0.62613
vn -0.72899 -0.2765 -0.62619
vn 0.1866 -0.75709 0.62609
vn -0.1866 0.75709 -0.62609
vn 0.64172 0.44291 0.62612
vn -0.64172 -0.44291 -0.62612
vn 0 0 -1
vn 0 0 1
vn 0 0.0001 -1
vt 0.71893 0.51984
vt 0.71941 0.51984
vt 0.71848 0.51984
vt 0.71807 0.51984
vt 0.72056 0.51984
vt 0.72093 0.51984
vt 0.72013 0.51984
vt 0.71966 0.51984
vt 0.71917 0.51984
vt 0.7187 0.51984
vt 0.71827 0.51984
vt 0.7179 0.51984
vt 0.7199 0.51984
vt 0.72035 0.51984
vt 0.72075 0.51984
vt 0.72044 0.52399
vt 0.72053 0.52583
vt 0.72158 0.52583
vt 0.72141 0.52399
vt 0.72196 0.53056
vt 0.72196 0.53104
vt 0.72134 0.53104
vt 0.72134 0.53056
vt 0.71821 0.53056
vt 0.71821 0.53104
vt 0.71901 0.53104
vt 0.71901 0.53056
vt 0.71784 0.53056
vt 0.71784 0.53104
vt 0.7186 0.53104
vt 0.7186 0.53056
vt 0.72062 0.53104
vt 0.72062 0.53056
vt 0.71982 0.53104
vt 0.71982 0.53056
vt 0.71941 0.53104
vt 0.71941 0.53056
vt 0.72023 0.53104
vt 0.72023 0.53056
vt 0.72099 0.53104
vt 0.72099 0.53056
vt 0.72167 0.53104
vt 0.72167 0.53056
vt 0.71749 0.53104
vt 0.71749 0.53056
vt 0.71687 0.53056
vt 0.71687 0.53104
vt 0.71716 0.53104
vt 0.71716 0.53056
vt 0.71865 0.52152
vt 0.71839 0.52399
vt 0.71941 0.52399
vt 0.71941 0.52152
vt 0.7189 0.52399
vt 0.71885 0.52583
vt 0.71776 0.52583
vt 0.71789 0.52399
vt 0.72185 0.52399
vt 0.72206 0.52583
vt 0.7229 0.52583
vt 0.72262 0.52399
vt 0.71941 0.52583
vt 0.7183 0.52583
vt 0.7225 0.52583
vt 0.72226 0.52399
vt 0.71677 0.52583
vt 0.71698 0.52399
vt 0.71725 0.52583
vt 0.71742 0.52399
vt 0.7162 0.52399
vt 0.71593 0.52583
vt 0.71633 0.52583
vt 0.71657 0.52399
vt 0.72107 0.52583
vt 0.72093 0.52399
vt 0.71998 0.52583
vt 0.71993 0.52399
vt 0.72104 0.52741
vt 0.72201 0.52741
vt 0.71997 0.52741
vt 0.71886 0.52741
vt 0.71941 0.52741
vt 0.72051 0.52741
vt 0.71832 0.52741
vt 0.71729 0.52741
vt 0.71779 0.52741
vt 0.72284 0.52741
vt 0.71638 0.52741
vt 0.71681 0.52741
vt 0.72154 0.52741
vt 0.71599 0.52741
vt 0.72245 0.52741
vt 0.71992 0.52318
vt 0.72018 0.52421
vt 0.72089 0.52394
vt 0.7204 0.523
vt 0.72054 0.52152
vt 0.7198 0.52152
vt 0.72018 0.52152
vt 0.71903 0.52152
vt 0.72122 0.52152
vt 0.72089 0.52152
vt 0.71829 0.52152
vt 0.72179 0.52152
vt 0.72152 0.52152
vt 0.71761 0.52152
vt 0.71794 0.52152
vt 0.71704 0.52152
vt 0.71731 0.52152
vt 0.72016 0.52073
vt 0.72061 0.52073
vt 0.71732 0.52138
vt 0.71626 0.52151
vt 0.71644 0.52225
vt 0.71744 0.52188
vt 0.72115 0.51993
vt 0.72203 0.51932
vt 0.72152 0.51875
vt 0.72081 0.51955
vt 0.71941 0.51902
vt 0.71941 0.51795
vt 0.71865 0.51804
vt 0.71891 0.51908
vt 0.72152 0.52351
vt 0.72081 0.52271
vt 0.7168 0.52293
vt 0.71768 0.52233
vt 0.72089 0.51831
vt 0.7204 0.51926
vt 0.71794 0.51831
vt 0.71843 0.51926
vt 0.72203 0.52293
vt 0.72115 0.52233
vt 0.71731 0.52351
vt 0.71802 0.52271
vt 0.72018 0.51804
vt 0.71992 0.51908
vt 0.71731 0.51875
vt 0.71802 0.51955
vt 0.72239 0.52225
vt 0.72139 0.52188
vt 0.71794 0.52394
vt 0.71843 0.523
vt 0.7168 0.51932
vt 0.71768 0.51993
vt 0.72257 0.52151
vt 0.72151 0.52138
vt 0.71865 0.52421
vt 0.71891 0.52318
vt 0.71644 0.52
vt 0.71744 0.52038
vt 0.72257 0.52074
vt 0.72151 0.52087
vt 0.71941 0.52431
vt 0.71941 0.52324
vt 0.71626 0.52074
vt 0.71732 0.52087
vt 0.72239 0.52
vt 0.72139 0.52038
vt 0.71992 0.52073
vt 0.7204 0.52073
vt 0.71916 0.52073
vt 0.71867 0.52073
vt 0.72099 0.52073
vt 0.71941 0.52073
vt 0.71891 0.52073
vt 0.72081 0.52073
vt 0.71822 0.52073
vt 0.71843 0.52073
vt 0.71783 0.52073
vt 0.71802 0.52073
vt 0.71967 0.52073
vt 0.71893 0.51916
vt 0.71941 0.51911
vt 0.71848 0.51934
vt 0.7199 0.51916
vt 0.71807 0.51961
vt 0.71775 0.51998
vt 0.71752 0.52041
vt 0.71741 0.52088
vt 0.71741 0.52137
vt 0.71752 0.52184
vt 0.71775 0.52227
vt 0.71807 0.52264
vt 0.71848 0.52292
vt 0.71893 0.52309
vt 0.71941 0.52315
vt 0.7199 0.52309
vt 0.72035 0.52292
vt 0.72075 0.52264
vt 0.72108 0.52227
vt 0.7213 0.52184
vt 0.72142 0.52137
vt 0.72142 0.52088
vt 0.7213 0.52041
vt 0.72108 0.51998
vt 0.72075 0.51961
vt 0.72035 0.51934
vt 0.71855 0.52172
vt 0.71789 0.52218
vt 0.71819 0.52251
vt 0.71872 0.52191
vt 0.71897 0.51933
vt 0.71941 0.51928
vt 0.71855 0.51949
vt 0.71819 0.51974
vt 0.71789 0.52008
vt 0.71768 0.52047
vt 0.71758 0.5209
vt 0.71758 0.52135
vt 0.71768 0.52178
vt 0.71855 0.52277
vt 0.71897 0.52292
vt 0.71941 0.52298
vt 0.71986 0.52292
vt 0.72027 0.52277
vt 0.72064 0.52251
vt 0.72094 0.52218
vt 0.72115 0.52178
vt 0.72125 0.52135
vt 0.72125 0.5209
vt 0.72115 0.52047
vt 0.72094 0.52008
vt 0.72064 0.51974
vt 0.72027 0.51949
vt 0.71986 0.51933
vt 0.719 0.51871
vt 0.71882 0.51918
vt 0.71863 0.51918
vt 0.71887 0.51871
vt 0.7199 0.5202
vt 0.71966 0.52011
vt 0.71893 0.5202
vt 0.71872 0.52034
vt 0.72027 0.52172
vt 0.72039 0.5215
vt 0.71893 0.52205
vt 0.71941 0.52008
vt 0.71855 0.52053
vt 0.72045 0.52125
vt 0.71916 0.52214
vt 0.71844 0.52076
vt 0.72045 0.521
vt 0.71941 0.52217
vt 0.71838 0.521
vt 0.72039 0.52076
vt 0.71966 0.52214
vt 0.71838 0.52125
vt 0.72027 0.52053
vt 0.7199 0.52205
vt 0.71844 0.5215
vt 0.72011 0.52034
vt 0.71916 0.52011
vt 0.72011 0.52191
vt 0.71877 0.51846
vt 0.71892 0.51846
vt 0.71975 0.51871
vt 0.7199 0.51918
vt 0.71966 0.51918
vt 0.71959 0.51871
vt 0.71908 0.51871
vt 0.71893 0.51918
vt 0.71872 0.51918
vt 0.71893 0.51871
vt 0.71904 0.51918
vt 0.71916 0.51871
vt 0.71941 0.51918
vt 0.71941 0.51871
vt 0.71996 0.51871
vt 0.7202 0.51918
vt 0.72001 0.51918
vt 0.71983 0.51871
vt 0.71929 0.51918
vt 0.71933 0.51871
vt 0.71916 0.51918
vt 0.71924 0.51871
vt 0.71978 0.51918
vt 0.71967 0.51871
vt 0.71954 0.51918
vt 0.7195 0.51871
vt 0.72011 0.51918
vt 0.71989 0.51871
vt 0.71923 0.51825
vt 0.71921 0.51846
vt 0.71901 0.51846
vt 0.71905 0.51825
vt 0.71982 0.51846
vt 0.71962 0.51846
vt 0.71884 0.51846
vt 0.71911 0.51846
vt 0.71941 0.51846
vt 0.72006 0.51846
vt 0.71991 0.51846
vt 0.71931 0.51846
vt 0.71972 0.51846
vt 0.71952 0.51846
vt 0.71999 0.51846
vt 0.71984 0.52118
vt 0.72019 0.52122
vt 0.72019 0.52103
vt 0.71984 0.52107
vt 0.71883 0.51825
vt 0.71897 0.51825
vt 0.71978 0.51825
vt 0.7196 0.51825
vt 0.7189 0.51825
vt 0.71914 0.51825
vt 0.71941 0.51825
vt 0.72 0.51825
vt 0.71986 0.51825
vt 0.71932 0.51825
vt 0.71969 0.51825
vt 0.71951 0.51825
vt 0.71993 0.51825
vt 0.71949 0.51763
vt 0.71962 0.51802
vt 0.7197 0.51802
vt 0.71952 0.51763
vt 0.71931 0.52155
vt 0.71923 0.52189
vt 0.71941 0.52191
vt 0.71941 0.52156
vt 0.71901 0.52097
vt 0.71868 0.52085
vt 0.71864 0.52103
vt 0.71898 0.52107
vt 0.72015 0.52085
vt 0.71982 0.52097
vt 0.7196 0.52189
vt 0.71952 0.52155
vt 0.71864 0.52122
vt 0.71898 0.52118
vt 0.72006 0.52068
vt 0.71977 0.52088
vt 0.71978 0.52182
vt 0.71962 0.52151
vt 0.71868 0.5214
vt 0.71901 0.52128
vt 0.71993 0.52054
vt 0.7197 0.5208
vt 0.71941 0.52069
vt 0.71941 0.52035
vt 0.71923 0.52037
vt 0.71931 0.52071
vt 0.71993 0.52171
vt 0.7197 0.52145
vt 0.71877 0.52157
vt 0.71906 0.52137
vt 0.71978 0.52043
vt 0.71962 0.52074
vt 0.71905 0.52043
vt 0.71921 0.52074
vt 0.72006 0.52157
vt 0.71977 0.52137
vt 0.7189 0.52171
vt 0.71913 0.52145
vt 0.7196 0.52037
vt 0.71952 0.52071
vt 0.7189 0.52054
vt 0.71913 0.5208
vt 0.72015 0.5214
vt 0.71982 0.52128
vt 0.71905 0.52182
vt 0.71921 0.52151
vt 0.71877 0.52068
vt 0.71906 0.52088
vt 0.71941 0.5175
vt 0.71941 0.51763
vt 0.71938 0.51763
vt 0.71937 0.5175
vt 0.71936 0.51763
vt 0.71926 0.51802
vt 0.71917 0.51802
vt 0.71933 0.51763
vt 0.71931 0.51802
vt 0.71921 0.51802
vt 0.71934 0.51763
vt 0.7193 0.51763
vt 0.71909 0.51802
vt 0.71952 0.51802
vt 0.71945 0.51763
vt 0.71913 0.51802
vt 0.71931 0.51763
vt 0.71941 0.51802
vt 0.71953 0.51763
vt 0.71974 0.51802
vt 0.71966 0.51802
vt 0.7195 0.51763
vt 0.71936 0.51802
vt 0.7194 0.51763
vt 0.71957 0.51802
vt 0.71947 0.51763
vt 0.71947 0.51802
vt 0.71943 0.51763
vt 0.71952 0.51741
vt 0.71953 0.5175
vt 0.71956 0.5175
vt 0.71956 0.51741
vt 0.71951 0.5175
vt 0.71955 0.5175
vt 0.71934 0.5175
vt 0.7193 0.5175
vt 0.71932 0.5175
vt 0.71927 0.5175
vt 0.71946 0.5175
vt 0.71928 0.5175
vt 0.71939 0.5175
vt 0.71949 0.5175
vt 0.71944 0.5175
vt 0.7194 0.51733
vt 0.71939 0.51741
vt 0.71935 0.51741
vt 0.71937 0.51733
vt 0.71941 0.51741
vt 0.71937 0.51741
vt 0.7195 0.51741
vt 0.71954 0.51741
vt 0.71931 0.51741
vt 0.71933 0.51741
vt 0.71927 0.51741
vt 0.71946 0.51741
vt 0.71929 0.51741
vt 0.71948 0.51741
vt 0.71944 0.51741
vt 0.71952 0.52105
vt 0.71957 0.52102
vt 0.71954 0.52098
vt 0.7195 0.52103
vt 0.71941 0.51733
vt 0.71938 0.51733
vt 0.71948 0.51733
vt 0.7195 0.51733
vt 0.71934 0.51733
vt 0.71935 0.51733
vt 0.7195 0.52123
vt 0.71954 0.52127
vt 0.71957 0.52124
vt 0.71952 0.5212
vt 0.7193 0.5212
vt 0.71926 0.52124
vt 0.71929 0.52127
vt 0.71933 0.52123
vt 0.71945 0.51733
vt 0.71933 0.51733
vt 0.71933 0.52103
vt 0.71929 0.52098
vt 0.71926 0.52102
vt 0.7193 0.52105
vt 0.71949 0.51733
vt 0.71946 0.51733
vt 0.71943 0.51733
vt 0.71624 0.51992
vt 0.71604 0.52154
vt 0.71604 0.52072
vt 0.71624 0.52233
vt 0.71662 0.5192
vt 0.71662 0.52306
vt 0.71716 0.51859
vt 0.71716 0.52367
vt 0.71784 0.51812
vt 0.71784 0.52413
vt 0.7186 0.51783
vt 0.7186 0.52442
vt 0.71941 0.51773
vt 0.71941 0.52452
vt 0.72023 0.51783
vt 0.72023 0.52442
vt 0.72099 0.51812
vt 0.72099 0.52413
vt 0.72167 0.51859
vt 0.72167 0.52367
vt 0.72221 0.5192
vt 0.72221 0.52306
vt 0.72259 0.51992
vt 0.72259 0.52233
vt 0.72279 0.52072
vt 0.72279 0.52154
vt 0.71929 0.52117
vt 0.71928 0.52111
vt 0.71928 0.52114
vt 0.71929 0.52108
vt 0.71935 0.52125
vt 0.71935 0.52101
vt 0.71938 0.52126
vt 0.71938 0.521
vt 0.71941 0.52099
vt 0.71941 0.52126
vt 0.71945 0.521
vt 0.71945 0.52126
vt 0.71948 0.52101
vt 0.71948 0.52125
vt 0.71954 0.52117
vt 0.71954 0.52108
vt 0.71955 0.52111
vt 0.71955 0.52114
usemtl mat4
f 2461/1481/1400 2462/1482/1401 2463/1482/1401
f 2461/1481/1400 2463/1482/1401 2464/1481/1400
f 2465/1483/1402 2461/1481/1400 2464/1481/1400
f 2465/1483/1402 2464/1481/1400 2466/1483/1402
f 2467/1484/1403 2465/1483/1402 2466/1483/1402
f 2467/1484/1403 2466/1483/1402 2468/1484/1403
f 2469/1485/1404 2470/1486/1403 2471/1486/1405
f 2469/1485/1404 2471/1486/1405 2472/1485/1404
f 2473/1487/1406 2469/1485/1404 2472/1485/1404
f 2473/1487/1406 2472/1485/1404 2474/1487/1406
f 2475/1488/1407 2473/1487/1406 2474/1487/1406
f 2475/1488/1407 2474/1487/1406 2476/1488/1407
f 2477/1489/1408 2475/1488/1407 2476/1488/1407
f 2477/1489/1408 2476/1488/1407 2478/1489/1408
f 2479/1490/1409 2477/1489/1408 2478/1489/1408
f 2479/1490/1409 2478/1489/1408 2480/1490/1409
f 2481/1491/1410 2479/1490/1409 2480/1490/1409
f 2481/1491/1410 2480/1490/1409 2482/1491/1410
f 2483/1492/1411 2481/1491/1410 2482/1491/1410
f 2483/1492/1411 2482/1491/1410 2484/1492/1411
f 2485/1483/1412 2486/1484/1411 2487/1484/1411
f 2485/1483/1412 2487/1484/1411 2488/1483/1412
f 2489/1481/1413 2485/1483/1412 2488/1483/1412
f 2489/1481/1413 2488/1483/1412 2490/1481/1413
f 2491/1482/1414 2489/1481/1413 2490/1481/1413
f 2491/1482/1414 2490/1481/1413 2492/1482/1414
f 2493/1493/1415 2491/1482/1414 2492/1482/1414
f 2493/1493/1415 2492/1482/1414 2494/1493/1415
f 2495/1494/1416 2493/1493/1415 2494/1493/1415
f 2495/1494/1416 2494/1493/1415 2496/1494/1417
f 2497/1495/1418 2495/1494/1416 2496/1494/1417
f 2497/1495/1418 2496/1494/1417 2498/1495/1418
f 2499/1491/1419 2500/1492/1418 2501/1492/1418
f 2499/1491/1419 2501/1492/1418 2502/1491/1419
f 2503/1490/1420 2499/1491/1419 2502/1491/1419
f 2503/1490/1420 2502/1491/1419 2504/1490/1420
f 2505/1489/1421 2503/1490/1420 2504/1490/1420
f 2505/1489/1421 2504/1490/1420 2506/1489/1421
f 2507/1488/1422 2505/1489/1421 2506/1489/1421
f 2507/1488/1422 2506/1489/1421 2508/1488/1422
f 2509/1487/1423 2507/1488/1422 2508/1488/1422
f 2509/1487/1423 2508/1488/1422 2510/1487/1423
f 2511/1485/1424 2509/1487/1423 2510/1487/1423
f 2511/1485/1424 2510/1487/1423 2512/1485/1424
f 2513/1486/1425 2511/1485/1424 2512/1485/1424
f 2513/1486/1425 2512/1485/1424 2514/1486/1425
f 2515/1494/1426 2516/1495/1427 2517/1495/1427
f 2515/1494/1426 2517/1495/1427 2518/1494/1426
f 2519/1493/1428 2515/1494/1426 2518/1494/1426
f 2519/1493/1428 2518/1494/1426 2520/1493/1428
f 2462/1482/1401 2519/1493/1428 2520/1493/1428
f 2462/1482/1401 2520/1493/1428 2463/1482/1401
f 2521/1496/1429 2522/1497/1430 2523/1498/1431
f 2521/1496/1429 2523/1498/1431 2524/1499/1432
f 2525/1496/1433 2526/1499/1434 2527/1498/1435
f 2525/1496/1433 2527/1498/1435 2528/1497/1436
f 2529/1500/1437 2530/1501/1437 2531/1502/1438
f 2529/1500/1437 2531/1502/1438 2532/1503/1438
f 2533/1500/1439 2534/1503/1440 2535/1502/1440
f 2533/1500/1439 2535/1502/1440 2536/1501/1439
f 2537/1504/1441 2538/1505/1441 2539/1506/1442
f 2537/1504/1441 2539/1506/1442 2540/1507/1442
f 2541/1504/1443 2542/1507/1444 2543/1506/1444
f 2541/1504/1443 2543/1506/1444 2544/1505/1443
f 2545/1508/1445 2546/1509/1445 2547/1510/1446
f 2545/1508/1445 2547/1510/1446 2548/1511/1446
f 2549/1508/1447 2550/1511/1448 2551/1510/1448
f 2549/1508/1447 2551/1510/1448 2552/1509/1447
f 2532/1503/1438 2531/1502/1438 2553/1512/1443
f 2532/1503/1438 2553/1512/1443 2554/1513/1443
f 2534/1503/1440 2555/1513/1441 2556/1512/1441
f 2534/1503/1440 2556/1512/1441 2535/1502/1440
f 2540/1507/1442 2539/1506/1442 2557/1514/1449
f 2540/1507/1442 2557/1514/1449 2558/1515/1449
f 2542/1507/1444 2559/1515/1450 2560/1514/1450
f 2542/1507/1444 2560/1514/1450 2543/1506/1444
f 2548/1511/1446 2547/1510/1446 2561/1516/1451
f 2548/1511/1446 2561/1516/1451 2562/1517/1451
f 2550/1511/1448 2563/1517/1452 2564/1516/1452
f 2550/1511/1448 2564/1516/1452 2551/1510/1448
f 2554/1513/1443 2553/1512/1443 2565/1514/1444
f 2554/1513/1443 2565/1514/1444 2566/1515/1444
f 2555/1513/1441 2567/1515/1442 2568/1514/1442
f 2555/1513/1441 2568/1514/1442 2556/1512/1441
f 2558/1515/1449 2557/1514/1449 2569/1512/1453
f 2558/1515/1449 2569/1512/1453 2570/1513/1453
f 2559/1515/1450 2571/1513/1454 2572/1512/1454
f 2559/1515/1450 2572/1512/1454 2560/1514/1450
f 2562/1517/1451 2561/1516/1451 2573/1518/1455
f 2562/1517/1451 2573/1518/1455 2574/1519/1455
f 2563/1517/1452 2575/1519/1456 2576/1518/1456
f 2563/1517/1452 2576/1518/1456 2564/1516/1452
f 2566/1515/1444 2565/1514/1444 2577/1506/1450
f 2566/1515/1444 2577/1506/1450 2578/1507/1450
f 2567/1515/1442 2579/1507/1449 2580/1506/1449
f 2567/1515/1442 2580/1506/1449 2568/1514/1442
f 2570/1513/1453 2569/1512/1453 2581/1502/1457
f 2570/1513/1453 2581/1502/1457 2582/1503/1457
f 2571/1513/1454 2583/1503/1458 2584/1502/1458
f 2571/1513/1454 2584/1502/1458 2572/1512/1454
f 2574/1519/1455 2573/1518/1455 2585/1520/1459
f 2574/1519/1455 2585/1520/1459 2586/1521/1459
f 2575/1519/1456 2587/1521/1460 2588/1520/1460
f 2575/1519/1456 2588/1520/1460 2576/1518/1456
f 2578/1507/1450 2577/1506/1450 2589/1505/1454
f 2578/1507/1450 2589/1505/1454 2590/1504/1454
f 2579/1507/1449 2591/1504/1453 2592/1505/1453
f 2579/1507/1449 2592/1505/1453 2580/1506/1449
f 2582/1503/1457 2581/1502/1457 2593/1501/1461
f 2582/1503/1457 2593/1501/1461 2594/1500/1461
f 2583/1503/1458 2595/1500/1462 2596/1501/1462
f 2583/1503/1458 2596/1501/1462 2584/1502/1458
f 2597/1517/1452 2598/1516/1452 2599/1510/1456
f 2597/1517/1452 2599/1510/1456 2600/1511/1456
f 2601/1517/1451 2602/1511/1455 2603/1510/1455
f 2601/1517/1451 2603/1510/1455 2604/1516/1451
f 2586/1521/1459 2585/1520/1459 2605/1522/1439
f 2586/1521/1459 2605/1522/1439 2606/1523/1439
f 2587/1521/1460 2607/1523/1437 2608/1522/1437
f 2587/1521/1460 2608/1522/1437 2588/1520/1460
f 2590/1504/1454 2589/1505/1454 2609/1524/1458
f 2590/1504/1454 2609/1524/1458 2610/1525/1458
f 2591/1504/1453 2611/1525/1457 2612/1524/1457
f 2591/1504/1453 2612/1524/1457 2592/1505/1453
f 2613/1523/1461 2614/1522/1461 2615/1520/1447
f 2613/1523/1461 2615/1520/1447 2616/1521/1447
f 2617/1523/1462 2618/1521/1445 2619/1520/1445
f 2617/1523/1462 2619/1520/1445 2620/1522/1462
f 2600/1511/1456 2599/1510/1456 2621/1509/1460
f 2600/1511/1456 2621/1509/1460 2622/1508/1460
f 2602/1511/1455 2623/1508/1459 2624/1509/1459
f 2602/1511/1455 2624/1509/1459 2603/1510/1455
f 2625/1526/1439 2626/1527/1439 2627/1524/1440
f 2625/1526/1439 2627/1524/1440 2628/1525/1440
f 2629/1526/1437 2630/1525/1438 2631/1524/1438
f 2629/1526/1437 2631/1524/1438 2632/1527/1437
f 2610/1525/1458 2609/1524/1458 2633/1527/1462
f 2610/1525/1458 2633/1527/1462 2634/1526/1462
f 2611/1525/1457 2635/1526/1461 2636/1527/1461
f 2611/1525/1457 2636/1527/1461 2612/1524/1457
f 2616/1521/1447 2615/1520/1447 2637/1518/1448
f 2616/1521/1447 2637/1518/1448 2638/1519/1448
f 2618/1521/1445 2639/1519/1446 2640/1518/1446
f 2618/1521/1445 2640/1518/1446 2619/1520/1445
f 2622/1508/1460 2621/1509/1460 2641/1528/1437
f 2622/1508/1460 2641/1528/1437 2642/1529/1437
f 2623/1508/1459 2643/1529/1439 2644/1528/1439
f 2623/1508/1459 2644/1528/1439 2624/1509/1459
f 2628/1525/1440 2627/1524/1440 2538/1505/1441
f 2628/1525/1440 2538/1505/1441 2537/1504/1441
f 2630/1525/1438 2541/1504/1443 2544/1505/1443
f 2630/1525/1438 2544/1505/1443 2631/1524/1438
f 2645/1529/1462 2646/1528/1462 2546/1509/1445
f 2645/1529/1462 2546/1509/1445 2545/1508/1445
f 2647/1529/1461 2549/1508/1447 2552/1509/1447
f 2647/1529/1461 2552/1509/1447 2648/1528/1461
f 2638/1519/1448 2637/1518/1448 2598/1516/1452
f 2638/1519/1448 2598/1516/1452 2597/1517/1452
f 2639/1519/1446 2601/1517/1451 2604/1516/1451
f 2639/1519/1446 2604/1516/1451 2640/1518/1446
f 2649/1530/1463 2650/1531/1464 2651/1532/1465
f 2649/1530/1463 2651/1532/1465 2652/1533/1466
f 2653/1530/1467 2654/1533/1468 2655/1532/1469
f 2653/1530/1467 2655/1532/1469 2656/1531/1470
f 2657/1534/1471 2658/1535/1472 2659/1536/1473
f 2657/1534/1471 2659/1536/1473 2660/1537/1474
f 2661/1534/1475 2662/1537/1476 2663/1536/1477
f 2661/1534/1475 2663/1536/1477 2664/1535/1478
f 2665/1538/1479 2666/1539/1480 2667/1540/1481
f 2665/1538/1479 2667/1540/1481 2668/1541/1482
f 2669/1538/1483 2670/1541/1484 2671/1540/1485
f 2669/1538/1483 2671/1540/1485 2672/1539/1486
f 2673/1532/1487 2674/1542/1488 2675/1543/1489
f 2673/1532/1487 2675/1543/1489 2676/1531/1490
f 2677/1532/1491 2678/1531/1492 2679/1543/1493
f 2677/1532/1491 2679/1543/1493 2680/1542/1494
f 2524/1499/1432 2523/1498/1431 2681/1544/1495
f 2524/1499/1432 2681/1544/1495 2682/1545/1496
f 2526/1499/1434 2683/1545/1497 2684/1544/1498
f 2526/1499/1434 2684/1544/1498 2527/1498/1435
f 2660/1537/1474 2659/1536/1473 2685/1546/1499
f 2660/1537/1474 2685/1546/1499 2686/1547/1500
f 2662/1537/1476 2687/1547/1501 2688/1546/1502
f 2662/1537/1476 2688/1546/1502 2663/1536/1477
f 2689/1545/1503 2690/1544/1504 2691/1498/1505
f 2689/1545/1503 2691/1498/1505 2692/1499/1506
f 2693/1545/1507 2694/1499/1508 2695/1498/1509
f 2693/1545/1507 2695/1498/1509 2696/1544/1510
f 2676/1531/1490 2675/1543/1489 2697/1548/1511
f 2676/1531/1490 2697/1548/1511 2698/1549/1512
f 2678/1531/1492 2699/1549/1513 2700/1548/1514
f 2678/1531/1492 2700/1548/1514 2679/1543/1493
f 2701/1550/1515 2702/1551/1516 2703/1546/1517
f 2701/1550/1515 2703/1546/1517 2704/1547/1518
f 2705/1550/1519 2706/1547/1520 2707/1546/1521
f 2705/1550/1519 2707/1546/1521 2708/1551/1522
f 2686/1547/1500 2685/1546/1499 2709/1551/1523
f 2686/1547/1500 2709/1551/1523 2710/1550/1524
f 2687/1547/1501 2711/1550/1525 2712/1551/1526
f 2687/1547/1501 2712/1551/1526 2688/1546/1502
f 2692/1499/1506 2691/1498/1505 2713/1497/1527
f 2692/1499/1506 2713/1497/1527 2714/1496/1528
f 2694/1499/1508 2715/1496/1529 2716/1497/1530
f 2694/1499/1508 2716/1497/1530 2695/1498/1509
f 2698/1549/1512 2697/1548/1511 2717/1552/1531
f 2698/1549/1512 2717/1552/1531 2718/1553/1532
f 2699/1549/1513 2719/1553/1533 2720/1552/1534
f 2699/1549/1513 2720/1552/1534 2700/1548/1514
f 2704/1547/1518 2703/1546/1517 2721/1536/1535
f 2704/1547/1518 2721/1536/1535 2722/1537/1536
f 2706/1547/1520 2723/1537/1537 2724/1536/1538
f 2706/1547/1520 2724/1536/1538 2707/1546/1521
f 2725/1553/1539 2726/1552/1540 2727/1548/1541
f 2725/1553/1539 2727/1548/1541 2728/1549/1542
f 2729/1553/1543 2730/1549/1544 2731/1548/1545
f 2729/1553/1543 2731/1548/1545 2732/1552/1546
f 2714/1496/1528 2713/1497/1527 2674/1542/1488
f 2714/1496/1528 2674/1542/1488 2673/1532/1487
f 2715/1496/1529 2677/1532/1491 2680/1542/1494
f 2715/1496/1529 2680/1542/1494 2716/1497/1530
f 2733/1541/1547 2734/1540/1548 2735/1539/1549
f 2733/1541/1547 2735/1539/1549 2736/1538/1550
f 2737/1541/1551 2738/1538/1552 2739/1539/1553
f 2737/1541/1551 2739/1539/1553 2740/1540/1554
f 2722/1537/1536 2721/1536/1535 2741/1535/1555
f 2722/1537/1536 2741/1535/1555 2742/1534/1556
f 2723/1537/1537 2743/1534/1557 2744/1535/1558
f 2723/1537/1537 2744/1535/1558 2724/1536/1538
f 2728/1549/1542 2727/1548/1541 2745/1543/1559
f 2728/1549/1542 2745/1543/1559 2650/1531/1464
f 2730/1549/1544 2656/1531/1470 2746/1543/1560
f 2730/1549/1544 2746/1543/1560 2731/1548/1545
f 2736/1538/1550 2735/1539/1549 2747/1554/1561
f 2736/1538/1550 2747/1554/1561 2748/1555/1562
f 2738/1538/1552 2749/1555/1563 2750/1554/1564
f 2738/1538/1552 2750/1554/1564 2739/1539/1553
f 2742/1534/1556 2741/1535/1555 2751/1556/1565
f 2742/1534/1556 2751/1556/1565 2752/1557/1566
f 2743/1534/1557 2753/1557/1567 2754/1556/1568
f 2743/1534/1557 2754/1556/1568 2744/1535/1558
f 2650/1531/1464 2745/1543/1559 2755/1542/1569
f 2650/1531/1464 2755/1542/1569 2651/1532/1465
f 2656/1531/1470 2655/1532/1469 2756/1542/1570
f 2656/1531/1470 2756/1542/1570 2746/1543/1560
f 2748/1555/1562 2747/1554/1561 2757/1556/1571
f 2748/1555/1562 2757/1556/1571 2758/1557/1572
f 2749/1555/1563 2759/1557/1573 2760/1556/1574
f 2749/1555/1563 2760/1556/1574 2750/1554/1564
f 2752/1557/1566 2751/1556/1565 2761/1554/1575
f 2752/1557/1566 2761/1554/1575 2762/1555/1576
f 2753/1557/1567 2763/1555/1577 2764/1554/1578
f 2753/1557/1567 2764/1554/1578 2754/1556/1568
f 2651/1532/1465 2755/1542/1569 2522/1497/1430
f 2651/1532/1465 2522/1497/1430 2521/1496/1429
f 2655/1532/1469 2525/1496/1433 2528/1497/1436
f 2655/1532/1469 2528/1497/1436 2756/1542/1570
f 2758/1557/1572 2757/1556/1571 2658/1535/1472
f 2758/1557/1572 2658/1535/1472 2657/1534/1471
f 2759/1557/1573 2661/1534/1475 2664/1535/1478
f 2759/1557/1573 2664/1535/1478 2760/1556/1574
f 2762/1555/1576 2761/1554/1575 2666/1539/1480
f 2762/1555/1576 2666/1539/1480 2665/1538/1479
f 2763/1555/1577 2669/1538/1483 2672/1539/1486
f 2763/1555/1577 2672/1539/1486 2764/1554/1578
f 2765/1558/1579 2570/1513/1579 2582/1503/1580
f 2765/1558/1579 2582/1503/1580 2766/1559/1580
f 2767/1558/1581 2768/1559/1582 2583/1503/1582
f 2767/1558/1581 2583/1503/1582 2571/1513/1581
f 2769/1560/1583 2566/1515/1583 2578/1507/1584
f 2769/1560/1583 2578/1507/1584 2770/1561/1584
f 2771/1560/1585 2772/1561/1586 2579/1507/1586
f 2771/1560/1585 2579/1507/1586 2567/1515/1585
f 2773/1562/1587 2562/1517/1587 2574/1519/1588
f 2773/1562/1587 2574/1519/1588 2774/1563/1588
f 2775/1562/1589 2776/1563/1590 2575/1519/1590
f 2775/1562/1589 2575/1519/1590 2563/1517/1589
f 2777/1560/1591 2558/1515/1591 2570/1513/1579
f 2777/1560/1591 2570/1513/1579 2765/1558/1579
f 2778/1560/1592 2767/1558/1581 2571/1513/1581
f 2778/1560/1592 2571/1513/1581 2559/1515/1592
f 2779/1558/1593 2554/1513/1593 2566/1515/1583
f 2779/1558/1593 2566/1515/1583 2769/1560/1583
f 2780/1558/1594 2771/1560/1585 2567/1515/1585
f 2780/1558/1594 2567/1515/1585 2555/1513/1594
f 2781/1564/1595 2548/1511/1595 2562/1517/1587
f 2781/1564/1595 2562/1517/1587 2773/1562/1587
f 2782/1564/1596 2775/1562/1589 2563/1517/1589
f 2782/1564/1596 2563/1517/1589 2550/1511/1596
f 2783/1561/1597 2540/1507/1597 2558/1515/1591
f 2783/1561/1597 2558/1515/1591 2777/1560/1591
f 2784/1561/1598 2778/1560/1592 2559/1515/1592
f 2784/1561/1598 2559/1515/1592 2542/1507/1598
f 2785/1559/1599 2532/1503/1599 2554/1513/1593
f 2785/1559/1599 2554/1513/1593 2779/1558/1593
f 2786/1559/1600 2780/1558/1594 2555/1513/1594
f 2786/1559/1600 2555/1513/1594 2534/1503/1600
f 2787/1565/1601 2545/1508/1601 2548/1511/1595
f 2787/1565/1601 2548/1511/1595 2781/1564/1595
f 2788/1565/1602 2782/1564/1596 2550/1511/1596
f 2788/1565/1602 2550/1511/1596 2549/1508/1602
f 2789/1566/1603 2537/1504/1603 2540/1507/1597
f 2789/1566/1603 2540/1507/1597 2783/1561/1597
f 2790/1566/1604 2784/1561/1598 2542/1507/1598
f 2790/1566/1604 2542/1507/1598 2541/1504/1604
f 2791/1567/1605 2529/1500/1605 2532/1503/1599
f 2791/1567/1605 2532/1503/1599 2785/1559/1599
f 2792/1567/1606 2786/1559/1600 2534/1503/1600
f 2792/1567/1606 2534/1503/1600 2533/1500/1606
f 2793/1563/1607 2638/1519/1607 2597/1517/1608
f 2793/1563/1607 2597/1517/1608 2794/1562/1608
f 2795/1563/1609 2796/1562/1610 2601/1517/1610
f 2795/1563/1609 2601/1517/1610 2639/1519/1609
f 2797/1568/1611 2645/1529/1611 2545/1508/1601
f 2797/1568/1611 2545/1508/1601 2787/1565/1601
f 2798/1568/1612 2788/1565/1602 2549/1508/1602
f 2798/1568/1612 2549/1508/1602 2647/1529/1612
f 2799/1569/1613 2628/1525/1613 2537/1504/1603
f 2799/1569/1613 2537/1504/1603 2789/1566/1603
f 2800/1569/1614 2790/1566/1604 2541/1504/1604
f 2800/1569/1614 2541/1504/1604 2630/1525/1614
f 2801/1565/1615 2622/1508/1615 2642/1529/1605
f 2801/1565/1615 2642/1529/1605 2802/1568/1605
f 2803/1565/1616 2804/1568/1617 2643/1529/1606
f 2803/1565/1616 2643/1529/1606 2623/1508/1616
f 2805/1570/1618 2616/1521/1618 2638/1519/1607
f 2805/1570/1618 2638/1519/1607 2793/1563/1607
f 2806/1570/1619 2795/1563/1609 2639/1519/1609
f 2806/1570/1619 2639/1519/1609 2618/1521/1619
f 2807/1569/1620 2610/1525/1620 2634/1526/1611
f 2807/1569/1620 2634/1526/1611 2808/1571/1611
f 2809/1569/1621 2810/1571/1612 2635/1526/1622
f 2809/1569/1621 2635/1526/1622 2611/1525/1621
f 2811/1571/1623 2625/1526/1623 2628/1525/1613
f 2811/1571/1623 2628/1525/1613 2799/1569/1613
f 2812/1571/1624 2800/1569/1614 2630/1525/1614
f 2812/1571/1624 2630/1525/1614 2629/1526/1625
f 2813/1564/1626 2600/1511/1626 2622/1508/1615
f 2813/1564/1626 2622/1508/1615 2801/1565/1615
f 2814/1564/1627 2803/1565/1616 2623/1508/1616
f 2814/1564/1627 2623/1508/1616 2602/1511/1627
f 2815/1572/1628 2613/1523/1628 2616/1521/1618
f 2815/1572/1628 2616/1521/1618 2805/1570/1618
f 2816/1572/1629 2806/1570/1619 2618/1521/1619
f 2816/1572/1629 2618/1521/1619 2617/1523/1630
f 2817/1566/1631 2590/1504/1631 2610/1525/1620
f 2817/1566/1631 2610/1525/1620 2807/1569/1620
f 2818/1566/1632 2809/1569/1621 2611/1525/1621
f 2818/1566/1632 2611/1525/1621 2591/1504/1632
f 2819/1570/1633 2586/1521/1633 2606/1523/1623
f 2819/1570/1633 2606/1523/1623 2820/1572/1623
f 2821/1570/1634 2822/1572/1624 2607/1523/1625
f 2821/1570/1634 2607/1523/1625 2587/1521/1634
f 2794/1562/1608 2597/1517/1608 2600/1511/1626
f 2794/1562/1608 2600/1511/1626 2813/1564/1626
f 2796/1562/1610 2814/1564/1627 2602/1511/1627
f 2796/1562/1610 2602/1511/1627 2601/1517/1610
f 2766/1559/1580 2582/1503/1580 2594/1500/1628
f 2766/1559/1580 2594/1500/1628 2823/1567/1628
f 2768/1559/1582 2824/1567/1630 2595/1500/1629
f 2768/1559/1582 2595/1500/1629 2583/1503/1582
f 2770/1561/1584 2578/1507/1584 2590/1504/1631
f 2770/1561/1584 2590/1504/1631 2817/1566/1631
f 2772/1561/1586 2818/1566/1632 2591/1504/1632
f 2772/1561/1586 2591/1504/1632 2579/1507/1586
f 2774/1563/1588 2574/1519/1588 2586/1521/1633
f 2774/1563/1588 2586/1521/1633 2819/1570/1633
f 2776/1563/1590 2821/1570/1634 2587/1521/1634
f 2776/1563/1590 2587/1521/1634 2575/1519/1590
f 2761/1554/1575 2765/1558/1635 2766/1559/1636
f 2761/1554/1575 2766/1559/1636 2666/1539/1480
f 2764/1554/1578 2672/1539/1486 2768/1559/1637
f 2764/1554/1578 2768/1559/1637 2767/1558/1638
f 2757/1556/1571 2769/1560/1639 2770/1561/1640
f 2757/1556/1571 2770/1561/1640 2658/1535/1472
f 2760/1556/1574 2664/1535/1478 2772/1561/1641
f 2760/1556/1574 2772/1561/1641 2771/1560/1642
f 2755/1542/1569 2773/1562/1643 2774/1563/1644
f 2755/1542/1569 2774/1563/1644 2522/1497/1430
f 2756/1542/1570 2528/1497/1436 2776/1563/1645
f 2756/1542/1570 2776/1563/1645 2775/1562/1646
f 2751/1556/1565 2777/1560/1647 2765/1558/1635
f 2751/1556/1565 2765/1558/1635 2761/1554/1575
f 2754/1556/1568 2764/1554/1578 2767/1558/1638
f 2754/1556/1568 2767/1558/1638 2778/1560/1648
f 2747/1554/1561 2779/1558/1649 2769/1560/1639
f 2747/1554/1561 2769/1560/1639 2757/1556/1571
f 2750/1554/1564 2760/1556/1574 2771/1560/1642
f 2750/1554/1564 2771/1560/1642 2780/1558/1650
f 2745/1543/1559 2781/1564/1651 2773/1562/1643
f 2745/1543/1559 2773/1562/1643 2755/1542/1569
f 2746/1543/1560 2756/1542/1570 2775/1562/1646
f 2746/1543/1560 2775/1562/1646 2782/1564/1652
f 2741/1535/1555 2783/1561/1653 2777/1560/1647
f 2741/1535/1555 2777/1560/1647 2751/1556/1565
f 2744/1535/1558 2754/1556/1568 2778/1560/1648
f 2744/1535/1558 2778/1560/1648 2784/1561/1654
f 2735/1539/1549 2785/1559/1655 2779/1558/1649
f 2735/1539/1549 2779/1558/1649 2747/1554/1561
f 2739/1539/1553 2750/1554/1564 2780/1558/1650
f 2739/1539/1553 2780/1558/1650 2786/1559/1656
f 2727/1548/1541 2787/1565/1657 2781/1564/1651
f 2727/1548/1541 2781/1564/1651 2745/1543/1559
f 2731/1548/1545 2746/1543/1560 2782/1564/1652
f 2731/1548/1545 2782/1564/1652 2788/1565/1658
f 2721/1536/1535 2789/1566/1659 2783/1561/1653
f 2721/1536/1535 2783/1561/1653 2741/1535/1555
f 2724/1536/1538 2744/1535/1558 2784/1561/1654
f 2724/1536/1538 2784/1561/1654 2790/1566/1660
f 2734/1540/1548 2791/1567/1661 2785/1559/1655
f 2734/1540/1548 2785/1559/1655 2735/1539/1549
f 2740/1540/1554 2739/1539/1553 2786/1559/1656
f 2740/1540/1554 2786/1559/1656 2792/1567/1662
f 2713/1497/1527 2793/1563/1663 2794/1562/1664
f 2713/1497/1527 2794/1562/1664 2674/1542/1488
f 2716/1497/1530 2680/1542/1494 2796/1562/1665
f 2716/1497/1530 2796/1562/1665 2795/1563/1666
f 2726/1552/1540 2797/1568/1667 2787/1565/1657
f 2726/1552/1540 2787/1565/1657 2727/1548/1541
f 2732/1552/1546 2731/1548/1545 2788/1565/1658
f 2732/1552/1546 2788/1565/1658 2798/1568/1668
f 2703/1546/1517 2799/1569/1669 2789/1566/1659
f 2703/1546/1517 2789/1566/1659 2721/1536/1535
f 2707/1546/1521 2724/1536/1538 2790/1566/1660
f 2707/1546/1521 2790/1566/1660 2800/1569/1670
f 2697/1548/1511 2801/1565/1671 2802/1568/1672
f 2697/1548/1511 2802/1568/1672 2717/1552/1531
f 2700/1548/1514 2720/1552/1534 2804/1568/1673
f 2700/1548/1514 2804/1568/1673 2803/1565/1674
f 2691/1498/1505 2805/1570/1675 2793/1563/1663
f 2691/1498/1505 2793/1563/1663 2713/1497/1527
f 2695/1498/1509 2716/1497/1530 2795/1563/1666
f 2695/1498/1509 2795/1563/1666 2806/1570/1676
f 2685/1546/1499 2807/1569/1677 2808/1571/1678
f 2685/1546/1499 2808/1571/1678 2709/1551/1523
f 2688/1546/1502 2712/1551/1526 2810/1571/1679
f 2688/1546/1502 2810/1571/1679 2809/1569/1680
f 2702/1551/1516 2811/1571/1681 2799/1569/1669
f 2702/1551/1516 2799/1569/1669 2703/1546/1517
f 2708/1551/1522 2707/1546/1521 2800/1569/1670
f 2708/1551/1522 2800/1569/1670 2812/1571/1682
f 2675/1543/1489 2813/1564/1683 2801/1565/1671
f 2675/1543/1489 2801/1565/1671 2697/1548/1511
f 2679/1543/1493 2700/1548/1514 2803/1565/1674
f 2679/1543/1493 2803/1565/1674 2814/1564/1684
f 2690/1544/1504 2815/1572/1685 2805/1570/1675
f 2690/1544/1504 2805/1570/1675 2691/1498/1505
f 2696/1544/1510 2695/1498/1509 2806/1570/1676
f 2696/1544/1510 2806/1570/1676 2816/1572/1686
f 2659/1536/1473 2817/1566/1687 2807/1569/1677
f 2659/1536/1473 2807/1569/1677 2685/1546/1499
f 2663/1536/1477 2688/1546/1502 2809/1569/1680
f 2663/1536/1477 2809/1569/1680 2818/1566/1688
f 2523/1498/1431 2819/1570/1689 2820/1572/1690
f 2523/1498/1431 2820/1572/1690 2681/1544/1495
f 2527/1498/1435 2684/1544/1498 2822/1572/1691
f 2527/1498/1435 2822/1572/1691 2821/1570/1692
f 2674/1542/1488 2794/1562/1664 2813/1564/1683
f 2674/1542/1488 2813/1564/1683 2675/1543/1489
f 2680/1542/1494 2679/1543/1493 2814/1564/1684
f 2680/1542/1494 2814/1564/1684 2796/1562/1665
f 2666/1539/1480 2766/1559/1636 2823/1567/1693
f 2666/1539/1480 2823/1567/1693 2667/1540/1481
f 2672/1539/1486 2671/1540/1485 2824/1567/1694
f 2672/1539/1486 2824/1567/1694 2768/1559/1637
f 2658/1535/1472 2770/1561/1640 2817/1566/1687
f 2658/1535/1472 2817/1566/1687 2659/1536/1473
f 2664/1535/1478 2663/1536/1477 2818/1566/1688
f 2664/1535/1478 2818/1566/1688 2772/1561/1641
f 2522/1497/1430 2774/1563/1644 2819/1570/1689
f 2522/1497/1430 2819/1570/1689 2523/1498/1431
f 2528/1497/1436 2527/1498/1435 2821/1570/1692
f 2528/1497/1436 2821/1570/1692 2776/1563/1645
f 2825/1573/1695 2826/1574/1695 2827/1575/1696
f 2825/1573/1695 2827/1575/1696 2828/1576/1696
f 2829/1573/1697 2830/1576/1698 2831/1575/1698
f 2829/1573/1697 2831/1575/1698 2832/1574/1697
f 2833/1577/1699 2748/1555/1562 2758/1557/1572
f 2833/1577/1699 2758/1557/1572 2834/1578/1700
f 2835/1577/1701 2836/1578/1702 2759/1557/1573
f 2835/1577/1701 2759/1557/1573 2749/1555/1563
f 2837/1578/1703 2752/1557/1566 2762/1555/1576
f 2837/1578/1703 2762/1555/1576 2838/1577/1704
f 2839/1578/1705 2840/1577/1706 2763/1555/1577
f 2839/1578/1705 2763/1555/1577 2753/1557/1567
f 2652/1533/1466 2651/1532/1465 2521/1496/1429
f 2652/1533/1466 2521/1496/1429 2841/1579/1707
f 2654/1533/1468 2842/1579/1708 2525/1496/1433
f 2654/1533/1468 2525/1496/1433 2655/1532/1469
f 2834/1578/1700 2758/1557/1572 2657/1534/1471
f 2834/1578/1700 2657/1534/1471 2843/1580/1709
f 2836/1578/1702 2844/1580/1710 2661/1534/1475
f 2836/1578/1702 2661/1534/1475 2759/1557/1573
f 2838/1577/1704 2762/1555/1576 2665/1538/1479
f 2838/1577/1704 2665/1538/1479 2845/1581/1711
f 2840/1577/1706 2846/1581/1712 2669/1538/1483
f 2840/1577/1706 2669/1538/1483 2763/1555/1577
f 2841/1579/1707 2521/1496/1429 2524/1499/1432
f 2841/1579/1707 2524/1499/1432 2847/1582/1713
f 2842/1579/1708 2848/1582/1714 2526/1499/1434
f 2842/1579/1708 2526/1499/1434 2525/1496/1433
f 2843/1580/1709 2657/1534/1471 2660/1537/1474
f 2843/1580/1709 2660/1537/1474 2849/1583/1715
f 2844/1580/1710 2850/1583/1716 2662/1537/1476
f 2844/1580/1710 2662/1537/1476 2661/1534/1475
f 2845/1581/1711 2665/1538/1479 2668/1541/1482
f 2845/1581/1711 2668/1541/1482 2851/1584/1717
f 2846/1581/1712 2852/1584/1718 2670/1541/1484
f 2846/1581/1712 2670/1541/1484 2669/1538/1483
f 2853/1533/1719 2673/1532/1487 2676/1531/1490
f 2853/1533/1719 2676/1531/1490 2854/1530/1720
f 2855/1533/1721 2856/1530/1722 2678/1531/1492
f 2855/1533/1721 2678/1531/1492 2677/1532/1491
f 2847/1582/1713 2524/1499/1432 2682/1545/1496
f 2847/1582/1713 2682/1545/1496 2857/1585/1723
f 2848/1582/1714 2858/1585/1724 2683/1545/1497
f 2848/1582/1714 2683/1545/1497 2526/1499/1434
f 2849/1583/1715 2660/1537/1474 2686/1547/1500
f 2849/1583/1715 2686/1547/1500 2859/1586/1725
f 2850/1583/1716 2860/1586/1726 2687/1547/1501
f 2850/1583/1716 2687/1547/1501 2662/1537/1476
f 2861/1585/1727 2689/1545/1503 2692/1499/1506
f 2861/1585/1727 2692/1499/1506 2862/1582/1728
f 2863/1585/1729 2864/1582/1730 2694/1499/1508
f 2863/1585/1729 2694/1499/1508 2693/1545/1507
f 2854/1530/1720 2676/1531/1490 2698/1549/1512
f 2854/1530/1720 2698/1549/1512 2865/1587/1731
f 2856/1530/1722 2866/1587/1732 2699/1549/1513
f 2856/1530/1722 2699/1549/1513 2678/1531/1492
f 2867/1588/1733 2701/1550/1515 2704/1547/1518
f 2867/1588/1733 2704/1547/1518 2868/1586/1734
f 2869/1588/1735 2870/1586/1736 2706/1547/1520
f 2869/1588/1735 2706/1547/1520 2705/1550/1519
f 2859/1586/1725 2686/1547/1500 2710/1550/1524
f 2859/1586/1725 2710/1550/1524 2871/1588/1737
f 2860/1586/1726 2872/1588/1738 2711/1550/1525
f 2860/1586/1726 2711/1550/1525 2687/1547/1501
f 2862/1582/1728 2692/1499/1506 2714/1496/1528
f 2862/1582/1728 2714/1496/1528 2873/1579/1739
f 2864/1582/1730 2874/1579/1740 2715/1496/1529
f 2864/1582/1730 2715/1496/1529 2694/1499/1508
f 2865/1587/1731 2698/1549/1512 2718/1553/1532
f 2865/1587/1731 2718/1553/1532 2875/1589/1741
f 2866/1587/1732 2876/1589/1742 2719/1553/1533
f 2866/1587/1732 2719/1553/1533 2699/1549/1513
f 2868/1586/1734 2704/1547/1518 2722/1537/1536
f 2868/1586/1734 2722/1537/1536 2877/1583/1743
f 2870/1586/1736 2878/1583/1744 2723/1537/1537
f 2870/1586/1736 2723/1537/1537 2706/1547/1520
f 2879/1589/1745 2725/1553/1539 2728/1549/1542
f 2879/1589/1745 2728/1549/1542 2880/1587/1746
f 2881/1589/1747 2882/1587/1748 2730/1549/1544
f 2881/1589/1747 2730/1549/1544 2729/1553/1543
f 2873/1579/1739 2714/1496/1528 2673/1532/1487
f 2873/1579/1739 2673/1532/1487 2853/1533/1719
f 2874/1579/1740 2855/1533/1721 2677/1532/1491
f 2874/1579/1740 2677/1532/1491 2715/1496/1529
f 2883/1584/1749 2733/1541/1547 2736/1538/1550
f 2883/1584/1749 2736/1538/1550 2884/1581/1750
f 2885/1584/1751 2886/1581/1752 2738/1538/1552
f 2885/1584/1751 2738/1538/1552 2737/1541/1551
f 2877/1583/1743 2722/1537/1536 2742/1534/1556
f 2877/1583/1743 2742/1534/1556 2887/1580/1753
f 2878/1583/1744 2888/1580/1754 2743/1534/1557
f 2878/1583/1744 2743/1534/1557 2723/1537/1537
f 2880/1587/1746 2728/1549/1542 2650/1531/1464
f 2880/1587/1746 2650/1531/1464 2649/1530/1463
f 2882/1587/1748 2653/1530/1467 2656/1531/1470
f 2882/1587/1748 2656/1531/1470 2730/1549/1544
f 2884/1581/1750 2736/1538/1550 2748/1555/1562
f 2884/1581/1750 2748/1555/1562 2833/1577/1699
f 2886/1581/1752 2835/1577/1701 2749/1555/1563
f 2886/1581/1752 2749/1555/1563 2738/1538/1552
f 2887/1580/1753 2742/1534/1556 2752/1557/1566
f 2887/1580/1753 2752/1557/1566 2837/1578/1703
f 2888/1580/1754 2839/1578/1705 2753/1557/1567
f 2888/1580/1754 2753/1557/1567 2743/1534/1557
f 2510/1487/1755 2889/1590/1755 2890/1591/1756
f 2510/1487/1755 2890/1591/1756 2512/1485/1756
f 2509/1487/1757 2511/1485/1758 2891/1591/1758
f 2509/1487/1757 2891/1591/1758 2892/1590/1757
f 2893/1592/1759 2894/1593/1759 2895/1594/1760
f 2893/1592/1759 2895/1594/1760 2896/1595/1760
f 2897/1592/1761 2898/1595/1762 2899/1594/1762
f 2897/1592/1761 2899/1594/1762 2900/1593/1761
f 2901/1596/1763 2902/1597/1763 2903/1598/1764
f 2901/1596/1763 2903/1598/1764 2904/1599/1764
f 2905/1596/1765 2906/1599/1766 2907/1598/1766
f 2905/1596/1765 2907/1598/1766 2908/1597/1765
f 2909/1600/1767 2910/1601/1767 2911/1602/1768
f 2909/1600/1767 2911/1602/1768 2912/1603/1768
f 2913/1600/1769 2914/1603/1770 2915/1602/1770
f 2913/1600/1769 2915/1602/1770 2916/1601/1769
f 2828/1576/1696 2827/1575/1696 2917/1604/1771
f 2828/1576/1696 2917/1604/1771 2918/1605/1771
f 2830/1576/1698 2919/1605/1772 2920/1604/1772
f 2830/1576/1698 2920/1604/1772 2831/1575/1698
f 2896/1595/1760 2895/1594/1760 2921/1606/1773
f 2896/1595/1760 2921/1606/1773 2922/1607/1773
f 2898/1595/1762 2923/1607/1774 2924/1606/1774
f 2898/1595/1762 2924/1606/1774 2899/1594/1762
f 2904/1599/1764 2903/1598/1764 2925/1608/1775
f 2904/1599/1764 2925/1608/1775 2926/1609/1775
f 2906/1599/1766 2927/1609/1776 2928/1608/1776
f 2906/1599/1766 2928/1608/1776 2907/1598/1766
f 2912/1603/1768 2911/1602/1768 2929/1610/1777
f 2912/1603/1768 2929/1610/1777 2930/1611/1777
f 2914/1603/1770 2931/1611/1778 2932/1610/1778
f 2914/1603/1770 2932/1610/1778 2915/1602/1770
f 2918/1605/1771 2917/1604/1771 2933/1612/1779
f 2918/1605/1771 2933/1612/1779 2934/1613/1779
f 2919/1605/1772 2935/1613/1780 2936/1612/1780
f 2919/1605/1772 2936/1612/1780 2920/1604/1772
f 2922/1607/1773 2921/1606/1773 2937/1614/1781
f 2922/1607/1773 2937/1614/1781 2938/1615/1781
f 2923/1607/1774 2939/1615/1782 2940/1614/1782
f 2923/1607/1774 2940/1614/1782 2924/1606/1774
f 2926/1609/1775 2925/1608/1775 2941/1616/1783
f 2926/1609/1775 2941/1616/1783 2942/1617/1783
f 2927/1609/1776 2943/1617/1784 2944/1616/1784
f 2927/1609/1776 2944/1616/1784 2928/1608/1776
f 2930/1611/1777 2929/1610/1777 2945/1618/1785
f 2930/1611/1777 2945/1618/1785 2946/1619/1785
f 2931/1611/1778 2947/1619/1786 2948/1618/1786
f 2931/1611/1778 2948/1618/1786 2932/1610/1778
f 2934/1613/1779 2933/1612/1779 2949/1620/1787
f 2934/1613/1779 2949/1620/1787 2950/1621/1787
f 2935/1613/1780 2951/1621/1788 2952/1620/1788
f 2935/1613/1780 2952/1620/1788 2936/1612/1780
f 2938/1615/1781 2937/1614/1781 2953/1622/1789
f 2938/1615/1781 2953/1622/1789 2954/1623/1789
f 2939/1615/1782 2955/1623/1790 2956/1622/1790
f 2939/1615/1782 2956/1622/1790 2940/1614/1782
f 2942/1617/1783 2941/1616/1783 2910/1601/1767
f 2942/1617/1783 2910/1601/1767 2909/1600/1767
f 2943/1617/1784 2913/1600/1769 2916/1601/1769
f 2943/1617/1784 2916/1601/1769 2944/1616/1784
f 2946/1619/1785 2945/1618/1785 2957/1624/1791
f 2946/1619/1785 2957/1624/1791 2958/1625/1791
f 2947/1619/1786 2959/1625/1792 2960/1624/1792
f 2947/1619/1786 2960/1624/1792 2948/1618/1786
f 2950/1621/1787 2949/1620/1787 2961/1626/1793
f 2950/1621/1787 2961/1626/1793 2962/1627/1793
f 2951/1621/1788 2963/1627/1794 2964/1626/1794
f 2951/1621/1788 2964/1626/1794 2952/1620/1788
f 2954/1623/1789 2953/1622/1789 2965/1628/1795
f 2954/1623/1789 2965/1628/1795 2966/1629/1795
f 2955/1623/1790 2967/1629/1796 2968/1628/1796
f 2955/1623/1790 2968/1628/1796 2956/1622/1790
f 2958/1625/1791 2957/1624/1791 2969/1630/1797
f 2958/1625/1791 2969/1630/1797 2970/1631/1797
f 2959/1625/1792 2971/1631/1798 2972/1630/1798
f 2959/1625/1792 2972/1630/1798 2960/1624/1792
f 2962/1627/1793 2961/1626/1793 2973/1632/1799
f 2962/1627/1793 2973/1632/1799 2974/1633/1799
f 2963/1627/1794 2975/1633/1800 2976/1632/1800
f 2963/1627/1794 2976/1632/1800 2964/1626/1794
f 2966/1629/1795 2965/1628/1795 2977/1634/1801
f 2966/1629/1795 2977/1634/1801 2978/1635/1801
f 2967/1629/1796 2979/1635/1802 2980/1634/1802
f 2967/1629/1796 2980/1634/1802 2968/1628/1796
f 2970/1631/1797 2969/1630/1797 2981/1636/1803
f 2970/1631/1797 2981/1636/1803 2982/1637/1803
f 2971/1631/1798 2983/1637/1804 2984/1636/1804
f 2971/1631/1798 2984/1636/1804 2972/1630/1798
f 2974/1633/1799 2973/1632/1799 2985/1638/1805
f 2974/1633/1799 2985/1638/1805 2986/1639/1805
f 2975/1633/1800 2987/1639/1806 2988/1638/1806
f 2975/1633/1800 2988/1638/1806 2976/1632/1800
f 2978/1635/1801 2977/1634/1801 2826/1574/1695
f 2978/1635/1801 2826/1574/1695 2825/1573/1695
f 2979/1635/1802 2829/1573/1697 2832/1574/1697
f 2979/1635/1802 2832/1574/1697 2980/1634/1802
f 2982/1637/1803 2981/1636/1803 2894/1593/1759
f 2982/1637/1803 2894/1593/1759 2893/1592/1759
f 2983/1637/1804 2897/1592/1761 2900/1593/1761
f 2983/1637/1804 2900/1593/1761 2984/1636/1804
f 2986/1639/1805 2985/1638/1805 2902/1597/1763
f 2986/1639/1805 2902/1597/1763 2901/1596/1763
f 2987/1639/1806 2905/1596/1765 2908/1597/1765
f 2987/1639/1806 2908/1597/1765 2988/1638/1806
f 2494/1493/1807 2989/1640/1807 2990/1641/1808
f 2494/1493/1807 2990/1641/1808 2496/1494/1808
f 2493/1493/1809 2495/1494/1810 2991/1641/1810
f 2493/1493/1809 2991/1641/1810 2992/1640/1809
f 2478/1489/1811 2993/1642/1811 2994/1643/1812
f 2478/1489/1811 2994/1643/1812 2480/1490/1812
f 2477/1489/1813 2479/1490/1814 2995/1643/1814
f 2477/1489/1813 2995/1643/1814 2996/1642/1813
f 2512/1485/1756 2890/1591/1756 2997/1644/1815
f 2512/1485/1756 2997/1644/1815 2514/1486/1815
f 2511/1485/1758 2513/1486/1816 2998/1644/1817
f 2511/1485/1758 2998/1644/1817 2891/1591/1758
f 2463/1482/1818 2999/1645/1818 3000/1646/1819
f 2463/1482/1818 3000/1646/1819 2464/1481/1819
f 2462/1482/1820 2461/1481/1821 3001/1646/1821
f 2462/1482/1820 3001/1646/1821 3002/1645/1820
f 2496/1494/1808 2990/1641/1808 3003/1647/1822
f 2496/1494/1808 3003/1647/1822 2498/1495/1822
f 2495/1494/1810 2497/1495/1823 3004/1647/1824
f 2495/1494/1810 3004/1647/1824 2991/1641/1810
f 2480/1490/1812 2994/1643/1812 3005/1648/1825
f 2480/1490/1812 3005/1648/1825 2482/1491/1825
f 2479/1490/1814 2481/1491/1826 3006/1648/1826
f 2479/1490/1814 3006/1648/1826 2995/1643/1814
f 2517/1495/1815 3007/1647/1815 3008/1641/1827
f 2517/1495/1815 3008/1641/1827 2518/1494/1827
f 2516/1495/1817 2515/1494/1828 3009/1641/1828
f 2516/1495/1817 3009/1641/1828 3010/1647/1816
f 2464/1481/1819 3000/1646/1819 3011/1649/1829
f 2464/1481/1819 3011/1649/1829 2466/1483/1829
f 2461/1481/1821 2465/1483/1830 3012/1649/1830
f 2461/1481/1821 3012/1649/1830 3001/1646/1821
f 2501/1492/1822 3013/1650/1822 3014/1648/1831
f 2501/1492/1822 3014/1648/1831 2502/1491/1831
f 2500/1492/1824 2499/1491/1832 3015/1648/1832
f 2500/1492/1824 3015/1648/1832 3016/1650/1823
f 2482/1491/1825 3005/1648/1825 3017/1650/1833
f 2482/1491/1825 3017/1650/1833 2484/1492/1833
f 2481/1491/1826 2483/1492/1834 3018/1650/1835
f 2481/1491/1826 3018/1650/1835 3006/1648/1826
f 2518/1494/1827 3008/1641/1827 3019/1640/1836
f 2518/1494/1827 3019/1640/1836 2520/1493/1836
f 2515/1494/1828 2519/1493/1837 3020/1640/1837
f 2515/1494/1828 3020/1640/1837 3009/1641/1828
f 2466/1483/1829 3011/1649/1829 3021/1651/1838
f 2466/1483/1829 3021/1651/1838 2468/1484/1838
f 2465/1483/1830 2467/1484/1839 3022/1651/1840
f 2465/1483/1830 3022/1651/1840 3012/1649/1830
f 2502/1491/1831 3014/1648/1831 3023/1643/1841
f 2502/1491/1831 3023/1643/1841 2504/1490/1841
f 2499/1491/1832 2503/1490/1842 3024/1643/1842
f 2499/1491/1832 3024/1643/1842 3015/1648/1832
f 2487/1484/1833 3025/1651/1833 3026/1649/1843
f 2487/1484/1833 3026/1649/1843 2488/1483/1843
f 2486/1484/1835 2485/1483/1844 3027/1649/1844
f 2486/1484/1835 3027/1649/1844 3028/1651/1834
f 2520/1493/1836 3019/1640/1836 2999/1645/1818
f 2520/1493/1836 2999/1645/1818 2463/1482/1818
f 2519/1493/1837 2462/1482/1820 3002/1645/1820
f 2519/1493/1837 3002/1645/1820 3020/1640/1837
f 2471/1486/1838 3029/1644/1838 3030/1591/1845
f 2471/1486/1838 3030/1591/1845 2472/1485/1845
f 2470/1486/1840 2469/1485/1846 3031/1591/1846
f 2470/1486/1840 3031/1591/1846 3032/1644/1839
f 2504/1490/1841 3023/1643/1841 3033/1642/1847
f 2504/1490/1841 3033/1642/1847 2506/1489/1847
f 2503/1490/1842 2505/1489/1848 3034/1642/1848
f 2503/1490/1842 3034/1642/1848 3024/1643/1842
f 2488/1483/1843 3026/1649/1843 3035/1646/1849
f 2488/1483/1843 3035/1646/1849 2490/1481/1849
f 2485/1483/1844 2489/1481/1850 3036/1646/1850
f 2485/1483/1844 3036/1646/1850 3027/1649/1844
f 2472/1485/1845 3030/1591/1845 3037/1590/1851
f 2472/1485/1845 3037/1590/1851 2474/1487/1851
f 2469/1485/1846 2473/1487/1852 3038/1590/1852
f 2469/1485/1846 3038/1590/1852 3031/1591/1846
f 2506/1489/1847 3033/1642/1847 3039/1652/1853
f 2506/1489/1847 3039/1652/1853 2508/1488/1853
f 2505/1489/1848 2507/1488/1854 3040/1652/1854
f 2505/1489/1848 3040/1652/1854 3034/1642/1848
f 2490/1481/1849 3035/1646/1849 3041/1645/1855
f 2490/1481/1849 3041/1645/1855 2492/1482/1855
f 2489/1481/1850 2491/1482/1856 3042/1645/1856
f 2489/1481/1850 3042/1645/1856 3036/1646/1850
f 2474/1487/1851 3037/1590/1851 3043/1652/1857
f 2474/1487/1851 3043/1652/1857 2476/1488/1857
f 2473/1487/1852 2475/1488/1858 3044/1652/1858
f 2473/1487/1852 3044/1652/1858 3038/1590/1852
f 2508/1488/1853 3039/1652/1853 2889/1590/1755
f 2508/1488/1853 2889/1590/1755 2510/1487/1755
f 2507/1488/1854 2509/1487/1757 2892/1590/1757
f 2507/1488/1854 2892/1590/1757 3040/1652/1854
f 2492/1482/1855 3041/1645/1855 2989/1640/1807
f 2492/1482/1855 2989/1640/1807 2494/1493/1807
f 2491/1482/1856 2493/1493/1809 2992/1640/1809
f 2491/1482/1856 2992/1640/1809 3042/1645/1856
f 2476/1488/1857 3043/1652/1857 2993/1642/1811
f 2476/1488/1857 2993/1642/1811 2478/1489/1811
f 2475/1488/1858 2477/1489/1813 2996/1642/1813
f 2475/1488/1858 2996/1642/1813 3044/1652/1858
f 3045/1653/1859 3046/1654/1860 3047/1654/1860
f 3045/1653/1859 3047/1654/1860 3048/1653/1859
f 3049/1655/1861 3045/1653/1859 3048/1653/1859
f 3049/1655/1861 3048/1653/1859 3050/1655/1861
f 3046/1654/1860 3051/1656/1862 3052/1656/1862
f 3046/1654/1860 3052/1656/1862 3047/1654/1860
f 3053/1657/1863 3049/1655/1861 3050/1655/1861
f 3053/1657/1863 3050/1655/1861 3054/1657/1863
f 3055/1658/1864 3053/1657/1863 3054/1657/1863
f 3055/1658/1864 3054/1657/1863 3056/1658/1864
f 3057/1659/1865 3055/1658/1864 3056/1658/1864
f 3057/1659/1865 3056/1658/1864 3058/1659/1865
f 3059/1660/1866 3057/1659/1865 3058/1659/1865
f 3059/1660/1866 3058/1659/1865 3060/1660/1866
f 3061/1661/1867 3059/1660/1866 3060/1660/1866
f 3061/1661/1867 3060/1660/1866 3062/1661/1867
f 3063/1662/1868 3061/1661/1867 3062/1661/1867
f 3063/1662/1868 3062/1661/1867 3064/1662/1868
f 3065/1663/1869 3063/1662/1868 3064/1662/1868
f 3065/1663/1869 3064/1662/1868 3066/1663/1869
f 3067/1664/1870 3065/1663/1869 3066/1663/1869
f 3067/1664/1870 3066/1663/1869 3068/1664/1870
f 3069/1665/1871 3067/1664/1870 3068/1664/1870
f 3069/1665/1871 3068/1664/1870 3070/1665/1871
f 3071/1666/1872 3069/1665/1871 3070/1665/1871
f 3071/1666/1872 3070/1665/1871 3072/1666/1872
f 3073/1667/1873 3071/1666/1872 3072/1666/1872
f 3073/1667/1873 3072/1666/1872 3074/1667/1873
f 3075/1668/1874 3073/1667/1873 3074/1667/1873
f 3075/1668/1874 3074/1667/1873 3076/1668/1874
f 3077/1669/1875 3075/1668/1874 3076/1668/1874
f 3077/1669/1875 3076/1668/1874 3078/1669/1875
f 3079/1670/1876 3077/1669/1875 3078/1669/1875
f 3079/1670/1876 3078/1669/1875 3080/1670/1876
f 3081/1671/1877 3079/1670/1876 3080/1670/1876
f 3081/1671/1877 3080/1670/1876 3082/1671/1877
f 3083/1672/1878 3081/1671/1877 3082/1671/1877
f 3083/1672/1878 3082/1671/1877 3084/1672/1878
f 3085/1673/1879 3083/1672/1878 3084/1672/1878
f 3085/1673/1879 3084/1672/1878 3086/1673/1879
f 3087/1674/1880 3085/1673/1879 3086/1673/1879
f 3087/1674/1880 3086/1673/1879 3088/1674/1880
f 3089/1675/1881 3087/1674/1880 3088/1674/1880
f 3089/1675/1881 3088/1674/1880 3090/1675/1881
f 3091/1676/1882 3089/1675/1881 3090/1675/1881
f 3091/1676/1882 3090/1675/1881 3092/1676/1882
f 3093/1677/1883 3091/1676/1882 3092/1676/1882
f 3093/1677/1883 3092/1676/1882 3094/1677/1883
f 3095/1678/1884 3093/1677/1883 3094/1677/1883
f 3095/1678/1884 3094/1677/1883 3096/1678/1884
f 3051/1656/1862 3095/1678/1884 3096/1678/1884
f 3051/1656/1862 3096/1678/1884 3052/1656/1862
f 3097/1679/1885 3098/1680/1886 3099/1681/1887
f 3097/1679/1885 3099/1681/1887 3100/1682/1888
f 3101/1679/1889 3102/1682/1890 3103/1681/1891
f 3101/1679/1889 3103/1681/1891 3104/1680/1892
f 3045/1653/1893 3105/1683/1894 3106/1684/1895
f 3045/1653/1893 3106/1684/1895 3046/1654/1896
f 3048/1653/1897 3047/1654/1898 3107/1684/1899
f 3048/1653/1897 3107/1684/1899 3108/1683/1900
f 3049/1655/1901 3109/1685/1902 3105/1683/1894
f 3049/1655/1901 3105/1683/1894 3045/1653/1893
f 3050/1655/1903 3048/1653/1897 3108/1683/1900
f 3050/1655/1903 3108/1683/1900 3110/1685/1904
f 3053/1657/1905 3111/1686/1906 3109/1685/1902
f 3053/1657/1905 3109/1685/1902 3049/1655/1901
f 3054/1657/1907 3050/1655/1903 3110/1685/1904
f 3054/1657/1907 3110/1685/1904 3112/1686/1908
f 3055/1658/1909 3113/1687/1910 3111/1686/1906
f 3055/1658/1909 3111/1686/1906 3053/1657/1905
f 3056/1658/1911 3054/1657/1907 3112/1686/1908
f 3056/1658/1911 3112/1686/1908 3114/1687/1912
f 3057/1659/1913 3115/1688/1914 3113/1687/1910
f 3057/1659/1913 3113/1687/1910 3055/1658/1909
f 3058/1659/1915 3056/1658/1911 3114/1687/1912
f 3058/1659/1915 3114/1687/1912 3116/1688/1916
f 3059/1660/1917 3117/1689/1918 3115/1688/1914
f 3059/1660/1917 3115/1688/1914 3057/1659/1913
f 3060/1660/1919 3058/1659/1915 3116/1688/1916
f 3060/1660/1919 3116/1688/1916 3118/1689/1920
f 3061/1661/1921 3119/1690/1922 3117/1689/1918
f 3061/1661/1921 3117/1689/1918 3059/1660/1917
f 3062/1661/1923 3060/1660/1919 3118/1689/1920
f 3062/1661/1923 3118/1689/1920 3120/1690/1924
f 3063/1662/1925 3121/1691/1926 3119/1690/1922
f 3063/1662/1925 3119/1690/1922 3061/1661/1921
f 3064/1662/1927 3062/1661/1923 3120/1690/1924
f 3064/1662/1927 3120/1690/1924 3122/1691/1928
f 3065/1663/1929 3098/1680/1886 3121/1691/1926
f 3065/1663/1929 3121/1691/1926 3063/1662/1925
f 3066/1663/1930 3064/1662/1927 3122/1691/1928
f 3066/1663/1930 3122/1691/1928 3104/1680/1892
f 3067/1664/1931 3099/1681/1887 3098/1680/1886
f 3067/1664/1931 3098/1680/1886 3065/1663/1929
f 3068/1664/1932 3066/1663/1930 3104/1680/1892
f 3068/1664/1932 3104/1680/1892 3103/1681/1891
f 3069/1665/1933 3123/1692/1934 3099/1681/1887
f 3069/1665/1933 3099/1681/1887 3067/1664/1931
f 3070/1665/1935 3068/1664/1932 3103/1681/1891
f 3070/1665/1935 3103/1681/1891 3124/1692/1936
f 3071/1666/1937 3125/1693/1938 3123/1692/1934
f 3071/1666/1937 3123/1692/1934 3069/1665/1933
f 3072/1666/1939 3070/1665/1935 3124/1692/1936
f 3072/1666/1939 3124/1692/1936 3126/1693/1940
f 3073/1667/1941 3127/1694/1942 3125/1693/1938
f 3073/1667/1941 3125/1693/1938 3071/1666/1937
f 3074/1667/1943 3072/1666/1939 3126/1693/1940
f 3074/1667/1943 3126/1693/1940 3128/1694/1944
f 3075/1668/1945 3129/1695/1946 3127/1694/1942
f 3075/1668/1945 3127/1694/1942 3073/1667/1941
f 3076/1668/1947 3074/1667/1943 3128/1694/1944
f 3076/1668/1947 3128/1694/1944 3130/1695/1948
f 3077/1669/1949 3131/1696/1950 3129/1695/1946
f 3077/1669/1949 3129/1695/1946 3075/1668/1945
f 3078/1669/1951 3076/1668/1947 3130/1695/1948
f 3078/1669/1951 3130/1695/1948 3132/1696/1952
f 3079/1670/1953 3133/1697/1954 3131/1696/1950
f 3079/1670/1953 3131/1696/1950 3077/1669/1949
f 3080/1670/1955 3078/1669/1951 3132/1696/1952
f 3080/1670/1955 3132/1696/1952 3134/1697/1956
f 3081/1671/1957 3135/1698/1958 3133/1697/1954
f 3081/1671/1957 3133/1697/1954 3079/1670/1953
f 3082/1671/1959 3080/1670/1955 3134/1697/1956
f 3082/1671/1959 3134/1697/1956 3136/1698/1960
f 3083/1672/1961 3137/1699/1962 3135/1698/1958
f 3083/1672/1961 3135/1698/1958 3081/1671/1957
f 3084/1672/1963 3082/1671/1959 3136/1698/1960
f 3084/1672/1963 3136/1698/1960 3138/1699/1964
f 3085/1673/1965 3139/1700/1966 3137/1699/1962
f 3085/1673/1965 3137/1699/1962 3083/1672/1961
f 3086/1673/1967 3084/1672/1963 3138/1699/1964
f 3086/1673/1967 3138/1699/1964 3140/1700/1968
f 3087/1674/1969 3141/1701/1970 3139/1700/1966
f 3087/1674/1969 3139/1700/1966 3085/1673/1965
f 3088/1674/1971 3086/1673/1967 3140/1700/1968
f 3088/1674/1971 3140/1700/1968 3142/1701/1972
f 3089/1675/1973 3143/1702/1974 3141/1701/1970
f 3089/1675/1973 3141/1701/1970 3087/1674/1969
f 3090/1675/1975 3088/1674/1971 3142/1701/1972
f 3090/1675/1975 3142/1701/1972 3144/1702/1976
f 3091/1676/1977 3145/1703/1978 3143/1702/1974
f 3091/1676/1977 3143/1702/1974 3089/1675/1973
f 3092/1676/1979 3090/1675/1975 3144/1702/1976
f 3092/1676/1979 3144/1702/1976 3146/1703/1980
f 3093/1677/1981 3147/1704/1982 3145/1703/1978
f 3093/1677/1981 3145/1703/1978 3091/1676/1977
f 3094/1677/1983 3092/1676/1979 3146/1703/1980
f 3094/1677/1983 3146/1703/1980 3148/1704/1984
f 3095/1678/1985 3149/1705/1986 3147/1704/1982
f 3095/1678/1985 3147/1704/1982 3093/1677/1981
f 3096/1678/1987 3094/1677/1983 3148/1704/1984
f 3096/1678/1987 3148/1704/1984 3150/1705/1988
f 3051/1656/1989 3151/1706/1990 3149/1705/1986
f 3051/1656/1989 3149/1705/1986 3095/1678/1985
f 3052/1656/1991 3096/1678/1987 3150/1705/1988
f 3052/1656/1991 3150/1705/1988 3152/1706/1992
f 3046/1654/1896 3106/1684/1895 3151/1706/1990
f 3046/1654/1896 3151/1706/1990 3051/1656/1989
f 3047/1654/1898 3052/1656/1991 3152/1706/1992
f 3047/1654/1898 3152/1706/1992 3107/1684/1899
f 3153/1707/1993 3154/1708/1993 3155/1709/1994
f 3153/1707/1993 3155/1709/1994 3156/1710/1994
f 3157/1707/1995 3158/1710/1996 3159/1709/1996
f 3157/1707/1995 3159/1709/1996 3160/1708/1995
f 3161/1711/1997 3149/1705/1986 3151/1706/1990
f 3161/1711/1997 3151/1706/1990 3162/1712/1998
f 3163/1711/1999 3164/1712/2000 3152/1706/1992
f 3163/1711/1999 3152/1706/1992 3150/1705/1988
f 3165/1713/2001 3109/1685/1902 3111/1686/1906
f 3165/1713/2001 3111/1686/1906 3166/1714/2002
f 3167/1713/2003 3168/1714/2004 3112/1686/1908
f 3167/1713/2003 3112/1686/1908 3110/1685/1904
f 3169/1715/2005 3135/1698/1958 3137/1699/1962
f 3169/1715/2005 3137/1699/1962 3170/1716/2006
f 3171/1715/2007 3172/1716/2008 3138/1699/1964
f 3171/1715/2007 3138/1699/1964 3136/1698/1960
f 3100/1682/1888 3099/1681/1887 3123/1692/1934
f 3100/1682/1888 3123/1692/1934 3173/1717/2009
f 3102/1682/1890 3174/1717/2010 3124/1692/1936
f 3102/1682/1890 3124/1692/1936 3103/1681/1891
f 3162/1712/1998 3151/1706/1990 3106/1684/1895
f 3162/1712/1998 3106/1684/1895 3175/1718/2011
f 3164/1712/2000 3176/1718/2012 3107/1684/1899
f 3164/1712/2000 3107/1684/1899 3152/1706/1992
f 3166/1714/2002 3111/1686/1906 3113/1687/1910
f 3166/1714/2002 3113/1687/1910 3177/1719/2013
f 3168/1714/2004 3178/1719/2014 3114/1687/1912
f 3168/1714/2004 3114/1687/1912 3112/1686/1908
f 3170/1716/2006 3137/1699/1962 3139/1700/1966
f 3170/1716/2006 3139/1700/1966 3179/1720/2015
f 3172/1716/2008 3180/1720/2016 3140/1700/1968
f 3172/1716/2008 3140/1700/1968 3138/1699/1964
f 3173/1717/2009 3123/1692/1934 3125/1693/1938
f 3173/1717/2009 3125/1693/1938 3181/1721/2017
f 3174/1717/2010 3182/1721/2018 3126/1693/1940
f 3174/1717/2010 3126/1693/1940 3124/1692/1936
f 3177/1719/2013 3113/1687/1910 3115/1688/1914
f 3177/1719/2013 3115/1688/1914 3183/1722/2019
f 3178/1719/2014 3184/1722/2020 3116/1688/1916
f 3178/1719/2014 3116/1688/1916 3114/1687/1912
f 3179/1720/2015 3139/1700/1966 3141/1701/1970
f 3179/1720/2015 3141/1701/1970 3185/1723/2021
f 3180/1720/2016 3186/1723/2022 3142/1701/1972
f 3180/1720/2016 3142/1701/1972 3140/1700/1968
f 3181/1721/2017 3125/1693/1938 3127/1694/1942
f 3181/1721/2017 3127/1694/1942 3187/1724/2023
f 3182/1721/2018 3188/1724/2024 3128/1694/1944
f 3182/1721/2018 3128/1694/1944 3126/1693/1940
f 3183/1722/2019 3115/1688/1914 3117/1689/1918
f 3183/1722/2019 3117/1689/1918 3189/1725/2025
f 3184/1722/2020 3190/1725/2026 3118/1689/1920
f 3184/1722/2020 3118/1689/1920 3116/1688/1916
f 3185/1723/2021 3141/1701/1970 3143/1702/1974
f 3185/1723/2021 3143/1702/1974 3191/1726/2027
f 3186/1723/2022 3192/1726/2028 3144/1702/1976
f 3186/1723/2022 3144/1702/1976 3142/1701/1972
f 3187/1724/2023 3127/1694/1942 3129/1695/1946
f 3187/1724/2023 3129/1695/1946 3193/1727/2029
f 3188/1724/2024 3194/1727/2030 3130/1695/1948
f 3188/1724/2024 3130/1695/1948 3128/1694/1944
f 3189/1725/2025 3117/1689/1918 3119/1690/1922
f 3189/1725/2025 3119/1690/1922 3195/1728/2031
f 3190/1725/2026 3196/1728/2032 3120/1690/1924
f 3190/1725/2026 3120/1690/1924 3118/1689/1920
f 3191/1726/2027 3143/1702/1974 3145/1703/1978
f 3191/1726/2027 3145/1703/1978 3197/1729/2033
f 3192/1726/2028 3198/1729/2034 3146/1703/1980
f 3192/1726/2028 3146/1703/1980 3144/1702/1976
f 3193/1727/2029 3129/1695/1946 3131/1696/1950
f 3193/1727/2029 3131/1696/1950 3199/1730/2035
f 3194/1727/2030 3200/1730/2036 3132/1696/1952
f 3194/1727/2030 3132/1696/1952 3130/1695/1948
f 3195/1728/2031 3119/1690/1922 3121/1691/1926
f 3195/1728/2031 3121/1691/1926 3201/1731/2037
f 3196/1728/2032 3202/1731/2038 3122/1691/1928
f 3196/1728/2032 3122/1691/1928 3120/1690/1924
f 3197/1729/2033 3145/1703/1978 3147/1704/1982
f 3197/1729/2033 3147/1704/1982 3203/1732/2039
f 3198/1729/2034 3204/1732/2040 3148/1704/1984
f 3198/1729/2034 3148/1704/1984 3146/1703/1980
f 3175/1718/2011 3106/1684/1895 3105/1683/1894
f 3175/1718/2011 3105/1683/1894 3205/1733/2041
f 3176/1718/2012 3206/1733/2042 3108/1683/1900
f 3176/1718/2012 3108/1683/1900 3107/1684/1899
f 3199/1730/2035 3131/1696/1950 3133/1697/1954
f 3199/1730/2035 3133/1697/1954 3207/1734/2043
f 3200/1730/2036 3208/1734/2044 3134/1697/1956
f 3200/1730/2036 3134/1697/1956 3132/1696/1952
f 3201/1731/2037 3121/1691/1926 3098/1680/1886
f 3201/1731/2037 3098/1680/1886 3097/1679/1885
f 3202/1731/2038 3101/1679/1889 3104/1680/1892
f 3202/1731/2038 3104/1680/1892 3122/1691/1928
f 3203/1732/2039 3147/1704/1982 3149/1705/1986
f 3203/1732/2039 3149/1705/1986 3161/1711/1997
f 3204/1732/2040 3163/1711/1999 3150/1705/1988
f 3204/1732/2040 3150/1705/1988 3148/1704/1984
f 3205/1733/2041 3105/1683/1894 3109/1685/1902
f 3205/1733/2041 3109/1685/1902 3165/1713/2001
f 3206/1733/2042 3167/1713/2003 3110/1685/1904
f 3206/1733/2042 3110/1685/1904 3108/1683/1900
f 3207/1734/2043 3133/1697/1954 3135/1698/1958
f 3207/1734/2043 3135/1698/1958 3169/1715/2005
f 3208/1734/2044 3171/1715/2007 3136/1698/1960
f 3208/1734/2044 3136/1698/1960 3134/1697/1956
f 3209/1735/2045 3210/1710/2045 3211/1707/2046
f 3209/1735/2045 3211/1707/2046 3212/1736/2046
f 3213/1735/2047 3214/1736/2048 3215/1707/2048
f 3213/1735/2047 3215/1707/2048 3216/1710/2047
f 3217/1737/2049 3218/1738/2049 3219/1739/2050
f 3217/1737/2049 3219/1739/2050 3220/1740/2050
f 3221/1737/2051 3222/1740/2052 3223/1739/2052
f 3221/1737/2051 3223/1739/2052 3224/1738/2051
f 3225/1741/2053 3226/1742/2053 3227/1743/2054
f 3225/1741/2053 3227/1743/2054 3228/1744/2054
f 3229/1741/2055 3230/1744/2056 3231/1743/2056
f 3229/1741/2055 3231/1743/2056 3232/1742/2055
f 3211/1707/2057 3233/1708/2057 3234/1745/2058
f 3211/1707/2057 3234/1745/2058 3235/1746/2058
f 3215/1707/2059 3236/1746/2060 3237/1745/2060
f 3215/1707/2059 3237/1745/2060 3238/1708/2059
f 3239/1744/2061 3240/1743/2061 3241/1742/2062
f 3239/1744/2061 3241/1742/2062 3242/1741/2062
f 3243/1744/2063 3244/1741/2064 3245/1742/2064
f 3243/1744/2063 3245/1742/2064 3246/1743/2063
f 3220/1740/2050 3219/1739/2050 3247/1747/2065
f 3220/1740/2050 3247/1747/2065 3248/1748/2065
f 3222/1740/2052 3249/1748/2066 3250/1747/2066
f 3222/1740/2052 3250/1747/2066 3223/1739/2052
f 3251/1749/2067 3252/1750/2067 3253/1751/2068
f 3251/1749/2067 3253/1751/2068 3254/1752/2068
f 3255/1749/2069 3256/1752/2070 3257/1751/2070
f 3255/1749/2069 3257/1751/2070 3258/1750/2069
f 3235/1746/2058 3234/1745/2058 3259/1753/2071
f 3235/1746/2058 3259/1753/2071 3260/1754/2071
f 3236/1746/2060 3261/1754/2072 3262/1753/2072
f 3236/1746/2060 3262/1753/2072 3237/1745/2060
f 3242/1741/2062 3241/1742/2062 3263/1755/2073
f 3242/1741/2062 3263/1755/2073 3264/1756/2073
f 3244/1741/2064 3265/1756/2074 3266/1755/2074
f 3244/1741/2064 3266/1755/2074 3245/1742/2064
f 3254/1752/2068 3253/1751/2068 3267/1757/2075
f 3254/1752/2068 3267/1757/2075 3268/1758/2075
f 3256/1752/2070 3269/1758/2076 3270/1757/2076
f 3256/1752/2070 3270/1757/2076 3257/1751/2070
f 3260/1754/2071 3259/1753/2071 3271/1759/2077
f 3260/1754/2071 3271/1759/2077 3272/1760/2077
f 3261/1754/2072 3273/1760/2078 3274/1759/2078
f 3261/1754/2072 3274/1759/2078 3262/1753/2072
f 3264/1756/2073 3263/1755/2073 3275/1747/2079
f 3264/1756/2073 3275/1747/2079 3276/1748/2079
f 3265/1756/2074 3277/1748/2080 3278/1747/2080
f 3265/1756/2074 3278/1747/2080 3266/1755/2074
f 3268/1758/2075 3267/1757/2075 3279/1759/2081
f 3268/1758/2075 3279/1759/2081 3280/1760/2081
f 3269/1758/2076 3281/1760/2082 3282/1759/2082
f 3269/1758/2076 3282/1759/2082 3270/1757/2076
f 3272/1760/2077 3271/1759/2077 3283/1757/2083
f 3272/1760/2077 3283/1757/2083 3284/1758/2083
f 3273/1760/2078 3285/1758/2084 3286/1757/2084
f 3273/1760/2078 3286/1757/2084 3274/1759/2078
f 3276/1748/2079 3275/1747/2079 3287/1739/2085
f 3276/1748/2079 3287/1739/2085 3288/1740/2085
f 3277/1748/2080 3289/1740/2086 3290/1739/2086
f 3277/1748/2080 3290/1739/2086 3278/1747/2080
f 3280/1760/2081 3279/1759/2081 3291/1753/2087
f 3280/1760/2081 3291/1753/2087 3292/1754/2087
f 3281/1760/2082 3293/1754/2088 3294/1753/2088
f 3281/1760/2082 3294/1753/2088 3282/1759/2082
f 3284/1758/2083 3283/1757/2083 3295/1751/2089
f 3284/1758/2083 3295/1751/2089 3296/1752/2089
f 3285/1758/2084 3297/1752/2090 3298/1751/2090
f 3285/1758/2084 3298/1751/2090 3286/1757/2084
f 3288/1740/2085 3287/1739/2085 3299/1738/2091
f 3288/1740/2085 3299/1738/2091 3300/1737/2091
f 3289/1740/2086 3301/1737/2092 3302/1738/2092
f 3289/1740/2086 3302/1738/2092 3290/1739/2086
f 3292/1754/2087 3291/1753/2087 3303/1745/2093
f 3292/1754/2087 3303/1745/2093 3304/1746/2093
f 3293/1754/2088 3305/1746/2094 3306/1745/2094
f 3293/1754/2088 3306/1745/2094 3294/1753/2088
f 3296/1752/2089 3295/1751/2089 3307/1750/2095
f 3296/1752/2089 3307/1750/2095 3308/1749/2095
f 3297/1752/2090 3309/1749/2096 3310/1750/2096
f 3297/1752/2090 3310/1750/2096 3298/1751/2090
f 3248/1748/2065 3247/1747/2065 3311/1755/2097
f 3248/1748/2065 3311/1755/2097 3312/1756/2097
f 3249/1748/2066 3313/1756/2098 3314/1755/2098
f 3249/1748/2066 3314/1755/2098 3250/1747/2066
f 3300/1737/2091 3299/1738/2091 3315/1761/2099
f 3300/1737/2091 3315/1761/2099 3316/1762/2100
f 3301/1737/2092 3317/1762/2101 3318/1761/2101
f 3301/1737/2092 3318/1761/2101 3302/1738/2092
f 3304/1746/2093 3303/1745/2093 3154/1708/1993
f 3304/1746/2093 3154/1708/1993 3153/1707/1993
f 3305/1746/2094 3157/1707/1995 3160/1708/1995
f 3305/1746/2094 3160/1708/1995 3306/1745/2094
f 3319/1762/2102 3320/1761/2102 3218/1738/2049
f 3319/1762/2102 3218/1738/2049 3217/1737/2049
f 3321/1762/2103 3221/1737/2051 3224/1738/2051
f 3321/1762/2103 3224/1738/2051 3322/1761/2103
f 3312/1756/2097 3311/1755/2097 3226/1742/2053
f 3312/1756/2097 3226/1742/2053 3225/1741/2053
f 3313/1756/2098 3229/1741/2055 3232/1742/2055
f 3313/1756/2098 3232/1742/2055 3314/1755/2098
f 3210/1710/2100 3323/1709/2100 3233/1708/2057
f 3210/1710/2100 3233/1708/2057 3211/1707/2057
f 3216/1710/2104 3215/1707/2059 3238/1708/2059
f 3216/1710/2104 3238/1708/2059 3324/1709/2104
f 3325/1763/2105 3326/1764/2105 3327/1765/2106
f 3325/1763/2105 3327/1765/2106 3328/1766/2106
f 3329/1763/2107 3330/1766/2108 3331/1765/2108
f 3329/1763/2107 3331/1765/2108 3332/1764/2107
f 3333/1736/2109 3153/1707/2109 3156/1710/2110
f 3333/1736/2109 3156/1710/2110 3334/1735/2111
f 3335/1736/2112 3336/1735/2113 3158/1710/2114
f 3335/1736/2112 3158/1710/2114 3157/1707/2112
f 3337/1767/2115 3217/1737/2115 3220/1740/2116
f 3337/1767/2115 3220/1740/2116 3338/1768/2116
f 3339/1767/2117 3340/1768/2118 3222/1740/2118
f 3339/1767/2117 3222/1740/2118 3221/1737/2117
f 3327/1765/2119 3225/1741/2120 3228/1744/2121
f 3327/1765/2119 3228/1744/2121 3341/1769/2121
f 3331/1765/2122 3342/1769/2123 3230/1744/2124
f 3331/1765/2122 3230/1744/2124 3229/1741/2122
f 3212/1736/2046 3211/1707/2046 3235/1746/2125
f 3212/1736/2046 3235/1746/2125 3343/1770/2125
f 3214/1736/2048 3344/1770/2126 3236/1746/2126
f 3214/1736/2048 3236/1746/2126 3215/1707/2048
f 3345/1769/2127 3239/1744/2127 3242/1741/2128
f 3345/1769/2127 3242/1741/2128 3346/1765/2128
f 3347/1769/2129 3348/1765/2130 3244/1741/2130
f 3347/1769/2129 3244/1741/2130 3243/1744/2129
f 3338/1768/2116 3220/1740/2116 3248/1748/2131
f 3338/1768/2116 3248/1748/2131 3349/1771/2131
f 3340/1768/2118 3350/1771/2132 3249/1748/2132
f 3340/1768/2118 3249/1748/2132 3222/1740/2118
f 3351/1772/2133 3251/1749/2133 3254/1752/2134
f 3351/1772/2133 3254/1752/2134 3352/1773/2134
f 3353/1772/2135 3354/1773/2136 3256/1752/2136
f 3353/1772/2135 3256/1752/2136 3255/1749/2123
f 3343/1770/2125 3235/1746/2125 3260/1754/2137
f 3343/1770/2125 3260/1754/2137 3355/1774/2137
f 3344/1770/2126 3356/1774/2138 3261/1754/2138
f 3344/1770/2126 3261/1754/2138 3236/1746/2126
f 3346/1765/2128 3242/1741/2128 3264/1756/2139
f 3346/1765/2128 3264/1756/2139 3357/1764/2139
f 3348/1765/2130 3358/1764/2140 3265/1756/2140
f 3348/1765/2130 3265/1756/2140 3244/1741/2130
f 3352/1773/2134 3254/1752/2134 3268/1758/2141
f 3352/1773/2134 3268/1758/2141 3359/1775/2141
f 3354/1773/2136 3360/1775/2142 3269/1758/2142
f 3354/1773/2136 3269/1758/2142 3256/1752/2136
f 3355/1774/2137 3260/1754/2137 3272/1760/2143
f 3355/1774/2137 3272/1760/2143 3361/1776/2143
f 3356/1774/2138 3362/1776/2144 3273/1760/2144
f 3356/1774/2138 3273/1760/2144 3261/1754/2138
f 3357/1764/2139 3264/1756/2139 3276/1748/2145
f 3357/1764/2139 3276/1748/2145 3363/1771/2145
f 3358/1764/2140 3364/1771/2146 3277/1748/2146
f 3358/1764/2140 3277/1748/2146 3265/1756/2140
f 3359/1775/2141 3268/1758/2141 3280/1760/2147
f 3359/1775/2141 3280/1760/2147 3365/1776/2148
f 3360/1775/2142 3366/1776/2149 3281/1760/2149
f 3360/1775/2142 3281/1760/2149 3269/1758/2142
f 3361/1776/2143 3272/1760/2143 3284/1758/2150
f 3361/1776/2143 3284/1758/2150 3367/1775/2150
f 3362/1776/2144 3368/1775/2151 3285/1758/2151
f 3362/1776/2144 3285/1758/2151 3273/1760/2144
f 3363/1771/2145 3276/1748/2145 3288/1740/2152
f 3363/1771/2145 3288/1740/2152 3369/1768/2152
f 3364/1771/2146 3370/1768/2153 3289/1740/2153
f 3364/1771/2146 3289/1740/2153 3277/1748/2146
f 3365/1776/2148 3280/1760/2147 3292/1754/2154
f 3365/1776/2148 3292/1754/2154 3371/1774/2154
f 3366/1776/2149 3372/1774/2155 3293/1754/2155
f 3366/1776/2149 3293/1754/2155 3281/1760/2149
f 3367/1775/2150 3284/1758/2150 3296/1752/2156
f 3367/1775/2150 3296/1752/2156 3373/1773/2156
f 3368/1775/2151 3374/1773/2157 3297/1752/2157
f 3368/1775/2151 3297/1752/2157 3285/1758/2151
f 3369/1768/2152 3288/1740/2152 3300/1737/2158
f 3369/1768/2152 3300/1737/2158 3375/1767/2158
f 3370/1768/2153 3376/1767/2159 3301/1737/2159
f 3370/1768/2153 3301/1737/2159 3289/1740/2153
f 3371/1774/2154 3292/1754/2154 3304/1746/2160
f 3371/1774/2154 3304/1746/2160 3377/1770/2160
f 3372/1774/2155 3378/1770/2161 3305/1746/2161
f 3372/1774/2155 3305/1746/2161 3293/1754/2155
f 3373/1773/2156 3296/1752/2156 3308/1749/2162
f 3373/1773/2156 3308/1749/2162 3379/1772/2163
f 3374/1773/2157 3380/1772/2164 3309/1749/2165
f 3374/1773/2157 3309/1749/2165 3297/1752/2157
f 3349/1771/2131 3248/1748/2131 3312/1756/2166
f 3349/1771/2131 3312/1756/2166 3326/1764/2166
f 3350/1771/2132 3332/1764/2167 3313/1756/2167
f 3350/1771/2132 3313/1756/2167 3249/1748/2132
f 3375/1767/2158 3300/1737/2158 3316/1762/2168
f 3375/1767/2158 3316/1762/2168 3381/1777/2168
f 3376/1767/2159 3382/1777/2169 3317/1762/2169
f 3376/1767/2159 3317/1762/2169 3301/1737/2159
f 3377/1770/2160 3304/1746/2160 3153/1707/2109
f 3377/1770/2160 3153/1707/2109 3333/1736/2109
f 3378/1770/2161 3335/1736/2112 3157/1707/2112
f 3378/1770/2161 3157/1707/2112 3305/1746/2161
f 3383/1777/2170 3319/1762/2163 3217/1737/2115
f 3383/1777/2170 3217/1737/2115 3337/1767/2115
f 3384/1777/2171 3339/1767/2117 3221/1737/2117
f 3384/1777/2171 3221/1737/2117 3321/1762/2165
f 3326/1764/2166 3312/1756/2166 3225/1741/2120
f 3326/1764/2166 3225/1741/2120 3327/1765/2119
f 3332/1764/2167 3331/1765/2122 3229/1741/2122
f 3332/1764/2167 3229/1741/2122 3313/1756/2167
f 3385/1778/2172 3386/1779/2172 3387/1780/2173
f 3385/1778/2172 3387/1780/2173 3388/1781/2173
f 3389/1778/2174 3390/1781/2175 3391/1780/2175
f 3389/1778/2174 3391/1780/2175 3392/1779/2174
f 3393/1782/2176 3209/1735/2176 3212/1736/2177
f 3393/1782/2176 3212/1736/2177 3394/1783/2177
f 3395/1782/2178 3396/1783/2179 3214/1736/2179
f 3395/1782/2178 3214/1736/2179 3213/1735/2178
f 3397/1783/2180 3333/1736/2180 3334/1735/2181
f 3397/1783/2180 3334/1735/2181 3398/1782/2181
f 3399/1783/2182 3400/1782/2183 3336/1735/2183
f 3399/1783/2182 3336/1735/2183 3335/1736/2182
f 3401/1784/2184 3337/1767/2184 3338/1768/2185
f 3401/1784/2184 3338/1768/2185 3402/1785/2185
f 3403/1784/2186 3404/1785/2187 3340/1768/2187
f 3403/1784/2186 3340/1768/2187 3339/1767/2186
f 3328/1766/2106 3327/1765/2106 3341/1769/2188
f 3328/1766/2106 3341/1769/2188 3405/1786/2188
f 3330/1766/2108 3406/1786/2189 3342/1769/2189
f 3330/1766/2108 3342/1769/2189 3331/1765/2108
f 3394/1783/2177 3212/1736/2177 3343/1770/2190
f 3394/1783/2177 3343/1770/2190 3407/1787/2190
f 3396/1783/2179 3408/1787/2191 3344/1770/2191
f 3396/1783/2179 3344/1770/2191 3214/1736/2179
f 3409/1786/2192 3345/1769/2192 3346/1765/2193
f 3409/1786/2192 3346/1765/2193 3410/1766/2193
f 3411/1786/2194 3412/1766/2195 3348/1765/2195
f 3411/1786/2194 3348/1765/2195 3347/1769/2194
f 3402/1785/2185 3338/1768/2185 3349/1771/2196
f 3402/1785/2185 3349/1771/2196 3413/1788/2196
f 3404/1785/2187 3414/1788/2197 3350/1771/2197
f 3404/1785/2187 3350/1771/2197 3340/1768/2187
f 3415/1789/2198 3351/1772/2198 3352/1773/2199
f 3415/1789/2198 3352/1773/2199 3416/1790/2199
f 3417/1789/2200 3418/1790/2201 3354/1773/2201
f 3417/1789/2200 3354/1773/2201 3353/1772/2200
f 3407/1787/2190 3343/1770/2190 3355/1774/2202
f 3407/1787/2190 3355/1774/2202 3419/1791/2202
f 3408/1787/2191 3420/1791/2203 3356/1774/2203
f 3408/1787/2191 3356/1774/2203 3344/1770/2191
f 3410/1766/2193 3346/1765/2193 3357/1764/2204
f 3410/1766/2193 3357/1764/2204 3421/1763/2204
f 3412/1766/2195 3422/1763/2205 3358/1764/2205
f 3412/1766/2195 3358/1764/2205 3348/1765/2195
f 3416/1790/2199 3352/1773/2199 3359/1775/2206
f 3416/1790/2199 3359/1775/2206 3423/1792/2206
f 3418/1790/2201 3424/1792/2207 3360/1775/2207
f 3418/1790/2201 3360/1775/2207 3354/1773/2201
f 3419/1791/2202 3355/1774/2202 3361/1776/2208
f 3419/1791/2202 3361/1776/2208 3425/1793/2208
f 3420/1791/2203 3426/1793/2209 3362/1776/2209
f 3420/1791/2203 3362/1776/2209 3356/1774/2203
f 3421/1763/2204 3357/1764/2204 3363/1771/2210
f 3421/1763/2204 3363/1771/2210 3427/1788/2210
f 3422/1763/2205 3428/1788/2211 3364/1771/2211
f 3422/1763/2205 3364/1771/2211 3358/1764/2205
f 3423/1792/2206 3359/1775/2206 3365/1776/2212
f 3423/1792/2206 3365/1776/2212 3429/1793/2212
f 3424/1792/2207 3430/1793/2213 3366/1776/2213
f 3424/1792/2207 3366/1776/2213 3360/1775/2207
f 3425/1793/2208 3361/1776/2208 3367/1775/2214
f 3425/1793/2208 3367/1775/2214 3431/1792/2214
f 3426/1793/2209 3432/1792/2215 3368/1775/2215
f 3426/1793/2209 3368/1775/2215 3362/1776/2209
f 3427/1788/2210 3363/1771/2210 3369/1768/2216
f 3427/1788/2210 3369/1768/2216 3433/1785/2216
f 3428/1788/2211 3434/1785/2217 3370/1768/2217
f 3428/1788/2211 3370/1768/2217 3364/1771/2211
f 3429/1793/2212 3365/1776/2212 3371/1774/2218
f 3429/1793/2212 3371/1774/2218 3435/1791/2218
f 3430/1793/2213 3436/1791/2219 3372/1774/2219
f 3430/1793/2213 3372/1774/2219 3366/1776/2213
f 3431/1792/2214 3367/1775/2214 3373/1773/2220
f 3431/1792/2214 3373/1773/2220 3437/1790/2220
f 3432/1792/2215 3438/1790/2221 3374/1773/2221
f 3432/1792/2215 3374/1773/2221 3368/1775/2215
f 3433/1785/2216 3369/1768/2216 3375/1767/2222
f 3433/1785/2216 3375/1767/2222 3439/1784/2222
f 3434/1785/2217 3440/1784/2223 3376/1767/2223
f 3434/1785/2217 3376/1767/2223 3370/1768/2217
f 3435/1791/2218 3371/1774/2218 3377/1770/2224
f 3435/1791/2218 3377/1770/2224 3441/1787/2224
f 3436/1791/2219 3442/1787/2225 3378/1770/2225
f 3436/1791/2219 3378/1770/2225 3372/1774/2219
f 3437/1790/2220 3373/1773/2220 3379/1772/2226
f 3437/1790/2220 3379/1772/2226 3443/1789/2226
f 3438/1790/2221 3444/1789/2227 3380/1772/2227
f 3438/1790/2221 3380/1772/2227 3374/1773/2221
f 3413/1788/2196 3349/1771/2196 3326/1764/2105
f 3413/1788/2196 3326/1764/2105 3325/1763/2105
f 3414/1788/2197 3329/1763/2107 3332/1764/2107
f 3414/1788/2197 3332/1764/2107 3350/1771/2197
f 3439/1784/2222 3375/1767/2222 3381/1777/2228
f 3439/1784/2222 3381/1777/2228 3445/1794/2228
f 3440/1784/2223 3446/1794/2229 3382/1777/2229
f 3440/1784/2223 3382/1777/2229 3376/1767/2223
f 3441/1787/2224 3377/1770/2224 3333/1736/2180
f 3441/1787/2224 3333/1736/2180 3397/1783/2180
f 3442/1787/2225 3399/1783/2182 3335/1736/2182
f 3442/1787/2225 3335/1736/2182 3378/1770/2225
f 3447/1794/2230 3383/1777/2230 3337/1767/2184
f 3447/1794/2230 3337/1767/2184 3401/1784/2184
f 3448/1794/2231 3403/1784/2186 3339/1767/2186
f 3448/1794/2231 3339/1767/2186 3384/1777/2231
f 3449/1795/2232 3450/1796/2232 3451/1797/2233
f 3449/1795/2232 3451/1797/2233 3452/1798/2233
f 3453/1795/2234 3454/1798/2235 3455/1797/2235
f 3453/1795/2234 3455/1797/2235 3456/1796/2234
f 3457/1799/2236 3458/1800/2236 3459/1801/2237
f 3457/1799/2236 3459/1801/2237 3460/1802/2237
f 3461/1799/2238 3462/1802/2239 3463/1801/2239
f 3461/1799/2238 3463/1801/2239 3464/1800/2238
f 3465/1803/2240 3466/1804/2240 3467/1805/2241
f 3465/1803/2240 3467/1805/2241 3468/1806/2241
f 3469/1803/2242 3470/1806/2243 3471/1805/2243
f 3469/1803/2242 3471/1805/2243 3472/1804/2242
f 3388/1781/2173 3387/1780/2173 3473/1807/2244
f 3388/1781/2173 3473/1807/2244 3474/1808/2244
f 3390/1781/2175 3475/1808/2245 3476/1807/2246
f 3390/1781/2175 3476/1807/2246 3391/1780/2175
f 3460/1802/2237 3459/1801/2237 3477/1809/2247
f 3460/1802/2237 3477/1809/2247 3478/1810/2247
f 3462/1802/2239 3479/1810/2248 3480/1809/2248
f 3462/1802/2239 3480/1809/2248 3463/1801/2239
f 3468/1806/2241 3467/1805/2241 3481/1811/2249
f 3468/1806/2241 3481/1811/2249 3482/1812/2249
f 3470/1806/2243 3483/1812/2250 3484/1811/2250
f 3470/1806/2243 3484/1811/2250 3471/1805/2243
f 3474/1808/2244 3473/1807/2244 3485/1813/2251
f 3474/1808/2244 3485/1813/2251 3486/1814/2251
f 3475/1808/2245 3487/1814/2252 3488/1813/2252
f 3475/1808/2245 3488/1813/2252 3476/1807/2246
f 3478/1810/2247 3477/1809/2247 3489/1815/2253
f 3478/1810/2247 3489/1815/2253 3490/1816/2253
f 3479/1810/2248 3491/1816/2254 3492/1815/2254
f 3479/1810/2248 3492/1815/2254 3480/1809/2248
f 3482/1812/2249 3481/1811/2249 3493/1817/2255
f 3482/1812/2249 3493/1817/2255 3494/1818/2255
f 3483/1812/2250 3495/1818/2256 3496/1817/2256
f 3483/1812/2250 3496/1817/2256 3484/1811/2250
f 3486/1814/2251 3485/1813/2251 3497/1819/2257
f 3486/1814/2251 3497/1819/2257 3498/1820/2257
f 3487/1814/2252 3499/1820/2258 3500/1819/2258
f 3487/1814/2252 3500/1819/2258 3488/1813/2252
f 3501/1821/2259 3502/1822/2259 3503/1823/2260
f 3501/1821/2259 3503/1823/2260 3504/1824/2260
f 3505/1821/2261 3506/1824/2262 3507/1823/2262
f 3505/1821/2261 3507/1823/2262 3508/1822/2261
f 3490/1816/2253 3489/1815/2253 3509/1825/2263
f 3490/1816/2253 3509/1825/2263 3510/1826/2263
f 3491/1816/2254 3511/1826/2264 3512/1825/2264
f 3491/1816/2254 3512/1825/2264 3492/1815/2254
f 3494/1818/2255 3493/1817/2255 3513/1827/2265
f 3494/1818/2255 3513/1827/2265 3514/1828/2265
f 3495/1818/2256 3515/1828/2266 3516/1827/2266
f 3495/1818/2256 3516/1827/2266 3496/1817/2256
f 3498/1820/2257 3497/1819/2257 3517/1829/2267
f 3498/1820/2257 3517/1829/2267 3518/1830/2267
f 3499/1820/2258 3519/1830/2268 3520/1829/2268
f 3499/1820/2258 3520/1829/2268 3500/1819/2258
f 3504/1824/2260 3503/1823/2260 3521/1831/2269
f 3504/1824/2260 3521/1831/2269 3522/1832/2269
f 3506/1824/2262 3523/1832/2270 3524/1831/2270
f 3506/1824/2262 3524/1831/2270 3507/1823/2262
f 3510/1826/2263 3509/1825/2263 3525/1833/2271
f 3510/1826/2263 3525/1833/2271 3526/1834/2271
f 3511/1826/2264 3527/1834/2272 3528/1833/2272
f 3511/1826/2264 3528/1833/2272 3512/1825/2264
f 3514/1828/2265 3513/1827/2265 3529/1835/2273
f 3514/1828/2265 3529/1835/2273 3530/1836/2273
f 3515/1828/2266 3531/1836/2274 3532/1835/2274
f 3515/1828/2266 3532/1835/2274 3516/1827/2266
f 3518/1830/2267 3517/1829/2267 3533/1837/2275
f 3518/1830/2267 3533/1837/2275 3534/1838/2275
f 3519/1830/2268 3535/1838/2276 3536/1837/2276
f 3519/1830/2268 3536/1837/2276 3520/1829/2268
f 3522/1832/2269 3521/1831/2269 3537/1839/2277
f 3522/1832/2269 3537/1839/2277 3538/1840/2277
f 3523/1832/2270 3539/1840/2278 3540/1839/2278
f 3523/1832/2270 3540/1839/2278 3524/1831/2270
f 3526/1834/2271 3525/1833/2271 3541/1841/2279
f 3526/1834/2271 3541/1841/2279 3542/1842/2280
f 3527/1834/2272 3543/1842/2281 3544/1841/2281
f 3527/1834/2272 3544/1841/2281 3528/1833/2272
f 3530/1836/2273 3529/1835/2273 3545/1843/2282
f 3530/1836/2273 3545/1843/2282 3546/1844/2282
f 3531/1836/2274 3547/1844/2283 3548/1843/2283
f 3531/1836/2274 3548/1843/2283 3532/1835/2274
f 3534/1838/2275 3533/1837/2275 3502/1822/2259
f 3534/1838/2275 3502/1822/2259 3501/1821/2259
f 3535/1838/2276 3505/1821/2261 3508/1822/2261
f 3535/1838/2276 3508/1822/2261 3536/1837/2276
f 3538/1840/2277 3537/1839/2277 3549/1845/2284
f 3538/1840/2277 3549/1845/2284 3550/1846/2284
f 3539/1840/2278 3551/1846/2285 3552/1845/2285
f 3539/1840/2278 3552/1845/2285 3540/1839/2278
f 3542/1842/2280 3541/1841/2279 3386/1779/2172
f 3542/1842/2280 3386/1779/2172 3385/1778/2172
f 3543/1842/2281 3389/1778/2174 3392/1779/2174
f 3543/1842/2281 3392/1779/2174 3544/1841/2281
f 3546/1844/2282 3545/1843/2282 3458/1800/2236
f 3546/1844/2282 3458/1800/2236 3457/1799/2236
f 3547/1844/2283 3461/1799/2238 3464/1800/2238
f 3547/1844/2283 3464/1800/2238 3548/1843/2283
f 3550/1846/2284 3549/1845/2284 3466/1804/2240
f 3550/1846/2284 3466/1804/2240 3465/1803/2240
f 3551/1846/2285 3469/1803/2242 3472/1804/2242
f 3551/1846/2285 3472/1804/2242 3552/1845/2285
f 3553/1847/2286 3554/1848/2286 3555/1849/2287
f 3553/1847/2286 3555/1849/2287 3556/1850/2287
f 3557/1847/2288 3558/1850/2289 3559/1849/2289
f 3557/1847/2288 3559/1849/2289 3560/1848/2288
f 3561/1851/2290 3562/1852/2290 3563/1853/2291
f 3561/1851/2290 3563/1853/2291 3564/1854/2291
f 3565/1851/2292 3566/1854/2293 3567/1853/2293
f 3565/1851/2292 3567/1853/2293 3568/1852/2294
f 3569/1798/2295 3570/1797/2296 3571/1796/2297
f 3569/1798/2295 3571/1796/2297 3572/1795/2297
f 3573/1798/2298 3574/1795/2299 3575/1796/2299
f 3573/1798/2298 3575/1796/2299 3576/1797/2298
f 3555/1849/2300 3577/1855/2300 3578/1856/2301
f 3555/1849/2300 3578/1856/2301 3579/1857/2301
f 3559/1849/2302 3580/1857/2303 3581/1856/2303
f 3559/1849/2302 3581/1856/2303 3582/1855/2304
f 3583/1858/2233 3584/1859/2305 3585/1853/2306
f 3583/1858/2233 3585/1853/2306 3586/1854/2306
f 3587/1858/2235 3588/1854/2307 3589/1853/2307
f 3587/1858/2235 3589/1853/2307 3590/1859/2235
f 3564/1854/2291 3563/1853/2291 3591/1859/2308
f 3564/1854/2291 3591/1859/2308 3592/1858/2308
f 3566/1854/2293 3593/1858/2309 3594/1859/2309
f 3566/1854/2293 3594/1859/2309 3567/1853/2293
f 3572/1795/2297 3571/1796/2297 3595/1860/2310
f 3572/1795/2297 3595/1860/2310 3596/1861/2311
f 3574/1795/2299 3597/1861/2312 3598/1860/2312
f 3574/1795/2299 3598/1860/2312 3575/1796/2299
f 3579/1857/2301 3578/1856/2301 3599/1862/2313
f 3579/1857/2301 3599/1862/2313 3600/1863/2313
f 3580/1857/2303 3601/1863/2314 3602/1862/2314
f 3580/1857/2303 3602/1862/2314 3581/1856/2303
f 3586/1854/2306 3585/1853/2306 3603/1852/2315
f 3586/1854/2306 3603/1852/2315 3604/1851/2315
f 3588/1854/2307 3605/1851/2316 3606/1852/2317
f 3588/1854/2307 3606/1852/2317 3589/1853/2307
f 3607/1863/2318 3608/1862/2318 3609/1856/2319
f 3607/1863/2318 3609/1856/2319 3610/1857/2319
f 3611/1863/2320 3612/1857/2321 3613/1856/2321
f 3611/1863/2320 3613/1856/2321 3614/1862/2320
f 3596/1861/2311 3595/1860/2310 3615/1864/2322
f 3596/1861/2311 3615/1864/2322 3554/1848/2322
f 3597/1861/2312 3560/1848/2323 3616/1864/2323
f 3597/1861/2312 3616/1864/2323 3598/1860/2312
f 3617/1865/2324 3618/1866/2324 3619/1867/2325
f 3617/1865/2324 3619/1867/2325 3620/1868/2326
f 3621/1865/2327 3622/1868/2328 3623/1867/2329
f 3621/1865/2327 3623/1867/2329 3624/1866/2327
f 3604/1851/2315 3603/1852/2315 3625/1869/2330
f 3604/1851/2315 3625/1869/2330 3626/1870/2330
f 3605/1851/2316 3627/1870/2331 3628/1869/2331
f 3605/1851/2316 3628/1869/2331 3606/1852/2317
f 3610/1857/2319 3609/1856/2319 3629/1855/2332
f 3610/1857/2319 3629/1855/2332 3630/1849/2332
f 3612/1857/2321 3631/1849/2333 3632/1855/2333
f 3612/1857/2321 3632/1855/2333 3613/1856/2321
f 3620/1868/2326 3619/1867/2325 3633/1871/2334
f 3620/1868/2326 3633/1871/2334 3634/1872/2334
f 3622/1868/2328 3635/1872/2335 3636/1871/2335
f 3622/1868/2328 3636/1871/2335 3623/1867/2329
f 3626/1870/2330 3625/1869/2330 3637/1873/2336
f 3626/1870/2330 3637/1873/2336 3638/1874/2336
f 3627/1870/2331 3639/1874/2337 3640/1873/2337
f 3627/1870/2331 3640/1873/2337 3628/1869/2331
f 3630/1849/2332 3629/1855/2332 3641/1864/2338
f 3630/1849/2332 3641/1864/2338 3642/1848/2338
f 3631/1849/2333 3643/1848/2339 3644/1864/2339
f 3631/1849/2333 3644/1864/2339 3632/1855/2333
f 3634/1872/2334 3633/1871/2334 3645/1873/2340
f 3634/1872/2334 3645/1873/2340 3646/1874/2340
f 3635/1872/2335 3647/1874/2341 3648/1873/2341
f 3635/1872/2335 3648/1873/2341 3636/1871/2335
f 3638/1874/2336 3637/1873/2336 3649/1871/2342
f 3638/1874/2336 3649/1871/2342 3650/1872/2342
f 3639/1874/2337 3651/1872/2343 3652/1871/2343
f 3639/1874/2337 3652/1871/2343 3640/1873/2337
f 3642/1848/2338 3641/1864/2338 3653/1860/2344
f 3642/1848/2338 3653/1860/2344 3654/1861/2344
f 3643/1848/2339 3655/1861/2345 3656/1860/2346
f 3643/1848/2339 3656/1860/2346 3644/1864/2339
f 3646/1874/2340 3645/1873/2340 3657/1869/2347
f 3646/1874/2340 3657/1869/2347 3658/1870/2347
f 3647/1874/2341 3659/1870/2348 3660/1869/2348
f 3647/1874/2341 3660/1869/2348 3648/1873/2341
f 3650/1872/2342 3649/1871/2342 3661/1867/2349
f 3650/1872/2342 3661/1867/2349 3662/1868/2349
f 3651/1872/2343 3663/1868/2350 3664/1867/2350
f 3651/1872/2343 3664/1867/2350 3652/1871/2343
f 3654/1861/2344 3653/1860/2344 3450/1796/2232
f 3654/1861/2344 3450/1796/2232 3449/1795/2232
f 3655/1861/2345 3453/1795/2234 3456/1796/2234
f 3655/1861/2345 3456/1796/2234 3656/1860/2346
f 3658/1870/2347 3657/1869/2347 3562/1852/2290
f 3658/1870/2347 3562/1852/2290 3561/1851/2290
f 3659/1870/2348 3565/1851/2292 3568/1852/2294
f 3659/1870/2348 3568/1852/2294 3660/1869/2348
f 3662/1868/2349 3661/1867/2349 3665/1866/2351
f 3662/1868/2349 3665/1866/2351 3666/1865/2351
f 3663/1868/2350 3667/1865/2352 3668/1866/2352
f 3663/1868/2350 3668/1866/2352 3664/1867/2350
f 3554/1848/2322 3615/1864/2322 3577/1855/2300
f 3554/1848/2322 3577/1855/2300 3555/1849/2300
f 3560/1848/2323 3559/1849/2302 3582/1855/2304
f 3560/1848/2323 3582/1855/2304 3616/1864/2323
f 3669/1875/2353 3670/1876/2353 3671/1877/2354
f 3669/1875/2353 3671/1877/2354 3672/1878/2354
f 3673/1875/2355 3674/1878/2356 3675/1877/2357
f 3673/1875/2355 3675/1877/2357 3676/1876/2355
f 3677/1879/2358 3449/1795/2358 3452/1798/2359
f 3677/1879/2358 3452/1798/2359 3678/1880/2360
f 3679/1879/2361 3680/1880/2362 3454/1798/2363
f 3679/1879/2361 3454/1798/2363 3453/1795/2361
f 3681/1881/2364 3561/1851/2364 3564/1854/2365
f 3681/1881/2364 3564/1854/2365 3682/1882/2365
f 3683/1881/2366 3684/1882/2367 3566/1854/2367
f 3683/1881/2366 3566/1854/2367 3565/1851/2366
f 3685/1880/2368 3569/1798/2369 3572/1795/2370
f 3685/1880/2368 3572/1795/2370 3686/1879/2370
f 3687/1880/2371 3688/1879/2372 3574/1795/2372
f 3687/1880/2371 3574/1795/2372 3573/1798/2373
f 3556/1850/2287 3555/1849/2287 3579/1857/2374
f 3556/1850/2287 3579/1857/2374 3689/1883/2375
f 3558/1850/2289 3690/1883/2376 3580/1857/2376
f 3558/1850/2289 3580/1857/2376 3559/1849/2289
f 3691/1884/2377 3583/1858/2377 3586/1854/2378
f 3691/1884/2377 3586/1854/2378 3692/1882/2378
f 3693/1884/2362 3694/1882/2379 3588/1854/2379
f 3693/1884/2362 3588/1854/2379 3587/1858/2362
f 3682/1882/2365 3564/1854/2365 3592/1858/2380
f 3682/1882/2365 3592/1858/2380 3695/1884/2381
f 3684/1882/2367 3696/1884/2382 3593/1858/2383
f 3684/1882/2367 3593/1858/2383 3566/1854/2367
f 3686/1879/2370 3572/1795/2370 3596/1861/2384
f 3686/1879/2370 3596/1861/2384 3697/1885/2384
f 3688/1879/2372 3698/1885/2385 3597/1861/2385
f 3688/1879/2372 3597/1861/2385 3574/1795/2372
f 3689/1883/2375 3579/1857/2374 3600/1863/2386
f 3689/1883/2375 3600/1863/2386 3699/1886/2386
f 3690/1883/2376 3700/1886/2387 3601/1863/2388
f 3690/1883/2376 3601/1863/2388 3580/1857/2376
f 3692/1882/2378 3586/1854/2378 3604/1851/2389
f 3692/1882/2378 3604/1851/2389 3701/1881/2389
f 3694/1882/2379 3702/1881/2390 3605/1851/2390
f 3694/1882/2379 3605/1851/2390 3588/1854/2379
f 3703/1886/2380 3607/1863/2380 3610/1857/2391
f 3703/1886/2380 3610/1857/2391 3704/1883/2391
f 3705/1886/2383 3706/1883/2392 3612/1857/2392
f 3705/1886/2383 3612/1857/2392 3611/1863/2383
f 3697/1885/2384 3596/1861/2384 3554/1848/2286
f 3697/1885/2384 3554/1848/2286 3553/1847/2286
f 3698/1885/2385 3557/1847/2288 3560/1848/2288
f 3698/1885/2385 3560/1848/2288 3597/1861/2385
f 3707/1877/2386 3617/1865/2393 3620/1868/2394
f 3707/1877/2386 3620/1868/2394 3708/1876/2394
f 3709/1877/2395 3710/1876/2396 3622/1868/2396
f 3709/1877/2395 3622/1868/2396 3621/1865/2395
f 3701/1881/2389 3604/1851/2389 3626/1870/2397
f 3701/1881/2389 3626/1870/2397 3711/1887/2397
f 3702/1881/2390 3712/1887/2398 3627/1870/2398
f 3702/1881/2390 3627/1870/2398 3605/1851/2390
f 3704/1883/2391 3610/1857/2391 3630/1849/2399
f 3704/1883/2391 3630/1849/2399 3713/1850/2399
f 3706/1883/2392 3714/1850/2400 3631/1849/2400
f 3706/1883/2392 3631/1849/2400 3612/1857/2392
f 3708/1876/2394 3620/1868/2394 3634/1872/2401
f 3708/1876/2394 3634/1872/2401 3715/1888/2401
f 3710/1876/2396 3716/1888/2402 3635/1872/2402
f 3710/1876/2396 3635/1872/2402 3622/1868/2396
f 3711/1887/2397 3626/1870/2397 3638/1874/2403
f 3711/1887/2397 3638/1874/2403 3717/1889/2403
f 3712/1887/2398 3718/1889/2404 3639/1874/2404
f 3712/1887/2398 3639/1874/2404 3627/1870/2398
f 3713/1850/2399 3630/1849/2399 3642/1848/2405
f 3713/1850/2399 3642/1848/2405 3719/1847/2405
f 3714/1850/2400 3720/1847/2406 3643/1848/2406
f 3714/1850/2400 3643/1848/2406 3631/1849/2400
f 3715/1888/2401 3634/1872/2401 3646/1874/2407
f 3715/1888/2401 3646/1874/2407 3721/1889/2407
f 3716/1888/2402 3722/1889/2408 3647/1874/2408
f 3716/1888/2402 3647/1874/2408 3635/1872/2402
f 3717/1889/2403 3638/1874/2403 3650/1872/2409
f 3717/1889/2403 3650/1872/2409 3723/1888/2409
f 3718/1889/2404 3724/1888/2410 3651/1872/2410
f 3718/1889/2404 3651/1872/2410 3639/1874/2404
f 3719/1847/2405 3642/1848/2405 3654/1861/2411
f 3719/1847/2405 3654/1861/2411 3725/1885/2411
f 3720/1847/2406 3726/1885/2412 3655/1861/2412
f 3720/1847/2406 3655/1861/2412 3643/1848/2406
f 3721/1889/2407 3646/1874/2407 3658/1870/2413
f 3721/1889/2407 3658/1870/2413 3727/1887/2413
f 3722/1889/2408 3728/1887/2414 3659/1870/2414
f 3722/1889/2408 3659/1870/2414 3647/1874/2408
f 3723/1888/2409 3650/1872/2409 3662/1868/2415
f 3723/1888/2409 3662/1868/2415 3670/1876/2415
f 3724/1888/2410 3676/1876/2416 3663/1868/2416
f 3724/1888/2410 3663/1868/2416 3651/1872/2410
f 3725/1885/2411 3654/1861/2411 3449/1795/2358
f 3725/1885/2411 3449/1795/2358 3677/1879/2358
f 3726/1885/2412 3679/1879/2361 3453/1795/2361
f 3726/1885/2412 3453/1795/2361 3655/1861/2412
f 3727/1887/2413 3658/1870/2413 3561/1851/2364
f 3727/1887/2413 3561/1851/2364 3681/1881/2364
f 3728/1887/2414 3683/1881/2366 3565/1851/2366
f 3728/1887/2414 3565/1851/2366 3659/1870/2414
f 3670/1876/2415 3662/1868/2415 3666/1865/2368
f 3670/1876/2415 3666/1865/2368 3671/1877/2368
f 3676/1876/2416 3675/1877/2371 3667/1865/2371
f 3676/1876/2416 3667/1865/2371 3663/1868/2416
f 3729/1890/2417 3730/1891/2417 3731/1892/2418
f 3729/1890/2417 3731/1892/2418 3732/1893/2418
f 3733/1890/2419 3734/1893/2420 3735/1892/2420
f 3733/1890/2419 3735/1892/2420 3736/1891/2419
f 3737/1894/2421 3553/1847/2421 3556/1850/2422
f 3737/1894/2421 3556/1850/2422 3738/1895/2422
f 3739/1894/2423 3740/1895/2424 3558/1850/2424
f 3739/1894/2423 3558/1850/2424 3557/1847/2423
f 3741/1896/2425 3677/1879/2425 3678/1880/2426
f 3741/1896/2425 3678/1880/2426 3742/1897/2426
f 3743/1896/2427 3744/1897/2428 3680/1880/2429
f 3743/1896/2427 3680/1880/2429 3679/1879/2427
f 3731/1892/2430 3681/1881/2430 3682/1882/2431
f 3731/1892/2430 3682/1882/2431 3745/1898/2431
f 3735/1892/2432 3746/1898/2433 3684/1882/2433
f 3735/1892/2432 3684/1882/2433 3683/1881/2432
f 3747/1897/2434 3685/1880/2434 3686/1879/2435
f 3747/1897/2434 3686/1879/2435 3748/1896/2435
f 3749/1897/2436 3750/1896/2437 3688/1879/2437
f 3749/1897/2436 3688/1879/2437 3687/1880/2438
f 3738/1895/2422 3556/1850/2422 3689/1883/2439
f 3738/1895/2422 3689/1883/2439 3751/1899/2439
f 3740/1895/2424 3752/1899/2440 3690/1883/2440
f 3740/1895/2424 3690/1883/2440 3558/1850/2424
f 3753/1900/2441 3691/1884/2441 3692/1882/2442
f 3753/1900/2441 3692/1882/2442 3754/1898/2442
f 3755/1900/2443 3756/1898/2444 3694/1882/2444
f 3755/1900/2443 3694/1882/2444 3693/1884/2445
f 3745/1898/2431 3682/1882/2431 3695/1884/2446
f 3745/1898/2431 3695/1884/2446 3757/1900/2446
f 3746/1898/2433 3758/1900/2447 3696/1884/2448
f 3746/1898/2433 3696/1884/2448 3684/1882/2433
f 3748/1896/2435 3686/1879/2435 3697/1885/2449
f 3748/1896/2435 3697/1885/2449 3759/1901/2449
f 3750/1896/2437 3760/1901/2450 3698/1885/2450
f 3750/1896/2437 3698/1885/2450 3688/1879/2437
f 3751/1899/2439 3689/1883/2439 3699/1886/2451
f 3751/1899/2439 3699/1886/2451 3761/1902/2451
f 3752/1899/2440 3762/1902/2452 3700/1886/2453
f 3752/1899/2440 3700/1886/2453 3690/1883/2440
f 3754/1898/2442 3692/1882/2442 3701/1881/2454
f 3754/1898/2442 3701/1881/2454 3763/1892/2454
f 3756/1898/2444 3764/1892/2455 3702/1881/2455
f 3756/1898/2444 3702/1881/2455 3694/1882/2444
f 3765/1902/2456 3703/1886/2456 3704/1883/2457
f 3765/1902/2456 3704/1883/2457 3766/1899/2457
f 3767/1902/2458 3768/1899/2459 3706/1883/2459
f 3767/1902/2458 3706/1883/2459 3705/1886/2460
f 3759/1901/2449 3697/1885/2449 3553/1847/2421
f 3759/1901/2449 3553/1847/2421 3737/1894/2421
f 3760/1901/2450 3739/1894/2423 3557/1847/2423
f 3760/1901/2450 3557/1847/2423 3698/1885/2450
f 3769/1878/2461 3707/1877/2461 3708/1876/2462
f 3769/1878/2461 3708/1876/2462 3770/1875/2462
f 3771/1878/2463 3772/1875/2464 3710/1876/2464
f 3771/1878/2463 3710/1876/2464 3709/1877/2465
f 3763/1892/2454 3701/1881/2454 3711/1887/2466
f 3763/1892/2454 3711/1887/2466 3773/1891/2466
f 3764/1892/2455 3774/1891/2467 3712/1887/2467
f 3764/1892/2455 3712/1887/2467 3702/1881/2455
f 3766/1899/2457 3704/1883/2457 3713/1850/2468
f 3766/1899/2457 3713/1850/2468 3775/1895/2468
f 3768/1899/2459 3776/1895/2469 3714/1850/2469
f 3768/1899/2459 3714/1850/2469 3706/1883/2459
f 3770/1875/2462 3708/1876/2462 3715/1888/2470
f 3770/1875/2462 3715/1888/2470 3777/1903/2470
f 3772/1875/2464 3778/1903/2471 3716/1888/2471
f 3772/1875/2464 3716/1888/2471 3710/1876/2464
f 3773/1891/2466 3711/1887/2466 3717/1889/2472
f 3773/1891/2466 3717/1889/2472 3779/1904/2472
f 3774/1891/2467 3780/1904/2473 3718/1889/2473
f 3774/1891/2467 3718/1889/2473 3712/1887/2467
f 3775/1895/2468 3713/1850/2468 3719/1847/2474
f 3775/1895/2468 3719/1847/2474 3781/1894/2474
f 3776/1895/2469 3782/1894/2475 3720/1847/2475
f 3776/1895/2469 3720/1847/2475 3714/1850/2469
f 3777/1903/2470 3715/1888/2470 3721/1889/2476
f 3777/1903/2470 3721/1889/2476 3783/1904/2476
f 3778/1903/2471 3784/1904/2477 3722/1889/2477
f 3778/1903/2471 3722/1889/2477 3716/1888/2471
f 3779/1904/2472 3717/1889/2472 3723/1888/2478
f 3779/1904/2472 3723/1888/2478 3785/1903/2478
f 3780/1904/2473 3786/1903/2479 3724/1888/2479
f 3780/1904/2473 3724/1888/2479 3718/1889/2473
f 3781/1894/2474 3719/1847/2474 3725/1885/2480
f 3781/1894/2474 3725/1885/2480 3787/1901/2480
f 3782/1894/2475 3788/1901/2481 3726/1885/2481
f 3782/1894/2475 3726/1885/2481 3720/1847/2475
f 3783/1904/2476 3721/1889/2476 3727/1887/2482
f 3783/1904/2476 3727/1887/2482 3730/1891/2482
f 3784/1904/2477 3736/1891/2483 3728/1887/2483
f 3784/1904/2477 3728/1887/2483 3722/1889/2477
f 3785/1903/2478 3723/1888/2478 3670/1876/2353
f 3785/1903/2478 3670/1876/2353 3669/1875/2353
f 3786/1903/2479 3673/1875/2355 3676/1876/2355
f 3786/1903/2479 3676/1876/2355 3724/1888/2479
f 3787/1901/2480 3725/1885/2480 3677/1879/2425
f 3787/1901/2480 3677/1879/2425 3741/1896/2425
f 3788/1901/2481 3743/1896/2427 3679/1879/2427
f 3788/1901/2481 3679/1879/2427 3726/1885/2481
f 3730/1891/2482 3727/1887/2482 3681/1881/2430
f 3730/1891/2482 3681/1881/2430 3731/1892/2430
f 3736/1891/2483 3735/1892/2432 3683/1881/2432
f 3736/1891/2483 3683/1881/2432 3728/1887/2483
f 3789/1905/2484 3790/1906/2484 3791/1907/2485
f 3789/1905/2484 3791/1907/2485 3792/1908/2485
f 3793/1905/2486 3794/1908/2487 3795/1907/2488
f 3793/1905/2486 3795/1907/2488 3796/1906/2489
f 3797/1909/2490 3737/1894/2490 3738/1895/2491
f 3797/1909/2490 3738/1895/2491 3798/1910/2491
f 3799/1909/2492 3800/1910/2493 3740/1895/2493
f 3799/1909/2492 3740/1895/2493 3739/1894/2492
f 3801/1911/2494 3741/1896/2495 3742/1897/2496
f 3801/1911/2494 3742/1897/2496 3802/1912/2497
f 3803/1911/2498 3804/1912/2499 3744/1897/2499
f 3803/1911/2498 3744/1897/2499 3743/1896/2500
f 3732/1893/2418 3731/1892/2418 3745/1898/2501
f 3732/1893/2418 3745/1898/2501 3805/1913/2501
f 3734/1893/2420 3806/1913/2502 3746/1898/2502
f 3734/1893/2420 3746/1898/2502 3735/1892/2420
f 3807/1912/2485 3747/1897/2503 3748/1896/2504
f 3807/1912/2485 3748/1896/2504 3808/1911/2505
f 3809/1912/2487 3810/1911/2506 3750/1896/2506
f 3809/1912/2487 3750/1896/2506 3749/1897/2507
f 3798/1910/2491 3738/1895/2491 3751/1899/2508
f 3798/1910/2491 3751/1899/2508 3811/1914/2508
f 3800/1910/2493 3812/1914/2509 3752/1899/2509
f 3800/1910/2493 3752/1899/2509 3740/1895/2493
f 3813/1915/2510 3814/1916/2510 3815/1917/2511
f 3813/1915/2510 3815/1917/2511 3816/1918/2511
f 3817/1915/2512 3818/1918/2513 3819/1917/2514
f 3817/1915/2512 3819/1917/2514 3820/1916/2512
f 3821/1919/2501 3822/1920/2515 3823/1921/2516
f 3821/1919/2501 3823/1921/2516 3824/1922/2516
f 3825/1919/2517 3826/1922/2518 3827/1921/2518
f 3825/1919/2517 3827/1921/2518 3828/1920/2517
f 3808/1911/2505 3748/1896/2504 3759/1901/2519
f 3808/1911/2505 3759/1901/2519 3829/1923/2519
f 3810/1911/2506 3830/1923/2520 3760/1901/2520
f 3810/1911/2506 3760/1901/2520 3750/1896/2506
f 3811/1914/2508 3751/1899/2508 3761/1902/2521
f 3811/1914/2508 3761/1902/2521 3831/1924/2522
f 3812/1914/2509 3832/1924/2523 3762/1902/2524
f 3812/1914/2509 3762/1902/2524 3752/1899/2509
f 3833/1913/2525 3754/1898/2525 3763/1892/2526
f 3833/1913/2525 3763/1892/2526 3834/1893/2526
f 3835/1913/2514 3836/1893/2527 3764/1892/2528
f 3835/1913/2514 3764/1892/2528 3756/1898/2514
f 3837/1924/2529 3765/1902/2530 3766/1899/2531
f 3837/1924/2529 3766/1899/2531 3838/1914/2531
f 3839/1924/2518 3840/1914/2532 3768/1899/2532
f 3839/1924/2518 3768/1899/2532 3767/1902/2533
f 3829/1923/2519 3759/1901/2519 3737/1894/2490
f 3829/1923/2519 3737/1894/2490 3797/1909/2490
f 3830/1923/2520 3799/1909/2492 3739/1894/2492
f 3830/1923/2520 3739/1894/2492 3760/1901/2520
f 3841/1925/2521 3842/1926/2521 3843/1927/2534
f 3841/1925/2521 3843/1927/2534 3844/1928/2535
f 3845/1925/2524 3846/1928/2536 3847/1927/2537
f 3845/1925/2524 3847/1927/2537 3848/1926/2524
f 3834/1893/2526 3763/1892/2526 3773/1891/2538
f 3834/1893/2526 3773/1891/2538 3849/1890/2538
f 3836/1893/2527 3850/1890/2539 3774/1891/2539
f 3836/1893/2527 3774/1891/2539 3764/1892/2528
f 3838/1914/2531 3766/1899/2531 3775/1895/2540
f 3838/1914/2531 3775/1895/2540 3851/1910/2540
f 3840/1914/2532 3852/1910/2541 3776/1895/2541
f 3840/1914/2532 3776/1895/2541 3768/1899/2532
f 3853/1929/2534 3770/1875/2534 3777/1903/2542
f 3853/1929/2534 3777/1903/2542 3854/1930/2542
f 3855/1929/2536 3856/1930/2543 3778/1903/2543
f 3855/1929/2536 3778/1903/2543 3772/1875/2536
f 3849/1890/2538 3773/1891/2538 3779/1904/2544
f 3849/1890/2538 3779/1904/2544 3857/1931/2544
f 3850/1890/2539 3858/1931/2545 3780/1904/2545
f 3850/1890/2539 3780/1904/2545 3774/1891/2539
f 3851/1910/2540 3775/1895/2540 3781/1894/2546
f 3851/1910/2540 3781/1894/2546 3859/1909/2546
f 3852/1910/2541 3860/1909/2547 3782/1894/2547
f 3852/1910/2541 3782/1894/2547 3776/1895/2541
f 3854/1930/2542 3777/1903/2542 3783/1904/2548
f 3854/1930/2542 3783/1904/2548 3861/1931/2548
f 3856/1930/2543 3862/1931/2549 3784/1904/2549
f 3856/1930/2543 3784/1904/2549 3778/1903/2543
f 3857/1931/2544 3779/1904/2544 3785/1903/2550
f 3857/1931/2544 3785/1903/2550 3863/1930/2550
f 3858/1931/2545 3864/1930/2551 3786/1903/2551
f 3858/1931/2545 3786/1903/2551 3780/1904/2545
f 3859/1909/2546 3781/1894/2546 3787/1901/2552
f 3859/1909/2546 3787/1901/2552 3865/1923/2552
f 3860/1909/2547 3866/1923/2553 3788/1901/2553
f 3860/1909/2547 3788/1901/2553 3782/1894/2547
f 3861/1931/2548 3783/1904/2548 3730/1891/2417
f 3861/1931/2548 3730/1891/2417 3729/1890/2417
f 3862/1931/2549 3733/1890/2419 3736/1891/2419
f 3862/1931/2549 3736/1891/2419 3784/1904/2549
f 3863/1930/2550 3785/1903/2550 3669/1875/2554
f 3863/1930/2550 3669/1875/2554 3867/1929/2554
f 3864/1930/2551 3868/1929/2489 3673/1875/2555
f 3864/1930/2551 3673/1875/2555 3786/1903/2551
f 3865/1923/2552 3787/1901/2552 3741/1896/2495
f 3865/1923/2552 3741/1896/2495 3801/1911/2494
f 3866/1923/2553 3803/1911/2498 3743/1896/2500
f 3866/1923/2553 3743/1896/2500 3788/1901/2553
f 3869/1932/2556 3870/1933/2556 3871/1934/2556
f 3870/1933/2556 3869/1932/2556 3872/1935/2556
f 3872/1935/2556 3869/1932/2556 3873/1936/2556
f 3872/1935/2556 3873/1936/2556 3874/1937/2556
f 3874/1937/2556 3873/1936/2556 3875/1938/2556
f 3874/1937/2556 3875/1938/2556 3876/1939/2556
f 3876/1939/2556 3875/1938/2556 3877/1940/2556
f 3876/1939/2556 3877/1940/2556 3878/1941/2556
f 3878/1941/2556 3877/1940/2556 3879/1942/2556
f 3878/1941/2556 3879/1942/2556 3880/1943/2556
f 3880/1943/2556 3879/1942/2556 3881/1944/2556
f 3880/1943/2556 3881/1944/2556 3882/1945/2556
f 3882/1945/2556 3881/1944/2556 3883/1946/2556
f 3882/1945/2556 3883/1946/2556 3884/1947/2556
f 3884/1947/2556 3883/1946/2556 3885/1948/2556
f 3884/1947/2556 3885/1948/2556 3886/1949/2556
f 3886/1949/2556 3885/1948/2556 3887/1950/2556
f 3886/1949/2556 3887/1950/2556 3888/1951/2556
f 3888/1951/2556 3887/1950/2556 3889/1952/2556
f 3888/1951/2556 3889/1952/2556 3890/1953/2556
f 3890/1953/2556 3889/1952/2556 3891/1954/2556
f 3890/1953/2556 3891/1954/2556 3892/1955/2556
f 3892/1955/2556 3891/1954/2556 3893/1956/2556
f 3892/1955/2556 3893/1956/2556 3894/1957/2556
f 3895/1935/2557 3896/1934/2557 3897/1933/2557
f 3896/1934/2557 3895/1935/2557 3898/1932/2557
f 3898/1932/2557 3895/1935/2557 3899/1937/2557
f 3898/1932/2557 3899/1937/2557 3900/1936/2557
f 3900/1936/2557 3899/1937/2557 3901/1939/2557
f 3900/1936/2557 3901/1939/2557 3902/1938/2557
f 3902/1938/2557 3901/1939/2557 3903/1941/2557
f 3902/1938/2557 3903/1941/2557 3904/1940/2557
f 3904/1940/2557 3903/1941/2557 3905/1943/2557
f 3904/1940/2557 3905/1943/2557 3906/1942/2557
f 3906/1942/2557 3905/1943/2557 3907/1945/2557
f 3906/1942/2557 3907/1945/2557 3908/1944/2557
f 3908/1944/2557 3907/1945/2557 3909/1946/2557
f 3909/1946/2557 3907/1945/2557 3910/1947/2557
f 3909/1946/2557 3910/1947/2557 3911/1949/2557
f 3909/1946/2557 3911/1949/2557 3912/1948/2557
f 3912/1948/2557 3911/1949/2557 3913/1951/2557
f 3912/1948/2557 3913/1951/2557 3914/1950/2557
f 3914/1950/2557 3913/1951/2557 3915/1953/2557
f 3914/1950/2557 3915/1953/2557 3916/1952/2557
f 3916/1952/2557 3915/1953/2557 3917/1955/2557
f 3916/1952/2557 3917/1955/2557 3918/1954/2557
f 3918/1954/2557 3917/1955/2557 3919/1957/2557
f 3918/1954/2557 3919/1957/2557 3920/1956/2557
f 3921/1958/2557 3922/1959/2557 3923/1960/2557
f 3922/1959/2557 3921/1958/2557 3924/1961/2557
f 3924/1961/2557 3921/1958/2557 3821/1919/2557
f 3924/1961/2557 3821/1919/2557 3844/1928/2557
f 3844/1928/2557 3821/1919/2557 3824/1922/2557
f 3844/1928/2557 3824/1922/2557 3841/1925/2557
f 3841/1925/2557 3824/1922/2557 3925/1962/2557
f 3841/1925/2557 3925/1962/2557 3926/1963/2557
f 3926/1963/2557 3925/1962/2557 3927/1964/2557
f 3926/1963/2557 3927/1964/2557 3928/1965/2557
f 3928/1965/2557 3927/1964/2557 3929/1966/2557
f 3929/1966/2557 3927/1964/2557 3930/1967/2557
f 3929/1966/2557 3930/1967/2557 3931/1968/2557
f 3931/1968/2557 3930/1967/2557 3932/1969/2557
f 3931/1968/2557 3932/1969/2557 3933/1970/2557
f 3933/1970/2557 3932/1969/2557 3934/1971/2557
f 3933/1970/2557 3934/1971/2557 3792/1908/2557
f 3792/1908/2557 3934/1971/2557 3813/1915/2557
f 3792/1908/2557 3813/1915/2557 3789/1905/2557
f 3789/1905/2557 3813/1915/2557 3816/1918/2557
f 3789/1905/2557 3816/1918/2557 3935/1972/2557
f 3789/1905/2557 3935/1972/2557 3936/1973/2557
f 3936/1973/2557 3935/1972/2557 3937/1974/2557
f 3937/1974/2557 3935/1972/2557 3938/1975/2557
f 3939/1961/2556 3940/1960/2556 3941/1959/2556
f 3940/1960/2556 3939/1961/2556 3942/1958/2556
f 3942/1958/2556 3939/1961/2556 3846/1928/2556
f 3942/1958/2556 3846/1928/2556 3825/1919/2556
f 3825/1919/2556 3846/1928/2556 3845/1925/2556
f 3825/1919/2556 3845/1925/2556 3826/1922/2556
f 3826/1922/2556 3845/1925/2556 3943/1963/2556
f 3826/1922/2556 3943/1963/2556 3944/1962/2556
f 3944/1962/2556 3943/1963/2556 3945/1965/2556
f 3944/1962/2556 3945/1965/2556 3946/1964/2556
f 3946/1964/2556 3945/1965/2556 3947/1967/2556
f 3947/1967/2556 3945/1965/2556 3948/1966/2556
f 3947/1967/2556 3948/1966/2556 3949/1969/2556
f 3949/1969/2556 3948/1966/2556 3950/1968/2556
f 3949/1969/2556 3950/1968/2556 3951/1971/2556
f 3951/1971/2556 3950/1968/2556 3952/1970/2556
f 3951/1971/2556 3952/1970/2556 3817/1915/2556
f 3817/1915/2556 3952/1970/2556 3794/1908/2556
f 3817/1915/2556 3794/1908/2556 3818/1918/2556
f 3818/1918/2556 3794/1908/2556 3793/1905/2556
f 3818/1918/2556 3793/1905/2556 3953/1973/2556
f 3818/1918/2556 3953/1973/2556 3954/1972/2556
f 3954/1972/2556 3953/1973/2556 3955/1975/2556
f 3955/1975/2558 3953/1973/2558 3956/1974/2558
# Vertices: 1496, normals: 1159, texture coordinates: 495, faces: 1968

