# File generated by ImageToStl.com - Free Image and 3D model conversion tools

mtllib polka.mtl

o obj1
v -4.55759661 2.35312225 0.55490364
v -4.66606058 2.84788197 0.55490366
v -4.66606046 2.84788198 1.09340475
v -4.55759649 2.35312226 1.09340473
v -4.56269963 2.35200354 0.55490364
v -4.56269951 2.35200355 1.09340474
v -4.67116348 2.84676327 1.09340475
v -4.6711636 2.84676326 0.55490366
vn -1 0 0
vn 1 0 0
vn 0 0 1
vn 0 -1 0
vn 0 0 -1
vn 0 1 0
vt -0.00451 1.00451
vt -0.00451 -0.00451
vt 1.00451 -0.00451
vt 1.00451 1.00451
usemtl mat0
f 1/1/1 2/2/1 3/3/1
f 1/1/1 3/3/1 4/4/1
f 5/1/2 6/4/2 7/3/2
f 5/1/2 7/3/2 8/2/2
f 2/2/3 1/1/3 5/1/3
f 2/2/3 5/1/3 8/2/3
f 1/1/4 4/4/4 6/4/4
f 1/1/4 6/4/4 5/1/4
f 4/4/5 3/3/5 7/3/5
f 4/4/5 7/3/5 6/4/5
f 3/3/6 2/2/6 8/2/6
f 3/3/6 8/2/6 7/3/6
# Vertices: 8, normals: 6, texture coordinates: 4, faces: 12

o obj2
v -4.73235267 1.7935244 0.05499666
v -4.77105471 1.79352441 0.08171074
v -4.78624447 1.88984624 0.06456536
v -4.74299787 1.88984624 0.0347144
v -4.77484549 1.59883131 0.2115566
v -4.77484549 1.59883132 0.24389087
v -4.80866413 1.69720255 0.24799724
v -4.80866413 1.69720255 0.20745054
v -4.51628704 1.59883131 0.1801619
v -4.53131351 1.5988313 0.15153133
v -4.50327853 1.69720254 0.13217972
v -4.48443555 1.69720254 0.16808204
v -4.60959872 1.59883133 0.35795253
v -4.57936566 1.59883133 0.34648664
v -4.56353523 1.69720257 0.37665088
v -4.60144706 1.69720257 0.39102894
v -4.7671074 1.59883132 0.27528556
v -4.79896068 1.69720256 0.28736574
v -4.55275509 1.5988313 0.12732879
v -4.53016596 1.69720253 0.10183006
v -4.64169722 1.5988313 0.09359747
v -4.67379572 1.5988313 0.09749494
v -4.68194919 1.69720253 0.06441884
v -4.64169812 1.69720253 0.05953148
v -4.55275509 1.59883133 0.32811868
v -4.53016596 1.69720257 0.35361772
v -4.75208092 1.59883133 0.30391614
v -4.7801177 1.69720256 0.32326806
v -4.55275509 1.5988313 0.12732879
v -4.57936566 1.5988313 0.10896082
v -4.56353523 1.69720253 0.07879691
v -4.53016596 1.69720253 0.10183006
v -4.70402878 1.5988313 0.10896082
v -4.71986101 1.69720253 0.07879691
v -4.55275509 1.59883133 0.32811868
v -4.53131351 1.59883133 0.30391614
v -4.50327853 1.69720256 0.32326806
v -4.53016596 1.69720257 0.35361772
v -4.73063935 1.59883133 0.32811868
v -4.75323027 1.69720257 0.35361772
v -4.60959872 1.5988313 0.09749494
v -4.60144706 1.69720253 0.06441884
v -4.73063935 1.5988313 0.12732879
v -4.75323027 1.69720253 0.10183006
v -4.51628704 1.59883132 0.27528556
v -4.48443555 1.69720256 0.28736574
v -4.73063935 1.59883133 0.32811868
v -4.70402878 1.59883133 0.34648664
v -4.71986101 1.69720257 0.37665088
v -4.75323027 1.69720257 0.35361772
v -4.73063935 1.5988313 0.12732879
v -4.75208092 1.5988313 0.15153133
v -4.7801177 1.69720254 0.13217972
v -4.75323027 1.69720253 0.10183006
v -4.50854894 1.59883132 0.24389087
v -4.4747321 1.69720255 0.24799724
v -4.67379572 1.59883133 0.35795253
v -4.68194919 1.69720257 0.39102894
v -4.7671074 1.59883131 0.1801619
v -4.79896068 1.69720254 0.16808204
v -4.50854894 1.59883131 0.2115566
v -4.4747321 1.69720255 0.20745054
v -4.64169722 1.59883133 0.36185
v -4.64169812 1.69720257 0.3959163
v -4.78271481 1.88984628 0.38689819
v -4.74052425 1.88984629 0.41602025
v -4.74052425 1.87191171 0.41602025
v -4.78271481 1.8719117 0.38689819
v -4.48115795 1.79352444 0.33853698
v -4.45930366 1.79352444 0.29689706
v -4.43788633 1.88984627 0.30501973
v -4.46230686 1.88984628 0.35154917
v -4.77105471 1.79352445 0.37373683
v -4.73235267 1.79352445 0.40045093
v -4.74299787 1.88984629 0.42073333
v -4.78624447 1.88984628 0.39088234
v -4.59501489 1.7935244 0.03832078
v -4.6416985 1.7935244 0.03265239
v -4.64169873 1.88984623 0.0097464
v -4.58953332 1.88984623 0.0160804
v -4.77105471 1.79352441 0.08171074
v -4.80223905 1.79352441 0.11691061
v -4.82109058 1.88984625 0.10389855
v -4.78624447 1.88984624 0.06456536
v -4.44804947 1.79352443 0.25123705
v -4.42531065 1.88984627 0.25399814
v -4.68838213 1.79352445 0.41712678
v -4.69386413 1.88984629 0.43936732
v -4.82409334 1.79352442 0.15855052
v -4.84551111 1.88984625 0.15042798
v -4.44804947 1.79352442 0.20421054
v -4.42531065 1.88984626 0.20144958
v -4.6416985 1.79352445 0.4227952
v -4.64169873 1.88984629 0.44570131
v -4.83534752 1.79352442 0.20421054
v -4.85808679 1.88984626 0.20144958
v -4.45930366 1.79352442 0.15855052
v -4.43788633 1.88984625 0.15042798
v -4.59501489 1.79352445 0.41712678
v -4.58953332 1.88984629 0.43936732
v -4.83534752 1.79352443 0.25123705
v -4.85808679 1.88984627 0.25399814
v -4.48115795 1.79352441 0.11691061
v -4.46230686 1.88984625 0.10389855
v -4.55104433 1.79352445 0.40045093
v -4.54039957 1.88984629 0.42073333
v -4.82409334 1.79352444 0.29689706
v -4.84551111 1.88984627 0.30501973
v -4.51234229 1.79352441 0.08171074
v -4.49715298 1.88984624 0.06456536
v -4.68838213 1.7935244 0.03832078
v -4.69386413 1.88984623 0.0160804
v -4.51234229 1.79352445 0.37373683
v -4.49715298 1.88984628 0.39088234
v -4.80223905 1.79352444 0.33853698
v -4.82109058 1.88984628 0.35154917
v -4.51234229 1.79352441 0.08171074
v -4.55104433 1.7935244 0.05499666
v -4.54039957 1.88984624 0.0347144
v -4.49715298 1.88984624 0.06456536
v -4.51234229 1.79352445 0.37373683
v -4.49715298 1.88984628 0.39088234
v -4.77105471 1.79352445 0.37373683
v -4.78624447 1.88984628 0.39088234
v -4.6925903 1.88984623 0.02124851
v -4.64169873 1.88984623 0.01506917
v -4.64169873 1.88984623 0.0097464
v -4.69386413 1.88984623 0.0160804
v -4.74052425 1.88984624 0.03942748
v -4.74299787 1.88984624 0.0347144
v -4.78271481 1.88984624 0.06854952
v -4.78624447 1.88984624 0.06456536
v -4.81671003 1.88984625 0.10692222
v -4.82109058 1.88984625 0.10389855
v -4.84053423 1.88984625 0.15231546
v -4.84551111 1.88984625 0.15042798
v -4.85280283 1.88984626 0.20209117
v -4.85808679 1.88984626 0.20144958
v -4.85280283 1.88984627 0.25335655
v -4.85808679 1.88984627 0.25399814
v -4.84053423 1.88984627 0.30313225
v -4.84551111 1.88984627 0.30501973
v -4.81671003 1.88984628 0.34852549
v -4.82109058 1.88984628 0.35154917
v -4.78271481 1.88984628 0.38689819
v -4.78624447 1.88984628 0.39088234
v -4.74052425 1.88984629 0.41602025
v -4.74299787 1.88984629 0.42073333
v -4.6925903 1.88984629 0.43419922
v -4.69386413 1.88984629 0.43936732
v -4.64169873 1.88984629 0.44037854
v -4.64169873 1.88984629 0.44570131
v -4.59080714 1.88984629 0.43419922
v -4.58953332 1.88984629 0.43936732
v -4.54287318 1.88984629 0.41602025
v -4.54039957 1.88984629 0.42073333
v -4.50068263 1.88984628 0.38689819
v -4.49715298 1.88984628 0.39088234
v -4.46668742 1.88984628 0.34852549
v -4.46230686 1.88984628 0.35154917
v -4.44286322 1.88984627 0.30313225
v -4.43788633 1.88984627 0.30501973
v -4.43059462 1.88984627 0.25335655
v -4.42531065 1.88984627 0.25399814
v -4.43059462 1.88984626 0.20209117
v -4.42531065 1.88984626 0.20144958
v -4.44286322 1.88984625 0.15231546
v -4.43788633 1.88984625 0.15042798
v -4.46668742 1.88984625 0.10692222
v -4.46230686 1.88984625 0.10389855
v -4.50068263 1.88984624 0.06854951
v -4.49715298 1.88984624 0.06456536
v -4.54287318 1.88984624 0.03942748
v -4.54039957 1.88984624 0.0347144
v -4.59080714 1.88984623 0.02124851
v -4.58953332 1.88984623 0.0160804
v -4.43059462 1.87191168 0.20209117
v -4.44286322 1.87191167 0.15231546
v -4.44629218 1.86558515 0.15361593
v -4.43423516 1.86558516 0.20253323
v -4.59080714 1.88984623 0.02124851
v -4.64169873 1.88984623 0.01506917
v -4.64169873 1.87191165 0.01506917
v -4.59080714 1.87191165 0.02124851
v -4.78271481 1.88984624 0.06854952
v -4.81671003 1.88984625 0.10692222
v -4.81671003 1.87191167 0.10692222
v -4.78271481 1.87191166 0.06854952
v -4.44286322 1.88984627 0.30313225
v -4.43059462 1.88984627 0.25335655
v -4.43059462 1.87191169 0.25335655
v -4.44286322 1.87191169 0.30313225
v -4.6925903 1.88984629 0.43419922
v -4.6925903 1.87191171 0.43419922
v -4.84053423 1.88984625 0.15231546
v -4.84053423 1.87191167 0.15231546
v -4.43059462 1.88984626 0.20209117
v -4.64169873 1.88984629 0.44037854
v -4.64169873 1.87191171 0.44037854
v -4.85280283 1.88984626 0.20209117
v -4.85280283 1.87191168 0.20209117
v -4.44286322 1.88984625 0.15231546
v -4.59080714 1.88984629 0.43419922
v -4.59080714 1.87191171 0.43419922
v -4.85280283 1.88984627 0.25335655
v -4.85280283 1.87191169 0.25335655
v -4.46668742 1.88984625 0.10692222
v -4.46668742 1.87191167 0.10692222
v -4.54287318 1.88984629 0.41602025
v -4.54287318 1.87191171 0.41602025
v -4.84053423 1.88984627 0.30313225
v -4.84053423 1.87191169 0.30313225
v -4.50068263 1.88984624 0.06854951
v -4.50068263 1.87191166 0.06854951
v -4.6925903 1.88984623 0.02124851
v -4.6925903 1.87191165 0.02124851
v -4.50068263 1.88984628 0.38689819
v -4.50068263 1.8719117 0.38689819
v -4.81671003 1.88984628 0.34852549
v -4.81671003 1.8719117 0.34852549
v -4.50068263 1.88984624 0.06854951
v -4.54287318 1.88984624 0.03942748
v -4.54287318 1.87191166 0.03942748
v -4.50068263 1.87191166 0.06854951
v -4.74052425 1.88984624 0.03942748
v -4.74052425 1.87191166 0.03942748
v -4.50068263 1.88984628 0.38689819
v -4.46668742 1.88984628 0.34852549
v -4.46668742 1.8719117 0.34852549
v -4.50068263 1.8719117 0.38689819
v -4.78271481 1.88984628 0.38689819
v -4.78271481 1.8719117 0.38689819
v -4.78271481 1.88984624 0.06854952
v -4.78271481 1.87191166 0.06854952
v -4.59168477 1.86558519 0.43063851
v -4.64169871 1.86558519 0.43671126
v -4.84916226 1.86558516 0.25291453
v -4.84916226 1.86558516 0.20253323
v -4.46970552 1.86558514 0.1090055
v -4.54457744 1.86558518 0.41277306
v -4.83710525 1.86558517 0.30183183
v -4.50311449 1.86558514 0.07129454
v -4.69171265 1.86558513 0.02480925
v -4.64169871 1.86558513 0.01873649
v -4.50311449 1.86558518 0.3841532
v -4.81369189 1.86558518 0.34644225
v -4.54457744 1.86558514 0.04267472
v -4.50311449 1.86558514 0.07129454
v -4.73881996 1.86558514 0.04267472
v -4.46970552 1.86558518 0.34644225
v -4.50311449 1.86558518 0.3841532
v -4.78028294 1.86558518 0.3841532
v -4.59168477 1.86558513 0.02480925
v -4.78028294 1.86558514 0.07129455
v -4.44629218 1.86558517 0.30183183
v -4.73881996 1.86558518 0.41277306
v -4.78028294 1.86558518 0.3841532
v -4.81369189 1.86558514 0.1090055
v -4.78028294 1.86558514 0.07129455
v -4.43423516 1.86558516 0.25291453
v -4.69171265 1.86558519 0.43063851
v -4.83710525 1.86558515 0.15361593
v -4.7671074 1.59883131 0.1801619
v -4.77484549 1.59883132 0.24389087
v -4.77484549 1.59883131 0.2115566
v -4.7671074 1.59883132 0.27528556
v -4.75208092 1.5988313 0.15153133
v -4.75208092 1.59883133 0.30391614
v -4.73063935 1.5988313 0.12732879
v -4.73063935 1.59883133 0.32811868
v -4.70402878 1.5988313 0.10896082
v -4.70402878 1.59883133 0.34648664
v -4.67379572 1.5988313 0.09749494
v -4.67379572 1.59883133 0.35795253
v -4.64169722 1.5988313 0.09359747
v -4.64169722 1.59883133 0.36185
v -4.60959872 1.5988313 0.09749494
v -4.60959872 1.59883133 0.35795253
v -4.57936566 1.5988313 0.10896082
v -4.57936566 1.59883133 0.34648664
v -4.55275509 1.5988313 0.12732879
v -4.55275509 1.59883133 0.32811868
v -4.53131351 1.5988313 0.15153133
v -4.53131351 1.59883133 0.30391614
v -4.51628704 1.59883131 0.1801619
v -4.51628704 1.59883132 0.27528556
v -4.50854894 1.59883131 0.2115566
v -4.50854894 1.59883132 0.24389087
v -4.83710525 1.86558517 0.30183183
v -4.84916226 1.86558516 0.20253323
v -4.84916226 1.86558516 0.25291453
v -4.83710525 1.86558515 0.15361593
v -4.81369189 1.86558518 0.34644225
v -4.81369189 1.86558514 0.1090055
v -4.78028294 1.86558518 0.3841532
v -4.78028294 1.86558514 0.07129455
v -4.73881996 1.86558518 0.41277306
v -4.73881996 1.86558514 0.04267472
v -4.69171265 1.86558519 0.43063851
v -4.69171265 1.86558513 0.02480925
v -4.64169871 1.86558519 0.43671126
v -4.64169871 1.86558513 0.01873649
v -4.59168477 1.86558519 0.43063851
v -4.59168477 1.86558513 0.02480925
v -4.54457744 1.86558518 0.41277306
v -4.54457744 1.86558514 0.04267472
v -4.50311449 1.86558518 0.3841532
v -4.50311449 1.86558514 0.07129454
v -4.46970552 1.86558518 0.34644225
v -4.46970552 1.86558514 0.1090055
v -4.44629218 1.86558517 0.30183183
v -4.44629218 1.86558515 0.15361593
v -4.43423516 1.86558516 0.25291453
v -4.43423516 1.86558516 0.20253323
vn -0.44999 0.85739 -0.2498
vn -0.64209 0.72479 -0.2498
vn -0.64511 0.72821 -0.2314
vn -0.45211 0.86142 -0.23141
vn -0.93807 0.1139 -0.32719
vn -0.93807 -0.1139 -0.32719
vn -0.94776 -0.1151 -0.29749
vn -0.94776 0.1151 -0.29749
vn 0.88353 0.33511 -0.32721
vn 0.77769 0.53679 -0.32719
vn 0.78573 0.54232 -0.29751
vn 0.89267 0.33859 -0.29749
vn 0.2261 -0.91751 -0.3272
vn 0.43911 -0.83673 -0.32721
vn 0.44368 -0.84537 -0.29749
vn 0.22849 -0.92698 -0.29749
vn -0.88353 -0.33511 -0.32721
vn -0.89267 -0.33859 -0.29749
vn 0.62667 0.70727 -0.32719
vn 0.63311 0.71461 -0.2975
vn 0 0.94495 -0.32722
vn -0.2261 0.91751 -0.3272
vn -0.22849 0.92698 -0.29749
vn 0 0.95472 -0.29751
vn 0.62661 -0.70731 -0.32721
vn 0.63311 -0.71461 -0.2975
vn -0.77769 -0.53679 -0.32719
vn -0.78573 -0.54232 -0.29751
vn 0.62661 0.70731 -0.32721
vn 0.43911 0.83673 -0.32721
vn 0.44368 0.84537 -0.29749
vn -0.43911 0.83673 -0.32721
vn -0.44368 0.84537 -0.29749
vn 0.77769 -0.53679 -0.32719
vn 0.78573 -0.54232 -0.29751
vn -0.62661 -0.70731 -0.32721
vn -0.63311 -0.71461 -0.2975
vn 0.2261 0.91751 -0.3272
vn 0.22849 0.92698 -0.29749
vn -0.62661 0.70731 -0.32721
vn -0.63311 0.71461 -0.2975
vn 0.88353 -0.33511 -0.32721
vn 0.8927 -0.3385 -0.2975
vn -0.43911 -0.83673 -0.32721
vn -0.44368 -0.84537 -0.29749
vn -0.77769 0.53679 -0.32719
vn -0.78573 0.54232 -0.29751
vn 0.93807 -0.1139 -0.32719
vn 0.94776 -0.1151 -0.29749
vn -0.2261 -0.91751 -0.3272
vn -0.22849 -0.92698 -0.29749
vn -0.88353 0.33511 -0.32721
vn -0.8927 0.3385 -0.2975
vn 0.93807 0.1139 -0.32719
vn 0.94776 0.1151 -0.29749
vn 0 -0.94495 -0.32722
vn 0 -0.95472 -0.29751
vn 0.66312 0.74852 0
vn 0.46469 0.88548 0
vn 0.44941 0.85622 0.2548
vn 0.64122 0.72382 0.25481
vn 0.79688 -0.55008 -0.24979
vn 0.90537 -0.34339 -0.24979
vn 0.90963 -0.34501 -0.23141
vn 0.80064 -0.55266 -0.23138
vn -0.64209 -0.72479 -0.2498
vn -0.44999 -0.85739 -0.2498
vn -0.45211 -0.86142 -0.23141
vn -0.64511 -0.72821 -0.2314
vn 0.23169 0.94017 -0.24979
vn 0 0.9683 -0.2498
vn 0 0.97286 -0.23139
vn 0.2328 0.94459 -0.2314
vn -0.79688 0.55008 -0.24979
vn -0.80069 0.55259 -0.2314
vn -0.64517 0.72816 -0.23139
vn 0.96124 -0.1167 -0.24981
vn 0.96576 -0.1173 -0.23139
vn -0.23169 -0.94017 -0.24979
vn -0.2328 -0.94459 -0.2314
vn -0.90537 0.34339 -0.24979
vn -0.90963 0.34501 -0.23141
vn 0.96124 0.1167 -0.24981
vn 0.96576 0.1173 -0.23139
vn 0 -0.9683 -0.2498
vn 0 -0.97286 -0.23139
vn -0.96124 0.1167 -0.24981
vn -0.96576 0.1173 -0.23139
vn 0.90537 0.34339 -0.24979
vn 0.90963 0.34501 -0.23141
vn 0.23169 -0.94017 -0.24979
vn 0.2328 -0.94459 -0.2314
vn -0.96124 -0.1167 -0.24981
vn -0.96576 -0.1173 -0.23139
vn 0.79688 0.55008 -0.24979
vn 0.80064 0.55266 -0.23138
vn 0.44999 -0.85739 -0.2498
vn 0.45211 -0.86142 -0.23141
vn -0.90537 -0.34339 -0.24979
vn -0.90963 -0.34501 -0.23141
vn 0.64209 0.72479 -0.2498
vn 0.64517 0.72816 -0.23139
vn -0.23169 0.94017 -0.24979
vn -0.2328 0.94459 -0.2314
vn 0.64209 -0.72479 -0.2498
vn 0.64511 -0.72821 -0.2314
vn -0.79688 -0.55008 -0.24979
vn -0.80064 -0.55266 -0.23138
vn 0.44999 0.85739 -0.2498
vn 0.45211 0.86142 -0.23141
vn 0.64511 0.72821 -0.2314
vn 0.64517 -0.72816 -0.23139
vn -0.64517 -0.72816 -0.23139
vn 0 0 1
vn -0.95994 -0.1166 0.25481
vn -0.90416 -0.34289 0.25479
vn -0.80892 -0.30681 0.50151
vn -0.85884 -0.1043 0.50152
vn -0.23931 -0.97094 0
vn 0 -1 0
vn 0 -0.96699 0.2548
vn -0.2314 -0.9389 0.2548
vn 0.66312 -0.74852 0
vn 0.82297 -0.56808 0
vn 0.79582 -0.54931 0.25481
vn 0.64122 -0.72382 0.25481
vn -0.93502 0.35461 0
vn -0.99271 0.1205 0
vn -0.95994 0.1166 0.25481
vn -0.90416 0.34289 0.25479
vn 0.23931 0.97094 0
vn 0.2314 0.9389 0.2548
vn 0.93502 -0.35461 0
vn 0.90416 -0.34289 0.25479
vn -0.99271 -0.1205 0
vn 0 1 0
vn 0 0.96699 0.2548
vn 0.99271 -0.1205 0
vn 0.95994 -0.1166 0.25481
vn -0.93502 -0.35461 0
vn -0.23931 0.97094 0
vn -0.2314 0.9389 0.2548
vn 0.99271 0.1205 0
vn 0.95994 0.1166 0.25481
vn -0.82297 -0.56808 0
vn -0.79582 -0.54931 0.25481
vn -0.46469 0.88548 0
vn -0.44941 0.85622 0.2548
vn 0.93502 0.35461 0
vn 0.90416 0.34289 0.25479
vn -0.66312 -0.74852 0
vn -0.64128 -0.72377 0.25479
vn 0.23931 -0.97094 0
vn 0.2314 -0.9389 0.2548
vn -0.66312 0.74852 0
vn -0.64122 0.72382 0.25481
vn 0.82297 0.56808 0
vn 0.79582 0.54931 0.25481
vn -0.46469 -0.88548 0
vn -0.44941 -0.85622 0.2548
vn -0.64122 -0.72382 0.25481
vn 0.46469 -0.88548 0
vn 0.44941 -0.85622 0.2548
vn -0.82297 0.56808 0
vn -0.79582 0.54931 0.25481
vn 0.64128 0.72377 0.25479
vn -0.20701 0.84002 0.50151
vn 0 0.86517 0.50148
vn 0.85884 0.1043 0.50152
vn 0.85884 -0.1043 0.50152
vn -0.71199 -0.4915 0.5015
vn -0.40208 0.76606 0.50148
vn 0.80892 0.30681 0.50151
vn -0.57369 -0.64759 0.5015
vn 0.20701 -0.84002 0.50151
vn 0 -0.86517 0.50148
vn -0.57369 0.64759 0.5015
vn 0.71199 0.4915 0.5015
vn -0.40208 -0.76606 0.50148
vn 0.40208 -0.76606 0.50148
vn -0.71199 0.4915 0.5015
vn 0.57369 0.64759 0.5015
vn -0.20701 -0.84002 0.50151
vn 0.57369 -0.64759 0.5015
vn -0.80892 0.30681 0.50151
vn 0.40208 0.76606 0.50148
vn 0.71199 -0.4915 0.5015
vn -0.85884 0.1043 0.50152
vn 0.20701 0.84002 0.50151
vn 0.80892 -0.30681 0.50151
vn 0 0 -1
vt 0.1739 0.37947
vt 0.17234 0.37947
vt 0.17173 0.3756
vt 0.17347 0.3756
vt 0.17829 0.38729
vt 0.17682 0.38729
vt 0.17672 0.38334
vt 0.17839 0.38334
vt 0.17971 0.38729
vt 0.18101 0.38729
vt 0.1815 0.38334
vt 0.18002 0.38334
vt 0.17901 0.38729
vt 0.18038 0.38729
vt 0.18078 0.38334
vt 0.17922 0.38334
vt 0.1754 0.38729
vt 0.1751 0.38334
vt 0.18211 0.38729
vt 0.18275 0.38334
vt 0.17756 0.38729
vt 0.1761 0.38729
vt 0.1759 0.38334
vt 0.17756 0.38334
vt 0.18159 0.38729
vt 0.18216 0.38334
vt 0.1741 0.38729
vt 0.17361 0.38334
vt 0.17473 0.38729
vt 0.17433 0.38334
vt 0.173 0.38729
vt 0.17236 0.38334
vt 0.17352 0.38729
vt 0.17296 0.38334
vt 0.17187 0.3756
vt 0.17357 0.3756
vt 0.17357 0.37632
vt 0.17187 0.37632
vt 0.17309 0.37947
vt 0.17477 0.37947
vt 0.17444 0.3756
vt 0.17256 0.3756
vt 0.17944 0.37947
vt 0.17756 0.37947
vt 0.17756 0.3756
vt 0.17966 0.3756
vt 0.18344 0.37947
vt 0.18202 0.37947
vt 0.18255 0.3756
vt 0.18413 0.3756
vt 0.17661 0.37947
vt 0.1765 0.3756
vt 0.17567 0.37947
vt 0.17545 0.3756
vt 0.18035 0.37947
vt 0.18067 0.3756
vt 0.1785 0.37947
vt 0.17862 0.3756
vt 0.18121 0.37947
vt 0.18164 0.3756
vt 0.18277 0.37947
vt 0.18338 0.3756
vt 0.17167 0.37947
vt 0.17098 0.3756
vt 0.17551 0.37093
vt 0.17756 0.37069
vt 0.17756 0.37047
vt 0.17545 0.37073
vt 0.17357 0.37166
vt 0.17347 0.37148
vt 0.17187 0.37283
vt 0.17173 0.37267
vt 0.1705 0.37437
vt 0.17032 0.37425
vt 0.16954 0.3762
vt 0.16934 0.37612
vt 0.16905 0.3782
vt 0.16883 0.37817
vt 0.16905 0.38025
vt 0.16883 0.38028
vt 0.16954 0.38225
vt 0.16934 0.38233
vt 0.1705 0.38408
vt 0.17032 0.3842
vt 0.17187 0.38562
vt 0.17173 0.38578
vt 0.17357 0.38678
vt 0.17347 0.38697
vt 0.17551 0.38751
vt 0.17545 0.38772
vt 0.17756 0.38776
vt 0.17756 0.38798
vt 0.17961 0.38751
vt 0.17966 0.38772
vt 0.18154 0.38678
vt 0.18164 0.38697
vt 0.18324 0.38562
vt 0.18338 0.38578
vt 0.18461 0.38408
vt 0.18479 0.3842
vt 0.18557 0.38225
vt 0.18577 0.38233
vt 0.18607 0.38025
vt 0.18628 0.38028
vt 0.18607 0.3782
vt 0.18628 0.37817
vt 0.18557 0.3762
vt 0.18577 0.37612
vt 0.18461 0.37437
vt 0.18479 0.37425
vt 0.18324 0.37283
vt 0.18338 0.37267
vt 0.18154 0.37166
vt 0.18164 0.37148
vt 0.17961 0.37093
vt 0.17966 0.37073
vt 0.17859 0.37632
vt 0.1806 0.37632
vt 0.17961 0.3756
vt 0.17756 0.37632
vt 0.17961 0.37632
vt 0.18397 0.3756
vt 0.18243 0.3756
vt 0.18243 0.37632
vt 0.18397 0.37632
vt 0.17452 0.3756
vt 0.17652 0.3756
vt 0.17652 0.37632
vt 0.17452 0.37632
vt 0.17551 0.3756
vt 0.17551 0.37632
vt 0.1806 0.3756
vt 0.17859 0.3756
vt 0.18154 0.3756
vt 0.18154 0.37632
vt 0.18324 0.3756
vt 0.18324 0.37632
vt 0.17269 0.3756
vt 0.17269 0.37632
vt 0.17114 0.3756
vt 0.17114 0.37632
vt 0.17187 0.37708
vt 0.17152 0.37995
vt 0.17152 0.37849
vt 0.17187 0.38137
vt 0.17255 0.37578
vt 0.17255 0.38267
vt 0.17352 0.37469
vt 0.17352 0.38376
vt 0.17473 0.37386
vt 0.17473 0.38459
vt 0.1761 0.37334
vt 0.1761 0.38511
vt 0.17756 0.37317
vt 0.17756 0.38528
vt 0.17901 0.37334
vt 0.17901 0.38511
vt 0.18038 0.37386
vt 0.18038 0.38459
vt 0.18159 0.37469
vt 0.18159 0.38376
vt 0.18256 0.37578
vt 0.18256 0.38267
vt 0.18324 0.37708
vt 0.18324 0.38137
vt 0.18359 0.37849
vt 0.18359 0.37995
vt 0.96513 0.51156
vt 0.96476 0.50855
vt 0.96476 0.51008
vt 0.96513 0.50707
vt 0.96584 0.51291
vt 0.96584 0.50572
vt 0.96686 0.51405
vt 0.96686 0.50458
vt 0.96812 0.51492
vt 0.96812 0.50371
vt 0.96955 0.51546
vt 0.96955 0.50317
vt 0.97107 0.51565
vt 0.97107 0.50299
vt 0.97259 0.51546
vt 0.97259 0.50317
vt 0.97403 0.51492
vt 0.97403 0.50371
vt 0.97529 0.51405
vt 0.97529 0.50458
vt 0.9763 0.51291
vt 0.9763 0.50572
vt 0.97702 0.51156
vt 0.97702 0.50707
vt 0.97738 0.51008
vt 0.97738 0.50855
usemtl mat1
f 9/5/7 10/6/8 11/7/9
f 9/5/7 11/7/9 12/8/10
f 13/9/11 14/10/12 15/11/13
f 13/9/11 15/11/13 16/12/14
f 17/13/15 18/14/16 19/15/17
f 17/13/15 19/15/17 20/16/18
f 21/17/19 22/18/20 23/19/21
f 21/17/19 23/19/21 24/20/22
f 14/10/12 25/21/23 26/22/24
f 14/10/12 26/22/24 15/11/13
f 18/14/16 27/23/25 28/24/26
f 18/14/16 28/24/26 19/15/17
f 29/25/27 30/26/28 31/27/29
f 29/25/27 31/27/29 32/28/30
f 22/18/20 33/29/31 34/30/32
f 22/18/20 34/30/32 23/19/21
f 25/21/23 35/31/33 36/32/34
f 25/21/23 36/32/34 26/22/24
f 37/29/35 38/18/36 39/19/37
f 37/29/35 39/19/37 40/30/26
f 30/26/28 41/33/38 42/34/39
f 30/26/28 42/34/39 31/27/29
f 43/35/31 44/31/40 45/32/41
f 43/35/31 45/32/41 46/36/32
f 35/31/33 47/35/42 48/36/43
f 35/31/33 48/36/43 36/32/34
f 38/18/36 49/17/44 50/20/45
f 38/18/36 50/20/45 39/19/37
f 41/33/38 51/37/46 52/38/47
f 41/33/38 52/38/47 42/34/39
f 44/31/40 53/21/48 54/22/49
f 44/31/40 54/22/49 45/32/41
f 55/37/42 56/33/50 57/34/51
f 55/37/42 57/34/51 58/38/43
f 49/17/44 29/25/27 32/28/30
f 49/17/44 32/28/30 50/20/45
f 59/23/46 60/14/52 61/15/53
f 59/23/46 61/15/53 62/24/47
f 53/21/48 63/10/54 64/11/55
f 53/21/48 64/11/55 54/22/49
f 56/33/50 65/26/56 66/27/57
f 56/33/50 66/27/57 57/34/51
f 60/14/52 67/13/58 68/16/59
f 60/14/52 68/16/59 61/15/53
f 63/10/54 69/9/60 70/12/61
f 63/10/54 70/12/61 64/11/55
f 65/26/56 71/25/62 72/28/63
f 65/26/56 72/28/63 66/27/57
f 67/13/58 13/9/11 16/12/14
f 67/13/58 16/12/14 68/16/59
f 69/9/60 17/13/15 20/16/18
f 69/9/60 20/16/18 70/12/61
f 71/25/62 21/17/19 24/20/22
f 71/25/62 24/20/22 72/28/63
f 73/39/64 74/40/65 75/41/66
f 73/39/64 75/41/66 76/42/67
f 77/43/68 78/44/69 79/45/70
f 77/43/68 79/45/70 80/46/71
f 81/6/72 82/5/73 83/8/74
f 81/6/72 83/8/74 84/7/75
f 85/47/76 86/48/77 87/49/78
f 85/47/76 87/49/78 88/50/79
f 89/51/8 90/52/80 91/53/81
f 89/51/8 91/53/81 92/54/82
f 78/44/69 93/55/83 94/56/84
f 78/44/69 94/56/84 79/45/70
f 82/5/73 95/57/85 96/58/86
f 82/5/73 96/58/86 83/8/74
f 90/52/80 97/59/87 98/60/88
f 90/52/80 98/60/88 91/53/81
f 93/55/83 99/61/89 100/62/90
f 93/55/83 100/62/90 94/56/84
f 95/57/85 101/48/91 102/49/92
f 95/57/85 102/49/92 96/58/86
f 97/59/87 103/61/93 104/62/94
f 97/59/87 104/62/94 98/60/88
f 99/61/89 105/59/95 106/60/96
f 99/61/89 106/60/96 100/62/90
f 101/48/91 107/47/97 108/50/98
f 101/48/91 108/50/98 102/49/92
f 103/61/93 109/55/99 110/56/100
f 103/61/93 110/56/100 104/62/94
f 105/59/95 111/52/101 112/53/102
f 105/59/95 112/53/102 106/60/96
f 107/47/97 113/63/103 114/64/104
f 107/47/97 114/64/104 108/50/98
f 109/55/99 115/44/105 116/45/106
f 109/55/99 116/45/106 110/56/100
f 111/52/101 117/51/107 118/54/108
f 111/52/101 118/54/108 112/53/102
f 86/48/77 119/57/109 120/58/110
f 86/48/77 120/58/110 87/49/78
f 113/63/103 121/65/111 122/66/112
f 113/63/103 122/66/112 114/64/104
f 115/44/105 123/43/113 124/46/114
f 115/44/105 124/46/114 116/45/106
f 125/65/107 126/63/115 127/64/116
f 125/65/107 127/64/116 128/66/117
f 119/57/109 9/5/7 12/8/10
f 119/57/109 12/8/10 120/58/110
f 129/67/111 77/43/68 80/46/71
f 129/67/111 80/46/71 130/68/118
f 123/43/113 131/67/72 132/68/119
f 123/43/113 132/68/119 124/46/114
f 126/63/115 85/47/76 88/50/79
f 126/63/115 88/50/79 127/64/116
f 39/19/37 50/20/45 85/47/76
f 39/19/37 85/47/76 126/63/115
f 36/32/34 48/36/43 131/67/72
f 36/32/34 131/67/72 123/43/113
f 46/36/32 45/32/41 77/43/68
f 46/36/32 77/43/68 129/67/111
f 31/27/29 42/34/39 9/5/7
f 31/27/29 9/5/7 119/57/109
f 40/30/26 39/19/37 126/63/115
f 40/30/26 126/63/115 125/65/107
f 26/22/24 36/32/34 123/43/113
f 26/22/24 123/43/113 115/44/105
f 23/19/21 34/30/32 121/65/111
f 23/19/21 121/65/111 113/63/103
f 32/28/30 31/27/29 119/57/109
f 32/28/30 119/57/109 86/48/77
f 19/15/17 28/24/26 117/51/107
f 19/15/17 117/51/107 111/52/101
f 15/11/13 26/22/24 115/44/105
f 15/11/13 115/44/105 109/55/99
f 24/20/22 23/19/21 113/63/103
f 24/20/22 113/63/103 107/47/97
f 20/16/18 19/15/17 111/52/101
f 20/16/18 111/52/101 105/59/95
f 16/12/14 15/11/13 109/55/99
f 16/12/14 109/55/99 103/61/93
f 72/28/63 24/20/22 107/47/97
f 72/28/63 107/47/97 101/48/91
f 70/12/61 20/16/18 105/59/95
f 70/12/61 105/59/95 99/61/89
f 68/16/59 16/12/14 103/61/93
f 68/16/59 103/61/93 97/59/87
f 66/27/57 72/28/63 101/48/91
f 66/27/57 101/48/91 95/57/85
f 64/11/55 70/12/61 99/61/89
f 64/11/55 99/61/89 93/55/83
f 61/15/53 68/16/59 97/59/87
f 61/15/53 97/59/87 90/52/80
f 57/34/51 66/27/57 95/57/85
f 57/34/51 95/57/85 82/5/73
f 54/22/49 64/11/55 93/55/83
f 54/22/49 93/55/83 78/44/69
f 62/24/47 61/15/53 90/52/80
f 62/24/47 90/52/80 89/51/8
f 50/20/45 32/28/30 86/48/77
f 50/20/45 86/48/77 85/47/76
f 58/38/43 57/34/51 82/5/73
f 58/38/43 82/5/73 81/6/72
f 45/32/41 54/22/49 78/44/69
f 45/32/41 78/44/69 77/43/68
f 42/34/39 52/38/47 10/6/8
f 42/34/39 10/6/8 9/5/7
f 133/69/120 134/70/120 135/71/120
f 133/69/120 135/71/120 136/72/120
f 137/73/120 133/69/120 136/72/120
f 137/73/120 136/72/120 138/74/120
f 139/75/120 137/73/120 138/74/120
f 139/75/120 138/74/120 140/76/120
f 141/77/120 139/75/120 140/76/120
f 141/77/120 140/76/120 142/78/120
f 143/79/120 141/77/120 142/78/120
f 143/79/120 142/78/120 144/80/120
f 145/81/120 143/79/120 144/80/120
f 145/81/120 144/80/120 146/82/120
f 147/83/120 145/81/120 146/82/120
f 147/83/120 146/82/120 148/84/120
f 149/85/120 147/83/120 148/84/120
f 149/85/120 148/84/120 150/86/120
f 151/87/120 149/85/120 150/86/120
f 151/87/120 150/86/120 152/88/120
f 153/89/120 151/87/120 152/88/120
f 153/89/120 152/88/120 154/90/120
f 155/91/120 153/89/120 154/90/120
f 155/91/120 154/90/120 156/92/120
f 157/93/120 155/91/120 156/92/120
f 157/93/120 156/92/120 158/94/120
f 159/95/120 157/93/120 158/94/120
f 159/95/120 158/94/120 160/96/120
f 161/97/120 159/95/120 160/96/120
f 161/97/120 160/96/120 162/98/120
f 163/99/120 161/97/120 162/98/120
f 163/99/120 162/98/120 164/100/120
f 165/101/120 163/99/120 164/100/120
f 165/101/120 164/100/120 166/102/120
f 167/103/120 165/101/120 166/102/120
f 167/103/120 166/102/120 168/104/120
f 169/105/120 167/103/120 168/104/120
f 169/105/120 168/104/120 170/106/120
f 171/107/120 169/105/120 170/106/120
f 171/107/120 170/106/120 172/108/120
f 173/109/120 171/107/120 172/108/120
f 173/109/120 172/108/120 174/110/120
f 175/111/120 173/109/120 174/110/120
f 175/111/120 174/110/120 176/112/120
f 177/113/120 175/111/120 176/112/120
f 177/113/120 176/112/120 178/114/120
f 179/115/120 177/113/120 178/114/120
f 179/115/120 178/114/120 180/116/120
f 181/117/120 179/115/120 180/116/120
f 181/117/120 180/116/120 182/118/120
f 183/119/120 181/117/120 182/118/120
f 183/119/120 182/118/120 184/120/120
f 134/70/120 183/119/120 184/120/120
f 134/70/120 184/120/120 135/71/120
f 185/121/121 186/122/122 187/122/123
f 185/121/121 187/122/123 188/121/124
f 189/123/125 190/49/126 191/124/127
f 189/123/125 191/124/127 192/125/128
f 193/126/129 194/127/130 195/128/131
f 193/126/129 195/128/131 196/129/132
f 197/130/133 198/131/134 199/132/135
f 197/130/133 199/132/135 200/133/136
f 74/40/65 201/134/137 202/135/138
f 74/40/65 202/135/138 75/41/66
f 194/127/130 203/136/139 204/122/140
f 194/127/130 204/122/140 195/128/131
f 198/131/134 205/137/141 185/121/121
f 198/131/134 185/121/121 199/132/135
f 201/134/137 206/49/142 207/124/143
f 201/134/137 207/124/143 202/135/138
f 203/136/139 208/137/144 209/121/145
f 203/136/139 209/121/145 204/122/140
f 205/137/141 210/136/146 186/122/122
f 205/137/141 186/122/122 185/121/121
f 206/49/142 211/123/147 212/125/148
f 206/49/142 212/125/148 207/124/143
f 208/137/144 213/131/149 214/132/150
f 208/137/144 214/132/150 209/121/145
f 210/136/146 215/127/151 216/128/152
f 210/136/146 216/128/152 186/122/122
f 211/123/147 217/138/153 218/139/154
f 211/123/147 218/139/154 212/125/148
f 213/131/149 219/130/155 220/133/156
f 213/131/149 220/133/156 214/132/150
f 215/127/151 221/126/157 222/129/158
f 215/127/151 222/129/158 216/128/152
f 190/49/126 223/134/159 224/135/160
f 190/49/126 224/135/160 191/124/127
f 217/138/153 225/140/161 226/141/162
f 217/138/153 226/141/162 218/139/154
f 219/130/155 227/142/163 228/143/164
f 219/130/155 228/143/164 220/133/156
f 229/140/157 230/138/165 231/139/166
f 229/140/157 231/139/166 232/141/167
f 223/134/159 233/40/168 234/41/169
f 223/134/159 234/41/169 224/135/160
f 235/144/161 236/142/170 237/143/171
f 235/144/161 237/143/171 238/145/162
f 227/142/163 239/144/64 240/145/172
f 227/142/163 240/145/172 228/143/164
f 230/138/165 189/123/125 192/125/128
f 230/138/165 192/125/128 231/139/166
f 233/40/168 241/39/129 242/42/132
f 233/40/168 242/42/132 234/41/169
f 236/142/170 197/130/133 200/133/136
f 236/142/170 200/133/136 237/143/171
f 207/124/143 212/125/148 243/125/173
f 207/124/143 243/125/173 244/124/174
f 209/121/145 214/132/150 245/132/175
f 209/121/145 245/132/175 246/121/176
f 186/122/122 216/128/152 247/128/177
f 186/122/122 247/128/177 187/122/123
f 212/125/148 218/139/154 248/139/178
f 212/125/148 248/139/178 243/125/173
f 214/132/150 220/133/156 249/133/179
f 214/132/150 249/133/179 245/132/175
f 216/128/152 222/129/158 250/129/180
f 216/128/152 250/129/180 247/128/177
f 191/124/127 224/135/160 251/135/181
f 191/124/127 251/135/181 252/124/182
f 218/139/154 226/141/162 253/141/183
f 218/139/154 253/141/183 248/139/178
f 220/133/156 228/143/164 254/143/184
f 220/133/156 254/143/184 249/133/179
f 232/141/167 231/139/166 255/139/185
f 232/141/167 255/139/185 256/141/180
f 224/135/160 234/41/169 257/41/186
f 224/135/160 257/41/186 251/135/181
f 238/145/162 237/143/171 258/143/187
f 238/145/162 258/143/187 259/145/183
f 228/143/164 240/145/172 260/145/188
f 228/143/164 260/145/188 254/143/184
f 231/139/166 192/125/128 261/125/189
f 231/139/166 261/125/189 255/139/185
f 234/41/169 242/42/132 262/42/190
f 234/41/169 262/42/190 257/41/186
f 237/143/171 200/133/136 263/133/191
f 237/143/171 263/133/191 258/143/187
f 76/42/67 75/41/66 264/41/192
f 76/42/67 264/41/192 265/42/188
f 192/125/128 191/124/127 252/124/182
f 192/125/128 252/124/182 261/125/189
f 196/129/132 195/128/131 266/128/193
f 196/129/132 266/128/193 267/129/190
f 200/133/136 199/132/135 268/132/194
f 200/133/136 268/132/194 263/133/191
f 75/41/66 202/135/138 269/135/195
f 75/41/66 269/135/195 264/41/192
f 195/128/131 204/122/140 270/122/196
f 195/128/131 270/122/196 266/128/193
f 199/132/135 185/121/121 188/121/124
f 199/132/135 188/121/124 268/132/194
f 202/135/138 207/124/143 244/124/174
f 202/135/138 244/124/174 269/135/195
f 204/122/140 209/121/145 246/121/176
f 204/122/140 246/121/176 270/122/196
f 271/146/197 272/147/197 273/148/197
f 272/147/197 271/146/197 274/149/197
f 274/149/197 271/146/197 275/150/197
f 274/149/197 275/150/197 276/151/197
f 276/151/197 275/150/197 277/152/197
f 276/151/197 277/152/197 278/153/197
f 278/153/197 277/152/197 279/154/197
f 278/153/197 279/154/197 280/155/197
f 280/155/197 279/154/197 281/156/197
f 280/155/197 281/156/197 282/157/197
f 282/157/197 281/156/197 283/158/197
f 282/157/197 283/158/197 284/159/197
f 284/159/197 283/158/197 285/160/197
f 284/159/197 285/160/197 286/161/197
f 286/161/197 285/160/197 287/162/197
f 286/161/197 287/162/197 288/163/197
f 288/163/197 287/162/197 289/164/197
f 288/163/197 289/164/197 290/165/197
f 290/165/197 289/164/197 291/166/197
f 290/165/197 291/166/197 292/167/197
f 292/167/197 291/166/197 293/168/197
f 292/167/197 293/168/197 294/169/197
f 294/169/197 293/168/197 295/170/197
f 294/169/197 295/170/197 296/171/197
f 297/172/120 298/173/120 299/174/120
f 298/173/120 297/172/120 300/175/120
f 300/175/120 297/172/120 301/176/120
f 300/175/120 301/176/120 302/177/120
f 302/177/120 301/176/120 303/178/120
f 302/177/120 303/178/120 304/179/120
f 304/179/120 303/178/120 305/180/120
f 304/179/120 305/180/120 306/181/120
f 306/181/120 305/180/120 307/182/120
f 306/181/120 307/182/120 308/183/120
f 308/183/120 307/182/120 309/184/120
f 308/183/120 309/184/120 310/185/120
f 310/185/120 309/184/120 311/186/120
f 310/185/120 311/186/120 312/187/120
f 312/187/120 311/186/120 313/188/120
f 312/187/120 313/188/120 314/189/120
f 314/189/120 313/188/120 315/190/120
f 314/189/120 315/190/120 316/191/120
f 316/191/120 315/190/120 317/192/120
f 316/191/120 317/192/120 318/193/120
f 318/193/120 317/192/120 319/194/120
f 318/193/120 319/194/120 320/195/120
f 320/195/120 319/194/120 321/196/120
f 320/195/120 321/196/120 322/197/120
# Vertices: 314, normals: 191, texture coordinates: 193, faces: 360

o obj3
v -4.5422079 2.14813393 0.07837893
v -4.5426064 2.14813393 0.07811423
v -4.54244009 2.14790298 0.07829628
v -4.54285437 2.14639535 0.07848844
v -4.54245587 2.14639535 0.07875314
v -4.54262218 2.14662625 0.07857108
v -4.43786154 2.0731677 -0.07958159
v -4.43746304 2.0731677 -0.07931689
v -4.43796928 2.07451679 -0.07898708
v -4.43732387 2.07415404 -0.07952641
v -4.43772237 2.07415404 -0.07979111
v -4.43815009 2.07323537 -0.07871487
v -4.63041031 2.02564148 0.22588291
v -4.63022423 2.02564803 0.22558337
v -4.63039408 2.02549501 0.2256822
v -4.63080252 2.02452073 0.22519986
v -4.63098859 2.02451418 0.22549939
v -4.63081874 2.02466717 0.22540058
v -4.52982258 1.9317631 0.2858934
v -4.53000865 1.93175652 0.28619294
v -4.53000952 1.93283054 0.2860083
v -4.52968261 1.93239674 0.28640951
v -4.52949654 1.93240331 0.28610996
v -4.53043314 1.93199877 0.28572692
v -4.5884613 2.13362815 0.13773967
v -4.58871917 2.13361997 0.13798012
v -4.58852062 2.13347836 0.13792952
v -4.58819508 2.13252323 0.13850436
v -4.5879372 2.1325314 0.1382639
v -4.58813576 2.13267299 0.1383145
v -4.66412001 2.03485756 0.05376093
v -4.66386213 2.03486574 0.05352048
v -4.66397341 2.03593547 0.05369615
v -4.66415782 2.03548871 0.05322454
v -4.6644157 2.03548053 0.053465
v -4.66358926 2.0351261 0.05408062
v -4.54215131 2.14791375 0.07897588
v -4.54188515 2.14791375 0.07857834
v -4.54215541 2.14774155 0.07868533
v -4.54291796 2.1466175 0.07788746
v -4.54318412 2.1466175 0.078285
v -4.54291385 2.14678967 0.078178
v -4.43520816 1.98986645 0.14999632
v -4.43547432 1.98986645 0.15039385
v -4.43519448 1.99131446 0.15029335
v -4.43489085 1.99060339 0.1507845
v -4.43462469 1.99060339 0.15038697
v -4.43595253 1.99035705 0.14978583
v -4.64475065 1.76640574 0.21259523
v -4.62657044 1.76640574 0.22467119
v -4.6386464 1.76640574 0.24285138
v -4.6568266 1.76640574 0.23077542
v -4.54475164 2.14951693 0.0775895
v -4.54089738 2.14951693 0.08014963
v -4.54031318 2.14501194 0.07927013
v -4.54416744 2.14501194 0.07670999
v -4.63490823 2.10359018 0.20531981
v -4.6236804 2.10359019 0.21277775
v -4.63265417 2.10082194 0.22701301
v -4.64455062 2.10082194 0.21911095
v -4.6236804 2.10359019 0.21277775
v -4.62538223 2.11671362 0.21533983
v -4.63884656 2.10969392 0.23633558
v -4.63265417 2.10082194 0.22701301
v -4.62538223 2.11671362 0.21533983
v -4.63661006 2.11671362 0.20788189
v -4.65074302 2.10969392 0.22843351
v -4.63884656 2.10969392 0.23633558
v -4.63661006 2.11671362 0.20788189
v -4.63490823 2.10359018 0.20531981
v -4.64455062 2.10082194 0.21911095
v -4.65074302 2.10969392 0.22843351
v -4.62671615 2.10724757 0.19348874
v -4.61595106 2.10724757 0.20063931
v -4.61595106 2.10724757 0.20063931
v -4.61758276 2.11983017 0.20309581
v -4.61758276 2.11983017 0.20309581
v -4.62834785 2.11983017 0.19594524
v -4.62834785 2.11983017 0.19594524
v -4.62671615 2.10724757 0.19348874
v -4.6195008 2.11046897 0.18306828
v -4.60914328 2.11046897 0.18994812
v -4.60914328 2.11046897 0.18994812
v -4.61071321 2.12257514 0.19231163
v -4.61071321 2.12257514 0.19231163
v -4.62107073 2.12257514 0.18543178
v -4.62107073 2.12257514 0.18543178
v -4.6195008 2.11046897 0.18306828
v -4.61285455 2.11343625 0.17346972
v -4.60287245 2.11343625 0.1801002
v -4.60287245 2.11343625 0.1801002
v -4.60438547 2.12510363 0.18237802
v -4.60438547 2.12510363 0.18237802
v -4.61436757 2.12510363 0.17574755
v -4.61436757 2.12510363 0.17574755
v -4.61285455 2.11343625 0.17346972
v -4.60660177 2.11622782 0.1644394
v -4.59697286 2.11622782 0.17083527
v -4.59697286 2.11622782 0.17083527
v -4.59843235 2.1274824 0.1730325
v -4.59843235 2.1274824 0.1730325
v -4.60806125 2.1274824 0.16663663
v -4.60806125 2.1274824 0.16663663
v -4.60660177 2.11622782 0.1644394
v -4.60064565 2.11888699 0.15583753
v -4.59135319 2.11888699 0.16200993
v -4.59135319 2.11888699 0.16200993
v -4.59276168 2.12974833 0.16413039
v -4.59276168 2.12974833 0.16413039
v -4.60205414 2.12974832 0.15795799
v -4.60205414 2.12974832 0.15795799
v -4.60064565 2.11888699 0.15583753
v -4.59492545 2.12144082 0.14757636
v -4.58595609 2.12144082 0.15353414
v -4.58595609 2.12144082 0.15353414
v -4.5873156 2.13192447 0.15558086
v -4.5873156 2.13192447 0.15558086
v -4.59628495 2.13192447 0.14962308
v -4.59628495 2.13192447 0.14962308
v -4.59492545 2.12144082 0.14757636
v -4.58939971 2.12390783 0.13959605
v -4.58074248 2.12390783 0.1453465
v -4.58074248 2.12390783 0.1453465
v -4.58205468 2.13402664 0.147322
v -4.58205468 2.13402664 0.147322
v -4.59071191 2.13402664 0.14157155
v -4.59071191 2.13402664 0.14157155
v -4.58939971 2.12390783 0.13959605
v -4.58403857 2.12630135 0.13185345
v -4.57568417 2.12630135 0.13740275
v -4.57568417 2.12630135 0.13740275
v -4.57695048 2.13606623 0.13930916
v -4.57695048 2.13606623 0.13930916
v -4.58530488 2.13606622 0.13375986
v -4.58530488 2.13606622 0.13375986
v -4.58403857 2.12630135 0.13185345
v -4.57881953 2.12863143 0.12431607
v -4.57075993 2.12863143 0.12966955
v -4.57075993 2.12863143 0.12966955
v -4.57198156 2.13805175 0.13150869
v -4.57198156 2.13805175 0.13150869
v -4.58004116 2.13805175 0.12615521
v -4.58004116 2.13805175 0.12615521
v -4.57881953 2.12863143 0.12431607
v -4.57370074 2.13091869 0.11692857
v -4.56593498 2.13091869 0.12208687
v -4.56593498 2.13091869 0.12208687
v -4.56711205 2.13999553 0.12385893
v -4.56711205 2.13999553 0.12385893
v -4.57487781 2.13999553 0.11870063
v -4.57487781 2.13999553 0.11870063
v -4.57370074 2.13091869 0.11692857
v -4.56775588 2.13366235 0.10858301
v -4.5605472 2.13366236 0.11337128
v -4.5605472 2.13366236 0.11337128
v -4.56163974 2.14208808 0.11501605
v -4.56163974 2.14208808 0.11501605
v -4.56884839 2.14208808 0.1102278
v -4.56884839 2.14208808 0.1102278
v -4.56775588 2.13366235 0.10858301
v -4.56147007 2.13664947 0.09998961
v -4.55506316 2.13664947 0.10424531
v -4.55506316 2.13664947 0.10424531
v -4.55603424 2.14413809 0.10570724
v -4.55603424 2.14413809 0.10570724
v -4.56244113 2.14413809 0.10145154
v -4.56244113 2.14413809 0.10145154
v -4.56147007 2.13664947 0.09998961
v -4.55572996 2.13943029 0.09228432
v -4.55018618 2.1394303 0.0959667
v -4.55018618 2.1394303 0.0959667
v -4.55102644 2.14591007 0.09723168
v -4.55102644 2.14591007 0.09723168
v -4.5565702 2.14591006 0.09354931
v -4.5565702 2.14591006 0.09354931
v -4.55572996 2.13943029 0.09228432
v -4.55096043 2.141767 0.0859517
v -4.54619817 2.14176701 0.08911496
v -4.54619817 2.14176701 0.08911496
v -4.54692 2.14733326 0.09020167
v -4.54692 2.14733326 0.09020167
v -4.55168226 2.14733326 0.0870384
v -4.55168226 2.14733326 0.0870384
v -4.55096043 2.141767 0.0859517
v -4.54720151 2.14359815 0.08093312
v -4.54302958 2.14359815 0.08370426
v -4.54302958 2.14359815 0.08370426
v -4.54366193 2.14847443 0.08465625
v -4.54366193 2.14847443 0.08465625
v -4.54783385 2.14847443 0.08188511
v -4.54783385 2.14847443 0.08188511
v -4.54720151 2.14359815 0.08093312
v -4.54416744 2.14501194 0.07670999
v -4.54031318 2.14501194 0.07927013
v -4.54031318 2.14501194 0.07927013
v -4.54089738 2.14951693 0.08014963
v -4.54089738 2.14951693 0.08014963
v -4.54475164 2.14951693 0.0775895
v -4.54475164 2.14951693 0.0775895
v -4.54416744 2.14501194 0.07670999
v -4.6446583 1.79607107 0.21305299
v -4.62702821 1.79607108 0.22476354
v -4.62657044 1.76640574 0.22467119
v -4.64475065 1.76640574 0.21259523
v -4.62702821 1.79607108 0.22476354
v -4.63873876 1.79607107 0.24239362
v -4.6386464 1.76640574 0.24285138
v -4.62657044 1.76640574 0.22467119
v -4.63873876 1.79607107 0.24239362
v -4.65636885 1.79607107 0.23068307
v -4.6568266 1.76640574 0.23077542
v -4.6386464 1.76640574 0.24285138
v -4.65636885 1.79607107 0.23068307
v -4.6446583 1.79607107 0.21305299
v -4.64475065 1.76640574 0.21259523
v -4.6568266 1.76640574 0.23077542
v -4.6445868 1.81903842 0.21340739
v -4.62738263 1.81903842 0.22483503
v -4.62738263 1.81903842 0.22483503
v -4.63881027 1.81903842 0.24203921
v -4.63881027 1.81903842 0.24203921
v -4.65601444 1.81903841 0.23061156
v -4.65601444 1.81903841 0.23061156
v -4.6445868 1.81903842 0.21340739
v -4.64452151 1.84001201 0.21373104
v -4.62770628 1.84001201 0.22490033
v -4.62770628 1.84001201 0.22490033
v -4.63887557 1.84001201 0.24171555
v -4.63887557 1.84001201 0.24171555
v -4.6556908 1.84001201 0.23054626
v -4.6556908 1.84001201 0.23054626
v -4.64452151 1.84001201 0.21373104
v -4.64445995 1.85978746 0.21403618
v -4.62801143 1.85978747 0.22496189
v -4.62801143 1.85978747 0.22496189
v -4.63893714 1.85978747 0.2414104
v -4.63893714 1.85978747 0.2414104
v -4.65538565 1.85978746 0.2304847
v -4.65538565 1.85978746 0.2304847
v -4.64445995 1.85978746 0.21403618
v -4.64440102 1.8787172 0.21432829
v -4.62830354 1.8787172 0.22502082
v -4.62830354 1.8787172 0.22502082
v -4.63899608 1.8787172 0.2411183
v -4.63899608 1.8787172 0.2411183
v -4.65509355 1.8787172 0.23042576
v -4.65509355 1.8787172 0.23042576
v -4.64440102 1.8787172 0.21432829
v -4.64434411 1.89699916 0.21461039
v -4.62858565 1.89699917 0.22507774
v -4.62858565 1.89699917 0.22507774
v -4.639053 1.89699917 0.24083619
v -4.639053 1.89699917 0.24083619
v -4.65481145 1.89699916 0.23036884
v -4.65481145 1.89699916 0.23036884
v -4.64434411 1.89699916 0.21461039
v -4.64428882 1.91475947 0.21488445
v -4.62885972 1.91475947 0.22513303
v -4.62885972 1.91475947 0.22513303
v -4.63910829 1.91475947 0.24056212
v -4.63910829 1.91475947 0.24056212
v -4.65453739 1.91475947 0.23031355
v -4.65453739 1.91475947 0.23031355
v -4.64428882 1.91475947 0.21488445
v -4.64423488 1.93208507 0.2151518
v -4.62912707 1.93208508 0.22518696
v -4.62912707 1.93208508 0.22518696
v -4.63916223 1.93208507 0.24029477
v -4.63916223 1.93208507 0.24029477
v -4.65427005 1.93208507 0.23025961
v -4.65427005 1.93208507 0.23025961
v -4.64423488 1.93208507 0.2151518
v -4.6441821 1.94903936 0.21541342
v -4.6293887 1.94903937 0.22523974
v -4.6293887 1.94903937 0.22523974
v -4.63921502 1.94903936 0.24003315
v -4.63921502 1.94903936 0.24003315
v -4.65400843 1.94903936 0.23020682
v -4.65400843 1.94903936 0.23020682
v -4.6441821 1.94903936 0.21541342
v -4.64413033 1.96567049 0.21567006
v -4.62964534 1.9656705 0.22529152
v -4.62964534 1.9656705 0.22529152
v -4.6392668 1.96567049 0.2397765
v -4.6392668 1.96567049 0.2397765
v -4.65375179 1.96567049 0.23015504
v -4.65375179 1.96567049 0.23015504
v -4.64413033 1.96567049 0.21567006
v -4.64407944 1.98201616 0.21592227
v -4.62989757 1.98201617 0.2253424
v -4.62989757 1.98201617 0.2253424
v -4.63931769 1.98201616 0.23952428
v -4.63931769 1.98201616 0.23952428
v -4.65349957 1.98201616 0.23010416
v -4.65349957 1.98201616 0.23010416
v -4.64407944 1.98201616 0.21592227
v -4.64402936 1.99810664 0.21617057
v -4.63014587 1.99810664 0.2253925
v -4.63014587 1.99810664 0.2253925
v -4.63936778 1.99810664 0.23927598
v -4.63936778 1.99810664 0.23927598
v -4.65325128 1.99810663 0.23005405
v -4.65325128 1.99810663 0.23005405
v -4.64402936 1.99810664 0.21617057
v -4.64397998 2.01396679 0.2164153
v -4.6303906 2.01396679 0.22544187
v -4.6303906 2.01396679 0.22544187
v -4.63941717 2.01396679 0.23903124
v -4.63941717 2.01396679 0.23903124
v -4.65300654 2.01396679 0.23000468
v -4.65300654 2.01396679 0.23000468
v -4.64397998 2.01396679 0.2164153
v -4.64393126 2.02961724 0.2166568
v -4.63063211 2.02961724 0.22549058
v -4.63063211 2.02961724 0.22549058
v -4.6394659 2.02961724 0.23878974
v -4.6394659 2.02961724 0.23878974
v -4.65276505 2.02961724 0.22995596
v -4.65276505 2.02961724 0.22995596
v -4.64393126 2.02961724 0.2166568
v -4.64388314 2.04507555 0.21689533
v -4.63087065 2.04507555 0.22553871
v -4.63087065 2.04507555 0.22553871
v -4.63951403 2.04507555 0.23855121
v -4.63951403 2.04507555 0.23855121
v -4.65252652 2.04507554 0.22990783
v -4.65252652 2.04507554 0.22990783
v -4.64388314 2.04507555 0.21689533
v -4.64383557 2.0603566 0.21713114
v -4.63110645 2.0603566 0.22558628
v -4.63110645 2.0603566 0.22558628
v -4.6395616 2.0603566 0.2383154
v -4.6395616 2.0603566 0.2383154
v -4.65229071 2.06035659 0.22986025
v -4.65229071 2.06035659 0.22986025
v -4.64383557 2.0603566 0.21713114
v -4.64378851 2.07547339 0.2173644
v -4.63133972 2.07547339 0.22563334
v -4.63133972 2.07547339 0.22563334
v -4.63960866 2.07547339 0.23808213
v -4.63960866 2.07547339 0.23808213
v -4.65205745 2.07547339 0.22981319
v -4.65205745 2.07547339 0.22981319
v -4.64378851 2.07547339 0.2173644
v -4.64374193 2.09043721 0.21759531
v -4.63157063 2.09043722 0.22567993
v -4.63157063 2.09043722 0.22567993
v -4.63965525 2.09043722 0.23785122
v -4.63965525 2.09043722 0.23785122
v -4.65182654 2.09043721 0.2297666
v -4.65182654 2.09043721 0.2297666
v -4.64374193 2.09043721 0.21759531
v -4.64455062 2.10082194 0.21911095
v -4.63265417 2.10082194 0.22701301
v -4.63884656 2.10969392 0.23633558
v -4.65074302 2.10969392 0.22843351
v -4.47443051 2.0845695 -0.0575294
v -4.44040338 2.07435924 -0.08250787
v -4.44219287 2.07415493 -0.08363398
v -4.4898173 2.08445857 -0.06783186
v -4.49918144 2.09687514 -0.02508053
v -4.51668473 2.09586026 -0.03745662
v -4.51884588 2.10943839 0.00739576
v -4.53517341 2.10718782 -0.00415876
v -4.5310077 2.12935124 0.0392625
v -4.54133886 2.12750663 0.03258959
v -4.53435912 2.13618267 0.0501725
v -4.53061411 2.13641224 0.05262594
v -4.53273359 2.13995481 0.05903508
v -4.53494596 2.13989593 0.05757372
v -4.544303 2.14813362 0.07698706
v -4.5433551 2.14813388 0.07761687
v -4.44238143 2.07281853 -0.08335012
v -4.44219287 2.07415493 -0.08363398
v -4.43763242 2.07303112 -0.08388023
v -4.43770756 2.07249853 -0.08376711
v -4.52096545 2.12987128 0.04590533
v -4.52708617 2.13644777 0.05497065
v -4.50258491 2.11035781 0.01851024
v -4.48171217 2.09729096 -0.01316962
v -4.45922962 2.08463208 -0.04738617
v -4.43729101 2.07435924 -0.08044053
v -4.42814768 2.08445853 -0.02686864
v -4.43204829 2.07415491 -0.07689558
v -4.43378014 2.07435924 -0.07810848
v -4.4435957 2.08456948 -0.03704779
v -4.44555195 2.09586022 0.00979245
v -4.46361504 2.09687512 -0.00145602
v -4.46890214 2.10718778 0.03986111
v -4.48571024 2.10943837 0.02940567
v -4.50045634 2.12750661 0.05974527
v -4.51056643 2.12935122 0.05284034
v -4.52316002 2.13641224 0.05757722
v -4.51945096 2.13618267 0.06007507
v -4.52611402 2.1398959 0.06344022
v -4.52831763 2.13995481 0.06196832
v -4.54145917 2.14813388 0.07887622
v -4.54051113 2.14813362 0.07950575
v -4.52668767 2.13644777 0.05523535
v -4.5303271 2.13995864 0.0606356
v -4.5422079 2.14813393 0.07837893
v -4.52056694 2.12987128 0.04617003
v -4.50218641 2.11035781 0.01877494
v -4.5307256 2.13995864 0.0603709
v -4.48131367 2.09729096 -0.01290492
v -4.43691926 2.07311254 -0.08343143
v -4.43763242 2.07303112 -0.08388023
v -4.47467624 2.08282287 -0.05715969
v -4.49006337 2.08271306 -0.06746149
v -4.44238143 2.07281853 -0.08335012
v -4.44064958 2.07261423 -0.08213722
v -4.4994253 2.09512154 -0.0247146
v -4.51692927 2.0941092 -0.03708932
v -4.5190904 2.10768726 0.00776301
v -4.5354175 2.10543516 -0.00379236
v -4.53126404 2.12764298 0.03965358
v -4.54159294 2.12579016 0.03297611
v -4.53087119 2.13470667 0.05301851
v -4.53461592 2.13447608 0.0505645
v -4.53298949 2.13824492 0.05942525
v -4.54360307 2.14639527 0.07799108
v -4.54455095 2.14639498 0.07736124
v -4.53520177 2.13818578 0.05796373
v -4.53098151 2.13824883 0.0607611
v -4.54285437 2.14639535 0.07848844
v -4.44384143 2.08282282 -0.03667808
v -4.45907676 2.08288509 -0.04675195
v -4.43713871 2.07261423 -0.07980517
v -4.43402634 2.07261423 -0.07773782
v -4.51082277 2.12764298 0.05323142
v -4.5234171 2.13470667 0.05796978
v -4.52694481 2.13474244 0.05562804
v -4.52082402 2.12816569 0.04656258
v -4.50282959 2.10860727 0.01887783
v -4.48195575 2.09553639 -0.01280426
v -4.45947526 2.08288509 -0.04701665
v -4.43753721 2.07261423 -0.08006987
v -4.42839375 2.08271303 -0.02649826
v -4.43223685 2.07281854 -0.07661171
v -4.44579646 2.09410917 0.0101597
v -4.4638589 2.09512155 -0.00109009
v -4.46914623 2.10543512 0.04022751
v -4.48595475 2.10768724 0.02977293
v -4.50071042 2.12579014 0.06013179
v -4.51970776 2.13447609 0.06046706
v -4.52636983 2.13818575 0.06383023
v -4.54075909 2.14639498 0.07987995
v -4.54170714 2.14639527 0.07925043
v -4.52857352 2.13824493 0.0623585
v -4.53058301 2.13824883 0.0610258
v -4.54245587 2.14639535 0.07875314
v -4.50243109 2.10860727 0.01914253
v -4.52122252 2.12816569 0.04629788
v -4.52734332 2.13474244 0.05536334
v -4.48155724 2.09553639 -0.01253956
v -4.43204829 2.07415491 -0.07689558
v -4.42814768 2.08445853 -0.02686864
v -4.42839375 2.08271303 -0.02649826
v -4.43223685 2.07281854 -0.07661171
v -4.43701739 2.07241711 -0.08328369
v -4.43577702 2.07241711 -0.08245979
v -4.54133886 2.12750663 0.03258959
v -4.53517341 2.10718782 -0.00415876
v -4.5354175 2.10543516 -0.00379236
v -4.54159294 2.12579016 0.03297611
v -4.44555195 2.09586022 0.00979245
v -4.44579646 2.09410917 0.0101597
v -4.4898173 2.08445857 -0.06783186
v -4.44219287 2.07415493 -0.08363398
v -4.44238143 2.07281853 -0.08335012
v -4.49006337 2.08271306 -0.06746149
v -4.51668473 2.09586026 -0.03745662
v -4.51692927 2.0941092 -0.03708932
v -4.46890214 2.10718778 0.03986111
v -4.46914623 2.10543512 0.04022751
v -4.50045634 2.12750661 0.05974527
v -4.50071042 2.12579014 0.06013179
v -4.50045634 2.12750661 0.05974527
v -4.51945096 2.13618267 0.06007507
v -4.51970776 2.13447609 0.06046706
v -4.50071042 2.12579014 0.06013179
v -4.53435912 2.13618267 0.0501725
v -4.54133886 2.12750663 0.03258959
v -4.54159294 2.12579016 0.03297611
v -4.53461592 2.13447608 0.0505645
v -4.54051113 2.14813362 0.07950575
v -4.54145917 2.14813388 0.07887622
v -4.54170714 2.14639527 0.07925043
v -4.54075909 2.14639498 0.07987995
v -4.51945096 2.13618267 0.06007507
v -4.52611402 2.1398959 0.06344022
v -4.52636983 2.13818575 0.06383023
v -4.51970776 2.13447609 0.06046706
v -4.544303 2.14813362 0.07698706
v -4.53494596 2.13989593 0.05757372
v -4.53520177 2.13818578 0.05796373
v -4.54455095 2.14639498 0.07736124
v -4.54051113 2.14813362 0.07950575
v -4.54075909 2.14639498 0.07987995
v -4.53435912 2.13618267 0.0501725
v -4.53461592 2.13447608 0.0505645
v -4.4368925 2.07435924 -0.08017583
v -4.45883112 2.08463208 -0.04712147
v -4.5426064 2.14813393 0.07811423
v -4.43770756 2.07249853 -0.08376711
v -4.5433551 2.14813388 0.07761687
v -4.544303 2.14813362 0.07698706
v -4.54455095 2.14639498 0.07736124
v -4.54360307 2.14639527 0.07799108
v -4.45947526 2.08288509 -0.04701665
v -4.43753721 2.07261423 -0.08006987
v -4.43772237 2.07415404 -0.07979111
v -4.45926034 2.08441379 -0.04733994
v -4.43713871 2.07261423 -0.07980517
v -4.45907676 2.08288509 -0.04675195
v -4.45886184 2.08441379 -0.04707524
v -4.43732387 2.07415404 -0.07952641
v -4.52056694 2.12987128 0.04617003
v -4.50218641 2.11035781 0.01877494
v -4.50240067 2.10882664 0.01909692
v -4.520792 2.128379 0.04651373
v -4.5303271 2.13995864 0.0606356
v -4.5307256 2.13995864 0.0603709
v -4.5309496 2.13846243 0.06071247
v -4.5305511 2.13846243 0.06097717
v -4.48195575 2.09553639 -0.01280426
v -4.48174273 2.09707198 -0.01312372
v -4.50258491 2.11035781 0.01851024
v -4.52096545 2.12987128 0.04590533
v -4.5211905 2.128379 0.04624903
v -4.50279917 2.10882664 0.01883221
v -4.53098151 2.13824883 0.0607611
v -4.52734332 2.13474244 0.05536334
v -4.52711841 2.13623456 0.05501991
v -4.53075767 2.1397448 0.06041982
v -4.43730528 2.072846 -0.07998672
v -4.43815009 2.07323537 -0.07871487
v -4.48155724 2.09553639 -0.01253956
v -4.48134423 2.09707198 -0.01285902
v -4.53058301 2.13824883 0.0610258
v -4.53098151 2.13824883 0.0607611
v -4.53075767 2.1397448 0.06041982
v -4.53035917 2.1397448 0.06068452
v -4.53058301 2.13824883 0.0610258
v -4.54245587 2.14639535 0.07875314
v -4.54223894 2.14791624 0.07842578
v -4.53035917 2.1397448 0.06068452
v -4.52668767 2.13644777 0.05523535
v -4.52691276 2.13495555 0.05557913
v -4.52694481 2.13474244 0.05562804
v -4.52671991 2.13623456 0.05528461
v -4.50282959 2.10860727 0.01887783
v -4.50261566 2.11013954 0.01855652
v -4.52708617 2.13644777 0.05497065
v -4.52731127 2.13495555 0.05531443
v -4.52731127 2.13495555 0.05531443
v -4.5309496 2.13846243 0.06071247
v -4.5305511 2.13846243 0.06097717
v -4.52691276 2.13495555 0.05557913
v -4.5211905 2.128379 0.04624903
v -4.520792 2.128379 0.04651373
v -4.50279917 2.10882664 0.01883221
v -4.50240067 2.10882664 0.01909692
v -4.4819254 2.09575605 -0.01284973
v -4.4815269 2.09575605 -0.01258503
v -4.45944459 2.08310354 -0.04706278
v -4.45904609 2.08310354 -0.04679808
v -4.43786154 2.0731677 -0.07958159
v -4.43746304 2.0731677 -0.07931689
v -4.52671991 2.13623456 0.05528461
v -4.53035917 2.1397448 0.06068452
v -4.53075767 2.1397448 0.06041982
v -4.52711841 2.13623456 0.05501991
v -4.52059919 2.1296582 0.04621931
v -4.52099769 2.1296582 0.04595461
v -4.50221715 2.11013954 0.01882122
v -4.50261566 2.11013954 0.01855652
v -4.48134423 2.09707198 -0.01285902
v -4.48174273 2.09707198 -0.01312372
v -4.45886184 2.08441379 -0.04707524
v -4.45926034 2.08441379 -0.04733994
v -4.43732387 2.07415404 -0.07952641
v -4.43772237 2.07415404 -0.07979111
v -4.48171217 2.09729096 -0.01316962
v -4.4819254 2.09575605 -0.01284973
v -4.52082402 2.12816569 0.04656258
v -4.52059919 2.1296582 0.04621931
v -4.48131367 2.09729096 -0.01290492
v -4.4815269 2.09575605 -0.01258503
v -4.5307256 2.13995864 0.0603709
v -4.5309496 2.13846243 0.06071247
v -4.52122252 2.12816569 0.04629788
v -4.52099769 2.1296582 0.04595461
v -4.43712447 2.07412747 -0.08025893
v -4.43729101 2.07435924 -0.08044053
v -4.43786154 2.0731677 -0.07958159
v -4.43796928 2.07451679 -0.07898708
v -4.45922962 2.08463208 -0.04738617
v -4.45944459 2.08310354 -0.04706278
v -4.5303271 2.13995864 0.0606356
v -4.5305511 2.13846243 0.06097717
v -4.50243109 2.10860727 0.01914253
v -4.50221715 2.11013954 0.01882122
v -4.4368925 2.07435924 -0.08017583
v -4.43746304 2.0731677 -0.07931689
v -4.45883112 2.08463208 -0.04712147
v -4.45904609 2.08310354 -0.04679808
v -4.54282343 2.14661228 0.07844175
v -4.54242493 2.14661228 0.07870645
v -4.54223894 2.14791624 0.07842578
v -4.54263745 2.14791624 0.07816108
v -4.54263745 2.14791624 0.07816108
v -4.54223894 2.14791624 0.07842578
v -4.5422079 2.14813393 0.07837893
v -4.54242493 2.14661228 0.07870645
v -4.54285437 2.14639535 0.07848844
v -4.54263745 2.14791624 0.07816108
v -4.54242493 2.14661228 0.07870645
v -4.54282343 2.14661228 0.07844175
v -4.5426064 2.14813393 0.07811423
v -4.54282343 2.14661228 0.07844175
v -4.43691926 2.07311254 -0.08343143
v -4.43701739 2.07241711 -0.08328369
v -4.43427969 2.07311254 -0.08167814
v -4.43358949 2.07303112 -0.08119477
v -4.43366463 2.07249853 -0.08108165
v -4.43437783 2.07241711 -0.0815304
v -4.43730528 2.072846 -0.07998672
v -4.43568456 2.07250946 -0.08242669
v -4.4356182 2.07241711 -0.0823543
v -4.43427969 2.07311254 -0.08167814
v -4.43552007 2.07311254 -0.08250204
v -4.43561252 2.07302016 -0.08253514
v -4.43567888 2.07311254 -0.08260753
v -4.43437783 2.07241711 -0.0815304
v -4.43552007 2.07311254 -0.08250204
v -4.43366463 2.07249853 -0.08108165
v -4.43358949 2.07303112 -0.08119477
v -4.43204829 2.07415491 -0.07689558
v -4.43223685 2.07281854 -0.07661171
v -4.43567888 2.07311254 -0.08260753
v -4.54388242 1.94842133 0.26167457
v -4.52753866 1.93242997 0.28408351
v -4.52678409 1.93232635 0.28271525
v -4.53665901 1.94858249 0.25009194
v -4.56512219 1.96596255 0.24655316
v -4.55659311 1.96540619 0.23323965
v -4.58629346 1.98302116 0.23515466
v -4.57856166 1.98158202 0.22257124
v -4.60566209 2.00416495 0.23009748
v -4.60130104 2.00306857 0.2221078
v -4.61228394 2.01130686 0.22895706
v -4.61396742 2.01140097 0.23179948
v -4.61794222 2.01528482 0.23096111
v -4.61692551 2.01528121 0.22929112
v -4.62943195 2.02567573 0.22430808
v -4.62987463 2.02566032 0.2250206
v -4.52722587 1.93145892 0.28242181
v -4.52678409 1.93232635 0.28271525
v -4.5267693 1.93089245 0.28587217
v -4.52694536 1.93054676 0.28575522
v -4.61023903 2.00436107 0.23770995
v -4.61560934 2.0113681 0.23445576
v -4.59394713 1.9834552 0.24750512
v -4.57342502 1.96602086 0.2597483
v -4.55100206 1.94822303 0.27310997
v -4.5289919 1.9323787 0.28642292
v -4.56545401 1.94756653 0.29644571
v -4.53152083 1.93215922 0.2903404
v -4.53063121 1.93232086 0.28906185
v -4.55827993 1.94791335 0.28485146
v -4.5898067 1.96423431 0.28670639
v -4.58172899 1.96537661 0.27328653
v -4.60950529 1.98049024 0.27238383
v -4.60176527 1.98247528 0.26006095
v -4.62039006 2.00239504 0.25283702
v -4.6152066 2.0038282 0.24546209
v -4.61744791 2.01127816 0.23740232
v -4.61924492 2.01106126 0.24016274
v -4.62104934 2.01513571 0.23592961
v -4.62000414 2.01521208 0.23428036
v -4.63075989 2.02562908 0.22644568
v -4.63120245 2.02561325 0.22715822
v -4.61579541 2.01136153 0.23475529
v -4.61906664 2.01524824 0.23277051
v -4.63041031 2.02564148 0.22588291
v -4.6104251 2.00435449 0.23800948
v -4.5941332 1.98344862 0.24780465
v -4.61888057 2.01525479 0.23247098
v -4.57361109 1.96601429 0.26004783
v -4.52707002 1.93093375 0.28641747
v -4.5267693 1.93089245 0.28587217
v -4.54445892 1.94728731 0.26129148
v -4.53723576 1.94744939 0.2497088
v -4.52722587 1.93145892 0.28242181
v -4.52811551 1.93129731 0.28370034
v -4.56569714 1.96482272 0.24617045
v -4.55716862 1.96426844 0.2328568
v -4.58686895 1.98188338 0.2347718
v -4.57913682 1.98044294 0.22218846
v -4.60624712 2.00306304 0.22971237
v -4.60188424 2.00195979 0.22172314
v -4.61455305 2.01030131 0.23141425
v -4.61286935 2.01020634 0.22857188
v -4.61852689 2.01418158 0.2305761
v -4.63045291 2.02453302 0.2246371
v -4.63001022 2.02454837 0.22392457
v -4.61751012 2.01417773 0.22890612
v -4.61946525 2.0141516 0.23208596
v -4.63080252 2.02452073 0.22519986
v -4.55885643 1.94677933 0.28446837
v -4.55176455 1.94708211 0.27302644
v -4.52975482 1.93123947 0.28633929
v -4.53120806 1.93118819 0.28867868
v -4.61579163 2.00272629 0.24507698
v -4.61803354 2.01017851 0.23701708
v -4.61638109 2.01026208 0.23437004
v -4.61101072 2.00325481 0.23762425
v -4.59452276 1.98231791 0.24712223
v -4.57399976 1.96488019 0.25936563
v -4.55157848 1.94708866 0.2727269
v -4.52956876 1.93124602 0.28603975
v -4.56603076 1.94643343 0.29606256
v -4.53196261 1.93129179 0.29004696
v -4.59038221 1.96309658 0.28632353
v -4.58230393 1.96423678 0.27290382
v -4.61008044 1.97935115 0.27200106
v -4.60234077 1.98133749 0.2596781
v -4.62097327 2.00128627 0.25245235
v -4.61983032 2.00996074 0.23977755
v -4.62163396 2.0140322 0.23554462
v -4.63178073 2.02448593 0.22677472
v -4.63133817 2.02450178 0.22606217
v -4.62058881 2.0141088 0.23389535
v -4.61965132 2.01414502 0.23238549
v -4.63098859 2.02451418 0.22549939
v -4.59470883 1.98231133 0.24742177
v -4.61082465 2.00326139 0.23732472
v -4.61619502 2.01026863 0.23407051
v -4.57418582 1.96487363 0.25966516
v -4.53152083 1.93215922 0.2903404
v -4.56545401 1.94756653 0.29644571
v -4.56603076 1.94643343 0.29606256
v -4.53196261 1.93129179 0.29004696
v -4.52729991 1.93048236 0.28626476
v -4.52787906 1.93046192 0.28719708
v -4.60130104 2.00306857 0.2221078
v -4.57856166 1.98158202 0.22257124
v -4.57913682 1.98044294 0.22218846
v -4.60188424 2.00195979 0.22172314
v -4.5898067 1.96423431 0.28670639
v -4.59038221 1.96309658 0.28632353
v -4.53665901 1.94858249 0.25009194
v -4.52678409 1.93232635 0.28271525
v -4.52722587 1.93145892 0.28242181
v -4.53723576 1.94744939 0.2497088
v -4.55659311 1.96540619 0.23323965
v -4.55716862 1.96426844 0.2328568
v -4.60950529 1.98049024 0.27238383
v -4.61008044 1.97935115 0.27200106
v -4.62039006 2.00239504 0.25283702
v -4.62097327 2.00128627 0.25245235
v -4.62039006 2.00239504 0.25283702
v -4.61924492 2.01106126 0.24016274
v -4.61983032 2.00996074 0.23977755
v -4.62097327 2.00128627 0.25245235
v -4.61228394 2.01130686 0.22895706
v -4.60130104 2.00306857 0.2221078
v -4.60188424 2.00195979 0.22172314
v -4.61286935 2.01020634 0.22857188
v -4.63120245 2.02561325 0.22715822
v -4.63075989 2.02562908 0.22644568
v -4.63133817 2.02450178 0.22606217
v -4.63178073 2.02448593 0.22677472
v -4.61924492 2.01106126 0.24016274
v -4.62104934 2.01513571 0.23592961
v -4.62163396 2.0140322 0.23554462
v -4.61983032 2.00996074 0.23977755
v -4.62943195 2.02567573 0.22430808
v -4.61692551 2.01528121 0.22929112
v -4.61751012 2.01417773 0.22890612
v -4.63001022 2.02454837 0.22392457
v -4.63120245 2.02561325 0.22715822
v -4.63178073 2.02448593 0.22677472
v -4.61228394 2.01130686 0.22895706
v -4.61286935 2.01020634 0.22857188
v -4.52917797 1.93237214 0.28672245
v -4.55118813 1.94821647 0.2734095
v -4.63022423 2.02564803 0.22558337
v -4.52694536 1.93054676 0.28575522
v -4.62987463 2.02566032 0.2250206
v -4.62943195 2.02567573 0.22430808
v -4.63001022 2.02454837 0.22392457
v -4.63045291 2.02453302 0.2246371
v -4.55157848 1.94708866 0.2727269
v -4.52956876 1.93124602 0.28603975
v -4.52949654 1.93240331 0.28610996
v -4.55107413 1.94808129 0.27306209
v -4.52975482 1.93123947 0.28633929
v -4.55176455 1.94708211 0.27302644
v -4.5512602 1.94807473 0.27336162
v -4.52968261 1.93239674 0.28640951
v -4.6104251 2.00435449 0.23800948
v -4.5941332 1.98344862 0.24780465
v -4.59463703 1.98245396 0.24746958
v -4.61093766 2.00339242 0.23767234
v -4.61906664 2.01524824 0.23277051
v -4.61888057 2.01525479 0.23247098
v -4.61939229 2.01428944 0.23213401
v -4.61957837 2.01428289 0.23243356
v -4.57399976 1.96488019 0.25936563
v -4.57349693 1.96587857 0.25970044
v -4.59394713 1.9834552 0.24750512
v -4.61023903 2.00436107 0.23770995
v -4.61075159 2.00339897 0.23737281
v -4.59445096 1.98246052 0.24717005
v -4.61946525 2.0141516 0.23208596
v -4.61619502 2.01026863 0.23407051
v -4.61568268 2.01123068 0.23440753
v -4.61895378 2.01511684 0.23242277
v -4.52958517 1.9313932 0.28624041
v -4.53043314 1.93199877 0.28572692
v -4.57418582 1.96487363 0.25966516
v -4.57368301 1.96587201 0.25999998
v -4.61965132 2.01414502 0.23238549
v -4.61946525 2.0141516 0.23208596
v -4.61895378 2.01511684 0.23242277
v -4.61913985 2.01511029 0.23272232
v -4.61965132 2.01414502 0.23238549
v -4.63098859 2.02451418 0.22549939
v -4.63048271 2.02550031 0.22583488
v -4.61913985 2.01511029 0.23272232
v -4.61579541 2.01136153 0.23475529
v -4.61630801 2.0103995 0.23441812
v -4.61638109 2.01026208 0.23437004
v -4.61586875 2.0112241 0.23470707
v -4.59452276 1.98231791 0.24712223
v -4.59401924 1.9833135 0.24745721
v -4.61560934 2.0113681 0.23445576
v -4.61612194 2.01040608 0.23411859
v -4.61612194 2.01040608 0.23411859
v -4.61939229 2.01428944 0.23213401
v -4.61957837 2.01428289 0.23243356
v -4.61630801 2.0103995 0.23441812
v -4.61075159 2.00339897 0.23737281
v -4.61093766 2.00339242 0.23767234
v -4.59445096 1.98246052 0.24717005
v -4.59463703 1.98245396 0.24746958
v -4.57392798 1.96502307 0.25941344
v -4.57411406 1.9650165 0.25971297
v -4.55150645 1.94723053 0.27277478
v -4.55169252 1.94722397 0.27307431
v -4.52982258 1.9317631 0.2858934
v -4.53000865 1.93175652 0.28619294
v -4.61586875 2.0112241 0.23470707
v -4.61913985 2.01511029 0.23272232
v -4.61895378 2.01511684 0.23242277
v -4.61568268 2.01123068 0.23440753
v -4.61049844 2.00421717 0.23796127
v -4.61031237 2.00422372 0.23766174
v -4.59420531 1.98330692 0.24775674
v -4.59401924 1.9833135 0.24745721
v -4.57368301 1.96587201 0.25999998
v -4.57349693 1.96587857 0.25970044
v -4.5512602 1.94807473 0.27336162
v -4.55107413 1.94808129 0.27306209
v -4.52968261 1.93239674 0.28640951
v -4.52949654 1.93240331 0.28610996
v -4.57342502 1.96602086 0.2597483
v -4.57392798 1.96502307 0.25941344
v -4.61101072 2.00325481 0.23762425
v -4.61049844 2.00421717 0.23796127
v -4.57361109 1.96601429 0.26004783
v -4.57411406 1.9650165 0.25971297
v -4.61888057 2.01525479 0.23247098
v -4.61939229 2.01428944 0.23213401
v -4.61082465 2.00326139 0.23732472
v -4.61031237 2.00422372 0.23766174
v -4.52916155 1.93222498 0.28652179
v -4.5289919 1.9323787 0.28642292
v -4.52982258 1.9317631 0.2858934
v -4.53000952 1.93283054 0.2860083
v -4.55100206 1.94822303 0.27310997
v -4.55150645 1.94723053 0.27277478
v -4.61906664 2.01524824 0.23277051
v -4.61957837 2.01428289 0.23243356
v -4.59470883 1.98231133 0.24742177
v -4.59420531 1.98330692 0.24775674
v -4.52917797 1.93237214 0.28672245
v -4.53000865 1.93175652 0.28619294
v -4.55118813 1.94821647 0.2734095
v -4.55169252 1.94722397 0.27307431
v -4.63073035 2.0246614 0.22524772
v -4.63091642 2.02465482 0.22554725
v -4.63048271 2.02550031 0.22583488
v -4.63029664 2.02550688 0.22553535
v -4.63029664 2.02550688 0.22553535
v -4.63048271 2.02550031 0.22583488
v -4.63041031 2.02564148 0.22588291
v -4.63091642 2.02465482 0.22554725
v -4.63080252 2.02452073 0.22519986
v -4.63029664 2.02550688 0.22553535
v -4.63091642 2.02465482 0.22554725
v -4.63073035 2.0246614 0.22524772
v -4.63022423 2.02564803 0.22558337
v -4.63073035 2.0246614 0.22524772
v -4.52707002 1.93093375 0.28641747
v -4.52729991 1.93048236 0.28626476
v -4.52830249 1.93089027 0.28840148
v -4.52865703 1.93082586 0.28891102
v -4.5288331 1.93048016 0.28879407
v -4.52853238 1.93043887 0.28824877
v -4.52958517 1.9313932 0.28624041
v -4.52788561 1.93052056 0.28727704
v -4.52795323 1.9304593 0.28731646
v -4.52830249 1.93089027 0.28840148
v -4.52772333 1.93091069 0.28746916
v -4.52771679 1.93085204 0.28738918
v -4.52764917 1.93091331 0.28734978
v -4.52853238 1.93043887 0.28824877
v -4.52772333 1.93091069 0.28746916
v -4.5288331 1.93048016 0.28879407
v -4.52865703 1.93082586 0.28891102
v -4.53152083 1.93215922 0.2903404
v -4.53196261 1.93129179 0.29004696
v -4.52764917 1.93091331 0.28734978
v -4.65788867 2.05198624 0.08077029
v -4.66683278 2.03536688 0.05490907
v -4.66791089 2.03520173 0.05603274
v -4.66788218 2.05157593 0.09006127
v -4.64241673 2.07053248 0.1008734
v -4.65407748 2.0693074 0.11149557
v -4.62600999 2.08864169 0.11736643
v -4.63665942 2.0865913 0.12749459
v -4.6099273 2.11080706 0.12725694
v -4.61615002 2.10935472 0.13383145
v -4.60427001 2.11830608 0.1300705
v -4.60191143 2.11853502 0.1277668
v -4.59853181 2.12263196 0.12960516
v -4.59994722 2.12254742 0.13095128
v -4.58981716 2.13358488 0.13900386
v -4.58920369 2.13360454 0.13843189
v -4.66751026 2.03435766 0.05643369
v -4.66791089 2.03520173 0.05603274
v -4.66701553 2.03381082 0.05298544
v -4.66685587 2.03347444 0.05314523
v -4.6035415 2.11136834 0.12110526
v -4.59963395 2.11863235 0.12563223
v -4.61543685 2.08968118 0.10744528
v -4.63097525 2.07124568 0.09030762
v -4.64803137 2.05235153 0.07159438
v -4.66481872 2.03543074 0.05303108
v -4.62797501 2.05284109 0.05285006
v -4.6613462 2.03540983 0.04991155
v -4.66254679 2.03550278 0.05091263
v -4.63793508 2.05261883 0.06216468
v -4.60804658 2.07076672 0.06857433
v -4.61940127 2.07126212 0.07941278
v -4.59377445 2.08795083 0.08750676
v -4.6045675 2.08932148 0.09737251
v -4.58969443 2.11019342 0.1091631
v -4.59669951 2.11122641 0.11492277
v -4.59708781 2.11868793 0.12326904
v -4.59462275 2.11861194 0.12107497
v -4.59423196 2.12272861 0.12562213
v -4.59567418 2.12272255 0.12694059
v -4.58797681 2.13364345 0.13728789
v -4.5873634 2.13366266 0.13671586
v -4.59937607 2.11864053 0.12539178
v -4.59697382 2.12268442 0.12815274
v -4.5884613 2.13362815 0.13773967
v -4.60328362 2.11137649 0.1208648
v -4.61517897 2.08968935 0.10720482
v -4.5972317 2.12267625 0.1283932
v -4.63071737 2.07125386 0.09006716
v -4.66658587 2.03387665 0.05253763
v -4.66701553 2.03381082 0.05298544
v -4.65736578 2.05088271 0.08129367
v -4.66735913 2.05047334 0.09058476
v -4.66751026 2.03435766 0.05643369
v -4.66630965 2.03426473 0.05543262
v -4.6418949 2.06942308 0.10139604
v -4.65355527 2.06820012 0.11201848
v -4.62548778 2.08753436 0.11788934
v -4.63613745 2.08548263 0.12801733
v -4.60939863 2.10973607 0.12778442
v -4.61562259 2.10827679 0.13435805
v -4.60138236 2.11746629 0.12829456
v -4.60374109 2.11723651 0.13059815
v -4.59800338 2.12155958 0.13013246
v -4.58867959 2.13250782 0.13895612
v -4.58929308 2.13248814 0.13952809
v -4.59941883 2.12147481 0.13147855
v -4.59670326 2.12160393 0.12892051
v -4.58819508 2.13252323 0.13850436
v -4.6374122 2.05151527 0.06268807
v -4.64725067 2.05125583 0.07187726
v -4.66403773 2.03433677 0.05331418
v -4.66202367 2.03440061 0.05143619
v -4.59617083 2.11015542 0.11545024
v -4.59655873 2.11761923 0.1237968
v -4.59884696 2.117572 0.12591956
v -4.60275455 2.11030776 0.12139256
v -4.61491455 2.08857434 0.10796825
v -4.63045356 2.07013541 0.09083016
v -4.64750855 2.05124766 0.07211772
v -4.6642956 2.0343286 0.05355463
v -4.62745197 2.0517385 0.05337357
v -4.66094557 2.03456576 0.0503125
v -4.60752436 2.06965941 0.06909722
v -4.61887944 2.07015271 0.07993542
v -4.59325249 2.08684218 0.0880295
v -4.6040453 2.08821414 0.09789542
v -4.589167 2.10911549 0.10968969
v -4.59409383 2.11754234 0.12160262
v -4.59370359 2.121656 0.1261494
v -4.58683931 2.13256592 0.1372401
v -4.58745271 2.13254671 0.13781213
v -4.59514575 2.12165018 0.12746788
v -4.59644539 2.1216121 0.12868005
v -4.5879372 2.1325314 0.1382639
v -4.61465668 2.08858252 0.1077278
v -4.60301243 2.11029958 0.12163301
v -4.59910483 2.11756383 0.12616002
v -4.63019568 2.07014359 0.0905897
v -4.6613462 2.03540983 0.04991155
v -4.62797501 2.05284109 0.05285006
v -4.62745197 2.0517385 0.05337357
v -4.66094557 2.03456576 0.0503125
v -4.66637739 2.03343738 0.05274628
v -4.66557472 2.03346283 0.05199784
v -4.61615002 2.10935472 0.13383145
v -4.63665942 2.0865913 0.12749459
v -4.63613745 2.08548263 0.12801733
v -4.61562259 2.10827679 0.13435805
v -4.60804658 2.07076672 0.06857433
v -4.60752436 2.06965941 0.06909722
v -4.66788218 2.05157593 0.09006127
v -4.66791089 2.03520173 0.05603274
v -4.66751026 2.03435766 0.05643369
v -4.66735913 2.05047334 0.09058476
v -4.65407748 2.0693074 0.11149557
v -4.65355527 2.06820012 0.11201848
v -4.59377445 2.08795083 0.08750676
v -4.59325249 2.08684218 0.0880295
v -4.58969443 2.11019342 0.1091631
v -4.589167 2.10911549 0.10968969
v -4.58969443 2.11019342 0.1091631
v -4.59462275 2.11861194 0.12107497
v -4.59409383 2.11754234 0.12160262
v -4.589167 2.10911549 0.10968969
v -4.60427001 2.11830608 0.1300705
v -4.61615002 2.10935472 0.13383145
v -4.61562259 2.10827679 0.13435805
v -4.60374109 2.11723651 0.13059815
v -4.5873634 2.13366266 0.13671586
v -4.58797681 2.13364345 0.13728789
v -4.58745271 2.13254671 0.13781213
v -4.58683931 2.13256592 0.1372401
v -4.59462275 2.11861194 0.12107497
v -4.59423196 2.12272861 0.12562213
v -4.59370359 2.121656 0.1261494
v -4.59409383 2.11754234 0.12160262
v -4.58981716 2.13358488 0.13900386
v -4.59994722 2.12254742 0.13095128
v -4.59941883 2.12147481 0.13147855
v -4.58929308 2.13248814 0.13952809
v -4.5873634 2.13366266 0.13671586
v -4.58683931 2.13256592 0.1372401
v -4.60427001 2.11830608 0.1300705
v -4.60374109 2.11723651 0.13059815
v -4.66456084 2.03543892 0.05279062
v -4.6477735 2.05235971 0.07135393
v -4.58871917 2.13361997 0.13798012
v -4.66685587 2.03347444 0.05314523
v -4.58920369 2.13360454 0.13843189
v -4.58981716 2.13358488 0.13900386
v -4.58929308 2.13248814 0.13952809
v -4.58867959 2.13250782 0.13895612
v -4.64750855 2.05124766 0.07211772
v -4.6642956 2.0343286 0.05355463
v -4.6644157 2.03548053 0.053465
v -4.64796601 2.05221361 0.07165981
v -4.66403773 2.03433677 0.05331418
v -4.64725067 2.05125583 0.07187726
v -4.64770813 2.05222179 0.07141935
v -4.66415782 2.03548871 0.05322454
v -4.60328362 2.11137649 0.1208648
v -4.61517897 2.08968935 0.10720482
v -4.61472185 2.08872133 0.1076625
v -4.60282057 2.11044148 0.12132668
v -4.59697382 2.12268442 0.12815274
v -4.5972317 2.12267625 0.1283932
v -4.59676922 2.12173792 0.12885469
v -4.59651133 2.12174609 0.12861423
v -4.63045356 2.07013541 0.09083016
v -4.63090998 2.07110718 0.09037298
v -4.61543685 2.08968118 0.10744528
v -4.6035415 2.11136834 0.12110526
v -4.60307845 2.11043331 0.12156714
v -4.61497973 2.08871316 0.10790296
v -4.59670326 2.12160393 0.12892051
v -4.59910483 2.11756383 0.12616002
v -4.5995677 2.1184988 0.12569831
v -4.59716554 2.12254215 0.12845921
v -4.66423615 2.03447907 0.05336487
v -4.66358926 2.0351261 0.05408062
v -4.63019568 2.07014359 0.0905897
v -4.63065211 2.07111536 0.09013253
v -4.59644539 2.1216121 0.12868005
v -4.59670326 2.12160393 0.12892051
v -4.59716554 2.12254215 0.12845921
v -4.59690766 2.12255033 0.12821876
v -4.59644539 2.1216121 0.12868005
v -4.5879372 2.1325314 0.1382639
v -4.58839568 2.1334908 0.1378053
v -4.59690766 2.12255033 0.12821876
v -4.59937607 2.11864053 0.12539178
v -4.59891299 2.1177056 0.12585369
v -4.59884696 2.117572 0.12591956
v -4.59930983 2.11850698 0.12545785
v -4.61491455 2.08857434 0.10796825
v -4.61537145 2.08954331 0.10751073
v -4.59963395 2.11863235 0.12563223
v -4.59917087 2.11769742 0.12609414
v -4.59917087 2.11769742 0.12609414
v -4.59676922 2.12173792 0.12885469
v -4.59651133 2.12174609 0.12861423
v -4.59891299 2.1177056 0.12585369
v -4.60307845 2.11043331 0.12156714
v -4.60282057 2.11044148 0.12132668
v -4.61497973 2.08871316 0.10790296
v -4.61472185 2.08872133 0.1076625
v -4.63051872 2.07027449 0.09076488
v -4.63026084 2.07028267 0.09052443
v -4.64757389 2.05138571 0.07205231
v -4.64731601 2.05139389 0.07181185
v -4.66412001 2.03485756 0.05376093
v -4.66386213 2.03486574 0.05352048
v -4.59930983 2.11850698 0.12545785
v -4.59690766 2.12255033 0.12821876
v -4.59716554 2.12254215 0.12845921
v -4.5995677 2.1184988 0.12569831
v -4.60321738 2.11124305 0.12093087
v -4.60347525 2.11123487 0.12117132
v -4.61511358 2.08955149 0.10727028
v -4.61537145 2.08954331 0.10751073
v -4.63065211 2.07111536 0.09013253
v -4.63090998 2.07110718 0.09037298
v -4.64770813 2.05222179 0.07141935
v -4.64796601 2.05221361 0.07165981
v -4.66415782 2.03548871 0.05322454
v -4.6644157 2.03548053 0.053465
v -4.63097525 2.07124568 0.09030762
v -4.63051872 2.07027449 0.09076488
v -4.60275455 2.11030776 0.12139256
v -4.60321738 2.11124305 0.12093087
v -4.63071737 2.07125386 0.09006716
v -4.63026084 2.07028267 0.09052443
v -4.5972317 2.12267625 0.1283932
v -4.59676922 2.12173792 0.12885469
v -4.60301243 2.11029958 0.12163301
v -4.60347525 2.11123487 0.12117132
v -4.6646203 2.03528844 0.0529804
v -4.66481872 2.03543074 0.05303108
v -4.66412001 2.03485756 0.05376093
v -4.66397341 2.03593547 0.05369615
v -4.64803137 2.05235153 0.07159438
v -4.64757389 2.05138571 0.07205231
v -4.59697382 2.12268442 0.12815274
v -4.59651133 2.12174609 0.12861423
v -4.61465668 2.08858252 0.1077278
v -4.61511358 2.08955149 0.10727028
v -4.66456084 2.03543892 0.05279062
v -4.66386213 2.03486574 0.05352048
v -4.6477735 2.05235971 0.07135393
v -4.64731601 2.05139389 0.07181185
v -4.58826048 2.1326601 0.13843894
v -4.58800261 2.13266828 0.13819848
v -4.58839568 2.1334908 0.1378053
v -4.58865355 2.13348263 0.13804576
v -4.58865355 2.13348263 0.13804576
v -4.58839568 2.1334908 0.1378053
v -4.5884613 2.13362815 0.13773967
v -4.58800261 2.13266828 0.13819848
v -4.58819508 2.13252323 0.13850436
v -4.58865355 2.13348263 0.13804576
v -4.58800261 2.13266828 0.13819848
v -4.58826048 2.1326601 0.13843894
v -4.58871917 2.13361997 0.13798012
v -4.58826048 2.1326601 0.13843894
v -4.66658587 2.03387665 0.05253763
v -4.66637739 2.03343738 0.05274628
v -4.66487777 2.03393079 0.05094492
v -4.6643993 2.03389376 0.05054597
v -4.66423963 2.03355735 0.05070576
v -4.6646693 2.03349155 0.05115357
v -4.66423615 2.03447907 0.05336487
v -4.66555103 2.03352281 0.05192222
v -4.66547196 2.03346611 0.051902
v -4.66487777 2.03393079 0.05094492
v -4.66568044 2.03390534 0.05169335
v -4.66570413 2.03384536 0.05176899
v -4.6657832 2.03390207 0.05178919
v -4.6646693 2.03349155 0.05115357
v -4.66568044 2.03390534 0.05169335
v -4.66423963 2.03355735 0.05070576
v -4.6643993 2.03389376 0.05054597
v -4.6613462 2.03540983 0.04991155
v -4.66094557 2.03456576 0.0503125
v -4.6657832 2.03390207 0.05178919
v -4.44838199 2.01870653 0.11920198
v -4.43189766 1.99040066 0.14771623
v -4.4308426 1.99024799 0.14587891
v -4.43807592 2.01857636 0.10381776
v -4.47140217 2.04937326 0.10058494
v -4.45944166 2.0481826 0.08280601
v -4.49466044 2.07889805 0.08692562
v -4.48402486 2.07664643 0.06998529
v -4.51484234 2.11255069 0.08244094
v -4.50886542 2.11101948 0.07164302
v -4.52179696 2.12386431 0.08168969
v -4.52417367 2.12405056 0.08548623
v -4.52844123 2.13032726 0.08477199
v -4.52699504 2.13027925 0.08254942
v -4.54075195 2.14791338 0.07688576
v -4.5413851 2.14791367 0.07783144
v -4.43163315 1.98924951 0.14534963
v -4.4308426 1.99024799 0.14587891
v -4.4313604 1.98793237 0.14993983
v -4.43167547 1.98753446 0.14972888
v -4.52131262 2.11299289 0.09259892
v -4.52651666 2.12408208 0.08901534
v -4.5054323 2.07982752 0.10341498
v -4.4831803 2.04986114 0.11814215
v -4.45855099 2.01877998 0.13438559
v -4.43397633 1.99040066 0.15082104
v -4.47926366 2.01857635 0.16533763
v -4.43761793 1.99024798 0.15599886
v -4.43632117 1.99040066 0.15432338
v -4.46897586 2.01870652 0.14996192
v -4.50694964 2.04818256 0.15376609
v -4.49515616 2.04937326 0.13606499
v -4.52828596 2.07664639 0.13609568
v -4.51679098 2.07889804 0.11998081
v -4.53616993 2.11101945 0.11242628
v -4.5284946 2.11255069 0.10283257
v -4.52915209 2.12405056 0.09292222
v -4.5317538 2.12386431 0.09656166
v -4.53289369 2.13027925 0.09135991
v -4.53139055 2.13032726 0.08917723
v -4.54265134 2.14791367 0.07972276
v -4.54328445 2.14791338 0.08066842
v -4.52678281 2.12408208 0.08941288
v -4.53004877 2.13033143 0.08717381
v -4.54215131 2.14791375 0.07897588
v -4.52157877 2.11299289 0.09299644
v -4.50569845 2.07982752 0.10381252
v -4.52978262 2.13033143 0.08677627
v -4.48344645 2.04986114 0.11853968
v -4.43178086 1.98799322 0.15067206
v -4.4313604 1.98793237 0.14993983
v -4.44941414 2.01740084 0.11851079
v -4.43910817 2.01727201 0.10312662
v -4.43163315 1.98924951 0.14534963
v -4.43292994 1.98909689 0.14702511
v -4.47243374 2.04805945 0.09989351
v -4.46047342 2.04687172 0.08211464
v -4.49569222 2.07758709 0.08623426
v -4.48505653 2.07533367 0.06929387
v -4.51587765 2.11129005 0.08175124
v -4.50990005 2.10974922 0.07095301
v -4.52520921 2.12279306 0.08479663
v -4.52283241 2.12260561 0.08100005
v -4.5294764 2.12906471 0.08408222
v -4.5424179 2.14661742 0.07714056
v -4.54178476 2.14661708 0.07619489
v -4.5280302 2.12901636 0.08185965
v -4.53081779 2.12906895 0.0860865
v -4.54291796 2.1466175 0.07788746
v -4.47000802 2.01740084 0.14927074
v -4.45984927 2.01747385 0.13409192
v -4.43527477 1.98909689 0.15052745
v -4.43735345 1.98909689 0.15363226
v -4.52952991 2.11129005 0.10214287
v -4.53018762 2.12279306 0.09223262
v -4.52781836 2.12282485 0.08872329
v -4.5226143 2.11173537 0.09230684
v -4.50646413 2.07851727 0.10272366
v -4.4842118 2.04854615 0.11745066
v -4.45958311 2.01747385 0.1336944
v -4.43500861 1.98909689 0.15012992
v -4.48029592 2.017272 0.1646465
v -4.43840849 1.98924951 0.15546959
v -4.50798143 2.04687168 0.15307475
v -4.49618774 2.04805945 0.13537355
v -4.52931762 2.07533366 0.13540426
v -4.51782277 2.07758709 0.11928945
v -4.53720457 2.10974922 0.11173627
v -4.53278924 2.12260561 0.09587201
v -4.53392884 2.12901636 0.09067014
v -4.54431726 2.14661708 0.07997755
v -4.54368416 2.14661742 0.0790319
v -4.53242572 2.12906471 0.08848746
v -4.53108394 2.12906895 0.08648404
v -4.54318412 2.1466175 0.078285
v -4.50673028 2.07851727 0.1031212
v -4.52234814 2.11173537 0.09190931
v -4.5275522 2.12282485 0.08832575
v -4.48447795 2.04854615 0.1178482
v -4.43761793 1.99024798 0.15599886
v -4.47926366 2.01857635 0.16533763
v -4.48029592 2.017272 0.1646465
v -4.43840849 1.98924951 0.15546959
v -4.43219226 1.98747361 0.15039662
v -4.43302068 1.98747361 0.151634
v -4.50886542 2.11101948 0.07164302
v -4.48402486 2.07664643 0.06998529
v -4.48505653 2.07533367 0.06929387
v -4.50990005 2.10974922 0.07095301
v -4.50694964 2.04818256 0.15376609
v -4.50798143 2.04687168 0.15307475
v -4.43807592 2.01857636 0.10381776
v -4.4308426 1.99024799 0.14587891
v -4.43163315 1.98924951 0.14534963
v -4.43910817 2.01727201 0.10312662
v -4.45944166 2.0481826 0.08280601
v -4.46047342 2.04687172 0.08211464
v -4.52828596 2.07664639 0.13609568
v -4.52931762 2.07533366 0.13540426
v -4.53616993 2.11101945 0.11242628
v -4.53720457 2.10974922 0.11173627
v -4.53616993 2.11101945 0.11242628
v -4.5317538 2.12386431 0.09656166
v -4.53278924 2.12260561 0.09587201
v -4.53720457 2.10974922 0.11173627
v -4.52179696 2.12386431 0.08168969
v -4.50886542 2.11101948 0.07164302
v -4.50990005 2.10974922 0.07095301
v -4.52283241 2.12260561 0.08100005
v -4.54328445 2.14791338 0.08066842
v -4.54265134 2.14791367 0.07972276
v -4.54368416 2.14661742 0.0790319
v -4.54431726 2.14661708 0.07997755
v -4.5317538 2.12386431 0.09656166
v -4.53289369 2.13027925 0.09135991
v -4.53392884 2.12901636 0.09067014
v -4.53278924 2.12260561 0.09587201
v -4.54075195 2.14791338 0.07688576
v -4.52699504 2.13027925 0.08254942
v -4.5280302 2.12901636 0.08185965
v -4.54178476 2.14661708 0.07619489
v -4.54328445 2.14791338 0.08066842
v -4.54431726 2.14661708 0.07997755
v -4.52179696 2.12386431 0.08168969
v -4.52283241 2.12260561 0.08100005
v -4.43424249 1.99040066 0.15121857
v -4.45881716 2.01877998 0.13478312
v -4.54188515 2.14791375 0.07857834
v -4.43167547 1.98753446 0.14972888
v -4.5413851 2.14791367 0.07783144
v -4.54075195 2.14791338 0.07688576
v -4.54178476 2.14661708 0.07619489
v -4.5424179 2.14661742 0.07714056
v -4.45958311 2.01747385 0.1336944
v -4.43500861 1.98909689 0.15012992
v -4.43462469 1.99060339 0.15038697
v -4.45868001 2.0186168 0.1342992
v -4.43527477 1.98909689 0.15052745
v -4.45984927 2.01747385 0.13409192
v -4.45894617 2.0186168 0.13469673
v -4.43489085 1.99060339 0.1507845
v -4.52157877 2.11299289 0.09299644
v -4.50569845 2.07982752 0.10381252
v -4.50660139 2.07868171 0.1032076
v -4.52248501 2.11189279 0.09239298
v -4.53004877 2.13033143 0.08717381
v -4.52978262 2.13033143 0.08677627
v -4.53068857 2.12922674 0.08617262
v -4.53095472 2.12922674 0.08657016
v -4.4842118 2.04854615 0.11745066
v -4.48330927 2.04969717 0.11805573
v -4.5054323 2.07982752 0.10341498
v -4.52131262 2.11299289 0.09259892
v -4.52221886 2.11189279 0.09199544
v -4.50633524 2.07868171 0.10281008
v -4.53081779 2.12906895 0.0860865
v -4.5275522 2.12282485 0.08832575
v -4.52664627 2.12392498 0.08892906
v -4.52991218 2.13017359 0.08668994
v -4.43500458 1.98927008 0.15042049
v -4.43595253 1.99035705 0.14978583
v -4.48447795 2.04854615 0.1178482
v -4.48357542 2.04969717 0.11845326
v -4.53108394 2.12906895 0.08648404
v -4.53081779 2.12906895 0.0860865
v -4.52991218 2.13017359 0.08668994
v -4.53017834 2.13017359 0.08708748
v -4.53108394 2.12906895 0.08648404
v -4.54318412 2.1466175 0.078285
v -4.54228062 2.14775143 0.07888937
v -4.53017834 2.13017359 0.08708748
v -4.52678281 2.12408208 0.08941288
v -4.52768908 2.12298206 0.08880939
v -4.52781836 2.12282485 0.08872329
v -4.52691242 2.12392498 0.0893266
v -4.50646413 2.07851727 0.10272366
v -4.50556137 2.07966441 0.10332856
v -4.52651666 2.12408208 0.08901534
v -4.52742293 2.12298206 0.08841186
v -4.52742293 2.12298206 0.08841186
v -4.53068857 2.12922674 0.08617262
v -4.53095472 2.12922674 0.08657016
v -4.52768908 2.12298206 0.08880939
v -4.52221886 2.11189279 0.09199544
v -4.52248501 2.11189279 0.09239298
v -4.50633524 2.07868171 0.10281008
v -4.50660139 2.07868171 0.1032076
v -4.48408289 2.04871093 0.11753712
v -4.48434904 2.04871093 0.11793466
v -4.4594541 2.01763722 0.1337808
v -4.45972026 2.01763722 0.13417833
v -4.43520816 1.98986645 0.14999632
v -4.43547432 1.98986645 0.15039385
v -4.52691242 2.12392498 0.0893266
v -4.53017834 2.13017359 0.08708748
v -4.52991218 2.13017359 0.08668994
v -4.52664627 2.12392498 0.08892906
v -4.52170836 2.11283592 0.09291018
v -4.52144221 2.11283592 0.09251264
v -4.50582752 2.07966441 0.1037261
v -4.50556137 2.07966441 0.10332856
v -4.48357542 2.04969717 0.11845326
v -4.48330927 2.04969717 0.11805573
v -4.45894617 2.0186168 0.13469673
v -4.45868001 2.0186168 0.1342992
v -4.43489085 1.99060339 0.1507845
v -4.43462469 1.99060339 0.15038697
v -4.4831803 2.04986114 0.11814215
v -4.48408289 2.04871093 0.11753712
v -4.5226143 2.11173537 0.09230684
v -4.52170836 2.11283592 0.09291018
v -4.48344645 2.04986114 0.11853968
v -4.48434904 2.04871093 0.11793466
v -4.52978262 2.13033143 0.08677627
v -4.53068857 2.12922674 0.08617262
v -4.52234814 2.11173537 0.09190931
v -4.52144221 2.11283592 0.09251264
v -4.43424652 1.99022749 0.150928
v -4.43397633 1.99040066 0.15082104
v -4.43520816 1.98986645 0.14999632
v -4.43519448 1.99131446 0.15029335
v -4.45855099 2.01877998 0.13438559
v -4.4594541 2.01763722 0.1337808
v -4.53004877 2.13033143 0.08717381
v -4.53095472 2.12922674 0.08657016
v -4.50673028 2.07851727 0.1031212
v -4.50582752 2.07966441 0.1037261
v -4.43424249 1.99040066 0.15121857
v -4.43547432 1.98986645 0.15039385
v -4.45881716 2.01877998 0.13478312
v -4.45972026 2.01763722 0.13417833
v -4.54278907 2.14677924 0.07797368
v -4.54305523 2.14677924 0.07837121
v -4.54228062 2.14775143 0.07888937
v -4.54201447 2.14775143 0.07849183
v -4.54201447 2.14775143 0.07849183
v -4.54228062 2.14775143 0.07888937
v -4.54215131 2.14791375 0.07897588
v -4.54305523 2.14677924 0.07837121
v -4.54291796 2.1466175 0.07788746
v -4.54201447 2.14775143 0.07849183
v -4.54305523 2.14677924 0.07837121
v -4.54278907 2.14677924 0.07797368
v -4.54188515 2.14791375 0.07857834
v -4.54278907 2.14677924 0.07797368
v -4.43178086 1.98799322 0.15067206
v -4.43219226 1.98747361 0.15039662
v -4.43354377 1.98799322 0.15330521
v -4.43406058 1.98793237 0.15397294
v -4.43437565 1.98753446 0.15376201
v -4.43395518 1.98747361 0.15302979
v -4.43500458 1.98927008 0.15042049
v -4.43301908 1.98754264 0.15174978
v -4.43312676 1.98747361 0.15179241
v -4.43354377 1.98799322 0.15330521
v -4.43271536 1.98799322 0.15206785
v -4.43271697 1.9879242 0.15195204
v -4.43260928 1.98799322 0.15190942
v -4.43395518 1.98747361 0.15302979
v -4.43271536 1.98799322 0.15206785
v -4.43437565 1.98753446 0.15376201
v -4.43406058 1.98793237 0.15397294
v -4.43761793 1.99024798 0.15599886
v -4.43840849 1.98924951 0.15546959
v -4.43260928 1.98799322 0.15190942
v -4.43568456 2.07250946 -0.08242669
v -4.4356182 2.07241711 -0.0823543
v -4.43561252 2.07302016 -0.08253514
v -4.43552007 2.07311254 -0.08250204
v -4.43577702 2.07241711 -0.08245979
v -4.43567888 2.07311254 -0.08260753
v -4.52772333 1.93091069 0.28746916
v -4.52788561 1.93052056 0.28727704
v -4.52771679 1.93085204 0.28738918
v -4.52795323 1.9304593 0.28731646
v -4.52764917 1.93091331 0.28734978
v -4.52787906 1.93046192 0.28719708
v -4.66568044 2.03390534 0.05169335
v -4.66547196 2.03346611 0.051902
v -4.66570413 2.03384536 0.05176899
v -4.66555103 2.03352281 0.05192222
v -4.6657832 2.03390207 0.05178919
v -4.66557472 2.03346283 0.05199784
v -4.43271697 1.9879242 0.15195204
v -4.43312676 1.98747361 0.15179241
v -4.43301908 1.98754264 0.15174978
v -4.43271536 1.98799322 0.15206785
v -4.43302068 1.98747361 0.151634
v -4.43260928 1.98799322 0.15190942
vn 0 0.96824 0.25001
vn 0 0.96822 0.2501
vn 0 0.92482 -0.38041
vn 0 0.62978 0.77677
vn 0.85109 0.0357 0.5238
vn 0.85102 0.0357 0.52391
vn 0.99541 0.0286 -0.0913
vn 0.3725 0.0287 0.92759
vn -0.80328 0.20509 0.55918
vn -0.80312 0.2048 0.55951
vn -0.97184 0.23051 -0.0489
vn -0.3193 0.0986 0.94251
vn 0.7219 -0.0027 0.692
vn 0.7219 -0.0026 0.692
vn 0.99263 -0.0037 0.1211
vn 0.16891 -0.0006 0.98563
vn 0 0 -1
vn 0 -0.97361 0.2282
vn 0 -0.1624 -0.98672
vn -0.9998 -0.0167 0.0108
vn -0.9998 -0.0167 0.0109
vn 0 0.2709 0.96261
vn 0.9998 -0.0167 0.0108
vn 0.9998 -0.0166 0.0109
vn 0 -0.24639 -0.96917
vn -0.99983 -0.0182 0.0043
vn 0 0.2099 0.97772
vn 0.99983 -0.0182 0.0043
vn 0 -0.2467 -0.96909
vn -0.99982 -0.0185 0.0043
vn 0 0.2096 0.97779
vn 0.99982 -0.0185 0.0043
vn 0 -0.25881 -0.96593
vn -0.9995 -0.0307 0.0072
vn 0 0.1974 0.98032
vn 0.9995 -0.0307 0.0072
vn 0 -0.27039 -0.96275
vn -0.99905 -0.0424 0.0099
vn 0 0.1856 0.98262
vn 0.99905 -0.0424 0.0099
vn 0 -0.27839 -0.96047
vn -0.99865 -0.0505 0.0118
vn 0 0.17741 0.98414
vn 0.99865 -0.0505 0.0118
vn 0 -0.28319 -0.95906
vn -0.99839 -0.0553 0.013
vn -0.99838 -0.0554 0.013
vn 0 0.1725 0.98501
vn 0.99838 -0.0554 0.013
vn 0.99839 -0.0553 0.013
vn 0 -0.2807 -0.9598
vn -0.99852 -0.0529 0.0124
vn 0 0.17499 0.98457
vn 0 0.1749 0.98459
vn 0.99852 -0.0529 0.0124
vn 0 -0.26251 -0.96493
vn -0.99937 -0.0345 0.0081
vn 0 0.1936 0.98108
vn 0.99937 -0.0345 0.0081
vn 0 -0.99994 0.0111
vn -0.99994 0 0.0111
vn 0 0.99994 0.0111
vn 0.99994 0 0.0111
vn 0 -0.98671 0.1625
vn -0.99993 -0.0038 0.0112
vn -0.99993 -0.0038 0.0111
vn -0.99993 -0.0039 0.011
vn 0 0.99609 0.0884
vn 0.99993 -0.0039 0.0112
vn 0.99993 -0.0038 0.0111
vn 0.0145 -0.25869 0.96585
vn 0.0146 -0.25871 0.96584
vn 0.0221 -0.28329 0.95878
vn 0.0221 -0.2832 0.95881
vn 0.0664 -0.2959 0.95291
vn 0.0665 -0.2959 0.9529
vn 0.1037 -0.48439 0.86868
vn 0.1116 -0.50221 0.85751
vn 0.1116 -0.50228 0.85747
vn 0.0152 -0.35741 0.93382
vn 0.0379 -0.47499 0.87918
vn 0.6236 -0.7575 -0.1932
vn 0.0299 -0.5217 0.8526
vn 0.0298 -0.5217 0.85261
vn 0.0269 -0.31941 0.94723
vn 0.027 -0.31941 0.94723
vn 0.0094 -0.2926 0.95619
vn 0.0023 -0.2505 0.96811
vn 0.0025 -0.2505 0.96811
vn -0.0145 -0.25869 0.96585
vn -0.0146 -0.25871 0.96584
vn -0.0222 -0.28341 0.95874
vn -0.067 -0.29619 0.95278
vn -0.067 -0.29628 0.95275
vn -0.1046 -0.48368 0.86897
vn -0.1121 -0.50098 0.85817
vn -0.0152 -0.35729 0.93387
vn -0.038 -0.47451 0.87943
vn -0.038 -0.47459 0.87939
vn -0.005 -0.4757 0.87959
vn -0.0051 -0.47562 0.87964
vn -0.0012 -0.3575 0.93391
vn -0.0009 -0.35759 0.93388
vn -0.0299 -0.52139 0.85279
vn -0.0298 -0.5214 0.85279
vn -0.0354 -0.50789 0.86069
vn -0.0353 -0.5079 0.86069
vn -0.0352 -0.5079 0.8607
vn 0.005 -0.4757 0.87959
vn -0.027 -0.3195 0.9472
vn -0.0271 -0.31959 0.94717
vn 0.0959 -0.4865 0.8684
vn 0.0059 0.2427 -0.97008
vn 0.0058 0.2427 -0.97009
vn -0.022 0.28311 -0.95884
vn -0.0221 0.28311 -0.95883
vn -0.0664 0.2959 -0.95291
vn -0.1038 0.48482 -0.86843
vn -0.1119 0.50219 -0.85749
vn -0.0153 0.35661 -0.93413
vn -0.0152 0.35661 -0.93413
vn -0.038 0.47459 -0.87939
vn -0.0381 0.47459 -0.87938
vn -0.0009 0.35671 -0.93422
vn -0.0013 0.35679 -0.93418
vn 0.0025 0.2505 -0.96811
vn 0.0023 0.25041 -0.96814
vn 0.0299 0.52139 -0.85279
vn 0.03 0.52139 -0.85279
vn -0.0269 0.31941 -0.94723
vn -0.0094 0.29251 -0.95622
vn -0.0094 0.29241 -0.95625
vn -0.0024 0.25041 -0.96814
vn -0.0022 0.25041 -0.96814
vn -0.0058 0.2427 -0.97009
vn -0.0059 0.2427 -0.97008
vn 0.0222 0.28329 -0.95878
vn 0.0221 0.28329 -0.95878
vn 0.067 0.29628 -0.95275
vn 0.1047 0.48419 -0.86868
vn 0.1124 0.50101 -0.85811
vn 0.1124 0.50089 -0.85818
vn 0.0153 0.35649 -0.93417
vn 0.0381 0.4742 -0.87959
vn 0.0381 0.47427 -0.87955
vn 0.0052 0.4753 -0.87981
vn 0.005 0.47538 -0.87977
vn 0.0051 0.4753 -0.87981
vn 0.0007 0.35679 -0.93418
vn 0.0013 0.35671 -0.93422
vn 0.0355 0.50847 -0.86035
vn 0.0353 0.5084 -0.8604
vn -0.0299 0.5217 -0.8526
vn -0.005 0.47538 -0.87977
vn -0.0051 0.47542 -0.87974
vn 0.027 0.31959 -0.94717
vn 0.0094 0.29251 -0.95622
vn 0.0094 0.2926 -0.95619
vn -0.79712 -0.58512 -0.1491
vn -0.79715 -0.58506 -0.14919
vn 0 0.0663 -0.9978
vn 0.92865 0.35908 0.0931
vn 0.92865 0.35912 0.093
vn -0.99053 -0.1331 -0.0338
vn -0.99052 -0.1331 -0.0339
vn 0.79719 -0.585 -0.1492
vn 0.79717 -0.58508 -0.14899
vn 0.9912 -0.1283 -0.0327
vn 0.99119 -0.1285 -0.0321
vn -0.99748 0.0689 0.017
vn -0.99748 0.0688 0.0171
vn 0.99709 0.0738 0.0189
vn -0.92803 0.36041 0.0942
vn -0.63018 0.74898 0.20469
vn -0.63023 0.74894 0.20471
vn 0.63219 0.74789 0.2025
vn 0.6322 0.7479 0.2024
vn -0.0002 0.96824 0.25001
vn -0.89111 0.4373 0.1212
vn -0.89114 0.43712 0.12161
vn 0.9917 0.1244 0.0324
vn 0.99169 0.1246 0.0319
vn -0.99082 0.1304 0.0356
vn -0.99081 0.1305 0.0355
vn 0.89491 0.4308 0.1164
vn -0.0022 -0.25041 0.96814
vn -0.0023 -0.2505 0.96811
vn -0.0024 -0.2505 0.96811
vn 0.0009 -0.35759 0.93388
vn -0.0353 0.50859 -0.86028
vn -0.0352 0.50871 -0.86022
vn 0.0959 -0.0112 -0.99533
vn -0.0094 -0.29269 0.95616
vn 0.0002 0.96825 0.24999
vn 0.0002 0.96824 0.25001
vn -1 -0.0004 0.0001
vn -1 -0.0003 -0.0002
vn 1 0.0003 0.0002
vn 1 0.0004 -0.0001
vn 0.99999 -0.0035 -0.0018
vn 0.99999 -0.0036 -0.0016
vn 0.99999 -0.0036 -0.0017
vn 0 0.96469 0.2634
vn -0.99999 -0.0045 -0.0017
vn -0.99999 -0.0045 -0.0016
vn -0.99999 0.0036 0.0017
vn -0.99999 0.0035 0.0018
vn -0.99998 0.005 0.0032
vn -0.99998 0.0051 0.003
vn 0.93391 0.2572 -0.2483
vn 0.93391 0.2573 -0.2482
vn 0.93394 0.25721 -0.24821
vn 0.99999 0.0045 0.0016
vn 0.99999 0.0046 0.0013
vn 0 -0.96474 -0.26321
vn 0.99999 -0.003 -0.0019
vn 0.99999 -0.0031 -0.0017
vn 0.99999 -0.0031 -0.0016
vn 0.99999 -0.0031 -0.0018
vn 0.99998 -0.0055 -0.0033
vn 0.99998 -0.0051 -0.003
vn 0.99998 -0.005 -0.0032
vn -0.93394 0.25721 -0.24821
vn -0.93389 0.2573 -0.2483
vn -0.99999 -0.0033 -0.0013
vn -0.99999 -0.0034 -0.0011
vn -0.99998 0.0055 0.0033
vn 0.0353 -0.50809 0.86058
vn 0.0352 -0.50821 0.86051
vn 0.0351 -0.50821 0.86052
vn 0 -0.47428 0.88037
vn 0 -0.5153 0.85701
vn 0 -0.5096 0.86041
vn 0 -0.32569 0.94548
vn 0 -0.2953 0.9554
vn 0 -0.2467 0.96909
vn 0 0.47452 -0.88024
vn 0 0.5153 -0.85701
vn 0 0.50918 -0.86066
vn 0 0.32569 -0.94548
vn 0 0.29539 -0.95538
vn 0 0.2547 -0.96702
vn -0.99999 -0.0033 -0.0012
vn 0.99998 -0.0056 -0.0033
vn 0.99999 0.0033 0.0012
vn 0.99999 0.0034 0.0011
vn -0.99998 0.0056 0.0033
vn 0.93392 0.107 0.34111
vn 0.93393 0.1069 0.34111
vn 0 -0.96469 -0.2634
vn -0.99999 -0.0045 -0.0015
vn -0.99999 -0.0046 -0.0013
vn -0.93393 0.1069 0.34111
vn -0.93392 0.107 0.34111
vn 0.99999 0.0045 0.0015
vn -0.99999 0.0036 0.0016
vn -1 -0.0003 -0.0003
vn 1 0.0003 0.0003
vn 0.99999 0.0033 0.0013
vn 0 -0.35679 0.93418
vn 0 0.35742 -0.93394
vn 0 0.96474 0.26321
vn 0 -0.96824 -0.25001
vn 0.99999 -0.003 -0.0018
vn 0.99999 -0.0032 -0.0016
vn -0.99999 0.0031 0.0018
vn -0.99999 0.0032 0.0015
vn -0.99999 0.003 0.0019
vn -0.99999 0.0031 0.0017
vn 0 -0.96899 -0.2471
vn -0.0001 -0.96899 -0.2471
vn 0.70383 0.0811 -0.70573
vn 0.70378 0.0811 -0.70578
vn 0 -0.4196 0.90771
vn -0.7038 -0.2668 0.6584
vn -0.70391 -0.2667 0.65831
vn -0.70383 0.0811 -0.70573
vn -0.70378 0.0811 -0.70578
vn 0.70389 -0.2668 0.65829
vn -0.0959 -0.0112 -0.99533
vn -0.0959 -0.0111 -0.99533
vn -0.0959 -0.4865 0.8684
vn -0.096 -0.4865 0.86839
vn -0.6236 -0.7575 -0.1932
vn -0.53132 -0.015 0.84704
vn -0.53139 -0.015 0.84699
vn -0.53132 -0.0149 0.84704
vn -0.55249 -0.0234 0.83319
vn -0.56148 -0.0682 0.82467
vn -0.71553 -0.1127 0.68943
vn -0.72909 -0.1213 0.67359
vn -0.72908 -0.1214 0.67358
vn -0.61618 -0.0193 0.78737
vn -0.71162 -0.0466 0.70102
vn -0.64758 -0.65108 -0.39589
vn -0.64752 -0.65112 -0.39592
vn -0.74869 -0.0403 0.66169
vn -0.58342 -0.0296 0.81163
vn -0.58349 -0.0296 0.81158
vn -0.56102 -0.0111 0.82773
vn -0.5245 -0.0024 0.85141
vn -0.5245 -0.0029 0.8514
vn -0.5322 0.0141 0.8465
vn -0.55398 0.0208 0.83227
vn -0.56583 0.0652 0.82194
vn -0.56583 0.0651 0.82195
vn -0.72131 0.0954 0.68601
vn -0.7213 0.0955 0.686
vn -0.73486 0.10229 0.67046
vn -0.73487 0.1022 0.67047
vn -0.61699 0.0111 0.78689
vn -0.61699 0.011 0.78689
vn -0.71362 0.0293 0.69992
vn -0.71372 -0.0037 0.70042
vn -0.71377 -0.0037 0.70037
vn -0.61681 -0.0029 0.78711
vn -0.61681 -0.0033 0.78711
vn -0.75026 0.0193 0.66086
vn -0.75021 0.0193 0.66091
vn -0.73987 0.0254 0.67227
vn -0.73987 0.0253 0.67227
vn -0.71351 -0.0138 0.70051
vn -0.71351 -0.0137 0.70051
vn -0.58521 0.0243 0.81052
vn -0.7177 -0.105 0.6884
vn 0.51798 -0.006 -0.85537
vn 0.55238 0.0234 -0.83327
vn 0.56148 0.0682 -0.82467
vn 0.71592 0.1128 -0.68901
vn 0.71591 0.1129 -0.68901
vn 0.72901 0.1216 -0.67361
vn 0.6155 0.0194 -0.7879
vn 0.71137 0.0466 -0.70127
vn 0.71142 0.0467 -0.70122
vn 0.61608 0.005 -0.78767
vn 0.52469 -0.0023 -0.85129
vn 0.52462 -0.0021 -0.85133
vn 0.75026 -0.0195 -0.66086
vn 0.75031 -0.0194 -0.66081
vn 0.58349 0.0296 -0.81158
vn 0.5609 0.011 -0.82781
vn 0.5609 0.0111 -0.82781
vn 0.52443 0.0029 -0.85145
vn 0.5245 0.0024 -0.85141
vn 0.5176 0.0057 -0.8556
vn 0.55391 -0.0208 -0.83232
vn 0.55386 -0.0208 -0.83235
vn 0.56583 -0.0651 -0.82195
vn 0.72169 -0.0955 -0.68559
vn 0.72169 -0.0956 -0.68559
vn 0.73484 -0.10261 -0.67044
vn 0.73489 -0.1025 -0.67039
vn 0.73485 -0.10251 -0.67044
vn 0.73479 -0.1026 -0.67049
vn 0.61632 -0.0112 -0.78742
vn 0.61632 -0.0111 -0.78742
vn 0.71337 -0.0294 -0.70017
vn 0.71347 0.0036 -0.70067
vn 0.71352 0.0037 -0.70062
vn 0.61613 0.0032 -0.78764
vn 0.61608 0.0028 -0.78768
vn 0.7403 -0.0254 -0.6718
vn 0.7403 -0.0253 -0.6718
vn 0.74869 0.0405 -0.66169
vn 0.74869 0.0404 -0.66169
vn 0.71326 0.0138 -0.70076
vn 0.71321 0.0137 -0.70081
vn 0.58528 -0.0243 -0.81047
vn 0.56159 -0.0077 -0.82738
vn 0.56152 -0.0077 -0.82743
vn -0.53911 0.77511 -0.3295
vn -0.53909 0.77508 -0.32959
vn 0.3575 -0.0065 -0.93389
vn 0.3439 -0.91479 0.2119
vn 0.34381 -0.91482 0.2119
vn -0.1473 0.985 -0.0899
vn -0.1473 0.98499 -0.09
vn -0.4905 -0.81821 -0.2999
vn -0.4906 -0.81819 -0.2998
vn -0.0829 -0.99529 -0.0502
vn -0.083 -0.99529 -0.05
vn 0.0304 0.99938 0.0179
vn 0.0303 0.99938 0.018
vn 0.0953 -0.99374 0.0583
vn 0.0952 -0.99375 0.0583
vn 0.28821 0.94073 0.1788
vn 0.6358 0.6575 0.4043
vn 0.63574 0.65754 0.40432
vn 0.63582 0.65752 0.40422
vn 0.67383 -0.60413 0.42542
vn 0.67391 -0.60411 0.42531
vn 0.85102 0.0359 0.52391
vn 0.85104 0.0359 0.52387
vn 0.35499 0.90677 0.22749
vn 0.35449 0.90676 0.22829
vn 0.1395 -0.98648 0.086
vn 0.1398 -0.98647 0.0856
vn 0.0839 0.99501 0.054
vn 0.0839 0.99502 0.0539
vn 0.40409 -0.87849 0.2549
vn 0.40459 -0.87837 0.25449
vn -0.52462 0.0021 0.85133
vn -0.52469 0.0024 0.85129
vn -0.6168 -0.0054 0.7871
vn -0.6168 -0.0051 0.7871
vn 0.73832 0.0453 -0.67292
vn 0.73833 0.0452 -0.67293
vn 0.28559 -0.105 -0.95258
vn -0.5617 0.0078 0.8273
vn -0.5617 0.0077 0.8273
vn 0.8511 0.0355 0.5238
vn 0.85106 0.0355 0.52387
vn -0.0308 0.99935 -0.0186
vn -0.0307 0.99935 -0.0189
vn 0.0307 -0.99935 0.0189
vn 0.0308 -0.99935 0.0186
vn 0.0276 -0.99949 0.0159
vn 0.0274 -0.9995 0.016
vn 0.0275 -0.99949 0.016
vn 0.0276 -0.99949 0.0158
vn 0.84371 0.0358 0.53561
vn 0.84372 0.0356 0.53561
vn -0.0343 0.99918 -0.0215
vn -0.0345 0.99918 -0.0211
vn -0.0275 0.99949 -0.016
vn -0.0276 0.99949 -0.0158
vn -0.0266 0.99955 -0.0141
vn -0.0265 0.99955 -0.0143
vn 0.3473 -0.9266 -0.1442
vn 0.34731 -0.92661 -0.1441
vn 0.0346 -0.99918 0.021
vn 0.0345 -0.99918 0.0212
vn -0.84378 -0.0358 -0.53549
vn -0.84383 -0.0356 -0.53542
vn 0.028 -0.99948 0.016
vn 0.0281 -0.99948 0.016
vn 0.0261 -0.99956 0.0138
vn 0.0264 -0.99955 0.0142
vn 0.0266 -0.99955 0.0141
vn 0.2905 0.94 -0.1789
vn 0.29041 0.94003 -0.17891
vn -0.0332 0.99923 -0.0208
vn -0.0333 0.99923 -0.0207
vn -0.0261 0.99956 -0.0138
vn -0.7379 -0.0452 0.6734
vn -0.7379 -0.0451 0.6734
vn -0.71251 -0.0087 0.70161
vn -0.71251 -0.0086 0.70161
vn -0.7448 -0.0102 0.6672
vn -0.7448 -0.0104 0.6672
vn -0.7403 -0.0099 0.6722
vn -0.7403 -0.0101 0.6722
vn -0.58982 -0.003 0.80753
vn -0.58982 -0.0028 0.80753
vn -0.56369 -0.0018 0.82598
vn -0.52129 0 0.85338
vn 0.71271 0.0086 -0.70141
vn 0.7448 0.0102 -0.6672
vn 0.7448 0.0103 -0.6672
vn 0.74002 0.0101 -0.67251
vn 0.74001 0.0102 -0.67251
vn 0.58977 0.0029 -0.80756
vn 0.58977 0.003 -0.80756
vn 0.56374 0.0019 -0.82595
vn 0.56374 0.0018 -0.82595
vn 0.52833 0.0003 -0.84904
vn -0.0333 0.99923 -0.0206
vn 0.0332 -0.99923 0.0208
vn 0.0334 -0.99923 0.0206
vn 0.0301 -0.92661 0.37481
vn 0.03 -0.92658 0.37489
vn 0.03 -0.92662 0.37481
vn -0.84372 -0.0355 -0.53561
vn -0.84371 -0.0358 -0.53561
vn -0.0343 0.99918 -0.0214
vn -0.0345 0.99918 -0.0212
vn -0.0268 0.94001 0.3401
vn -0.0268 0.94008 0.33989
vn -0.0268 0.94004 0.34001
vn 0.0343 -0.99918 0.0214
vn -0.0307 0.99935 -0.019
vn 0.0333 -0.99923 0.0207
vn -0.61619 -0.0043 0.78759
vn -0.61619 -0.0042 0.78759
vn 0.61669 0.0041 -0.78719
vn 0.84383 0.0357 0.53542
vn 0.84379 0.0357 0.53549
vn -0.85105 -0.0356 -0.52387
vn -0.85102 -0.0357 -0.52391
vn 0.028 -0.99948 0.0161
vn 0.0281 -0.99948 0.0159
vn -0.028 0.99948 -0.016
vn -0.0281 0.99948 -0.0159
vn -0.85105 -0.0357 -0.52387
vn -0.0282 0.99948 -0.0158
vn -0.0279 0.99948 -0.0162
vn -0.028 0.99948 -0.0161
vn -0.85262 -0.0357 -0.52131
vn -0.85265 -0.0357 -0.52127
vn 0.3069 -0.70679 -0.63739
vn 0.30692 -0.70674 -0.63743
vn -0.66828 -0.0065 0.74388
vn -0.66833 -0.0065 0.74384
vn -0.4703 0.70001 0.53741
vn 0.26399 0.69998 -0.66358
vn -0.4274 -0.7068 0.5637
vn -0.42748 -0.70677 0.56368
vn 0.27981 0.0867 -0.95613
vn -0.72353 0.0867 0.68483
vn -0.68552 0.59532 -0.41911
vn -0.68549 0.59529 -0.4192
vn 0.55939 -0.0988 0.82299
vn 0.58127 -0.0965 0.80797
vn 0.58127 -0.09659 0.80796
vn 0.60117 -0.056 0.79716
vn 0.75439 -0.0576 0.65389
vn 0.75439 -0.0577 0.65389
vn 0.76887 -0.0533 0.63718
vn 0.63928 -0.1186 0.75977
vn 0.63927 -0.11869 0.75977
vn 0.73397 -0.1201 0.66848
vn 0.73398 -0.12 0.66848
vn 0.77369 0.44609 -0.44989
vn 0.76608 -0.137 0.62798
vn 0.6116 -0.0994 0.7849
vn 0.58599 -0.1109 0.80269
vn 0.54979 -0.1089 0.82818
vn 0.54979 -0.1088 0.82819
vn 0.5526 -0.1271 0.8237
vn 0.5711 -0.1397 0.8089
vn 0.5705 -0.1858 0.8
vn 0.57049 -0.1859 0.79999
vn 0.70559 -0.26 0.65919
vn 0.7161 -0.2706 0.6434
vn 0.63209 -0.1482 0.76059
vn 0.63214 -0.14821 0.76055
vn 0.71613 -0.19381 0.67052
vn 0.72488 -0.1619 0.66958
vn 0.72482 -0.162 0.66962
vn 0.63559 -0.1347 0.76019
vn 0.63568 -0.1343 0.76018
vn 0.75198 -0.195 0.62968
vn 0.75203 -0.19501 0.62962
vn 0.74102 -0.19771 0.64172
vn 0.72716 -0.15229 0.66936
vn 0.72722 -0.1522 0.66932
vn 0.59923 -0.15191 0.78604
vn 0.75436 -0.0656 0.65317
vn 0.75441 -0.0657 0.65311
vn -0.54142 0.1152 -0.83282
vn -0.54141 0.1153 -0.83281
vn -0.58114 0.09661 -0.80805
vn -0.5812 0.0966 -0.808
vn -0.60117 0.056 -0.79716
vn -0.60122 0.056 -0.79712
vn -0.75472 0.0576 -0.65352
vn -0.76888 0.0531 -0.63718
vn -0.76893 0.0531 -0.63712
vn -0.63859 0.1184 -0.76039
vn -0.7338 0.1199 -0.6687
vn -0.63542 0.1324 -0.76073
vn -0.63548 0.1324 -0.76068
vn -0.63549 0.1323 -0.76069
vn -0.63541 0.1326 -0.76071
vn -0.54872 0.1137 -0.82824
vn -0.5487 0.1133 -0.8283
vn -0.54869 0.1135 -0.82829
vn -0.5487 0.1134 -0.82829
vn -0.75201 0.1951 -0.62961
vn -0.61166 0.09939 -0.78485
vn -0.61171 0.0994 -0.78481
vn -0.58588 0.1109 -0.80277
vn -0.5498 0.1086 -0.8282
vn -0.54971 0.109 -0.82821
vn -0.54972 0.1089 -0.82822
vn -0.5442 0.1039 -0.8325
vn -0.54409 0.1038 -0.83258
vn -0.54413 0.10381 -0.83255
vn -0.571 0.1396 -0.809
vn -0.5705 0.1858 -0.8
vn -0.70589 0.2602 -0.65879
vn -0.716 0.2709 -0.6434
vn -0.6315 0.1481 -0.7611
vn -0.71584 0.19381 -0.67083
vn -0.71588 0.1938 -0.67079
vn -0.72459 0.1619 -0.66989
vn -0.72458 0.162 -0.66988
vn -0.63503 0.13421 -0.76074
vn -0.63498 0.1342 -0.76078
vn -0.6351 0.1341 -0.7607
vn -0.74142 0.19781 -0.64122
vn -0.74141 0.1979 -0.64121
vn -0.76609 0.1369 -0.62799
vn -0.76613 0.13691 -0.62793
vn -0.727 0.152 -0.6696
vn -0.72698 0.1522 -0.66958
vn -0.72693 0.15221 -0.66963
vn -0.72699 0.1521 -0.66959
vn -0.59929 0.1519 -0.78599
vn -0.58162 0.12921 -0.80313
vn -0.58158 0.12919 -0.80317
vn 0.30119 -0.89908 -0.31769
vn 0.30109 -0.89908 -0.31779
vn -0.3906 0.0712 -0.9178
vn -0.0825 0.97902 0.1863
vn -0.0825 0.97904 0.18621
vn -0.11899 -0.99146 -0.0534
vn -0.1191 -0.99144 -0.0535
vn 0.67069 0.65139 -0.35479
vn 0.67079 0.65139 -0.35459
vn 0.33638 0.93675 -0.09669
vn 0.3367 0.93669 -0.0962
vn -0.28861 -0.95543 0.0621
vn -0.28852 -0.95545 0.0622
vn 0.1699 0.98527 0.0193
vn -0.51372 -0.82633 0.23081
vn -0.51371 -0.82631 0.2309
vn -0.76358 -0.45509 0.45809
vn -0.47071 0.77241 0.4264
vn -0.47073 0.77244 0.42632
vn -0.80319 0.2046 0.55949
vn -0.56683 -0.77454 0.28071
vn -0.56627 -0.77466 0.28149
vn 0.1268 0.99071 0.0491
vn 0.1264 0.99078 0.0488
vn -0.33729 -0.93607 0.1001
vn -0.1478 0.96113 0.23321
vn -0.1484 0.96111 0.2329
vn 0.5487 -0.1134 0.82829
vn 0.54868 -0.1136 0.82828
vn 0.6362 -0.1323 0.7601
vn 0.63612 -0.1325 0.76013
vn -0.75792 0.1292 -0.63942
vn -0.75796 0.12929 -0.63936
vn -0.29661 0.1469 -0.94363
vn -0.29661 0.14681 -0.94365
vn 0.58168 -0.1293 0.80307
vn 0.58169 -0.1292 0.80309
vn -0.80309 0.205 0.55949
vn -0.23149 -0.97256 0.0231
vn -0.23161 -0.97254 0.0229
vn 0.23161 0.97254 -0.0229
vn 0.2314 0.97259 -0.0231
vn 0.2344 0.97179 -0.0261
vn 0.23461 0.97174 -0.0259
vn 0.23461 0.97174 -0.026
vn 0.23449 0.97177 -0.026
vn -0.79549 0.2032 0.57089
vn -0.22801 -0.97344 0.0205
vn -0.2282 -0.9734 0.0202
vn -0.23461 -0.97174 0.0259
vn -0.2344 -0.97179 0.0261
vn -0.2354 -0.9715 0.0279
vn -0.2355 -0.97148 0.0277
vn -0.1008 0.98036 -0.16949
vn -0.1008 0.98038 -0.1694
vn -0.1009 0.98037 -0.16939
vn 0.2282 0.9734 -0.0202
vn 0.22801 0.97344 -0.0205
vn 0.79555 -0.20329 -0.57076
vn 0.79557 -0.20319 -0.57078
vn 0.23421 0.97185 -0.0257
vn 0.2339 0.97191 -0.0261
vn 0.2358 0.97139 -0.0282
vn 0.2355 0.97148 -0.0277
vn 0.2354 0.9715 -0.0278
vn -0.5339 -0.83609 -0.1261
vn -0.53401 -0.83602 -0.1261
vn -0.22921 -0.97315 0.0209
vn -0.22909 -0.97318 0.021
vn -0.2358 -0.97139 0.0282
vn 0.75756 -0.12909 0.63987
vn 0.75755 -0.12919 0.63986
vn 0.72498 -0.1568 0.67068
vn 0.72497 -0.15689 0.67067
vn 0.75481 -0.1648 0.63491
vn 0.75067 -0.16369 0.64008
vn 0.61061 -0.1268 0.78171
vn 0.6106 -0.127 0.78169
vn 0.58599 -0.1206 0.80129
vn 0.586 -0.1205 0.8013
vn 0.54611 -0.1104 0.83041
vn -0.72517 0.15679 -0.67048
vn -0.72516 0.15689 -0.67047
vn -0.75481 0.1648 -0.63491
vn -0.75476 0.16479 -0.63497
vn -0.75041 0.1636 -0.64041
vn -0.6106 0.1269 -0.7817
vn -0.61049 0.1269 -0.78179
vn -0.58611 0.1206 -0.80121
vn -0.55281 0.1122 -0.82572
vn -0.55278 0.112 -0.82577
vn -0.22909 -0.97318 0.0211
vn -0.22919 -0.97316 0.0209
vn 0.22919 0.97316 -0.0209
vn 0.22909 0.97318 -0.021
vn 0.2314 0.91318 0.33549
vn 0.2314 0.91321 0.3354
vn 0.79549 -0.2032 -0.57089
vn -0.2281 -0.97342 0.0205
vn 0.23531 0.97152 -0.0279
vn 0.23459 0.97175 -0.026
vn 0.23459 0.97175 -0.0259
vn -0.20161 -0.90324 0.37882
vn -0.20159 -0.90326 0.37878
vn -0.2016 -0.9033 0.3787
vn -0.23449 -0.97177 0.026
vn -0.23161 -0.97254 0.0228
vn 0.2317 0.97252 -0.0228
vn 0.22921 0.97315 -0.0209
vn 0.63528 -0.1334 0.76067
vn 0.63529 -0.1333 0.76069
vn -0.63581 0.1335 -0.76021
vn -0.63577 0.13339 -0.76026
vn -0.79557 0.20319 0.57078
vn -0.79551 0.2033 0.57081
vn 0.80312 -0.2048 -0.55951
vn 0.80314 -0.20471 -0.55952
vn 0.23409 0.97187 -0.0258
vn 0.23409 0.97187 -0.0259
vn 0.234 0.97189 -0.026
vn 0.234 0.97189 -0.0259
vn -0.23409 -0.97187 0.0259
vn -0.234 -0.97189 0.026
vn 0.8031 -0.2049 -0.5595
vn -0.23419 -0.97185 0.0257
vn -0.23409 -0.97187 0.0258
vn -0.234 -0.97189 0.0259
vn 0.80478 -0.20519 -0.55698
vn 0.80479 -0.2051 -0.55699
vn -0.1443 0.7426 -0.654
vn -0.1444 0.7425 -0.6541
vn 0.68396 -0.14599 0.71476
vn 0.29861 -0.78184 0.54732
vn 0.2984 -0.7818 0.5475
vn -0.47079 -0.62629 -0.62139
vn -0.4706 -0.62651 -0.62131
vn 0.6249 0.587 0.5147
vn 0.62497 0.58697 0.51467
vn -0.3411 -0.0397 -0.93919
vn 0.7099 -0.2522 0.6576
vn 0.70988 -0.25229 0.65758
vn 0.48459 -0.76678 -0.42099
vn 0.68401 -0.146 0.71471
vn -0.69845 -0.012 0.71555
vn -0.6985 -0.012 0.7155
vn -0.71641 -0.0195 0.69741
vn -0.7248 -0.0638 0.686
vn -0.84798 -0.1006 0.52039
vn -0.84803 -0.1006 0.52032
vn -0.85814 -0.1085 0.50182
vn -0.76887 -0.0124 0.63928
vn -0.8447 -0.0348 0.5341
vn -0.56821 -0.62151 -0.53931
vn -0.87239 -0.0266 0.48809
vn -0.74232 -0.0242 0.66961
vn -0.7232 -0.0068 0.6906
vn -0.7233 -0.0068 0.6905
vn -0.7233 -0.0067 0.6905
vn -0.69241 0.0004 0.72151
vn -0.69236 0.0002 0.72156
vn -0.6984 0.0171 0.7155
vn -0.71637 0.0248 0.69728
vn -0.72448 0.0696 0.68578
vn -0.72447 0.0697 0.68577
vn -0.72452 0.0697 0.68572
vn -0.8468 0.1077 0.5209
vn -0.84681 0.1076 0.5209
vn -0.85651 0.1152 0.50311
vn -0.85658 0.1152 0.50299
vn -0.76868 0.018 0.63938
vn -0.84418 0.041 0.53449
vn -0.84531 0.0082 0.53421
vn -0.84531 0.0081 0.53421
vn -0.84539 0.008 0.53409
vn -0.84539 0.0081 0.53409
vn -0.76897 0.004 0.63927
vn -0.76897 0.0036 0.63927
vn -0.76897 0.0038 0.63927
vn -0.76897 0.0037 0.63927
vn -0.872 0.033 0.4884
vn -0.86412 0.0386 0.50181
vn -0.86408 0.0384 0.50189
vn -0.86408 0.0385 0.50189
vn -0.86412 0.0385 0.50181
vn -0.84541 -0.002 0.53411
vn -0.84541 -0.0019 0.53411
vn -0.74221 0.0297 0.66951
vn -0.84967 -0.0928 0.51908
vn -0.84972 -0.0928 0.51901
vn 0.68649 -0.0084 -0.72709
vn 0.68649 -0.0083 -0.72709
vn 0.71636 0.0194 -0.69746
vn 0.7248 0.0638 -0.686
vn 0.84828 0.1007 -0.51989
vn 0.85811 0.1088 -0.50181
vn 0.85812 0.1087 -0.50181
vn 0.76828 0.0125 -0.63999
vn 0.8445 0.035 -0.5344
vn 0.84451 0.0349 -0.5344
vn 0.76838 -0.0019 -0.63999
vn 0.76843 -0.0015 -0.63993
vn 0.6924 -0.005 -0.7215
vn 0.6923 -0.0048 -0.7216
vn 0.87199 -0.0331 -0.4884
vn 0.74232 0.0242 -0.66961
vn 0.74236 0.0242 -0.66956
vn 0.7232 0.0068 -0.6906
vn 0.7232 0.0067 -0.6906
vn 0.6923 -0.0004 -0.72161
vn 0.6923 -0.0003 -0.72161
vn 0.6923 -0.0002 -0.72161
vn 0.68656 0.0033 -0.72706
vn 0.68656 0.0034 -0.72706
vn 0.68651 0.0034 -0.72711
vn 0.71628 -0.0247 -0.69738
vn 0.71633 -0.0248 -0.69733
vn 0.72453 -0.0696 -0.68572
vn 0.84709 -0.1078 -0.5204
vn 0.85653 -0.1155 -0.50301
vn 0.76809 -0.0181 -0.64009
vn 0.84398 -0.0412 -0.53479
vn 0.84398 -0.0411 -0.53479
vn 0.84519 -0.0081 -0.5344
vn 0.76838 -0.0036 -0.63998
vn 0.76838 -0.0037 -0.63998
vn 0.86441 -0.0385 -0.50131
vn 0.86441 -0.0386 -0.50131
vn 0.87242 0.0268 -0.48801
vn 0.87243 0.0267 -0.48801
vn 0.84522 0.002 -0.53441
vn 0.84522 0.0019 -0.53441
vn 0.7423 -0.0297 -0.6694
vn 0.72317 -0.0121 -0.69057
vn 0.72317 -0.012 -0.69057
vn -0.43432 0.79873 -0.41642
vn -0.43422 0.79873 -0.41652
vn 0.54629 -0.002 -0.83759
vn 0.2642 -0.9296 0.257
vn 0.26421 -0.92962 0.25691
vn -0.0959 0.99089 -0.0946
vn -0.0958 0.99089 -0.0947
vn -0.44009 -0.79558 -0.41639
vn -0.43999 -0.79558 -0.41649
vn -0.0995 -0.99084 -0.0913
vn -0.0999 -0.99084 -0.0909
vn 0.0554 0.99729 0.0485
vn 0.0553 0.99729 0.0486
vn 0.0514 -0.99729 0.0526
vn 0.0515 -0.99729 0.0526
vn 0.27149 0.92705 0.25859
vn 0.27151 0.92704 0.25861
vn 0.5552 0.62819 0.5451
vn 0.55513 0.62823 0.54513
vn 0.5551 0.6282 0.5452
vn 0.5507 -0.6342 0.5427
vn 0.55077 -0.63416 0.54267
vn 0.5508 -0.6342 0.5426
vn 0.55063 -0.63423 0.54273
vn 0.7219 -0.0025 0.692
vn 0.7219 -0.0024 0.692
vn 0.32529 0.88997 0.31959
vn 0.32509 0.88997 0.31979
vn 0.0893 -0.99203 0.0889
vn 0.0895 -0.99202 0.0888
vn 0.0999 0.99046 0.0949
vn 0.1 0.99045 0.0949
vn 0.31511 -0.89613 0.31251
vn 0.31571 -0.89602 0.31221
vn -0.6924 0.0051 0.7215
vn -0.6923 0.0048 0.7216
vn -0.6923 0.0047 0.7216
vn -0.76897 0.0016 0.63928
vn -0.76897 0.0021 0.63928
vn -0.76897 0.002 0.63928
vn -0.76897 0.0018 0.63928
vn 0.8648 0.0321 -0.5011
vn 0.86479 0.0322 -0.5011
vn 0.47718 -0.0977 -0.87336
vn 0.47711 -0.0976 -0.87341
vn -0.72326 0.0121 0.69047
vn -0.72322 0.0121 0.69052
vn 0.7219 -0.0028 0.692
vn 0.7219 -0.0029 0.692
vn 0.0033 0.99999 -0.0001
vn 0.0034 0.99999 -0.0003
vn -0.0035 -0.99999 0.0003
vn -0.0033 -0.99999 0.0001
vn -0.0059 -0.99998 -0.0033
vn -0.006 -0.99998 -0.0032
vn -0.0059 -0.99998 -0.0032
vn 0.71224 -0.0025 0.70194
vn 0.71224 -0.0026 0.70194
vn 0.0003 0.99999 -0.0033
vn 0.0005 0.99999 -0.0036
vn 0.006 0.99998 0.0032
vn 0.0058 0.99998 0.0033
vn 0.0065 0.99997 0.0052
vn 0.0066 0.99997 0.0051
vn 0.34239 -0.93518 -0.0906
vn 0.3424 -0.93519 -0.0905
vn -0.0005 -0.99999 0.0036
vn -0.0003 -0.99999 0.0034
vn -0.71238 0.0025 -0.70178
vn -0.71234 0.0026 -0.70183
vn -0.0055 -0.99998 -0.0031
vn -0.0056 -0.99998 -0.0029
vn -0.0055 -0.99998 -0.003
vn -0.0068 -0.99996 -0.0056
vn -0.0069 -0.99996 -0.0056
vn -0.0067 -0.99996 -0.0051
vn -0.0065 -0.99997 -0.0052
vn 0.34931 0.93263 -0.0905
vn 0.34919 0.93267 -0.0905
vn 0.0014 1 -0.0027
vn 0.0013 1 -0.0026
vn 0.0068 0.99996 0.0056
vn -0.8645 -0.0321 0.5016
vn -0.84455 0.0031 0.53547
vn -0.86889 0.0032 0.49499
vn -0.86557 0.0031 0.50078
vn -0.86554 0.0031 0.50082
vn -0.74682 0.0027 0.66502
vn -0.74692 0.0028 0.66491
vn -0.72522 0.0026 0.68852
vn -0.72522 0.0027 0.68852
vn -0.68954 0.0025 0.72424
vn 0.84467 -0.0031 -0.53528
vn 0.86885 -0.0032 -0.49507
vn 0.86889 -0.0032 -0.49499
vn 0.86532 -0.0032 -0.50121
vn 0.86532 -0.0031 -0.50121
vn 0.74682 -0.0027 -0.66502
vn 0.72526 -0.0027 -0.68847
vn 0.72526 -0.0026 -0.68847
vn 0.69551 -0.0026 -0.71851
vn 0.69551 -0.0025 -0.71851
vn 0.0012 1 -0.0026
vn 0.0013 1 -0.0027
vn -0.0014 -1 0.0027
vn -0.0012 -1 0.0026
vn 0.0065 0.99996 0.0053
vn 0.0069 0.99996 0.0056
vn -0.0771 -0.93361 0.3499
vn -0.0771 -0.93364 0.34982
vn -0.71224 0.0025 -0.70194
vn -0.71224 0.0026 -0.70194
vn 0.0004 0.99999 -0.0035
vn -0.0064 -0.99997 -0.0052
vn -0.0704 0.93418 0.34979
vn -0.0702 0.93422 0.34971
vn -0.0703 0.93419 0.34979
vn -0.0002 -0.99999 0.0033
vn -0.0005 -0.99999 0.0035
vn 0.0035 0.99999 -0.0004
vn -0.0035 -0.99999 0.0004
vn -0.0034 -0.99999 0.0003
vn -0.0013 -1 0.0026
vn -0.76843 0.0028 0.63993
vn 0.76888 -0.0028 -0.63938
vn 0.71234 -0.0025 0.70183
vn 0.71238 -0.0026 0.70178
vn -0.7218 0.0028 -0.6921
vn -0.7219 0.0026 -0.692
vn -0.0056 -0.99998 -0.003
vn -0.0053 -0.99998 -0.0032
vn -0.0054 -0.99998 -0.0031
vn 0.0056 0.99998 0.003
vn 0.0054 0.99998 0.0031
vn 0.0056 0.99998 0.0029
vn -0.7219 0.0025 -0.692
vn -0.7219 0.0024 -0.692
vn 0.0055 0.99998 0.003
vn -0.724 0.0026 -0.6898
vn 0.41358 -0.70546 -0.57557
vn 0.41359 -0.70528 -0.57578
vn -0.81022 0.003 0.58612
vn -0.55229 0.70589 0.4435
vn -0.55239 0.70588 0.44339
vn 0.41871 0.70231 -0.57571
vn 0.41878 0.70237 -0.57558
vn -0.55749 -0.70179 0.4435
vn -0.55733 -0.70184 0.44362
vn 0.47788 0.0942 -0.87336
vn 0.4778 0.0942 -0.8734
vn -0.84897 0.099 0.51908
vn -0.56371 0.62561 -0.53931
vn -0.81022 0.0029 0.58612
vn 0.0001 0.96824 0.25001
vn 0.0001 0.9683 0.2498
vn -0.0001 0.96822 0.2501
vn 0 0.96827 0.24989
vn 0 -0.96894 -0.24729
vn 0 -0.96901 -0.247
vn 0 -0.96894 -0.24731
vn 0.0002 -0.96891 -0.2474
vn 0.85105 0.0356 0.52387
vn 0.85102 0.0358 0.52391
vn 0.85105 0.0357 0.52387
vn 0.85106 0.0354 0.52387
vn 0.85105 0.0358 0.52387
vn -0.85262 -0.0356 -0.52131
vn -0.85263 -0.0354 -0.52132
vn -0.8031 0.2049 0.5595
vn -0.80317 0.20469 0.55948
vn -0.80314 0.20471 0.55952
vn 0.80474 -0.20521 -0.55703
vn 0.80488 -0.20479 -0.55698
vn 0.80468 -0.20529 -0.55709
vn 0.7218 -0.0026 0.6921
vn -0.7239 0.0026 -0.6899
vn -0.724 0.0027 -0.6898
vn -0.7239 0.0027 -0.6899
vt 0.27216 0.49218
vt 0.27212 0.49218
vt 0.27214 0.49216
vt 0.27212 0.49203
vt 0.27216 0.49203
vt 0.27214 0.49205
vt 0.27212 0.49002
vt 0.27216 0.49002
vt 0.27214 0.49012
vt 0.27216 0.49011
vt 0.27212 0.49011
vt 0.27214 0.49001
vt 0.16417 0.60295
vt 0.16413 0.60295
vt 0.16415 0.60293
vt 0.16413 0.6028
vt 0.16417 0.6028
vt 0.16415 0.60282
vt 0.16413 0.6008
vt 0.16417 0.6008
vt 0.16415 0.60089
vt 0.16417 0.60088
vt 0.16413 0.60088
vt 0.16415 0.60078
vt 0.82927 0.94117
vt 0.82923 0.94117
vt 0.82925 0.94115
vt 0.82923 0.94102
vt 0.82927 0.94102
vt 0.82925 0.94104
vt 0.82923 0.93902
vt 0.82927 0.93902
vt 0.82925 0.93912
vt 0.82927 0.9391
vt 0.82923 0.9391
vt 0.82925 0.93901
vt 0.18577 0.15555
vt 0.18573 0.15555
vt 0.18575 0.15553
vt 0.18573 0.1554
vt 0.18577 0.1554
vt 0.18575 0.15542
vt 0.18573 0.1534
vt 0.18577 0.1534
vt 0.18575 0.1535
vt 0.18577 0.15348
vt 0.18573 0.15348
vt 0.18575 0.15339
vt 0.15769 0.47572
vt 0.15754 0.47572
vt 0.15754 0.47557
vt 0.15769 0.47557
vt 0.15764 0.47519
vt 0.1576 0.47519
vt 0.1576 0.47522
vt 0.15764 0.47522
vt 0.15767 0.4758
vt 0.15757 0.4758
vt 0.15757 0.47568
vt 0.15767 0.47568
vt 0.1578 0.4755
vt 0.15782 0.47541
vt 0.158 0.47546
vt 0.15792 0.47552
vt 0.15757 0.47577
vt 0.15767 0.47577
vt 0.15767 0.4756
vt 0.15757 0.4756
vt 0.15766 0.47589
vt 0.15758 0.47589
vt 0.1577 0.47548
vt 0.15772 0.47539
vt 0.15758 0.47587
vt 0.15766 0.47587
vt 0.15766 0.47598
vt 0.15758 0.47598
vt 0.15762 0.47546
vt 0.15764 0.47537
vt 0.15758 0.47596
vt 0.15766 0.47596
vt 0.15766 0.47606
vt 0.15758 0.47606
vt 0.15754 0.47544
vt 0.15756 0.47536
vt 0.15758 0.47604
vt 0.15766 0.47604
vt 0.15766 0.47614
vt 0.15758 0.47614
vt 0.15746 0.47542
vt 0.15748 0.47534
vt 0.15758 0.47612
vt 0.15766 0.47612
vt 0.15766 0.47621
vt 0.15758 0.47621
vt 0.15739 0.4754
vt 0.15741 0.47533
vt 0.15758 0.47619
vt 0.15766 0.47619
vt 0.15766 0.47628
vt 0.15758 0.47628
vt 0.15732 0.47538
vt 0.15734 0.47531
vt 0.15758 0.47626
vt 0.15766 0.47626
vt 0.15766 0.47634
vt 0.15758 0.47634
vt 0.15725 0.47537
vt 0.15727 0.4753
vt 0.15758 0.47633
vt 0.15766 0.47633
vt 0.15765 0.47641
vt 0.15759 0.47641
vt 0.15719 0.47535
vt 0.1572 0.47528
vt 0.15759 0.47639
vt 0.15765 0.47639
vt 0.15765 0.47647
vt 0.15759 0.47647
vt 0.15713 0.47533
vt 0.15714 0.47527
vt 0.15759 0.47646
vt 0.15765 0.47646
vt 0.15765 0.47653
vt 0.15759 0.47653
vt 0.15706 0.47532
vt 0.15708 0.47526
vt 0.15759 0.47652
vt 0.15765 0.47652
vt 0.15765 0.4766
vt 0.15759 0.4766
vt 0.15699 0.4753
vt 0.15701 0.47524
vt 0.15759 0.47659
vt 0.15765 0.47659
vt 0.15765 0.47668
vt 0.15759 0.47668
vt 0.15692 0.47528
vt 0.15693 0.47523
vt 0.15759 0.47666
vt 0.15765 0.47666
vt 0.15764 0.47674
vt 0.1576 0.47674
vt 0.15685 0.47526
vt 0.15686 0.47521
vt 0.1576 0.47673
vt 0.15764 0.47673
vt 0.15764 0.4768
vt 0.1576 0.4768
vt 0.1568 0.47524
vt 0.15681 0.4752
vt 0.1576 0.47679
vt 0.15764 0.47679
vt 0.15764 0.47684
vt 0.1576 0.47684
vt 0.15676 0.47523
vt 0.15676 0.4752
vt 0.1576 0.47683
vt 0.15764 0.47683
vt 0.15764 0.47687
vt 0.1576 0.47687
vt 0.15672 0.47522
vt 0.15673 0.47519
vt 0.1576 0.47687
vt 0.15764 0.47687
vt 0.15769 0.47761
vt 0.15755 0.47761
vt 0.15754 0.47782
vt 0.15769 0.47782
vt 0.15789 0.47761
vt 0.15803 0.47761
vt 0.15803 0.47782
vt 0.15788 0.47782
vt 0.15769 0.47746
vt 0.15755 0.47746
vt 0.15789 0.47746
vt 0.15803 0.47746
vt 0.15769 0.47731
vt 0.15755 0.47731
vt 0.15789 0.47731
vt 0.15803 0.47731
vt 0.15769 0.47718
vt 0.15755 0.47718
vt 0.15789 0.47718
vt 0.15803 0.47718
vt 0.15769 0.47705
vt 0.15755 0.47705
vt 0.15789 0.47705
vt 0.15802 0.47705
vt 0.15768 0.47692
vt 0.15755 0.47692
vt 0.15789 0.47692
vt 0.15802 0.47692
vt 0.15768 0.4768
vt 0.15756 0.4768
vt 0.15789 0.4768
vt 0.15802 0.4768
vt 0.15768 0.47668
vt 0.15756 0.47668
vt 0.1579 0.47668
vt 0.15802 0.47668
vt 0.15768 0.47656
vt 0.15756 0.47656
vt 0.1579 0.47656
vt 0.15802 0.47656
vt 0.15768 0.47645
vt 0.15756 0.47645
vt 0.1579 0.47645
vt 0.15802 0.47645
vt 0.15768 0.47634
vt 0.15756 0.47634
vt 0.1579 0.47634
vt 0.15802 0.47634
vt 0.15768 0.47623
vt 0.15756 0.47623
vt 0.1579 0.47623
vt 0.15802 0.47623
vt 0.15768 0.47612
vt 0.15756 0.47612
vt 0.1579 0.47612
vt 0.15801 0.47612
vt 0.15767 0.47601
vt 0.15756 0.47601
vt 0.1579 0.47601
vt 0.15801 0.47601
vt 0.15767 0.47591
vt 0.15757 0.47591
vt 0.1579 0.47591
vt 0.15801 0.47591
vt 0.15767 0.4758
vt 0.15757 0.4758
vt 0.15791 0.4758
vt 0.15801 0.4758
vt 0.15767 0.4757
vt 0.15757 0.4757
vt 0.15791 0.4757
vt 0.15801 0.4757
vt 0.15767 0.47559
vt 0.15757 0.47559
vt 0.15791 0.47559
vt 0.15801 0.47559
vt 0.15767 0.47552
vt 0.15757 0.47552
vt 0.15757 0.47546
vt 0.15767 0.47546
vt 0.26647 0.49246
vt 0.26305 0.49125
vt 0.26305 0.49143
vt 0.26646 0.494
vt 0.27002 0.49268
vt 0.26995 0.49446
vt 0.27336 0.49255
vt 0.27326 0.49421
vt 0.27646 0.49192
vt 0.27644 0.49295
vt 0.27749 0.49165
vt 0.27749 0.49128
vt 0.27809 0.49113
vt 0.27809 0.49135
vt 0.27999 0.49111
vt 0.27999 0.49101
vt 0.27163 0.49001
vt 0.27163 0.49012
vt 0.27194 0.49009
vt 0.27194 0.49004
vt 0.27647 0.49092
vt 0.27749 0.49093
vt 0.2734 0.49091
vt 0.27005 0.49092
vt 0.26648 0.49094
vt 0.26305 0.49094
vt 0.26646 0.48784
vt 0.26305 0.49041
vt 0.26305 0.49059
vt 0.26647 0.48938
vt 0.26995 0.48736
vt 0.27002 0.48913
vt 0.27326 0.48759
vt 0.27336 0.48924
vt 0.27644 0.48886
vt 0.27646 0.48988
vt 0.27749 0.49054
vt 0.27749 0.49016
vt 0.27809 0.49047
vt 0.27809 0.49069
vt 0.27999 0.49082
vt 0.27999 0.49073
vt 0.27749 0.49089
vt 0.27809 0.49089
vt 0.27999 0.4909
vt 0.27647 0.49088
vt 0.2734 0.49087
vt 0.27809 0.49093
vt 0.27005 0.49088
vt 0.26281 0.49105
vt 0.26281 0.49112
vt 0.26647 0.49246
vt 0.26646 0.494
vt 0.27002 0.49268
vt 0.26995 0.49446
vt 0.27336 0.49255
vt 0.27326 0.49421
vt 0.27646 0.49192
vt 0.27644 0.49295
vt 0.27749 0.49128
vt 0.27749 0.49165
vt 0.2781 0.49113
vt 0.27999 0.49101
vt 0.27999 0.49111
vt 0.27809 0.49135
vt 0.2781 0.49093
vt 0.27999 0.49094
vt 0.26647 0.48938
vt 0.26648 0.4909
vt 0.26305 0.4909
vt 0.27646 0.48988
vt 0.27749 0.49054
vt 0.2775 0.49089
vt 0.27647 0.49088
vt 0.2734 0.49091
vt 0.27005 0.49092
vt 0.26648 0.49094
vt 0.26646 0.48784
vt 0.26995 0.48736
vt 0.27002 0.48913
vt 0.27326 0.48759
vt 0.27336 0.48924
vt 0.27644 0.48886
vt 0.27749 0.49016
vt 0.27809 0.49047
vt 0.27999 0.49073
vt 0.27999 0.49082
vt 0.2781 0.49069
vt 0.2781 0.49089
vt 0.27999 0.4909
vt 0.2734 0.49087
vt 0.27647 0.49092
vt 0.2775 0.49093
vt 0.27005 0.49088
vt 0.26305 0.49012
vt 0.26646 0.49014
vt 0.26646 0.48999
vt 0.26305 0.49001
vt 0.26281 0.49093
vt 0.27644 0.49131
vt 0.27326 0.49037
vt 0.27326 0.49022
vt 0.27644 0.49116
vt 0.26995 0.49023
vt 0.26995 0.49008
vt 0.27421 0.49131
vt 0.2729 0.49178
vt 0.2729 0.49164
vt 0.27421 0.49116
vt 0.2714 0.49178
vt 0.2701 0.49131
vt 0.2701 0.49116
vt 0.2714 0.49164
vt 0.27233 0.49218
vt 0.27224 0.49218
vt 0.27224 0.49203
vt 0.27233 0.49203
vt 0.27749 0.49178
vt 0.27809 0.49195
vt 0.27809 0.4918
vt 0.27749 0.49164
vt 0.27999 0.49218
vt 0.27999 0.49203
vt 0.26648 0.4909
vt 0.27999 0.49094
vt 0.27204 0.49218
vt 0.27195 0.49218
vt 0.27195 0.49203
vt 0.27204 0.49203
vt 0.26648 0.49
vt 0.26305 0.48999
vt 0.26311 0.49011
vt 0.26648 0.49013
vt 0.27647 0.4915
vt 0.2734 0.4906
vt 0.2734 0.49047
vt 0.27647 0.49137
vt 0.27217 0.49195
vt 0.27213 0.49195
vt 0.27213 0.49183
vt 0.27217 0.49183
vt 0.27005 0.49018
vt 0.27005 0.49031
vt 0.2781 0.49181
vt 0.2775 0.49166
vt 0.27749 0.49179
vt 0.27809 0.49194
vt 0.26305 0.49001
vt 0.26318 0.49001
vt 0.27217 0.49181
vt 0.27213 0.49181
vt 0.27213 0.49194
vt 0.27217 0.49194
vt 0.27999 0.49203
vt 0.27999 0.49216
vt 0.27749 0.49181
vt 0.2775 0.49168
vt 0.2734 0.49045
vt 0.2734 0.49059
vt 0.2775 0.49093
vt 0.27809 0.49093
vt 0.27809 0.49089
vt 0.2775 0.49089
vt 0.27647 0.49092
vt 0.27647 0.49088
vt 0.2734 0.49091
vt 0.2734 0.49087
vt 0.27005 0.49092
vt 0.27005 0.49088
vt 0.26648 0.49094
vt 0.26648 0.4909
vt 0.26311 0.49094
vt 0.26311 0.4909
vt 0.27749 0.49089
vt 0.27809 0.49089
vt 0.27809 0.49093
vt 0.27749 0.49093
vt 0.27647 0.49088
vt 0.27647 0.49092
vt 0.27005 0.49088
vt 0.27005 0.49092
vt 0.26648 0.4909
vt 0.26648 0.49094
vt 0.27005 0.49033
vt 0.27005 0.4902
vt 0.27647 0.49135
vt 0.27647 0.49148
vt 0.27809 0.49195
vt 0.27809 0.49183
vt 0.26305 0.49012
vt 0.26305 0.49014
vt 0.26311 0.49002
vt 0.26318 0.49012
vt 0.26648 0.49015
vt 0.26648 0.49002
vt 0.27999 0.49094
vt 0.27999 0.4909
vt 0.27999 0.4909
vt 0.27999 0.49094
vt 0.27212 0.49216
vt 0.27216 0.49216
vt 0.27999 0.49218
vt 0.27999 0.49204
vt 0.27216 0.49204
vt 0.27212 0.49204
vt 0.27201 0.49009
vt 0.27201 0.49003
vt 0.27227 0.49009
vt 0.27234 0.49009
vt 0.27234 0.49004
vt 0.27227 0.49003
vt 0.26305 0.49092
vt 0.26281 0.49092
vt 0.26281 0.49091
vt 0.26281 0.49079
vt 0.26281 0.49009
vt 0.26281 0.49009
vt 0.26281 0.49072
vt 0.27265 0.49012
vt 0.27265 0.49001
vt 0.15849 0.60323
vt 0.15506 0.60202
vt 0.15506 0.6022
vt 0.15848 0.60477
vt 0.16204 0.60345
vt 0.16197 0.60524
vt 0.16537 0.60332
vt 0.16528 0.60499
vt 0.16848 0.6027
vt 0.16845 0.60372
vt 0.1695 0.60243
vt 0.16951 0.60206
vt 0.17011 0.60191
vt 0.17011 0.60213
vt 0.172 0.60188
vt 0.172 0.60179
vt 0.16364 0.60078
vt 0.16364 0.6009
vt 0.16395 0.60086
vt 0.16395 0.60082
vt 0.16848 0.6017
vt 0.16951 0.6017
vt 0.16541 0.60168
vt 0.16207 0.60169
vt 0.15849 0.60171
vt 0.15506 0.60171
vt 0.15848 0.59861
vt 0.15506 0.60119
vt 0.15506 0.60136
vt 0.15849 0.60015
vt 0.16197 0.59813
vt 0.16204 0.5999
vt 0.16528 0.59836
vt 0.16537 0.60001
vt 0.16845 0.59964
vt 0.16848 0.60066
vt 0.16951 0.60131
vt 0.1695 0.60094
vt 0.17011 0.60124
vt 0.17011 0.60147
vt 0.172 0.6016
vt 0.172 0.6015
vt 0.16951 0.60166
vt 0.17011 0.60167
vt 0.172 0.60167
vt 0.16848 0.60166
vt 0.16541 0.60164
vt 0.17011 0.60171
vt 0.16207 0.60165
vt 0.15482 0.60182
vt 0.15482 0.60189
vt 0.15849 0.60323
vt 0.16204 0.60345
vt 0.16197 0.60524
vt 0.16537 0.60332
vt 0.16527 0.60499
vt 0.16848 0.6027
vt 0.16845 0.60372
vt 0.16951 0.60205
vt 0.16951 0.60243
vt 0.17011 0.60191
vt 0.17201 0.60179
vt 0.17201 0.60188
vt 0.17011 0.60213
vt 0.17011 0.60171
vt 0.17201 0.60171
vt 0.15849 0.60015
vt 0.15849 0.60167
vt 0.15506 0.60167
vt 0.16848 0.60065
vt 0.16951 0.60131
vt 0.16951 0.60166
vt 0.16849 0.60166
vt 0.16541 0.60168
vt 0.16207 0.60169
vt 0.15849 0.60171
vt 0.16197 0.59813
vt 0.16204 0.5999
vt 0.16527 0.59836
vt 0.16537 0.60001
vt 0.16845 0.59964
vt 0.16951 0.60094
vt 0.17011 0.60124
vt 0.17201 0.6015
vt 0.17201 0.6016
vt 0.17011 0.60147
vt 0.17011 0.60167
vt 0.17201 0.60167
vt 0.16541 0.60164
vt 0.16849 0.6017
vt 0.16951 0.6017
vt 0.16207 0.60165
vt 0.15506 0.6009
vt 0.15848 0.60091
vt 0.15848 0.60076
vt 0.15506 0.60078
vt 0.15482 0.6017
vt 0.16845 0.60208
vt 0.16528 0.60114
vt 0.16527 0.60099
vt 0.16845 0.60193
vt 0.16197 0.60101
vt 0.16197 0.60086
vt 0.16622 0.60208
vt 0.16491 0.60256
vt 0.16491 0.60241
vt 0.16622 0.60193
vt 0.16342 0.60256
vt 0.16212 0.60208
vt 0.16212 0.60193
vt 0.16342 0.60241
vt 0.16434 0.60295
vt 0.16425 0.60295
vt 0.16425 0.6028
vt 0.16434 0.6028
vt 0.1695 0.60256
vt 0.17011 0.60272
vt 0.17011 0.60258
vt 0.16951 0.60241
vt 0.172 0.60295
vt 0.17201 0.6028
vt 0.15849 0.60167
vt 0.172 0.60171
vt 0.16406 0.60295
vt 0.16396 0.60295
vt 0.16396 0.6028
vt 0.16406 0.6028
vt 0.15849 0.60078
vt 0.15506 0.60076
vt 0.15512 0.60088
vt 0.15849 0.60091
vt 0.16848 0.60227
vt 0.16541 0.60138
vt 0.16541 0.60125
vt 0.16849 0.60215
vt 0.16418 0.60273
vt 0.16414 0.60273
vt 0.16414 0.6026
vt 0.16418 0.6026
vt 0.16207 0.60095
vt 0.16207 0.60109
vt 0.17011 0.60258
vt 0.16951 0.60243
vt 0.16951 0.60256
vt 0.17011 0.60271
vt 0.15506 0.60078
vt 0.1552 0.60078
vt 0.16418 0.60258
vt 0.16414 0.60258
vt 0.16414 0.60271
vt 0.16418 0.60271
vt 0.17201 0.6028
vt 0.172 0.60293
vt 0.16951 0.60258
vt 0.16951 0.60245
vt 0.16541 0.60123
vt 0.16541 0.60136
vt 0.16951 0.6017
vt 0.17011 0.60171
vt 0.17011 0.60167
vt 0.16951 0.60166
vt 0.16849 0.6017
vt 0.16849 0.60166
vt 0.16541 0.60168
vt 0.16541 0.60164
vt 0.16207 0.60169
vt 0.16207 0.60165
vt 0.15512 0.60171
vt 0.15512 0.60167
vt 0.16951 0.60166
vt 0.17011 0.60167
vt 0.17011 0.60171
vt 0.16951 0.6017
vt 0.16849 0.60166
vt 0.16849 0.6017
vt 0.16207 0.60165
vt 0.16207 0.60169
vt 0.16207 0.6011
vt 0.16207 0.60097
vt 0.16849 0.60213
vt 0.16849 0.60226
vt 0.17011 0.60273
vt 0.17011 0.6026
vt 0.15506 0.60089
vt 0.15506 0.60091
vt 0.15512 0.6008
vt 0.1552 0.60089
vt 0.15849 0.60093
vt 0.15849 0.60079
vt 0.17201 0.60171
vt 0.17201 0.60167
vt 0.172 0.60167
vt 0.172 0.60171
vt 0.16413 0.60293
vt 0.16417 0.60293
vt 0.172 0.60295
vt 0.17201 0.60282
vt 0.16417 0.60282
vt 0.16413 0.60282
vt 0.16402 0.60087
vt 0.16402 0.60081
vt 0.16429 0.60087
vt 0.16436 0.60086
vt 0.16436 0.60082
vt 0.16429 0.60081
vt 0.15506 0.60169
vt 0.15482 0.60169
vt 0.15482 0.60169
vt 0.15482 0.60156
vt 0.15482 0.60086
vt 0.15482 0.60087
vt 0.15482 0.60149
vt 0.16466 0.6009
vt 0.16466 0.60078
vt 0.82358 0.94146
vt 0.82016 0.94025
vt 0.82016 0.94042
vt 0.82357 0.943
vt 0.82713 0.94168
vt 0.82706 0.94346
vt 0.83046 0.94154
vt 0.83037 0.94321
vt 0.83357 0.94092
vt 0.83354 0.94194
vt 0.8346 0.94065
vt 0.8346 0.94028
vt 0.8352 0.94013
vt 0.8352 0.94035
vt 0.8371 0.9401
vt 0.8371 0.94001
vt 0.82874 0.939
vt 0.82874 0.93912
vt 0.82904 0.93908
vt 0.82904 0.93904
vt 0.83358 0.93992
vt 0.8346 0.93992
vt 0.8305 0.93991
vt 0.82716 0.93992
vt 0.82358 0.93993
vt 0.82016 0.93994
vt 0.82357 0.93683
vt 0.82016 0.93941
vt 0.82016 0.93958
vt 0.82358 0.93837
vt 0.82706 0.93635
vt 0.82713 0.93812
vt 0.83037 0.93659
vt 0.83046 0.93823
vt 0.83354 0.93786
vt 0.83357 0.93888
vt 0.8346 0.93953
vt 0.8346 0.93916
vt 0.8352 0.93947
vt 0.8352 0.93969
vt 0.8371 0.93982
vt 0.8371 0.93973
vt 0.8346 0.93988
vt 0.8352 0.93989
vt 0.8371 0.9399
vt 0.83358 0.93988
vt 0.8305 0.93987
vt 0.8352 0.93993
vt 0.82716 0.93988
vt 0.81991 0.94005
vt 0.81991 0.94012
vt 0.82358 0.94146
vt 0.82357 0.943
vt 0.82713 0.94168
vt 0.82706 0.94346
vt 0.83046 0.94154
vt 0.83037 0.94321
vt 0.83357 0.94092
vt 0.83355 0.94194
vt 0.8346 0.94028
vt 0.8346 0.94065
vt 0.8352 0.94013
vt 0.8371 0.94001
vt 0.8371 0.9401
vt 0.8352 0.94035
vt 0.8352 0.93993
vt 0.8371 0.93993
vt 0.82358 0.93837
vt 0.82358 0.93989
vt 0.82016 0.9399
vt 0.83357 0.93888
vt 0.8346 0.93953
vt 0.8346 0.93988
vt 0.83358 0.93988
vt 0.8305 0.93991
vt 0.82716 0.93992
vt 0.82358 0.93993
vt 0.82357 0.93683
vt 0.82706 0.93635
vt 0.82713 0.93812
vt 0.83037 0.93659
vt 0.83046 0.93823
vt 0.83355 0.93786
vt 0.8346 0.93916
vt 0.8352 0.93947
vt 0.8371 0.93973
vt 0.8371 0.93982
vt 0.8352 0.93969
vt 0.8352 0.93989
vt 0.8371 0.93989
vt 0.8305 0.93987
vt 0.83358 0.93992
vt 0.8346 0.93992
vt 0.82716 0.93988
vt 0.82016 0.93912
vt 0.82357 0.93914
vt 0.82357 0.93899
vt 0.82016 0.939
vt 0.81991 0.93992
vt 0.83354 0.9403
vt 0.83037 0.93936
vt 0.83037 0.93921
vt 0.83355 0.94015
vt 0.82706 0.93923
vt 0.82706 0.93908
vt 0.83131 0.9403
vt 0.83001 0.94078
vt 0.83001 0.94063
vt 0.83131 0.94015
vt 0.82851 0.94078
vt 0.82721 0.9403
vt 0.82721 0.94015
vt 0.82851 0.94063
vt 0.82944 0.94117
vt 0.82934 0.94117
vt 0.82934 0.94102
vt 0.82944 0.94102
vt 0.8346 0.94078
vt 0.8352 0.94095
vt 0.8352 0.9408
vt 0.8346 0.94063
vt 0.8371 0.94117
vt 0.8371 0.94102
vt 0.82358 0.93989
vt 0.8371 0.93993
vt 0.82915 0.94117
vt 0.82906 0.94117
vt 0.82906 0.94102
vt 0.82915 0.94102
vt 0.82358 0.939
vt 0.82016 0.93899
vt 0.82022 0.9391
vt 0.82358 0.93913
vt 0.83358 0.9405
vt 0.8305 0.9396
vt 0.8305 0.93947
vt 0.83358 0.94037
vt 0.82927 0.94095
vt 0.82923 0.94095
vt 0.82923 0.94082
vt 0.82927 0.94082
vt 0.82716 0.93918
vt 0.82716 0.93931
vt 0.8352 0.9408
vt 0.8346 0.94065
vt 0.8346 0.94078
vt 0.8352 0.94093
vt 0.82016 0.93901
vt 0.82029 0.93901
vt 0.82927 0.9408
vt 0.82923 0.9408
vt 0.82923 0.94093
vt 0.82927 0.94093
vt 0.8371 0.94102
vt 0.8371 0.94115
vt 0.8346 0.9408
vt 0.8346 0.94067
vt 0.8305 0.93945
vt 0.8305 0.93958
vt 0.8346 0.93992
vt 0.8352 0.93993
vt 0.8352 0.93989
vt 0.8346 0.93988
vt 0.83358 0.93992
vt 0.83358 0.93988
vt 0.8305 0.93991
vt 0.8305 0.93987
vt 0.82716 0.93992
vt 0.82716 0.93988
vt 0.82358 0.93993
vt 0.82358 0.93989
vt 0.82022 0.93994
vt 0.82022 0.9399
vt 0.8346 0.93988
vt 0.8352 0.93989
vt 0.8352 0.93993
vt 0.8346 0.93992
vt 0.83358 0.93988
vt 0.83358 0.93992
vt 0.82358 0.93989
vt 0.82358 0.93993
vt 0.82716 0.93933
vt 0.82716 0.9392
vt 0.83358 0.94035
vt 0.83358 0.94048
vt 0.8352 0.94095
vt 0.8352 0.94082
vt 0.82016 0.93912
vt 0.82016 0.93914
vt 0.82022 0.93902
vt 0.82029 0.93912
vt 0.82358 0.93915
vt 0.82358 0.93902
vt 0.8371 0.93993
vt 0.8371 0.93989
vt 0.8371 0.93989
vt 0.8371 0.93993
vt 0.82923 0.94115
vt 0.82927 0.94115
vt 0.8371 0.94117
vt 0.8371 0.94104
vt 0.82927 0.94104
vt 0.82923 0.94104
vt 0.82912 0.93909
vt 0.82912 0.93903
vt 0.82938 0.93909
vt 0.82945 0.93908
vt 0.82945 0.93904
vt 0.82938 0.93903
vt 0.82016 0.93992
vt 0.81991 0.93992
vt 0.81991 0.93991
vt 0.81991 0.93978
vt 0.81991 0.93908
vt 0.81991 0.93909
vt 0.81991 0.93971
vt 0.82976 0.93912
vt 0.82976 0.939
vt 0.18008 0.15584
vt 0.17666 0.15463
vt 0.17666 0.1548
vt 0.18007 0.15738
vt 0.18364 0.15606
vt 0.18356 0.15784
vt 0.18697 0.15592
vt 0.18687 0.15759
vt 0.19007 0.1553
vt 0.19005 0.15632
vt 0.1911 0.15503
vt 0.1911 0.15466
vt 0.1917 0.15451
vt 0.1917 0.15473
vt 0.1936 0.15448
vt 0.1936 0.15439
vt 0.18524 0.15338
vt 0.18524 0.1535
vt 0.18555 0.15346
vt 0.18555 0.15342
vt 0.19008 0.1543
vt 0.1911 0.1543
vt 0.18701 0.15429
vt 0.18366 0.1543
vt 0.18009 0.15431
vt 0.17666 0.15432
vt 0.18007 0.15121
vt 0.17666 0.15379
vt 0.17666 0.15396
vt 0.18008 0.15275
vt 0.18356 0.15073
vt 0.18364 0.1525
vt 0.18687 0.15097
vt 0.18697 0.15261
vt 0.19005 0.15224
vt 0.19007 0.15326
vt 0.1911 0.15391
vt 0.1911 0.15354
vt 0.1917 0.15385
vt 0.1917 0.15407
vt 0.1936 0.1542
vt 0.1936 0.15411
vt 0.1911 0.15427
vt 0.1917 0.15427
vt 0.1936 0.15428
vt 0.19008 0.15426
vt 0.18701 0.15425
vt 0.1917 0.15431
vt 0.18366 0.15426
vt 0.17642 0.15443
vt 0.17642 0.1545
vt 0.18008 0.15584
vt 0.18007 0.15738
vt 0.18363 0.15606
vt 0.18356 0.15784
vt 0.18697 0.15592
vt 0.18687 0.15759
vt 0.19008 0.1553
vt 0.19005 0.15632
vt 0.19111 0.15466
vt 0.1911 0.15503
vt 0.19171 0.15451
vt 0.1936 0.15439
vt 0.1936 0.15448
vt 0.19171 0.15473
vt 0.19171 0.15431
vt 0.1936 0.15432
vt 0.18008 0.15275
vt 0.18009 0.15427
vt 0.17666 0.15428
vt 0.19008 0.15326
vt 0.19111 0.15391
vt 0.19111 0.15426
vt 0.19008 0.15426
vt 0.18701 0.15429
vt 0.18366 0.1543
vt 0.18009 0.15431
vt 0.18007 0.15121
vt 0.18356 0.15073
vt 0.18363 0.1525
vt 0.18687 0.15097
vt 0.18697 0.15261
vt 0.19005 0.15224
vt 0.1911 0.15354
vt 0.19171 0.15385
vt 0.1936 0.15411
vt 0.1936 0.1542
vt 0.19171 0.15407
vt 0.19171 0.15427
vt 0.1936 0.15428
vt 0.18701 0.15425
vt 0.19008 0.1543
vt 0.19111 0.1543
vt 0.18366 0.15426
vt 0.17666 0.1535
vt 0.18007 0.15352
vt 0.18007 0.15337
vt 0.17666 0.15338
vt 0.17642 0.1543
vt 0.19005 0.15468
vt 0.18687 0.15374
vt 0.18687 0.15359
vt 0.19005 0.15453
vt 0.18356 0.15361
vt 0.18356 0.15346
vt 0.18782 0.15468
vt 0.18651 0.15516
vt 0.18651 0.15501
vt 0.18782 0.15453
vt 0.18501 0.15516
vt 0.18371 0.15468
vt 0.18371 0.15453
vt 0.18501 0.15501
vt 0.18594 0.15555
vt 0.18585 0.15555
vt 0.18585 0.1554
vt 0.18594 0.1554
vt 0.1911 0.15516
vt 0.1917 0.15533
vt 0.19171 0.15518
vt 0.1911 0.15501
vt 0.1936 0.15555
vt 0.1936 0.1554
vt 0.18009 0.15427
vt 0.1936 0.15432
vt 0.18566 0.15555
vt 0.18556 0.15555
vt 0.18556 0.1554
vt 0.18566 0.1554
vt 0.18009 0.15338
vt 0.17666 0.15337
vt 0.17672 0.15348
vt 0.18009 0.15351
vt 0.19008 0.15488
vt 0.18701 0.15398
vt 0.18701 0.15385
vt 0.19008 0.15475
vt 0.18578 0.15533
vt 0.18574 0.15533
vt 0.18574 0.1552
vt 0.18578 0.1552
vt 0.18366 0.15356
vt 0.18366 0.15369
vt 0.19171 0.15518
vt 0.19111 0.15503
vt 0.1911 0.15516
vt 0.1917 0.15531
vt 0.17666 0.15339
vt 0.17679 0.15339
vt 0.18578 0.15518
vt 0.18574 0.15518
vt 0.18574 0.15531
vt 0.18578 0.15531
vt 0.1936 0.1554
vt 0.1936 0.15553
vt 0.1911 0.15518
vt 0.19111 0.15505
vt 0.18701 0.15383
vt 0.18701 0.15396
vt 0.19111 0.1543
vt 0.19171 0.15431
vt 0.19171 0.15427
vt 0.19111 0.15426
vt 0.19008 0.1543
vt 0.19008 0.15426
vt 0.18701 0.15429
vt 0.18701 0.15425
vt 0.18366 0.1543
vt 0.18366 0.15426
vt 0.18009 0.15431
vt 0.18009 0.15427
vt 0.17672 0.15432
vt 0.17672 0.15428
vt 0.1911 0.15426
vt 0.1917 0.15427
vt 0.1917 0.15431
vt 0.1911 0.1543
vt 0.19008 0.15426
vt 0.19008 0.1543
vt 0.18366 0.15426
vt 0.18366 0.1543
vt 0.18009 0.15427
vt 0.18009 0.15431
vt 0.18366 0.15371
vt 0.18366 0.15358
vt 0.19008 0.15473
vt 0.19008 0.15486
vt 0.1917 0.15533
vt 0.19171 0.1552
vt 0.17666 0.1535
vt 0.17666 0.15352
vt 0.17672 0.1534
vt 0.17679 0.1535
vt 0.18009 0.15353
vt 0.18009 0.1534
vt 0.1936 0.15432
vt 0.1936 0.15428
vt 0.1936 0.15428
vt 0.1936 0.15432
vt 0.18573 0.15553
vt 0.18577 0.15553
vt 0.1936 0.15555
vt 0.1936 0.15542
vt 0.18577 0.15542
vt 0.18573 0.15542
vt 0.18562 0.15347
vt 0.18562 0.15341
vt 0.18588 0.15347
vt 0.18595 0.15346
vt 0.18595 0.15342
vt 0.18588 0.15341
vt 0.17666 0.1543
vt 0.17642 0.1543
vt 0.17642 0.15429
vt 0.17642 0.15416
vt 0.17642 0.15346
vt 0.17642 0.15347
vt 0.17642 0.15409
vt 0.18626 0.1535
vt 0.18626 0.15338
vt 0.27214 0.49004
vt 0.27215 0.49003
vt 0.27214 0.49009
vt 0.27215 0.49009
vt 0.27213 0.49003
vt 0.27213 0.49009
vt 0.16416 0.60087
vt 0.16415 0.60082
vt 0.16415 0.60086
vt 0.16416 0.60081
vt 0.16415 0.60087
vt 0.16415 0.60081
vt 0.82926 0.93909
vt 0.82926 0.93903
vt 0.82925 0.93908
vt 0.82925 0.93904
vt 0.82924 0.93909
vt 0.82924 0.93903
vt 0.18575 0.15346
vt 0.18576 0.15341
vt 0.18575 0.15342
vt 0.18576 0.15347
vt 0.18574 0.15341
vt 0.18574 0.15347
usemtl mat2
f 323/198/198 324/199/198 325/200/198
f 326/201/199 327/202/199 328/203/199
f 329/204/200 330/205/200 331/206/200
f 332/207/201 333/208/201 334/209/201
f 335/210/202 336/211/202 337/212/202
f 338/213/203 339/214/203 340/215/203
f 341/216/204 342/217/204 343/218/204
f 344/219/205 345/220/205 346/221/205
f 347/222/206 348/223/206 349/224/206
f 350/225/207 351/226/207 352/227/207
f 353/228/208 354/229/208 355/230/208
f 356/231/209 357/232/209 358/233/209
f 359/234/210 360/235/210 361/236/210
f 362/237/211 363/238/211 364/239/211
f 365/240/212 366/241/212 367/242/212
f 368/243/213 369/244/213 370/245/213
f 371/246/214 372/247/214 373/248/214
f 371/246/214 373/248/214 374/249/214
f 375/250/215 376/251/215 377/252/215
f 375/250/215 377/252/215 378/253/215
f 379/254/216 380/255/216 381/256/216
f 379/254/216 381/256/216 382/257/216
f 383/258/217 384/259/217 385/260/218
f 383/258/217 385/260/218 386/261/217
f 387/262/219 388/263/219 389/264/219
f 387/262/219 389/264/219 390/265/219
f 391/259/220 392/258/220 393/261/221
f 391/259/220 393/261/221 394/260/220
f 395/266/222 396/267/222 380/255/222
f 395/266/222 380/255/222 379/254/222
f 397/268/223 398/269/223 384/259/223
f 397/268/223 384/259/223 383/258/223
f 399/270/224 400/271/224 388/263/224
f 399/270/224 388/263/224 387/262/224
f 401/269/225 402/268/225 392/258/225
f 401/269/225 392/258/225 391/259/225
f 403/272/222 404/273/222 396/267/222
f 403/272/222 396/267/222 395/266/222
f 405/274/223 406/275/223 398/269/223
f 405/274/223 398/269/223 397/268/223
f 407/276/224 408/277/224 400/271/224
f 407/276/224 400/271/224 399/270/224
f 409/275/225 410/274/225 402/268/225
f 409/275/225 402/268/225 401/269/225
f 411/278/222 412/279/222 404/273/222
f 411/278/222 404/273/222 403/272/222
f 413/280/223 414/281/223 406/275/223
f 413/280/223 406/275/223 405/274/223
f 415/282/224 416/283/224 408/277/224
f 415/282/224 408/277/224 407/276/224
f 417/281/225 418/280/225 410/274/225
f 417/281/225 410/274/225 409/275/225
f 419/284/222 420/285/222 412/279/222
f 419/284/222 412/279/222 411/278/222
f 421/286/223 422/287/223 414/281/223
f 421/286/223 414/281/223 413/280/223
f 423/288/224 424/289/224 416/283/224
f 423/288/224 416/283/224 415/282/224
f 425/287/225 426/286/225 418/280/225
f 425/287/225 418/280/225 417/281/225
f 427/290/222 428/291/222 420/285/222
f 427/290/222 420/285/222 419/284/222
f 429/292/223 430/293/223 422/287/223
f 429/292/223 422/287/223 421/286/223
f 431/294/224 432/295/224 424/289/224
f 431/294/224 424/289/224 423/288/224
f 433/293/225 434/292/225 426/286/225
f 433/293/225 426/286/225 425/287/225
f 435/296/222 436/297/222 428/291/222
f 435/296/222 428/291/222 427/290/222
f 437/298/223 438/299/223 430/293/223
f 437/298/223 430/293/223 429/292/223
f 439/300/224 440/301/224 432/295/224
f 439/300/224 432/295/224 431/294/224
f 441/299/225 442/298/225 434/292/225
f 441/299/225 434/292/225 433/293/225
f 443/302/222 444/303/222 436/297/222
f 443/302/222 436/297/222 435/296/222
f 445/304/223 446/305/223 438/299/223
f 445/304/223 438/299/223 437/298/223
f 447/306/224 448/307/224 440/301/224
f 447/306/224 440/301/224 439/300/224
f 449/305/225 450/304/225 442/298/225
f 449/305/225 442/298/225 441/299/225
f 451/308/222 452/309/222 444/303/222
f 451/308/222 444/303/222 443/302/222
f 453/310/223 454/311/223 446/305/223
f 453/310/223 446/305/223 445/304/223
f 455/312/224 456/313/224 448/307/224
f 455/312/224 448/307/224 447/306/224
f 457/311/225 458/310/225 450/304/225
f 457/311/225 450/304/225 449/305/225
f 459/314/222 460/315/222 452/309/222
f 459/314/222 452/309/222 451/308/222
f 461/316/223 462/317/223 454/311/223
f 461/316/223 454/311/223 453/310/223
f 463/318/224 464/319/224 456/313/224
f 463/318/224 456/313/224 455/312/224
f 465/317/225 466/316/225 458/310/225
f 465/317/225 458/310/225 457/311/225
f 467/320/226 468/321/226 460/315/226
f 467/320/226 460/315/226 459/314/226
f 469/322/227 470/323/227 462/317/227
f 469/322/227 462/317/227 461/316/227
f 471/324/228 472/325/228 464/319/228
f 471/324/228 464/319/228 463/318/228
f 473/323/229 474/322/229 466/316/229
f 473/323/229 466/316/229 465/317/229
f 475/326/230 476/327/230 468/321/230
f 475/326/230 468/321/230 467/320/230
f 477/328/231 478/329/231 470/323/231
f 477/328/231 470/323/231 469/322/231
f 479/330/232 480/331/232 472/325/232
f 479/330/232 472/325/232 471/324/232
f 481/329/233 482/328/233 474/322/233
f 481/329/233 474/322/233 473/323/233
f 483/332/234 484/333/234 476/327/234
f 483/332/234 476/327/234 475/326/234
f 485/334/235 486/335/235 478/329/235
f 485/334/235 478/329/235 477/328/235
f 487/336/236 488/337/236 480/331/236
f 487/336/236 480/331/236 479/330/236
f 489/335/237 490/334/237 482/328/237
f 489/335/237 482/328/237 481/329/237
f 491/338/238 492/339/238 484/333/238
f 491/338/238 484/333/238 483/332/238
f 493/340/239 494/341/239 486/335/239
f 493/340/239 486/335/239 485/334/239
f 495/342/240 496/343/240 488/337/240
f 495/342/240 488/337/240 487/336/240
f 497/341/241 498/340/241 490/334/241
f 497/341/241 490/334/241 489/335/241
f 499/344/242 500/345/242 492/339/242
f 499/344/242 492/339/242 491/338/242
f 501/346/243 502/347/243 494/341/243
f 501/346/244 494/341/244 493/340/244
f 503/348/245 504/349/245 496/343/245
f 503/348/245 496/343/245 495/342/245
f 505/347/246 506/346/246 498/340/246
f 505/347/247 498/340/247 497/341/247
f 507/350/248 508/351/248 500/345/248
f 507/350/248 500/345/248 499/344/248
f 509/352/249 510/353/249 502/347/249
f 509/352/249 502/347/249 501/346/249
f 511/354/250 512/355/250 504/349/250
f 511/354/251 504/349/251 503/348/251
f 513/353/252 514/352/252 506/346/252
f 513/353/252 506/346/252 505/347/252
f 515/356/253 516/357/253 508/351/253
f 515/356/253 508/351/253 507/350/253
f 517/358/254 518/359/254 510/353/254
f 517/358/254 510/353/254 509/352/254
f 519/360/255 520/361/255 512/355/255
f 519/360/255 512/355/255 511/354/255
f 521/359/256 522/358/256 514/352/256
f 521/359/256 514/352/256 513/353/256
f 523/362/257 524/363/257 525/364/257
f 523/362/257 525/364/257 526/365/257
f 527/366/258 528/367/258 529/368/258
f 527/366/258 529/368/258 530/369/258
f 531/363/259 532/362/259 533/365/259
f 531/363/259 533/365/259 534/364/259
f 535/367/260 536/366/260 537/369/260
f 535/367/260 537/369/260 538/368/260
f 539/370/257 540/371/257 524/363/257
f 539/370/257 524/363/257 523/362/257
f 541/372/258 542/373/258 528/367/258
f 541/372/258 528/367/258 527/366/258
f 543/371/259 544/370/259 532/362/259
f 543/371/259 532/362/259 531/363/259
f 545/373/260 546/372/260 536/366/260
f 545/373/260 536/366/260 535/367/260
f 547/374/257 548/375/257 540/371/257
f 547/374/257 540/371/257 539/370/257
f 549/376/258 550/377/258 542/373/258
f 549/376/258 542/373/258 541/372/258
f 551/375/259 552/374/259 544/370/259
f 551/375/259 544/370/259 543/371/259
f 553/377/260 554/376/260 546/372/260
f 553/377/260 546/372/260 545/373/260
f 555/378/257 556/379/257 548/375/257
f 555/378/257 548/375/257 547/374/257
f 557/380/258 558/381/258 550/377/258
f 557/380/258 550/377/258 549/376/258
f 559/379/259 560/378/259 552/374/259
f 559/379/259 552/374/259 551/375/259
f 561/381/260 562/380/260 554/376/260
f 561/381/260 554/376/260 553/377/260
f 563/382/257 564/383/257 556/379/257
f 563/382/257 556/379/257 555/378/257
f 565/384/258 566/385/258 558/381/258
f 565/384/258 558/381/258 557/380/258
f 567/383/259 568/382/259 560/378/259
f 567/383/259 560/378/259 559/379/259
f 569/385/260 570/384/260 562/380/260
f 569/385/260 562/380/260 561/381/260
f 571/386/257 572/387/257 564/383/257
f 571/386/257 564/383/257 563/382/257
f 573/388/258 574/389/258 566/385/258
f 573/388/258 566/385/258 565/384/258
f 575/387/259 576/386/259 568/382/259
f 575/387/259 568/382/259 567/383/259
f 577/389/260 578/388/260 570/384/260
f 577/389/260 570/384/260 569/385/260
f 579/390/257 580/391/257 572/387/257
f 579/390/257 572/387/257 571/386/257
f 581/392/258 582/393/258 574/389/258
f 581/392/258 574/389/258 573/388/258
f 583/391/259 584/390/259 576/386/259
f 583/391/259 576/386/259 575/387/259
f 585/393/260 586/392/260 578/388/260
f 585/393/260 578/388/260 577/389/260
f 587/394/257 588/395/257 580/391/257
f 587/394/257 580/391/257 579/390/257
f 589/396/258 590/397/258 582/393/258
f 589/396/258 582/393/258 581/392/258
f 591/395/259 592/394/259 584/390/259
f 591/395/259 584/390/259 583/391/259
f 593/397/260 594/396/260 586/392/260
f 593/397/260 586/392/260 585/393/260
f 595/398/257 596/399/257 588/395/257
f 595/398/257 588/395/257 587/394/257
f 597/400/258 598/401/258 590/397/258
f 597/400/258 590/397/258 589/396/258
f 599/399/259 600/398/259 592/394/259
f 599/399/259 592/394/259 591/395/259
f 601/401/260 602/400/260 594/396/260
f 601/401/260 594/396/260 593/397/260
f 603/402/257 604/403/257 596/399/257
f 603/402/257 596/399/257 595/398/257
f 605/404/258 606/405/258 598/401/258
f 605/404/258 598/401/258 597/400/258
f 607/403/259 608/402/259 600/398/259
f 607/403/259 600/398/259 599/399/259
f 609/405/260 610/404/260 602/400/260
f 609/405/260 602/400/260 601/401/260
f 611/406/257 612/407/257 604/403/257
f 611/406/257 604/403/257 603/402/257
f 613/408/258 614/409/258 606/405/258
f 613/408/258 606/405/258 605/404/258
f 615/407/259 616/406/259 608/402/259
f 615/407/259 608/402/259 607/403/259
f 617/409/260 618/408/260 610/404/260
f 617/409/260 610/404/260 609/405/260
f 619/410/257 620/411/257 612/407/257
f 619/410/257 612/407/257 611/406/257
f 621/412/258 622/413/258 614/409/258
f 621/412/258 614/409/258 613/408/258
f 623/411/259 624/410/259 616/406/259
f 623/411/259 616/406/259 615/407/259
f 625/413/260 626/412/260 618/408/260
f 625/413/260 618/408/260 617/409/260
f 627/414/257 628/415/257 620/411/257
f 627/414/257 620/411/257 619/410/257
f 629/416/258 630/417/258 622/413/258
f 629/416/258 622/413/258 621/412/258
f 631/415/259 632/414/259 624/410/259
f 631/415/259 624/410/259 623/411/259
f 633/417/260 634/416/260 626/412/260
f 633/417/260 626/412/260 625/413/260
f 635/418/257 636/419/257 628/415/257
f 635/418/257 628/415/257 627/414/257
f 637/420/258 638/421/258 630/417/258
f 637/420/258 630/417/258 629/416/258
f 639/419/259 640/418/259 632/414/259
f 639/419/259 632/414/259 631/415/259
f 641/421/260 642/420/260 634/416/260
f 641/421/260 634/416/260 633/417/260
f 643/422/257 644/423/257 636/419/257
f 643/422/257 636/419/257 635/418/257
f 645/424/258 646/425/258 638/421/258
f 645/424/258 638/421/258 637/420/258
f 647/423/259 648/422/259 640/418/259
f 647/423/259 640/418/259 639/419/259
f 649/425/260 650/424/260 642/420/260
f 649/425/260 642/420/260 641/421/260
f 651/426/257 652/427/257 644/423/257
f 651/426/257 644/423/257 643/422/257
f 653/428/258 654/429/258 646/425/258
f 653/428/258 646/425/258 645/424/258
f 655/427/259 656/426/259 648/422/259
f 655/427/259 648/422/259 647/423/259
f 657/429/260 658/428/260 650/424/260
f 657/429/260 650/424/260 649/425/260
f 659/430/257 660/431/257 652/427/257
f 659/430/257 652/427/257 651/426/257
f 661/432/258 662/433/258 654/429/258
f 661/432/258 654/429/258 653/428/258
f 663/431/259 664/430/259 656/426/259
f 663/431/259 656/426/259 655/427/259
f 665/433/260 666/432/260 658/428/260
f 665/433/260 658/428/260 657/429/260
f 667/434/257 668/435/257 660/431/257
f 667/434/257 660/431/257 659/430/257
f 669/436/258 670/437/258 662/433/258
f 669/436/258 662/433/258 661/432/258
f 671/435/259 672/434/259 664/430/259
f 671/435/259 664/430/259 663/431/259
f 673/437/260 674/436/260 666/432/260
f 673/437/260 666/432/260 665/433/260
f 675/438/261 676/439/261 668/435/261
f 675/438/261 668/435/261 667/434/261
f 386/261/262 385/260/263 670/437/264
f 386/261/262 670/437/264 669/436/263
f 677/440/265 678/441/265 672/434/265
f 677/440/265 672/434/265 671/435/265
f 394/260/266 393/261/267 674/436/266
f 394/260/266 674/436/266 673/437/267
f 679/442/268 680/443/269 681/444/269
f 679/442/268 681/444/269 682/445/269
f 683/446/270 679/442/270 682/445/271
f 683/446/270 682/445/271 684/447/270
f 685/448/272 683/446/272 684/447/272
f 685/448/272 684/447/272 686/449/273
f 687/450/274 685/448/274 686/449/274
f 687/450/274 686/449/274 688/451/274
f 687/450/275 688/451/275 689/452/276
f 687/450/275 689/452/276 690/453/276
f 691/454/277 692/455/277 693/456/277
f 691/454/277 693/456/277 694/457/277
f 690/453/278 689/452/278 692/455/278
f 690/453/278 692/455/278 691/454/278
f 695/458/279 696/459/279 697/460/279
f 695/458/279 697/460/279 698/461/279
f 699/462/280 687/450/281 690/453/281
f 699/462/280 690/453/281 700/463/281
f 701/464/282 702/465/282 683/446/283
f 701/464/282 683/446/283 685/448/282
f 702/465/284 703/466/284 679/442/284
f 702/465/284 679/442/284 683/446/284
f 703/466/285 704/467/285 680/443/285
f 703/466/286 680/443/286 679/442/286
f 705/468/287 706/469/288 707/470/288
f 705/468/287 707/470/288 708/471/288
f 709/472/289 705/468/289 708/471/289
f 709/472/289 708/471/289 710/473/289
f 711/474/290 709/472/290 710/473/290
f 711/474/290 710/473/290 712/475/291
f 713/476/292 711/474/292 712/475/292
f 713/476/292 712/475/292 714/477/292
f 713/476/293 714/477/293 715/478/293
f 713/476/293 715/478/293 716/479/293
f 717/480/294 718/481/294 719/482/294
f 717/480/294 719/482/294 720/483/294
f 716/479/295 715/478/295 718/481/296
f 716/479/295 718/481/296 717/480/296
f 715/478/297 721/484/298 722/485/297
f 715/478/297 722/485/297 718/481/297
f 718/481/299 722/485/299 723/486/299
f 718/481/300 723/486/300 719/482/300
f 714/477/301 724/487/301 721/484/302
f 714/477/301 721/484/302 715/478/302
f 714/477/303 712/475/304 725/488/305
f 714/477/303 725/488/305 724/487/304
f 700/463/306 690/453/306 691/454/306
f 700/463/306 691/454/306 726/489/306
f 712/475/307 710/473/308 727/490/308
f 712/475/307 727/490/308 725/488/307
f 681/444/309 680/443/309 728/491/309
f 681/444/309 728/491/309 729/492/309
f 730/493/310 731/494/311 732/444/311
f 730/493/310 732/444/311 733/443/310
f 734/495/312 735/496/313 731/494/312
f 734/495/312 731/494/312 730/493/313
f 736/497/314 737/498/314 735/496/314
f 736/497/314 735/496/314 734/495/314
f 738/499/315 739/500/315 737/498/315
f 738/499/315 737/498/315 736/497/315
f 738/499/316 740/501/316 741/502/316
f 738/499/316 741/502/316 739/500/316
f 742/503/317 743/504/317 744/505/318
f 742/503/317 744/505/318 745/506/317
f 740/501/319 742/503/320 745/506/320
f 740/501/319 745/506/320 741/502/319
f 746/507/321 747/508/321 743/504/321
f 746/507/322 743/504/322 742/503/322
f 748/509/323 749/510/323 750/511/323
f 748/509/324 750/511/324 751/470/324
f 752/512/325 753/513/325 754/514/325
f 752/512/325 754/514/325 755/515/326
f 756/516/327 736/497/327 734/495/327
f 756/516/327 734/495/327 757/517/327
f 757/517/328 734/495/328 730/493/328
f 757/517/328 730/493/328 758/518/329
f 758/518/330 730/493/330 733/443/330
f 758/518/331 733/443/331 759/467/331
f 760/519/332 748/509/332 751/470/333
f 760/519/332 751/470/333 761/469/333
f 762/520/334 763/521/335 748/509/335
f 762/520/334 748/509/335 760/519/335
f 764/522/336 765/523/336 763/521/336
f 764/522/336 763/521/336 762/520/336
f 766/524/337 752/512/337 765/523/337
f 766/524/337 765/523/337 764/522/337
f 766/524/338 767/525/338 753/513/338
f 766/524/338 753/513/338 752/512/339
f 768/526/340 769/527/340 770/528/340
f 768/526/340 770/528/340 771/529/340
f 767/525/341 768/526/341 771/529/342
f 767/525/341 771/529/342 753/513/341
f 753/513/343 771/529/344 772/530/344
f 753/513/343 772/530/344 754/514/345
f 771/529/346 770/528/346 773/531/346
f 771/529/347 773/531/347 772/530/347
f 752/512/348 755/515/348 774/532/349
f 752/512/348 774/532/349 765/523/349
f 775/533/350 776/534/350 740/501/350
f 775/533/350 740/501/350 738/499/350
f 776/534/351 746/507/352 742/503/351
f 776/534/351 742/503/351 740/501/352
f 765/523/353 774/532/353 777/535/353
f 765/523/353 777/535/353 763/521/353
f 763/521/354 777/535/355 749/510/354
f 763/521/354 749/510/354 748/509/354
f 778/536/356 779/537/356 780/538/356
f 778/536/357 780/538/357 781/539/357
f 759/467/358 733/443/358 782/491/358
f 759/467/358 782/491/358 783/540/358
f 784/541/359 785/542/360 786/543/360
f 784/541/359 786/543/360 787/544/359
f 779/537/361 788/545/361 789/546/361
f 779/537/362 789/546/362 780/538/362
f 790/537/363 791/536/363 792/539/363
f 790/537/364 792/539/364 793/538/364
f 794/545/365 790/537/365 793/538/365
f 794/545/366 793/538/366 795/546/366
f 788/545/367 796/542/367 797/543/367
f 788/545/368 797/543/368 789/546/368
f 785/542/369 794/545/369 795/546/369
f 785/542/369 795/546/369 786/543/369
f 796/542/370 798/541/370 799/544/370
f 796/542/370 799/544/370 797/543/370
f 800/547/371 801/548/372 802/549/372
f 800/547/371 802/549/372 803/550/371
f 804/551/373 805/552/373 806/553/374
f 804/551/373 806/553/374 807/554/373
f 808/555/375 809/556/375 810/557/375
f 808/555/375 810/557/375 811/558/375
f 812/559/376 813/560/376 814/561/376
f 812/559/377 814/561/377 815/562/377
f 816/563/378 817/560/378 818/561/378
f 816/563/379 818/561/379 819/564/379
f 813/560/380 820/563/381 821/564/380
f 813/560/380 821/564/380 814/561/381
f 817/560/382 822/559/382 823/562/382
f 817/560/382 823/562/382 818/561/382
f 708/471/383 707/470/384 824/511/385
f 708/471/383 824/511/385 825/565/385
f 726/489/386 691/454/386 694/457/386
f 726/489/386 694/457/386 826/566/386
f 775/533/387 738/499/387 736/497/388
f 775/533/387 736/497/388 756/516/388
f 733/443/389 732/444/389 827/492/389
f 733/443/389 827/492/389 782/491/389
f 710/473/390 708/471/390 825/565/390
f 710/473/390 825/565/390 727/490/390
f 828/567/391 829/568/391 830/569/391
f 828/567/392 830/569/392 831/570/392
f 832/571/393 833/572/393 834/573/393
f 832/571/394 834/573/394 835/574/394
f 836/572/395 837/571/395 838/574/395
f 836/572/396 838/574/396 839/573/396
f 840/575/397 841/576/398 842/577/397
f 840/575/397 842/577/397 843/578/399
f 844/579/400 845/580/400 846/581/400
f 844/579/400 846/581/400 847/582/400
f 848/583/401 832/571/401 835/574/401
f 848/583/402 835/574/402 849/584/402
f 850/576/403 851/575/404 852/578/404
f 850/576/403 852/578/404 853/577/403
f 854/585/405 855/586/405 856/587/405
f 854/585/406 856/587/406 857/588/406
f 833/572/407 858/589/408 859/590/409
f 833/572/407 859/590/409 834/573/409
f 837/571/410 860/583/410 861/584/410
f 837/571/411 861/584/411 838/574/411
f 862/591/412 863/592/412 864/593/412
f 862/591/412 864/593/412 865/594/412
f 866/585/413 867/595/414 868/596/415
f 866/585/413 868/596/415 869/588/416
f 870/597/417 840/575/417 843/578/417
f 870/597/417 843/578/417 871/598/417
f 872/586/418 866/585/418 869/588/418
f 872/586/419 869/588/419 873/587/419
f 858/589/420 836/572/421 839/573/420
f 858/589/420 839/573/420 859/590/420
f 874/599/422 848/583/422 849/584/422
f 874/599/423 849/584/423 875/600/423
f 851/575/424 876/597/424 877/598/424
f 851/575/424 877/598/424 852/578/424
f 699/462/425 701/464/426 685/448/427
f 699/462/425 685/448/427 687/450/425
f 878/601/428 879/602/428 880/603/428
f 878/601/428 880/603/428 881/604/428
f 882/605/429 878/601/429 881/604/429
f 882/605/429 881/604/429 883/606/429
f 884/607/430 882/605/430 883/606/430
f 884/607/430 883/606/430 885/608/430
f 886/609/431 884/607/431 885/608/431
f 886/609/431 885/608/431 887/610/431
f 888/611/432 886/609/432 887/610/432
f 888/611/432 887/610/432 889/612/432
f 890/613/433 888/611/433 889/612/433
f 890/613/433 889/612/433 891/614/433
f 892/615/434 893/616/434 894/617/434
f 892/615/434 894/617/434 895/618/434
f 896/619/435 892/615/435 895/618/435
f 896/619/435 895/618/435 897/620/435
f 898/488/436 896/619/436 897/620/436
f 898/488/436 897/620/436 899/464/436
f 900/621/437 898/488/437 899/464/437
f 900/621/437 899/464/437 901/622/437
f 902/623/438 900/621/438 901/622/438
f 902/623/438 901/622/438 903/624/438
f 904/614/439 902/623/439 903/624/439
f 904/614/439 903/624/439 905/613/439
f 906/625/423 850/576/423 853/577/423
f 906/625/440 853/577/440 907/626/440
f 908/627/441 872/586/441 873/587/441
f 908/627/441 873/587/441 909/628/441
f 841/576/442 910/625/442 911/626/442
f 841/576/443 911/626/443 842/577/443
f 876/597/406 912/629/406 913/630/406
f 876/597/405 913/630/405 877/598/405
f 855/586/444 914/627/444 915/628/444
f 855/586/444 915/628/444 856/587/444
f 916/631/445 917/632/446 918/633/445
f 916/631/445 918/633/445 919/634/446
f 845/580/447 844/579/447 847/582/447
f 845/580/447 847/582/447 846/581/447
f 920/635/448 906/625/448 907/626/448
f 920/635/449 907/626/449 921/636/449
f 922/629/419 870/597/419 871/598/419
f 922/629/418 871/598/418 923/630/418
f 924/599/398 908/627/399 909/628/399
f 924/599/398 909/628/399 925/600/399
f 926/632/450 916/631/451 919/634/451
f 926/632/450 919/634/451 927/633/451
f 910/625/411 928/635/411 929/636/411
f 910/625/452 929/636/452 911/626/452
f 914/627/403 874/599/403 875/600/453
f 914/627/403 875/600/453 915/628/403
f 917/632/394 920/635/394 921/636/394
f 917/632/454 921/636/454 918/633/454
f 928/635/455 926/632/455 927/633/455
f 928/635/395 927/633/395 929/636/395
f 860/583/443 924/599/443 925/600/443
f 860/583/456 925/600/456 861/584/456
f 879/602/457 930/637/457 931/638/457
f 879/602/457 931/638/457 880/603/457
f 893/616/458 932/639/458 933/640/458
f 893/616/458 933/640/458 894/617/458
f 863/592/459 862/591/459 865/594/459
f 863/592/459 865/594/459 864/593/459
f 327/202/460 326/201/460 934/641/460
f 327/202/460 934/641/460 935/642/460
f 936/643/414 922/629/461 923/630/414
f 936/643/414 923/630/414 937/644/462
f 938/595/463 854/585/463 857/588/463
f 938/595/464 857/588/464 939/596/464
f 324/199/460 323/198/460 940/645/460
f 324/199/460 940/645/460 941/646/460
f 912/629/465 942/643/466 943/644/466
f 912/629/465 943/644/466 913/630/463
f 697/460/467 944/647/467 945/648/467
f 697/460/468 945/648/468 698/461/468
f 946/649/467 947/650/467 948/651/467
f 946/649/467 948/651/467 949/652/467
f 750/511/469 950/653/469 951/654/469
f 750/511/470 951/654/470 952/655/470
f 824/511/471 707/470/471 953/656/471
f 824/511/471 953/656/471 954/655/471
f 917/632/472 916/631/472 955/657/472
f 917/632/473 955/657/473 956/658/473
f 950/653/474 759/467/474 783/540/474
f 950/653/475 783/540/475 951/654/475
f 751/470/358 750/511/358 952/655/358
f 751/470/358 952/655/358 957/656/358
f 916/631/476 926/632/476 958/658/476
f 916/631/476 958/658/476 955/657/476
f 761/469/477 751/470/477 957/656/477
f 761/469/478 957/656/478 959/659/478
f 707/470/479 706/469/479 960/659/479
f 707/470/480 960/659/480 953/656/480
f 961/660/481 962/661/481 948/651/481
f 961/660/481 948/651/481 947/650/481
f 680/443/471 704/467/471 963/540/471
f 680/443/471 963/540/471 728/491/471
f 964/662/482 965/663/483 966/664/483
f 964/662/482 966/664/483 967/665/484
f 968/666/485 964/662/485 967/665/485
f 968/666/485 967/665/485 969/667/485
f 970/668/486 968/666/486 969/667/486
f 970/668/486 969/667/486 971/669/486
f 972/670/487 970/668/487 971/669/487
f 972/670/487 971/669/487 973/671/487
f 972/670/488 973/671/489 974/672/488
f 972/670/488 974/672/488 975/673/488
f 976/674/490 977/675/490 978/676/490
f 976/674/490 978/676/490 979/677/490
f 975/673/491 974/672/491 977/675/491
f 975/673/491 977/675/491 976/674/491
f 980/678/492 981/679/492 982/680/492
f 980/678/493 982/680/493 983/681/493
f 984/682/494 972/670/494 975/673/494
f 984/682/494 975/673/494 985/683/494
f 986/684/495 987/685/496 968/666/496
f 986/684/495 968/666/496 970/668/495
f 987/685/497 988/686/497 964/662/497
f 987/685/497 964/662/497 968/666/497
f 988/686/498 989/687/498 965/663/498
f 988/686/499 965/663/499 964/662/499
f 990/688/500 991/689/500 992/690/500
f 990/688/500 992/690/500 993/691/500
f 994/692/501 990/688/501 993/691/501
f 994/692/501 993/691/501 995/693/501
f 996/694/502 994/692/503 995/693/503
f 996/694/502 995/693/503 997/695/502
f 998/696/504 996/694/504 997/695/504
f 998/696/504 997/695/504 999/697/505
f 998/696/506 999/697/506 1000/698/506
f 998/696/506 1000/698/506 1001/699/507
f 1002/700/508 1003/701/508 1004/702/509
f 1002/700/508 1004/702/509 1005/703/508
f 1001/699/510 1000/698/510 1003/701/510
f 1001/699/510 1003/701/510 1002/700/510
f 1000/698/511 1006/704/512 1007/705/512
f 1000/698/511 1007/705/512 1003/701/511
f 1003/701/513 1007/705/513 1008/706/513
f 1003/701/514 1008/706/514 1004/702/514
f 999/697/515 1009/707/516 1006/704/515
f 999/697/515 1006/704/515 1000/698/515
f 999/697/517 997/695/518 1010/708/518
f 999/697/517 1010/708/518 1009/707/517
f 985/683/519 975/673/520 976/674/520
f 985/683/519 976/674/520 1011/709/520
f 997/695/521 995/693/521 1012/710/521
f 997/695/521 1012/710/521 1010/708/521
f 966/664/522 965/663/522 1013/711/522
f 966/664/522 1013/711/522 1014/712/522
f 1015/713/523 1016/665/523 1017/664/523
f 1015/713/523 1017/664/523 1018/663/523
f 1019/714/524 1020/715/524 1016/665/524
f 1019/714/524 1016/665/524 1015/713/524
f 1021/716/525 1022/717/525 1020/715/525
f 1021/716/525 1020/715/525 1019/714/525
f 1023/718/526 1024/719/526 1022/717/527
f 1023/718/526 1022/717/527 1021/716/526
f 1023/718/528 1025/720/528 1026/721/528
f 1023/718/528 1026/721/528 1024/719/528
f 1027/722/529 1028/723/529 1029/724/529
f 1027/722/529 1029/724/529 1030/725/529
f 1025/720/530 1027/722/530 1030/725/530
f 1025/720/530 1030/725/530 1026/721/531
f 1031/726/532 1032/727/532 1028/723/532
f 1031/726/532 1028/723/532 1027/722/532
f 1033/728/533 1034/729/533 1035/730/533
f 1033/728/534 1035/730/534 1036/690/534
f 1037/731/535 1038/732/536 1039/733/536
f 1037/731/535 1039/733/536 1040/734/536
f 1041/735/537 1021/716/537 1019/714/537
f 1041/735/537 1019/714/537 1042/736/537
f 1042/736/538 1019/714/538 1015/713/539
f 1042/736/538 1015/713/539 1043/737/538
f 1043/737/540 1015/713/540 1018/663/540
f 1043/737/541 1018/663/541 1044/687/541
f 1045/688/542 1033/728/542 1036/690/542
f 1045/688/542 1036/690/542 1046/689/542
f 1047/738/543 1048/739/543 1033/728/544
f 1047/738/543 1033/728/544 1045/688/543
f 1049/740/545 1050/741/545 1048/739/545
f 1049/740/545 1048/739/545 1047/738/545
f 1051/742/546 1037/731/547 1050/741/546
f 1051/742/546 1050/741/546 1049/740/547
f 1051/742/548 1052/743/549 1038/732/550
f 1051/742/548 1038/732/550 1037/731/551
f 1053/744/552 1054/745/553 1055/746/552
f 1053/744/552 1055/746/552 1056/747/552
f 1052/743/554 1053/744/554 1056/747/554
f 1052/743/554 1056/747/554 1038/732/554
f 1038/732/555 1056/747/555 1057/748/556
f 1038/732/555 1057/748/556 1039/733/556
f 1056/747/557 1055/746/557 1058/749/557
f 1056/747/558 1058/749/558 1057/748/558
f 1037/731/559 1040/734/560 1059/750/559
f 1037/731/559 1059/750/559 1050/741/560
f 1060/751/561 1061/752/562 1025/720/562
f 1060/751/561 1025/720/562 1023/718/562
f 1061/752/563 1031/726/564 1027/722/564
f 1061/752/563 1027/722/564 1025/720/564
f 1050/741/565 1059/750/565 1062/753/565
f 1050/741/565 1062/753/565 1048/739/565
f 1048/739/566 1062/753/566 1034/729/566
f 1048/739/566 1034/729/566 1033/728/567
f 1063/754/568 1064/755/568 1065/756/568
f 1063/754/569 1065/756/569 1066/757/569
f 1044/687/570 1018/663/570 1067/711/570
f 1044/687/570 1067/711/570 1068/758/570
f 1069/759/571 1070/760/572 1071/761/572
f 1069/759/571 1071/761/572 1072/762/572
f 1064/755/573 1073/763/573 1074/764/573
f 1064/755/574 1074/764/574 1065/756/574
f 1075/755/575 1076/754/575 1077/757/575
f 1075/755/576 1077/757/576 1078/756/576
f 1079/763/577 1075/755/577 1078/756/577
f 1079/763/578 1078/756/578 1080/764/578
f 1073/763/579 1081/760/579 1082/761/579
f 1073/763/580 1082/761/580 1074/764/580
f 1070/760/581 1079/763/581 1080/764/581
f 1070/760/582 1080/764/582 1071/761/582
f 1081/760/583 1083/759/583 1084/762/583
f 1081/760/583 1084/762/583 1082/761/583
f 1085/765/584 1086/766/585 1087/767/584
f 1085/765/584 1087/767/584 1088/768/586
f 1089/769/587 1090/770/588 1091/771/588
f 1089/769/587 1091/771/588 1092/772/587
f 1093/773/589 1094/774/589 1095/775/589
f 1093/773/590 1095/775/590 1096/776/590
f 1097/777/591 1098/778/591 1099/779/591
f 1097/777/592 1099/779/592 1100/780/592
f 1101/781/593 1102/778/593 1103/779/593
f 1101/781/594 1103/779/594 1104/782/594
f 1098/778/595 1105/781/596 1106/782/596
f 1098/778/595 1106/782/596 1099/779/595
f 1102/778/597 1107/777/597 1108/780/597
f 1102/778/598 1108/780/598 1103/779/598
f 993/691/599 992/690/599 1109/730/599
f 993/691/600 1109/730/600 1110/783/600
f 1011/709/601 976/674/601 979/677/601
f 1011/709/602 979/677/602 1111/784/602
f 1060/751/603 1023/718/603 1021/716/604
f 1060/751/603 1021/716/604 1041/735/603
f 1018/663/605 1017/664/605 1112/712/605
f 1018/663/605 1112/712/605 1067/711/605
f 995/693/606 993/691/607 1110/783/607
f 995/693/606 1110/783/607 1012/710/607
f 1113/785/608 1114/786/608 1115/787/608
f 1113/785/609 1115/787/609 1116/788/609
f 1117/789/610 1118/790/610 1119/791/610
f 1117/789/611 1119/791/611 1120/792/611
f 1121/790/612 1122/789/612 1123/792/612
f 1121/790/613 1123/792/613 1124/791/613
f 1125/793/614 1126/794/615 1127/795/616
f 1125/793/614 1127/795/616 1128/796/617
f 1129/797/618 1130/798/618 1131/799/618
f 1129/797/619 1131/799/619 1132/800/619
f 1133/801/620 1117/789/620 1120/792/620
f 1133/801/621 1120/792/621 1134/802/621
f 1135/794/622 1136/793/623 1137/796/623
f 1135/794/622 1137/796/623 1138/795/622
f 1139/803/624 1140/804/624 1141/805/624
f 1139/803/625 1141/805/625 1142/806/625
f 1118/790/626 1143/807/627 1144/808/627
f 1118/790/626 1144/808/627 1119/791/627
f 1122/789/628 1145/801/628 1146/802/628
f 1122/789/629 1146/802/629 1123/792/629
f 1147/809/630 1148/810/630 1149/811/630
f 1147/809/631 1149/811/631 1150/812/631
f 1151/803/632 1152/813/632 1153/814/632
f 1151/803/632 1153/814/632 1154/806/633
f 1155/815/634 1125/793/634 1128/796/634
f 1155/815/634 1128/796/634 1156/816/634
f 1157/804/635 1151/803/635 1154/806/635
f 1157/804/636 1154/806/636 1158/805/636
f 1143/807/637 1121/790/638 1124/791/638
f 1143/807/637 1124/791/638 1144/808/638
f 1159/817/639 1133/801/639 1134/802/639
f 1159/817/640 1134/802/640 1160/818/640
f 1136/793/641 1161/815/641 1162/816/641
f 1136/793/641 1162/816/641 1137/796/641
f 984/682/642 986/684/643 970/668/643
f 984/682/642 970/668/643 972/670/642
f 1163/819/644 1164/820/644 1165/821/644
f 1163/819/645 1165/821/645 1166/822/645
f 1167/823/646 1163/819/646 1166/822/646
f 1167/823/647 1166/822/647 1168/824/647
f 1169/825/648 1167/823/648 1168/824/648
f 1169/825/649 1168/824/649 1170/826/649
f 1171/827/650 1169/825/650 1170/826/650
f 1171/827/651 1170/826/651 1172/828/651
f 1173/737/652 1171/827/652 1172/828/652
f 1173/737/652 1172/828/652 1174/729/652
f 1175/829/653 1173/737/653 1174/729/653
f 1175/829/653 1174/729/653 1176/830/653
f 1177/831/654 1178/832/654 1179/833/654
f 1177/831/654 1179/833/654 1180/834/654
f 1181/835/655 1177/831/655 1180/834/655
f 1181/835/656 1180/834/656 1182/836/656
f 1183/708/657 1181/835/657 1182/836/657
f 1183/708/658 1182/836/658 1184/684/658
f 1185/837/659 1183/708/659 1184/684/659
f 1185/837/660 1184/684/660 1186/838/660
f 1187/783/661 1185/837/661 1186/838/661
f 1187/783/662 1186/838/662 1188/686/662
f 1189/830/663 1187/783/663 1188/686/663
f 1189/830/663 1188/686/663 1190/829/663
f 1191/839/664 1135/794/664 1138/795/664
f 1191/839/639 1138/795/639 1192/840/639
f 1193/841/634 1157/804/634 1158/805/634
f 1193/841/634 1158/805/634 1194/842/634
f 1126/794/665 1195/839/665 1196/840/665
f 1126/794/666 1196/840/666 1127/795/666
f 1161/815/625 1197/843/625 1198/844/625
f 1161/815/624 1198/844/624 1162/816/624
f 1140/804/641 1199/841/641 1200/842/641
f 1140/804/641 1200/842/641 1141/805/641
f 1201/845/667 1202/846/668 1203/847/669
f 1201/845/667 1203/847/669 1204/848/669
f 1130/798/670 1129/797/670 1132/800/670
f 1130/798/671 1132/800/671 1131/799/671
f 1205/849/672 1191/839/672 1192/840/672
f 1205/849/673 1192/840/673 1206/850/673
f 1207/843/636 1155/815/636 1156/816/636
f 1207/843/635 1156/816/635 1208/844/635
f 1209/817/616 1193/841/616 1194/842/614
f 1209/817/616 1194/842/614 1210/818/616
f 1211/846/674 1201/845/675 1204/848/676
f 1211/846/674 1204/848/676 1212/847/676
f 1195/839/629 1213/849/629 1214/850/629
f 1195/839/677 1214/850/677 1196/840/677
f 1199/841/622 1159/817/622 1160/818/622
f 1199/841/622 1160/818/622 1200/842/622
f 1202/846/611 1205/849/611 1206/850/611
f 1202/846/678 1206/850/678 1203/847/678
f 1213/849/612 1211/846/612 1212/847/612
f 1213/849/612 1212/847/612 1214/850/612
f 1145/801/679 1209/817/679 1210/818/679
f 1145/801/665 1210/818/665 1146/802/665
f 1164/820/680 1215/851/680 1216/852/680
f 1164/820/681 1216/852/681 1165/821/681
f 1178/832/682 1217/853/682 1218/854/682
f 1178/832/682 1218/854/682 1179/833/682
f 1148/810/683 1147/809/683 1150/812/683
f 1148/810/684 1150/812/684 1149/811/684
f 339/214/685 338/213/685 1219/855/685
f 339/214/686 1219/855/686 1220/856/686
f 1221/857/687 1207/843/688 1208/844/687
f 1221/857/687 1208/844/687 1222/858/687
f 1223/813/689 1139/803/690 1142/806/690
f 1223/813/689 1142/806/690 1224/814/689
f 336/211/691 335/210/691 1225/859/691
f 336/211/691 1225/859/691 1226/860/691
f 1197/843/692 1227/857/693 1228/858/694
f 1197/843/692 1228/858/694 1198/844/690
f 982/680/695 1229/861/695 1230/862/695
f 982/680/695 1230/862/695 983/681/695
f 1231/863/696 1232/864/696 1233/865/696
f 1231/863/695 1233/865/695 1234/866/695
f 1035/730/697 1235/867/697 1236/868/697
f 1035/730/698 1236/868/698 1237/869/698
f 1109/730/699 992/690/699 1238/870/699
f 1109/730/700 1238/870/700 1239/869/700
f 1202/846/701 1201/845/701 1240/871/701
f 1202/846/701 1240/871/701 1241/872/701
f 1235/867/702 1044/687/702 1068/758/702
f 1235/867/702 1068/758/702 1236/868/702
f 1036/690/570 1035/730/570 1237/869/570
f 1036/690/570 1237/869/570 1242/870/570
f 1201/845/703 1211/846/703 1243/872/703
f 1201/845/704 1243/872/704 1240/871/704
f 1046/689/705 1036/690/705 1242/870/705
f 1046/689/705 1242/870/705 1244/873/705
f 992/690/706 991/689/706 1245/873/706
f 992/690/706 1245/873/706 1238/870/706
f 1246/874/707 1247/875/707 1233/865/707
f 1246/874/708 1233/865/708 1232/864/708
f 965/663/699 989/687/699 1248/758/699
f 965/663/699 1248/758/699 1013/711/699
f 1249/876/709 1250/877/709 1251/878/709
f 1249/876/709 1251/878/709 1252/879/709
f 1253/880/710 1249/876/711 1252/879/711
f 1253/880/710 1252/879/711 1254/881/711
f 1255/882/712 1253/880/712 1254/881/712
f 1255/882/712 1254/881/712 1256/883/712
f 1257/884/713 1255/882/714 1256/883/714
f 1257/884/713 1256/883/714 1258/885/713
f 1257/884/715 1258/885/715 1259/886/715
f 1257/884/715 1259/886/715 1260/887/715
f 1261/888/716 1262/889/717 1263/890/717
f 1261/888/716 1263/890/717 1264/891/717
f 1260/887/718 1259/886/719 1262/889/718
f 1260/887/718 1262/889/718 1261/888/719
f 1265/892/720 1266/893/720 1267/894/720
f 1265/892/720 1267/894/720 1268/895/720
f 1269/896/721 1257/884/721 1260/887/721
f 1269/896/721 1260/887/721 1270/897/721
f 1271/898/722 1272/899/722 1253/880/722
f 1271/898/722 1253/880/722 1255/882/722
f 1272/899/723 1273/900/723 1249/876/723
f 1272/899/723 1249/876/723 1253/880/723
f 1273/900/724 1274/901/724 1250/877/724
f 1273/900/725 1250/877/725 1249/876/725
f 1275/902/726 1276/903/726 1277/904/726
f 1275/902/726 1277/904/726 1278/905/726
f 1279/906/727 1275/902/727 1278/905/727
f 1279/906/727 1278/905/727 1280/907/727
f 1281/908/728 1279/906/728 1280/907/728
f 1281/908/728 1280/907/728 1282/909/729
f 1283/910/730 1281/908/730 1282/909/730
f 1283/910/730 1282/909/730 1284/911/730
f 1283/910/731 1284/911/731 1285/912/731
f 1283/910/731 1285/912/731 1286/913/731
f 1287/914/732 1288/915/733 1289/916/733
f 1287/914/732 1289/916/733 1290/917/733
f 1286/913/734 1285/912/734 1288/915/734
f 1286/913/734 1288/915/734 1287/914/734
f 1285/912/735 1291/918/736 1292/919/736
f 1285/912/735 1292/919/736 1288/915/736
f 1288/915/737 1292/919/737 1293/920/737
f 1288/915/738 1293/920/738 1289/916/738
f 1284/911/739 1294/921/739 1291/918/740
f 1284/911/739 1291/918/740 1285/912/740
f 1284/911/741 1282/909/741 1295/922/741
f 1284/911/741 1295/922/741 1294/921/741
f 1270/897/742 1260/887/743 1261/888/743
f 1270/897/742 1261/888/743 1296/923/742
f 1282/909/744 1280/907/744 1297/924/744
f 1282/909/744 1297/924/744 1295/922/744
f 1251/878/745 1250/877/745 1298/925/745
f 1251/878/746 1298/925/746 1299/926/746
f 1300/927/747 1301/928/747 1302/878/747
f 1300/927/747 1302/878/747 1303/877/748
f 1304/929/749 1305/930/749 1301/928/750
f 1304/929/749 1301/928/750 1300/927/749
f 1306/931/751 1307/932/751 1305/930/752
f 1306/931/751 1305/930/752 1304/929/752
f 1308/933/753 1309/934/753 1307/932/753
f 1308/933/753 1307/932/753 1306/931/753
f 1308/933/754 1310/935/755 1311/936/754
f 1308/933/754 1311/936/754 1309/934/754
f 1312/937/756 1313/938/756 1314/939/756
f 1312/937/756 1314/939/756 1315/940/756
f 1310/935/757 1312/937/757 1315/940/757
f 1310/935/757 1315/940/757 1311/936/757
f 1316/941/758 1317/942/759 1313/938/760
f 1316/941/758 1313/938/760 1312/937/761
f 1318/943/762 1319/944/763 1320/945/764
f 1318/943/762 1320/945/764 1321/904/765
f 1322/946/766 1323/947/766 1324/948/766
f 1322/946/766 1324/948/766 1325/949/766
f 1326/950/767 1306/931/767 1304/929/768
f 1326/950/767 1304/929/768 1327/951/768
f 1327/951/769 1304/929/769 1300/927/769
f 1327/951/769 1300/927/769 1328/952/769
f 1328/952/770 1300/927/771 1303/877/772
f 1328/952/770 1303/877/772 1329/901/772
f 1330/953/773 1318/943/773 1321/904/774
f 1330/953/773 1321/904/774 1331/903/775
f 1332/954/776 1333/955/776 1318/943/776
f 1332/954/776 1318/943/776 1330/953/776
f 1334/956/777 1335/957/777 1333/955/777
f 1334/956/777 1333/955/777 1332/954/777
f 1336/958/778 1322/946/778 1335/957/778
f 1336/958/778 1335/957/778 1334/956/778
f 1336/958/779 1337/959/779 1323/947/779
f 1336/958/779 1323/947/779 1322/946/779
f 1338/960/780 1339/961/780 1340/962/780
f 1338/960/780 1340/962/780 1341/963/780
f 1337/959/781 1338/960/781 1341/963/782
f 1337/959/781 1341/963/782 1323/947/782
f 1323/947/783 1341/963/783 1342/964/783
f 1323/947/783 1342/964/783 1324/948/784
f 1341/963/785 1340/962/786 1343/965/786
f 1341/963/785 1343/965/786 1342/964/787
f 1322/946/788 1325/949/789 1344/966/789
f 1322/946/788 1344/966/789 1335/957/788
f 1345/967/790 1346/968/790 1310/935/790
f 1345/967/790 1310/935/790 1308/933/791
f 1346/968/792 1316/941/793 1312/937/794
f 1346/968/792 1312/937/794 1310/935/795
f 1335/957/796 1344/966/796 1347/969/796
f 1335/957/796 1347/969/796 1333/955/796
f 1333/955/797 1347/969/797 1319/944/798
f 1333/955/797 1319/944/798 1318/943/797
f 1348/970/799 1349/971/799 1350/972/799
f 1348/970/800 1350/972/800 1351/973/800
f 1329/901/801 1303/877/801 1352/925/801
f 1329/901/801 1352/925/801 1353/974/801
f 1354/975/802 1355/976/802 1356/977/803
f 1354/975/802 1356/977/803 1357/978/802
f 1349/971/804 1358/979/804 1359/980/804
f 1349/971/805 1359/980/805 1350/972/805
f 1360/971/806 1361/970/806 1362/973/806
f 1360/971/807 1362/973/807 1363/972/807
f 1364/979/808 1360/971/808 1363/972/808
f 1364/979/809 1363/972/809 1365/980/809
f 1358/979/810 1366/976/810 1367/977/810
f 1358/979/811 1367/977/811 1359/980/811
f 1355/976/812 1364/979/812 1365/980/812
f 1355/976/812 1365/980/812 1356/977/812
f 1366/976/813 1368/975/814 1369/978/814
f 1366/976/813 1369/978/814 1367/977/813
f 1370/981/815 1371/982/815 1372/983/815
f 1370/981/815 1372/983/815 1373/984/815
f 1374/985/816 1375/986/817 1376/987/817
f 1374/985/816 1376/987/817 1377/988/816
f 1378/989/818 1379/990/818 1380/991/818
f 1378/989/818 1380/991/818 1381/992/818
f 1382/993/819 1383/994/819 1384/995/819
f 1382/993/820 1384/995/820 1385/996/820
f 1386/997/821 1387/994/821 1388/995/821
f 1386/997/822 1388/995/822 1389/998/822
f 1383/994/823 1390/997/823 1391/998/823
f 1383/994/823 1391/998/823 1384/995/823
f 1387/994/824 1392/993/824 1393/996/824
f 1387/994/825 1393/996/825 1388/995/825
f 1278/905/826 1277/904/826 1394/945/826
f 1278/905/827 1394/945/827 1395/999/827
f 1296/923/828 1261/888/828 1264/891/828
f 1296/923/829 1264/891/829 1396/1000/829
f 1345/967/830 1308/933/830 1306/931/831
f 1345/967/830 1306/931/831 1326/950/830
f 1303/877/832 1302/878/832 1397/926/832
f 1303/877/833 1397/926/833 1352/925/833
f 1280/907/834 1278/905/835 1395/999/835
f 1280/907/834 1395/999/835 1297/924/835
f 1398/1001/836 1399/1002/836 1400/1003/836
f 1398/1001/836 1400/1003/836 1401/1004/836
f 1402/1005/837 1403/1006/837 1404/1007/837
f 1402/1005/838 1404/1007/838 1405/1008/838
f 1406/1006/839 1407/1005/839 1408/1008/839
f 1406/1006/840 1408/1008/840 1409/1007/840
f 1410/1009/841 1411/1010/842 1412/1011/843
f 1410/1009/841 1412/1011/843 1413/1012/844
f 1414/1013/845 1415/1014/845 1416/1015/845
f 1414/1013/845 1416/1015/845 1417/1016/845
f 1418/1017/846 1402/1005/846 1405/1008/846
f 1418/1017/847 1405/1008/847 1419/1018/847
f 1420/1010/848 1421/1009/849 1422/1012/849
f 1420/1010/848 1422/1012/849 1423/1011/848
f 1424/1019/850 1425/1020/850 1426/1021/850
f 1424/1019/851 1426/1021/851 1427/1022/851
f 1403/1006/852 1428/1023/853 1429/1024/854
f 1403/1006/852 1429/1024/854 1404/1007/854
f 1407/1005/855 1430/1017/855 1431/1018/855
f 1407/1005/856 1431/1018/856 1408/1008/856
f 1432/1025/857 1433/1026/857 1434/1027/857
f 1432/1025/858 1434/1027/858 1435/1028/858
f 1436/1019/859 1437/1029/859 1438/1030/859
f 1436/1019/860 1438/1030/860 1439/1022/860
f 1440/1031/861 1410/1009/861 1413/1012/861
f 1440/1031/861 1413/1012/861 1441/1032/861
f 1442/1020/862 1436/1019/862 1439/1022/862
f 1442/1020/863 1439/1022/863 1443/1021/863
f 1428/1023/864 1406/1006/865 1409/1007/864
f 1428/1023/864 1409/1007/864 1429/1024/864
f 1444/1033/866 1418/1017/866 1419/1018/866
f 1444/1033/867 1419/1018/867 1445/1034/867
f 1421/1009/868 1446/1031/868 1447/1032/868
f 1421/1009/868 1447/1032/868 1422/1012/868
f 1269/896/869 1271/898/869 1255/882/870
f 1269/896/869 1255/882/870 1257/884/869
f 1448/1035/871 1449/1036/871 1450/1037/871
f 1448/1035/872 1450/1037/872 1451/1038/872
f 1452/1039/873 1448/1035/873 1451/1038/873
f 1452/1039/873 1451/1038/873 1453/1040/873
f 1454/1041/874 1452/1039/874 1453/1040/874
f 1454/1041/874 1453/1040/874 1455/1042/874
f 1456/1043/875 1454/1041/875 1455/1042/875
f 1456/1043/876 1455/1042/876 1457/1044/876
f 1458/1045/877 1456/1043/877 1457/1044/877
f 1458/1045/878 1457/1044/878 1459/1046/878
f 1460/1047/879 1458/1045/879 1459/1046/879
f 1460/1047/879 1459/1046/879 1461/1048/879
f 1462/1049/880 1463/1050/880 1464/1051/880
f 1462/1049/881 1464/1051/881 1465/1052/881
f 1466/1053/882 1462/1049/882 1465/1052/882
f 1466/1053/883 1465/1052/883 1467/1054/883
f 1468/922/884 1466/1053/884 1467/1054/884
f 1468/922/884 1467/1054/884 1469/898/884
f 1470/924/885 1468/922/885 1469/898/885
f 1470/924/886 1469/898/886 1471/899/886
f 1472/1055/887 1470/924/887 1471/899/887
f 1472/1055/887 1471/899/887 1473/1056/887
f 1474/1048/888 1472/1055/888 1473/1056/888
f 1474/1048/889 1473/1056/889 1475/1047/889
f 1476/1057/890 1420/1010/890 1423/1011/890
f 1476/1057/891 1423/1011/891 1477/1058/891
f 1478/1059/861 1442/1020/861 1443/1021/861
f 1478/1059/861 1443/1021/861 1479/1060/861
f 1411/1010/892 1480/1057/892 1481/1058/892
f 1411/1010/893 1481/1058/893 1412/1011/893
f 1446/1031/851 1482/1061/851 1483/1062/851
f 1446/1031/850 1483/1062/850 1447/1032/850
f 1425/1020/868 1484/1059/868 1485/1060/868
f 1425/1020/868 1485/1060/868 1426/1021/868
f 1486/1063/894 1487/1064/894 1488/1065/894
f 1486/1063/894 1488/1065/894 1489/1066/895
f 1415/1014/896 1414/1013/896 1417/1016/896
f 1415/1014/896 1417/1016/896 1416/1015/896
f 1490/1067/847 1476/1057/847 1477/1058/847
f 1490/1067/897 1477/1058/897 1491/1068/897
f 1492/1061/898 1440/1031/898 1441/1032/898
f 1492/1061/862 1441/1032/862 1493/1062/862
f 1494/1033/842 1478/1059/899 1479/1060/900
f 1494/1033/842 1479/1060/900 1495/1034/900
f 1496/1064/901 1486/1063/902 1489/1066/902
f 1496/1064/901 1489/1066/902 1497/1065/903
f 1480/1057/856 1498/1067/856 1499/1068/856
f 1480/1057/855 1499/1068/855 1481/1058/855
f 1484/1059/904 1444/1033/904 1445/1034/848
f 1484/1059/904 1445/1034/848 1485/1060/904
f 1487/1064/838 1490/1067/838 1491/1068/838
f 1487/1064/905 1491/1068/905 1488/1065/905
f 1498/1067/906 1496/1064/906 1497/1065/906
f 1498/1067/839 1497/1065/839 1499/1068/839
f 1430/1017/893 1494/1033/893 1495/1034/893
f 1430/1017/907 1495/1034/907 1431/1018/907
f 1449/1036/908 1500/1069/908 1501/1070/908
f 1449/1036/909 1501/1070/909 1450/1037/909
f 1463/1050/910 1502/1071/910 1503/1072/910
f 1463/1050/911 1503/1072/911 1464/1051/911
f 1433/1026/912 1432/1025/912 1435/1028/912
f 1433/1026/913 1435/1028/913 1434/1027/913
f 351/226/914 350/225/914 1504/1073/914
f 351/226/915 1504/1073/915 1505/1074/915
f 1506/1075/916 1492/1061/917 1493/1062/918
f 1506/1075/916 1493/1062/918 1507/1076/919
f 1508/1029/920 1424/1019/921 1427/1022/921
f 1508/1029/920 1427/1022/921 1509/1030/920
f 348/223/922 347/222/922 1510/1077/922
f 348/223/915 1510/1077/915 1511/1078/915
f 1482/1061/920 1512/1075/923 1513/1076/924
f 1482/1061/920 1513/1076/924 1483/1062/925
f 1267/894/926 1514/1079/926 1515/1080/926
f 1267/894/927 1515/1080/927 1268/895/927
f 1516/1081/927 1517/1082/927 1518/1083/927
f 1516/1081/926 1518/1083/926 1519/1084/926
f 1320/945/928 1520/1085/928 1521/1086/928
f 1320/945/929 1521/1086/929 1522/1087/929
f 1394/945/930 1277/904/930 1523/1088/930
f 1394/945/930 1523/1088/930 1524/1087/930
f 1487/1064/931 1486/1063/931 1525/1089/931
f 1487/1064/932 1525/1089/932 1526/1090/932
f 1520/1085/933 1329/901/933 1353/974/933
f 1520/1085/934 1353/974/934 1521/1086/934
f 1321/904/801 1320/945/801 1522/1087/801
f 1321/904/801 1522/1087/801 1527/1088/801
f 1486/1063/935 1496/1064/935 1528/1090/935
f 1486/1063/936 1528/1090/936 1525/1089/936
f 1331/903/937 1321/904/937 1527/1088/937
f 1331/903/937 1527/1088/937 1529/1091/937
f 1277/904/938 1276/903/938 1530/1091/938
f 1277/904/939 1530/1091/939 1523/1088/939
f 1531/1092/940 1532/1093/940 1518/1083/940
f 1531/1092/940 1518/1083/940 1517/1082/940
f 1250/877/941 1274/901/941 1533/974/941
f 1250/877/941 1533/974/941 1298/925/941
f 1534/1094/942 1535/1095/943 1536/1096/943
f 1534/1094/942 1536/1096/943 1537/1097/943
f 1538/1098/944 1534/1094/944 1537/1097/944
f 1538/1098/944 1537/1097/944 1539/1099/944
f 1540/1100/945 1538/1098/945 1539/1099/945
f 1540/1100/945 1539/1099/945 1541/1101/945
f 1542/1102/946 1540/1100/947 1541/1101/946
f 1542/1102/946 1541/1101/946 1543/1103/946
f 1542/1102/948 1543/1103/948 1544/1104/948
f 1542/1102/948 1544/1104/948 1545/1105/948
f 1546/1106/949 1547/1107/949 1548/1108/949
f 1546/1106/949 1548/1108/949 1549/1109/949
f 1545/1105/950 1544/1104/950 1547/1107/950
f 1545/1105/950 1547/1107/950 1546/1106/950
f 1550/1110/951 1551/1111/951 1552/1112/951
f 1550/1110/951 1552/1112/951 1553/1113/951
f 1554/1114/952 1542/1102/952 1545/1105/952
f 1554/1114/952 1545/1105/952 1555/1115/952
f 1556/1116/953 1557/1117/953 1538/1098/953
f 1556/1116/953 1538/1098/953 1540/1100/953
f 1557/1117/954 1558/1118/955 1534/1094/956
f 1557/1117/954 1534/1094/956 1538/1098/955
f 1558/1118/957 1559/1119/958 1535/1095/958
f 1558/1118/957 1535/1095/958 1534/1094/958
f 1560/1120/959 1561/1121/959 1562/1122/959
f 1560/1120/959 1562/1122/959 1563/1123/959
f 1564/1124/960 1560/1120/960 1563/1123/960
f 1564/1124/960 1563/1123/960 1565/1125/960
f 1566/1126/961 1564/1124/961 1565/1125/962
f 1566/1126/961 1565/1125/962 1567/1127/963
f 1568/1128/964 1566/1126/965 1567/1127/964
f 1568/1128/964 1567/1127/964 1569/1129/964
f 1568/1128/966 1569/1129/966 1570/1130/966
f 1568/1128/966 1570/1130/966 1571/1131/967
f 1572/1132/968 1573/1133/968 1574/1134/968
f 1572/1132/968 1574/1134/968 1575/1135/968
f 1571/1131/969 1570/1130/969 1573/1133/969
f 1571/1131/969 1573/1133/969 1572/1132/969
f 1570/1130/970 1576/1136/971 1577/1137/972
f 1570/1130/970 1577/1137/972 1573/1133/973
f 1573/1133/974 1577/1137/975 1578/1138/976
f 1573/1133/974 1578/1138/976 1574/1134/977
f 1569/1129/978 1579/1139/978 1576/1136/978
f 1569/1129/978 1576/1136/978 1570/1130/978
f 1569/1129/979 1567/1127/980 1580/1140/981
f 1569/1129/979 1580/1140/981 1579/1139/982
f 1555/1115/983 1545/1105/983 1546/1106/984
f 1555/1115/983 1546/1106/984 1581/1141/984
f 1567/1127/985 1565/1125/985 1582/1142/985
f 1567/1127/985 1582/1142/985 1580/1140/985
f 1536/1096/986 1535/1095/986 1583/1143/986
f 1536/1096/987 1583/1143/987 1584/1144/987
f 1585/1145/988 1586/1146/989 1587/1096/988
f 1585/1145/988 1587/1096/988 1588/1095/988
f 1589/1147/990 1590/1148/990 1586/1146/990
f 1589/1147/990 1586/1146/990 1585/1145/990
f 1591/1149/991 1592/1150/991 1590/1148/991
f 1591/1149/991 1590/1148/991 1589/1147/991
f 1593/1151/992 1594/1152/992 1592/1150/992
f 1593/1151/992 1592/1150/992 1591/1149/992
f 1593/1151/993 1595/1153/993 1596/1154/994
f 1593/1151/993 1596/1154/994 1594/1152/993
f 1597/1155/995 1598/1156/995 1599/1157/995
f 1597/1155/995 1599/1157/995 1600/1158/995
f 1595/1153/996 1597/1155/997 1600/1158/997
f 1595/1153/996 1600/1158/997 1596/1154/996
f 1601/1159/998 1602/1160/998 1598/1156/998
f 1601/1159/999 1598/1156/999 1597/1155/999
f 1603/1161/1000 1604/1162/1000 1605/1163/1000
f 1603/1161/1001 1605/1163/1001 1606/1122/1001
f 1607/1164/1002 1608/1165/1002 1609/1166/1002
f 1607/1164/1002 1609/1166/1002 1610/1167/1002
f 1611/1168/1003 1591/1149/1004 1589/1147/1004
f 1611/1168/1003 1589/1147/1004 1612/1169/1003
f 1612/1169/1005 1589/1147/1006 1585/1145/1005
f 1612/1169/1005 1585/1145/1005 1613/1170/1005
f 1613/1170/1007 1585/1145/1008 1588/1095/1009
f 1613/1170/1007 1588/1095/1009 1614/1119/1009
f 1615/1171/1010 1603/1161/1011 1606/1122/1011
f 1615/1171/1010 1606/1122/1011 1616/1121/1012
f 1617/1172/1013 1618/1173/1014 1603/1161/1013
f 1617/1172/1013 1603/1161/1013 1615/1171/1014
f 1619/1174/1015 1620/1175/1015 1618/1173/1015
f 1619/1174/1015 1618/1173/1015 1617/1172/1015
f 1621/1176/1016 1607/1164/1016 1620/1175/1016
f 1621/1176/1016 1620/1175/1016 1619/1174/1016
f 1621/1176/1017 1622/1177/1017 1608/1165/1017
f 1621/1176/1017 1608/1165/1017 1607/1164/1017
f 1623/1178/1018 1624/1179/1018 1625/1180/1018
f 1623/1178/1018 1625/1180/1018 1626/1181/1018
f 1622/1177/1019 1623/1178/1019 1626/1181/1020
f 1622/1177/1019 1626/1181/1020 1608/1165/1019
f 1608/1165/1021 1626/1181/1021 1627/1182/1021
f 1608/1165/1021 1627/1182/1021 1609/1166/1021
f 1626/1181/1022 1625/1180/1022 1628/1183/1022
f 1626/1181/1023 1628/1183/1023 1627/1182/1023
f 1607/1164/1024 1610/1167/1025 1629/1184/1024
f 1607/1164/1024 1629/1184/1024 1620/1175/1024
f 1630/1185/1026 1631/1186/1027 1595/1153/1027
f 1630/1185/1026 1595/1153/1027 1593/1151/1026
f 1631/1186/1028 1601/1159/1029 1597/1155/1028
f 1631/1186/1028 1597/1155/1028 1595/1153/1028
f 1620/1175/1030 1629/1184/1030 1632/1187/1030
f 1620/1175/1030 1632/1187/1030 1618/1173/1030
f 1618/1173/1031 1632/1187/1031 1604/1162/1032
f 1618/1173/1031 1604/1162/1032 1603/1161/1031
f 1633/1188/1033 1634/1189/1033 1635/1190/1033
f 1633/1188/1034 1635/1190/1034 1636/1191/1034
f 1614/1119/1035 1588/1095/1035 1637/1143/1035
f 1614/1119/1035 1637/1143/1035 1638/1192/1035
f 1639/1193/1036 1640/1194/1037 1641/1195/1037
f 1639/1193/1036 1641/1195/1037 1642/1196/1037
f 1634/1189/1038 1643/1197/1038 1644/1198/1038
f 1634/1189/1039 1644/1198/1039 1635/1190/1039
f 1645/1189/1040 1646/1188/1041 1647/1191/1041
f 1645/1189/1040 1647/1191/1041 1648/1190/1040
f 1649/1197/1042 1645/1189/1042 1648/1190/1042
f 1649/1197/1043 1648/1190/1043 1650/1198/1043
f 1643/1197/1044 1651/1194/1044 1652/1195/1044
f 1643/1197/1045 1652/1195/1045 1644/1198/1045
f 1640/1194/1046 1649/1197/1046 1650/1198/1046
f 1640/1194/1047 1650/1198/1047 1641/1195/1047
f 1651/1194/1048 1653/1193/1048 1654/1196/1048
f 1651/1194/1048 1654/1196/1048 1652/1195/1049
f 1655/1199/1050 1656/1200/1051 1657/1201/1052
f 1655/1199/1050 1657/1201/1052 1658/1202/1050
f 1659/1203/1053 1660/1204/1054 1661/1205/1055
f 1659/1203/1053 1661/1205/1055 1662/1206/1056
f 1663/1207/1057 1664/1208/1057 1665/1209/1057
f 1663/1207/1058 1665/1209/1058 1666/1210/1058
f 1667/1211/1059 1668/1212/1059 1669/1213/1059
f 1667/1211/1060 1669/1213/1060 1670/1214/1060
f 1671/1215/1061 1672/1212/1061 1673/1213/1061
f 1671/1215/1062 1673/1213/1062 1674/1216/1062
f 1668/1212/1063 1675/1215/1064 1676/1216/1063
f 1668/1212/1063 1676/1216/1063 1669/1213/1063
f 1672/1212/1065 1677/1211/1065 1678/1214/1065
f 1672/1212/1066 1678/1214/1066 1673/1213/1066
f 1563/1123/1067 1562/1122/1068 1679/1163/1068
f 1563/1123/1067 1679/1163/1068 1680/1217/1069
f 1581/1141/1070 1546/1106/1071 1549/1109/1072
f 1581/1141/1070 1549/1109/1072 1681/1218/1073
f 1630/1185/1074 1593/1151/1074 1591/1149/1075
f 1630/1185/1074 1591/1149/1075 1611/1168/1074
f 1588/1095/1076 1587/1096/1076 1682/1144/1076
f 1588/1095/1077 1682/1144/1077 1637/1143/1077
f 1565/1125/1078 1563/1123/1078 1680/1217/1078
f 1565/1125/1078 1680/1217/1078 1582/1142/1079
f 1683/1219/1080 1684/1220/1080 1685/1221/1080
f 1683/1219/1081 1685/1221/1081 1686/1222/1081
f 1687/1223/1082 1688/1224/1082 1689/1225/1082
f 1687/1223/1083 1689/1225/1083 1690/1226/1083
f 1691/1224/1084 1692/1223/1084 1693/1226/1084
f 1691/1224/1085 1693/1226/1085 1694/1225/1085
f 1695/1227/1086 1696/1228/1087 1697/1229/1088
f 1695/1227/1086 1697/1229/1088 1698/1230/1086
f 1699/1231/1089 1700/1232/1089 1701/1233/1089
f 1699/1231/1090 1701/1233/1090 1702/1234/1090
f 1703/1235/1091 1687/1223/1091 1690/1226/1091
f 1703/1235/1092 1690/1226/1092 1704/1236/1092
f 1705/1228/1093 1706/1227/1094 1707/1230/1094
f 1705/1228/1093 1707/1230/1094 1708/1229/1093
f 1709/1237/1095 1710/1238/1095 1711/1239/1095
f 1709/1237/1096 1711/1239/1096 1712/1240/1096
f 1688/1224/1097 1713/1241/1098 1714/1242/1098
f 1688/1224/1097 1714/1242/1098 1689/1225/1098
f 1692/1223/1099 1715/1235/1099 1716/1236/1099
f 1692/1223/1100 1716/1236/1100 1693/1226/1100
f 1717/1243/1101 1718/1244/1101 1719/1245/1101
f 1717/1243/1102 1719/1245/1102 1720/1246/1102
f 1721/1237/1103 1722/1247/1104 1723/1248/1105
f 1721/1237/1103 1723/1248/1105 1724/1240/1105
f 1725/1249/1106 1695/1227/1106 1698/1230/1106
f 1725/1249/1107 1698/1230/1107 1726/1250/1107
f 1727/1238/1108 1721/1237/1108 1724/1240/1108
f 1727/1238/1109 1724/1240/1109 1728/1239/1109
f 1713/1241/1110 1691/1224/1110 1694/1225/1111
f 1713/1241/1110 1694/1225/1111 1714/1242/1111
f 1729/1251/1112 1703/1235/1112 1704/1236/1112
f 1729/1251/1113 1704/1236/1113 1730/1252/1113
f 1706/1227/1114 1731/1249/1114 1732/1250/1114
f 1706/1227/1114 1732/1250/1114 1707/1230/1114
f 1554/1114/1115 1556/1116/1115 1540/1100/1115
f 1554/1114/1115 1540/1100/1115 1542/1102/1115
f 1733/1253/1116 1734/1254/1116 1735/1255/1116
f 1733/1253/1116 1735/1255/1116 1736/1256/1116
f 1737/1257/1117 1733/1253/1117 1736/1256/1117
f 1737/1257/1117 1736/1256/1117 1738/1258/1117
f 1739/1259/1118 1737/1257/1118 1738/1258/1118
f 1739/1259/1119 1738/1258/1119 1740/1260/1119
f 1741/1261/1120 1739/1259/1120 1740/1260/1120
f 1741/1261/1121 1740/1260/1121 1742/1262/1121
f 1743/1263/1122 1741/1261/1122 1742/1262/1122
f 1743/1263/1123 1742/1262/1123 1744/1264/1123
f 1745/1265/1124 1743/1263/1124 1744/1264/1124
f 1745/1265/1124 1744/1264/1124 1746/1266/1124
f 1747/1267/1125 1748/1268/1125 1749/1269/1125
f 1747/1267/1125 1749/1269/1125 1750/1270/1125
f 1751/1271/1126 1747/1267/1126 1750/1270/1126
f 1751/1271/1127 1750/1270/1127 1752/1272/1127
f 1753/1140/1128 1751/1271/1128 1752/1272/1128
f 1753/1140/1129 1752/1272/1129 1754/1116/1129
f 1755/1273/1130 1753/1140/1130 1754/1116/1130
f 1755/1273/1130 1754/1116/1130 1756/1274/1130
f 1757/1275/1131 1755/1273/1131 1756/1274/1131
f 1757/1275/1132 1756/1274/1132 1758/1276/1132
f 1759/1266/1133 1757/1275/1133 1758/1276/1133
f 1759/1266/1134 1758/1276/1134 1760/1265/1134
f 1761/1277/1135 1705/1228/1135 1708/1229/1135
f 1761/1277/1136 1708/1229/1136 1762/1278/1136
f 1763/1279/1107 1727/1238/1107 1728/1239/1107
f 1763/1279/1107 1728/1239/1107 1764/1280/1107
f 1696/1228/1137 1765/1277/1137 1766/1278/1137
f 1696/1228/1138 1766/1278/1138 1697/1229/1138
f 1731/1249/1096 1767/1281/1096 1768/1282/1096
f 1731/1249/1139 1768/1282/1139 1732/1250/1139
f 1710/1238/1140 1769/1279/1140 1770/1280/1140
f 1710/1238/1140 1770/1280/1140 1711/1239/1140
f 1771/1283/1141 1772/1284/1141 1773/1285/1142
f 1771/1283/1141 1773/1285/1142 1774/1286/1142
f 1700/1232/1143 1699/1231/1143 1702/1234/1143
f 1700/1232/1144 1702/1234/1144 1701/1233/1144
f 1775/1287/1145 1761/1277/1145 1762/1278/1145
f 1775/1287/1091 1762/1278/1091 1776/1288/1091
f 1777/1281/1146 1725/1249/1146 1726/1250/1146
f 1777/1281/1108 1726/1250/1108 1778/1282/1108
f 1779/1251/1087 1763/1279/1088 1764/1280/1086
f 1779/1251/1087 1764/1280/1086 1780/1252/1087
f 1781/1284/1147 1771/1283/1148 1774/1286/1149
f 1781/1284/1147 1774/1286/1149 1782/1285/1149
f 1765/1277/1150 1783/1287/1150 1784/1288/1150
f 1765/1277/1151 1784/1288/1151 1766/1278/1151
f 1769/1279/1094 1729/1251/1093 1730/1252/1093
f 1769/1279/1094 1730/1252/1093 1770/1280/1093
f 1772/1284/1083 1775/1287/1083 1776/1288/1083
f 1772/1284/1152 1776/1288/1152 1773/1285/1152
f 1783/1287/1153 1781/1284/1153 1782/1285/1153
f 1783/1287/1154 1782/1285/1154 1784/1288/1154
f 1715/1235/1155 1779/1251/1155 1780/1252/1155
f 1715/1235/1137 1780/1252/1137 1716/1236/1137
f 1734/1254/1156 1785/1289/1156 1786/1290/1156
f 1734/1254/1156 1786/1290/1156 1735/1255/1156
f 1748/1268/1157 1787/1291/1157 1788/1292/1157
f 1748/1268/1157 1788/1292/1157 1749/1269/1157
f 1718/1244/1158 1717/1243/1158 1720/1246/1158
f 1718/1244/1159 1720/1246/1159 1719/1245/1159
f 363/238/1160 362/237/1160 1789/1293/1160
f 363/238/1161 1789/1293/1161 1790/1294/1161
f 1791/1295/1162 1777/1281/1163 1778/1282/1164
f 1791/1295/1162 1778/1282/1164 1792/1296/1105
f 1793/1247/1165 1709/1237/1166 1712/1240/1166
f 1793/1247/1165 1712/1240/1166 1794/1248/1167
f 360/235/1168 359/234/1168 1795/1297/1168
f 360/235/1169 1795/1297/1169 1796/1298/1169
f 1767/1281/1166 1797/1295/1170 1798/1296/1170
f 1767/1281/1166 1798/1296/1170 1768/1282/1170
f 1552/1112/1171 1799/1299/1171 1800/1300/1171
f 1552/1112/1171 1800/1300/1171 1553/1113/1171
f 1801/1301/1171 1802/1302/1171 1803/1303/1171
f 1801/1301/1171 1803/1303/1171 1804/1304/1171
f 1605/1163/1172 1805/1305/1172 1806/1306/1172
f 1605/1163/1173 1806/1306/1173 1807/1307/1173
f 1679/1163/1174 1562/1122/1174 1808/1308/1174
f 1679/1163/1174 1808/1308/1174 1809/1307/1174
f 1772/1284/1175 1771/1283/1175 1810/1309/1175
f 1772/1284/1176 1810/1309/1176 1811/1310/1176
f 1805/1305/1177 1614/1119/1177 1638/1192/1177
f 1805/1305/1178 1638/1192/1178 1806/1306/1178
f 1606/1122/1035 1605/1163/1035 1807/1307/1035
f 1606/1122/1035 1807/1307/1035 1812/1308/1035
f 1771/1283/1179 1781/1284/1179 1813/1310/1179
f 1771/1283/1180 1813/1310/1180 1810/1309/1180
f 1616/1121/1181 1606/1122/1181 1812/1308/1181
f 1616/1121/1182 1812/1308/1182 1814/1311/1182
f 1562/1122/1183 1561/1121/1183 1815/1311/1183
f 1562/1122/1183 1815/1311/1183 1808/1308/1183
f 1816/1312/1184 1817/1313/1184 1803/1303/1184
f 1816/1312/1184 1803/1303/1184 1802/1302/1184
f 1535/1095/1174 1559/1119/1174 1818/1192/1174
f 1535/1095/1185 1818/1192/1185 1583/1143/1185
f 326/201/1186 828/567/1186 831/570/1186
f 828/567/198 326/201/198 328/203/198
f 828/567/198 328/203/198 325/200/198
f 828/567/1187 325/200/1187 324/199/1187
f 809/556/198 327/202/198 810/557/198
f 327/202/1188 809/556/1188 328/203/1188
f 328/203/198 809/556/198 325/200/198
f 325/200/1189 809/556/1189 323/198/1189
f 1819/1314/1190 949/652/1190 1820/1315/1190
f 949/652/467 1819/1314/467 946/649/467
f 946/649/1191 1819/1314/1191 1821/1316/1191
f 946/649/1192 1821/1316/1192 1822/1317/1192
f 944/647/467 1823/1318/467 945/648/467
f 1823/1318/1193 944/647/1193 1819/1314/1193
f 1819/1314/1191 944/647/1191 1821/1316/1191
f 1821/1316/1190 944/647/1190 1824/1319/1190
f 1116/788/1194 336/211/1194 1113/785/1194
f 336/211/1194 1116/788/1194 338/213/1194
f 336/211/1195 338/213/1195 337/212/1195
f 337/212/609 338/213/609 340/215/609
f 340/215/1196 335/210/1196 337/212/1196
f 335/210/1197 340/215/1197 339/214/1197
f 335/210/1195 339/214/1195 1094/774/1195
f 1094/774/1198 339/214/1198 1095/775/1198
f 1825/1320/1199 1826/1321/1199 1827/1322/1199
f 1826/1321/695 1825/1320/695 1828/1323/695
f 1828/1323/695 1825/1320/695 1231/863/695
f 1828/1323/695 1231/863/695 1234/866/695
f 1829/1324/695 1230/862/695 1229/861/695
f 1230/862/695 1829/1324/695 1830/1325/695
f 1830/1325/1199 1829/1324/1199 1827/1322/1199
f 1830/1325/1200 1827/1322/1200 1826/1321/1200
f 348/223/207 352/227/207 349/224/207
f 352/227/207 348/223/207 350/225/207
f 350/225/1201 348/223/1201 1398/1001/1201
f 350/225/1201 1398/1001/1201 1401/1004/1201
f 347/222/1202 1380/991/1202 1379/990/1202
f 1380/991/1203 347/222/1203 351/226/1203
f 351/226/1201 347/222/1201 349/224/1201
f 351/226/207 349/224/207 352/227/207
f 1519/1084/927 1831/1326/927 1516/1081/927
f 1831/1326/927 1519/1084/927 1832/1327/927
f 1831/1326/926 1832/1327/926 1833/1328/926
f 1833/1328/1204 1832/1327/1204 1834/1329/1204
f 1834/1329/1205 1835/1330/1205 1833/1328/1205
f 1835/1330/1206 1834/1329/1206 1836/1331/1206
f 1835/1330/927 1836/1331/927 1514/1079/927
f 1514/1079/927 1836/1331/927 1515/1080/927
f 362/237/210 1683/1219/210 1686/1222/210
f 1683/1219/210 362/237/210 360/235/210
f 360/235/1080 362/237/1080 364/239/1080
f 360/235/211 364/239/211 361/236/211
f 363/238/1207 361/236/1207 364/239/1207
f 361/236/210 363/238/210 359/234/210
f 359/234/211 363/238/211 1665/1209/211
f 359/234/211 1665/1209/211 1664/1208/211
f 1837/1332/1208 1838/1333/1208 1839/1334/1208
f 1838/1333/1209 1837/1332/1209 1840/1335/1209
f 1838/1333/1171 1840/1335/1171 1804/1304/1171
f 1804/1304/1171 1840/1335/1171 1801/1301/1171
f 1799/1299/1171 1841/1336/1171 1800/1300/1171
f 1841/1336/1171 1799/1299/1171 1842/1337/1171
f 1841/1336/1171 1842/1337/1171 1839/1334/1171
f 1839/1334/1210 1842/1337/1210 1837/1332/1210
# Vertices: 1520, normals: 1013, texture coordinates: 1140, faces: 1492

o obj4
v -4.39948605 1.56893595 -0.1183282
v -4.39948515 1.56893587 1.24059972
v -4.87790749 1.56893576 1.24060001
v -4.87790844 1.56893584 -0.11832791
v -4.39948605 1.5985078 -0.1183282
v -4.87790844 1.59850769 -0.11832791
v -4.87790749 1.59850761 1.24060001
v -4.39948515 1.59850772 1.24059972
v -4.39948609 2.30231826 -0.11832828
v -4.3994852 2.30231818 1.24059963
v -4.87790754 2.30231806 1.24059992
v -4.87790848 2.30231814 -0.11832799
v -4.39948609 2.33189011 -0.11832829
v -4.87790848 2.33188999 -0.118328
v -4.87790754 2.33188991 1.24059992
v -4.3994852 2.33189003 1.24059963
vn 0 0 -1
vn 0 0 1
vn 0 1 0
vn 0 -1 0
vn -1 0 0
vn 1 0 0
vt 0.38002 0.05689
vt 0.39675 0.05689
vt 0.39675 0.04016
vt 0.38002 0.04016
usemtl mat3
f 1843/1338/1211 1844/1339/1211 1845/1340/1211
f 1843/1338/1211 1845/1340/1211 1846/1341/1211
f 1847/1338/1212 1848/1341/1212 1849/1340/1212
f 1847/1338/1212 1849/1340/1212 1850/1339/1212
f 1845/1340/1213 1849/1340/1213 1848/1341/1213
f 1845/1340/1213 1848/1341/1213 1846/1341/1213
f 1843/1338/1214 1847/1338/1214 1850/1339/1214
f 1843/1338/1214 1850/1339/1214 1844/1339/1214
f 1844/1339/1215 1850/1339/1215 1849/1340/1215
f 1844/1339/1215 1849/1340/1215 1845/1340/1215
f 1846/1341/1216 1848/1341/1216 1847/1338/1216
f 1846/1341/1216 1847/1338/1216 1843/1338/1216
f 1851/1338/1211 1852/1339/1211 1853/1340/1211
f 1851/1338/1211 1853/1340/1211 1854/1341/1211
f 1855/1338/1212 1856/1341/1212 1857/1340/1212
f 1855/1338/1212 1857/1340/1212 1858/1339/1212
f 1853/1340/1213 1857/1340/1213 1856/1341/1213
f 1853/1340/1213 1856/1341/1213 1854/1341/1213
f 1851/1338/1214 1855/1338/1214 1858/1339/1214
f 1851/1338/1214 1858/1339/1214 1852/1339/1214
f 1852/1339/1215 1858/1339/1215 1857/1340/1215
f 1852/1339/1215 1857/1340/1215 1853/1340/1215
f 1854/1341/1216 1856/1341/1216 1855/1338/1216
f 1854/1341/1216 1855/1338/1216 1851/1338/1216
# Vertices: 16, normals: 6, texture coordinates: 4, faces: 24

