# File generated by ImageToStl.com - Free Image and 3D model conversion tools

mtllib wardrobemini.mtl

o obj1
v 5.29658892 -0.41027366 0.93651657
v 5.78122957 -0.41027355 0.93651669
v 5.78122958 -0.41078696 0.93130391
v 5.29658892 -0.41078707 0.9313038
v 5.78122958 -0.41230747 0.92629146
v 5.29658892 -0.41230758 0.92629135
v 5.78122958 -0.41477665 0.92167196
v 5.29658892 -0.41477676 0.92167184
v 5.78122958 -0.41809959 0.91762293
v 5.29658892 -0.41809972 0.91762282
v 5.29658892 -0.41809972 0.91762282
v 5.78122958 -0.41809959 0.91762293
v 5.78122958 -0.42214862 0.91429998
v 5.29658893 -0.42214874 0.91429986
v 5.78122958 -0.42676812 0.91183081
v 5.29658893 -0.42676824 0.91183068
v 5.78122959 -0.43178058 0.9103103
v 5.29658893 -0.43178069 0.91031017
v 5.78122959 -0.43699335 0.90979687
v 5.29658893 -0.43699347 0.90979676
v 5.78122959 -0.44220613 0.91031029
v 5.29658893 -0.44220624 0.91031017
v 5.78122959 -0.44721857 0.9118308
v 5.29658893 -0.4472187 0.91183068
v 5.78122959 -0.45183808 0.91429997
v 5.29658893 -0.4518382 0.91429985
v 5.78122959 -0.45588711 0.91762292
v 5.29658893 -0.45588723 0.91762281
v 5.29658893 -0.45588723 0.91762281
v 5.78122959 -0.45588711 0.91762292
v 5.78122959 -0.45921006 0.92167195
v 5.29658893 -0.45921018 0.92167183
v 5.78122959 -0.46167923 0.92629145
v 5.29658893 -0.46167936 0.92629134
v 5.78122959 -0.46319975 0.9313039
v 5.29658893 -0.46319987 0.93130378
v 5.78122959 -0.46371317 0.93651668
v 5.29658893 -0.46371328 0.93651656
v 5.29658884 -0.41027374 1.27171344
v 5.7812295 -0.41027363 1.27171355
v 5.78122951 -0.46371325 1.27171354
v 5.29658885 -0.46371336 1.27171342
v 5.78122958 -0.41547439 0.93677218
v 5.7812295 -0.41547447 1.27171355
v 5.77648899 -0.41488198 1.26535109
v 5.77480902 -0.4148819 0.93615186
v 5.29658892 -0.41912203 0.92457526
v 5.29658892 -0.42179506 0.92131816
v 5.30301559 -0.42137657 0.92027241
v 5.30301559 -0.41862995 0.92361916
v 5.78122959 -0.44521867 0.91665901
v 5.78122959 -0.44118658 0.91543588
v 5.77480903 -0.44130193 0.91422819
v 5.77480903 -0.44544502 0.91548498
v 5.29658892 -0.41591267 0.93232334
v 5.29658892 -0.41547451 0.93677207
v 5.29658892 -0.41027366 0.93651657
v 5.29658892 -0.41078707 0.9313038
v 5.78122958 -0.41547439 0.93677218
v 5.78122958 -0.41591255 0.93232346
v 5.78122958 -0.41078696 0.93130391
v 5.78122957 -0.41027355 0.93651669
v 5.29658892 -0.41713578 0.92829125
v 5.29658892 -0.41230758 0.92629135
v 5.78122958 -0.41713567 0.92829137
v 5.78122958 -0.41230747 0.92629146
v 5.29658892 -0.41477676 0.92167184
v 5.78122958 -0.41912191 0.92457538
v 5.78122958 -0.41477665 0.92167196
v 5.29658892 -0.41809972 0.91762282
v 5.78122958 -0.42179494 0.92131828
v 5.78122958 -0.41809959 0.91762293
v 5.29658892 -0.42505216 0.91864513
v 5.29658893 -0.42214874 0.91429986
v 5.78122958 -0.42505203 0.91864524
v 5.78122958 -0.42214862 0.91429998
v 5.29658893 -0.42876815 0.91665888
v 5.29658893 -0.42676824 0.91183068
v 5.78122958 -0.42876803 0.91665901
v 5.78122958 -0.42676812 0.91183081
v 5.29658893 -0.43280024 0.91543576
v 5.29658893 -0.43178069 0.91031017
v 5.78122959 -0.43280012 0.91543589
v 5.78122959 -0.43178058 0.9103103
v 5.29658893 -0.43699347 0.91502277
v 5.29658893 -0.43699347 0.90979676
v 5.78122959 -0.43699335 0.91502288
v 5.78122959 -0.43699335 0.90979687
v 5.29658893 -0.4411867 0.91543575
v 5.29658893 -0.44220624 0.91031017
v 5.78122959 -0.44220613 0.91031029
v 5.29658893 -0.44521879 0.91665888
v 5.29658893 -0.4472187 0.91183068
v 5.78122959 -0.44721857 0.9118308
v 5.29658893 -0.44893478 0.91864512
v 5.29658893 -0.4518382 0.91429985
v 5.78122959 -0.44893467 0.91864524
v 5.78122959 -0.45183808 0.91429997
v 5.29658893 -0.45219188 0.92131816
v 5.29658893 -0.45588723 0.91762281
v 5.78122959 -0.45219176 0.92131827
v 5.78122959 -0.45588711 0.91762292
v 5.29658893 -0.45486491 0.92457525
v 5.29658893 -0.45921018 0.92167183
v 5.78122959 -0.45486479 0.92457537
v 5.78122959 -0.45921006 0.92167195
v 5.29658893 -0.45685115 0.92829124
v 5.29658893 -0.46167936 0.92629134
v 5.78122959 -0.45685103 0.92829136
v 5.78122959 -0.46167923 0.92629145
v 5.29658893 -0.45807428 0.93232333
v 5.29658893 -0.46319987 0.93130378
v 5.78122959 -0.45807416 0.93232345
v 5.78122959 -0.46319975 0.9313039
v 5.29658893 -0.45851244 0.93677206
v 5.29658893 -0.46371328 0.93651656
v 5.78122959 -0.45851232 0.93677218
v 5.78122959 -0.46371317 0.93651668
v 5.29658884 -0.41547459 1.27171344
v 5.29658884 -0.41027374 1.27171344
v 5.7812295 -0.41547447 1.27171355
v 5.7812295 -0.41027363 1.27171355
v 5.78122951 -0.4585124 1.27171354
v 5.78122951 -0.46371325 1.27171354
v 5.29658885 -0.45851252 1.27171343
v 5.29658885 -0.46371336 1.27171342
v 5.78122951 -0.4585124 1.27171354
v 5.29658885 -0.45851252 1.27171343
v 5.29658885 -0.46371336 1.27171342
v 5.78122951 -0.46371325 1.27171354
v 5.29658884 -0.41547459 1.27171344
v 5.7812295 -0.41547447 1.27171355
v 5.7812295 -0.41027363 1.27171355
v 5.29658884 -0.41027374 1.27171344
v 5.29918023 -0.45910483 1.26535097
v 5.77648901 -0.45910471 1.26535108
v 5.77648899 -0.41488198 1.26535109
v 5.29918022 -0.4148821 1.26535098
v 5.3030156 -0.44926343 0.91752578
v 5.3030156 -0.44544514 0.91548485
v 5.77480902 -0.41862984 0.92361928
v 5.77480902 -0.42137645 0.92027252
v 5.78122951 -0.4585124 1.27171354
v 5.78122959 -0.45851232 0.93677218
v 5.77480903 -0.45910463 0.93615186
v 5.77648901 -0.45910471 1.26535108
v 5.77480903 -0.44926331 0.91752589
v 5.3030156 -0.42472333 0.91752578
v 5.29918023 -0.45910483 1.26535097
v 5.3030156 -0.45910475 0.93615174
v 5.3030156 -0.45261019 0.9202724
v 5.77480902 -0.42472321 0.91752589
v 5.29658885 -0.45851252 1.27171343
v 5.29918023 -0.45910483 1.26535097
v 5.77480903 -0.45261007 0.92027251
v 5.3030156 -0.42854163 0.91548485
v 5.29658884 -0.41547459 1.27171344
v 5.29918022 -0.4148821 1.26535098
v 5.3030156 -0.45535681 0.92361916
v 5.77480902 -0.4285415 0.91548499
v 5.77480903 -0.45535669 0.92361927
v 5.3030156 -0.43268471 0.91422806
v 5.3030156 -0.45739773 0.92743745
v 5.77480902 -0.4326846 0.91422819
v 5.29658892 -0.41547451 0.93677207
v 5.29658892 -0.41591267 0.93232334
v 5.30301559 -0.41533224 0.93158056
v 5.30301559 -0.41488202 0.93615175
v 5.77480903 -0.45739761 0.92743757
v 5.3030156 -0.43699338 0.9138037
v 5.78122958 -0.41591255 0.93232346
v 5.77480902 -0.41533213 0.93158067
v 5.3030156 -0.45865452 0.93158055
v 5.77480903 -0.43699326 0.91380381
v 5.30301559 -0.41658903 0.92743746
v 5.30301559 -0.41533224 0.93158056
v 5.77480903 -0.45865441 0.93158066
v 5.3030156 -0.44130204 0.91422806
v 5.77480902 -0.41533213 0.93158067
v 5.77480902 -0.41658892 0.92743758
v 5.29658893 -0.45807428 0.93232333
v 5.29658893 -0.45851244 0.93677206
v 5.3030156 -0.45910475 0.93615174
v 5.3030156 -0.45865452 0.93158055
v 5.78122959 -0.45807416 0.93232345
v 5.77480903 -0.45865441 0.93158066
v 5.30301559 -0.41488202 0.93615175
v 5.29918022 -0.4148821 1.26535098
v 5.77648901 -0.45910471 1.26535108
v 5.77480902 -0.4148819 0.93615186
v 5.77648899 -0.41488198 1.26535109
v 5.77480902 -0.41533213 0.93158067
v 5.77480902 -0.41658892 0.92743758
v 5.77480902 -0.41862984 0.92361928
v 5.77480902 -0.42137645 0.92027252
v 5.77480902 -0.42472321 0.91752589
v 5.77480902 -0.4285415 0.91548499
v 5.77480902 -0.4326846 0.91422819
v 5.77480903 -0.43699326 0.91380381
v 5.77480903 -0.44130193 0.91422819
v 5.77480903 -0.44544502 0.91548498
v 5.77480903 -0.44926331 0.91752589
v 5.77480903 -0.45261007 0.92027251
v 5.77480903 -0.45535669 0.92361927
v 5.77480903 -0.45739761 0.92743757
v 5.77480903 -0.45865441 0.93158066
v 5.77480903 -0.45910463 0.93615186
v 5.30301559 -0.41533224 0.93158056
v 5.29918022 -0.4148821 1.26535098
v 5.30301559 -0.41488202 0.93615175
v 5.29918023 -0.45910483 1.26535097
v 5.30301559 -0.41658903 0.92743746
v 5.30301559 -0.41862995 0.92361916
v 5.30301559 -0.42137657 0.92027241
v 5.3030156 -0.42472333 0.91752578
v 5.3030156 -0.42854163 0.91548485
v 5.3030156 -0.43268471 0.91422806
v 5.3030156 -0.43699338 0.9138037
v 5.3030156 -0.44130204 0.91422806
v 5.3030156 -0.44544514 0.91548485
v 5.3030156 -0.44926343 0.91752578
v 5.3030156 -0.45261019 0.9202724
v 5.3030156 -0.45535681 0.92361916
v 5.3030156 -0.45739773 0.92743745
v 5.3030156 -0.45865452 0.93158055
v 5.3030156 -0.45910475 0.93615174
vn 0.098 0 -0.99519
vn 0.29031 0 -0.95693
vn 0.47141 0 -0.88192
vn 0.6344 0 -0.773
vn 0.773 0 -0.6344
vn 0.88192 0 -0.47141
vn 0.95693 0 -0.29031
vn 0.99519 0 -0.098
vn 0.99519 0 0.098
vn 0.95693 0 0.29031
vn 0.88192 0 0.47141
vn 0.773 0 0.6344
vn 0.6344 0 0.773
vn 0.47141 0 0.88192
vn 0.29031 0 0.95693
vn 0.098 0 0.99519
vn 0 0 -1
vn 0 0 1
vn -0.0002 -0.69419 0.71979
vn -0.36999 0.81228 0.45089
vn -0.48949 -0.85927 -0.1485
vn 0 -1 0
vn 0 1 0
vn -1 0 0
vn -0.46501 0.84971 -0.2485
vn -0.36978 -0.81255 0.45057
vn -0.0002 -0.69409 -0.71989
vn -0.4647 -0.84991 -0.2484
vn -0.42581 0.83462 0.34941
vn -0.0005 0.76729 -0.6413
vn -0.0005 0.76738 -0.64119
vn -0.42581 0.83462 -0.34941
vn -0.42549 -0.83488 0.34919
vn 0.0927 0 -0.99569
vn -0.42549 -0.83488 -0.34919
vn -0.46501 0.84971 0.2485
vn 0.0927 0 0.99569
vn -0.36999 0.81228 -0.45089
vn -0.46459 -0.84998 0.24839
vn -0.36981 -0.81252 -0.45061
vn -0.48991 0.85902 0.1486
vn -0.29471 0.78043 -0.55142
vn -0.48949 -0.85927 0.1485
vn -0.0722 0.67619 0.73318
vn -0.2946 -0.7807 -0.5511
vn -0.50191 0.86351 0.0494
vn -0.0722 -0.6765 0.7329
vn -0.1965 0.7362 -0.6476
vn -0.50159 -0.86369 0.0494
vn -0.1964 0.73631 0.64751
vn -0.1964 -0.7365 -0.6473
vn -0.50198 0.86347 -0.0494
vn -0.50191 0.86351 -0.0494
vn -0.1963 -0.73661 0.64721
vn -0.0722 0.67608 -0.73328
vn -0.50159 -0.86369 -0.0494
vn -0.29469 0.78047 0.55138
vn -0.0722 -0.6765 -0.7329
vn -0.48991 0.85902 -0.1486
vn -0.2945 -0.78081 0.55101
vn -0.0005 0.76747 0.64108
vn -0.0005 0.76738 0.64119
vn -0.0005 0.76743 0.64113
vn 0.0006 1 0
vn 0.0005 1 0
vn 0.0005 1 -0.0001
vn 0.0005 1 -0.0003
vn 0.0005 1 -0.0002
vn 0.0005 1 0.0001
vn 0.0005 1 0.0002
vn 0.0005 1 0.0003
vn 0.0005 1 0.0004
vn 0.0012 -1 0
vn 0.0013 -1 0
vn 0.0012 -1 0.0001
vn 0.0012 -1 -0.0001
vn 0.0013 -1 0.0004
vt 0.28358 0.93424
vt 0.28358 0.91253
vt 0.28391 0.91253
vt 0.28391 0.93424
vt 0.28423 0.91253
vt 0.28423 0.93424
vt 0.28451 0.91253
vt 0.28451 0.93424
vt 0.28477 0.91253
vt 0.28477 0.93424
vt 0.28071 0.93106
vt 0.28406 0.93106
vt 0.28406 0.92942
vt 0.28071 0.92942
vt 0.28406 0.92754
vt 0.28071 0.92754
vt 0.28406 0.9255
vt 0.28071 0.9255
vt 0.28406 0.92339
vt 0.28071 0.92339
vt 0.28406 0.92127
vt 0.28071 0.92127
vt 0.28406 0.91923
vt 0.28071 0.91923
vt 0.28406 0.91735
vt 0.28071 0.91735
vt 0.28406 0.91571
vt 0.28071 0.91571
vt 0.26257 0.93424
vt 0.26257 0.91253
vt 0.28357 0.91253
vt 0.26296 0.91274
vt 0.28361 0.91281
vt 0.28433 0.93065
vt 0.28454 0.92956
vt 0.2846 0.92973
vt 0.28439 0.93085
vt 0.28483 0.92004
vt 0.28491 0.92168
vt 0.28498 0.92163
vt 0.2849 0.91995
vt 0.28385 0.93195
vt 0.28357 0.93213
vt 0.28358 0.93424
vt 0.28391 0.93403
vt 0.2841 0.93145
vt 0.28423 0.93342
vt 0.28451 0.93241
vt 0.28477 0.93106
vt 0.2847 0.92824
vt 0.28498 0.92942
vt 0.28483 0.92673
vt 0.28513 0.92754
vt 0.28491 0.92509
vt 0.28523 0.9255
vt 0.28493 0.92339
vt 0.28526 0.92339
vt 0.28523 0.92127
vt 0.28513 0.91923
vt 0.2847 0.91853
vt 0.28498 0.91735
vt 0.28454 0.91721
vt 0.28477 0.91571
vt 0.28433 0.91612
vt 0.28451 0.91436
vt 0.2841 0.91532
vt 0.28423 0.91335
vt 0.28385 0.91482
vt 0.28391 0.91274
vt 0.28357 0.91464
vt 0.28358 0.91253
vt 0.26257 0.93213
vt 0.26257 0.93424
vt 0.26257 0.91464
vt 0.26257 0.91253
vt 0.28406 0.91464
vt 0.28071 0.91464
vt 0.28071 0.91253
vt 0.28406 0.91253
vt 0.28071 0.93213
vt 0.28406 0.93213
vt 0.28406 0.93424
vt 0.28071 0.93424
vt 0.38631 0.37285
vt 0.39168 0.37285
vt 0.39168 0.39838
vt 0.38631 0.39838
vt 0.28477 0.9184
vt 0.28477 0.92837
vt 0.26296 0.9144
vt 0.28361 0.9144
vt 0.2846 0.91704
vt 0.28477 0.92837
vt 0.26296 0.93413
vt 0.2849 0.92682
vt 0.28439 0.91592
vt 0.28498 0.92514
vt 0.28415 0.91509
vt 0.28357 0.93424
vt 0.28385 0.93424
vt 0.28389 0.93395
vt 0.28361 0.93395
vt 0.28501 0.92339
vt 0.28385 0.91253
vt 0.28389 0.91281
vt 0.28389 0.91458
vt 0.28415 0.93168
vt 0.28389 0.93219
vt 0.28361 0.93237
vt 0.26296 0.93237
vt 0.36816 0.37285
vt 0.40173 0.39838
vt 0.36816 0.39838
vt 0.4022 0.39812
vt 0.40262 0.3974
vt 0.40301 0.39622
vt 0.40335 0.39463
vt 0.40363 0.3927
vt 0.40384 0.3905
vt 0.40397 0.3881
vt 0.40401 0.38562
vt 0.40397 0.38313
vt 0.40384 0.38074
vt 0.40363 0.37853
vt 0.40335 0.3766
vt 0.40301 0.37501
vt 0.40262 0.37384
vt 0.4022 0.37311
vt 0.40173 0.37285
usemtl mat0
f 1/1/1 2/2/1 3/3/1
f 1/1/1 3/3/1 4/4/1
f 4/4/2 3/3/2 5/5/2
f 4/4/2 5/5/2 6/6/2
f 6/6/3 5/5/3 7/7/3
f 6/6/3 7/7/3 8/8/3
f 8/8/4 7/7/4 9/9/4
f 8/8/4 9/9/4 10/10/4
f 11/11/5 12/12/5 13/13/5
f 11/11/5 13/13/5 14/14/5
f 14/14/6 13/13/6 15/15/6
f 14/14/6 15/15/6 16/16/6
f 16/16/7 15/15/7 17/17/7
f 16/16/7 17/17/7 18/18/7
f 18/18/8 17/17/8 19/19/8
f 18/18/8 19/19/8 20/20/8
f 20/20/9 19/19/9 21/21/9
f 20/20/9 21/21/9 22/22/9
f 22/22/10 21/21/10 23/23/10
f 22/22/10 23/23/10 24/24/10
f 24/24/11 23/23/11 25/25/11
f 24/24/11 25/25/11 26/26/11
f 26/26/12 25/25/12 27/27/12
f 26/26/12 27/27/12 28/28/12
f 29/10/13 30/9/13 31/7/13
f 29/10/13 31/7/13 32/8/13
f 32/8/14 31/7/14 33/5/14
f 32/8/14 33/5/14 34/6/14
f 34/6/15 33/5/15 35/3/15
f 34/6/15 35/3/15 36/4/15
f 36/4/16 35/3/16 37/2/16
f 36/4/16 37/2/16 38/1/16
f 2/2/17 1/1/17 39/29/17
f 2/2/17 39/29/17 40/30/17
f 38/1/18 37/2/18 41/30/18
f 38/1/18 41/30/18 42/29/18
f 43/31/19 44/30/19 45/32/19
f 43/31/19 45/32/19 46/33/19
f 47/34/20 48/35/20 49/36/20
f 47/34/20 49/36/20 50/37/20
f 51/38/21 52/39/21 53/40/21
f 51/38/21 53/40/21 54/41/21
f 55/42/22 56/43/22 57/44/22
f 55/42/22 57/44/22 58/45/22
f 59/43/23 60/42/23 61/45/23
f 59/43/23 61/45/23 62/44/23
f 63/46/22 55/42/22 58/45/22
f 63/46/22 58/45/22 64/47/22
f 60/42/23 65/46/23 66/47/23
f 60/42/23 66/47/23 61/45/23
f 47/34/22 63/46/22 64/47/22
f 47/34/22 64/47/22 67/48/22
f 65/46/23 68/34/23 69/48/23
f 65/46/23 69/48/23 66/47/23
f 48/35/22 47/34/22 67/48/22
f 48/35/22 67/48/22 70/49/22
f 68/34/23 71/35/23 72/49/23
f 68/34/23 72/49/23 69/48/23
f 73/50/22 48/35/22 70/49/22
f 73/50/22 70/49/22 74/51/22
f 71/35/23 75/50/23 76/51/23
f 71/35/23 76/51/23 72/49/23
f 77/52/22 73/50/22 74/51/22
f 77/52/22 74/51/22 78/53/22
f 75/50/23 79/52/23 80/53/23
f 75/50/23 80/53/23 76/51/23
f 81/54/22 77/52/22 78/53/22
f 81/54/22 78/53/22 82/55/22
f 79/52/23 83/54/23 84/55/23
f 79/52/23 84/55/23 80/53/23
f 85/56/22 81/54/22 82/55/22
f 85/56/22 82/55/22 86/57/22
f 83/54/23 87/56/23 88/57/23
f 83/54/23 88/57/23 84/55/23
f 89/39/22 85/56/22 86/57/22
f 89/39/22 86/57/22 90/58/22
f 87/56/23 52/39/23 91/58/23
f 87/56/23 91/58/23 88/57/23
f 92/38/22 89/39/22 90/58/22
f 92/38/22 90/58/22 93/59/22
f 52/39/23 51/38/23 94/59/23
f 52/39/23 94/59/23 91/58/23
f 95/60/22 92/38/22 93/59/22
f 95/60/22 93/59/22 96/61/22
f 51/38/23 97/60/23 98/61/23
f 51/38/23 98/61/23 94/59/23
f 99/62/22 95/60/22 96/61/22
f 99/62/22 96/61/22 100/63/22
f 97/60/23 101/62/23 102/63/23
f 97/60/23 102/63/23 98/61/23
f 103/64/22 99/62/22 100/63/22
f 103/64/22 100/63/22 104/65/22
f 101/62/23 105/64/23 106/65/23
f 101/62/23 106/65/23 102/63/23
f 107/66/22 103/64/22 104/65/22
f 107/66/22 104/65/22 108/67/22
f 105/64/23 109/66/23 110/67/23
f 105/64/23 110/67/23 106/65/23
f 111/68/22 107/66/22 108/67/22
f 111/68/22 108/67/22 112/69/22
f 109/66/23 113/68/23 114/69/23
f 109/66/23 114/69/23 110/67/23
f 115/70/22 111/68/22 112/69/22
f 115/70/22 112/69/22 116/71/22
f 113/68/23 117/70/23 118/71/23
f 113/68/23 118/71/23 114/69/23
f 56/43/22 119/72/22 120/73/22
f 56/43/22 120/73/22 57/44/22
f 121/72/23 59/43/23 62/44/23
f 121/72/23 62/44/23 122/73/23
f 117/70/23 123/74/23 124/75/23
f 117/70/23 124/75/23 118/71/23
f 125/74/22 115/70/22 116/71/22
f 125/74/22 116/71/22 126/75/22
f 127/76/24 128/77/24 129/78/24
f 127/76/24 129/78/24 130/79/24
f 131/80/24 132/81/24 133/82/24
f 131/80/24 133/82/24 134/83/24
f 135/84/24 136/85/24 137/86/24
f 135/84/24 137/86/24 138/87/24
f 92/38/25 95/60/25 139/88/25
f 92/38/25 139/88/25 140/41/25
f 71/35/26 68/34/26 141/37/26
f 71/35/26 141/37/26 142/36/26
f 143/30/27 144/31/27 145/33/27
f 143/30/27 145/33/27 146/32/27
f 97/60/28 51/38/28 54/41/28
f 97/60/28 54/41/28 147/88/28
f 48/35/29 73/50/29 148/89/29
f 48/35/29 148/89/29 49/36/29
f 115/70/30 125/74/31 149/90/31
f 115/70/30 149/90/31 150/91/30
f 95/60/32 99/62/32 151/92/32
f 95/60/32 151/92/32 139/88/32
f 75/50/33 71/35/33 142/36/33
f 75/50/33 142/36/33 152/93/33
f 153/29/34 143/30/34 146/32/34
f 153/29/34 146/32/34 154/94/34
f 101/62/35 97/60/35 147/88/35
f 101/62/35 147/88/35 155/92/35
f 73/50/36 77/52/36 156/95/36
f 73/50/36 156/95/36 148/89/36
f 44/30/37 157/29/37 158/94/37
f 44/30/37 158/94/37 45/32/37
f 99/62/38 103/64/38 159/96/38
f 99/62/38 159/96/38 151/92/38
f 79/52/39 75/50/39 152/93/39
f 79/52/39 152/93/39 160/95/39
f 105/64/40 101/62/40 155/92/40
f 105/64/40 155/92/40 161/96/40
f 77/52/41 81/54/41 162/97/41
f 77/52/41 162/97/41 156/95/41
f 103/64/42 107/66/42 163/98/42
f 103/64/42 163/98/42 159/96/42
f 83/54/43 79/52/43 160/95/43
f 83/54/43 160/95/43 164/97/43
f 165/99/44 166/100/44 167/101/44
f 165/99/44 167/101/44 168/102/44
f 109/66/45 105/64/45 161/96/45
f 109/66/45 161/96/45 169/98/45
f 81/54/46 85/56/46 170/103/46
f 81/54/46 170/103/46 162/97/46
f 171/104/47 43/31/47 46/33/47
f 171/104/47 46/33/47 172/105/47
f 107/66/48 111/68/48 173/106/48
f 107/66/48 173/106/48 163/98/48
f 87/56/49 83/54/49 164/97/49
f 87/56/49 164/97/49 174/103/49
f 55/42/50 63/46/50 175/107/50
f 55/42/50 175/107/50 176/108/50
f 113/68/51 109/66/51 169/98/51
f 113/68/51 169/98/51 177/106/51
f 85/56/52 89/39/52 178/40/52
f 85/56/53 178/40/53 170/103/53
f 65/46/54 60/42/54 179/108/54
f 65/46/54 179/108/54 180/107/54
f 181/100/55 182/99/55 183/102/55
f 181/100/55 183/102/55 184/101/55
f 52/39/56 87/56/56 174/103/56
f 52/39/56 174/103/56 53/40/56
f 63/46/57 47/34/57 50/37/57
f 63/46/57 50/37/57 175/107/57
f 144/31/58 185/104/58 186/105/58
f 144/31/58 186/105/58 145/33/58
f 89/39/59 92/38/59 140/41/59
f 89/39/59 140/41/59 178/40/59
f 68/34/60 65/46/60 180/107/60
f 68/34/60 180/107/60 141/37/60
f 119/72/61 56/43/62 187/109/63
f 119/72/61 187/109/63 188/110/61
f 189/111/64 190/112/64 191/113/64
f 190/112/65 189/111/66 192/114/65
f 192/114/65 189/111/66 193/115/65
f 193/115/65 189/111/66 194/116/66
f 194/116/66 189/111/66 195/117/66
f 195/117/66 189/111/66 196/118/66
f 196/118/67 189/111/67 197/119/67
f 197/119/68 189/111/68 198/120/68
f 198/120/66 189/111/66 199/121/66
f 199/121/69 189/111/69 200/122/69
f 200/122/70 189/111/70 201/123/70
f 201/123/71 189/111/71 202/124/71
f 202/124/72 189/111/72 203/125/72
f 203/125/69 189/111/65 204/126/69
f 204/126/69 189/111/65 205/127/69
f 205/127/69 189/111/65 206/128/65
f 206/128/65 189/111/65 207/129/65
f 208/114/73 209/113/73 210/112/73
f 209/113/74 208/114/74 211/111/74
f 211/111/75 208/114/73 212/115/73
f 211/111/75 212/115/73 213/116/73
f 211/111/75 213/116/73 214/117/76
f 211/111/75 214/117/76 215/118/73
f 211/111/75 215/118/73 216/119/73
f 211/111/73 216/119/73 217/120/73
f 211/111/77 217/120/77 218/121/77
f 211/111/75 218/121/75 219/122/75
f 211/111/73 219/122/73 220/123/73
f 211/111/73 220/123/75 221/124/73
f 211/111/73 221/124/73 222/125/73
f 211/111/73 222/125/73 223/126/73
f 211/111/73 223/126/73 224/127/75
f 211/111/73 224/127/75 225/128/73
f 211/111/73 225/128/73 226/129/73
# Vertices: 226, normals: 77, texture coordinates: 129, faces: 224

o obj2
v 5.32271014 -1.01799215 0.95369402
v 5.8073508 -1.01799187 0.95369443
v 5.8073508 -1.01850528 0.94848165
v 5.32271014 -1.01850556 0.94848125
v 5.80735081 -1.02002579 0.9434692
v 5.32271015 -1.02002607 0.9434688
v 5.80735081 -1.02249496 0.9388497
v 5.32271015 -1.02249525 0.93884929
v 5.80735082 -1.02581791 0.93480067
v 5.32271016 -1.02581821 0.93480027
v 5.32271016 -1.02581821 0.93480027
v 5.80735082 -1.02581791 0.93480067
v 5.80735082 -1.02986694 0.93147772
v 5.32271016 -1.02986723 0.93147731
v 5.80735083 -1.03448644 0.92900855
v 5.32271017 -1.03448673 0.92900813
v 5.80735083 -1.03949889 0.92748804
v 5.32271017 -1.03949918 0.92748762
v 5.80735083 -1.04471167 0.92697461
v 5.32271018 -1.04471196 0.92697421
v 5.80735084 -1.04992445 0.92748803
v 5.32271018 -1.04992473 0.92748762
v 5.80735084 -1.0549369 0.92900854
v 5.32271018 -1.05493719 0.92900813
v 5.80735084 -1.0595564 0.93147771
v 5.32271018 -1.05955669 0.9314773
v 5.80735084 -1.06360543 0.93480066
v 5.32271018 -1.06360572 0.93480026
v 5.32271018 -1.06360572 0.93480026
v 5.80735084 -1.06360543 0.93480066
v 5.80735084 -1.06692838 0.93884969
v 5.32271018 -1.06692867 0.93884928
v 5.80735083 -1.06939756 0.94346919
v 5.32271018 -1.06939785 0.94346879
v 5.80735083 -1.07091807 0.94848164
v 5.32271017 -1.07091836 0.94848123
v 5.80735083 -1.07143149 0.95369441
v 5.32271017 -1.07143178 0.95369401
v 5.32270986 -1.01799223 1.28889086
v 5.80735052 -1.01799195 1.28889127
v 5.80735055 -1.07143157 1.28889125
v 5.32270989 -1.07143186 1.28889085
v 5.8073508 -1.02319271 0.95394992
v 5.80735052 -1.02319279 1.28889127
v 5.80261002 -1.0226003 1.2825288
v 5.80093024 -1.02260023 0.95332959
v 5.32271015 -1.02684052 0.94175271
v 5.32271016 -1.02951356 0.93849561
v 5.32913683 -1.02909506 0.93744986
v 5.32913682 -1.02634844 0.94079662
v 5.80735083 -1.05293699 0.93383674
v 5.80735083 -1.0489049 0.93261362
v 5.80093027 -1.04902025 0.93140592
v 5.80093027 -1.05316334 0.93266272
v 5.32271014 -1.02363116 0.94950079
v 5.32271014 -1.023193 0.95394952
v 5.32271014 -1.01799215 0.95369402
v 5.32271014 -1.01850556 0.94848125
v 5.8073508 -1.02319271 0.95394992
v 5.8073508 -1.02363087 0.9495012
v 5.8073508 -1.01850528 0.94848165
v 5.8073508 -1.01799187 0.95369443
v 5.32271015 -1.02485428 0.9454687
v 5.32271015 -1.02002607 0.9434688
v 5.80735081 -1.02485399 0.9454691
v 5.80735081 -1.02002579 0.9434692
v 5.32271015 -1.02249525 0.93884929
v 5.80735081 -1.02684023 0.94175311
v 5.80735081 -1.02249496 0.9388497
v 5.32271016 -1.02581821 0.93480027
v 5.80735081 -1.02951326 0.93849602
v 5.80735082 -1.02581791 0.93480067
v 5.32271016 -1.03277065 0.93582258
v 5.32271016 -1.02986723 0.93147731
v 5.80735082 -1.03277035 0.93582298
v 5.80735082 -1.02986694 0.93147772
v 5.32271016 -1.03648665 0.93383633
v 5.32271017 -1.03448673 0.92900813
v 5.80735082 -1.03648634 0.93383675
v 5.80735083 -1.03448644 0.92900855
v 5.32271017 -1.04051873 0.93261321
v 5.32271017 -1.03949918 0.92748762
v 5.80735083 -1.04051844 0.93261362
v 5.80735083 -1.03949889 0.92748804
v 5.32271017 -1.04471196 0.93220022
v 5.32271018 -1.04471196 0.92697421
v 5.80735083 -1.04471167 0.93220062
v 5.80735083 -1.04471167 0.92697461
v 5.32271017 -1.04890519 0.93261321
v 5.32271018 -1.04992473 0.92748762
v 5.80735084 -1.04992445 0.92748803
v 5.32271017 -1.05293728 0.93383633
v 5.32271018 -1.05493719 0.92900813
v 5.80735084 -1.0549369 0.92900854
v 5.32271018 -1.05665328 0.93582257
v 5.32271018 -1.05955669 0.9314773
v 5.80735083 -1.05665299 0.93582298
v 5.80735084 -1.0595564 0.93147771
v 5.32271018 -1.05991037 0.93849561
v 5.32271018 -1.06360572 0.93480026
v 5.80735083 -1.05991008 0.93849601
v 5.80735084 -1.06360543 0.93480066
v 5.32271017 -1.0625834 0.9417527
v 5.32271018 -1.06692867 0.93884928
v 5.80735083 -1.06258311 0.94175311
v 5.80735084 -1.06692838 0.93884969
v 5.32271017 -1.06456965 0.94546869
v 5.32271018 -1.06939785 0.94346879
v 5.80735083 -1.06456935 0.94546909
v 5.80735083 -1.06939756 0.94346919
v 5.32271017 -1.06579277 0.94950078
v 5.32271017 -1.07091836 0.94848123
v 5.80735083 -1.06579248 0.94950119
v 5.80735083 -1.07091807 0.94848164
v 5.32271017 -1.06623093 0.95394951
v 5.32271017 -1.07143178 0.95369401
v 5.80735082 -1.06623064 0.95394992
v 5.80735083 -1.07143149 0.95369441
v 5.32270986 -1.02319308 1.28889086
v 5.32270986 -1.01799223 1.28889086
v 5.80735052 -1.02319279 1.28889127
v 5.80735052 -1.01799195 1.28889127
v 5.80735054 -1.06623072 1.28889126
v 5.80735055 -1.07143157 1.28889125
v 5.32270989 -1.06623101 1.28889085
v 5.32270989 -1.07143186 1.28889085
v 5.80735054 -1.06623072 1.28889126
v 5.32270989 -1.06623101 1.28889085
v 5.32270989 -1.07143186 1.28889085
v 5.80735055 -1.07143157 1.28889125
v 5.32270986 -1.02319308 1.28889086
v 5.80735052 -1.02319279 1.28889127
v 5.80735052 -1.01799195 1.28889127
v 5.32270986 -1.01799223 1.28889086
v 5.32530127 -1.06682332 1.28252839
v 5.80261005 -1.06682303 1.28252879
v 5.80261002 -1.0226003 1.2825288
v 5.32530125 -1.02260059 1.2825284
v 5.32913685 -1.05698192 0.93470323
v 5.32913685 -1.05316363 0.9326623
v 5.80093025 -1.02634816 0.94079701
v 5.80093025 -1.02909477 0.93745026
v 5.80735054 -1.06623072 1.28889126
v 5.80735082 -1.06623064 0.95394992
v 5.80093026 -1.06682296 0.9533296
v 5.80261005 -1.06682303 1.28252879
v 5.80093027 -1.05698164 0.93470362
v 5.32913683 -1.03244182 0.93470324
v 5.32530127 -1.06682332 1.28252839
v 5.32913684 -1.06682324 0.95332919
v 5.32913685 -1.06032868 0.93744986
v 5.80093026 -1.03244153 0.93470363
v 5.32270989 -1.06623101 1.28889085
v 5.32530127 -1.06682332 1.28252839
v 5.80093027 -1.06032839 0.93745025
v 5.32913684 -1.03626012 0.9326623
v 5.32270986 -1.02319308 1.28889086
v 5.32530125 -1.02260059 1.2825284
v 5.32913685 -1.0630753 0.94079661
v 5.80093026 -1.03625982 0.93266272
v 5.80093027 -1.06307502 0.940797
v 5.32913684 -1.0404032 0.93140552
v 5.32913684 -1.06511622 0.94461491
v 5.80093027 -1.04040292 0.93140593
v 5.32271014 -1.023193 0.95394952
v 5.32271014 -1.02363116 0.94950079
v 5.32913682 -1.02305073 0.94875801
v 5.32913681 -1.02260051 0.9533292
v 5.80093027 -1.06511593 0.9446153
v 5.32913684 -1.04471187 0.93098115
v 5.8073508 -1.02363087 0.9495012
v 5.80093024 -1.02305045 0.9487584
v 5.32913684 -1.06637301 0.948758
v 5.80093027 -1.04471159 0.93098155
v 5.32913682 -1.02430752 0.94461492
v 5.32913682 -1.02305073 0.94875801
v 5.80093027 -1.06637273 0.94875839
v 5.32913685 -1.04902054 0.93140552
v 5.80093024 -1.02305045 0.9487584
v 5.80093025 -1.02430724 0.94461531
v 5.32271017 -1.06579277 0.94950078
v 5.32271017 -1.06623093 0.95394951
v 5.32913684 -1.06682324 0.95332919
v 5.32913684 -1.06637301 0.948758
v 5.80735083 -1.06579248 0.94950119
v 5.80093027 -1.06637273 0.94875839
v 5.32913681 -1.02260051 0.9533292
v 5.32530125 -1.02260059 1.2825284
v 5.32270977 -1.01799226 1.38799401
v 5.80735043 -1.01799197 1.38799442
v 5.80735044 -1.01850538 1.38278164
v 5.32270978 -1.01850567 1.38278124
v 5.80735044 -1.02002589 1.3777692
v 5.32270978 -1.02002618 1.3777688
v 5.80735045 -1.02249507 1.37314967
v 5.32270979 -1.02249536 1.37314927
v 5.80735045 -1.02581802 1.36910066
v 5.3227098 -1.02581831 1.36910026
v 5.3227098 -1.02581831 1.36910026
v 5.80735045 -1.02581802 1.36910066
v 5.80735046 -1.02986704 1.36577771
v 5.3227098 -1.02986734 1.3657773
v 5.80735046 -1.03448654 1.36330852
v 5.32270981 -1.03448684 1.36330812
v 5.80735047 -1.039499 1.36178801
v 5.32270981 -1.03949929 1.36178761
v 5.80735047 -1.04471177 1.3612746
v 5.32270981 -1.04471206 1.3612742
v 5.80735047 -1.04992455 1.36178801
v 5.32270982 -1.04992484 1.36178761
v 5.80735048 -1.054937 1.36330852
v 5.32270982 -1.05493729 1.36330812
v 5.80735048 -1.0595565 1.3657777
v 5.32270982 -1.0595568 1.36577729
v 5.80735048 -1.06360553 1.36910065
v 5.32270982 -1.06360582 1.36910025
v 5.32270982 -1.06360582 1.36910025
v 5.80735048 -1.06360553 1.36910065
v 5.80735047 -1.06692848 1.37314966
v 5.32270982 -1.06692877 1.37314926
v 5.80735047 -1.06939766 1.37776919
v 5.32270981 -1.06939795 1.37776879
v 5.80735047 -1.07091817 1.38278163
v 5.32270981 -1.07091847 1.38278122
v 5.80735046 -1.07143159 1.3879944
v 5.32270981 -1.07143188 1.387994
v 5.3227095 -1.01799234 1.72319085
v 5.80735015 -1.01799205 1.72319126
v 5.80735019 -1.07143167 1.72319124
v 5.32270953 -1.07143196 1.72319084
v 5.80735044 -1.02319281 1.3882499
v 5.80735016 -1.02319289 1.72319125
v 5.80260966 -1.02260041 1.7168288
v 5.80092987 -1.02260033 1.38762958
v 5.32270979 -1.02684062 1.37605269
v 5.32270979 -1.02951366 1.3727956
v 5.32913647 -1.02909516 1.37174985
v 5.32913646 -1.02634854 1.37509661
v 5.80735047 -1.0529371 1.36813675
v 5.80735047 -1.048905 1.36691361
v 5.80092991 -1.04902035 1.36570591
v 5.80092991 -1.05316345 1.36696271
v 5.32270978 -1.02363126 1.38380079
v 5.32270978 -1.0231931 1.38824949
v 5.32270977 -1.01799226 1.38799401
v 5.32270978 -1.01850567 1.38278124
v 5.80735044 -1.02319281 1.3882499
v 5.80735044 -1.02363098 1.3838012
v 5.80735044 -1.01850538 1.38278164
v 5.80735043 -1.01799197 1.38799442
v 5.32270979 -1.02485438 1.37976868
v 5.32270978 -1.02002618 1.3777688
v 5.80735044 -1.02485409 1.37976908
v 5.80735044 -1.02002589 1.3777692
v 5.32270979 -1.02249536 1.37314927
v 5.80735045 -1.02684034 1.37605309
v 5.80735045 -1.02249507 1.37314967
v 5.3227098 -1.02581831 1.36910026
v 5.80735045 -1.02951336 1.37279601
v 5.80735045 -1.02581802 1.36910066
v 5.3227098 -1.03277075 1.37012257
v 5.3227098 -1.02986734 1.3657773
v 5.80735046 -1.03277045 1.37012297
v 5.80735046 -1.02986704 1.36577771
v 5.3227098 -1.03648675 1.36813632
v 5.32270981 -1.03448684 1.36330812
v 5.80735046 -1.03648645 1.36813675
v 5.80735046 -1.03448654 1.36330852
v 5.32270981 -1.04051883 1.36691321
v 5.32270981 -1.03949929 1.36178761
v 5.80735046 -1.04051855 1.36691361
v 5.80735047 -1.039499 1.36178801
v 5.32270981 -1.04471206 1.3665002
v 5.32270981 -1.04471206 1.3612742
v 5.80735047 -1.04471177 1.3665006
v 5.80735047 -1.04471177 1.3612746
v 5.32270981 -1.0489053 1.36691321
v 5.32270982 -1.04992484 1.36178761
v 5.80735047 -1.04992455 1.36178801
v 5.32270981 -1.05293739 1.36813632
v 5.32270982 -1.05493729 1.36330812
v 5.80735048 -1.054937 1.36330852
v 5.32270981 -1.05665338 1.37012256
v 5.32270982 -1.0595568 1.36577729
v 5.80735047 -1.05665309 1.37012297
v 5.80735048 -1.0595565 1.3657777
v 5.32270981 -1.05991048 1.3727956
v 5.32270982 -1.06360582 1.36910025
v 5.80735047 -1.05991018 1.372796
v 5.80735048 -1.06360553 1.36910065
v 5.32270981 -1.06258351 1.37605268
v 5.32270982 -1.06692877 1.37314926
v 5.80735047 -1.06258322 1.37605308
v 5.80735047 -1.06692848 1.37314966
v 5.32270981 -1.06456975 1.37976867
v 5.32270981 -1.06939795 1.37776879
v 5.80735047 -1.06456946 1.37976907
v 5.80735047 -1.06939766 1.37776919
v 5.32270981 -1.06579287 1.38380078
v 5.32270981 -1.07091847 1.38278122
v 5.80735046 -1.06579258 1.38380119
v 5.80735047 -1.07091817 1.38278163
v 5.3227098 -1.06623103 1.38824948
v 5.32270981 -1.07143188 1.387994
v 5.80735046 -1.06623075 1.38824991
v 5.80735046 -1.07143159 1.3879944
v 5.3227095 -1.02319318 1.72319085
v 5.3227095 -1.01799234 1.72319085
v 5.80735016 -1.02319289 1.72319125
v 5.80735015 -1.01799205 1.72319126
v 5.80735018 -1.06623083 1.72319124
v 5.80735019 -1.07143167 1.72319124
v 5.32270952 -1.06623111 1.72319084
v 5.32270953 -1.07143196 1.72319084
v 5.80735018 -1.06623083 1.72319124
v 5.32270952 -1.06623111 1.72319084
v 5.32270953 -1.07143196 1.72319084
v 5.80735019 -1.07143167 1.72319124
v 5.3227095 -1.02319318 1.72319085
v 5.80735016 -1.02319289 1.72319125
v 5.80735015 -1.01799205 1.72319126
v 5.3227095 -1.01799234 1.72319085
v 5.32530091 -1.06682342 1.7168284
v 5.80260968 -1.06682314 1.71682879
v 5.80260966 -1.02260041 1.7168288
v 5.32530088 -1.02260069 1.71682841
v 5.32913648 -1.05698202 1.36900322
v 5.32913648 -1.05316373 1.36696229
v 5.80092989 -1.02634826 1.375097
v 5.80092989 -1.02909488 1.37175025
v 5.80735018 -1.06623083 1.72319124
v 5.80735046 -1.06623075 1.38824991
v 5.8009299 -1.06682306 1.3876296
v 5.80260968 -1.06682314 1.71682879
v 5.80092991 -1.05698174 1.36900361
v 5.32913647 -1.03244192 1.36900322
v 5.32530091 -1.06682342 1.7168284
v 5.32913648 -1.06682334 1.38762918
v 5.32913648 -1.06032878 1.37174985
v 5.8009299 -1.03244163 1.36900362
v 5.32270952 -1.06623111 1.72319084
v 5.32530091 -1.06682342 1.7168284
v 5.80092991 -1.0603285 1.37175024
v 5.32913647 -1.03626022 1.36696229
v 5.3227095 -1.02319318 1.72319085
v 5.32530088 -1.02260069 1.71682841
v 5.32913648 -1.0630754 1.3750966
v 5.8009299 -1.03625992 1.36696271
v 5.80092991 -1.06307512 1.37509699
v 5.32913648 -1.0404033 1.36570552
v 5.32913648 -1.06511633 1.3789149
v 5.8009299 -1.04040302 1.36570591
v 5.32270978 -1.0231931 1.38824949
v 5.32270978 -1.02363126 1.38380079
v 5.32913645 -1.02305083 1.383058
v 5.32913645 -1.02260061 1.38762919
v 5.80092991 -1.06511604 1.37891529
v 5.32913648 -1.04471197 1.36528114
v 5.80735044 -1.02363098 1.3838012
v 5.80092988 -1.02305055 1.38305839
v 5.32913648 -1.06637312 1.38305799
v 5.80092991 -1.04471169 1.36528154
v 5.32913646 -1.02430762 1.37891491
v 5.32913645 -1.02305083 1.383058
v 5.8009299 -1.06637283 1.38305838
v 5.32913648 -1.04902064 1.36570552
v 5.80092988 -1.02305055 1.38305839
v 5.80092988 -1.02430734 1.3789153
v 5.32270981 -1.06579287 1.38380078
v 5.3227098 -1.06623103 1.38824948
v 5.32913648 -1.06682334 1.38762918
v 5.32913648 -1.06637312 1.38305799
v 5.80735046 -1.06579258 1.38380119
v 5.8009299 -1.06637283 1.38305838
v 5.32913645 -1.02260061 1.38762919
v 5.32530088 -1.02260069 1.71682841
v 5.3227101 -0.96188056 0.95369403
v 5.80735076 -0.96188027 0.95369444
v 5.80735077 -0.96239368 0.94848166
v 5.32271011 -0.96239397 0.94848126
v 5.80735077 -0.96391419 0.94346921
v 5.32271011 -0.96391448 0.94346881
v 5.80735078 -0.96638337 0.93884971
v 5.32271012 -0.96638365 0.93884931
v 5.80735078 -0.96970631 0.93480068
v 5.32271012 -0.96970661 0.93480028
v 5.32271012 -0.96970661 0.93480028
v 5.80735078 -0.96970631 0.93480068
v 5.80735079 -0.97375534 0.93147773
v 5.32271013 -0.97375563 0.93147733
v 5.80735079 -0.97837484 0.92900856
v 5.32271013 -0.97837514 0.92900814
v 5.8073508 -0.9833873 0.92748805
v 5.32271014 -0.98338758 0.92748763
v 5.8073508 -0.98860007 0.92697462
v 5.32271014 -0.98860036 0.92697422
v 5.8073508 -0.99381285 0.92748805
v 5.32271014 -0.99381314 0.92748763
v 5.8073508 -0.9988253 0.92900856
v 5.32271015 -0.99882559 0.92900814
v 5.80735081 -1.0034448 0.93147772
v 5.32271015 -1.0034451 0.93147732
v 5.8073508 -1.00749383 0.93480068
v 5.32271015 -1.00749412 0.93480027
v 5.32271015 -1.00749412 0.93480027
v 5.8073508 -1.00749383 0.93480068
v 5.8073508 -1.01081678 0.9388497
v 5.32271015 -1.01081707 0.9388493
v 5.8073508 -1.01328596 0.9434692
v 5.32271014 -1.01328625 0.9434688
v 5.8073508 -1.01480647 0.94848165
v 5.32271014 -1.01480676 0.94848125
v 5.80735079 -1.01531989 0.95369443
v 5.32271014 -1.01532018 0.95369402
v 5.32270982 -0.96188064 1.28889088
v 5.80735048 -0.96188035 1.28889128
v 5.80735051 -1.01531997 1.28889127
v 5.32270986 -1.01532026 1.28889086
v 5.80735076 -0.96708111 0.95394993
v 5.80735049 -0.96708119 1.28889128
v 5.80260999 -0.9664887 1.28252882
v 5.8009302 -0.96648863 0.95332961
v 5.32271012 -0.97072892 0.94175272
v 5.32271012 -0.97340196 0.93849563
v 5.32913679 -0.97298346 0.93744988
v 5.32913679 -0.97023684 0.94079663
v 5.8073508 -0.99682539 0.93383676
v 5.8073508 -0.9927933 0.93261364
v 5.80093024 -0.99290865 0.93140594
v 5.80093024 -0.99705174 0.93266273
v 5.32271011 -0.96751956 0.94950081
v 5.32271011 -0.9670814 0.95394953
v 5.3227101 -0.96188056 0.95369403
v 5.32271011 -0.96239397 0.94848126
v 5.80735076 -0.96708111 0.95394993
v 5.80735077 -0.96751927 0.94950121
v 5.80735077 -0.96239368 0.94848166
v 5.80735076 -0.96188027 0.95369444
v 5.32271011 -0.96874268 0.94546871
v 5.32271011 -0.96391448 0.94346881
v 5.80735077 -0.96874239 0.94546912
v 5.80735077 -0.96391419 0.94346921
v 5.32271012 -0.96638365 0.93884931
v 5.80735078 -0.97072863 0.94175313
v 5.80735078 -0.96638337 0.93884971
v 5.32271012 -0.96970661 0.93480028
v 5.80735078 -0.97340166 0.93849603
v 5.80735078 -0.96970631 0.93480068
v 5.32271013 -0.97665905 0.93582259
v 5.32271013 -0.97375563 0.93147733
v 5.80735079 -0.97665875 0.935823
v 5.80735079 -0.97375534 0.93147773
v 5.32271013 -0.98037505 0.93383634
v 5.32271013 -0.97837514 0.92900814
v 5.80735079 -0.98037474 0.93383676
v 5.80735079 -0.97837484 0.92900856
v 5.32271013 -0.98440713 0.93261322
v 5.32271014 -0.98338758 0.92748763
v 5.80735079 -0.98440684 0.93261364
v 5.8073508 -0.9833873 0.92748805
v 5.32271014 -0.98860036 0.93220023
v 5.32271014 -0.98860036 0.92697422
v 5.8073508 -0.98860007 0.93220064
v 5.8073508 -0.98860007 0.92697462
v 5.32271014 -0.9927936 0.93261322
v 5.32271014 -0.99381314 0.92748763
v 5.8073508 -0.99381285 0.92748805
v 5.32271014 -0.99682568 0.93383634
v 5.32271015 -0.99882559 0.92900814
v 5.8073508 -0.9988253 0.92900856
v 5.32271014 -1.00054168 0.93582258
v 5.32271015 -1.0034451 0.93147732
v 5.8073508 -1.00054139 0.93582299
v 5.80735081 -1.0034448 0.93147772
v 5.32271014 -1.00379877 0.93849562
v 5.32271015 -1.00749412 0.93480027
v 5.8073508 -1.00379848 0.93849602
v 5.8073508 -1.00749383 0.93480068
v 5.32271014 -1.00647181 0.94175272
v 5.32271015 -1.01081707 0.9388493
v 5.8073508 -1.00647152 0.94175312
v 5.8073508 -1.01081678 0.9388497
v 5.32271014 -1.00845805 0.9454687
v 5.32271014 -1.01328625 0.9434688
v 5.8073508 -1.00845776 0.94546911
v 5.8073508 -1.01328596 0.9434692
v 5.32271014 -1.00968117 0.9495008
v 5.32271014 -1.01480676 0.94848125
v 5.80735079 -1.00968087 0.9495012
v 5.8073508 -1.01480647 0.94848165
v 5.32271013 -1.01011933 0.95394952
v 5.32271014 -1.01532018 0.95369402
v 5.80735079 -1.01011904 0.95394994
v 5.80735079 -1.01531989 0.95369443
v 5.32270983 -0.96708148 1.28889087
v 5.32270982 -0.96188064 1.28889088
v 5.80735049 -0.96708119 1.28889128
v 5.80735048 -0.96188035 1.28889128
v 5.80735051 -1.01011912 1.28889127
v 5.80735051 -1.01531997 1.28889127
v 5.32270985 -1.01011941 1.28889086
v 5.32270986 -1.01532026 1.28889086
v 5.80735051 -1.01011912 1.28889127
v 5.32270985 -1.01011941 1.28889086
v 5.32270986 -1.01532026 1.28889086
v 5.80735051 -1.01531997 1.28889127
v 5.32270983 -0.96708148 1.28889087
v 5.80735049 -0.96708119 1.28889128
v 5.80735048 -0.96188035 1.28889128
v 5.32270982 -0.96188064 1.28889088
v 5.32530124 -1.01071172 1.28252841
v 5.80261001 -1.01071144 1.28252881
v 5.80260999 -0.9664887 1.28252882
v 5.32530121 -0.96648899 1.28252842
v 5.32913681 -1.00087032 0.93470324
v 5.32913681 -0.99705203 0.93266231
v 5.80093022 -0.97023656 0.94079703
v 5.80093022 -0.97298317 0.93745027
v 5.80735051 -1.01011912 1.28889127
v 5.80735079 -1.01011904 0.95394994
v 5.80093023 -1.01071136 0.95332961
v 5.80261001 -1.01071144 1.28252881
v 5.80093024 -1.00087004 0.93470364
v 5.3291368 -0.97633022 0.93470325
v 5.32530124 -1.01071172 1.28252841
v 5.3291368 -1.01071164 0.9533292
v 5.32913681 -1.00421708 0.93744987
v 5.80093023 -0.97632993 0.93470364
v 5.32270985 -1.01011941 1.28889086
v 5.32530124 -1.01071172 1.28252841
v 5.80093024 -1.0042168 0.93745026
v 5.3291368 -0.98014851 0.93266232
v 5.32270983 -0.96708148 1.28889087
v 5.32530121 -0.96648899 1.28252842
v 5.32913681 -1.0069637 0.94079662
v 5.80093023 -0.98014822 0.93266274
v 5.80093024 -1.00696342 0.94079702
v 5.32913681 -0.9842916 0.93140553
v 5.32913681 -1.00900462 0.94461492
v 5.80093023 -0.98429132 0.93140594
v 5.32271011 -0.9670814 0.95394953
v 5.32271011 -0.96751956 0.94950081
v 5.32913678 -0.96693913 0.94875802
v 5.32913678 -0.96648891 0.95332921
v 5.80093024 -1.00900434 0.94461532
v 5.32913681 -0.98860027 0.93098117
v 5.80735077 -0.96751927 0.94950121
v 5.80093021 -0.96693885 0.94875842
v 5.32913681 -1.01026142 0.94875801
v 5.80093024 -0.98859999 0.93098156
v 5.32913679 -0.96819592 0.94461493
v 5.32913678 -0.96693913 0.94875802
v 5.80093023 -1.01026113 0.94875841
v 5.32913681 -0.99290894 0.93140553
v 5.80093021 -0.96693885 0.94875842
v 5.80093021 -0.96819564 0.94461532
v 5.32271014 -1.00968117 0.9495008
v 5.32271013 -1.01011933 0.95394952
v 5.3291368 -1.01071164 0.9533292
v 5.32913681 -1.01026142 0.94875801
v 5.80735079 -1.00968087 0.9495012
v 5.80093023 -1.01026113 0.94875841
v 5.32913678 -0.96648891 0.95332921
v 5.32530121 -0.96648899 1.28252842
v 5.32270974 -0.96188066 1.38799402
v 5.8073504 -0.96188037 1.38799443
v 5.8073504 -0.96239378 1.38278165
v 5.32270975 -0.96239407 1.38278125
v 5.80735041 -0.96391429 1.37776922
v 5.32270975 -0.96391458 1.37776881
v 5.80735041 -0.96638347 1.37314969
v 5.32270976 -0.96638376 1.37314928
v 5.80735042 -0.96970642 1.36910067
v 5.32270976 -0.96970671 1.36910027
v 5.32270976 -0.96970671 1.36910027
v 5.80735042 -0.96970642 1.36910067
v 5.80735043 -0.97375544 1.36577772
v 5.32270977 -0.97375574 1.36577731
v 5.80735043 -0.97837494 1.36330854
v 5.32270977 -0.97837524 1.36330813
v 5.80735043 -0.9833874 1.36178803
v 5.32270978 -0.98338769 1.36178762
v 5.80735044 -0.98860017 1.36127461
v 5.32270978 -0.98860046 1.36127421
v 5.80735044 -0.99381295 1.36178802
v 5.32270978 -0.99381324 1.36178762
v 5.80735044 -0.9988254 1.36330853
v 5.32270978 -0.99882569 1.36330813
v 5.80735044 -1.0034449 1.36577771
v 5.32270978 -1.0034452 1.36577731
v 5.80735044 -1.00749393 1.36910067
v 5.32270978 -1.00749423 1.36910026
v 5.32270978 -1.00749423 1.36910026
v 5.80735044 -1.00749393 1.36910067
v 5.80735044 -1.01081689 1.37314968
v 5.32270978 -1.01081717 1.37314927
v 5.80735044 -1.01328606 1.37776921
v 5.32270978 -1.01328636 1.3777688
v 5.80735044 -1.01480657 1.38278164
v 5.32270978 -1.01480687 1.38278124
v 5.80735043 -1.01531999 1.38799442
v 5.32270977 -1.01532028 1.38799401
v 5.32270946 -0.96188074 1.72319087
v 5.80735012 -0.96188045 1.72319127
v 5.80735015 -1.01532007 1.72319126
v 5.32270949 -1.01532036 1.72319085
v 5.8073504 -0.96708121 1.38824991
v 5.80735012 -0.96708129 1.72319127
v 5.80260962 -0.96648881 1.71682882
v 5.80092984 -0.96648873 1.3876296
v 5.32270976 -0.97072902 1.3760527
v 5.32270976 -0.97340206 1.37279562
v 5.32913643 -0.97298357 1.37174987
v 5.32913643 -0.97023694 1.37509662
v 5.80735044 -0.9968255 1.36813676
v 5.80735044 -0.9927934 1.36691363
v 5.80092988 -0.99290875 1.36570593
v 5.80092988 -0.99705184 1.36696272
v 5.32270975 -0.96751966 1.38380081
v 5.32270974 -0.9670815 1.38824951
v 5.32270974 -0.96188066 1.38799402
v 5.32270975 -0.96239407 1.38278125
v 5.8073504 -0.96708121 1.38824991
v 5.80735041 -0.96751938 1.38380121
v 5.8073504 -0.96239378 1.38278165
v 5.8073504 -0.96188037 1.38799443
v 5.32270975 -0.96874278 1.37976869
v 5.32270975 -0.96391458 1.37776881
v 5.80735041 -0.96874249 1.37976909
v 5.80735041 -0.96391429 1.37776922
v 5.32270976 -0.96638376 1.37314928
v 5.80735041 -0.97072874 1.3760531
v 5.80735041 -0.96638347 1.37314969
v 5.32270976 -0.96970671 1.36910027
v 5.80735042 -0.97340176 1.37279602
v 5.80735042 -0.96970642 1.36910067
v 5.32270977 -0.97665916 1.37012258
v 5.32270977 -0.97375574 1.36577731
v 5.80735042 -0.97665885 1.37012298
v 5.80735043 -0.97375544 1.36577772
v 5.32270977 -0.98037515 1.36813633
v 5.32270977 -0.97837524 1.36330813
v 5.80735043 -0.98037485 1.36813676
v 5.80735043 -0.97837494 1.36330854
v 5.32270977 -0.98440724 1.36691322
v 5.32270978 -0.98338769 1.36178762
v 5.80735043 -0.98440695 1.36691363
v 5.80735043 -0.9833874 1.36178803
v 5.32270978 -0.98860046 1.36650021
v 5.32270978 -0.98860046 1.36127421
v 5.80735043 -0.98860018 1.36650061
v 5.80735044 -0.98860017 1.36127461
v 5.32270978 -0.9927937 1.36691322
v 5.32270978 -0.99381324 1.36178762
v 5.80735044 -0.99381295 1.36178802
v 5.32270978 -0.99682579 1.36813633
v 5.32270978 -0.99882569 1.36330813
v 5.80735044 -0.9988254 1.36330853
v 5.32270978 -1.00054178 1.37012257
v 5.32270978 -1.0034452 1.36577731
v 5.80735044 -1.00054149 1.37012298
v 5.80735044 -1.0034449 1.36577771
v 5.32270978 -1.00379888 1.37279561
v 5.32270978 -1.00749423 1.36910026
v 5.80735044 -1.00379858 1.37279601
v 5.80735044 -1.00749393 1.36910067
v 5.32270978 -1.00647191 1.37605269
v 5.32270978 -1.01081717 1.37314927
v 5.80735044 -1.00647162 1.3760531
v 5.80735044 -1.01081689 1.37314968
v 5.32270978 -1.00845815 1.37976868
v 5.32270978 -1.01328636 1.3777688
v 5.80735043 -1.00845786 1.37976908
v 5.80735044 -1.01328606 1.37776921
v 5.32270977 -1.00968127 1.3838008
v 5.32270978 -1.01480687 1.38278124
v 5.80735043 -1.00968098 1.3838012
v 5.80735044 -1.01480657 1.38278164
v 5.32270977 -1.01011944 1.3882495
v 5.32270977 -1.01532028 1.38799401
v 5.80735043 -1.01011915 1.38824993
v 5.80735043 -1.01531999 1.38799442
v 5.32270946 -0.96708158 1.72319086
v 5.32270946 -0.96188074 1.72319087
v 5.80735012 -0.96708129 1.72319127
v 5.80735012 -0.96188045 1.72319127
v 5.80735015 -1.01011923 1.72319126
v 5.80735015 -1.01532007 1.72319126
v 5.32270949 -1.01011952 1.72319085
v 5.32270949 -1.01532036 1.72319085
v 5.80735015 -1.01011923 1.72319126
v 5.32270949 -1.01011952 1.72319085
v 5.32270949 -1.01532036 1.72319085
v 5.80735015 -1.01532007 1.72319126
v 5.32270946 -0.96708158 1.72319086
v 5.80735012 -0.96708129 1.72319127
v 5.80735012 -0.96188045 1.72319127
v 5.32270946 -0.96188074 1.72319087
v 5.32530088 -1.01071182 1.71682841
v 5.80260965 -1.01071154 1.71682881
v 5.80260962 -0.96648881 1.71682882
v 5.32530085 -0.96648909 1.71682842
v 5.32913645 -1.00087042 1.36900323
v 5.32913645 -0.99705213 1.3669623
v 5.80092985 -0.97023666 1.37509702
v 5.80092986 -0.97298328 1.37175026
v 5.80735015 -1.01011923 1.72319126
v 5.80735043 -1.01011915 1.38824993
v 5.80092987 -1.01071146 1.38762961
v 5.80260965 -1.01071154 1.71682881
v 5.80092988 -1.00087014 1.36900363
v 5.32913644 -0.97633033 1.36900324
v 5.32530088 -1.01071182 1.71682841
v 5.32913644 -1.01071174 1.38762919
v 5.32913645 -1.00421719 1.37174986
v 5.80092986 -0.97633004 1.36900363
v 5.32270949 -1.01011952 1.72319085
v 5.32530088 -1.01071182 1.71682841
v 5.80092988 -1.0042169 1.37175025
v 5.32913644 -0.98014862 1.36696231
v 5.32270946 -0.96708158 1.72319086
v 5.32530085 -0.96648909 1.71682842
v 5.32913645 -1.0069638 1.37509661
v 5.80092987 -0.98014832 1.36696273
v 5.80092988 -1.00696352 1.37509701
v 5.32913644 -0.9842917 1.36570553
v 5.32913645 -1.00900473 1.37891491
v 5.80092987 -0.98429143 1.36570593
v 5.32270974 -0.9670815 1.38824951
v 5.32270975 -0.96751966 1.38380081
v 5.32913642 -0.96693923 1.38305801
v 5.32913642 -0.96648901 1.3876292
v 5.80092987 -1.00900444 1.3789153
v 5.32913645 -0.98860037 1.36528116
v 5.80735041 -0.96751938 1.38380121
v 5.80092985 -0.96693895 1.38305841
v 5.32913645 -1.01026152 1.383058
v 5.80092987 -0.98860009 1.36528155
v 5.32913642 -0.96819602 1.37891492
v 5.32913642 -0.96693923 1.38305801
v 5.80092987 -1.01026123 1.3830584
v 5.32913645 -0.99290904 1.36570553
v 5.80092985 -0.96693895 1.38305841
v 5.80092985 -0.96819574 1.37891531
v 5.32270977 -1.00968127 1.3838008
v 5.32270977 -1.01011944 1.3882495
v 5.32913644 -1.01071174 1.38762919
v 5.32913645 -1.01026152 1.383058
v 5.80735043 -1.00968098 1.3838012
v 5.80092987 -1.01026123 1.3830584
v 5.32913642 -0.96648901 1.3876292
v 5.32530085 -0.96648909 1.71682842
v 5.80261005 -1.06682303 1.28252879
v 5.80093024 -1.02260023 0.95332959
v 5.80261002 -1.0226003 1.2825288
v 5.80093024 -1.02305045 0.9487584
v 5.80093025 -1.02430724 0.94461531
v 5.80093025 -1.02634816 0.94079701
v 5.80093025 -1.02909477 0.93745026
v 5.80093026 -1.03244153 0.93470363
v 5.80093026 -1.03625982 0.93266272
v 5.80093027 -1.04040292 0.93140593
v 5.80093027 -1.04471159 0.93098155
v 5.80093027 -1.04902025 0.93140592
v 5.80093027 -1.05316334 0.93266272
v 5.80093027 -1.05698164 0.93470362
v 5.80093027 -1.06032839 0.93745025
v 5.80093027 -1.06307502 0.940797
v 5.80093027 -1.06511593 0.9446153
v 5.80093027 -1.06637273 0.94875839
v 5.80093026 -1.06682296 0.9533296
v 5.32913682 -1.02305073 0.94875801
v 5.32530125 -1.02260059 1.2825284
v 5.32913681 -1.02260051 0.9533292
v 5.32530127 -1.06682332 1.28252839
v 5.32913682 -1.02430752 0.94461492
v 5.32913682 -1.02634844 0.94079662
v 5.32913683 -1.02909506 0.93744986
v 5.32913683 -1.03244182 0.93470324
v 5.32913684 -1.03626012 0.9326623
v 5.32913684 -1.0404032 0.93140552
v 5.32913684 -1.04471187 0.93098115
v 5.32913685 -1.04902054 0.93140552
v 5.32913685 -1.05316363 0.9326623
v 5.32913685 -1.05698192 0.93470323
v 5.32913685 -1.06032868 0.93744986
v 5.32913685 -1.0630753 0.94079661
v 5.32913684 -1.06511622 0.94461491
v 5.32913684 -1.06637301 0.948758
v 5.32913684 -1.06682324 0.95332919
v 5.80260968 -1.06682314 1.71682879
v 5.80092987 -1.02260033 1.38762958
v 5.80260966 -1.02260041 1.7168288
v 5.80092988 -1.02305055 1.38305839
v 5.80092988 -1.02430734 1.3789153
v 5.80092989 -1.02634826 1.375097
v 5.80092989 -1.02909488 1.37175025
v 5.8009299 -1.03244163 1.36900362
v 5.8009299 -1.03625992 1.36696271
v 5.8009299 -1.04040302 1.36570591
v 5.80092991 -1.04471169 1.36528154
v 5.80092991 -1.04902035 1.36570591
v 5.80092991 -1.05316345 1.36696271
v 5.80092991 -1.05698174 1.36900361
v 5.80092991 -1.0603285 1.37175024
v 5.80092991 -1.06307512 1.37509699
v 5.80092991 -1.06511604 1.37891529
v 5.8009299 -1.06637283 1.38305838
v 5.8009299 -1.06682306 1.3876296
v 5.32913645 -1.02305083 1.383058
v 5.32530088 -1.02260069 1.71682841
v 5.32913645 -1.02260061 1.38762919
v 5.32530091 -1.06682342 1.7168284
v 5.32913646 -1.02430762 1.37891491
v 5.32913646 -1.02634854 1.37509661
v 5.32913647 -1.02909516 1.37174985
v 5.32913647 -1.03244192 1.36900322
v 5.32913647 -1.03626022 1.36696229
v 5.32913648 -1.0404033 1.36570552
v 5.32913648 -1.04471197 1.36528114
v 5.32913648 -1.04902064 1.36570552
v 5.32913648 -1.05316373 1.36696229
v 5.32913648 -1.05698202 1.36900322
v 5.32913648 -1.06032878 1.37174985
v 5.32913648 -1.0630754 1.3750966
v 5.32913648 -1.06511633 1.3789149
v 5.32913648 -1.06637312 1.38305799
v 5.32913648 -1.06682334 1.38762918
v 5.80261001 -1.01071144 1.28252881
v 5.8009302 -0.96648863 0.95332961
v 5.80260999 -0.9664887 1.28252882
v 5.80093021 -0.96693885 0.94875842
v 5.80093021 -0.96819564 0.94461532
v 5.80093022 -0.97023656 0.94079703
v 5.80093022 -0.97298317 0.93745027
v 5.80093023 -0.97632993 0.93470364
v 5.80093023 -0.98014822 0.93266274
v 5.80093023 -0.98429132 0.93140594
v 5.80093024 -0.98859999 0.93098156
v 5.80093024 -0.99290865 0.93140594
v 5.80093024 -0.99705174 0.93266273
v 5.80093024 -1.00087004 0.93470364
v 5.80093024 -1.0042168 0.93745026
v 5.80093024 -1.00696342 0.94079702
v 5.80093024 -1.00900434 0.94461532
v 5.80093023 -1.01026113 0.94875841
v 5.80093023 -1.01071136 0.95332961
v 5.32913678 -0.96693913 0.94875802
v 5.32530121 -0.96648899 1.28252842
v 5.32913678 -0.96648891 0.95332921
v 5.32530124 -1.01071172 1.28252841
v 5.32913679 -0.96819592 0.94461493
v 5.32913679 -0.97023684 0.94079663
v 5.32913679 -0.97298346 0.93744988
v 5.3291368 -0.97633022 0.93470325
v 5.3291368 -0.98014851 0.93266232
v 5.32913681 -0.9842916 0.93140553
v 5.32913681 -0.98860027 0.93098117
v 5.32913681 -0.99290894 0.93140553
v 5.32913681 -0.99705203 0.93266231
v 5.32913681 -1.00087032 0.93470324
v 5.32913681 -1.00421708 0.93744987
v 5.32913681 -1.0069637 0.94079662
v 5.32913681 -1.00900462 0.94461492
v 5.32913681 -1.01026142 0.94875801
v 5.3291368 -1.01071164 0.9533292
v 5.80260965 -1.01071154 1.71682881
v 5.80092984 -0.96648873 1.3876296
v 5.80260962 -0.96648881 1.71682882
v 5.80092985 -0.96693895 1.38305841
v 5.80092985 -0.96819574 1.37891531
v 5.80092985 -0.97023666 1.37509702
v 5.80092986 -0.97298328 1.37175026
v 5.80092986 -0.97633004 1.36900363
v 5.80092987 -0.98014832 1.36696273
v 5.80092987 -0.98429143 1.36570593
v 5.80092987 -0.98860009 1.36528155
v 5.80092988 -0.99290875 1.36570593
v 5.80092988 -0.99705184 1.36696272
v 5.80092988 -1.00087014 1.36900363
v 5.80092988 -1.0042169 1.37175025
v 5.80092988 -1.00696352 1.37509701
v 5.80092987 -1.00900444 1.3789153
v 5.80092987 -1.01026123 1.3830584
v 5.80092987 -1.01071146 1.38762961
v 5.32913642 -0.96693923 1.38305801
v 5.32530085 -0.96648909 1.71682842
v 5.32913642 -0.96648901 1.3876292
v 5.32530088 -1.01071182 1.71682841
v 5.32913642 -0.96819602 1.37891492
v 5.32913643 -0.97023694 1.37509662
v 5.32913643 -0.97298357 1.37174987
v 5.32913644 -0.97633033 1.36900324
v 5.32913644 -0.98014862 1.36696231
v 5.32913644 -0.9842917 1.36570553
v 5.32913645 -0.98860037 1.36528116
v 5.32913645 -0.99290904 1.36570553
v 5.32913645 -0.99705213 1.3669623
v 5.32913645 -1.00087042 1.36900323
v 5.32913645 -1.00421719 1.37174986
v 5.32913645 -1.0069638 1.37509661
v 5.32913645 -1.00900473 1.37891491
v 5.32913645 -1.01026152 1.383058
v 5.32913644 -1.01071174 1.38762919
vn 0.098 0 -0.99519
vn 0.29031 0 -0.95693
vn 0.47141 0 -0.88192
vn 0.6344 0 -0.773
vn 0.773 0 -0.6344
vn 0.88192 0 -0.47141
vn 0.95693 0 -0.29031
vn 0.99519 0 -0.098
vn 0.99519 0 0.098
vn 0.95693 0 0.29031
vn 0.88192 0 0.47141
vn 0.773 0 0.6344
vn 0.6344 0 0.773
vn 0.47141 0 0.88192
vn 0.29031 0 0.95693
vn 0.098 0 0.99519
vn 0 0 -1
vn 0 0 1
vn -0.0002 -0.69419 0.71979
vn -0.36999 0.81228 0.45089
vn -0.48949 -0.85927 -0.1485
vn 0 -1 0
vn 0 1 0
vn -1 0 0
vn -0.46501 0.84971 -0.2485
vn -0.36978 -0.81255 0.45057
vn -0.0002 -0.69409 -0.71989
vn -0.4647 -0.84991 -0.2484
vn -0.42581 0.83462 0.34941
vn -0.0005 0.76729 -0.6413
vn -0.0005 0.76738 -0.64119
vn -0.42581 0.83462 -0.34941
vn -0.42549 -0.83488 0.34919
vn 0.0927 0 -0.99569
vn -0.42549 -0.83488 -0.34919
vn -0.46501 0.84971 0.2485
vn 0.0927 0 0.99569
vn -0.36999 0.81228 -0.45089
vn -0.46459 -0.84998 0.24839
vn -0.36981 -0.81252 -0.45061
vn -0.48991 0.85902 0.1486
vn -0.29471 0.78043 -0.55142
vn -0.48949 -0.85927 0.1485
vn -0.0722 0.67619 0.73318
vn -0.2946 -0.7807 -0.5511
vn -0.50191 0.86351 0.0494
vn -0.0722 -0.6765 0.7329
vn -0.1965 0.7362 -0.6476
vn -0.50159 -0.86369 0.0494
vn -0.1964 0.73631 0.64751
vn -0.1964 -0.7365 -0.6473
vn -0.50198 0.86347 -0.0494
vn -0.50191 0.86351 -0.0494
vn -0.1963 -0.73661 0.64721
vn -0.0722 0.67608 -0.73328
vn -0.50159 -0.86369 -0.0494
vn -0.29469 0.78047 0.55138
vn -0.0722 -0.6765 -0.7329
vn -0.48991 0.85902 -0.1486
vn -0.2945 -0.78081 0.55101
vn -0.0005 0.76747 0.64108
vn -0.0005 0.76738 0.64119
vn -0.0005 0.76743 0.64113
vn -0.36981 -0.81252 0.45061
vn -0.0005 0.76734 -0.64124
vn -0.37002 0.81225 -0.45093
vn -0.37008 0.81225 -0.45087
vn -0.4646 -0.85 0.2483
vn -0.0722 -0.6766 0.7328
vn -0.0722 -0.67644 -0.73295
vn -0.42578 0.83465 0.34938
vn -0.19639 0.73626 0.64757
vn -0.0002 -0.69414 0.71984
vn -0.46467 -0.84994 -0.24838
vn -0.48987 0.85904 0.14859
vn -0.0722 0.67613 -0.73323
vn -0.29449 -0.78076 0.55108
vn 0.0006 1 0
vn 0.0005 1 0
vn 0.0005 1 -0.0001
vn 0.0005 1 -0.0003
vn 0.0005 1 -0.0002
vn 0.0005 1 0.0001
vn 0.0005 1 0.0002
vn 0.0005 1 0.0003
vn 0.0005 1 0.0004
vn 0.0012 -1 0
vn 0.0013 -1 0
vn 0.0012 -1 0.0001
vn 0.0012 -1 -0.0001
vn 0.0013 -1 0.0004
vn 0.0012 -1 -0.0003
vn 0.0012 -1 -0.0004
vn 0.0012 -1 0.0004
vn 0.0012 -1 0.0002
vt 0.28016 0.71401
vt 0.28016 0.6923
vt 0.28048 0.6923
vt 0.28048 0.71401
vt 0.2808 0.6923
vt 0.2808 0.71401
vt 0.28109 0.6923
vt 0.28109 0.71401
vt 0.28134 0.6923
vt 0.28134 0.71401
vt 0.27729 0.71083
vt 0.28064 0.71083
vt 0.28064 0.70919
vt 0.27729 0.70919
vt 0.28064 0.70731
vt 0.27729 0.70731
vt 0.28064 0.70527
vt 0.27729 0.70527
vt 0.28064 0.70316
vt 0.27729 0.70316
vt 0.28064 0.70104
vt 0.27729 0.70104
vt 0.28064 0.699
vt 0.27729 0.699
vt 0.28064 0.69712
vt 0.27729 0.69712
vt 0.28064 0.69548
vt 0.27729 0.69548
vt 0.25914 0.71401
vt 0.25914 0.6923
vt 0.28014 0.6923
vt 0.25954 0.69251
vt 0.28018 0.69258
vt 0.2809 0.71042
vt 0.28111 0.70933
vt 0.28117 0.7095
vt 0.28096 0.71062
vt 0.2814 0.69981
vt 0.28148 0.70145
vt 0.28155 0.7014
vt 0.28147 0.69972
vt 0.28042 0.71172
vt 0.28014 0.7119
vt 0.28016 0.71401
vt 0.28048 0.7138
vt 0.28067 0.71122
vt 0.2808 0.71319
vt 0.28109 0.71218
vt 0.28134 0.71083
vt 0.28128 0.70801
vt 0.28155 0.70919
vt 0.2814 0.7065
vt 0.2817 0.70731
vt 0.28148 0.70486
vt 0.2818 0.70527
vt 0.2815 0.70316
vt 0.28183 0.70316
vt 0.2818 0.70104
vt 0.2817 0.699
vt 0.28128 0.6983
vt 0.28155 0.69712
vt 0.28111 0.69698
vt 0.28134 0.69548
vt 0.2809 0.69589
vt 0.28109 0.69413
vt 0.28067 0.69509
vt 0.2808 0.69312
vt 0.28042 0.69459
vt 0.28048 0.69251
vt 0.28014 0.69441
vt 0.28016 0.6923
vt 0.25914 0.7119
vt 0.25914 0.71401
vt 0.25914 0.69441
vt 0.25914 0.6923
vt 0.28064 0.69441
vt 0.27729 0.69441
vt 0.27729 0.6923
vt 0.28064 0.6923
vt 0.27729 0.7119
vt 0.28064 0.7119
vt 0.28064 0.71401
vt 0.27729 0.71401
vt 0.38631 0.37285
vt 0.39168 0.37285
vt 0.39168 0.39838
vt 0.38631 0.39838
vt 0.28135 0.69817
vt 0.28135 0.70814
vt 0.25954 0.69417
vt 0.28018 0.69417
vt 0.28117 0.69681
vt 0.25954 0.7139
vt 0.28147 0.70659
vt 0.28096 0.69569
vt 0.28155 0.70491
vt 0.28072 0.69486
vt 0.28014 0.71401
vt 0.28042 0.71401
vt 0.28047 0.71372
vt 0.28018 0.71372
vt 0.28158 0.70316
vt 0.28042 0.6923
vt 0.28047 0.69258
vt 0.28047 0.69435
vt 0.28072 0.71145
vt 0.28047 0.71196
vt 0.28018 0.71214
vt 0.25954 0.71214
vt 0.72241 0.50915
vt 0.72241 0.48743
vt 0.72274 0.48743
vt 0.72274 0.50915
vt 0.72305 0.48743
vt 0.72305 0.50915
vt 0.72334 0.48743
vt 0.72334 0.50915
vt 0.7236 0.48743
vt 0.7236 0.50915
vt 0.71954 0.50597
vt 0.72289 0.50597
vt 0.72289 0.50432
vt 0.71954 0.50432
vt 0.72289 0.50245
vt 0.71954 0.50245
vt 0.72289 0.50041
vt 0.71954 0.50041
vt 0.72289 0.49829
vt 0.71954 0.49829
vt 0.72289 0.49617
vt 0.71954 0.49617
vt 0.72289 0.49413
vt 0.71954 0.49413
vt 0.72289 0.49226
vt 0.71954 0.49226
vt 0.72289 0.49061
vt 0.71954 0.49061
vt 0.70139 0.50915
vt 0.70139 0.48743
vt 0.7224 0.48743
vt 0.70179 0.48764
vt 0.72244 0.48772
vt 0.72316 0.50555
vt 0.72337 0.50447
vt 0.72343 0.50464
vt 0.72322 0.50575
vt 0.72366 0.49495
vt 0.72374 0.49659
vt 0.72381 0.49654
vt 0.72373 0.49486
vt 0.72268 0.50686
vt 0.7224 0.50703
vt 0.72241 0.50915
vt 0.72274 0.50894
vt 0.72293 0.50636
vt 0.72305 0.50832
vt 0.72334 0.50732
vt 0.7236 0.50597
vt 0.72353 0.50314
vt 0.72381 0.50432
vt 0.72366 0.50163
vt 0.72396 0.50245
vt 0.72374 0.49999
vt 0.72406 0.50041
vt 0.72376 0.49829
vt 0.72409 0.49829
vt 0.72406 0.49617
vt 0.72396 0.49413
vt 0.72353 0.49344
vt 0.72381 0.49226
vt 0.72337 0.49211
vt 0.7236 0.49061
vt 0.72316 0.49103
vt 0.72334 0.48926
vt 0.72293 0.49022
vt 0.72305 0.48826
vt 0.72268 0.48972
vt 0.72274 0.48764
vt 0.7224 0.48955
vt 0.72241 0.48743
vt 0.70139 0.50703
vt 0.70139 0.50915
vt 0.70139 0.48955
vt 0.70139 0.48743
vt 0.72289 0.48955
vt 0.71954 0.48955
vt 0.71954 0.48743
vt 0.72289 0.48743
vt 0.71954 0.50703
vt 0.72289 0.50703
vt 0.72289 0.50915
vt 0.71954 0.50915
vt 0.7236 0.4933
vt 0.7236 0.50328
vt 0.70179 0.4893
vt 0.72244 0.4893
vt 0.72343 0.49194
vt 0.70179 0.50903
vt 0.72373 0.50172
vt 0.72322 0.49083
vt 0.72381 0.50004
vt 0.72298 0.49
vt 0.7224 0.50915
vt 0.72268 0.50915
vt 0.72272 0.50886
vt 0.72244 0.50886
vt 0.72384 0.49829
vt 0.72268 0.48743
vt 0.72272 0.48772
vt 0.72272 0.48949
vt 0.72298 0.50658
vt 0.72272 0.50709
vt 0.72244 0.50728
vt 0.70179 0.50728
vt 0.62299 0.6167
vt 0.62299 0.59499
vt 0.62332 0.59499
vt 0.62332 0.6167
vt 0.62363 0.59499
vt 0.62363 0.6167
vt 0.62392 0.59499
vt 0.62392 0.6167
vt 0.62418 0.59499
vt 0.62418 0.6167
vt 0.62012 0.61352
vt 0.62347 0.61352
vt 0.62347 0.61188
vt 0.62012 0.61188
vt 0.62347 0.61
vt 0.62012 0.61
vt 0.62347 0.60796
vt 0.62012 0.60796
vt 0.62347 0.60584
vt 0.62012 0.60584
vt 0.62347 0.60373
vt 0.62012 0.60373
vt 0.62347 0.60169
vt 0.62012 0.60169
vt 0.62347 0.59981
vt 0.62012 0.59981
vt 0.62347 0.59817
vt 0.62012 0.59817
vt 0.60197 0.6167
vt 0.60197 0.59499
vt 0.62298 0.59499
vt 0.60237 0.5952
vt 0.62301 0.59527
vt 0.62374 0.61311
vt 0.62394 0.61202
vt 0.62401 0.61219
vt 0.6238 0.61331
vt 0.62424 0.6025
vt 0.62431 0.60414
vt 0.62439 0.60409
vt 0.62431 0.60241
vt 0.62325 0.61441
vt 0.62298 0.61459
vt 0.62299 0.6167
vt 0.62332 0.61649
vt 0.62351 0.61391
vt 0.62363 0.61588
vt 0.62392 0.61487
vt 0.62418 0.61352
vt 0.62411 0.6107
vt 0.62438 0.61188
vt 0.62424 0.60919
vt 0.62454 0.61
vt 0.62431 0.60755
vt 0.62463 0.60796
vt 0.62434 0.60584
vt 0.62467 0.60584
vt 0.62463 0.60373
vt 0.62454 0.60169
vt 0.62411 0.60099
vt 0.62438 0.59981
vt 0.62394 0.59967
vt 0.62418 0.59817
vt 0.62374 0.59858
vt 0.62392 0.59682
vt 0.62351 0.59777
vt 0.62363 0.59581
vt 0.62325 0.59728
vt 0.62332 0.59519
vt 0.62298 0.5971
vt 0.62299 0.59499
vt 0.60197 0.61459
vt 0.60197 0.6167
vt 0.60197 0.5971
vt 0.60197 0.59499
vt 0.62347 0.5971
vt 0.62012 0.5971
vt 0.62012 0.59499
vt 0.62347 0.59499
vt 0.62012 0.61459
vt 0.62347 0.61459
vt 0.62347 0.6167
vt 0.62012 0.6167
vt 0.62418 0.60086
vt 0.62418 0.61083
vt 0.60237 0.59686
vt 0.62301 0.59686
vt 0.62401 0.5995
vt 0.60237 0.61659
vt 0.62431 0.60928
vt 0.6238 0.59838
vt 0.62439 0.6076
vt 0.62356 0.59755
vt 0.62298 0.6167
vt 0.62325 0.6167
vt 0.6233 0.61641
vt 0.62301 0.61641
vt 0.62442 0.60584
vt 0.62325 0.59499
vt 0.6233 0.59527
vt 0.6233 0.59704
vt 0.62356 0.61414
vt 0.6233 0.61465
vt 0.62301 0.61483
vt 0.60237 0.61483
vt 0.28701 0.06015
vt 0.28701 0.03843
vt 0.28734 0.03843
vt 0.28734 0.06015
vt 0.28765 0.03843
vt 0.28765 0.06015
vt 0.28794 0.03843
vt 0.28794 0.06015
vt 0.2882 0.03843
vt 0.2882 0.06015
vt 0.28414 0.05697
vt 0.28749 0.05697
vt 0.28749 0.05533
vt 0.28414 0.05533
vt 0.28749 0.05345
vt 0.28414 0.05345
vt 0.28749 0.05141
vt 0.28414 0.05141
vt 0.28749 0.04929
vt 0.28414 0.04929
vt 0.28749 0.04718
vt 0.28414 0.04718
vt 0.28749 0.04514
vt 0.28414 0.04514
vt 0.28749 0.04326
vt 0.28414 0.04326
vt 0.28749 0.04162
vt 0.28414 0.04162
vt 0.26599 0.06015
vt 0.26599 0.03843
vt 0.287 0.03843
vt 0.26639 0.03865
vt 0.28704 0.03872
vt 0.28776 0.05656
vt 0.28797 0.05547
vt 0.28803 0.05564
vt 0.28782 0.05676
vt 0.28826 0.04595
vt 0.28833 0.04759
vt 0.28841 0.04754
vt 0.28833 0.04586
vt 0.28728 0.05786
vt 0.287 0.05804
vt 0.28701 0.06015
vt 0.28734 0.05994
vt 0.28753 0.05736
vt 0.28765 0.05933
vt 0.28794 0.05832
vt 0.2882 0.05697
vt 0.28813 0.05415
vt 0.28841 0.05533
vt 0.28826 0.05264
vt 0.28856 0.05345
vt 0.28833 0.051
vt 0.28866 0.05141
vt 0.28836 0.04929
vt 0.28869 0.04929
vt 0.28866 0.04718
vt 0.28856 0.04514
vt 0.28813 0.04444
vt 0.28841 0.04326
vt 0.28797 0.04312
vt 0.2882 0.04162
vt 0.28776 0.04203
vt 0.28794 0.04027
vt 0.28753 0.04122
vt 0.28765 0.03926
vt 0.28728 0.04073
vt 0.28734 0.03864
vt 0.287 0.04055
vt 0.28701 0.03844
vt 0.26599 0.05804
vt 0.26599 0.06015
vt 0.26599 0.04055
vt 0.26599 0.03844
vt 0.28749 0.04055
vt 0.28414 0.04055
vt 0.28414 0.03844
vt 0.28749 0.03844
vt 0.28414 0.05804
vt 0.28749 0.05804
vt 0.28749 0.06015
vt 0.28414 0.06015
vt 0.2882 0.04431
vt 0.2882 0.05428
vt 0.26639 0.04031
vt 0.28704 0.04031
vt 0.28803 0.04295
vt 0.26639 0.06003
vt 0.28833 0.05273
vt 0.28782 0.04183
vt 0.28841 0.05104
vt 0.28758 0.041
vt 0.287 0.06015
vt 0.28728 0.06015
vt 0.28732 0.05986
vt 0.28704 0.05986
vt 0.28844 0.04929
vt 0.28728 0.03843
vt 0.28732 0.03872
vt 0.28732 0.04049
vt 0.28758 0.05759
vt 0.28732 0.0581
vt 0.28704 0.05828
vt 0.26639 0.05828
vt 0.36816 0.37285
vt 0.40173 0.39838
vt 0.36816 0.39838
vt 0.4022 0.39812
vt 0.40262 0.3974
vt 0.40301 0.39622
vt 0.40335 0.39463
vt 0.40363 0.3927
vt 0.40384 0.3905
vt 0.40397 0.3881
vt 0.40401 0.38562
vt 0.40397 0.38313
vt 0.40384 0.38074
vt 0.40363 0.37853
vt 0.40335 0.3766
vt 0.40301 0.37501
vt 0.40262 0.37384
vt 0.4022 0.37311
vt 0.40173 0.37285
usemtl mat0
f 227/130/78 228/131/78 229/132/78
f 227/130/78 229/132/78 230/133/78
f 230/133/79 229/132/79 231/134/79
f 230/133/79 231/134/79 232/135/79
f 232/135/80 231/134/80 233/136/80
f 232/135/80 233/136/80 234/137/80
f 234/137/81 233/136/81 235/138/81
f 234/137/81 235/138/81 236/139/81
f 237/140/82 238/141/82 239/142/82
f 237/140/82 239/142/82 240/143/82
f 240/143/83 239/142/83 241/144/83
f 240/143/83 241/144/83 242/145/83
f 242/145/84 241/144/84 243/146/84
f 242/145/84 243/146/84 244/147/84
f 244/147/85 243/146/85 245/148/85
f 244/147/85 245/148/85 246/149/85
f 246/149/86 245/148/86 247/150/86
f 246/149/86 247/150/86 248/151/86
f 248/151/87 247/150/87 249/152/87
f 248/151/87 249/152/87 250/153/87
f 250/153/88 249/152/88 251/154/88
f 250/153/88 251/154/88 252/155/88
f 252/155/89 251/154/89 253/156/89
f 252/155/89 253/156/89 254/157/89
f 255/139/90 256/138/90 257/136/90
f 255/139/90 257/136/90 258/137/90
f 258/137/91 257/136/91 259/134/91
f 258/137/91 259/134/91 260/135/91
f 260/135/92 259/134/92 261/132/92
f 260/135/92 261/132/92 262/133/92
f 262/133/93 261/132/93 263/131/93
f 262/133/93 263/131/93 264/130/93
f 228/131/94 227/130/94 265/158/94
f 228/131/94 265/158/94 266/159/94
f 264/130/95 263/131/95 267/159/95
f 264/130/95 267/159/95 268/158/95
f 269/160/96 270/159/96 271/161/96
f 269/160/96 271/161/96 272/162/96
f 273/163/97 274/164/97 275/165/97
f 273/163/97 275/165/97 276/166/97
f 277/167/98 278/168/98 279/169/98
f 277/167/98 279/169/98 280/170/98
f 281/171/99 282/172/99 283/173/99
f 281/171/99 283/173/99 284/174/99
f 285/172/100 286/171/100 287/174/100
f 285/172/100 287/174/100 288/173/100
f 289/175/99 281/171/99 284/174/99
f 289/175/99 284/174/99 290/176/99
f 286/171/100 291/175/100 292/176/100
f 286/171/100 292/176/100 287/174/100
f 273/163/99 289/175/99 290/176/99
f 273/163/99 290/176/99 293/177/99
f 291/175/100 294/163/100 295/177/100
f 291/175/100 295/177/100 292/176/100
f 274/164/99 273/163/99 293/177/99
f 274/164/99 293/177/99 296/178/99
f 294/163/100 297/164/100 298/178/100
f 294/163/100 298/178/100 295/177/100
f 299/179/99 274/164/99 296/178/99
f 299/179/99 296/178/99 300/180/99
f 297/164/100 301/179/100 302/180/100
f 297/164/100 302/180/100 298/178/100
f 303/181/99 299/179/99 300/180/99
f 303/181/99 300/180/99 304/182/99
f 301/179/100 305/181/100 306/182/100
f 301/179/100 306/182/100 302/180/100
f 307/183/99 303/181/99 304/182/99
f 307/183/99 304/182/99 308/184/99
f 305/181/100 309/183/100 310/184/100
f 305/181/100 310/184/100 306/182/100
f 311/185/99 307/183/99 308/184/99
f 311/185/99 308/184/99 312/186/99
f 309/183/100 313/185/100 314/186/100
f 309/183/100 314/186/100 310/184/100
f 315/168/99 311/185/99 312/186/99
f 315/168/99 312/186/99 316/187/99
f 313/185/100 278/168/100 317/187/100
f 313/185/100 317/187/100 314/186/100
f 318/167/99 315/168/99 316/187/99
f 318/167/99 316/187/99 319/188/99
f 278/168/100 277/167/100 320/188/100
f 278/168/100 320/188/100 317/187/100
f 321/189/99 318/167/99 319/188/99
f 321/189/99 319/188/99 322/190/99
f 277/167/100 323/189/100 324/190/100
f 277/167/100 324/190/100 320/188/100
f 325/191/99 321/189/99 322/190/99
f 325/191/99 322/190/99 326/192/99
f 323/189/100 327/191/100 328/192/100
f 323/189/100 328/192/100 324/190/100
f 329/193/99 325/191/99 326/192/99
f 329/193/99 326/192/99 330/194/99
f 327/191/100 331/193/100 332/194/100
f 327/191/100 332/194/100 328/192/100
f 333/195/99 329/193/99 330/194/99
f 333/195/99 330/194/99 334/196/99
f 331/193/100 335/195/100 336/196/100
f 331/193/100 336/196/100 332/194/100
f 337/197/99 333/195/99 334/196/99
f 337/197/99 334/196/99 338/198/99
f 335/195/100 339/197/100 340/198/100
f 335/195/100 340/198/100 336/196/100
f 341/199/99 337/197/99 338/198/99
f 341/199/99 338/198/99 342/200/99
f 339/197/100 343/199/100 344/200/100
f 339/197/100 344/200/100 340/198/100
f 282/172/99 345/201/99 346/202/99
f 282/172/99 346/202/99 283/173/99
f 347/201/100 285/172/100 288/173/100
f 347/201/100 288/173/100 348/202/100
f 343/199/100 349/203/100 350/204/100
f 343/199/100 350/204/100 344/200/100
f 351/203/99 341/199/99 342/200/99
f 351/203/99 342/200/99 352/204/99
f 353/205/101 354/206/101 355/207/101
f 353/205/101 355/207/101 356/208/101
f 357/209/101 358/210/101 359/211/101
f 357/209/101 359/211/101 360/212/101
f 361/213/101 362/214/101 363/215/101
f 361/213/101 363/215/101 364/216/101
f 318/167/102 321/189/102 365/217/102
f 318/167/102 365/217/102 366/170/102
f 297/164/103 294/163/103 367/166/103
f 297/164/103 367/166/103 368/165/103
f 369/159/104 370/160/104 371/162/104
f 369/159/104 371/162/104 372/161/104
f 323/189/105 277/167/105 280/170/105
f 323/189/105 280/170/105 373/217/105
f 274/164/106 299/179/106 374/218/106
f 274/164/106 374/218/106 275/165/106
f 341/199/107 351/203/108 375/219/108
f 341/199/107 375/219/108 376/220/107
f 321/189/109 325/191/109 377/221/109
f 321/189/109 377/221/109 365/217/109
f 301/179/110 297/164/110 368/165/110
f 301/179/110 368/165/110 378/218/110
f 379/158/111 369/159/111 372/161/111
f 379/158/111 372/161/111 380/222/111
f 327/191/112 323/189/112 373/217/112
f 327/191/112 373/217/112 381/221/112
f 299/179/113 303/181/113 382/223/113
f 299/179/113 382/223/113 374/218/113
f 270/159/114 383/158/114 384/222/114
f 270/159/114 384/222/114 271/161/114
f 325/191/115 329/193/115 385/224/115
f 325/191/115 385/224/115 377/221/115
f 305/181/116 301/179/116 378/218/116
f 305/181/116 378/218/116 386/223/116
f 331/193/117 327/191/117 381/221/117
f 331/193/117 381/221/117 387/224/117
f 303/181/118 307/183/118 388/225/118
f 303/181/118 388/225/118 382/223/118
f 329/193/119 333/195/119 389/226/119
f 329/193/119 389/226/119 385/224/119
f 309/183/120 305/181/120 386/223/120
f 309/183/120 386/223/120 390/225/120
f 391/227/121 392/228/121 393/229/121
f 391/227/121 393/229/121 394/230/121
f 335/195/122 331/193/122 387/224/122
f 335/195/122 387/224/122 395/226/122
f 307/183/123 311/185/123 396/231/123
f 307/183/123 396/231/123 388/225/123
f 397/232/124 269/160/124 272/162/124
f 397/232/124 272/162/124 398/233/124
f 333/195/125 337/197/125 399/234/125
f 333/195/125 399/234/125 389/226/125
f 313/185/126 309/183/126 390/225/126
f 313/185/126 390/225/126 400/231/126
f 281/171/127 289/175/127 401/235/127
f 281/171/127 401/235/127 402/236/127
f 339/197/128 335/195/128 395/226/128
f 339/197/128 395/226/128 403/234/128
f 311/185/129 315/168/129 404/169/129
f 311/185/130 404/169/130 396/231/130
f 291/175/131 286/171/131 405/236/131
f 291/175/131 405/236/131 406/235/131
f 407/228/132 408/227/132 409/230/132
f 407/228/132 409/230/132 410/229/132
f 278/168/133 313/185/133 400/231/133
f 278/168/133 400/231/133 279/169/133
f 289/175/134 273/163/134 276/166/134
f 289/175/134 276/166/134 401/235/134
f 370/160/135 411/232/135 412/233/135
f 370/160/135 412/233/135 371/162/135
f 315/168/136 318/167/136 366/170/136
f 315/168/136 366/170/136 404/169/136
f 294/163/137 291/175/137 406/235/137
f 294/163/137 406/235/137 367/166/137
f 345/201/138 282/172/139 413/237/140
f 345/201/138 413/237/140 414/238/138
f 415/239/78 416/240/78 417/241/78
f 415/239/78 417/241/78 418/242/78
f 418/242/79 417/241/79 419/243/79
f 418/242/79 419/243/79 420/244/79
f 420/244/80 419/243/80 421/245/80
f 420/244/80 421/245/80 422/246/80
f 422/246/81 421/245/81 423/247/81
f 422/246/81 423/247/81 424/248/81
f 425/249/82 426/250/82 427/251/82
f 425/249/82 427/251/82 428/252/82
f 428/252/83 427/251/83 429/253/83
f 428/252/83 429/253/83 430/254/83
f 430/254/84 429/253/84 431/255/84
f 430/254/84 431/255/84 432/256/84
f 432/256/85 431/255/85 433/257/85
f 432/256/85 433/257/85 434/258/85
f 434/258/86 433/257/86 435/259/86
f 434/258/86 435/259/86 436/260/86
f 436/260/87 435/259/87 437/261/87
f 436/260/87 437/261/87 438/262/87
f 438/262/88 437/261/88 439/263/88
f 438/262/88 439/263/88 440/264/88
f 440/264/89 439/263/89 441/265/89
f 440/264/89 441/265/89 442/266/89
f 443/248/90 444/247/90 445/245/90
f 443/248/90 445/245/90 446/246/90
f 446/246/91 445/245/91 447/243/91
f 446/246/91 447/243/91 448/244/91
f 448/244/92 447/243/92 449/241/92
f 448/244/92 449/241/92 450/242/92
f 450/242/93 449/241/93 451/240/93
f 450/242/93 451/240/93 452/239/93
f 416/240/94 415/239/94 453/267/94
f 416/240/94 453/267/94 454/268/94
f 452/239/95 451/240/95 455/268/95
f 452/239/95 455/268/95 456/267/95
f 457/269/96 458/268/96 459/270/96
f 457/269/96 459/270/96 460/271/96
f 461/272/97 462/273/97 463/274/97
f 461/272/97 463/274/97 464/275/97
f 465/276/98 466/277/98 467/278/98
f 465/276/98 467/278/98 468/279/98
f 469/280/99 470/281/99 471/282/99
f 469/280/99 471/282/99 472/283/99
f 473/281/100 474/280/100 475/283/100
f 473/281/100 475/283/100 476/282/100
f 477/284/99 469/280/99 472/283/99
f 477/284/99 472/283/99 478/285/99
f 474/280/100 479/284/100 480/285/100
f 474/280/100 480/285/100 475/283/100
f 461/272/99 477/284/99 478/285/99
f 461/272/99 478/285/99 481/286/99
f 479/284/100 482/272/100 483/286/100
f 479/284/100 483/286/100 480/285/100
f 462/273/99 461/272/99 481/286/99
f 462/273/99 481/286/99 484/287/99
f 482/272/100 485/273/100 486/287/100
f 482/272/100 486/287/100 483/286/100
f 487/288/99 462/273/99 484/287/99
f 487/288/99 484/287/99 488/289/99
f 485/273/100 489/288/100 490/289/100
f 485/273/100 490/289/100 486/287/100
f 491/290/99 487/288/99 488/289/99
f 491/290/99 488/289/99 492/291/99
f 489/288/100 493/290/100 494/291/100
f 489/288/100 494/291/100 490/289/100
f 495/292/99 491/290/99 492/291/99
f 495/292/99 492/291/99 496/293/99
f 493/290/100 497/292/100 498/293/100
f 493/290/100 498/293/100 494/291/100
f 499/294/99 495/292/99 496/293/99
f 499/294/99 496/293/99 500/295/99
f 497/292/100 501/294/100 502/295/100
f 497/292/100 502/295/100 498/293/100
f 503/277/99 499/294/99 500/295/99
f 503/277/99 500/295/99 504/296/99
f 501/294/100 466/277/100 505/296/100
f 501/294/100 505/296/100 502/295/100
f 506/276/99 503/277/99 504/296/99
f 506/276/99 504/296/99 507/297/99
f 466/277/100 465/276/100 508/297/100
f 466/277/100 508/297/100 505/296/100
f 509/298/99 506/276/99 507/297/99
f 509/298/99 507/297/99 510/299/99
f 465/276/100 511/298/100 512/299/100
f 465/276/100 512/299/100 508/297/100
f 513/300/99 509/298/99 510/299/99
f 513/300/99 510/299/99 514/301/99
f 511/298/100 515/300/100 516/301/100
f 511/298/100 516/301/100 512/299/100
f 517/302/99 513/300/99 514/301/99
f 517/302/99 514/301/99 518/303/99
f 515/300/100 519/302/100 520/303/100
f 515/300/100 520/303/100 516/301/100
f 521/304/99 517/302/99 518/303/99
f 521/304/99 518/303/99 522/305/99
f 519/302/100 523/304/100 524/305/100
f 519/302/100 524/305/100 520/303/100
f 525/306/99 521/304/99 522/305/99
f 525/306/99 522/305/99 526/307/99
f 523/304/100 527/306/100 528/307/100
f 523/304/100 528/307/100 524/305/100
f 529/308/99 525/306/99 526/307/99
f 529/308/99 526/307/99 530/309/99
f 527/306/100 531/308/100 532/309/100
f 527/306/100 532/309/100 528/307/100
f 470/281/99 533/310/99 534/311/99
f 470/281/99 534/311/99 471/282/99
f 535/310/100 473/281/100 476/282/100
f 535/310/100 476/282/100 536/311/100
f 531/308/100 537/312/100 538/313/100
f 531/308/100 538/313/100 532/309/100
f 539/312/99 529/308/99 530/309/99
f 539/312/99 530/309/99 540/313/99
f 541/314/101 542/315/101 543/316/101
f 541/314/101 543/316/101 544/317/101
f 545/318/101 546/319/101 547/320/101
f 545/318/101 547/320/101 548/321/101
f 549/213/101 550/214/101 551/215/101
f 549/213/101 551/215/101 552/216/101
f 506/276/102 509/298/102 553/322/102
f 506/276/102 553/322/102 554/279/102
f 485/273/141 482/272/141 555/275/141
f 485/273/103 555/275/103 556/274/103
f 557/268/104 558/269/104 559/271/104
f 557/268/104 559/271/104 560/270/104
f 511/298/105 465/276/105 468/279/105
f 511/298/105 468/279/105 561/322/105
f 462/273/106 487/288/106 562/323/106
f 462/273/106 562/323/106 463/274/106
f 529/308/142 539/312/108 563/324/108
f 529/308/142 563/324/108 564/325/107
f 509/298/109 513/300/109 565/326/109
f 509/298/109 565/326/109 553/322/109
f 489/288/110 485/273/110 556/274/110
f 489/288/110 556/274/110 566/323/110
f 567/267/111 557/268/111 560/270/111
f 567/267/111 560/270/111 568/327/111
f 515/300/112 511/298/112 561/322/112
f 515/300/112 561/322/112 569/326/112
f 487/288/113 491/290/113 570/328/113
f 487/288/113 570/328/113 562/323/113
f 458/268/114 571/267/114 572/327/114
f 458/268/114 572/327/114 459/270/114
f 513/300/143 517/302/143 573/329/143
f 513/300/144 573/329/144 565/326/144
f 493/290/145 489/288/145 566/323/145
f 493/290/145 566/323/145 574/328/145
f 519/302/117 515/300/117 569/326/117
f 519/302/117 569/326/117 575/329/117
f 491/290/118 495/292/118 576/330/118
f 491/290/118 576/330/118 570/328/118
f 517/302/119 521/304/119 577/331/119
f 517/302/119 577/331/119 573/329/119
f 497/292/120 493/290/120 574/328/120
f 497/292/120 574/328/120 578/330/120
f 579/332/121 580/333/121 581/334/121
f 579/332/121 581/334/121 582/335/121
f 523/304/122 519/302/122 575/329/122
f 523/304/122 575/329/122 583/331/122
f 495/292/123 499/294/123 584/336/123
f 495/292/123 584/336/123 576/330/123
f 585/337/146 457/269/146 460/271/146
f 585/337/146 460/271/146 586/338/146
f 521/304/125 525/306/125 587/339/125
f 521/304/125 587/339/125 577/331/125
f 501/294/126 497/292/126 578/330/126
f 501/294/126 578/330/126 588/336/126
f 469/280/127 477/284/127 589/340/127
f 469/280/127 589/340/127 590/341/127
f 527/306/128 523/304/128 583/331/128
f 527/306/128 583/331/128 591/339/128
f 499/294/129 503/277/129 592/278/129
f 499/294/129 592/278/129 584/336/129
f 479/284/131 474/280/131 593/341/131
f 479/284/131 593/341/131 594/340/131
f 595/333/132 596/332/132 597/335/132
f 595/333/132 597/335/132 598/334/132
f 466/277/133 501/294/133 588/336/133
f 466/277/133 588/336/133 467/278/133
f 477/284/134 461/272/134 464/275/134
f 477/284/134 464/275/134 589/340/134
f 558/269/135 599/337/135 600/338/135
f 558/269/147 600/338/147 559/271/147
f 503/277/136 506/276/136 554/279/136
f 503/277/136 554/279/136 592/278/136
f 482/272/137 479/284/137 594/340/137
f 482/272/137 594/340/137 555/275/137
f 533/310/138 470/281/139 601/342/140
f 533/310/138 601/342/140 602/343/138
f 603/344/78 604/345/78 605/346/78
f 603/344/78 605/346/78 606/347/78
f 606/347/79 605/346/79 607/348/79
f 606/347/79 607/348/79 608/349/79
f 608/349/80 607/348/80 609/350/80
f 608/349/80 609/350/80 610/351/80
f 610/351/81 609/350/81 611/352/81
f 610/351/81 611/352/81 612/353/81
f 613/354/82 614/355/82 615/356/82
f 613/354/82 615/356/82 616/357/82
f 616/357/83 615/356/83 617/358/83
f 616/357/83 617/358/83 618/359/83
f 618/359/84 617/358/84 619/360/84
f 618/359/84 619/360/84 620/361/84
f 620/361/85 619/360/85 621/362/85
f 620/361/85 621/362/85 622/363/85
f 622/363/86 621/362/86 623/364/86
f 622/363/86 623/364/86 624/365/86
f 624/365/87 623/364/87 625/366/87
f 624/365/87 625/366/87 626/367/87
f 626/367/88 625/366/88 627/368/88
f 626/367/88 627/368/88 628/369/88
f 628/369/89 627/368/89 629/370/89
f 628/369/89 629/370/89 630/371/89
f 631/353/90 632/352/90 633/350/90
f 631/353/90 633/350/90 634/351/90
f 634/351/91 633/350/91 635/348/91
f 634/351/91 635/348/91 636/349/91
f 636/349/92 635/348/92 637/346/92
f 636/349/92 637/346/92 638/347/92
f 638/347/93 637/346/93 639/345/93
f 638/347/93 639/345/93 640/344/93
f 604/345/94 603/344/94 641/372/94
f 604/345/94 641/372/94 642/373/94
f 640/344/95 639/345/95 643/373/95
f 640/344/95 643/373/95 644/372/95
f 645/374/96 646/373/96 647/375/96
f 645/374/96 647/375/96 648/376/96
f 649/377/97 650/378/97 651/379/97
f 649/377/97 651/379/97 652/380/97
f 653/381/98 654/382/98 655/383/98
f 653/381/98 655/383/98 656/384/98
f 657/385/99 658/386/99 659/387/99
f 657/385/99 659/387/99 660/388/99
f 661/386/100 662/385/100 663/388/100
f 661/386/100 663/388/100 664/387/100
f 665/389/99 657/385/99 660/388/99
f 665/389/99 660/388/99 666/390/99
f 662/385/100 667/389/100 668/390/100
f 662/385/100 668/390/100 663/388/100
f 649/377/99 665/389/99 666/390/99
f 649/377/99 666/390/99 669/391/99
f 667/389/100 670/377/100 671/391/100
f 667/389/100 671/391/100 668/390/100
f 650/378/99 649/377/99 669/391/99
f 650/378/99 669/391/99 672/392/99
f 670/377/100 673/378/100 674/392/100
f 670/377/100 674/392/100 671/391/100
f 675/393/99 650/378/99 672/392/99
f 675/393/99 672/392/99 676/394/99
f 673/378/100 677/393/100 678/394/100
f 673/378/100 678/394/100 674/392/100
f 679/395/99 675/393/99 676/394/99
f 679/395/99 676/394/99 680/396/99
f 677/393/100 681/395/100 682/396/100
f 677/393/100 682/396/100 678/394/100
f 683/397/99 679/395/99 680/396/99
f 683/397/99 680/396/99 684/398/99
f 681/395/100 685/397/100 686/398/100
f 681/395/100 686/398/100 682/396/100
f 687/399/99 683/397/99 684/398/99
f 687/399/99 684/398/99 688/400/99
f 685/397/100 689/399/100 690/400/100
f 685/397/100 690/400/100 686/398/100
f 691/382/99 687/399/99 688/400/99
f 691/382/99 688/400/99 692/401/99
f 689/399/100 654/382/100 693/401/100
f 689/399/100 693/401/100 690/400/100
f 694/381/99 691/382/99 692/401/99
f 694/381/99 692/401/99 695/402/99
f 654/382/100 653/381/100 696/402/100
f 654/382/100 696/402/100 693/401/100
f 697/403/99 694/381/99 695/402/99
f 697/403/99 695/402/99 698/404/99
f 653/381/100 699/403/100 700/404/100
f 653/381/100 700/404/100 696/402/100
f 701/405/99 697/403/99 698/404/99
f 701/405/99 698/404/99 702/406/99
f 699/403/100 703/405/100 704/406/100
f 699/403/100 704/406/100 700/404/100
f 705/407/99 701/405/99 702/406/99
f 705/407/99 702/406/99 706/408/99
f 703/405/100 707/407/100 708/408/100
f 703/405/100 708/408/100 704/406/100
f 709/409/99 705/407/99 706/408/99
f 709/409/99 706/408/99 710/410/99
f 707/407/100 711/409/100 712/410/100
f 707/407/100 712/410/100 708/408/100
f 713/411/99 709/409/99 710/410/99
f 713/411/99 710/410/99 714/412/99
f 711/409/100 715/411/100 716/412/100
f 711/409/100 716/412/100 712/410/100
f 717/413/99 713/411/99 714/412/99
f 717/413/99 714/412/99 718/414/99
f 715/411/100 719/413/100 720/414/100
f 715/411/100 720/414/100 716/412/100
f 658/386/99 721/415/99 722/416/99
f 658/386/99 722/416/99 659/387/99
f 723/415/100 661/386/100 664/387/100
f 723/415/100 664/387/100 724/416/100
f 719/413/100 725/417/100 726/418/100
f 719/413/100 726/418/100 720/414/100
f 727/417/99 717/413/99 718/414/99
f 727/417/99 718/414/99 728/418/99
f 729/419/101 730/420/101 731/421/101
f 729/419/101 731/421/101 732/422/101
f 733/423/101 734/424/101 735/425/101
f 733/423/101 735/425/101 736/426/101
f 737/213/101 738/214/101 739/215/101
f 737/213/101 739/215/101 740/216/101
f 694/381/102 697/403/102 741/427/102
f 694/381/102 741/427/102 742/384/102
f 673/378/103 670/377/103 743/380/103
f 673/378/103 743/380/103 744/379/103
f 745/373/104 746/374/104 747/376/104
f 745/373/104 747/376/104 748/375/104
f 699/403/105 653/381/105 656/384/105
f 699/403/105 656/384/105 749/427/105
f 650/378/148 675/393/148 750/428/148
f 650/378/106 750/428/106 651/379/106
f 717/413/107 727/417/108 751/429/108
f 717/413/107 751/429/108 752/430/107
f 697/403/109 701/405/109 753/431/109
f 697/403/109 753/431/109 741/427/109
f 677/393/110 673/378/110 744/379/110
f 677/393/110 744/379/110 754/428/110
f 755/372/111 745/373/111 748/375/111
f 755/372/111 748/375/111 756/432/111
f 703/405/112 699/403/112 749/427/112
f 703/405/112 749/427/112 757/431/112
f 675/393/113 679/395/113 758/433/113
f 675/393/113 758/433/113 750/428/113
f 646/373/114 759/372/114 760/432/114
f 646/373/114 760/432/114 647/375/114
f 701/405/115 705/407/115 761/434/115
f 701/405/115 761/434/115 753/431/115
f 681/395/116 677/393/116 754/428/116
f 681/395/116 754/428/116 762/433/116
f 707/407/117 703/405/117 757/431/117
f 707/407/117 757/431/117 763/434/117
f 679/395/118 683/397/118 764/435/118
f 679/395/118 764/435/118 758/433/118
f 705/407/119 709/409/119 765/436/119
f 705/407/119 765/436/119 761/434/119
f 685/397/120 681/395/120 762/433/120
f 685/397/120 762/433/120 766/435/120
f 767/437/121 768/438/121 769/439/121
f 767/437/121 769/439/121 770/440/121
f 711/409/122 707/407/122 763/434/122
f 711/409/122 763/434/122 771/436/122
f 683/397/123 687/399/123 772/441/123
f 683/397/123 772/441/123 764/435/123
f 773/442/146 645/374/146 648/376/146
f 773/442/146 648/376/146 774/443/146
f 709/409/125 713/411/125 775/444/125
f 709/409/125 775/444/125 765/436/125
f 689/399/126 685/397/126 766/435/126
f 689/399/126 766/435/126 776/441/126
f 657/385/127 665/389/127 777/445/127
f 657/385/149 777/445/149 778/446/149
f 715/411/128 711/409/128 771/436/128
f 715/411/128 771/436/128 779/444/128
f 687/399/129 691/382/129 780/383/129
f 687/399/130 780/383/130 772/441/130
f 667/389/131 662/385/131 781/446/131
f 667/389/131 781/446/131 782/445/131
f 783/438/132 784/437/132 785/440/132
f 783/438/132 785/440/132 786/439/132
f 654/382/133 689/399/133 776/441/133
f 654/382/133 776/441/133 655/383/133
f 665/389/134 649/377/134 652/380/134
f 665/389/134 652/380/134 777/445/134
f 746/374/135 787/442/135 788/443/135
f 746/374/135 788/443/135 747/376/135
f 691/382/136 694/381/136 742/384/136
f 691/382/136 742/384/136 780/383/136
f 670/377/137 667/389/137 782/445/137
f 670/377/137 782/445/137 743/380/137
f 721/415/138 658/386/139 789/447/140
f 721/415/138 789/447/140 790/448/138
f 791/449/78 792/450/78 793/451/78
f 791/449/78 793/451/78 794/452/78
f 794/452/79 793/451/79 795/453/79
f 794/452/79 795/453/79 796/454/79
f 796/454/80 795/453/80 797/455/80
f 796/454/80 797/455/80 798/456/80
f 798/456/81 797/455/81 799/457/81
f 798/456/81 799/457/81 800/458/81
f 801/459/82 802/460/82 803/461/82
f 801/459/82 803/461/82 804/462/82
f 804/462/83 803/461/83 805/463/83
f 804/462/83 805/463/83 806/464/83
f 806/464/84 805/463/84 807/465/84
f 806/464/84 807/465/84 808/466/84
f 808/466/85 807/465/85 809/467/85
f 808/466/85 809/467/85 810/468/85
f 810/468/86 809/467/86 811/469/86
f 810/468/86 811/469/86 812/470/86
f 812/470/87 811/469/87 813/471/87
f 812/470/87 813/471/87 814/472/87
f 814/472/88 813/471/88 815/473/88
f 814/472/88 815/473/88 816/474/88
f 816/474/89 815/473/89 817/475/89
f 816/474/89 817/475/89 818/476/89
f 819/458/90 820/457/90 821/455/90
f 819/458/90 821/455/90 822/456/90
f 822/456/91 821/455/91 823/453/91
f 822/456/91 823/453/91 824/454/91
f 824/454/92 823/453/92 825/451/92
f 824/454/92 825/451/92 826/452/92
f 826/452/93 825/451/93 827/450/93
f 826/452/93 827/450/93 828/449/93
f 792/450/94 791/449/94 829/477/94
f 792/450/94 829/477/94 830/478/94
f 828/449/95 827/450/95 831/478/95
f 828/449/95 831/478/95 832/477/95
f 833/479/96 834/478/96 835/480/96
f 833/479/96 835/480/96 836/481/150
f 837/482/97 838/483/97 839/484/97
f 837/482/97 839/484/97 840/485/97
f 841/486/98 842/487/98 843/488/98
f 841/486/98 843/488/98 844/489/98
f 845/490/99 846/491/99 847/492/99
f 845/490/99 847/492/99 848/493/99
f 849/491/100 850/490/100 851/493/100
f 849/491/100 851/493/100 852/492/100
f 853/494/99 845/490/99 848/493/99
f 853/494/99 848/493/99 854/495/99
f 850/490/100 855/494/100 856/495/100
f 850/490/100 856/495/100 851/493/100
f 837/482/99 853/494/99 854/495/99
f 837/482/99 854/495/99 857/496/99
f 855/494/100 858/482/100 859/496/100
f 855/494/100 859/496/100 856/495/100
f 838/483/99 837/482/99 857/496/99
f 838/483/99 857/496/99 860/497/99
f 858/482/100 861/483/100 862/497/100
f 858/482/100 862/497/100 859/496/100
f 863/498/99 838/483/99 860/497/99
f 863/498/99 860/497/99 864/499/99
f 861/483/100 865/498/100 866/499/100
f 861/483/100 866/499/100 862/497/100
f 867/500/99 863/498/99 864/499/99
f 867/500/99 864/499/99 868/501/99
f 865/498/100 869/500/100 870/501/100
f 865/498/100 870/501/100 866/499/100
f 871/502/99 867/500/99 868/501/99
f 871/502/99 868/501/99 872/503/99
f 869/500/100 873/502/100 874/503/100
f 869/500/100 874/503/100 870/501/100
f 875/504/99 871/502/99 872/503/99
f 875/504/99 872/503/99 876/505/99
f 873/502/100 877/504/100 878/505/100
f 873/502/100 878/505/100 874/503/100
f 879/487/99 875/504/99 876/505/99
f 879/487/99 876/505/99 880/506/99
f 877/504/100 842/487/100 881/506/100
f 877/504/100 881/506/100 878/505/100
f 882/486/99 879/487/99 880/506/99
f 882/486/99 880/506/99 883/507/99
f 842/487/100 841/486/100 884/507/100
f 842/487/100 884/507/100 881/506/100
f 885/508/99 882/486/99 883/507/99
f 885/508/99 883/507/99 886/509/99
f 841/486/100 887/508/100 888/509/100
f 841/486/100 888/509/100 884/507/100
f 889/510/99 885/508/99 886/509/99
f 889/510/99 886/509/99 890/511/99
f 887/508/100 891/510/100 892/511/100
f 887/508/100 892/511/100 888/509/100
f 893/512/99 889/510/99 890/511/99
f 893/512/99 890/511/99 894/513/99
f 891/510/100 895/512/100 896/513/100
f 891/510/100 896/513/100 892/511/100
f 897/514/99 893/512/99 894/513/99
f 897/514/99 894/513/99 898/515/99
f 895/512/100 899/514/100 900/515/100
f 895/512/100 900/515/100 896/513/100
f 901/516/99 897/514/99 898/515/99
f 901/516/99 898/515/99 902/517/99
f 899/514/100 903/516/100 904/517/100
f 899/514/100 904/517/100 900/515/100
f 905/518/99 901/516/99 902/517/99
f 905/518/99 902/517/99 906/519/99
f 903/516/100 907/518/100 908/519/100
f 903/516/100 908/519/100 904/517/100
f 846/491/99 909/520/99 910/521/99
f 846/491/99 910/521/99 847/492/99
f 911/520/100 849/491/100 852/492/100
f 911/520/100 852/492/100 912/521/100
f 907/518/100 913/522/100 914/523/100
f 907/518/100 914/523/100 908/519/100
f 915/522/99 905/518/99 906/519/99
f 915/522/99 906/519/99 916/523/99
f 917/524/101 918/525/101 919/526/101
f 917/524/101 919/526/101 920/527/101
f 921/528/101 922/529/101 923/530/101
f 921/528/101 923/530/101 924/531/101
f 925/213/101 926/214/101 927/215/101
f 925/213/101 927/215/101 928/216/101
f 882/486/102 885/508/102 929/532/102
f 882/486/102 929/532/102 930/489/102
f 861/483/141 858/482/141 931/485/141
f 861/483/103 931/485/103 932/484/103
f 933/478/104 934/479/104 935/481/104
f 933/478/104 935/481/104 936/480/104
f 887/508/151 841/486/151 844/489/151
f 887/508/105 844/489/105 937/532/105
f 838/483/148 863/498/148 938/533/148
f 838/483/106 938/533/106 839/484/106
f 905/518/107 915/522/108 939/534/108
f 905/518/107 939/534/108 940/535/107
f 885/508/109 889/510/109 941/536/109
f 885/508/109 941/536/109 929/532/109
f 865/498/110 861/483/110 932/484/110
f 865/498/110 932/484/110 942/533/110
f 943/477/111 933/478/111 936/480/111
f 943/477/111 936/480/111 944/537/111
f 891/510/112 887/508/112 937/532/112
f 891/510/112 937/532/112 945/536/112
f 863/498/113 867/500/113 946/538/113
f 863/498/113 946/538/113 938/533/113
f 834/478/114 947/477/114 948/537/114
f 834/478/114 948/537/114 835/480/114
f 889/510/115 893/512/115 949/539/115
f 889/510/115 949/539/115 941/536/115
f 869/500/145 865/498/145 942/533/145
f 869/500/145 942/533/145 950/538/145
f 895/512/117 891/510/117 945/536/117
f 895/512/117 945/536/117 951/539/117
f 867/500/118 871/502/118 952/540/118
f 867/500/152 952/540/152 946/538/152
f 893/512/119 897/514/119 953/541/119
f 893/512/119 953/541/119 949/539/119
f 873/502/120 869/500/120 950/538/120
f 873/502/120 950/538/120 954/540/120
f 955/542/121 956/543/121 957/544/121
f 955/542/121 957/544/121 958/545/121
f 899/514/122 895/512/122 951/539/122
f 899/514/122 951/539/122 959/541/122
f 871/502/123 875/504/123 960/546/123
f 871/502/123 960/546/123 952/540/123
f 961/547/124 833/479/124 836/481/124
f 961/547/146 836/481/146 962/548/146
f 897/514/125 901/516/125 963/549/125
f 897/514/125 963/549/125 953/541/125
f 877/504/126 873/502/126 954/540/126
f 877/504/126 954/540/126 964/546/126
f 845/490/127 853/494/127 965/550/127
f 845/490/149 965/550/149 966/551/149
f 903/516/128 899/514/128 959/541/128
f 903/516/128 959/541/128 967/549/128
f 875/504/129 879/487/129 968/488/129
f 875/504/129 968/488/129 960/546/129
f 855/494/131 850/490/131 969/551/131
f 855/494/131 969/551/131 970/550/131
f 971/543/153 972/542/153 973/545/153
f 971/543/132 973/545/132 974/544/132
f 842/487/133 877/504/133 964/546/133
f 842/487/133 964/546/133 843/488/133
f 853/494/134 837/482/134 840/485/134
f 853/494/134 840/485/134 965/550/134
f 934/479/135 975/547/135 976/548/135
f 934/479/135 976/548/135 935/481/135
f 879/487/136 882/486/136 930/489/136
f 879/487/136 930/489/136 968/488/136
f 858/482/137 855/494/137 970/550/137
f 858/482/154 970/550/154 931/485/154
f 909/520/138 846/491/139 977/552/139
f 909/520/138 977/552/139 978/553/138
f 979/554/155 980/555/155 981/556/155
f 980/555/156 979/554/157 982/557/156
f 982/557/156 979/554/157 983/558/156
f 983/558/156 979/554/157 984/559/157
f 984/559/157 979/554/157 985/560/157
f 985/560/157 979/554/157 986/561/157
f 986/561/158 979/554/158 987/562/158
f 987/562/159 979/554/159 988/563/159
f 988/563/157 979/554/157 989/564/157
f 989/564/160 979/554/160 990/565/160
f 990/565/161 979/554/161 991/566/161
f 991/566/162 979/554/162 992/567/162
f 992/567/163 979/554/163 993/568/163
f 993/568/160 979/554/156 994/569/160
f 994/569/160 979/554/156 995/570/160
f 995/570/160 979/554/156 996/571/156
f 996/571/156 979/554/156 997/572/156
f 998/557/164 999/556/164 1000/555/164
f 999/556/165 998/557/165 1001/554/165
f 1001/554/166 998/557/164 1002/558/164
f 1001/554/166 1002/558/164 1003/559/164
f 1001/554/166 1003/559/164 1004/560/167
f 1001/554/166 1004/560/167 1005/561/164
f 1001/554/166 1005/561/164 1006/562/164
f 1001/554/164 1006/562/164 1007/563/164
f 1001/554/168 1007/563/168 1008/564/168
f 1001/554/166 1008/564/166 1009/565/166
f 1001/554/164 1009/565/164 1010/566/164
f 1001/554/164 1010/566/166 1011/567/164
f 1001/554/164 1011/567/164 1012/568/164
f 1001/554/164 1012/568/164 1013/569/164
f 1001/554/164 1013/569/164 1014/570/166
f 1001/554/164 1014/570/166 1015/571/164
f 1001/554/164 1015/571/164 1016/572/164
f 1017/554/155 1018/555/155 1019/556/155
f 1018/555/156 1017/554/157 1020/557/156
f 1020/557/156 1017/554/157 1021/558/156
f 1021/558/156 1017/554/157 1022/559/157
f 1022/559/157 1017/554/157 1023/560/157
f 1023/560/157 1017/554/157 1024/561/157
f 1024/561/160 1017/554/160 1025/562/160
f 1025/562/159 1017/554/159 1026/563/159
f 1026/563/157 1017/554/157 1027/564/157
f 1027/564/160 1017/554/160 1028/565/160
f 1028/565/161 1017/554/161 1029/566/161
f 1029/566/162 1017/554/162 1030/567/162
f 1030/567/156 1017/554/160 1031/568/161
f 1031/568/161 1017/554/160 1032/569/160
f 1032/569/160 1017/554/160 1033/570/156
f 1033/570/156 1017/554/160 1034/571/156
f 1034/571/156 1017/554/160 1035/572/156
f 1036/557/164 1037/556/164 1038/555/164
f 1037/556/165 1036/557/165 1039/554/165
f 1039/554/167 1036/557/167 1040/558/164
f 1039/554/167 1040/558/164 1041/559/167
f 1039/554/167 1041/559/167 1042/560/167
f 1039/554/167 1042/560/167 1043/561/167
f 1039/554/169 1043/561/169 1044/562/169
f 1039/554/170 1044/562/170 1045/563/170
f 1039/554/167 1045/563/167 1046/564/167
f 1039/554/166 1046/564/166 1047/565/166
f 1039/554/171 1047/565/171 1048/566/171
f 1039/554/166 1048/566/172 1049/567/166
f 1039/554/166 1049/567/166 1050/568/172
f 1039/554/166 1050/568/172 1051/569/164
f 1039/554/166 1051/569/164 1052/570/166
f 1039/554/166 1052/570/166 1053/571/164
f 1039/554/166 1053/571/164 1054/572/164
f 1055/554/155 1056/555/155 1057/556/155
f 1056/555/156 1055/554/156 1058/557/157
f 1058/557/157 1055/554/156 1059/558/157
f 1059/558/157 1055/554/156 1060/559/157
f 1060/559/159 1055/554/159 1061/560/159
f 1061/560/157 1055/554/157 1062/561/157
f 1062/561/158 1055/554/158 1063/562/158
f 1063/562/159 1055/554/159 1064/563/159
f 1064/563/157 1055/554/157 1065/564/157
f 1065/564/160 1055/554/160 1066/565/160
f 1066/565/161 1055/554/161 1067/566/161
f 1067/566/162 1055/554/162 1068/567/162
f 1068/567/160 1055/554/160 1069/568/160
f 1069/568/161 1055/554/160 1070/569/160
f 1070/569/160 1055/554/160 1071/570/156
f 1071/570/156 1055/554/160 1072/571/156
f 1072/571/156 1055/554/160 1073/572/156
f 1074/557/164 1075/556/164 1076/555/164
f 1075/556/165 1074/557/165 1077/554/165
f 1077/554/164 1074/557/164 1078/558/164
f 1077/554/164 1078/558/164 1079/559/164
f 1077/554/164 1079/559/164 1080/560/167
f 1077/554/164 1080/560/167 1081/561/167
f 1077/554/164 1081/561/167 1082/562/164
f 1077/554/164 1082/562/164 1083/563/166
f 1077/554/167 1083/563/167 1084/564/167
f 1077/554/166 1084/564/166 1085/565/166
f 1077/554/164 1085/565/164 1086/566/164
f 1077/554/164 1086/566/164 1087/567/164
f 1077/554/164 1087/567/164 1088/568/164
f 1077/554/164 1088/568/164 1089/569/164
f 1077/554/164 1089/569/164 1090/570/164
f 1077/554/164 1090/570/164 1091/571/164
f 1077/554/164 1091/571/164 1092/572/164
f 1093/554/155 1094/555/155 1095/556/155
f 1094/555/156 1093/554/157 1096/557/157
f 1096/557/157 1093/554/157 1097/558/157
f 1097/558/157 1093/554/157 1098/559/157
f 1098/559/159 1093/554/159 1099/560/159
f 1099/560/157 1093/554/157 1100/561/157
f 1100/561/158 1093/554/158 1101/562/158
f 1101/562/159 1093/554/159 1102/563/159
f 1102/563/157 1093/554/157 1103/564/157
f 1103/564/160 1093/554/160 1104/565/160
f 1104/565/161 1093/554/161 1105/566/161
f 1105/566/162 1093/554/162 1106/567/162
f 1106/567/163 1093/554/163 1107/568/163
f 1107/568/161 1093/554/160 1108/569/160
f 1108/569/160 1093/554/160 1109/570/156
f 1109/570/156 1093/554/160 1110/571/156
f 1110/571/156 1093/554/160 1111/572/156
f 1112/557/164 1113/556/164 1114/555/164
f 1113/556/165 1112/557/165 1115/554/165
f 1115/554/167 1112/557/164 1116/558/164
f 1115/554/167 1116/558/164 1117/559/167
f 1115/554/167 1117/559/167 1118/560/167
f 1115/554/167 1118/560/167 1119/561/164
f 1115/554/169 1119/561/169 1120/562/169
f 1115/554/170 1120/562/170 1121/563/170
f 1115/554/167 1121/563/167 1122/564/167
f 1115/554/166 1122/564/166 1123/565/166
f 1115/554/171 1123/565/171 1124/566/171
f 1115/554/166 1124/566/166 1125/567/166
f 1115/554/166 1125/567/166 1126/568/166
f 1115/554/166 1126/568/166 1127/569/164
f 1115/554/166 1127/569/164 1128/570/166
f 1115/554/166 1128/570/166 1129/571/164
f 1115/554/166 1129/571/164 1130/572/164
# Vertices: 904, normals: 95, texture coordinates: 443, faces: 896

o obj3
v 5.42892026 0.18443356 0.91205481
v 5.42892026 0.66907243 0.91335816
v 5.42370749 0.66907381 0.91284476
v 5.42370748 0.18443494 0.91154141
v 5.41869504 0.6690779 0.91132426
v 5.41869504 0.18443903 0.91002091
v 5.41407553 0.66908454 0.9088551
v 5.41407553 0.18444567 0.90755174
v 5.4100265 0.66909348 0.90553217
v 5.4100265 0.18445461 0.90422881
v 5.4100265 0.18445461 0.90422881
v 5.4100265 0.66909348 0.90553217
v 5.40670354 0.66910437 0.90148316
v 5.40670354 0.18446549 0.9001798
v 5.40423437 0.66911679 0.89686368
v 5.40423436 0.18447792 0.89556032
v 5.40271385 0.66913027 0.89185124
v 5.40271384 0.1844914 0.89054789
v 5.40220042 0.66914429 0.88663849
v 5.40220042 0.18450542 0.88533514
v 5.40271384 0.66915831 0.88142573
v 5.40271383 0.18451944 0.88012238
v 5.40423434 0.66917179 0.8764133
v 5.40423433 0.18453292 0.87510994
v 5.4067035 0.66918421 0.87179381
v 5.4067035 0.18454534 0.87049045
v 5.41002645 0.6691951 0.86774479
v 5.41002645 0.18455623 0.86644144
v 5.41002645 0.18455623 0.86644144
v 5.41002645 0.6691951 0.86774479
v 5.41407547 0.66920404 0.86442185
v 5.41407547 0.18456516 0.8631185
v 5.41869497 0.66921068 0.86195268
v 5.41869497 0.1845718 0.86064932
v 5.42370742 0.66921477 0.86043216
v 5.42370741 0.18457589 0.85912881
v 5.42892019 0.66921615 0.85991874
v 5.42892019 0.18457727 0.85861539
v 5.764117 0.18443356 0.91205436
v 5.764117 0.66907243 0.91335771
v 5.76411693 0.66921615 0.85991829
v 5.76411692 0.18457728 0.85861494
v 5.42917575 0.66908642 0.90815734
v 5.76411699 0.66908642 0.90815689
v 5.75775453 0.66434434 0.90873663
v 5.42855543 0.66266429 0.90873256
v 5.41697894 0.18445735 0.90320649
v 5.41372184 0.18446454 0.90053347
v 5.41267609 0.19089006 0.90096924
v 5.41602285 0.19088268 0.90371585
v 5.40906255 0.66916641 0.87841319
v 5.40783943 0.66915557 0.88244527
v 5.40663174 0.66273534 0.88231266
v 5.40788853 0.66274648 0.87816958
v 5.42472703 0.18444872 0.90641583
v 5.42917575 0.18444755 0.90685398
v 5.42892026 0.18443356 0.91205481
v 5.42370748 0.18443494 0.91154141
v 5.42917575 0.66908642 0.90815734
v 5.42472703 0.6690876 0.90771918
v 5.42370749 0.66907381 0.91284476
v 5.42892026 0.66907243 0.91335816
v 5.42069493 0.18445201 0.90519272
v 5.41869504 0.18443903 0.91002091
v 5.42069493 0.66909089 0.90649607
v 5.41869504 0.6690779 0.91132426
v 5.41407553 0.18444567 0.90755174
v 5.41697894 0.66909623 0.90450984
v 5.41407553 0.66908454 0.9088551
v 5.4100265 0.18445461 0.90422881
v 5.41372184 0.66910342 0.90183683
v 5.4100265 0.66909348 0.90553217
v 5.4110488 0.1844733 0.89727639
v 5.40670354 0.18446549 0.9001798
v 5.41104881 0.66911218 0.89857975
v 5.40670354 0.66910437 0.90148316
v 5.40906255 0.1844833 0.89356041
v 5.40423436 0.18447792 0.89556032
v 5.40906257 0.66912217 0.89486377
v 5.40423437 0.66911679 0.89686368
v 5.40783943 0.18449414 0.88952834
v 5.40271384 0.1844914 0.89054789
v 5.40783944 0.66913302 0.89083169
v 5.40271385 0.66913027 0.89185124
v 5.40742643 0.18450542 0.88533513
v 5.40220042 0.18450542 0.88533514
v 5.40742644 0.66914429 0.88663848
v 5.40220042 0.66914429 0.88663849
v 5.40783942 0.18451669 0.88114191
v 5.40271383 0.18451944 0.88012238
v 5.40271384 0.66915831 0.88142573
v 5.40906253 0.18452754 0.87710983
v 5.40423433 0.18453292 0.87510994
v 5.40423434 0.66917179 0.8764133
v 5.41104877 0.18453753 0.87339385
v 5.4067035 0.18454534 0.87049045
v 5.41104877 0.66917641 0.87469721
v 5.4067035 0.66918421 0.87179381
v 5.4137218 0.18454629 0.87013677
v 5.41002645 0.18455623 0.86644144
v 5.4137218 0.66918517 0.87144012
v 5.41002645 0.6691951 0.86774479
v 5.41697889 0.18455348 0.86746374
v 5.41407547 0.18456516 0.8631185
v 5.4169789 0.66919235 0.86876709
v 5.41407547 0.66920404 0.86442185
v 5.42069488 0.18455882 0.8654775
v 5.41869497 0.1845718 0.86064932
v 5.42069488 0.6691977 0.86678086
v 5.41869497 0.66921068 0.86195268
v 5.42472697 0.18456211 0.86425438
v 5.42370741 0.18457589 0.85912881
v 5.42472697 0.66920099 0.86555774
v 5.42370742 0.66921477 0.86043216
v 5.42917569 0.18456329 0.86381622
v 5.42892019 0.18457727 0.85861539
v 5.4291757 0.66920216 0.86511957
v 5.42892019 0.66921615 0.85991874
v 5.76411699 0.18444755 0.90685353
v 5.764117 0.18443356 0.91205436
v 5.76411699 0.66908642 0.90815689
v 5.764117 0.66907243 0.91335771
v 5.76411693 0.66920216 0.86511912
v 5.76411693 0.66921615 0.85991829
v 5.76411693 0.18456329 0.86381577
v 5.76411692 0.18457728 0.85861494
v 5.76411693 0.66920216 0.86511912
v 5.76411693 0.18456329 0.86381577
v 5.76411692 0.18457728 0.85861494
v 5.76411693 0.66921615 0.85991829
v 5.76411699 0.18444755 0.90685353
v 5.76411699 0.66908642 0.90815689
v 5.764117 0.66907243 0.91335771
v 5.764117 0.18443356 0.91205436
v 5.75775447 0.18715625 0.86323043
v 5.75775447 0.66446327 0.86451407
v 5.75775453 0.66434434 0.90873663
v 5.75775453 0.18703732 0.907453
v 5.40992942 0.19096506 0.87308249
v 5.4078885 0.19095479 0.87690077
v 5.41602285 0.66267437 0.90498465
v 5.41267609 0.66268176 0.90223805
v 5.76411693 0.66920216 0.86511912
v 5.4291757 0.66920216 0.86511957
v 5.42855538 0.66278322 0.86450999
v 5.75775447 0.66446327 0.86451407
v 5.40992943 0.66275675 0.8743513
v 5.40992946 0.19089907 0.8976225
v 5.75775447 0.18715625 0.86323043
v 5.42855537 0.19099153 0.86324119
v 5.41267605 0.19097406 0.86973574
v 5.40992946 0.66269076 0.89889131
v 5.76411693 0.18456329 0.86381577
v 5.75775447 0.18715625 0.86323043
v 5.41267605 0.66276575 0.87100455
v 5.40788852 0.19090933 0.89380422
v 5.76411699 0.18444755 0.90685353
v 5.75775453 0.18703732 0.907453
v 5.4160228 0.19098145 0.86698913
v 5.40788855 0.66270103 0.89507304
v 5.4160228 0.66277314 0.86825793
v 5.40663173 0.19092048 0.88966115
v 5.41984109 0.19098694 0.86494821
v 5.40663175 0.66271217 0.89092995
v 5.42917575 0.18444755 0.90685398
v 5.42472703 0.18444872 0.90641583
v 5.42398424 0.19087381 0.90701354
v 5.42855543 0.1908726 0.90746375
v 5.41984109 0.66277863 0.86621702
v 5.40620736 0.19093206 0.8853525
v 5.42472703 0.6690876 0.90771918
v 5.42398424 0.6626655 0.90828234
v 5.42398418 0.19099032 0.86369142
v 5.40620736 0.66272375 0.8866213
v 5.41984115 0.19087719 0.90575676
v 5.42398424 0.19087381 0.90701354
v 5.42398418 0.66278201 0.86496022
v 5.40663172 0.19094365 0.88104385
v 5.42398424 0.6626655 0.90828234
v 5.41984115 0.66266888 0.90702556
v 5.42472697 0.18456211 0.86425438
v 5.42917569 0.18456329 0.86381622
v 5.42855537 0.19099153 0.86324119
v 5.42398418 0.19099032 0.86369142
v 5.42472697 0.66920099 0.86555774
v 5.42398418 0.66278201 0.86496022
v 5.42855543 0.1908726 0.90746375
v 5.75775453 0.18703732 0.907453
v 5.42892033 0.18428266 0.9681662
v 5.42892034 0.66892153 0.96946955
v 5.42370756 0.66892291 0.96895615
v 5.42370756 0.18428404 0.96765279
v 5.41869511 0.668927 0.96743565
v 5.41869511 0.18428813 0.9661323
v 5.41407561 0.66893364 0.96496648
v 5.41407561 0.18429477 0.96366313
v 5.41002658 0.66894258 0.96164355
v 5.41002658 0.1843037 0.96034019
v 5.41002658 0.1843037 0.96034019
v 5.41002658 0.66894258 0.96164355
v 5.40670362 0.66895347 0.95759455
v 5.40670362 0.18431459 0.95629119
v 5.40423445 0.66896589 0.95297506
v 5.40423443 0.18432702 0.95167171
v 5.40271393 0.66897937 0.94796263
v 5.40271392 0.1843405 0.94665928
v 5.4022005 0.66899339 0.94274987
v 5.4022005 0.18435451 0.94144652
v 5.40271392 0.66900741 0.93753712
v 5.4027139 0.18436853 0.93623377
v 5.40423442 0.66902089 0.93252469
v 5.40423441 0.18438201 0.93122133
v 5.40670358 0.66903331 0.9279052
v 5.40670358 0.18439444 0.92660184
v 5.41002653 0.6690442 0.92385618
v 5.41002653 0.18440533 0.92255282
v 5.41002653 0.18440533 0.92255282
v 5.41002653 0.6690442 0.92385618
v 5.41407555 0.66905314 0.92053323
v 5.41407555 0.18441426 0.91922988
v 5.41869505 0.66905978 0.91806406
v 5.41869504 0.1844209 0.91676071
v 5.42370749 0.66906387 0.91654355
v 5.42370749 0.18442499 0.91524019
v 5.42892026 0.66906525 0.91603013
v 5.42892026 0.18442637 0.91472678
v 5.76411707 0.18428266 0.96816575
v 5.76411707 0.66892153 0.9694691
v 5.764117 0.66906525 0.91602968
v 5.764117 0.18442637 0.91472633
v 5.42917582 0.66893552 0.96426872
v 5.76411707 0.66893552 0.96426827
v 5.75775461 0.66419344 0.96484802
v 5.4285555 0.66251339 0.96484394
v 5.41697902 0.18430645 0.95931788
v 5.41372192 0.18431364 0.95664486
v 5.41267616 0.19073916 0.95708063
v 5.41602292 0.19073178 0.95982724
v 5.40906262 0.66901551 0.93452457
v 5.4078395 0.66900467 0.93855665
v 5.40663181 0.66258444 0.93842404
v 5.4078886 0.66259558 0.93428097
v 5.4247271 0.18429782 0.96252722
v 5.42917582 0.18429664 0.96296537
v 5.42892033 0.18428266 0.9681662
v 5.42370756 0.18428404 0.96765279
v 5.42917582 0.66893552 0.96426872
v 5.4247271 0.6689367 0.96383057
v 5.42370756 0.66892291 0.96895615
v 5.42892034 0.66892153 0.96946955
v 5.42069501 0.18430111 0.96130411
v 5.41869511 0.18428813 0.9661323
v 5.42069501 0.66893999 0.96260746
v 5.41869511 0.668927 0.96743565
v 5.41407561 0.18429477 0.96366313
v 5.41697902 0.66894533 0.96062123
v 5.41407561 0.66893364 0.96496648
v 5.41002658 0.1843037 0.96034019
v 5.41372192 0.66895252 0.95794821
v 5.41002658 0.66894258 0.96164355
v 5.41104888 0.1843224 0.95338778
v 5.40670362 0.18431459 0.95629119
v 5.41104888 0.66896128 0.95469114
v 5.40670362 0.66895347 0.95759455
v 5.40906263 0.18433239 0.9496718
v 5.40423443 0.18432702 0.95167171
v 5.40906264 0.66897127 0.95097516
v 5.40423445 0.66896589 0.95297506
v 5.4078395 0.18434324 0.94563973
v 5.40271392 0.1843405 0.94665928
v 5.40783952 0.66898211 0.94694308
v 5.40271393 0.66897937 0.94796263
v 5.40742651 0.18435451 0.94144652
v 5.4022005 0.18435451 0.94144652
v 5.40742651 0.66899339 0.94274987
v 5.4022005 0.66899339 0.94274987
v 5.40783949 0.18436579 0.9372533
v 5.4027139 0.18436853 0.93623377
v 5.40271392 0.66900741 0.93753712
v 5.40906261 0.18437664 0.93322122
v 5.40423441 0.18438201 0.93122133
v 5.40423442 0.66902089 0.93252469
v 5.41104885 0.18438663 0.92950524
v 5.40670358 0.18439444 0.92660184
v 5.41104885 0.6690255 0.93080859
v 5.40670358 0.66903331 0.9279052
v 5.41372188 0.18439539 0.92624815
v 5.41002653 0.18440533 0.92255282
v 5.41372188 0.66903426 0.92755151
v 5.41002653 0.6690442 0.92385618
v 5.41697897 0.18440258 0.92357513
v 5.41407555 0.18441426 0.91922988
v 5.41697897 0.66904145 0.92487848
v 5.41407555 0.66905314 0.92053323
v 5.42069495 0.18440792 0.92158889
v 5.41869504 0.1844209 0.91676071
v 5.42069496 0.66904679 0.92289224
v 5.41869505 0.66905978 0.91806406
v 5.42472704 0.18441121 0.92036577
v 5.42370749 0.18442499 0.91524019
v 5.42472704 0.66905008 0.92166913
v 5.42370749 0.66906387 0.91654355
v 5.42917577 0.18441239 0.9199276
v 5.42892026 0.18442637 0.91472678
v 5.42917578 0.66905126 0.92123095
v 5.42892026 0.66906525 0.91603013
v 5.76411707 0.18429664 0.96296492
v 5.76411707 0.18428266 0.96816575
v 5.76411707 0.66893552 0.96426827
v 5.76411707 0.66892153 0.9694691
v 5.76411701 0.66905126 0.9212305
v 5.764117 0.66906525 0.91602968
v 5.76411701 0.18441239 0.91992715
v 5.764117 0.18442637 0.91472633
v 5.76411701 0.66905126 0.9212305
v 5.76411701 0.18441239 0.91992715
v 5.764117 0.18442637 0.91472633
v 5.764117 0.66906525 0.91602968
v 5.76411707 0.18429664 0.96296492
v 5.76411707 0.66893552 0.96426827
v 5.76411707 0.66892153 0.9694691
v 5.76411707 0.18428266 0.96816575
v 5.75775455 0.18700535 0.91934182
v 5.75775455 0.66431237 0.92062545
v 5.75775461 0.66419344 0.96484802
v 5.75775461 0.18688642 0.96356438
v 5.4099295 0.19081416 0.92919388
v 5.40788858 0.19080389 0.93301216
v 5.41602292 0.66252347 0.96109604
v 5.41267617 0.66253085 0.95834944
v 5.76411701 0.66905126 0.9212305
v 5.42917578 0.66905126 0.92123095
v 5.42855546 0.66263232 0.92062138
v 5.75775455 0.66431237 0.92062545
v 5.4099295 0.66260585 0.93046268
v 5.40992953 0.19074816 0.95373388
v 5.75775455 0.18700535 0.91934182
v 5.42855544 0.19084063 0.91935258
v 5.41267612 0.19082316 0.92584713
v 5.40992953 0.66253985 0.95500269
v 5.76411701 0.18441239 0.91992715
v 5.75775455 0.18700535 0.91934182
v 5.41267612 0.66261485 0.92711593
v 5.4078886 0.19075843 0.94991561
v 5.76411707 0.18429664 0.96296492
v 5.75775461 0.18688642 0.96356438
v 5.41602287 0.19083055 0.92310052
v 5.40788863 0.66255012 0.95118442
v 5.41602287 0.66262224 0.92436932
v 5.40663181 0.19076957 0.94577254
v 5.41984117 0.19083604 0.9210596
v 5.40663182 0.66256127 0.94704134
v 5.42917582 0.18429664 0.96296537
v 5.4247271 0.18429782 0.96252722
v 5.42398431 0.19072291 0.96312493
v 5.4285555 0.1907217 0.96357514
v 5.41984117 0.66262773 0.9223284
v 5.40620744 0.19078116 0.94146389
v 5.4247271 0.6689367 0.96383057
v 5.42398432 0.6625146 0.96439373
v 5.42398426 0.19083942 0.9198028
v 5.40620744 0.66257285 0.94273269
v 5.41984122 0.19072629 0.96186815
v 5.42398431 0.19072291 0.96312493
v 5.42398426 0.66263111 0.92107161
v 5.4066318 0.19079275 0.93715524
v 5.42398432 0.6625146 0.96439373
v 5.41984122 0.66251798 0.96313695
v 5.42472704 0.18441121 0.92036577
v 5.42917577 0.18441239 0.9199276
v 5.42855544 0.19084063 0.91935258
v 5.42398426 0.19083942 0.9198028
v 5.42472704 0.66905008 0.92166913
v 5.42398426 0.66263111 0.92107161
v 5.4285555 0.1907217 0.96357514
v 5.75775461 0.18688642 0.96356438
v 5.42892041 0.18413176 1.02427758
v 5.42892041 0.66877063 1.02558093
v 5.42370764 0.66877201 1.02506753
v 5.42370764 0.18413314 1.02376418
v 5.41869519 0.6687761 1.02354703
v 5.41869519 0.18413723 1.02224368
v 5.41407568 0.66878274 1.02107787
v 5.41407568 0.18414387 1.01977452
v 5.41002665 0.66879168 1.01775493
v 5.41002665 0.1841528 1.01645158
v 5.41002665 0.1841528 1.01645158
v 5.41002665 0.66879168 1.01775493
v 5.4067037 0.66880257 1.01370594
v 5.40670369 0.18416369 1.01240258
v 5.40423452 0.66881499 1.00908646
v 5.40423451 0.18417611 1.00778309
v 5.40271401 0.66882847 1.00407402
v 5.40271399 0.18418959 1.00277066
v 5.40220057 0.66884249 0.99886126
v 5.40220057 0.18420361 0.99755791
v 5.40271399 0.66885651 0.9936485
v 5.40271398 0.18421763 0.99234515
v 5.4042345 0.66886999 0.98863607
v 5.40423448 0.18423111 0.98733271
v 5.40670366 0.66888241 0.98401658
v 5.40670365 0.18424354 0.98271322
v 5.4100266 0.6688933 0.97996757
v 5.4100266 0.18425442 0.97866422
v 5.4100266 0.18425442 0.97866422
v 5.4100266 0.6688933 0.97996757
v 5.41407562 0.66890224 0.97664462
v 5.41407562 0.18426336 0.97534127
v 5.41869512 0.66890888 0.97417544
v 5.41869512 0.18427 0.97287209
v 5.42370757 0.66891297 0.97265493
v 5.42370757 0.18427409 0.97135158
v 5.42892034 0.66891435 0.97214152
v 5.42892034 0.18427547 0.97083816
v 5.76411715 0.18413176 1.02427713
v 5.76411715 0.66877063 1.02558048
v 5.76411708 0.66891435 0.97214107
v 5.76411708 0.18427547 0.97083771
v 5.4291759 0.66878462 1.0203801
v 5.76411714 0.66878462 1.02037965
v 5.75775469 0.66404254 1.02095941
v 5.42855558 0.66236249 1.02095533
v 5.41697909 0.18415555 1.01542926
v 5.41372199 0.18416274 1.01275624
v 5.41267624 0.19058826 1.01319202
v 5.416023 0.19058087 1.01593863
v 5.4090627 0.66886461 0.99063596
v 5.40783958 0.66885377 0.99466804
v 5.40663189 0.66243354 0.99453543
v 5.40788868 0.66244468 0.99039235
v 5.42472718 0.18414692 1.0186386
v 5.4291759 0.18414574 1.01907675
v 5.42892041 0.18413176 1.02427758
v 5.42370764 0.18413314 1.02376418
v 5.4291759 0.66878462 1.0203801
v 5.42472718 0.6687858 1.01994195
v 5.42370764 0.66877201 1.02506753
v 5.42892041 0.66877063 1.02558093
v 5.42069508 0.18415021 1.0174155
v 5.41869519 0.18413723 1.02224368
v 5.42069508 0.66878909 1.01871885
v 5.41869519 0.6687761 1.02354703
v 5.41407568 0.18414387 1.01977452
v 5.41697909 0.66879443 1.01673262
v 5.41407568 0.66878274 1.02107787
v 5.41002665 0.1841528 1.01645158
v 5.413722 0.66880162 1.01405959
v 5.41002665 0.66879168 1.01775493
v 5.41104896 0.1841715 1.00949916
v 5.40670369 0.18416369 1.01240258
v 5.41104896 0.66881037 1.01080253
v 5.4067037 0.66880257 1.01370594
v 5.40906271 0.18418149 1.00578318
v 5.40423451 0.18417611 1.00778309
v 5.40906272 0.66882037 1.00708655
v 5.40423452 0.66881499 1.00908646
v 5.40783958 0.18419234 1.00175111
v 5.40271399 0.18418959 1.00277066
v 5.40783959 0.66883121 1.00305447
v 5.40271401 0.66882847 1.00407402
v 5.40742659 0.18420361 0.9975579
v 5.40220057 0.18420361 0.99755791
v 5.40742659 0.66884249 0.99886125
v 5.40220057 0.66884249 0.99886126
v 5.40783957 0.18421489 0.99336469
v 5.40271398 0.18421763 0.99234515
v 5.40271399 0.66885651 0.9936485
v 5.40906268 0.18422573 0.98933261
v 5.40423448 0.18423111 0.98733271
v 5.4042345 0.66886999 0.98863607
v 5.41104892 0.18423573 0.98561662
v 5.40670365 0.18424354 0.98271322
v 5.41104892 0.6688746 0.98691998
v 5.40670366 0.66888241 0.98401658
v 5.41372195 0.18424449 0.98235955
v 5.4100266 0.18425442 0.97866422
v 5.41372195 0.66888336 0.9836629
v 5.4100266 0.6688933 0.97996757
v 5.41697905 0.18425168 0.97968652
v 5.41407562 0.18426336 0.97534127
v 5.41697905 0.66889055 0.98098987
v 5.41407562 0.66890224 0.97664462
v 5.42069503 0.18425702 0.97770027
v 5.41869512 0.18427 0.97287209
v 5.42069503 0.66889589 0.97900364
v 5.41869512 0.66890888 0.97417544
v 5.42472712 0.18426031 0.97647715
v 5.42370757 0.18427409 0.97135158
v 5.42472712 0.66889918 0.97778051
v 5.42370757 0.66891297 0.97265493
v 5.42917584 0.18426148 0.97603899
v 5.42892034 0.18427547 0.97083816
v 5.42917585 0.66890036 0.97734235
v 5.42892034 0.66891435 0.97214152
v 5.76411714 0.18414574 1.0190763
v 5.76411715 0.18413176 1.02427713
v 5.76411714 0.66878462 1.02037965
v 5.76411715 0.66877063 1.02558048
v 5.76411708 0.66890036 0.9773419
v 5.76411708 0.66891435 0.97214107
v 5.76411708 0.18426149 0.97603854
v 5.76411708 0.18427547 0.97083771
v 5.76411708 0.66890036 0.9773419
v 5.76411708 0.18426149 0.97603854
v 5.76411708 0.18427547 0.97083771
v 5.76411708 0.66891435 0.97214107
v 5.76411714 0.18414574 1.0190763
v 5.76411714 0.66878462 1.02037965
v 5.76411715 0.66877063 1.02558048
v 5.76411715 0.18413176 1.02427713
v 5.75775462 0.18685445 0.97545321
v 5.75775463 0.66416147 0.97673684
v 5.75775469 0.66404254 1.02095941
v 5.75775468 0.18673552 1.01967577
v 5.40992958 0.19066326 0.98530527
v 5.40788865 0.19065299 0.98912355
v 5.416023 0.66237257 1.01720743
v 5.41267624 0.66237995 1.01446082
v 5.76411708 0.66890036 0.9773419
v 5.42917585 0.66890036 0.97734235
v 5.42855553 0.66248142 0.97673277
v 5.75775463 0.66416147 0.97673684
v 5.40992958 0.66245495 0.98657407
v 5.40992961 0.19059726 1.00984528
v 5.75775462 0.18685445 0.97545321
v 5.42855552 0.19068972 0.97546396
v 5.4126762 0.19067226 0.98195852
v 5.40992961 0.66238895 1.01111408
v 5.76411708 0.18426149 0.97603854
v 5.75775462 0.18685445 0.97545321
v 5.4126762 0.66246395 0.98322732
v 5.40788867 0.19060753 1.006027
v 5.76411714 0.18414574 1.0190763
v 5.75775468 0.18673552 1.01967577
v 5.41602295 0.19067965 0.9792119
v 5.4078887 0.66239922 1.00729581
v 5.41602295 0.66247134 0.98048071
v 5.40663188 0.19061867 1.00188392
v 5.41984124 0.19068513 0.97717098
v 5.4066319 0.66241036 1.00315272
v 5.4291759 0.18414574 1.01907675
v 5.42472718 0.18414692 1.0186386
v 5.42398439 0.19057201 1.01923631
v 5.42855558 0.1905708 1.01968653
v 5.41984124 0.66247682 0.9784398
v 5.40620751 0.19063026 0.99757528
v 5.42472718 0.6687858 1.01994195
v 5.42398439 0.6623637 1.02050511
v 5.42398433 0.19068851 0.9759142
v 5.40620752 0.66242195 0.99884408
v 5.4198413 0.19057539 1.01797953
v 5.42398439 0.19057201 1.01923631
v 5.42398433 0.6624802 0.977183
v 5.40663187 0.19064185 0.99326663
v 5.42398439 0.6623637 1.02050511
v 5.4198413 0.66236708 1.01924833
v 5.42472712 0.18426031 0.97647715
v 5.42917584 0.18426148 0.97603899
v 5.42855552 0.19068972 0.97546396
v 5.42398433 0.19068851 0.9759142
v 5.42472712 0.66889918 0.97778051
v 5.42398433 0.6624802 0.977183
v 5.42855558 0.1905708 1.01968653
v 5.75775468 0.18673552 1.01967577
v 5.42892049 0.18398085 1.08038896
v 5.42892049 0.66861973 1.08169231
v 5.42370771 0.66862111 1.08117891
v 5.42370771 0.18398223 1.07987555
v 5.41869526 0.6686252 1.07965841
v 5.41869526 0.18398632 1.07835506
v 5.41407576 0.66863184 1.07718927
v 5.41407576 0.18399296 1.07588592
v 5.41002673 0.66864078 1.07386633
v 5.41002673 0.1840019 1.07256298
v 5.41002673 0.1840019 1.07256298
v 5.41002673 0.66864078 1.07386633
v 5.40670377 0.66865166 1.06981731
v 5.40670377 0.18401279 1.06851396
v 5.4042346 0.66866409 1.06519783
v 5.40423458 0.18402521 1.06389448
v 5.40271408 0.66867757 1.0601854
v 5.40271407 0.18403869 1.05888205
v 5.40220065 0.66869159 1.05497265
v 5.40220065 0.18405271 1.0536693
v 5.40271407 0.66870561 1.04975989
v 5.40271405 0.18406673 1.04845654
v 5.40423457 0.66871909 1.04474746
v 5.40423456 0.18408021 1.04344411
v 5.40670373 0.66873151 1.04012797
v 5.40670373 0.18409263 1.03882462
v 5.41002668 0.6687424 1.03607895
v 5.41002668 0.18410352 1.03477559
v 5.41002668 0.18410352 1.03477559
v 5.41002668 0.6687424 1.03607895
v 5.4140757 0.66875133 1.03275601
v 5.4140757 0.18411246 1.03145266
v 5.4186952 0.66875798 1.03028684
v 5.4186952 0.1841191 1.02898348
v 5.42370764 0.66876206 1.02876633
v 5.42370764 0.18412319 1.02746297
v 5.42892041 0.66876344 1.0282529
v 5.42892041 0.18412457 1.02694955
v 5.76411722 0.18398085 1.08038851
v 5.76411722 0.66861973 1.08169186
v 5.76411715 0.66876345 1.02825245
v 5.76411715 0.18412457 1.0269491
v 5.42917597 0.66863372 1.0764915
v 5.76411722 0.66863372 1.07649105
v 5.75775476 0.66389164 1.07707079
v 5.42855565 0.66221158 1.07706672
v 5.41697917 0.18400465 1.07154065
v 5.41372207 0.18401184 1.06886763
v 5.41267632 0.19043736 1.0693034
v 5.41602307 0.19042997 1.07205
v 5.40906277 0.66871371 1.04674735
v 5.40783966 0.66870286 1.05077943
v 5.40663196 0.66228264 1.05064682
v 5.40788875 0.66229378 1.04650374
v 5.42472725 0.18399602 1.07475
v 5.42917597 0.18399484 1.07518815
v 5.42892049 0.18398085 1.08038896
v 5.42370771 0.18398223 1.07987555
v 5.42917597 0.66863372 1.0764915
v 5.42472725 0.66863489 1.07605335
v 5.42370771 0.66862111 1.08117891
v 5.42892049 0.66861973 1.08169231
v 5.42069516 0.18399931 1.0735269
v 5.41869526 0.18398632 1.07835506
v 5.42069516 0.66863818 1.07483025
v 5.41869526 0.6686252 1.07965841
v 5.41407576 0.18399296 1.07588592
v 5.41697917 0.66864353 1.072844
v 5.41407576 0.66863184 1.07718927
v 5.41002673 0.1840019 1.07256298
v 5.41372207 0.66865071 1.07017099
v 5.41002673 0.66864078 1.07386633
v 5.41104903 0.1840206 1.06561055
v 5.40670377 0.18401279 1.06851396
v 5.41104903 0.66865947 1.06691391
v 5.40670377 0.66865166 1.06981731
v 5.40906278 0.18403059 1.06189458
v 5.40423458 0.18402521 1.06389448
v 5.40906279 0.66866947 1.06319793
v 5.4042346 0.66866409 1.06519783
v 5.40783965 0.18404143 1.0578625
v 5.40271407 0.18403869 1.05888205
v 5.40783967 0.66868031 1.05916585
v 5.40271408 0.66867757 1.0601854
v 5.40742666 0.18405271 1.05366929
v 5.40220065 0.18405271 1.0536693
v 5.40742666 0.66869159 1.05497264
v 5.40220065 0.66869159 1.05497265
v 5.40783964 0.18406399 1.04947608
v 5.40271405 0.18406673 1.04845654
v 5.40271407 0.66870561 1.04975989
v 5.40906276 0.18407483 1.045444
v 5.40423456 0.18408021 1.04344411
v 5.40423457 0.66871909 1.04474746
v 5.411049 0.18408483 1.04172802
v 5.40670373 0.18409263 1.03882462
v 5.411049 0.6687237 1.04303137
v 5.40670373 0.66873151 1.04012797
v 5.41372203 0.18409358 1.03847092
v 5.41002668 0.18410352 1.03477559
v 5.41372203 0.66873246 1.03977428
v 5.41002668 0.6687424 1.03607895
v 5.41697912 0.18410077 1.0357979
v 5.4140757 0.18411246 1.03145266
v 5.41697912 0.66873965 1.03710125
v 5.4140757 0.66875133 1.03275601
v 5.42069511 0.18410612 1.03381166
v 5.4186952 0.1841191 1.02898348
v 5.42069511 0.66874499 1.03511502
v 5.4186952 0.66875798 1.03028684
v 5.42472719 0.1841094 1.03258854
v 5.42370764 0.18412319 1.02746297
v 5.4247272 0.66874828 1.0338919
v 5.42370764 0.66876206 1.02876633
v 5.42917592 0.18411058 1.03215038
v 5.42892041 0.18412457 1.02694955
v 5.42917593 0.66874946 1.03345373
v 5.42892041 0.66876344 1.0282529
v 5.76411722 0.18399484 1.0751877
v 5.76411722 0.18398085 1.08038851
v 5.76411722 0.66863372 1.07649105
v 5.76411722 0.66861973 1.08169186
v 5.76411716 0.66874946 1.03345328
v 5.76411715 0.66876345 1.02825245
v 5.76411716 0.18411058 1.03214993
v 5.76411715 0.18412457 1.0269491
v 5.76411716 0.66874946 1.03345328
v 5.76411716 0.18411058 1.03214993
v 5.76411715 0.18412457 1.0269491
v 5.76411715 0.66876345 1.02825245
v 5.76411722 0.18399484 1.0751877
v 5.76411722 0.66863372 1.07649105
v 5.76411722 0.66861973 1.08169186
v 5.76411722 0.18398085 1.08038851
v 5.7577547 0.18670355 1.03156459
v 5.7577547 0.66401057 1.03284823
v 5.75775476 0.66389164 1.07707079
v 5.75775476 0.18658462 1.07578716
v 5.40992965 0.19051236 1.04141665
v 5.40788873 0.19050209 1.04523494
v 5.41602307 0.66222166 1.0733188
v 5.41267632 0.66222905 1.07057222
v 5.76411716 0.66874946 1.03345328
v 5.42917593 0.66874946 1.03345373
v 5.42855561 0.66233051 1.03284415
v 5.7577547 0.66401057 1.03284823
v 5.40992965 0.66230405 1.04268545
v 5.40992968 0.19044636 1.06595665
v 5.7577547 0.18670355 1.03156459
v 5.42855559 0.19053882 1.03157535
v 5.41267627 0.19052136 1.03806991
v 5.40992968 0.66223805 1.06722547
v 5.76411716 0.18411058 1.03214993
v 5.7577547 0.18670355 1.03156459
v 5.41267627 0.66231305 1.03933871
v 5.40788875 0.19045663 1.06213838
v 5.76411722 0.18399484 1.0751877
v 5.75775476 0.18658462 1.07578716
v 5.41602302 0.19052874 1.0353233
v 5.40788878 0.66224832 1.0634072
v 5.41602302 0.66232043 1.0365921
v 5.40663196 0.19046777 1.05799532
v 5.41984132 0.19053423 1.03328237
v 5.40663197 0.66225946 1.05926411
v 5.42917597 0.18399484 1.07518815
v 5.42472725 0.18399602 1.07475
v 5.42398447 0.1904211 1.07534771
v 5.42855565 0.19041989 1.07579792
v 5.41984132 0.66232592 1.03455117
v 5.40620759 0.19047936 1.05368666
v 5.42472725 0.66863489 1.07605335
v 5.42398447 0.6622128 1.07661651
v 5.42398441 0.19053761 1.03202557
v 5.40620759 0.66227105 1.05495546
v 5.41984137 0.19042448 1.07409092
v 5.42398447 0.1904211 1.07534771
v 5.42398441 0.6623293 1.03329439
v 5.40663195 0.19049095 1.04937801
v 5.42398447 0.6622128 1.07661651
v 5.41984137 0.66221618 1.07535972
v 5.42472719 0.1841094 1.03258854
v 5.42917592 0.18411058 1.03215038
v 5.42855559 0.19053882 1.03157535
v 5.42398441 0.19053761 1.03202557
v 5.4247272 0.66874828 1.0338919
v 5.42398441 0.6623293 1.03329439
v 5.42855565 0.19041989 1.07579792
v 5.75775476 0.18658462 1.07578716
v 5.42892056 0.18382995 1.13650036
v 5.42892056 0.66846883 1.13780371
v 5.42370779 0.66847021 1.13729031
v 5.42370779 0.18383133 1.13598695
v 5.41869534 0.6684743 1.13576981
v 5.41869534 0.18383542 1.13446646
v 5.41407583 0.66848094 1.13330064
v 5.41407583 0.18384206 1.13199729
v 5.4100268 0.66848987 1.12997771
v 5.4100268 0.183851 1.12867436
v 5.4100268 0.183851 1.12867436
v 5.4100268 0.66848987 1.12997771
v 5.40670385 0.66850076 1.12592871
v 5.40670385 0.18386189 1.12462536
v 5.40423467 0.66851319 1.12130923
v 5.40423466 0.18387431 1.12000585
v 5.40271416 0.66852667 1.11629679
v 5.40271414 0.18388779 1.11499344
v 5.40220073 0.66854069 1.11108403
v 5.40220072 0.18390181 1.10978068
v 5.40271414 0.6685547 1.10587128
v 5.40271413 0.18391583 1.10456793
v 5.40423465 0.66856818 1.10085886
v 5.40423463 0.18392931 1.09955548
v 5.40670381 0.66858061 1.09623934
v 5.40670381 0.18394173 1.09493599
v 5.41002675 0.6685915 1.09219034
v 5.41002675 0.18395262 1.09088699
v 5.41002675 0.18395262 1.09088699
v 5.41002675 0.6685915 1.09219034
v 5.41407577 0.66860043 1.08886739
v 5.41407577 0.18396156 1.08756404
v 5.41869527 0.66860707 1.08639822
v 5.41869527 0.1839682 1.08509487
v 5.42370772 0.66861116 1.08487771
v 5.42370772 0.18397229 1.08357435
v 5.42892049 0.66861254 1.08436429
v 5.42892049 0.18397367 1.08306094
v 5.7641173 0.18382995 1.13649991
v 5.7641173 0.66846883 1.13780326
v 5.76411723 0.66861254 1.08436384
v 5.76411723 0.18397367 1.08306049
v 5.42917605 0.66848281 1.13260288
v 5.76411729 0.66848281 1.13260243
v 5.75775484 0.66374074 1.13318217
v 5.42855573 0.66206068 1.13317809
v 5.41697924 0.18385375 1.12765204
v 5.41372215 0.18386094 1.12497902
v 5.41267639 0.19028646 1.12541479
v 5.41602315 0.19027907 1.1281614
v 5.40906285 0.66856281 1.10285872
v 5.40783973 0.66855196 1.10689083
v 5.40663204 0.66213173 1.10675821
v 5.40788883 0.66214288 1.10261513
v 5.42472733 0.18384512 1.13086137
v 5.42917605 0.18384394 1.13129953
v 5.42892056 0.18382995 1.13650036
v 5.42370779 0.18383133 1.13598695
v 5.42917605 0.66848281 1.13260288
v 5.42472733 0.66848399 1.13216472
v 5.42370779 0.66847021 1.13729031
v 5.42892056 0.66846883 1.13780371
v 5.42069523 0.18384841 1.12963827
v 5.41869534 0.18383542 1.13446646
v 5.42069523 0.66848728 1.13094162
v 5.41869534 0.6684743 1.13576981
v 5.41407583 0.18384206 1.13199729
v 5.41697924 0.66849262 1.12895539
v 5.41407583 0.66848094 1.13330064
v 5.4100268 0.183851 1.12867436
v 5.41372215 0.66849981 1.12628237
v 5.4100268 0.66848987 1.12997771
v 5.41104911 0.1838697 1.12172195
v 5.40670385 0.18386189 1.12462536
v 5.41104911 0.66850857 1.1230253
v 5.40670385 0.66850076 1.12592871
v 5.40906286 0.18387969 1.11800595
v 5.40423466 0.18387431 1.12000585
v 5.40906287 0.66851856 1.11930933
v 5.40423467 0.66851319 1.12130923
v 5.40783973 0.18389053 1.1139739
v 5.40271414 0.18388779 1.11499344
v 5.40783974 0.66852941 1.11527723
v 5.40271416 0.66852667 1.11629679
v 5.40742674 0.18390181 1.10978068
v 5.40220072 0.18390181 1.10978068
v 5.40742674 0.66854069 1.11108403
v 5.40220073 0.66854069 1.11108403
v 5.40783972 0.18391309 1.10558745
v 5.40271413 0.18391583 1.10456793
v 5.40271414 0.6685547 1.10587128
v 5.40906283 0.18392393 1.10155537
v 5.40423463 0.18392931 1.09955548
v 5.40423465 0.66856818 1.10085886
v 5.41104907 0.18393392 1.09783939
v 5.40670381 0.18394173 1.09493599
v 5.41104907 0.6685728 1.09914275
v 5.40670381 0.66858061 1.09623934
v 5.4137221 0.18394268 1.09458232
v 5.41002675 0.18395262 1.09088699
v 5.41372211 0.66858156 1.09588567
v 5.41002675 0.6685915 1.09219034
v 5.4169792 0.18394987 1.09190929
v 5.41407577 0.18396156 1.08756404
v 5.4169792 0.66858875 1.09321264
v 5.41407577 0.66860043 1.08886739
v 5.42069518 0.18395521 1.08992305
v 5.41869527 0.1839682 1.08509487
v 5.42069518 0.66859409 1.0912264
v 5.41869527 0.66860707 1.08639822
v 5.42472727 0.1839585 1.08869994
v 5.42370772 0.18397229 1.08357435
v 5.42472727 0.66859738 1.09000329
v 5.42370772 0.66861116 1.08487771
v 5.42917599 0.18395968 1.08826177
v 5.42892049 0.18397367 1.08306094
v 5.42917601 0.66859856 1.08956512
v 5.42892049 0.66861254 1.08436429
v 5.76411729 0.18384394 1.13129908
v 5.7641173 0.18382995 1.13649991
v 5.76411729 0.66848281 1.13260243
v 5.7641173 0.66846883 1.13780326
v 5.76411723 0.66859856 1.08956467
v 5.76411723 0.66861254 1.08436384
v 5.76411723 0.18395968 1.08826132
v 5.76411723 0.18397367 1.08306049
v 5.76411723 0.66859856 1.08956467
v 5.76411723 0.18395968 1.08826132
v 5.76411723 0.18397367 1.08306049
v 5.76411723 0.66861254 1.08436384
v 5.76411729 0.18384394 1.13129908
v 5.76411729 0.66848281 1.13260243
v 5.7641173 0.66846883 1.13780326
v 5.7641173 0.18382995 1.13649991
v 5.75775478 0.18655265 1.08767597
v 5.75775478 0.66385966 1.0889596
v 5.75775484 0.66374074 1.13318217
v 5.75775484 0.18643372 1.13189853
v 5.40992973 0.19036145 1.09752804
v 5.4078888 0.19035119 1.10134633
v 5.41602315 0.66207076 1.1294302
v 5.41267639 0.66207815 1.12668359
v 5.76411723 0.66859856 1.08956467
v 5.42917601 0.66859856 1.08956512
v 5.42855568 0.66217961 1.08895553
v 5.75775478 0.66385966 1.0889596
v 5.40992973 0.66215315 1.09879684
v 5.40992976 0.19029546 1.12206805
v 5.75775478 0.18655265 1.08767597
v 5.42855567 0.19038792 1.08768673
v 5.41267635 0.19037045 1.09418129
v 5.40992976 0.66208715 1.12333685
v 5.76411723 0.18395968 1.08826132
v 5.75775478 0.18655265 1.08767597
v 5.41267635 0.66216215 1.09545009
v 5.40788883 0.19030573 1.11824977
v 5.76411729 0.18384394 1.13129908
v 5.75775484 0.18643372 1.13189853
v 5.4160231 0.19037784 1.09143467
v 5.40788885 0.66209742 1.1195186
v 5.4160231 0.66216953 1.09270347
v 5.40663204 0.19031687 1.1141067
v 5.41984139 0.19038333 1.08939377
v 5.40663205 0.66210856 1.1153755
v 5.42917605 0.18384394 1.13129953
v 5.42472733 0.18384512 1.13086137
v 5.42398454 0.1902702 1.13145908
v 5.42855573 0.19026899 1.13190929
v 5.41984139 0.66217502 1.09066257
v 5.40620767 0.19032846 1.10979806
v 5.42472733 0.66848399 1.13216472
v 5.42398454 0.66206189 1.13272788
v 5.42398448 0.19038671 1.08813697
v 5.40620767 0.66212015 1.11106686
v 5.41984145 0.19027358 1.13020232
v 5.42398454 0.1902702 1.13145908
v 5.42398448 0.6621784 1.08940577
v 5.40663202 0.19034004 1.1054894
v 5.42398454 0.66206189 1.13272788
v 5.41984145 0.66206527 1.13147112
v 5.42472727 0.1839585 1.08869994
v 5.42917599 0.18395968 1.08826177
v 5.42855567 0.19038792 1.08768673
v 5.42398448 0.19038671 1.08813697
v 5.42472727 0.66859738 1.09000329
v 5.42398448 0.6621784 1.08940577
v 5.42855573 0.19026899 1.13190929
v 5.75775484 0.18643372 1.13189853
v 5.42892064 0.18367905 1.19261176
v 5.42892064 0.66831793 1.19391511
v 5.42370786 0.66831931 1.19340171
v 5.42370786 0.18368043 1.19209835
v 5.41869541 0.6683234 1.19188121
v 5.41869541 0.18368452 1.19057786
v 5.41407591 0.66833004 1.18941204
v 5.41407591 0.18369116 1.18810869
v 5.41002688 0.66833897 1.18608911
v 5.41002688 0.1837001 1.18478576
v 5.41002688 0.1837001 1.18478576
v 5.41002688 0.66833897 1.18608911
v 5.40670392 0.66834986 1.18204011
v 5.40670392 0.18371099 1.18073676
v 5.40423475 0.66836228 1.17742063
v 5.40423474 0.18372341 1.17611725
v 5.40271423 0.66837576 1.17240819
v 5.40271422 0.18373689 1.17110484
v 5.4022008 0.66838978 1.16719543
v 5.4022008 0.18375091 1.16589208
v 5.40271422 0.6684038 1.16198268
v 5.4027142 0.18376493 1.16067933
v 5.40423472 0.66841728 1.15697026
v 5.40423471 0.18377841 1.15566688
v 5.40670388 0.66842971 1.15235074
v 5.40670388 0.18379083 1.15104739
v 5.41002683 0.66844059 1.14830174
v 5.41002683 0.18380172 1.14699839
v 5.41002683 0.18380172 1.14699839
v 5.41002683 0.66844059 1.14830174
v 5.41407585 0.66844953 1.14497879
v 5.41407585 0.18381066 1.14367544
v 5.41869535 0.66845617 1.14250962
v 5.41869535 0.1838173 1.14120627
v 5.42370779 0.66846026 1.14098911
v 5.42370779 0.18382139 1.13968575
v 5.42892057 0.66846164 1.14047569
v 5.42892056 0.18382277 1.13917234
v 5.76411737 0.18367905 1.19261131
v 5.76411737 0.66831793 1.19391466
v 5.7641173 0.66846164 1.14047524
v 5.7641173 0.18382277 1.13917189
v 5.42917613 0.66833191 1.18871428
v 5.76411737 0.66833191 1.18871383
v 5.75775491 0.66358983 1.18929357
v 5.42855581 0.66190978 1.18928949
v 5.41697932 0.18370285 1.18376344
v 5.41372222 0.18371003 1.18109042
v 5.41267647 0.19013556 1.18152619
v 5.41602322 0.19012817 1.1842728
v 5.40906292 0.6684119 1.15897012
v 5.40783981 0.66840106 1.16300223
v 5.40663211 0.66198083 1.16286961
v 5.4078889 0.66199198 1.15872653
v 5.4247274 0.18369422 1.18697277
v 5.42917612 0.18369304 1.18741093
v 5.42892064 0.18367905 1.19261176
v 5.42370786 0.18368043 1.19209835
v 5.42917613 0.66833191 1.18871428
v 5.4247274 0.66833309 1.18827612
v 5.42370786 0.66831931 1.19340171
v 5.42892064 0.66831793 1.19391511
v 5.42069531 0.1836975 1.18574967
v 5.41869541 0.18368452 1.19057786
v 5.42069531 0.66833638 1.18705302
v 5.41869541 0.6683234 1.19188121
v 5.41407591 0.18369116 1.18810869
v 5.41697932 0.66834172 1.18506679
v 5.41407591 0.66833004 1.18941204
v 5.41002688 0.1837001 1.18478576
v 5.41372222 0.66834891 1.18239377
v 5.41002688 0.66833897 1.18608911
v 5.41104918 0.18371879 1.17783335
v 5.40670392 0.18371099 1.18073676
v 5.41104918 0.66835767 1.1791367
v 5.40670392 0.66834986 1.18204011
v 5.40906293 0.18372879 1.17411735
v 5.40423474 0.18372341 1.17611725
v 5.40906295 0.66836766 1.17542073
v 5.40423475 0.66836228 1.17742063
v 5.4078398 0.18373963 1.1700853
v 5.40271422 0.18373689 1.17110484
v 5.40783982 0.66837851 1.17138863
v 5.40271423 0.66837576 1.17240819
v 5.40742681 0.18375091 1.16589208
v 5.4022008 0.18375091 1.16589208
v 5.40742681 0.66838978 1.16719543
v 5.4022008 0.66838978 1.16719543
v 5.40783979 0.18376218 1.16169885
v 5.4027142 0.18376493 1.16067933
v 5.40271422 0.6684038 1.16198268
v 5.40906291 0.18377303 1.15766677
v 5.40423471 0.18377841 1.15566688
v 5.40423472 0.66841728 1.15697026
v 5.41104915 0.18378302 1.15395079
v 5.40670388 0.18379083 1.15104739
v 5.41104915 0.6684219 1.15525415
v 5.40670388 0.66842971 1.15235074
v 5.41372218 0.18379178 1.15069372
v 5.41002683 0.18380172 1.14699839
v 5.41372218 0.66843066 1.15199707
v 5.41002683 0.66844059 1.14830174
v 5.41697927 0.18379897 1.14802069
v 5.41407585 0.18381066 1.14367544
v 5.41697927 0.66843785 1.14932404
v 5.41407585 0.66844953 1.14497879
v 5.42069526 0.18380431 1.14603445
v 5.41869535 0.1838173 1.14120627
v 5.42069526 0.66844319 1.1473378
v 5.41869535 0.66845617 1.14250962
v 5.42472735 0.1838076 1.14481134
v 5.42370779 0.18382139 1.13968575
v 5.42472735 0.66844648 1.14611469
v 5.42370779 0.66846026 1.14098911
v 5.42917607 0.18380878 1.14437317
v 5.42892056 0.18382277 1.13917234
v 5.42917608 0.66844765 1.14567652
v 5.42892057 0.66846164 1.14047569
v 5.76411737 0.18369304 1.18741048
v 5.76411737 0.18367905 1.19261131
v 5.76411737 0.66833191 1.18871383
v 5.76411737 0.66831793 1.19391466
v 5.76411731 0.66844766 1.14567607
v 5.7641173 0.66846164 1.14047524
v 5.76411731 0.18380878 1.14437272
v 5.7641173 0.18382277 1.13917189
v 5.76411731 0.66844766 1.14567607
v 5.76411731 0.18380878 1.14437272
v 5.7641173 0.18382277 1.13917189
v 5.7641173 0.66846164 1.14047524
v 5.76411737 0.18369304 1.18741048
v 5.76411737 0.66833191 1.18871383
v 5.76411737 0.66831793 1.19391466
v 5.76411737 0.18367905 1.19261131
v 5.75775485 0.18640174 1.14378737
v 5.75775485 0.66370876 1.145071
v 5.75775491 0.66358983 1.18929357
v 5.75775491 0.18628281 1.18800993
v 5.4099298 0.19021055 1.15363944
v 5.40788888 0.19020028 1.15745773
v 5.41602322 0.66191986 1.1855416
v 5.41267647 0.66192725 1.18279499
v 5.76411731 0.66844766 1.14567607
v 5.42917608 0.66844765 1.14567652
v 5.42855576 0.66202871 1.14506693
v 5.75775485 0.66370876 1.145071
v 5.4099298 0.66200224 1.15490824
v 5.40992983 0.19014456 1.17817945
v 5.75775485 0.18640174 1.14378737
v 5.42855575 0.19023702 1.14379813
v 5.41267642 0.19021955 1.15029269
v 5.40992984 0.66193625 1.17944825
v 5.76411731 0.18380878 1.14437272
v 5.75775485 0.18640174 1.14378737
v 5.41267643 0.66201124 1.15156149
v 5.4078889 0.19015483 1.17436117
v 5.76411737 0.18369304 1.18741048
v 5.75775491 0.18628281 1.18800993
v 5.41602317 0.19022694 1.14754607
v 5.40788893 0.66194652 1.17563
v 5.41602317 0.66201863 1.14881487
v 5.40663211 0.19016597 1.1702181
v 5.41984147 0.19023243 1.14550517
v 5.40663212 0.66195766 1.1714869
v 5.42917612 0.18369304 1.18741093
v 5.4247274 0.18369422 1.18697277
v 5.42398462 0.1901193 1.18757048
v 5.4285558 0.19011809 1.18802069
v 5.41984147 0.66202412 1.14677397
v 5.40620774 0.19017755 1.16590946
v 5.4247274 0.66833309 1.18827612
v 5.42398462 0.66191099 1.18883928
v 5.42398456 0.19023581 1.14424837
v 5.40620774 0.66196925 1.16717826
v 5.41984152 0.19012268 1.18631372
v 5.42398462 0.1901193 1.18757048
v 5.42398456 0.6620275 1.14551717
v 5.4066321 0.19018914 1.1616008
v 5.42398462 0.66191099 1.18883928
v 5.41984152 0.66191437 1.18758252
v 5.42472735 0.1838076 1.14481134
v 5.42917607 0.18380878 1.14437317
v 5.42855575 0.19023702 1.14379813
v 5.42398456 0.19023581 1.14424837
v 5.42472735 0.66844648 1.14611469
v 5.42398456 0.6620275 1.14551717
v 5.4285558 0.19011809 1.18802069
v 5.75775491 0.18628281 1.18800993
v 5.75775447 0.66446327 0.86451407
v 5.42855543 0.66266429 0.90873256
v 5.75775453 0.66434434 0.90873663
v 5.42398424 0.6626655 0.90828234
v 5.41984115 0.66266888 0.90702556
v 5.41602285 0.66267437 0.90498465
v 5.41267609 0.66268176 0.90223805
v 5.40992946 0.66269076 0.89889131
v 5.40788855 0.66270103 0.89507304
v 5.40663175 0.66271217 0.89092995
v 5.40620736 0.66272375 0.8866213
v 5.40663174 0.66273534 0.88231266
v 5.40788853 0.66274648 0.87816958
v 5.40992943 0.66275675 0.8743513
v 5.41267605 0.66276575 0.87100455
v 5.4160228 0.66277314 0.86825793
v 5.41984109 0.66277863 0.86621702
v 5.42398418 0.66278201 0.86496022
v 5.42855538 0.66278322 0.86450999
v 5.42398424 0.19087381 0.90701354
v 5.75775453 0.18703732 0.907453
v 5.42855543 0.1908726 0.90746375
v 5.75775447 0.18715625 0.86323043
v 5.41984115 0.19087719 0.90575676
v 5.41602285 0.19088268 0.90371585
v 5.41267609 0.19089006 0.90096924
v 5.40992946 0.19089907 0.8976225
v 5.40788852 0.19090933 0.89380422
v 5.40663173 0.19092048 0.88966115
v 5.40620736 0.19093206 0.8853525
v 5.40663172 0.19094365 0.88104385
v 5.4078885 0.19095479 0.87690077
v 5.40992942 0.19096506 0.87308249
v 5.41267605 0.19097406 0.86973574
v 5.4160228 0.19098145 0.86698913
v 5.41984109 0.19098694 0.86494821
v 5.42398418 0.19099032 0.86369142
v 5.42855537 0.19099153 0.86324119
v 5.75775455 0.66431237 0.92062545
v 5.4285555 0.66251339 0.96484394
v 5.75775461 0.66419344 0.96484802
v 5.42398432 0.6625146 0.96439373
v 5.41984122 0.66251798 0.96313695
v 5.41602292 0.66252347 0.96109604
v 5.41267617 0.66253085 0.95834944
v 5.40992953 0.66253985 0.95500269
v 5.40788863 0.66255012 0.95118442
v 5.40663182 0.66256127 0.94704134
v 5.40620744 0.66257285 0.94273269
v 5.40663181 0.66258444 0.93842404
v 5.4078886 0.66259558 0.93428097
v 5.4099295 0.66260585 0.93046268
v 5.41267612 0.66261485 0.92711593
v 5.41602287 0.66262224 0.92436932
v 5.41984117 0.66262773 0.9223284
v 5.42398426 0.66263111 0.92107161
v 5.42855546 0.66263232 0.92062138
v 5.42398431 0.19072291 0.96312493
v 5.75775461 0.18688642 0.96356438
v 5.4285555 0.1907217 0.96357514
v 5.75775455 0.18700535 0.91934182
v 5.41984122 0.19072629 0.96186815
v 5.41602292 0.19073178 0.95982724
v 5.41267616 0.19073916 0.95708063
v 5.40992953 0.19074816 0.95373388
v 5.4078886 0.19075843 0.94991561
v 5.40663181 0.19076957 0.94577254
v 5.40620744 0.19078116 0.94146389
v 5.4066318 0.19079275 0.93715524
v 5.40788858 0.19080389 0.93301216
v 5.4099295 0.19081416 0.92919388
v 5.41267612 0.19082316 0.92584713
v 5.41602287 0.19083055 0.92310052
v 5.41984117 0.19083604 0.9210596
v 5.42398426 0.19083942 0.9198028
v 5.42855544 0.19084063 0.91935258
v 5.75775463 0.66416147 0.97673684
v 5.42855558 0.66236249 1.02095533
v 5.75775469 0.66404254 1.02095941
v 5.42398439 0.6623637 1.02050511
v 5.4198413 0.66236708 1.01924833
v 5.416023 0.66237257 1.01720743
v 5.41267624 0.66237995 1.01446082
v 5.40992961 0.66238895 1.01111408
v 5.4078887 0.66239922 1.00729581
v 5.4066319 0.66241036 1.00315272
v 5.40620752 0.66242195 0.99884408
v 5.40663189 0.66243354 0.99453543
v 5.40788868 0.66244468 0.99039235
v 5.40992958 0.66245495 0.98657407
v 5.4126762 0.66246395 0.98322732
v 5.41602295 0.66247134 0.98048071
v 5.41984124 0.66247682 0.9784398
v 5.42398433 0.6624802 0.977183
v 5.42855553 0.66248142 0.97673277
v 5.42398439 0.19057201 1.01923631
v 5.75775468 0.18673552 1.01967577
v 5.42855558 0.1905708 1.01968653
v 5.75775462 0.18685445 0.97545321
v 5.4198413 0.19057539 1.01797953
v 5.416023 0.19058087 1.01593863
v 5.41267624 0.19058826 1.01319202
v 5.40992961 0.19059726 1.00984528
v 5.40788867 0.19060753 1.006027
v 5.40663188 0.19061867 1.00188392
v 5.40620751 0.19063026 0.99757528
v 5.40663187 0.19064185 0.99326663
v 5.40788865 0.19065299 0.98912355
v 5.40992958 0.19066326 0.98530527
v 5.4126762 0.19067226 0.98195852
v 5.41602295 0.19067965 0.9792119
v 5.41984124 0.19068513 0.97717098
v 5.42398433 0.19068851 0.9759142
v 5.42855552 0.19068972 0.97546396
v 5.7577547 0.66401057 1.03284823
v 5.42855565 0.66221158 1.07706672
v 5.75775476 0.66389164 1.07707079
v 5.42398447 0.6622128 1.07661651
v 5.41984137 0.66221618 1.07535972
v 5.41602307 0.66222166 1.0733188
v 5.41267632 0.66222905 1.07057222
v 5.40992968 0.66223805 1.06722547
v 5.40788878 0.66224832 1.0634072
v 5.40663197 0.66225946 1.05926411
v 5.40620759 0.66227105 1.05495546
v 5.40663196 0.66228264 1.05064682
v 5.40788875 0.66229378 1.04650374
v 5.40992965 0.66230405 1.04268545
v 5.41267627 0.66231305 1.03933871
v 5.41602302 0.66232043 1.0365921
v 5.41984132 0.66232592 1.03455117
v 5.42398441 0.6623293 1.03329439
v 5.42855561 0.66233051 1.03284415
v 5.42398447 0.1904211 1.07534771
v 5.75775476 0.18658462 1.07578716
v 5.42855565 0.19041989 1.07579792
v 5.7577547 0.18670355 1.03156459
v 5.41984137 0.19042448 1.07409092
v 5.41602307 0.19042997 1.07205
v 5.41267632 0.19043736 1.0693034
v 5.40992968 0.19044636 1.06595665
v 5.40788875 0.19045663 1.06213838
v 5.40663196 0.19046777 1.05799532
v 5.40620759 0.19047936 1.05368666
v 5.40663195 0.19049095 1.04937801
v 5.40788873 0.19050209 1.04523494
v 5.40992965 0.19051236 1.04141665
v 5.41267627 0.19052136 1.03806991
v 5.41602302 0.19052874 1.0353233
v 5.41984132 0.19053423 1.03328237
v 5.42398441 0.19053761 1.03202557
v 5.42855559 0.19053882 1.03157535
v 5.75775478 0.66385966 1.0889596
v 5.42855573 0.66206068 1.13317809
v 5.75775484 0.66374074 1.13318217
v 5.42398454 0.66206189 1.13272788
v 5.41984145 0.66206527 1.13147112
v 5.41602315 0.66207076 1.1294302
v 5.41267639 0.66207815 1.12668359
v 5.40992976 0.66208715 1.12333685
v 5.40788885 0.66209742 1.1195186
v 5.40663205 0.66210856 1.1153755
v 5.40620767 0.66212015 1.11106686
v 5.40663204 0.66213173 1.10675821
v 5.40788883 0.66214288 1.10261513
v 5.40992973 0.66215315 1.09879684
v 5.41267635 0.66216215 1.09545009
v 5.4160231 0.66216953 1.09270347
v 5.41984139 0.66217502 1.09066257
v 5.42398448 0.6621784 1.08940577
v 5.42855568 0.66217961 1.08895553
v 5.42398454 0.1902702 1.13145908
v 5.75775484 0.18643372 1.13189853
v 5.42855573 0.19026899 1.13190929
v 5.75775478 0.18655265 1.08767597
v 5.41984145 0.19027358 1.13020232
v 5.41602315 0.19027907 1.1281614
v 5.41267639 0.19028646 1.12541479
v 5.40992976 0.19029546 1.12206805
v 5.40788883 0.19030573 1.11824977
v 5.40663204 0.19031687 1.1141067
v 5.40620767 0.19032846 1.10979806
v 5.40663202 0.19034004 1.1054894
v 5.4078888 0.19035119 1.10134633
v 5.40992973 0.19036145 1.09752804
v 5.41267635 0.19037045 1.09418129
v 5.4160231 0.19037784 1.09143467
v 5.41984139 0.19038333 1.08939377
v 5.42398448 0.19038671 1.08813697
v 5.42855567 0.19038792 1.08768673
v 5.75775485 0.66370876 1.145071
v 5.42855581 0.66190978 1.18928949
v 5.75775491 0.66358983 1.18929357
v 5.42398462 0.66191099 1.18883928
v 5.41984152 0.66191437 1.18758252
v 5.41602322 0.66191986 1.1855416
v 5.41267647 0.66192725 1.18279499
v 5.40992984 0.66193625 1.17944825
v 5.40788893 0.66194652 1.17563
v 5.40663212 0.66195766 1.1714869
v 5.40620774 0.66196925 1.16717826
v 5.40663211 0.66198083 1.16286961
v 5.4078889 0.66199198 1.15872653
v 5.4099298 0.66200224 1.15490824
v 5.41267643 0.66201124 1.15156149
v 5.41602317 0.66201863 1.14881487
v 5.41984147 0.66202412 1.14677397
v 5.42398456 0.6620275 1.14551717
v 5.42855576 0.66202871 1.14506693
v 5.42398462 0.1901193 1.18757048
v 5.75775491 0.18628281 1.18800993
v 5.4285558 0.19011809 1.18802069
v 5.75775485 0.18640174 1.14378737
v 5.41984152 0.19012268 1.18631372
v 5.41602322 0.19012817 1.1842728
v 5.41267647 0.19013556 1.18152619
v 5.40992983 0.19014456 1.17817945
v 5.4078889 0.19015483 1.17436117
v 5.40663211 0.19016597 1.1702181
v 5.40620774 0.19017755 1.16590946
v 5.4066321 0.19018914 1.1616008
v 5.40788888 0.19020028 1.15745773
v 5.4099298 0.19021055 1.15363944
v 5.41267642 0.19021955 1.15029269
v 5.41602317 0.19022694 1.14754607
v 5.41984147 0.19023243 1.14550517
v 5.42398456 0.19023581 1.14424837
v 5.42855575 0.19023702 1.14379813
vn 0.098 0 -0.99519
vn 0.29031 0 -0.95693
vn 0.47141 0 -0.88192
vn 0.6344 0 -0.773
vn 0.773 0 -0.6344
vn 0.88192 0 -0.47141
vn 0.95693 0 -0.29031
vn 0.99519 0 -0.098
vn 0.99519 0 0.098
vn 0.95693 0 0.29031
vn 0.88192 0 0.47141
vn 0.773 0 0.6344
vn 0.6344 0 0.773
vn 0.47141 0 0.88192
vn 0.29031 0 0.95693
vn 0.098 0 0.99519
vn 0 0 -1
vn 0 0 1
vn -0.0002 -0.69419 0.71979
vn -0.36999 0.81228 0.45089
vn -0.48949 -0.85927 -0.1485
vn 0 -1 0
vn 0 1 0
vn -1 0 0
vn -0.46501 0.84971 -0.2485
vn -0.36978 -0.81255 0.45057
vn -0.0002 -0.69409 -0.71989
vn -0.4647 -0.84991 -0.2484
vn -0.42581 0.83462 0.34941
vn -0.0005 0.76729 -0.6413
vn -0.0005 0.76738 -0.64119
vn -0.42581 0.83462 -0.34941
vn -0.42549 -0.83488 0.34919
vn 0.0927 0 -0.99569
vn -0.42549 -0.83488 -0.34919
vn -0.46501 0.84971 0.2485
vn 0.0927 0 0.99569
vn -0.36999 0.81228 -0.45089
vn -0.46459 -0.84998 0.24839
vn -0.36981 -0.81252 -0.45061
vn -0.48991 0.85902 0.1486
vn -0.29471 0.78043 -0.55142
vn -0.48949 -0.85927 0.1485
vn -0.0722 0.67619 0.73318
vn -0.2946 -0.7807 -0.5511
vn -0.50191 0.86351 0.0494
vn -0.0722 -0.6765 0.7329
vn -0.1965 0.7362 -0.6476
vn -0.50159 -0.86369 0.0494
vn -0.1964 0.73631 0.64751
vn -0.1964 -0.7365 -0.6473
vn -0.50198 0.86347 -0.0494
vn -0.50191 0.86351 -0.0494
vn -0.1963 -0.73661 0.64721
vn -0.0722 0.67608 -0.73328
vn -0.50159 -0.86369 -0.0494
vn -0.29469 0.78047 0.55138
vn -0.0722 -0.6765 -0.7329
vn -0.48991 0.85902 -0.1486
vn -0.2945 -0.78081 0.55101
vn -0.0005 0.76747 0.64108
vn -0.0005 0.76738 0.64119
vn -0.0005 0.76743 0.64113
vn -0.42578 0.83465 0.34938
vn -0.0722 -0.6766 0.7328
vn -0.19639 0.73626 0.64757
vn -0.0002 -0.69414 0.71984
vn -0.36981 -0.81252 0.45061
vn -0.46493 0.84975 0.24852
vn -0.0722 -0.67644 -0.73295
vn -0.48953 -0.85925 -0.14851
vn -0.0002 -0.69404 -0.71994
vn -0.46459 -0.84998 -0.24839
vn -0.37002 0.81225 -0.45093
vn -0.0722 0.67624 0.73314
vn -0.0722 0.67613 -0.73323
vn -0.29449 -0.78076 0.55108
vn -0.37001 0.81232 0.45081
vn -0.0005 0.76734 -0.64124
vn -0.2948 0.78041 -0.55141
vn -0.1964 0.73622 -0.64762
vn -0.1963 -0.73651 -0.64731
vn -0.29471 0.78052 0.55131
vn -0.0722 -0.67639 -0.73299
vn -0.4646 -0.85 0.2483
vn -0.48979 0.85908 0.1486
vn 0.0006 1 0
vn 0.0005 1 0
vn 0.0005 1 -0.0001
vn 0.0005 1 -0.0003
vn 0.0005 1 -0.0002
vn 0.0005 1 0.0001
vn 0.0005 1 0.0002
vn 0.0005 1 0.0003
vn 0.0005 1 0.0004
vn 0.0012 -1 0
vn 0.0013 -1 0
vn 0.0012 -1 0.0001
vn 0.0012 -1 -0.0001
vn 0.0013 -1 0.0004
vn 0.0012 -1 -0.0003
vn 0.0012 -1 -0.0004
vn 0.0013 -1 0.0002
vn 0.0012 -1 0.0004
vn 0.0005 1 -0.0004
vn 0.0012 -1 -0.0002
vn 0.0006 1 0.0002
vn 0.0012 -1 0.0002
vt 0.28016 0.71401
vt 0.28016 0.6923
vt 0.28048 0.6923
vt 0.28048 0.71401
vt 0.2808 0.6923
vt 0.2808 0.71401
vt 0.28109 0.6923
vt 0.28109 0.71401
vt 0.28134 0.6923
vt 0.28134 0.71401
vt 0.27729 0.71083
vt 0.28064 0.71083
vt 0.28064 0.70919
vt 0.27729 0.70919
vt 0.28064 0.70731
vt 0.27729 0.70731
vt 0.28064 0.70527
vt 0.27729 0.70527
vt 0.28064 0.70316
vt 0.27729 0.70316
vt 0.28064 0.70104
vt 0.27729 0.70104
vt 0.28064 0.699
vt 0.27729 0.699
vt 0.28064 0.69712
vt 0.27729 0.69712
vt 0.28064 0.69548
vt 0.27729 0.69548
vt 0.25914 0.71401
vt 0.25914 0.6923
vt 0.28014 0.6923
vt 0.25954 0.69251
vt 0.28018 0.69258
vt 0.2809 0.71042
vt 0.28111 0.70933
vt 0.28117 0.7095
vt 0.28096 0.71062
vt 0.2814 0.69981
vt 0.28148 0.70145
vt 0.28155 0.7014
vt 0.28147 0.69972
vt 0.28042 0.71172
vt 0.28014 0.7119
vt 0.28016 0.71401
vt 0.28048 0.7138
vt 0.28067 0.71122
vt 0.2808 0.71319
vt 0.28109 0.71218
vt 0.28134 0.71083
vt 0.28128 0.70801
vt 0.28155 0.70919
vt 0.2814 0.7065
vt 0.2817 0.70731
vt 0.28148 0.70486
vt 0.2818 0.70527
vt 0.2815 0.70316
vt 0.28183 0.70316
vt 0.2818 0.70104
vt 0.2817 0.699
vt 0.28128 0.6983
vt 0.28155 0.69712
vt 0.28111 0.69698
vt 0.28134 0.69548
vt 0.2809 0.69589
vt 0.28109 0.69413
vt 0.28067 0.69509
vt 0.2808 0.69312
vt 0.28042 0.69459
vt 0.28048 0.69251
vt 0.28014 0.69441
vt 0.28016 0.6923
vt 0.25914 0.7119
vt 0.25914 0.71401
vt 0.25914 0.69441
vt 0.25914 0.6923
vt 0.28064 0.69441
vt 0.27729 0.69441
vt 0.27729 0.6923
vt 0.28064 0.6923
vt 0.27729 0.7119
vt 0.28064 0.7119
vt 0.28064 0.71401
vt 0.27729 0.71401
vt 0.38631 0.37285
vt 0.39168 0.37285
vt 0.39168 0.39838
vt 0.38631 0.39838
vt 0.28135 0.69817
vt 0.28135 0.70814
vt 0.25954 0.69417
vt 0.28018 0.69417
vt 0.28117 0.69681
vt 0.25954 0.7139
vt 0.28147 0.70659
vt 0.28096 0.69569
vt 0.28155 0.70491
vt 0.28072 0.69486
vt 0.28014 0.71401
vt 0.28042 0.71401
vt 0.28047 0.71372
vt 0.28018 0.71372
vt 0.28158 0.70316
vt 0.28042 0.6923
vt 0.28047 0.69258
vt 0.28047 0.69435
vt 0.28072 0.71145
vt 0.28047 0.71196
vt 0.28018 0.71214
vt 0.25954 0.71214
vt 0.84069 0.95473
vt 0.84069 0.93301
vt 0.84102 0.93301
vt 0.84102 0.95473
vt 0.84133 0.93301
vt 0.84133 0.95473
vt 0.84162 0.93301
vt 0.84162 0.95473
vt 0.84188 0.93301
vt 0.84188 0.95473
vt 0.83782 0.95155
vt 0.84117 0.95155
vt 0.84117 0.9499
vt 0.83782 0.9499
vt 0.84117 0.94803
vt 0.83782 0.94803
vt 0.84117 0.94599
vt 0.83782 0.94599
vt 0.84117 0.94387
vt 0.83782 0.94387
vt 0.84117 0.94175
vt 0.83782 0.94175
vt 0.84117 0.93972
vt 0.83782 0.93972
vt 0.84117 0.93784
vt 0.83782 0.93784
vt 0.84117 0.93619
vt 0.83782 0.93619
vt 0.81967 0.95473
vt 0.81967 0.93301
vt 0.84068 0.93301
vt 0.82007 0.93323
vt 0.84071 0.9333
vt 0.84144 0.95113
vt 0.84164 0.95005
vt 0.84171 0.95022
vt 0.8415 0.95133
vt 0.84194 0.94053
vt 0.84201 0.94217
vt 0.84209 0.94212
vt 0.84201 0.94044
vt 0.84095 0.95244
vt 0.84068 0.95262
vt 0.84069 0.95473
vt 0.84102 0.95452
vt 0.84121 0.95194
vt 0.84133 0.9539
vt 0.84162 0.9529
vt 0.84188 0.95155
vt 0.84181 0.94872
vt 0.84208 0.9499
vt 0.84194 0.94721
vt 0.84224 0.94803
vt 0.84201 0.94558
vt 0.84234 0.94599
vt 0.84204 0.94387
vt 0.84237 0.94387
vt 0.84234 0.94175
vt 0.84224 0.93972
vt 0.84181 0.93902
vt 0.84208 0.93784
vt 0.84164 0.9377
vt 0.84188 0.93619
vt 0.84144 0.93661
vt 0.84162 0.93484
vt 0.84121 0.9358
vt 0.84133 0.93384
vt 0.84095 0.93531
vt 0.84102 0.93322
vt 0.84068 0.93513
vt 0.84069 0.93301
vt 0.81967 0.95262
vt 0.81967 0.95473
vt 0.81967 0.93513
vt 0.81967 0.93301
vt 0.84117 0.93513
vt 0.83782 0.93513
vt 0.83782 0.93301
vt 0.84117 0.93301
vt 0.83782 0.95262
vt 0.84117 0.95262
vt 0.84117 0.95473
vt 0.83782 0.95473
vt 0.84188 0.93889
vt 0.84188 0.94886
vt 0.82007 0.93489
vt 0.84071 0.93489
vt 0.84171 0.93753
vt 0.82007 0.95461
vt 0.84201 0.94731
vt 0.8415 0.93641
vt 0.84209 0.94562
vt 0.84126 0.93558
vt 0.84068 0.95473
vt 0.84095 0.95473
vt 0.841 0.95444
vt 0.84071 0.95444
vt 0.84212 0.94387
vt 0.84095 0.93301
vt 0.841 0.9333
vt 0.841 0.93507
vt 0.84126 0.95216
vt 0.841 0.95267
vt 0.84071 0.95286
vt 0.82007 0.95286
vt 0.17388 0.93083
vt 0.17388 0.90911
vt 0.1742 0.90911
vt 0.1742 0.93083
vt 0.17452 0.90911
vt 0.17452 0.93083
vt 0.17481 0.90911
vt 0.17481 0.93083
vt 0.17506 0.90911
vt 0.17506 0.93083
vt 0.17101 0.92765
vt 0.17436 0.92765
vt 0.17436 0.926
vt 0.17101 0.926
vt 0.17436 0.92413
vt 0.17101 0.92413
vt 0.17436 0.92209
vt 0.17101 0.92209
vt 0.17436 0.91997
vt 0.17101 0.91997
vt 0.17436 0.91785
vt 0.17101 0.91785
vt 0.17436 0.91582
vt 0.17101 0.91582
vt 0.17436 0.91394
vt 0.17101 0.91394
vt 0.17436 0.91229
vt 0.17101 0.91229
vt 0.15286 0.93083
vt 0.15286 0.90911
vt 0.17386 0.90911
vt 0.15326 0.90932
vt 0.1739 0.9094
vt 0.17463 0.92723
vt 0.17483 0.92615
vt 0.1749 0.92632
vt 0.17469 0.92743
vt 0.17512 0.91663
vt 0.1752 0.91827
vt 0.17527 0.91822
vt 0.1752 0.91654
vt 0.17414 0.92854
vt 0.17386 0.92872
vt 0.17388 0.93083
vt 0.1742 0.93062
vt 0.17439 0.92804
vt 0.17452 0.93
vt 0.17481 0.929
vt 0.17506 0.92765
vt 0.175 0.92482
vt 0.17527 0.926
vt 0.17512 0.92331
vt 0.17542 0.92413
vt 0.1752 0.92167
vt 0.17552 0.92209
vt 0.17522 0.91997
vt 0.17555 0.91997
vt 0.17552 0.91785
vt 0.17542 0.91582
vt 0.175 0.91512
vt 0.17527 0.91394
vt 0.17483 0.91379
vt 0.17506 0.91229
vt 0.17463 0.91271
vt 0.17481 0.91094
vt 0.17439 0.9119
vt 0.17452 0.90994
vt 0.17414 0.9114
vt 0.1742 0.90932
vt 0.17386 0.91123
vt 0.17388 0.90911
vt 0.15286 0.92872
vt 0.15286 0.93083
vt 0.15286 0.91123
vt 0.15286 0.90911
vt 0.17436 0.91123
vt 0.17101 0.91123
vt 0.17101 0.90911
vt 0.17436 0.90911
vt 0.17101 0.92872
vt 0.17436 0.92872
vt 0.17436 0.93083
vt 0.17101 0.93083
vt 0.17507 0.91498
vt 0.17507 0.92496
vt 0.15326 0.91099
vt 0.1739 0.91099
vt 0.1749 0.91362
vt 0.15326 0.93071
vt 0.1752 0.92341
vt 0.17469 0.91251
vt 0.17527 0.92172
vt 0.17445 0.91168
vt 0.17386 0.93083
vt 0.17414 0.93083
vt 0.17419 0.93054
vt 0.1739 0.93054
vt 0.1753 0.91997
vt 0.17414 0.90911
vt 0.17419 0.9094
vt 0.17419 0.91117
vt 0.17445 0.92826
vt 0.17419 0.92877
vt 0.1739 0.92896
vt 0.15326 0.92896
vt 0.2853 0.06357
vt 0.2853 0.04185
vt 0.28562 0.04185
vt 0.28562 0.06357
vt 0.28594 0.04185
vt 0.28594 0.06357
vt 0.28623 0.04185
vt 0.28623 0.06357
vt 0.28648 0.04185
vt 0.28648 0.06357
vt 0.28243 0.06039
vt 0.28578 0.06039
vt 0.28578 0.05874
vt 0.28243 0.05874
vt 0.28578 0.05686
vt 0.28243 0.05686
vt 0.28578 0.05483
vt 0.28243 0.05483
vt 0.28578 0.05271
vt 0.28243 0.05271
vt 0.28578 0.05059
vt 0.28243 0.05059
vt 0.28578 0.04855
vt 0.28243 0.04855
vt 0.28578 0.04668
vt 0.28243 0.04668
vt 0.28578 0.04503
vt 0.28243 0.04503
vt 0.26428 0.06357
vt 0.26428 0.04185
vt 0.28528 0.04185
vt 0.26468 0.04206
vt 0.28532 0.04214
vt 0.28605 0.05997
vt 0.28625 0.05888
vt 0.28632 0.05905
vt 0.28611 0.06017
vt 0.28654 0.04937
vt 0.28662 0.051
vt 0.2867 0.05096
vt 0.28662 0.04927
vt 0.28556 0.06127
vt 0.28528 0.06145
vt 0.2853 0.06357
vt 0.28562 0.06336
vt 0.28581 0.06078
vt 0.28594 0.06274
vt 0.28623 0.06174
vt 0.28648 0.06039
vt 0.28642 0.05756
vt 0.28669 0.05874
vt 0.28654 0.05605
vt 0.28685 0.05686
vt 0.28662 0.05441
vt 0.28694 0.05483
vt 0.28665 0.05271
vt 0.28697 0.05271
vt 0.28694 0.05059
vt 0.28685 0.04855
vt 0.28642 0.04786
vt 0.28669 0.04668
vt 0.28625 0.04653
vt 0.28648 0.04503
vt 0.28605 0.04545
vt 0.28623 0.04368
vt 0.28581 0.04464
vt 0.28594 0.04268
vt 0.28556 0.04414
vt 0.28562 0.04206
vt 0.28528 0.04396
vt 0.2853 0.04185
vt 0.26428 0.06145
vt 0.26428 0.06357
vt 0.26428 0.04396
vt 0.26428 0.04185
vt 0.28578 0.04396
vt 0.28243 0.04396
vt 0.28243 0.04185
vt 0.28578 0.04185
vt 0.28243 0.06145
vt 0.28578 0.06145
vt 0.28578 0.06357
vt 0.28243 0.06357
vt 0.28649 0.04772
vt 0.28649 0.05769
vt 0.26468 0.04372
vt 0.28532 0.04372
vt 0.28632 0.04636
vt 0.26468 0.06345
vt 0.28662 0.05614
vt 0.28611 0.04525
vt 0.2867 0.05446
vt 0.28587 0.04442
vt 0.28528 0.06357
vt 0.28556 0.06357
vt 0.28561 0.06328
vt 0.28532 0.06328
vt 0.28672 0.05271
vt 0.28556 0.04185
vt 0.28561 0.04214
vt 0.28561 0.04391
vt 0.28587 0.061
vt 0.28561 0.06151
vt 0.28532 0.06169
vt 0.26468 0.06169
vt 0.82526 0.83352
vt 0.82526 0.8118
vt 0.82559 0.8118
vt 0.82559 0.83352
vt 0.82591 0.8118
vt 0.82591 0.83352
vt 0.8262 0.8118
vt 0.8262 0.83352
vt 0.82645 0.8118
vt 0.82645 0.83352
vt 0.82239 0.83034
vt 0.82574 0.83034
vt 0.82574 0.82869
vt 0.82239 0.82869
vt 0.82574 0.82681
vt 0.82239 0.82681
vt 0.82574 0.82478
vt 0.82239 0.82478
vt 0.82574 0.82266
vt 0.82239 0.82266
vt 0.82574 0.82054
vt 0.82239 0.82054
vt 0.82574 0.8185
vt 0.82239 0.8185
vt 0.82574 0.81663
vt 0.82239 0.81663
vt 0.82574 0.81498
vt 0.82239 0.81498
vt 0.80425 0.83352
vt 0.80425 0.8118
vt 0.82525 0.8118
vt 0.80464 0.81201
vt 0.82529 0.81209
vt 0.82601 0.82992
vt 0.82622 0.82884
vt 0.82628 0.82901
vt 0.82607 0.83012
vt 0.82651 0.81932
vt 0.82659 0.82096
vt 0.82666 0.82091
vt 0.82658 0.81923
vt 0.82553 0.83123
vt 0.82525 0.8314
vt 0.82526 0.83352
vt 0.82559 0.83331
vt 0.82578 0.83073
vt 0.82591 0.83269
vt 0.8262 0.83169
vt 0.82645 0.83034
vt 0.82638 0.82751
vt 0.82666 0.82869
vt 0.82651 0.826
vt 0.82681 0.82681
vt 0.82659 0.82436
vt 0.82691 0.82478
vt 0.82661 0.82266
vt 0.82694 0.82266
vt 0.82691 0.82054
vt 0.82681 0.8185
vt 0.82638 0.81781
vt 0.82666 0.81663
vt 0.82622 0.81648
vt 0.82645 0.81498
vt 0.82601 0.8154
vt 0.8262 0.81363
vt 0.82578 0.81459
vt 0.82591 0.81263
vt 0.82553 0.81409
vt 0.82559 0.81201
vt 0.82525 0.81392
vt 0.82526 0.8118
vt 0.80425 0.8314
vt 0.80425 0.83352
vt 0.80425 0.81392
vt 0.80425 0.8118
vt 0.82574 0.81392
vt 0.82239 0.81392
vt 0.82239 0.8118
vt 0.82574 0.8118
vt 0.82239 0.8314
vt 0.82574 0.8314
vt 0.82574 0.83352
vt 0.82239 0.83352
vt 0.82646 0.81767
vt 0.82646 0.82765
vt 0.80464 0.81367
vt 0.82529 0.81367
vt 0.82628 0.81631
vt 0.80464 0.8334
vt 0.82658 0.82609
vt 0.82607 0.8152
vt 0.82666 0.82441
vt 0.82583 0.81437
vt 0.82525 0.83352
vt 0.82553 0.83352
vt 0.82557 0.83323
vt 0.82529 0.83323
vt 0.82669 0.82266
vt 0.82553 0.8118
vt 0.82557 0.81209
vt 0.82557 0.81386
vt 0.82583 0.83095
vt 0.82557 0.83146
vt 0.82529 0.83165
vt 0.80464 0.83165
vt 0.95211 0.28038
vt 0.95211 0.25866
vt 0.95244 0.25866
vt 0.95244 0.28038
vt 0.95275 0.25866
vt 0.95275 0.28038
vt 0.95304 0.25866
vt 0.95304 0.28038
vt 0.9533 0.25866
vt 0.9533 0.28038
vt 0.94924 0.2772
vt 0.95259 0.2772
vt 0.95259 0.27556
vt 0.94924 0.27556
vt 0.95259 0.27368
vt 0.94924 0.27368
vt 0.95259 0.27164
vt 0.94924 0.27164
vt 0.95259 0.26952
vt 0.94924 0.26952
vt 0.95259 0.26741
vt 0.94924 0.26741
vt 0.95259 0.26537
vt 0.94924 0.26537
vt 0.95259 0.26349
vt 0.94924 0.26349
vt 0.95259 0.26185
vt 0.94924 0.26185
vt 0.93109 0.28038
vt 0.93109 0.25866
vt 0.9521 0.25866
vt 0.93149 0.25888
vt 0.95214 0.25895
vt 0.95286 0.27679
vt 0.95307 0.2757
vt 0.95313 0.27587
vt 0.95292 0.27699
vt 0.95336 0.26618
vt 0.95344 0.26782
vt 0.95351 0.26777
vt 0.95343 0.26609
vt 0.95238 0.27809
vt 0.9521 0.27827
vt 0.95211 0.28038
vt 0.95244 0.28017
vt 0.95263 0.27759
vt 0.95275 0.27956
vt 0.95304 0.27855
vt 0.9533 0.2772
vt 0.95323 0.27438
vt 0.95351 0.27556
vt 0.95336 0.27287
vt 0.95366 0.27368
vt 0.95344 0.27123
vt 0.95376 0.27164
vt 0.95346 0.26952
vt 0.95379 0.26952
vt 0.95376 0.26741
vt 0.95366 0.26537
vt 0.95323 0.26467
vt 0.95351 0.26349
vt 0.95307 0.26335
vt 0.9533 0.26185
vt 0.95286 0.26226
vt 0.95304 0.2605
vt 0.95263 0.26145
vt 0.95275 0.25949
vt 0.95238 0.26096
vt 0.95244 0.25887
vt 0.9521 0.26078
vt 0.95211 0.25867
vt 0.93109 0.27827
vt 0.93109 0.28038
vt 0.93109 0.26078
vt 0.93109 0.25867
vt 0.95259 0.26078
vt 0.94924 0.26078
vt 0.94924 0.25867
vt 0.95259 0.25867
vt 0.94924 0.27827
vt 0.95259 0.27827
vt 0.95259 0.28038
vt 0.94924 0.28038
vt 0.9533 0.26454
vt 0.9533 0.27451
vt 0.93149 0.26054
vt 0.95214 0.26054
vt 0.95313 0.26318
vt 0.93149 0.28026
vt 0.95343 0.27296
vt 0.95292 0.26206
vt 0.95351 0.27127
vt 0.95268 0.26123
vt 0.9521 0.28038
vt 0.95238 0.28038
vt 0.95242 0.28009
vt 0.95214 0.28009
vt 0.95354 0.26952
vt 0.95238 0.25866
vt 0.95242 0.25895
vt 0.95242 0.26072
vt 0.95268 0.27782
vt 0.95242 0.27833
vt 0.95214 0.27851
vt 0.93149 0.27851
vt 0.36816 0.37285
vt 0.40173 0.39838
vt 0.36816 0.39838
vt 0.4022 0.39812
vt 0.40262 0.3974
vt 0.40301 0.39622
vt 0.40335 0.39463
vt 0.40363 0.3927
vt 0.40384 0.3905
vt 0.40397 0.3881
vt 0.40401 0.38562
vt 0.40397 0.38313
vt 0.40384 0.38074
vt 0.40363 0.37853
vt 0.40335 0.3766
vt 0.40301 0.37501
vt 0.40262 0.37384
vt 0.4022 0.37311
vt 0.40173 0.37285
usemtl mat0
f 1131/573/173 1132/574/173 1133/575/173
f 1131/573/173 1133/575/173 1134/576/173
f 1134/576/174 1133/575/174 1135/577/174
f 1134/576/174 1135/577/174 1136/578/174
f 1136/578/175 1135/577/175 1137/579/175
f 1136/578/175 1137/579/175 1138/580/175
f 1138/580/176 1137/579/176 1139/581/176
f 1138/580/176 1139/581/176 1140/582/176
f 1141/583/177 1142/584/177 1143/585/177
f 1141/583/177 1143/585/177 1144/586/177
f 1144/586/178 1143/585/178 1145/587/178
f 1144/586/178 1145/587/178 1146/588/178
f 1146/588/179 1145/587/179 1147/589/179
f 1146/588/179 1147/589/179 1148/590/179
f 1148/590/180 1147/589/180 1149/591/180
f 1148/590/180 1149/591/180 1150/592/180
f 1150/592/181 1149/591/181 1151/593/181
f 1150/592/181 1151/593/181 1152/594/181
f 1152/594/182 1151/593/182 1153/595/182
f 1152/594/182 1153/595/182 1154/596/182
f 1154/596/183 1153/595/183 1155/597/183
f 1154/596/183 1155/597/183 1156/598/183
f 1156/598/184 1155/597/184 1157/599/184
f 1156/598/184 1157/599/184 1158/600/184
f 1159/582/185 1160/581/185 1161/579/185
f 1159/582/185 1161/579/185 1162/580/185
f 1162/580/186 1161/579/186 1163/577/186
f 1162/580/186 1163/577/186 1164/578/186
f 1164/578/187 1163/577/187 1165/575/187
f 1164/578/187 1165/575/187 1166/576/187
f 1166/576/188 1165/575/188 1167/574/188
f 1166/576/188 1167/574/188 1168/573/188
f 1132/574/189 1131/573/189 1169/601/189
f 1132/574/189 1169/601/189 1170/602/189
f 1168/573/190 1167/574/190 1171/602/190
f 1168/573/190 1171/602/190 1172/601/190
f 1173/603/191 1174/602/191 1175/604/191
f 1173/603/191 1175/604/191 1176/605/191
f 1177/606/192 1178/607/192 1179/608/192
f 1177/606/192 1179/608/192 1180/609/192
f 1181/610/193 1182/611/193 1183/612/193
f 1181/610/193 1183/612/193 1184/613/193
f 1185/614/194 1186/615/194 1187/616/194
f 1185/614/194 1187/616/194 1188/617/194
f 1189/615/195 1190/614/195 1191/617/195
f 1189/615/195 1191/617/195 1192/616/195
f 1193/618/194 1185/614/194 1188/617/194
f 1193/618/194 1188/617/194 1194/619/194
f 1190/614/195 1195/618/195 1196/619/195
f 1190/614/195 1196/619/195 1191/617/195
f 1177/606/194 1193/618/194 1194/619/194
f 1177/606/194 1194/619/194 1197/620/194
f 1195/618/195 1198/606/195 1199/620/195
f 1195/618/195 1199/620/195 1196/619/195
f 1178/607/194 1177/606/194 1197/620/194
f 1178/607/194 1197/620/194 1200/621/194
f 1198/606/195 1201/607/195 1202/621/195
f 1198/606/195 1202/621/195 1199/620/195
f 1203/622/194 1178/607/194 1200/621/194
f 1203/622/194 1200/621/194 1204/623/194
f 1201/607/195 1205/622/195 1206/623/195
f 1201/607/195 1206/623/195 1202/621/195
f 1207/624/194 1203/622/194 1204/623/194
f 1207/624/194 1204/623/194 1208/625/194
f 1205/622/195 1209/624/195 1210/625/195
f 1205/622/195 1210/625/195 1206/623/195
f 1211/626/194 1207/624/194 1208/625/194
f 1211/626/194 1208/625/194 1212/627/194
f 1209/624/195 1213/626/195 1214/627/195
f 1209/624/195 1214/627/195 1210/625/195
f 1215/628/194 1211/626/194 1212/627/194
f 1215/628/194 1212/627/194 1216/629/194
f 1213/626/195 1217/628/195 1218/629/195
f 1213/626/195 1218/629/195 1214/627/195
f 1219/611/194 1215/628/194 1216/629/194
f 1219/611/194 1216/629/194 1220/630/194
f 1217/628/195 1182/611/195 1221/630/195
f 1217/628/195 1221/630/195 1218/629/195
f 1222/610/194 1219/611/194 1220/630/194
f 1222/610/194 1220/630/194 1223/631/194
f 1182/611/195 1181/610/195 1224/631/195
f 1182/611/195 1224/631/195 1221/630/195
f 1225/632/194 1222/610/194 1223/631/194
f 1225/632/194 1223/631/194 1226/633/194
f 1181/610/195 1227/632/195 1228/633/195
f 1181/610/195 1228/633/195 1224/631/195
f 1229/634/194 1225/632/194 1226/633/194
f 1229/634/194 1226/633/194 1230/635/194
f 1227/632/195 1231/634/195 1232/635/195
f 1227/632/195 1232/635/195 1228/633/195
f 1233/636/194 1229/634/194 1230/635/194
f 1233/636/194 1230/635/194 1234/637/194
f 1231/634/195 1235/636/195 1236/637/195
f 1231/634/195 1236/637/195 1232/635/195
f 1237/638/194 1233/636/194 1234/637/194
f 1237/638/194 1234/637/194 1238/639/194
f 1235/636/195 1239/638/195 1240/639/195
f 1235/636/195 1240/639/195 1236/637/195
f 1241/640/194 1237/638/194 1238/639/194
f 1241/640/194 1238/639/194 1242/641/194
f 1239/638/195 1243/640/195 1244/641/195
f 1239/638/195 1244/641/195 1240/639/195
f 1245/642/194 1241/640/194 1242/641/194
f 1245/642/194 1242/641/194 1246/643/194
f 1243/640/195 1247/642/195 1248/643/195
f 1243/640/195 1248/643/195 1244/641/195
f 1186/615/194 1249/644/194 1250/645/194
f 1186/615/194 1250/645/194 1187/616/194
f 1251/644/195 1189/615/195 1192/616/195
f 1251/644/195 1192/616/195 1252/645/195
f 1247/642/195 1253/646/195 1254/647/195
f 1247/642/195 1254/647/195 1248/643/195
f 1255/646/194 1245/642/194 1246/643/194
f 1255/646/194 1246/643/194 1256/647/194
f 1257/648/196 1258/649/196 1259/650/196
f 1257/648/196 1259/650/196 1260/651/196
f 1261/652/196 1262/653/196 1263/654/196
f 1261/652/196 1263/654/196 1264/655/196
f 1265/656/196 1266/657/196 1267/658/196
f 1265/656/196 1267/658/196 1268/659/196
f 1222/610/197 1225/632/197 1269/660/197
f 1222/610/197 1269/660/197 1270/613/197
f 1201/607/198 1198/606/198 1271/609/198
f 1201/607/198 1271/609/198 1272/608/198
f 1273/602/199 1274/603/199 1275/605/199
f 1273/602/199 1275/605/199 1276/604/199
f 1227/632/200 1181/610/200 1184/613/200
f 1227/632/200 1184/613/200 1277/660/200
f 1178/607/201 1203/622/201 1278/661/201
f 1178/607/201 1278/661/201 1179/608/201
f 1245/642/202 1255/646/203 1279/662/203
f 1245/642/202 1279/662/203 1280/663/202
f 1225/632/204 1229/634/204 1281/664/204
f 1225/632/204 1281/664/204 1269/660/204
f 1205/622/205 1201/607/205 1272/608/205
f 1205/622/205 1272/608/205 1282/661/205
f 1283/601/206 1273/602/206 1276/604/206
f 1283/601/206 1276/604/206 1284/665/206
f 1231/634/207 1227/632/207 1277/660/207
f 1231/634/207 1277/660/207 1285/664/207
f 1203/622/208 1207/624/208 1286/666/208
f 1203/622/208 1286/666/208 1278/661/208
f 1174/602/209 1287/601/209 1288/665/209
f 1174/602/209 1288/665/209 1175/604/209
f 1229/634/210 1233/636/210 1289/667/210
f 1229/634/210 1289/667/210 1281/664/210
f 1209/624/211 1205/622/211 1282/661/211
f 1209/624/211 1282/661/211 1290/666/211
f 1235/636/212 1231/634/212 1285/664/212
f 1235/636/212 1285/664/212 1291/667/212
f 1207/624/213 1211/626/213 1292/668/213
f 1207/624/213 1292/668/213 1286/666/213
f 1233/636/214 1237/638/214 1293/669/214
f 1233/636/214 1293/669/214 1289/667/214
f 1213/626/215 1209/624/215 1290/666/215
f 1213/626/215 1290/666/215 1294/668/215
f 1295/670/216 1296/671/216 1297/672/216
f 1295/670/216 1297/672/216 1298/673/216
f 1239/638/217 1235/636/217 1291/667/217
f 1239/638/217 1291/667/217 1299/669/217
f 1211/626/218 1215/628/218 1300/674/218
f 1211/626/218 1300/674/218 1292/668/218
f 1301/675/219 1173/603/219 1176/605/219
f 1301/675/219 1176/605/219 1302/676/219
f 1237/638/220 1241/640/220 1303/677/220
f 1237/638/220 1303/677/220 1293/669/220
f 1217/628/221 1213/626/221 1294/668/221
f 1217/628/221 1294/668/221 1304/674/221
f 1185/614/222 1193/618/222 1305/678/222
f 1185/614/222 1305/678/222 1306/679/222
f 1243/640/223 1239/638/223 1299/669/223
f 1243/640/223 1299/669/223 1307/677/223
f 1215/628/224 1219/611/224 1308/612/224
f 1215/628/225 1308/612/225 1300/674/225
f 1195/618/226 1190/614/226 1309/679/226
f 1195/618/226 1309/679/226 1310/678/226
f 1311/671/227 1312/670/227 1313/673/227
f 1311/671/227 1313/673/227 1314/672/227
f 1182/611/228 1217/628/228 1304/674/228
f 1182/611/228 1304/674/228 1183/612/228
f 1193/618/229 1177/606/229 1180/609/229
f 1193/618/229 1180/609/229 1305/678/229
f 1274/603/230 1315/675/230 1316/676/230
f 1274/603/230 1316/676/230 1275/605/230
f 1219/611/231 1222/610/231 1270/613/231
f 1219/611/231 1270/613/231 1308/612/231
f 1198/606/232 1195/618/232 1310/678/232
f 1198/606/232 1310/678/232 1271/609/232
f 1249/644/233 1186/615/234 1317/680/235
f 1249/644/233 1317/680/235 1318/681/233
f 1319/682/173 1320/683/173 1321/684/173
f 1319/682/173 1321/684/173 1322/685/173
f 1322/685/174 1321/684/174 1323/686/174
f 1322/685/174 1323/686/174 1324/687/174
f 1324/687/175 1323/686/175 1325/688/175
f 1324/687/175 1325/688/175 1326/689/175
f 1326/689/176 1325/688/176 1327/690/176
f 1326/689/176 1327/690/176 1328/691/176
f 1329/692/177 1330/693/177 1331/694/177
f 1329/692/177 1331/694/177 1332/695/177
f 1332/695/178 1331/694/178 1333/696/178
f 1332/695/178 1333/696/178 1334/697/178
f 1334/697/179 1333/696/179 1335/698/179
f 1334/697/179 1335/698/179 1336/699/179
f 1336/699/180 1335/698/180 1337/700/180
f 1336/699/180 1337/700/180 1338/701/180
f 1338/701/181 1337/700/181 1339/702/181
f 1338/701/181 1339/702/181 1340/703/181
f 1340/703/182 1339/702/182 1341/704/182
f 1340/703/182 1341/704/182 1342/705/182
f 1342/705/183 1341/704/183 1343/706/183
f 1342/705/183 1343/706/183 1344/707/183
f 1344/707/184 1343/706/184 1345/708/184
f 1344/707/184 1345/708/184 1346/709/184
f 1347/691/185 1348/690/185 1349/688/185
f 1347/691/185 1349/688/185 1350/689/185
f 1350/689/186 1349/688/186 1351/686/186
f 1350/689/186 1351/686/186 1352/687/186
f 1352/687/187 1351/686/187 1353/684/187
f 1352/687/187 1353/684/187 1354/685/187
f 1354/685/188 1353/684/188 1355/683/188
f 1354/685/188 1355/683/188 1356/682/188
f 1320/683/189 1319/682/189 1357/710/189
f 1320/683/189 1357/710/189 1358/711/189
f 1356/682/190 1355/683/190 1359/711/190
f 1356/682/190 1359/711/190 1360/710/190
f 1361/712/191 1362/711/191 1363/713/191
f 1361/712/191 1363/713/191 1364/714/191
f 1365/715/192 1366/716/192 1367/717/192
f 1365/715/192 1367/717/192 1368/718/192
f 1369/719/193 1370/720/193 1371/721/193
f 1369/719/193 1371/721/193 1372/722/193
f 1373/723/194 1374/724/194 1375/725/194
f 1373/723/194 1375/725/194 1376/726/194
f 1377/724/195 1378/723/195 1379/726/195
f 1377/724/195 1379/726/195 1380/725/195
f 1381/727/194 1373/723/194 1376/726/194
f 1381/727/194 1376/726/194 1382/728/194
f 1378/723/195 1383/727/195 1384/728/195
f 1378/723/195 1384/728/195 1379/726/195
f 1365/715/194 1381/727/194 1382/728/194
f 1365/715/194 1382/728/194 1385/729/194
f 1383/727/195 1386/715/195 1387/729/195
f 1383/727/195 1387/729/195 1384/728/195
f 1366/716/194 1365/715/194 1385/729/194
f 1366/716/194 1385/729/194 1388/730/194
f 1386/715/195 1389/716/195 1390/730/195
f 1386/715/195 1390/730/195 1387/729/195
f 1391/731/194 1366/716/194 1388/730/194
f 1391/731/194 1388/730/194 1392/732/194
f 1389/716/195 1393/731/195 1394/732/195
f 1389/716/195 1394/732/195 1390/730/195
f 1395/733/194 1391/731/194 1392/732/194
f 1395/733/194 1392/732/194 1396/734/194
f 1393/731/195 1397/733/195 1398/734/195
f 1393/731/195 1398/734/195 1394/732/195
f 1399/735/194 1395/733/194 1396/734/194
f 1399/735/194 1396/734/194 1400/736/194
f 1397/733/195 1401/735/195 1402/736/195
f 1397/733/195 1402/736/195 1398/734/195
f 1403/737/194 1399/735/194 1400/736/194
f 1403/737/194 1400/736/194 1404/738/194
f 1401/735/195 1405/737/195 1406/738/195
f 1401/735/195 1406/738/195 1402/736/195
f 1407/720/194 1403/737/194 1404/738/194
f 1407/720/194 1404/738/194 1408/739/194
f 1405/737/195 1370/720/195 1409/739/195
f 1405/737/195 1409/739/195 1406/738/195
f 1410/719/194 1407/720/194 1408/739/194
f 1410/719/194 1408/739/194 1411/740/194
f 1370/720/195 1369/719/195 1412/740/195
f 1370/720/195 1412/740/195 1409/739/195
f 1413/741/194 1410/719/194 1411/740/194
f 1413/741/194 1411/740/194 1414/742/194
f 1369/719/195 1415/741/195 1416/742/195
f 1369/719/195 1416/742/195 1412/740/195
f 1417/743/194 1413/741/194 1414/742/194
f 1417/743/194 1414/742/194 1418/744/194
f 1415/741/195 1419/743/195 1420/744/195
f 1415/741/195 1420/744/195 1416/742/195
f 1421/745/194 1417/743/194 1418/744/194
f 1421/745/194 1418/744/194 1422/746/194
f 1419/743/195 1423/745/195 1424/746/195
f 1419/743/195 1424/746/195 1420/744/195
f 1425/747/194 1421/745/194 1422/746/194
f 1425/747/194 1422/746/194 1426/748/194
f 1423/745/195 1427/747/195 1428/748/195
f 1423/745/195 1428/748/195 1424/746/195
f 1429/749/194 1425/747/194 1426/748/194
f 1429/749/194 1426/748/194 1430/750/194
f 1427/747/195 1431/749/195 1432/750/195
f 1427/747/195 1432/750/195 1428/748/195
f 1433/751/194 1429/749/194 1430/750/194
f 1433/751/194 1430/750/194 1434/752/194
f 1431/749/195 1435/751/195 1436/752/195
f 1431/749/195 1436/752/195 1432/750/195
f 1374/724/194 1437/753/194 1438/754/194
f 1374/724/194 1438/754/194 1375/725/194
f 1439/753/195 1377/724/195 1380/725/195
f 1439/753/195 1380/725/195 1440/754/195
f 1435/751/195 1441/755/195 1442/756/195
f 1435/751/195 1442/756/195 1436/752/195
f 1443/755/194 1433/751/194 1434/752/194
f 1443/755/194 1434/752/194 1444/756/194
f 1445/757/196 1446/758/196 1447/759/196
f 1445/757/196 1447/759/196 1448/760/196
f 1449/761/196 1450/762/196 1451/763/196
f 1449/761/196 1451/763/196 1452/764/196
f 1453/656/196 1454/657/196 1455/658/196
f 1453/656/196 1455/658/196 1456/659/196
f 1410/719/197 1413/741/197 1457/765/197
f 1410/719/197 1457/765/197 1458/722/197
f 1389/716/198 1386/715/198 1459/718/198
f 1389/716/198 1459/718/198 1460/717/198
f 1461/711/199 1462/712/199 1463/714/199
f 1461/711/199 1463/714/199 1464/713/199
f 1415/741/200 1369/719/200 1372/722/200
f 1415/741/200 1372/722/200 1465/765/200
f 1366/716/236 1391/731/236 1466/766/236
f 1366/716/201 1466/766/201 1367/717/201
f 1433/751/202 1443/755/203 1467/767/203
f 1433/751/202 1467/767/203 1468/768/202
f 1413/741/204 1417/743/204 1469/769/204
f 1413/741/204 1469/769/204 1457/765/204
f 1393/731/205 1389/716/205 1460/717/205
f 1393/731/205 1460/717/205 1470/766/205
f 1471/710/206 1461/711/206 1464/713/206
f 1471/710/206 1464/713/206 1472/770/206
f 1419/743/207 1415/741/207 1465/765/207
f 1419/743/207 1465/765/207 1473/769/207
f 1391/731/208 1395/733/208 1474/771/208
f 1391/731/208 1474/771/208 1466/766/208
f 1362/711/209 1475/710/209 1476/770/209
f 1362/711/209 1476/770/209 1363/713/209
f 1417/743/210 1421/745/210 1477/772/210
f 1417/743/210 1477/772/210 1469/769/210
f 1397/733/211 1393/731/211 1470/766/211
f 1397/733/211 1470/766/211 1478/771/211
f 1423/745/212 1419/743/212 1473/769/212
f 1423/745/212 1473/769/212 1479/772/212
f 1395/733/213 1399/735/213 1480/773/213
f 1395/733/213 1480/773/213 1474/771/213
f 1421/745/214 1425/747/214 1481/774/214
f 1421/745/214 1481/774/214 1477/772/214
f 1401/735/215 1397/733/215 1478/771/215
f 1401/735/215 1478/771/215 1482/773/215
f 1483/775/216 1484/776/216 1485/777/216
f 1483/775/216 1485/777/216 1486/778/216
f 1427/747/217 1423/745/217 1479/772/217
f 1427/747/217 1479/772/217 1487/774/217
f 1399/735/218 1403/737/218 1488/779/218
f 1399/735/218 1488/779/218 1480/773/218
f 1489/780/237 1361/712/237 1364/714/237
f 1489/780/237 1364/714/237 1490/781/237
f 1425/747/220 1429/749/220 1491/782/220
f 1425/747/220 1491/782/220 1481/774/220
f 1405/737/221 1401/735/221 1482/773/221
f 1405/737/221 1482/773/221 1492/779/221
f 1373/723/222 1381/727/222 1493/783/222
f 1373/723/238 1493/783/238 1494/784/238
f 1431/749/223 1427/747/223 1487/774/223
f 1431/749/223 1487/774/223 1495/782/223
f 1403/737/224 1407/720/224 1496/721/224
f 1403/737/225 1496/721/225 1488/779/225
f 1383/727/226 1378/723/226 1497/784/226
f 1383/727/226 1497/784/226 1498/783/226
f 1499/776/227 1500/775/227 1501/778/227
f 1499/776/227 1501/778/227 1502/777/227
f 1370/720/228 1405/737/228 1492/779/228
f 1370/720/228 1492/779/228 1371/721/228
f 1381/727/229 1365/715/229 1368/718/229
f 1381/727/229 1368/718/229 1493/783/229
f 1462/712/230 1503/780/230 1504/781/230
f 1462/712/230 1504/781/230 1463/714/230
f 1407/720/231 1410/719/231 1458/722/231
f 1407/720/231 1458/722/231 1496/721/231
f 1386/715/232 1383/727/232 1498/783/232
f 1386/715/232 1498/783/232 1459/718/232
f 1437/753/233 1374/724/234 1505/785/235
f 1437/753/233 1505/785/235 1506/786/233
f 1507/787/173 1508/788/173 1509/789/173
f 1507/787/173 1509/789/173 1510/790/173
f 1510/790/174 1509/789/174 1511/791/174
f 1510/790/174 1511/791/174 1512/792/174
f 1512/792/175 1511/791/175 1513/793/175
f 1512/792/175 1513/793/175 1514/794/175
f 1514/794/176 1513/793/176 1515/795/176
f 1514/794/176 1515/795/176 1516/796/176
f 1517/797/177 1518/798/177 1519/799/177
f 1517/797/177 1519/799/177 1520/800/177
f 1520/800/178 1519/799/178 1521/801/178
f 1520/800/178 1521/801/178 1522/802/178
f 1522/802/179 1521/801/179 1523/803/179
f 1522/802/179 1523/803/179 1524/804/179
f 1524/804/180 1523/803/180 1525/805/180
f 1524/804/180 1525/805/180 1526/806/180
f 1526/806/181 1525/805/181 1527/807/181
f 1526/806/181 1527/807/181 1528/808/181
f 1528/808/182 1527/807/182 1529/809/182
f 1528/808/182 1529/809/182 1530/810/182
f 1530/810/183 1529/809/183 1531/811/183
f 1530/810/183 1531/811/183 1532/812/183
f 1532/812/184 1531/811/184 1533/813/184
f 1532/812/184 1533/813/184 1534/814/184
f 1535/796/185 1536/795/185 1537/793/185
f 1535/796/185 1537/793/185 1538/794/185
f 1538/794/186 1537/793/186 1539/791/186
f 1538/794/186 1539/791/186 1540/792/186
f 1540/792/187 1539/791/187 1541/789/187
f 1540/792/187 1541/789/187 1542/790/187
f 1542/790/188 1541/789/188 1543/788/188
f 1542/790/188 1543/788/188 1544/787/188
f 1508/788/189 1507/787/189 1545/815/189
f 1508/788/189 1545/815/189 1546/816/189
f 1544/787/190 1543/788/190 1547/816/190
f 1544/787/190 1547/816/190 1548/815/190
f 1549/817/239 1550/816/191 1551/818/191
f 1549/817/239 1551/818/191 1552/819/191
f 1553/820/192 1554/821/192 1555/822/192
f 1553/820/192 1555/822/192 1556/823/192
f 1557/824/193 1558/825/193 1559/826/193
f 1557/824/193 1559/826/193 1560/827/193
f 1561/828/194 1562/829/194 1563/830/194
f 1561/828/194 1563/830/194 1564/831/194
f 1565/829/195 1566/828/195 1567/831/195
f 1565/829/195 1567/831/195 1568/830/195
f 1569/832/194 1561/828/194 1564/831/194
f 1569/832/194 1564/831/194 1570/833/194
f 1566/828/195 1571/832/195 1572/833/195
f 1566/828/195 1572/833/195 1567/831/195
f 1553/820/194 1569/832/194 1570/833/194
f 1553/820/194 1570/833/194 1573/834/194
f 1571/832/195 1574/820/195 1575/834/195
f 1571/832/195 1575/834/195 1572/833/195
f 1554/821/194 1553/820/194 1573/834/194
f 1554/821/194 1573/834/194 1576/835/194
f 1574/820/195 1577/821/195 1578/835/195
f 1574/820/195 1578/835/195 1575/834/195
f 1579/836/194 1554/821/194 1576/835/194
f 1579/836/194 1576/835/194 1580/837/194
f 1577/821/195 1581/836/195 1582/837/195
f 1577/821/195 1582/837/195 1578/835/195
f 1583/838/194 1579/836/194 1580/837/194
f 1583/838/194 1580/837/194 1584/839/194
f 1581/836/195 1585/838/195 1586/839/195
f 1581/836/195 1586/839/195 1582/837/195
f 1587/840/194 1583/838/194 1584/839/194
f 1587/840/194 1584/839/194 1588/841/194
f 1585/838/195 1589/840/195 1590/841/195
f 1585/838/195 1590/841/195 1586/839/195
f 1591/842/194 1587/840/194 1588/841/194
f 1591/842/194 1588/841/194 1592/843/194
f 1589/840/195 1593/842/195 1594/843/195
f 1589/840/195 1594/843/195 1590/841/195
f 1595/825/194 1591/842/194 1592/843/194
f 1595/825/194 1592/843/194 1596/844/194
f 1593/842/195 1558/825/195 1597/844/195
f 1593/842/195 1597/844/195 1594/843/195
f 1598/824/194 1595/825/194 1596/844/194
f 1598/824/194 1596/844/194 1599/845/194
f 1558/825/195 1557/824/195 1600/845/195
f 1558/825/195 1600/845/195 1597/844/195
f 1601/846/194 1598/824/194 1599/845/194
f 1601/846/194 1599/845/194 1602/847/194
f 1557/824/195 1603/846/195 1604/847/195
f 1557/824/195 1604/847/195 1600/845/195
f 1605/848/194 1601/846/194 1602/847/194
f 1605/848/194 1602/847/194 1606/849/194
f 1603/846/195 1607/848/195 1608/849/195
f 1603/846/195 1608/849/195 1604/847/195
f 1609/850/194 1605/848/194 1606/849/194
f 1609/850/194 1606/849/194 1610/851/194
f 1607/848/195 1611/850/195 1612/851/195
f 1607/848/195 1612/851/195 1608/849/195
f 1613/852/194 1609/850/194 1610/851/194
f 1613/852/194 1610/851/194 1614/853/194
f 1611/850/195 1615/852/195 1616/853/195
f 1611/850/195 1616/853/195 1612/851/195
f 1617/854/194 1613/852/194 1614/853/194
f 1617/854/194 1614/853/194 1618/855/194
f 1615/852/195 1619/854/195 1620/855/195
f 1615/852/195 1620/855/195 1616/853/195
f 1621/856/194 1617/854/194 1618/855/194
f 1621/856/194 1618/855/194 1622/857/194
f 1619/854/195 1623/856/195 1624/857/195
f 1619/854/195 1624/857/195 1620/855/195
f 1562/829/194 1625/858/194 1626/859/194
f 1562/829/194 1626/859/194 1563/830/194
f 1627/858/195 1565/829/195 1568/830/195
f 1627/858/195 1568/830/195 1628/859/195
f 1623/856/195 1629/860/195 1630/861/195
f 1623/856/195 1630/861/195 1624/857/195
f 1631/860/194 1621/856/194 1622/857/194
f 1631/860/194 1622/857/194 1632/861/194
f 1633/862/196 1634/863/196 1635/864/196
f 1633/862/196 1635/864/196 1636/865/196
f 1637/866/196 1638/867/196 1639/868/196
f 1637/866/196 1639/868/196 1640/869/196
f 1641/656/196 1642/657/196 1643/658/196
f 1641/656/196 1643/658/196 1644/659/196
f 1598/824/197 1601/846/197 1645/870/197
f 1598/824/197 1645/870/197 1646/827/197
f 1577/821/198 1574/820/198 1647/823/198
f 1577/821/240 1647/823/240 1648/822/240
f 1649/816/199 1650/817/199 1651/819/199
f 1649/816/199 1651/819/199 1652/818/199
f 1603/846/200 1557/824/200 1560/827/200
f 1603/846/200 1560/827/200 1653/870/200
f 1554/821/201 1579/836/201 1654/871/201
f 1554/821/201 1654/871/201 1555/822/201
f 1621/856/202 1631/860/203 1655/872/203
f 1621/856/202 1655/872/203 1656/873/202
f 1601/846/204 1605/848/204 1657/874/204
f 1601/846/204 1657/874/204 1645/870/204
f 1581/836/205 1577/821/205 1648/822/205
f 1581/836/205 1648/822/205 1658/871/205
f 1659/815/206 1649/816/206 1652/818/206
f 1659/815/206 1652/818/206 1660/875/206
f 1607/848/207 1603/846/207 1653/870/207
f 1607/848/207 1653/870/207 1661/874/207
f 1579/836/208 1583/838/208 1662/876/208
f 1579/836/241 1662/876/241 1654/871/241
f 1550/816/209 1663/815/209 1664/875/209
f 1550/816/209 1664/875/209 1551/818/209
f 1605/848/210 1609/850/210 1665/877/210
f 1605/848/210 1665/877/210 1657/874/210
f 1585/838/211 1581/836/211 1658/871/211
f 1585/838/211 1658/871/211 1666/876/211
f 1611/850/212 1607/848/212 1661/874/212
f 1611/850/212 1661/874/212 1667/877/212
f 1583/838/213 1587/840/213 1668/878/213
f 1583/838/213 1668/878/213 1662/876/213
f 1609/850/214 1613/852/214 1669/879/214
f 1609/850/214 1669/879/214 1665/877/214
f 1589/840/215 1585/838/215 1666/876/215
f 1589/840/215 1666/876/215 1670/878/215
f 1671/880/216 1672/881/216 1673/882/216
f 1671/880/216 1673/882/216 1674/883/216
f 1615/852/217 1611/850/217 1667/877/217
f 1615/852/217 1667/877/217 1675/879/217
f 1587/840/218 1591/842/218 1676/884/218
f 1587/840/218 1676/884/218 1668/878/218
f 1677/885/219 1549/817/219 1552/819/219
f 1677/885/237 1552/819/237 1678/886/237
f 1613/852/220 1617/854/220 1679/887/220
f 1613/852/220 1679/887/220 1669/879/220
f 1593/842/221 1589/840/221 1670/878/221
f 1593/842/221 1670/878/221 1680/884/221
f 1561/828/222 1569/832/222 1681/888/222
f 1561/828/238 1681/888/238 1682/889/238
f 1619/854/223 1615/852/223 1675/879/223
f 1619/854/223 1675/879/223 1683/887/223
f 1591/842/225 1595/825/225 1684/826/225
f 1591/842/225 1684/826/225 1676/884/225
f 1571/832/226 1566/828/226 1685/889/226
f 1571/832/226 1685/889/226 1686/888/226
f 1687/881/227 1688/880/227 1689/883/227
f 1687/881/227 1689/883/227 1690/882/227
f 1558/825/228 1593/842/228 1680/884/228
f 1558/825/228 1680/884/228 1559/826/228
f 1569/832/229 1553/820/229 1556/823/229
f 1569/832/229 1556/823/229 1681/888/229
f 1650/817/230 1691/885/230 1692/886/230
f 1650/817/242 1692/886/242 1651/819/242
f 1595/825/231 1598/824/231 1646/827/231
f 1595/825/231 1646/827/231 1684/826/231
f 1574/820/232 1571/832/232 1686/888/232
f 1574/820/232 1686/888/232 1647/823/232
f 1625/858/233 1562/829/235 1693/890/234
f 1625/858/233 1693/890/234 1694/891/233
f 1695/892/173 1696/893/173 1697/894/173
f 1695/892/173 1697/894/173 1698/895/173
f 1698/895/174 1697/894/174 1699/896/174
f 1698/895/174 1699/896/174 1700/897/174
f 1700/897/175 1699/896/175 1701/898/175
f 1700/897/175 1701/898/175 1702/899/175
f 1702/899/176 1701/898/176 1703/900/176
f 1702/899/176 1703/900/176 1704/901/176
f 1705/902/177 1706/903/177 1707/904/177
f 1705/902/177 1707/904/177 1708/905/177
f 1708/905/178 1707/904/178 1709/906/178
f 1708/905/178 1709/906/178 1710/907/178
f 1710/907/179 1709/906/179 1711/908/179
f 1710/907/179 1711/908/179 1712/909/179
f 1712/909/180 1711/908/180 1713/910/180
f 1712/909/180 1713/910/180 1714/911/180
f 1714/911/181 1713/910/181 1715/912/181
f 1714/911/181 1715/912/181 1716/913/181
f 1716/913/182 1715/912/182 1717/914/182
f 1716/913/182 1717/914/182 1718/915/182
f 1718/915/183 1717/914/183 1719/916/183
f 1718/915/183 1719/916/183 1720/917/183
f 1720/917/184 1719/916/184 1721/918/184
f 1720/917/184 1721/918/184 1722/919/184
f 1723/901/185 1724/900/185 1725/898/185
f 1723/901/185 1725/898/185 1726/899/185
f 1726/899/186 1725/898/186 1727/896/186
f 1726/899/186 1727/896/186 1728/897/186
f 1728/897/187 1727/896/187 1729/894/187
f 1728/897/187 1729/894/187 1730/895/187
f 1730/895/188 1729/894/188 1731/893/188
f 1730/895/188 1731/893/188 1732/892/188
f 1696/893/189 1695/892/189 1733/920/189
f 1696/893/189 1733/920/189 1734/921/189
f 1732/892/190 1731/893/190 1735/921/190
f 1732/892/190 1735/921/190 1736/920/190
f 1737/922/239 1738/921/191 1739/923/191
f 1737/922/239 1739/923/191 1740/924/239
f 1741/925/192 1742/926/192 1743/927/192
f 1741/925/192 1743/927/192 1744/928/192
f 1745/929/193 1746/930/193 1747/931/193
f 1745/929/243 1747/931/243 1748/932/243
f 1749/933/194 1750/934/194 1751/935/194
f 1749/933/194 1751/935/194 1752/936/194
f 1753/934/195 1754/933/195 1755/936/195
f 1753/934/195 1755/936/195 1756/935/195
f 1757/937/194 1749/933/194 1752/936/194
f 1757/937/194 1752/936/194 1758/938/194
f 1754/933/195 1759/937/195 1760/938/195
f 1754/933/195 1760/938/195 1755/936/195
f 1741/925/194 1757/937/194 1758/938/194
f 1741/925/194 1758/938/194 1761/939/194
f 1759/937/195 1762/925/195 1763/939/195
f 1759/937/195 1763/939/195 1760/938/195
f 1742/926/194 1741/925/194 1761/939/194
f 1742/926/194 1761/939/194 1764/940/194
f 1762/925/195 1765/926/195 1766/940/195
f 1762/925/195 1766/940/195 1763/939/195
f 1767/941/194 1742/926/194 1764/940/194
f 1767/941/194 1764/940/194 1768/942/194
f 1765/926/195 1769/941/195 1770/942/195
f 1765/926/195 1770/942/195 1766/940/195
f 1771/943/194 1767/941/194 1768/942/194
f 1771/943/194 1768/942/194 1772/944/194
f 1769/941/195 1773/943/195 1774/944/195
f 1769/941/195 1774/944/195 1770/942/195
f 1775/945/194 1771/943/194 1772/944/194
f 1775/945/194 1772/944/194 1776/946/194
f 1773/943/195 1777/945/195 1778/946/195
f 1773/943/195 1778/946/195 1774/944/195
f 1779/947/194 1775/945/194 1776/946/194
f 1779/947/194 1776/946/194 1780/948/194
f 1777/945/195 1781/947/195 1782/948/195
f 1777/945/195 1782/948/195 1778/946/195
f 1783/930/194 1779/947/194 1780/948/194
f 1783/930/194 1780/948/194 1784/949/194
f 1781/947/195 1746/930/195 1785/949/195
f 1781/947/195 1785/949/195 1782/948/195
f 1786/929/194 1783/930/194 1784/949/194
f 1786/929/194 1784/949/194 1787/950/194
f 1746/930/195 1745/929/195 1788/950/195
f 1746/930/195 1788/950/195 1785/949/195
f 1789/951/194 1786/929/194 1787/950/194
f 1789/951/194 1787/950/194 1790/952/194
f 1745/929/195 1791/951/195 1792/952/195
f 1745/929/195 1792/952/195 1788/950/195
f 1793/953/194 1789/951/194 1790/952/194
f 1793/953/194 1790/952/194 1794/954/194
f 1791/951/195 1795/953/195 1796/954/195
f 1791/951/195 1796/954/195 1792/952/195
f 1797/955/194 1793/953/194 1794/954/194
f 1797/955/194 1794/954/194 1798/956/194
f 1795/953/195 1799/955/195 1800/956/195
f 1795/953/195 1800/956/195 1796/954/195
f 1801/957/194 1797/955/194 1798/956/194
f 1801/957/194 1798/956/194 1802/958/194
f 1799/955/195 1803/957/195 1804/958/195
f 1799/955/195 1804/958/195 1800/956/195
f 1805/959/194 1801/957/194 1802/958/194
f 1805/959/194 1802/958/194 1806/960/194
f 1803/957/195 1807/959/195 1808/960/195
f 1803/957/195 1808/960/195 1804/958/195
f 1809/961/194 1805/959/194 1806/960/194
f 1809/961/194 1806/960/194 1810/962/194
f 1807/959/195 1811/961/195 1812/962/195
f 1807/959/195 1812/962/195 1808/960/195
f 1750/934/194 1813/963/194 1814/964/194
f 1750/934/194 1814/964/194 1751/935/194
f 1815/963/195 1753/934/195 1756/935/195
f 1815/963/195 1756/935/195 1816/964/195
f 1811/961/195 1817/965/195 1818/966/195
f 1811/961/195 1818/966/195 1812/962/195
f 1819/965/194 1809/961/194 1810/962/194
f 1819/965/194 1810/962/194 1820/966/194
f 1821/967/196 1822/968/196 1823/969/196
f 1821/967/196 1823/969/196 1824/970/196
f 1825/971/196 1826/972/196 1827/973/196
f 1825/971/196 1827/973/196 1828/974/196
f 1829/656/196 1830/657/196 1831/658/196
f 1829/656/196 1831/658/196 1832/659/196
f 1786/929/197 1789/951/197 1833/975/197
f 1786/929/197 1833/975/197 1834/932/197
f 1765/926/198 1762/925/198 1835/928/198
f 1765/926/198 1835/928/198 1836/927/198
f 1837/921/199 1838/922/244 1839/924/244
f 1837/921/199 1839/924/244 1840/923/199
f 1791/951/200 1745/929/200 1748/932/200
f 1791/951/245 1748/932/245 1841/975/245
f 1742/926/236 1767/941/236 1842/976/236
f 1742/926/201 1842/976/201 1743/927/201
f 1809/961/202 1819/965/203 1843/977/203
f 1809/961/202 1843/977/203 1844/978/202
f 1789/951/204 1793/953/204 1845/979/204
f 1789/951/204 1845/979/204 1833/975/204
f 1769/941/205 1765/926/205 1836/927/205
f 1769/941/205 1836/927/205 1846/976/205
f 1847/920/206 1837/921/206 1840/923/206
f 1847/920/206 1840/923/206 1848/980/206
f 1795/953/207 1791/951/207 1841/975/207
f 1795/953/207 1841/975/207 1849/979/207
f 1767/941/241 1771/943/241 1850/981/241
f 1767/941/208 1850/981/208 1842/976/208
f 1738/921/209 1851/920/209 1852/980/209
f 1738/921/209 1852/980/209 1739/923/209
f 1793/953/210 1797/955/210 1853/982/210
f 1793/953/246 1853/982/246 1845/979/246
f 1773/943/211 1769/941/211 1846/976/211
f 1773/943/211 1846/976/211 1854/981/211
f 1799/955/212 1795/953/212 1849/979/212
f 1799/955/212 1849/979/212 1855/982/212
f 1771/943/213 1775/945/213 1856/983/213
f 1771/943/213 1856/983/213 1850/981/213
f 1797/955/214 1801/957/214 1857/984/214
f 1797/955/214 1857/984/214 1853/982/214
f 1777/945/215 1773/943/215 1854/981/215
f 1777/945/215 1854/981/215 1858/983/215
f 1859/985/247 1860/986/247 1861/987/247
f 1859/985/216 1861/987/216 1862/988/216
f 1803/957/217 1799/955/217 1855/982/217
f 1803/957/217 1855/982/217 1863/984/217
f 1775/945/218 1779/947/218 1864/989/218
f 1775/945/218 1864/989/218 1856/983/218
f 1865/990/219 1737/922/219 1740/924/219
f 1865/990/237 1740/924/237 1866/991/237
f 1801/957/220 1805/959/220 1867/992/220
f 1801/957/220 1867/992/220 1857/984/220
f 1781/947/221 1777/945/221 1858/983/221
f 1781/947/221 1858/983/221 1868/989/221
f 1749/933/238 1757/937/238 1869/993/238
f 1749/933/238 1869/993/238 1870/994/238
f 1807/959/223 1803/957/223 1863/984/223
f 1807/959/223 1863/984/223 1871/992/223
f 1779/947/225 1783/930/225 1872/931/225
f 1779/947/225 1872/931/225 1864/989/225
f 1759/937/226 1754/933/226 1873/994/226
f 1759/937/226 1873/994/226 1874/993/226
f 1875/986/227 1876/985/227 1877/988/227
f 1875/986/248 1877/988/248 1878/987/248
f 1746/930/228 1781/947/228 1868/989/228
f 1746/930/228 1868/989/228 1747/931/228
f 1757/937/229 1741/925/229 1744/928/229
f 1757/937/229 1744/928/229 1869/993/229
f 1838/922/242 1879/990/242 1880/991/242
f 1838/922/230 1880/991/230 1839/924/230
f 1783/930/231 1786/929/231 1834/932/231
f 1783/930/231 1834/932/231 1872/931/231
f 1762/925/249 1759/937/249 1874/993/249
f 1762/925/232 1874/993/232 1835/928/232
f 1813/963/233 1750/934/234 1881/995/235
f 1813/963/233 1881/995/235 1882/996/235
f 1883/997/173 1884/998/173 1885/999/173
f 1883/997/173 1885/999/173 1886/1000/173
f 1886/1000/174 1885/999/174 1887/1001/174
f 1886/1000/174 1887/1001/174 1888/1002/174
f 1888/1002/175 1887/1001/175 1889/1003/175
f 1888/1002/175 1889/1003/175 1890/1004/175
f 1890/1004/176 1889/1003/176 1891/1005/176
f 1890/1004/176 1891/1005/176 1892/1006/176
f 1893/1007/177 1894/1008/177 1895/1009/177
f 1893/1007/177 1895/1009/177 1896/1010/177
f 1896/1010/178 1895/1009/178 1897/1011/178
f 1896/1010/178 1897/1011/178 1898/1012/178
f 1898/1012/179 1897/1011/179 1899/1013/179
f 1898/1012/179 1899/1013/179 1900/1014/179
f 1900/1014/180 1899/1013/180 1901/1015/180
f 1900/1014/180 1901/1015/180 1902/1016/180
f 1902/1016/181 1901/1015/181 1903/1017/181
f 1902/1016/181 1903/1017/181 1904/1018/181
f 1904/1018/182 1903/1017/182 1905/1019/182
f 1904/1018/182 1905/1019/182 1906/1020/182
f 1906/1020/183 1905/1019/183 1907/1021/183
f 1906/1020/183 1907/1021/183 1908/1022/183
f 1908/1022/184 1907/1021/184 1909/1023/184
f 1908/1022/184 1909/1023/184 1910/1024/184
f 1911/1006/185 1912/1005/185 1913/1003/185
f 1911/1006/185 1913/1003/185 1914/1004/185
f 1914/1004/186 1913/1003/186 1915/1001/186
f 1914/1004/186 1915/1001/186 1916/1002/186
f 1916/1002/187 1915/1001/187 1917/999/187
f 1916/1002/187 1917/999/187 1918/1000/187
f 1918/1000/188 1917/999/188 1919/998/188
f 1918/1000/188 1919/998/188 1920/997/188
f 1884/998/189 1883/997/189 1921/1025/189
f 1884/998/189 1921/1025/189 1922/1026/189
f 1920/997/190 1919/998/190 1923/1026/190
f 1920/997/190 1923/1026/190 1924/1025/190
f 1925/1027/191 1926/1026/191 1927/1028/191
f 1925/1027/191 1927/1028/191 1928/1029/191
f 1929/1030/250 1930/1031/250 1931/1032/250
f 1929/1030/192 1931/1032/192 1932/1033/192
f 1933/1034/243 1934/1035/243 1935/1036/243
f 1933/1034/193 1935/1036/193 1936/1037/193
f 1937/1038/194 1938/1039/194 1939/1040/194
f 1937/1038/194 1939/1040/194 1940/1041/194
f 1941/1039/195 1942/1038/195 1943/1041/195
f 1941/1039/195 1943/1041/195 1944/1040/195
f 1945/1042/194 1937/1038/194 1940/1041/194
f 1945/1042/194 1940/1041/194 1946/1043/194
f 1942/1038/195 1947/1042/195 1948/1043/195
f 1942/1038/195 1948/1043/195 1943/1041/195
f 1929/1030/194 1945/1042/194 1946/1043/194
f 1929/1030/194 1946/1043/194 1949/1044/194
f 1947/1042/195 1950/1030/195 1951/1044/195
f 1947/1042/195 1951/1044/195 1948/1043/195
f 1930/1031/194 1929/1030/194 1949/1044/194
f 1930/1031/194 1949/1044/194 1952/1045/194
f 1950/1030/195 1953/1031/195 1954/1045/195
f 1950/1030/195 1954/1045/195 1951/1044/195
f 1955/1046/194 1930/1031/194 1952/1045/194
f 1955/1046/194 1952/1045/194 1956/1047/194
f 1953/1031/195 1957/1046/195 1958/1047/195
f 1953/1031/195 1958/1047/195 1954/1045/195
f 1959/1048/194 1955/1046/194 1956/1047/194
f 1959/1048/194 1956/1047/194 1960/1049/194
f 1957/1046/195 1961/1048/195 1962/1049/195
f 1957/1046/195 1962/1049/195 1958/1047/195
f 1963/1050/194 1959/1048/194 1960/1049/194
f 1963/1050/194 1960/1049/194 1964/1051/194
f 1961/1048/195 1965/1050/195 1966/1051/195
f 1961/1048/195 1966/1051/195 1962/1049/195
f 1967/1052/194 1963/1050/194 1964/1051/194
f 1967/1052/194 1964/1051/194 1968/1053/194
f 1965/1050/195 1969/1052/195 1970/1053/195
f 1965/1050/195 1970/1053/195 1966/1051/195
f 1971/1035/194 1967/1052/194 1968/1053/194
f 1971/1035/194 1968/1053/194 1972/1054/194
f 1969/1052/195 1934/1035/195 1973/1054/195
f 1969/1052/195 1973/1054/195 1970/1053/195
f 1974/1034/194 1971/1035/194 1972/1054/194
f 1974/1034/194 1972/1054/194 1975/1055/194
f 1934/1035/195 1933/1034/195 1976/1055/195
f 1934/1035/195 1976/1055/195 1973/1054/195
f 1977/1056/194 1974/1034/194 1975/1055/194
f 1977/1056/194 1975/1055/194 1978/1057/194
f 1933/1034/195 1979/1056/195 1980/1057/195
f 1933/1034/195 1980/1057/195 1976/1055/195
f 1981/1058/194 1977/1056/194 1978/1057/194
f 1981/1058/194 1978/1057/194 1982/1059/194
f 1979/1056/195 1983/1058/195 1984/1059/195
f 1979/1056/195 1984/1059/195 1980/1057/195
f 1985/1060/194 1981/1058/194 1982/1059/194
f 1985/1060/194 1982/1059/194 1986/1061/194
f 1983/1058/195 1987/1060/195 1988/1061/195
f 1983/1058/195 1988/1061/195 1984/1059/195
f 1989/1062/194 1985/1060/194 1986/1061/194
f 1989/1062/194 1986/1061/194 1990/1063/194
f 1987/1060/195 1991/1062/195 1992/1063/195
f 1987/1060/195 1992/1063/195 1988/1061/195
f 1993/1064/194 1989/1062/194 1990/1063/194
f 1993/1064/194 1990/1063/194 1994/1065/194
f 1991/1062/195 1995/1064/195 1996/1065/195
f 1991/1062/195 1996/1065/195 1992/1063/195
f 1997/1066/194 1993/1064/194 1994/1065/194
f 1997/1066/194 1994/1065/194 1998/1067/194
f 1995/1064/195 1999/1066/195 2000/1067/195
f 1995/1064/195 2000/1067/195 1996/1065/195
f 1938/1039/194 2001/1068/194 2002/1069/194
f 1938/1039/194 2002/1069/194 1939/1040/194
f 2003/1068/195 1941/1039/195 1944/1040/195
f 2003/1068/195 1944/1040/195 2004/1069/195
f 1999/1066/195 2005/1070/195 2006/1071/195
f 1999/1066/195 2006/1071/195 2000/1067/195
f 2007/1070/194 1997/1066/194 1998/1067/194
f 2007/1070/194 1998/1067/194 2008/1071/194
f 2009/1072/196 2010/1073/196 2011/1074/196
f 2009/1072/196 2011/1074/196 2012/1075/196
f 2013/1076/196 2014/1077/196 2015/1078/196
f 2013/1076/196 2015/1078/196 2016/1079/196
f 2017/656/196 2018/657/196 2019/658/196
f 2017/656/196 2019/658/196 2020/659/196
f 1974/1034/197 1977/1056/197 2021/1080/197
f 1974/1034/197 2021/1080/197 2022/1037/197
f 1953/1031/198 1950/1030/198 2023/1033/198
f 1953/1031/198 2023/1033/198 2024/1032/198
f 2025/1026/199 2026/1027/244 2027/1029/199
f 2025/1026/199 2027/1029/199 2028/1028/199
f 1979/1056/200 1933/1034/200 1936/1037/200
f 1979/1056/200 1936/1037/200 2029/1080/200
f 1930/1031/201 1955/1046/201 2030/1081/201
f 1930/1031/201 2030/1081/201 1931/1032/201
f 1997/1066/251 2007/1070/203 2031/1082/203
f 1997/1066/251 2031/1082/203 2032/1083/251
f 1977/1056/204 1981/1058/204 2033/1084/204
f 1977/1056/204 2033/1084/204 2021/1080/204
f 1957/1046/205 1953/1031/205 2024/1032/205
f 1957/1046/205 2024/1032/205 2034/1081/205
f 2035/1025/206 2025/1026/206 2028/1028/206
f 2035/1025/206 2028/1028/206 2036/1085/206
f 1983/1058/207 1979/1056/207 2029/1080/207
f 1983/1058/207 2029/1080/207 2037/1084/207
f 1955/1046/208 1959/1048/208 2038/1086/208
f 1955/1046/208 2038/1086/208 2030/1081/208
f 1926/1026/209 2039/1025/209 2040/1085/209
f 1926/1026/209 2040/1085/209 1927/1028/209
f 1981/1058/210 1985/1060/210 2041/1087/210
f 1981/1058/210 2041/1087/210 2033/1084/210
f 1961/1048/211 1957/1046/211 2034/1081/211
f 1961/1048/211 2034/1081/211 2042/1086/211
f 1987/1060/212 1983/1058/212 2037/1084/212
f 1987/1060/212 2037/1084/212 2043/1087/212
f 1959/1048/213 1963/1050/213 2044/1088/213
f 1959/1048/213 2044/1088/213 2038/1086/213
f 1985/1060/252 1989/1062/252 2045/1089/252
f 1985/1060/214 2045/1089/214 2041/1087/214
f 1965/1050/215 1961/1048/215 2042/1086/215
f 1965/1050/215 2042/1086/215 2046/1088/215
f 2047/1090/216 2048/1091/216 2049/1092/216
f 2047/1090/216 2049/1092/216 2050/1093/216
f 1991/1062/217 1987/1060/217 2043/1087/217
f 1991/1062/217 2043/1087/217 2051/1089/217
f 1963/1050/218 1967/1052/218 2052/1094/218
f 1963/1050/218 2052/1094/218 2044/1088/218
f 2053/1095/219 1925/1027/219 1928/1029/219
f 2053/1095/237 1928/1029/237 2054/1096/237
f 1989/1062/253 1993/1064/253 2055/1097/253
f 1989/1062/220 2055/1097/220 2045/1089/220
f 1969/1052/221 1965/1050/221 2046/1088/221
f 1969/1052/221 2046/1088/221 2056/1094/221
f 1937/1038/222 1945/1042/222 2057/1098/222
f 1937/1038/222 2057/1098/222 2058/1099/222
f 1995/1064/254 1991/1062/254 2051/1089/254
f 1995/1064/223 2051/1089/223 2059/1097/223
f 1967/1052/225 1971/1035/225 2060/1036/225
f 1967/1052/225 2060/1036/225 2052/1094/225
f 1947/1042/226 1942/1038/226 2061/1099/226
f 1947/1042/226 2061/1099/226 2062/1098/226
f 2063/1091/227 2064/1090/227 2065/1093/227
f 2063/1091/227 2065/1093/227 2066/1092/227
f 1934/1035/228 1969/1052/228 2056/1094/228
f 1934/1035/228 2056/1094/228 1935/1036/228
f 1945/1042/229 1929/1030/229 1932/1033/229
f 1945/1042/255 1932/1033/255 2057/1098/255
f 2026/1027/256 2067/1095/256 2068/1096/256
f 2026/1027/230 2068/1096/230 2027/1029/230
f 1971/1035/231 1974/1034/231 2022/1037/231
f 1971/1035/231 2022/1037/231 2060/1036/231
f 1950/1030/232 1947/1042/232 2062/1098/232
f 1950/1030/232 2062/1098/232 2023/1033/232
f 2001/1068/233 1938/1039/234 2069/1100/234
f 2001/1068/233 2069/1100/234 2070/1101/233
f 2071/1102/173 2072/1103/173 2073/1104/173
f 2071/1102/173 2073/1104/173 2074/1105/173
f 2074/1105/174 2073/1104/174 2075/1106/174
f 2074/1105/174 2075/1106/174 2076/1107/174
f 2076/1107/175 2075/1106/175 2077/1108/175
f 2076/1107/175 2077/1108/175 2078/1109/175
f 2078/1109/176 2077/1108/176 2079/1110/176
f 2078/1109/176 2079/1110/176 2080/1111/176
f 2081/1112/177 2082/1113/177 2083/1114/177
f 2081/1112/177 2083/1114/177 2084/1115/177
f 2084/1115/178 2083/1114/178 2085/1116/178
f 2084/1115/178 2085/1116/178 2086/1117/178
f 2086/1117/179 2085/1116/179 2087/1118/179
f 2086/1117/179 2087/1118/179 2088/1119/179
f 2088/1119/180 2087/1118/180 2089/1120/180
f 2088/1119/180 2089/1120/180 2090/1121/180
f 2090/1121/181 2089/1120/181 2091/1122/181
f 2090/1121/181 2091/1122/181 2092/1123/181
f 2092/1123/182 2091/1122/182 2093/1124/182
f 2092/1123/182 2093/1124/182 2094/1125/182
f 2094/1125/183 2093/1124/183 2095/1126/183
f 2094/1125/183 2095/1126/183 2096/1127/183
f 2096/1127/184 2095/1126/184 2097/1128/184
f 2096/1127/184 2097/1128/184 2098/1129/184
f 2099/1111/185 2100/1110/185 2101/1108/185
f 2099/1111/185 2101/1108/185 2102/1109/185
f 2102/1109/186 2101/1108/186 2103/1106/186
f 2102/1109/186 2103/1106/186 2104/1107/186
f 2104/1107/187 2103/1106/187 2105/1104/187
f 2104/1107/187 2105/1104/187 2106/1105/187
f 2106/1105/188 2105/1104/188 2107/1103/188
f 2106/1105/188 2107/1103/188 2108/1102/188
f 2072/1103/189 2071/1102/189 2109/1130/189
f 2072/1103/189 2109/1130/189 2110/1131/189
f 2108/1102/190 2107/1103/190 2111/1131/190
f 2108/1102/190 2111/1131/190 2112/1130/190
f 2113/1132/191 2114/1131/191 2115/1133/191
f 2113/1132/191 2115/1133/191 2116/1134/191
f 2117/1135/192 2118/1136/192 2119/1137/192
f 2117/1135/192 2119/1137/192 2120/1138/192
f 2121/1139/243 2122/1140/243 2123/1141/243
f 2121/1139/193 2123/1141/193 2124/1142/193
f 2125/1143/194 2126/1144/194 2127/1145/194
f 2125/1143/194 2127/1145/194 2128/1146/194
f 2129/1144/195 2130/1143/195 2131/1146/195
f 2129/1144/195 2131/1146/195 2132/1145/195
f 2133/1147/194 2125/1143/194 2128/1146/194
f 2133/1147/194 2128/1146/194 2134/1148/194
f 2130/1143/195 2135/1147/195 2136/1148/195
f 2130/1143/195 2136/1148/195 2131/1146/195
f 2117/1135/194 2133/1147/194 2134/1148/194
f 2117/1135/194 2134/1148/194 2137/1149/194
f 2135/1147/195 2138/1135/195 2139/1149/195
f 2135/1147/195 2139/1149/195 2136/1148/195
f 2118/1136/194 2117/1135/194 2137/1149/194
f 2118/1136/194 2137/1149/194 2140/1150/194
f 2138/1135/195 2141/1136/195 2142/1150/195
f 2138/1135/195 2142/1150/195 2139/1149/195
f 2143/1151/194 2118/1136/194 2140/1150/194
f 2143/1151/194 2140/1150/194 2144/1152/194
f 2141/1136/195 2145/1151/195 2146/1152/195
f 2141/1136/195 2146/1152/195 2142/1150/195
f 2147/1153/194 2143/1151/194 2144/1152/194
f 2147/1153/194 2144/1152/194 2148/1154/194
f 2145/1151/195 2149/1153/195 2150/1154/195
f 2145/1151/195 2150/1154/195 2146/1152/195
f 2151/1155/194 2147/1153/194 2148/1154/194
f 2151/1155/194 2148/1154/194 2152/1156/194
f 2149/1153/195 2153/1155/195 2154/1156/195
f 2149/1153/195 2154/1156/195 2150/1154/195
f 2155/1157/194 2151/1155/194 2152/1156/194
f 2155/1157/194 2152/1156/194 2156/1158/194
f 2153/1155/195 2157/1157/195 2158/1158/195
f 2153/1155/195 2158/1158/195 2154/1156/195
f 2159/1140/194 2155/1157/194 2156/1158/194
f 2159/1140/194 2156/1158/194 2160/1159/194
f 2157/1157/195 2122/1140/195 2161/1159/195
f 2157/1157/195 2161/1159/195 2158/1158/195
f 2162/1139/194 2159/1140/194 2160/1159/194
f 2162/1139/194 2160/1159/194 2163/1160/194
f 2122/1140/195 2121/1139/195 2164/1160/195
f 2122/1140/195 2164/1160/195 2161/1159/195
f 2165/1161/194 2162/1139/194 2163/1160/194
f 2165/1161/194 2163/1160/194 2166/1162/194
f 2121/1139/195 2167/1161/195 2168/1162/195
f 2121/1139/195 2168/1162/195 2164/1160/195
f 2169/1163/194 2165/1161/194 2166/1162/194
f 2169/1163/194 2166/1162/194 2170/1164/194
f 2167/1161/195 2171/1163/195 2172/1164/195
f 2167/1161/195 2172/1164/195 2168/1162/195
f 2173/1165/194 2169/1163/194 2170/1164/194
f 2173/1165/194 2170/1164/194 2174/1166/194
f 2171/1163/195 2175/1165/195 2176/1166/195
f 2171/1163/195 2176/1166/195 2172/1164/195
f 2177/1167/194 2173/1165/194 2174/1166/194
f 2177/1167/194 2174/1166/194 2178/1168/194
f 2175/1165/195 2179/1167/195 2180/1168/195
f 2175/1165/195 2180/1168/195 2176/1166/195
f 2181/1169/194 2177/1167/194 2178/1168/194
f 2181/1169/194 2178/1168/194 2182/1170/194
f 2179/1167/195 2183/1169/195 2184/1170/195
f 2179/1167/195 2184/1170/195 2180/1168/195
f 2185/1171/194 2181/1169/194 2182/1170/194
f 2185/1171/194 2182/1170/194 2186/1172/194
f 2183/1169/195 2187/1171/195 2188/1172/195
f 2183/1169/195 2188/1172/195 2184/1170/195
f 2126/1144/194 2189/1173/194 2190/1174/194
f 2126/1144/194 2190/1174/194 2127/1145/194
f 2191/1173/195 2129/1144/195 2132/1145/195
f 2191/1173/195 2132/1145/195 2192/1174/195
f 2187/1171/195 2193/1175/195 2194/1176/195
f 2187/1171/195 2194/1176/195 2188/1172/195
f 2195/1175/194 2185/1171/194 2186/1172/194
f 2195/1175/194 2186/1172/194 2196/1176/194
f 2197/1177/196 2198/1178/196 2199/1179/196
f 2197/1177/196 2199/1179/196 2200/1180/196
f 2201/1181/196 2202/1182/196 2203/1183/196
f 2201/1181/196 2203/1183/196 2204/1184/196
f 2205/656/196 2206/657/196 2207/658/196
f 2205/656/196 2207/658/196 2208/659/196
f 2162/1139/197 2165/1161/197 2209/1185/197
f 2162/1139/197 2209/1185/197 2210/1142/197
f 2141/1136/198 2138/1135/198 2211/1138/198
f 2141/1136/198 2211/1138/198 2212/1137/198
f 2213/1131/199 2214/1132/199 2215/1134/199
f 2213/1131/199 2215/1134/199 2216/1133/199
f 2167/1161/200 2121/1139/200 2124/1142/200
f 2167/1161/200 2124/1142/200 2217/1185/200
f 2118/1136/201 2143/1151/201 2218/1186/201
f 2118/1136/201 2218/1186/201 2119/1137/201
f 2185/1171/202 2195/1175/203 2219/1187/203
f 2185/1171/202 2219/1187/203 2220/1188/202
f 2165/1161/204 2169/1163/204 2221/1189/204
f 2165/1161/204 2221/1189/204 2209/1185/204
f 2145/1151/205 2141/1136/205 2212/1137/205
f 2145/1151/205 2212/1137/205 2222/1186/205
f 2223/1130/206 2213/1131/206 2216/1133/206
f 2223/1130/206 2216/1133/206 2224/1190/206
f 2171/1163/207 2167/1161/207 2217/1185/207
f 2171/1163/207 2217/1185/207 2225/1189/207
f 2143/1151/208 2147/1153/208 2226/1191/208
f 2143/1151/208 2226/1191/208 2218/1186/208
f 2114/1131/209 2227/1130/209 2228/1190/209
f 2114/1131/209 2228/1190/209 2115/1133/209
f 2169/1163/210 2173/1165/210 2229/1192/210
f 2169/1163/210 2229/1192/210 2221/1189/210
f 2149/1153/211 2145/1151/211 2222/1186/211
f 2149/1153/257 2222/1186/257 2230/1191/257
f 2175/1165/212 2171/1163/212 2225/1189/212
f 2175/1165/212 2225/1189/212 2231/1192/212
f 2147/1153/258 2151/1155/258 2232/1193/258
f 2147/1153/213 2232/1193/213 2226/1191/213
f 2173/1165/252 2177/1167/252 2233/1194/252
f 2173/1165/214 2233/1194/214 2229/1192/214
f 2153/1155/215 2149/1153/215 2230/1191/215
f 2153/1155/215 2230/1191/215 2234/1193/215
f 2235/1195/216 2236/1196/216 2237/1197/216
f 2235/1195/216 2237/1197/216 2238/1198/216
f 2179/1167/217 2175/1165/217 2231/1192/217
f 2179/1167/217 2231/1192/217 2239/1194/217
f 2151/1155/218 2155/1157/218 2240/1199/218
f 2151/1155/218 2240/1199/218 2232/1193/218
f 2241/1200/219 2113/1132/219 2116/1134/219
f 2241/1200/237 2116/1134/237 2242/1201/237
f 2177/1167/253 2181/1169/253 2243/1202/253
f 2177/1167/220 2243/1202/220 2233/1194/220
f 2157/1157/221 2153/1155/221 2234/1193/221
f 2157/1157/221 2234/1193/221 2244/1199/221
f 2125/1143/222 2133/1147/222 2245/1203/222
f 2125/1143/222 2245/1203/222 2246/1204/222
f 2183/1169/223 2179/1167/223 2239/1194/223
f 2183/1169/223 2239/1194/223 2247/1202/223
f 2155/1157/224 2159/1140/224 2248/1141/224
f 2155/1157/224 2248/1141/224 2240/1199/224
f 2135/1147/226 2130/1143/226 2249/1204/226
f 2135/1147/226 2249/1204/226 2250/1203/226
f 2251/1196/227 2252/1195/227 2253/1198/227
f 2251/1196/248 2253/1198/248 2254/1197/248
f 2122/1140/228 2157/1157/228 2244/1199/228
f 2122/1140/228 2244/1199/228 2123/1141/228
f 2133/1147/229 2117/1135/229 2120/1138/229
f 2133/1147/255 2120/1138/255 2245/1203/255
f 2214/1132/242 2255/1200/242 2256/1201/242
f 2214/1132/230 2256/1201/230 2215/1134/230
f 2159/1140/231 2162/1139/231 2210/1142/231
f 2159/1140/231 2210/1142/231 2248/1141/231
f 2138/1135/249 2135/1147/249 2250/1203/249
f 2138/1135/232 2250/1203/232 2211/1138/232
f 2189/1173/233 2126/1144/234 2257/1205/234
f 2189/1173/233 2257/1205/234 2258/1206/233
f 2259/1207/259 2260/1208/259 2261/1209/259
f 2260/1208/260 2259/1207/261 2262/1210/260
f 2262/1210/260 2259/1207/261 2263/1211/260
f 2263/1211/260 2259/1207/261 2264/1212/261
f 2264/1212/261 2259/1207/261 2265/1213/261
f 2265/1213/261 2259/1207/261 2266/1214/261
f 2266/1214/262 2259/1207/262 2267/1215/262
f 2267/1215/263 2259/1207/263 2268/1216/263
f 2268/1216/261 2259/1207/261 2269/1217/261
f 2269/1217/264 2259/1207/264 2270/1218/264
f 2270/1218/265 2259/1207/265 2271/1219/265
f 2271/1219/266 2259/1207/266 2272/1220/266
f 2272/1220/267 2259/1207/267 2273/1221/267
f 2273/1221/264 2259/1207/260 2274/1222/264
f 2274/1222/264 2259/1207/260 2275/1223/264
f 2275/1223/264 2259/1207/260 2276/1224/260
f 2276/1224/260 2259/1207/260 2277/1225/260
f 2278/1210/268 2279/1209/268 2280/1208/268
f 2279/1209/269 2278/1210/269 2281/1207/269
f 2281/1207/270 2278/1210/268 2282/1211/268
f 2281/1207/270 2282/1211/268 2283/1212/268
f 2281/1207/270 2283/1212/268 2284/1213/271
f 2281/1207/270 2284/1213/271 2285/1214/268
f 2281/1207/270 2285/1214/268 2286/1215/268
f 2281/1207/268 2286/1215/268 2287/1216/268
f 2281/1207/272 2287/1216/272 2288/1217/272
f 2281/1207/270 2288/1217/270 2289/1218/270
f 2281/1207/268 2289/1218/268 2290/1219/268
f 2281/1207/268 2290/1219/270 2291/1220/268
f 2281/1207/268 2291/1220/268 2292/1221/268
f 2281/1207/268 2292/1221/268 2293/1222/268
f 2281/1207/268 2293/1222/268 2294/1223/270
f 2281/1207/268 2294/1223/270 2295/1224/268
f 2281/1207/268 2295/1224/268 2296/1225/268
f 2297/1207/259 2298/1208/259 2299/1209/259
f 2298/1208/260 2297/1207/260 2300/1210/261
f 2300/1210/261 2297/1207/260 2301/1211/261
f 2301/1211/261 2297/1207/260 2302/1212/261
f 2302/1212/263 2297/1207/263 2303/1213/263
f 2303/1213/261 2297/1207/261 2304/1214/261
f 2304/1214/262 2297/1207/262 2305/1215/262
f 2305/1215/263 2297/1207/263 2306/1216/263
f 2306/1216/261 2297/1207/261 2307/1217/261
f 2307/1217/264 2297/1207/264 2308/1218/264
f 2308/1218/265 2297/1207/265 2309/1219/265
f 2309/1219/266 2297/1207/266 2310/1220/266
f 2310/1220/264 2297/1207/264 2311/1221/264
f 2311/1221/265 2297/1207/264 2312/1222/264
f 2312/1222/264 2297/1207/264 2313/1223/260
f 2313/1223/260 2297/1207/264 2314/1224/260
f 2314/1224/260 2297/1207/264 2315/1225/260
f 2316/1210/268 2317/1209/268 2318/1208/268
f 2317/1209/269 2316/1210/269 2319/1207/269
f 2319/1207/268 2316/1210/268 2320/1211/268
f 2319/1207/268 2320/1211/268 2321/1212/268
f 2319/1207/268 2321/1212/268 2322/1213/271
f 2319/1207/268 2322/1213/271 2323/1214/271
f 2319/1207/268 2323/1214/271 2324/1215/268
f 2319/1207/268 2324/1215/268 2325/1216/270
f 2319/1207/271 2325/1216/271 2326/1217/271
f 2319/1207/270 2326/1217/270 2327/1218/270
f 2319/1207/268 2327/1218/268 2328/1219/268
f 2319/1207/268 2328/1219/268 2329/1220/268
f 2319/1207/268 2329/1220/268 2330/1221/268
f 2319/1207/268 2330/1221/268 2331/1222/268
f 2319/1207/268 2331/1222/268 2332/1223/268
f 2319/1207/268 2332/1223/268 2333/1224/268
f 2319/1207/268 2333/1224/268 2334/1225/268
f 2335/1207/259 2336/1208/259 2337/1209/259
f 2336/1208/260 2335/1207/260 2338/1210/260
f 2338/1210/260 2335/1207/260 2339/1211/260
f 2339/1211/260 2335/1207/260 2340/1212/264
f 2340/1212/263 2335/1207/263 2341/1213/263
f 2341/1213/264 2335/1207/264 2342/1214/264
f 2342/1214/264 2335/1207/264 2343/1215/264
f 2343/1215/263 2335/1207/263 2344/1216/263
f 2344/1216/261 2335/1207/261 2345/1217/261
f 2345/1217/264 2335/1207/264 2346/1218/264
f 2346/1218/263 2335/1207/263 2347/1219/263
f 2347/1219/260 2335/1207/260 2348/1220/260
f 2348/1220/264 2335/1207/264 2349/1221/264
f 2349/1221/264 2335/1207/260 2350/1222/264
f 2350/1222/264 2335/1207/260 2351/1223/260
f 2351/1223/260 2335/1207/260 2352/1224/260
f 2352/1224/260 2335/1207/260 2353/1225/260
f 2354/1210/268 2355/1209/268 2356/1208/268
f 2355/1209/269 2354/1210/269 2357/1207/269
f 2357/1207/271 2354/1210/271 2358/1211/268
f 2357/1207/271 2358/1211/268 2359/1212/271
f 2357/1207/271 2359/1212/271 2360/1213/271
f 2357/1207/271 2360/1213/271 2361/1214/271
f 2357/1207/273 2361/1214/273 2362/1215/273
f 2357/1207/274 2362/1215/274 2363/1216/274
f 2357/1207/275 2363/1216/275 2364/1217/275
f 2357/1207/270 2364/1217/270 2365/1218/270
f 2357/1207/276 2365/1218/276 2366/1219/276
f 2357/1207/270 2366/1219/270 2367/1220/270
f 2357/1207/270 2367/1220/270 2368/1221/270
f 2357/1207/270 2368/1221/270 2369/1222/268
f 2357/1207/270 2369/1222/268 2370/1223/270
f 2357/1207/270 2370/1223/270 2371/1224/268
f 2357/1207/270 2371/1224/268 2372/1225/268
f 2373/1207/259 2374/1208/259 2375/1209/259
f 2374/1208/261 2373/1207/260 2376/1210/261
f 2376/1210/261 2373/1207/260 2377/1211/261
f 2377/1211/261 2373/1207/260 2378/1212/260
f 2378/1212/263 2373/1207/263 2379/1213/263
f 2379/1213/277 2373/1207/277 2380/1214/277
f 2380/1214/262 2373/1207/262 2381/1215/262
f 2381/1215/263 2373/1207/263 2382/1216/263
f 2382/1216/261 2373/1207/261 2383/1217/261
f 2383/1217/264 2373/1207/264 2384/1218/264
f 2384/1218/265 2373/1207/265 2385/1219/265
f 2385/1219/266 2373/1207/266 2386/1220/266
f 2386/1220/267 2373/1207/267 2387/1221/267
f 2387/1221/265 2373/1207/264 2388/1222/264
f 2388/1222/264 2373/1207/264 2389/1223/265
f 2389/1223/265 2373/1207/264 2390/1224/260
f 2390/1224/260 2373/1207/264 2391/1225/260
f 2392/1210/268 2393/1209/268 2394/1208/268
f 2393/1209/269 2392/1210/269 2395/1207/269
f 2395/1207/270 2392/1210/271 2396/1211/268
f 2395/1207/270 2396/1211/268 2397/1212/268
f 2395/1207/270 2397/1212/268 2398/1213/271
f 2395/1207/270 2398/1213/271 2399/1214/268
f 2395/1207/270 2399/1214/268 2400/1215/270
f 2395/1207/268 2400/1215/268 2401/1216/268
f 2395/1207/275 2401/1216/275 2402/1217/275
f 2395/1207/278 2402/1217/278 2403/1218/278
f 2395/1207/268 2403/1218/268 2404/1219/268
f 2395/1207/268 2404/1219/268 2405/1220/268
f 2395/1207/268 2405/1220/268 2406/1221/268
f 2395/1207/268 2406/1221/268 2407/1222/268
f 2395/1207/268 2407/1222/268 2408/1223/268
f 2395/1207/268 2408/1223/268 2409/1224/268
f 2395/1207/268 2409/1224/268 2410/1225/268
f 2411/1207/259 2412/1208/259 2413/1209/259
f 2412/1208/260 2411/1207/261 2414/1210/260
f 2414/1210/260 2411/1207/261 2415/1211/260
f 2415/1211/260 2411/1207/261 2416/1212/261
f 2416/1212/261 2411/1207/261 2417/1213/261
f 2417/1213/261 2411/1207/261 2418/1214/261
f 2418/1214/262 2411/1207/262 2419/1215/262
f 2419/1215/279 2411/1207/279 2420/1216/279
f 2420/1216/261 2411/1207/261 2421/1217/261
f 2421/1217/264 2411/1207/264 2422/1218/264
f 2422/1218/263 2411/1207/263 2423/1219/263
f 2423/1219/260 2411/1207/260 2424/1220/260
f 2424/1220/267 2411/1207/267 2425/1221/267
f 2425/1221/264 2411/1207/260 2426/1222/264
f 2426/1222/264 2411/1207/260 2427/1223/264
f 2427/1223/264 2411/1207/260 2428/1224/260
f 2428/1224/260 2411/1207/260 2429/1225/260
f 2430/1210/268 2431/1209/268 2432/1208/268
f 2431/1209/269 2430/1210/269 2433/1207/269
f 2433/1207/271 2430/1210/268 2434/1211/268
f 2433/1207/271 2434/1211/268 2435/1212/271
f 2433/1207/271 2435/1212/271 2436/1213/271
f 2433/1207/271 2436/1213/271 2437/1214/271
f 2433/1207/273 2437/1214/273 2438/1215/273
f 2433/1207/268 2438/1215/268 2439/1216/268
f 2433/1207/271 2439/1216/271 2440/1217/271
f 2433/1207/270 2440/1217/270 2441/1218/270
f 2433/1207/276 2441/1218/276 2442/1219/276
f 2433/1207/270 2442/1219/270 2443/1220/270
f 2433/1207/270 2443/1220/270 2444/1221/270
f 2433/1207/270 2444/1221/270 2445/1222/268
f 2433/1207/270 2445/1222/268 2446/1223/270
f 2433/1207/270 2446/1223/270 2447/1224/268
f 2433/1207/270 2447/1224/268 2448/1225/268
f 2449/1207/259 2450/1208/259 2451/1209/259
f 2450/1208/260 2449/1207/260 2452/1210/260
f 2452/1210/260 2449/1207/260 2453/1211/260
f 2453/1211/260 2449/1207/260 2454/1212/264
f 2454/1212/263 2449/1207/263 2455/1213/263
f 2455/1213/261 2449/1207/261 2456/1214/261
f 2456/1214/264 2449/1207/264 2457/1215/264
f 2457/1215/263 2449/1207/263 2458/1216/263
f 2458/1216/261 2449/1207/261 2459/1217/261
f 2459/1217/264 2449/1207/264 2460/1218/264
f 2460/1218/263 2449/1207/263 2461/1219/263
f 2461/1219/266 2449/1207/266 2462/1220/266
f 2462/1220/267 2449/1207/267 2463/1221/267
f 2463/1221/264 2449/1207/260 2464/1222/264
f 2464/1222/264 2449/1207/260 2465/1223/264
f 2465/1223/264 2449/1207/260 2466/1224/260
f 2466/1224/260 2449/1207/260 2467/1225/260
f 2468/1210/268 2469/1209/268 2470/1208/268
f 2469/1209/269 2468/1210/269 2471/1207/269
f 2471/1207/268 2468/1210/268 2472/1211/268
f 2471/1207/268 2472/1211/268 2473/1212/271
f 2471/1207/268 2473/1212/271 2474/1213/271
f 2471/1207/268 2474/1213/271 2475/1214/271
f 2471/1207/268 2475/1214/271 2476/1215/271
f 2471/1207/274 2476/1215/274 2477/1216/274
f 2471/1207/271 2477/1216/271 2478/1217/271
f 2471/1207/270 2478/1217/270 2479/1218/270
f 2471/1207/276 2479/1218/276 2480/1219/276
f 2471/1207/270 2480/1219/280 2481/1220/270
f 2471/1207/270 2481/1220/270 2482/1221/270
f 2471/1207/270 2482/1221/270 2483/1222/268
f 2471/1207/270 2483/1222/268 2484/1223/270
f 2471/1207/270 2484/1223/270 2485/1224/268
f 2471/1207/270 2485/1224/268 2486/1225/268
# Vertices: 1356, normals: 108, texture coordinates: 653, faces: 1344

o obj4
v 5.31853869 0.23845953 1.35013251
v 5.80317934 0.23845965 1.35013263
v 5.80317934 0.23794624 1.34491985
v 5.31853869 0.23794612 1.34491974
v 5.80317935 0.23642573 1.3399074
v 5.31853869 0.23642562 1.33990729
v 5.80317935 0.23395655 1.3352879
v 5.31853869 0.23395644 1.33528778
v 5.80317935 0.23063361 1.33123887
v 5.31853869 0.23063348 1.33123876
v 5.31853869 0.23063348 1.33123876
v 5.80317935 0.23063361 1.33123887
v 5.80317935 0.22658458 1.32791592
v 5.31853869 0.22658446 1.3279158
v 5.80317935 0.22196508 1.32544675
v 5.31853869 0.22196496 1.32544662
v 5.80317935 0.21695262 1.32392624
v 5.3185387 0.21695251 1.32392611
v 5.80317936 0.21173985 1.32341281
v 5.3185387 0.21173973 1.3234127
v 5.80317936 0.20652707 1.32392624
v 5.3185387 0.20652696 1.32392611
v 5.80317936 0.20151462 1.32544675
v 5.3185387 0.2015145 1.32544662
v 5.80317936 0.19689512 1.32791591
v 5.3185387 0.196895 1.3279158
v 5.80317936 0.19284609 1.33123886
v 5.3185387 0.19284597 1.33123875
v 5.3185387 0.19284597 1.33123875
v 5.80317936 0.19284609 1.33123886
v 5.80317936 0.18952314 1.33528789
v 5.3185387 0.18952302 1.33528777
v 5.80317936 0.18705396 1.33990739
v 5.3185387 0.18705384 1.33990728
v 5.80317936 0.18553345 1.34491984
v 5.3185387 0.18553333 1.34491973
v 5.80317936 0.18502003 1.35013262
v 5.3185387 0.18501992 1.3501325
v 5.31853861 0.23845945 1.68532938
v 5.80317926 0.23845957 1.68532949
v 5.80317928 0.18501995 1.68532948
v 5.31853862 0.18501984 1.68532937
v 5.80317934 0.23325881 1.35038812
v 5.80317926 0.23325873 1.68532949
v 5.79843876 0.23385122 1.67896703
v 5.79675878 0.23385129 1.3497678
v 5.31853869 0.22961117 1.3381912
v 5.31853869 0.22693813 1.33493411
v 5.32496536 0.22735663 1.33388835
v 5.32496536 0.23010325 1.33723511
v 5.80317936 0.20351453 1.33027495
v 5.80317936 0.20754662 1.32905183
v 5.79675879 0.20743127 1.32784413
v 5.7967588 0.20328818 1.32910093
v 5.31853869 0.23282053 1.34593928
v 5.31853869 0.23325869 1.35038801
v 5.31853869 0.23845953 1.35013251
v 5.31853869 0.23794612 1.34491974
v 5.80317934 0.23325881 1.35038812
v 5.80317935 0.23282064 1.3459394
v 5.80317934 0.23794624 1.34491985
v 5.80317934 0.23845965 1.35013263
v 5.31853869 0.23159741 1.34190719
v 5.31853869 0.23642562 1.33990729
v 5.80317935 0.23159753 1.34190731
v 5.80317935 0.23642573 1.3399074
v 5.31853869 0.23395644 1.33528778
v 5.80317935 0.22961129 1.33819132
v 5.80317935 0.23395655 1.3352879
v 5.31853869 0.23063348 1.33123876
v 5.80317935 0.22693826 1.33493422
v 5.80317935 0.23063361 1.33123887
v 5.31853869 0.22368104 1.33226107
v 5.31853869 0.22658446 1.3279158
v 5.80317935 0.22368117 1.33226118
v 5.80317935 0.22658458 1.32791592
v 5.31853869 0.21996504 1.33027482
v 5.31853869 0.22196496 1.32544662
v 5.80317935 0.21996517 1.33027495
v 5.80317935 0.22196508 1.32544675
v 5.3185387 0.21593296 1.3290517
v 5.3185387 0.21695251 1.32392611
v 5.80317935 0.21593307 1.32905183
v 5.80317935 0.21695262 1.32392624
v 5.3185387 0.21173973 1.32863871
v 5.3185387 0.21173973 1.3234127
v 5.80317935 0.21173985 1.32863883
v 5.80317936 0.21173985 1.32341281
v 5.3185387 0.2075465 1.3290517
v 5.3185387 0.20652696 1.32392611
v 5.80317936 0.20652707 1.32392624
v 5.3185387 0.20351441 1.33027482
v 5.3185387 0.2015145 1.32544662
v 5.80317936 0.20151462 1.32544675
v 5.3185387 0.19979842 1.33226106
v 5.3185387 0.196895 1.3279158
v 5.80317936 0.19979853 1.33226118
v 5.80317936 0.19689512 1.32791591
v 5.3185387 0.19654132 1.3349341
v 5.3185387 0.19284597 1.33123875
v 5.80317936 0.19654144 1.33493421
v 5.80317936 0.19284609 1.33123886
v 5.3185387 0.19386829 1.33819119
v 5.3185387 0.18952302 1.33528777
v 5.80317936 0.19386841 1.33819131
v 5.80317936 0.18952314 1.33528789
v 5.3185387 0.19188204 1.34190718
v 5.3185387 0.18705384 1.33990728
v 5.80317936 0.19188217 1.3419073
v 5.80317936 0.18705396 1.33990739
v 5.3185387 0.19065892 1.34593927
v 5.3185387 0.18553333 1.34491973
v 5.80317936 0.19065904 1.34593939
v 5.80317936 0.18553345 1.34491984
v 5.3185387 0.19022076 1.350388
v 5.3185387 0.18501992 1.3501325
v 5.80317935 0.19022088 1.35038813
v 5.80317936 0.18502003 1.35013262
v 5.31853861 0.23325861 1.68532938
v 5.31853861 0.23845945 1.68532938
v 5.80317926 0.23325873 1.68532949
v 5.80317926 0.23845957 1.68532949
v 5.80317927 0.1902208 1.68532948
v 5.80317928 0.18501995 1.68532948
v 5.31853862 0.19022068 1.68532937
v 5.31853862 0.18501984 1.68532937
v 5.80317927 0.1902208 1.68532948
v 5.31853862 0.19022068 1.68532937
v 5.31853862 0.18501984 1.68532937
v 5.80317928 0.18501995 1.68532948
v 5.31853861 0.23325861 1.68532938
v 5.80317926 0.23325873 1.68532949
v 5.80317926 0.23845957 1.68532949
v 5.31853861 0.23845945 1.68532938
v 5.32113 0.18962837 1.67896691
v 5.79843877 0.18962849 1.67896702
v 5.79843876 0.23385122 1.67896703
v 5.32112999 0.2338511 1.67896692
v 5.32496537 0.19946977 1.33114172
v 5.32496537 0.20328806 1.32910079
v 5.79675879 0.23010336 1.33723522
v 5.79675879 0.22735675 1.33388846
v 5.80317927 0.1902208 1.68532948
v 5.80317935 0.19022088 1.35038813
v 5.79675879 0.18962857 1.3497678
v 5.79843877 0.18962849 1.67896702
v 5.7967588 0.19946988 1.33114183
v 5.32496536 0.22400987 1.33114172
v 5.32113 0.18962837 1.67896691
v 5.32496537 0.18962845 1.34976768
v 5.32496537 0.19612301 1.33388834
v 5.79675879 0.22400999 1.33114184
v 5.31853862 0.19022068 1.68532937
v 5.32113 0.18962837 1.67896691
v 5.7967588 0.19612313 1.33388846
v 5.32496537 0.22019157 1.32910079
v 5.31853861 0.23325861 1.68532938
v 5.32112999 0.2338511 1.67896692
v 5.32496537 0.19337639 1.3372351
v 5.79675879 0.2201917 1.32910093
v 5.7967588 0.19337651 1.33723521
v 5.32496537 0.21604849 1.32784401
v 5.32496537 0.19133547 1.3410534
v 5.79675879 0.2160486 1.32784413
v 5.31853869 0.23325869 1.35038801
v 5.31853869 0.23282053 1.34593928
v 5.32496536 0.23340096 1.3451965
v 5.32496536 0.23385118 1.34976769
v 5.7967588 0.19133559 1.34105351
v 5.32496537 0.21173982 1.32741964
v 5.80317935 0.23282064 1.3459394
v 5.79675878 0.23340107 1.34519661
v 5.32496537 0.19007868 1.34519649
v 5.79675879 0.21173993 1.32741975
v 5.32496536 0.23214417 1.34105341
v 5.32496536 0.23340096 1.3451965
v 5.79675879 0.19007879 1.3451966
v 5.32496537 0.20743115 1.327844
v 5.79675878 0.23340107 1.34519661
v 5.79675879 0.23214428 1.34105352
v 5.3185387 0.19065892 1.34593927
v 5.3185387 0.19022076 1.350388
v 5.32496537 0.18962845 1.34976768
v 5.32496537 0.19007868 1.34519649
v 5.80317936 0.19065904 1.34593939
v 5.79675879 0.19007879 1.3451966
v 5.32496536 0.23385118 1.34976769
v 5.32112999 0.2338511 1.67896692
v 5.31853867 0.29457113 1.35013253
v 5.80317933 0.29457125 1.35013264
v 5.80317933 0.29405784 1.34491987
v 5.31853867 0.29405772 1.34491975
v 5.80317933 0.29253733 1.33990742
v 5.31853867 0.29253721 1.3399073
v 5.80317933 0.29006815 1.33528791
v 5.31853868 0.29006803 1.3352878
v 5.80317934 0.2867452 1.33123889
v 5.31853868 0.28674508 1.33123877
v 5.31853868 0.28674508 1.33123877
v 5.80317934 0.2867452 1.33123889
v 5.80317934 0.28269618 1.32791593
v 5.31853868 0.28269605 1.32791582
v 5.80317934 0.27807667 1.32544676
v 5.31853868 0.27807655 1.32544664
v 5.80317934 0.27306422 1.32392625
v 5.31853868 0.2730641 1.32392612
v 5.80317934 0.26785144 1.32341283
v 5.31853868 0.26785133 1.32341271
v 5.80317934 0.26263867 1.32392625
v 5.31853869 0.26263855 1.32392612
v 5.80317934 0.25762622 1.32544676
v 5.31853869 0.2576261 1.32544663
v 5.80317934 0.25300672 1.32791592
v 5.31853869 0.25300659 1.32791581
v 5.80317935 0.24895769 1.33123888
v 5.31853869 0.24895757 1.33123876
v 5.31853869 0.24895757 1.33123876
v 5.80317935 0.24895769 1.33123888
v 5.80317934 0.24563473 1.3352879
v 5.31853869 0.24563462 1.33528779
v 5.80317934 0.24316556 1.33990741
v 5.31853869 0.24316544 1.33990729
v 5.80317934 0.24164505 1.34491985
v 5.31853869 0.24164493 1.34491974
v 5.80317934 0.24113163 1.35013263
v 5.31853868 0.24113151 1.35013251
v 5.31853859 0.29457105 1.68532939
v 5.80317925 0.29457117 1.68532951
v 5.80317926 0.24113155 1.68532949
v 5.3185386 0.24113143 1.68532938
v 5.80317933 0.2893704 1.35038814
v 5.80317925 0.28937032 1.68532951
v 5.79843875 0.28996281 1.67896705
v 5.79675877 0.28996289 1.34976781
v 5.31853868 0.28572277 1.33819122
v 5.31853868 0.28304973 1.33493412
v 5.32496535 0.28346822 1.33388837
v 5.32496535 0.28621484 1.33723512
v 5.80317934 0.25962612 1.33027496
v 5.80317934 0.26365821 1.32905184
v 5.79675878 0.26354287 1.32784414
v 5.79675878 0.25939978 1.32910094
v 5.31853867 0.28893212 1.3459393
v 5.31853867 0.28937029 1.35038802
v 5.31853867 0.29457113 1.35013253
v 5.31853867 0.29405772 1.34491975
v 5.80317933 0.2893704 1.35038814
v 5.80317933 0.28893224 1.34593941
v 5.80317933 0.29405784 1.34491987
v 5.80317933 0.29457125 1.35013264
v 5.31853868 0.28770901 1.3419072
v 5.31853867 0.29253721 1.3399073
v 5.80317933 0.28770912 1.34190732
v 5.80317933 0.29253733 1.33990742
v 5.31853868 0.29006803 1.3352878
v 5.80317933 0.28572288 1.33819133
v 5.80317933 0.29006815 1.33528791
v 5.31853868 0.28674508 1.33123877
v 5.80317934 0.28304985 1.33493423
v 5.80317934 0.2867452 1.33123889
v 5.31853868 0.27979263 1.33226108
v 5.31853868 0.28269605 1.32791582
v 5.80317934 0.27979276 1.3322612
v 5.80317934 0.28269618 1.32791593
v 5.31853868 0.27607664 1.33027484
v 5.31853868 0.27807655 1.32544664
v 5.80317934 0.27607677 1.33027496
v 5.80317934 0.27807667 1.32544676
v 5.31853868 0.27204455 1.32905171
v 5.31853868 0.2730641 1.32392612
v 5.80317934 0.27204467 1.32905184
v 5.80317934 0.27306422 1.32392625
v 5.31853868 0.26785133 1.32863872
v 5.31853868 0.26785133 1.32341271
v 5.80317934 0.26785144 1.32863884
v 5.80317934 0.26785144 1.32341283
v 5.31853868 0.26365809 1.32905171
v 5.31853869 0.26263855 1.32392612
v 5.80317934 0.26263867 1.32392625
v 5.31853868 0.25962601 1.33027483
v 5.31853869 0.2576261 1.32544663
v 5.80317934 0.25762622 1.32544676
v 5.31853869 0.25591001 1.33226108
v 5.31853869 0.25300659 1.32791581
v 5.80317934 0.25591013 1.33226119
v 5.80317934 0.25300672 1.32791592
v 5.31853869 0.25265291 1.33493411
v 5.31853869 0.24895757 1.33123876
v 5.80317934 0.25265304 1.33493423
v 5.80317935 0.24895769 1.33123888
v 5.31853869 0.24997988 1.33819121
v 5.31853869 0.24563462 1.33528779
v 5.80317934 0.24998 1.33819132
v 5.80317934 0.24563473 1.3352879
v 5.31853868 0.24799364 1.3419072
v 5.31853869 0.24316544 1.33990729
v 5.80317934 0.24799376 1.34190731
v 5.80317934 0.24316556 1.33990741
v 5.31853868 0.24677052 1.34593929
v 5.31853869 0.24164493 1.34491974
v 5.80317934 0.24677064 1.3459394
v 5.80317934 0.24164505 1.34491985
v 5.31853868 0.24633236 1.35038801
v 5.31853868 0.24113151 1.35013251
v 5.80317934 0.24633247 1.35038814
v 5.80317934 0.24113163 1.35013263
v 5.31853859 0.28937021 1.68532939
v 5.31853859 0.29457105 1.68532939
v 5.80317925 0.28937032 1.68532951
v 5.80317925 0.29457117 1.68532951
v 5.80317926 0.24633239 1.6853295
v 5.80317926 0.24113155 1.68532949
v 5.3185386 0.24633228 1.68532938
v 5.3185386 0.24113143 1.68532938
v 5.80317926 0.24633239 1.6853295
v 5.3185386 0.24633228 1.68532938
v 5.3185386 0.24113143 1.68532938
v 5.80317926 0.24113155 1.68532949
v 5.31853859 0.28937021 1.68532939
v 5.80317925 0.28937032 1.68532951
v 5.80317925 0.29457117 1.68532951
v 5.31853859 0.29457105 1.68532939
v 5.32112999 0.24573997 1.67896692
v 5.79843876 0.24574008 1.67896704
v 5.79843875 0.28996281 1.67896705
v 5.32112997 0.2899627 1.67896693
v 5.32496536 0.25558136 1.33114173
v 5.32496536 0.25939966 1.3291008
v 5.79675877 0.28621496 1.33723523
v 5.79675878 0.28346834 1.33388848
v 5.80317926 0.24633239 1.6853295
v 5.80317934 0.24633247 1.35038814
v 5.79675878 0.24574016 1.34976782
v 5.79843876 0.24574008 1.67896704
v 5.79675878 0.25558148 1.33114184
v 5.32496535 0.28012146 1.33114174
v 5.32112999 0.24573997 1.67896692
v 5.32496535 0.24574005 1.34976769
v 5.32496536 0.2522346 1.33388836
v 5.79675878 0.28012158 1.33114185
v 5.3185386 0.24633228 1.68532938
v 5.32112999 0.24573997 1.67896692
v 5.79675878 0.25223472 1.33388847
v 5.32496535 0.27630317 1.32910081
v 5.31853859 0.28937021 1.68532939
v 5.32112997 0.2899627 1.67896693
v 5.32496536 0.24948799 1.33723511
v 5.79675878 0.2763033 1.32910094
v 5.79675878 0.2494881 1.33723522
v 5.32496535 0.27216009 1.32784402
v 5.32496536 0.24744706 1.34105341
v 5.79675878 0.27216019 1.32784415
v 5.31853867 0.28937029 1.35038802
v 5.31853867 0.28893212 1.3459393
v 5.32496534 0.28951256 1.34519651
v 5.32496534 0.28996278 1.3497677
v 5.79675878 0.24744718 1.34105352
v 5.32496535 0.26785142 1.32741965
v 5.80317933 0.28893224 1.34593941
v 5.79675877 0.28951267 1.34519662
v 5.32496536 0.24619027 1.3451965
v 5.79675878 0.26785153 1.32741977
v 5.32496535 0.28825577 1.34105342
v 5.32496534 0.28951256 1.34519651
v 5.79675878 0.24619039 1.34519661
v 5.32496536 0.26354275 1.32784402
v 5.79675877 0.28951267 1.34519662
v 5.79675877 0.28825588 1.34105353
v 5.31853868 0.24677052 1.34593929
v 5.31853868 0.24633236 1.35038801
v 5.32496535 0.24574005 1.34976769
v 5.32496536 0.24619027 1.3451965
v 5.80317934 0.24677064 1.3459394
v 5.79675878 0.24619039 1.34519661
v 5.32496534 0.28996278 1.3497677
v 5.32112997 0.2899627 1.67896693
v 5.79843877 0.18962849 1.67896702
v 5.79675878 0.23385129 1.3497678
v 5.79843876 0.23385122 1.67896703
v 5.79675878 0.23340107 1.34519661
v 5.79675879 0.23214428 1.34105352
v 5.79675879 0.23010336 1.33723522
v 5.79675879 0.22735675 1.33388846
v 5.79675879 0.22400999 1.33114184
v 5.79675879 0.2201917 1.32910093
v 5.79675879 0.2160486 1.32784413
v 5.79675879 0.21173993 1.32741975
v 5.79675879 0.20743127 1.32784413
v 5.7967588 0.20328818 1.32910093
v 5.7967588 0.19946988 1.33114183
v 5.7967588 0.19612313 1.33388846
v 5.7967588 0.19337651 1.33723521
v 5.7967588 0.19133559 1.34105351
v 5.79675879 0.19007879 1.3451966
v 5.79675879 0.18962857 1.3497678
v 5.32496536 0.23340096 1.3451965
v 5.32112999 0.2338511 1.67896692
v 5.32496536 0.23385118 1.34976769
v 5.32113 0.18962837 1.67896691
v 5.32496536 0.23214417 1.34105341
v 5.32496536 0.23010325 1.33723511
v 5.32496536 0.22735663 1.33388835
v 5.32496536 0.22400987 1.33114172
v 5.32496537 0.22019157 1.32910079
v 5.32496537 0.21604849 1.32784401
v 5.32496537 0.21173982 1.32741964
v 5.32496537 0.20743115 1.327844
v 5.32496537 0.20328806 1.32910079
v 5.32496537 0.19946977 1.33114172
v 5.32496537 0.19612301 1.33388834
v 5.32496537 0.19337639 1.3372351
v 5.32496537 0.19133547 1.3410534
v 5.32496537 0.19007868 1.34519649
v 5.32496537 0.18962845 1.34976768
v 5.79843876 0.24574008 1.67896704
v 5.79675877 0.28996289 1.34976781
v 5.79843875 0.28996281 1.67896705
v 5.79675877 0.28951267 1.34519662
v 5.79675877 0.28825588 1.34105353
v 5.79675877 0.28621496 1.33723523
v 5.79675878 0.28346834 1.33388848
v 5.79675878 0.28012158 1.33114185
v 5.79675878 0.2763033 1.32910094
v 5.79675878 0.27216019 1.32784415
v 5.79675878 0.26785153 1.32741977
v 5.79675878 0.26354287 1.32784414
v 5.79675878 0.25939978 1.32910094
v 5.79675878 0.25558148 1.33114184
v 5.79675878 0.25223472 1.33388847
v 5.79675878 0.2494881 1.33723522
v 5.79675878 0.24744718 1.34105352
v 5.79675878 0.24619039 1.34519661
v 5.79675878 0.24574016 1.34976782
v 5.32496534 0.28951256 1.34519651
v 5.32112997 0.2899627 1.67896693
v 5.32496534 0.28996278 1.3497677
v 5.32112999 0.24573997 1.67896692
v 5.32496535 0.28825577 1.34105342
v 5.32496535 0.28621484 1.33723512
v 5.32496535 0.28346822 1.33388837
v 5.32496535 0.28012146 1.33114174
v 5.32496535 0.27630317 1.32910081
v 5.32496535 0.27216009 1.32784402
v 5.32496535 0.26785142 1.32741965
v 5.32496536 0.26354275 1.32784402
v 5.32496536 0.25939966 1.3291008
v 5.32496536 0.25558136 1.33114173
v 5.32496536 0.2522346 1.33388836
v 5.32496536 0.24948799 1.33723511
v 5.32496536 0.24744706 1.34105341
v 5.32496536 0.24619027 1.3451965
v 5.32496535 0.24574005 1.34976769
vn 0.098 0 -0.99519
vn 0.29031 0 -0.95693
vn 0.47141 0 -0.88192
vn 0.6344 0 -0.773
vn 0.773 0 -0.6344
vn 0.88192 0 -0.47141
vn 0.95693 0 -0.29031
vn 0.99519 0 -0.098
vn 0.99519 0 0.098
vn 0.95693 0 0.29031
vn 0.88192 0 0.47141
vn 0.773 0 0.6344
vn 0.6344 0 0.773
vn 0.47141 0 0.88192
vn 0.29031 0 0.95693
vn 0.098 0 0.99519
vn 0 0 -1
vn 0 0 1
vn -0.0002 -0.69419 0.71979
vn -0.36999 0.81228 0.45089
vn -0.48949 -0.85927 -0.1485
vn 0 -1 0
vn 0 1 0
vn -1 0 0
vn -0.46501 0.84971 -0.2485
vn -0.36978 -0.81255 0.45057
vn -0.0002 -0.69409 -0.71989
vn -0.4647 -0.84991 -0.2484
vn -0.42581 0.83462 0.34941
vn -0.0005 0.76729 -0.6413
vn -0.0005 0.76738 -0.64119
vn -0.42581 0.83462 -0.34941
vn -0.42549 -0.83488 0.34919
vn 0.0927 0 -0.99569
vn -0.42549 -0.83488 -0.34919
vn -0.46501 0.84971 0.2485
vn 0.0927 0 0.99569
vn -0.36999 0.81228 -0.45089
vn -0.46459 -0.84998 0.24839
vn -0.36981 -0.81252 -0.45061
vn -0.48991 0.85902 0.1486
vn -0.29471 0.78043 -0.55142
vn -0.48949 -0.85927 0.1485
vn -0.0722 0.67619 0.73318
vn -0.2946 -0.7807 -0.5511
vn -0.50191 0.86351 0.0494
vn -0.0722 -0.6765 0.7329
vn -0.1965 0.7362 -0.6476
vn -0.50159 -0.86369 0.0494
vn -0.1964 0.73631 0.64751
vn -0.1964 -0.7365 -0.6473
vn -0.50198 0.86347 -0.0494
vn -0.50191 0.86351 -0.0494
vn -0.1963 -0.73661 0.64721
vn -0.0722 0.67608 -0.73328
vn -0.50159 -0.86369 -0.0494
vn -0.29469 0.78047 0.55138
vn -0.0722 -0.6765 -0.7329
vn -0.48991 0.85902 -0.1486
vn -0.2945 -0.78081 0.55101
vn -0.0005 0.76747 0.64108
vn -0.0005 0.76738 0.64119
vn -0.0005 0.76743 0.64113
vn -0.42578 0.83465 0.34938
vn -0.0722 -0.6766 0.7328
vn -0.19639 0.73626 0.64757
vn 0.0006 1 0
vn 0.0005 1 0
vn 0.0005 1 -0.0001
vn 0.0005 1 -0.0003
vn 0.0005 1 -0.0002
vn 0.0005 1 0.0001
vn 0.0005 1 0.0002
vn 0.0005 1 0.0003
vn 0.0005 1 0.0004
vn 0.0012 -1 0
vn 0.0013 -1 0
vn 0.0012 -1 0.0001
vn 0.0012 -1 -0.0001
vn 0.0013 -1 0.0004
vt 0.28358 0.93424
vt 0.28358 0.91253
vt 0.28391 0.91253
vt 0.28391 0.93424
vt 0.28423 0.91253
vt 0.28423 0.93424
vt 0.28451 0.91253
vt 0.28451 0.93424
vt 0.28477 0.91253
vt 0.28477 0.93424
vt 0.28071 0.93106
vt 0.28406 0.93106
vt 0.28406 0.92942
vt 0.28071 0.92942
vt 0.28406 0.92754
vt 0.28071 0.92754
vt 0.28406 0.9255
vt 0.28071 0.9255
vt 0.28406 0.92339
vt 0.28071 0.92339
vt 0.28406 0.92127
vt 0.28071 0.92127
vt 0.28406 0.91923
vt 0.28071 0.91923
vt 0.28406 0.91735
vt 0.28071 0.91735
vt 0.28406 0.91571
vt 0.28071 0.91571
vt 0.26257 0.93424
vt 0.26257 0.91253
vt 0.28357 0.91253
vt 0.26296 0.91274
vt 0.28361 0.91281
vt 0.28433 0.93065
vt 0.28454 0.92956
vt 0.2846 0.92973
vt 0.28439 0.93085
vt 0.28483 0.92004
vt 0.28491 0.92168
vt 0.28498 0.92163
vt 0.2849 0.91995
vt 0.28385 0.93195
vt 0.28357 0.93213
vt 0.28358 0.93424
vt 0.28391 0.93403
vt 0.2841 0.93145
vt 0.28423 0.93342
vt 0.28451 0.93241
vt 0.28477 0.93106
vt 0.2847 0.92824
vt 0.28498 0.92942
vt 0.28483 0.92673
vt 0.28513 0.92754
vt 0.28491 0.92509
vt 0.28523 0.9255
vt 0.28493 0.92339
vt 0.28526 0.92339
vt 0.28523 0.92127
vt 0.28513 0.91923
vt 0.2847 0.91853
vt 0.28498 0.91735
vt 0.28454 0.91721
vt 0.28477 0.91571
vt 0.28433 0.91612
vt 0.28451 0.91436
vt 0.2841 0.91532
vt 0.28423 0.91335
vt 0.28385 0.91482
vt 0.28391 0.91274
vt 0.28357 0.91464
vt 0.28358 0.91253
vt 0.26257 0.93213
vt 0.26257 0.93424
vt 0.26257 0.91464
vt 0.26257 0.91253
vt 0.28406 0.91464
vt 0.28071 0.91464
vt 0.28071 0.91253
vt 0.28406 0.91253
vt 0.28071 0.93213
vt 0.28406 0.93213
vt 0.28406 0.93424
vt 0.28071 0.93424
vt 0.38631 0.37285
vt 0.39168 0.37285
vt 0.39168 0.39838
vt 0.38631 0.39838
vt 0.28477 0.9184
vt 0.28477 0.92837
vt 0.26296 0.9144
vt 0.28361 0.9144
vt 0.2846 0.91704
vt 0.28477 0.92837
vt 0.26296 0.93413
vt 0.2849 0.92682
vt 0.28439 0.91592
vt 0.28498 0.92514
vt 0.28415 0.91509
vt 0.28357 0.93424
vt 0.28385 0.93424
vt 0.28389 0.93395
vt 0.28361 0.93395
vt 0.28501 0.92339
vt 0.28385 0.91253
vt 0.28389 0.91281
vt 0.28389 0.91458
vt 0.28415 0.93168
vt 0.28389 0.93219
vt 0.28361 0.93237
vt 0.26296 0.93237
vt 0.60756 0.39135
vt 0.60756 0.36963
vt 0.60789 0.36963
vt 0.60789 0.39135
vt 0.6082 0.36963
vt 0.6082 0.39135
vt 0.60849 0.36963
vt 0.60849 0.39135
vt 0.60875 0.36963
vt 0.60875 0.39135
vt 0.60469 0.38817
vt 0.60804 0.38817
vt 0.60804 0.38652
vt 0.60469 0.38652
vt 0.60804 0.38465
vt 0.60469 0.38465
vt 0.60804 0.38261
vt 0.60469 0.38261
vt 0.60804 0.38049
vt 0.60469 0.38049
vt 0.60804 0.37837
vt 0.60469 0.37837
vt 0.60804 0.37634
vt 0.60469 0.37634
vt 0.60804 0.37446
vt 0.60469 0.37446
vt 0.60804 0.37281
vt 0.60469 0.37281
vt 0.58654 0.39135
vt 0.58654 0.36963
vt 0.60755 0.36963
vt 0.58694 0.36985
vt 0.60759 0.36992
vt 0.60831 0.38775
vt 0.60852 0.38667
vt 0.60858 0.38684
vt 0.60837 0.38795
vt 0.60881 0.37715
vt 0.60889 0.37879
vt 0.60896 0.37874
vt 0.60888 0.37706
vt 0.60783 0.38906
vt 0.60755 0.38924
vt 0.60756 0.39135
vt 0.60789 0.39114
vt 0.60808 0.38856
vt 0.6082 0.39052
vt 0.60849 0.38952
vt 0.60875 0.38817
vt 0.60868 0.38534
vt 0.60896 0.38652
vt 0.60881 0.38383
vt 0.60911 0.38465
vt 0.60881 0.38383
vt 0.60889 0.3822
vt 0.60921 0.38261
vt 0.60891 0.38049
vt 0.60924 0.38049
vt 0.60921 0.37837
vt 0.60911 0.37634
vt 0.60868 0.37564
vt 0.60896 0.37446
vt 0.60852 0.37432
vt 0.60875 0.37281
vt 0.60831 0.37323
vt 0.60849 0.37146
vt 0.60808 0.37242
vt 0.6082 0.37046
vt 0.60783 0.37193
vt 0.60789 0.36984
vt 0.60755 0.37175
vt 0.60756 0.36963
vt 0.58654 0.38924
vt 0.58654 0.39135
vt 0.58654 0.37175
vt 0.58654 0.36963
vt 0.60804 0.37175
vt 0.60469 0.37175
vt 0.60469 0.36963
vt 0.60804 0.36963
vt 0.60469 0.38924
vt 0.60804 0.38924
vt 0.60804 0.39135
vt 0.60469 0.39135
vt 0.60875 0.37551
vt 0.60875 0.38548
vt 0.58694 0.37151
vt 0.60759 0.37151
vt 0.60858 0.37415
vt 0.60875 0.38548
vt 0.58694 0.39123
vt 0.60888 0.38393
vt 0.60837 0.37303
vt 0.60896 0.38224
vt 0.60813 0.3722
vt 0.60896 0.38224
vt 0.60755 0.39135
vt 0.60783 0.39135
vt 0.60787 0.39106
vt 0.60759 0.39106
vt 0.60899 0.38049
vt 0.60783 0.36963
vt 0.60787 0.36992
vt 0.60787 0.37169
vt 0.60813 0.38878
vt 0.60787 0.38929
vt 0.60759 0.38948
vt 0.58694 0.38948
vt 0.36816 0.37285
vt 0.40173 0.39838
vt 0.36816 0.39838
vt 0.4022 0.39812
vt 0.40262 0.3974
vt 0.40301 0.39622
vt 0.40335 0.39463
vt 0.40363 0.3927
vt 0.40384 0.3905
vt 0.40397 0.3881
vt 0.40401 0.38562
vt 0.40397 0.38313
vt 0.40384 0.38074
vt 0.40363 0.37853
vt 0.40335 0.3766
vt 0.40301 0.37501
vt 0.40262 0.37384
vt 0.4022 0.37311
vt 0.40173 0.37285
usemtl mat0
f 2487/1226/281 2488/1227/281 2489/1228/281
f 2487/1226/281 2489/1228/281 2490/1229/281
f 2490/1229/282 2489/1228/282 2491/1230/282
f 2490/1229/282 2491/1230/282 2492/1231/282
f 2492/1231/283 2491/1230/283 2493/1232/283
f 2492/1231/283 2493/1232/283 2494/1233/283
f 2494/1233/284 2493/1232/284 2495/1234/284
f 2494/1233/284 2495/1234/284 2496/1235/284
f 2497/1236/285 2498/1237/285 2499/1238/285
f 2497/1236/285 2499/1238/285 2500/1239/285
f 2500/1239/286 2499/1238/286 2501/1240/286
f 2500/1239/286 2501/1240/286 2502/1241/286
f 2502/1241/287 2501/1240/287 2503/1242/287
f 2502/1241/287 2503/1242/287 2504/1243/287
f 2504/1243/288 2503/1242/288 2505/1244/288
f 2504/1243/288 2505/1244/288 2506/1245/288
f 2506/1245/289 2505/1244/289 2507/1246/289
f 2506/1245/289 2507/1246/289 2508/1247/289
f 2508/1247/290 2507/1246/290 2509/1248/290
f 2508/1247/290 2509/1248/290 2510/1249/290
f 2510/1249/291 2509/1248/291 2511/1250/291
f 2510/1249/291 2511/1250/291 2512/1251/291
f 2512/1251/292 2511/1250/292 2513/1252/292
f 2512/1251/292 2513/1252/292 2514/1253/292
f 2515/1235/293 2516/1234/293 2517/1232/293
f 2515/1235/293 2517/1232/293 2518/1233/293
f 2518/1233/294 2517/1232/294 2519/1230/294
f 2518/1233/294 2519/1230/294 2520/1231/294
f 2520/1231/295 2519/1230/295 2521/1228/295
f 2520/1231/295 2521/1228/295 2522/1229/295
f 2522/1229/296 2521/1228/296 2523/1227/296
f 2522/1229/296 2523/1227/296 2524/1226/296
f 2488/1227/297 2487/1226/297 2525/1254/297
f 2488/1227/297 2525/1254/297 2526/1255/297
f 2524/1226/298 2523/1227/298 2527/1255/298
f 2524/1226/298 2527/1255/298 2528/1254/298
f 2529/1256/299 2530/1255/299 2531/1257/299
f 2529/1256/299 2531/1257/299 2532/1258/299
f 2533/1259/300 2534/1260/300 2535/1261/300
f 2533/1259/300 2535/1261/300 2536/1262/300
f 2537/1263/301 2538/1264/301 2539/1265/301
f 2537/1263/301 2539/1265/301 2540/1266/301
f 2541/1267/302 2542/1268/302 2543/1269/302
f 2541/1267/302 2543/1269/302 2544/1270/302
f 2545/1268/303 2546/1267/303 2547/1270/303
f 2545/1268/303 2547/1270/303 2548/1269/303
f 2549/1271/302 2541/1267/302 2544/1270/302
f 2549/1271/302 2544/1270/302 2550/1272/302
f 2546/1267/303 2551/1271/303 2552/1272/303
f 2546/1267/303 2552/1272/303 2547/1270/303
f 2533/1259/302 2549/1271/302 2550/1272/302
f 2533/1259/302 2550/1272/302 2553/1273/302
f 2551/1271/303 2554/1259/303 2555/1273/303
f 2551/1271/303 2555/1273/303 2552/1272/303
f 2534/1260/302 2533/1259/302 2553/1273/302
f 2534/1260/302 2553/1273/302 2556/1274/302
f 2554/1259/303 2557/1260/303 2558/1274/303
f 2554/1259/303 2558/1274/303 2555/1273/303
f 2559/1275/302 2534/1260/302 2556/1274/302
f 2559/1275/302 2556/1274/302 2560/1276/302
f 2557/1260/303 2561/1275/303 2562/1276/303
f 2557/1260/303 2562/1276/303 2558/1274/303
f 2563/1277/302 2559/1275/302 2560/1276/302
f 2563/1277/302 2560/1276/302 2564/1278/302
f 2561/1275/303 2565/1277/303 2566/1278/303
f 2561/1275/303 2566/1278/303 2562/1276/303
f 2567/1279/302 2563/1277/302 2564/1278/302
f 2567/1279/302 2564/1278/302 2568/1280/302
f 2565/1277/303 2569/1279/303 2570/1280/303
f 2565/1277/303 2570/1280/303 2566/1278/303
f 2571/1281/302 2567/1279/302 2568/1280/302
f 2571/1281/302 2568/1280/302 2572/1282/302
f 2569/1279/303 2573/1281/303 2574/1282/303
f 2569/1279/303 2574/1282/303 2570/1280/303
f 2575/1264/302 2571/1281/302 2572/1282/302
f 2575/1264/302 2572/1282/302 2576/1283/302
f 2573/1281/303 2538/1264/303 2577/1283/303
f 2573/1281/303 2577/1283/303 2574/1282/303
f 2578/1263/302 2575/1264/302 2576/1283/302
f 2578/1263/302 2576/1283/302 2579/1284/302
f 2538/1264/303 2537/1263/303 2580/1284/303
f 2538/1264/303 2580/1284/303 2577/1283/303
f 2581/1285/302 2578/1263/302 2579/1284/302
f 2581/1285/302 2579/1284/302 2582/1286/302
f 2537/1263/303 2583/1285/303 2584/1286/303
f 2537/1263/303 2584/1286/303 2580/1284/303
f 2585/1287/302 2581/1285/302 2582/1286/302
f 2585/1287/302 2582/1286/302 2586/1288/302
f 2583/1285/303 2587/1287/303 2588/1288/303
f 2583/1285/303 2588/1288/303 2584/1286/303
f 2589/1289/302 2585/1287/302 2586/1288/302
f 2589/1289/302 2586/1288/302 2590/1290/302
f 2587/1287/303 2591/1289/303 2592/1290/303
f 2587/1287/303 2592/1290/303 2588/1288/303
f 2593/1291/302 2589/1289/302 2590/1290/302
f 2593/1291/302 2590/1290/302 2594/1292/302
f 2591/1289/303 2595/1291/303 2596/1292/303
f 2591/1289/303 2596/1292/303 2592/1290/303
f 2597/1293/302 2593/1291/302 2594/1292/302
f 2597/1293/302 2594/1292/302 2598/1294/302
f 2595/1291/303 2599/1293/303 2600/1294/303
f 2595/1291/303 2600/1294/303 2596/1292/303
f 2601/1295/302 2597/1293/302 2598/1294/302
f 2601/1295/302 2598/1294/302 2602/1296/302
f 2599/1293/303 2603/1295/303 2604/1296/303
f 2599/1293/303 2604/1296/303 2600/1294/303
f 2542/1268/302 2605/1297/302 2606/1298/302
f 2542/1268/302 2606/1298/302 2543/1269/302
f 2607/1297/303 2545/1268/303 2548/1269/303
f 2607/1297/303 2548/1269/303 2608/1298/303
f 2603/1295/303 2609/1299/303 2610/1300/303
f 2603/1295/303 2610/1300/303 2604/1296/303
f 2611/1299/302 2601/1295/302 2602/1296/302
f 2611/1299/302 2602/1296/302 2612/1300/302
f 2613/1301/304 2614/1302/304 2615/1303/304
f 2613/1301/304 2615/1303/304 2616/1304/304
f 2617/1305/304 2618/1306/304 2619/1307/304
f 2617/1305/304 2619/1307/304 2620/1308/304
f 2621/1309/304 2622/1310/304 2623/1311/304
f 2621/1309/304 2623/1311/304 2624/1312/304
f 2578/1263/305 2581/1285/305 2625/1313/305
f 2578/1263/305 2625/1313/305 2626/1266/305
f 2557/1260/306 2554/1259/306 2627/1262/306
f 2557/1260/306 2627/1262/306 2628/1261/306
f 2629/1255/307 2630/1256/307 2631/1258/307
f 2629/1255/307 2631/1258/307 2632/1257/307
f 2583/1285/308 2537/1263/308 2540/1266/308
f 2583/1285/308 2540/1266/308 2633/1313/308
f 2534/1260/309 2559/1275/309 2634/1314/309
f 2534/1260/309 2634/1314/309 2535/1261/309
f 2601/1295/310 2611/1299/311 2635/1315/311
f 2601/1295/310 2635/1315/311 2636/1316/310
f 2581/1285/312 2585/1287/312 2637/1317/312
f 2581/1285/312 2637/1317/312 2625/1313/312
f 2561/1275/313 2557/1260/313 2628/1261/313
f 2561/1275/313 2628/1261/313 2638/1318/313
f 2639/1254/314 2629/1255/314 2632/1257/314
f 2639/1254/314 2632/1257/314 2640/1319/314
f 2587/1287/315 2583/1285/315 2633/1313/315
f 2587/1287/315 2633/1313/315 2641/1317/315
f 2559/1275/316 2563/1277/316 2642/1320/316
f 2559/1275/316 2642/1320/316 2634/1314/316
f 2530/1255/317 2643/1254/317 2644/1319/317
f 2530/1255/317 2644/1319/317 2531/1257/317
f 2585/1287/318 2589/1289/318 2645/1321/318
f 2585/1287/318 2645/1321/318 2637/1317/318
f 2565/1277/319 2561/1275/319 2638/1318/319
f 2565/1277/319 2638/1318/319 2646/1320/319
f 2591/1289/320 2587/1287/320 2641/1317/320
f 2591/1289/320 2641/1317/320 2647/1321/320
f 2563/1277/321 2567/1279/321 2648/1322/321
f 2563/1277/321 2648/1322/321 2642/1320/321
f 2589/1289/322 2593/1291/322 2649/1323/322
f 2589/1289/322 2649/1323/322 2645/1321/322
f 2569/1279/323 2565/1277/323 2646/1320/323
f 2569/1279/323 2646/1320/323 2650/1322/323
f 2651/1324/324 2652/1325/324 2653/1326/324
f 2651/1324/324 2653/1326/324 2654/1327/324
f 2595/1291/325 2591/1289/325 2647/1321/325
f 2595/1291/325 2647/1321/325 2655/1323/325
f 2567/1279/326 2571/1281/326 2656/1328/326
f 2567/1279/326 2656/1328/326 2648/1322/326
f 2657/1329/327 2529/1256/327 2532/1258/327
f 2657/1329/327 2532/1258/327 2658/1330/327
f 2593/1291/328 2597/1293/328 2659/1331/328
f 2593/1291/328 2659/1331/328 2649/1323/328
f 2573/1281/329 2569/1279/329 2650/1322/329
f 2573/1281/329 2650/1322/329 2660/1328/329
f 2541/1267/330 2549/1271/330 2661/1332/330
f 2541/1267/330 2661/1332/330 2662/1333/330
f 2599/1293/331 2595/1291/331 2655/1323/331
f 2599/1293/331 2655/1323/331 2663/1331/331
f 2571/1281/332 2575/1264/332 2664/1265/332
f 2571/1281/333 2664/1265/333 2656/1328/333
f 2551/1271/334 2546/1267/334 2665/1333/334
f 2551/1271/334 2665/1333/334 2666/1332/334
f 2667/1325/335 2668/1324/335 2669/1327/335
f 2667/1325/335 2669/1327/335 2670/1326/335
f 2538/1264/336 2573/1281/336 2660/1328/336
f 2538/1264/336 2660/1328/336 2539/1265/336
f 2549/1271/337 2533/1259/337 2536/1262/337
f 2549/1271/337 2536/1262/337 2661/1332/337
f 2630/1256/338 2671/1329/338 2672/1330/338
f 2630/1256/338 2672/1330/338 2631/1258/338
f 2575/1264/339 2578/1263/339 2626/1266/339
f 2575/1264/339 2626/1266/339 2664/1265/339
f 2554/1259/340 2551/1271/340 2666/1332/340
f 2554/1259/340 2666/1332/340 2627/1262/340
f 2605/1297/341 2542/1268/342 2673/1334/343
f 2605/1297/341 2673/1334/343 2674/1335/341
f 2675/1336/281 2676/1337/281 2677/1338/281
f 2675/1336/281 2677/1338/281 2678/1339/281
f 2678/1339/282 2677/1338/282 2679/1340/282
f 2678/1339/282 2679/1340/282 2680/1341/282
f 2680/1341/283 2679/1340/283 2681/1342/283
f 2680/1341/283 2681/1342/283 2682/1343/283
f 2682/1343/284 2681/1342/284 2683/1344/284
f 2682/1343/284 2683/1344/284 2684/1345/284
f 2685/1346/285 2686/1347/285 2687/1348/285
f 2685/1346/285 2687/1348/285 2688/1349/285
f 2688/1349/286 2687/1348/286 2689/1350/286
f 2688/1349/286 2689/1350/286 2690/1351/286
f 2690/1351/287 2689/1350/287 2691/1352/287
f 2690/1351/287 2691/1352/287 2692/1353/287
f 2692/1353/288 2691/1352/288 2693/1354/288
f 2692/1353/288 2693/1354/288 2694/1355/288
f 2694/1355/289 2693/1354/289 2695/1356/289
f 2694/1355/289 2695/1356/289 2696/1357/289
f 2696/1357/290 2695/1356/290 2697/1358/290
f 2696/1357/290 2697/1358/290 2698/1359/290
f 2698/1359/291 2697/1358/291 2699/1360/291
f 2698/1359/291 2699/1360/291 2700/1361/291
f 2700/1361/292 2699/1360/292 2701/1362/292
f 2700/1361/292 2701/1362/292 2702/1363/292
f 2703/1345/293 2704/1344/293 2705/1342/293
f 2703/1345/293 2705/1342/293 2706/1343/293
f 2706/1343/294 2705/1342/294 2707/1340/294
f 2706/1343/294 2707/1340/294 2708/1341/294
f 2708/1341/295 2707/1340/295 2709/1338/295
f 2708/1341/295 2709/1338/295 2710/1339/295
f 2710/1339/296 2709/1338/296 2711/1337/296
f 2710/1339/296 2711/1337/296 2712/1336/296
f 2676/1337/297 2675/1336/297 2713/1364/297
f 2676/1337/297 2713/1364/297 2714/1365/297
f 2712/1336/298 2711/1337/298 2715/1365/298
f 2712/1336/298 2715/1365/298 2716/1364/298
f 2717/1366/299 2718/1365/299 2719/1367/299
f 2717/1366/299 2719/1367/299 2720/1368/299
f 2721/1369/300 2722/1370/300 2723/1371/300
f 2721/1369/300 2723/1371/300 2724/1372/300
f 2725/1373/301 2726/1374/301 2727/1375/301
f 2725/1373/301 2727/1375/301 2728/1376/301
f 2729/1377/302 2730/1378/302 2731/1379/302
f 2729/1377/302 2731/1379/302 2732/1380/302
f 2733/1378/303 2734/1377/303 2735/1380/303
f 2733/1378/303 2735/1380/303 2736/1379/303
f 2737/1381/302 2729/1377/302 2732/1380/302
f 2737/1381/302 2732/1380/302 2738/1382/302
f 2734/1377/303 2739/1381/303 2740/1382/303
f 2734/1377/303 2740/1382/303 2735/1380/303
f 2721/1369/302 2737/1381/302 2738/1382/302
f 2721/1369/302 2738/1382/302 2741/1383/302
f 2739/1381/303 2742/1369/303 2743/1383/303
f 2739/1381/303 2743/1383/303 2740/1382/303
f 2722/1370/302 2721/1369/302 2741/1383/302
f 2722/1370/302 2741/1383/302 2744/1384/302
f 2742/1369/303 2745/1370/303 2746/1384/303
f 2742/1369/303 2746/1384/303 2743/1383/303
f 2747/1385/302 2722/1370/302 2744/1384/302
f 2747/1385/302 2744/1384/302 2748/1386/302
f 2745/1370/303 2749/1385/303 2750/1386/303
f 2745/1370/303 2750/1386/303 2746/1384/303
f 2751/1387/302 2747/1385/302 2748/1386/302
f 2751/1387/302 2748/1386/302 2752/1388/302
f 2749/1385/303 2753/1389/303 2754/1388/303
f 2749/1385/303 2754/1388/303 2750/1386/303
f 2755/1390/302 2751/1387/302 2752/1388/302
f 2755/1390/302 2752/1388/302 2756/1391/302
f 2753/1389/303 2757/1390/303 2758/1391/303
f 2753/1389/303 2758/1391/303 2754/1388/303
f 2759/1392/302 2755/1390/302 2756/1391/302
f 2759/1392/302 2756/1391/302 2760/1393/302
f 2757/1390/303 2761/1392/303 2762/1393/303
f 2757/1390/303 2762/1393/303 2758/1391/303
f 2763/1374/302 2759/1392/302 2760/1393/302
f 2763/1374/302 2760/1393/302 2764/1394/302
f 2761/1392/303 2726/1374/303 2765/1394/303
f 2761/1392/303 2765/1394/303 2762/1393/303
f 2766/1373/302 2763/1374/302 2764/1394/302
f 2766/1373/302 2764/1394/302 2767/1395/302
f 2726/1374/303 2725/1373/303 2768/1395/303
f 2726/1374/303 2768/1395/303 2765/1394/303
f 2769/1396/302 2766/1373/302 2767/1395/302
f 2769/1396/302 2767/1395/302 2770/1397/302
f 2725/1373/303 2771/1396/303 2772/1397/303
f 2725/1373/303 2772/1397/303 2768/1395/303
f 2773/1398/302 2769/1396/302 2770/1397/302
f 2773/1398/302 2770/1397/302 2774/1399/302
f 2771/1396/303 2775/1398/303 2776/1399/303
f 2771/1396/303 2776/1399/303 2772/1397/303
f 2777/1400/302 2773/1398/302 2774/1399/302
f 2777/1400/302 2774/1399/302 2778/1401/302
f 2775/1398/303 2779/1400/303 2780/1401/303
f 2775/1398/303 2780/1401/303 2776/1399/303
f 2781/1402/302 2777/1400/302 2778/1401/302
f 2781/1402/302 2778/1401/302 2782/1403/302
f 2779/1400/303 2783/1402/303 2784/1403/303
f 2779/1400/303 2784/1403/303 2780/1401/303
f 2785/1404/302 2781/1402/302 2782/1403/302
f 2785/1404/302 2782/1403/302 2786/1405/302
f 2783/1402/303 2787/1404/303 2788/1405/303
f 2783/1402/303 2788/1405/303 2784/1403/303
f 2789/1406/302 2785/1404/302 2786/1405/302
f 2789/1406/302 2786/1405/302 2790/1407/302
f 2787/1404/303 2791/1406/303 2792/1407/303
f 2787/1404/303 2792/1407/303 2788/1405/303
f 2730/1378/302 2793/1408/302 2794/1409/302
f 2730/1378/302 2794/1409/302 2731/1379/302
f 2795/1408/303 2733/1378/303 2736/1379/303
f 2795/1408/303 2736/1379/303 2796/1409/303
f 2791/1406/303 2797/1410/303 2798/1411/303
f 2791/1406/303 2798/1411/303 2792/1407/303
f 2799/1410/302 2789/1406/302 2790/1407/302
f 2799/1410/302 2790/1407/302 2800/1411/302
f 2801/1412/304 2802/1413/304 2803/1414/304
f 2801/1412/304 2803/1414/304 2804/1415/304
f 2805/1416/304 2806/1417/304 2807/1418/304
f 2805/1416/304 2807/1418/304 2808/1419/304
f 2809/1309/304 2810/1310/304 2811/1311/304
f 2809/1309/304 2811/1311/304 2812/1312/304
f 2766/1373/305 2769/1396/305 2813/1420/305
f 2766/1373/305 2813/1420/305 2814/1376/305
f 2745/1370/306 2742/1369/306 2815/1372/306
f 2745/1370/306 2815/1372/306 2816/1371/306
f 2817/1365/307 2818/1366/307 2819/1368/307
f 2817/1365/307 2819/1368/307 2820/1367/307
f 2771/1396/308 2725/1373/308 2728/1376/308
f 2771/1396/308 2728/1376/308 2821/1420/308
f 2722/1370/344 2747/1385/344 2822/1421/344
f 2722/1370/309 2822/1421/309 2723/1371/309
f 2789/1406/310 2799/1410/311 2823/1422/311
f 2789/1406/310 2823/1422/311 2824/1423/310
f 2769/1396/312 2773/1398/312 2825/1424/312
f 2769/1396/312 2825/1424/312 2813/1420/312
f 2749/1385/313 2745/1370/313 2816/1371/313
f 2749/1385/313 2816/1371/313 2826/1425/313
f 2827/1364/314 2817/1365/314 2820/1367/314
f 2827/1364/314 2820/1367/314 2828/1426/314
f 2775/1398/315 2771/1396/315 2821/1420/315
f 2775/1398/315 2821/1420/315 2829/1424/315
f 2747/1385/316 2751/1387/316 2830/1427/316
f 2747/1385/316 2830/1427/316 2822/1421/316
f 2718/1365/317 2831/1364/317 2832/1426/317
f 2718/1365/317 2832/1426/317 2719/1367/317
f 2773/1398/318 2777/1400/318 2833/1428/318
f 2773/1398/318 2833/1428/318 2825/1424/318
f 2753/1389/319 2749/1385/319 2826/1425/319
f 2753/1389/319 2826/1425/319 2834/1427/319
f 2779/1400/320 2775/1398/320 2829/1424/320
f 2779/1400/320 2829/1424/320 2835/1428/320
f 2751/1387/321 2755/1390/321 2836/1429/321
f 2751/1387/321 2836/1429/321 2830/1427/321
f 2777/1400/322 2781/1402/322 2837/1430/322
f 2777/1400/322 2837/1430/322 2833/1428/322
f 2757/1390/323 2753/1389/323 2834/1427/323
f 2757/1390/323 2834/1427/323 2838/1431/323
f 2839/1432/324 2840/1433/324 2841/1434/324
f 2839/1432/324 2841/1434/324 2842/1435/324
f 2783/1402/325 2779/1400/325 2835/1428/325
f 2783/1402/325 2835/1428/325 2843/1430/325
f 2755/1390/326 2759/1392/326 2844/1436/326
f 2755/1390/326 2844/1436/326 2836/1429/326
f 2845/1437/345 2717/1366/345 2720/1368/345
f 2845/1437/345 2720/1368/345 2846/1438/345
f 2781/1402/328 2785/1404/328 2847/1439/328
f 2781/1402/328 2847/1439/328 2837/1430/328
f 2761/1392/329 2757/1390/329 2838/1431/329
f 2761/1392/329 2838/1431/329 2848/1436/329
f 2729/1377/330 2737/1381/330 2849/1440/330
f 2729/1377/346 2849/1440/346 2850/1441/346
f 2787/1404/331 2783/1402/331 2843/1430/331
f 2787/1404/331 2843/1430/331 2851/1439/331
f 2759/1392/332 2763/1374/332 2852/1375/332
f 2759/1392/333 2852/1375/333 2844/1436/333
f 2739/1381/334 2734/1377/334 2853/1441/334
f 2739/1381/334 2853/1441/334 2854/1440/334
f 2855/1433/335 2856/1432/335 2857/1435/335
f 2855/1433/335 2857/1435/335 2858/1434/335
f 2726/1374/336 2761/1392/336 2848/1436/336
f 2726/1374/336 2848/1436/336 2727/1375/336
f 2737/1381/337 2721/1369/337 2724/1372/337
f 2737/1381/337 2724/1372/337 2849/1440/337
f 2818/1366/338 2859/1437/338 2860/1438/338
f 2818/1366/338 2860/1438/338 2819/1368/338
f 2763/1374/339 2766/1373/339 2814/1376/339
f 2763/1374/339 2814/1376/339 2852/1375/339
f 2742/1369/340 2739/1381/340 2854/1440/340
f 2742/1369/340 2854/1440/340 2815/1372/340
f 2793/1408/341 2730/1378/342 2861/1442/343
f 2793/1408/341 2861/1442/343 2862/1443/341
f 2863/1444/347 2864/1445/347 2865/1446/347
f 2864/1445/348 2863/1444/349 2866/1447/348
f 2866/1447/348 2863/1444/349 2867/1448/348
f 2867/1448/348 2863/1444/349 2868/1449/349
f 2868/1449/349 2863/1444/349 2869/1450/349
f 2869/1450/349 2863/1444/349 2870/1451/349
f 2870/1451/350 2863/1444/350 2871/1452/350
f 2871/1452/351 2863/1444/351 2872/1453/351
f 2872/1453/349 2863/1444/349 2873/1454/349
f 2873/1454/352 2863/1444/352 2874/1455/352
f 2874/1455/353 2863/1444/353 2875/1456/353
f 2875/1456/354 2863/1444/354 2876/1457/354
f 2876/1457/355 2863/1444/355 2877/1458/355
f 2877/1458/352 2863/1444/348 2878/1459/352
f 2878/1459/352 2863/1444/348 2879/1460/352
f 2879/1460/352 2863/1444/348 2880/1461/348
f 2880/1461/348 2863/1444/348 2881/1462/348
f 2882/1447/356 2883/1446/356 2884/1445/356
f 2883/1446/357 2882/1447/357 2885/1444/357
f 2885/1444/358 2882/1447/356 2886/1448/356
f 2885/1444/358 2886/1448/356 2887/1449/356
f 2885/1444/358 2887/1449/356 2888/1450/359
f 2885/1444/358 2888/1450/359 2889/1451/356
f 2885/1444/358 2889/1451/356 2890/1452/356
f 2885/1444/356 2890/1452/356 2891/1453/356
f 2885/1444/360 2891/1453/360 2892/1454/360
f 2885/1444/358 2892/1454/358 2893/1455/358
f 2885/1444/356 2893/1455/356 2894/1456/356
f 2885/1444/356 2894/1456/358 2895/1457/356
f 2885/1444/356 2895/1457/356 2896/1458/356
f 2885/1444/356 2896/1458/356 2897/1459/356
f 2885/1444/356 2897/1459/356 2898/1460/358
f 2885/1444/356 2898/1460/358 2899/1461/356
f 2885/1444/356 2899/1461/356 2900/1462/356
f 2901/1444/347 2902/1445/347 2903/1446/347
f 2902/1445/348 2901/1444/348 2904/1447/349
f 2904/1447/349 2901/1444/348 2905/1448/349
f 2905/1448/349 2901/1444/348 2906/1449/349
f 2906/1449/351 2901/1444/351 2907/1450/351
f 2907/1450/349 2901/1444/349 2908/1451/349
f 2908/1451/350 2901/1444/350 2909/1452/350
f 2909/1452/351 2901/1444/351 2910/1453/351
f 2910/1453/349 2901/1444/349 2911/1454/349
f 2911/1454/352 2901/1444/352 2912/1455/352
f 2912/1455/353 2901/1444/353 2913/1456/353
f 2913/1456/354 2901/1444/354 2914/1457/354
f 2914/1457/352 2901/1444/352 2915/1458/352
f 2915/1458/353 2901/1444/352 2916/1459/352
f 2916/1459/352 2901/1444/352 2917/1460/348
f 2917/1460/348 2901/1444/352 2918/1461/348
f 2918/1461/348 2901/1444/352 2919/1462/348
f 2920/1447/356 2921/1446/356 2922/1445/356
f 2921/1446/357 2920/1447/357 2923/1444/357
f 2923/1444/356 2920/1447/356 2924/1448/356
f 2923/1444/356 2924/1448/356 2925/1449/356
f 2923/1444/356 2925/1449/356 2926/1450/359
f 2923/1444/356 2926/1450/359 2927/1451/359
f 2923/1444/356 2927/1451/359 2928/1452/356
f 2923/1444/356 2928/1452/356 2929/1453/358
f 2923/1444/359 2929/1453/359 2930/1454/359
f 2923/1444/358 2930/1454/358 2931/1455/358
f 2923/1444/356 2931/1455/356 2932/1456/356
f 2923/1444/356 2932/1456/356 2933/1457/356
f 2923/1444/356 2933/1457/356 2934/1458/356
f 2923/1444/356 2934/1458/356 2935/1459/356
f 2923/1444/356 2935/1459/356 2936/1460/356
f 2923/1444/356 2936/1460/356 2937/1461/356
f 2923/1444/356 2937/1461/356 2938/1462/356
# Vertices: 452, normals: 80, texture coordinates: 237, faces: 448

o obj5
v 5.33245169 -0.41027404 1.30336132
v 5.80843606 -0.41027339 1.39455015
v 5.80941689 -0.4107868 1.38943048
v 5.33343251 -0.41078745 1.29824165
v 5.81036002 -0.41230732 1.38450756
v 5.33437564 -0.41230796 1.29331873
v 5.81122922 -0.4147765 1.37997057
v 5.33524484 -0.41477714 1.28878174
v 5.81199107 -0.41809945 1.37599387
v 5.3360067 -0.4181001 1.28480503
v 5.3360067 -0.4181001 1.28480503
v 5.81199107 -0.41809945 1.37599387
v 5.81261632 -0.42214847 1.37273027
v 5.33663194 -0.42214913 1.28154143
v 5.81308092 -0.42676798 1.37030521
v 5.33709654 -0.42676863 1.27911636
v 5.81336702 -0.43178043 1.36881186
v 5.33738265 -0.43178108 1.27762301
v 5.81346363 -0.43699321 1.36830761
v 5.33747925 -0.43699385 1.27711877
v 5.81336703 -0.44220598 1.36881186
v 5.33738266 -0.44220663 1.27762302
v 5.81308095 -0.44721843 1.37030522
v 5.33709657 -0.44721908 1.27911637
v 5.81261636 -0.45183793 1.37273029
v 5.33663198 -0.45183858 1.28154145
v 5.81199113 -0.45588695 1.37599389
v 5.33600675 -0.45588761 1.28480505
v 5.33600675 -0.45588761 1.28480505
v 5.81199113 -0.45588695 1.37599389
v 5.81122928 -0.45920991 1.3799706
v 5.3352449 -0.45921055 1.28878176
v 5.81036008 -0.46167908 1.38450759
v 5.33437571 -0.46167973 1.29331876
v 5.80941696 -0.46319959 1.38943051
v 5.33343258 -0.46320024 1.29824168
v 5.80843613 -0.463713 1.39455018
v 5.33245176 -0.46371365 1.30336134
v 5.26938188 -0.41027391 1.63257112
v 5.74536626 -0.41027327 1.72375995
v 5.74536633 -0.46371288 1.72375998
v 5.26938195 -0.46371352 1.63257115
v 5.808388 -0.41547423 1.39480109
v 5.74536627 -0.41547411 1.72375996
v 5.74190758 -0.41488163 1.71661918
v 5.80219883 -0.41488175 1.39298377
v 5.33469854 -0.41912241 1.2916333
v 5.3353114 -0.42179545 1.28843438
v 5.34182004 -0.42137695 1.28861653
v 5.34119032 -0.41863032 1.29190351
v 5.81217248 -0.44521852 1.37504718
v 5.81240261 -0.44118643 1.3738459
v 5.80632397 -0.44130178 1.3714517
v 5.8060875 -0.44544488 1.37268605
v 5.33324068 -0.41591304 1.29924299
v 5.33240362 -0.41547488 1.30361225
v 5.33245169 -0.41027404 1.30336132
v 5.33343251 -0.41078745 1.29824165
v 5.808388 -0.41547423 1.39480109
v 5.80922506 -0.4159124 1.39043182
v 5.80941689 -0.4107868 1.38943048
v 5.80843606 -0.41027339 1.39455015
v 5.33399935 -0.41713616 1.29528291
v 5.33437564 -0.41230796 1.29331873
v 5.80998373 -0.41713552 1.38647175
v 5.81036002 -0.41230732 1.38450756
v 5.33524484 -0.41477714 1.28878174
v 5.81068292 -0.41912176 1.38282213
v 5.81122922 -0.4147765 1.37997057
v 5.3360067 -0.4181001 1.28480503
v 5.81129577 -0.42179479 1.37962322
v 5.81199107 -0.41809945 1.37599387
v 5.33581435 -0.42505254 1.28580909
v 5.33663194 -0.42214913 1.28154143
v 5.81179873 -0.42505188 1.37699793
v 5.81261632 -0.42214847 1.37273027
v 5.33618808 -0.42876854 1.28385832
v 5.33709654 -0.42676863 1.27911636
v 5.81217246 -0.42876788 1.37504717
v 5.81308092 -0.42676798 1.37030521
v 5.33641823 -0.43280062 1.28265705
v 5.33738265 -0.43178108 1.27762301
v 5.8124026 -0.43279998 1.3738459
v 5.81336702 -0.43178043 1.36881186
v 5.33649594 -0.43699385 1.28225144
v 5.33747925 -0.43699385 1.27711877
v 5.81248032 -0.4369932 1.37344028
v 5.81346363 -0.43699321 1.36830761
v 5.33641824 -0.44118708 1.28265705
v 5.33738266 -0.44220663 1.27762302
v 5.81336703 -0.44220598 1.36881186
v 5.33618811 -0.44521917 1.28385833
v 5.33709657 -0.44721908 1.27911637
v 5.81308095 -0.44721843 1.37030522
v 5.33581438 -0.44893516 1.2858091
v 5.33663198 -0.45183858 1.28154145
v 5.81179876 -0.44893452 1.37699794
v 5.81261636 -0.45183793 1.37273029
v 5.33531144 -0.45219226 1.2884344
v 5.33600675 -0.45588761 1.28480505
v 5.81129581 -0.45219161 1.37962323
v 5.81199113 -0.45588695 1.37599389
v 5.33469859 -0.45486529 1.29163332
v 5.3352449 -0.45921055 1.28878176
v 5.81068297 -0.45486464 1.38282215
v 5.81122928 -0.45920991 1.3799706
v 5.3339994 -0.45685153 1.29528294
v 5.33437571 -0.46167973 1.29331876
v 5.80998378 -0.45685087 1.38647177
v 5.81036008 -0.46167908 1.38450759
v 5.33324074 -0.45807465 1.29924301
v 5.33343258 -0.46320024 1.29824168
v 5.80922511 -0.45807399 1.39043185
v 5.80941696 -0.46319959 1.38943051
v 5.33240368 -0.4585128 1.30361227
v 5.33245176 -0.46371365 1.30336134
v 5.80838805 -0.45851216 1.39480112
v 5.80843613 -0.463713 1.39455018
v 5.26938189 -0.41547476 1.63257112
v 5.26938188 -0.41027391 1.63257112
v 5.74536627 -0.41547411 1.72375996
v 5.74536626 -0.41027327 1.72375995
v 5.74536632 -0.45851203 1.72375998
v 5.74536633 -0.46371288 1.72375998
v 5.26938195 -0.45851268 1.63257115
v 5.26938195 -0.46371352 1.63257115
v 5.74536632 -0.45851203 1.72375998
v 5.26938195 -0.45851268 1.63257115
v 5.26938195 -0.46371352 1.63257115
v 5.74536633 -0.46371288 1.72375998
v 5.26938189 -0.41547476 1.63257112
v 5.74536627 -0.41547411 1.72375996
v 5.74536626 -0.41027327 1.72375995
v 5.26938188 -0.41027391 1.63257112
v 5.27312419 -0.45910499 1.62680992
v 5.74190764 -0.45910435 1.7166192
v 5.74190758 -0.41488163 1.71661918
v 5.27312413 -0.41488227 1.62680989
v 5.34233688 -0.4492638 1.28591898
v 5.34272089 -0.44544551 1.2839145
v 5.80455694 -0.41862969 1.38067504
v 5.80518666 -0.42137631 1.37738806
v 5.74536632 -0.45851203 1.72375998
v 5.80838805 -0.45851216 1.39480112
v 5.80219889 -0.45910448 1.3929838
v 5.74190764 -0.45910435 1.7166192
v 5.80570349 -0.44926317 1.37469051
v 5.34233685 -0.42472371 1.28591896
v 5.27312419 -0.45910499 1.62680992
v 5.33883228 -0.45910511 1.30421226
v 5.34182009 -0.45261056 1.28861655
v 5.80570346 -0.42472307 1.37469049
v 5.26938195 -0.45851268 1.63257115
v 5.27312419 -0.45910499 1.62680992
v 5.8051867 -0.45260993 1.37738808
v 5.34272087 -0.428542 1.28391449
v 5.26938189 -0.41547476 1.63257112
v 5.27312413 -0.41488227 1.62680989
v 5.34119037 -0.45535718 1.29190353
v 5.80608748 -0.42854136 1.37268604
v 5.80455699 -0.45535654 1.38067506
v 5.34295735 -0.43268509 1.28268015
v 5.34047193 -0.4573981 1.29565363
v 5.80632396 -0.43268446 1.3714517
v 5.33240362 -0.41547488 1.30361225
v 5.33324068 -0.41591304 1.29924299
v 5.33969232 -0.41533261 1.29972269
v 5.33883222 -0.41488238 1.30421224
v 5.80383855 -0.45739746 1.38442516
v 5.3430372 -0.43699375 1.28226337
v 5.80922506 -0.4159124 1.39043182
v 5.80305894 -0.41533198 1.38849422
v 5.33969238 -0.45865489 1.29972272
v 5.80640381 -0.43699312 1.3710349
v 5.34047188 -0.4165894 1.2956536
v 5.33969232 -0.41533261 1.29972269
v 5.80305899 -0.45865425 1.38849425
v 5.34295736 -0.44130242 1.28268016
v 5.80305894 -0.41533198 1.38849422
v 5.80383849 -0.41658877 1.38442513
v 5.33324074 -0.45807465 1.29924301
v 5.33240368 -0.4585128 1.30361227
v 5.33883228 -0.45910511 1.30421226
v 5.33969238 -0.45865489 1.29972272
v 5.80922511 -0.45807399 1.39043185
v 5.80305899 -0.45865425 1.38849425
v 5.33883222 -0.41488238 1.30421224
v 5.27312413 -0.41488227 1.62680989
v 5.74190764 -0.45910435 1.7166192
v 5.80219883 -0.41488175 1.39298377
v 5.74190758 -0.41488163 1.71661918
v 5.80305894 -0.41533198 1.38849422
v 5.80383849 -0.41658877 1.38442513
v 5.80455694 -0.41862969 1.38067504
v 5.80518666 -0.42137631 1.37738806
v 5.80570346 -0.42472307 1.37469049
v 5.80608748 -0.42854136 1.37268604
v 5.80632396 -0.43268446 1.3714517
v 5.80640381 -0.43699312 1.3710349
v 5.80632397 -0.44130178 1.3714517
v 5.8060875 -0.44544488 1.37268605
v 5.80570349 -0.44926317 1.37469051
v 5.8051867 -0.45260993 1.37738808
v 5.80455699 -0.45535654 1.38067506
v 5.80383855 -0.45739746 1.38442516
v 5.80305899 -0.45865425 1.38849425
v 5.80219889 -0.45910448 1.3929838
v 5.33969232 -0.41533261 1.29972269
v 5.27312413 -0.41488227 1.62680989
v 5.33883222 -0.41488238 1.30421224
v 5.27312419 -0.45910499 1.62680992
v 5.34047188 -0.4165894 1.2956536
v 5.34119032 -0.41863032 1.29190351
v 5.34182004 -0.42137695 1.28861653
v 5.34233685 -0.42472371 1.28591896
v 5.34272087 -0.428542 1.28391449
v 5.34295735 -0.43268509 1.28268015
v 5.3430372 -0.43699375 1.28226337
v 5.34295736 -0.44130242 1.28268016
v 5.34272089 -0.44544551 1.2839145
v 5.34233688 -0.4492638 1.28591898
v 5.34182009 -0.45261056 1.28861655
v 5.34119037 -0.45535718 1.29190353
v 5.34047193 -0.4573981 1.29565363
v 5.33969238 -0.45865489 1.29972272
v 5.33883228 -0.45910511 1.30421226
vn 0.098 0 -0.99519
vn 0.29031 0 -0.95693
vn 0.47141 0 -0.88192
vn 0.6344 0 -0.773
vn 0.773 0 -0.6344
vn 0.88192 0 -0.47141
vn 0.95693 0 -0.29031
vn 0.99519 0 -0.098
vn 0.99519 0 0.098
vn 0.95693 0 0.29031
vn 0.88192 0 0.47141
vn 0.773 0 0.6344
vn 0.6344 0 0.773
vn 0.47141 0 0.88192
vn 0.29031 0 0.95693
vn 0.098 0 0.99519
vn 0 0 -1
vn 0 0 1
vn -0.0002 -0.69419 0.71979
vn -0.36999 0.81228 0.45089
vn -0.48949 -0.85927 -0.1485
vn 0 -1 0
vn 0 1 0
vn -1 0 0
vn -0.46501 0.84971 -0.2485
vn -0.36978 -0.81255 0.45057
vn -0.0002 -0.69409 -0.71989
vn -0.4647 -0.84991 -0.2484
vn -0.42581 0.83462 0.34941
vn -0.0005 0.76729 -0.6413
vn -0.0005 0.76738 -0.64119
vn -0.42581 0.83462 -0.34941
vn -0.42549 -0.83488 0.34919
vn 0.0927 0 -0.99569
vn -0.42549 -0.83488 -0.34919
vn -0.46501 0.84971 0.2485
vn 0.0927 0 0.99569
vn -0.36999 0.81228 -0.45089
vn -0.46459 -0.84998 0.24839
vn -0.36981 -0.81252 -0.45061
vn -0.48991 0.85902 0.1486
vn -0.29471 0.78043 -0.55142
vn -0.48949 -0.85927 0.1485
vn -0.0722 0.67619 0.73318
vn -0.2946 -0.7807 -0.5511
vn -0.50191 0.86351 0.0494
vn -0.0722 -0.6765 0.7329
vn -0.1965 0.7362 -0.6476
vn -0.50159 -0.86369 0.0494
vn -0.1964 0.73631 0.64751
vn -0.1964 -0.7365 -0.6473
vn -0.50198 0.86347 -0.0494
vn -0.50191 0.86351 -0.0494
vn -0.1963 -0.73661 0.64721
vn -0.0722 0.67608 -0.73328
vn -0.50159 -0.86369 -0.0494
vn -0.29469 0.78047 0.55138
vn -0.0722 -0.6765 -0.7329
vn -0.48991 0.85902 -0.1486
vn -0.2945 -0.78081 0.55101
vn -0.0005 0.76747 0.64108
vn -0.0005 0.76738 0.64119
vn -0.0005 0.76743 0.64113
vn 0.0006 1 0
vn 0.0005 1 0
vn 0.0005 1 -0.0001
vn 0.0005 1 -0.0003
vn 0.0005 1 -0.0002
vn 0.0005 1 0.0001
vn 0.0005 1 0.0002
vn 0.0005 1 0.0003
vn 0.0005 1 0.0004
vn 0.0012 -1 0
vn 0.0013 -1 0
vn 0.0012 -1 0.0001
vn 0.0012 -1 -0.0001
vn 0.0013 -1 0.0004
vt 0.18416 0.39135
vt 0.18416 0.36963
vt 0.18449 0.36963
vt 0.18449 0.39135
vt 0.1848 0.36963
vt 0.1848 0.39135
vt 0.18509 0.36963
vt 0.18509 0.39135
vt 0.18535 0.36963
vt 0.18535 0.39135
vt 0.18129 0.38817
vt 0.18464 0.38817
vt 0.18464 0.38652
vt 0.18129 0.38652
vt 0.18464 0.38465
vt 0.18129 0.38465
vt 0.18464 0.38261
vt 0.18129 0.38261
vt 0.18464 0.38049
vt 0.18129 0.38049
vt 0.18464 0.37837
vt 0.18129 0.37837
vt 0.18464 0.37634
vt 0.18129 0.37634
vt 0.18464 0.37446
vt 0.18129 0.37446
vt 0.18464 0.37281
vt 0.18129 0.37281
vt 0.16314 0.39135
vt 0.16314 0.36963
vt 0.18415 0.36963
vt 0.16354 0.36985
vt 0.18418 0.36992
vt 0.18491 0.38775
vt 0.18511 0.38667
vt 0.18518 0.38684
vt 0.18497 0.38795
vt 0.18541 0.37715
vt 0.18548 0.37879
vt 0.18556 0.37874
vt 0.18548 0.37706
vt 0.18442 0.38906
vt 0.18415 0.38924
vt 0.18416 0.39135
vt 0.18449 0.39114
vt 0.18468 0.38856
vt 0.1848 0.39052
vt 0.18509 0.38952
vt 0.18535 0.38817
vt 0.18511 0.38667
vt 0.18528 0.38534
vt 0.18555 0.38652
vt 0.18541 0.38383
vt 0.18571 0.38465
vt 0.18541 0.38383
vt 0.18548 0.3822
vt 0.1858 0.38261
vt 0.18551 0.38049
vt 0.18584 0.38049
vt 0.1858 0.37837
vt 0.18571 0.37634
vt 0.18528 0.37564
vt 0.18555 0.37446
vt 0.18511 0.37432
vt 0.18535 0.37281
vt 0.18491 0.37323
vt 0.18509 0.37146
vt 0.18468 0.37242
vt 0.1848 0.37046
vt 0.18442 0.37193
vt 0.18449 0.36984
vt 0.18415 0.37175
vt 0.18416 0.36963
vt 0.16314 0.38924
vt 0.16314 0.39135
vt 0.16314 0.37175
vt 0.16314 0.36963
vt 0.18464 0.37175
vt 0.18129 0.37175
vt 0.18129 0.36963
vt 0.18464 0.36963
vt 0.18129 0.38924
vt 0.18464 0.38924
vt 0.18464 0.39135
vt 0.18129 0.39135
vt 0.38631 0.37285
vt 0.39168 0.37285
vt 0.39168 0.39838
vt 0.38631 0.39838
vt 0.18535 0.37551
vt 0.18535 0.38548
vt 0.16354 0.37151
vt 0.18418 0.37151
vt 0.18518 0.37415
vt 0.18535 0.38548
vt 0.16354 0.39123
vt 0.18548 0.38393
vt 0.18497 0.37303
vt 0.18556 0.38224
vt 0.18473 0.3722
vt 0.18556 0.38224
vt 0.18415 0.39135
vt 0.18442 0.39135
vt 0.18447 0.39106
vt 0.18418 0.39106
vt 0.18559 0.38049
vt 0.18442 0.36963
vt 0.18447 0.36992
vt 0.18447 0.37169
vt 0.18473 0.38878
vt 0.18447 0.38929
vt 0.18418 0.38948
vt 0.16354 0.38948
vt 0.36816 0.37285
vt 0.40173 0.39838
vt 0.36816 0.39838
vt 0.4022 0.39812
vt 0.40262 0.3974
vt 0.40301 0.39622
vt 0.40335 0.39463
vt 0.40363 0.3927
vt 0.40384 0.3905
vt 0.40397 0.3881
vt 0.40401 0.38562
vt 0.40397 0.38313
vt 0.40384 0.38074
vt 0.40363 0.37853
vt 0.40335 0.3766
vt 0.40301 0.37501
vt 0.40262 0.37384
vt 0.4022 0.37311
vt 0.40173 0.37285
usemtl mat0
f 2939/1463/361 2940/1464/361 2941/1465/361
f 2939/1463/361 2941/1465/361 2942/1466/361
f 2942/1466/362 2941/1465/362 2943/1467/362
f 2942/1466/362 2943/1467/362 2944/1468/362
f 2944/1468/363 2943/1467/363 2945/1469/363
f 2944/1468/363 2945/1469/363 2946/1470/363
f 2946/1470/364 2945/1469/364 2947/1471/364
f 2946/1470/364 2947/1471/364 2948/1472/364
f 2949/1473/365 2950/1474/365 2951/1475/365
f 2949/1473/365 2951/1475/365 2952/1476/365
f 2952/1476/366 2951/1475/366 2953/1477/366
f 2952/1476/366 2953/1477/366 2954/1478/366
f 2954/1478/367 2953/1477/367 2955/1479/367
f 2954/1478/367 2955/1479/367 2956/1480/367
f 2956/1480/368 2955/1479/368 2957/1481/368
f 2956/1480/368 2957/1481/368 2958/1482/368
f 2958/1482/369 2957/1481/369 2959/1483/369
f 2958/1482/369 2959/1483/369 2960/1484/369
f 2960/1484/370 2959/1483/370 2961/1485/370
f 2960/1484/370 2961/1485/370 2962/1486/370
f 2962/1486/371 2961/1485/371 2963/1487/371
f 2962/1486/371 2963/1487/371 2964/1488/371
f 2964/1488/372 2963/1487/372 2965/1489/372
f 2964/1488/372 2965/1489/372 2966/1490/372
f 2967/1472/373 2968/1471/373 2969/1469/373
f 2967/1472/373 2969/1469/373 2970/1470/373
f 2970/1470/374 2969/1469/374 2971/1467/374
f 2970/1470/374 2971/1467/374 2972/1468/374
f 2972/1468/375 2971/1467/375 2973/1465/375
f 2972/1468/375 2973/1465/375 2974/1466/375
f 2974/1466/376 2973/1465/376 2975/1464/376
f 2974/1466/376 2975/1464/376 2976/1463/376
f 2940/1464/377 2939/1463/377 2977/1491/377
f 2940/1464/377 2977/1491/377 2978/1492/377
f 2976/1463/378 2975/1464/378 2979/1492/378
f 2976/1463/378 2979/1492/378 2980/1491/378
f 2981/1493/379 2982/1492/379 2983/1494/379
f 2981/1493/379 2983/1494/379 2984/1495/379
f 2985/1496/380 2986/1497/380 2987/1498/380
f 2985/1496/380 2987/1498/380 2988/1499/380
f 2989/1500/381 2990/1501/381 2991/1502/381
f 2989/1500/381 2991/1502/381 2992/1503/381
f 2993/1504/382 2994/1505/382 2995/1506/382
f 2993/1504/382 2995/1506/382 2996/1507/382
f 2997/1505/383 2998/1504/383 2999/1507/383
f 2997/1505/383 2999/1507/383 3000/1506/383
f 3001/1508/382 2993/1504/382 2996/1507/382
f 3001/1508/382 2996/1507/382 3002/1509/382
f 2998/1504/383 3003/1508/383 3004/1509/383
f 2998/1504/383 3004/1509/383 2999/1507/383
f 2985/1496/382 3001/1508/382 3002/1509/382
f 2985/1496/382 3002/1509/382 3005/1510/382
f 3003/1508/383 3006/1496/383 3007/1510/383
f 3003/1508/383 3007/1510/383 3004/1509/383
f 2986/1497/382 2985/1496/382 3005/1510/382
f 2986/1497/382 3005/1510/382 3008/1511/382
f 3006/1496/383 3009/1512/383 3010/1511/383
f 3006/1496/383 3010/1511/383 3007/1510/383
f 3011/1513/382 2986/1497/382 3008/1511/382
f 3011/1513/382 3008/1511/382 3012/1514/382
f 3009/1512/383 3013/1513/383 3014/1514/383
f 3009/1512/383 3014/1514/383 3010/1511/383
f 3015/1515/382 3011/1513/382 3012/1514/382
f 3015/1515/382 3012/1514/382 3016/1516/382
f 3013/1513/383 3017/1517/383 3018/1516/383
f 3013/1513/383 3018/1516/383 3014/1514/383
f 3019/1518/382 3015/1515/382 3016/1516/382
f 3019/1518/382 3016/1516/382 3020/1519/382
f 3017/1517/383 3021/1518/383 3022/1519/383
f 3017/1517/383 3022/1519/383 3018/1516/383
f 3023/1520/382 3019/1518/382 3020/1519/382
f 3023/1520/382 3020/1519/382 3024/1521/382
f 3021/1518/383 3025/1520/383 3026/1521/383
f 3021/1518/383 3026/1521/383 3022/1519/383
f 3027/1501/382 3023/1520/382 3024/1521/382
f 3027/1501/382 3024/1521/382 3028/1522/382
f 3025/1520/383 2990/1501/383 3029/1522/383
f 3025/1520/383 3029/1522/383 3026/1521/383
f 3030/1500/382 3027/1501/382 3028/1522/382
f 3030/1500/382 3028/1522/382 3031/1523/382
f 2990/1501/383 2989/1500/383 3032/1523/383
f 2990/1501/383 3032/1523/383 3029/1522/383
f 3033/1524/382 3030/1500/382 3031/1523/382
f 3033/1524/382 3031/1523/382 3034/1525/382
f 2989/1500/383 3035/1524/383 3036/1525/383
f 2989/1500/383 3036/1525/383 3032/1523/383
f 3037/1526/382 3033/1524/382 3034/1525/382
f 3037/1526/382 3034/1525/382 3038/1527/382
f 3035/1524/383 3039/1526/383 3040/1527/383
f 3035/1524/383 3040/1527/383 3036/1525/383
f 3041/1528/382 3037/1526/382 3038/1527/382
f 3041/1528/382 3038/1527/382 3042/1529/382
f 3039/1526/383 3043/1528/383 3044/1529/383
f 3039/1526/383 3044/1529/383 3040/1527/383
f 3045/1530/382 3041/1528/382 3042/1529/382
f 3045/1530/382 3042/1529/382 3046/1531/382
f 3043/1528/383 3047/1530/383 3048/1531/383
f 3043/1528/383 3048/1531/383 3044/1529/383
f 3049/1532/382 3045/1530/382 3046/1531/382
f 3049/1532/382 3046/1531/382 3050/1533/382
f 3047/1530/383 3051/1532/383 3052/1533/383
f 3047/1530/383 3052/1533/383 3048/1531/383
f 3053/1534/382 3049/1532/382 3050/1533/382
f 3053/1534/382 3050/1533/382 3054/1535/382
f 3051/1532/383 3055/1534/383 3056/1535/383
f 3051/1532/383 3056/1535/383 3052/1533/383
f 2994/1505/382 3057/1536/382 3058/1537/382
f 2994/1505/382 3058/1537/382 2995/1506/382
f 3059/1536/383 2997/1505/383 3000/1506/383
f 3059/1536/383 3000/1506/383 3060/1537/383
f 3055/1534/383 3061/1538/383 3062/1539/383
f 3055/1534/383 3062/1539/383 3056/1535/383
f 3063/1538/382 3053/1534/382 3054/1535/382
f 3063/1538/382 3054/1535/382 3064/1539/382
f 3065/1540/384 3066/1541/384 3067/1542/384
f 3065/1540/384 3067/1542/384 3068/1543/384
f 3069/1544/384 3070/1545/384 3071/1546/384
f 3069/1544/384 3071/1546/384 3072/1547/384
f 3073/1548/384 3074/1549/384 3075/1550/384
f 3073/1548/384 3075/1550/384 3076/1551/384
f 3030/1500/385 3033/1524/385 3077/1552/385
f 3030/1500/385 3077/1552/385 3078/1503/385
f 3009/1512/386 3006/1496/386 3079/1499/386
f 3009/1512/386 3079/1499/386 3080/1498/386
f 3081/1492/387 3082/1493/387 3083/1495/387
f 3081/1492/387 3083/1495/387 3084/1494/387
f 3035/1524/388 2989/1500/388 2992/1503/388
f 3035/1524/388 2992/1503/388 3085/1552/388
f 2986/1497/389 3011/1513/389 3086/1553/389
f 2986/1497/389 3086/1553/389 2987/1498/389
f 3053/1534/390 3063/1538/391 3087/1554/391
f 3053/1534/390 3087/1554/391 3088/1555/390
f 3033/1524/392 3037/1526/392 3089/1556/392
f 3033/1524/392 3089/1556/392 3077/1552/392
f 3013/1513/393 3009/1512/393 3080/1498/393
f 3013/1513/393 3080/1498/393 3090/1557/393
f 3091/1491/394 3081/1492/394 3084/1494/394
f 3091/1491/394 3084/1494/394 3092/1558/394
f 3039/1526/395 3035/1524/395 3085/1552/395
f 3039/1526/395 3085/1552/395 3093/1556/395
f 3011/1513/396 3015/1515/396 3094/1559/396
f 3011/1513/396 3094/1559/396 3086/1553/396
f 2982/1492/397 3095/1491/397 3096/1558/397
f 2982/1492/397 3096/1558/397 2983/1494/397
f 3037/1526/398 3041/1528/398 3097/1560/398
f 3037/1526/398 3097/1560/398 3089/1556/398
f 3017/1517/399 3013/1513/399 3090/1557/399
f 3017/1517/399 3090/1557/399 3098/1559/399
f 3043/1528/400 3039/1526/400 3093/1556/400
f 3043/1528/400 3093/1556/400 3099/1560/400
f 3015/1515/401 3019/1518/401 3100/1561/401
f 3015/1515/401 3100/1561/401 3094/1559/401
f 3041/1528/402 3045/1530/402 3101/1562/402
f 3041/1528/402 3101/1562/402 3097/1560/402
f 3021/1518/403 3017/1517/403 3098/1559/403
f 3021/1518/403 3098/1559/403 3102/1563/403
f 3103/1564/404 3104/1565/404 3105/1566/404
f 3103/1564/404 3105/1566/404 3106/1567/404
f 3047/1530/405 3043/1528/405 3099/1560/405
f 3047/1530/405 3099/1560/405 3107/1562/405
f 3019/1518/406 3023/1520/406 3108/1568/406
f 3019/1518/406 3108/1568/406 3100/1561/406
f 3109/1569/407 2981/1493/407 2984/1495/407
f 3109/1569/407 2984/1495/407 3110/1570/407
f 3045/1530/408 3049/1532/408 3111/1571/408
f 3045/1530/408 3111/1571/408 3101/1562/408
f 3025/1520/409 3021/1518/409 3102/1563/409
f 3025/1520/409 3102/1563/409 3112/1568/409
f 2993/1504/410 3001/1508/410 3113/1572/410
f 2993/1504/410 3113/1572/410 3114/1573/410
f 3051/1532/411 3047/1530/411 3107/1562/411
f 3051/1532/411 3107/1562/411 3115/1571/411
f 3023/1520/412 3027/1501/412 3116/1502/412
f 3023/1520/413 3116/1502/413 3108/1568/413
f 3003/1508/414 2998/1504/414 3117/1573/414
f 3003/1508/414 3117/1573/414 3118/1572/414
f 3119/1565/415 3120/1564/415 3121/1567/415
f 3119/1565/415 3121/1567/415 3122/1566/415
f 2990/1501/416 3025/1520/416 3112/1568/416
f 2990/1501/416 3112/1568/416 2991/1502/416
f 3001/1508/417 2985/1496/417 2988/1499/417
f 3001/1508/417 2988/1499/417 3113/1572/417
f 3082/1493/418 3123/1569/418 3124/1570/418
f 3082/1493/418 3124/1570/418 3083/1495/418
f 3027/1501/419 3030/1500/419 3078/1503/419
f 3027/1501/419 3078/1503/419 3116/1502/419
f 3006/1496/420 3003/1508/420 3118/1572/420
f 3006/1496/420 3118/1572/420 3079/1499/420
f 3057/1536/421 2994/1505/422 3125/1574/423
f 3057/1536/421 3125/1574/423 3126/1575/421
f 3127/1576/424 3128/1577/424 3129/1578/424
f 3128/1577/425 3127/1576/426 3130/1579/425
f 3130/1579/425 3127/1576/426 3131/1580/425
f 3131/1580/425 3127/1576/426 3132/1581/426
f 3132/1581/426 3127/1576/426 3133/1582/426
f 3133/1582/426 3127/1576/426 3134/1583/426
f 3134/1583/427 3127/1576/427 3135/1584/427
f 3135/1584/428 3127/1576/428 3136/1585/428
f 3136/1585/426 3127/1576/426 3137/1586/426
f 3137/1586/429 3127/1576/429 3138/1587/429
f 3138/1587/430 3127/1576/430 3139/1588/430
f 3139/1588/431 3127/1576/431 3140/1589/431
f 3140/1589/432 3127/1576/432 3141/1590/432
f 3141/1590/429 3127/1576/425 3142/1591/429
f 3142/1591/429 3127/1576/425 3143/1592/429
f 3143/1592/429 3127/1576/425 3144/1593/425
f 3144/1593/425 3127/1576/425 3145/1594/425
f 3146/1579/433 3147/1578/433 3148/1577/433
f 3147/1578/434 3146/1579/434 3149/1576/434
f 3149/1576/435 3146/1579/433 3150/1580/433
f 3149/1576/435 3150/1580/433 3151/1581/433
f 3149/1576/435 3151/1581/433 3152/1582/436
f 3149/1576/435 3152/1582/436 3153/1583/433
f 3149/1576/435 3153/1583/433 3154/1584/433
f 3149/1576/433 3154/1584/433 3155/1585/433
f 3149/1576/437 3155/1585/437 3156/1586/437
f 3149/1576/435 3156/1586/435 3157/1587/435
f 3149/1576/433 3157/1587/433 3158/1588/433
f 3149/1576/433 3158/1588/435 3159/1589/433
f 3149/1576/433 3159/1589/433 3160/1590/433
f 3149/1576/433 3160/1590/433 3161/1591/433
f 3149/1576/433 3161/1591/433 3162/1592/435
f 3149/1576/433 3162/1592/435 3163/1593/433
f 3149/1576/433 3163/1593/433 3164/1594/433
# Vertices: 226, normals: 77, texture coordinates: 132, faces: 224

o obj6
v 5.16337599 0.81907154 0.752041
v 6.0467482 0.81907154 0.75204058
v 6.0467482 -1.13182816 0.75204058
v 5.16337599 -1.13182816 0.752041
v 6.04674873 0.81907154 1.87753274
v 5.16337652 0.81907154 1.87753316
v 5.16337652 -1.13182816 1.87753316
v 6.04674873 -1.13182816 1.87753274
v 5.16284945 0.18474348 0.85867271
v 5.16284945 0.15152958 0.85867271
v 5.16284988 0.15152958 1.77090145
v 5.16284988 0.18474348 1.77090145
v 5.16284945 -1.07173635 0.85867271
v 5.16284988 -1.07173635 1.77090145
v 5.97583503 -1.07117827 1.77042663
v 5.97583459 -1.07117827 0.85914675
v 5.16284988 -1.07173635 1.77090145
v 5.16284988 -0.49750014 1.77090145
v 5.97583503 -0.49805818 1.77042663
v 5.97583503 -1.07117827 1.77042663
v 5.16284988 0.75897958 1.77090145
v 5.16309076 0.81949972 1.77204686
v 5.16309033 0.81949972 0.8575273
v 5.16284945 0.75897958 0.85867271
v 5.16284945 -0.4642862 0.85867271
v 5.16284945 -0.49750014 0.85867271
v 5.16284988 -0.49750014 1.77090145
v 5.16284988 -0.4642862 1.77090145
v 5.16284945 -0.4642862 0.85867271
v 5.16284988 -0.4642862 1.77090145
v 5.97583503 -0.46372812 1.77042663
v 5.97583459 -0.46372812 0.85914675
v 5.16309076 -1.13225634 1.77204686
v 5.16284945 -1.07173635 0.85867271
v 5.16309033 -1.13225634 0.8575273
v 5.97583459 -0.49805818 0.85914675
v 5.97583459 -1.07117827 0.85914675
v 5.97583503 -0.46372812 1.77042663
v 5.97583503 0.1509715 1.77042663
v 5.97583459 0.1509715 0.85914675
v 5.97583459 -0.46372812 0.85914675
v 5.97583503 0.18530156 1.77042663
v 5.97583503 0.75842157 1.77042663
v 5.97583459 0.75842157 0.85914675
v 5.97583459 0.18530156 0.85914675
v 5.16284988 0.15152958 1.77090145
v 5.16284945 0.15152958 0.85867271
v 5.97583459 0.1509715 0.85914675
v 5.97583503 0.1509715 1.77042663
v 5.16284988 -0.4642862 1.77090145
v 5.16284988 0.15152958 1.77090145
v 5.16284945 -0.49750014 0.85867271
v 5.16284988 -0.49750014 1.77090145
v 5.16284945 -0.49750014 0.85867271
v 5.97583459 -0.49805818 0.85914675
v 5.97583503 -0.49805818 1.77042663
v 5.16284988 0.75897958 1.77090145
v 5.16284945 0.75897958 0.85867271
v 5.97583459 0.75842157 0.85914675
v 5.97583503 0.75842157 1.77042663
v 5.16284945 0.15152958 0.85867271
v 5.16284945 -0.4642862 0.85867271
v 5.16284945 0.18474348 0.85867271
v 5.16284945 0.18474348 0.85867271
v 5.16284988 0.18474348 1.77090145
v 5.97583503 0.18530156 1.77042663
v 5.97583459 0.18530156 0.85914675
v 5.16284988 0.18474348 1.77090145
v 5.1666397 0.73583348 1.75122335
v 5.1666397 0.20788973 1.75122335
v 5.16187324 0.20880007 1.75044945
v 5.16187324 0.73492315 1.75044945
v 5.16663928 0.20788973 0.87835081
v 5.16663928 0.73583348 0.87835081
v 5.16187283 0.73492315 0.87912471
v 5.16187283 0.20880007 0.87912471
v 5.1666397 0.20788973 1.75122335
v 5.16663928 0.20788973 0.87835081
v 5.16187283 0.20880007 0.87912471
v 5.16187324 0.20880007 1.75044945
v 5.16284945 0.75897958 0.85867271
v 5.16284988 0.75897958 1.77090145
v 5.16284988 0.18474348 1.77090145
v 5.16663928 -0.52064634 0.87835081
v 5.16663928 -1.0485901 0.87835081
v 5.16284945 -1.07173635 0.85867271
v 5.16284945 -0.49750014 0.85867271
v 5.1666397 -1.0485901 1.75122335
v 5.16284988 -1.07173635 1.77090145
v 5.16663928 0.20788973 0.87835081
v 5.1666397 0.20788973 1.75122335
v 5.1666397 0.12838334 1.75122335
v 5.16663928 0.12838334 0.87835081
v 5.1666397 -0.52064634 1.75122335
v 5.16284988 -0.49750014 1.77090145
v 5.1666397 -0.52064634 1.75122335
v 5.16663928 -0.52064634 0.87835081
v 5.16663928 -0.44113995 0.87835081
v 5.1666397 -0.44113995 1.75122335
v 5.1666397 -0.44113995 1.75122335
v 5.1666397 0.12838334 1.75122335
v 5.16284988 0.15152958 1.77090145
v 5.16284988 -0.4642862 1.77090145
v 5.16663928 0.12838334 0.87835081
v 5.16663928 -0.44113995 0.87835081
v 5.16284945 -0.4642862 0.85867271
v 5.16284945 0.15152958 0.85867271
v 5.16284945 0.18474348 0.85867271
v 5.1666397 -0.44113995 1.75122335
v 5.16663928 -0.44113995 0.87835081
v 5.16187283 -0.44022962 0.87912471
v 5.16187324 -0.44022962 1.75044945
v 5.16663928 0.12838334 0.87835081
v 5.1666397 0.12838334 1.75122335
v 5.16187324 0.127473 1.75044945
v 5.16187283 0.127473 0.87912471
v 5.16187283 -0.52155664 0.87912471
v 5.16187283 -1.04767984 0.87912471
v 5.16187324 -0.44022962 1.75044945
v 5.16187324 0.127473 1.75044945
v 5.16187324 -1.04767984 1.75044945
v 5.16187324 -0.52155664 1.75044945
v 5.16187283 0.127473 0.87912471
v 5.16187283 -0.44022962 0.87912471
v 5.16663928 -0.52064634 0.87835081
v 5.1666397 -0.52064634 1.75122335
v 5.16187324 -0.52155664 1.75044945
v 5.16187283 -0.52155664 0.87912471
v 5.16591874 0.81526089 0.75528069
v 5.16591874 -1.1280175 0.75528069
v 6.04420544 -1.1280175 0.75528027
v 6.04420544 0.81526089 0.75528027
v 6.04420598 0.81526089 1.87429305
v 6.04420598 -1.1280175 1.87429305
v 5.16591928 -1.1280175 1.87429347
v 5.16591928 0.81526089 1.87429347
v 5.16644538 0.18204899 0.85638188
v 5.16644582 0.18204899 1.77319228
v 5.16644582 0.15422408 1.77319228
v 5.16644538 0.15422408 0.85638188
v 5.16644538 -1.07443084 0.85638188
v 5.97837734 -1.07498892 0.85590707
v 5.97837778 -1.07498892 1.77366632
v 5.16644582 -1.07443084 1.77319228
v 5.97837778 -0.49424752 1.77366632
v 5.16644582 -0.49480556 1.77319228
v 5.16644582 0.76167423 1.77319228
v 5.16644538 0.76167423 0.85638188
v 5.16620451 0.81483271 0.8575273
v 5.16620494 0.81483271 1.77204686
v 5.16644538 -0.46698069 0.85638188
v 5.16644582 -0.46698069 1.77319228
v 5.16644538 -0.49480556 0.85638188
v 5.97837734 -0.46753877 0.85590707
v 5.97837778 -0.46753877 1.77366632
v 5.16620494 -1.12758932 1.77204686
v 5.16620451 -1.12758932 0.8575273
v 5.97837734 -0.49424752 0.85590707
v 5.97837734 0.15478216 0.85590707
v 5.97837778 0.15478216 1.77366632
v 5.97837778 0.18149091 1.77366632
v 5.97837734 0.18149091 0.85590707
v 5.97837734 0.76223223 0.85590707
v 5.97837778 0.76223223 1.77366632
v 5.16265599 0.73782347 1.75291524
v 5.15933049 0.73873381 1.75368914
v 5.15933049 0.20498941 1.75368914
v 5.16265599 0.20589974 1.75291524
v 5.16265557 0.20589974 0.87665892
v 5.15933007 0.20498941 0.87588503
v 5.15933007 0.73873381 0.87588503
v 5.16265557 0.73782347 0.87665892
v 5.16265599 0.20589974 1.75291524
v 5.15933049 0.20498941 1.75368914
v 5.15933007 0.20498941 0.87588503
v 5.16265557 0.20589974 0.87665892
v 5.16644582 0.76167423 1.77319228
v 5.16644538 0.76167423 0.85638188
v 5.16644582 0.18204899 1.77319228
v 5.16265557 -0.51865628 0.87665892
v 5.16644538 -0.49480556 0.85638188
v 5.16644538 -1.07443084 0.85638188
v 5.16265557 -1.05058017 0.87665892
v 5.16644582 -1.07443084 1.77319228
v 5.16265599 -1.05058017 1.75291524
v 5.16265557 0.20589974 0.87665892
v 5.16644538 0.18204899 0.85638188
v 5.16644582 0.18204899 1.77319228
v 5.16265599 0.20589974 1.75291524
v 5.16265599 0.13037332 1.75291524
v 5.16644582 0.15422408 1.77319228
v 5.16644538 0.15422408 0.85638188
v 5.16265557 0.13037332 0.87665892
v 5.16644582 -0.49480556 1.77319228
v 5.16265599 -0.51865628 1.75291524
v 5.16265599 -0.51865628 1.75291524
v 5.16644582 -0.49480556 1.77319228
v 5.16644538 -0.49480556 0.85638188
v 5.16265557 -0.51865628 0.87665892
v 5.16265557 -0.44312994 0.87665892
v 5.16644538 -0.46698069 0.85638188
v 5.16644582 -0.46698069 1.77319228
v 5.16265599 -0.44312994 1.75291524
v 5.16265599 -0.44312994 1.75291524
v 5.16644582 -0.46698069 1.77319228
v 5.16644582 0.15422408 1.77319228
v 5.16265599 0.13037332 1.75291524
v 5.16265557 0.13037332 0.87665892
v 5.16644538 0.15422408 0.85638188
v 5.16644538 -0.46698069 0.85638188
v 5.16265557 -0.44312994 0.87665892
v 5.16644538 0.18204899 0.85638188
v 5.16265599 -0.44312994 1.75291524
v 5.15933049 -0.44404027 1.75368914
v 5.15933007 -0.44404027 0.87588503
v 5.16265557 -0.44312994 0.87665892
v 5.16265557 0.13037332 0.87665892
v 5.15933007 0.13128366 0.87588503
v 5.15933049 0.13128366 1.75368914
v 5.16265599 0.13037332 1.75291524
v 5.15933007 -1.05149042 0.87588503
v 5.15933007 -0.51774598 0.87588503
v 5.15933049 0.13128366 1.75368914
v 5.15933049 -0.44404027 1.75368914
v 5.15933049 -0.51774598 1.75368914
v 5.15933049 -1.05149042 1.75368914
v 5.15933007 -0.44404027 0.87588503
v 5.15933007 0.13128366 0.87588503
v 5.16265557 -0.51865628 0.87665892
v 5.15933007 -0.51774598 0.87588503
v 5.15933049 -0.51774598 1.75368914
v 5.16265599 -0.51865628 1.75291524
vn -1 0 0
vn 1 0 0
vn 0 1 0
vn 0 -1 0
vn 0 -0.0005 1
vn -1 -0.0005 0
vn 0 -0.99998 0.006
vn 0 -0.99998 -0.006
vn 0 -0.0005 -1
vn 1 -0.0005 0
vn -0.99198 0.1264 0
vn 0.99198 0.1264 0
vn 0 0.1264 0.99198
vn 0 0.97119 0.2383
vn 0.2383 0.97119 0
vn -0.2383 0.97119 0
vn 0 0.97119 -0.2383
vn 0 0.1264 -0.99198
vn 0 0.1265 -0.99197
vn 0 0.99998 0.0068
vn 0 0.99998 -0.0068
vn 0.98372 0.1797 0
vn -0.98372 0.1797 0
vn 0 0.1797 -0.98372
vn 0 -0.97279 0.2317
vn 0 -0.97281 0.2316
vn 0.2317 -0.97279 0
vn -0.2317 -0.97279 0
vn 0 -0.97279 -0.2317
vn 0.2316 -0.97281 0
vn -0.2316 -0.97281 0
vn 0 0.1797 0.98372
vn 0 0.1799 0.98369
vn 0 0.1798 0.9837
vn 0 0 -1
vn 0 0.0003 -1
vn 0 0.0003 1
vn 0.0062 -0.99998 0
vn 0.0063 -0.99998 0
vn -0.0062 -0.99998 0
vn -0.0063 -0.99998 0
vn 0.0065 0.99998 0
vn 0.0063 0.99998 -0.0002
vn 0.0066 0.99998 0
vn -0.0063 0.99998 -0.0002
vn -0.0065 0.99998 0
vn -0.0066 0.99998 0
vn -0.0067 0.99998 0
vt 0.39687 0.0356
vt 0.39687 0.05248
vt 0.38 0.05248
vt 0.38 0.0356
vt 0.04072 0.37577
vt 0.04072 0.37619
vt 0.05426 0.37619
vt 0.05426 0.37577
vt 0.04072 0.38198
vt 0.05426 0.38198
vt 0.05425 0.36668
vt 0.04073 0.36668
vt 0.38156 0.0356
vt 0.39531 0.0356
vt 0.04072 0.38393
vt 0.04072 0.38435
vt 0.05426 0.38435
vt 0.05426 0.38393
vt 0.05396 0.38191
vt 0.04101 0.38191
vt 0.04102 0.382
vt 0.05395 0.382
vt 0.04101 0.37548
vt 0.05396 0.37548
vt 0.05396 0.37648
vt 0.04101 0.37648
vt 0.05396 0.38464
vt 0.04101 0.38464
vt 0.04101 0.38364
vt 0.05396 0.38364
vt 0.05399 0.38199
vt 0.054 0.38205
vt 0.04098 0.38205
vt 0.04099 0.38199
vt 0.04099 0.37551
vt 0.04069 0.37581
vt 0.05429 0.37581
vt 0.05399 0.37551
vt 0.05399 0.37646
vt 0.05429 0.37616
vt 0.04069 0.37616
vt 0.04099 0.37646
vt 0.05399 0.38461
vt 0.05429 0.38431
vt 0.04069 0.38431
vt 0.04099 0.38461
vt 0.04099 0.38366
vt 0.04069 0.38396
vt 0.05429 0.38396
vt 0.05399 0.38366
usemtl mat1
f 3165/1595/438 3166/1596/438 3167/1596/438
f 3165/1595/438 3167/1596/438 3168/1595/438
f 3169/1597/439 3170/1598/439 3171/1598/439
f 3169/1597/439 3171/1598/439 3172/1597/439
f 3169/1597/440 3172/1597/440 3167/1596/440
f 3169/1597/440 3167/1596/440 3166/1596/440
f 3173/1599/441 3174/1600/441 3175/1601/441
f 3173/1599/441 3175/1601/441 3176/1602/441
f 3177/1603/442 3178/1604/442 3179/1605/442
f 3177/1603/442 3179/1605/442 3180/1606/442
f 3181/1607/443 3182/1607/443 3183/1607/443
f 3181/1607/443 3183/1607/443 3184/1607/443
f 3185/1607/444 3186/1607/444 3187/1608/444
f 3185/1607/444 3187/1608/444 3188/1608/444
f 3189/1609/441 3190/1610/441 3191/1611/441
f 3189/1609/441 3191/1611/441 3192/1612/441
f 3193/1603/442 3194/1604/442 3195/1605/442
f 3193/1603/442 3195/1605/442 3196/1606/442
f 3197/1607/445 3181/1607/445 3198/1608/445
f 3197/1607/445 3198/1608/445 3199/1608/445
f 3184/1607/441 3183/1607/441 3200/1608/441
f 3184/1607/441 3200/1608/441 3201/1608/441
f 3202/1607/441 3203/1607/441 3204/1608/441
f 3202/1607/441 3204/1608/441 3205/1608/441
f 3206/1607/441 3207/1607/441 3208/1608/441
f 3206/1607/441 3208/1608/441 3209/1608/441
f 3210/1604/446 3211/1603/446 3212/1606/446
f 3210/1604/446 3212/1606/446 3213/1605/446
f 3214/1607/443 3215/1607/443 3203/1607/443
f 3214/1607/443 3203/1607/443 3202/1607/443
f 3216/1608/447 3198/1608/447 3201/1608/447
f 3216/1608/447 3201/1608/447 3200/1608/447
f 3217/1604/446 3218/1603/446 3219/1606/446
f 3217/1604/446 3219/1606/446 3220/1605/446
f 3221/1604/446 3222/1603/446 3223/1606/446
f 3221/1604/446 3223/1606/446 3224/1605/446
f 3225/1608/447 3226/1608/447 3205/1608/447
f 3225/1608/447 3205/1608/447 3204/1608/447
f 3188/1608/447 3227/1608/447 3209/1608/447
f 3188/1608/447 3209/1608/447 3208/1608/447
f 3228/1603/442 3229/1604/442 3230/1605/442
f 3228/1603/442 3230/1605/442 3231/1606/442
f 3232/1607/443 3185/1607/443 3207/1607/443
f 3232/1607/443 3207/1607/443 3206/1607/443
f 3233/1595/448 3234/1595/448 3235/1595/448
f 3233/1595/448 3235/1595/448 3236/1595/448
f 3237/1595/449 3238/1595/449 3239/1595/449
f 3237/1595/449 3239/1595/449 3240/1595/449
f 3241/1613/450 3242/1614/450 3243/1615/450
f 3241/1613/450 3243/1615/450 3244/1616/450
f 3233/1595/451 3238/1595/451 3245/1595/451
f 3233/1595/451 3245/1595/451 3246/1595/451
f 3234/1595/452 3233/1595/452 3246/1595/452
f 3234/1595/452 3246/1595/452 3247/1595/452
f 3248/1595/453 3249/1595/453 3250/1595/453
f 3248/1595/453 3250/1595/453 3251/1595/453
f 3249/1595/454 3252/1595/454 3253/1595/454
f 3249/1595/454 3253/1595/454 3250/1595/454
f 3254/1617/454 3255/1618/454 3176/1602/454
f 3254/1617/454 3176/1602/454 3173/1599/454
f 3256/1619/451 3257/1620/451 3174/1600/451
f 3256/1619/451 3174/1600/451 3175/1601/451
f 3252/1595/452 3258/1595/452 3259/1595/452
f 3252/1595/452 3259/1595/452 3253/1595/452
f 3260/1621/451 3261/1622/451 3190/1610/451
f 3260/1621/451 3190/1610/451 3191/1611/451
f 3262/1623/454 3263/1624/454 3192/1612/454
f 3262/1623/454 3192/1612/454 3189/1609/454
f 3264/1595/452 3265/1595/452 3266/1595/452
f 3264/1595/452 3266/1595/452 3267/1595/452
f 3268/1595/453 3269/1595/453 3270/1595/453
f 3268/1595/453 3270/1595/453 3271/1595/453
f 3238/1595/453 3237/1595/453 3272/1595/453
f 3238/1595/453 3272/1595/453 3245/1595/453
f 3273/1613/450 3274/1614/450 3275/1615/450
f 3273/1613/450 3275/1615/450 3276/1616/450
f 3277/1614/455 3278/1613/455 3279/1616/455
f 3277/1614/455 3279/1616/455 3280/1615/455
f 3249/1595/449 3248/1595/449 3281/1595/449
f 3249/1595/449 3281/1595/449 3282/1595/449
f 3265/1595/448 3264/1595/448 3283/1595/448
f 3265/1595/448 3283/1595/448 3284/1595/448
f 3258/1595/448 3252/1595/448 3285/1595/448
f 3258/1595/448 3285/1595/448 3286/1595/448
f 3252/1595/450 3249/1595/450 3282/1595/450
f 3252/1595/450 3282/1595/450 3285/1595/450
f 3269/1595/449 3268/1595/449 3287/1595/449
f 3269/1595/449 3287/1595/449 3288/1595/449
f 3238/1595/456 3233/1595/456 3236/1595/456
f 3238/1595/455 3236/1595/455 3239/1595/455
f 3289/1614/455 3290/1613/455 3291/1616/455
f 3289/1614/455 3291/1616/455 3292/1615/455
f 3293/1595/439 3294/1595/439 3295/1596/439
f 3293/1595/439 3295/1596/439 3296/1596/439
f 3297/1597/438 3298/1597/438 3299/1598/438
f 3297/1597/438 3299/1598/438 3300/1598/438
f 3297/1597/441 3296/1596/441 3295/1596/441
f 3297/1597/441 3295/1596/441 3298/1597/441
f 3301/1608/440 3302/1607/440 3303/1607/440
f 3301/1608/440 3303/1607/440 3304/1608/440
f 3305/1608/446 3306/1608/446 3307/1607/446
f 3305/1608/446 3307/1607/446 3308/1607/446
f 3308/1607/447 3307/1607/447 3309/1607/447
f 3308/1607/447 3309/1607/447 3310/1607/447
f 3311/1607/457 3312/1608/457 3313/1608/457
f 3311/1607/457 3313/1608/457 3314/1607/457
f 3315/1608/440 3316/1607/440 3310/1607/440
f 3315/1608/440 3310/1607/440 3317/1608/440
f 3315/1608/446 3318/1608/446 3319/1607/446
f 3315/1608/446 3319/1607/446 3316/1607/446
f 3320/1607/458 3321/1608/458 3305/1608/458
f 3320/1607/458 3305/1608/458 3308/1607/458
f 3307/1607/440 3306/1608/440 3322/1608/440
f 3307/1607/440 3322/1608/440 3309/1607/440
f 3319/1607/440 3318/1608/440 3323/1608/440
f 3319/1607/440 3323/1608/440 3324/1607/440
f 3325/1607/440 3326/1608/440 3327/1608/440
f 3325/1607/440 3327/1608/440 3328/1607/440
f 3303/1607/442 3324/1607/442 3323/1608/442
f 3303/1607/442 3323/1608/442 3304/1608/442
f 3316/1607/447 3319/1607/447 3324/1607/447
f 3316/1607/447 3324/1607/447 3303/1607/447
f 3317/1608/443 3322/1608/443 3306/1608/443
f 3317/1608/443 3306/1608/443 3305/1608/443
f 3310/1607/442 3309/1607/442 3322/1608/442
f 3310/1607/442 3322/1608/442 3317/1608/442
f 3311/1607/442 3328/1607/442 3327/1608/442
f 3311/1607/442 3327/1608/442 3312/1608/442
f 3304/1608/443 3323/1608/443 3318/1608/443
f 3304/1608/443 3318/1608/443 3315/1608/443
f 3312/1608/443 3327/1608/443 3326/1608/443
f 3312/1608/443 3326/1608/443 3301/1608/443
f 3301/1608/446 3326/1608/446 3325/1607/446
f 3301/1608/446 3325/1607/446 3302/1607/446
f 3302/1607/447 3325/1607/447 3328/1607/447
f 3302/1607/447 3328/1607/447 3311/1607/447
f 3329/1595/459 3330/1595/459 3331/1595/459
f 3329/1595/459 3331/1595/459 3332/1595/459
f 3333/1595/460 3334/1595/460 3335/1595/460
f 3333/1595/460 3335/1595/460 3336/1595/460
f 3337/1625/461 3338/1626/461 3339/1627/461
f 3337/1625/461 3339/1627/461 3340/1628/461
f 3329/1595/462 3341/1595/462 3342/1595/462
f 3329/1595/463 3342/1595/463 3336/1595/463
f 3332/1595/464 3343/1595/464 3341/1595/464
f 3332/1595/464 3341/1595/464 3329/1595/464
f 3344/1595/465 3345/1595/465 3346/1595/465
f 3344/1595/465 3346/1595/465 3347/1595/465
f 3347/1595/466 3346/1595/466 3348/1595/466
f 3347/1595/466 3348/1595/466 3349/1595/466
f 3350/1629/466 3351/1630/466 3352/1631/466
f 3350/1629/466 3352/1631/466 3353/1632/466
f 3354/1633/462 3355/1634/462 3356/1635/462
f 3354/1633/462 3356/1635/462 3357/1636/462
f 3349/1595/464 3348/1595/464 3358/1595/464
f 3349/1595/464 3358/1595/464 3359/1595/464
f 3360/1637/462 3361/1638/462 3362/1639/462
f 3360/1637/462 3362/1639/462 3363/1640/462
f 3364/1641/466 3365/1642/466 3366/1643/466
f 3364/1641/466 3366/1643/466 3367/1644/466
f 3368/1595/467 3369/1595/467 3370/1595/467
f 3368/1595/464 3370/1595/464 3371/1595/464
f 3372/1595/468 3373/1595/468 3374/1595/468
f 3372/1595/465 3374/1595/465 3375/1595/465
f 3336/1595/465 3342/1595/465 3376/1595/465
f 3336/1595/465 3376/1595/465 3333/1595/465
f 3377/1625/461 3378/1626/461 3379/1627/461
f 3377/1625/461 3379/1627/461 3380/1628/461
f 3381/1628/469 3382/1627/469 3383/1626/469
f 3381/1628/469 3383/1626/469 3384/1625/469
f 3347/1595/460 3385/1595/460 3386/1595/460
f 3347/1595/460 3386/1595/460 3344/1595/460
f 3371/1595/459 3387/1595/459 3388/1595/459
f 3371/1595/459 3388/1595/459 3368/1595/459
f 3359/1595/459 3389/1595/459 3390/1595/459
f 3359/1595/459 3390/1595/459 3349/1595/459
f 3349/1595/461 3390/1595/461 3385/1595/461
f 3349/1595/461 3385/1595/461 3347/1595/461
f 3375/1595/460 3391/1595/460 3392/1595/460
f 3375/1595/460 3392/1595/460 3372/1595/460
f 3336/1595/470 3335/1595/470 3330/1595/470
f 3336/1595/471 3330/1595/471 3329/1595/471
f 3393/1628/469 3394/1627/469 3395/1626/469
f 3393/1628/469 3395/1626/469 3396/1625/469
f 3172/1597/472 3168/1595/472 3167/1596/472
f 3168/1595/473 3172/1597/473 3199/1608/473
f 3199/1608/473 3172/1597/473 3197/1607/473
f 3197/1607/473 3172/1597/473 3171/1598/473
f 3187/1608/474 3166/1596/474 3165/1595/474
f 3166/1596/474 3187/1608/474 3169/1597/474
f 3169/1597/474 3187/1608/474 3186/1607/474
f 3169/1597/474 3186/1607/474 3170/1598/474
f 3171/1598/475 3181/1607/475 3197/1607/475
f 3181/1607/476 3171/1598/476 3170/1598/476
f 3181/1607/476 3170/1598/476 3182/1607/476
f 3182/1607/476 3170/1598/476 3214/1607/476
f 3214/1607/476 3170/1598/476 3215/1607/476
f 3215/1607/476 3170/1598/476 3232/1607/476
f 3232/1607/476 3170/1598/476 3185/1607/476
f 3185/1607/475 3170/1598/475 3186/1607/475
f 3198/1608/477 3168/1595/477 3199/1608/477
f 3168/1595/478 3198/1608/478 3165/1595/478
f 3165/1595/478 3198/1608/478 3216/1608/478
f 3165/1595/478 3216/1608/478 3226/1608/478
f 3165/1595/478 3226/1608/478 3225/1608/478
f 3165/1595/478 3225/1608/478 3227/1608/478
f 3165/1595/478 3227/1608/478 3188/1608/478
f 3165/1595/477 3188/1608/477 3187/1608/477
f 3321/1608/474 3295/1596/474 3294/1595/474
f 3295/1596/474 3321/1608/474 3298/1597/474
f 3298/1597/474 3321/1608/474 3320/1607/474
f 3298/1597/474 3320/1607/474 3299/1598/474
f 3297/1597/473 3293/1595/473 3296/1596/473
f 3293/1595/473 3297/1597/473 3313/1608/473
f 3313/1608/473 3297/1597/473 3314/1607/473
f 3314/1607/473 3297/1597/473 3300/1598/473
f 3320/1607/479 3300/1598/480 3299/1598/479
f 3300/1598/480 3320/1607/479 3308/1607/481
f 3300/1598/481 3308/1607/481 3310/1607/481
f 3300/1598/481 3310/1607/481 3316/1607/481
f 3300/1598/481 3316/1607/481 3303/1607/481
f 3300/1598/481 3303/1607/481 3302/1607/481
f 3300/1598/481 3302/1607/481 3311/1607/481
f 3300/1598/481 3311/1607/481 3314/1607/481
f 3293/1595/482 3321/1608/483 3294/1595/483
f 3321/1608/483 3293/1595/482 3305/1608/484
f 3305/1608/484 3293/1595/484 3317/1608/484
f 3317/1608/485 3293/1595/485 3315/1608/485
f 3315/1608/484 3293/1595/484 3304/1608/484
f 3304/1608/484 3293/1595/484 3301/1608/484
f 3301/1608/484 3293/1595/484 3312/1608/484
f 3312/1608/484 3293/1595/484 3313/1608/484
# Vertices: 232, normals: 48, texture coordinates: 50, faces: 232

