# File generated by ImageToStl.com - Free Image and 3D model conversion tools

mtllib tumb.mtl

o obj1
v -2.06905634 -0.08217302 -2.98933752
v -2.06536162 -0.08341824 -2.98933752
v -2.06461685 -0.07568173 -2.98679204
v -2.06686922 -0.07492262 -2.98679204
v -2.08863698 -0.06990621 -2.99120701
v -2.08665116 -0.07792869 -2.99120701
v -2.08356718 -0.07602381 -2.98933752
v -2.08528901 -0.0690679 -2.98933752
v -2.04590489 -0.03906957 -2.99120701
v -2.05110384 -0.03411141 -2.99120701
v -2.05274575 -0.03803187 -2.98933752
v -2.04823797 -0.04233086 -2.98933752
v -2.0634544 -0.02994893 -2.99120701
v -2.06982999 -0.03100615 -2.99120701
v -2.06898233 -0.03533945 -2.98933752
v -2.06345435 -0.03442277 -2.98933752
v -2.04838554 -0.09082525 -2.99120701
v -2.043701 -0.08505087 -2.99120701
v -2.04632709 -0.08219913 -2.98933752
v -2.05038884 -0.08720583 -2.98933752
v -2.08320779 -0.08505087 -2.99120701
v -2.08058161 -0.08219913 -2.98933752
v -2.05707882 -0.03100615 -2.99120701
v -2.05792638 -0.03533945 -2.98933752
v -2.07580497 -0.03411141 -2.99120701
v -2.07416296 -0.03803187 -2.98933752
v -2.04025764 -0.07792869 -2.99120701
v -2.04334151 -0.07602381 -2.98933752
v -2.07852326 -0.09082525 -2.99120701
v -2.07651987 -0.08720583 -2.98933752
v -2.08100391 -0.03906957 -2.99120701
v -2.07867073 -0.04233086 -2.98933752
v -2.03827182 -0.06990621 -2.99120701
v -2.0416197 -0.0690679 -2.98933752
v -2.07289189 -0.094889 -2.99120701
v -2.07163716 -0.09072932 -2.98933752
v -2.08510016 -0.0455691 -2.99120701
v -2.08222239 -0.04796631 -2.98933752
v -2.03786831 -0.06148753 -2.99120701
v -2.04126983 -0.06176844 -2.98933752
v -2.06666753 -0.09698678 -2.99120701
v -2.0662403 -0.09254821 -2.98933752
v -2.08783633 -0.05320161 -2.99120701
v -2.0845948 -0.05458411 -2.98933752
v -2.03907248 -0.05320161 -2.99120701
v -2.0423139 -0.05458411 -2.98933752
v -2.06024127 -0.09698678 -2.99120701
v -2.0606684 -0.09254821 -2.98933752
v -2.08904049 -0.06148753 -2.99120701
v -2.08563887 -0.06176844 -2.98933752
v -2.04180864 -0.0455691 -2.99120701
v -2.04468631 -0.04796631 -2.98933752
v -2.05401691 -0.094889 -2.99120701
v -2.05527154 -0.09072932 -2.98933752
v -2.06723883 -0.04425287 -2.98933752
v -2.06345435 -0.04362532 -2.98933752
v -2.07078551 -0.04609612 -2.98933752
v -2.07387155 -0.04903923 -2.98933752
v -2.07630303 -0.05289727 -2.98933752
v -2.07792718 -0.05742785 -2.98933752
v -2.07864196 -0.06234628 -2.98933752
v -2.07840245 -0.06734351 -2.98933752
v -2.07722368 -0.07210556 -2.98933752
v -2.07517974 -0.07633321 -2.98933752
v -2.07239906 -0.07976082 -2.98933752
v -2.06154707 -0.08341824 -2.98933752
v -2.05785236 -0.08217302 -2.98933752
v -2.05450964 -0.07976082 -2.98933752
v -2.05172895 -0.07633321 -2.98933752
v -2.04968501 -0.07210556 -2.98933752
v -2.04850625 -0.06734351 -2.98933752
v -2.04826674 -0.06234628 -2.98933752
v -2.04898151 -0.05742785 -2.98933752
v -2.05060567 -0.05289727 -2.98933752
v -2.05303716 -0.04903923 -2.98933752
v -2.05612319 -0.04609612 -2.98933752
v -2.05966987 -0.04425287 -2.98933752
v -2.07227707 -0.05983746 -2.98679204
v -2.07128696 -0.05707552 -2.98679204
v -2.0546312 -0.05983746 -2.98679204
v -2.05419545 -0.06283583 -2.98679204
v -2.06229142 -0.07568173 -2.98679204
v -2.07271281 -0.06283583 -2.98679204
v -2.05562131 -0.05707552 -2.98679204
v -2.06003905 -0.07492262 -2.98679204
v -2.0725668 -0.06588225 -2.98679204
v -2.0571036 -0.05472358 -2.98679204
v -2.05800126 -0.07345209 -2.98679204
v -2.0718482 -0.06878529 -2.98679204
v -2.05898491 -0.0529294 -2.98679204
v -2.06576123 -0.05180572 -2.98679204
v -2.06345413 -0.05142315 -2.98679204
v -2.05630609 -0.07136255 -2.98679204
v -2.07060218 -0.07136256 -2.98679204
v -2.06114704 -0.05180572 -2.98679204
v -2.06792336 -0.0529294 -2.98679204
v -2.05506006 -0.06878529 -2.98679204
v -2.06890701 -0.07345209 -2.98679204
v -2.06980467 -0.05472358 -2.98679204
v -2.05434147 -0.06588225 -2.98679204
v -2.06172481 -0.06933375 -2.94860057
v -2.06286536 -0.06971815 -2.94860057
v -1.96514976 -0.06971815 -2.94860056
v -1.96514976 -0.06933375 -2.94860056
v -2.06462239 -0.05762785 -2.98679204
v -2.06345413 -0.05743413 -2.98679204
v -2.06571725 -0.05819686 -2.98679204
v -2.06666991 -0.05910539 -2.98679204
v -2.06742051 -0.06029637 -2.98679204
v -2.06792188 -0.06169495 -2.98679204
v -2.06814253 -0.06321326 -2.98679204
v -2.0680686 -0.0647559 -2.98679204
v -2.06770471 -0.06622594 -2.98679204
v -2.06707375 -0.06753101 -2.98679204
v -2.06621535 -0.06858911 -2.98679204
v -2.06518346 -0.06933375 -2.98679204
v -2.06404291 -0.06971815 -2.98679204
v -2.06286536 -0.06971815 -2.98679204
v -2.06172481 -0.06933375 -2.98679204
v -2.06069291 -0.06858911 -2.98679204
v -2.05983452 -0.06753101 -2.98679204
v -2.05920356 -0.06622594 -2.98679204
v -2.05883968 -0.0647559 -2.98679204
v -2.05876574 -0.06321326 -2.98679204
v -2.05898639 -0.06169495 -2.98679204
v -2.05948777 -0.06029637 -2.98679204
v -2.06023836 -0.05910539 -2.98679204
v -2.06119101 -0.05819686 -2.98679204
v -2.06228587 -0.05762785 -2.98679204
v -2.06770471 -0.06622594 -2.961942
v -2.06707375 -0.06753101 -2.961942
v -2.06707375 -0.06753101 -2.94860057
v -2.06770471 -0.06622594 -2.94860057
v -2.05948776 -0.06029637 -2.94860057
v -2.05898638 -0.06169495 -2.94860057
v -1.96514976 -0.06169492 -2.94860056
v -1.96514976 -0.06029639 -2.94860056
v -2.06462239 -0.05762785 -2.961942
v -2.06571725 -0.05819686 -2.961942
v -2.06571725 -0.05819686 -2.94860057
v -2.06462239 -0.05762785 -2.94860057
v -2.05948776 -0.06029637 -2.961942
v -2.06023836 -0.05910539 -2.961942
v -1.96514976 -0.05910537 -2.96194203
v -1.96514976 -0.06029639 -2.96194203
v -2.06707375 -0.06753101 -2.961942
v -2.06621535 -0.06858911 -2.961942
v -2.06621535 -0.06858911 -2.94860057
v -2.06707375 -0.06753101 -2.94860057
v -2.06228587 -0.05762785 -2.961942
v -2.06345413 -0.05743413 -2.961942
v -2.06345413 -0.05743413 -2.94860057
v -2.06228587 -0.05762785 -2.94860057
v -2.06666991 -0.05910539 -2.961942
v -2.06666991 -0.05910539 -2.94860057
v -2.05876574 -0.06321326 -2.94860057
v -1.96514976 -0.06321329 -2.94860056
v -2.06518346 -0.06933375 -2.961942
v -2.06518346 -0.06933375 -2.94860057
v -2.06666991 -0.05910539 -2.961942
v -2.0674205 -0.06029637 -2.961942
v -2.0674205 -0.06029637 -2.94860057
v -2.06666991 -0.05910539 -2.94860057
v -2.06172481 -0.06933375 -2.961942
v -2.06069291 -0.06858911 -2.961942
v -1.96514976 -0.06858907 -2.96194203
v -1.96514976 -0.06933375 -2.96194203
v -2.0640429 -0.06971815 -2.961942
v -2.0640429 -0.06971815 -2.94860057
v -2.06792188 -0.06169495 -2.961942
v -2.06792188 -0.06169495 -2.94860057
v -2.05876574 -0.06321326 -2.961942
v -2.05898638 -0.06169495 -2.961942
v -1.96514976 -0.06169492 -2.96194203
v -1.96514976 -0.06321329 -2.96194203
v -2.06286536 -0.06971815 -2.961942
v -2.06286536 -0.06971815 -2.94860057
v -2.06814253 -0.06321326 -2.961942
v -2.06814253 -0.06321326 -2.94860057
v -2.05883967 -0.0647559 -2.94860057
v -1.96514976 -0.06475586 -2.94860056
v -2.05983452 -0.06753101 -2.961942
v -1.96514976 -0.06753097 -2.96194203
v -2.0680686 -0.0647559 -2.961942
v -2.0680686 -0.0647559 -2.94860057
v -2.05920356 -0.06622594 -2.94860057
v -1.96514976 -0.06622596 -2.94860056
v -2.05920356 -0.06622594 -2.961942
v -2.05883968 -0.0647559 -2.961942
v -1.96514976 -0.06475586 -2.96194203
v -1.96514976 -0.06622596 -2.96194203
v -2.06119101 -0.05819686 -2.961942
v -1.96514976 -0.05819682 -2.96194203
v -2.06345413 -0.05743413 -2.98679204
v -2.06462239 -0.05762785 -2.98679204
v -2.06023836 -0.05910539 -2.98679204
v -2.06119101 -0.05819686 -2.98679204
v -2.06119101 -0.05819686 -2.961942
v -2.06023836 -0.05910539 -2.961942
v -2.0680686 -0.0647559 -2.98679204
v -2.06770471 -0.06622594 -2.98679204
v -2.06172481 -0.06933375 -2.98679204
v -2.06069291 -0.06858911 -2.98679204
v -2.06069291 -0.06858911 -2.961942
v -2.06172481 -0.06933375 -2.961942
v -2.05948777 -0.06029637 -2.98679204
v -2.06023836 -0.05910539 -2.98679204
v -2.06023836 -0.05910539 -2.961942
v -2.05948776 -0.06029637 -2.961942
v -2.06814253 -0.06321326 -2.98679204
v -2.06286536 -0.06971815 -2.98679204
v -2.05898639 -0.06169495 -2.98679204
v -2.05898638 -0.06169495 -2.961942
v -2.06792188 -0.06169495 -2.98679204
v -2.06404291 -0.06971815 -2.98679204
v -2.05876574 -0.06321326 -2.98679204
v -2.05876574 -0.06321326 -2.961942
v -2.06742051 -0.06029637 -2.98679204
v -2.06518346 -0.06933375 -2.98679204
v -2.05883968 -0.0647559 -2.98679204
v -2.05883968 -0.0647559 -2.961942
v -2.06666991 -0.05910539 -2.98679204
v -2.06621535 -0.06858911 -2.98679204
v -2.05920356 -0.06622594 -2.98679204
v -2.05920356 -0.06622594 -2.961942
v -2.06571725 -0.05819686 -2.98679204
v -2.06666991 -0.05910539 -2.98679204
v -2.06228587 -0.05762785 -2.98679204
v -2.06707375 -0.06753101 -2.98679204
v -2.05983452 -0.06753101 -2.98679204
v -2.05983452 -0.06753101 -2.961942
v -2.06707375 -0.06753101 -2.98679204
v -2.05983452 -0.06753101 -2.98679204
v -2.05983452 -0.06753101 -2.961942
v -1.96514976 -0.06858907 -2.96194203
v -1.96514976 -0.06753097 -2.96194203
v -1.96514976 -0.06753097 -2.94860056
v -1.96514976 -0.06858907 -2.94860056
v -1.96514976 -0.05819682 -2.96194203
v -1.96514976 -0.05762788 -2.96194203
v -1.96514976 -0.05762788 -2.94860056
v -1.96514976 -0.05819682 -2.94860056
v -1.96514976 -0.06622596 -2.96194203
v -1.96514976 -0.06622596 -2.94860056
v -1.96514976 -0.06475586 -2.96194203
v -1.96514976 -0.06475586 -2.94860056
v -1.96514976 -0.06321329 -2.96194203
v -1.96514976 -0.06321329 -2.94860056
v -1.96514976 -0.06169492 -2.96194203
v -1.96514976 -0.06169492 -2.94860056
v -1.96514976 -0.06029639 -2.96194203
v -1.96514976 -0.06029639 -2.94860056
v -1.96514976 -0.06971815 -2.96194203
v -1.96514976 -0.06933375 -2.96194203
v -1.96514976 -0.06933375 -2.94860056
v -1.96514976 -0.06971815 -2.94860056
v -1.96514976 -0.05910537 -2.96194203
v -1.96514976 -0.05910537 -2.94860056
v -2.06023836 -0.05910539 -2.94860057
v -1.96514976 -0.05910537 -2.94860056
v -2.06069291 -0.06858911 -2.94860057
v -1.96514976 -0.06858907 -2.94860056
v -1.96514976 -0.05762788 -2.94860056
v -1.96514976 -0.05762788 -2.96194203
v -2.06286536 -0.06971815 -2.961942
v -1.96514976 -0.06971815 -2.96194203
v -1.96514976 -0.06971815 -2.96194203
v -1.96514976 -0.06971815 -2.94860056
v -2.06119101 -0.05819686 -2.94860057
v -1.96514976 -0.05819682 -2.94860056
v -2.05983452 -0.06753101 -2.94860057
v -1.96514976 -0.06753097 -2.94860056
v -2.06228587 -0.05762785 -2.961942
v -1.96514976 -0.05762788 -2.96194203
v -2.06228587 -0.05762785 -2.94860057
v -1.96514976 -0.05762788 -2.94860056
v -1.86124318 -0.08217299 -2.98933752
v -1.86343029 -0.0749226 -2.98679204
v -1.86568267 -0.07568171 -2.98679204
v -1.86493789 -0.08341822 -2.98933752
v -1.84166253 -0.06990619 -2.99120701
v -1.84501051 -0.06906788 -2.98933752
v -1.84673233 -0.07602379 -2.98933752
v -1.84364835 -0.07792867 -2.99120701
v -1.88439462 -0.03906955 -2.99120701
v -1.88206153 -0.04233084 -2.98933752
v -1.87755377 -0.03803185 -2.98933752
v -1.87919568 -0.03411139 -2.99120701
v -1.86684511 -0.02994891 -2.99120701
v -1.86684516 -0.03442276 -2.98933752
v -1.86131718 -0.03533943 -2.98933752
v -1.86046952 -0.03100613 -2.99120701
v -1.88191397 -0.09082523 -2.99120701
v -1.87991068 -0.08720581 -2.98933752
v -1.88397242 -0.08219911 -2.98933752
v -1.88659851 -0.08505085 -2.99120701
v -1.8497179 -0.08219911 -2.98933752
v -1.84709171 -0.08505085 -2.99120701
v -1.87237314 -0.03533943 -2.98933752
v -1.8732207 -0.03100613 -2.99120701
v -1.85613656 -0.03803185 -2.98933752
v -1.85449456 -0.03411139 -2.99120701
v -1.886958 -0.07602379 -2.98933752
v -1.89004187 -0.07792867 -2.99120701
v -1.85377964 -0.08720581 -2.98933752
v -1.85177624 -0.09082523 -2.99120701
v -1.85162879 -0.04233084 -2.98933752
v -1.84929559 -0.03906955 -2.99120701
v -1.88867982 -0.06906788 -2.98933752
v -1.8920277 -0.06990619 -2.99120701
v -1.85866235 -0.0907293 -2.98933752
v -1.85740761 -0.09488898 -2.99120701
v -1.84807713 -0.04796629 -2.98933752
v -1.84519935 -0.04556908 -2.99120701
v -1.88902968 -0.06176843 -2.98933752
v -1.8924312 -0.06148751 -2.99120701
v -1.86405921 -0.09254819 -2.98933752
v -1.86363198 -0.09698676 -2.99120701
v -1.84570471 -0.05458409 -2.98933752
v -1.84246319 -0.05320159 -2.99120701
v -1.88798561 -0.05458409 -2.98933752
v -1.89122704 -0.05320159 -2.99120701
v -1.86963112 -0.09254819 -2.98933752
v -1.87005824 -0.09698676 -2.99120701
v -1.84466064 -0.06176843 -2.98933752
v -1.84125902 -0.06148751 -2.99120701
v -1.88561321 -0.04796629 -2.98933752
v -1.88849087 -0.04556908 -2.99120701
v -1.87502797 -0.0907293 -2.98933752
v -1.8762826 -0.09488898 -2.99120701
v -1.86306069 -0.04425286 -2.98933752
v -1.86684516 -0.0436253 -2.98933752
v -1.85951401 -0.0460961 -2.98933752
v -1.85642796 -0.04903921 -2.98933752
v -1.85399648 -0.05289726 -2.98933752
v -1.85237233 -0.05742783 -2.98933752
v -1.85165754 -0.06234626 -2.98933752
v -1.85189707 -0.06734349 -2.98933752
v -1.85307583 -0.07210554 -2.98933752
v -1.85511977 -0.07633319 -2.98933752
v -1.85790046 -0.0797608 -2.98933752
v -1.86875244 -0.08341822 -2.98933752
v -1.87244716 -0.08217299 -2.98933752
v -1.87578987 -0.0797608 -2.98933752
v -1.87857055 -0.07633319 -2.98933752
v -1.88061449 -0.07210554 -2.98933752
v -1.88179325 -0.06734349 -2.98933752
v -1.88203278 -0.06234626 -2.98933752
v -1.881318 -0.05742783 -2.98933752
v -1.87969384 -0.05289726 -2.98933752
v -1.87726236 -0.04903921 -2.98933752
v -1.87417632 -0.0460961 -2.98933752
v -1.87062964 -0.04425286 -2.98933752
v -1.85901256 -0.05707551 -2.98679204
v -1.85802243 -0.05983744 -2.98679204
v -1.87610406 -0.06283581 -2.98679204
v -1.87566832 -0.05983744 -2.98679204
v -1.86800809 -0.07568171 -2.98679204
v -1.8575867 -0.06283581 -2.98679204
v -1.87467821 -0.05707551 -2.98679204
v -1.87026047 -0.0749226 -2.98679204
v -1.85773271 -0.06588223 -2.98679204
v -1.87319592 -0.05472356 -2.98679204
v -1.87229826 -0.07345207 -2.98679204
v -1.85845132 -0.06878527 -2.98679204
v -1.8713146 -0.05292938 -2.98679204
v -1.86684538 -0.05142313 -2.98679204
v -1.86453828 -0.0518057 -2.98679204
v -1.87399342 -0.07136253 -2.98679204
v -1.85969734 -0.07136254 -2.98679204
v -1.86915248 -0.0518057 -2.98679204
v -1.86237616 -0.05292938 -2.98679204
v -1.87523945 -0.06878527 -2.98679204
v -1.8613925 -0.07345207 -2.98679204
v -1.86049484 -0.05472356 -2.98679204
v -1.87595805 -0.06588223 -2.98679204
v -1.86857471 -0.06933373 -2.94860057
v -1.86743415 -0.06971813 -2.94860057
v -1.86567712 -0.05762783 -2.98679204
v -1.86684538 -0.05743411 -2.98679204
v -1.86458226 -0.05819684 -2.98679204
v -1.8636296 -0.05910538 -2.98679204
v -1.86287901 -0.06029635 -2.98679204
v -1.86237764 -0.06169493 -2.98679204
v -1.86215698 -0.06321324 -2.98679204
v -1.86223092 -0.06475589 -2.98679204
v -1.86259481 -0.06622592 -2.98679204
v -1.86322576 -0.06753099 -2.98679204
v -1.86408416 -0.06858909 -2.98679204
v -1.86511605 -0.06933373 -2.98679204
v -1.86625661 -0.06971813 -2.98679204
v -1.86743415 -0.06971813 -2.98679204
v -1.86857471 -0.06933373 -2.98679204
v -1.86960659 -0.06858909 -2.98679204
v -1.870465 -0.06753099 -2.98679204
v -1.87109596 -0.06622592 -2.98679204
v -1.87145984 -0.06475589 -2.98679204
v -1.87153378 -0.06321324 -2.98679204
v -1.87131313 -0.06169493 -2.98679204
v -1.87081175 -0.06029635 -2.98679204
v -1.87006115 -0.05910537 -2.98679204
v -1.86910849 -0.05819684 -2.98679204
v -1.86801364 -0.05762783 -2.98679204
v -1.86259481 -0.06622592 -2.961942
v -1.86259481 -0.06622592 -2.94860057
v -1.86322576 -0.06753099 -2.94860057
v -1.86322576 -0.06753099 -2.961942
v -1.87081175 -0.06029635 -2.94860057
v -1.87131313 -0.06169493 -2.94860057
v -1.86567712 -0.05762783 -2.961942
v -1.86567712 -0.05762783 -2.94860057
v -1.86458227 -0.05819684 -2.94860057
v -1.86458227 -0.05819684 -2.961942
v -1.87081175 -0.06029635 -2.961942
v -1.87006116 -0.05910537 -2.961942
v -1.86322576 -0.06753099 -2.961942
v -1.86322576 -0.06753099 -2.94860057
v -1.86408417 -0.06858909 -2.94860057
v -1.86408416 -0.06858909 -2.961942
v -1.86801364 -0.05762783 -2.961942
v -1.86801364 -0.05762783 -2.94860057
v -1.86684538 -0.05743411 -2.94860057
v -1.86684538 -0.05743411 -2.961942
v -1.86362961 -0.05910538 -2.94860057
v -1.86362961 -0.05910538 -2.961942
v -1.87153378 -0.06321324 -2.94860057
v -1.86511605 -0.06933373 -2.94860057
v -1.86511605 -0.06933373 -2.961942
v -1.86362961 -0.05910538 -2.961942
v -1.86362961 -0.05910538 -2.94860057
v -1.86287901 -0.06029635 -2.94860057
v -1.86287901 -0.06029635 -2.961942
v -1.86857471 -0.06933373 -2.961942
v -1.86960661 -0.06858909 -2.961942
v -1.86625661 -0.06971813 -2.94860057
v -1.86625661 -0.06971813 -2.961942
v -1.86237764 -0.06169493 -2.94860057
v -1.86237764 -0.06169493 -2.961942
v -1.87153378 -0.06321324 -2.961942
v -1.87131313 -0.06169493 -2.961942
v -1.86743415 -0.06971813 -2.94860057
v -1.86743415 -0.06971813 -2.961942
v -1.86215698 -0.06321324 -2.94860057
v -1.86215698 -0.06321324 -2.961942
v -1.87145984 -0.06475589 -2.94860057
v -1.870465 -0.06753099 -2.961942
v -1.86223092 -0.06475589 -2.94860057
v -1.86223092 -0.06475589 -2.961942
v -1.87109596 -0.06622592 -2.94860057
v -1.87109596 -0.06622592 -2.961942
v -1.87145984 -0.06475589 -2.961942
v -1.86910851 -0.05819684 -2.961942
v -1.86684538 -0.05743411 -2.98679204
v -1.86567712 -0.05762783 -2.98679204
v -1.87006115 -0.05910537 -2.98679204
v -1.87006116 -0.05910537 -2.961942
v -1.86910851 -0.05819684 -2.961942
v -1.86910849 -0.05819684 -2.98679204
v -1.86223092 -0.06475589 -2.98679204
v -1.86259481 -0.06622592 -2.98679204
v -1.86857471 -0.06933373 -2.98679204
v -1.86857471 -0.06933373 -2.961942
v -1.86960661 -0.06858909 -2.961942
v -1.86960659 -0.06858909 -2.98679204
v -1.87081175 -0.06029635 -2.98679204
v -1.87081175 -0.06029635 -2.961942
v -1.87006116 -0.05910537 -2.961942
v -1.87006115 -0.05910537 -2.98679204
v -1.86215698 -0.06321324 -2.98679204
v -1.86743415 -0.06971813 -2.98679204
v -1.87131313 -0.06169493 -2.98679204
v -1.87131313 -0.06169493 -2.961942
v -1.86237764 -0.06169493 -2.98679204
v -1.86625661 -0.06971813 -2.98679204
v -1.87153378 -0.06321324 -2.98679204
v -1.87153378 -0.06321324 -2.961942
v -1.86287901 -0.06029635 -2.98679204
v -1.86511605 -0.06933373 -2.98679204
v -1.87145984 -0.06475589 -2.98679204
v -1.87145984 -0.06475589 -2.961942
v -1.8636296 -0.05910538 -2.98679204
v -1.86408416 -0.06858909 -2.98679204
v -1.87109596 -0.06622592 -2.98679204
v -1.87109596 -0.06622592 -2.961942
v -1.86458226 -0.05819684 -2.98679204
v -1.8636296 -0.05910538 -2.98679204
v -1.86801364 -0.05762783 -2.98679204
v -1.86322576 -0.06753099 -2.98679204
v -1.870465 -0.06753099 -2.98679204
v -1.870465 -0.06753099 -2.961942
v -1.86322576 -0.06753099 -2.98679204
v -1.870465 -0.06753099 -2.961942
v -1.870465 -0.06753099 -2.98679204
v -1.87006116 -0.05910537 -2.94860057
v -1.86960661 -0.06858909 -2.94860057
v -1.86743415 -0.06971813 -2.961942
v -1.86910851 -0.05819684 -2.94860057
v -1.870465 -0.06753099 -2.94860057
v -1.86801364 -0.05762783 -2.961942
v -1.86801364 -0.05762783 -2.94860057
v -2.06905673 -0.500666 -2.98933598
v -2.06536201 -0.50191123 -2.98933598
v -2.06461724 -0.49417472 -2.9867905
v -2.06686961 -0.49341563 -2.9867905
v -2.08863738 -0.48839922 -2.99120547
v -2.08665155 -0.49642168 -2.99120547
v -2.08356757 -0.49451682 -2.98933598
v -2.0852894 -0.4875609 -2.98933598
v -2.04590528 -0.45756256 -2.99120547
v -2.05110423 -0.4526044 -2.99120547
v -2.05274614 -0.45652488 -2.98933598
v -2.04823837 -0.46082385 -2.98933598
v -2.06345479 -0.44844192 -2.99120547
v -2.06983038 -0.44949915 -2.99120547
v -2.06898272 -0.45383243 -2.98933598
v -2.06345474 -0.45291577 -2.98933598
v -2.04838593 -0.50931825 -2.99120547
v -2.04370139 -0.50354388 -2.99120547
v -2.04632748 -0.50069213 -2.98933598
v -2.05038923 -0.50569884 -2.98933598
v -2.08320819 -0.50354388 -2.99120547
v -2.080582 -0.50069213 -2.98933598
v -2.05707921 -0.44949915 -2.99120547
v -2.05792677 -0.45383243 -2.98933598
v -2.07580536 -0.4526044 -2.99120547
v -2.07416335 -0.45652488 -2.98933598
v -2.04025803 -0.49642168 -2.99120547
v -2.0433419 -0.49451682 -2.98933598
v -2.07852365 -0.50931825 -2.99120547
v -2.07652026 -0.50569884 -2.98933598
v -2.0810043 -0.45756256 -2.99120547
v -2.07867112 -0.46082385 -2.98933598
v -2.03827222 -0.48839922 -2.99120547
v -2.04162009 -0.4875609 -2.98933598
v -2.07289228 -0.51338199 -2.99120547
v -2.07163756 -0.50922233 -2.98933598
v -2.08510055 -0.4640621 -2.99120547
v -2.08222278 -0.46645929 -2.98933598
v -2.0378687 -0.47998051 -2.99120547
v -2.04127022 -0.48026145 -2.98933598
v -2.06666792 -0.51547979 -2.99120547
v -2.06624069 -0.51104121 -2.98933598
v -2.08783672 -0.4716946 -2.99120547
v -2.08459519 -0.47307709 -2.98933598
v -2.03907287 -0.4716946 -2.99120547
v -2.0423143 -0.47307709 -2.98933598
v -2.06024166 -0.51547979 -2.99120547
v -2.06066879 -0.51104121 -2.98933598
v -2.08904088 -0.47998051 -2.99120547
v -2.08563926 -0.48026145 -2.98933598
v -2.04180903 -0.4640621 -2.99120547
v -2.0446867 -0.46645929 -2.98933598
v -2.05401731 -0.51338199 -2.99120547
v -2.05527193 -0.50922233 -2.98933598
v -2.06723922 -0.46274588 -2.98933598
v -2.06345474 -0.46211831 -2.98933598
v -2.0707859 -0.46458912 -2.98933598
v -2.07387194 -0.46753221 -2.98933598
v -2.07630342 -0.47139027 -2.98933598
v -2.07792757 -0.47592085 -2.98933598
v -2.07864235 -0.48083928 -2.98933598
v -2.07840284 -0.48583649 -2.98933598
v -2.07722408 -0.49059857 -2.98933598
v -2.07518014 -0.4948262 -2.98933598
v -2.07239945 -0.49825382 -2.98933598
v -2.06154746 -0.50191123 -2.98933598
v -2.05785275 -0.500666 -2.98933598
v -2.05451003 -0.49825382 -2.98933598
v -2.05172935 -0.4948262 -2.98933598
v -2.04968541 -0.49059857 -2.98933598
v -2.04850664 -0.48583649 -2.98933598
v -2.04826713 -0.48083928 -2.98933598
v -2.0489819 -0.47592085 -2.98933598
v -2.05060606 -0.47139027 -2.98933598
v -2.05303755 -0.46753221 -2.98933598
v -2.05612358 -0.46458912 -2.98933598
v -2.05967026 -0.46274588 -2.98933598
v -2.07227746 -0.47833044 -2.9867905
v -2.07128735 -0.47556851 -2.9867905
v -2.05463159 -0.47833044 -2.9867905
v -2.05419584 -0.48132882 -2.9867905
v -2.06229181 -0.49417472 -2.9867905
v -2.0727132 -0.48132882 -2.9867905
v -2.05562171 -0.47556851 -2.9867905
v -2.06003944 -0.49341563 -2.9867905
v -2.07256719 -0.48437525 -2.9867905
v -2.05710399 -0.47321656 -2.9867905
v -2.05800165 -0.49194508 -2.9867905
v -2.07184859 -0.48727829 -2.9867905
v -2.0589853 -0.47142239 -2.9867905
v -2.06576162 -0.47029873 -2.9867905
v -2.06345452 -0.46991615 -2.9867905
v -2.05630648 -0.48985556 -2.9867905
v -2.07060257 -0.48985556 -2.9867905
v -2.06114743 -0.47029873 -2.9867905
v -2.06792375 -0.47142239 -2.9867905
v -2.05506045 -0.48727829 -2.9867905
v -2.06890741 -0.49194508 -2.9867905
v -2.06980506 -0.47321656 -2.9867905
v -2.05434186 -0.48437525 -2.9867905
v -2.0617252 -0.48782675 -2.94859903
v -2.06286575 -0.48821116 -2.94859903
v -1.96515015 -0.48821116 -2.94859902
v -1.96515015 -0.48782675 -2.94859902
v -2.06462278 -0.47612086 -2.9867905
v -2.06345452 -0.47592711 -2.9867905
v -2.06571764 -0.47668986 -2.9867905
v -2.0666703 -0.4775984 -2.9867905
v -2.0674209 -0.47878936 -2.9867905
v -2.06792227 -0.48018793 -2.9867905
v -2.06814292 -0.48170626 -2.9867905
v -2.06806899 -0.48324889 -2.9867905
v -2.0677051 -0.48471893 -2.9867905
v -2.06707414 -0.48602401 -2.9867905
v -2.06621574 -0.48708211 -2.9867905
v -2.06518385 -0.48782675 -2.9867905
v -2.0640433 -0.48821116 -2.9867905
v -2.06286575 -0.48821116 -2.9867905
v -2.0617252 -0.48782675 -2.9867905
v -2.0606933 -0.48708211 -2.9867905
v -2.05983491 -0.48602401 -2.9867905
v -2.05920395 -0.48471893 -2.9867905
v -2.05884007 -0.48324889 -2.9867905
v -2.05876613 -0.48170626 -2.9867905
v -2.05898678 -0.48018793 -2.9867905
v -2.05948816 -0.47878936 -2.9867905
v -2.06023875 -0.4775984 -2.9867905
v -2.0611914 -0.47668986 -2.9867905
v -2.06228626 -0.47612086 -2.9867905
v -2.0677051 -0.48471893 -2.96194046
v -2.06707414 -0.48602401 -2.96194046
v -2.06707414 -0.48602401 -2.94859903
v -2.0677051 -0.48471893 -2.94859903
v -2.05948815 -0.47878936 -2.94859903
v -2.05898677 -0.48018793 -2.94859903
v -1.96515015 -0.48018793 -2.94859902
v -1.96515015 -0.47878939 -2.94859902
v -2.06462278 -0.47612086 -2.96194046
v -2.06571764 -0.47668986 -2.96194046
v -2.06571764 -0.47668986 -2.94859903
v -2.06462278 -0.47612086 -2.94859903
v -2.05948815 -0.47878936 -2.96194046
v -2.06023875 -0.4775984 -2.96194046
v -1.96515015 -0.47759837 -2.96194049
v -1.96515015 -0.47878939 -2.96194049
v -2.06707414 -0.48602401 -2.96194046
v -2.06621574 -0.48708211 -2.96194046
v -2.06621574 -0.48708211 -2.94859903
v -2.06707414 -0.48602401 -2.94859903
v -2.06228626 -0.47612086 -2.96194046
v -2.06345452 -0.47592711 -2.96194046
v -2.06345452 -0.47592711 -2.94859903
v -2.06228626 -0.47612086 -2.94859903
v -2.0666703 -0.4775984 -2.96194046
v -2.0666703 -0.4775984 -2.94859903
v -2.05876613 -0.48170626 -2.94859903
v -1.96515015 -0.4817063 -2.94859902
v -2.06518385 -0.48782675 -2.96194046
v -2.06518385 -0.48782675 -2.94859903
v -2.0666703 -0.4775984 -2.96194046
v -2.06742089 -0.47878936 -2.96194046
v -2.06742089 -0.47878936 -2.94859903
v -2.0666703 -0.4775984 -2.94859903
v -2.0617252 -0.48782675 -2.96194046
v -2.0606933 -0.48708211 -2.96194046
v -1.96515015 -0.48708208 -2.96194049
v -1.96515015 -0.48782675 -2.96194049
v -2.06404329 -0.48821116 -2.96194046
v -2.06404329 -0.48821116 -2.94859903
v -2.06792227 -0.48018793 -2.96194046
v -2.06792227 -0.48018793 -2.94859903
v -2.05876613 -0.48170626 -2.96194046
v -2.05898677 -0.48018793 -2.96194046
v -1.96515015 -0.48018793 -2.96194049
v -1.96515015 -0.4817063 -2.96194049
v -2.06286575 -0.48821116 -2.96194046
v -2.06286575 -0.48821116 -2.94859903
v -2.06814292 -0.48170626 -2.96194046
v -2.06814292 -0.48170626 -2.94859903
v -2.05884006 -0.48324889 -2.94859903
v -1.96515015 -0.48324886 -2.94859902
v -2.05983491 -0.48602401 -2.96194046
v -1.96515015 -0.48602398 -2.96194049
v -2.06806899 -0.48324889 -2.96194046
v -2.06806899 -0.48324889 -2.94859903
v -2.05920395 -0.48471893 -2.94859903
v -1.96515015 -0.48471896 -2.94859902
v -2.05920395 -0.48471893 -2.96194046
v -2.05884007 -0.48324889 -2.96194046
v -1.96515015 -0.48324886 -2.96194049
v -1.96515015 -0.48471896 -2.96194049
v -2.0611914 -0.47668986 -2.96194046
v -1.96515015 -0.47668983 -2.96194049
v -2.06345452 -0.47592711 -2.9867905
v -2.06462278 -0.47612086 -2.9867905
v -2.06023875 -0.4775984 -2.9867905
v -2.0611914 -0.47668986 -2.9867905
v -2.0611914 -0.47668986 -2.96194046
v -2.06023875 -0.4775984 -2.96194046
v -2.06806899 -0.48324889 -2.9867905
v -2.0677051 -0.48471893 -2.9867905
v -2.0617252 -0.48782675 -2.9867905
v -2.0606933 -0.48708211 -2.9867905
v -2.0606933 -0.48708211 -2.96194046
v -2.0617252 -0.48782675 -2.96194046
v -2.05948816 -0.47878936 -2.9867905
v -2.06023875 -0.4775984 -2.9867905
v -2.06023875 -0.4775984 -2.96194046
v -2.05948815 -0.47878936 -2.96194046
v -2.06814292 -0.48170626 -2.9867905
v -2.06286575 -0.48821116 -2.9867905
v -2.05898678 -0.48018793 -2.9867905
v -2.05898677 -0.48018793 -2.96194046
v -2.06792227 -0.48018793 -2.9867905
v -2.0640433 -0.48821116 -2.9867905
v -2.05876613 -0.48170626 -2.9867905
v -2.05876613 -0.48170626 -2.96194046
v -2.0674209 -0.47878936 -2.9867905
v -2.06518385 -0.48782675 -2.9867905
v -2.05884007 -0.48324889 -2.9867905
v -2.05884007 -0.48324889 -2.96194046
v -2.0666703 -0.4775984 -2.9867905
v -2.06621574 -0.48708211 -2.9867905
v -2.05920395 -0.48471893 -2.9867905
v -2.05920395 -0.48471893 -2.96194046
v -2.06571764 -0.47668986 -2.9867905
v -2.0666703 -0.4775984 -2.9867905
v -2.06228626 -0.47612086 -2.9867905
v -2.06707414 -0.48602401 -2.9867905
v -2.05983491 -0.48602401 -2.9867905
v -2.05983491 -0.48602401 -2.96194046
v -2.06707414 -0.48602401 -2.9867905
v -2.05983491 -0.48602401 -2.9867905
v -2.05983491 -0.48602401 -2.96194046
v -1.96515015 -0.48708208 -2.96194049
v -1.96515015 -0.48602398 -2.96194049
v -1.96515015 -0.48602398 -2.94859902
v -1.96515015 -0.48708208 -2.94859902
v -1.96515015 -0.47668983 -2.96194049
v -1.96515015 -0.47612089 -2.96194049
v -1.96515015 -0.47612089 -2.94859902
v -1.96515015 -0.47668983 -2.94859902
v -1.96515015 -0.48471896 -2.96194049
v -1.96515015 -0.48471896 -2.94859902
v -1.96515015 -0.48324886 -2.96194049
v -1.96515015 -0.48324886 -2.94859902
v -1.96515015 -0.4817063 -2.96194049
v -1.96515015 -0.4817063 -2.94859902
v -1.96515015 -0.48018793 -2.96194049
v -1.96515015 -0.48018793 -2.94859902
v -1.96515015 -0.47878939 -2.96194049
v -1.96515015 -0.47878939 -2.94859902
v -1.96515015 -0.48821116 -2.96194049
v -1.96515015 -0.48782675 -2.96194049
v -1.96515015 -0.48782675 -2.94859902
v -1.96515015 -0.48821116 -2.94859902
v -1.96515015 -0.47759837 -2.96194049
v -1.96515015 -0.47759837 -2.94859902
v -2.06023875 -0.4775984 -2.94859903
v -1.96515015 -0.47759837 -2.94859902
v -2.0606933 -0.48708211 -2.94859903
v -1.96515015 -0.48708208 -2.94859902
v -1.96515015 -0.47612089 -2.94859902
v -1.96515015 -0.47612089 -2.96194049
v -2.06286575 -0.48821116 -2.96194046
v -1.96515015 -0.48821116 -2.96194049
v -1.96515015 -0.48821116 -2.96194049
v -1.96515015 -0.48821116 -2.94859902
v -2.0611914 -0.47668986 -2.94859903
v -1.96515015 -0.47668983 -2.94859902
v -2.05983491 -0.48602401 -2.94859903
v -1.96515015 -0.48602398 -2.94859902
v -2.06228626 -0.47612086 -2.96194046
v -1.96515015 -0.47612089 -2.96194049
v -2.06228626 -0.47612086 -2.94859903
v -1.96515015 -0.47612089 -2.94859902
v -1.86124357 -0.500666 -2.98933598
v -1.86343068 -0.4934156 -2.9867905
v -1.86568306 -0.49417472 -2.9867905
v -1.86493828 -0.5019112 -2.98933598
v -1.84166292 -0.48839919 -2.99120547
v -1.8450109 -0.48756087 -2.98933598
v -1.84673272 -0.49451679 -2.98933598
v -1.84364875 -0.49642165 -2.99120547
v -1.88439501 -0.45756253 -2.99120547
v -1.88206193 -0.46082385 -2.98933598
v -1.87755416 -0.45652485 -2.98933598
v -1.87919607 -0.45260437 -2.99120547
v -1.8668455 -0.44844192 -2.99120547
v -1.86684555 -0.45291577 -2.98933598
v -1.86131758 -0.45383243 -2.98933598
v -1.86046992 -0.44949912 -2.99120547
v -1.88191436 -0.50931822 -2.99120547
v -1.87991107 -0.50569881 -2.98933598
v -1.88397281 -0.5006921 -2.98933598
v -1.8865989 -0.50354385 -2.99120547
v -1.84971829 -0.5006921 -2.98933598
v -1.8470921 -0.50354385 -2.99120547
v -1.87237353 -0.45383243 -2.98933598
v -1.87322109 -0.44949912 -2.99120547
v -1.85613695 -0.45652485 -2.98933598
v -1.85449495 -0.45260437 -2.99120547
v -1.8869584 -0.49451679 -2.98933598
v -1.89004226 -0.49642165 -2.99120547
v -1.85378004 -0.50569881 -2.98933598
v -1.85177663 -0.50931822 -2.99120547
v -1.85162918 -0.46082385 -2.98933598
v -1.84929598 -0.45756253 -2.99120547
v -1.88868021 -0.48756087 -2.98933598
v -1.89202809 -0.48839919 -2.99120547
v -1.85866274 -0.5092223 -2.98933598
v -1.857408 -0.51338199 -2.99120547
v -1.84807752 -0.46645929 -2.98933598
v -1.84519974 -0.46406207 -2.99120547
v -1.88903007 -0.48026142 -2.98933598
v -1.89243159 -0.47998051 -2.99120547
v -1.8640596 -0.51104118 -2.98933598
v -1.86363237 -0.51547976 -2.99120547
v -1.8457051 -0.47307709 -2.98933598
v -1.84246358 -0.4716946 -2.99120547
v -1.887986 -0.47307709 -2.98933598
v -1.89122743 -0.4716946 -2.99120547
v -1.86963151 -0.51104118 -2.98933598
v -1.87005863 -0.51547976 -2.99120547
v -1.84466103 -0.48026142 -2.98933598
v -1.84125941 -0.47998051 -2.99120547
v -1.8856136 -0.46645929 -2.98933598
v -1.88849126 -0.46406207 -2.99120547
v -1.87502836 -0.5092223 -2.98933598
v -1.87628299 -0.51338199 -2.99120547
v -1.86306109 -0.46274585 -2.98933598
v -1.86684555 -0.46211828 -2.98933598
v -1.8595144 -0.46458909 -2.98933598
v -1.85642836 -0.46753221 -2.98933598
v -1.85399687 -0.47139024 -2.98933598
v -1.85237272 -0.47592082 -2.98933598
v -1.85165793 -0.48083925 -2.98933598
v -1.85189746 -0.48583649 -2.98933598
v -1.85307622 -0.49059853 -2.98933598
v -1.85512016 -0.4948262 -2.98933598
v -1.85790085 -0.49825379 -2.98933598
v -1.86875283 -0.5019112 -2.98933598
v -1.87244755 -0.500666 -2.98933598
v -1.87579026 -0.49825379 -2.98933598
v -1.87857094 -0.4948262 -2.98933598
v -1.88061488 -0.49059853 -2.98933598
v -1.88179365 -0.48583649 -2.98933598
v -1.88203317 -0.48083925 -2.98933598
v -1.88131839 -0.47592082 -2.98933598
v -1.87969423 -0.47139024 -2.98933598
v -1.87726275 -0.46753221 -2.98933598
v -1.87417671 -0.46458909 -2.98933598
v -1.87063003 -0.46274585 -2.98933598
v -1.85901295 -0.47556851 -2.9867905
v -1.85802282 -0.47833044 -2.9867905
v -1.87610445 -0.48132879 -2.9867905
v -1.87566871 -0.47833044 -2.9867905
v -1.86800848 -0.49417472 -2.9867905
v -1.85758709 -0.48132879 -2.9867905
v -1.8746786 -0.47556851 -2.9867905
v -1.87026086 -0.4934156 -2.9867905
v -1.8577331 -0.48437522 -2.9867905
v -1.87319631 -0.47321656 -2.9867905
v -1.87229865 -0.49194508 -2.9867905
v -1.85845171 -0.48727826 -2.9867905
v -1.871315 -0.47142239 -2.9867905
v -1.86684577 -0.46991612 -2.9867905
v -1.86453868 -0.4702987 -2.9867905
v -1.87399382 -0.48985552 -2.9867905
v -1.85969773 -0.48985552 -2.9867905
v -1.86915287 -0.4702987 -2.9867905
v -1.86237655 -0.47142239 -2.9867905
v -1.87523984 -0.48727826 -2.9867905
v -1.86139289 -0.49194508 -2.9867905
v -1.86049523 -0.47321656 -2.9867905
v -1.87595844 -0.48437522 -2.9867905
v -1.8685751 -0.48782672 -2.94859903
v -1.86743454 -0.48821113 -2.94859903
v -1.86567751 -0.47612082 -2.9867905
v -1.86684577 -0.47592711 -2.9867905
v -1.86458265 -0.47668983 -2.9867905
v -1.86362999 -0.47759837 -2.9867905
v -1.86287941 -0.47878933 -2.9867905
v -1.86237803 -0.48018793 -2.9867905
v -1.86215738 -0.48170623 -2.9867905
v -1.86223131 -0.48324889 -2.9867905
v -1.8625952 -0.48471893 -2.9867905
v -1.86322615 -0.48602398 -2.9867905
v -1.86408455 -0.48708208 -2.9867905
v -1.86511644 -0.48782672 -2.9867905
v -1.866257 -0.48821113 -2.9867905
v -1.86743454 -0.48821113 -2.9867905
v -1.8685751 -0.48782672 -2.9867905
v -1.86960699 -0.48708208 -2.9867905
v -1.87046539 -0.48602398 -2.9867905
v -1.87109635 -0.48471893 -2.9867905
v -1.87146024 -0.48324889 -2.9867905
v -1.87153417 -0.48170623 -2.9867905
v -1.87131352 -0.48018793 -2.9867905
v -1.87081214 -0.47878933 -2.9867905
v -1.87006154 -0.47759837 -2.9867905
v -1.86910889 -0.47668983 -2.9867905
v -1.86801403 -0.47612082 -2.9867905
v -1.8625952 -0.48471893 -2.96194046
v -1.8625952 -0.48471893 -2.94859903
v -1.86322615 -0.48602398 -2.94859903
v -1.86322615 -0.48602398 -2.96194046
v -1.87081214 -0.47878933 -2.94859903
v -1.87131352 -0.48018793 -2.94859903
v -1.86567751 -0.47612082 -2.96194046
v -1.86567751 -0.47612082 -2.94859903
v -1.86458266 -0.47668983 -2.94859903
v -1.86458266 -0.47668983 -2.96194046
v -1.87081214 -0.47878933 -2.96194046
v -1.87006155 -0.47759837 -2.96194046
v -1.86322615 -0.48602398 -2.96194046
v -1.86322615 -0.48602398 -2.94859903
v -1.86408456 -0.48708208 -2.94859903
v -1.86408455 -0.48708208 -2.96194046
v -1.86801403 -0.47612082 -2.96194046
v -1.86801403 -0.47612082 -2.94859903
v -1.86684577 -0.47592711 -2.94859903
v -1.86684577 -0.47592711 -2.96194046
v -1.86363 -0.47759837 -2.94859903
v -1.86363 -0.47759837 -2.96194046
v -1.87153417 -0.48170623 -2.94859903
v -1.86511644 -0.48782672 -2.94859903
v -1.86511644 -0.48782672 -2.96194046
v -1.86363 -0.47759837 -2.96194046
v -1.86363 -0.47759837 -2.94859903
v -1.86287941 -0.47878933 -2.94859903
v -1.86287941 -0.47878933 -2.96194046
v -1.8685751 -0.48782672 -2.96194046
v -1.869607 -0.48708208 -2.96194046
v -1.866257 -0.48821113 -2.94859903
v -1.866257 -0.48821113 -2.96194046
v -1.86237803 -0.48018793 -2.94859903
v -1.86237803 -0.48018793 -2.96194046
v -1.87153417 -0.48170623 -2.96194046
v -1.87131352 -0.48018793 -2.96194046
v -1.86743454 -0.48821113 -2.94859903
v -1.86743454 -0.48821113 -2.96194046
v -1.86215738 -0.48170623 -2.94859903
v -1.86215738 -0.48170623 -2.96194046
v -1.87146024 -0.48324889 -2.94859903
v -1.87046539 -0.48602398 -2.96194046
v -1.86223131 -0.48324889 -2.94859903
v -1.86223131 -0.48324889 -2.96194046
v -1.87109635 -0.48471893 -2.94859903
v -1.87109635 -0.48471893 -2.96194046
v -1.87146024 -0.48324889 -2.96194046
v -1.8691089 -0.47668983 -2.96194046
v -1.86684577 -0.47592711 -2.9867905
v -1.86567751 -0.47612082 -2.9867905
v -1.87006154 -0.47759837 -2.9867905
v -1.87006155 -0.47759837 -2.96194046
v -1.8691089 -0.47668983 -2.96194046
v -1.86910889 -0.47668983 -2.9867905
v -1.86223131 -0.48324889 -2.9867905
v -1.8625952 -0.48471893 -2.9867905
v -1.8685751 -0.48782672 -2.9867905
v -1.8685751 -0.48782672 -2.96194046
v -1.869607 -0.48708208 -2.96194046
v -1.86960699 -0.48708208 -2.9867905
v -1.87081214 -0.47878933 -2.9867905
v -1.87081214 -0.47878933 -2.96194046
v -1.87006155 -0.47759837 -2.96194046
v -1.87006154 -0.47759837 -2.9867905
v -1.86215738 -0.48170623 -2.9867905
v -1.86743454 -0.48821113 -2.9867905
v -1.87131352 -0.48018793 -2.9867905
v -1.87131352 -0.48018793 -2.96194046
v -1.86237803 -0.48018793 -2.9867905
v -1.866257 -0.48821113 -2.9867905
v -1.87153417 -0.48170623 -2.9867905
v -1.87153417 -0.48170623 -2.96194046
v -1.86287941 -0.47878933 -2.9867905
v -1.86511644 -0.48782672 -2.9867905
v -1.87146024 -0.48324889 -2.9867905
v -1.87146024 -0.48324889 -2.96194046
v -1.86362999 -0.47759837 -2.9867905
v -1.86408455 -0.48708208 -2.9867905
v -1.87109635 -0.48471893 -2.9867905
v -1.87109635 -0.48471893 -2.96194046
v -1.86458265 -0.47668983 -2.9867905
v -1.86362999 -0.47759837 -2.9867905
v -1.86801403 -0.47612082 -2.9867905
v -1.86322615 -0.48602398 -2.9867905
v -1.87046539 -0.48602398 -2.9867905
v -1.87046539 -0.48602398 -2.96194046
v -1.86322615 -0.48602398 -2.9867905
v -1.87046539 -0.48602398 -2.96194046
v -1.87046539 -0.48602398 -2.9867905
v -1.87006155 -0.47759837 -2.94859903
v -1.869607 -0.48708208 -2.94859903
v -1.86743454 -0.48821113 -2.96194046
v -1.8691089 -0.47668983 -2.94859903
v -1.87046539 -0.48602398 -2.94859903
v -1.86801403 -0.47612082 -2.96194046
v -1.86801403 -0.47612082 -2.94859903
v -2.06905673 -0.91915913 -2.98933598
v -2.06536201 -0.92040439 -2.98933598
v -2.06461724 -0.91266787 -2.9867905
v -2.06686961 -0.91190875 -2.9867905
v -2.08863738 -0.90689235 -2.99120547
v -2.08665155 -0.91491481 -2.99120547
v -2.08356757 -0.91300992 -2.98933598
v -2.0852894 -0.90605402 -2.98933598
v -2.04590528 -0.87605565 -2.99120547
v -2.05110423 -0.87109753 -2.99120547
v -2.05274614 -0.87501797 -2.98933598
v -2.04823837 -0.87931697 -2.98933598
v -2.06345479 -0.86693504 -2.99120547
v -2.06983038 -0.86799224 -2.99120547
v -2.06898272 -0.87232559 -2.98933598
v -2.06345474 -0.87140889 -2.98933598
v -2.04838593 -0.92781138 -2.99120547
v -2.04370139 -0.92203701 -2.99120547
v -2.04632748 -0.91918525 -2.98933598
v -2.05038923 -0.92419197 -2.98933598
v -2.08320819 -0.92203701 -2.99120547
v -2.080582 -0.91918525 -2.98933598
v -2.05707921 -0.86799224 -2.99120547
v -2.05792677 -0.87232559 -2.98933598
v -2.07580536 -0.87109753 -2.99120547
v -2.07416335 -0.87501797 -2.98933598
v -2.04025803 -0.91491481 -2.99120547
v -2.0433419 -0.91300992 -2.98933598
v -2.07852365 -0.92781138 -2.99120547
v -2.07652026 -0.92419197 -2.98933598
v -2.0810043 -0.87605565 -2.99120547
v -2.07867112 -0.87931697 -2.98933598
v -2.03827222 -0.90689235 -2.99120547
v -2.04162009 -0.90605402 -2.98933598
v -2.07289228 -0.93187514 -2.99120547
v -2.07163756 -0.92771542 -2.98933598
v -2.08510055 -0.88255519 -2.99120547
v -2.08222278 -0.88495245 -2.98933598
v -2.0378687 -0.89847367 -2.99120547
v -2.04127022 -0.89875454 -2.98933598
v -2.06666792 -0.93397291 -2.99120547
v -2.06624069 -0.9295343 -2.98933598
v -2.08783672 -0.89018773 -2.99120547
v -2.08459519 -0.89157021 -2.98933598
v -2.03907287 -0.89018773 -2.99120547
v -2.0423143 -0.89157021 -2.98933598
v -2.06024166 -0.93397291 -2.99120547
v -2.06066879 -0.9295343 -2.98933598
v -2.08904088 -0.89847367 -2.99120547
v -2.08563926 -0.89875454 -2.98933598
v -2.04180903 -0.88255519 -2.99120547
v -2.0446867 -0.88495245 -2.98933598
v -2.05401731 -0.93187514 -2.99120547
v -2.05527193 -0.92771542 -2.98933598
v -2.06723922 -0.88123901 -2.98933598
v -2.06345474 -0.88061146 -2.98933598
v -2.0707859 -0.88308222 -2.98933598
v -2.07387194 -0.88602537 -2.98933598
v -2.07630342 -0.88988342 -2.98933598
v -2.07792757 -0.89441395 -2.98933598
v -2.07864235 -0.8993324 -2.98933598
v -2.07840284 -0.90432962 -2.98933598
v -2.07722408 -0.90909166 -2.98933598
v -2.07518014 -0.91331935 -2.98933598
v -2.07239945 -0.91674691 -2.98933598
v -2.06154746 -0.92040439 -2.98933598
v -2.05785275 -0.91915913 -2.98933598
v -2.05451003 -0.91674691 -2.98933598
v -2.05172935 -0.91331935 -2.98933598
v -2.04968541 -0.90909166 -2.98933598
v -2.04850664 -0.90432962 -2.98933598
v -2.04826713 -0.8993324 -2.98933598
v -2.0489819 -0.89441395 -2.98933598
v -2.05060606 -0.88988342 -2.98933598
v -2.05303755 -0.88602537 -2.98933598
v -2.05612358 -0.88308222 -2.98933598
v -2.05967026 -0.88123901 -2.98933598
v -2.07227746 -0.89682359 -2.9867905
v -2.07128735 -0.89406163 -2.9867905
v -2.05463159 -0.89682359 -2.9867905
v -2.05419584 -0.89982195 -2.9867905
v -2.06229181 -0.91266787 -2.9867905
v -2.0727132 -0.89982195 -2.9867905
v -2.05562171 -0.89406163 -2.9867905
v -2.06003944 -0.91190875 -2.9867905
v -2.07256719 -0.90286837 -2.9867905
v -2.05710399 -0.89170969 -2.9867905
v -2.05800165 -0.9104382 -2.9867905
v -2.07184859 -0.90577141 -2.9867905
v -2.0589853 -0.88991552 -2.9867905
v -2.06576162 -0.88879182 -2.9867905
v -2.06345452 -0.88840928 -2.9867905
v -2.05630648 -0.90834865 -2.9867905
v -2.07060257 -0.90834865 -2.9867905
v -2.06114743 -0.88879182 -2.9867905
v -2.06792375 -0.88991552 -2.9867905
v -2.05506045 -0.90577141 -2.9867905
v -2.06890741 -0.9104382 -2.9867905
v -2.06980506 -0.89170969 -2.9867905
v -2.05434186 -0.90286837 -2.9867905
v -2.0617252 -0.90631988 -2.94859903
v -2.06286575 -0.90670428 -2.94859903
v -1.96515015 -0.90670428 -2.94859902
v -1.96515015 -0.90631988 -2.94859902
v -2.06462278 -0.89461395 -2.9867905
v -2.06345452 -0.89442024 -2.9867905
v -2.06571764 -0.89518295 -2.9867905
v -2.0666703 -0.89609149 -2.9867905
v -2.0674209 -0.89728252 -2.9867905
v -2.06792227 -0.89868105 -2.9867905
v -2.06814292 -0.90019936 -2.9867905
v -2.06806899 -0.90174205 -2.9867905
v -2.0677051 -0.90321209 -2.9867905
v -2.06707414 -0.9045171 -2.9867905
v -2.06621574 -0.9055752 -2.9867905
v -2.06518385 -0.90631988 -2.9867905
v -2.0640433 -0.90670428 -2.9867905
v -2.06286575 -0.90670428 -2.9867905
v -2.0617252 -0.90631988 -2.9867905
v -2.0606933 -0.9055752 -2.9867905
v -2.05983491 -0.9045171 -2.9867905
v -2.05920395 -0.90321209 -2.9867905
v -2.05884007 -0.90174205 -2.9867905
v -2.05876613 -0.90019936 -2.9867905
v -2.05898678 -0.89868105 -2.9867905
v -2.05948816 -0.89728252 -2.9867905
v -2.06023875 -0.89609149 -2.9867905
v -2.0611914 -0.89518295 -2.9867905
v -2.06228626 -0.89461395 -2.9867905
v -2.0677051 -0.90321209 -2.96194046
v -2.06707414 -0.9045171 -2.96194046
v -2.06707414 -0.9045171 -2.94859903
v -2.0677051 -0.90321209 -2.94859903
v -2.05948815 -0.89728252 -2.94859903
v -2.05898677 -0.89868105 -2.94859903
v -1.96515015 -0.89868105 -2.94859902
v -1.96515015 -0.89728252 -2.94859902
v -2.06462278 -0.89461395 -2.96194046
v -2.06571764 -0.89518295 -2.96194046
v -2.06571764 -0.89518295 -2.94859903
v -2.06462278 -0.89461395 -2.94859903
v -2.05948815 -0.89728252 -2.96194046
v -2.06023875 -0.89609149 -2.96194046
v -1.96515015 -0.89609149 -2.96194049
v -1.96515015 -0.89728252 -2.96194049
v -2.06707414 -0.9045171 -2.96194046
v -2.06621574 -0.9055752 -2.96194046
v -2.06621574 -0.9055752 -2.94859903
v -2.06707414 -0.9045171 -2.94859903
v -2.06228626 -0.89461395 -2.96194046
v -2.06345452 -0.89442024 -2.96194046
v -2.06345452 -0.89442024 -2.94859903
v -2.06228626 -0.89461395 -2.94859903
v -2.0666703 -0.89609149 -2.96194046
v -2.0666703 -0.89609149 -2.94859903
v -2.05876613 -0.90019936 -2.94859903
v -1.96515015 -0.90019942 -2.94859902
v -2.06518385 -0.90631988 -2.96194046
v -2.06518385 -0.90631988 -2.94859903
v -2.0666703 -0.89609149 -2.96194046
v -2.06742089 -0.89728252 -2.96194046
v -2.06742089 -0.89728252 -2.94859903
v -2.0666703 -0.89609149 -2.94859903
v -2.0617252 -0.90631988 -2.96194046
v -2.0606933 -0.9055752 -2.96194046
v -1.96515015 -0.9055752 -2.96194049
v -1.96515015 -0.90631988 -2.96194049
v -2.06404329 -0.90670428 -2.96194046
v -2.06404329 -0.90670428 -2.94859903
v -2.06792227 -0.89868105 -2.96194046
v -2.06792227 -0.89868105 -2.94859903
v -2.05876613 -0.90019936 -2.96194046
v -2.05898677 -0.89868105 -2.96194046
v -1.96515015 -0.89868105 -2.96194049
v -1.96515015 -0.90019942 -2.96194049
v -2.06286575 -0.90670428 -2.96194046
v -2.06286575 -0.90670428 -2.94859903
v -2.06814292 -0.90019936 -2.96194046
v -2.06814292 -0.90019936 -2.94859903
v -2.05884006 -0.90174205 -2.94859903
v -1.96515015 -0.90174199 -2.94859902
v -2.05983491 -0.9045171 -2.96194046
v -1.96515015 -0.9045171 -2.96194049
v -2.06806899 -0.90174205 -2.96194046
v -2.06806899 -0.90174205 -2.94859903
v -2.05920395 -0.90321209 -2.94859903
v -1.96515015 -0.90321209 -2.94859902
v -2.05920395 -0.90321209 -2.96194046
v -2.05884007 -0.90174205 -2.96194046
v -1.96515015 -0.90174199 -2.96194049
v -1.96515015 -0.90321209 -2.96194049
v -2.0611914 -0.89518295 -2.96194046
v -1.96515015 -0.89518295 -2.96194049
v -2.06345452 -0.89442024 -2.9867905
v -2.06462278 -0.89461395 -2.9867905
v -2.06023875 -0.89609149 -2.9867905
v -2.0611914 -0.89518295 -2.9867905
v -2.0611914 -0.89518295 -2.96194046
v -2.06023875 -0.89609149 -2.96194046
v -2.06806899 -0.90174205 -2.9867905
v -2.0677051 -0.90321209 -2.9867905
v -2.0617252 -0.90631988 -2.9867905
v -2.0606933 -0.9055752 -2.9867905
v -2.0606933 -0.9055752 -2.96194046
v -2.0617252 -0.90631988 -2.96194046
v -2.05948816 -0.89728252 -2.9867905
v -2.06023875 -0.89609149 -2.9867905
v -2.06023875 -0.89609149 -2.96194046
v -2.05948815 -0.89728252 -2.96194046
v -2.06814292 -0.90019936 -2.9867905
v -2.06286575 -0.90670428 -2.9867905
v -2.05898678 -0.89868105 -2.9867905
v -2.05898677 -0.89868105 -2.96194046
v -2.06792227 -0.89868105 -2.9867905
v -2.0640433 -0.90670428 -2.9867905
v -2.05876613 -0.90019936 -2.9867905
v -2.05876613 -0.90019936 -2.96194046
v -2.0674209 -0.89728252 -2.9867905
v -2.06518385 -0.90631988 -2.9867905
v -2.05884007 -0.90174205 -2.9867905
v -2.05884007 -0.90174205 -2.96194046
v -2.0666703 -0.89609149 -2.9867905
v -2.06621574 -0.9055752 -2.9867905
v -2.05920395 -0.90321209 -2.9867905
v -2.05920395 -0.90321209 -2.96194046
v -2.06571764 -0.89518295 -2.9867905
v -2.0666703 -0.89609149 -2.9867905
v -2.06228626 -0.89461395 -2.9867905
v -2.06707414 -0.9045171 -2.9867905
v -2.05983491 -0.9045171 -2.9867905
v -2.05983491 -0.9045171 -2.96194046
v -2.06707414 -0.9045171 -2.9867905
v -2.05983491 -0.9045171 -2.9867905
v -2.05983491 -0.9045171 -2.96194046
v -1.96515015 -0.9055752 -2.96194049
v -1.96515015 -0.9045171 -2.96194049
v -1.96515015 -0.9045171 -2.94859902
v -1.96515015 -0.9055752 -2.94859902
v -1.96515015 -0.89518295 -2.96194049
v -1.96515015 -0.89461401 -2.96194049
v -1.96515015 -0.89461401 -2.94859902
v -1.96515015 -0.89518295 -2.94859902
v -1.96515015 -0.90321209 -2.96194049
v -1.96515015 -0.90321209 -2.94859902
v -1.96515015 -0.90174199 -2.96194049
v -1.96515015 -0.90174199 -2.94859902
v -1.96515015 -0.90019942 -2.96194049
v -1.96515015 -0.90019942 -2.94859902
v -1.96515015 -0.89868105 -2.96194049
v -1.96515015 -0.89868105 -2.94859902
v -1.96515015 -0.89728252 -2.96194049
v -1.96515015 -0.89728252 -2.94859902
v -1.96515015 -0.90670428 -2.96194049
v -1.96515015 -0.90631988 -2.96194049
v -1.96515015 -0.90631988 -2.94859902
v -1.96515015 -0.90670428 -2.94859902
v -1.96515015 -0.89609149 -2.96194049
v -1.96515015 -0.89609149 -2.94859902
v -2.06023875 -0.89609149 -2.94859903
v -1.96515015 -0.89609149 -2.94859902
v -2.0606933 -0.9055752 -2.94859903
v -1.96515015 -0.9055752 -2.94859902
v -1.96515015 -0.89461401 -2.94859902
v -1.96515015 -0.89461401 -2.96194049
v -2.06286575 -0.90670428 -2.96194046
v -1.96515015 -0.90670428 -2.96194049
v -1.96515015 -0.90670428 -2.96194049
v -1.96515015 -0.90670428 -2.94859902
v -2.0611914 -0.89518295 -2.94859903
v -1.96515015 -0.89518295 -2.94859902
v -2.05983491 -0.9045171 -2.94859903
v -1.96515015 -0.9045171 -2.94859902
v -2.06228626 -0.89461395 -2.96194046
v -1.96515015 -0.89461401 -2.96194049
v -2.06228626 -0.89461395 -2.94859903
v -1.96515015 -0.89461401 -2.94859902
v -1.86124357 -0.91915913 -2.98933598
v -1.86343068 -0.91190869 -2.9867905
v -1.86568306 -0.91266781 -2.9867905
v -1.86493828 -0.92040432 -2.98933598
v -1.84166292 -0.90689228 -2.99120547
v -1.8450109 -0.90605402 -2.98933598
v -1.84673272 -0.91300992 -2.98933598
v -1.84364875 -0.91491481 -2.99120547
v -1.88439501 -0.87605565 -2.99120547
v -1.88206193 -0.87931697 -2.98933598
v -1.87755416 -0.87501797 -2.98933598
v -1.87919607 -0.87109753 -2.99120547
v -1.8668455 -0.86693504 -2.99120547
v -1.86684555 -0.87140889 -2.98933598
v -1.86131758 -0.87232552 -2.98933598
v -1.86046992 -0.86799224 -2.99120547
v -1.88191436 -0.92781138 -2.99120547
v -1.87991107 -0.9241919 -2.98933598
v -1.88397281 -0.91918525 -2.98933598
v -1.8865989 -0.92203694 -2.99120547
v -1.84971829 -0.91918525 -2.98933598
v -1.8470921 -0.92203694 -2.99120547
v -1.87237353 -0.87232552 -2.98933598
v -1.87322109 -0.86799224 -2.99120547
v -1.85613695 -0.87501797 -2.98933598
v -1.85449495 -0.87109753 -2.99120547
v -1.8869584 -0.91300992 -2.98933598
v -1.89004226 -0.91491481 -2.99120547
v -1.85378004 -0.9241919 -2.98933598
v -1.85177663 -0.92781138 -2.99120547
v -1.85162918 -0.87931697 -2.98933598
v -1.84929598 -0.87605565 -2.99120547
v -1.88868021 -0.90605402 -2.98933598
v -1.89202809 -0.90689228 -2.99120547
v -1.85866274 -0.92771542 -2.98933598
v -1.857408 -0.93187508 -2.99120547
v -1.84807752 -0.88495238 -2.98933598
v -1.84519974 -0.88255519 -2.99120547
v -1.88903007 -0.89875454 -2.98933598
v -1.89243159 -0.8984736 -2.99120547
v -1.8640596 -0.9295343 -2.98933598
v -1.86363237 -0.93397291 -2.99120547
v -1.8457051 -0.89157021 -2.98933598
v -1.84246358 -0.89018773 -2.99120547
v -1.887986 -0.89157021 -2.98933598
v -1.89122743 -0.89018773 -2.99120547
v -1.86963151 -0.9295343 -2.98933598
v -1.87005863 -0.93397291 -2.99120547
v -1.84466103 -0.89875454 -2.98933598
v -1.84125941 -0.8984736 -2.99120547
v -1.8856136 -0.88495238 -2.98933598
v -1.88849126 -0.88255519 -2.99120547
v -1.87502836 -0.92771542 -2.98933598
v -1.87628299 -0.93187508 -2.99120547
v -1.86306109 -0.88123901 -2.98933598
v -1.86684555 -0.8806114 -2.98933598
v -1.8595144 -0.88308222 -2.98933598
v -1.85642836 -0.88602531 -2.98933598
v -1.85399687 -0.88988336 -2.98933598
v -1.85237272 -0.89441395 -2.98933598
v -1.85165793 -0.8993324 -2.98933598
v -1.85189746 -0.90432962 -2.98933598
v -1.85307622 -0.90909166 -2.98933598
v -1.85512016 -0.91331929 -2.98933598
v -1.85790085 -0.91674691 -2.98933598
v -1.86875283 -0.92040432 -2.98933598
v -1.87244755 -0.91915913 -2.98933598
v -1.87579026 -0.91674691 -2.98933598
v -1.87857094 -0.91331929 -2.98933598
v -1.88061488 -0.90909166 -2.98933598
v -1.88179365 -0.90432962 -2.98933598
v -1.88203317 -0.8993324 -2.98933598
v -1.88131839 -0.89441395 -2.98933598
v -1.87969423 -0.88988336 -2.98933598
v -1.87726275 -0.88602531 -2.98933598
v -1.87417671 -0.88308222 -2.98933598
v -1.87063003 -0.88123901 -2.98933598
v -1.85901295 -0.89406163 -2.9867905
v -1.85802282 -0.89682353 -2.9867905
v -1.87610445 -0.89982195 -2.9867905
v -1.87566871 -0.89682353 -2.9867905
v -1.86800848 -0.91266781 -2.9867905
v -1.85758709 -0.89982195 -2.9867905
v -1.8746786 -0.89406163 -2.9867905
v -1.87026086 -0.91190869 -2.9867905
v -1.8577331 -0.90286837 -2.9867905
v -1.87319631 -0.89170969 -2.9867905
v -1.87229865 -0.9104382 -2.9867905
v -1.85845171 -0.90577141 -2.9867905
v -1.871315 -0.88991552 -2.9867905
v -1.86684577 -0.88840928 -2.9867905
v -1.86453868 -0.88879182 -2.9867905
v -1.87399382 -0.90834865 -2.9867905
v -1.85969773 -0.90834865 -2.9867905
v -1.86915287 -0.88879182 -2.9867905
v -1.86237655 -0.88991552 -2.9867905
v -1.87523984 -0.90577141 -2.9867905
v -1.86139289 -0.9104382 -2.9867905
v -1.86049523 -0.89170969 -2.9867905
v -1.87595844 -0.90286837 -2.9867905
v -1.8685751 -0.90631988 -2.94859903
v -1.86743454 -0.90670422 -2.94859903
v -1.86567751 -0.89461395 -2.9867905
v -1.86684577 -0.89442024 -2.9867905
v -1.86458265 -0.89518295 -2.9867905
v -1.86362999 -0.89609149 -2.9867905
v -1.86287941 -0.89728245 -2.9867905
v -1.86237803 -0.89868105 -2.9867905
v -1.86215738 -0.90019936 -2.9867905
v -1.86223131 -0.90174199 -2.9867905
v -1.8625952 -0.90321202 -2.9867905
v -1.86322615 -0.9045171 -2.9867905
v -1.86408455 -0.9055752 -2.9867905
v -1.86511644 -0.90631988 -2.9867905
v -1.866257 -0.90670422 -2.9867905
v -1.86743454 -0.90670422 -2.9867905
v -1.8685751 -0.90631988 -2.9867905
v -1.86960699 -0.9055752 -2.9867905
v -1.87046539 -0.9045171 -2.9867905
v -1.87109635 -0.90321202 -2.9867905
v -1.87146024 -0.90174199 -2.9867905
v -1.87153417 -0.90019936 -2.9867905
v -1.87131352 -0.89868105 -2.9867905
v -1.87081214 -0.89728245 -2.9867905
v -1.87006154 -0.89609149 -2.9867905
v -1.86910889 -0.89518295 -2.9867905
v -1.86801403 -0.89461395 -2.9867905
v -1.8625952 -0.90321202 -2.96194046
v -1.8625952 -0.90321202 -2.94859903
v -1.86322615 -0.9045171 -2.94859903
v -1.86322615 -0.9045171 -2.96194046
v -1.87081214 -0.89728245 -2.94859903
v -1.87131352 -0.89868105 -2.94859903
v -1.86567751 -0.89461395 -2.96194046
v -1.86567751 -0.89461395 -2.94859903
v -1.86458266 -0.89518295 -2.94859903
v -1.86458266 -0.89518295 -2.96194046
v -1.87081214 -0.89728245 -2.96194046
v -1.87006155 -0.89609149 -2.96194046
v -1.86322615 -0.9045171 -2.96194046
v -1.86322615 -0.9045171 -2.94859903
v -1.86408456 -0.9055752 -2.94859903
v -1.86408455 -0.9055752 -2.96194046
v -1.86801403 -0.89461395 -2.96194046
v -1.86801403 -0.89461395 -2.94859903
v -1.86684577 -0.89442024 -2.94859903
v -1.86684577 -0.89442024 -2.96194046
v -1.86363 -0.89609149 -2.94859903
v -1.86363 -0.89609149 -2.96194046
v -1.87153417 -0.90019936 -2.94859903
v -1.86511644 -0.90631988 -2.94859903
v -1.86511644 -0.90631988 -2.96194046
v -1.86363 -0.89609149 -2.96194046
v -1.86363 -0.89609149 -2.94859903
v -1.86287941 -0.89728245 -2.94859903
v -1.86287941 -0.89728245 -2.96194046
v -1.8685751 -0.90631988 -2.96194046
v -1.869607 -0.9055752 -2.96194046
v -1.866257 -0.90670422 -2.94859903
v -1.866257 -0.90670422 -2.96194046
v -1.86237803 -0.89868105 -2.94859903
v -1.86237803 -0.89868105 -2.96194046
v -1.87153417 -0.90019936 -2.96194046
v -1.87131352 -0.89868105 -2.96194046
v -1.86743454 -0.90670422 -2.94859903
v -1.86743454 -0.90670422 -2.96194046
v -1.86215738 -0.90019936 -2.94859903
v -1.86215738 -0.90019936 -2.96194046
v -1.87146024 -0.90174199 -2.94859903
v -1.87046539 -0.9045171 -2.96194046
v -1.86223131 -0.90174199 -2.94859903
v -1.86223131 -0.90174199 -2.96194046
v -1.87109635 -0.90321202 -2.94859903
v -1.87109635 -0.90321202 -2.96194046
v -1.87146024 -0.90174199 -2.96194046
v -1.8691089 -0.89518295 -2.96194046
v -1.86684577 -0.89442024 -2.9867905
v -1.86567751 -0.89461395 -2.9867905
v -1.87006154 -0.89609149 -2.9867905
v -1.87006155 -0.89609149 -2.96194046
v -1.8691089 -0.89518295 -2.96194046
v -1.86910889 -0.89518295 -2.9867905
v -1.86223131 -0.90174199 -2.9867905
v -1.8625952 -0.90321202 -2.9867905
v -1.8685751 -0.90631988 -2.9867905
v -1.8685751 -0.90631988 -2.96194046
v -1.869607 -0.9055752 -2.96194046
v -1.86960699 -0.9055752 -2.9867905
v -1.87081214 -0.89728245 -2.9867905
v -1.87081214 -0.89728245 -2.96194046
v -1.87006155 -0.89609149 -2.96194046
v -1.87006154 -0.89609149 -2.9867905
v -1.86215738 -0.90019936 -2.9867905
v -1.86743454 -0.90670422 -2.9867905
v -1.87131352 -0.89868105 -2.9867905
v -1.87131352 -0.89868105 -2.96194046
v -1.86237803 -0.89868105 -2.9867905
v -1.866257 -0.90670422 -2.9867905
v -1.87153417 -0.90019936 -2.9867905
v -1.87153417 -0.90019936 -2.96194046
v -1.86287941 -0.89728245 -2.9867905
v -1.86511644 -0.90631988 -2.9867905
v -1.87146024 -0.90174199 -2.9867905
v -1.87146024 -0.90174199 -2.96194046
v -1.86362999 -0.89609149 -2.9867905
v -1.86408455 -0.9055752 -2.9867905
v -1.87109635 -0.90321202 -2.9867905
v -1.87109635 -0.90321202 -2.96194046
v -1.86458265 -0.89518295 -2.9867905
v -1.86362999 -0.89609149 -2.9867905
v -1.86801403 -0.89461395 -2.9867905
v -1.86322615 -0.9045171 -2.9867905
v -1.87046539 -0.9045171 -2.9867905
v -1.87046539 -0.9045171 -2.96194046
v -1.86322615 -0.9045171 -2.9867905
v -1.87046539 -0.9045171 -2.96194046
v -1.87046539 -0.9045171 -2.9867905
v -1.87006155 -0.89609149 -2.94859903
v -1.869607 -0.9055752 -2.94859903
v -1.86743454 -0.90670422 -2.96194046
v -1.8691089 -0.89518295 -2.94859903
v -1.87046539 -0.9045171 -2.94859903
v -1.86801403 -0.89461395 -2.96194046
v -1.86801403 -0.89461395 -2.94859903
v -2.0680686 -0.0647559 -2.94860057
v -2.06792188 -0.06169495 -2.94860057
v -2.06814253 -0.06321326 -2.94860057
v -2.06770471 -0.06622594 -2.94860057
v -2.0674205 -0.06029637 -2.94860057
v -2.06707375 -0.06753101 -2.94860057
v -2.06666991 -0.05910539 -2.94860057
v -2.06621535 -0.06858911 -2.94860057
v -2.06571725 -0.05819686 -2.94860057
v -2.06518346 -0.06933375 -2.94860057
v -2.06462239 -0.05762785 -2.94860057
v -2.0640429 -0.06971815 -2.94860057
v -2.06345413 -0.05743413 -2.94860057
v -1.86684538 -0.05743411 -2.94860057
v -1.86625661 -0.06971813 -2.94860057
v -1.86567712 -0.05762783 -2.94860057
v -1.86511605 -0.06933373 -2.94860057
v -1.86458227 -0.05819684 -2.94860057
v -1.86408417 -0.06858909 -2.94860057
v -1.86362961 -0.05910538 -2.94860057
v -1.86322576 -0.06753099 -2.94860057
v -1.86287901 -0.06029635 -2.94860057
v -1.86259481 -0.06622592 -2.94860057
v -1.86237764 -0.06169493 -2.94860057
v -1.86223092 -0.06475589 -2.94860057
v -1.86215698 -0.06321324 -2.94860057
v -2.06806899 -0.48324889 -2.94859903
v -2.06792227 -0.48018793 -2.94859903
v -2.06814292 -0.48170626 -2.94859903
v -2.0677051 -0.48471893 -2.94859903
v -2.06742089 -0.47878936 -2.94859903
v -2.06707414 -0.48602401 -2.94859903
v -2.0666703 -0.4775984 -2.94859903
v -2.06621574 -0.48708211 -2.94859903
v -2.06571764 -0.47668986 -2.94859903
v -2.06518385 -0.48782675 -2.94859903
v -2.06462278 -0.47612086 -2.94859903
v -2.06404329 -0.48821116 -2.94859903
v -2.06345452 -0.47592711 -2.94859903
v -1.86684577 -0.47592711 -2.94859903
v -1.866257 -0.48821113 -2.94859903
v -1.86567751 -0.47612082 -2.94859903
v -1.86511644 -0.48782672 -2.94859903
v -1.86458266 -0.47668983 -2.94859903
v -1.86408456 -0.48708208 -2.94859903
v -1.86363 -0.47759837 -2.94859903
v -1.86322615 -0.48602398 -2.94859903
v -1.86287941 -0.47878933 -2.94859903
v -1.8625952 -0.48471893 -2.94859903
v -1.86237803 -0.48018793 -2.94859903
v -1.86223131 -0.48324889 -2.94859903
v -1.86215738 -0.48170623 -2.94859903
v -2.06806899 -0.90174205 -2.94859903
v -2.06792227 -0.89868105 -2.94859903
v -2.06814292 -0.90019936 -2.94859903
v -2.0677051 -0.90321209 -2.94859903
v -2.06742089 -0.89728252 -2.94859903
v -2.06707414 -0.9045171 -2.94859903
v -2.0666703 -0.89609149 -2.94859903
v -2.06621574 -0.9055752 -2.94859903
v -2.06571764 -0.89518295 -2.94859903
v -2.06518385 -0.90631988 -2.94859903
v -2.06462278 -0.89461395 -2.94859903
v -2.06404329 -0.90670428 -2.94859903
v -2.06345452 -0.89442024 -2.94859903
v -1.86684577 -0.89442024 -2.94859903
v -1.866257 -0.90670422 -2.94859903
v -1.86567751 -0.89461395 -2.94859903
v -1.86511644 -0.90631988 -2.94859903
v -1.86458266 -0.89518295 -2.94859903
v -1.86408456 -0.9055752 -2.94859903
v -1.86363 -0.89609149 -2.94859903
v -1.86322615 -0.9045171 -2.94859903
v -1.86287941 -0.89728245 -2.94859903
v -1.8625952 -0.90321202 -2.94859903
v -1.86237803 -0.89868105 -2.94859903
v -1.86223131 -0.90174199 -2.94859903
v -1.86215738 -0.90019936 -2.94859903
vn -0.0777 -0.3027 0.94991
vn -0.36919 -0.1199 0.92159
vn 0.2282 0.314 0.92159
vn -0.0487 0.3851 0.92159
vn -0.0486 0.3851 0.9216
vn 0.2657 -0.283 0.92159
vn -0.3277 -0.208 0.9216
vn 0.1429 0.3609 0.92159
vn -0.1429 0.3609 0.92159
vn 0.3277 -0.208 0.9216
vn -0.2657 -0.283 0.92159
vn 0.0487 0.3851 0.92159
vn -0.2282 0.314 0.92159
vn 0.36919 -0.12 0.92157
vn -0.187 -0.34019 0.92158
vn -0.187 -0.3401 0.92161
vn -0.2991 0.2474 0.92159
vn 0.3874 -0.0244 0.92159
vn -0.0965 -0.37599 0.92158
vn -0.3512 0.1653 0.92159
vn 0.3813 0.0727 0.92159
vn 0 -0.38819 0.92158
vn -0.3813 0.0727 0.92159
vn 0.3512 0.1653 0.92159
vn 0.0965 -0.37599 0.92158
vn -0.3874 -0.0244 0.92159
vn 0.2991 0.2474 0.92159
vn 0.187 -0.34019 0.92158
vn 0 0 1
vn -0.2828 0.1331 0.9499
vn 0.307 0.0586 0.9499
vn 0 -0.31251 0.94992
vn -0.307 0.0586 0.9499
vn 0.2828 0.1331 0.9499
vn 0.0777 -0.3027 0.94991
vn -0.3119 -0.0196 0.94991
vn 0.2408 0.1992 0.94991
vn 0.1506 -0.2739 0.94989
vn -0.2972 -0.0966 0.94991
vn 0.1837 0.2529 0.94989
vn -0.0392 0.3101 0.9499
vn 0.214 -0.2278 0.9499
vn -0.2639 -0.1675 0.9499
vn 0.1151 0.2906 0.9499
vn -0.1151 0.2906 0.9499
vn 0.2639 -0.1675 0.9499
vn -0.2139 -0.22781 0.94992
vn 0.0392 0.3101 0.9499
vn -0.1837 0.2529 0.94989
vn -0.1837 0.2528 0.94992
vn 0.2973 -0.0966 0.94989
vn -0.1506 -0.2739 0.94989
vn -0.2408 0.1992 0.94991
vn 0.3119 -0.0196 0.94991
vn -0.84433 -0.53582 0
vn -0.3681 0.92979 0
vn 0 0 -1
vn -0.68451 -0.72901 0
vn 0.1253 0.99212 0
vn -0.5878 0.809 0
vn -0.48179 -0.87629 0
vn -0.77052 0.63742 0
vn -0.2487 -0.96858 0
vn -0.90481 0.42581 0
vn 0 -1 0
vn -0.98228 0.1874 0
vn -0.99803 -0.0628 0
vn -0.95107 -0.30899 0
vn -0.1253 0.99212 0
vn 0.5878 0.809 0
vn 0.48179 -0.87629 0
vn 0.77052 0.63742 0
vn 0.2487 -0.96858 0
vn 0.90481 0.42581 0
vn 0.98228 0.1874 0
vn 0.99803 -0.0628 0
vn 0.95107 -0.30899 0
vn 0.84433 -0.53582 0
vn 0.3681 0.92979 0
vn 0.68451 -0.72901 0
vn 1 0 0
vn 0 1 0
vn 0.36919 -0.1199 0.92159
vn -0.36919 -0.12 0.92157
vn 0.187 -0.3401 0.92161
vn 0.2972 -0.0966 0.94991
vn -0.214 -0.2278 0.9499
vn 0.2139 -0.22781 0.94992
vn 0.1837 0.2528 0.94992
vn -0.2973 -0.0966 0.94989
vn 0.0486 0.3851 0.9216
vn -0.36818 0.92975 0
vn 0.1254 0.99211 0
vn -0.1254 0.99211 0
vn 0.48172 -0.87633 0
vn -0.48172 -0.87633 0
vn -0.68456 -0.72896 0
vn 0.36818 0.92975 0
vn 0.68456 -0.72896 0
vn 0.115 0.2906 0.94991
vn -0.115 0.2906 0.94991
vn -0.84429 -0.53589 0
vn -0.68461 -0.72891 0
vn -0.58769 0.80909 0
vn -0.24879 -0.96856 0
vn -0.95103 -0.30911 0
vn -0.36822 0.92974 0
vn 0.36822 0.92974 0
vn -0.1505 -0.2739 0.94991
vn 0.68461 -0.72891 0
vn 0.77047 0.63748 0
vn -0.77047 0.63748 0
vt 0.71808 0.48909
vt 0.71802 0.48907
vt 0.71801 0.48917
vt 0.71804 0.48918
vt 0.7184 0.48924
vt 0.71836 0.48914
vt 0.71831 0.48916
vt 0.71834 0.48925
vt 0.7177 0.48962
vt 0.71779 0.48968
vt 0.71781 0.48963
vt 0.71774 0.48958
vt 0.71799 0.48973
vt 0.71809 0.48972
vt 0.71808 0.48966
vt 0.71799 0.48967
vt 0.71774 0.48898
vt 0.71767 0.48905
vt 0.71771 0.48909
vt 0.71778 0.48903
vt 0.71831 0.48905
vt 0.71826 0.48909
vt 0.71788 0.48972
vt 0.7179 0.48966
vt 0.71819 0.48968
vt 0.71816 0.48963
vt 0.71761 0.48914
vt 0.71766 0.48916
vt 0.71823 0.48898
vt 0.7182 0.48903
vt 0.71827 0.48962
vt 0.71823 0.48958
vt 0.71758 0.48924
vt 0.71763 0.48925
vt 0.71814 0.48893
vt 0.71812 0.48898
vt 0.71834 0.48954
vt 0.71829 0.48951
vt 0.71757 0.48934
vt 0.71763 0.48934
vt 0.71804 0.48891
vt 0.71803 0.48896
vt 0.71838 0.48944
vt 0.71833 0.48943
vt 0.71759 0.48944
vt 0.71765 0.48943
vt 0.71794 0.48891
vt 0.71794 0.48896
vt 0.7184 0.48934
vt 0.71835 0.48934
vt 0.71764 0.48954
vt 0.71768 0.48951
vt 0.71784 0.48893
vt 0.71786 0.48898
vt 0.71805 0.48955
vt 0.71799 0.48956
vt 0.71811 0.48953
vt 0.71816 0.48949
vt 0.7182 0.48945
vt 0.71822 0.48939
vt 0.71823 0.48933
vt 0.71823 0.48927
vt 0.71821 0.48921
vt 0.71818 0.48916
vt 0.71813 0.48912
vt 0.71796 0.48907
vt 0.7179 0.48909
vt 0.71784 0.48912
vt 0.7178 0.48916
vt 0.71776 0.48921
vt 0.71775 0.48927
vt 0.71774 0.48933
vt 0.71775 0.48939
vt 0.71778 0.48945
vt 0.71782 0.48949
vt 0.71787 0.48953
vt 0.71793 0.48955
vt 0.71813 0.48936
vt 0.71811 0.4894
vt 0.71784 0.48936
vt 0.71784 0.48932
vt 0.71797 0.48917
vt 0.71814 0.48932
vt 0.71786 0.4894
vt 0.71793 0.48918
vt 0.71814 0.48929
vt 0.71788 0.48942
vt 0.7179 0.48919
vt 0.71812 0.48925
vt 0.71792 0.48945
vt 0.71803 0.48946
vt 0.71799 0.48946
vt 0.71787 0.48922
vt 0.7181 0.48922
vt 0.71795 0.48946
vt 0.71806 0.48945
vt 0.71785 0.48925
vt 0.71808 0.48919
vt 0.71809 0.48942
vt 0.71784 0.48929
vt 0.71796 0.48924
vt 0.71798 0.48924
vt 0.7164 0.48924
vt 0.7164 0.48924
vt 0.71801 0.48939
vt 0.71799 0.48939
vt 0.71802 0.48938
vt 0.71804 0.48937
vt 0.71805 0.48936
vt 0.71806 0.48934
vt 0.71806 0.48932
vt 0.71806 0.4893
vt 0.71806 0.48928
vt 0.71805 0.48927
vt 0.71803 0.48925
vt 0.71802 0.48924
vt 0.718 0.48924
vt 0.71794 0.48925
vt 0.71793 0.48927
vt 0.71792 0.48928
vt 0.71791 0.4893
vt 0.71791 0.48932
vt 0.71792 0.48934
vt 0.71792 0.48936
vt 0.71794 0.48937
vt 0.71795 0.48938
vt 0.71797 0.48939
vt 0.71127 0.48437
vt 0.71129 0.48437
vt 0.71129 0.48454
vt 0.71127 0.48454
vt 0.7164 0.48934
vt 0.7164 0.48936
vt 0.71801 0.48437
vt 0.71802 0.48437
vt 0.71802 0.48454
vt 0.71801 0.48454
vt 0.7164 0.48937
vt 0.71805 0.48437
vt 0.71803 0.48437
vt 0.71803 0.48454
vt 0.71805 0.48454
vt 0.71797 0.48437
vt 0.71799 0.48437
vt 0.71799 0.48454
vt 0.71797 0.48454
vt 0.71804 0.48437
vt 0.71804 0.48454
vt 0.7164 0.48932
vt 0.71802 0.48437
vt 0.71802 0.48454
vt 0.71118 0.48437
vt 0.7112 0.48437
vt 0.7112 0.48454
vt 0.71118 0.48454
vt 0.7164 0.48925
vt 0.718 0.48437
vt 0.718 0.48454
vt 0.71122 0.48437
vt 0.71122 0.48454
vt 0.71798 0.48437
vt 0.71798 0.48454
vt 0.71124 0.48437
vt 0.71124 0.48454
vt 0.7164 0.4893
vt 0.7164 0.48927
vt 0.71125 0.48437
vt 0.71125 0.48454
vt 0.7164 0.48928
vt 0.7164 0.48938
vt 0.71799 0.48407
vt 0.71801 0.48407
vt 0.71794 0.48407
vt 0.71795 0.48407
vt 0.71795 0.48437
vt 0.71794 0.48437
vt 0.71125 0.48407
vt 0.71127 0.48407
vt 0.71796 0.48407
vt 0.71794 0.48407
vt 0.71794 0.48437
vt 0.71796 0.48437
vt 0.7112 0.48407
vt 0.71118 0.48407
vt 0.71124 0.48407
vt 0.71798 0.48407
vt 0.71122 0.48407
vt 0.718 0.48407
vt 0.71802 0.48407
vt 0.71803 0.48407
vt 0.71802 0.48407
vt 0.71804 0.48407
vt 0.71797 0.48407
vt 0.71805 0.48407
vt 0.71129 0.48407
vt 0.71793 0.48407
vt 0.71793 0.48437
vt 0.7113 0.48437
vt 0.7113 0.48454
vt 0.71117 0.48437
vt 0.71117 0.48437
vt 0.71117 0.48454
vt 0.71117 0.48454
vt 0.71132 0.48437
vt 0.71131 0.48437
vt 0.71131 0.48454
vt 0.71132 0.48454
vt 0.7164 0.48454
vt 0.7164 0.48437
vt 0.7164 0.48939
vt 0.71472 0.48909
vt 0.71475 0.48918
vt 0.71479 0.48917
vt 0.71478 0.48907
vt 0.7144 0.48924
vt 0.71445 0.48925
vt 0.71448 0.48916
vt 0.71443 0.48914
vt 0.71509 0.48962
vt 0.71505 0.48958
vt 0.71498 0.48963
vt 0.71501 0.48968
vt 0.71481 0.48973
vt 0.71481 0.48967
vt 0.71472 0.48966
vt 0.7147 0.48972
vt 0.71505 0.48898
vt 0.71502 0.48903
vt 0.71508 0.48909
vt 0.71513 0.48905
vt 0.71453 0.48909
vt 0.71449 0.48905
vt 0.7149 0.48966
vt 0.71491 0.48972
vt 0.71463 0.48963
vt 0.71461 0.48968
vt 0.71513 0.48916
vt 0.71518 0.48914
vt 0.7146 0.48903
vt 0.71456 0.48898
vt 0.71456 0.48958
vt 0.71452 0.48962
vt 0.71516 0.48925
vt 0.71521 0.48924
vt 0.71468 0.48898
vt 0.71465 0.48893
vt 0.7145 0.48951
vt 0.71446 0.48954
vt 0.71517 0.48934
vt 0.71522 0.48934
vt 0.71476 0.48896
vt 0.71476 0.48891
vt 0.71447 0.48943
vt 0.71441 0.48944
vt 0.71515 0.48943
vt 0.7152 0.48944
vt 0.71485 0.48896
vt 0.71486 0.48891
vt 0.71445 0.48934
vt 0.71439 0.48934
vt 0.71511 0.48951
vt 0.71516 0.48954
vt 0.71494 0.48898
vt 0.71496 0.48893
vt 0.71475 0.48955
vt 0.71481 0.48956
vt 0.71469 0.48953
vt 0.71464 0.48949
vt 0.7146 0.48945
vt 0.71457 0.48939
vt 0.71456 0.48933
vt 0.71457 0.48927
vt 0.71458 0.48921
vt 0.71462 0.48916
vt 0.71466 0.48912
vt 0.71484 0.48907
vt 0.7149 0.48909
vt 0.71495 0.48912
vt 0.715 0.48916
vt 0.71503 0.48921
vt 0.71505 0.48927
vt 0.71505 0.48933
vt 0.71504 0.48939
vt 0.71502 0.48945
vt 0.71498 0.48949
vt 0.71493 0.48953
vt 0.71487 0.48955
vt 0.71468 0.4894
vt 0.71466 0.48936
vt 0.71496 0.48932
vt 0.71495 0.48936
vt 0.71483 0.48917
vt 0.71466 0.48932
vt 0.71493 0.4894
vt 0.71486 0.48918
vt 0.71466 0.48929
vt 0.71491 0.48942
vt 0.7149 0.48919
vt 0.71467 0.48925
vt 0.71488 0.48945
vt 0.71481 0.48946
vt 0.71477 0.48946
vt 0.71492 0.48922
vt 0.71469 0.48922
vt 0.71484 0.48946
vt 0.71474 0.48945
vt 0.71494 0.48925
vt 0.71472 0.48919
vt 0.7147 0.48942
vt 0.71495 0.48929
vt 0.71484 0.48924
vt 0.71482 0.48924
vt 0.71479 0.48939
vt 0.71481 0.48939
vt 0.71477 0.48938
vt 0.71476 0.48937
vt 0.71474 0.48936
vt 0.71474 0.48934
vt 0.71473 0.48932
vt 0.71473 0.4893
vt 0.71474 0.48928
vt 0.71475 0.48927
vt 0.71476 0.48925
vt 0.71478 0.48924
vt 0.7148 0.48924
vt 0.71485 0.48925
vt 0.71487 0.48927
vt 0.71488 0.48928
vt 0.71488 0.4893
vt 0.71488 0.48932
vt 0.71488 0.48934
vt 0.71487 0.48936
vt 0.71486 0.48937
vt 0.71484 0.48938
vt 0.71483 0.48939
vt 0.71479 0.48437
vt 0.71479 0.48454
vt 0.71477 0.48454
vt 0.71477 0.48437
vt 0.71475 0.48437
vt 0.71475 0.48454
vt 0.71476 0.48454
vt 0.71476 0.48437
vt 0.71483 0.48437
vt 0.71483 0.48454
vt 0.71481 0.48454
vt 0.71481 0.48437
vt 0.71476 0.48454
vt 0.71476 0.48437
vt 0.71478 0.48454
vt 0.71478 0.48437
vt 0.7148 0.48454
vt 0.7148 0.48437
vt 0.71482 0.48454
vt 0.71482 0.48437
vt 0.71481 0.48407
vt 0.71479 0.48407
vt 0.71486 0.48407
vt 0.71486 0.48437
vt 0.71484 0.48437
vt 0.71484 0.48407
vt 0.71484 0.48407
vt 0.71484 0.48437
vt 0.71485 0.48437
vt 0.71485 0.48407
vt 0.71482 0.48407
vt 0.7148 0.48407
vt 0.71478 0.48407
vt 0.71476 0.48407
vt 0.71477 0.48407
vt 0.71476 0.48407
vt 0.71483 0.48407
vt 0.71475 0.48407
vt 0.71487 0.48437
vt 0.71487 0.48407
vt 0.71808 0.48395
vt 0.71802 0.48394
vt 0.71801 0.48403
vt 0.71804 0.48404
vt 0.7184 0.4841
vt 0.71836 0.484
vt 0.71831 0.48403
vt 0.71834 0.48411
vt 0.7177 0.48448
vt 0.71779 0.48454
vt 0.71781 0.48449
vt 0.71774 0.48444
vt 0.71799 0.48459
vt 0.71809 0.48458
vt 0.71808 0.48453
vt 0.71799 0.48454
vt 0.71774 0.48385
vt 0.71767 0.48392
vt 0.71771 0.48395
vt 0.71778 0.48389
vt 0.71831 0.48392
vt 0.71826 0.48395
vt 0.71788 0.48458
vt 0.7179 0.48453
vt 0.71819 0.48454
vt 0.71816 0.48449
vt 0.71761 0.484
vt 0.71766 0.48403
vt 0.71823 0.48385
vt 0.7182 0.48389
vt 0.71827 0.48448
vt 0.71823 0.48444
vt 0.71758 0.4841
vt 0.71763 0.48411
vt 0.71814 0.4838
vt 0.71812 0.48385
vt 0.71834 0.4844
vt 0.71829 0.48437
vt 0.71757 0.48421
vt 0.71763 0.4842
vt 0.71804 0.48377
vt 0.71803 0.48382
vt 0.71838 0.48431
vt 0.71833 0.48429
vt 0.71759 0.48431
vt 0.71765 0.48429
vt 0.71794 0.48377
vt 0.71794 0.48382
vt 0.7184 0.48421
vt 0.71835 0.4842
vt 0.71764 0.4844
vt 0.71768 0.48437
vt 0.71784 0.4838
vt 0.71786 0.48385
vt 0.71805 0.48442
vt 0.71799 0.48442
vt 0.71811 0.48439
vt 0.71816 0.48436
vt 0.7182 0.48431
vt 0.71822 0.48425
vt 0.71823 0.48419
vt 0.71823 0.48413
vt 0.71821 0.48407
vt 0.71818 0.48402
vt 0.71813 0.48398
vt 0.71796 0.48394
vt 0.7179 0.48395
vt 0.71784 0.48398
vt 0.7178 0.48402
vt 0.71776 0.48407
vt 0.71775 0.48413
vt 0.71774 0.48419
vt 0.71775 0.48425
vt 0.71778 0.48431
vt 0.71782 0.48436
vt 0.71787 0.48439
vt 0.71793 0.48442
vt 0.71813 0.48423
vt 0.71811 0.48426
vt 0.71784 0.48423
vt 0.71784 0.48419
vt 0.71797 0.48403
vt 0.71814 0.48419
vt 0.71786 0.48426
vt 0.71793 0.48404
vt 0.71814 0.48415
vt 0.71789 0.48429
vt 0.7179 0.48406
vt 0.71812 0.48412
vt 0.71792 0.48431
vt 0.71803 0.48432
vt 0.71799 0.48433
vt 0.71787 0.48408
vt 0.7181 0.48408
vt 0.71795 0.48432
vt 0.71806 0.48431
vt 0.71785 0.48412
vt 0.71808 0.48406
vt 0.71809 0.48429
vt 0.71784 0.48415
vt 0.71796 0.48411
vt 0.71798 0.4841
vt 0.7164 0.4841
vt 0.7164 0.48411
vt 0.71801 0.48425
vt 0.71799 0.48425
vt 0.71802 0.48425
vt 0.71804 0.48423
vt 0.71805 0.48422
vt 0.71806 0.4842
vt 0.71806 0.48418
vt 0.71806 0.48417
vt 0.71806 0.48415
vt 0.71805 0.48413
vt 0.71803 0.48412
vt 0.71802 0.48411
vt 0.718 0.4841
vt 0.71794 0.48412
vt 0.71793 0.48413
vt 0.71792 0.48415
vt 0.71791 0.48417
vt 0.71791 0.48418
vt 0.71792 0.4842
vt 0.71792 0.48422
vt 0.71794 0.48423
vt 0.71795 0.48425
vt 0.71797 0.48425
vt 0.71643 0.48437
vt 0.71645 0.48437
vt 0.71645 0.48454
vt 0.71643 0.48454
vt 0.7164 0.4842
vt 0.7164 0.48422
vt 0.71801 0.48437
vt 0.71802 0.48437
vt 0.7164 0.48423
vt 0.71805 0.48437
vt 0.71803 0.48437
vt 0.71797 0.48437
vt 0.71799 0.48437
vt 0.71804 0.48437
vt 0.71804 0.48454
vt 0.7164 0.48418
vt 0.71802 0.48437
vt 0.71634 0.48437
vt 0.71636 0.48437
vt 0.71636 0.48454
vt 0.71634 0.48454
vt 0.7164 0.48412
vt 0.718 0.48437
vt 0.718 0.48454
vt 0.71637 0.48437
vt 0.71637 0.48454
vt 0.71798 0.48437
vt 0.71639 0.48437
vt 0.71639 0.48454
vt 0.7164 0.48417
vt 0.7164 0.48413
vt 0.71641 0.48437
vt 0.71641 0.48454
vt 0.7164 0.48415
vt 0.7164 0.48425
vt 0.71795 0.48437
vt 0.71794 0.48437
vt 0.71641 0.48407
vt 0.71643 0.48407
vt 0.71796 0.48407
vt 0.71794 0.48437
vt 0.71796 0.48437
vt 0.71636 0.48407
vt 0.71634 0.48407
vt 0.71639 0.48407
vt 0.71637 0.48407
vt 0.718 0.48407
vt 0.71804 0.48407
vt 0.71645 0.48407
vt 0.71793 0.48407
vt 0.71793 0.48437
vt 0.71646 0.48437
vt 0.71646 0.48454
vt 0.71633 0.48437
vt 0.71632 0.48437
vt 0.71632 0.48454
vt 0.71633 0.48454
vt 0.71647 0.48437
vt 0.71647 0.48437
vt 0.71647 0.48454
vt 0.71647 0.48454
vt 0.7164 0.48437
vt 0.7164 0.48425
vt 0.71472 0.48395
vt 0.71475 0.48404
vt 0.71479 0.48403
vt 0.71478 0.48394
vt 0.7144 0.4841
vt 0.71445 0.48411
vt 0.71448 0.48403
vt 0.71443 0.484
vt 0.71509 0.48448
vt 0.71505 0.48444
vt 0.71498 0.48449
vt 0.71501 0.48454
vt 0.71481 0.48459
vt 0.71481 0.48454
vt 0.71472 0.48453
vt 0.7147 0.48458
vt 0.71505 0.48385
vt 0.71502 0.48389
vt 0.71508 0.48395
vt 0.71513 0.48392
vt 0.71453 0.48395
vt 0.71449 0.48392
vt 0.7149 0.48453
vt 0.71491 0.48458
vt 0.71463 0.48449
vt 0.71461 0.48454
vt 0.71513 0.48403
vt 0.71518 0.484
vt 0.7146 0.48389
vt 0.71456 0.48385
vt 0.71456 0.48444
vt 0.71452 0.48448
vt 0.71516 0.48411
vt 0.71521 0.4841
vt 0.71468 0.48385
vt 0.71465 0.4838
vt 0.7145 0.48437
vt 0.71446 0.4844
vt 0.71517 0.4842
vt 0.71522 0.48421
vt 0.71476 0.48382
vt 0.71476 0.48377
vt 0.71447 0.48429
vt 0.71441 0.48431
vt 0.71515 0.48429
vt 0.7152 0.48431
vt 0.71485 0.48382
vt 0.71486 0.48377
vt 0.71445 0.4842
vt 0.71439 0.48421
vt 0.71511 0.48437
vt 0.71516 0.4844
vt 0.71494 0.48385
vt 0.71496 0.4838
vt 0.71475 0.48442
vt 0.71481 0.48442
vt 0.71469 0.48439
vt 0.71464 0.48436
vt 0.7146 0.48431
vt 0.71457 0.48425
vt 0.71456 0.48419
vt 0.71457 0.48413
vt 0.71458 0.48407
vt 0.71462 0.48402
vt 0.71466 0.48398
vt 0.71484 0.48394
vt 0.7149 0.48395
vt 0.71495 0.48398
vt 0.715 0.48402
vt 0.71503 0.48407
vt 0.71505 0.48413
vt 0.71505 0.48419
vt 0.71504 0.48425
vt 0.71502 0.48431
vt 0.71498 0.48436
vt 0.71493 0.48439
vt 0.71487 0.48442
vt 0.71468 0.48426
vt 0.71466 0.48423
vt 0.71496 0.48419
vt 0.71495 0.48423
vt 0.71483 0.48403
vt 0.71466 0.48419
vt 0.71493 0.48426
vt 0.71486 0.48404
vt 0.71466 0.48415
vt 0.71491 0.48429
vt 0.7149 0.48406
vt 0.71467 0.48412
vt 0.71488 0.48431
vt 0.71481 0.48433
vt 0.71477 0.48432
vt 0.71492 0.48408
vt 0.71469 0.48408
vt 0.71484 0.48432
vt 0.71474 0.48431
vt 0.71494 0.48412
vt 0.71472 0.48406
vt 0.7147 0.48429
vt 0.71495 0.48415
vt 0.71484 0.48411
vt 0.71482 0.4841
vt 0.71479 0.48425
vt 0.71481 0.48425
vt 0.71477 0.48425
vt 0.71476 0.48423
vt 0.71474 0.48422
vt 0.71474 0.4842
vt 0.71473 0.48418
vt 0.71473 0.48417
vt 0.71474 0.48415
vt 0.71475 0.48413
vt 0.71476 0.48412
vt 0.71478 0.48411
vt 0.7148 0.4841
vt 0.71485 0.48412
vt 0.71487 0.48413
vt 0.71488 0.48415
vt 0.71488 0.48417
vt 0.71488 0.48418
vt 0.71488 0.4842
vt 0.71487 0.48422
vt 0.71486 0.48423
vt 0.71484 0.48425
vt 0.71483 0.48425
vt 0.71479 0.48437
vt 0.71477 0.48437
vt 0.71475 0.48437
vt 0.71476 0.48437
vt 0.71483 0.48437
vt 0.71481 0.48437
vt 0.71476 0.48437
vt 0.71478 0.48437
vt 0.7148 0.48437
vt 0.71482 0.48437
vt 0.71486 0.48437
vt 0.71484 0.48437
vt 0.71484 0.48437
vt 0.71485 0.48437
vt 0.71487 0.48437
vt 0.71808 0.47882
vt 0.71802 0.4788
vt 0.71801 0.47889
vt 0.71804 0.4789
vt 0.7184 0.47897
vt 0.71836 0.47887
vt 0.71831 0.47889
vt 0.71834 0.47898
vt 0.7177 0.47934
vt 0.71779 0.47941
vt 0.71781 0.47936
vt 0.71774 0.4793
vt 0.71799 0.47946
vt 0.71809 0.47944
vt 0.71808 0.47939
vt 0.71799 0.4794
vt 0.71774 0.47871
vt 0.71767 0.47878
vt 0.71771 0.47882
vt 0.71778 0.47875
vt 0.71831 0.47878
vt 0.71826 0.47882
vt 0.71788 0.47944
vt 0.7179 0.47939
vt 0.71819 0.47941
vt 0.71816 0.47936
vt 0.71761 0.47887
vt 0.71766 0.47889
vt 0.71823 0.47871
vt 0.7182 0.47875
vt 0.71827 0.47934
vt 0.71823 0.4793
vt 0.71758 0.47897
vt 0.71763 0.47898
vt 0.71814 0.47866
vt 0.71812 0.47871
vt 0.71834 0.47926
vt 0.71829 0.47923
vt 0.71757 0.47907
vt 0.71763 0.47907
vt 0.71804 0.47863
vt 0.71803 0.47869
vt 0.71838 0.47917
vt 0.71833 0.47915
vt 0.71759 0.47917
vt 0.71765 0.47915
vt 0.71794 0.47863
vt 0.71794 0.47869
vt 0.7184 0.47907
vt 0.71835 0.47907
vt 0.71764 0.47926
vt 0.71768 0.47923
vt 0.71784 0.47866
vt 0.71786 0.47871
vt 0.71805 0.47928
vt 0.71799 0.47929
vt 0.71811 0.47926
vt 0.71816 0.47922
vt 0.7182 0.47917
vt 0.71822 0.47912
vt 0.71823 0.47906
vt 0.71823 0.479
vt 0.71821 0.47894
vt 0.71818 0.47889
vt 0.71813 0.47884
vt 0.71796 0.4788
vt 0.7179 0.47882
vt 0.71784 0.47884
vt 0.7178 0.47889
vt 0.71776 0.47894
vt 0.71775 0.479
vt 0.71774 0.47906
vt 0.71775 0.47912
vt 0.71778 0.47917
vt 0.71782 0.47922
vt 0.71787 0.47926
vt 0.71793 0.47928
vt 0.71813 0.47909
vt 0.71811 0.47912
vt 0.71784 0.47909
vt 0.71784 0.47905
vt 0.71797 0.47889
vt 0.71814 0.47905
vt 0.71786 0.47912
vt 0.71793 0.4789
vt 0.71814 0.47902
vt 0.71789 0.47915
vt 0.7179 0.47892
vt 0.71812 0.47898
vt 0.71792 0.47917
vt 0.71803 0.47919
vt 0.71799 0.47919
vt 0.71787 0.47895
vt 0.7181 0.47895
vt 0.71795 0.47919
vt 0.71806 0.47917
vt 0.71785 0.47898
vt 0.71808 0.47892
vt 0.71809 0.47915
vt 0.71784 0.47902
vt 0.71796 0.47897
vt 0.71798 0.47897
vt 0.7164 0.47897
vt 0.7164 0.47897
vt 0.71801 0.47912
vt 0.71799 0.47912
vt 0.71802 0.47911
vt 0.71804 0.4791
vt 0.71805 0.47908
vt 0.71806 0.47907
vt 0.71806 0.47905
vt 0.71806 0.47903
vt 0.71806 0.47901
vt 0.71805 0.479
vt 0.71803 0.47898
vt 0.71802 0.47897
vt 0.718 0.47897
vt 0.71794 0.47898
vt 0.71793 0.479
vt 0.71792 0.47901
vt 0.71791 0.47903
vt 0.71791 0.47905
vt 0.71792 0.47907
vt 0.71792 0.47908
vt 0.71794 0.4791
vt 0.71795 0.47911
vt 0.71797 0.47912
vt 0.72159 0.48437
vt 0.7216 0.48437
vt 0.7216 0.48454
vt 0.72159 0.48454
vt 0.7164 0.47907
vt 0.7164 0.47908
vt 0.7164 0.4791
vt 0.7164 0.47905
vt 0.7215 0.48437
vt 0.72151 0.48437
vt 0.72151 0.48454
vt 0.7215 0.48454
vt 0.7164 0.47898
vt 0.72153 0.48437
vt 0.72153 0.48454
vt 0.72155 0.48437
vt 0.72155 0.48454
vt 0.7164 0.47903
vt 0.7164 0.479
vt 0.72157 0.48437
vt 0.72157 0.48454
vt 0.7164 0.47901
vt 0.7164 0.47911
vt 0.72157 0.48407
vt 0.72159 0.48407
vt 0.72151 0.48407
vt 0.7215 0.48407
vt 0.72155 0.48407
vt 0.72153 0.48407
vt 0.7216 0.48407
vt 0.72162 0.48437
vt 0.72162 0.48454
vt 0.72149 0.48437
vt 0.72148 0.48437
vt 0.72148 0.48454
vt 0.72149 0.48454
vt 0.72163 0.48437
vt 0.72162 0.48437
vt 0.72162 0.48454
vt 0.72163 0.48454
vt 0.7164 0.47912
vt 0.71472 0.47882
vt 0.71475 0.4789
vt 0.71479 0.47889
vt 0.71478 0.4788
vt 0.7144 0.47897
vt 0.71445 0.47898
vt 0.71448 0.47889
vt 0.71443 0.47887
vt 0.71509 0.47934
vt 0.71505 0.4793
vt 0.71498 0.47936
vt 0.71501 0.47941
vt 0.71481 0.47946
vt 0.71481 0.4794
vt 0.71472 0.47939
vt 0.7147 0.47944
vt 0.71505 0.47871
vt 0.71502 0.47875
vt 0.71508 0.47882
vt 0.71513 0.47878
vt 0.71453 0.47882
vt 0.71449 0.47878
vt 0.7149 0.47939
vt 0.71491 0.47944
vt 0.71463 0.47936
vt 0.71461 0.47941
vt 0.71513 0.47889
vt 0.71518 0.47887
vt 0.7146 0.47875
vt 0.71456 0.47871
vt 0.71456 0.4793
vt 0.71452 0.47934
vt 0.71516 0.47898
vt 0.71521 0.47897
vt 0.71468 0.47871
vt 0.71465 0.47866
vt 0.7145 0.47923
vt 0.71446 0.47926
vt 0.71517 0.47907
vt 0.71522 0.47907
vt 0.71476 0.47869
vt 0.71476 0.47863
vt 0.71447 0.47915
vt 0.71441 0.47917
vt 0.71515 0.47915
vt 0.7152 0.47917
vt 0.71485 0.47869
vt 0.71486 0.47863
vt 0.71445 0.47907
vt 0.71439 0.47907
vt 0.71511 0.47923
vt 0.71516 0.47926
vt 0.71494 0.47871
vt 0.71496 0.47866
vt 0.71475 0.47928
vt 0.71481 0.47929
vt 0.71469 0.47926
vt 0.71464 0.47922
vt 0.7146 0.47917
vt 0.71457 0.47912
vt 0.71456 0.47906
vt 0.71457 0.479
vt 0.71458 0.47894
vt 0.71462 0.47889
vt 0.71466 0.47884
vt 0.71484 0.4788
vt 0.7149 0.47882
vt 0.71495 0.47884
vt 0.715 0.47889
vt 0.71503 0.47894
vt 0.71505 0.479
vt 0.71505 0.47906
vt 0.71504 0.47912
vt 0.71502 0.47917
vt 0.71498 0.47922
vt 0.71493 0.47926
vt 0.71487 0.47928
vt 0.71468 0.47912
vt 0.71466 0.47909
vt 0.71496 0.47905
vt 0.71495 0.47909
vt 0.71483 0.47889
vt 0.71466 0.47905
vt 0.71493 0.47912
vt 0.71486 0.4789
vt 0.71466 0.47902
vt 0.71491 0.47915
vt 0.7149 0.47892
vt 0.71467 0.47898
vt 0.71488 0.47917
vt 0.71481 0.47919
vt 0.71477 0.47919
vt 0.71492 0.47895
vt 0.71469 0.47895
vt 0.71484 0.47919
vt 0.71474 0.47917
vt 0.71494 0.47898
vt 0.71472 0.47892
vt 0.7147 0.47915
vt 0.71495 0.47902
vt 0.71484 0.47897
vt 0.71482 0.47897
vt 0.71479 0.47912
vt 0.71481 0.47912
vt 0.71477 0.47911
vt 0.71476 0.4791
vt 0.71474 0.47908
vt 0.71474 0.47907
vt 0.71473 0.47905
vt 0.71473 0.47903
vt 0.71474 0.47901
vt 0.71475 0.479
vt 0.71476 0.47898
vt 0.71478 0.47897
vt 0.7148 0.47897
vt 0.71485 0.47898
vt 0.71487 0.479
vt 0.71488 0.47901
vt 0.71488 0.47903
vt 0.71488 0.47905
vt 0.71488 0.47907
vt 0.71487 0.47908
vt 0.71486 0.4791
vt 0.71484 0.47911
vt 0.71483 0.47912
usemtl mat0
f 1/1/1 2/2/1 3/3/1
f 1/1/1 3/3/1 4/4/1
f 5/5/2 6/6/2 7/7/2
f 5/5/2 7/7/2 8/8/2
f 9/9/3 10/10/3 11/11/3
f 9/9/3 11/11/3 12/12/3
f 13/13/4 14/14/4 15/15/4
f 13/13/5 15/15/5 16/16/5
f 17/17/6 18/18/6 19/19/6
f 17/17/6 19/19/6 20/20/6
f 6/6/7 21/21/7 22/22/7
f 6/6/7 22/22/7 7/7/7
f 10/10/8 23/23/8 24/24/8
f 10/10/8 24/24/8 11/11/8
f 14/14/9 25/25/9 26/26/9
f 14/14/9 26/26/9 15/15/9
f 18/18/10 27/27/10 28/28/10
f 18/18/10 28/28/10 19/19/10
f 21/21/11 29/29/11 30/30/11
f 21/21/11 30/30/11 22/22/11
f 23/23/12 13/13/12 16/16/12
f 23/23/12 16/16/12 24/24/12
f 25/25/13 31/31/13 32/32/13
f 25/25/13 32/32/13 26/26/13
f 27/27/14 33/33/14 34/34/14
f 27/27/14 34/34/14 28/28/14
f 29/29/15 35/35/15 36/36/15
f 29/29/16 36/36/16 30/30/16
f 31/31/17 37/37/17 38/38/17
f 31/31/17 38/38/17 32/32/17
f 33/33/18 39/39/18 40/40/18
f 33/33/18 40/40/18 34/34/18
f 35/35/19 41/41/19 42/42/19
f 35/35/19 42/42/19 36/36/19
f 37/37/20 43/43/20 44/44/20
f 37/37/20 44/44/20 38/38/20
f 39/39/21 45/45/21 46/46/21
f 39/39/21 46/46/21 40/40/21
f 41/41/22 47/47/22 48/48/22
f 41/41/22 48/48/22 42/42/22
f 43/43/23 49/49/23 50/50/23
f 43/43/23 50/50/23 44/44/23
f 45/45/24 51/51/24 52/52/24
f 45/45/24 52/52/24 46/46/24
f 47/47/25 53/53/25 54/54/25
f 47/47/25 54/54/25 48/48/25
f 49/49/26 5/5/26 8/8/26
f 49/49/26 8/8/26 50/50/26
f 51/51/27 9/9/27 12/12/27
f 51/51/27 12/12/27 52/52/27
f 53/53/28 17/17/28 20/20/28
f 53/53/28 20/20/28 54/54/28
f 55/55/29 56/56/29 16/16/29
f 55/55/29 16/16/29 15/15/29
f 57/57/29 55/55/29 15/15/29
f 57/57/29 15/15/29 26/26/29
f 58/58/29 57/57/29 26/26/29
f 58/58/29 26/26/29 32/32/29
f 59/59/29 58/58/29 32/32/29
f 59/59/29 32/32/29 38/38/29
f 60/60/29 59/59/29 38/38/29
f 60/60/29 38/38/29 44/44/29
f 61/61/29 60/60/29 44/44/29
f 61/61/29 44/44/29 50/50/29
f 62/62/29 61/61/29 50/50/29
f 62/62/29 50/50/29 8/8/29
f 63/63/29 62/62/29 8/8/29
f 63/63/29 8/8/29 7/7/29
f 64/64/29 63/63/29 7/7/29
f 64/64/29 7/7/29 22/22/29
f 65/65/29 64/64/29 22/22/29
f 65/65/29 22/22/29 30/30/29
f 1/1/29 65/65/29 30/30/29
f 1/1/29 30/30/29 36/36/29
f 2/2/29 1/1/29 36/36/29
f 2/2/29 36/36/29 42/42/29
f 66/66/29 2/2/29 42/42/29
f 66/66/29 42/42/29 48/48/29
f 67/67/29 66/66/29 48/48/29
f 67/67/29 48/48/29 54/54/29
f 68/68/29 67/67/29 54/54/29
f 68/68/29 54/54/29 20/20/29
f 69/69/29 68/68/29 20/20/29
f 69/69/29 20/20/29 19/19/29
f 70/70/29 69/69/29 19/19/29
f 70/70/29 19/19/29 28/28/29
f 71/71/29 70/70/29 28/28/29
f 71/71/29 28/28/29 34/34/29
f 72/72/29 71/71/29 34/34/29
f 72/72/29 34/34/29 40/40/29
f 73/73/29 72/72/29 40/40/29
f 73/73/29 40/40/29 46/46/29
f 74/74/29 73/73/29 46/46/29
f 74/74/29 46/46/29 52/52/29
f 75/75/29 74/74/29 52/52/29
f 75/75/29 52/52/29 12/12/29
f 76/76/29 75/75/29 12/12/29
f 76/76/29 12/12/29 11/11/29
f 77/77/29 76/76/29 11/11/29
f 77/77/29 11/11/29 24/24/29
f 56/56/29 77/77/29 24/24/29
f 56/56/29 24/24/29 16/16/29
f 59/59/30 60/60/30 78/78/30
f 59/59/30 78/78/30 79/79/30
f 72/72/31 73/73/31 80/80/31
f 72/72/31 80/80/31 81/81/31
f 2/2/32 66/66/32 82/82/32
f 2/2/32 82/82/32 3/3/32
f 60/60/33 61/61/33 83/83/33
f 60/60/33 83/83/33 78/78/33
f 73/73/34 74/74/34 84/84/34
f 73/73/34 84/84/34 80/80/34
f 66/66/35 67/67/35 85/85/35
f 66/66/35 85/85/35 82/82/35
f 61/61/36 62/62/36 86/86/36
f 61/61/36 86/86/36 83/83/36
f 74/74/37 75/75/37 87/87/37
f 74/74/37 87/87/37 84/84/37
f 67/67/38 68/68/38 88/88/38
f 67/67/38 88/88/38 85/85/38
f 62/62/39 63/63/39 89/89/39
f 62/62/39 89/89/39 86/86/39
f 75/75/40 76/76/40 90/90/40
f 75/75/40 90/90/40 87/87/40
f 56/56/41 55/55/41 91/91/41
f 56/56/41 91/91/41 92/92/41
f 68/68/42 69/69/42 93/93/42
f 68/68/42 93/93/42 88/88/42
f 63/63/43 64/64/43 94/94/43
f 63/63/43 94/94/43 89/89/43
f 76/76/44 77/77/44 95/95/44
f 76/76/44 95/95/44 90/90/44
f 55/55/45 57/57/45 96/96/45
f 55/55/45 96/96/45 91/91/45
f 69/69/46 70/70/46 97/97/46
f 69/69/46 97/97/46 93/93/46
f 64/64/47 65/65/47 98/98/47
f 64/64/47 98/98/47 94/94/47
f 77/77/48 56/56/48 92/92/48
f 77/77/48 92/92/48 95/95/48
f 57/57/49 58/58/49 99/99/49
f 57/57/50 99/99/50 96/96/50
f 70/70/51 71/71/51 100/100/51
f 70/70/51 100/100/51 97/97/51
f 65/65/52 1/1/52 4/4/52
f 65/65/52 4/4/52 98/98/52
f 58/58/53 59/59/53 79/79/53
f 58/58/53 79/79/53 99/99/53
f 71/71/54 72/72/54 81/81/54
f 71/71/54 81/81/54 100/100/54
f 101/101/29 102/102/29 103/103/29
f 101/101/29 103/103/29 104/104/29
f 105/105/29 106/106/29 92/92/29
f 105/105/29 92/92/29 91/91/29
f 107/107/29 105/105/29 91/91/29
f 107/107/29 91/91/29 96/96/29
f 108/108/29 107/107/29 96/96/29
f 108/108/29 96/96/29 99/99/29
f 109/109/29 108/108/29 99/99/29
f 109/109/29 99/99/29 79/79/29
f 110/110/29 109/109/29 79/79/29
f 110/110/29 79/79/29 78/78/29
f 111/111/29 110/110/29 78/78/29
f 111/111/29 78/78/29 83/83/29
f 112/112/29 111/111/29 83/83/29
f 112/112/29 83/83/29 86/86/29
f 113/113/29 112/112/29 86/86/29
f 113/113/29 86/86/29 89/89/29
f 114/114/29 113/113/29 89/89/29
f 114/114/29 89/89/29 94/94/29
f 115/115/29 114/114/29 94/94/29
f 115/115/29 94/94/29 98/98/29
f 116/116/29 115/115/29 98/98/29
f 116/116/29 98/98/29 4/4/29
f 117/117/29 116/116/29 4/4/29
f 117/117/29 4/4/29 3/3/29
f 118/102/29 117/117/29 3/3/29
f 118/102/29 3/3/29 82/82/29
f 119/101/29 118/102/29 82/82/29
f 119/101/29 82/82/29 85/85/29
f 120/118/29 119/101/29 85/85/29
f 120/118/29 85/85/29 88/88/29
f 121/119/29 120/118/29 88/88/29
f 121/119/29 88/88/29 93/93/29
f 122/120/29 121/119/29 93/93/29
f 122/120/29 93/93/29 97/97/29
f 123/121/29 122/120/29 97/97/29
f 123/121/29 97/97/29 100/100/29
f 124/122/29 123/121/29 100/100/29
f 124/122/29 100/100/29 81/81/29
f 125/123/29 124/122/29 81/81/29
f 125/123/29 81/81/29 80/80/29
f 126/124/29 125/123/29 80/80/29
f 126/124/29 80/80/29 84/84/29
f 127/125/29 126/124/29 84/84/29
f 127/125/29 84/84/29 87/87/29
f 128/126/29 127/125/29 87/87/29
f 128/126/29 87/87/29 90/90/29
f 129/127/29 128/126/29 90/90/29
f 129/127/29 90/90/29 95/95/29
f 106/106/29 129/127/29 95/95/29
f 106/106/29 95/95/29 92/92/29
f 130/128/55 131/129/55 132/130/55
f 130/128/55 132/130/55 133/131/55
f 134/124/29 135/123/29 136/132/29
f 134/124/29 136/132/29 137/133/29
f 138/134/56 139/135/56 140/136/56
f 138/134/56 140/136/56 141/137/56
f 142/124/57 143/125/57 144/138/57
f 142/124/57 144/138/57 145/133/57
f 146/139/58 147/140/58 148/141/58
f 146/139/58 148/141/58 149/142/58
f 150/143/59 151/144/59 152/145/59
f 150/143/59 152/145/59 153/146/59
f 139/135/60 154/147/60 155/148/60
f 139/135/60 155/148/60 140/136/60
f 135/123/29 156/122/29 157/149/29
f 135/123/29 157/149/29 136/132/29
f 147/140/61 158/150/61 159/151/61
f 147/140/61 159/151/61 148/141/61
f 160/152/62 161/153/62 162/154/62
f 160/152/62 162/154/62 163/155/62
f 164/101/57 165/118/57 166/156/57
f 164/101/57 166/156/57 167/104/57
f 158/150/63 168/157/63 169/158/63
f 158/150/63 169/158/63 159/151/63
f 161/153/64 170/159/64 171/160/64
f 161/153/64 171/160/64 162/154/64
f 172/122/57 173/123/57 174/132/57
f 172/122/57 174/132/57 175/149/57
f 168/157/65 176/161/65 177/162/65
f 168/157/65 177/162/65 169/158/65
f 170/159/66 178/163/66 179/164/66
f 170/159/66 179/164/66 171/160/66
f 156/122/29 180/121/29 181/165/29
f 156/122/29 181/165/29 157/149/29
f 165/118/57 182/119/57 183/166/57
f 165/118/57 183/166/57 166/156/57
f 178/163/67 184/167/67 185/168/67
f 178/163/67 185/168/67 179/164/67
f 180/121/29 186/120/29 187/169/29
f 180/121/29 187/169/29 181/165/29
f 188/120/57 189/121/57 190/165/57
f 188/120/57 190/165/57 191/169/57
f 184/167/68 130/128/68 133/131/68
f 184/167/68 133/131/68 185/168/68
f 143/125/57 192/126/57 193/170/57
f 143/125/57 193/170/57 144/138/57
f 151/144/69 138/134/69 141/137/69
f 151/144/69 141/137/69 152/145/69
f 194/171/69 195/172/69 138/134/69
f 194/171/69 138/134/69 151/144/69
f 196/173/70 197/174/70 198/175/70
f 196/173/70 198/175/70 199/176/70
f 200/177/68 201/178/68 130/128/68
f 200/177/68 130/128/68 184/167/68
f 202/179/71 203/180/71 204/181/71
f 202/179/71 204/181/71 205/182/71
f 206/183/72 207/184/72 208/152/72
f 206/183/72 208/152/72 209/153/72
f 210/185/67 200/177/67 184/167/67
f 210/185/67 184/167/67 178/163/67
f 211/186/73 202/179/73 205/182/73
f 211/186/73 205/182/73 176/161/73
f 212/187/74 206/183/74 209/153/74
f 212/187/74 209/153/74 213/159/74
f 214/187/66 210/185/66 178/163/66
f 214/187/66 178/163/66 170/159/66
f 215/188/65 211/186/65 176/161/65
f 215/188/65 176/161/65 168/157/65
f 216/185/75 212/187/75 213/159/75
f 216/185/75 213/159/75 217/163/75
f 218/183/64 214/187/64 170/159/64
f 218/183/64 170/159/64 161/153/64
f 219/189/63 215/188/63 168/157/63
f 219/189/63 168/157/63 158/150/63
f 220/177/76 216/185/76 217/163/76
f 220/177/76 217/163/76 221/167/76
f 222/184/62 218/183/62 161/153/62
f 222/184/62 161/153/62 160/152/62
f 223/190/61 219/189/61 158/150/61
f 223/190/61 158/150/61 147/140/61
f 224/178/77 220/177/77 221/167/77
f 224/178/77 221/167/77 225/128/77
f 226/191/60 227/192/60 154/147/60
f 226/191/60 154/147/60 139/135/60
f 228/193/59 194/171/59 151/144/59
f 228/193/59 151/144/59 150/143/59
f 229/194/58 223/190/58 147/140/58
f 229/194/58 147/140/58 146/139/58
f 230/195/78 224/178/78 225/128/78
f 230/195/78 225/128/78 231/129/78
f 195/172/56 226/191/56 139/135/56
f 195/172/56 139/135/56 138/134/56
f 197/174/79 228/193/79 150/143/79
f 197/174/79 150/143/79 198/175/79
f 201/178/55 232/195/55 131/129/55
f 201/178/55 131/129/55 130/128/55
f 203/180/80 233/196/80 234/197/80
f 203/180/80 234/197/80 204/181/80
f 235/198/81 236/129/81 237/130/81
f 235/198/81 237/130/81 238/199/81
f 239/200/81 240/201/81 241/202/81
f 239/200/81 241/202/81 242/203/81
f 236/129/81 243/128/81 244/131/81
f 236/129/81 244/131/81 237/130/81
f 243/128/81 245/167/81 246/168/81
f 243/128/81 246/168/81 244/131/81
f 245/167/81 247/163/81 248/164/81
f 245/167/81 248/164/81 246/168/81
f 247/163/81 249/159/81 250/160/81
f 247/163/81 250/160/81 248/164/81
f 249/159/81 251/153/81 252/154/81
f 249/159/81 252/154/81 250/160/81
f 253/204/81 254/205/81 255/206/81
f 253/204/81 255/206/81 256/207/81
f 251/153/81 257/152/81 258/155/81
f 251/153/81 258/155/81 252/154/81
f 254/205/81 235/198/81 238/199/81
f 254/205/81 238/199/81 255/206/81
f 257/152/81 239/200/81 242/203/81
f 257/152/81 242/203/81 258/155/81
f 182/119/57 188/120/57 191/169/57
f 182/119/57 191/169/57 183/166/57
f 259/125/29 134/124/29 137/133/29
f 259/125/29 137/133/29 260/138/29
f 189/121/57 172/122/57 175/149/57
f 189/121/57 175/149/57 190/165/57
f 261/118/29 101/101/29 104/104/29
f 261/118/29 104/104/29 262/156/29
f 150/143/82 153/146/82 263/208/82
f 150/143/82 263/208/82 264/209/82
f 265/102/57 164/101/57 167/104/57
f 265/102/57 167/104/57 266/103/57
f 177/162/65 176/161/65 267/209/65
f 177/162/65 267/209/65 268/208/65
f 269/126/29 259/125/29 260/138/29
f 269/126/29 260/138/29 270/170/29
f 271/119/29 261/118/29 262/156/29
f 271/119/29 262/156/29 272/166/29
f 173/123/57 142/124/57 145/133/57
f 173/123/57 145/133/57 174/132/57
f 192/126/57 273/127/57 274/210/57
f 192/126/57 274/210/57 193/170/57
f 275/127/29 269/126/29 270/170/29
f 275/127/29 270/170/29 276/210/29
f 186/120/29 271/119/29 272/166/29
f 186/120/29 272/166/29 187/169/29
f 277/211/35 278/212/35 279/213/35
f 277/211/35 279/213/35 280/214/35
f 281/215/83 282/216/83 283/217/83
f 281/215/83 283/217/83 284/218/83
f 285/219/13 286/220/13 287/221/13
f 285/219/13 287/221/13 288/222/13
f 289/223/12 290/224/12 291/225/12
f 289/223/12 291/225/12 292/226/12
f 293/227/11 294/228/11 295/229/11
f 293/227/11 295/229/11 296/230/11
f 284/218/10 283/217/10 297/231/10
f 284/218/10 297/231/10 298/232/10
f 288/222/9 287/221/9 299/233/9
f 288/222/9 299/233/9 300/234/9
f 292/226/8 291/225/8 301/235/8
f 292/226/8 301/235/8 302/236/8
f 296/230/7 295/229/7 303/237/7
f 296/230/7 303/237/7 304/238/7
f 298/232/6 297/231/6 305/239/6
f 298/232/6 305/239/6 306/240/6
f 300/234/4 299/233/4 290/224/4
f 300/234/4 290/224/4 289/223/4
f 302/236/3 301/235/3 307/241/3
f 302/236/3 307/241/3 308/242/3
f 304/238/84 303/237/84 309/243/84
f 304/238/84 309/243/84 310/244/84
f 306/240/85 305/239/85 311/245/85
f 306/240/28 311/245/28 312/246/28
f 308/242/27 307/241/27 313/247/27
f 308/242/27 313/247/27 314/248/27
f 310/244/26 309/243/26 315/249/26
f 310/244/26 315/249/26 316/250/26
f 312/246/25 311/245/25 317/251/25
f 312/246/25 317/251/25 318/252/25
f 314/248/24 313/247/24 319/253/24
f 314/248/24 319/253/24 320/254/24
f 316/250/23 315/249/23 321/255/23
f 316/250/23 321/255/23 322/256/23
f 318/252/22 317/251/22 323/257/22
f 318/252/22 323/257/22 324/258/22
f 320/254/21 319/253/21 325/259/21
f 320/254/21 325/259/21 326/260/21
f 322/256/20 321/255/20 327/261/20
f 322/256/20 327/261/20 328/262/20
f 324/258/19 323/257/19 329/263/19
f 324/258/19 329/263/19 330/264/19
f 326/260/18 325/259/18 282/216/18
f 326/260/18 282/216/18 281/215/18
f 328/262/17 327/261/17 286/220/17
f 328/262/17 286/220/17 285/219/17
f 330/264/15 329/263/15 294/228/15
f 330/264/15 294/228/15 293/227/15
f 331/265/29 291/225/29 290/224/29
f 331/265/29 290/224/29 332/266/29
f 333/267/29 301/235/29 291/225/29
f 333/267/29 291/225/29 331/265/29
f 334/268/29 307/241/29 301/235/29
f 334/268/29 301/235/29 333/267/29
f 335/269/29 313/247/29 307/241/29
f 335/269/29 307/241/29 334/268/29
f 336/270/29 319/253/29 313/247/29
f 336/270/29 313/247/29 335/269/29
f 337/271/29 325/259/29 319/253/29
f 337/271/29 319/253/29 336/270/29
f 338/272/29 282/216/29 325/259/29
f 338/272/29 325/259/29 337/271/29
f 339/273/29 283/217/29 282/216/29
f 339/273/29 282/216/29 338/272/29
f 340/274/29 297/231/29 283/217/29
f 340/274/29 283/217/29 339/273/29
f 341/275/29 305/239/29 297/231/29
f 341/275/29 297/231/29 340/274/29
f 277/211/29 311/245/29 305/239/29
f 277/211/29 305/239/29 341/275/29
f 280/214/29 317/251/29 311/245/29
f 280/214/29 311/245/29 277/211/29
f 342/276/29 323/257/29 317/251/29
f 342/276/29 317/251/29 280/214/29
f 343/277/29 329/263/29 323/257/29
f 343/277/29 323/257/29 342/276/29
f 344/278/29 294/228/29 329/263/29
f 344/278/29 329/263/29 343/277/29
f 345/279/29 295/229/29 294/228/29
f 345/279/29 294/228/29 344/278/29
f 346/280/29 303/237/29 295/229/29
f 346/280/29 295/229/29 345/279/29
f 347/281/29 309/243/29 303/237/29
f 347/281/29 303/237/29 346/280/29
f 348/282/29 315/249/29 309/243/29
f 348/282/29 309/243/29 347/281/29
f 349/283/29 321/255/29 315/249/29
f 349/283/29 315/249/29 348/282/29
f 350/284/29 327/261/29 321/255/29
f 350/284/29 321/255/29 349/283/29
f 351/285/29 286/220/29 327/261/29
f 351/285/29 327/261/29 350/284/29
f 352/286/29 287/221/29 286/220/29
f 352/286/29 286/220/29 351/285/29
f 353/287/29 299/233/29 287/221/29
f 353/287/29 287/221/29 352/286/29
f 332/266/29 290/224/29 299/233/29
f 332/266/29 299/233/29 353/287/29
f 335/269/34 354/288/34 355/289/34
f 335/269/34 355/289/34 336/270/34
f 348/282/33 356/290/33 357/291/33
f 348/282/33 357/291/33 349/283/33
f 280/214/32 279/213/32 358/292/32
f 280/214/32 358/292/32 342/276/32
f 336/270/31 355/289/31 359/293/31
f 336/270/31 359/293/31 337/271/31
f 349/283/30 357/291/30 360/294/30
f 349/283/30 360/294/30 350/284/30
f 342/276/1 358/292/1 361/295/1
f 342/276/1 361/295/1 343/277/1
f 337/271/54 359/293/54 362/296/54
f 337/271/54 362/296/54 338/272/54
f 350/284/53 360/294/53 363/297/53
f 350/284/53 363/297/53 351/285/53
f 343/277/52 361/295/52 364/298/52
f 343/277/52 364/298/52 344/278/52
f 338/272/86 362/296/86 365/299/86
f 338/272/86 365/299/86 339/273/86
f 351/285/49 363/297/49 366/300/49
f 351/285/49 366/300/49 352/286/49
f 332/266/48 367/301/48 368/302/48
f 332/266/48 368/302/48 331/265/48
f 344/278/87 364/298/87 369/303/87
f 344/278/87 369/303/87 345/279/87
f 339/273/46 365/299/46 370/304/46
f 339/273/46 370/304/46 340/274/46
f 352/286/45 366/300/45 371/305/45
f 352/286/45 371/305/45 353/287/45
f 331/265/44 368/302/44 372/306/44
f 331/265/44 372/306/44 333/267/44
f 345/279/43 369/303/43 373/307/43
f 345/279/43 373/307/43 346/280/43
f 340/274/88 370/304/88 374/308/88
f 340/274/88 374/308/88 341/275/88
f 353/287/41 371/305/41 367/301/41
f 353/287/41 367/301/41 332/266/41
f 333/267/89 372/306/89 375/309/89
f 333/267/40 375/309/40 334/268/40
f 346/280/90 373/307/90 376/310/90
f 346/280/90 376/310/90 347/281/90
f 341/275/38 374/308/38 278/212/38
f 341/275/38 278/212/38 277/211/38
f 334/268/37 375/309/37 354/288/37
f 334/268/37 354/288/37 335/269/37
f 347/281/36 376/310/36 356/290/36
f 347/281/36 356/290/36 348/282/36
f 377/311/29 104/104/29 103/103/29
f 377/311/29 103/103/29 378/312/29
f 379/313/29 368/302/29 367/301/29
f 379/313/29 367/301/29 380/314/29
f 381/315/29 372/306/29 368/302/29
f 381/315/29 368/302/29 379/313/29
f 382/316/29 375/309/29 372/306/29
f 382/316/29 372/306/29 381/315/29
f 383/317/29 354/288/29 375/309/29
f 383/317/29 375/309/29 382/316/29
f 384/318/29 355/289/29 354/288/29
f 384/318/29 354/288/29 383/317/29
f 385/319/29 359/293/29 355/289/29
f 385/319/29 355/289/29 384/318/29
f 386/320/29 362/296/29 359/293/29
f 386/320/29 359/293/29 385/319/29
f 387/321/29 365/299/29 362/296/29
f 387/321/29 362/296/29 386/320/29
f 388/322/29 370/304/29 365/299/29
f 388/322/29 365/299/29 387/321/29
f 389/323/29 374/308/29 370/304/29
f 389/323/29 370/304/29 388/322/29
f 390/324/29 278/212/29 374/308/29
f 390/324/29 374/308/29 389/323/29
f 391/325/29 279/213/29 278/212/29
f 391/325/29 278/212/29 390/324/29
f 392/312/29 358/292/29 279/213/29
f 392/312/29 279/213/29 391/325/29
f 393/311/29 361/295/29 358/292/29
f 393/311/29 358/292/29 392/312/29
f 394/326/29 364/298/29 361/295/29
f 394/326/29 361/295/29 393/311/29
f 395/327/29 369/303/29 364/298/29
f 395/327/29 364/298/29 394/326/29
f 396/328/29 373/307/29 369/303/29
f 396/328/29 369/303/29 395/327/29
f 397/329/29 376/310/29 373/307/29
f 397/329/29 373/307/29 396/328/29
f 398/330/29 356/290/29 376/310/29
f 398/330/29 376/310/29 397/329/29
f 399/331/29 357/291/29 356/290/29
f 399/331/29 356/290/29 398/330/29
f 400/332/29 360/294/29 357/291/29
f 400/332/29 357/291/29 399/331/29
f 401/333/29 363/297/29 360/294/29
f 401/333/29 360/294/29 400/332/29
f 402/334/29 366/300/29 363/297/29
f 402/334/29 363/297/29 401/333/29
f 403/335/29 371/305/29 366/300/29
f 403/335/29 366/300/29 402/334/29
f 380/314/29 367/301/29 371/305/29
f 380/314/29 371/305/29 403/335/29
f 404/128/78 405/131/78 406/130/78
f 404/128/78 406/130/78 407/129/78
f 408/332/29 137/133/29 136/132/29
f 408/332/29 136/132/29 409/331/29
f 410/336/79 411/337/79 412/338/79
f 410/336/79 412/338/79 413/339/79
f 414/332/57 145/133/57 144/138/57
f 414/332/57 144/138/57 415/333/57
f 416/340/80 417/341/80 418/342/80
f 416/340/80 418/342/80 419/343/80
f 420/344/69 421/345/69 422/346/69
f 420/344/69 422/346/69 423/347/69
f 413/339/70 412/338/70 424/348/70
f 413/339/70 424/348/70 425/349/70
f 409/331/29 136/132/29 157/149/29
f 409/331/29 157/149/29 426/330/29
f 419/343/71 418/342/71 427/350/71
f 419/343/71 427/350/71 428/351/71
f 429/152/72 430/155/72 431/154/72
f 429/152/72 431/154/72 432/153/72
f 433/311/57 167/104/57 166/156/57
f 433/311/57 166/156/57 434/326/57
f 428/351/73 427/350/73 435/352/73
f 428/351/73 435/352/73 436/353/73
f 432/153/74 431/154/74 437/160/74
f 432/153/74 437/160/74 438/159/74
f 439/330/57 175/149/57 174/132/57
f 439/330/57 174/132/57 440/331/57
f 436/353/65 435/352/65 441/354/65
f 436/353/65 441/354/65 442/355/65
f 438/159/75 437/160/75 443/164/75
f 438/159/75 443/164/75 444/163/75
f 426/330/29 157/149/29 181/165/29
f 426/330/29 181/165/29 445/329/29
f 434/326/57 166/156/57 183/166/57
f 434/326/57 183/166/57 446/327/57
f 444/163/76 443/164/76 447/168/76
f 444/163/76 447/168/76 448/167/76
f 445/329/29 181/165/29 187/169/29
f 445/329/29 187/169/29 449/328/29
f 450/328/57 191/169/57 190/165/57
f 450/328/57 190/165/57 451/329/57
f 448/167/77 447/168/77 405/131/77
f 448/167/77 405/131/77 404/128/77
f 415/333/57 144/138/57 193/170/57
f 415/333/57 193/170/57 452/334/57
f 423/347/59 422/346/59 411/337/59
f 423/347/59 411/337/59 410/336/59
f 453/356/59 423/347/59 410/336/59
f 453/356/59 410/336/59 454/357/59
f 455/358/60 456/359/60 457/360/60
f 455/358/60 457/360/60 458/361/60
f 459/177/77 448/167/77 404/128/77
f 459/177/77 404/128/77 460/178/77
f 461/362/61 462/363/61 463/364/61
f 461/362/61 463/364/61 464/365/61
f 465/183/62 466/153/62 467/152/62
f 465/183/62 467/152/62 468/184/62
f 469/185/76 444/163/76 448/167/76
f 469/185/76 448/167/76 459/177/76
f 470/366/63 442/355/63 462/363/63
f 470/366/63 462/363/63 461/362/63
f 471/187/64 472/159/64 466/153/64
f 471/187/64 466/153/64 465/183/64
f 473/187/75 438/159/75 444/163/75
f 473/187/75 444/163/75 469/185/75
f 474/367/65 436/353/65 442/355/65
f 474/367/65 442/355/65 470/366/65
f 475/185/66 476/163/66 472/159/66
f 475/185/66 472/159/66 471/187/66
f 477/183/74 432/153/74 438/159/74
f 477/183/74 438/159/74 473/187/74
f 478/368/73 428/351/73 436/353/73
f 478/368/73 436/353/73 474/367/73
f 479/177/67 480/167/67 476/163/67
f 479/177/67 476/163/67 475/185/67
f 481/184/72 429/152/72 432/153/72
f 481/184/72 432/153/72 477/183/72
f 482/369/71 419/343/71 428/351/71
f 482/369/71 428/351/71 478/368/71
f 483/178/68 484/128/68 480/167/68
f 483/178/68 480/167/68 479/177/68
f 485/370/70 413/339/70 425/349/70
f 485/370/70 425/349/70 486/371/70
f 487/372/69 420/344/69 423/347/69
f 487/372/69 423/347/69 453/356/69
f 488/373/80 416/340/80 419/343/80
f 488/373/80 419/343/80 482/369/80
f 489/195/55 490/129/55 484/128/55
f 489/195/55 484/128/55 483/178/55
f 454/357/79 410/336/79 413/339/79
f 454/357/79 413/339/79 485/370/79
f 458/361/56 457/360/56 420/344/56
f 458/361/56 420/344/56 487/372/56
f 460/178/78 404/128/78 407/129/78
f 460/178/78 407/129/78 491/195/78
f 464/365/58 463/364/58 492/374/58
f 464/365/58 492/374/58 493/375/58
f 446/327/57 183/166/57 191/169/57
f 446/327/57 191/169/57 450/328/57
f 494/333/29 260/138/29 137/133/29
f 494/333/29 137/133/29 408/332/29
f 451/329/57 190/165/57 175/149/57
f 451/329/57 175/149/57 439/330/57
f 495/326/29 262/156/29 104/104/29
f 495/326/29 104/104/29 377/311/29
f 420/344/82 264/209/82 263/208/82
f 420/344/82 263/208/82 421/345/82
f 496/312/57 266/103/57 167/104/57
f 496/312/57 167/104/57 433/311/57
f 441/354/65 268/208/65 267/209/65
f 441/354/65 267/209/65 442/355/65
f 497/334/29 270/170/29 260/138/29
f 497/334/29 260/138/29 494/333/29
f 498/327/29 272/166/29 262/156/29
f 498/327/29 262/156/29 495/326/29
f 440/331/57 174/132/57 145/133/57
f 440/331/57 145/133/57 414/332/57
f 452/334/57 193/170/57 274/210/57
f 452/334/57 274/210/57 499/335/57
f 500/335/29 276/210/29 270/170/29
f 500/335/29 270/170/29 497/334/29
f 449/328/29 187/169/29 272/166/29
f 449/328/29 272/166/29 498/327/29
f 501/376/1 502/377/1 503/378/1
f 501/376/1 503/378/1 504/379/1
f 505/380/2 506/381/2 507/382/2
f 505/380/2 507/382/2 508/383/2
f 509/384/3 510/385/3 511/386/3
f 509/384/3 511/386/3 512/387/3
f 513/388/4 514/389/4 515/390/4
f 513/388/4 515/390/4 516/391/4
f 517/392/6 518/393/6 519/394/6
f 517/392/6 519/394/6 520/395/6
f 506/381/7 521/396/7 522/397/7
f 506/381/7 522/397/7 507/382/7
f 510/385/8 523/398/8 524/399/8
f 510/385/8 524/399/8 511/386/8
f 514/389/9 525/400/9 526/401/9
f 514/389/9 526/401/9 515/390/9
f 518/393/10 527/402/10 528/403/10
f 518/393/10 528/403/10 519/394/10
f 521/396/11 529/404/11 530/405/11
f 521/396/11 530/405/11 522/397/11
f 523/398/12 513/388/12 516/391/12
f 523/398/91 516/391/91 524/399/91
f 525/400/13 531/406/13 532/407/13
f 525/400/13 532/407/13 526/401/13
f 527/402/14 533/408/14 534/409/14
f 527/402/14 534/409/14 528/403/14
f 529/404/15 535/410/15 536/411/15
f 529/404/15 536/411/15 530/405/15
f 531/406/17 537/412/17 538/413/17
f 531/406/17 538/413/17 532/407/17
f 533/408/18 539/414/18 540/415/18
f 533/408/18 540/415/18 534/409/18
f 535/410/19 541/416/19 542/417/19
f 535/410/19 542/417/19 536/411/19
f 537/412/20 543/418/20 544/419/20
f 537/412/20 544/419/20 538/413/20
f 539/414/21 545/420/21 546/421/21
f 539/414/21 546/421/21 540/415/21
f 541/416/22 547/422/22 548/423/22
f 541/416/22 548/423/22 542/417/22
f 543/418/23 549/424/23 550/425/23
f 543/418/23 550/425/23 544/419/23
f 545/420/24 551/426/24 552/427/24
f 545/420/24 552/427/24 546/421/24
f 547/422/25 553/428/25 554/429/25
f 547/422/25 554/429/25 548/423/25
f 549/424/26 505/380/26 508/383/26
f 549/424/26 508/383/26 550/425/26
f 551/426/27 509/384/27 512/387/27
f 551/426/27 512/387/27 552/427/27
f 553/428/28 517/392/28 520/395/28
f 553/428/28 520/395/28 554/429/28
f 555/430/29 556/431/29 516/391/29
f 555/430/29 516/391/29 515/390/29
f 557/432/29 555/430/29 515/390/29
f 557/432/29 515/390/29 526/401/29
f 558/433/29 557/432/29 526/401/29
f 558/433/29 526/401/29 532/407/29
f 559/434/29 558/433/29 532/407/29
f 559/434/29 532/407/29 538/413/29
f 560/435/29 559/434/29 538/413/29
f 560/435/29 538/413/29 544/419/29
f 561/436/29 560/435/29 544/419/29
f 561/436/29 544/419/29 550/425/29
f 562/437/29 561/436/29 550/425/29
f 562/437/29 550/425/29 508/383/29
f 563/438/29 562/437/29 508/383/29
f 563/438/29 508/383/29 507/382/29
f 564/439/29 563/438/29 507/382/29
f 564/439/29 507/382/29 522/397/29
f 565/440/29 564/439/29 522/397/29
f 565/440/29 522/397/29 530/405/29
f 501/376/29 565/440/29 530/405/29
f 501/376/29 530/405/29 536/411/29
f 502/377/29 501/376/29 536/411/29
f 502/377/29 536/411/29 542/417/29
f 566/441/29 502/377/29 542/417/29
f 566/441/29 542/417/29 548/423/29
f 567/442/29 566/441/29 548/423/29
f 567/442/29 548/423/29 554/429/29
f 568/443/29 567/442/29 554/429/29
f 568/443/29 554/429/29 520/395/29
f 569/444/29 568/443/29 520/395/29
f 569/444/29 520/395/29 519/394/29
f 570/445/29 569/444/29 519/394/29
f 570/445/29 519/394/29 528/403/29
f 571/446/29 570/445/29 528/403/29
f 571/446/29 528/403/29 534/409/29
f 572/447/29 571/446/29 534/409/29
f 572/447/29 534/409/29 540/415/29
f 573/448/29 572/447/29 540/415/29
f 573/448/29 540/415/29 546/421/29
f 574/449/29 573/448/29 546/421/29
f 574/449/29 546/421/29 552/427/29
f 575/450/29 574/449/29 552/427/29
f 575/450/29 552/427/29 512/387/29
f 576/451/29 575/450/29 512/387/29
f 576/451/29 512/387/29 511/386/29
f 577/452/29 576/451/29 511/386/29
f 577/452/29 511/386/29 524/399/29
f 556/431/29 577/452/29 524/399/29
f 556/431/29 524/399/29 516/391/29
f 559/434/30 560/435/30 578/453/30
f 559/434/30 578/453/30 579/454/30
f 572/447/31 573/448/31 580/455/31
f 572/447/31 580/455/31 581/456/31
f 502/377/32 566/441/32 582/457/32
f 502/377/32 582/457/32 503/378/32
f 560/435/33 561/436/33 583/458/33
f 560/435/33 583/458/33 578/453/33
f 573/448/34 574/449/34 584/459/34
f 573/448/34 584/459/34 580/455/34
f 566/441/35 567/442/35 585/460/35
f 566/441/35 585/460/35 582/457/35
f 561/436/36 562/437/36 586/461/36
f 561/436/36 586/461/36 583/458/36
f 574/449/37 575/450/37 587/462/37
f 574/449/37 587/462/37 584/459/37
f 567/442/38 568/443/38 588/463/38
f 567/442/38 588/463/38 585/460/38
f 562/437/39 563/438/39 589/464/39
f 562/437/39 589/464/39 586/461/39
f 575/450/40 576/451/40 590/465/40
f 575/450/40 590/465/40 587/462/40
f 556/431/41 555/430/41 591/466/41
f 556/431/41 591/466/41 592/467/41
f 568/443/42 569/444/42 593/468/42
f 568/443/42 593/468/42 588/463/42
f 563/438/43 564/439/43 594/469/43
f 563/438/43 594/469/43 589/464/43
f 576/451/44 577/452/44 595/470/44
f 576/451/44 595/470/44 590/465/44
f 555/430/45 557/432/45 596/471/45
f 555/430/45 596/471/45 591/466/45
f 569/444/46 570/445/46 597/472/46
f 569/444/46 597/472/46 593/468/46
f 564/439/47 565/440/47 598/473/47
f 564/439/47 598/473/47 594/469/47
f 577/452/48 556/431/48 592/467/48
f 577/452/48 592/467/48 595/470/48
f 557/432/49 558/433/49 599/474/49
f 557/432/50 599/474/50 596/471/50
f 570/445/51 571/446/51 600/475/51
f 570/445/51 600/475/51 597/472/51
f 565/440/52 501/376/52 504/379/52
f 565/440/52 504/379/52 598/473/52
f 558/433/53 559/434/53 579/454/53
f 558/433/53 579/454/53 599/474/53
f 571/446/54 572/447/54 581/456/54
f 571/446/54 581/456/54 600/475/54
f 601/476/29 602/477/29 603/478/29
f 601/476/29 603/478/29 604/479/29
f 605/480/29 606/481/29 592/467/29
f 605/480/29 592/467/29 591/466/29
f 607/482/29 605/480/29 591/466/29
f 607/482/29 591/466/29 596/471/29
f 608/483/29 607/482/29 596/471/29
f 608/483/29 596/471/29 599/474/29
f 609/484/29 608/483/29 599/474/29
f 609/484/29 599/474/29 579/454/29
f 610/485/29 609/484/29 579/454/29
f 610/485/29 579/454/29 578/453/29
f 611/486/29 610/485/29 578/453/29
f 611/486/29 578/453/29 583/458/29
f 612/487/29 611/486/29 583/458/29
f 612/487/29 583/458/29 586/461/29
f 613/488/29 612/487/29 586/461/29
f 613/488/29 586/461/29 589/464/29
f 614/489/29 613/488/29 589/464/29
f 614/489/29 589/464/29 594/469/29
f 615/490/29 614/489/29 594/469/29
f 615/490/29 594/469/29 598/473/29
f 616/491/29 615/490/29 598/473/29
f 616/491/29 598/473/29 504/379/29
f 617/492/29 616/491/29 504/379/29
f 617/492/29 504/379/29 503/378/29
f 618/477/29 617/492/29 503/378/29
f 618/477/29 503/378/29 582/457/29
f 619/476/29 618/477/29 582/457/29
f 619/476/29 582/457/29 585/460/29
f 620/493/29 619/476/29 585/460/29
f 620/493/29 585/460/29 588/463/29
f 621/494/29 620/493/29 588/463/29
f 621/494/29 588/463/29 593/468/29
f 622/495/29 621/494/29 593/468/29
f 622/495/29 593/468/29 597/472/29
f 623/496/29 622/495/29 597/472/29
f 623/496/29 597/472/29 600/475/29
f 624/497/29 623/496/29 600/475/29
f 624/497/29 600/475/29 581/456/29
f 625/498/29 624/497/29 581/456/29
f 625/498/29 581/456/29 580/455/29
f 626/499/29 625/498/29 580/455/29
f 626/499/29 580/455/29 584/459/29
f 627/500/29 626/499/29 584/459/29
f 627/500/29 584/459/29 587/462/29
f 628/501/29 627/500/29 587/462/29
f 628/501/29 587/462/29 590/465/29
f 629/502/29 628/501/29 590/465/29
f 629/502/29 590/465/29 595/470/29
f 606/481/29 629/502/29 595/470/29
f 606/481/29 595/470/29 592/467/29
f 630/503/55 631/504/55 632/505/55
f 630/503/55 632/505/55 633/506/55
f 634/499/29 635/498/29 636/507/29
f 634/499/29 636/507/29 637/508/29
f 638/509/92 639/510/92 640/136/92
f 638/509/56 640/136/56 641/137/56
f 642/499/57 643/500/57 644/511/57
f 642/499/57 644/511/57 645/508/57
f 646/512/58 647/513/58 648/141/58
f 646/512/58 648/141/58 649/142/58
f 650/514/59 651/515/59 652/145/59
f 650/514/93 652/145/93 653/146/93
f 639/510/60 654/516/60 655/517/60
f 639/510/60 655/517/60 640/136/60
f 635/498/29 656/497/29 657/518/29
f 635/498/29 657/518/29 636/507/29
f 647/513/61 658/519/61 659/151/61
f 647/513/61 659/151/61 648/141/61
f 660/520/62 661/521/62 662/522/62
f 660/520/62 662/522/62 663/523/62
f 664/476/57 665/493/57 666/524/57
f 664/476/57 666/524/57 667/479/57
f 658/519/63 668/525/63 669/526/63
f 658/519/63 669/526/63 659/151/63
f 661/521/64 670/527/64 671/528/64
f 661/521/64 671/528/64 662/522/64
f 672/497/57 673/498/57 674/507/57
f 672/497/57 674/507/57 675/518/57
f 668/525/65 676/529/65 677/162/65
f 668/525/65 677/162/65 669/526/65
f 670/527/66 678/530/66 679/531/66
f 670/527/66 679/531/66 671/528/66
f 656/497/29 680/496/29 681/532/29
f 656/497/29 681/532/29 657/518/29
f 665/493/57 682/494/57 683/533/57
f 665/493/57 683/533/57 666/524/57
f 678/530/67 684/534/67 685/535/67
f 678/530/67 685/535/67 679/531/67
f 680/496/29 686/495/29 687/536/29
f 680/496/29 687/536/29 681/532/29
f 688/495/57 689/496/57 690/532/57
f 688/495/57 690/532/57 691/536/57
f 684/534/68 630/503/68 633/506/68
f 684/534/68 633/506/68 685/535/68
f 643/500/57 692/501/57 693/537/57
f 643/500/57 693/537/57 644/511/57
f 651/515/94 638/509/94 641/137/94
f 651/515/69 641/137/69 652/145/69
f 694/171/69 695/172/69 638/509/69
f 694/171/69 638/509/69 651/515/69
f 696/173/70 697/174/70 698/538/70
f 696/173/70 698/538/70 699/539/70
f 700/540/68 701/541/68 630/503/68
f 700/540/68 630/503/68 684/534/68
f 702/542/95 703/180/95 704/543/95
f 702/542/95 704/543/95 705/544/95
f 706/545/72 707/546/72 708/520/72
f 706/545/72 708/520/72 709/521/72
f 710/547/67 700/540/67 684/534/67
f 710/547/67 684/534/67 678/530/67
f 711/186/73 702/542/73 705/544/73
f 711/186/73 705/544/73 676/529/73
f 712/548/74 706/545/74 709/521/74
f 712/548/74 709/521/74 713/527/74
f 714/548/66 710/547/66 678/530/66
f 714/548/66 678/530/66 670/527/66
f 715/549/65 711/186/65 676/529/65
f 715/549/65 676/529/65 668/525/65
f 716/547/75 712/548/75 713/527/75
f 716/547/75 713/527/75 717/530/75
f 718/545/64 714/548/64 670/527/64
f 718/545/64 670/527/64 661/521/64
f 719/189/63 715/549/63 668/525/63
f 719/189/63 668/525/63 658/519/63
f 720/540/76 716/547/76 717/530/76
f 720/540/76 717/530/76 721/534/76
f 722/546/62 718/545/62 661/521/62
f 722/546/62 661/521/62 660/520/62
f 723/190/96 719/189/96 658/519/96
f 723/190/96 658/519/96 647/513/96
f 724/541/77 720/540/77 721/534/77
f 724/541/77 721/534/77 725/503/77
f 726/191/60 727/550/60 654/516/60
f 726/191/60 654/516/60 639/510/60
f 728/193/59 694/171/59 651/515/59
f 728/193/59 651/515/59 650/514/59
f 729/194/58 723/190/58 647/513/58
f 729/194/97 647/513/97 646/512/97
f 730/551/78 724/541/78 725/503/78
f 730/551/78 725/503/78 731/504/78
f 695/172/56 726/191/56 639/510/56
f 695/172/92 639/510/92 638/509/92
f 697/174/98 728/193/98 650/514/98
f 697/174/79 650/514/79 698/538/79
f 701/541/55 732/551/55 631/504/55
f 701/541/55 631/504/55 630/503/55
f 703/180/99 733/552/99 734/553/99
f 703/180/80 734/553/80 704/543/80
f 735/554/81 736/504/81 737/505/81
f 735/554/81 737/505/81 738/555/81
f 739/556/81 740/557/81 741/558/81
f 739/556/81 741/558/81 742/559/81
f 736/504/81 743/503/81 744/506/81
f 736/504/81 744/506/81 737/505/81
f 743/503/81 745/534/81 746/535/81
f 743/503/81 746/535/81 744/506/81
f 745/534/81 747/530/81 748/531/81
f 745/534/81 748/531/81 746/535/81
f 747/530/81 749/527/81 750/528/81
f 747/530/81 750/528/81 748/531/81
f 749/527/81 751/521/81 752/522/81
f 749/527/81 752/522/81 750/528/81
f 753/560/81 754/561/81 755/562/81
f 753/560/81 755/562/81 756/563/81
f 751/521/81 757/520/81 758/523/81
f 751/521/81 758/523/81 752/522/81
f 754/561/81 735/554/81 738/555/81
f 754/561/81 738/555/81 755/562/81
f 757/520/81 739/556/81 742/559/81
f 757/520/81 742/559/81 758/523/81
f 682/494/57 688/495/57 691/536/57
f 682/494/57 691/536/57 683/533/57
f 759/500/29 634/499/29 637/508/29
f 759/500/29 637/508/29 760/511/29
f 689/496/57 672/497/57 675/518/57
f 689/496/57 675/518/57 690/532/57
f 761/493/29 601/476/29 604/479/29
f 761/493/29 604/479/29 762/524/29
f 650/514/82 653/146/82 763/208/82
f 650/514/82 763/208/82 764/564/82
f 765/477/57 664/476/57 667/479/57
f 765/477/57 667/479/57 766/478/57
f 677/162/65 676/529/65 767/564/65
f 677/162/65 767/564/65 768/208/65
f 769/501/29 759/500/29 760/511/29
f 769/501/29 760/511/29 770/537/29
f 771/494/29 761/493/29 762/524/29
f 771/494/29 762/524/29 772/533/29
f 673/498/57 642/499/57 645/508/57
f 673/498/57 645/508/57 674/507/57
f 692/501/57 773/502/57 774/565/57
f 692/501/57 774/565/57 693/537/57
f 775/502/29 769/501/29 770/537/29
f 775/502/29 770/537/29 776/565/29
f 686/495/29 771/494/29 772/533/29
f 686/495/29 772/533/29 687/536/29
f 777/566/35 778/567/35 779/568/35
f 777/566/35 779/568/35 780/569/35
f 781/570/83 782/571/83 783/572/83
f 781/570/83 783/572/83 784/573/83
f 785/574/13 786/575/13 787/576/13
f 785/574/13 787/576/13 788/577/13
f 789/578/12 790/579/12 791/580/12
f 789/578/91 791/580/91 792/581/91
f 793/582/11 794/583/11 795/584/11
f 793/582/11 795/584/11 796/585/11
f 784/573/10 783/572/10 797/586/10
f 784/573/10 797/586/10 798/587/10
f 788/577/9 787/576/9 799/588/9
f 788/577/9 799/588/9 800/589/9
f 792/581/8 791/580/8 801/590/8
f 792/581/8 801/590/8 802/591/8
f 796/585/7 795/584/7 803/592/7
f 796/585/7 803/592/7 804/593/7
f 798/587/6 797/586/6 805/594/6
f 798/587/6 805/594/6 806/595/6
f 800/589/5 799/588/5 790/579/5
f 800/589/4 790/579/4 789/578/4
f 802/591/3 801/590/3 807/596/3
f 802/591/3 807/596/3 808/597/3
f 804/593/84 803/592/84 809/598/84
f 804/593/84 809/598/84 810/599/84
f 806/595/28 805/594/28 811/600/28
f 806/595/85 811/600/85 812/601/85
f 808/597/27 807/596/27 813/602/27
f 808/597/27 813/602/27 814/603/27
f 810/599/26 809/598/26 815/604/26
f 810/599/26 815/604/26 816/605/26
f 812/601/25 811/600/25 817/606/25
f 812/601/25 817/606/25 818/607/25
f 814/603/24 813/602/24 819/608/24
f 814/603/24 819/608/24 820/609/24
f 816/605/23 815/604/23 821/610/23
f 816/605/23 821/610/23 822/611/23
f 818/607/22 817/606/22 823/612/22
f 818/607/22 823/612/22 824/613/22
f 820/609/21 819/608/21 825/614/21
f 820/609/21 825/614/21 826/615/21
f 822/611/20 821/610/20 827/616/20
f 822/611/20 827/616/20 828/617/20
f 824/613/19 823/612/19 829/618/19
f 824/613/19 829/618/19 830/619/19
f 826/615/18 825/614/18 782/571/18
f 826/615/18 782/571/18 781/570/18
f 828/617/17 827/616/17 786/575/17
f 828/617/17 786/575/17 785/574/17
f 830/619/15 829/618/15 794/583/15
f 830/619/15 794/583/15 793/582/15
f 831/620/29 791/580/29 790/579/29
f 831/620/29 790/579/29 832/621/29
f 833/622/29 801/590/29 791/580/29
f 833/622/29 791/580/29 831/620/29
f 834/623/29 807/596/29 801/590/29
f 834/623/29 801/590/29 833/622/29
f 835/624/29 813/602/29 807/596/29
f 835/624/29 807/596/29 834/623/29
f 836/625/29 819/608/29 813/602/29
f 836/625/29 813/602/29 835/624/29
f 837/626/29 825/614/29 819/608/29
f 837/626/29 819/608/29 836/625/29
f 838/627/29 782/571/29 825/614/29
f 838/627/29 825/614/29 837/626/29
f 839/628/29 783/572/29 782/571/29
f 839/628/29 782/571/29 838/627/29
f 840/629/29 797/586/29 783/572/29
f 840/629/29 783/572/29 839/628/29
f 841/630/29 805/594/29 797/586/29
f 841/630/29 797/586/29 840/629/29
f 777/566/29 811/600/29 805/594/29
f 777/566/29 805/594/29 841/630/29
f 780/569/29 817/606/29 811/600/29
f 780/569/29 811/600/29 777/566/29
f 842/631/29 823/612/29 817/606/29
f 842/631/29 817/606/29 780/569/29
f 843/632/29 829/618/29 823/612/29
f 843/632/29 823/612/29 842/631/29
f 844/633/29 794/583/29 829/618/29
f 844/633/29 829/618/29 843/632/29
f 845/634/29 795/584/29 794/583/29
f 845/634/29 794/583/29 844/633/29
f 846/635/29 803/592/29 795/584/29
f 846/635/29 795/584/29 845/634/29
f 847/636/29 809/598/29 803/592/29
f 847/636/29 803/592/29 846/635/29
f 848/637/29 815/604/29 809/598/29
f 848/637/29 809/598/29 847/636/29
f 849/638/29 821/610/29 815/604/29
f 849/638/29 815/604/29 848/637/29
f 850/639/29 827/616/29 821/610/29
f 850/639/29 821/610/29 849/638/29
f 851/640/29 786/575/29 827/616/29
f 851/640/29 827/616/29 850/639/29
f 852/641/29 787/576/29 786/575/29
f 852/641/29 786/575/29 851/640/29
f 853/642/29 799/588/29 787/576/29
f 853/642/29 787/576/29 852/641/29
f 832/621/29 790/579/29 799/588/29
f 832/621/29 799/588/29 853/642/29
f 835/624/34 854/643/34 855/644/34
f 835/624/34 855/644/34 836/625/34
f 848/637/33 856/645/33 857/646/33
f 848/637/33 857/646/33 849/638/33
f 780/569/32 779/568/32 858/647/32
f 780/569/32 858/647/32 842/631/32
f 836/625/31 855/644/31 859/648/31
f 836/625/31 859/648/31 837/626/31
f 849/638/30 857/646/30 860/649/30
f 849/638/30 860/649/30 850/639/30
f 842/631/1 858/647/1 861/650/1
f 842/631/1 861/650/1 843/632/1
f 837/626/54 859/648/54 862/651/54
f 837/626/54 862/651/54 838/627/54
f 850/639/53 860/649/53 863/652/53
f 850/639/53 863/652/53 851/640/53
f 843/632/52 861/650/52 864/653/52
f 843/632/52 864/653/52 844/633/52
f 838/627/86 862/651/86 865/654/86
f 838/627/86 865/654/86 839/628/86
f 851/640/49 863/652/49 866/655/49
f 851/640/49 866/655/49 852/641/49
f 832/621/48 867/656/48 868/657/48
f 832/621/48 868/657/48 831/620/48
f 844/633/87 864/653/87 869/658/87
f 844/633/87 869/658/87 845/634/87
f 839/628/46 865/654/46 870/659/46
f 839/628/46 870/659/46 840/629/46
f 852/641/45 866/655/45 871/660/45
f 852/641/45 871/660/45 853/642/45
f 831/620/100 868/657/100 872/661/100
f 831/620/44 872/661/44 833/622/44
f 845/634/43 869/658/43 873/662/43
f 845/634/43 873/662/43 846/635/43
f 840/629/42 870/659/42 874/663/42
f 840/629/88 874/663/88 841/630/88
f 853/642/41 871/660/41 867/656/41
f 853/642/41 867/656/41 832/621/41
f 833/622/89 872/661/89 875/664/89
f 833/622/89 875/664/89 834/623/89
f 846/635/39 873/662/39 876/665/39
f 846/635/90 876/665/90 847/636/90
f 841/630/38 874/663/38 778/567/38
f 841/630/38 778/567/38 777/566/38
f 834/623/37 875/664/37 854/643/37
f 834/623/37 854/643/37 835/624/37
f 847/636/36 876/665/36 856/645/36
f 847/636/36 856/645/36 848/637/36
f 877/666/29 604/479/29 603/478/29
f 877/666/29 603/478/29 878/667/29
f 879/668/29 868/657/29 867/656/29
f 879/668/29 867/656/29 880/669/29
f 881/670/29 872/661/29 868/657/29
f 881/670/29 868/657/29 879/668/29
f 882/671/29 875/664/29 872/661/29
f 882/671/29 872/661/29 881/670/29
f 883/672/29 854/643/29 875/664/29
f 883/672/29 875/664/29 882/671/29
f 884/673/29 855/644/29 854/643/29
f 884/673/29 854/643/29 883/672/29
f 885/674/29 859/648/29 855/644/29
f 885/674/29 855/644/29 884/673/29
f 886/675/29 862/651/29 859/648/29
f 886/675/29 859/648/29 885/674/29
f 887/676/29 865/654/29 862/651/29
f 887/676/29 862/651/29 886/675/29
f 888/677/29 870/659/29 865/654/29
f 888/677/29 865/654/29 887/676/29
f 889/678/29 874/663/29 870/659/29
f 889/678/29 870/659/29 888/677/29
f 890/679/29 778/567/29 874/663/29
f 890/679/29 874/663/29 889/678/29
f 891/680/29 779/568/29 778/567/29
f 891/680/29 778/567/29 890/679/29
f 892/667/29 858/647/29 779/568/29
f 892/667/29 779/568/29 891/680/29
f 893/666/29 861/650/29 858/647/29
f 893/666/29 858/647/29 892/667/29
f 894/681/29 864/653/29 861/650/29
f 894/681/29 861/650/29 893/666/29
f 895/682/29 869/658/29 864/653/29
f 895/682/29 864/653/29 894/681/29
f 896/683/29 873/662/29 869/658/29
f 896/683/29 869/658/29 895/682/29
f 897/684/29 876/665/29 873/662/29
f 897/684/29 873/662/29 896/683/29
f 898/685/29 856/645/29 876/665/29
f 898/685/29 876/665/29 897/684/29
f 899/686/29 857/646/29 856/645/29
f 899/686/29 856/645/29 898/685/29
f 900/687/29 860/649/29 857/646/29
f 900/687/29 857/646/29 899/686/29
f 901/688/29 863/652/29 860/649/29
f 901/688/29 860/649/29 900/687/29
f 902/689/29 866/655/29 863/652/29
f 902/689/29 863/652/29 901/688/29
f 903/690/29 871/660/29 866/655/29
f 903/690/29 866/655/29 902/689/29
f 880/669/29 867/656/29 871/660/29
f 880/669/29 871/660/29 903/690/29
f 904/503/78 905/506/78 906/505/78
f 904/503/78 906/505/78 907/504/78
f 908/687/29 637/508/29 636/507/29
f 908/687/29 636/507/29 909/686/29
f 910/691/79 911/337/79 912/338/79
f 910/691/79 912/338/79 913/692/79
f 914/687/57 645/508/57 644/511/57
f 914/687/57 644/511/57 915/688/57
f 916/693/80 917/341/80 918/342/80
f 916/693/80 918/342/80 919/694/80
f 920/695/69 921/345/69 922/346/69
f 920/695/69 922/346/69 923/696/69
f 913/692/70 912/338/70 924/348/70
f 913/692/70 924/348/70 925/697/70
f 909/686/29 636/507/29 657/518/29
f 909/686/29 657/518/29 926/685/29
f 919/694/71 918/342/71 927/350/71
f 919/694/71 927/350/71 928/698/71
f 929/520/72 930/523/72 931/522/72
f 929/520/72 931/522/72 932/521/72
f 933/666/57 667/479/57 666/524/57
f 933/666/57 666/524/57 934/681/57
f 928/698/73 927/350/73 935/352/73
f 928/698/73 935/352/73 936/699/73
f 932/521/74 931/522/74 937/528/74
f 932/521/74 937/528/74 938/527/74
f 939/685/57 675/518/57 674/507/57
f 939/685/57 674/507/57 940/686/57
f 936/699/65 935/352/65 941/354/65
f 936/699/65 941/354/65 942/700/65
f 938/527/75 937/528/75 943/531/75
f 938/527/75 943/531/75 944/530/75
f 926/685/29 657/518/29 681/532/29
f 926/685/29 681/532/29 945/684/29
f 934/681/57 666/524/57 683/533/57
f 934/681/57 683/533/57 946/682/57
f 944/530/76 943/531/76 947/535/76
f 944/530/76 947/535/76 948/534/76
f 945/684/29 681/532/29 687/536/29
f 945/684/29 687/536/29 949/683/29
f 950/683/57 691/536/57 690/532/57
f 950/683/57 690/532/57 951/684/57
f 948/534/77 947/535/77 905/506/77
f 948/534/77 905/506/77 904/503/77
f 915/688/57 644/511/57 693/537/57
f 915/688/57 693/537/57 952/689/57
f 923/696/59 922/346/59 911/337/59
f 923/696/59 911/337/59 910/691/59
f 953/356/59 923/696/59 910/691/59
f 953/356/59 910/691/59 954/357/59
f 955/358/60 956/701/60 957/702/60
f 955/358/60 957/702/60 958/361/60
f 959/540/77 948/534/77 904/503/77
f 959/540/77 904/503/77 960/541/77
f 961/362/96 962/703/96 963/704/96
f 961/362/61 963/704/61 964/365/61
f 965/545/62 966/521/62 967/520/62
f 965/545/62 967/520/62 968/546/62
f 969/547/76 944/530/76 948/534/76
f 969/547/76 948/534/76 959/540/76
f 970/366/63 942/700/63 962/703/63
f 970/366/63 962/703/63 961/362/63
f 971/548/64 972/527/64 966/521/64
f 971/548/64 966/521/64 965/545/64
f 973/548/75 938/527/75 944/530/75
f 973/548/75 944/530/75 969/547/75
f 974/367/65 936/699/65 942/700/65
f 974/367/65 942/700/65 970/366/65
f 975/547/66 976/530/66 972/527/66
f 975/547/66 972/527/66 971/548/66
f 977/545/74 932/521/74 938/527/74
f 977/545/74 938/527/74 973/548/74
f 978/368/73 928/698/73 936/699/73
f 978/368/73 936/699/73 974/367/73
f 979/540/67 980/534/67 976/530/67
f 979/540/67 976/530/67 975/547/67
f 981/546/72 929/520/72 932/521/72
f 981/546/72 932/521/72 977/545/72
f 982/369/71 919/694/71 928/698/71
f 982/369/95 928/698/95 978/368/95
f 983/541/68 984/503/68 980/534/68
f 983/541/68 980/534/68 979/540/68
f 985/370/70 913/692/70 925/697/70
f 985/370/70 925/697/70 986/371/70
f 987/372/69 920/695/69 923/696/69
f 987/372/69 923/696/69 953/356/69
f 988/373/80 916/693/80 919/694/80
f 988/373/80 919/694/80 982/369/80
f 989/551/55 990/504/55 984/503/55
f 989/551/55 984/503/55 983/541/55
f 954/357/79 910/691/79 913/692/79
f 954/357/79 913/692/79 985/370/79
f 958/361/56 957/702/56 920/695/56
f 958/361/56 920/695/56 987/372/56
f 960/541/78 904/503/78 907/504/78
f 960/541/78 907/504/78 991/551/78
f 964/365/58 963/704/58 992/705/58
f 964/365/58 992/705/58 993/375/58
f 946/682/57 683/533/57 691/536/57
f 946/682/57 691/536/57 950/683/57
f 994/688/29 760/511/29 637/508/29
f 994/688/29 637/508/29 908/687/29
f 951/684/57 690/532/57 675/518/57
f 951/684/57 675/518/57 939/685/57
f 995/681/29 762/524/29 604/479/29
f 995/681/29 604/479/29 877/666/29
f 920/695/82 764/564/82 763/208/82
f 920/695/82 763/208/82 921/345/82
f 996/667/57 766/478/57 667/479/57
f 996/667/57 667/479/57 933/666/57
f 941/354/65 768/208/65 767/564/65
f 941/354/65 767/564/65 942/700/65
f 997/689/29 770/537/29 760/511/29
f 997/689/29 760/511/29 994/688/29
f 998/682/29 772/533/29 762/524/29
f 998/682/29 762/524/29 995/681/29
f 940/686/57 674/507/57 645/508/57
f 940/686/57 645/508/57 914/687/57
f 952/689/57 693/537/57 774/565/57
f 952/689/57 774/565/57 999/690/57
f 1000/690/29 776/565/29 770/537/29
f 1000/690/29 770/537/29 997/689/29
f 949/683/29 687/536/29 772/533/29
f 949/683/29 772/533/29 998/682/29
f 1001/706/1 1002/707/1 1003/708/1
f 1001/706/1 1003/708/1 1004/709/1
f 1005/710/2 1006/711/2 1007/712/2
f 1005/710/2 1007/712/2 1008/713/2
f 1009/714/3 1010/715/3 1011/716/3
f 1009/714/3 1011/716/3 1012/717/3
f 1013/718/5 1014/719/5 1015/720/5
f 1013/718/4 1015/720/4 1016/721/4
f 1017/722/6 1018/723/6 1019/724/6
f 1017/722/6 1019/724/6 1020/725/6
f 1006/711/7 1021/726/7 1022/727/7
f 1006/711/7 1022/727/7 1007/712/7
f 1010/715/8 1023/728/8 1024/729/8
f 1010/715/8 1024/729/8 1011/716/8
f 1014/719/9 1025/730/9 1026/731/9
f 1014/719/9 1026/731/9 1015/720/9
f 1018/723/10 1027/732/10 1028/733/10
f 1018/723/10 1028/733/10 1019/724/10
f 1021/726/11 1029/734/11 1030/735/11
f 1021/726/11 1030/735/11 1022/727/11
f 1023/728/91 1013/718/91 1016/721/91
f 1023/728/12 1016/721/12 1024/729/12
f 1025/730/13 1031/736/13 1032/737/13
f 1025/730/13 1032/737/13 1026/731/13
f 1027/732/14 1033/738/14 1034/739/14
f 1027/732/14 1034/739/14 1028/733/14
f 1029/734/16 1035/740/16 1036/741/16
f 1029/734/15 1036/741/15 1030/735/15
f 1031/736/17 1037/742/17 1038/743/17
f 1031/736/17 1038/743/17 1032/737/17
f 1033/738/18 1039/744/18 1040/745/18
f 1033/738/18 1040/745/18 1034/739/18
f 1035/740/19 1041/746/19 1042/747/19
f 1035/740/19 1042/747/19 1036/741/19
f 1037/742/20 1043/748/20 1044/749/20
f 1037/742/20 1044/749/20 1038/743/20
f 1039/744/21 1045/750/21 1046/751/21
f 1039/744/21 1046/751/21 1040/745/21
f 1041/746/22 1047/752/22 1048/753/22
f 1041/746/22 1048/753/22 1042/747/22
f 1043/748/23 1049/754/23 1050/755/23
f 1043/748/23 1050/755/23 1044/749/23
f 1045/750/24 1051/756/24 1052/757/24
f 1045/750/24 1052/757/24 1046/751/24
f 1047/752/25 1053/758/25 1054/759/25
f 1047/752/25 1054/759/25 1048/753/25
f 1049/754/26 1005/710/26 1008/713/26
f 1049/754/26 1008/713/26 1050/755/26
f 1051/756/27 1009/714/27 1012/717/27
f 1051/756/27 1012/717/27 1052/757/27
f 1053/758/28 1017/722/28 1020/725/28
f 1053/758/28 1020/725/28 1054/759/28
f 1055/760/29 1056/761/29 1016/721/29
f 1055/760/29 1016/721/29 1015/720/29
f 1057/762/29 1055/760/29 1015/720/29
f 1057/762/29 1015/720/29 1026/731/29
f 1058/763/29 1057/762/29 1026/731/29
f 1058/763/29 1026/731/29 1032/737/29
f 1059/764/29 1058/763/29 1032/737/29
f 1059/764/29 1032/737/29 1038/743/29
f 1060/765/29 1059/764/29 1038/743/29
f 1060/765/29 1038/743/29 1044/749/29
f 1061/766/29 1060/765/29 1044/749/29
f 1061/766/29 1044/749/29 1050/755/29
f 1062/767/29 1061/766/29 1050/755/29
f 1062/767/29 1050/755/29 1008/713/29
f 1063/768/29 1062/767/29 1008/713/29
f 1063/768/29 1008/713/29 1007/712/29
f 1064/769/29 1063/768/29 1007/712/29
f 1064/769/29 1007/712/29 1022/727/29
f 1065/770/29 1064/769/29 1022/727/29
f 1065/770/29 1022/727/29 1030/735/29
f 1001/706/29 1065/770/29 1030/735/29
f 1001/706/29 1030/735/29 1036/741/29
f 1002/707/29 1001/706/29 1036/741/29
f 1002/707/29 1036/741/29 1042/747/29
f 1066/771/29 1002/707/29 1042/747/29
f 1066/771/29 1042/747/29 1048/753/29
f 1067/772/29 1066/771/29 1048/753/29
f 1067/772/29 1048/753/29 1054/759/29
f 1068/773/29 1067/772/29 1054/759/29
f 1068/773/29 1054/759/29 1020/725/29
f 1069/774/29 1068/773/29 1020/725/29
f 1069/774/29 1020/725/29 1019/724/29
f 1070/775/29 1069/774/29 1019/724/29
f 1070/775/29 1019/724/29 1028/733/29
f 1071/776/29 1070/775/29 1028/733/29
f 1071/776/29 1028/733/29 1034/739/29
f 1072/777/29 1071/776/29 1034/739/29
f 1072/777/29 1034/739/29 1040/745/29
f 1073/778/29 1072/777/29 1040/745/29
f 1073/778/29 1040/745/29 1046/751/29
f 1074/779/29 1073/778/29 1046/751/29
f 1074/779/29 1046/751/29 1052/757/29
f 1075/780/29 1074/779/29 1052/757/29
f 1075/780/29 1052/757/29 1012/717/29
f 1076/781/29 1075/780/29 1012/717/29
f 1076/781/29 1012/717/29 1011/716/29
f 1077/782/29 1076/781/29 1011/716/29
f 1077/782/29 1011/716/29 1024/729/29
f 1056/761/29 1077/782/29 1024/729/29
f 1056/761/29 1024/729/29 1016/721/29
f 1059/764/30 1060/765/30 1078/783/30
f 1059/764/30 1078/783/30 1079/784/30
f 1072/777/31 1073/778/31 1080/785/31
f 1072/777/31 1080/785/31 1081/786/31
f 1002/707/32 1066/771/32 1082/787/32
f 1002/707/32 1082/787/32 1003/708/32
f 1060/765/33 1061/766/33 1083/788/33
f 1060/765/33 1083/788/33 1078/783/33
f 1073/778/34 1074/779/34 1084/789/34
f 1073/778/34 1084/789/34 1080/785/34
f 1066/771/35 1067/772/35 1085/790/35
f 1066/771/35 1085/790/35 1082/787/35
f 1061/766/36 1062/767/36 1086/791/36
f 1061/766/36 1086/791/36 1083/788/36
f 1074/779/37 1075/780/37 1087/792/37
f 1074/779/37 1087/792/37 1084/789/37
f 1067/772/38 1068/773/38 1088/793/38
f 1067/772/38 1088/793/38 1085/790/38
f 1062/767/39 1063/768/39 1089/794/39
f 1062/767/39 1089/794/39 1086/791/39
f 1075/780/40 1076/781/40 1090/795/40
f 1075/780/40 1090/795/40 1087/792/40
f 1056/761/41 1055/760/41 1091/796/41
f 1056/761/41 1091/796/41 1092/797/41
f 1068/773/42 1069/774/42 1093/798/42
f 1068/773/42 1093/798/42 1088/793/42
f 1063/768/43 1064/769/43 1094/799/43
f 1063/768/43 1094/799/43 1089/794/43
f 1076/781/44 1077/782/44 1095/800/44
f 1076/781/44 1095/800/44 1090/795/44
f 1055/760/101 1057/762/101 1096/801/101
f 1055/760/45 1096/801/45 1091/796/45
f 1069/774/46 1070/775/46 1097/802/46
f 1069/774/46 1097/802/46 1093/798/46
f 1064/769/47 1065/770/47 1098/803/47
f 1064/769/87 1098/803/87 1094/799/87
f 1077/782/48 1056/761/48 1092/797/48
f 1077/782/48 1092/797/48 1095/800/48
f 1057/762/50 1058/763/50 1099/804/50
f 1057/762/50 1099/804/50 1096/801/50
f 1070/775/51 1071/776/51 1100/805/51
f 1070/775/86 1100/805/86 1097/802/86
f 1065/770/52 1001/706/52 1004/709/52
f 1065/770/52 1004/709/52 1098/803/52
f 1058/763/53 1059/764/53 1079/784/53
f 1058/763/53 1079/784/53 1099/804/53
f 1071/776/54 1072/777/54 1081/786/54
f 1071/776/54 1081/786/54 1100/805/54
f 1101/806/29 1102/807/29 1103/808/29
f 1101/806/29 1103/808/29 1104/809/29
f 1105/810/29 1106/811/29 1092/797/29
f 1105/810/29 1092/797/29 1091/796/29
f 1107/812/29 1105/810/29 1091/796/29
f 1107/812/29 1091/796/29 1096/801/29
f 1108/813/29 1107/812/29 1096/801/29
f 1108/813/29 1096/801/29 1099/804/29
f 1109/814/29 1108/813/29 1099/804/29
f 1109/814/29 1099/804/29 1079/784/29
f 1110/815/29 1109/814/29 1079/784/29
f 1110/815/29 1079/784/29 1078/783/29
f 1111/816/29 1110/815/29 1078/783/29
f 1111/816/29 1078/783/29 1083/788/29
f 1112/817/29 1111/816/29 1083/788/29
f 1112/817/29 1083/788/29 1086/791/29
f 1113/818/29 1112/817/29 1086/791/29
f 1113/818/29 1086/791/29 1089/794/29
f 1114/819/29 1113/818/29 1089/794/29
f 1114/819/29 1089/794/29 1094/799/29
f 1115/820/29 1114/819/29 1094/799/29
f 1115/820/29 1094/799/29 1098/803/29
f 1116/821/29 1115/820/29 1098/803/29
f 1116/821/29 1098/803/29 1004/709/29
f 1117/822/29 1116/821/29 1004/709/29
f 1117/822/29 1004/709/29 1003/708/29
f 1118/807/29 1117/822/29 1003/708/29
f 1118/807/29 1003/708/29 1082/787/29
f 1119/806/29 1118/807/29 1082/787/29
f 1119/806/29 1082/787/29 1085/790/29
f 1120/823/29 1119/806/29 1085/790/29
f 1120/823/29 1085/790/29 1088/793/29
f 1121/824/29 1120/823/29 1088/793/29
f 1121/824/29 1088/793/29 1093/798/29
f 1122/825/29 1121/824/29 1093/798/29
f 1122/825/29 1093/798/29 1097/802/29
f 1123/826/29 1122/825/29 1097/802/29
f 1123/826/29 1097/802/29 1100/805/29
f 1124/827/29 1123/826/29 1100/805/29
f 1124/827/29 1100/805/29 1081/786/29
f 1125/828/29 1124/827/29 1081/786/29
f 1125/828/29 1081/786/29 1080/785/29
f 1126/829/29 1125/828/29 1080/785/29
f 1126/829/29 1080/785/29 1084/789/29
f 1127/830/29 1126/829/29 1084/789/29
f 1127/830/29 1084/789/29 1087/792/29
f 1128/831/29 1127/830/29 1087/792/29
f 1128/831/29 1087/792/29 1090/795/29
f 1129/832/29 1128/831/29 1090/795/29
f 1129/832/29 1090/795/29 1095/800/29
f 1106/811/29 1129/832/29 1095/800/29
f 1106/811/29 1095/800/29 1092/797/29
f 1130/833/102 1131/834/102 1132/835/102
f 1130/833/55 1132/835/55 1133/836/55
f 1134/829/29 1135/828/29 1136/837/29
f 1134/829/29 1136/837/29 1137/838/29
f 1138/509/92 1139/510/92 1140/136/92
f 1138/509/56 1140/136/56 1141/137/56
f 1142/829/57 1143/830/57 1144/839/57
f 1142/829/57 1144/839/57 1145/838/57
f 1146/512/103 1147/513/103 1148/141/103
f 1146/512/103 1148/141/103 1149/142/103
f 1150/514/59 1151/515/59 1152/145/59
f 1150/514/93 1152/145/93 1153/146/93
f 1139/510/60 1154/516/60 1155/517/60
f 1139/510/104 1155/517/104 1140/136/104
f 1135/828/29 1156/827/29 1157/840/29
f 1135/828/29 1157/840/29 1136/837/29
f 1147/513/61 1158/519/61 1159/151/61
f 1147/513/96 1159/151/96 1148/141/96
f 1160/841/62 1161/842/62 1162/843/62
f 1160/841/62 1162/843/62 1163/844/62
f 1164/806/57 1165/823/57 1166/845/57
f 1164/806/57 1166/845/57 1167/809/57
f 1158/519/63 1168/525/63 1169/526/63
f 1158/519/105 1169/526/105 1159/151/105
f 1161/842/64 1170/846/64 1171/847/64
f 1161/842/64 1171/847/64 1162/843/64
f 1172/827/57 1173/828/57 1174/837/57
f 1172/827/57 1174/837/57 1175/840/57
f 1168/525/65 1176/529/65 1177/162/65
f 1168/525/65 1177/162/65 1169/526/65
f 1170/846/66 1178/848/66 1179/849/66
f 1170/846/66 1179/849/66 1171/847/66
f 1156/827/29 1180/826/29 1181/850/29
f 1156/827/29 1181/850/29 1157/840/29
f 1165/823/57 1182/824/57 1183/851/57
f 1165/823/57 1183/851/57 1166/845/57
f 1178/848/67 1184/852/67 1185/853/67
f 1178/848/67 1185/853/67 1179/849/67
f 1180/826/29 1186/825/29 1187/854/29
f 1180/826/29 1187/854/29 1181/850/29
f 1188/825/57 1189/826/57 1190/850/57
f 1188/825/57 1190/850/57 1191/854/57
f 1184/852/68 1130/833/68 1133/836/68
f 1184/852/106 1133/836/106 1185/853/106
f 1143/830/57 1192/831/57 1193/855/57
f 1143/830/57 1193/855/57 1144/839/57
f 1151/515/94 1138/509/94 1141/137/94
f 1151/515/69 1141/137/69 1152/145/69
f 1194/171/69 1195/172/69 1138/509/69
f 1194/171/69 1138/509/69 1151/515/69
f 1196/173/70 1197/174/70 1198/538/70
f 1196/173/70 1198/538/70 1199/539/70
f 1200/856/68 1201/857/68 1130/833/68
f 1200/856/68 1130/833/68 1184/852/68
f 1202/542/71 1203/180/71 1204/543/71
f 1202/542/71 1204/543/71 1205/544/71
f 1206/858/72 1207/859/72 1208/841/72
f 1206/858/72 1208/841/72 1209/842/72
f 1210/860/67 1200/856/67 1184/852/67
f 1210/860/67 1184/852/67 1178/848/67
f 1211/186/73 1202/542/73 1205/544/73
f 1211/186/73 1205/544/73 1176/529/73
f 1212/861/74 1206/858/74 1209/842/74
f 1212/861/74 1209/842/74 1213/846/74
f 1214/861/66 1210/860/66 1178/848/66
f 1214/861/66 1178/848/66 1170/846/66
f 1215/549/65 1211/186/65 1176/529/65
f 1215/549/65 1176/529/65 1168/525/65
f 1216/860/75 1212/861/75 1213/846/75
f 1216/860/75 1213/846/75 1217/848/75
f 1218/858/64 1214/861/64 1170/846/64
f 1218/858/64 1170/846/64 1161/842/64
f 1219/189/63 1215/549/63 1168/525/63
f 1219/189/63 1168/525/63 1158/519/63
f 1220/856/76 1216/860/76 1217/848/76
f 1220/856/76 1217/848/76 1221/852/76
f 1222/859/62 1218/858/62 1161/842/62
f 1222/859/62 1161/842/62 1160/841/62
f 1223/190/61 1219/189/61 1158/519/61
f 1223/190/61 1158/519/61 1147/513/61
f 1224/857/77 1220/856/77 1221/852/77
f 1224/857/77 1221/852/77 1225/833/77
f 1226/191/60 1227/550/60 1154/516/60
f 1226/191/60 1154/516/60 1139/510/60
f 1228/193/59 1194/171/59 1151/515/59
f 1228/193/59 1151/515/59 1150/514/59
f 1229/194/97 1223/190/97 1147/513/97
f 1229/194/58 1147/513/58 1146/512/58
f 1230/862/78 1224/857/78 1225/833/78
f 1230/862/78 1225/833/78 1231/834/78
f 1195/172/107 1226/191/107 1139/510/107
f 1195/172/56 1139/510/56 1138/509/56
f 1197/174/79 1228/193/79 1150/514/79
f 1197/174/108 1150/514/108 1198/538/108
f 1201/857/55 1232/862/55 1131/834/55
f 1201/857/55 1131/834/55 1130/833/55
f 1203/180/80 1233/552/80 1234/553/80
f 1203/180/99 1234/553/99 1204/543/99
f 1235/863/81 1236/834/81 1237/835/81
f 1235/863/81 1237/835/81 1238/864/81
f 1239/865/81 1240/866/81 1241/867/81
f 1239/865/81 1241/867/81 1242/868/81
f 1236/834/81 1243/833/81 1244/836/81
f 1236/834/81 1244/836/81 1237/835/81
f 1243/833/81 1245/852/81 1246/853/81
f 1243/833/81 1246/853/81 1244/836/81
f 1245/852/81 1247/848/81 1248/849/81
f 1245/852/81 1248/849/81 1246/853/81
f 1247/848/81 1249/846/81 1250/847/81
f 1247/848/81 1250/847/81 1248/849/81
f 1249/846/81 1251/842/81 1252/843/81
f 1249/846/81 1252/843/81 1250/847/81
f 1253/869/81 1254/870/81 1255/871/81
f 1253/869/81 1255/871/81 1256/872/81
f 1251/842/81 1257/841/81 1258/844/81
f 1251/842/81 1258/844/81 1252/843/81
f 1254/870/81 1235/863/81 1238/864/81
f 1254/870/81 1238/864/81 1255/871/81
f 1257/841/81 1239/865/81 1242/868/81
f 1257/841/81 1242/868/81 1258/844/81
f 1182/824/57 1188/825/57 1191/854/57
f 1182/824/57 1191/854/57 1183/851/57
f 1259/830/29 1134/829/29 1137/838/29
f 1259/830/29 1137/838/29 1260/839/29
f 1189/826/57 1172/827/57 1175/840/57
f 1189/826/57 1175/840/57 1190/850/57
f 1261/823/29 1101/806/29 1104/809/29
f 1261/823/29 1104/809/29 1262/845/29
f 1150/514/82 1153/146/82 1263/208/82
f 1150/514/82 1263/208/82 1264/564/82
f 1265/807/57 1164/806/57 1167/809/57
f 1265/807/57 1167/809/57 1266/808/57
f 1177/162/65 1176/529/65 1267/564/65
f 1177/162/65 1267/564/65 1268/208/65
f 1269/831/29 1259/830/29 1260/839/29
f 1269/831/29 1260/839/29 1270/855/29
f 1271/824/29 1261/823/29 1262/845/29
f 1271/824/29 1262/845/29 1272/851/29
f 1173/828/57 1142/829/57 1145/838/57
f 1173/828/57 1145/838/57 1174/837/57
f 1192/831/57 1273/832/57 1274/873/57
f 1192/831/57 1274/873/57 1193/855/57
f 1275/832/29 1269/831/29 1270/855/29
f 1275/832/29 1270/855/29 1276/873/29
f 1186/825/29 1271/824/29 1272/851/29
f 1186/825/29 1272/851/29 1187/854/29
f 1277/874/35 1278/875/35 1279/876/35
f 1277/874/35 1279/876/35 1280/877/35
f 1281/878/14 1282/879/14 1283/880/14
f 1281/878/83 1283/880/83 1284/881/83
f 1285/882/13 1286/883/13 1287/884/13
f 1285/882/13 1287/884/13 1288/885/13
f 1289/886/12 1290/887/12 1291/888/12
f 1289/886/91 1291/888/91 1292/889/91
f 1293/890/11 1294/891/11 1295/892/11
f 1293/890/11 1295/892/11 1296/893/11
f 1284/881/10 1283/880/10 1297/894/10
f 1284/881/10 1297/894/10 1298/895/10
f 1288/885/9 1287/884/9 1299/896/9
f 1288/885/9 1299/896/9 1300/897/9
f 1292/889/8 1291/888/8 1301/898/8
f 1292/889/8 1301/898/8 1302/899/8
f 1296/893/7 1295/892/7 1303/900/7
f 1296/893/7 1303/900/7 1304/901/7
f 1298/895/6 1297/894/6 1305/902/6
f 1298/895/6 1305/902/6 1306/903/6
f 1300/897/4 1299/896/4 1290/887/4
f 1300/897/5 1290/887/5 1289/886/5
f 1302/899/3 1301/898/3 1307/904/3
f 1302/899/3 1307/904/3 1308/905/3
f 1304/901/84 1303/900/84 1309/906/84
f 1304/901/84 1309/906/84 1310/907/84
f 1306/903/85 1305/902/85 1311/908/85
f 1306/903/28 1311/908/28 1312/909/28
f 1308/905/27 1307/904/27 1313/910/27
f 1308/905/27 1313/910/27 1314/911/27
f 1310/907/26 1309/906/26 1315/912/26
f 1310/907/26 1315/912/26 1316/913/26
f 1312/909/25 1311/908/25 1317/914/25
f 1312/909/25 1317/914/25 1318/915/25
f 1314/911/24 1313/910/24 1319/916/24
f 1314/911/24 1319/916/24 1320/917/24
f 1316/913/23 1315/912/23 1321/918/23
f 1316/913/23 1321/918/23 1322/919/23
f 1318/915/22 1317/914/22 1323/920/22
f 1318/915/22 1323/920/22 1324/921/22
f 1320/917/21 1319/916/21 1325/922/21
f 1320/917/21 1325/922/21 1326/923/21
f 1322/919/20 1321/918/20 1327/924/20
f 1322/919/20 1327/924/20 1328/925/20
f 1324/921/19 1323/920/19 1329/926/19
f 1324/921/19 1329/926/19 1330/927/19
f 1326/923/18 1325/922/18 1282/879/18
f 1326/923/18 1282/879/18 1281/878/18
f 1328/925/17 1327/924/17 1286/883/17
f 1328/925/17 1286/883/17 1285/882/17
f 1330/927/15 1329/926/15 1294/891/15
f 1330/927/15 1294/891/15 1293/890/15
f 1331/928/29 1291/888/29 1290/887/29
f 1331/928/29 1290/887/29 1332/929/29
f 1333/930/29 1301/898/29 1291/888/29
f 1333/930/29 1291/888/29 1331/928/29
f 1334/931/29 1307/904/29 1301/898/29
f 1334/931/29 1301/898/29 1333/930/29
f 1335/932/29 1313/910/29 1307/904/29
f 1335/932/29 1307/904/29 1334/931/29
f 1336/933/29 1319/916/29 1313/910/29
f 1336/933/29 1313/910/29 1335/932/29
f 1337/934/29 1325/922/29 1319/916/29
f 1337/934/29 1319/916/29 1336/933/29
f 1338/935/29 1282/879/29 1325/922/29
f 1338/935/29 1325/922/29 1337/934/29
f 1339/936/29 1283/880/29 1282/879/29
f 1339/936/29 1282/879/29 1338/935/29
f 1340/937/29 1297/894/29 1283/880/29
f 1340/937/29 1283/880/29 1339/936/29
f 1341/938/29 1305/902/29 1297/894/29
f 1341/938/29 1297/894/29 1340/937/29
f 1277/874/29 1311/908/29 1305/902/29
f 1277/874/29 1305/902/29 1341/938/29
f 1280/877/29 1317/914/29 1311/908/29
f 1280/877/29 1311/908/29 1277/874/29
f 1342/939/29 1323/920/29 1317/914/29
f 1342/939/29 1317/914/29 1280/877/29
f 1343/940/29 1329/926/29 1323/920/29
f 1343/940/29 1323/920/29 1342/939/29
f 1344/941/29 1294/891/29 1329/926/29
f 1344/941/29 1329/926/29 1343/940/29
f 1345/942/29 1295/892/29 1294/891/29
f 1345/942/29 1294/891/29 1344/941/29
f 1346/943/29 1303/900/29 1295/892/29
f 1346/943/29 1295/892/29 1345/942/29
f 1347/944/29 1309/906/29 1303/900/29
f 1347/944/29 1303/900/29 1346/943/29
f 1348/945/29 1315/912/29 1309/906/29
f 1348/945/29 1309/906/29 1347/944/29
f 1349/946/29 1321/918/29 1315/912/29
f 1349/946/29 1315/912/29 1348/945/29
f 1350/947/29 1327/924/29 1321/918/29
f 1350/947/29 1321/918/29 1349/946/29
f 1351/948/29 1286/883/29 1327/924/29
f 1351/948/29 1327/924/29 1350/947/29
f 1352/949/29 1287/884/29 1286/883/29
f 1352/949/29 1286/883/29 1351/948/29
f 1353/950/29 1299/896/29 1287/884/29
f 1353/950/29 1287/884/29 1352/949/29
f 1332/929/29 1290/887/29 1299/896/29
f 1332/929/29 1299/896/29 1353/950/29
f 1335/932/34 1354/951/34 1355/952/34
f 1335/932/34 1355/952/34 1336/933/34
f 1348/945/33 1356/953/33 1357/954/33
f 1348/945/33 1357/954/33 1349/946/33
f 1280/877/32 1279/876/32 1358/955/32
f 1280/877/32 1358/955/32 1342/939/32
f 1336/933/31 1355/952/31 1359/956/31
f 1336/933/31 1359/956/31 1337/934/31
f 1349/946/30 1357/954/30 1360/957/30
f 1349/946/30 1360/957/30 1350/947/30
f 1342/939/1 1358/955/1 1361/958/1
f 1342/939/1 1361/958/1 1343/940/1
f 1337/934/54 1359/956/54 1362/959/54
f 1337/934/54 1362/959/54 1338/935/54
f 1350/947/53 1360/957/53 1363/960/53
f 1350/947/53 1363/960/53 1351/948/53
f 1343/940/109 1361/958/109 1364/961/109
f 1343/940/52 1364/961/52 1344/941/52
f 1338/935/86 1362/959/86 1365/962/86
f 1338/935/86 1365/962/86 1339/936/86
f 1351/948/49 1363/960/49 1366/963/49
f 1351/948/49 1366/963/49 1352/949/49
f 1332/929/48 1367/964/48 1368/965/48
f 1332/929/48 1368/965/48 1331/928/48
f 1344/941/47 1364/961/47 1369/966/47
f 1344/941/87 1369/966/87 1345/942/87
f 1339/936/46 1365/962/46 1370/967/46
f 1339/936/46 1370/967/46 1340/937/46
f 1352/949/45 1366/963/45 1371/968/45
f 1352/949/45 1371/968/45 1353/950/45
f 1331/928/44 1368/965/44 1372/969/44
f 1331/928/100 1372/969/100 1333/930/100
f 1345/942/43 1369/966/43 1373/970/43
f 1345/942/43 1373/970/43 1346/943/43
f 1340/937/42 1370/967/42 1374/971/42
f 1340/937/88 1374/971/88 1341/938/88
f 1353/950/41 1371/968/41 1367/964/41
f 1353/950/41 1367/964/41 1332/929/41
f 1333/930/89 1372/969/89 1375/972/89
f 1333/930/89 1375/972/89 1334/931/89
f 1346/943/90 1373/970/90 1376/973/90
f 1346/943/90 1376/973/90 1347/944/90
f 1341/938/38 1374/971/38 1278/875/38
f 1341/938/38 1278/875/38 1277/874/38
f 1334/931/37 1375/972/37 1354/951/37
f 1334/931/37 1354/951/37 1335/932/37
f 1347/944/36 1376/973/36 1356/953/36
f 1347/944/36 1356/953/36 1348/945/36
f 1377/974/29 1104/809/29 1103/808/29
f 1377/974/29 1103/808/29 1378/975/29
f 1379/976/29 1368/965/29 1367/964/29
f 1379/976/29 1367/964/29 1380/977/29
f 1381/978/29 1372/969/29 1368/965/29
f 1381/978/29 1368/965/29 1379/976/29
f 1382/979/29 1375/972/29 1372/969/29
f 1382/979/29 1372/969/29 1381/978/29
f 1383/980/29 1354/951/29 1375/972/29
f 1383/980/29 1375/972/29 1382/979/29
f 1384/981/29 1355/952/29 1354/951/29
f 1384/981/29 1354/951/29 1383/980/29
f 1385/982/29 1359/956/29 1355/952/29
f 1385/982/29 1355/952/29 1384/981/29
f 1386/983/29 1362/959/29 1359/956/29
f 1386/983/29 1359/956/29 1385/982/29
f 1387/984/29 1365/962/29 1362/959/29
f 1387/984/29 1362/959/29 1386/983/29
f 1388/985/29 1370/967/29 1365/962/29
f 1388/985/29 1365/962/29 1387/984/29
f 1389/986/29 1374/971/29 1370/967/29
f 1389/986/29 1370/967/29 1388/985/29
f 1390/987/29 1278/875/29 1374/971/29
f 1390/987/29 1374/971/29 1389/986/29
f 1391/988/29 1279/876/29 1278/875/29
f 1391/988/29 1278/875/29 1390/987/29
f 1392/975/29 1358/955/29 1279/876/29
f 1392/975/29 1279/876/29 1391/988/29
f 1393/974/29 1361/958/29 1358/955/29
f 1393/974/29 1358/955/29 1392/975/29
f 1394/989/29 1364/961/29 1361/958/29
f 1394/989/29 1361/958/29 1393/974/29
f 1395/990/29 1369/966/29 1364/961/29
f 1395/990/29 1364/961/29 1394/989/29
f 1396/991/29 1373/970/29 1369/966/29
f 1396/991/29 1369/966/29 1395/990/29
f 1397/992/29 1376/973/29 1373/970/29
f 1397/992/29 1373/970/29 1396/991/29
f 1398/993/29 1356/953/29 1376/973/29
f 1398/993/29 1376/973/29 1397/992/29
f 1399/994/29 1357/954/29 1356/953/29
f 1399/994/29 1356/953/29 1398/993/29
f 1400/995/29 1360/957/29 1357/954/29
f 1400/995/29 1357/954/29 1399/994/29
f 1401/996/29 1363/960/29 1360/957/29
f 1401/996/29 1360/957/29 1400/995/29
f 1402/997/29 1366/963/29 1363/960/29
f 1402/997/29 1363/960/29 1401/996/29
f 1403/998/29 1371/968/29 1366/963/29
f 1403/998/29 1366/963/29 1402/997/29
f 1380/977/29 1367/964/29 1371/968/29
f 1380/977/29 1371/968/29 1403/998/29
f 1404/833/78 1405/836/78 1406/835/78
f 1404/833/78 1406/835/78 1407/834/78
f 1408/995/29 1137/838/29 1136/837/29
f 1408/995/29 1136/837/29 1409/994/29
f 1410/691/79 1411/337/79 1412/338/79
f 1410/691/98 1412/338/98 1413/692/98
f 1414/995/57 1145/838/57 1144/839/57
f 1414/995/57 1144/839/57 1415/996/57
f 1416/693/80 1417/341/80 1418/342/80
f 1416/693/110 1418/342/110 1419/694/110
f 1420/695/69 1421/345/69 1422/346/69
f 1420/695/94 1422/346/94 1423/696/94
f 1413/692/70 1412/338/70 1424/348/70
f 1413/692/70 1424/348/70 1425/697/70
f 1409/994/29 1136/837/29 1157/840/29
f 1409/994/29 1157/840/29 1426/993/29
f 1419/694/71 1418/342/71 1427/350/71
f 1419/694/95 1427/350/95 1428/698/95
f 1429/841/72 1430/844/72 1431/843/72
f 1429/841/111 1431/843/111 1432/842/111
f 1433/974/57 1167/809/57 1166/845/57
f 1433/974/57 1166/845/57 1434/989/57
f 1428/698/73 1427/350/73 1435/352/73
f 1428/698/73 1435/352/73 1436/699/73
f 1432/842/74 1431/843/74 1437/847/74
f 1432/842/74 1437/847/74 1438/846/74
f 1439/993/57 1175/840/57 1174/837/57
f 1439/993/57 1174/837/57 1440/994/57
f 1436/699/65 1435/352/65 1441/354/65
f 1436/699/65 1441/354/65 1442/700/65
f 1438/846/75 1437/847/75 1443/849/75
f 1438/846/75 1443/849/75 1444/848/75
f 1426/993/29 1157/840/29 1181/850/29
f 1426/993/29 1181/850/29 1445/992/29
f 1434/989/57 1166/845/57 1183/851/57
f 1434/989/57 1183/851/57 1446/990/57
f 1444/848/76 1443/849/76 1447/853/76
f 1444/848/76 1447/853/76 1448/852/76
f 1445/992/29 1181/850/29 1187/854/29
f 1445/992/29 1187/854/29 1449/991/29
f 1450/991/57 1191/854/57 1190/850/57
f 1450/991/57 1190/850/57 1451/992/57
f 1448/852/77 1447/853/77 1405/836/77
f 1448/852/77 1405/836/77 1404/833/77
f 1415/996/57 1144/839/57 1193/855/57
f 1415/996/57 1193/855/57 1452/997/57
f 1423/696/93 1422/346/93 1411/337/93
f 1423/696/59 1411/337/59 1410/691/59
f 1453/356/59 1423/696/59 1410/691/59
f 1453/356/59 1410/691/59 1454/357/59
f 1455/358/60 1456/701/60 1457/702/60
f 1455/358/60 1457/702/60 1458/361/60
f 1459/856/77 1448/852/77 1404/833/77
f 1459/856/77 1404/833/77 1460/857/77
f 1461/362/61 1462/703/61 1463/704/61
f 1461/362/61 1463/704/61 1464/365/61
f 1465/858/112 1466/842/112 1467/841/112
f 1465/858/62 1467/841/62 1468/859/62
f 1469/860/76 1444/848/76 1448/852/76
f 1469/860/76 1448/852/76 1459/856/76
f 1470/366/63 1442/700/63 1462/703/63
f 1470/366/63 1462/703/63 1461/362/63
f 1471/861/64 1472/846/64 1466/842/64
f 1471/861/64 1466/842/64 1465/858/64
f 1473/861/75 1438/846/75 1444/848/75
f 1473/861/75 1444/848/75 1469/860/75
f 1474/367/65 1436/699/65 1442/700/65
f 1474/367/65 1442/700/65 1470/366/65
f 1475/860/66 1476/848/66 1472/846/66
f 1475/860/66 1472/846/66 1471/861/66
f 1477/858/74 1432/842/74 1438/846/74
f 1477/858/74 1438/846/74 1473/861/74
f 1478/368/73 1428/698/73 1436/699/73
f 1478/368/73 1436/699/73 1474/367/73
f 1479/856/67 1480/852/67 1476/848/67
f 1479/856/67 1476/848/67 1475/860/67
f 1481/859/72 1429/841/72 1432/842/72
f 1481/859/111 1432/842/111 1477/858/111
f 1482/369/71 1419/694/71 1428/698/71
f 1482/369/71 1428/698/71 1478/368/71
f 1483/857/68 1484/833/68 1480/852/68
f 1483/857/68 1480/852/68 1479/856/68
f 1485/370/70 1413/692/70 1425/697/70
f 1485/370/70 1425/697/70 1486/371/70
f 1487/372/69 1420/695/69 1423/696/69
f 1487/372/69 1423/696/69 1453/356/69
f 1488/373/80 1416/693/80 1419/694/80
f 1488/373/99 1419/694/99 1482/369/99
f 1489/862/55 1490/834/55 1484/833/55
f 1489/862/55 1484/833/55 1483/857/55
f 1454/357/79 1410/691/79 1413/692/79
f 1454/357/108 1413/692/108 1485/370/108
f 1458/361/107 1457/702/107 1420/695/107
f 1458/361/56 1420/695/56 1487/372/56
f 1460/857/78 1404/833/78 1407/834/78
f 1460/857/78 1407/834/78 1491/862/78
f 1464/365/97 1463/704/97 1492/705/97
f 1464/365/58 1492/705/58 1493/375/58
f 1446/990/57 1183/851/57 1191/854/57
f 1446/990/57 1191/854/57 1450/991/57
f 1494/996/29 1260/839/29 1137/838/29
f 1494/996/29 1137/838/29 1408/995/29
f 1451/992/57 1190/850/57 1175/840/57
f 1451/992/57 1175/840/57 1439/993/57
f 1495/989/29 1262/845/29 1104/809/29
f 1495/989/29 1104/809/29 1377/974/29
f 1420/695/82 1264/564/82 1263/208/82
f 1420/695/82 1263/208/82 1421/345/82
f 1496/975/57 1266/808/57 1167/809/57
f 1496/975/57 1167/809/57 1433/974/57
f 1441/354/65 1268/208/65 1267/564/65
f 1441/354/65 1267/564/65 1442/700/65
f 1497/997/29 1270/855/29 1260/839/29
f 1497/997/29 1260/839/29 1494/996/29
f 1498/990/29 1272/851/29 1262/845/29
f 1498/990/29 1262/845/29 1495/989/29
f 1440/994/57 1174/837/57 1145/838/57
f 1440/994/57 1145/838/57 1414/995/57
f 1452/997/57 1193/855/57 1274/873/57
f 1452/997/57 1274/873/57 1499/998/57
f 1500/998/29 1276/873/29 1270/855/29
f 1500/998/29 1270/855/29 1497/997/29
f 1449/991/29 1187/854/29 1272/851/29
f 1449/991/29 1272/851/29 1498/990/29
f 43/43/57 5/5/57 49/49/57
f 5/5/57 43/43/57 6/6/57
f 6/6/57 43/43/57 37/37/57
f 6/6/57 37/37/57 21/21/57
f 21/21/57 37/37/57 31/31/57
f 21/21/57 31/31/57 29/29/57
f 29/29/57 31/31/57 25/25/57
f 29/29/57 25/25/57 35/35/57
f 35/35/57 25/25/57 14/14/57
f 35/35/57 14/14/57 41/41/57
f 41/41/57 14/14/57 13/13/57
f 41/41/57 13/13/57 47/47/57
f 47/47/57 13/13/57 23/23/57
f 47/47/57 23/23/57 53/53/57
f 53/53/57 23/23/57 10/10/57
f 53/53/57 10/10/57 17/17/57
f 17/17/57 10/10/57 9/9/57
f 17/17/57 9/9/57 18/18/57
f 18/18/57 9/9/57 51/51/57
f 18/18/57 51/51/57 27/27/57
f 27/27/57 51/51/57 45/45/57
f 27/27/57 45/45/57 33/33/57
f 33/33/57 45/45/57 39/39/57
f 1501/112/29 1502/110/29 1503/111/29
f 1502/110/29 1501/112/29 1504/113/29
f 1502/110/29 1504/113/29 1505/109/29
f 1505/109/29 1504/113/29 1506/114/29
f 1505/109/29 1506/114/29 1507/108/29
f 1507/108/29 1506/114/29 1508/115/29
f 1507/108/29 1508/115/29 1509/107/29
f 1509/107/29 1508/115/29 1510/116/29
f 1509/107/29 1510/116/29 1511/105/29
f 1511/105/29 1510/116/29 1512/117/29
f 1511/105/29 1512/117/29 1513/106/29
f 1513/106/29 1512/117/29 102/102/29
f 1513/106/29 102/102/29 275/127/29
f 275/127/29 102/102/29 101/101/29
f 275/127/29 101/101/29 269/126/29
f 269/126/29 101/101/29 261/118/29
f 269/126/29 261/118/29 259/125/29
f 259/125/29 261/118/29 271/119/29
f 259/125/29 271/119/29 134/124/29
f 134/124/29 271/119/29 186/120/29
f 134/124/29 186/120/29 135/123/29
f 135/123/29 186/120/29 180/121/29
f 135/123/29 180/121/29 156/122/29
f 322/256/57 310/244/57 316/250/57
f 310/244/57 322/256/57 304/238/57
f 304/238/57 322/256/57 328/262/57
f 304/238/57 328/262/57 296/230/57
f 296/230/57 328/262/57 285/219/57
f 296/230/57 285/219/57 293/227/57
f 293/227/57 285/219/57 288/222/57
f 293/227/57 288/222/57 330/264/57
f 330/264/57 288/222/57 300/234/57
f 330/264/57 300/234/57 324/258/57
f 324/258/57 300/234/57 289/223/57
f 324/258/57 289/223/57 318/252/57
f 318/252/57 289/223/57 292/226/57
f 318/252/57 292/226/57 312/246/57
f 312/246/57 292/226/57 302/236/57
f 312/246/57 302/236/57 306/240/57
f 306/240/57 302/236/57 308/242/57
f 306/240/57 308/242/57 298/232/57
f 298/232/57 308/242/57 314/248/57
f 298/232/57 314/248/57 284/218/57
f 284/218/57 314/248/57 320/254/57
f 284/218/57 320/254/57 281/215/57
f 281/215/57 320/254/57 326/260/57
f 445/329/29 409/331/29 426/330/29
f 409/331/29 445/329/29 449/328/29
f 409/331/29 449/328/29 408/332/29
f 408/332/29 449/328/29 498/327/29
f 408/332/29 498/327/29 494/333/29
f 494/333/29 498/327/29 495/326/29
f 494/333/29 495/326/29 497/334/29
f 497/334/29 495/326/29 377/311/29
f 497/334/29 377/311/29 500/335/29
f 500/335/29 377/311/29 378/312/29
f 500/335/29 378/312/29 1514/314/29
f 1514/314/29 378/312/29 1515/325/29
f 1514/314/29 1515/325/29 1516/313/29
f 1516/313/29 1515/325/29 1517/324/29
f 1516/313/29 1517/324/29 1518/315/29
f 1518/315/29 1517/324/29 1519/323/29
f 1518/315/29 1519/323/29 1520/316/29
f 1520/316/29 1519/323/29 1521/322/29
f 1520/316/29 1521/322/29 1522/317/29
f 1522/317/29 1521/322/29 1523/321/29
f 1522/317/29 1523/321/29 1524/318/29
f 1524/318/29 1523/321/29 1525/320/29
f 1524/318/29 1525/320/29 1526/319/29
f 543/418/57 505/380/57 549/424/57
f 505/380/57 543/418/57 506/381/57
f 506/381/57 543/418/57 537/412/57
f 506/381/57 537/412/57 521/396/57
f 521/396/57 537/412/57 531/406/57
f 521/396/57 531/406/57 529/404/57
f 529/404/57 531/406/57 525/400/57
f 529/404/57 525/400/57 535/410/57
f 535/410/57 525/400/57 514/389/57
f 535/410/57 514/389/57 541/416/57
f 541/416/57 514/389/57 513/388/57
f 541/416/57 513/388/57 547/422/57
f 547/422/57 513/388/57 523/398/57
f 547/422/57 523/398/57 553/428/57
f 553/428/57 523/398/57 510/385/57
f 553/428/57 510/385/57 517/392/57
f 517/392/57 510/385/57 509/384/57
f 517/392/57 509/384/57 518/393/57
f 518/393/57 509/384/57 551/426/57
f 518/393/57 551/426/57 527/402/57
f 527/402/57 551/426/57 545/420/57
f 527/402/57 545/420/57 533/408/57
f 533/408/57 545/420/57 539/414/57
f 1527/487/29 1528/485/29 1529/486/29
f 1528/485/29 1527/487/29 1530/488/29
f 1528/485/29 1530/488/29 1531/484/29
f 1531/484/29 1530/488/29 1532/489/29
f 1531/484/29 1532/489/29 1533/483/29
f 1533/483/29 1532/489/29 1534/490/29
f 1533/483/29 1534/490/29 1535/482/29
f 1535/482/29 1534/490/29 1536/491/29
f 1535/482/29 1536/491/29 1537/480/29
f 1537/480/29 1536/491/29 1538/492/29
f 1537/480/29 1538/492/29 1539/481/29
f 1539/481/29 1538/492/29 602/477/29
f 1539/481/29 602/477/29 775/502/29
f 775/502/29 602/477/29 601/476/29
f 775/502/29 601/476/29 769/501/29
f 769/501/29 601/476/29 761/493/29
f 769/501/29 761/493/29 759/500/29
f 759/500/29 761/493/29 771/494/29
f 759/500/29 771/494/29 634/499/29
f 634/499/29 771/494/29 686/495/29
f 634/499/29 686/495/29 635/498/29
f 635/498/29 686/495/29 680/496/29
f 635/498/29 680/496/29 656/497/29
f 822/611/57 810/599/57 816/605/57
f 810/599/57 822/611/57 804/593/57
f 804/593/57 822/611/57 828/617/57
f 804/593/57 828/617/57 796/585/57
f 796/585/57 828/617/57 785/574/57
f 796/585/57 785/574/57 793/582/57
f 793/582/57 785/574/57 788/577/57
f 793/582/57 788/577/57 830/619/57
f 830/619/57 788/577/57 800/589/57
f 830/619/57 800/589/57 824/613/57
f 824/613/57 800/589/57 789/578/57
f 824/613/57 789/578/57 818/607/57
f 818/607/57 789/578/57 792/581/57
f 818/607/57 792/581/57 812/601/57
f 812/601/57 792/581/57 802/591/57
f 812/601/57 802/591/57 806/595/57
f 806/595/57 802/591/57 808/597/57
f 806/595/57 808/597/57 798/587/57
f 798/587/57 808/597/57 814/603/57
f 798/587/57 814/603/57 784/573/57
f 784/573/57 814/603/57 820/609/57
f 784/573/57 820/609/57 781/570/57
f 781/570/57 820/609/57 826/615/57
f 945/684/29 909/686/29 926/685/29
f 909/686/29 945/684/29 949/683/29
f 909/686/29 949/683/29 908/687/29
f 908/687/29 949/683/29 998/682/29
f 908/687/29 998/682/29 994/688/29
f 994/688/29 998/682/29 995/681/29
f 994/688/29 995/681/29 997/689/29
f 997/689/29 995/681/29 877/666/29
f 997/689/29 877/666/29 1000/690/29
f 1000/690/29 877/666/29 878/667/29
f 1000/690/29 878/667/29 1540/669/29
f 1540/669/29 878/667/29 1541/680/29
f 1540/669/29 1541/680/29 1542/668/29
f 1542/668/29 1541/680/29 1543/679/29
f 1542/668/29 1543/679/29 1544/670/29
f 1544/670/29 1543/679/29 1545/678/29
f 1544/670/29 1545/678/29 1546/671/29
f 1546/671/29 1545/678/29 1547/677/29
f 1546/671/29 1547/677/29 1548/672/29
f 1548/672/29 1547/677/29 1549/676/29
f 1548/672/29 1549/676/29 1550/673/29
f 1550/673/29 1549/676/29 1551/675/29
f 1550/673/29 1551/675/29 1552/674/29
f 1043/748/57 1005/710/57 1049/754/57
f 1005/710/57 1043/748/57 1006/711/57
f 1006/711/57 1043/748/57 1037/742/57
f 1006/711/57 1037/742/57 1021/726/57
f 1021/726/57 1037/742/57 1031/736/57
f 1021/726/57 1031/736/57 1029/734/57
f 1029/734/57 1031/736/57 1025/730/57
f 1029/734/57 1025/730/57 1035/740/57
f 1035/740/57 1025/730/57 1014/719/57
f 1035/740/57 1014/719/57 1041/746/57
f 1041/746/57 1014/719/57 1013/718/57
f 1041/746/57 1013/718/57 1047/752/57
f 1047/752/57 1013/718/57 1023/728/57
f 1047/752/57 1023/728/57 1053/758/57
f 1053/758/57 1023/728/57 1010/715/57
f 1053/758/57 1010/715/57 1017/722/57
f 1017/722/57 1010/715/57 1009/714/57
f 1017/722/57 1009/714/57 1018/723/57
f 1018/723/57 1009/714/57 1051/756/57
f 1018/723/57 1051/756/57 1027/732/57
f 1027/732/57 1051/756/57 1045/750/57
f 1027/732/57 1045/750/57 1033/738/57
f 1033/738/57 1045/750/57 1039/744/57
f 1553/817/29 1554/815/29 1555/816/29
f 1554/815/29 1553/817/29 1556/818/29
f 1554/815/29 1556/818/29 1557/814/29
f 1557/814/29 1556/818/29 1558/819/29
f 1557/814/29 1558/819/29 1559/813/29
f 1559/813/29 1558/819/29 1560/820/29
f 1559/813/29 1560/820/29 1561/812/29
f 1561/812/29 1560/820/29 1562/821/29
f 1561/812/29 1562/821/29 1563/810/29
f 1563/810/29 1562/821/29 1564/822/29
f 1563/810/29 1564/822/29 1565/811/29
f 1565/811/29 1564/822/29 1102/807/29
f 1565/811/29 1102/807/29 1275/832/29
f 1275/832/29 1102/807/29 1101/806/29
f 1275/832/29 1101/806/29 1269/831/29
f 1269/831/29 1101/806/29 1261/823/29
f 1269/831/29 1261/823/29 1259/830/29
f 1259/830/29 1261/823/29 1271/824/29
f 1259/830/29 1271/824/29 1134/829/29
f 1134/829/29 1271/824/29 1186/825/29
f 1134/829/29 1186/825/29 1135/828/29
f 1135/828/29 1186/825/29 1180/826/29
f 1135/828/29 1180/826/29 1156/827/29
f 1322/919/57 1310/907/57 1316/913/57
f 1310/907/57 1322/919/57 1304/901/57
f 1304/901/57 1322/919/57 1328/925/57
f 1304/901/57 1328/925/57 1296/893/57
f 1296/893/57 1328/925/57 1285/882/57
f 1296/893/57 1285/882/57 1293/890/57
f 1293/890/57 1285/882/57 1288/885/57
f 1293/890/57 1288/885/57 1330/927/57
f 1330/927/57 1288/885/57 1300/897/57
f 1330/927/57 1300/897/57 1324/921/57
f 1324/921/57 1300/897/57 1289/886/57
f 1324/921/57 1289/886/57 1318/915/57
f 1318/915/57 1289/886/57 1292/889/57
f 1318/915/57 1292/889/57 1312/909/57
f 1312/909/57 1292/889/57 1302/899/57
f 1312/909/57 1302/899/57 1306/903/57
f 1306/903/57 1302/899/57 1308/905/57
f 1306/903/57 1308/905/57 1298/895/57
f 1298/895/57 1308/905/57 1314/911/57
f 1298/895/57 1314/911/57 1284/881/57
f 1284/881/57 1314/911/57 1320/917/57
f 1284/881/57 1320/917/57 1281/878/57
f 1281/878/57 1320/917/57 1326/923/57
f 1445/992/29 1409/994/29 1426/993/29
f 1409/994/29 1445/992/29 1449/991/29
f 1409/994/29 1449/991/29 1408/995/29
f 1408/995/29 1449/991/29 1498/990/29
f 1408/995/29 1498/990/29 1494/996/29
f 1494/996/29 1498/990/29 1495/989/29
f 1494/996/29 1495/989/29 1497/997/29
f 1497/997/29 1495/989/29 1377/974/29
f 1497/997/29 1377/974/29 1500/998/29
f 1500/998/29 1377/974/29 1378/975/29
f 1500/998/29 1378/975/29 1566/977/29
f 1566/977/29 1378/975/29 1567/988/29
f 1566/977/29 1567/988/29 1568/976/29
f 1568/976/29 1567/988/29 1569/987/29
f 1568/976/29 1569/987/29 1570/978/29
f 1570/978/29 1569/987/29 1571/986/29
f 1570/978/29 1571/986/29 1572/979/29
f 1572/979/29 1571/986/29 1573/985/29
f 1572/979/29 1573/985/29 1574/980/29
f 1574/980/29 1573/985/29 1575/984/29
f 1574/980/29 1575/984/29 1576/981/29
f 1576/981/29 1575/984/29 1577/983/29
f 1576/981/29 1577/983/29 1578/982/29
# Vertices: 1578, normals: 112, texture coordinates: 998, faces: 2298

o obj2
v -2.34001513 0.16768832 -2.99390225
v -2.34001513 0.16768814 -3.58234823
v -2.34001513 -1.13187588 -3.58234783
v -2.34001513 -1.1318757 -2.99390186
v -1.59028463 0.16768814 -3.58234823
v -1.59028463 0.16768832 -2.99390225
v -1.59028463 -1.1318757 -2.99390186
v -1.59028463 -1.13187588 -3.58234783
v -1.59028463 0.16768814 -3.58234823
v -1.59028463 -1.13187588 -3.58234783
v -2.34001513 -1.13187588 -3.58234783
v -2.34001513 0.16768814 -3.58234823
v -2.26898394 -0.25486028 -2.99355134
v -2.26898394 -0.27698524 -2.99355134
v -1.66131582 -0.27698524 -2.99355134
v -1.66131582 -0.25486028 -2.99355134
v -2.26898394 -1.0918464 -2.99355109
v -1.66131582 -1.0918464 -2.99355109
v -1.66163185 -1.09147481 -3.53510971
v -2.26866791 -1.09147481 -3.53510971
v -1.66131582 -1.0918464 -2.99355109
v -1.66131582 -0.70932714 -2.99355121
v -1.66163185 -0.70969903 -3.53510983
v -1.66163185 -1.09147481 -3.53510971
v -1.66131582 0.12765891 -2.99355146
v -1.66055282 0.16797354 -2.99371193
v -2.26974694 0.16797354 -2.99371193
v -2.26898394 0.12765891 -2.99355146
v -2.26898394 -0.68720214 -2.99355121
v -2.26898394 -0.70932714 -2.99355121
v -1.66131582 -0.70932714 -2.99355121
v -1.66131582 -0.68720214 -2.99355121
v -2.26898394 -0.68720214 -2.99355121
v -1.66131582 -0.68720214 -2.99355121
v -1.66163185 -0.68683055 -3.53510984
v -2.26866791 -0.68683055 -3.53510984
v -1.66055282 -1.13216093 -2.99371153
v -1.66131582 -1.0918464 -2.99355109
v -2.26898394 -1.0918464 -2.99355109
v -2.26974694 -1.13216093 -2.99371153
v -1.66163185 -1.09147481 -3.53510971
v -1.66163185 -0.70969903 -3.53510983
v -2.26866791 -0.70969903 -3.53510983
v -2.26866791 -1.09147481 -3.53510971
v -1.66163185 -0.68683055 -3.53510984
v -1.66163185 -0.27735716 -3.53510996
v -2.26866791 -0.27735716 -3.53510996
v -2.26866791 -0.68683055 -3.53510984
v -1.66163185 -0.25448868 -3.53510997
v -1.66163185 0.12728704 -3.53511008
v -2.26866791 0.12728704 -3.53511008
v -2.26866791 -0.25448868 -3.53510997
v -1.66131582 -0.27698524 -2.99355134
v -2.26898394 -0.27698524 -2.99355134
v -2.26866791 -0.27735716 -3.53510996
v -1.66163185 -0.27735716 -3.53510996
v -1.66131582 -0.68720214 -2.99355121
v -1.66131582 -0.27698524 -2.99355134
v -1.66163185 -0.27735716 -3.53510996
v -1.66163185 -0.68683055 -3.53510984
v -2.26898394 -0.70932714 -2.99355121
v -2.26898394 -1.0918464 -2.99355109
v -2.26866791 -1.09147481 -3.53510971
v -2.26866791 -0.70969903 -3.53510983
v -1.66131582 -0.70932714 -2.99355121
v -2.26898394 -0.70932714 -2.99355121
v -2.26866791 -0.70969903 -3.53510983
v -1.66163185 -0.70969903 -3.53510983
v -1.66131582 0.12765891 -2.99355146
v -2.26898394 0.12765891 -2.99355146
v -2.26866791 0.12728704 -3.53511008
v -1.66163185 0.12728704 -3.53511008
v -2.26898394 -0.27698524 -2.99355134
v -2.26898394 -0.68720214 -2.99355121
v -2.26866791 -0.68683055 -3.53510984
v -2.26866791 -0.27735716 -3.53510996
v -2.26898394 0.12765891 -2.99355146
v -2.26898394 -0.25486028 -2.99355134
v -2.26866791 -0.25448868 -3.53510997
v -2.26866791 0.12728704 -3.53511008
v -2.26898394 -0.25486028 -2.99355134
v -1.66131582 -0.25486028 -2.99355134
v -1.66163185 -0.25448868 -3.53510997
v -2.26866791 -0.25448868 -3.53510997
v -1.66131582 -0.25486028 -2.99355134
v -1.66131582 0.12765891 -2.99355146
v -1.66163185 0.12728704 -3.53511008
v -1.66163185 -0.25448868 -3.53510997
v -1.6744241 0.11224047 -2.99607599
v -1.6744241 -0.23944173 -2.99607589
v -1.67493963 -0.23883533 -2.99290078
v -1.67493963 0.11163407 -2.99290088
v -2.25587566 -0.23944173 -2.99607589
v -2.25587566 0.11224047 -2.99607599
v -2.25536013 0.11163407 -2.99290088
v -2.25536013 -0.23883533 -2.99290078
v -1.6744241 -0.23944173 -2.99607589
v -2.25587566 -0.23944173 -2.99607589
v -2.25536013 -0.23883533 -2.99290078
v -1.67493963 -0.23883533 -2.99290078
v -1.6744241 0.11224047 -2.99607599
v -2.25587566 0.11224047 -2.99607599
v -1.6744241 -0.23944173 -2.99607589
v -2.25587566 -0.72474565 -2.99607574
v -2.25587566 -1.07642786 -2.99607563
v -1.6744241 -1.07642786 -2.99607563
v -2.25587566 -0.23944173 -2.99607589
v -1.6744241 -0.29240379 -2.99607587
v -2.25587566 -0.29240379 -2.99607587
v -1.6744241 -0.72474565 -2.99607574
v -2.25587566 -0.6717836 -2.99607575
v -1.6744241 -0.6717836 -2.99607575
v -2.25536013 -0.72535203 -2.99290063
v -1.67493963 -0.72535203 -2.99290063
v -1.67493963 -1.0758215 -2.99290052
v -2.25536013 -1.0758215 -2.99290052
v -2.25536013 -0.67117719 -2.99290065
v -2.25536013 -0.29301019 -2.99290076
v -1.67493963 -0.29301019 -2.99290076
v -1.67493963 -0.67117719 -2.99290065
v -1.67493963 0.11163407 -2.99290088
v -1.67493963 -0.23883533 -2.99290078
v -2.25536013 -0.23883533 -2.99290078
v -2.25536013 0.11163407 -2.99290088
v -1.6744241 -0.6717836 -2.99607575
v -2.25587566 -0.6717836 -2.99607575
v -2.25536013 -0.67117719 -2.99290065
v -1.67493963 -0.67117719 -2.99290065
v -2.25587566 -0.29240379 -2.99607587
v -1.6744241 -0.29240379 -2.99607587
v -1.67493963 -0.29301019 -2.99290076
v -2.25536013 -0.29301019 -2.99290076
v -2.25587566 -1.07642786 -2.99607563
v -2.25587566 -0.72474565 -2.99607574
v -2.25536013 -0.72535203 -2.99290063
v -2.25536013 -1.0758215 -2.99290052
v -1.6744241 -0.29240379 -2.99607587
v -1.6744241 -0.6717836 -2.99607575
v -1.67493963 -0.67117719 -2.99290065
v -1.67493963 -0.29301019 -2.99290076
v -1.6744241 -0.72474565 -2.99607574
v -1.6744241 -1.07642786 -2.99607563
v -1.67493963 -1.0758215 -2.99290052
v -1.67493963 -0.72535203 -2.99290063
v -1.6744241 -1.07642786 -2.99607563
v -2.25587566 -1.07642786 -2.99607563
v -2.25536013 -1.0758215 -2.99290052
v -1.67493963 -1.0758215 -2.99290052
v -2.25587566 -0.6717836 -2.99607575
v -2.25587566 -0.29240379 -2.99607587
v -2.25536013 -0.29301019 -2.99290076
v -2.25536013 -0.67117719 -2.99290065
v -2.25587566 0.11224047 -2.99607599
v -1.6744241 0.11224047 -2.99607599
v -1.67493963 0.11163407 -2.99290088
v -2.25536013 0.11163407 -2.99290088
v -2.25587566 -0.72474565 -2.99607574
v -1.6744241 -0.72474565 -2.99607574
v -1.67493963 -0.72535203 -2.99290063
v -2.25536013 -0.72535203 -2.99290063
v -2.33785705 0.1651499 -2.99559607
v -2.33785705 -1.12933729 -2.99559568
v -2.33785705 -1.12933746 -3.58065402
v -2.33785705 0.16514972 -3.58065441
v -1.5924427 0.16514972 -3.58065441
v -1.5924427 -1.12933746 -3.58065402
v -1.5924427 -1.12933729 -2.99559568
v -1.5924427 0.1651499 -2.99559607
v -1.5924427 0.16514972 -3.58065441
v -2.33785705 0.16514972 -3.58065441
v -2.33785705 -1.12933746 -3.58065402
v -1.5924427 -1.12933746 -3.58065402
v -2.27050994 -0.25665518 -2.99594672
v -1.65978982 -0.25665518 -2.99594672
v -1.65978982 -0.27519034 -2.99594672
v -2.27050994 -0.27519034 -2.99594672
v -2.27050994 -1.0936413 -2.99594647
v -2.27082598 -1.09401322 -3.53680353
v -1.65947378 -1.09401322 -3.53680353
v -1.65978982 -1.0936413 -2.99594647
v -1.65978982 -1.0936413 -2.99594647
v -1.65947378 -1.09401322 -3.53680353
v -1.65947378 -0.70716062 -3.53680365
v -1.65978982 -0.70753218 -2.99594659
v -1.65978982 0.12945391 -2.99594684
v -2.27050994 0.12945391 -2.99594684
v -2.26974694 0.16486468 -2.9957864
v -1.66055282 0.16486468 -2.9957864
v -2.27050994 -0.68899704 -2.99594659
v -1.65978982 -0.68899704 -2.99594659
v -1.65978982 -0.70753218 -2.99594659
v -2.27050994 -0.70753218 -2.99594659
v -2.27050994 -0.68899704 -2.99594659
v -2.27082598 -0.68936897 -3.53680365
v -1.65947378 -0.68936897 -3.53680365
v -1.65978982 -0.68899704 -2.99594659
v -1.66055282 -1.12905206 -2.995786
v -2.26974694 -1.12905206 -2.995786
v -2.27050994 -1.0936413 -2.99594647
v -1.65978982 -1.0936413 -2.99594647
v -1.65947378 -1.09401322 -3.53680353
v -2.27082598 -1.09401322 -3.53680353
v -2.27082598 -0.70716062 -3.53680365
v -1.65947378 -0.70716062 -3.53680365
v -1.65947378 -0.68936897 -3.53680365
v -2.27082598 -0.68936897 -3.53680365
v -2.27082598 -0.27481875 -3.53680378
v -1.65947378 -0.27481875 -3.53680378
v -1.65947378 -0.2570271 -3.53680379
v -2.27082598 -0.2570271 -3.53680379
v -2.27082598 0.12982546 -3.5368039
v -1.65947378 0.12982546 -3.5368039
v -1.65978982 -0.27519034 -2.99594672
v -1.65947378 -0.27481875 -3.53680378
v -2.27082598 -0.27481875 -3.53680378
v -2.27050994 -0.27519034 -2.99594672
v -1.65978982 -0.68899704 -2.99594659
v -1.65947378 -0.68936897 -3.53680365
v -1.65947378 -0.27481875 -3.53680378
v -1.65978982 -0.27519034 -2.99594672
v -2.27050994 -0.70753218 -2.99594659
v -2.27082598 -0.70716062 -3.53680365
v -2.27082598 -1.09401322 -3.53680353
v -2.27050994 -1.0936413 -2.99594647
v -1.65978982 -0.70753218 -2.99594659
v -1.65947378 -0.70716062 -3.53680365
v -2.27082598 -0.70716062 -3.53680365
v -2.27050994 -0.70753218 -2.99594659
v -1.65978982 0.12945391 -2.99594684
v -1.65947378 0.12982546 -3.5368039
v -2.27082598 0.12982546 -3.5368039
v -2.27050994 0.12945391 -2.99594684
v -2.27050994 -0.27519034 -2.99594672
v -2.27082598 -0.27481875 -3.53680378
v -2.27082598 -0.68936897 -3.53680365
v -2.27050994 -0.68899704 -2.99594659
v -2.27050994 0.12945391 -2.99594684
v -2.27082598 0.12982546 -3.5368039
v -2.27082598 -0.2570271 -3.53680379
v -2.27050994 -0.25665518 -2.99594672
v -2.27050994 -0.25665518 -2.99594672
v -2.27082598 -0.2570271 -3.53680379
v -1.65947378 -0.2570271 -3.53680379
v -1.65978982 -0.25665518 -2.99594672
v -1.65978982 -0.25665518 -2.99594672
v -1.65947378 -0.2570271 -3.53680379
v -1.65947378 0.12982546 -3.5368039
v -1.65978982 0.12945391 -2.99594684
v -1.67329708 0.11356607 -2.9934223
v -1.67278155 0.11417248 -2.99120707
v -1.67278155 -0.24137374 -2.99120696
v -1.67329708 -0.24076734 -2.99342219
v -2.25700268 -0.24076734 -2.99342219
v -2.2575182 -0.24137374 -2.99120696
v -2.2575182 0.11417248 -2.99120707
v -2.25700268 0.11356607 -2.9934223
v -1.67329708 -0.24076734 -2.99342219
v -1.67278155 -0.24137374 -2.99120696
v -2.2575182 -0.24137374 -2.99120696
v -2.25700268 -0.24076734 -2.99342219
v -1.67329708 0.11356607 -2.9934223
v -1.65978982 0.12945391 -2.99594684
v -2.27050994 0.12945391 -2.99594684
v -2.25700268 0.11356607 -2.9934223
v -1.67329708 -0.24076734 -2.99342219
v -1.65978982 -0.25665518 -2.99594672
v -2.25700268 -0.72342 -2.99342205
v -2.27050994 -0.70753218 -2.99594659
v -2.27050994 -1.0936413 -2.99594647
v -2.25700268 -1.07775351 -2.99342194
v -1.65978982 -1.0936413 -2.99594647
v -1.67329708 -1.07775351 -2.99342194
v -2.25700268 -0.24076734 -2.99342219
v -2.27050994 -0.25665518 -2.99594672
v -1.67329708 -0.29107818 -2.99342218
v -1.65978982 -0.27519034 -2.99594672
v -2.27050994 -0.27519034 -2.99594672
v -2.25700268 -0.29107818 -2.99342218
v -1.65978982 -0.70753218 -2.99594659
v -1.67329708 -0.72342 -2.99342205
v -2.25700268 -0.6731092 -2.99342206
v -2.27050994 -0.68899704 -2.99594659
v -1.65978982 -0.68899704 -2.99594659
v -1.67329708 -0.6731092 -2.99342206
v -2.2575182 -0.72281362 -2.99120681
v -2.2575182 -1.07835986 -2.9912067
v -1.67278155 -1.07835986 -2.9912067
v -1.67278155 -0.72281362 -2.99120681
v -2.2575182 -0.67371561 -2.99120683
v -1.67278155 -0.67371561 -2.99120683
v -1.67278155 -0.29047177 -2.99120694
v -2.2575182 -0.29047177 -2.99120694
v -1.67278155 0.11417248 -2.99120707
v -2.2575182 0.11417248 -2.99120707
v -2.2575182 -0.24137374 -2.99120696
v -1.67278155 -0.24137374 -2.99120696
v -1.67329708 -0.6731092 -2.99342206
v -1.67278155 -0.67371561 -2.99120683
v -2.2575182 -0.67371561 -2.99120683
v -2.25700268 -0.6731092 -2.99342206
v -2.25700268 -0.29107818 -2.99342218
v -2.2575182 -0.29047177 -2.99120694
v -1.67278155 -0.29047177 -2.99120694
v -1.67329708 -0.29107818 -2.99342218
v -2.25700268 -1.07775351 -2.99342194
v -2.2575182 -1.07835986 -2.9912067
v -2.2575182 -0.72281362 -2.99120681
v -2.25700268 -0.72342 -2.99342205
v -1.67329708 -0.29107818 -2.99342218
v -1.67278155 -0.29047177 -2.99120694
v -1.67278155 -0.67371561 -2.99120683
v -1.67329708 -0.6731092 -2.99342206
v -1.67329708 -0.72342 -2.99342205
v -1.67278155 -0.72281362 -2.99120681
v -1.67278155 -1.07835986 -2.9912067
v -1.67329708 -1.07775351 -2.99342194
v -1.67329708 -1.07775351 -2.99342194
v -1.67278155 -1.07835986 -2.9912067
v -2.2575182 -1.07835986 -2.9912067
v -2.25700268 -1.07775351 -2.99342194
v -2.25700268 -0.6731092 -2.99342206
v -2.2575182 -0.67371561 -2.99120683
v -2.2575182 -0.29047177 -2.99120694
v -2.25700268 -0.29107818 -2.99342218
v -2.25700268 0.11356607 -2.9934223
v -2.2575182 0.11417248 -2.99120707
v -1.67278155 0.11417248 -2.99120707
v -1.67329708 0.11356607 -2.9934223
v -2.25700268 -0.72342 -2.99342205
v -2.2575182 -0.72281362 -2.99120681
v -1.67278155 -0.72281362 -2.99120681
v -1.67329708 -0.72342 -2.99342205
v -1.59028463 -1.13187588 -3.58234783
v -2.34001513 -1.1318757 -2.99390186
v -2.34001513 -1.13187588 -3.58234783
v -2.26974694 -1.13216093 -2.99371153
v -1.66055282 -1.13216093 -2.99371153
v -1.59028463 -1.1318757 -2.99390186
v -2.26974694 0.16797354 -2.99371193
v -2.34001513 0.16768814 -3.58234823
v -2.34001513 0.16768832 -2.99390225
v -1.59028463 0.16768814 -3.58234823
v -1.66055282 0.16797354 -2.99371193
v -1.59028463 0.16768832 -2.99390225
v -1.59028463 -1.1318757 -2.99390186
v -1.59028463 0.16768832 -2.99390225
v -2.34001513 -1.1318757 -2.99390186
v -2.34001513 0.16768832 -2.99390225
v -2.26974694 -1.12905206 -2.995786
v -2.33785705 -1.12933746 -3.58065402
v -2.33785705 -1.12933729 -2.99559568
v -1.5924427 -1.12933746 -3.58065402
v -1.66055282 -1.12905206 -2.995786
v -1.5924427 -1.12933729 -2.99559568
v -1.5924427 0.16514972 -3.58065441
v -2.33785705 0.1651499 -2.99559607
v -2.33785705 0.16514972 -3.58065441
v -2.26974694 0.16486468 -2.9957864
v -1.66055282 0.16486468 -2.9957864
v -1.5924427 0.1651499 -2.99559607
v -1.5924427 0.1651499 -2.99559607
v -1.5924427 -1.12933729 -2.99559568
v -2.33785705 0.1651499 -2.99559607
v -2.33785705 -1.12933729 -2.99559568
vn -1 0 0
vn 1 0 0
vn 0 1 0
vn 0 -1 0
vn 0 -0.0005 1
vn -1 -0.0005 0
vn 0 -0.99998 0.006
vn 0 -0.99998 -0.006
vn 0 -0.0005 -1
vn 1 -0.0005 0
vn -0.99198 0.1264 0
vn 0.99198 0.1264 0
vn 0 0.1264 0.99198
vn 0 0.97119 0.2383
vn 0.2383 0.97119 0
vn -0.2383 0.97119 0
vn 0 0.97119 -0.2383
vn 0 0.1264 -0.99198
vn 0 0.99998 0.0068
vn 0 0.99998 -0.0068
vn 0.98372 0.1797 0
vn -0.98372 0.1797 0
vn 0 0.1797 -0.98372
vn 0 -0.97279 0.2317
vn 0.2317 -0.97279 0
vn -0.2317 -0.97279 0
vn 0 -0.97279 -0.2317
vn 0 0.1797 0.98372
vn 0 0 -1
vn 0 0.0003 -1
vn 0 0.0003 1
vn 0.0062 -0.99998 0
vn 0.0063 -0.99998 0
vn -0.0062 -0.99998 0
vn -0.0063 -0.99998 0
vn 0.0065 0.99998 0
vn 0.0063 0.99998 -0.0002
vn 0.0066 0.99998 0
vn -0.0063 0.99998 -0.0002
vn -0.0065 0.99998 0
vn -0.0066 0.99998 0
vt 0.83353 0.52764
vt 0.82512 0.52764
vt 0.82512 0.51529
vt 0.83353 0.51529
vt 0.82736 0.52764
vt 0.82736 0.51529
vt 0.83578 0.51529
vt 0.83578 0.52764
vt 0.83498 0.52363
vt 0.83498 0.52342
vt 0.82816 0.52342
vt 0.82816 0.52363
vt 0.83498 0.51951
vt 0.82816 0.51951
vt 0.82816 0.52722
vt 0.83498 0.52722
vt 0.83354 0.51567
vt 0.83354 0.51931
vt 0.82579 0.5193
vt 0.82579 0.51568
vt 0.82816 0.52726
vt 0.82815 0.52765
vt 0.83499 0.52765
vt 0.83498 0.52726
vt 0.83498 0.51952
vt 0.83498 0.51931
vt 0.82816 0.51931
vt 0.82816 0.51952
vt 0.82815 0.51529
vt 0.82816 0.51567
vt 0.83498 0.51567
vt 0.83499 0.51529
vt 0.82816 0.51568
vt 0.82816 0.5193
vt 0.83498 0.5193
vt 0.83498 0.51568
vt 0.82816 0.51952
vt 0.82816 0.52341
vt 0.83498 0.52341
vt 0.83498 0.51952
vt 0.82816 0.52363
vt 0.82816 0.52726
vt 0.83498 0.52726
vt 0.83498 0.52363
vt 0.83354 0.51952
vt 0.83354 0.52342
vt 0.82579 0.52341
vt 0.82579 0.51952
vt 0.83354 0.52726
vt 0.83354 0.52363
vt 0.82579 0.52363
vt 0.82579 0.52726
vt 0.8335 0.52712
vt 0.8335 0.52377
vt 0.83355 0.52378
vt 0.83355 0.52711
vt 0.8283 0.51954
vt 0.83483 0.51954
vt 0.83483 0.5195
vt 0.82831 0.5195
vt 0.8283 0.52712
vt 0.83483 0.52712
vt 0.8283 0.52377
vt 0.83483 0.51916
vt 0.83483 0.51582
vt 0.8283 0.51582
vt 0.83483 0.52377
vt 0.8283 0.52327
vt 0.83483 0.52327
vt 0.8283 0.51916
vt 0.83483 0.51967
vt 0.8283 0.51967
vt 0.83483 0.51916
vt 0.82831 0.51916
vt 0.82831 0.51582
vt 0.83483 0.51582
vt 0.83483 0.51967
vt 0.83483 0.52327
vt 0.82831 0.52327
vt 0.82831 0.51967
vt 0.82831 0.52711
vt 0.82831 0.52378
vt 0.83483 0.52378
vt 0.83483 0.52711
vt 0.8335 0.51582
vt 0.8335 0.51916
vt 0.83355 0.51916
vt 0.83355 0.51582
vt 0.8335 0.52327
vt 0.8335 0.51967
vt 0.83355 0.51967
vt 0.83355 0.52327
vt 0.83351 0.52762
vt 0.83351 0.51532
vt 0.82514 0.51532
vt 0.82514 0.52762
vt 0.82738 0.52762
vt 0.83575 0.52762
vt 0.83575 0.51532
vt 0.82738 0.51532
vt 0.835 0.52361
vt 0.82814 0.52361
vt 0.82814 0.52343
vt 0.835 0.52343
vt 0.835 0.51954
vt 0.835 0.52725
vt 0.82814 0.52725
vt 0.82814 0.51954
vt 0.8335 0.51566
vt 0.82577 0.51565
vt 0.82577 0.51933
vt 0.8335 0.51933
vt 0.82814 0.52728
vt 0.835 0.52728
vt 0.83499 0.52762
vt 0.82815 0.52762
vt 0.835 0.5195
vt 0.82814 0.5195
vt 0.82814 0.51933
vt 0.835 0.51933
vt 0.82815 0.51532
vt 0.83499 0.51532
vt 0.835 0.51566
vt 0.82814 0.51566
vt 0.82814 0.51565
vt 0.835 0.51565
vt 0.835 0.51933
vt 0.82814 0.51933
vt 0.82814 0.5195
vt 0.835 0.5195
vt 0.835 0.52344
vt 0.82814 0.52344
vt 0.82814 0.52361
vt 0.835 0.52361
vt 0.835 0.52728
vt 0.82814 0.52728
vt 0.8335 0.5195
vt 0.82577 0.5195
vt 0.82577 0.52344
vt 0.8335 0.52343
vt 0.8335 0.52728
vt 0.82577 0.52728
vt 0.82577 0.52361
vt 0.8335 0.52361
vt 0.83354 0.52713
vt 0.83357 0.52714
vt 0.83357 0.52376
vt 0.83354 0.52376
vt 0.82829 0.51951
vt 0.82829 0.51947
vt 0.83485 0.51947
vt 0.83484 0.51951
vt 0.71189 0.49722
vt 0.7118 0.49731
vt 0.71586 0.49731
vt 0.71577 0.49722
vt 0.71189 0.49522
vt 0.7118 0.49513
vt 0.71577 0.49249
vt 0.71586 0.49258
vt 0.71586 0.4904
vt 0.71577 0.49049
vt 0.7118 0.4904
vt 0.71189 0.49049
vt 0.71577 0.49522
vt 0.71586 0.49513
vt 0.71189 0.49494
vt 0.7118 0.49503
vt 0.71586 0.49503
vt 0.71577 0.49494
vt 0.7118 0.49258
vt 0.71189 0.49249
vt 0.71577 0.49278
vt 0.71586 0.49269
vt 0.7118 0.49269
vt 0.71189 0.49278
vt 0.83485 0.51918
vt 0.83485 0.5158
vt 0.82829 0.5158
vt 0.82829 0.51918
vt 0.83485 0.51965
vt 0.82829 0.51965
vt 0.82829 0.52329
vt 0.83485 0.52329
vt 0.82829 0.52714
vt 0.83485 0.52714
vt 0.83485 0.52376
vt 0.82829 0.52376
vt 0.83354 0.51581
vt 0.83357 0.5158
vt 0.83357 0.51918
vt 0.83354 0.51917
vt 0.83354 0.52328
vt 0.83357 0.52329
vt 0.83357 0.51965
vt 0.83354 0.51965
vt 0.82736 0.52789
vt 0.83578 0.51951
vt 0.83578 0.52789
vt 0.83499 0.51951
vt 0.82815 0.51951
vt 0.82736 0.51951
vt 0.83499 0.51954
vt 0.83575 0.52787
vt 0.83575 0.51954
vt 0.82738 0.52787
vt 0.82815 0.51954
vt 0.82738 0.51954
usemtl mat1
f 1579/999/113 1580/1000/113 1581/1001/113
f 1579/999/113 1581/1001/113 1582/1002/113
f 1583/1000/114 1584/999/114 1585/1002/114
f 1583/1000/114 1585/1002/114 1586/1001/114
f 1587/1003/115 1588/1004/115 1589/1005/115
f 1587/1003/115 1589/1005/115 1590/1006/115
f 1591/1007/116 1592/1008/116 1593/1009/116
f 1591/1007/116 1593/1009/116 1594/1010/116
f 1595/1011/117 1596/1012/117 1597/1013/117
f 1595/1011/117 1597/1013/117 1598/1014/117
f 1599/1015/118 1600/1016/118 1601/1017/118
f 1599/1015/118 1601/1017/118 1602/1018/118
f 1603/1019/119 1604/1020/119 1605/1021/119
f 1603/1019/119 1605/1021/119 1606/1022/119
f 1607/1023/116 1608/1024/116 1609/1025/116
f 1607/1023/116 1609/1025/116 1610/1026/116
f 1611/1011/117 1612/1012/117 1613/1013/117
f 1611/1011/117 1613/1013/117 1614/1014/117
f 1615/1027/120 1616/1028/120 1617/1029/120
f 1615/1027/120 1617/1029/120 1618/1030/120
f 1619/1031/116 1620/1032/116 1621/1033/116
f 1619/1031/116 1621/1033/116 1622/1034/116
f 1623/1035/116 1624/1036/116 1625/1037/116
f 1623/1035/116 1625/1037/116 1626/1038/116
f 1627/1039/116 1628/1040/116 1629/1041/116
f 1627/1039/116 1629/1041/116 1630/1042/116
f 1631/1012/121 1632/1011/121 1633/1014/121
f 1631/1012/121 1633/1014/121 1634/1013/121
f 1635/1043/118 1636/1044/118 1637/1045/118
f 1635/1043/118 1637/1045/118 1638/1046/118
f 1639/1016/122 1640/1015/122 1641/1018/122
f 1639/1016/122 1641/1018/122 1642/1017/122
f 1643/1012/121 1644/1011/121 1645/1014/121
f 1643/1012/121 1645/1014/121 1646/1013/121
f 1647/1012/121 1648/1011/121 1649/1014/121
f 1647/1012/121 1649/1014/121 1650/1013/121
f 1651/1044/122 1652/1043/122 1653/1046/122
f 1651/1044/122 1653/1046/122 1654/1045/122
f 1655/1047/122 1656/1048/122 1657/1049/122
f 1655/1047/122 1657/1049/122 1658/1050/122
f 1659/1011/117 1660/1012/117 1661/1013/117
f 1659/1011/117 1661/1013/117 1662/1014/117
f 1663/1048/118 1664/1047/118 1665/1050/118
f 1663/1048/118 1665/1050/118 1666/1049/118
f 1667/1051/123 1668/1052/123 1669/1053/123
f 1667/1051/123 1669/1053/123 1670/1054/123
f 1671/1052/124 1672/1051/124 1673/1054/124
f 1671/1052/124 1673/1054/124 1674/1053/124
f 1675/1055/125 1676/1056/125 1677/1057/125
f 1675/1055/125 1677/1057/125 1678/1058/125
f 1679/1059/126 1680/1060/126 1606/1022/126
f 1679/1059/126 1606/1022/126 1603/1019/126
f 1681/1061/127 1679/1059/127 1603/1019/127
f 1681/1061/127 1603/1019/127 1594/1010/127
f 1682/1062/128 1683/1063/128 1617/1029/128
f 1682/1062/128 1617/1029/128 1608/1024/128
f 1683/1063/129 1684/1064/129 1616/1028/129
f 1683/1063/129 1616/1028/129 1617/1029/129
f 1685/1065/129 1681/1061/129 1594/1010/129
f 1685/1065/129 1594/1010/129 1591/1007/129
f 1686/1066/126 1687/1067/126 1592/1008/126
f 1686/1066/126 1592/1008/126 1593/1009/126
f 1684/1064/127 1688/1068/127 1609/1025/127
f 1684/1064/127 1609/1025/127 1616/1028/127
f 1688/1068/126 1682/1062/126 1608/1024/126
f 1688/1068/126 1608/1024/126 1609/1025/126
f 1689/1069/129 1690/1070/129 1610/1026/129
f 1689/1069/129 1610/1026/129 1607/1023/129
f 1690/1070/127 1686/1066/127 1593/1009/127
f 1690/1070/127 1593/1009/127 1610/1026/127
f 1687/1067/128 1689/1069/128 1607/1023/128
f 1687/1067/128 1607/1023/128 1592/1008/128
f 1680/1060/128 1685/1065/128 1591/1007/128
f 1680/1060/128 1591/1007/128 1606/1022/128
f 1691/1071/115 1692/1072/115 1693/1073/115
f 1691/1071/115 1693/1073/115 1694/1074/115
f 1695/1075/115 1696/1076/115 1697/1077/115
f 1695/1075/115 1697/1077/115 1698/1078/115
f 1699/1079/115 1700/1080/115 1701/1081/115
f 1699/1079/115 1701/1081/115 1702/1082/115
f 1703/1055/125 1704/1056/125 1705/1057/125
f 1703/1055/125 1705/1057/125 1706/1058/125
f 1707/1056/130 1708/1055/130 1709/1058/130
f 1707/1056/130 1709/1058/130 1710/1057/130
f 1711/1083/124 1712/1084/124 1713/1085/124
f 1711/1083/124 1713/1085/124 1714/1086/124
f 1715/1087/123 1716/1088/123 1717/1089/123
f 1715/1087/123 1717/1089/123 1718/1090/123
f 1719/1084/123 1720/1083/123 1721/1086/123
f 1719/1084/123 1721/1086/123 1722/1085/123
f 1723/1055/125 1724/1056/125 1725/1057/125
f 1723/1055/125 1725/1057/125 1726/1058/125
f 1727/1088/124 1728/1087/124 1729/1090/124
f 1727/1088/124 1729/1090/124 1730/1089/124
f 1731/1056/130 1732/1055/130 1733/1058/130
f 1731/1056/130 1733/1058/130 1734/1057/130
f 1735/1056/130 1736/1055/130 1737/1058/130
f 1735/1056/130 1737/1058/130 1738/1057/130
f 1739/1091/114 1740/1092/114 1741/1093/114
f 1739/1091/114 1741/1093/114 1742/1094/114
f 1743/1094/113 1744/1093/113 1745/1092/113
f 1743/1094/113 1745/1092/113 1746/1091/113
f 1747/1095/116 1748/1096/116 1749/1097/116
f 1747/1095/116 1749/1097/116 1750/1098/116
f 1751/1099/115 1752/1100/115 1753/1101/115
f 1751/1099/115 1753/1101/115 1754/1102/115
f 1755/1103/121 1756/1104/121 1757/1105/121
f 1755/1103/121 1757/1105/121 1758/1106/121
f 1759/1107/122 1760/1108/122 1761/1109/122
f 1759/1107/122 1761/1109/122 1762/1110/122
f 1763/1111/131 1764/1112/131 1765/1113/131
f 1763/1111/131 1765/1113/131 1766/1114/131
f 1767/1115/115 1768/1116/115 1769/1117/115
f 1767/1115/115 1769/1117/115 1770/1118/115
f 1771/1103/121 1772/1104/121 1773/1105/121
f 1771/1103/121 1773/1105/121 1774/1106/121
f 1775/1119/132 1776/1120/132 1777/1121/132
f 1775/1119/132 1777/1121/132 1778/1122/132
f 1779/1123/115 1780/1124/115 1781/1125/115
f 1779/1123/115 1781/1125/115 1782/1126/115
f 1783/1127/115 1784/1128/115 1785/1129/115
f 1783/1127/115 1785/1129/115 1786/1130/115
f 1787/1131/115 1788/1132/115 1789/1133/115
f 1787/1131/115 1789/1133/115 1790/1134/115
f 1791/1106/117 1792/1105/117 1793/1104/117
f 1791/1106/117 1793/1104/117 1794/1103/117
f 1795/1135/122 1796/1136/122 1797/1137/122
f 1795/1135/122 1797/1137/122 1798/1138/122
f 1799/1110/118 1800/1109/118 1801/1108/118
f 1799/1110/118 1801/1108/118 1802/1107/118
f 1803/1106/117 1804/1105/117 1805/1104/117
f 1803/1106/117 1805/1104/117 1806/1103/117
f 1807/1106/117 1808/1105/117 1809/1104/117
f 1807/1106/117 1809/1104/117 1810/1103/117
f 1811/1138/118 1812/1137/118 1813/1136/118
f 1811/1138/118 1813/1136/118 1814/1135/118
f 1815/1139/118 1816/1140/118 1817/1141/118
f 1815/1139/118 1817/1141/118 1818/1142/118
f 1819/1103/121 1820/1104/121 1821/1105/121
f 1819/1103/121 1821/1105/121 1822/1106/121
f 1823/1142/122 1824/1141/122 1825/1140/122
f 1823/1142/122 1825/1140/122 1826/1139/122
f 1827/1143/133 1828/1144/133 1829/1145/133
f 1827/1143/133 1829/1145/133 1830/1146/133
f 1831/1146/134 1832/1145/134 1833/1144/134
f 1831/1146/134 1833/1144/134 1834/1143/134
f 1835/1147/135 1836/1148/135 1837/1149/135
f 1835/1147/135 1837/1149/135 1838/1150/135
f 1839/1151/136 1840/1152/136 1841/1153/136
f 1839/1151/136 1841/1153/136 1842/1154/136
f 1843/1155/137 1844/1156/137 1840/1152/137
f 1843/1155/137 1840/1152/137 1839/1151/137
f 1845/1157/138 1846/1158/138 1847/1159/138
f 1845/1157/138 1847/1159/138 1848/1160/138
f 1848/1160/139 1847/1159/139 1849/1161/139
f 1848/1160/139 1849/1161/139 1850/1162/139
f 1851/1163/139 1852/1164/139 1844/1156/139
f 1851/1163/139 1844/1156/139 1843/1155/139
f 1853/1165/136 1854/1166/136 1855/1167/136
f 1853/1165/136 1855/1167/136 1856/1168/136
f 1850/1162/137 1849/1161/137 1857/1169/137
f 1850/1162/137 1857/1169/137 1858/1170/137
f 1858/1170/136 1857/1169/136 1846/1158/136
f 1858/1170/136 1846/1158/136 1845/1157/136
f 1859/1171/139 1860/1172/139 1861/1173/139
f 1859/1171/139 1861/1173/139 1862/1174/139
f 1862/1174/137 1861/1173/137 1854/1166/137
f 1862/1174/137 1854/1166/137 1853/1165/137
f 1856/1168/138 1855/1167/138 1860/1172/138
f 1856/1168/138 1860/1172/138 1859/1171/138
f 1842/1154/138 1841/1153/138 1852/1164/138
f 1842/1154/138 1852/1164/138 1851/1163/138
f 1863/1175/116 1864/1176/116 1865/1177/116
f 1863/1175/116 1865/1177/116 1866/1178/116
f 1867/1179/116 1868/1180/116 1869/1181/116
f 1867/1179/116 1869/1181/116 1870/1182/116
f 1871/1183/116 1872/1184/116 1873/1185/116
f 1871/1183/116 1873/1185/116 1874/1186/116
f 1875/1147/135 1876/1148/135 1877/1149/135
f 1875/1147/135 1877/1149/135 1878/1150/135
f 1879/1150/140 1880/1149/140 1881/1148/140
f 1879/1150/140 1881/1148/140 1882/1147/140
f 1883/1187/134 1884/1188/134 1885/1189/134
f 1883/1187/134 1885/1189/134 1886/1190/134
f 1887/1191/133 1888/1192/133 1889/1193/133
f 1887/1191/133 1889/1193/133 1890/1194/133
f 1891/1190/133 1892/1189/133 1893/1188/133
f 1891/1190/133 1893/1188/133 1894/1187/133
f 1895/1147/135 1896/1148/135 1897/1149/135
f 1895/1147/135 1897/1149/135 1898/1150/135
f 1899/1194/134 1900/1193/134 1901/1192/134
f 1899/1194/134 1901/1192/134 1902/1191/134
f 1903/1150/140 1904/1149/140 1905/1148/140
f 1903/1150/140 1905/1148/140 1906/1147/140
f 1907/1150/140 1908/1149/140 1909/1148/140
f 1907/1150/140 1909/1148/140 1910/1147/140
f 1911/1195/141 1912/1196/141 1913/1197/141
f 1912/1196/142 1911/1195/142 1914/1198/142
f 1914/1198/142 1911/1195/142 1915/1199/142
f 1915/1199/142 1911/1195/142 1916/1200/142
f 1917/1198/143 1918/1197/143 1919/1196/143
f 1918/1197/143 1917/1198/143 1920/1195/143
f 1920/1195/143 1917/1198/143 1921/1199/143
f 1920/1195/143 1921/1199/143 1922/1200/143
f 1923/1004/144 1616/1028/144 1615/1027/144
f 1616/1028/145 1923/1004/145 1924/1003/145
f 1616/1028/145 1924/1003/145 1609/1025/145
f 1609/1025/145 1924/1003/145 1610/1026/145
f 1610/1026/145 1924/1003/145 1593/1009/145
f 1593/1009/145 1924/1003/145 1594/1010/145
f 1594/1010/145 1924/1003/145 1603/1019/145
f 1603/1019/144 1924/1003/144 1604/1020/144
f 1617/1029/146 1925/1005/146 1618/1030/146
f 1925/1005/147 1617/1029/147 1926/1006/147
f 1926/1006/147 1617/1029/147 1608/1024/147
f 1926/1006/147 1608/1024/147 1607/1023/147
f 1926/1006/147 1607/1023/147 1592/1008/147
f 1926/1006/147 1592/1008/147 1591/1007/147
f 1926/1006/147 1591/1007/147 1606/1022/147
f 1926/1006/146 1606/1022/146 1605/1021/146
f 1927/1201/143 1928/1202/143 1929/1203/143
f 1928/1202/143 1927/1201/143 1930/1204/143
f 1930/1204/143 1927/1201/143 1931/1205/143
f 1930/1204/143 1931/1205/143 1932/1206/143
f 1933/1204/142 1934/1203/142 1935/1202/142
f 1934/1203/142 1933/1204/142 1936/1201/142
f 1936/1201/142 1933/1204/142 1937/1205/142
f 1937/1205/142 1933/1204/142 1938/1206/142
f 1775/1119/148 1939/1095/149 1940/1098/148
f 1939/1095/149 1775/1119/148 1778/1122/150
f 1939/1095/150 1778/1122/150 1769/1117/150
f 1939/1095/150 1769/1117/150 1768/1116/150
f 1939/1095/150 1768/1116/150 1753/1101/150
f 1939/1095/150 1753/1101/150 1752/1100/150
f 1939/1095/150 1752/1100/150 1763/1111/150
f 1939/1095/150 1763/1111/150 1766/1114/150
f 1941/1096/151 1776/1120/152 1942/1097/152
f 1776/1120/152 1941/1096/151 1777/1121/153
f 1777/1121/153 1941/1096/153 1770/1118/153
f 1770/1118/153 1941/1096/153 1767/1115/153
f 1767/1115/153 1941/1096/153 1754/1102/153
f 1754/1102/153 1941/1096/153 1751/1099/153
f 1751/1099/153 1941/1096/153 1764/1112/153
f 1764/1112/153 1941/1096/153 1765/1113/153
# Vertices: 364, normals: 41, texture coordinates: 208, faces: 244

