# File generated by ImageToStl.com - Free Image and 3D model conversion tools

mtllib tapki.mtl

o obj1
v -4.52759965 -1.05860143 -1.82303172
v -4.46963778 -1.05860142 -1.82303173
v -4.46963778 -1.05860142 -1.81521282
v -4.48247098 -1.05860143 -1.81470289
v -4.48247098 -1.05860143 -1.8145329
v -4.49343443 -1.05860143 -1.7960055
v -4.46963777 -1.05860143 -1.7767132
v -4.46963777 -1.05860143 -1.76897929
v -4.48247097 -1.05860143 -1.7774781
v -4.48247097 -1.05860143 -1.77730812
v -4.52759964 -1.05860144 -1.76897927
v -4.52759965 -1.05860143 -1.81470288
v -4.50490784 -1.05860143 -1.79668539
v -4.50490784 -1.05860143 -1.7953256
v -4.52759964 -1.05860144 -1.77730811
v -4.52759966 -1.05860142 -1.88940743
v -4.46963779 -1.05860141 -1.88940744
v -4.46963779 -1.05860141 -1.88158853
v -4.48247099 -1.05860142 -1.8810786
v -4.48247099 -1.05860142 -1.88090862
v -4.49343446 -1.05860142 -1.86238121
v -4.46963778 -1.05860142 -1.84308891
v -4.46963778 -1.05860142 -1.83535499
v -4.48247099 -1.05860142 -1.84385381
v -4.48247099 -1.05860142 -1.84368383
v -4.52759965 -1.05860143 -1.83535498
v -4.52759966 -1.05860143 -1.8810786
v -4.50490786 -1.05860142 -1.86306111
v -4.50490786 -1.05860142 -1.8617013
v -4.52759965 -1.05860143 -1.84368382
v -4.52759965 -1.05718317 -1.82303172
v -4.46963778 -1.05718316 -1.81521282
v -4.46963778 -1.05718315 -1.82303173
v -4.48247098 -1.05718316 -1.81470289
v -4.48247098 -1.05718316 -1.81453291
v -4.49343443 -1.05718316 -1.7960055
v -4.46963777 -1.05718316 -1.76897929
v -4.46963777 -1.05718316 -1.7767132
v -4.48247097 -1.05718316 -1.7774781
v -4.48247097 -1.05718316 -1.77730812
v -4.52759964 -1.05718317 -1.76897928
v -4.52759965 -1.05718317 -1.81470288
v -4.50490784 -1.05718317 -1.79668539
v -4.50490784 -1.05718317 -1.7953256
v -4.52759964 -1.05718317 -1.77730811
v -4.52759966 -1.05718316 -1.88940743
v -4.46963779 -1.05718315 -1.88158853
v -4.46963779 -1.05718315 -1.88940744
v -4.48247099 -1.05718315 -1.8810786
v -4.48247099 -1.05718315 -1.88090862
v -4.49343446 -1.05718315 -1.86238121
v -4.46963778 -1.05718315 -1.83535499
v -4.46963778 -1.05718315 -1.84308891
v -4.48247099 -1.05718315 -1.84385381
v -4.48247099 -1.05718315 -1.84368383
v -4.52759965 -1.05718316 -1.83535498
v -4.52759966 -1.05718316 -1.8810786
v -4.50490786 -1.05718316 -1.86306111
v -4.50490786 -1.05718316 -1.8617013
v -4.52759965 -1.05718316 -1.84368382
v -4.52759962 -1.05860147 -1.50169212
v -4.46963773 -1.05860146 -1.50169213
v -4.46963773 -1.05860146 -1.49387321
v -4.48247094 -1.05860146 -1.49336328
v -4.48247094 -1.05860146 -1.49319329
v -4.49343439 -1.05860147 -1.47466589
v -4.46963772 -1.05860147 -1.4553736
v -4.46963772 -1.05860147 -1.44763967
v -4.48247093 -1.05860147 -1.45613848
v -4.48247093 -1.05860147 -1.4559685
v -4.52759961 -1.05860148 -1.44763966
v -4.52759962 -1.05860147 -1.49336327
v -4.5049078 -1.05860147 -1.47534578
v -4.5049078 -1.05860147 -1.47398599
v -4.52759961 -1.05860148 -1.45596849
v -4.52759964 -1.05860146 -1.56806783
v -4.46963775 -1.05860145 -1.56806784
v -4.46963774 -1.05860145 -1.56024893
v -4.48247095 -1.05860146 -1.559739
v -4.48247095 -1.05860146 -1.55956902
v -4.49343442 -1.05860146 -1.54104162
v -4.46963774 -1.05860146 -1.52174931
v -4.46963774 -1.05860146 -1.5140154
v -4.48247094 -1.05860146 -1.52251421
v -4.48247094 -1.05860146 -1.52234423
v -4.52759963 -1.05860147 -1.51401538
v -4.52759963 -1.05860146 -1.55973899
v -4.50490781 -1.05860146 -1.54172151
v -4.50490781 -1.05860146 -1.5403617
v -4.52759963 -1.05860147 -1.52234422
v -4.52759962 -1.0571832 -1.50169212
v -4.46963773 -1.05718319 -1.49387321
v -4.46963773 -1.05718319 -1.50169213
v -4.48247094 -1.0571832 -1.49336328
v -4.48247094 -1.0571832 -1.49319329
v -4.49343439 -1.0571832 -1.47466589
v -4.46963772 -1.0571832 -1.44763967
v -4.46963772 -1.0571832 -1.4553736
v -4.48247093 -1.0571832 -1.45613848
v -4.48247093 -1.0571832 -1.4559685
v -4.52759961 -1.05718321 -1.44763966
v -4.52759962 -1.05718321 -1.49336327
v -4.5049078 -1.0571832 -1.47534578
v -4.5049078 -1.0571832 -1.47398599
v -4.52759961 -1.05718321 -1.45596849
v -4.52759964 -1.0571832 -1.56806783
v -4.46963774 -1.05718318 -1.56024893
v -4.46963775 -1.05718318 -1.56806784
v -4.48247095 -1.05718319 -1.559739
v -4.48247095 -1.05718319 -1.55956902
v -4.49343442 -1.05718319 -1.54104162
v -4.46963774 -1.05718319 -1.5140154
v -4.46963774 -1.05718319 -1.52174931
v -4.48247094 -1.05718319 -1.52251421
v -4.48247094 -1.05718319 -1.52234423
v -4.52759963 -1.0571832 -1.51401538
v -4.52759963 -1.0571832 -1.55973899
v -4.50490781 -1.05718319 -1.54172151
v -4.50490781 -1.05718319 -1.5403617
v -4.52759963 -1.0571832 -1.52234422
v -4.02832082 -1.06340285 -1.78029372
v -4.03220113 -1.06340305 -1.86748302
v -4.03133362 -1.09042264 -1.86752888
v -4.0277012 -1.09042256 -1.78082404
v -4.56332009 -1.06340214 -1.73537155
v -4.54212724 -1.06340169 -1.72442116
v -4.54244316 -1.09052552 -1.72389696
v -4.56388413 -1.09050305 -1.73495533
v -4.18419488 -1.06364919 -1.9456817
v -4.26174015 -1.06352987 -1.94567512
v -4.26174186 -1.09026596 -1.94635161
v -4.18419657 -1.09026621 -1.94635146
v -4.58031349 -1.06340263 -1.75259513
v -4.56332009 -1.06340214 -1.73537155
v -4.56388413 -1.09050305 -1.73495533
v -4.58103767 -1.09048309 -1.75231675
v -4.10687278 -1.06356886 -1.94568139
v -4.10689555 -1.09038866 -1.94630859
v -4.59130042 -1.0634031 -1.77444346
v -4.59210954 -1.0904711 -1.77430934
v -4.10347685 -1.06363837 -1.72664813
v -4.18419481 -1.0637571 -1.72066819
v -4.18419481 -1.03504183 -1.72441843
v -4.10590422 -1.03504182 -1.72770774
v -4.26174011 -1.0636384 -1.72067459
v -4.26174011 -1.03504185 -1.72441841
v -4.18419482 -1.00837622 -1.7354713
v -4.10664952 -1.0083762 -1.73548198
v -4.26174012 -1.00837623 -1.73547129
v -4.10664952 -1.0083762 -1.73548198
v -4.18419482 -1.00837622 -1.7354713
v -4.18419483 -0.98523695 -1.75322613
v -4.10664953 -0.98523694 -1.75322614
v -4.26174012 -1.00837623 -1.73547129
v -4.26174013 -0.98523697 -1.75322611
v -4.18419484 -0.96734505 -1.77652694
v -4.10664954 -0.96734503 -1.77652695
v -4.26174014 -0.96734506 -1.77652692
v -4.18419484 -0.95604032 -1.80377092
v -4.10664955 -0.95604031 -1.80377094
v -4.26174014 -0.95604034 -1.80377091
v -4.18419485 -0.95215803 -1.83306263
v -4.10664955 -0.95215802 -1.83306264
v -4.26174015 -0.95215805 -1.83306261
v -4.18419486 -0.95598237 -1.86236214
v -4.10664956 -0.95598235 -1.86236216
v -4.26174015 -0.95598238 -1.86236213
v -4.18419486 -0.96723338 -1.88962902
v -4.10664956 -0.96723337 -1.88962903
v -4.26174016 -0.9672334 -1.889629
v -4.18419486 -0.98507987 -1.91296615
v -4.10664956 -0.98507986 -1.91296617
v -4.26174016 -0.98507989 -1.91296614
v -4.18419486 -1.00818554 -1.93076792
v -4.10664956 -1.00818553 -1.93076794
v -4.26174016 -1.00818556 -1.93076791
v -4.10664956 -1.00818553 -1.93076794
v -4.18419486 -1.00818554 -1.93076792
v -4.18419489 -1.0348301 -1.94187415
v -4.10664963 -1.03482997 -1.94187413
v -4.26174016 -1.00818556 -1.93076791
v -4.26174015 -1.03483022 -1.94187416
v -4.59597355 -1.09042385 -1.79884228
v -4.59210947 -1.05789052 -1.77430559
v -4.59597348 -1.05784327 -1.79883852
v -4.18419652 -1.09037769 -1.72001662
v -4.26174182 -1.0903777 -1.72001661
v -4.51851395 -1.06340147 -1.72066654
v -4.51860498 -1.09046 -1.72005863
v -4.08394272 -1.06340478 -1.94193569
v -4.0836256 -1.090528 -1.9424767
v -4.03591877 -1.06340337 -1.89191771
v -4.03511062 -1.09046941 -1.89206811
v -4.10397808 -1.09037767 -1.72648047
v -4.04665732 -1.06340383 -1.91377348
v -4.04593205 -1.09048239 -1.91406626
v -4.51851403 -1.06336742 -1.94568298
v -4.51860492 -1.09042413 -1.94630971
v -4.06325918 -1.06340432 -1.93099597
v -4.06269226 -1.09050413 -1.9314265
v -4.06325918 -1.06340432 -1.93099597
v -4.06269226 -1.09050413 -1.9314265
v -4.54212729 -1.063379 -1.9419284
v -4.54244302 -1.09050108 -1.94247157
v -4.56332002 -1.06338922 -1.93097809
v -4.56388394 -1.09048875 -1.93141332
v -4.10387239 -1.06340134 -1.72664247
v -4.10426025 -1.0904617 -1.7265141
v -4.56332002 -1.06338922 -1.93097809
v -4.58031345 -1.06339717 -1.91375455
v -4.58103755 -1.09047669 -1.91405198
v -4.56388394 -1.09048875 -1.93141332
v -4.07772041 -1.06340141 -1.7343505
v -4.07766919 -1.09052746 -1.73457562
v -4.59130041 -1.0634021 -1.89190627
v -4.59210945 -1.09046962 -1.89205946
v -4.0570363 -1.06340172 -1.74110133
v -4.05677075 -1.09050286 -1.7413941
v -4.59510362 -1.06340363 -1.8674799
v -4.59597353 -1.09042392 -1.86752658
v -4.0570363 -1.06340172 -1.74110133
v -4.04043449 -1.06340212 -1.75172896
v -4.04003834 -1.09048156 -1.75210679
v -4.05677075 -1.09050286 -1.7413941
v -4.59510361 -1.06340343 -1.79886975
v -4.02969601 -1.06340254 -1.76521567
v -4.02923134 -1.09046901 -1.76568139
v -4.02225152 -1.06340353 -1.78013417
v -4.02310452 -1.09534888 -1.78016296
v -4.0268783 -1.09534877 -1.86771549
v -4.02600735 -1.06340331 -1.8677414
v -4.56765699 -1.06340446 -1.73208837
v -4.56709642 -1.09526861 -1.73252456
v -4.54429347 -1.09524614 -1.72075612
v -4.54460592 -1.0634049 -1.72021195
v -4.18419482 -1.06292996 -1.95024967
v -4.18419658 -1.095278 -1.94959988
v -4.26174188 -1.09527828 -1.94959971
v -4.26174015 -1.06304931 -1.95025622
v -4.58577573 -1.06340397 -1.75041837
v -4.58505501 -1.09528858 -1.75071673
v -4.56709642 -1.09526861 -1.73252456
v -4.56765699 -1.06340446 -1.73208837
v -4.10642115 -1.06308601 -1.95025017
v -4.1064018 -1.09523127 -1.94964292
v -4.59733218 -1.0634035 -1.77337016
v -4.59652653 -1.09530056 -1.77352425
v -4.10362112 -1.06316805 -1.72308904
v -4.10621441 -1.03238105 -1.72362159
v -4.18419481 -1.03238106 -1.72016226
v -4.18419481 -1.06304935 -1.71609948
v -4.26174011 -1.03238107 -1.72016224
v -4.2617401 -1.06316808 -1.71609305
v -4.10664952 -1.00370492 -1.73201667
v -4.18419482 -1.00370493 -1.73201666
v -4.26174012 -1.00370495 -1.73201664
v -4.10664952 -1.00370492 -1.73201667
v -4.10664953 -0.97931099 -1.75070421
v -4.18419483 -0.979311 -1.7507042
v -4.18419482 -1.00370493 -1.73201666
v -4.26174013 -0.97931102 -1.75070418
v -4.26174012 -1.00370495 -1.73201664
v -4.10664954 -0.96071349 -1.77490051
v -4.18419484 -0.9607135 -1.7749005
v -4.26174014 -0.96071352 -1.77490048
v -4.10664955 -0.94905617 -1.80297557
v -4.18419485 -0.94905618 -1.80297556
v -4.26174014 -0.9490562 -1.80297554
v -4.10664955 -0.94506669 -1.83305967
v -4.18419485 -0.9450667 -1.83305966
v -4.26174015 -0.94506672 -1.83305964
v -4.10664956 -0.94899656 -1.86315143
v -4.18419486 -0.94899658 -1.86315142
v -4.26174016 -0.94899659 -1.8631514
v -4.10664956 -0.96059802 -1.89124896
v -4.18419486 -0.96059803 -1.89124895
v -4.26174016 -0.96059805 -1.89124893
v -4.10664956 -0.9791468 -1.9154811
v -4.18419486 -0.97914681 -1.91548108
v -4.26174016 -0.97914683 -1.91548107
v -4.10664956 -1.00350209 -1.93421569
v -4.18419486 -1.00350211 -1.93421567
v -4.26174016 -1.00350212 -1.93421566
v -4.10664956 -1.00350209 -1.93421569
v -4.10664948 -1.03215393 -1.94612629
v -4.18419482 -1.03215382 -1.94612625
v -4.18419486 -1.00350211 -1.93421567
v -4.26174016 -1.03215374 -1.94612621
v -4.26174016 -1.00350212 -1.93421566
v -4.26174184 -1.09539384 -1.716771
v -4.18419654 -1.09539383 -1.71677101
v -4.51908693 -1.09531164 -1.71672887
v -4.5191745 -1.06340511 -1.716101
v -4.08142002 -1.06340158 -1.94613054
v -4.08174058 -1.09524342 -1.94560949
v -4.03069121 -1.095302 -1.89283759
v -4.02987962 -1.06340298 -1.89296802
v -4.10392232 -1.09539381 -1.72361641
v -4.04189657 -1.09528902 -1.91563956
v -4.04116786 -1.06340252 -1.91591237
v -4.51908709 -1.09527202 -1.94964175
v -4.51917451 -1.06336368 -1.95024853
v -4.05944391 -1.09526728 -1.93383289
v -4.05887353 -1.06340203 -1.93424347
v -4.05887353 -1.06340203 -1.93424347
v -4.05944391 -1.09526728 -1.93383289
v -4.5442937 -1.09521839 -1.94561439
v -4.54460597 -1.06337541 -1.94613759
v -4.56709668 -1.09525177 -1.93384584
v -4.56765714 -1.06338623 -1.93426111
v -4.10361815 -1.09530978 -1.72358374
v -4.10320809 -1.06340508 -1.72309699
v -4.56765714 -1.06338623 -1.93426111
v -4.56709668 -1.09525177 -1.93384584
v -4.58505519 -1.09528052 -1.91565363
v -4.58577583 -1.06339499 -1.91593109
v -4.07551793 -1.09524401 -1.73209609
v -4.07519689 -1.063405 -1.73176212
v -4.59652666 -1.09529832 -1.89284604
v -4.59733224 -1.06340077 -1.89297925
v -4.0532214 -1.0952686 -1.73936354
v -4.052651 -1.06340468 -1.73909721
v -4.60043052 -1.09534771 -1.86771758
v -4.60129696 -1.06340294 -1.86774429
v -4.052651 -1.06340468 -1.73909721
v -4.0532214 -1.0952686 -1.73936354
v -4.03567404 -1.09528989 -1.75059018
v -4.03494526 -1.06340427 -1.7504089
v -4.60043047 -1.09534781 -1.79865265
v -4.60129695 -1.06340317 -1.79860519
v -4.0244686 -1.09530243 -1.76466072
v -4.02365697 -1.06340385 -1.76456733
v -4.03220113 -1.06340305 -1.86748302
v -4.02832082 -1.06340285 -1.78029372
v -4.02225152 -1.06340353 -1.78013417
v -4.02600735 -1.06340331 -1.8677414
v -4.03591877 -1.06340337 -1.89191771
v -4.02987962 -1.06340298 -1.89296802
v -4.04665732 -1.06340383 -1.91377348
v -4.04116786 -1.06340252 -1.91591237
v -4.06325918 -1.06340432 -1.93099597
v -4.05887353 -1.06340203 -1.93424347
v -4.08394272 -1.06340478 -1.94193569
v -4.08142002 -1.06340158 -1.94613054
v -4.10387239 -1.06340134 -1.72664247
v -4.10347685 -1.06363837 -1.72664813
v -4.10362112 -1.06316805 -1.72308904
v -4.10320809 -1.06340508 -1.72309699
v -4.07772041 -1.06340141 -1.7343505
v -4.07519689 -1.063405 -1.73176212
v -4.0570363 -1.06340172 -1.74110133
v -4.052651 -1.06340468 -1.73909721
v -4.04043449 -1.06340212 -1.75172896
v -4.03494526 -1.06340427 -1.7504089
v -4.02969601 -1.06340254 -1.76521567
v -4.02365697 -1.06340385 -1.76456733
v -4.10347685 -1.06363837 -1.72664813
v -4.10590422 -1.03504182 -1.72770774
v -4.10621441 -1.03238105 -1.72362159
v -4.10362112 -1.06316805 -1.72308904
v -4.26174011 -1.03504185 -1.72441841
v -4.26174011 -1.0636384 -1.72067459
v -4.2617401 -1.06316808 -1.71609305
v -4.26174011 -1.03238107 -1.72016224
v -4.10664952 -1.0083762 -1.73548198
v -4.10664952 -1.00370492 -1.73201667
v -4.26174012 -1.00837623 -1.73547129
v -4.26174012 -1.00370495 -1.73201664
v -4.10664953 -0.98523694 -1.75322614
v -4.10664953 -0.97931099 -1.75070421
v -4.26174013 -0.98523697 -1.75322611
v -4.26174013 -0.97931102 -1.75070418
v -4.10664954 -0.96734503 -1.77652695
v -4.10664954 -0.96071349 -1.77490051
v -4.26174014 -0.96734506 -1.77652692
v -4.26174014 -0.96071352 -1.77490048
v -4.10664955 -0.95604031 -1.80377094
v -4.10664955 -0.94905617 -1.80297557
v -4.26174014 -0.95604034 -1.80377091
v -4.26174014 -0.9490562 -1.80297554
v -4.10664955 -0.95215802 -1.83306264
v -4.10664955 -0.94506669 -1.83305967
v -4.26174015 -0.95215805 -1.83306261
v -4.26174015 -0.94506672 -1.83305964
v -4.10664956 -0.95598235 -1.86236216
v -4.10664956 -0.94899656 -1.86315143
v -4.26174015 -0.95598238 -1.86236213
v -4.26174016 -0.94899659 -1.8631514
v -4.10664956 -0.96723337 -1.88962903
v -4.10664956 -0.96059802 -1.89124896
v -4.26174016 -0.9672334 -1.889629
v -4.26174016 -0.96059805 -1.89124893
v -4.10664956 -0.98507986 -1.91296617
v -4.10664956 -0.9791468 -1.9154811
v -4.26174016 -0.98507989 -1.91296614
v -4.26174016 -0.97914683 -1.91548107
v -4.10664956 -1.00818553 -1.93076794
v -4.10664956 -1.00350209 -1.93421569
v -4.26174016 -1.00818556 -1.93076791
v -4.26174016 -1.00350212 -1.93421566
v -4.10664963 -1.03482997 -1.94187413
v -4.10664948 -1.03215393 -1.94612629
v -4.26174015 -1.03483022 -1.94187416
v -4.26174016 -1.03215374 -1.94612621
v -4.10687278 -1.06356886 -1.94568139
v -4.10642115 -1.06308601 -1.95025017
v -4.10687278 -1.06356886 -1.94568139
v -4.10642115 -1.06308601 -1.95025017
v -4.26174015 -1.06352987 -1.94567512
v -4.26174015 -1.06304931 -1.95025622
v -4.51851403 -1.06336742 -1.94568298
v -4.26174015 -1.06352987 -1.94567512
v -4.26174015 -1.06304931 -1.95025622
v -4.51917451 -1.06336368 -1.95024853
v -4.54212729 -1.063379 -1.9419284
v -4.54460597 -1.06337541 -1.94613759
v -4.56332002 -1.06338922 -1.93097809
v -4.56765714 -1.06338623 -1.93426111
v -4.58031345 -1.06339717 -1.91375455
v -4.58577583 -1.06339499 -1.91593109
v -4.59130041 -1.0634021 -1.89190627
v -4.59733224 -1.06340077 -1.89297925
v -4.59510362 -1.06340363 -1.8674799
v -4.60129696 -1.06340294 -1.86774429
v -4.59510361 -1.06340343 -1.79886975
v -4.60129695 -1.06340317 -1.79860519
v -4.59130042 -1.0634031 -1.77444346
v -4.59733218 -1.0634035 -1.77337016
v -4.58031349 -1.06340263 -1.75259513
v -4.58577573 -1.06340397 -1.75041837
v -4.56332009 -1.06340214 -1.73537155
v -4.56765699 -1.06340446 -1.73208837
v -4.54212724 -1.06340169 -1.72442116
v -4.54460592 -1.0634049 -1.72021195
v -4.51851395 -1.06340147 -1.72066654
v -4.5191745 -1.06340511 -1.716101
v -4.26174011 -1.0636384 -1.72067459
v -4.2617401 -1.06316808 -1.71609305
v -4.07764135 -1.05794688 -1.73457331
v -4.10389903 -1.05788112 -1.72651118
v -4.5810376 -1.05790251 -1.75231299
v -4.05671161 -1.05792228 -1.74139178
v -4.56388406 -1.05792247 -1.73495158
v -4.03995493 -1.05790098 -1.75210447
v -4.05671161 -1.05792228 -1.74139178
v -4.5424431 -1.05794494 -1.72389321
v -4.56388406 -1.05792247 -1.73495158
v -4.02913596 -1.05788843 -1.76567908
v -4.18419651 -1.05768563 -1.94634771
v -4.1068955 -1.05780808 -1.94630484
v -4.51860491 -1.05787942 -1.72005488
v -4.02770187 -1.05784197 -1.78082172
v -4.26174181 -1.05768538 -1.94634786
v -4.26174176 -1.05779712 -1.72001286
v -4.08362556 -1.05794742 -1.94247295
v -4.18419646 -1.05779711 -1.72001287
v -4.51860485 -1.05784355 -1.94630597
v -4.10361894 -1.05779709 -1.72647756
v -4.54244296 -1.0579205 -1.94246783
v -4.03133357 -1.05784206 -1.86752514
v -4.56388388 -1.05790817 -1.93140958
v -4.03511056 -1.05788883 -1.89206435
v -4.58103748 -1.05789611 -1.91404824
v -4.56388388 -1.05790817 -1.93140958
v -4.04593199 -1.05790181 -1.91406249
v -4.59210938 -1.05788904 -1.89205571
v -4.06269221 -1.05792355 -1.93142275
v -4.59597346 -1.05784334 -1.86752282
v -4.06269221 -1.05792355 -1.93142275
v -4.52759966 -1.05860142 -1.88940743
v -4.52759966 -1.05860143 -1.8810786
v -4.52759966 -1.05718316 -1.8810786
v -4.52759966 -1.05718316 -1.88940743
v -4.48247098 -1.05860143 -1.81470289
v -4.48247098 -1.05860143 -1.8145329
v -4.48247098 -1.05718316 -1.81453291
v -4.48247098 -1.05718316 -1.81470289
v -4.48247099 -1.05860142 -1.8810786
v -4.48247099 -1.05860142 -1.88090862
v -4.48247099 -1.05718315 -1.88090862
v -4.48247099 -1.05718315 -1.8810786
v -4.52759965 -1.05860143 -1.81470288
v -4.48247098 -1.05860143 -1.81470289
v -4.48247098 -1.05718316 -1.81470289
v -4.52759965 -1.05718317 -1.81470288
v -4.52759966 -1.05860143 -1.8810786
v -4.48247099 -1.05860142 -1.8810786
v -4.48247099 -1.05718315 -1.8810786
v -4.52759966 -1.05718316 -1.8810786
v -4.48247098 -1.05860143 -1.8145329
v -4.50490784 -1.05860143 -1.79668539
v -4.50490784 -1.05718317 -1.79668539
v -4.48247098 -1.05718316 -1.81453291
v -4.48247099 -1.05860142 -1.88090862
v -4.50490786 -1.05860142 -1.86306111
v -4.50490786 -1.05718316 -1.86306111
v -4.48247099 -1.05718315 -1.88090862
v -4.49343443 -1.05860143 -1.7960055
v -4.46963778 -1.05860142 -1.81521282
v -4.46963778 -1.05718316 -1.81521282
v -4.49343443 -1.05718316 -1.7960055
v -4.49343446 -1.05860142 -1.86238121
v -4.46963779 -1.05860141 -1.88158853
v -4.46963779 -1.05718315 -1.88158853
v -4.49343446 -1.05718315 -1.86238121
v -4.46963777 -1.05860143 -1.7767132
v -4.46963777 -1.05718316 -1.7767132
v -4.46963778 -1.05860142 -1.84308891
v -4.46963778 -1.05718315 -1.84308891
v -4.50490784 -1.05860143 -1.7953256
v -4.48247097 -1.05860143 -1.7774781
v -4.48247097 -1.05718316 -1.7774781
v -4.50490784 -1.05718317 -1.7953256
v -4.50490786 -1.05860142 -1.8617013
v -4.48247099 -1.05860142 -1.84385381
v -4.48247099 -1.05718315 -1.84385381
v -4.50490786 -1.05718316 -1.8617013
v -4.48247097 -1.05860143 -1.77730812
v -4.52759964 -1.05860144 -1.77730811
v -4.52759964 -1.05718317 -1.77730811
v -4.48247097 -1.05718316 -1.77730812
v -4.48247099 -1.05860142 -1.84368383
v -4.52759965 -1.05860143 -1.84368382
v -4.52759965 -1.05718316 -1.84368382
v -4.48247099 -1.05718315 -1.84368383
v -4.46963777 -1.05860143 -1.76897929
v -4.46963777 -1.05860143 -1.7767132
v -4.46963777 -1.05718316 -1.7767132
v -4.46963777 -1.05718316 -1.76897929
v -4.46963778 -1.05860142 -1.83535499
v -4.46963778 -1.05860142 -1.84308891
v -4.46963778 -1.05718315 -1.84308891
v -4.46963778 -1.05718315 -1.83535499
v -4.52759964 -1.05860144 -1.77730811
v -4.52759964 -1.05860144 -1.76897927
v -4.52759964 -1.05718317 -1.76897928
v -4.52759964 -1.05718317 -1.77730811
v -4.52759965 -1.05860143 -1.84368382
v -4.52759965 -1.05860143 -1.83535498
v -4.52759965 -1.05718316 -1.83535498
v -4.52759965 -1.05718316 -1.84368382
v -4.50490784 -1.05860143 -1.79668539
v -4.50490784 -1.05860143 -1.7953256
v -4.50490784 -1.05718317 -1.7953256
v -4.50490784 -1.05718317 -1.79668539
v -4.50490786 -1.05860142 -1.86306111
v -4.50490786 -1.05860142 -1.8617013
v -4.50490786 -1.05718316 -1.8617013
v -4.50490786 -1.05718316 -1.86306111
v -4.46963778 -1.05860142 -1.82303173
v -4.52759965 -1.05860143 -1.82303172
v -4.52759965 -1.05718317 -1.82303172
v -4.46963778 -1.05718315 -1.82303173
v -4.46963779 -1.05860141 -1.88940744
v -4.52759966 -1.05860142 -1.88940743
v -4.52759966 -1.05718316 -1.88940743
v -4.46963779 -1.05718315 -1.88940744
v -4.48247097 -1.05860143 -1.7774781
v -4.48247097 -1.05860143 -1.77730812
v -4.48247097 -1.05718316 -1.77730812
v -4.48247097 -1.05718316 -1.7774781
v -4.48247099 -1.05860142 -1.84385381
v -4.48247099 -1.05860142 -1.84368383
v -4.48247099 -1.05718315 -1.84368383
v -4.48247099 -1.05718315 -1.84385381
v -4.46963778 -1.05860142 -1.81521282
v -4.46963778 -1.05860142 -1.82303173
v -4.46963778 -1.05718315 -1.82303173
v -4.46963778 -1.05718316 -1.81521282
v -4.46963779 -1.05860141 -1.88158853
v -4.46963779 -1.05860141 -1.88940744
v -4.46963779 -1.05718315 -1.88940744
v -4.46963779 -1.05718315 -1.88158853
v -4.52759964 -1.05860144 -1.76897927
v -4.46963777 -1.05860143 -1.76897929
v -4.46963777 -1.05718316 -1.76897929
v -4.52759964 -1.05718317 -1.76897928
v -4.52759965 -1.05860143 -1.83535498
v -4.46963778 -1.05860142 -1.83535499
v -4.46963778 -1.05718315 -1.83535499
v -4.52759965 -1.05718316 -1.83535498
v -4.52759965 -1.05860143 -1.82303172
v -4.52759965 -1.05860143 -1.81470288
v -4.52759965 -1.05718317 -1.81470288
v -4.52759965 -1.05718317 -1.82303172
v -4.03220102 -1.06340289 -1.47752725
v -4.02832076 -1.06340308 -1.56471851
v -4.02770092 -1.09042269 -1.56420396
v -4.03133347 -1.0904226 -1.47750058
v -4.56332007 -1.06340218 -1.41403193
v -4.54212722 -1.06340173 -1.40308155
v -4.54244314 -1.09052556 -1.40255736
v -4.5638841 -1.09050309 -1.41361571
v -4.18419481 -1.06364923 -1.62434211
v -4.26174008 -1.06352991 -1.62433553
v -4.2617418 -1.090266 -1.62501202
v -4.18419649 -1.09026625 -1.62501187
v -4.58031346 -1.06340267 -1.43125552
v -4.56332007 -1.06340218 -1.41403193
v -4.5638841 -1.09050309 -1.41361571
v -4.58103764 -1.09048313 -1.43097713
v -4.10374452 -1.0635689 -1.61836703
v -4.10426938 -1.0903887 -1.61851364
v -4.5913004 -1.06340314 -1.45310385
v -4.59210951 -1.09047114 -1.45296973
v -4.10664943 -1.06363841 -1.39933502
v -4.18419474 -1.06375714 -1.39932857
v -4.18419474 -1.03504187 -1.40307883
v -4.10664943 -1.03504185 -1.40307884
v -4.26174004 -1.06363844 -1.39933499
v -4.26174004 -1.03504188 -1.40307881
v -4.18419475 -1.00837625 -1.41413169
v -4.10664944 -1.00837623 -1.41413171
v -4.26174005 -1.00837627 -1.41413168
v -4.10664944 -1.00837623 -1.41413171
v -4.18419475 -1.00837625 -1.41413169
v -4.18419476 -0.98523698 -1.4318865
v -4.10664945 -0.98523697 -1.43188652
v -4.26174005 -1.00837627 -1.41413168
v -4.26174006 -0.985237 -1.43188649
v -4.18419476 -0.96734508 -1.45518733
v -4.10664946 -0.96734506 -1.45518734
v -4.26174007 -0.96734509 -1.45518731
v -4.18419477 -0.95604035 -1.48243131
v -4.10664946 -0.95604033 -1.48243132
v -4.26174008 -0.95604036 -1.48243129
v -4.18419478 -0.95215806 -1.51172303
v -4.10664947 -0.95215804 -1.51172304
v -4.26174008 -0.95215807 -1.51172301
v -4.18419478 -0.95598239 -1.54102254
v -4.10664948 -0.95598237 -1.54102256
v -4.26174009 -0.9559824 -1.54102253
v -4.18419479 -0.96723341 -1.56828942
v -4.10664948 -0.9672334 -1.56828943
v -4.26174009 -0.96723343 -1.5682894
v -4.18419479 -0.98507991 -1.59162655
v -4.10664948 -0.98507989 -1.59162656
v -4.26174009 -0.98507992 -1.59162653
v -4.18419479 -1.00818558 -1.60942834
v -4.10664948 -1.00818556 -1.60941939
v -4.26174009 -1.00818559 -1.60942832
v -4.10664948 -1.00818556 -1.60941939
v -4.18419479 -1.00818558 -1.60942834
v -4.18419482 -1.03483014 -1.62053456
v -4.10592683 -1.03483001 -1.61727735
v -4.26174009 -1.00818559 -1.60942832
v -4.26174009 -1.03483026 -1.62053457
v -4.59597352 -1.09042389 -1.47750267
v -4.59210945 -1.05789055 -1.45296598
v -4.59597346 -1.05784331 -1.47749891
v -4.18419645 -1.09037773 -1.39867701
v -4.26174175 -1.09037774 -1.398677
v -4.51851391 -1.06340151 -1.39932692
v -4.51860494 -1.09046005 -1.39871901
v -4.07771996 -1.06340482 -1.61066158
v -4.07766907 -1.09052804 -1.61045257
v -4.02969599 -1.06340341 -1.57979661
v -4.0292313 -1.09046946 -1.57934655
v -4.10665114 -1.09037772 -1.39867703
v -4.04043454 -1.06340387 -1.59328331
v -4.04003831 -1.09048243 -1.59292112
v -4.51851399 -1.06336746 -1.62434339
v -4.51860487 -1.09042417 -1.62497013
v -4.0570364 -1.06340436 -1.60391092
v -4.05677076 -1.09050417 -1.60363374
v -4.0570364 -1.06340436 -1.60391092
v -4.05677076 -1.09050417 -1.60363374
v -4.54212726 -1.06337904 -1.62058881
v -4.542443 -1.09050112 -1.621132
v -4.56331999 -1.06338926 -1.6096385
v -4.56388392 -1.09048879 -1.61007373
v -4.10697946 -1.06340138 -1.3993264
v -4.10688995 -1.09046175 -1.39871975
v -4.56331999 -1.06338926 -1.6096385
v -4.58031342 -1.06339721 -1.59241497
v -4.58103753 -1.09047673 -1.5927124
v -4.56388392 -1.09048879 -1.61007373
v -4.083943 -1.06340146 -1.40307433
v -4.08362541 -1.0905275 -1.40255307
v -4.59130039 -1.06340214 -1.57056667
v -4.59210943 -1.09046966 -1.57071986
v -4.0632589 -1.06340176 -1.41401432
v -4.06269193 -1.0905029 -1.4136027
v -4.5951036 -1.06340367 -1.5461403
v -4.5959735 -1.09042397 -1.54618698
v -4.0632589 -1.06340176 -1.41401432
v -4.04665707 -1.06340216 -1.43123685
v -4.04593174 -1.0904816 -1.43096305
v -4.06269193 -1.0905029 -1.4136027
v -4.59510358 -1.06340347 -1.47753014
v -4.03591859 -1.06340258 -1.45309264
v -4.03511039 -1.09046905 -1.45296127
v -4.02600723 -1.06340357 -1.47726869
v -4.02687821 -1.09534892 -1.47731535
v -4.02310446 -1.09534881 -1.56486196
v -4.02225142 -1.06340335 -1.56487795
v -4.56765696 -1.0634045 -1.41074878
v -4.56709639 -1.09526866 -1.41118494
v -4.54429344 -1.09524618 -1.39941651
v -4.5446059 -1.06340494 -1.39887235
v -4.18419475 -1.06293 -1.62891008
v -4.18419651 -1.09527804 -1.6282603
v -4.26174181 -1.09527832 -1.6282601
v -4.26174008 -1.06304935 -1.62891662
v -4.5857757 -1.06340401 -1.42907875
v -4.58505499 -1.09528862 -1.42937712
v -4.56709639 -1.09526866 -1.41118494
v -4.56765696 -1.0634045 -1.41074878
v -4.1033481 -1.06308605 -1.62191596
v -4.10362396 -1.09523131 -1.62144426
v -4.59733215 -1.06340354 -1.45203055
v -4.5965265 -1.09530061 -1.45218464
v -4.10664943 -1.06316809 -1.39475345
v -4.10664943 -1.03238108 -1.39882266
v -4.18419474 -1.03238109 -1.39882265
v -4.18419473 -1.06304939 -1.39475987
v -4.26174004 -1.03238111 -1.39882263
v -4.26174004 -1.06316812 -1.39475342
v -4.10664944 -1.00370495 -1.41067706
v -4.18419475 -1.00370497 -1.41067704
v -4.26174005 -1.00370498 -1.41067703
v -4.10664944 -1.00370495 -1.41067706
v -4.10664945 -0.97931102 -1.42936458
v -4.18419476 -0.97931104 -1.42936457
v -4.18419475 -1.00370497 -1.41067704
v -4.26174006 -0.97931105 -1.42936455
v -4.26174005 -1.00370498 -1.41067703
v -4.10664946 -0.96071351 -1.4535609
v -4.18419477 -0.96071353 -1.45356088
v -4.26174007 -0.96071354 -1.45356087
v -4.10664947 -0.94905619 -1.48163596
v -4.18419477 -0.94905621 -1.48163595
v -4.26174008 -0.94905622 -1.48163593
v -4.10664947 -0.94506671 -1.51172007
v -4.18419478 -0.94506673 -1.51172006
v -4.26174008 -0.94506674 -1.51172004
v -4.10664948 -0.94899659 -1.54181184
v -4.18419479 -0.9489966 -1.54181182
v -4.26174009 -0.94899662 -1.54181181
v -4.10664948 -0.96059804 -1.56990936
v -4.18419479 -0.96059806 -1.56990935
v -4.26174009 -0.96059807 -1.56990933
v -4.10664948 -0.97914683 -1.59414149
v -4.18419479 -0.97914685 -1.59414148
v -4.26174009 -0.97914686 -1.59414146
v -4.10664948 -1.00350212 -1.61287611
v -4.18419479 -1.00350214 -1.61287609
v -4.26174009 -1.00350215 -1.61287607
v -4.10664948 -1.00350212 -1.61287611
v -4.10623377 -1.03215397 -1.62136419
v -4.18419475 -1.03215386 -1.62478666
v -4.18419479 -1.00350214 -1.61287609
v -4.26174009 -1.03215377 -1.62478662
v -4.26174009 -1.00350215 -1.61287607
v -4.26174177 -1.09539389 -1.39543139
v -4.18419647 -1.09539387 -1.3954314
v -4.51908689 -1.09531169 -1.39538924
v -4.51917445 -1.06340515 -1.39476139
v -4.07519726 -1.06340162 -1.61325013
v -4.07551782 -1.09524346 -1.6129286
v -4.02446843 -1.09530204 -1.58036425
v -4.02365684 -1.06340302 -1.58044473
v -4.10665116 -1.09539385 -1.39543142
v -4.03567379 -1.09528906 -1.59443484
v -4.03494508 -1.06340256 -1.59460318
v -4.51908704 -1.09527206 -1.62830217
v -4.51917446 -1.06336372 -1.62890895
v -4.05322113 -1.09526732 -1.60566152
v -4.05265075 -1.06340207 -1.60591489
v -4.05265075 -1.06340207 -1.60591489
v -4.05322113 -1.09526732 -1.60566152
v -4.54429367 -1.09521844 -1.62427478
v -4.54460594 -1.06337545 -1.624798
v -4.56709666 -1.09525181 -1.61250626
v -4.56765711 -1.06338627 -1.61292152
v -4.10639683 -1.09530983 -1.3953887
v -4.10630388 -1.06340512 -1.39476207
v -4.56765711 -1.06338627 -1.61292152
v -4.56709666 -1.09525181 -1.61250626
v -4.58505517 -1.09528057 -1.59431402
v -4.58577581 -1.06339503 -1.59459149
v -4.08174053 -1.09524406 -1.39942096
v -4.08141949 -1.06340504 -1.39887975
v -4.59652663 -1.09529836 -1.57150644
v -4.59733221 -1.06340081 -1.57163966
v -4.05944397 -1.09526865 -1.41119818
v -4.05887358 -1.06340472 -1.41076655
v -4.6004305 -1.09534776 -1.54637799
v -4.60129693 -1.06340298 -1.54640469
v -4.05887358 -1.06340472 -1.41076655
v -4.05944397 -1.09526865 -1.41119818
v -4.04189662 -1.09528994 -1.4293914
v -4.04116784 -1.06340431 -1.42909764
v -4.60043045 -1.09534785 -1.47731303
v -4.60129692 -1.06340321 -1.47726558
v -4.03069118 -1.09530248 -1.45219332
v -4.02987955 -1.06340389 -1.45204197
v -4.02832076 -1.06340308 -1.56471851
v -4.03220102 -1.06340289 -1.47752725
v -4.02600723 -1.06340357 -1.47726869
v -4.02225142 -1.06340335 -1.56487795
v -4.02969599 -1.06340341 -1.57979661
v -4.02365684 -1.06340302 -1.58044473
v -4.04043454 -1.06340387 -1.59328331
v -4.03494508 -1.06340256 -1.59460318
v -4.0570364 -1.06340436 -1.60391092
v -4.05265075 -1.06340207 -1.60591489
v -4.07771996 -1.06340482 -1.61066158
v -4.07519726 -1.06340162 -1.61325013
v -4.10697946 -1.06340138 -1.3993264
v -4.10664943 -1.06363841 -1.39933502
v -4.10664943 -1.06316809 -1.39475345
v -4.10630388 -1.06340512 -1.39476207
v -4.083943 -1.06340146 -1.40307433
v -4.08141949 -1.06340504 -1.39887975
v -4.0632589 -1.06340176 -1.41401432
v -4.05887358 -1.06340472 -1.41076655
v -4.04665707 -1.06340216 -1.43123685
v -4.04116784 -1.06340431 -1.42909764
v -4.03591859 -1.06340258 -1.45309264
v -4.02987955 -1.06340389 -1.45204197
v -4.10664943 -1.06363841 -1.39933502
v -4.10664943 -1.03504185 -1.40307884
v -4.10664943 -1.03238108 -1.39882266
v -4.10664943 -1.06316809 -1.39475345
v -4.26174004 -1.03504188 -1.40307881
v -4.26174004 -1.06363844 -1.39933499
v -4.26174004 -1.06316812 -1.39475342
v -4.26174004 -1.03238111 -1.39882263
v -4.10664944 -1.00837623 -1.41413171
v -4.10664944 -1.00370495 -1.41067706
v -4.26174005 -1.00837627 -1.41413168
v -4.26174005 -1.00370498 -1.41067703
v -4.10664945 -0.98523697 -1.43188652
v -4.10664945 -0.97931102 -1.42936458
v -4.26174006 -0.985237 -1.43188649
v -4.26174006 -0.97931105 -1.42936455
v -4.10664946 -0.96734506 -1.45518734
v -4.10664946 -0.96071351 -1.4535609
v -4.26174007 -0.96734509 -1.45518731
v -4.26174007 -0.96071354 -1.45356087
v -4.10664946 -0.95604033 -1.48243132
v -4.10664947 -0.94905619 -1.48163596
v -4.26174008 -0.95604036 -1.48243129
v -4.26174008 -0.94905622 -1.48163593
v -4.10664947 -0.95215804 -1.51172304
v -4.10664947 -0.94506671 -1.51172007
v -4.26174008 -0.95215807 -1.51172301
v -4.26174008 -0.94506674 -1.51172004
v -4.10664948 -0.95598237 -1.54102256
v -4.10664948 -0.94899659 -1.54181184
v -4.26174009 -0.9559824 -1.54102253
v -4.26174009 -0.94899662 -1.54181181
v -4.10664948 -0.9672334 -1.56828943
v -4.10664948 -0.96059804 -1.56990936
v -4.26174009 -0.96723343 -1.5682894
v -4.26174009 -0.96059807 -1.56990933
v -4.10664948 -0.98507989 -1.59162656
v -4.10664948 -0.97914683 -1.59414149
v -4.26174009 -0.98507992 -1.59162653
v -4.26174009 -0.97914686 -1.59414146
v -4.10664948 -1.00818556 -1.60941939
v -4.10664948 -1.00350212 -1.61287611
v -4.26174009 -1.00818559 -1.60942832
v -4.26174009 -1.00350215 -1.61287607
v -4.10592683 -1.03483001 -1.61727735
v -4.10623377 -1.03215397 -1.62136419
v -4.26174009 -1.03483026 -1.62053457
v -4.26174009 -1.03215377 -1.62478662
v -4.10374452 -1.0635689 -1.61836703
v -4.1033481 -1.06308605 -1.62191596
v -4.10374452 -1.0635689 -1.61836703
v -4.1033481 -1.06308605 -1.62191596
v -4.26174008 -1.06352991 -1.62433553
v -4.26174008 -1.06304935 -1.62891662
v -4.51851399 -1.06336746 -1.62434339
v -4.26174008 -1.06352991 -1.62433553
v -4.26174008 -1.06304935 -1.62891662
v -4.51917446 -1.06336372 -1.62890895
v -4.54212726 -1.06337904 -1.62058881
v -4.54460594 -1.06337545 -1.624798
v -4.56331999 -1.06338926 -1.6096385
v -4.56765711 -1.06338627 -1.61292152
v -4.58031342 -1.06339721 -1.59241497
v -4.58577581 -1.06339503 -1.59459149
v -4.59130039 -1.06340214 -1.57056667
v -4.59733221 -1.06340081 -1.57163966
v -4.5951036 -1.06340367 -1.5461403
v -4.60129693 -1.06340298 -1.54640469
v -4.59510358 -1.06340347 -1.47753014
v -4.60129692 -1.06340321 -1.47726558
v -4.5913004 -1.06340314 -1.45310385
v -4.59733215 -1.06340354 -1.45203055
v -4.58031346 -1.06340267 -1.43125552
v -4.5857757 -1.06340401 -1.42907875
v -4.56332007 -1.06340218 -1.41403193
v -4.56765696 -1.0634045 -1.41074878
v -4.54212722 -1.06340173 -1.40308155
v -4.5446059 -1.06340494 -1.39887235
v -4.51851391 -1.06340151 -1.39932692
v -4.51917445 -1.06340515 -1.39476139
v -4.26174004 -1.06363844 -1.39933499
v -4.26174004 -1.06316812 -1.39475342
v -4.08362536 -1.05794692 -1.40254932
v -4.10688989 -1.05788116 -1.398716
v -4.58103757 -1.05790254 -1.43097338
v -4.06269188 -1.05792232 -1.41359896
v -4.56388403 -1.05792251 -1.41361197
v -4.04593167 -1.05790101 -1.43095931
v -4.06269188 -1.05792232 -1.41359896
v -4.54244307 -1.05794497 -1.40255361
v -4.56388403 -1.05792251 -1.41361197
v -4.03511034 -1.05788847 -1.45295752
v -4.18419643 -1.05768566 -1.62500812
v -4.10390933 -1.05780812 -1.61851073
v -4.51860487 -1.05787946 -1.39871527
v -4.03133342 -1.05784201 -1.47749682
v -4.26174174 -1.05768542 -1.62500827
v -4.26174169 -1.05779716 -1.39867325
v -4.07764162 -1.05794746 -1.61045027
v -4.18419639 -1.05779715 -1.39867327
v -4.5186048 -1.05784359 -1.62496637
v -4.10665109 -1.05779713 -1.39867328
v -4.54244293 -1.05792054 -1.62112824
v -4.02769978 -1.0578421 -1.56420164
v -4.56388385 -1.0579082 -1.61006998
v -4.02913598 -1.05788887 -1.57934424
v -4.58103746 -1.05789614 -1.59270865
v -4.56388385 -1.0579082 -1.61006998
v -4.0399551 -1.05790185 -1.59291881
v -4.59210936 -1.05788908 -1.57071611
v -4.05671186 -1.05792359 -1.60363143
v -4.59597343 -1.05784338 -1.54618323
v -4.05671186 -1.05792359 -1.60363143
v -4.52759964 -1.05860146 -1.56806783
v -4.52759963 -1.05860146 -1.55973899
v -4.52759963 -1.0571832 -1.55973899
v -4.52759964 -1.0571832 -1.56806783
v -4.48247094 -1.05860146 -1.49336328
v -4.48247094 -1.05860146 -1.49319329
v -4.48247094 -1.0571832 -1.49319329
v -4.48247094 -1.0571832 -1.49336328
v -4.48247095 -1.05860146 -1.559739
v -4.48247095 -1.05860146 -1.55956902
v -4.48247095 -1.05718319 -1.55956902
v -4.48247095 -1.05718319 -1.559739
v -4.52759962 -1.05860147 -1.49336327
v -4.48247094 -1.05860146 -1.49336328
v -4.48247094 -1.0571832 -1.49336328
v -4.52759962 -1.05718321 -1.49336327
v -4.52759963 -1.05860146 -1.55973899
v -4.48247095 -1.05860146 -1.559739
v -4.48247095 -1.05718319 -1.559739
v -4.52759963 -1.0571832 -1.55973899
v -4.48247094 -1.05860146 -1.49319329
v -4.5049078 -1.05860147 -1.47534578
v -4.5049078 -1.0571832 -1.47534578
v -4.48247094 -1.0571832 -1.49319329
v -4.48247095 -1.05860146 -1.55956902
v -4.50490781 -1.05860146 -1.54172151
v -4.50490781 -1.05718319 -1.54172151
v -4.48247095 -1.05718319 -1.55956902
v -4.49343439 -1.05860147 -1.47466589
v -4.46963773 -1.05860146 -1.49387321
v -4.46963773 -1.05718319 -1.49387321
v -4.49343439 -1.0571832 -1.47466589
v -4.49343442 -1.05860146 -1.54104162
v -4.46963774 -1.05860145 -1.56024893
v -4.46963774 -1.05718318 -1.56024893
v -4.49343442 -1.05718319 -1.54104162
v -4.46963772 -1.05860147 -1.4553736
v -4.46963772 -1.0571832 -1.4553736
v -4.46963774 -1.05860146 -1.52174931
v -4.46963774 -1.05718319 -1.52174931
v -4.5049078 -1.05860147 -1.47398599
v -4.48247093 -1.05860147 -1.45613848
v -4.48247093 -1.0571832 -1.45613848
v -4.5049078 -1.0571832 -1.47398599
v -4.50490781 -1.05860146 -1.5403617
v -4.48247094 -1.05860146 -1.52251421
v -4.48247094 -1.05718319 -1.52251421
v -4.50490781 -1.05718319 -1.5403617
v -4.48247093 -1.05860147 -1.4559685
v -4.52759961 -1.05860148 -1.45596849
v -4.52759961 -1.05718321 -1.45596849
v -4.48247093 -1.0571832 -1.4559685
v -4.48247094 -1.05860146 -1.52234423
v -4.52759963 -1.05860147 -1.52234422
v -4.52759963 -1.0571832 -1.52234422
v -4.48247094 -1.05718319 -1.52234423
v -4.46963772 -1.05860147 -1.44763967
v -4.46963772 -1.05860147 -1.4553736
v -4.46963772 -1.0571832 -1.4553736
v -4.46963772 -1.0571832 -1.44763967
v -4.46963774 -1.05860146 -1.5140154
v -4.46963774 -1.05860146 -1.52174931
v -4.46963774 -1.05718319 -1.52174931
v -4.46963774 -1.05718319 -1.5140154
v -4.52759961 -1.05860148 -1.45596849
v -4.52759961 -1.05860148 -1.44763966
v -4.52759961 -1.05718321 -1.44763966
v -4.52759961 -1.05718321 -1.45596849
v -4.52759963 -1.05860147 -1.52234422
v -4.52759963 -1.05860147 -1.51401538
v -4.52759963 -1.0571832 -1.51401538
v -4.52759963 -1.0571832 -1.52234422
v -4.5049078 -1.05860147 -1.47534578
v -4.5049078 -1.05860147 -1.47398599
v -4.5049078 -1.0571832 -1.47398599
v -4.5049078 -1.0571832 -1.47534578
v -4.50490781 -1.05860146 -1.54172151
v -4.50490781 -1.05860146 -1.5403617
v -4.50490781 -1.05718319 -1.5403617
v -4.50490781 -1.05718319 -1.54172151
v -4.46963773 -1.05860146 -1.50169213
v -4.52759962 -1.05860147 -1.50169212
v -4.52759962 -1.0571832 -1.50169212
v -4.46963773 -1.05718319 -1.50169213
v -4.46963775 -1.05860145 -1.56806784
v -4.52759964 -1.05860146 -1.56806783
v -4.52759964 -1.0571832 -1.56806783
v -4.46963775 -1.05718318 -1.56806784
v -4.48247093 -1.05860147 -1.45613848
v -4.48247093 -1.05860147 -1.4559685
v -4.48247093 -1.0571832 -1.4559685
v -4.48247093 -1.0571832 -1.45613848
v -4.48247094 -1.05860146 -1.52251421
v -4.48247094 -1.05860146 -1.52234423
v -4.48247094 -1.05718319 -1.52234423
v -4.48247094 -1.05718319 -1.52251421
v -4.46963773 -1.05860146 -1.49387321
v -4.46963773 -1.05860146 -1.50169213
v -4.46963773 -1.05718319 -1.50169213
v -4.46963773 -1.05718319 -1.49387321
v -4.46963774 -1.05860145 -1.56024893
v -4.46963775 -1.05860145 -1.56806784
v -4.46963775 -1.05718318 -1.56806784
v -4.46963774 -1.05718318 -1.56024893
v -4.52759961 -1.05860148 -1.44763966
v -4.46963772 -1.05860147 -1.44763967
v -4.46963772 -1.0571832 -1.44763967
v -4.52759961 -1.05718321 -1.44763966
v -4.52759963 -1.05860147 -1.51401538
v -4.46963774 -1.05860146 -1.5140154
v -4.46963774 -1.05718319 -1.5140154
v -4.52759963 -1.0571832 -1.51401538
v -4.52759962 -1.05860147 -1.50169212
v -4.52759962 -1.05860147 -1.49336327
v -4.52759962 -1.05718321 -1.49336327
v -4.52759962 -1.0571832 -1.50169212
v -4.0244686 -1.09530243 -1.76466072
v -4.0268783 -1.09534877 -1.86771549
v -4.02310452 -1.09534888 -1.78016296
v -4.03567404 -1.09528989 -1.75059018
v -4.03069121 -1.095302 -1.89283759
v -4.04189657 -1.09528902 -1.91563956
v -4.0532214 -1.0952686 -1.73936354
v -4.05944391 -1.09526728 -1.93383289
v -4.07551793 -1.09524401 -1.73209609
v -4.08174058 -1.09524342 -1.94560949
v -4.10361815 -1.09530978 -1.72358374
v -4.1064018 -1.09523127 -1.94964292
v -4.10392232 -1.09539381 -1.72361641
v -4.18419654 -1.09539383 -1.71677101
v -4.18419658 -1.095278 -1.94959988
v -4.26174184 -1.09539384 -1.716771
v -4.26174188 -1.09527828 -1.94959971
v -4.51908693 -1.09531164 -1.71672887
v -4.51908709 -1.09527202 -1.94964175
v -4.54429347 -1.09524614 -1.72075612
v -4.5442937 -1.09521839 -1.94561439
v -4.56709642 -1.09526861 -1.73252456
v -4.56709668 -1.09525177 -1.93384584
v -4.58505501 -1.09528858 -1.75071673
v -4.58505519 -1.09528052 -1.91565363
v -4.59652653 -1.09530056 -1.77352425
v -4.59652666 -1.09529832 -1.89284604
v -4.60043047 -1.09534781 -1.79865265
v -4.60043052 -1.09534771 -1.86771758
v -4.03133357 -1.05784206 -1.86752514
v -4.02913596 -1.05788843 -1.76567908
v -4.02770187 -1.05784197 -1.78082172
v -4.03995493 -1.05790098 -1.75210447
v -4.03511056 -1.05788883 -1.89206435
v -4.04593199 -1.05790181 -1.91406249
v -4.05671161 -1.05792228 -1.74139178
v -4.06269221 -1.05792355 -1.93142275
v -4.07764135 -1.05794688 -1.73457331
v -4.08362556 -1.05794742 -1.94247295
v -4.10389903 -1.05788112 -1.72651118
v -4.1068955 -1.05780808 -1.94630484
v -4.18419646 -1.05779711 -1.72001287
v -4.10361894 -1.05779709 -1.72647756
v -4.18419651 -1.05768563 -1.94634771
v -4.26174181 -1.05768538 -1.94634786
v -4.26174176 -1.05779712 -1.72001286
v -4.51860485 -1.05784355 -1.94630597
v -4.51860491 -1.05787942 -1.72005488
v -4.54244296 -1.0579205 -1.94246783
v -4.5424431 -1.05794494 -1.72389321
v -4.56388388 -1.05790817 -1.93140958
v -4.56388406 -1.05792247 -1.73495158
v -4.58103748 -1.05789611 -1.91404824
v -4.5810376 -1.05790251 -1.75231299
v -4.59210938 -1.05788904 -1.89205571
v -4.59210947 -1.05789052 -1.77430559
v -4.59597346 -1.05784334 -1.86752282
v -4.59597348 -1.05784327 -1.79883852
v -4.02687821 -1.09534892 -1.47731535
v -4.02446843 -1.09530204 -1.58036425
v -4.02310446 -1.09534881 -1.56486196
v -4.03567379 -1.09528906 -1.59443484
v -4.03069118 -1.09530248 -1.45219332
v -4.04189662 -1.09528994 -1.4293914
v -4.05322113 -1.09526732 -1.60566152
v -4.05944397 -1.09526865 -1.41119818
v -4.07551782 -1.09524346 -1.6129286
v -4.08174053 -1.09524406 -1.39942096
v -4.10362396 -1.09523131 -1.62144426
v -4.10639683 -1.09530983 -1.3953887
v -4.18419651 -1.09527804 -1.6282603
v -4.10665116 -1.09539385 -1.39543142
v -4.18419647 -1.09539387 -1.3954314
v -4.26174177 -1.09539389 -1.39543139
v -4.26174181 -1.09527832 -1.6282601
v -4.51908689 -1.09531169 -1.39538924
v -4.51908704 -1.09527206 -1.62830217
v -4.54429344 -1.09524618 -1.39941651
v -4.54429367 -1.09521844 -1.62427478
v -4.56709639 -1.09526866 -1.41118494
v -4.56709666 -1.09525181 -1.61250626
v -4.58505499 -1.09528862 -1.42937712
v -4.58505517 -1.09528057 -1.59431402
v -4.5965265 -1.09530061 -1.45218464
v -4.59652663 -1.09529836 -1.57150644
v -4.60043045 -1.09534785 -1.47731303
v -4.6004305 -1.09534776 -1.54637799
v -4.02913598 -1.05788887 -1.57934424
v -4.03133342 -1.05784201 -1.47749682
v -4.02769978 -1.0578421 -1.56420164
v -4.0399551 -1.05790185 -1.59291881
v -4.03511034 -1.05788847 -1.45295752
v -4.04593167 -1.05790101 -1.43095931
v -4.05671186 -1.05792359 -1.60363143
v -4.06269188 -1.05792232 -1.41359896
v -4.07764162 -1.05794746 -1.61045027
v -4.08362536 -1.05794692 -1.40254932
v -4.10390933 -1.05780812 -1.61851073
v -4.10688989 -1.05788116 -1.398716
v -4.18419643 -1.05768566 -1.62500812
v -4.18419639 -1.05779715 -1.39867327
v -4.10665109 -1.05779713 -1.39867328
v -4.26174174 -1.05768542 -1.62500827
v -4.26174169 -1.05779716 -1.39867325
v -4.5186048 -1.05784359 -1.62496637
v -4.51860487 -1.05787946 -1.39871527
v -4.54244293 -1.05792054 -1.62112824
v -4.54244307 -1.05794497 -1.40255361
v -4.56388385 -1.0579082 -1.61006998
v -4.56388403 -1.05792251 -1.41361197
v -4.58103746 -1.05789614 -1.59270865
v -4.58103757 -1.05790254 -1.43097338
v -4.59210936 -1.05788908 -1.57071611
v -4.59210945 -1.05789055 -1.45296598
v -4.59597343 -1.05784338 -1.54618323
v -4.59597346 -1.05784331 -1.47749891
vn 0 0 -1
vn 0 0 1
vn 0.99898 0.0319 -0.0319
vn 0.99898 0.0319 -0.032
vn -0.57171 -0.81981 -0.0326
vn -0.57178 -0.81977 -0.0325
vn -0.57171 -0.81981 -0.0327
vn 0.0001 0.99925 -0.0386
vn 0 0.99925 -0.0388
vn -0.80691 -0.58971 -0.0337
vn -0.80695 -0.58966 -0.0336
vn 0.0004 0.9993 -0.0374
vn 0.0004 0.9993 -0.0375
vn -0.93657 -0.34879 -0.0344
vn -0.93648 -0.34899 -0.0347
vn 0.0777 -0.98823 -0.1318
vn 0.0778 -0.98821 -0.1319
vn 0.0777 -0.98821 -0.1319
vn 0.0002 -0.98016 -0.19819
vn 0 -0.98026 -0.19769
vn 0.0251 -0.87755 -0.47883
vn 0 -0.84223 -0.53912
vn 0.0001 -0.64493 -0.76424
vn 0 -0.6451 -0.7641
vn 0 -0.64493 -0.76424
vn 0 -0.44521 -0.89543
vn 0 -0.25949 -0.96575
vn 0 -0.0855 -0.99634
vn 0 0.0842 -0.99645
vn 0 0.2581 -0.96612
vn 0 0.44369 -0.89618
vn 0 0.64341 -0.76552
vn 0 0.84082 -0.54131
vn 0 0.97982 -0.1999
vn -0.0002 0.97971 -0.2004
vn 0 0.97971 -0.2004
vn 0.0002 0.97982 -0.1999
vn 0.99327 0.1158 0
vn -0.0001 -0.99929 -0.0378
vn -0.0001 -0.99929 -0.0377
vn -0.21119 -0.97688 -0.0333
vn -0.21119 -0.97687 -0.0334
vn -0.21129 -0.97686 -0.0333
vn 0.21619 0.97576 -0.034
vn 0.21631 0.97574 -0.0339
vn 0.99299 0.1126 -0.036
vn 0.99301 0.1125 -0.0358
vn 0.99299 0.1126 -0.0359
vn 0.1039 -0.99433 -0.0225
vn 0.1039 -0.99434 -0.0224
vn -0.0001 -0.99934 -0.0363
vn 0.93921 0.3416 -0.0345
vn 0.93909 0.34189 -0.035
vn -0.0001 0.9993 -0.0374
vn -0.0001 0.9993 -0.0373
vn 0.81332 0.58081 -0.0342
vn 0.8134 0.5807 -0.0341
vn 0.58067 0.81346 -0.0334
vn 0.58079 0.81338 -0.0332
vn 0.58072 0.81342 -0.0333
vn 0.5806 0.8135 -0.0335
vn -0.21121 0.97684 -0.0344
vn -0.57169 0.81979 -0.0334
vn -0.5718 0.81971 -0.0335
vn 0.0538 0.99851 0.0095
vn -0.80694 0.58963 -0.0343
vn -0.8067 0.59 -0.0338
vn 0.3745 -0.92721 0.0052
vn 0.37459 -0.92718 0.0052
vn -0.93662 0.34861 -0.035
vn -0.93649 0.349 -0.0345
vn 0.40351 -0.91491 0.0107
vn 0.4033 -0.915 0.0109
vn -0.9927 0.1152 -0.0357
vn -0.99271 0.115 -0.036
vn -0.99272 0.1149 -0.0361
vn -0.9927 0.1152 -0.0358
vn 0.6542 -0.7563 0.0054
vn 0.6542 -0.7563 0.0053
vn -0.99932 0 -0.0368
vn 0.86152 -0.50771 -0.0034
vn 0.86152 -0.50771 -0.0035
vn -0.99272 -0.115 -0.0357
vn -0.99271 -0.1151 -0.0358
vn -0.99269 -0.1152 -0.0359
vn 0.99726 -0.0709 -0.0209
vn 0.99726 -0.071 -0.0208
vn 0.99724 -0.0713 -0.0205
vn -0.99903 -0.0319 -0.0304
vn -0.99901 -0.0317 -0.0312
vn 0.57139 0.82019 -0.0284
vn 0 -0.99952 -0.031
vn -0.0002 -0.99951 -0.0314
vn 0.80689 0.58999 -0.029
vn 0.80689 0.58999 -0.0289
vn 0.0004 -0.99955 -0.0301
vn 0.0004 -0.99954 -0.0302
vn 0.93677 0.34869 -0.0296
vn 0.93663 0.34911 -0.0292
vn -0.0881 0.98905 0.11841
vn -0.0881 0.98904 0.1185
vn 0 0.97971 0.2004
vn 0.0002 0.9798 0.2
vn -0.0264 0.87754 0.47877
vn -0.0264 0.87759 0.47869
vn -0.0264 0.87752 0.47881
vn 0 0.84289 0.53809
vn 0 0.64553 0.76374
vn 0 0.44549 0.89529
vn 0 0.2596 0.96572
vn 0 0.0856 0.99633
vn 0 -0.0843 0.99644
vn 0 -0.25829 0.96607
vn 0 -0.44409 0.89598
vn 0 -0.64401 0.76501
vn 0 -0.84148 0.54029
vn -0.0002 -0.97937 0.20209
vn -0.0001 -0.97932 0.2023
vn 0.0002 -0.97926 0.20259
vn 0.0001 -0.97928 0.2025
vn 0 0.99947 -0.0325
vn 0 0.99948 -0.0324
vn 0.2122 0.97679 -0.0293
vn 0.2121 0.97681 -0.0293
vn 0.2121 0.97681 -0.0292
vn -0.21631 -0.97593 -0.0278
vn -0.2164 -0.97591 -0.0278
vn -0.21631 -0.97593 -0.0277
vn -0.99322 -0.1122 -0.0304
vn -0.99323 -0.1121 -0.0305
vn -0.99322 -0.1123 -0.0302
vn -0.99321 -0.1123 -0.0303
vn -0.1153 0.9929 -0.0292
vn -0.1154 0.99289 -0.0291
vn -0.1154 0.9929 -0.029
vn -0.0001 0.9995 -0.0315
vn -0.0001 0.99951 -0.0314
vn -0.93935 -0.34168 -0.0295
vn -0.93924 -0.34202 -0.0291
vn -0.0001 -0.99954 -0.0304
vn -0.0001 -0.99953 -0.0305
vn -0.0001 -0.99954 -0.0303
vn -0.8134 -0.581 -0.0286
vn -0.81335 -0.58107 -0.0286
vn -0.81332 -0.58112 -0.0285
vn -0.58031 -0.81392 -0.0277
vn -0.58038 -0.81387 -0.0277
vn -0.5802 -0.814 -0.0276
vn 0.2122 -0.97682 -0.0282
vn 0.21211 -0.97684 -0.0282
vn 0.21211 -0.97684 -0.0283
vn 0.5714 -0.82021 -0.0276
vn 0.5714 -0.8202 -0.0277
vn 0.0509 0.99842 -0.0237
vn 0.8069 -0.59 -0.0285
vn 0.80673 -0.59022 -0.0288
vn -0.3819 0.9239 -0.0236
vn -0.38211 0.92382 -0.0234
vn 0.93679 -0.3487 -0.0289
vn 0.93662 -0.34911 -0.0293
vn -0.40271 0.91512 -0.0197
vn 0.99293 -0.1148 -0.0301
vn 0.99291 -0.1149 -0.0303
vn 0.99292 -0.1149 -0.0302
vn -0.65381 0.75631 -0.0231
vn -0.65321 0.75681 -0.0237
vn 0.99952 0 -0.031
vn -0.86118 0.50759 -0.027
vn -0.86092 0.50801 -0.0273
vn 0.99292 0.1148 -0.0304
vn 0.99293 0.1148 -0.0303
vn 0.99292 0.1149 -0.0302
vn 0.99291 0.1149 -0.0303
vn -0.99737 0.066 -0.03
vn -0.99738 0.0658 -0.0299
vn -0.99738 0.0659 -0.03
vn -0.0001 0 1
vn 0.0001 0 1
vn 0.0002 0.0001 1
vn 0.0003 0.0002 1
vn 0.0002 0.0003 1
vn 0.0003 0.0004 1
vn 0.0074 -0.0421 0.99909
vn 0.0073 -0.0421 0.99909
vn -0.0003 0.0006 1
vn -0.0003 0.0007 1
vn -0.0002 0.0006 1
vn -0.0004 0.0004 1
vn -0.0002 0.0003 1
vn -0.0003 0.0002 1
vn -0.0002 0.0001 1
vn -0.0002 0 1
vn -0.99513 0.0181 0.0969
vn -0.99513 0.018 0.0969
vn 1 0 0
vn -0.99949 0.0117 0.0297
vn -1 0 0
vn -0.99932 0.0362 -0.0073
vn 0.0049 0.0347 0.99939
vn 0.0049 0.0346 0.99939
vn 0.0003 0.0343 0.99941
vn 0.0003 0.0006 1
vn 0.0003 0.0007 1
vn 0 0.0006 1
vn -0.0002 0.0004 1
vn -0.0001 0.0004 1
vn -0.0002 0.0002 1
vn -0.0001 0.0002 1
vn -0.0001 0.0001 1
vn 0.0001 0.0004 1
vn 0.0001 0.0005 1
vn 0 -0.033 0.99946
vn -0.38111 0.92453 -0.0027
vn 0.93705 0.34918 -0.0001
vn -0.403 0.9152 -0.0006
vn -0.40308 0.91516 -0.0007
vn 0.80719 0.59029 -0.0001
vn -0.654 0.7565 -0.0018
vn -0.65368 0.75677 -0.0014
vn 0.57168 0.82047 -0.0001
vn -0.86152 0.50771 -0.0029
vn -0.8613 0.5081 -0.0026
vn -0.0007 -1 0.0002
vn 0.21261 0.97714 -0.0002
vn -0.99738 0.0723 -0.0016
vn -0.99739 0.0722 -0.0017
vn 0 -1 0.0002
vn 0.0002 1 -0.0002
vn -0.21721 -0.97613 0.0002
vn 0 1 -0.0002
vn 0.0002 -1 0.0002
vn -0.1079 0.99416 -0.0005
vn -0.10801 0.99415 -0.001
vn -0.10801 0.99415 -0.0009
vn 0.21261 -0.97714 0.0002
vn -0.99952 -0.031 0
vn 0.57168 -0.82047 0.0001
vn -0.99357 -0.1132 0
vn 0.80719 -0.59029 0.0001
vn -0.93967 -0.34209 0.0001
vn 0.93705 -0.34918 0.0001
vn -0.81361 -0.58141 0.0001
vn 0.99327 -0.1158 0
vn -0.58066 -0.81415 0.0001
vn -0.1601 -0.9871 -0.0019
vn -0.1599 -0.98713 -0.0019
vn 0 1 0
vn 0.7321 -0.6812 0
vn -0.737 0.6759 0
vn -0.73853 -0.67422 0
vn 0.7321 0.6812 0
vn 0 -1 0
vn 0.99898 -0.0319 -0.0319
vn 0.99898 -0.0319 -0.032
vn 0 0.99925 -0.0387
vn -0.80669 -0.58999 -0.034
vn 0.1045 0.99428 -0.0223
vn -0.93664 -0.34862 -0.0342
vn -0.0002 -0.98026 -0.19769
vn 0 -0.98016 -0.19819
vn 0 -0.25951 -0.96574
vn 0.0001 0.64358 -0.76538
vn 0.0248 0.87592 -0.48181
vn 0.0776 0.98805 -0.13321
vn 0.0001 0.97975 -0.20021
vn 0 -0.99928 -0.038
vn 0.37521 0.92692 0.0054
vn 0.99729 0.0706 -0.0206
vn 0.99726 0.071 -0.0209
vn 0.99723 0.0713 -0.0212
vn 0.0001 -0.99928 -0.038
vn 0 -0.99929 -0.0378
vn 0.86152 0.50771 -0.0039
vn -0.0001 0.9993 -0.0375
vn 0.6542 0.7563 0.0046
vn 0.6542 0.7563 0.0047
vn 0.40351 0.91492 0.01
vn 0.40339 0.91498 0.0099
vn -0.21121 0.97684 -0.0343
vn -0.5718 0.8197 -0.0336
vn -0.57163 0.81984 -0.0333
vn 0.0722 0.99674 0.036
vn 0.0723 0.99673 0.036
vn 0.0723 0.99673 0.0361
vn -0.8069 0.5897 -0.0342
vn -0.80698 0.58958 -0.0343
vn 0.21591 -0.97585 -0.0332
vn 0.21589 -0.97585 -0.0332
vn 0.21601 -0.97582 -0.0333
vn -0.93652 0.34891 -0.0347
vn 0.58069 -0.81348 -0.0324
vn 0.58069 -0.81348 -0.0325
vn -0.99272 0.115 -0.0359
vn -0.9927 0.1151 -0.0359
vn 0.81349 -0.5806 -0.0337
vn 0.81334 -0.58083 -0.0334
vn 0.93915 -0.34178 -0.0343
vn 0.93918 -0.34169 -0.0345
vn -0.99269 -0.1152 -0.036
vn -0.99271 -0.1151 -0.0357
vn 0.99302 -0.1124 -0.0358
vn 0.99301 -0.1125 -0.0357
vn 0.993 -0.1127 -0.0354
vn -0.99902 0.0318 -0.0309
vn -0.99903 0.0317 -0.0305
vn 0.57173 0.81994 -0.0288
vn 0.5711 0.8204 -0.0281
vn 0.80673 0.59022 -0.0287
vn -0.1148 -0.99302 -0.0272
vn -0.1148 -0.99301 -0.0273
vn 0 0.9798 0.2
vn -0.0002 0.97971 0.2004
vn -0.0261 -0.87589 0.4818
vn -0.026 -0.8759 0.4818
vn -0.0878 -0.98883 0.1204
vn -0.0877 -0.98884 0.12041
vn 0 -0.97932 0.2023
vn 0 -0.97934 0.20221
vn -0.0002 0.99949 -0.032
vn -0.38109 -0.92428 -0.0216
vn -0.38121 -0.92423 -0.0217
vn -0.38138 -0.92416 -0.0219
vn -0.3813 -0.9242 -0.0218
vn -0.99737 -0.066 -0.0298
vn -0.99739 -0.0657 -0.0299
vn -0.99739 -0.0657 -0.03
vn -0.99738 -0.0659 -0.0298
vn 0.0001 0.99948 -0.0324
vn 0.0002 0.99947 -0.0325
vn -0.0001 0.99951 -0.0313
vn -0.86118 -0.50759 -0.027
vn -0.86093 -0.50802 -0.0266
vn -0.65381 -0.75631 -0.0232
vn -0.65349 -0.75659 -0.023
vn -0.40259 -0.91518 -0.0192
vn -0.40251 -0.91522 -0.0191
vn -0.40271 -0.91512 -0.0193
vn 0.21199 -0.97686 -0.0283
vn 0.5711 -0.8204 -0.028
vn 0.0834 0.99603 -0.0312
vn 0.0835 0.99602 -0.0311
vn 0.0835 0.99602 -0.0312
vn 0.8069 -0.59 -0.0284
vn -0.21701 0.97573 -0.0292
vn -0.21691 0.97575 -0.0292
vn -0.21679 0.97578 -0.0293
vn -0.21689 0.97576 -0.0292
vn -0.5803 0.8139 -0.0285
vn -0.5803 0.8139 -0.0284
vn -0.81339 0.58099 -0.029
vn -0.81339 0.58099 -0.0291
vn -0.93922 0.34201 -0.0298
vn -0.99322 0.1122 -0.0304
vn -0.9932 0.1123 -0.0306
vn -0.99322 0.1122 -0.0305
vn 0.0002 0.0002 1
vn 0.0003 0.0003 1
vn 0.0002 0.0004 1
vn 0.0002 -0.033 0.99946
vn 0.0003 -0.0331 0.99945
vn -0.0001 0.0005 1
vn -0.0003 0.0004 1
vn -0.0004 0.0002 1
vn -0.0003 0.0001 1
vn -0.99951 -0.0118 0.0289
vn -0.99951 -0.0119 0.0289
vn -0.99488 0.0341 0.0951
vn 0.0162 0.0455 0.99883
vn 0.0161 0.0455 0.99883
vn -0.2173 0.9761 -0.0002
vn -0.58059 0.81419 -0.0001
vn -0.81361 0.58141 -0.0001
vn -0.93967 0.34209 -0.0001
vn -0.10889 -0.99405 -0.0006
vn -0.109 -0.99404 -0.0005
vn -0.109 -0.99404 -0.0004
vn -0.10889 -0.99405 -0.0007
vn -0.99357 0.1132 0
vn -0.3809 -0.92461 -0.0025
vn -0.99952 0.031 0
vn -0.99737 -0.0724 -0.0017
vn -0.99738 -0.0723 -0.0017
vn -0.99739 -0.0722 -0.0016
vn -0.86152 -0.50771 -0.0025
vn -0.86141 -0.50791 -0.0026
vn -0.65389 -0.75659 -0.0016
vn -0.65368 -0.75677 -0.0018
vn -0.403 -0.9152 -0.0006
vn -0.40288 -0.91525 -0.0007
vn -0.235 -0.972 0.0002
vn -0.23519 -0.97195 0.0002
vn 0 -0.0002 -1
vn 0.0001 -0.0002 -1
vn -0.0001 -0.0002 -1
vn 0.0004 -0.0002 -1
vn 0.0001 -0.0005 -1
vn -0.0005 -0.0003 -1
vn 0.0001 0 -1
vn 0.0003 -0.0003 -1
vn 0 -0.0004 -1
vn 0 0.0002 1
vn 0.0001 0.0002 1
vn 0 0.0001 1
vn 0 0.0003 1
vn 0.0004 0.0002 1
vn 0.0005 -0.0003 -1
vn 0.0002 0 -1
vn -0.0002 -0.0002 -1
vn 0 -0.0001 -1
vn 0.0003 0.0001 1
vt 0.39318 0.37419
vt 0.39318 0.36978
vt 0.39378 0.36978
vt 0.39382 0.37076
vt 0.39383 0.37076
vt 0.39525 0.37159
vt 0.39672 0.36978
vt 0.39731 0.36978
vt 0.39666 0.37076
vt 0.39668 0.37076
vt 0.39731 0.37419
vt 0.39382 0.37419
vt 0.39519 0.37247
vt 0.3953 0.37247
vt 0.39668 0.37419
vt 0.38811 0.37419
vt 0.38811 0.36978
vt 0.3887 0.36978
vt 0.38874 0.37076
vt 0.38876 0.37076
vt 0.39017 0.37159
vt 0.39165 0.36978
vt 0.39224 0.36978
vt 0.39159 0.37076
vt 0.3916 0.37076
vt 0.39224 0.37419
vt 0.38874 0.37419
vt 0.39012 0.37247
vt 0.39022 0.37247
vt 0.3916 0.37419
vt 0.39395 0.37869
vt 0.39395 0.36714
vt 0.39552 0.36714
vt 0.39562 0.3697
vt 0.39565 0.3697
vt 0.39936 0.37188
vt 0.40322 0.36714
vt 0.40477 0.36714
vt 0.40307 0.3697
vt 0.4031 0.3697
vt 0.40477 0.37869
vt 0.39562 0.37869
vt 0.39923 0.37417
vt 0.3995 0.37417
vt 0.4031 0.37869
vt 0.38067 0.37869
vt 0.38067 0.36714
vt 0.38223 0.36714
vt 0.38234 0.3697
vt 0.38237 0.3697
vt 0.38608 0.37188
vt 0.38994 0.36714
vt 0.39149 0.36714
vt 0.38979 0.3697
vt 0.38982 0.3697
vt 0.39149 0.37869
vt 0.38234 0.37869
vt 0.38594 0.37417
vt 0.38621 0.37417
vt 0.38982 0.37869
vt 0.62552 0.41549
vt 0.62735 0.41549
vt 0.62736 0.41509
vt 0.62552 0.41509
vt 0.62013 0.41549
vt 0.62049 0.41549
vt 0.62048 0.41509
vt 0.62012 0.41509
vt 0.62657 0.41549
vt 0.62525 0.41549
vt 0.62525 0.41509
vt 0.62657 0.41509
vt 0.62472 0.41549
vt 0.62432 0.41549
vt 0.62431 0.41509
vt 0.62471 0.41509
vt 0.62788 0.41549
vt 0.62788 0.41509
vt 0.62522 0.41549
vt 0.62522 0.41509
vt 0.62788 0.41549
vt 0.62657 0.41549
vt 0.62657 0.41591
vt 0.62788 0.41591
vt 0.62525 0.41549
vt 0.62525 0.41591
vt 0.62657 0.41631
vt 0.62788 0.41631
vt 0.62525 0.41631
vt 0.62788 0.41773
vt 0.62657 0.41773
vt 0.62657 0.41732
vt 0.62788 0.41732
vt 0.62525 0.41773
vt 0.62525 0.41732
vt 0.62657 0.41679
vt 0.62788 0.41679
vt 0.62525 0.41679
vt 0.62657 0.41616
vt 0.62788 0.41616
vt 0.62525 0.41616
vt 0.62657 0.41549
vt 0.62788 0.41549
vt 0.62525 0.41549
vt 0.62657 0.41482
vt 0.62788 0.41482
vt 0.62525 0.41482
vt 0.62657 0.4142
vt 0.62788 0.4142
vt 0.62525 0.4142
vt 0.62657 0.41367
vt 0.62788 0.41367
vt 0.62525 0.41367
vt 0.62657 0.41326
vt 0.62788 0.41326
vt 0.62525 0.41326
vt 0.62788 0.41631
vt 0.62657 0.41631
vt 0.62657 0.41592
vt 0.62788 0.41592
vt 0.62525 0.41631
vt 0.62525 0.41592
vt 0.62578 0.41509
vt 0.62522 0.41557
vt 0.62578 0.41557
vt 0.62657 0.41509
vt 0.62525 0.41509
vt 0.62089 0.41549
vt 0.62089 0.41509
vt 0.62827 0.41549
vt 0.62828 0.41509
vt 0.62792 0.41549
vt 0.62792 0.41509
vt 0.62788 0.41509
vt 0.62842 0.41549
vt 0.62842 0.41509
vt 0.62089 0.41549
vt 0.62089 0.41509
vt 0.62881 0.41549
vt 0.62882 0.41509
vt 0.62862 0.41549
vt 0.62863 0.41509
vt 0.62049 0.41549
vt 0.62048 0.41509
vt 0.62013 0.41549
vt 0.62012 0.41509
vt 0.62788 0.41549
vt 0.62788 0.41509
vt 0.62881 0.41549
vt 0.62842 0.41549
vt 0.62842 0.41509
vt 0.62882 0.41509
vt 0.62792 0.41549
vt 0.62792 0.41509
vt 0.62735 0.41549
vt 0.62438 0.41549
vt 0.62469 0.41549
vt 0.62469 0.41509
vt 0.62438 0.41509
vt 0.62578 0.41549
vt 0.62508 0.41549
vt 0.62509 0.41509
vt 0.62551 0.41549
vt 0.62551 0.41502
vt 0.62736 0.41502
vt 0.62736 0.41549
vt 0.62005 0.41549
vt 0.62006 0.41502
vt 0.62045 0.41502
vt 0.62044 0.41549
vt 0.62657 0.4155
vt 0.62657 0.41502
vt 0.62525 0.41502
vt 0.62525 0.4155
vt 0.62467 0.41549
vt 0.62467 0.41502
vt 0.62426 0.41502
vt 0.62425 0.41549
vt 0.62789 0.4155
vt 0.62789 0.41502
vt 0.62519 0.41549
vt 0.6252 0.41502
vt 0.62788 0.4155
vt 0.62788 0.41595
vt 0.62657 0.41595
vt 0.62657 0.4155
vt 0.62525 0.41595
vt 0.62525 0.4155
vt 0.62788 0.41638
vt 0.62657 0.41638
vt 0.62525 0.41638
vt 0.62788 0.4178
vt 0.62788 0.41738
vt 0.62657 0.41738
vt 0.62657 0.4178
vt 0.62525 0.41738
vt 0.62525 0.4178
vt 0.62788 0.41682
vt 0.62657 0.41682
vt 0.62525 0.41682
vt 0.62788 0.41618
vt 0.62657 0.41618
vt 0.62525 0.41618
vt 0.62788 0.41549
vt 0.62657 0.41549
vt 0.62525 0.41549
vt 0.62788 0.41481
vt 0.62657 0.41481
vt 0.62525 0.41481
vt 0.62788 0.41416
vt 0.62657 0.41416
vt 0.62525 0.41416
vt 0.62788 0.41361
vt 0.62657 0.41361
vt 0.62525 0.41361
vt 0.62788 0.41318
vt 0.62657 0.41318
vt 0.62525 0.41318
vt 0.62788 0.41638
vt 0.62788 0.41595
vt 0.62657 0.41595
vt 0.62657 0.41638
vt 0.62525 0.41595
vt 0.62525 0.41638
vt 0.62525 0.41502
vt 0.62657 0.41502
vt 0.62088 0.41502
vt 0.62088 0.41549
vt 0.62831 0.41549
vt 0.62831 0.41502
vt 0.62794 0.41502
vt 0.62794 0.41549
vt 0.62788 0.41502
vt 0.62846 0.41502
vt 0.62847 0.41549
vt 0.62088 0.41502
vt 0.62088 0.41549
vt 0.62888 0.41502
vt 0.62889 0.41549
vt 0.6287 0.41549
vt 0.62869 0.41502
vt 0.62045 0.41502
vt 0.62044 0.41549
vt 0.62006 0.41502
vt 0.62005 0.41549
vt 0.62789 0.41502
vt 0.62789 0.41549
vt 0.62889 0.41549
vt 0.62888 0.41502
vt 0.62846 0.41502
vt 0.62847 0.41549
vt 0.62794 0.41502
vt 0.62794 0.41549
vt 0.62736 0.41549
vt 0.62433 0.41549
vt 0.62433 0.41502
vt 0.62466 0.41502
vt 0.62465 0.41549
vt 0.62577 0.41502
vt 0.62577 0.41549
vt 0.62506 0.41502
vt 0.62506 0.41549
vt 0.62915 0.41471
vt 0.62915 0.41654
vt 0.62925 0.41654
vt 0.62925 0.4147
vt 0.62909 0.41415
vt 0.62919 0.41413
vt 0.6289 0.41365
vt 0.629 0.4136
vt 0.62862 0.41326
vt 0.6287 0.41318
vt 0.62827 0.41301
vt 0.62831 0.41291
vt 0.62788 0.41793
vt 0.62788 0.41793
vt 0.62788 0.41801
vt 0.62789 0.41801
vt 0.62827 0.41786
vt 0.62831 0.41794
vt 0.62862 0.41767
vt 0.6287 0.41772
vt 0.6289 0.41736
vt 0.629 0.4174
vt 0.62909 0.41697
vt 0.62919 0.41699
vt 0.62412 0.41549
vt 0.62415 0.41591
vt 0.62405 0.41595
vt 0.62404 0.4155
vt 0.62407 0.41591
vt 0.62398 0.41549
vt 0.62388 0.4155
vt 0.62397 0.41595
vt 0.62432 0.41631
vt 0.62424 0.41638
vt 0.62432 0.41631
vt 0.62473 0.41665
vt 0.62467 0.41674
vt 0.62527 0.41691
vt 0.62523 0.41701
vt 0.62589 0.41708
vt 0.62587 0.41718
vt 0.62656 0.41714
vt 0.62656 0.41724
vt 0.62724 0.41708
vt 0.62726 0.41719
vt 0.62786 0.41692
vt 0.6279 0.41701
vt 0.6284 0.41665
vt 0.62846 0.41674
vt 0.62881 0.41631
vt 0.62889 0.41638
vt 0.62906 0.41592
vt 0.62916 0.41595
vt 0.62915 0.41549
vt 0.62925 0.4155
vt 0.62788 0.41292
vt 0.62789 0.41282
vt 0.62915 0.41549
vt 0.62925 0.4155
vt 0.62089 0.41292
vt 0.62525 0.41292
vt 0.62525 0.41282
vt 0.62088 0.41282
vt 0.62049 0.41301
vt 0.62044 0.41291
vt 0.62013 0.41326
vt 0.62005 0.41318
vt 0.61984 0.41365
vt 0.61974 0.4136
vt 0.61965 0.41415
vt 0.61955 0.41413
vt 0.61959 0.41471
vt 0.61948 0.4147
vt 0.61959 0.41628
vt 0.61948 0.41628
vt 0.61965 0.41683
vt 0.61955 0.41686
vt 0.61984 0.41733
vt 0.61974 0.41738
vt 0.62013 0.41773
vt 0.62005 0.4178
vt 0.62049 0.41798
vt 0.62044 0.41807
vt 0.62089 0.41806
vt 0.62088 0.41817
vt 0.62525 0.41806
vt 0.62525 0.41817
vt 0.62828 0.41557
vt 0.62788 0.41557
vt 0.62471 0.41557
vt 0.62863 0.41557
vt 0.62431 0.41557
vt 0.62469 0.41557
vt 0.62438 0.41557
vt 0.62048 0.41557
vt 0.62012 0.41557
vt 0.62509 0.41557
vt 0.62657 0.41558
vt 0.62788 0.41558
vt 0.62089 0.41557
vt 0.62552 0.41557
vt 0.62525 0.41558
vt 0.62525 0.41558
vt 0.62657 0.41558
vt 0.62089 0.41557
vt 0.62788 0.41558
vt 0.62048 0.41557
vt 0.62736 0.41557
vt 0.62012 0.41557
vt 0.62792 0.41557
vt 0.62842 0.41557
vt 0.62882 0.41557
vt 0.62842 0.41557
vt 0.62792 0.41557
vt 0.62882 0.41557
vt 0.62736 0.41557
vt 0.38811 0.37141
vt 0.38874 0.37141
vt 0.38874 0.37131
vt 0.38811 0.37131
vt 0.39382 0.37141
vt 0.39383 0.37141
vt 0.39383 0.37131
vt 0.39382 0.37131
vt 0.38876 0.37141
vt 0.38876 0.37131
vt 0.38991 0.37141
vt 0.39336 0.37141
vt 0.39336 0.37131
vt 0.38991 0.37131
vt 0.39165 0.37141
vt 0.39165 0.37131
vt 0.39252 0.37141
vt 0.39434 0.37141
vt 0.39434 0.37131
vt 0.39252 0.37131
vt 0.39731 0.37141
vt 0.39672 0.37141
vt 0.39672 0.37131
vt 0.39731 0.37131
vt 0.39224 0.37141
vt 0.39224 0.37131
vt 0.39668 0.37141
vt 0.39668 0.37131
vt 0.3916 0.37141
vt 0.3916 0.37131
vt 0.39519 0.37141
vt 0.3953 0.37141
vt 0.3953 0.37131
vt 0.39519 0.37131
vt 0.39012 0.37141
vt 0.39022 0.37141
vt 0.39022 0.37131
vt 0.39012 0.37131
vt 0.39666 0.37141
vt 0.39666 0.37131
vt 0.39159 0.37141
vt 0.39159 0.37131
vt 0.39378 0.37141
vt 0.39318 0.37141
vt 0.39318 0.37131
vt 0.39378 0.37131
vt 0.3887 0.37141
vt 0.3887 0.37131
vt 0.62513 0.41549
vt 0.62849 0.41549
vt 0.62848 0.41476
vt 0.62513 0.41476
vt 0.61479 0.41549
vt 0.61545 0.41549
vt 0.61544 0.41476
vt 0.61477 0.41476
vt 0.62657 0.41549
vt 0.62416 0.41549
vt 0.62416 0.41477
vt 0.62657 0.41477
vt 0.62319 0.41549
vt 0.62246 0.41549
vt 0.62245 0.41476
vt 0.62317 0.41476
vt 0.62897 0.41549
vt 0.62897 0.41476
vt 0.6241 0.41549
vt 0.6241 0.41476
vt 0.62898 0.41549
vt 0.62657 0.41548
vt 0.62657 0.41626
vt 0.62898 0.41626
vt 0.62416 0.41549
vt 0.62416 0.41626
vt 0.62657 0.41698
vt 0.62898 0.41698
vt 0.62416 0.41698
vt 0.62898 0.41958
vt 0.62657 0.41958
vt 0.62657 0.41883
vt 0.62898 0.41883
vt 0.62416 0.41958
vt 0.62416 0.41883
vt 0.62657 0.41786
vt 0.62898 0.41786
vt 0.62416 0.41786
vt 0.62657 0.41672
vt 0.62898 0.41672
vt 0.62416 0.41672
vt 0.62657 0.4155
vt 0.62898 0.4155
vt 0.62416 0.4155
vt 0.62657 0.41427
vt 0.62898 0.41427
vt 0.62416 0.41427
vt 0.62657 0.41313
vt 0.62898 0.41313
vt 0.62416 0.41313
vt 0.62657 0.41216
vt 0.62898 0.41216
vt 0.62416 0.41216
vt 0.62657 0.41141
vt 0.62898 0.41141
vt 0.62416 0.41141
vt 0.62898 0.41699
vt 0.62657 0.41699
vt 0.62657 0.41627
vt 0.62898 0.41627
vt 0.62416 0.41699
vt 0.62416 0.41627
vt 0.62513 0.41476
vt 0.6241 0.41564
vt 0.62513 0.41564
vt 0.62657 0.41476
vt 0.62416 0.41476
vt 0.61618 0.41549
vt 0.61618 0.41476
vt 0.62968 0.41549
vt 0.62969 0.41476
vt 0.62928 0.41549
vt 0.62928 0.41476
vt 0.62898 0.41476
vt 0.63 0.41549
vt 0.62999 0.41476
vt 0.61618 0.41549
vt 0.61618 0.41476
vt 0.63056 0.41549
vt 0.63056 0.41476
vt 0.63032 0.41549
vt 0.63034 0.41476
vt 0.61545 0.41549
vt 0.61544 0.41476
vt 0.61479 0.41549
vt 0.61477 0.41476
vt 0.62897 0.41549
vt 0.62897 0.41476
vt 0.63067 0.41549
vt 0.62995 0.41549
vt 0.62996 0.41476
vt 0.63069 0.41476
vt 0.62968 0.41549
vt 0.62969 0.41476
vt 0.62903 0.41549
vt 0.62904 0.41476
vt 0.63032 0.41549
vt 0.63034 0.41476
vt 0.62801 0.41549
vt 0.62801 0.41476
vt 0.62246 0.41549
vt 0.62318 0.41549
vt 0.62317 0.41476
vt 0.62244 0.41476
vt 0.62513 0.41549
vt 0.6241 0.41549
vt 0.6241 0.41476
vt 0.62512 0.41549
vt 0.62512 0.41463
vt 0.6285 0.41463
vt 0.6285 0.41549
vt 0.61466 0.41549
vt 0.61467 0.41463
vt 0.61538 0.41463
vt 0.61537 0.41549
vt 0.62657 0.41551
vt 0.62657 0.41463
vt 0.62416 0.41463
vt 0.62416 0.4155
vt 0.62309 0.41549
vt 0.62311 0.41463
vt 0.62234 0.41463
vt 0.62232 0.41549
vt 0.62898 0.4155
vt 0.62898 0.41463
vt 0.62406 0.41549
vt 0.62406 0.41463
vt 0.62898 0.4155
vt 0.62898 0.41633
vt 0.62657 0.41633
vt 0.62657 0.4155
vt 0.62416 0.41633
vt 0.62416 0.4155
vt 0.62898 0.41711
vt 0.62657 0.41711
vt 0.62416 0.41711
vt 0.62898 0.41972
vt 0.62898 0.41894
vt 0.62657 0.41894
vt 0.62657 0.41972
vt 0.62416 0.41894
vt 0.62416 0.41972
vt 0.62898 0.41793
vt 0.62657 0.41793
vt 0.62416 0.41793
vt 0.62898 0.41675
vt 0.62657 0.41675
vt 0.62416 0.41675
vt 0.62898 0.4155
vt 0.62657 0.4155
vt 0.62416 0.4155
vt 0.62898 0.41424
vt 0.62657 0.41424
vt 0.62416 0.41424
vt 0.62898 0.41307
vt 0.62657 0.41307
vt 0.62416 0.41307
vt 0.62898 0.41205
vt 0.62657 0.41205
vt 0.62416 0.41205
vt 0.62898 0.41127
vt 0.62657 0.41127
vt 0.62416 0.41127
vt 0.62898 0.41711
vt 0.62898 0.41634
vt 0.62657 0.41634
vt 0.62657 0.41711
vt 0.62416 0.41634
vt 0.62416 0.41711
vt 0.62416 0.41463
vt 0.62657 0.41463
vt 0.61616 0.41463
vt 0.61616 0.41549
vt 0.62976 0.41549
vt 0.62975 0.41463
vt 0.62931 0.41463
vt 0.62932 0.41549
vt 0.62898 0.41463
vt 0.63006 0.41463
vt 0.63007 0.41549
vt 0.61616 0.41463
vt 0.61616 0.41549
vt 0.63065 0.41463
vt 0.63066 0.41549
vt 0.63046 0.41549
vt 0.63044 0.41463
vt 0.61538 0.41463
vt 0.61537 0.41549
vt 0.61467 0.41463
vt 0.61466 0.41549
vt 0.62898 0.41463
vt 0.62899 0.41549
vt 0.63081 0.41549
vt 0.63079 0.41463
vt 0.63003 0.41463
vt 0.63004 0.41549
vt 0.62976 0.41549
vt 0.62907 0.41463
vt 0.62908 0.41549
vt 0.63046 0.41549
vt 0.62802 0.41463
vt 0.62802 0.41549
vt 0.62233 0.41549
vt 0.62234 0.41463
vt 0.62311 0.41463
vt 0.62309 0.41549
vt 0.62512 0.41463
vt 0.62512 0.41549
vt 0.62406 0.41463
vt 0.62406 0.41549
vt 0.63129 0.41358
vt 0.63129 0.41693
vt 0.63148 0.41694
vt 0.63148 0.41357
vt 0.63117 0.41279
vt 0.63136 0.41275
vt 0.63084 0.41208
vt 0.63101 0.41201
vt 0.63032 0.41152
vt 0.63046 0.41141
vt 0.62968 0.41116
vt 0.62976 0.41103
vt 0.62897 0.42019
vt 0.62898 0.42019
vt 0.62898 0.42039
vt 0.62899 0.42039
vt 0.62968 0.42004
vt 0.62976 0.42021
vt 0.63032 0.41958
vt 0.63046 0.41972
vt 0.63084 0.41886
vt 0.63101 0.41895
vt 0.63117 0.41795
vt 0.63136 0.41799
vt 0.62185 0.41549
vt 0.622 0.41626
vt 0.62182 0.41633
vt 0.62165 0.4155
vt 0.62247 0.41698
vt 0.62232 0.41711
vt 0.62321 0.41761
vt 0.62311 0.41777
vt 0.62419 0.41809
vt 0.62412 0.41827
vt 0.62533 0.4184
vt 0.6253 0.41859
vt 0.62656 0.4185
vt 0.62656 0.41869
vt 0.62779 0.4184
vt 0.62782 0.41859
vt 0.62894 0.41809
vt 0.629 0.41827
vt 0.62992 0.41761
vt 0.63002 0.41777
vt 0.63066 0.41699
vt 0.63081 0.41711
vt 0.63066 0.41699
vt 0.63099 0.41627
vt 0.63116 0.41634
vt 0.63113 0.41627
vt 0.63131 0.41634
vt 0.63104 0.41549
vt 0.63119 0.4155
vt 0.62897 0.41104
vt 0.62898 0.41089
vt 0.63129 0.41549
vt 0.63148 0.4155
vt 0.61618 0.41079
vt 0.62416 0.41079
vt 0.62416 0.4106
vt 0.61616 0.4106
vt 0.61545 0.41095
vt 0.61537 0.41077
vt 0.61479 0.4114
vt 0.61466 0.41127
vt 0.61426 0.41212
vt 0.61409 0.41203
vt 0.61392 0.41304
vt 0.61373 0.41299
vt 0.6138 0.41406
vt 0.61361 0.41405
vt 0.6138 0.41693
vt 0.61361 0.41694
vt 0.61392 0.41795
vt 0.61373 0.41799
vt 0.61426 0.41886
vt 0.61409 0.41895
vt 0.61479 0.41958
vt 0.61466 0.41972
vt 0.61545 0.42004
vt 0.61537 0.42021
vt 0.61618 0.42019
vt 0.61616 0.42039
vt 0.62416 0.42019
vt 0.62416 0.42039
vt 0.62969 0.41564
vt 0.62897 0.41564
vt 0.62317 0.41564
vt 0.63034 0.41564
vt 0.62244 0.41564
vt 0.62317 0.41564
vt 0.62244 0.41564
vt 0.61544 0.41564
vt 0.61477 0.41564
vt 0.6241 0.41564
vt 0.62657 0.41565
vt 0.62897 0.41564
vt 0.61618 0.41564
vt 0.62513 0.41564
vt 0.62416 0.41565
vt 0.62416 0.41564
vt 0.62657 0.41564
vt 0.61618 0.41564
vt 0.62898 0.41564
vt 0.61544 0.41564
vt 0.62848 0.41564
vt 0.61477 0.41564
vt 0.62928 0.41564
vt 0.62996 0.41564
vt 0.63069 0.41564
vt 0.62999 0.41564
vt 0.62904 0.41564
vt 0.63056 0.41564
vt 0.62801 0.41564
vt 0.63034 0.41564
vt 0.38067 0.37141
vt 0.38234 0.37141
vt 0.38234 0.37113
vt 0.38067 0.37113
vt 0.39562 0.37141
vt 0.39565 0.37141
vt 0.39565 0.37113
vt 0.39562 0.37113
vt 0.38237 0.37141
vt 0.38237 0.37113
vt 0.3854 0.37141
vt 0.39443 0.37141
vt 0.39443 0.37113
vt 0.3854 0.37113
vt 0.38994 0.37141
vt 0.38994 0.37113
vt 0.39223 0.37141
vt 0.397 0.37141
vt 0.397 0.37113
vt 0.39223 0.37113
vt 0.40477 0.37141
vt 0.40322 0.37141
vt 0.40322 0.37113
vt 0.40477 0.37113
vt 0.39149 0.37141
vt 0.38994 0.37141
vt 0.38994 0.37113
vt 0.39149 0.37113
vt 0.4031 0.37141
vt 0.4031 0.37113
vt 0.38982 0.37141
vt 0.38982 0.37113
vt 0.39923 0.37141
vt 0.3995 0.37141
vt 0.3995 0.37113
vt 0.39923 0.37113
vt 0.38594 0.37141
vt 0.38621 0.37141
vt 0.38621 0.37113
vt 0.38594 0.37113
vt 0.40307 0.37141
vt 0.40307 0.37113
vt 0.38979 0.37141
vt 0.38979 0.37113
vt 0.39552 0.37141
vt 0.39395 0.37141
vt 0.39395 0.37113
vt 0.39552 0.37113
vt 0.38223 0.37141
vt 0.38223 0.37113
vt 0.62917 0.41699
vt 0.62924 0.4147
vt 0.62924 0.41654
vt 0.62898 0.41739
vt 0.62917 0.41413
vt 0.62898 0.41361
vt 0.62869 0.41772
vt 0.62869 0.41319
vt 0.62831 0.41793
vt 0.62831 0.41292
vt 0.62789 0.418
vt 0.62789 0.41283
vt 0.62788 0.418
vt 0.62657 0.41815
vt 0.62657 0.41283
vt 0.62525 0.41815
vt 0.62525 0.41283
vt 0.62088 0.41815
vt 0.62088 0.41283
vt 0.62045 0.41806
vt 0.62045 0.41292
vt 0.62006 0.41779
vt 0.62006 0.41319
vt 0.61976 0.41738
vt 0.61976 0.41361
vt 0.61956 0.41686
vt 0.61956 0.41413
vt 0.61949 0.41628
vt 0.61949 0.4147
vt 0.62916 0.41471
vt 0.6291 0.41697
vt 0.62916 0.41653
vt 0.62892 0.41736
vt 0.6291 0.41415
vt 0.62892 0.41364
vt 0.62863 0.41767
vt 0.62863 0.41325
vt 0.62828 0.41786
vt 0.62828 0.41299
vt 0.62788 0.41793
vt 0.62788 0.41291
vt 0.62657 0.41808
vt 0.62788 0.41793
vt 0.62657 0.4129
vt 0.62525 0.4129
vt 0.62525 0.41808
vt 0.62089 0.41291
vt 0.62089 0.41808
vt 0.62048 0.41299
vt 0.62048 0.41799
vt 0.62012 0.41325
vt 0.62012 0.41774
vt 0.61982 0.41364
vt 0.61982 0.41734
vt 0.61964 0.41415
vt 0.61964 0.41684
vt 0.61957 0.41471
vt 0.61957 0.41628
vt 0.63145 0.41693
vt 0.63133 0.41276
vt 0.63145 0.41357
vt 0.63099 0.41202
vt 0.63133 0.41798
vt 0.63099 0.41894
vt 0.63044 0.41142
vt 0.63044 0.4197
vt 0.62975 0.41104
vt 0.62975 0.42019
vt 0.62898 0.41091
vt 0.62898 0.42036
vt 0.62657 0.41063
vt 0.62898 0.42036
vt 0.62657 0.42036
vt 0.62416 0.42036
vt 0.62416 0.41063
vt 0.61616 0.42036
vt 0.61616 0.41062
vt 0.61538 0.42019
vt 0.61538 0.41079
vt 0.61467 0.4197
vt 0.61467 0.41128
vt 0.61412 0.41894
vt 0.61412 0.41205
vt 0.61376 0.41799
vt 0.61376 0.413
vt 0.61364 0.41694
vt 0.61364 0.41405
vt 0.6312 0.41279
vt 0.63131 0.41693
vt 0.63131 0.41359
vt 0.63086 0.41208
vt 0.6312 0.41795
vt 0.63086 0.41887
vt 0.63034 0.41152
vt 0.63034 0.4196
vt 0.62969 0.41116
vt 0.62969 0.42006
vt 0.62897 0.41103
vt 0.62897 0.42022
vt 0.62657 0.41076
vt 0.62657 0.42022
vt 0.62898 0.42022
vt 0.62416 0.41076
vt 0.62416 0.42022
vt 0.61618 0.41076
vt 0.61618 0.42022
vt 0.61544 0.41092
vt 0.61544 0.42006
vt 0.61477 0.41139
vt 0.61477 0.4196
vt 0.61424 0.41211
vt 0.61424 0.41887
vt 0.6139 0.41303
vt 0.6139 0.41795
vt 0.61378 0.41406
vt 0.61378 0.41693
usemtl mat0
f 1/1/1 2/2/1 3/3/1
f 1/1/1 3/3/1 4/4/1
f 4/4/1 3/3/1 5/5/1
f 5/5/1 3/3/1 6/6/1
f 6/6/1 7/7/1 8/8/1
f 6/6/1 8/8/1 9/9/1
f 9/9/1 8/8/1 10/10/1
f 10/10/1 8/8/1 11/11/1
f 1/1/1 4/4/1 12/12/1
f 13/13/1 5/5/1 6/6/1
f 6/6/1 9/9/1 14/14/1
f 15/15/1 10/10/1 11/11/1
f 13/13/1 6/6/1 14/14/1
f 16/16/1 17/17/1 18/18/1
f 16/16/1 18/18/1 19/19/1
f 19/19/1 18/18/1 20/20/1
f 20/20/1 18/18/1 21/21/1
f 21/21/1 22/22/1 23/23/1
f 21/21/1 23/23/1 24/24/1
f 24/24/1 23/23/1 25/25/1
f 25/25/1 23/23/1 26/26/1
f 16/16/1 19/19/1 27/27/1
f 28/28/1 20/20/1 21/21/1
f 21/21/1 24/24/1 29/29/1
f 30/30/1 25/25/1 26/26/1
f 28/28/1 21/21/1 29/29/1
f 31/1/2 32/3/2 33/2/2
f 31/1/2 34/4/2 32/3/2
f 34/4/2 35/5/2 32/3/2
f 35/5/2 36/6/2 32/3/2
f 36/6/2 37/8/2 38/7/2
f 36/6/2 39/9/2 37/8/2
f 39/9/2 40/10/2 37/8/2
f 40/10/2 41/11/2 37/8/2
f 31/1/2 42/12/2 34/4/2
f 43/13/2 36/6/2 35/5/2
f 36/6/2 44/14/2 39/9/2
f 45/15/2 41/11/2 40/10/2
f 43/13/2 44/14/2 36/6/2
f 46/16/2 47/18/2 48/17/2
f 46/16/2 49/19/2 47/18/2
f 49/19/2 50/20/2 47/18/2
f 50/20/2 51/21/2 47/18/2
f 51/21/2 52/23/2 53/22/2
f 51/21/2 54/24/2 52/23/2
f 54/24/2 55/25/2 52/23/2
f 55/25/2 56/26/2 52/23/2
f 46/16/2 57/27/2 49/19/2
f 58/28/2 51/21/2 50/20/2
f 51/21/2 59/29/2 54/24/2
f 60/30/2 56/26/2 55/25/2
f 58/28/2 59/29/2 51/21/2
f 61/31/1 62/32/1 63/33/1
f 61/31/1 63/33/1 64/34/1
f 64/34/1 63/33/1 65/35/1
f 65/35/1 63/33/1 66/36/1
f 66/36/1 67/37/1 68/38/1
f 66/36/1 68/38/1 69/39/1
f 69/39/1 68/38/1 70/40/1
f 70/40/1 68/38/1 71/41/1
f 61/31/1 64/34/1 72/42/1
f 73/43/1 65/35/1 66/36/1
f 66/36/1 69/39/1 74/44/1
f 75/45/1 70/40/1 71/41/1
f 73/43/1 66/36/1 74/44/1
f 76/46/1 77/47/1 78/48/1
f 76/46/1 78/48/1 79/49/1
f 79/49/1 78/48/1 80/50/1
f 80/50/1 78/48/1 81/51/1
f 81/51/1 82/52/1 83/53/1
f 81/51/1 83/53/1 84/54/1
f 84/54/1 83/53/1 85/55/1
f 85/55/1 83/53/1 86/56/1
f 76/46/1 79/49/1 87/57/1
f 88/58/1 80/50/1 81/51/1
f 81/51/1 84/54/1 89/59/1
f 90/60/1 85/55/1 86/56/1
f 88/58/1 81/51/1 89/59/1
f 91/31/2 92/33/2 93/32/2
f 91/31/2 94/34/2 92/33/2
f 94/34/2 95/35/2 92/33/2
f 95/35/2 96/36/2 92/33/2
f 96/36/2 97/38/2 98/37/2
f 96/36/2 99/39/2 97/38/2
f 99/39/2 100/40/2 97/38/2
f 100/40/2 101/41/2 97/38/2
f 91/31/2 102/42/2 94/34/2
f 103/43/2 96/36/2 95/35/2
f 96/36/2 104/44/2 99/39/2
f 105/45/2 101/41/2 100/40/2
f 103/43/2 104/44/2 96/36/2
f 106/46/2 107/48/2 108/47/2
f 106/46/2 109/49/2 107/48/2
f 109/49/2 110/50/2 107/48/2
f 110/50/2 111/51/2 107/48/2
f 111/51/2 112/53/2 113/52/2
f 111/51/2 114/54/2 112/53/2
f 114/54/2 115/55/2 112/53/2
f 115/55/2 116/56/2 112/53/2
f 106/46/2 117/57/2 109/49/2
f 118/58/2 111/51/2 110/50/2
f 111/51/2 119/59/2 114/54/2
f 120/60/2 116/56/2 115/55/2
f 118/58/2 119/59/2 111/51/2
f 121/61/3 122/62/3 123/63/4
f 121/61/3 123/63/4 124/64/3
f 125/65/5 126/66/5 127/67/6
f 125/65/5 127/67/6 128/68/7
f 129/69/8 130/70/8 131/71/8
f 129/69/9 131/71/9 132/72/9
f 133/73/10 134/74/11 135/75/11
f 133/73/10 135/75/11 136/76/10
f 137/77/12 129/69/13 132/72/13
f 137/77/12 132/72/13 138/78/13
f 139/79/14 133/73/14 136/76/14
f 139/79/15 136/76/15 140/80/15
f 141/81/16 142/82/17 143/83/18
f 141/81/16 143/83/18 144/84/16
f 142/82/19 145/85/19 146/86/19
f 142/82/20 146/86/20 143/83/20
f 144/84/21 143/83/21 147/87/21
f 144/84/21 147/87/21 148/88/21
f 143/83/22 146/86/22 149/89/22
f 143/83/22 149/89/22 147/87/22
f 150/90/23 151/91/23 152/92/23
f 150/90/24 152/92/24 153/93/24
f 151/91/25 154/94/25 155/95/25
f 151/91/25 155/95/25 152/92/25
f 153/93/26 152/92/26 156/96/26
f 153/93/26 156/96/26 157/97/26
f 152/92/26 155/95/26 158/98/26
f 152/92/26 158/98/26 156/96/26
f 157/97/27 156/96/27 159/99/27
f 157/97/27 159/99/27 160/100/27
f 156/96/27 158/98/27 161/101/27
f 156/96/27 161/101/27 159/99/27
f 160/100/28 159/99/28 162/102/28
f 160/100/28 162/102/28 163/103/28
f 159/99/28 161/101/28 164/104/28
f 159/99/28 164/104/28 162/102/28
f 163/103/29 162/102/29 165/105/29
f 163/103/29 165/105/29 166/106/29
f 162/102/29 164/104/29 167/107/29
f 162/102/29 167/107/29 165/105/29
f 166/106/30 165/105/30 168/108/30
f 166/106/30 168/108/30 169/109/30
f 165/105/30 167/107/30 170/110/30
f 165/105/30 170/110/30 168/108/30
f 169/109/31 168/108/31 171/111/31
f 169/109/31 171/111/31 172/112/31
f 168/108/31 170/110/31 173/113/31
f 168/108/31 173/113/31 171/111/31
f 172/112/32 171/111/32 174/114/32
f 172/112/32 174/114/32 175/115/32
f 171/111/32 173/113/32 176/116/32
f 171/111/32 176/116/32 174/114/32
f 177/117/33 178/118/33 179/119/33
f 177/117/33 179/119/33 180/120/33
f 178/118/33 181/121/33 182/122/33
f 178/118/33 182/122/33 179/119/33
f 180/120/34 179/119/34 129/69/34
f 180/120/35 129/69/35 137/77/35
f 179/119/36 182/122/36 130/70/36
f 179/119/37 130/70/37 129/69/37
f 183/123/38 140/80/38 184/124/38
f 183/123/38 184/124/38 185/125/38
f 145/85/39 142/82/39 186/126/39
f 145/85/40 186/126/40 187/127/40
f 126/66/41 188/128/42 189/129/42
f 126/66/41 189/129/42 127/67/43
f 190/130/44 137/77/44 138/78/44
f 190/130/44 138/78/44 191/131/45
f 122/62/46 192/132/47 193/133/48
f 122/62/46 193/133/48 123/63/47
f 142/82/49 141/81/49 194/134/49
f 142/82/49 194/134/49 186/126/50
f 188/128/51 145/85/51 187/127/51
f 188/128/51 187/127/51 189/129/51
f 192/132/52 195/135/52 196/136/52
f 192/132/53 196/136/53 193/133/53
f 130/70/54 197/137/54 198/138/55
f 130/70/54 198/138/55 131/71/54
f 195/135/56 199/139/57 200/140/57
f 195/135/56 200/140/57 196/136/56
f 201/141/58 190/130/59 191/131/60
f 201/141/58 191/131/60 202/142/61
f 197/137/62 203/143/62 204/144/62
f 197/137/62 204/144/62 198/138/62
f 203/143/63 205/145/63 206/146/64
f 203/143/63 206/146/64 204/144/63
f 141/81/65 207/147/65 208/148/65
f 141/81/65 208/148/65 194/134/65
f 209/149/66 210/150/66 211/151/66
f 209/149/67 211/151/67 212/152/67
f 207/147/68 213/130/68 214/131/68
f 207/147/68 214/131/68 208/148/69
f 210/150/70 215/153/70 216/154/70
f 210/150/71 216/154/71 211/151/71
f 213/130/72 217/141/72 218/142/72
f 213/130/73 218/142/73 214/131/73
f 215/153/74 219/155/75 220/63/76
f 215/153/74 220/63/76 216/154/77
f 221/156/78 222/157/78 223/158/78
f 221/156/79 223/158/79 224/159/79
f 219/155/80 225/160/80 183/123/80
f 219/155/80 183/123/80 220/63/80
f 222/157/81 226/161/81 227/162/81
f 222/157/82 227/162/82 223/158/82
f 225/160/83 139/79/84 140/80/85
f 225/160/83 140/80/85 183/123/83
f 226/161/86 121/61/87 124/64/88
f 226/161/86 124/64/88 227/162/87
f 228/163/89 229/164/89 230/165/89
f 228/163/90 230/165/90 231/166/90
f 232/167/91 233/168/91 234/169/91
f 232/167/91 234/169/91 235/170/91
f 236/171/92 237/172/92 238/173/92
f 236/171/93 238/173/93 239/174/93
f 240/175/94 241/176/94 242/177/94
f 240/175/95 242/177/95 243/178/95
f 244/179/96 245/180/96 237/172/96
f 244/179/96 237/172/96 236/171/97
f 246/181/98 247/182/98 241/176/98
f 246/181/99 241/176/99 240/175/99
f 248/183/100 249/184/101 250/185/101
f 248/183/100 250/185/101 251/186/101
f 251/186/102 250/185/102 252/187/102
f 251/186/103 252/187/103 253/188/103
f 249/184/104 254/189/105 255/190/104
f 249/184/104 255/190/104 250/185/106
f 250/185/107 255/190/107 256/191/107
f 250/185/107 256/191/107 252/187/107
f 257/192/108 258/193/108 259/194/108
f 257/192/108 259/194/108 260/195/108
f 260/195/108 259/194/108 261/196/108
f 260/195/108 261/196/108 262/197/108
f 258/193/109 263/198/109 264/199/109
f 258/193/109 264/199/109 259/194/109
f 259/194/109 264/199/109 265/200/109
f 259/194/109 265/200/109 261/196/109
f 263/198/110 266/201/110 267/202/110
f 263/198/110 267/202/110 264/199/110
f 264/199/110 267/202/110 268/203/110
f 264/199/110 268/203/110 265/200/110
f 266/201/111 269/204/111 270/205/111
f 266/201/111 270/205/111 267/202/111
f 267/202/111 270/205/111 271/206/111
f 267/202/111 271/206/111 268/203/111
f 269/204/112 272/207/112 273/208/112
f 269/204/112 273/208/112 270/205/112
f 270/205/112 273/208/112 274/209/112
f 270/205/112 274/209/112 271/206/112
f 272/207/113 275/210/113 276/211/113
f 272/207/113 276/211/113 273/208/113
f 273/208/113 276/211/113 277/212/113
f 273/208/113 277/212/113 274/209/113
f 275/210/114 278/213/114 279/214/114
f 275/210/114 279/214/114 276/211/114
f 276/211/114 279/214/114 280/215/114
f 276/211/114 280/215/114 277/212/114
f 278/213/115 281/216/115 282/217/115
f 278/213/115 282/217/115 279/214/115
f 279/214/115 282/217/115 283/218/115
f 279/214/115 283/218/115 280/215/115
f 284/219/116 285/220/116 286/221/116
f 284/219/116 286/221/116 287/222/116
f 287/222/116 286/221/116 288/223/116
f 287/222/116 288/223/116 289/224/116
f 285/220/117 244/179/117 236/171/117
f 285/220/118 236/171/118 286/221/118
f 286/221/119 236/171/119 239/174/119
f 286/221/120 239/174/120 288/223/120
f 253/188/121 290/225/121 291/226/121
f 253/188/122 291/226/122 251/186/122
f 235/170/123 234/169/124 292/227/125
f 235/170/123 292/227/125 293/228/123
f 294/229/126 295/230/127 245/180/128
f 294/229/126 245/180/128 244/179/127
f 231/166/129 230/165/130 296/231/131
f 231/166/129 296/231/131 297/232/132
f 251/186/133 291/226/134 298/233/135
f 251/186/133 298/233/135 248/183/134
f 293/228/136 292/227/136 290/225/137
f 293/228/136 290/225/137 253/188/137
f 297/232/138 296/231/138 299/234/138
f 297/232/139 299/234/139 300/235/139
f 239/174/140 238/173/141 301/236/140
f 239/174/140 301/236/140 302/237/142
f 300/235/143 299/234/144 303/238/145
f 300/235/143 303/238/145 304/239/144
f 305/240/146 306/241/147 295/230/146
f 305/240/146 295/230/146 294/229/148
f 302/237/149 301/236/150 307/242/151
f 302/237/149 307/242/151 308/243/149
f 308/243/152 307/242/152 309/244/152
f 308/243/152 309/244/152 310/245/153
f 248/183/154 298/233/154 311/246/154
f 248/183/154 311/246/154 312/247/154
f 313/248/155 314/249/155 315/250/155
f 313/248/156 315/250/156 316/251/156
f 312/247/157 311/246/158 317/230/158
f 312/247/157 317/230/158 318/229/158
f 316/251/159 315/250/159 319/252/159
f 316/251/160 319/252/160 320/253/160
f 318/229/161 317/230/161 321/241/161
f 318/229/161 321/241/161 322/240/161
f 320/253/162 319/252/162 323/165/163
f 320/253/162 323/165/163 324/254/164
f 325/255/165 326/256/165 327/257/165
f 325/255/166 327/257/166 328/258/166
f 324/254/167 323/165/167 329/259/167
f 324/254/167 329/259/167 330/260/167
f 328/258/168 327/257/168 331/261/168
f 328/258/169 331/261/169 332/262/169
f 330/260/170 329/259/171 247/182/172
f 330/260/170 247/182/172 246/181/173
f 332/262/174 331/261/175 229/164/174
f 332/262/174 229/164/174 228/163/176
f 333/263/177 334/264/177 335/265/177
f 333/263/2 335/265/2 336/266/2
f 337/267/2 333/263/2 336/266/2
f 337/267/178 336/266/178 338/268/178
f 339/269/178 337/267/178 338/268/178
f 339/269/179 338/268/179 340/270/179
f 341/271/179 339/269/179 340/270/179
f 341/271/180 340/270/180 342/272/180
f 343/273/181 341/271/181 342/272/181
f 343/273/182 342/272/182 344/274/182
f 345/275/183 346/276/184 347/277/183
f 345/275/183 347/277/183 348/278/183
f 349/279/185 345/275/185 348/278/185
f 349/279/186 348/278/186 350/280/186
f 351/281/186 349/279/186 350/280/186
f 351/281/187 350/280/187 352/282/187
f 353/283/188 351/281/188 352/282/188
f 353/283/189 352/282/189 354/284/189
f 355/285/190 353/283/190 354/284/190
f 355/285/191 354/284/191 356/286/191
f 334/264/192 355/285/192 356/286/192
f 334/264/177 356/286/177 335/265/177
f 357/287/193 358/288/194 359/289/194
f 357/287/193 359/289/194 360/290/193
f 361/291/195 362/292/195 363/293/195
f 361/291/195 363/293/195 364/294/195
f 358/288/196 365/295/196 366/296/196
f 358/288/196 366/296/196 359/289/196
f 367/297/195 361/291/195 364/294/195
f 367/297/195 364/294/195 368/296/195
f 365/295/197 369/298/197 370/299/197
f 365/295/197 370/299/197 366/296/197
f 371/298/195 367/297/195 368/296/195
f 371/298/195 368/296/195 372/299/195
f 369/298/197 373/300/197 374/301/197
f 369/298/197 374/301/197 370/299/197
f 375/300/195 371/298/195 372/299/195
f 375/300/195 372/299/195 376/301/195
f 373/300/197 377/302/197 378/303/197
f 373/300/197 378/303/197 374/301/197
f 379/302/195 375/300/195 376/301/195
f 379/302/195 376/301/195 380/303/195
f 377/302/197 381/304/197 382/305/197
f 377/302/197 382/305/197 378/303/197
f 383/304/195 379/302/195 380/303/195
f 383/304/195 380/303/195 384/305/195
f 381/304/197 385/306/197 386/307/197
f 381/304/197 386/307/197 382/305/197
f 387/306/195 383/304/195 384/305/195
f 387/306/195 384/305/195 388/307/195
f 385/306/197 389/308/197 390/309/197
f 385/306/197 390/309/197 386/307/197
f 391/308/195 387/306/195 388/307/195
f 391/308/195 388/307/195 392/309/195
f 389/308/197 393/310/197 394/311/197
f 389/308/197 394/311/197 390/309/197
f 395/310/195 391/308/195 392/309/195
f 395/310/195 392/309/195 396/311/195
f 393/310/197 397/312/197 398/313/197
f 393/310/197 398/313/197 394/311/197
f 399/312/195 395/310/195 396/311/195
f 399/312/195 396/311/195 400/313/195
f 397/312/197 401/314/197 402/315/197
f 397/312/197 402/315/197 398/313/197
f 403/314/195 399/312/195 400/313/195
f 403/314/195 400/313/195 404/315/195
f 401/314/198 405/316/198 406/317/198
f 401/314/198 406/317/198 402/315/198
f 407/318/199 343/273/200 344/274/199
f 407/318/199 344/274/199 408/319/199
f 409/320/195 403/314/195 404/315/195
f 409/320/195 404/315/195 410/321/195
f 411/322/201 412/323/201 413/324/201
f 411/322/201 413/324/201 414/325/201
f 415/326/202 411/322/202 414/325/202
f 415/326/203 414/325/203 416/327/203
f 417/328/204 415/326/204 416/327/204
f 417/328/204 416/327/204 418/329/204
f 419/330/205 417/328/205 418/329/205
f 419/330/206 418/329/206 420/331/206
f 421/332/207 419/330/207 420/331/207
f 421/332/208 420/331/208 422/333/208
f 423/334/191 421/332/191 422/333/191
f 423/334/209 422/333/209 424/335/209
f 425/336/177 423/334/177 424/335/177
f 425/336/2 424/335/2 426/337/2
f 427/338/2 425/336/2 426/337/2
f 427/338/178 426/337/178 428/339/178
f 429/340/178 427/338/178 428/339/178
f 429/340/179 428/339/179 430/341/179
f 431/342/179 429/340/179 430/341/179
f 431/342/180 430/341/180 432/343/180
f 433/344/181 431/342/181 432/343/181
f 433/344/182 432/343/182 434/345/182
f 435/346/210 433/344/210 434/345/210
f 435/346/211 434/345/211 436/347/211
f 437/348/212 435/346/212 436/347/212
f 437/348/212 436/347/212 438/349/212
f 208/148/213 214/131/213 439/350/213
f 208/148/213 439/350/213 440/351/213
f 140/80/214 136/76/214 441/352/214
f 140/80/214 441/352/214 184/124/214
f 214/131/215 218/142/215 442/353/215
f 214/131/216 442/353/216 439/350/216
f 136/76/217 135/75/217 443/354/217
f 136/76/217 443/354/217 441/352/217
f 224/159/218 223/158/218 444/355/218
f 224/159/219 444/355/219 445/356/219
f 128/68/220 127/67/220 446/357/220
f 128/68/220 446/357/220 447/358/220
f 223/158/221 227/162/221 448/359/221
f 223/158/222 448/359/222 444/355/222
f 138/78/223 132/72/223 449/360/223
f 138/78/223 449/360/223 450/361/223
f 127/67/224 189/129/224 451/362/224
f 127/67/224 451/362/224 446/357/224
f 227/162/225 124/64/225 452/363/226
f 227/162/225 452/363/226 448/359/226
f 132/72/227 131/71/227 453/364/227
f 132/72/227 453/364/227 449/360/227
f 189/129/228 187/127/228 454/365/228
f 189/129/228 454/365/228 451/362/228
f 191/131/229 138/78/229 450/361/229
f 191/131/229 450/361/229 455/350/229
f 187/127/230 186/126/230 456/366/230
f 187/127/230 456/366/230 454/365/230
f 131/71/231 198/138/231 457/367/231
f 131/71/231 457/367/231 453/364/231
f 186/126/232 194/134/233 458/368/234
f 186/126/232 458/368/234 456/366/234
f 198/138/235 204/144/235 459/369/235
f 198/138/235 459/369/235 457/367/235
f 124/64/236 123/63/236 460/370/236
f 124/64/236 460/370/236 452/363/236
f 204/144/237 206/146/237 461/371/237
f 204/144/237 461/371/237 459/369/237
f 123/63/238 193/133/238 462/372/238
f 123/63/238 462/372/238 460/370/238
f 212/152/239 211/151/239 463/373/239
f 212/152/239 463/373/239 464/374/239
f 193/133/240 196/136/240 465/375/240
f 193/133/240 465/375/240 462/372/240
f 211/151/241 216/154/241 466/376/241
f 211/151/241 466/376/241 463/373/241
f 196/136/242 200/140/242 467/377/242
f 196/136/242 467/377/242 465/375/242
f 216/154/243 220/63/243 468/378/243
f 216/154/243 468/378/243 466/376/243
f 202/142/244 191/131/244 455/350/244
f 202/142/244 455/350/244 469/353/244
f 220/63/195 183/123/195 185/125/195
f 220/63/195 185/125/195 468/378/195
f 194/134/245 208/148/246 440/351/245
f 194/134/245 440/351/245 458/368/245
f 470/379/195 471/380/195 472/381/195
f 470/379/195 472/381/195 473/382/195
f 474/383/195 475/384/195 476/385/195
f 474/383/195 476/385/195 477/386/195
f 478/380/195 479/387/195 480/388/195
f 478/380/195 480/388/195 481/381/195
f 482/389/247 483/390/247 484/391/247
f 482/389/247 484/391/247 485/392/247
f 486/389/247 487/390/247 488/391/247
f 486/389/247 488/391/247 489/392/247
f 490/390/248 491/393/248 492/394/248
f 490/390/248 492/394/248 493/391/248
f 494/390/248 495/393/248 496/394/248
f 494/390/248 496/394/248 497/391/248
f 498/395/249 499/396/249 500/397/249
f 498/395/249 500/397/249 501/398/249
f 502/395/249 503/396/249 504/397/249
f 502/395/249 504/397/249 505/398/249
f 506/396/250 498/395/250 501/398/250
f 506/396/250 501/398/250 507/397/250
f 508/396/250 502/395/250 505/398/250
f 508/396/250 505/398/250 509/397/250
f 510/393/251 511/390/251 512/391/251
f 510/393/251 512/391/251 513/394/251
f 514/393/251 515/390/251 516/391/251
f 514/393/251 516/391/251 517/394/251
f 518/390/252 519/389/252 520/392/252
f 518/390/252 520/392/252 521/391/252
f 522/390/252 523/389/252 524/392/252
f 522/390/252 524/392/252 525/391/252
f 526/399/197 527/400/197 528/401/197
f 526/399/197 528/401/197 529/402/197
f 530/403/197 531/393/197 532/394/197
f 530/403/197 532/394/197 533/404/197
f 534/405/195 535/399/195 536/402/195
f 534/405/195 536/402/195 537/406/195
f 538/407/195 539/403/195 540/404/195
f 538/407/195 540/404/195 541/408/195
f 542/409/195 543/410/195 544/411/195
f 542/409/195 544/411/195 545/412/195
f 546/413/195 547/414/195 548/415/195
f 546/413/195 548/415/195 549/416/195
f 550/396/252 551/389/252 552/392/252
f 550/396/252 552/392/252 553/397/252
f 554/396/252 555/389/252 556/392/252
f 554/396/252 556/392/252 557/397/252
f 558/417/195 559/405/195 560/406/195
f 558/417/195 560/406/195 561/418/195
f 562/419/195 563/407/195 564/408/195
f 562/419/195 564/408/195 565/420/195
f 566/421/197 567/422/197 568/423/197
f 566/421/197 568/423/197 569/424/197
f 570/425/197 571/379/197 572/382/197
f 570/425/197 572/382/197 573/426/197
f 574/389/247 575/396/247 576/397/247
f 574/389/247 576/397/247 577/392/247
f 578/389/247 579/396/247 580/397/247
f 578/389/247 580/397/247 581/392/247
f 582/422/195 583/383/195 584/386/195
f 582/422/195 584/386/195 585/423/195
f 586/427/253 587/428/253 588/429/253
f 586/427/253 588/429/253 589/430/254
f 590/431/5 591/432/5 592/433/6
f 590/431/5 592/433/6 593/434/6
f 594/435/255 595/436/255 596/437/255
f 594/435/9 596/437/9 597/438/9
f 598/439/11 599/440/11 600/441/11
f 598/439/256 600/441/256 601/442/256
f 602/443/257 594/435/257 597/438/257
f 602/443/257 597/438/257 603/444/257
f 604/445/258 598/439/258 601/442/258
f 604/445/15 601/442/15 605/446/15
f 606/447/259 607/448/259 608/449/259
f 606/447/260 608/449/260 609/450/260
f 607/448/19 610/451/19 611/452/19
f 607/448/20 611/452/20 608/449/20
f 609/450/22 608/449/22 612/453/22
f 609/450/22 612/453/22 613/454/22
f 608/449/22 611/452/22 614/455/22
f 608/449/22 614/455/22 612/453/22
f 615/456/25 616/457/25 617/458/25
f 615/456/25 617/458/25 618/459/25
f 616/457/25 619/460/25 620/461/25
f 616/457/25 620/461/25 617/458/25
f 618/459/26 617/458/26 621/462/26
f 618/459/26 621/462/26 622/463/26
f 617/458/26 620/461/26 623/464/26
f 617/458/26 623/464/26 621/462/26
f 622/463/27 621/462/27 624/465/27
f 622/463/27 624/465/27 625/466/27
f 621/462/27 623/464/27 626/467/27
f 621/462/261 626/467/261 624/465/261
f 625/466/28 624/465/28 627/468/28
f 625/466/28 627/468/28 628/469/28
f 624/465/28 626/467/28 629/470/28
f 624/465/28 629/470/28 627/468/28
f 628/469/29 627/468/29 630/471/29
f 628/469/29 630/471/29 631/472/29
f 627/468/29 629/470/29 632/473/29
f 627/468/29 632/473/29 630/471/29
f 631/472/30 630/471/30 633/474/30
f 631/472/30 633/474/30 634/475/30
f 630/471/30 632/473/30 635/476/30
f 630/471/30 635/476/30 633/474/30
f 634/475/31 633/474/31 636/477/31
f 634/475/31 636/477/31 637/478/31
f 633/474/31 635/476/31 638/479/31
f 633/474/31 638/479/31 636/477/31
f 637/478/32 636/477/32 639/480/32
f 637/478/262 639/480/262 640/481/262
f 636/477/32 638/479/32 641/482/32
f 636/477/32 641/482/32 639/480/32
f 642/483/263 643/484/263 644/485/263
f 642/483/263 644/485/263 645/486/263
f 643/484/33 646/487/33 647/488/33
f 643/484/33 647/488/33 644/485/33
f 645/486/264 644/485/264 594/435/264
f 645/486/264 594/435/264 602/443/264
f 644/485/36 647/488/36 595/436/36
f 644/485/265 595/436/265 594/435/265
f 648/489/38 605/446/38 649/490/38
f 648/489/38 649/490/38 650/491/38
f 610/451/39 607/448/39 651/492/39
f 610/451/266 651/492/266 652/493/266
f 591/432/41 653/494/43 654/495/42
f 591/432/41 654/495/42 592/433/41
f 655/496/267 602/443/267 603/444/267
f 655/496/267 603/444/267 656/497/267
f 587/428/268 657/498/269 658/499/270
f 587/428/268 658/499/270 588/429/269
f 607/448/271 606/447/271 659/500/271
f 607/448/272 659/500/272 651/492/272
f 653/494/51 610/451/51 652/493/51
f 653/494/51 652/493/51 654/495/51
f 657/498/273 660/501/273 661/502/273
f 657/498/273 661/502/273 658/499/273
f 595/436/274 662/503/54 663/504/55
f 595/436/274 663/504/55 596/437/54
f 660/501/275 664/505/275 665/506/275
f 660/501/276 665/506/276 661/502/276
f 666/507/277 655/496/277 656/497/277
f 666/507/278 656/497/278 667/508/278
f 662/503/62 668/509/62 669/510/62
f 662/503/62 669/510/62 663/504/279
f 668/509/63 670/511/280 671/512/64
f 668/509/63 671/512/64 669/510/281
f 606/447/282 672/513/282 673/514/283
f 606/447/282 673/514/283 659/500/284
f 674/515/285 675/516/285 676/517/66
f 674/515/285 676/517/66 677/518/286
f 672/513/287 678/519/288 679/520/287
f 672/513/287 679/520/287 673/514/289
f 675/516/290 680/521/290 681/522/290
f 675/516/71 681/522/71 676/517/71
f 678/519/291 682/523/291 683/524/292
f 678/519/291 683/524/292 679/520/292
f 680/521/74 684/525/293 685/526/76
f 680/521/74 685/526/76 681/522/294
f 686/527/295 687/528/295 688/529/295
f 686/527/296 688/529/296 689/530/296
f 684/525/80 690/531/80 648/489/80
f 684/525/80 648/489/80 685/526/80
f 687/528/297 691/532/297 692/533/297
f 687/528/298 692/533/298 688/529/298
f 690/531/299 604/445/300 605/446/84
f 690/531/299 605/446/84 648/489/84
f 691/532/301 586/427/302 589/430/303
f 691/532/301 589/430/303 692/533/302
f 693/534/304 694/535/304 695/536/304
f 693/534/305 695/536/305 696/537/305
f 697/538/306 698/539/306 699/540/306
f 697/538/307 699/540/307 700/541/307
f 701/542/92 702/543/92 703/544/92
f 701/542/93 703/544/93 704/545/93
f 705/546/94 706/547/94 707/548/94
f 705/546/308 707/548/308 708/549/308
f 709/550/309 710/551/309 702/543/310
f 709/550/309 702/543/310 701/542/310
f 711/552/98 712/553/98 706/547/98
f 711/552/99 706/547/99 705/546/99
f 713/554/311 714/555/311 715/556/311
f 713/554/312 715/556/312 716/557/312
f 716/557/102 715/556/102 717/558/102
f 716/557/103 717/558/103 718/559/103
f 714/555/107 719/560/107 720/561/107
f 714/555/107 720/561/107 715/556/107
f 715/556/107 720/561/107 721/562/107
f 715/556/107 721/562/107 717/558/107
f 722/563/108 723/564/108 724/565/108
f 722/563/108 724/565/108 725/566/108
f 725/566/108 724/565/108 726/567/108
f 725/566/108 726/567/108 727/568/108
f 723/564/109 728/569/109 729/570/109
f 723/564/109 729/570/109 724/565/109
f 724/565/109 729/570/109 730/571/109
f 724/565/109 730/571/109 726/567/109
f 728/569/110 731/572/110 732/573/110
f 728/569/110 732/573/110 729/570/110
f 729/570/110 732/573/110 733/574/110
f 729/570/110 733/574/110 730/571/110
f 731/572/111 734/575/111 735/576/111
f 731/572/111 735/576/111 732/573/111
f 732/573/111 735/576/111 736/577/111
f 732/573/111 736/577/111 733/574/111
f 734/575/112 737/578/112 738/579/112
f 734/575/112 738/579/112 735/576/112
f 735/576/112 738/579/112 739/580/112
f 735/576/112 739/580/112 736/577/112
f 737/578/113 740/581/113 741/582/113
f 737/578/113 741/582/113 738/579/113
f 738/579/113 741/582/113 742/583/113
f 738/579/113 742/583/113 739/580/113
f 740/581/114 743/584/114 744/585/114
f 740/581/114 744/585/114 741/582/114
f 741/582/114 744/585/114 745/586/114
f 741/582/114 745/586/114 742/583/114
f 743/584/115 746/587/115 747/588/115
f 743/584/115 747/588/115 744/585/115
f 744/585/115 747/588/115 748/589/115
f 744/585/115 748/589/115 745/586/115
f 749/590/313 750/591/314 751/592/314
f 749/590/313 751/592/314 752/593/314
f 752/593/116 751/592/116 753/594/116
f 752/593/116 753/594/116 754/595/116
f 750/591/315 709/550/316 701/542/316
f 750/591/315 701/542/316 751/592/316
f 751/592/317 701/542/317 704/545/317
f 751/592/318 704/545/318 753/594/318
f 718/559/121 755/596/121 756/597/121
f 718/559/319 756/597/319 716/557/319
f 700/541/123 699/540/123 757/598/125
f 700/541/123 757/598/125 758/599/123
f 759/600/320 760/601/321 710/551/322
f 759/600/320 710/551/322 709/550/323
f 696/537/324 695/536/325 761/602/326
f 696/537/324 761/602/326 762/603/327
f 716/557/328 756/597/328 763/604/328
f 716/557/329 763/604/329 713/554/329
f 758/599/330 757/598/330 755/596/137
f 758/599/330 755/596/137 718/559/137
f 762/603/331 761/602/331 764/605/331
f 762/603/332 764/605/332 765/606/332
f 704/545/140 703/544/141 766/607/140
f 704/545/140 766/607/140 767/608/142
f 765/606/333 764/605/333 768/609/333
f 765/606/334 768/609/334 769/610/334
f 770/611/335 771/612/336 760/601/335
f 770/611/335 760/601/335 759/600/337
f 767/608/149 766/607/338 772/613/151
f 767/608/149 772/613/151 773/614/149
f 773/614/152 772/613/152 774/615/152
f 773/614/339 774/615/339 775/616/339
f 713/554/340 763/604/341 776/617/342
f 713/554/340 776/617/342 777/618/340
f 778/619/343 779/620/343 780/621/343
f 778/619/156 780/621/156 781/622/156
f 777/618/344 776/617/345 782/601/346
f 777/618/344 782/601/346 783/623/347
f 781/622/159 780/621/159 784/624/159
f 781/622/160 784/624/160 785/625/160
f 783/623/348 782/601/348 786/612/348
f 783/623/348 786/612/348 787/626/349
f 785/625/162 784/624/164 788/627/163
f 785/625/162 788/627/163 789/628/164
f 790/629/350 791/630/350 792/631/350
f 790/629/351 792/631/351 793/632/351
f 789/628/167 788/627/167 794/633/167
f 789/628/167 794/633/167 795/634/167
f 793/632/352 792/631/352 796/635/352
f 793/632/352 796/635/352 797/636/352
f 795/634/170 794/633/171 712/553/172
f 795/634/170 712/553/172 711/552/172
f 797/636/353 796/635/353 694/535/354
f 797/636/353 694/535/354 693/534/355
f 798/637/177 799/638/177 800/639/177
f 798/637/2 800/639/2 801/640/2
f 802/641/2 798/637/2 801/640/2
f 802/641/178 801/640/178 803/642/178
f 804/643/178 802/641/178 803/642/178
f 804/643/179 803/642/179 805/644/179
f 806/645/356 804/643/356 805/644/356
f 806/645/357 805/644/357 807/646/357
f 808/647/358 806/645/358 807/646/358
f 808/647/202 807/646/202 809/648/202
f 810/649/359 811/650/360 812/651/359
f 810/649/359 812/651/359 813/652/359
f 814/653/361 810/649/361 813/652/361
f 814/653/361 813/652/361 815/654/361
f 816/655/362 814/653/362 815/654/362
f 816/655/205 815/654/205 817/656/205
f 818/657/363 816/655/363 817/656/363
f 818/657/207 817/656/207 819/658/207
f 820/659/364 818/657/364 819/658/364
f 820/659/191 819/658/191 821/660/191
f 799/638/192 820/659/192 821/660/192
f 799/638/177 821/660/177 800/639/177
f 822/661/197 823/662/197 824/663/197
f 822/661/197 824/663/197 825/664/197
f 826/662/195 827/661/195 828/664/195
f 826/662/195 828/664/195 829/663/195
f 823/662/197 830/665/197 831/666/197
f 823/662/197 831/666/197 824/663/197
f 832/665/195 826/662/195 829/663/195
f 832/665/195 829/663/195 833/666/195
f 830/665/197 834/667/197 835/668/197
f 830/665/197 835/668/197 831/666/197
f 836/667/195 832/665/195 833/666/195
f 836/667/195 833/666/195 837/668/195
f 834/667/197 838/669/197 839/670/197
f 834/667/197 839/670/197 835/668/197
f 840/669/195 836/667/195 837/668/195
f 840/669/195 837/668/195 841/670/195
f 838/669/197 842/671/197 843/672/197
f 838/669/197 843/672/197 839/670/197
f 844/671/195 840/669/195 841/670/195
f 844/671/195 841/670/195 845/672/195
f 842/671/197 846/673/197 847/674/197
f 842/671/197 847/674/197 843/672/197
f 848/673/195 844/671/195 845/672/195
f 848/673/195 845/672/195 849/674/195
f 846/673/197 850/675/197 851/676/197
f 846/673/197 851/676/197 847/674/197
f 852/675/195 848/673/195 849/674/195
f 852/675/195 849/674/195 853/676/195
f 850/675/197 854/677/197 855/678/197
f 850/675/197 855/678/197 851/676/197
f 856/677/195 852/675/195 853/676/195
f 856/677/195 853/676/195 857/678/195
f 854/677/197 858/679/197 859/680/197
f 854/677/197 859/680/197 855/678/197
f 860/679/195 856/677/195 857/678/195
f 860/679/195 857/678/195 861/680/195
f 858/679/197 862/681/197 863/682/197
f 858/679/197 863/682/197 859/680/197
f 864/683/195 860/679/195 861/680/195
f 864/683/195 861/680/195 865/682/195
f 862/681/365 866/684/366 867/685/365
f 862/681/365 867/685/365 863/682/365
f 868/686/195 864/683/195 865/682/195
f 868/686/195 865/682/195 869/687/195
f 866/684/367 870/688/367 871/689/367
f 866/684/367 871/689/367 867/685/367
f 872/690/368 808/647/369 809/648/368
f 872/690/368 809/648/368 873/691/369
f 874/692/195 868/686/195 869/687/195
f 874/692/195 869/687/195 875/693/195
f 876/694/201 877/695/201 878/696/201
f 876/694/201 878/696/201 879/697/201
f 880/698/202 876/694/202 879/697/202
f 880/698/203 879/697/203 881/699/203
f 882/700/204 880/698/204 881/699/204
f 882/700/204 881/699/204 883/701/204
f 884/702/205 882/700/205 883/701/205
f 884/702/206 883/701/206 885/703/206
f 886/704/207 884/702/207 885/703/207
f 886/704/208 885/703/208 887/705/208
f 888/706/191 886/704/191 887/705/191
f 888/706/209 887/705/209 889/707/209
f 890/708/177 888/706/177 889/707/177
f 890/708/2 889/707/2 891/709/2
f 892/710/2 890/708/2 891/709/2
f 892/710/178 891/709/178 893/711/178
f 894/712/178 892/710/178 893/711/178
f 894/712/179 893/711/179 895/713/179
f 896/714/179 894/712/179 895/713/179
f 896/714/180 895/713/180 897/715/180
f 898/716/181 896/714/181 897/715/181
f 898/716/182 897/715/182 899/717/182
f 900/718/210 898/716/210 899/717/210
f 900/718/211 899/717/211 901/719/211
f 902/720/212 900/718/212 901/719/212
f 902/720/212 901/719/212 903/721/212
f 673/514/370 679/520/370 904/722/370
f 673/514/370 904/722/370 905/723/370
f 605/446/214 601/442/214 906/724/214
f 605/446/214 906/724/214 649/490/214
f 679/520/371 683/524/371 907/725/371
f 679/520/371 907/725/371 904/722/371
f 601/442/217 600/441/217 908/726/217
f 601/442/217 908/726/217 906/724/217
f 689/530/372 688/529/372 909/727/372
f 689/530/372 909/727/372 910/728/372
f 593/434/220 592/433/220 911/729/220
f 593/434/220 911/729/220 912/730/220
f 688/529/373 692/533/373 913/731/373
f 688/529/373 913/731/373 909/727/373
f 603/444/374 597/438/375 914/732/376
f 603/444/374 914/732/376 915/733/377
f 592/433/224 654/495/224 916/734/224
f 592/433/224 916/734/224 911/729/224
f 692/533/378 589/430/378 917/735/378
f 692/533/378 917/735/378 913/731/378
f 597/438/227 596/437/227 918/736/227
f 597/438/227 918/736/227 914/732/227
f 654/495/228 652/493/228 919/737/228
f 654/495/228 919/737/228 916/734/228
f 656/497/379 603/444/379 915/733/379
f 656/497/379 915/733/379 920/722/379
f 652/493/230 651/492/230 921/738/230
f 652/493/230 921/738/230 919/737/230
f 596/437/231 663/504/231 922/739/231
f 596/437/231 922/739/231 918/736/231
f 651/492/230 659/500/230 923/740/230
f 651/492/230 923/740/230 921/738/230
f 663/504/235 669/510/235 924/741/235
f 663/504/235 924/741/235 922/739/235
f 589/430/380 588/429/380 925/742/380
f 589/430/380 925/742/380 917/735/380
f 669/510/237 671/512/237 926/743/237
f 669/510/237 926/743/237 924/741/237
f 588/429/381 658/499/382 927/744/383
f 588/429/381 927/744/383 925/742/382
f 677/518/239 676/517/239 928/745/239
f 677/518/239 928/745/239 929/746/239
f 658/499/384 661/502/384 930/747/384
f 658/499/385 930/747/385 927/744/385
f 676/517/241 681/522/241 931/748/241
f 676/517/241 931/748/241 928/745/241
f 661/502/386 665/506/386 932/749/386
f 661/502/387 932/749/387 930/747/387
f 681/522/243 685/526/243 933/750/243
f 681/522/243 933/750/243 931/748/243
f 667/508/388 656/497/388 920/722/388
f 667/508/389 920/722/389 934/751/389
f 685/526/195 648/489/195 650/491/195
f 685/526/195 650/491/195 933/750/195
f 659/500/390 673/514/390 905/723/390
f 659/500/391 905/723/391 923/740/391
f 935/752/195 936/753/195 937/754/195
f 935/752/195 937/754/195 938/755/195
f 939/756/195 940/757/195 941/758/195
f 939/756/195 941/758/195 942/759/195
f 943/753/195 944/760/195 945/761/195
f 943/753/195 945/761/195 946/754/195
f 947/762/247 948/763/247 949/764/247
f 947/762/247 949/764/247 950/765/247
f 951/762/247 952/763/247 953/764/247
f 951/762/247 953/764/247 954/765/247
f 955/763/248 956/766/248 957/767/248
f 955/763/248 957/767/248 958/764/248
f 959/763/248 960/766/248 961/767/248
f 959/763/248 961/767/248 962/764/248
f 963/768/249 964/769/249 965/770/249
f 963/768/249 965/770/249 966/771/249
f 967/768/249 968/769/249 969/770/249
f 967/768/249 969/770/249 970/771/249
f 971/769/250 963/768/250 966/771/250
f 971/769/250 966/771/250 972/770/250
f 973/769/250 967/768/250 970/771/250
f 973/769/250 970/771/250 974/770/250
f 975/766/251 976/763/251 977/764/251
f 975/766/251 977/764/251 978/767/251
f 979/766/251 980/763/251 981/764/251
f 979/766/251 981/764/251 982/767/251
f 983/763/252 984/762/252 985/765/252
f 983/763/252 985/765/252 986/764/252
f 987/763/252 988/762/252 989/765/252
f 987/763/252 989/765/252 990/764/252
f 991/772/197 992/773/197 993/774/197
f 991/772/197 993/774/197 994/775/197
f 995/776/197 996/777/197 997/778/197
f 995/776/197 997/778/197 998/779/197
f 999/780/195 1000/772/195 1001/775/195
f 999/780/195 1001/775/195 1002/781/195
f 1003/782/195 1004/776/195 1005/779/195
f 1003/782/195 1005/779/195 1006/783/195
f 1007/784/195 1008/785/195 1009/786/195
f 1007/784/195 1009/786/195 1010/787/195
f 1011/788/195 1012/789/195 1013/790/195
f 1011/788/195 1013/790/195 1014/791/195
f 1015/769/252 1016/762/252 1017/765/252
f 1015/769/252 1017/765/252 1018/770/252
f 1019/769/252 1020/762/252 1021/765/252
f 1019/769/252 1021/765/252 1022/770/252
f 1023/792/195 1024/780/195 1025/781/195
f 1023/792/195 1025/781/195 1026/793/195
f 1027/794/195 1028/782/195 1029/783/195
f 1027/794/195 1029/783/195 1030/795/195
f 1031/796/197 1032/797/197 1033/798/197
f 1031/796/197 1033/798/197 1034/799/197
f 1035/800/197 1036/752/197 1037/755/197
f 1035/800/197 1037/755/197 1038/801/197
f 1039/762/247 1040/769/247 1041/770/247
f 1039/762/247 1041/770/247 1042/765/247
f 1043/762/247 1044/769/247 1045/770/247
f 1043/762/247 1045/770/247 1046/765/247
f 1047/797/195 1048/756/195 1049/759/195
f 1047/797/195 1049/759/195 1050/798/195
f 1051/802/392 1052/803/392 1053/804/392
f 1052/803/392 1051/802/392 1054/805/392
f 1052/803/392 1054/805/392 1055/806/392
f 1055/806/392 1054/805/392 1056/807/392
f 1056/807/392 1054/805/392 1057/808/393
f 1056/807/392 1057/808/393 1058/809/392
f 1058/809/392 1057/808/393 1059/810/394
f 1058/809/392 1059/810/394 1060/811/392
f 1060/811/392 1059/810/394 1061/812/392
f 1060/811/395 1061/812/395 1062/813/395
f 1062/813/392 1061/812/392 1063/814/392
f 1062/813/396 1063/814/396 1064/815/396
f 1062/813/397 1064/815/397 1065/816/397
f 1065/816/398 1064/815/398 1066/817/398
f 1065/816/398 1066/817/398 1067/818/398
f 1067/818/399 1066/817/399 1068/819/399
f 1067/818/400 1068/819/400 1069/820/400
f 1069/820/393 1068/819/392 1070/821/392
f 1069/820/393 1070/821/392 1071/822/394
f 1071/822/394 1070/821/392 1072/823/394
f 1071/822/394 1072/823/394 1073/824/392
f 1073/824/392 1072/823/394 1074/825/394
f 1073/824/392 1074/825/394 1075/826/392
f 1075/826/392 1074/825/394 1076/827/392
f 1075/826/392 1076/827/392 1077/828/392
f 1077/828/392 1076/827/392 1078/829/392
f 1077/828/392 1078/829/392 1079/830/392
f 1080/831/401 1081/832/401 1082/833/401
f 1081/832/356 1080/831/356 1083/834/356
f 1083/834/401 1080/831/401 1084/835/401
f 1083/834/401 1084/835/401 1085/836/401
f 1083/834/401 1085/836/401 1086/837/402
f 1086/837/402 1085/836/401 1087/838/401
f 1086/837/402 1087/838/401 1088/839/402
f 1088/839/402 1087/838/401 1089/840/401
f 1088/839/402 1089/840/401 1090/841/403
f 1090/841/403 1089/840/401 1091/842/401
f 1090/841/403 1092/843/401 1093/844/401
f 1092/843/401 1090/841/403 1091/842/401
f 1092/843/401 1091/842/401 1094/845/401
f 1092/843/404 1094/845/404 1095/846/404
f 1092/843/404 1095/846/404 1096/847/404
f 1096/847/405 1095/846/401 1097/848/401
f 1096/847/405 1097/848/401 1098/849/401
f 1098/849/401 1097/848/401 1099/850/401
f 1098/849/401 1099/850/401 1100/851/401
f 1100/851/191 1099/850/191 1101/852/191
f 1100/851/401 1101/852/401 1102/853/401
f 1102/853/401 1101/852/401 1103/854/401
f 1102/853/401 1103/854/401 1104/855/401
f 1104/855/401 1103/854/401 1105/856/208
f 1104/855/401 1105/856/208 1106/857/401
f 1106/857/401 1105/856/208 1107/858/401
f 1106/857/401 1107/858/401 1108/859/401
f 1109/860/392 1110/861/392 1111/862/392
f 1110/861/406 1109/860/406 1112/863/406
f 1112/863/393 1109/860/392 1113/864/392
f 1112/863/393 1113/864/392 1114/865/392
f 1112/863/393 1114/865/392 1115/866/393
f 1115/866/393 1114/865/392 1116/867/392
f 1115/866/393 1116/867/392 1117/868/392
f 1117/868/392 1116/867/392 1118/869/392
f 1117/868/392 1118/869/392 1119/870/407
f 1119/870/407 1118/869/392 1120/871/392
f 1119/870/408 1120/871/408 1121/872/408
f 1121/872/392 1120/871/392 1122/873/392
f 1121/872/1 1122/873/1 1123/874/1
f 1121/872/1 1123/874/1 1124/875/1
f 1121/872/1 1124/875/1 1125/876/1
f 1125/876/399 1124/875/399 1126/877/399
f 1125/876/409 1126/877/409 1127/878/409
f 1127/878/392 1126/877/392 1128/879/392
f 1127/878/392 1128/879/392 1129/880/394
f 1129/880/394 1128/879/392 1130/881/394
f 1129/880/394 1130/881/394 1131/882/392
f 1131/882/392 1130/881/394 1132/883/394
f 1131/882/392 1132/883/394 1133/884/392
f 1133/884/392 1132/883/394 1134/885/392
f 1133/884/392 1134/885/392 1135/886/392
f 1135/886/392 1134/885/392 1136/887/392
f 1135/886/392 1136/887/392 1137/888/392
f 1138/889/401 1139/890/401 1140/891/401
f 1139/890/401 1138/889/401 1141/892/401
f 1139/890/401 1141/892/401 1142/893/401
f 1142/893/401 1141/892/401 1143/894/402
f 1143/894/402 1141/892/401 1144/895/402
f 1143/894/402 1144/895/402 1145/896/401
f 1145/896/401 1144/895/402 1146/897/401
f 1145/896/401 1146/897/401 1147/898/401
f 1147/898/401 1146/897/401 1148/899/401
f 1147/898/401 1148/899/401 1149/900/403
f 1149/900/403 1148/899/401 1150/901/401
f 1149/900/403 1151/902/401 1152/903/401
f 1151/902/401 1149/900/403 1150/901/401
f 1151/902/404 1150/901/404 1153/904/404
f 1151/902/404 1153/904/404 1154/905/404
f 1154/905/402 1153/904/402 1155/906/402
f 1154/905/410 1155/906/410 1156/907/410
f 1156/907/401 1155/906/401 1157/908/401
f 1156/907/401 1157/908/401 1158/909/208
f 1158/909/208 1157/908/401 1159/910/401
f 1158/909/208 1159/910/401 1160/911/401
f 1160/911/401 1159/910/401 1161/912/401
f 1160/911/401 1161/912/401 1162/913/208
f 1162/913/208 1161/912/401 1163/914/208
f 1162/913/208 1163/914/208 1164/915/401
f 1164/915/401 1163/914/208 1165/916/401
f 1164/915/401 1165/916/401 1166/917/401
# Vertices: 1166, normals: 410, texture coordinates: 917, faces: 1068

