# File generated by ImageToStl.com - Free Image and 3D model conversion tools

mtllib desk.mtl

o obj1
v 3.92568987 -0.4854747 -0.50810413
v 3.92568987 0.24136917 -0.50810435
v 3.92568987 -0.12205274 -0.49341836
v 3.92568987 0.24136898 -1.1310015
v 3.92568987 -0.48547489 -1.13100128
v 3.92568987 -0.12205293 -1.14568722
v 3.92568987 -0.5154717 -1.14570343
v 3.92568987 -0.6159577 -1.1457034
v 3.88489413 -0.6159577 -1.1457034
v 3.88489413 -0.5154717 -1.14570343
v 3.93898005 -0.61595751 -0.4934019
v 3.93898005 -0.5154715 -0.49340193
v 3.92568987 -0.5154715 -0.49340193
v 3.92568987 -0.61595751 -0.4934019
v 3.93898005 -0.6159577 -1.1457034
v 3.93898005 -0.5154717 -1.14570343
v 4.51250448 -0.5154717 -1.14570343
v 4.51250448 -0.6159577 -1.1457034
v 3.88489413 -0.5154715 -0.49340193
v 3.88489413 -0.61595751 -0.4934019
v 3.88489413 -0.61595751 -0.4934019
v 3.88489413 -0.5154715 -0.49340193
v 3.88489413 -0.5154717 -1.14570343
v 3.88489413 -0.6159577 -1.1457034
v 3.92568987 0.25166103 -1.13100151
v 3.92568987 0.25166122 -0.50810436
v 4.50171915 -0.51547151 -0.51025922
v 4.51250448 -0.51547151 -0.51025922
v 4.51250448 -0.51547169 -1.12884615
v 4.50171915 -0.51547169 -1.12884615
v 4.51250448 -0.61595751 -0.4934019
v 4.51250448 -0.5154715 -0.49340193
v 4.50171915 -0.51547169 -1.12884615
v 3.93898005 -0.51547169 -1.12884615
v 3.93898005 -0.59473896 -1.12884612
v 4.50171915 -0.59473896 -1.12884612
v 3.93898005 -0.59473877 -0.51025919
v 4.50171915 -0.59473877 -0.51025919
v 4.50171915 -0.59473896 -1.12884612
v 3.93898005 -0.59473896 -1.12884612
v 3.93898005 -0.51547151 -0.51025922
v 4.50171915 -0.51547151 -0.51025922
v 4.50171915 -0.59473877 -0.51025919
v 3.93898005 -0.59473877 -0.51025919
v 3.93898005 -0.51547169 -1.12884615
v 3.93898005 -0.51547151 -0.51025922
v 3.93898005 -0.59473877 -0.51025919
v 3.93898005 -0.59473896 -1.12884612
v 4.50171915 -0.51547151 -0.51025922
v 4.50171915 -0.51547169 -1.12884615
v 4.50171915 -0.59473896 -1.12884612
v 4.50171915 -0.59473877 -0.51025919
v 3.88489413 0.25166123 -0.49340216
v 3.88489413 0.25166103 -1.14570367
v 3.89285973 -0.4854747 -0.50810413
v 3.89285973 -0.48547489 -1.13100128
v 3.89285973 0.24136898 -1.1310015
v 3.89285973 0.24136917 -0.50810435
v 3.92568987 -0.51547169 -1.13100128
v 3.92568987 -0.5154715 -0.50810412
v 3.88489385 -1.1389898 -0.49340174
v 3.88489385 -0.61595746 -0.4934019
v 3.88489385 -0.61595747 -0.52560289
v 3.88489385 -1.13898981 -0.52560273
v 3.88489385 -1.13898981 -0.52560273
v 3.88489385 -0.61595747 -0.52560289
v 3.91709484 -0.61595747 -0.52560289
v 3.91709484 -1.13898981 -0.52560273
v 3.91709484 -0.61595746 -0.4934019
v 3.91709484 -1.1389898 -0.49340174
v 3.91709484 -1.1389898 -0.49340174
v 3.91709484 -0.61595746 -0.4934019
v 3.88489385 -1.13898981 -0.52560273
v 3.91709484 -1.13898981 -0.52560273
v 3.91709484 -1.1389898 -0.49340174
v 3.88489385 -1.1389898 -0.49340174
v 3.91709484 -0.61595747 -0.52560289
v 3.88489385 -0.61595747 -0.52560289
v 3.88489385 -0.61595746 -0.4934019
v 3.91709484 -0.61595746 -0.4934019
v 4.51250986 -1.13898975 -0.49340176
v 4.51250986 -1.13898976 -0.52560275
v 4.51250986 -0.61595747 -0.52560291
v 4.51250986 -0.61595746 -0.49340192
v 4.51250986 -1.13898976 -0.52560275
v 4.48030886 -1.13898976 -0.52560275
v 4.48030886 -0.61595747 -0.52560291
v 4.51250986 -0.61595747 -0.52560291
v 4.48030886 -1.13898975 -0.49340176
v 4.48030886 -0.61595746 -0.49340192
v 4.48030886 -1.13898975 -0.49340176
v 4.48030886 -0.61595746 -0.49340192
v 4.51250986 -1.13898976 -0.52560275
v 4.51250986 -1.13898975 -0.49340176
v 4.48030886 -1.13898975 -0.49340176
v 4.48030886 -1.13898976 -0.52560275
v 4.48030886 -0.61595747 -0.52560291
v 4.48030886 -0.61595746 -0.49340192
v 4.51250986 -0.61595746 -0.49340192
v 4.51250986 -0.61595747 -0.52560291
v 3.88489385 -1.13898995 -1.14570334
v 3.88489385 -1.13898994 -1.11350231
v 3.88489385 -0.61595765 -1.11350247
v 3.88489385 -0.61595766 -1.1457035
v 3.88489385 -1.13898994 -1.11350231
v 3.91709484 -1.13898994 -1.11350231
v 3.91709484 -0.61595765 -1.11350247
v 3.88489385 -0.61595765 -1.11350247
v 3.91709484 -1.13898995 -1.14570334
v 3.91709484 -0.61595766 -1.1457035
v 3.91709484 -1.13898995 -1.14570334
v 3.91709484 -0.61595766 -1.1457035
v 3.88489385 -1.13898994 -1.11350231
v 3.88489385 -1.13898995 -1.14570334
v 3.91709484 -1.13898995 -1.14570334
v 3.91709484 -1.13898994 -1.11350231
v 3.91709484 -0.61595765 -1.11350247
v 3.91709484 -0.61595766 -1.1457035
v 3.88489385 -0.61595766 -1.1457035
v 3.88489385 -0.61595765 -1.11350247
v 4.51250986 -1.13898995 -1.14570325
v 4.51250986 -0.61595766 -1.1457034
v 4.51250986 -0.61595765 -1.11350239
v 4.51250986 -1.13898994 -1.11350224
v 4.51250986 -1.13898994 -1.11350224
v 4.51250986 -0.61595765 -1.11350239
v 4.48030886 -0.61595765 -1.11350239
v 4.48030886 -1.13898994 -1.11350224
v 4.48030886 -0.61595766 -1.1457034
v 4.48030886 -1.13898995 -1.14570325
v 4.48030886 -1.13898995 -1.14570325
v 4.48030886 -0.61595766 -1.1457034
v 4.51250986 -1.13898994 -1.11350224
v 4.48030886 -1.13898994 -1.11350224
v 4.48030886 -1.13898995 -1.14570325
v 4.51250986 -1.13898995 -1.14570325
v 4.48030886 -0.61595765 -1.11350239
v 4.51250986 -0.61595765 -1.11350239
v 4.51250986 -0.61595766 -1.1457034
v 4.48030886 -0.61595766 -1.1457034
v 3.93898005 -0.51547169 -1.12884615
v 3.92568987 -0.6159577 -1.1457034
v 3.88489413 -0.6159577 -1.1457034
v 3.93898005 -0.6159577 -1.1457034
v 4.51250448 -0.6159577 -1.1457034
v 3.88489413 0.25166103 -1.14570367
v 3.92568987 -0.13190531 -1.14570355
v 3.92568987 0.25166103 -1.14570367
v 4.51250448 -0.5154715 -0.49340193
v 4.51250448 -0.61595751 -0.4934019
v 4.51250448 -0.51547151 -0.51025922
v 4.51250448 -0.51547169 -1.12884615
v 3.92568987 0.25166103 -1.14570367
v 3.92568987 -0.13190531 -1.14570355
v 3.92568987 -0.13190511 -0.49340204
v 3.88489413 0.25166123 -0.49340216
v 3.92568987 0.25166123 -0.49340216
v 4.51250448 -0.5154715 -0.49340193
v 3.93898005 -0.51547151 -0.51025922
v 3.93898005 -0.5154715 -0.49340193
v 3.92568987 -0.5154717 -1.14570343
v 3.92568987 0.25166123 -0.49340216
v 3.88489413 0.25166103 -1.14570367
v 3.88489413 0.25166123 -0.49340216
v 3.92568987 0.25166103 -1.14570367
v 3.92568987 -0.5154715 -0.50810412
v 3.92568987 -0.5154715 -0.49340193
v 3.92568987 -0.51547169 -1.13100128
vn 1 0 0
vn 0 1 0
vn 0 -1 0
vn -1 0 0
vn 0 0 1
vn 0 0 -1
vt 0.92489 0.28184
vt 0.92489 0.27642
vt 0.92509 0.27913
vt 0.91637 0.27642
vt 0.91637 0.28184
vt 0.91617 0.27913
vt 0.92509 0.28199
vt 0.92509 0.28289
vt 0.92549 0.28289
vt 0.92549 0.28199
vt 0.92489 0.28289
vt 0.92489 0.28199
vt 0.91617 0.28199
vt 0.91617 0.28289
vt 0.91637 0.27627
vt 0.92489 0.27627
vt 0.91633 0.28287
vt 0.91617 0.28287
vt 0.91617 0.28201
vt 0.91633 0.28201
vt 0.91633 0.28199
vt 0.92489 0.2827
vt 0.91633 0.2827
vt 0.92489 0.28287
vt 0.92489 0.28201
vt 0.9164 0.28199
vt 0.92486 0.28199
vt 0.92486 0.2827
vt 0.9164 0.2827
vt 0.92509 0.27627
vt 0.91617 0.27627
vt 0.91637 0.27642
vt 0.91637 0.28199
vt 0.92489 0.28199
vt 0.92489 0.2833
vt 0.92489 0.28244
vt 0.91636 0.28244
vt 0.91636 0.2833
vt 0.92489 0.28201
vt 0.91636 0.28201
vt 0.91636 0.28287
vt 0.92489 0.28287
vt 0.92549 0.27627
vt 0.92509 0.27913
vt 0.91617 0.27913
vt 0.92509 0.28287
vt 0.92509 0.28201
usemtl mat0
f 1/1/1 2/2/1 3/3/1
f 4/4/1 5/5/1 6/6/1
f 7/7/2 8/8/2 9/9/2
f 7/7/2 9/9/2 10/10/2
f 11/11/3 12/12/3 13/7/3
f 11/11/3 13/7/3 14/8/3
f 15/11/2 16/12/2 17/13/2
f 15/11/2 17/13/2 18/14/2
f 14/8/3 13/7/3 19/10/3
f 14/8/3 19/10/3 20/9/3
f 21/8/4 22/7/4 23/13/4
f 21/8/4 23/13/4 24/14/4
f 8/8/2 7/7/2 16/12/2
f 8/8/2 16/12/2 15/11/2
f 4/4/1 25/15/1 26/16/1
f 4/4/1 26/16/1 2/2/1
f 27/17/5 28/18/5 29/19/5
f 27/17/5 29/19/5 30/20/5
f 31/14/3 32/13/3 12/12/3
f 31/14/3 12/12/3 11/11/3
f 33/21/3 34/12/3 35/22/3
f 33/21/3 35/22/3 36/23/3
f 37/24/5 38/17/5 39/20/5
f 37/24/5 39/20/5 40/25/5
f 41/12/2 42/21/2 43/23/2
f 41/12/2 43/23/2 44/22/2
f 45/26/1 46/27/1 47/28/1
f 45/26/1 47/28/1 48/29/1
f 49/27/4 50/26/4 51/29/4
f 49/27/4 51/29/4 52/28/4
f 23/13/4 22/7/4 53/30/4
f 23/13/4 53/30/4 54/31/4
f 55/1/1 56/5/1 57/32/1
f 55/1/1 57/32/1 58/2/1
f 1/1/5 5/5/5 56/5/5
f 1/1/5 56/5/5 55/1/5
f 59/33/1 5/5/1 1/1/1
f 59/33/1 1/1/1 60/34/1
f 5/5/3 4/4/3 57/32/3
f 5/5/3 57/32/3 56/5/3
f 4/4/6 2/2/6 58/2/6
f 4/4/6 58/2/6 57/32/6
f 2/2/2 1/1/2 55/1/2
f 2/2/2 55/1/2 58/2/2
f 61/35/4 62/36/4 63/37/4
f 61/35/4 63/37/4 64/38/4
f 65/35/2 66/36/2 67/37/2
f 65/35/2 67/37/2 68/38/2
f 68/38/1 67/37/1 69/36/1
f 68/38/1 69/36/1 70/35/1
f 71/38/3 72/37/3 62/36/3
f 71/38/3 62/36/3 61/35/3
f 73/39/6 74/40/6 75/41/6
f 73/39/6 75/41/6 76/42/6
f 77/40/5 78/39/5 79/42/5
f 77/40/5 79/42/5 80/41/5
f 81/35/1 82/38/1 83/37/1
f 81/35/1 83/37/1 84/36/1
f 85/35/2 86/38/2 87/37/2
f 85/35/2 87/37/2 88/36/2
f 86/38/4 89/35/4 90/36/4
f 86/38/4 90/36/4 87/37/4
f 91/38/3 81/35/3 84/36/3
f 91/38/3 84/36/3 92/37/3
f 93/39/6 94/42/6 95/41/6
f 93/39/6 95/41/6 96/40/6
f 97/40/5 98/41/5 99/42/5
f 97/40/5 99/42/5 100/39/5
f 101/35/4 102/38/4 103/37/4
f 101/35/4 103/37/4 104/36/4
f 105/35/3 106/38/3 107/37/3
f 105/35/3 107/37/3 108/36/3
f 106/38/1 109/35/1 110/36/1
f 106/38/1 110/36/1 107/37/1
f 111/38/2 101/35/2 104/36/2
f 111/38/2 104/36/2 112/37/2
f 113/39/6 114/42/6 115/41/6
f 113/39/6 115/41/6 116/40/6
f 117/40/5 118/41/5 119/42/5
f 117/40/5 119/42/5 120/39/5
f 121/35/1 122/36/1 123/37/1
f 121/35/1 123/37/1 124/38/1
f 125/35/3 126/36/3 127/37/3
f 125/35/3 127/37/3 128/38/3
f 128/38/4 127/37/4 129/36/4
f 128/38/4 129/36/4 130/35/4
f 131/38/2 132/37/2 122/36/2
f 131/38/2 122/36/2 121/35/2
f 133/39/6 134/40/6 135/41/6
f 133/39/6 135/41/6 136/42/6
f 137/40/5 138/39/5 139/42/5
f 137/40/5 139/42/5 140/41/5
f 30/20/5 16/12/5 141/25/5
f 16/12/5 30/20/5 17/13/5
f 17/13/5 30/20/5 29/19/5
f 142/7/6 20/9/6 143/10/6
f 20/9/6 142/7/6 14/8/6
f 14/8/6 142/7/6 144/12/6
f 14/8/6 144/12/6 11/11/6
f 11/11/6 144/12/6 145/13/6
f 11/11/6 145/13/6 31/14/6
f 146/43/2 7/7/2 10/10/2
f 7/7/2 146/43/2 147/44/2
f 147/44/2 146/43/2 148/30/2
f 18/14/1 149/7/1 150/8/1
f 149/7/1 18/14/1 151/27/1
f 151/27/1 18/14/1 152/26/1
f 152/26/1 18/14/1 17/13/1
f 6/6/1 25/15/1 4/4/1
f 25/15/1 6/6/1 153/31/1
f 153/31/1 6/6/1 154/45/1
f 155/44/3 19/10/3 13/7/3
f 19/10/3 155/44/3 156/43/3
f 156/43/3 155/44/3 157/30/3
f 158/14/5 159/24/5 160/11/5
f 159/24/5 158/14/5 27/17/5
f 27/17/5 158/14/5 28/18/5
f 161/13/1 5/5/1 59/33/1
f 5/5/1 161/13/1 6/6/1
f 6/6/1 161/13/1 154/45/1
f 162/8/5 163/10/5 164/9/5
f 163/10/5 162/8/5 165/7/5
f 160/11/5 166/46/5 167/8/5
f 166/46/5 160/11/5 168/47/5
f 168/47/5 160/11/5 7/7/5
f 7/7/5 160/11/5 16/12/5
f 3/3/1 157/30/1 155/44/1
f 157/30/1 3/3/1 26/16/1
f 26/16/1 3/3/1 2/2/1
f 60/34/1 155/44/1 13/7/1
f 155/44/1 60/34/1 3/3/1
f 3/3/1 60/34/1 1/1/1
# Vertices: 168, normals: 6, texture coordinates: 47, faces: 132

o obj2
v 5.41194983 0.03142748 -1.70000995
v 5.4114481 -1.13813933 -1.69889924
v 5.4114481 -1.13813883 -0.05749835
v 5.41194983 0.03142798 -0.05638835
v 4.67678039 -1.14168063 -0.0175534
v 4.6762787 0.03496983 -0.0164435
v 4.67551528 0.03312013 -0.05402799
v 4.67678039 -1.14168065 -0.05638799
v 4.67678039 -1.14168114 -1.70000959
v 4.67551528 0.03311964 -1.70237031
v 4.6762787 0.0349693 -1.7399549
v 4.67678039 -1.14168115 -1.73884429
v 4.67678039 0.09232255 -0.01755377
v 4.6762787 0.09311864 -0.05144797
v 4.6762787 0.09311813 -1.70495037
v 4.67678039 0.09232203 -1.73884466
v 4.67551528 0.03312013 -0.05402799
v 4.67551528 0.03311964 -1.70237031
v 5.41194983 0.03142748 -1.70000995
v 5.41194983 0.03142798 -0.05638835
v 4.67678039 -1.14168065 -0.05638799
v 4.67551528 0.03312013 -0.05402799
v 5.41194983 0.03142798 -0.05638835
v 5.4114481 -1.13813883 -0.05749835
v 4.67551528 0.03311964 -1.70237031
v 4.67678039 -1.14168114 -1.70000959
v 5.4114481 -1.13813933 -1.69889924
v 5.41194983 0.03142748 -1.70000995
v 5.45508335 -1.14247665 -0.05144759
v 5.40701568 -1.14427343 -0.05144759
v 5.40701568 -1.14427393 -1.70494999
v 5.45508335 -1.14247715 -1.70494999
v 5.41641468 0.03851115 -1.70989075
v 5.41641468 0.03851165 -0.04650755
v 5.41691642 -1.13813883 -0.04539684
v 5.41691642 -1.13813933 -1.71100075
v 4.68124528 -1.13459701 -0.02743425
v 4.68124528 -1.13459702 -0.04650719
v 4.68251039 0.0368195 -0.04886791
v 4.68174698 0.03496982 -0.02854496
v 4.68124528 -1.13459752 -1.70989039
v 4.68124528 -1.13459753 -1.72896344
v 4.68174698 0.03496931 -1.72785344
v 4.68251039 0.03681899 -1.70753039
v 4.68174698 0.08444299 -0.05144796
v 4.68124528 0.08523895 -0.02743462
v 4.68124528 0.08523843 -1.72896381
v 4.68174698 0.08444249 -1.70495036
v 4.68251039 0.0368195 -0.04886791
v 5.41641468 0.03851165 -0.04650755
v 5.41641468 0.03851115 -1.70989075
v 4.68251039 0.03681899 -1.70753039
v 4.68124528 -1.13459702 -0.04650719
v 5.41691642 -1.13813883 -0.04539684
v 5.41641468 0.03851165 -0.04650755
v 4.68251039 0.0368195 -0.04886791
v 4.68251039 0.03681899 -1.70753039
v 5.41641468 0.03851115 -1.70989075
v 5.41691642 -1.13813933 -1.71100075
v 4.68124528 -1.13459752 -1.70989039
v 5.44961503 -1.13380102 -0.05144759
v 5.44961503 -1.13380152 -1.70495
v 5.40701568 -1.13200474 -1.70495
v 5.40701568 -1.13200423 -0.0514476
v 4.67678039 -1.14168114 -1.70000959
v 4.68124528 -1.13459752 -1.70989039
v 4.67678039 -1.14168065 -0.05638799
v 4.68124528 -1.13459702 -0.04650719
v 5.45458161 -1.14168063 -0.0175534
v 4.6762787 0.0349693 -1.7399549
v 5.45458161 -1.14168115 -1.73884429
v 4.67678039 -1.14168115 -1.73884429
v 5.45458161 0.09232203 -1.73884466
v 4.67678039 0.09232203 -1.73884466
v 5.45458161 0.09232255 -0.01755377
v 5.45458161 -1.14168115 -1.73884429
v 4.67678039 -1.14168115 -1.73884429
v 4.67678039 0.09232255 -0.01755377
v 4.6762787 0.09311813 -1.70495037
v 4.6762787 0.09311864 -0.05144797
v 5.45458161 0.09232255 -0.01755377
v 5.45508335 -1.14247665 -0.05144759
v 5.45458161 0.09232255 -0.01755377
v 5.45458161 -1.14168063 -0.0175534
v 5.45508335 -1.14247715 -1.70494999
v 5.45011677 -1.13459701 -0.02743425
v 5.45011677 0.08523843 -1.72896381
v 4.68124528 -1.13459753 -1.72896344
v 5.45011677 -1.13459753 -1.72896344
v 4.68174698 0.03496931 -1.72785344
v 4.68124528 0.08523843 -1.72896381
v 5.45011677 0.08523895 -0.02743462
v 4.68124528 -1.13459753 -1.72896344
v 5.45011677 -1.13459753 -1.72896344
v 4.68174698 0.08444249 -1.70495036
v 4.68174698 0.08444299 -0.05144796
v 5.45011677 0.08523895 -0.02743462
v 4.68124528 0.08523895 -0.02743462
v 5.45011677 -1.13459701 -0.02743425
v 5.45011677 0.08523895 -0.02743462
v 5.44961503 -1.13380102 -0.05144759
v 5.44961503 -1.13380152 -1.70495
vn -1 0 0.0007
vn -0.99976 -0.0221 -0.0012
vn -0.99975 -0.0222 -0.0012
vn -0.99976 0.0221 -0.0012
vn -0.99975 0.0222 -0.0012
vn -0.99911 -0.0388 0.0167
vn -0.99911 -0.0387 0.0167
vn -0.99911 -0.0388 0.0168
vn -0.99911 0.0388 0.0167
vn -0.99911 0.0388 0.0168
vn -0.9998 0 0.0202
vn -0.0014 0 -1
vn -0.0011 1 0.0011
vn -0.001 1 0.001
vn -0.0011 -1 0.0011
vn -0.001 -1 0.0011
vn -0.0011 -1 0.001
vn 0.0236 0 -0.99972
vn 1 0 0.0007
vn 0.99909 -0.0427 -0.0011
vn 0.99909 -0.0427 -0.0012
vn 0.99908 -0.0428 -0.0012
vn 0.99908 0.0428 -0.0007
vn 0.99909 0.0427 -0.0012
vn 0.99908 0.0428 -0.0011
vn 0.99908 0.0428 -0.0012
vn 0.99774 -0.0637 0.0212
vn 0.99775 -0.0637 0.0211
vn 0.99775 0.0637 0.0211
vn 0.99968 0 0.0254
vn -0.0015 0 1
vn -0.0012 -1 0.0012
vn -0.0011 1 0.001
vn -0.0009 1 0.0012
vn 0.0266 0 0.99965
vn 0 0 -1
vn 0 0.40999 -0.91209
vn 0 0.40991 -0.91213
vn -1 0 0
vn 0 -0.40999 -0.91209
vn 0 -0.40991 -0.91213
vn 0 -0.93905 0.34378
vn 0.0029 -0.93908 0.34369
vn 0 -0.93908 0.34369
vn 0 0.93908 0.34369
vn 0 0.93905 0.34378
vn -0.0004 -0.0509 -0.9987
vn -0.0004 -0.0508 -0.99871
vn 0.0003 1 -0.0001
vn 0.0003 1 0
vn 0 -1 0
vn 0.0005 -1 -0.0003
vn 0.0003 -1 0
vn 0.0004 -1 0
vn -0.0004 0.0508 -0.99871
vn 0 0.0508 -0.99871
vn 0.0006 0 1
vn 0.0005 0 1
vn 1 0 0.0006
vn -0.0001 -0.0845 0.99642
vn 0 -0.0845 0.99642
vn 0.0007 1 0
vn -0.0001 0.0845 0.99642
vn 0.0006 0 -1
vn 0.0007 0 -1
vn -1 0 0.0006
vt 0.71759 0.48484
vt 0.71759 0.4959
vt 0.70637 0.4959
vt 0.70637 0.48484
vt 0.70617 0.4959
vt 0.70617 0.48484
vt 0.71778 0.48484
vt 0.71778 0.4959
vt 0.70617 0.48433
vt 0.70637 0.48433
vt 0.71759 0.48433
vt 0.71778 0.48433
vt 0.70617 0.4957
vt 0.70617 0.48453
vt 0.71721 0.48453
vt 0.71721 0.4957
vt 0.71721 0.48484
vt 0.71721 0.4959
vt 0.71778 0.4957
vt 0.7171 0.4957
vt 0.7171 0.48453
vt 0.71778 0.48453
usemtl mat1
f 169/48/7 170/49/7 171/50/7
f 169/48/7 171/50/7 172/51/7
f 173/52/8 174/53/9 175/51/9
f 173/52/8 175/51/9 176/50/8
f 177/49/10 178/48/10 179/54/11
f 177/49/10 179/54/11 180/55/10
f 174/53/12 181/56/12 182/57/13
f 174/53/12 182/57/13 175/51/14
f 178/48/15 183/58/15 184/59/16
f 178/48/15 184/59/16 179/54/15
f 183/58/17 178/48/17 175/51/17
f 183/58/17 175/51/17 182/57/17
f 185/60/18 186/61/18 187/62/18
f 185/60/18 187/62/18 188/63/18
f 189/52/19 190/53/20 191/64/19
f 189/52/19 191/64/19 192/65/19
f 193/53/21 194/52/22 195/65/21
f 193/53/21 195/65/21 196/64/23
f 197/66/24 198/67/24 199/68/24
f 197/66/24 199/68/24 200/69/24
f 201/48/25 202/51/25 203/50/25
f 201/48/25 203/50/25 204/49/25
f 205/52/26 206/50/27 207/51/28
f 205/52/26 207/51/28 208/53/28
f 209/49/29 210/55/30 211/54/31
f 209/49/29 211/54/31 212/48/32
f 208/53/33 207/51/34 213/57/34
f 208/53/33 213/57/34 214/56/34
f 212/48/35 211/54/35 215/59/35
f 212/48/35 215/59/35 216/58/35
f 216/58/36 213/57/36 207/51/36
f 216/58/36 207/51/36 212/48/36
f 217/60/37 218/63/37 219/62/37
f 217/60/37 219/62/37 220/61/37
f 221/52/21 222/65/21 223/64/21
f 221/52/38 223/64/38 224/53/38
f 225/53/39 226/64/39 227/65/39
f 225/53/40 227/65/40 228/52/40
f 229/66/41 230/69/41 231/68/41
f 229/66/41 231/68/41 232/67/41
f 171/50/42 170/49/42 204/49/42
f 171/50/42 204/49/42 203/50/42
f 195/65/43 194/52/43 228/52/43
f 195/65/43 228/52/43 227/65/44
f 199/68/45 198/67/45 232/67/45
f 199/68/45 232/67/45 231/68/45
f 189/52/46 192/65/46 222/65/47
f 189/52/46 222/65/47 221/52/46
f 233/61/48 199/68/49 231/68/50
f 233/61/48 231/68/50 234/61/48
f 198/67/51 235/60/51 236/60/52
f 198/67/51 236/60/52 232/67/51
f 198/67/53 173/52/54 235/60/54
f 173/52/54 198/67/53 237/55/54
f 237/55/54 198/67/53 197/66/54
f 238/53/55 239/55/55 240/52/55
f 239/55/56 238/53/56 241/59/56
f 241/59/56 238/53/56 242/56/56
f 243/59/57 173/52/57 237/55/57
f 173/52/58 243/59/59 174/53/60
f 174/53/60 243/59/59 181/56/59
f 244/59/61 233/61/62 245/56/61
f 233/61/62 244/59/61 199/68/61
f 199/68/61 244/59/61 200/69/61
f 246/52/63 247/61/63 248/60/63
f 247/61/63 246/52/63 242/56/63
f 242/56/63 246/52/63 249/55/64
f 242/56/63 249/55/64 241/59/64
f 250/50/65 251/56/65 252/52/65
f 251/56/65 250/50/65 241/59/65
f 241/59/65 250/50/65 253/49/65
f 241/59/65 253/49/65 239/55/65
f 254/55/66 236/60/67 205/52/66
f 236/60/67 254/55/66 232/67/66
f 232/67/66 254/55/66 229/66/66
f 255/59/59 256/52/59 257/55/59
f 256/52/59 255/59/60 258/53/59
f 258/53/59 255/59/60 259/56/59
f 208/53/56 254/55/56 205/52/56
f 254/55/68 208/53/68 260/59/68
f 260/59/56 208/53/56 214/56/56
f 231/68/69 261/56/69 234/61/69
f 261/56/69 231/68/69 262/59/69
f 262/59/69 231/68/69 230/69/69
f 255/59/70 263/61/70 259/56/70
f 263/61/71 255/59/71 264/60/71
f 264/60/70 265/55/70 266/52/70
f 265/55/71 264/60/71 255/59/71
f 255/59/72 267/52/7 268/56/72
f 267/52/7 255/59/72 269/50/7
f 269/50/7 255/59/7 270/49/7
f 270/49/72 255/59/72 257/55/72
# Vertices: 102, normals: 66, texture coordinates: 22, faces: 92

o obj3
v 5.05186759 0.31152857 -1.32146989
v 5.06313658 0.28338404 -1.42880152
v 5.05148045 0.31062917 -1.32378627
v 4.96376957 0.31152842 -1.44640865
v 4.96610999 0.31063157 -1.44664486
v 5.06611449 0.31152839 -1.52967244
v 5.06540704 0.31063155 -1.52742902
v 5.17050823 0.31152804 -1.41788763
v 5.1681725 0.31064434 -1.41734925
v 5.05232677 0.31247387 -1.32400285
v 5.05288497 0.31282373 -1.32293098
v 4.96626786 0.31247394 -1.44578832
v 4.96515736 0.31282126 -1.44529652
v 5.066921 0.31282123 -1.5280874
v 5.06621354 0.31247392 -1.52710019
v 5.16795025 0.31247433 -1.41817315
v 5.16903268 0.31280852 -1.41879725
v 5.06313658 0.28338404 -1.42880152
v 5.06540704 0.31063155 -1.52742902
v 5.066921 0.31282123 -1.5280874
v 4.96610999 0.31063157 -1.44664486
v 5.06313658 0.28338404 -1.42880152
v 4.96515736 0.31282126 -1.44529652
v 5.05148045 0.31062917 -1.32378627
v 5.05288497 0.31282373 -1.32293098
v 5.1681725 0.31064434 -1.41734925
v 5.16903268 0.31280852 -1.41879725
v 5.06611449 0.31152839 -1.52967244
v 5.06621354 0.31247392 -1.52710019
v 4.96376957 0.31152842 -1.44640865
v 4.96626786 0.31247394 -1.44578832
v 5.05186759 0.31152857 -1.32146989
v 5.05232677 0.31247387 -1.32400285
v 5.17050823 0.31152804 -1.41788763
v 5.16795025 0.31247433 -1.41817315
v 5.04614868 0.49822735 -1.42371108
v 5.04726033 0.49822737 -1.41836147
v 4.96981366 0.31042232 -1.39083732
v 4.96414797 0.31042232 -1.41810215
v 5.07658969 0.49822737 -1.44222267
v 5.07157815 0.49822736 -1.4443995
v 5.09375193 0.31042228 -1.5235428
v 5.11929376 0.3104223 -1.5124484
v 5.07882682 0.49822738 -1.40951695
v 5.08255622 0.49822738 -1.41351016
v 5.14970277 0.31042235 -1.36611214
v 5.13069553 0.31042235 -1.34576035
v 5.04977408 0.49822737 -1.41351016
v 4.98262525 0.31042233 -1.36611212
v 5.06616515 0.49822736 -1.44514349
v 5.06540704 0.31063155 -1.52742902
v 5.06075215 0.49822736 -1.44439949
v 5.0385761 0.31042228 -1.5235428
v 5.08506997 0.49822738 -1.41836147
v 5.16251433 0.31042234 -1.39083733
v 5.05350347 0.49822737 -1.40951695
v 5.00163249 0.31042234 -1.34576032
v 5.05574061 0.49822736 -1.44222267
v 5.01303426 0.31042229 -1.51244841
v 5.08618162 0.49822737 -1.42371108
v 5.1681725 0.31064434 -1.41734925
v 5.05350347 0.49822737 -1.40951695
v 5.05817193 0.49822737 -1.406678
v 5.02542575 0.31042234 -1.33129132
v 5.00163249 0.31042234 -1.34576032
v 5.0515022 0.49822736 -1.43877448
v 4.99143282 0.31042229 -1.49487432
v 5.08580876 0.49822738 -1.42916223
v 5.16627965 0.31042232 -1.44588452
v 5.0634332 0.49822738 -1.40520386
v 5.05148045 0.31062917 -1.32378627
v 5.0515022 0.49822736 -1.43877448
v 5.04835129 0.49822736 -1.43431064
v 4.97537384 0.3104223 -1.47212393
v 4.99143282 0.31042229 -1.49487432
v 5.08397901 0.49822737 -1.43431064
v 5.15695418 0.31042232 -1.47212392
v 5.06889709 0.49822738 -1.40520386
v 5.08008765 0.31042234 -1.32377822
v 5.04652154 0.49822735 -1.42916223
v 4.96610999 0.31063157 -1.44664486
v 5.08082809 0.49822737 -1.43877448
v 5.14089521 0.31042231 -1.49487431
v 5.07415837 0.49822738 -1.406678
v 5.10690228 0.31042236 -1.33129134
v 5.08082809 0.49822737 -1.43877448
v 5.14089521 0.31042231 -1.49487431
v 5.07882682 0.49822738 -1.40951695
v 5.13069553 0.31042235 -1.34576035
v 5.04369255 0.49921873 -1.42354307
v 4.9618149 0.31152792 -1.41794257
v 4.96761017 0.31152793 -1.39005419
v 5.04494061 0.49921873 -1.41753704
v 5.07786884 0.49921872 -1.44432615
v 5.12050882 0.31152787 -1.5144465
v 5.09438285 0.31152787 -1.52579461
v 5.07224235 0.49921872 -1.44677008
v 5.08038048 0.49921873 -1.40760724
v 5.13217136 0.31152791 -1.3439463
v 5.1516133 0.31152791 -1.36476355
v 5.08456749 0.49921873 -1.41209045
v 4.98071473 0.31152793 -1.36476354
v 5.0477628 0.49921873 -1.41209045
v 5.06611449 0.31152839 -1.52967244
v 5.06616515 0.49921872 -1.44760537
v 5.03794517 0.31152788 -1.52579461
v 5.06008794 0.49921872 -1.44677007
v 5.16471786 0.3115279 -1.3900542
v 5.08738969 0.49921872 -1.41753704
v 5.00015667 0.31152794 -1.3439463
v 5.05194982 0.49921873 -1.40760725
v 5.0118192 0.31152789 -1.5144465
v 5.05446146 0.49921872 -1.44432614
v 5.17050823 0.31152804 -1.41788763
v 5.08863776 0.49921872 -1.42354307
v 5.05194982 0.49921873 -1.40760725
v 5.00015667 0.31152794 -1.3439463
v 5.02449407 0.31152794 -1.32914639
v 5.05719112 0.49921873 -1.40441994
v 4.98972374 0.31152789 -1.49647051
v 5.04970298 0.49921872 -1.44045484
v 5.16856929 0.31152787 -1.44636031
v 5.08821914 0.49921872 -1.42966312
v 5.05186759 0.31152857 -1.32146989
v 5.06309798 0.49921873 -1.40276491
v 5.04970298 0.49921872 -1.44045484
v 4.98972374 0.31152789 -1.49647051
v 4.97329749 0.3115279 -1.47319981
v 5.04616543 0.49921873 -1.43544326
v 5.15903054 0.31152787 -1.47319981
v 5.08616487 0.49921872 -1.43544327
v 5.08040608 0.31152794 -1.32146147
v 5.06923232 0.49921873 -1.40276491
v 4.96376957 0.31152842 -1.44640865
v 5.04411117 0.49921873 -1.42966312
v 5.1426043 0.31152787 -1.4964705
v 5.08262732 0.49921872 -1.44045484
v 5.10783396 0.31152792 -1.32914639
v 5.07513918 0.49921873 -1.40441994
v 5.08262732 0.49921872 -1.44045484
v 5.1426043 0.31152787 -1.4964705
v 5.13217136 0.31152791 -1.3439463
v 5.08038048 0.49921873 -1.40760724
v 5.06075215 0.49822736 -1.44439949
v 5.06616515 0.49822736 -1.44514349
v 5.06616515 0.49921872 -1.44760537
v 5.06008794 0.49921872 -1.44677007
v 5.05574061 0.49822736 -1.44222267
v 5.05446146 0.49921872 -1.44432614
v 5.0515022 0.49822736 -1.43877448
v 5.04970298 0.49921872 -1.44045484
v 5.04835129 0.49822736 -1.43431064
v 5.04616543 0.49921873 -1.43544326
v 5.04652154 0.49822735 -1.42916223
v 5.04411117 0.49921873 -1.42966312
v 5.04614868 0.49822735 -1.42371108
v 5.04369255 0.49921873 -1.42354307
v 5.04726033 0.49822737 -1.41836147
v 5.04494061 0.49921873 -1.41753704
v 5.04977408 0.49822737 -1.41351016
v 5.0477628 0.49921873 -1.41209045
v 5.05350347 0.49822737 -1.40951695
v 5.05194982 0.49921873 -1.40760725
v 5.05817193 0.49822737 -1.406678
v 5.05719112 0.49921873 -1.40441994
v 5.0634332 0.49822738 -1.40520386
v 5.06309798 0.49921873 -1.40276491
v 5.06889709 0.49822738 -1.40520386
v 5.06923232 0.49921873 -1.40276491
v 5.07415837 0.49822738 -1.406678
v 5.07513918 0.49921873 -1.40441994
v 5.07882682 0.49822738 -1.40951695
v 5.08038048 0.49921873 -1.40760724
v 5.08255622 0.49822738 -1.41351016
v 5.08456749 0.49921873 -1.41209045
v 5.08506997 0.49822738 -1.41836147
v 5.08738969 0.49921872 -1.41753704
v 5.08618162 0.49822737 -1.42371108
v 5.08863776 0.49921872 -1.42354307
v 5.08580876 0.49822738 -1.42916223
v 5.08821914 0.49921872 -1.42966312
v 5.08397901 0.49822737 -1.43431064
v 5.08616487 0.49921872 -1.43544327
v 5.08082809 0.49822737 -1.43877448
v 5.08262732 0.49921872 -1.44045484
v 5.07658969 0.49822737 -1.44222267
v 5.07786884 0.49921872 -1.44432615
v 5.07157815 0.49822736 -1.4443995
v 5.07224235 0.49921872 -1.44677008
v 5.0385761 0.31042228 -1.5235428
v 5.03794517 0.31152788 -1.52579461
v 5.01303426 0.31042229 -1.51244841
v 5.0118192 0.31152789 -1.5144465
v 4.99143282 0.31042229 -1.49487432
v 4.98972374 0.31152789 -1.49647051
v 4.97537384 0.3104223 -1.47212393
v 4.97329749 0.3115279 -1.47319981
v 4.96414797 0.31042232 -1.41810215
v 4.9618149 0.31152792 -1.41794257
v 4.96981366 0.31042232 -1.39083732
v 4.96761017 0.31152793 -1.39005419
v 4.98262525 0.31042233 -1.36611212
v 4.98071473 0.31152793 -1.36476354
v 5.00163249 0.31042234 -1.34576032
v 5.00015667 0.31152794 -1.3439463
v 5.02542575 0.31042234 -1.33129132
v 5.02449407 0.31152794 -1.32914639
v 5.08008765 0.31042234 -1.32377822
v 5.08040608 0.31152794 -1.32146147
v 5.10690228 0.31042236 -1.33129134
v 5.10783396 0.31152792 -1.32914639
v 5.13069553 0.31042235 -1.34576035
v 5.13217136 0.31152791 -1.3439463
v 5.14970277 0.31042235 -1.36611214
v 5.1516133 0.31152791 -1.36476355
v 5.16251433 0.31042234 -1.39083733
v 5.16471786 0.3115279 -1.3900542
v 5.16627965 0.31042232 -1.44588452
v 5.16856929 0.31152787 -1.44636031
v 5.15695418 0.31042232 -1.47212392
v 5.15903054 0.31152787 -1.47319981
v 5.14089521 0.31042231 -1.49487431
v 5.1426043 0.31152787 -1.4964705
v 5.11929376 0.3104223 -1.5124484
v 5.12050882 0.31152787 -1.5144465
v 5.09375193 0.31042228 -1.5235428
v 5.09438285 0.31152787 -1.52579461
v 5.04362599 0.49716596 -1.42353852
v 4.96330291 0.31303053 -1.41804435
v 4.96901553 0.31303054 -1.39055365
v 5.04487775 0.49716596 -1.4175147
v 5.07790349 0.49716594 -1.44438313
v 5.1197339 0.3130305 -1.51317217
v 5.09398047 0.3130305 -1.52435846
v 5.07226035 0.49716595 -1.4468343
v 5.08042257 0.49716595 -1.40755551
v 5.13123013 0.31303055 -1.34510323
v 5.15039484 0.31303054 -1.36562363
v 5.08462198 0.49716595 -1.41205198
v 4.98193321 0.31303054 -1.36562364
v 5.04770831 0.49716596 -1.41205198
v 5.066921 0.31282123 -1.5280874
v 5.06616515 0.49716594 -1.44767207
v 5.03834757 0.3130305 -1.52435846
v 5.06006995 0.49716595 -1.4468343
v 5.16331253 0.31303054 -1.39055364
v 5.08745254 0.49716595 -1.4175147
v 5.00109792 0.31303055 -1.34510325
v 5.05190772 0.49716596 -1.40755551
v 5.01259415 0.3130305 -1.51317216
v 5.0544268 0.49716595 -1.44438313
v 5.16903268 0.31280852 -1.41879725
v 5.0887043 0.49716595 -1.42353852
v 5.05190772 0.49716596 -1.40755551
v 5.00109792 0.31303055 -1.34510325
v 5.02508827 0.31303056 -1.33051439
v 5.05716454 0.49716596 -1.40435876
v 4.99081375 0.31303051 -1.4954525
v 5.04965423 0.49716595 -1.44050037
v 5.16710905 0.31303052 -1.44605686
v 5.08828443 0.49716594 -1.42967669
v 5.05288497 0.31282373 -1.32293098
v 5.0630889 0.49716596 -1.40269884
v 5.04965423 0.49716595 -1.44050037
v 4.99081375 0.31303051 -1.4954525
v 4.97462174 0.31303051 -1.47251364
v 5.0461062 0.49716596 -1.43547395
v 5.15770631 0.31303051 -1.47251365
v 5.08622409 0.49716594 -1.43547395
v 5.080203 0.31303056 -1.32293904
v 5.0692414 0.49716595 -1.40269884
v 4.96515736 0.31282126 -1.44529652
v 5.04404585 0.49716596 -1.42967669
v 5.14151429 0.31303051 -1.4954525
v 5.08267607 0.49716594 -1.44050036
v 5.10723977 0.31303056 -1.33051437
v 5.07516576 0.49716595 -1.40435876
v 5.08267607 0.49716594 -1.44050036
v 5.14151429 0.31303051 -1.4954525
v 5.13123013 0.31303055 -1.34510323
v 5.08042257 0.49716595 -1.40755551
v 5.04482882 0.49672411 -1.4236208
v 5.04601378 0.49672412 -1.41791845
v 4.97003535 0.31247446 -1.3909161
v 4.96438269 0.31247446 -1.41811821
v 5.07727706 0.49672411 -1.443353
v 5.07193507 0.49672411 -1.44567336
v 5.09368846 0.31247444 -1.52331628
v 5.11917154 0.31247444 -1.51224741
v 5.0796617 0.49672412 -1.40849074
v 5.083637 0.49672412 -1.41274726
v 5.14951061 0.31247449 -1.36624778
v 5.13054709 0.31247449 -1.3459428
v 5.04869329 0.49672412 -1.41274726
v 4.98281743 0.31247448 -1.36624779
v 5.06616515 0.49672411 -1.44646642
v 5.06621354 0.31247392 -1.52710019
v 5.06039523 0.49672411 -1.44567336
v 5.03863958 0.31247443 -1.52331628
v 5.0863165 0.49672412 -1.41791845
v 5.1622927 0.31247448 -1.3909161
v 5.05266859 0.49672412 -1.40849074
v 5.00178095 0.31247449 -1.34594282
v 5.05505324 0.49672411 -1.44335301
v 5.0131565 0.31247444 -1.51224741
v 5.08750146 0.49672412 -1.4236208
v 5.16795025 0.31247433 -1.41817315
v 5.05266859 0.49672412 -1.40849074
v 5.05764487 0.49672412 -1.40546459
v 5.02551946 0.31247449 -1.33150709
v 5.00178095 0.31247449 -1.34594282
v 5.05053536 0.49672411 -1.43967745
v 4.99160474 0.31247444 -1.49471376
v 5.087104 0.49672412 -1.42943139
v 5.16604936 0.31247447 -1.44583666
v 5.06325306 0.49672412 -1.40389326
v 5.05232677 0.31247387 -1.32400285
v 5.05053536 0.49672411 -1.43967745
v 5.04717667 0.49672411 -1.43491927
v 4.9755827 0.31247445 -1.4720157
v 4.99160474 0.31247444 -1.49471376
v 5.08515361 0.49672411 -1.43491927
v 5.15674533 0.31247446 -1.4720157
v 5.06907723 0.49672412 -1.40389326
v 5.08005563 0.31247449 -1.32401128
v 5.04522627 0.49672411 -1.42943139
v 4.96626786 0.31247394 -1.44578832
v 5.08179493 0.49672411 -1.43967745
v 5.14072329 0.31247445 -1.49471377
v 5.07468542 0.49672412 -1.4054646
v 5.10680857 0.3124745 -1.33150709
v 5.08179493 0.49672411 -1.43967745
v 5.14072329 0.31247445 -1.49471377
v 5.0796617 0.49672412 -1.40849074
v 5.13054709 0.31247449 -1.3459428
v 5.06006995 0.49716595 -1.4468343
v 5.06039523 0.49672411 -1.44567336
v 5.06616515 0.49672411 -1.44646642
v 5.06616515 0.49716594 -1.44767207
v 5.0544268 0.49716595 -1.44438313
v 5.05505324 0.49672411 -1.44335301
v 5.04965423 0.49716595 -1.44050037
v 5.05053536 0.49672411 -1.43967745
v 5.0461062 0.49716596 -1.43547395
v 5.04717667 0.49672411 -1.43491927
v 5.04404585 0.49716596 -1.42967669
v 5.04522627 0.49672411 -1.42943139
v 5.04362599 0.49716596 -1.42353852
v 5.04482882 0.49672411 -1.4236208
v 5.04487775 0.49716596 -1.4175147
v 5.04601378 0.49672412 -1.41791845
v 5.04770831 0.49716596 -1.41205198
v 5.04869329 0.49672412 -1.41274726
v 5.05190772 0.49716596 -1.40755551
v 5.05266859 0.49672412 -1.40849074
v 5.05716454 0.49716596 -1.40435876
v 5.05764487 0.49672412 -1.40546459
v 5.0630889 0.49716596 -1.40269884
v 5.06325306 0.49672412 -1.40389326
v 5.0692414 0.49716595 -1.40269884
v 5.06907723 0.49672412 -1.40389326
v 5.07516576 0.49716595 -1.40435876
v 5.07468542 0.49672412 -1.4054646
v 5.08042257 0.49716595 -1.40755551
v 5.0796617 0.49672412 -1.40849074
v 5.08462198 0.49716595 -1.41205198
v 5.083637 0.49672412 -1.41274726
v 5.08745254 0.49716595 -1.4175147
v 5.0863165 0.49672412 -1.41791845
v 5.0887043 0.49716595 -1.42353852
v 5.08750146 0.49672412 -1.4236208
v 5.08828443 0.49716594 -1.42967669
v 5.087104 0.49672412 -1.42943139
v 5.08622409 0.49716594 -1.43547395
v 5.08515361 0.49672411 -1.43491927
v 5.08267607 0.49716594 -1.44050036
v 5.08179493 0.49672411 -1.43967745
v 5.07790349 0.49716594 -1.44438313
v 5.07727706 0.49672411 -1.443353
v 5.07226035 0.49716595 -1.4468343
v 5.07193507 0.49672411 -1.44567336
v 5.03863958 0.31247443 -1.52331628
v 5.03834757 0.3130305 -1.52435846
v 5.0131565 0.31247444 -1.51224741
v 5.01259415 0.3130305 -1.51317216
v 4.99160474 0.31247444 -1.49471376
v 4.99081375 0.31303051 -1.4954525
v 4.9755827 0.31247445 -1.4720157
v 4.97462174 0.31303051 -1.47251364
v 4.96438269 0.31247446 -1.41811821
v 4.96330291 0.31303053 -1.41804435
v 4.97003535 0.31247446 -1.3909161
v 4.96901553 0.31303054 -1.39055365
v 4.98281743 0.31247448 -1.36624779
v 4.98193321 0.31303054 -1.36562364
v 5.00178095 0.31247449 -1.34594282
v 5.00109792 0.31303055 -1.34510325
v 5.02551946 0.31247449 -1.33150709
v 5.02508827 0.31303056 -1.33051439
v 5.08005563 0.31247449 -1.32401128
v 5.080203 0.31303056 -1.32293904
v 5.10680857 0.3124745 -1.33150709
v 5.10723977 0.31303056 -1.33051437
v 5.13054709 0.31247449 -1.3459428
v 5.13123013 0.31303055 -1.34510323
v 5.14951061 0.31247449 -1.36624778
v 5.15039484 0.31303054 -1.36562363
v 5.1622927 0.31247448 -1.3909161
v 5.16331253 0.31303054 -1.39055364
v 5.16604936 0.31247447 -1.44583666
v 5.16710905 0.31303052 -1.44605686
v 5.15674533 0.31247446 -1.4720157
v 5.15770631 0.31303051 -1.47251365
v 5.14072329 0.31247445 -1.49471377
v 5.14151429 0.31303051 -1.4954525
v 5.11917154 0.31247444 -1.51224741
v 5.1197339 0.3130305 -1.51317217
v 5.09368846 0.31247444 -1.52331628
v 5.09398047 0.3130305 -1.52435846
vn -0.4045 0.2715 0.87331
vn 0.3104 0.3215 0.89459
vn -0.37791 -0.23841 0.89462
vn -0.2705 -0.31791 0.90872
vn -0.075 0.27391 0.95883
vn 0.29071 0.0192 0.95662
vn -0.078 -0.28071 0.95662
vn -0.27129 -0.0442 0.96148
vn 0.7928 0.1453 -0.5919
vn -0.3035 -0.74669 -0.59189
vn 0.77319 -0.2383 -0.5877
vn 0.2396 0.7602 -0.6039
vn -0.99451 0.0002 0.1046
vn 0.20221 0.97374 0.1046
vn -0.98388 0.1343 0.1181
vn -0.1052 -0.99433 0.0157
vn 0.89828 0.1867 -0.39779
vn -0.36551 -0.84152 -0.39781
vn -0.67052 0.62622 -0.39781
vn 0.81461 0.4221 -0.3978
vn -0.12699 -0.90856 -0.39798
vn -0.1275 -0.90852 -0.39791
vn 0.1329 -0.90753 -0.39841
vn 0.133 -0.90751 -0.39841
vn -0.81461 0.4221 -0.3978
vn 0.67052 0.62622 -0.39781
vn 0.36551 -0.84152 -0.39781
vn -0.89666 0.19329 -0.39828
vn -0.89668 0.1932 -0.39829
vn 0.4767 0.78391 -0.3978
vn 0.579 -0.7117 -0.3978
vn -0.91526 -0.0635 -0.39783
vn -0.91521 -0.0638 -0.3979
vn 0.2552 0.881 -0.3984
vn 0.25529 0.88097 -0.39839
vn 0.74957 -0.52908 -0.39778
vn -0.86451 -0.3072 -0.3978
vn -0.0022 0.91742 -0.39791
vn -0.0026 0.91738 -0.39799
vn 0.8615 -0.3148 -0.3984
vn 0.86153 -0.31471 -0.39841
vn -0.74957 -0.52908 -0.39778
vn -0.24749 0.88347 -0.39779
vn 0.9154 -0.0604 -0.398
vn 0.9154 -0.0603 -0.398
vn -0.579 -0.7117 -0.3978
vn -0.4767 0.78391 -0.3978
vn -0.89841 -0.1867 0.3975
vn 0.36561 0.84162 0.39751
vn 0.67061 -0.62631 0.39751
vn -0.8147 -0.4222 0.3975
vn 0.1247 0.90909 0.3975
vn 0.1249 0.90907 0.39749
vn -0.1251 0.90903 0.39751
vn -0.1249 0.90907 0.39749
vn 0.8147 -0.4222 0.3975
vn -0.67061 -0.62631 0.39751
vn -0.36561 0.84162 0.39751
vn 0.89837 -0.18689 0.39749
vn 0.89841 -0.1867 0.3975
vn -0.4768 -0.784 0.3975
vn -0.57909 0.71179 0.3975
vn 0.91549 0.0623 0.39749
vn 0.91547 0.0626 0.39749
vn -0.2478 -0.88351 0.3975
vn -0.24759 -0.88357 0.39749
vn -0.74966 0.52917 0.39748
vn 0.86461 0.3073 0.39751
vn -0.0003 -0.9176 0.3975
vn 0 -0.9176 0.3975
vn -0.86456 0.30749 0.39748
vn -0.86461 0.3073 0.39751
vn 0.74966 0.52917 0.39748
vn 0.24759 -0.88357 0.39749
vn -0.91545 0.0629 0.39748
vn -0.91547 0.0626 0.39749
vn 0.57909 0.71179 0.3975
vn 0.4768 -0.784 0.3975
vn 0.0513 -0.373 0.92641
vn 0.15 -0.3454 0.92639
vn 0.2376 -0.2921 0.9264
vn 0.3076 -0.2172 0.9264
vn 0.3548 -0.1261 0.9264
vn 0.37569 -0.0257 0.92639
vn 0.3687 0.0766 0.92639
vn 0.3343 0.1732 0.92641
vn 0.2752 0.257 0.9264
vn 0.1957 0.3217 0.9264
vn 0.1016 0.3626 0.92639
vn 0 0.37659 0.92638
vn -0.1016 0.3626 0.92639
vn -0.1956 0.32171 0.92642
vn -0.2752 0.257 0.9264
vn -0.3343 0.1732 0.92641
vn -0.3687 0.0766 0.92639
vn -0.37569 -0.0257 0.92639
vn -0.3548 -0.1261 0.9264
vn -0.30761 -0.2171 0.92642
vn -0.3076 -0.2172 0.9264
vn -0.2376 -0.2921 0.9264
vn -0.15 -0.3454 0.92639
vn -0.0513 -0.373 0.92641
vn -0.054 0.40709 -0.91179
vn -0.1716 0.395 -0.90251
vn -0.2718 0.3341 -0.9025
vn -0.35189 0.24839 -0.90248
vn -0.38759 0.1357 -0.91179
vn -0.39581 0.0306 -0.91782
vn -0.39589 0.0306 -0.91779
vn -0.4217 -0.0876 -0.9025
vn -0.3824 -0.1981 -0.90251
vn -0.31479 -0.29399 -0.90248
vn -0.2238 -0.368 -0.90249
vn -0.1091 -0.39639 -0.91158
vn -0.1091 -0.39631 -0.91161
vn -0.0034 -0.39758 -0.91756
vn -0.0034 -0.39762 -0.91754
vn 0.1162 -0.4147 -0.90251
vn 0.2238 -0.368 -0.90249
vn 0.31479 -0.29399 -0.90248
vn 0.3824 -0.1981 -0.90251
vn 0.39649 -0.0798 -0.91457
vn 0.3908 0.0227 -0.9202
vn 0.40581 0.1442 -0.90251
vn 0.35189 0.24839 -0.90248
vn 0.3518 0.2484 -0.90251
vn 0.2718 0.3341 -0.9025
vn 0.1716 0.395 -0.90251
vn 0.0506 0.3938 -0.9178
vn 0.1228 0.90943 0.39731
vn 0.12271 0.90944 0.39732
vn -0.1176 0.9103 0.3969
vn -0.1175 0.91031 0.3969
vn 0.8999 -0.1805 0.397
vn 0.89988 -0.1806 0.39699
vn 0.91557 0.0617 0.39739
vn 0.91559 0.0615 0.39739
vn -0.2404 -0.88582 0.39691
vn -0.24029 -0.88586 0.39688
vn -0.24031 -0.88584 0.39692
vn -0.0022 -0.91769 0.39729
vn -0.0023 -0.91769 0.39729
vn -0.0027 -0.91769 0.39729
vn -0.86736 0.30029 0.39688
vn -0.86739 0.3002 0.39689
vn -0.91539 0.065 0.39729
vn -0.9154 0.0648 0.3973
vn -0.1249 -0.90893 -0.39781
vn -0.1252 -0.90889 -0.3978
vn 0.1249 -0.90893 -0.39781
vn 0.1247 -0.90897 -0.39778
vn -0.89832 0.1867 -0.39771
vn -0.89831 0.1865 -0.39781
vn -0.91533 -0.0626 -0.39781
vn -0.91531 -0.0629 -0.3978
vn 0.24719 0.88356 -0.39778
vn 0.2473 0.88351 -0.39781
vn -0.0003 0.91748 -0.39779
vn 0.86467 -0.30679 -0.39778
vn 0.86456 -0.30709 -0.39778
vn 0.91533 -0.0626 -0.39781
vn 0.91534 -0.0624 -0.39782
vn 0.0472 -0.3437 0.93789
vn 0.1382 -0.3182 0.9379
vn 0.219 -0.2691 0.93788
vn 0.2834 -0.2001 0.93789
vn 0.3269 -0.1162 0.93789
vn 0.3461 -0.0237 0.9379
vn 0.33969 0.0706 0.93788
vn 0.308 0.1596 0.9379
vn 0.25359 0.23679 0.93788
vn 0.1803 0.2964 0.93789
vn 0.0936 0.33409 0.93788
vn 0 0.3469 0.9379
vn -0.0936 0.33409 0.93788
vn -0.1803 0.2964 0.93789
vn -0.25359 0.23679 0.93788
vn -0.308 0.1596 0.9379
vn -0.33969 0.0706 0.93788
vn -0.3461 -0.0237 0.9379
vn -0.3269 -0.1162 0.93789
vn -0.2834 -0.2001 0.93789
vn -0.2189 -0.2691 0.93791
vn -0.1382 -0.3182 0.9379
vn -0.0472 -0.3437 0.93789
vn -0.0591 0.41602 -0.90743
vn -0.0591 0.4161 -0.9074
vn -0.1834 0.4223 -0.88771
vn -0.29051 0.35711 -0.88773
vn -0.37611 0.26551 -0.88772
vn -0.39531 0.1425 -0.90743
vn -0.38621 0.0228 -0.92213
vn -0.4508 -0.0937 -0.88769
vn -0.4088 -0.2118 -0.88771
vn -0.33651 -0.31421 -0.88772
vn -0.2392 -0.3934 -0.8877
vn -0.1154 -0.40509 -0.90697
vn 0.0036 -0.38819 -0.92157
vn 0.1242 -0.44331 -0.88772
vn 0.23921 -0.39332 -0.88774
vn 0.2392 -0.3934 -0.8877
vn 0.33651 -0.31421 -0.88772
vn 0.4088 -0.2118 -0.88771
vn 0.39752 -0.0851 -0.91364
vn 0.39748 -0.0851 -0.91366
vn 0.3736 0.0298 -0.92711
vn 0.43381 0.1542 -0.88771
vn 0.37611 0.26551 -0.88772
vn 0.29051 0.35711 -0.88773
vn 0.1834 0.4223 -0.88771
vn 0.0563 0.3828 -0.92211
vn 0.0563 0.38272 -0.92215
vt 0.06783 0.95866
vt 0.06725 0.9642
vt 0.06785 0.95878
vt 0.07239 0.9651
vt 0.07227 0.96512
vt 0.0671 0.9694
vt 0.06713 0.96928
vt 0.06169 0.96363
vt 0.06181 0.96361
vt 0.06781 0.95879
vt 0.06778 0.95874
vt 0.07227 0.96507
vt 0.07232 0.96505
vt 0.06706 0.96932
vt 0.06709 0.96926
vt 0.06183 0.96365
vt 0.06177 0.96368
vt 0.06693 0.95818
vt 0.06183 0.95959
vt 0.06179 0.9597
vt 0.07227 0.95959
vt 0.06725 0.95818
vt 0.07232 0.9597
vt 0.07237 0.95959
vt 0.07241 0.9597
vt 0.06181 0.95959
vt 0.06177 0.9597
vt 0.06171 0.95963
vt 0.06184 0.95968
vt 0.07239 0.95963
vt 0.07227 0.95968
vt 0.07249 0.95963
vt 0.07235 0.95968
vt 0.06169 0.95963
vt 0.06183 0.95968
vt 0.06719 0.96926
vt 0.06747 0.96926
vt 0.0689 0.95958
vt 0.06748 0.95958
vt 0.06656 0.96926
vt 0.06681 0.96926
vt 0.06567 0.95958
vt 0.06434 0.95958
vt 0.06793 0.96926
vt 0.06772 0.96926
vt 0.07017 0.95958
vt 0.07123 0.95958
vt 0.06709 0.96926
vt 0.06713 0.95959
vt 0.06737 0.96926
vt 0.06852 0.95958
vt 0.06763 0.96926
vt 0.06984 0.95958
vt 0.06752 0.95959
vt 0.06775 0.96926
vt 0.06751 0.96926
vt 0.0692 0.95958
vt 0.07043 0.95958
vt 0.06785 0.96926
vt 0.07096 0.95958
vt 0.06691 0.96926
vt 0.06605 0.95958
vt 0.06724 0.96926
vt 0.06785 0.95959
vt 0.06641 0.96926
vt 0.06664 0.96926
vt 0.06469 0.95958
vt 0.06351 0.95958
vt 0.06695 0.96926
vt 0.06637 0.95958
vt 0.06601 0.95959
vt 0.06351 0.95958
vt 0.06668 0.96926
vt 0.06499 0.95958
vt 0.06634 0.96926
vt 0.06323 0.95958
vt 0.06644 0.96926
vt 0.06375 0.95958
vt 0.0672 0.96931
vt 0.06749 0.95963
vt 0.06894 0.95963
vt 0.06751 0.96931
vt 0.06649 0.96931
vt 0.06428 0.95963
vt 0.06563 0.95963
vt 0.06678 0.96931
vt 0.06803 0.96931
vt 0.07132 0.95963
vt 0.07024 0.95963
vt 0.06779 0.96931
vt 0.0671 0.95963
vt 0.06709 0.96931
vt 0.06856 0.95963
vt 0.06741 0.96931
vt 0.06991 0.95963
vt 0.0677 0.96931
vt 0.06749 0.95963
vt 0.06783 0.96931
vt 0.07051 0.95963
vt 0.06925 0.95963
vt 0.06756 0.96931
vt 0.07105 0.95963
vt 0.06795 0.96931
vt 0.06602 0.95963
vt 0.06689 0.96931
vt 0.06783 0.95963
vt 0.06725 0.96931
vt 0.06633 0.96931
vt 0.06343 0.95963
vt 0.06463 0.95963
vt 0.06659 0.96931
vt 0.06636 0.95963
vt 0.06694 0.96931
vt 0.06602 0.95963
vt 0.06494 0.95963
vt 0.06663 0.96931
vt 0.06624 0.96931
vt 0.06314 0.95963
vt 0.06368 0.95963
vt 0.06636 0.96931
vt 0.06737 0.965
vt 0.06709 0.96504
vt 0.06709 0.96517
vt 0.06741 0.96512
vt 0.06763 0.96489
vt 0.0677 0.965
vt 0.06785 0.96471
vt 0.06795 0.9648
vt 0.06802 0.96448
vt 0.06813 0.96454
vt 0.06811 0.96422
vt 0.06824 0.96424
vt 0.06813 0.96393
vt 0.06826 0.96393
vt 0.06807 0.96366
vt 0.06819 0.96362
vt 0.06794 0.96341
vt 0.06805 0.96334
vt 0.06775 0.9632
vt 0.06783 0.9631
vt 0.06751 0.96306
vt 0.06756 0.96294
vt 0.06724 0.96298
vt 0.06725 0.96286
vt 0.06695 0.96298
vt 0.06694 0.96286
vt 0.06668 0.96306
vt 0.06663 0.96294
vt 0.06644 0.9632
vt 0.06636 0.9631
vt 0.06625 0.96341
vt 0.06614 0.96334
vt 0.06612 0.96366
vt 0.066 0.96362
vt 0.06606 0.96393
vt 0.06593 0.96393
vt 0.06608 0.96422
vt 0.06595 0.96424
vt 0.06617 0.96448
vt 0.06606 0.96454
vt 0.06634 0.96471
vt 0.06624 0.9648
vt 0.06656 0.96489
vt 0.06649 0.965
vt 0.06681 0.965
vt 0.06678 0.96512
vt 0.06852 0.96908
vt 0.06856 0.9692
vt 0.06984 0.96851
vt 0.06991 0.96861
vt 0.07096 0.9676
vt 0.07105 0.96769
vt 0.07179 0.96643
vt 0.0719 0.96649
vt 0.07238 0.96365
vt 0.0725 0.96364
vt 0.07208 0.96224
vt 0.0722 0.9622
vt 0.07142 0.96097
vt 0.07152 0.9609
vt 0.07043 0.95992
vt 0.07051 0.95982
vt 0.0692 0.95917
vt 0.06925 0.95906
vt 0.06637 0.95878
vt 0.06636 0.95866
vt 0.06499 0.95917
vt 0.06494 0.95906
vt 0.06375 0.95992
vt 0.06368 0.95982
vt 0.06277 0.96097
vt 0.06267 0.9609
vt 0.06211 0.96224
vt 0.06199 0.9622
vt 0.06191 0.96508
vt 0.06179 0.9651
vt 0.0624 0.96643
vt 0.06229 0.96649
vt 0.06323 0.9676
vt 0.06314 0.96769
vt 0.06434 0.96851
vt 0.06428 0.96861
vt 0.06567 0.96908
vt 0.06563 0.9692
vt 0.0672 0.9692
vt 0.06749 0.95971
vt 0.06891 0.95971
vt 0.06751 0.9692
vt 0.06649 0.9692
vt 0.06432 0.95971
vt 0.06565 0.95971
vt 0.06678 0.9692
vt 0.06803 0.9692
vt 0.07126 0.95971
vt 0.0702 0.95971
vt 0.0678 0.9692
vt 0.06706 0.9597
vt 0.06709 0.9692
vt 0.06853 0.95971
vt 0.06741 0.9692
vt 0.06987 0.95971
vt 0.0677 0.9692
vt 0.06745 0.9597
vt 0.06783 0.9692
vt 0.07046 0.95971
vt 0.06922 0.95971
vt 0.06756 0.9692
vt 0.07099 0.95971
vt 0.06795 0.9692
vt 0.06604 0.95971
vt 0.06688 0.9692
vt 0.06778 0.9597
vt 0.06725 0.9692
vt 0.06632 0.9692
vt 0.06348 0.95971
vt 0.06467 0.95971
vt 0.06658 0.9692
vt 0.06637 0.95971
vt 0.06694 0.9692
vt 0.06608 0.9597
vt 0.06497 0.95971
vt 0.06663 0.9692
vt 0.06624 0.9692
vt 0.06319 0.95971
vt 0.06373 0.95971
vt 0.06636 0.9692
vt 0.0672 0.96918
vt 0.06749 0.96918
vt 0.06889 0.95968
vt 0.06748 0.95968
vt 0.06652 0.96918
vt 0.0668 0.96918
vt 0.06567 0.95968
vt 0.06435 0.95968
vt 0.06798 0.96918
vt 0.06776 0.96918
vt 0.07017 0.95968
vt 0.07122 0.95968
vt 0.06709 0.96918
vt 0.06709 0.95968
vt 0.06739 0.96918
vt 0.06852 0.95968
vt 0.06767 0.96918
vt 0.06984 0.95968
vt 0.06748 0.95968
vt 0.06779 0.96918
vt 0.06754 0.96918
vt 0.0692 0.95968
vt 0.07043 0.95968
vt 0.0679 0.96918
vt 0.07095 0.95968
vt 0.0669 0.96918
vt 0.06605 0.95968
vt 0.06725 0.96918
vt 0.06781 0.95968
vt 0.06637 0.96918
vt 0.06661 0.96918
vt 0.06469 0.95968
vt 0.06352 0.95968
vt 0.06694 0.96918
vt 0.06638 0.95968
vt 0.06605 0.95968
vt 0.06665 0.96918
vt 0.06499 0.95968
vt 0.06629 0.96918
vt 0.06324 0.95968
vt 0.0664 0.96918
vt 0.06376 0.95968
vt 0.06741 0.96513
vt 0.06739 0.96507
vt 0.06709 0.96511
vt 0.06709 0.96517
vt 0.0677 0.965
vt 0.06767 0.96495
vt 0.06795 0.9648
vt 0.0679 0.96476
vt 0.06813 0.96454
vt 0.06808 0.96451
vt 0.06824 0.96424
vt 0.06818 0.96423
vt 0.06826 0.96393
vt 0.0682 0.96393
vt 0.0682 0.96362
vt 0.06814 0.96364
vt 0.06805 0.96333
vt 0.068 0.96337
vt 0.06783 0.9631
vt 0.06779 0.96315
vt 0.06756 0.96294
vt 0.06754 0.96299
vt 0.06725 0.96285
vt 0.06725 0.96291
vt 0.06694 0.96285
vt 0.06694 0.96291
vt 0.06663 0.96294
vt 0.06665 0.96299
vt 0.06636 0.9631
vt 0.0664 0.96315
vt 0.06614 0.96333
vt 0.06619 0.96337
vt 0.06599 0.96362
vt 0.06605 0.96364
vt 0.06593 0.96393
vt 0.06599 0.96393
vt 0.06595 0.96424
vt 0.06601 0.96423
vt 0.06606 0.96454
vt 0.06611 0.96451
vt 0.06624 0.9648
vt 0.06629 0.96476
vt 0.06649 0.965
vt 0.06652 0.96495
vt 0.06678 0.96513
vt 0.0668 0.96507
vt 0.06852 0.96907
vt 0.06853 0.96912
vt 0.06984 0.9685
vt 0.06987 0.96855
vt 0.07095 0.96759
vt 0.07099 0.96763
vt 0.07178 0.96642
vt 0.07183 0.96645
vt 0.07236 0.96365
vt 0.07242 0.96364
vt 0.07207 0.96224
vt 0.07212 0.96223
vt 0.07141 0.96097
vt 0.07145 0.96094
vt 0.07043 0.95993
vt 0.07046 0.95988
vt 0.0692 0.95918
vt 0.06922 0.95913
vt 0.06638 0.9588
vt 0.06637 0.95874
vt 0.06499 0.95918
vt 0.06497 0.95913
vt 0.06376 0.95993
vt 0.06373 0.95988
vt 0.06278 0.96097
vt 0.06273 0.96094
vt 0.06212 0.96224
vt 0.06207 0.96223
vt 0.06192 0.96508
vt 0.06187 0.96509
vt 0.06241 0.96642
vt 0.06236 0.96645
vt 0.06324 0.96759
vt 0.06319 0.96763
vt 0.06435 0.9685
vt 0.06432 0.96855
vt 0.06567 0.96907
vt 0.06565 0.96912
usemtl mat2
f 271/70/73 272/71/73 273/72/73
f 274/73/74 272/71/74 275/74/74
f 272/71/75 276/75/75 277/76/75
f 278/77/76 272/71/76 279/78/76
f 280/79/77 281/80/77 272/71/77
f 282/81/78 283/82/78 272/71/78
f 272/71/79 284/83/79 285/84/79
f 286/85/80 287/86/80 272/71/80
f 288/87/81 289/88/81 290/89/81
f 291/90/82 292/91/82 293/92/82
f 294/93/83 288/87/83 295/94/83
f 296/95/84 292/91/84 297/96/84
f 298/97/85 288/87/85 299/98/85
f 292/91/86 300/99/86 301/100/86
f 288/87/87 302/101/87 303/102/87
f 292/91/88 304/103/88 305/104/88
f 306/105/89 307/106/89 308/107/89
f 306/105/89 308/107/89 309/108/89
f 310/109/90 311/110/90 312/111/90
f 310/109/90 312/111/90 313/112/90
f 314/113/91 315/114/91 316/115/91
f 314/113/91 316/115/91 317/116/91
f 307/106/92 318/114/92 319/115/92
f 307/106/92 319/115/92 308/107/92
f 311/110/93 320/117/93 321/118/93
f 311/110/94 321/118/94 312/111/94
f 320/117/95 322/119/95 323/120/96
f 320/117/95 323/120/96 321/118/96
f 315/114/97 324/106/97 325/107/97
f 315/114/97 325/107/97 316/115/97
f 318/114/98 326/113/98 327/116/98
f 318/114/98 327/116/98 319/115/98
f 322/119/99 328/121/99 329/122/99
f 322/119/99 329/122/99 323/120/99
f 324/106/100 330/105/100 331/123/101
f 324/106/100 331/123/101 325/107/101
f 332/124/102 333/125/102 334/126/102
f 332/124/102 334/126/102 335/127/102
f 328/121/103 336/128/103 337/129/103
f 328/121/103 337/129/103 329/122/103
f 330/105/104 338/130/104 339/131/104
f 330/105/105 339/131/105 331/123/105
f 333/125/106 340/132/106 341/133/107
f 333/125/106 341/133/107 334/126/107
f 342/134/108 343/135/108 344/136/108
f 342/134/108 344/136/108 345/137/108
f 338/130/109 346/135/109 347/136/109
f 338/130/109 347/136/109 339/131/109
f 340/132/110 348/138/110 349/139/110
f 340/132/111 349/139/111 341/133/111
f 343/135/112 350/130/112 351/140/112
f 343/135/112 351/140/112 344/136/113
f 346/135/114 352/134/114 353/141/114
f 346/135/114 353/141/114 347/136/114
f 348/138/115 354/142/115 355/143/115
f 348/138/115 355/143/115 349/139/115
f 350/130/116 306/105/116 309/108/116
f 350/130/117 309/108/117 351/140/117
f 356/144/118 310/109/118 313/112/118
f 356/144/118 313/112/118 357/145/118
f 354/142/119 358/146/119 359/147/119
f 354/142/119 359/147/119 355/143/119
f 360/148/120 361/149/120 362/150/120
f 360/148/120 362/150/120 363/151/120
f 364/152/121 365/153/121 366/154/121
f 364/152/121 366/154/121 367/155/121
f 368/156/122 369/157/122 370/158/122
f 368/156/122 370/158/122 371/159/122
f 363/151/123 362/150/123 372/158/123
f 363/151/123 372/158/123 373/159/123
f 367/155/124 366/154/124 374/160/124
f 367/155/125 374/160/125 375/161/125
f 375/161/126 374/160/126 376/162/126
f 375/161/127 376/162/127 377/163/127
f 371/159/128 370/158/128 378/150/128
f 371/159/128 378/150/128 379/151/128
f 373/159/129 372/158/129 380/157/129
f 373/159/129 380/157/129 381/156/129
f 377/163/130 376/162/130 382/164/130
f 377/163/130 382/164/130 383/165/130
f 379/151/131 378/150/131 384/166/131
f 379/151/132 384/166/132 385/148/132
f 386/167/133 387/168/133 388/169/133
f 386/167/133 388/169/133 389/170/133
f 383/165/134 382/164/134 390/171/134
f 383/165/134 390/171/134 391/172/134
f 385/148/135 384/166/135 392/173/135
f 385/148/136 392/173/136 393/174/136
f 389/170/137 388/169/137 394/175/137
f 389/170/138 394/175/138 395/176/138
f 396/177/139 397/178/139 398/179/139
f 396/177/139 398/179/139 399/180/139
f 393/174/140 392/173/140 400/179/140
f 393/174/140 400/179/140 401/180/140
f 395/176/141 394/175/141 402/181/141
f 395/176/142 402/181/142 403/182/142
f 399/180/143 398/179/143 404/183/143
f 399/180/144 404/183/144 405/174/144
f 401/180/145 400/179/145 406/178/145
f 401/180/145 406/178/145 407/177/145
f 403/182/146 402/181/146 408/184/146
f 403/182/146 408/184/146 409/185/146
f 405/174/147 404/183/147 361/149/147
f 405/174/148 361/149/148 360/148/148
f 410/186/149 411/187/149 365/153/149
f 410/186/149 365/153/149 364/152/149
f 409/185/150 408/184/150 412/188/150
f 409/185/150 412/188/150 413/189/150
f 414/190/151 415/191/151 416/192/151
f 414/190/151 416/192/151 417/193/151
f 418/194/152 414/190/152 417/193/152
f 418/194/152 417/193/152 419/195/152
f 420/196/153 418/194/153 419/195/153
f 420/196/153 419/195/153 421/197/153
f 422/198/154 420/196/154 421/197/154
f 422/198/154 421/197/154 423/199/154
f 424/200/155 422/198/155 423/199/155
f 424/200/155 423/199/155 425/201/155
f 426/202/156 424/200/156 425/201/156
f 426/202/156 425/201/156 427/203/156
f 428/204/157 426/202/157 427/203/157
f 428/204/157 427/203/157 429/205/157
f 430/206/158 428/204/158 429/205/158
f 430/206/158 429/205/158 431/207/158
f 432/208/159 430/206/159 431/207/159
f 432/208/159 431/207/159 433/209/159
f 434/210/160 432/208/160 433/209/160
f 434/210/160 433/209/160 435/211/160
f 436/212/161 434/210/161 435/211/161
f 436/212/161 435/211/161 437/213/161
f 438/214/162 436/212/162 437/213/162
f 438/214/162 437/213/162 439/215/162
f 440/216/163 438/214/163 439/215/163
f 440/216/163 439/215/163 441/217/163
f 442/218/164 440/216/164 441/217/164
f 442/218/164 441/217/164 443/219/164
f 444/220/165 442/218/165 443/219/165
f 444/220/165 443/219/165 445/221/165
f 446/222/166 444/220/166 445/221/166
f 446/222/166 445/221/166 447/223/166
f 448/224/167 446/222/167 447/223/167
f 448/224/167 447/223/167 449/225/167
f 450/226/168 448/224/168 449/225/168
f 450/226/168 449/225/168 451/227/168
f 452/228/169 450/226/169 451/227/169
f 452/228/169 451/227/169 453/229/169
f 454/230/170 452/228/170 453/229/170
f 454/230/171 453/229/171 455/231/171
f 456/232/172 454/230/172 455/231/172
f 456/232/172 455/231/172 457/233/172
f 458/234/173 456/232/173 457/233/173
f 458/234/173 457/233/173 459/235/173
f 415/191/174 458/234/174 459/235/174
f 415/191/174 459/235/174 416/192/174
f 277/76/175 460/236/175 461/237/175
f 277/76/175 461/237/175 276/75/175
f 460/236/176 462/238/176 463/239/176
f 460/236/176 463/239/176 461/237/176
f 462/238/177 464/240/177 465/241/177
f 462/238/177 465/241/177 463/239/177
f 464/240/178 466/242/178 467/243/178
f 464/240/178 467/243/178 465/241/178
f 466/242/179 275/74/179 274/73/179
f 466/242/179 274/73/179 467/243/179
f 275/74/180 468/244/181 469/245/181
f 275/74/180 469/245/181 274/73/180
f 468/244/182 470/246/182 471/247/182
f 468/244/182 471/247/182 469/245/182
f 470/246/183 472/248/183 473/249/183
f 470/246/183 473/249/183 471/247/183
f 472/248/184 474/250/184 475/251/184
f 472/248/184 475/251/184 473/249/184
f 474/250/185 476/252/185 477/253/185
f 474/250/185 477/253/185 475/251/185
f 476/252/186 273/72/187 271/70/186
f 476/252/186 271/70/186 477/253/186
f 273/72/188 478/254/189 479/255/189
f 273/72/188 479/255/189 271/70/188
f 478/254/190 480/256/190 481/257/190
f 478/254/190 481/257/190 479/255/190
f 480/256/191 482/258/191 483/259/191
f 480/256/191 483/259/191 481/257/191
f 482/258/192 484/260/192 485/261/192
f 482/258/192 485/261/192 483/259/192
f 484/260/193 486/262/193 487/263/193
f 484/260/193 487/263/193 485/261/193
f 486/262/194 279/78/194 278/77/194
f 486/262/194 278/77/194 487/263/194
f 279/78/195 488/264/195 489/265/195
f 279/78/195 489/265/195 278/77/195
f 488/264/196 490/266/196 491/267/196
f 488/264/196 491/267/196 489/265/196
f 490/266/197 492/268/197 493/269/197
f 490/266/198 493/269/198 491/267/198
f 492/268/199 494/270/199 495/271/199
f 492/268/199 495/271/199 493/269/199
f 494/270/200 496/272/200 497/273/200
f 494/270/200 497/273/200 495/271/200
f 496/272/201 277/76/201 276/75/201
f 496/272/201 276/75/201 497/273/201
f 498/274/120 499/275/120 500/276/120
f 498/274/120 500/276/120 501/277/120
f 502/278/121 503/279/121 504/280/121
f 502/278/121 504/280/121 505/281/121
f 506/282/122 507/283/122 508/284/122
f 506/282/122 508/284/122 509/285/122
f 501/277/123 500/276/123 510/284/123
f 501/277/123 510/284/123 511/285/123
f 505/281/202 504/280/203 512/286/202
f 505/281/202 512/286/202 513/287/202
f 513/287/204 512/286/205 514/288/205
f 513/287/204 514/288/205 515/289/204
f 509/285/128 508/284/128 516/276/128
f 509/285/128 516/276/128 517/277/128
f 511/285/129 510/284/129 518/283/129
f 511/285/129 518/283/129 519/282/129
f 515/289/130 514/288/130 520/290/130
f 515/289/130 520/290/130 521/291/130
f 517/277/206 516/276/207 522/292/206
f 517/277/206 522/292/206 523/274/206
f 524/293/133 525/294/133 526/295/133
f 524/293/133 526/295/133 527/296/133
f 521/291/134 520/290/134 528/297/134
f 521/291/134 528/297/134 529/298/134
f 523/274/208 522/292/208 530/299/208
f 523/274/209 530/299/209 531/300/209
f 527/296/210 526/295/211 532/301/212
f 527/296/210 532/301/212 533/302/210
f 534/303/139 535/304/139 536/305/139
f 534/303/139 536/305/139 537/306/139
f 531/300/140 530/299/140 538/305/140
f 531/300/140 538/305/140 539/306/140
f 533/302/213 532/301/214 540/307/215
f 533/302/213 540/307/215 541/308/213
f 537/306/216 536/305/217 542/309/217
f 537/306/216 542/309/217 543/300/216
f 539/306/145 538/305/145 544/304/145
f 539/306/145 544/304/145 545/303/145
f 541/308/146 540/307/146 546/310/146
f 541/308/146 546/310/146 547/311/146
f 543/300/218 542/309/218 499/275/218
f 543/300/219 499/275/219 498/274/219
f 548/312/149 549/313/149 503/279/149
f 548/312/149 503/279/149 502/278/149
f 547/311/150 546/310/150 550/314/150
f 547/311/150 550/314/150 551/315/150
f 552/316/89 553/317/89 554/318/89
f 552/316/89 554/318/89 555/319/89
f 556/320/90 557/321/90 558/322/90
f 556/320/90 558/322/90 559/323/90
f 560/324/91 561/325/91 562/326/91
f 560/324/91 562/326/91 563/327/91
f 553/317/92 564/325/92 565/326/92
f 553/317/92 565/326/92 554/318/92
f 557/321/220 566/328/220 567/329/220
f 557/321/221 567/329/221 558/322/221
f 566/328/222 568/330/222 569/331/222
f 566/328/223 569/331/223 567/329/223
f 561/325/97 570/317/97 571/318/97
f 561/325/97 571/318/97 562/326/97
f 564/325/98 572/324/98 573/327/98
f 564/325/98 573/327/98 565/326/98
f 568/330/99 574/332/99 575/333/99
f 568/330/99 575/333/99 569/331/99
f 570/317/224 576/316/224 577/334/224
f 570/317/225 577/334/225 571/318/225
f 578/335/102 579/336/102 580/337/102
f 578/335/102 580/337/102 581/338/102
f 574/332/103 582/339/103 583/340/103
f 574/332/103 583/340/103 575/333/103
f 576/316/226 584/341/226 585/342/226
f 576/316/227 585/342/227 577/334/227
f 579/336/228 586/343/228 587/344/228
f 579/336/229 587/344/229 580/337/229
f 588/345/108 589/346/108 590/347/108
f 588/345/108 590/347/108 591/348/108
f 584/341/109 592/346/109 593/347/109
f 584/341/109 593/347/109 585/342/109
f 586/343/230 594/349/230 595/350/230
f 586/343/230 595/350/230 587/344/230
f 589/346/231 596/341/231 597/351/231
f 589/346/232 597/351/232 590/347/232
f 592/346/114 598/345/114 599/348/114
f 592/346/114 599/348/114 593/347/114
f 594/349/115 600/352/115 601/353/115
f 594/349/115 601/353/115 595/350/115
f 596/341/233 552/316/233 555/319/233
f 596/341/234 555/319/234 597/351/234
f 602/354/118 556/320/118 559/323/118
f 602/354/118 559/323/118 603/355/118
f 600/352/119 604/356/119 605/357/119
f 600/352/119 605/357/119 601/353/119
f 606/358/235 607/359/235 608/360/235
f 606/358/235 608/360/235 609/361/235
f 610/362/236 611/363/236 607/359/236
f 610/362/236 607/359/236 606/358/236
f 612/364/237 613/365/237 611/363/237
f 612/364/237 611/363/237 610/362/237
f 614/366/238 615/367/238 613/365/238
f 614/366/238 613/365/238 612/364/238
f 616/368/239 617/369/239 615/367/239
f 616/368/239 615/367/239 614/366/239
f 618/370/240 619/371/240 617/369/240
f 618/370/240 617/369/240 616/368/240
f 620/372/241 621/373/241 619/371/241
f 620/372/241 619/371/241 618/370/241
f 622/374/242 623/375/242 621/373/242
f 622/374/242 621/373/242 620/372/242
f 624/376/243 625/377/243 623/375/243
f 624/376/243 623/375/243 622/374/243
f 626/378/244 627/379/244 625/377/244
f 626/378/244 625/377/244 624/376/244
f 628/380/245 629/381/245 627/379/245
f 628/380/245 627/379/245 626/378/245
f 630/382/246 631/383/246 629/381/246
f 630/382/246 629/381/246 628/380/246
f 632/384/247 633/385/247 631/383/247
f 632/384/247 631/383/247 630/382/247
f 634/386/248 635/387/248 633/385/248
f 634/386/248 633/385/248 632/384/248
f 636/388/249 637/389/249 635/387/249
f 636/388/249 635/387/249 634/386/249
f 638/390/250 639/391/250 637/389/250
f 638/390/250 637/389/250 636/388/250
f 640/392/251 641/393/251 639/391/251
f 640/392/251 639/391/251 638/390/251
f 642/394/252 643/395/252 641/393/252
f 642/394/252 641/393/252 640/392/252
f 644/396/253 645/397/253 643/395/253
f 644/396/253 643/395/253 642/394/253
f 646/398/254 647/399/254 645/397/254
f 646/398/254 645/397/254 644/396/254
f 648/400/255 649/401/255 647/399/255
f 648/400/255 647/399/255 646/398/255
f 650/402/256 651/403/256 649/401/256
f 650/402/256 649/401/256 648/400/256
f 609/361/257 608/360/257 651/403/257
f 609/361/257 651/403/257 650/402/257
f 284/83/258 285/84/258 652/404/259
f 284/83/258 652/404/259 653/405/258
f 653/405/260 652/404/260 654/406/260
f 653/405/260 654/406/260 655/407/260
f 655/407/261 654/406/261 656/408/261
f 655/407/261 656/408/261 657/409/261
f 657/409/262 656/408/262 658/410/262
f 657/409/262 658/410/262 659/411/262
f 659/411/263 658/410/263 282/81/263
f 659/411/263 282/81/263 283/82/263
f 283/82/264 282/81/264 660/412/264
f 283/82/264 660/412/264 661/413/264
f 661/413/265 660/412/265 662/414/265
f 661/413/265 662/414/265 663/415/265
f 663/415/266 662/414/266 664/416/266
f 663/415/266 664/416/266 665/417/266
f 665/417/267 664/416/267 666/418/267
f 665/417/267 666/418/267 667/419/267
f 667/419/268 666/418/268 668/420/268
f 667/419/268 668/420/268 669/421/268
f 669/421/269 668/420/269 280/79/269
f 669/421/269 280/79/269 281/80/269
f 281/80/270 280/79/270 670/422/270
f 281/80/270 670/422/270 671/423/270
f 671/423/271 670/422/271 672/424/271
f 671/423/271 672/424/271 673/425/271
f 673/425/272 672/424/272 674/426/272
f 673/425/273 674/426/273 675/427/273
f 675/427/274 674/426/274 676/428/274
f 675/427/274 676/428/274 677/429/274
f 677/429/275 676/428/275 678/430/275
f 677/429/275 678/430/275 679/431/275
f 679/431/276 678/430/276 286/85/276
f 679/431/276 286/85/276 287/86/277
f 287/86/278 286/85/278 680/432/278
f 287/86/278 680/432/278 681/433/278
f 681/433/279 680/432/279 682/434/279
f 681/433/279 682/434/279 683/435/279
f 683/435/280 682/434/280 684/436/280
f 683/435/280 684/436/280 685/437/280
f 685/437/281 684/436/281 686/438/281
f 685/437/281 686/438/281 687/439/281
f 687/439/282 686/438/282 688/440/282
f 687/439/282 688/440/282 689/441/282
f 689/441/283 688/440/283 285/84/283
f 689/441/283 285/84/283 284/83/284
# Vertices: 419, normals: 212, texture coordinates: 372, faces: 384

o obj4
v 4.99481831 0.11294503 -1.44266428
v 4.99268321 0.11294503 -1.42508007
v 5.02251852 0.13336399 -1.42507963
v 5.02378666 0.13336399 -1.43552378
v 5.14966151 0.09286797 -1.44566157
v 5.14230969 0.09286797 -1.46504669
v 5.13122088 0.11294503 -1.45922662
v 5.13750212 0.11294503 -1.44266435
v 5.00178805 0.09286797 -1.36805149
v 5.01730648 0.09286797 -1.35430338
v 5.02442055 0.11294503 -1.36460968
v 5.01116191 0.11294503 -1.3763558
v 5.01730641 0.09286797 -1.49585717
v 5.001788 0.09286797 -1.48210905
v 5.01116186 0.11294503 -1.47380437
v 5.0244205 0.11294503 -1.4855505
v 5.14230973 0.09286797 -1.38511398
v 5.14966153 0.09286797 -1.40449911
v 5.13750214 0.11294503 -1.40749594
v 5.13122091 0.11294503 -1.39093366
v 5.13053235 0.09286797 -1.48210911
v 5.12115854 0.11294503 -1.47380442
v 5.0356641 0.09286797 -1.34466857
v 5.04010495 0.11294503 -1.35637789
v 5.001788 0.09286797 -1.48210905
v 4.99001067 0.09286797 -1.46504662
v 5.00109955 0.11294503 -1.45922656
v 5.01116186 0.11294503 -1.47380437
v 5.15216053 0.09286797 -1.42508034
v 5.13963724 0.11294503 -1.42508014
v 5.13053235 0.09286797 -1.48210911
v 5.11501392 0.09286797 -1.49585722
v 5.1078999 0.11294503 -1.48555054
v 5.12115854 0.11294503 -1.47380442
v 5.05579405 0.09286797 -1.33970699
v 5.05730358 0.11294503 -1.35213881
v 4.98265887 0.09286797 -1.44566149
v 4.99481831 0.11294503 -1.44266428
v 5.0966563 0.09286797 -1.50549203
v 5.0922155 0.11294503 -1.49378233
v 5.07652644 0.09286797 -1.339707
v 5.07501694 0.11294503 -1.35213882
v 4.98015987 0.09286797 -1.42508026
v 4.99268321 0.11294503 -1.42508007
v 5.07652636 0.09286797 -1.51045361
v 5.07501687 0.11294503 -1.49802141
v 5.09665638 0.09286797 -1.3446686
v 5.09221557 0.11294503 -1.35637791
v 4.98265889 0.09286797 -1.40449903
v 4.99481833 0.11294503 -1.40749587
v 5.05579397 0.09286797 -1.5104536
v 5.05730352 0.11294503 -1.4980214
v 5.11501399 0.09286797 -1.35430343
v 5.10789996 0.11294503 -1.36460972
v 4.99001071 0.09286797 -1.38511391
v 5.00109958 0.11294503 -1.3909336
v 5.03566403 0.09286797 -1.505492
v 5.04010488 0.11294503 -1.49378231
v 5.1305324 0.09286797 -1.36805155
v 5.12115859 0.11294503 -1.37635585
v 5.00178805 0.09286797 -1.36805149
v 5.01116191 0.11294503 -1.3763558
v 5.1305324 0.09286797 -1.36805155
v 5.12115859 0.11294503 -1.37635585
v 5.02378666 0.13336399 -1.43552378
v 5.02251852 0.13336399 -1.42507963
v 5.04678193 0.24823128 -1.42508
v 5.04734502 0.24823128 -1.42971753
v 5.0922155 0.11294503 -1.49378233
v 5.07501687 0.11294503 -1.49802141
v 5.07142062 0.13336399 -1.46840316
v 5.08163576 0.13336399 -1.46588536
v 5.07501694 0.11294503 -1.35213882
v 5.09221557 0.11294503 -1.35637791
v 5.0816358 0.13336399 -1.38427396
v 5.07142066 0.13336399 -1.38175615
v 4.99481833 0.11294503 -1.40749587
v 5.02378667 0.13336399 -1.41463549
v 5.05730352 0.11294503 -1.4980214
v 5.06089977 0.13336399 -1.46840316
v 5.10789996 0.11294503 -1.36460972
v 5.09095154 0.13336399 -1.38916325
v 5.00109958 0.11294503 -1.3909336
v 5.02751742 0.13336399 -1.40479832
v 5.04010488 0.11294503 -1.49378231
v 5.05068464 0.13336399 -1.46588535
v 5.12115859 0.11294503 -1.37635585
v 5.09882651 0.13336399 -1.39613987
v 5.13963724 0.11294503 -1.42508014
v 5.13750212 0.11294503 -1.44266435
v 5.10853376 0.13336399 -1.43552382
v 5.10980191 0.13336399 -1.42507967
v 5.01116191 0.11294503 -1.3763558
v 5.03349395 0.13336399 -1.39613984
v 5.0244205 0.11294503 -1.4855505
v 5.04136889 0.13336399 -1.46099606
v 5.13122091 0.11294503 -1.39093366
v 5.10480303 0.13336399 -1.40479836
v 5.13122088 0.11294503 -1.45922662
v 5.10480301 0.13336399 -1.44536098
v 5.02442055 0.11294503 -1.36460968
v 5.04136892 0.13336399 -1.38916322
v 5.01116186 0.11294503 -1.47380437
v 5.03349392 0.13336399 -1.45401944
v 5.13750214 0.11294503 -1.40749594
v 5.10853377 0.13336399 -1.41463553
v 5.12115854 0.11294503 -1.47380442
v 5.09882648 0.13336399 -1.45401947
v 5.04010495 0.11294503 -1.35637789
v 5.05068468 0.13336399 -1.38427395
v 5.00109955 0.11294503 -1.45922656
v 5.0275174 0.13336399 -1.44536095
v 5.1078999 0.11294503 -1.48555054
v 5.09095151 0.13336399 -1.46099608
v 5.05730358 0.11294503 -1.35213881
v 5.06089981 0.13336399 -1.38175614
v 5.05928857 0.24823128 -1.44319902
v 5.05515208 0.24823128 -1.44102802
v 5.05623651 0.29455348 -1.43945705
v 5.05996549 0.29455348 -1.44141418
v 5.08163576 0.13336399 -1.46588536
v 5.07142062 0.13336399 -1.46840316
v 5.06849599 0.24823128 -1.44431701
v 5.07303183 0.24823128 -1.44319903
v 5.07142066 0.13336399 -1.38175615
v 5.0816358 0.13336399 -1.38427396
v 5.07303185 0.24823128 -1.406961
v 5.06849601 0.24823128 -1.40584302
v 5.02378667 0.13336399 -1.41463549
v 5.04734503 0.24823128 -1.42044248
v 5.06089977 0.13336399 -1.46840316
v 5.06382441 0.24823128 -1.44431701
v 5.09095154 0.13336399 -1.38916325
v 5.07716834 0.24823128 -1.409132
v 5.02751742 0.13336399 -1.40479832
v 5.0490016 0.24823128 -1.41607447
v 5.05068464 0.13336399 -1.46588535
v 5.09882651 0.13336399 -1.39613987
v 5.08066507 0.24823128 -1.41222984
v 5.10980191 0.13336399 -1.42507967
v 5.10853376 0.13336399 -1.43552382
v 5.08497539 0.24823128 -1.42971755
v 5.08553849 0.24823128 -1.42508002
v 5.03349395 0.13336399 -1.39613984
v 5.05165536 0.24823128 -1.41222983
v 5.04136889 0.13336399 -1.46099606
v 5.09882651 0.13336399 -1.39613987
v 5.10480303 0.13336399 -1.40479836
v 5.08331883 0.24823128 -1.41607448
v 5.08066507 0.24823128 -1.41222984
v 5.10480301 0.13336399 -1.44536098
v 5.08331882 0.24823128 -1.43408556
v 5.03349395 0.13336399 -1.39613984
v 5.04136892 0.13336399 -1.38916322
v 5.0551521 0.24823128 -1.40913199
v 5.05165536 0.24823128 -1.41222983
v 5.03349392 0.13336399 -1.45401944
v 5.05165535 0.24823128 -1.43793019
v 5.10853377 0.13336399 -1.41463553
v 5.08497539 0.24823128 -1.42044249
v 5.09882648 0.13336399 -1.45401947
v 5.08066506 0.24823128 -1.4379302
v 5.05068468 0.13336399 -1.38427395
v 5.05928858 0.24823128 -1.406961
v 5.03349392 0.13336399 -1.45401944
v 5.0275174 0.13336399 -1.44536095
v 5.04900159 0.24823128 -1.43408554
v 5.05165535 0.24823128 -1.43793019
v 5.09882648 0.13336399 -1.45401947
v 5.09095151 0.13336399 -1.46099608
v 5.07716832 0.24823128 -1.44102803
v 5.08066506 0.24823128 -1.4379302
v 5.06089981 0.13336399 -1.38175614
v 5.06382442 0.24823128 -1.40584302
v 5.07564214 0.32709731 -1.42274302
v 5.07592592 0.32709731 -1.42508011
v 5.07379778 0.33704602 -1.42508015
v 5.07357585 0.33704602 -1.42325236
v 5.08162843 0.29455348 -1.41696179
v 5.0792361 0.29455348 -1.4134959
v 5.08162842 0.29455348 -1.43319852
v 5.08312179 0.29455348 -1.42926082
v 5.05623652 0.29455348 -1.41070323
v 5.05308426 0.29455348 -1.41349589
v 5.05308425 0.29455348 -1.4366644
v 5.0831218 0.29455348 -1.42089949
v 5.07923609 0.29455348 -1.43666441
v 5.0599655 0.29455348 -1.40874611
v 5.05069192 0.29455348 -1.43319851
v 5.05308425 0.29455348 -1.4366644
v 5.08362942 0.29455348 -1.42508016
v 5.07608383 0.29455348 -1.43945706
v 5.07923609 0.29455348 -1.43666441
v 5.0640545 0.29455348 -1.40773827
v 5.04919855 0.29455348 -1.42926081
v 5.07235485 0.29455348 -1.44141418
v 5.06826587 0.29455348 -1.40773827
v 5.04869093 0.29455348 -1.42508014
v 5.06826585 0.29455348 -1.44242203
v 5.07235486 0.29455348 -1.40874612
v 5.04919856 0.29455348 -1.42089948
v 5.06405448 0.29455348 -1.44242203
v 5.07608385 0.29455348 -1.41070324
v 5.05069193 0.29455348 -1.41696178
v 5.0792361 0.29455348 -1.4134959
v 5.05308426 0.29455348 -1.41349589
v 5.08102691 0.30117093 -1.42874431
v 5.08147184 0.30117093 -1.42507999
v 5.07971798 0.30117093 -1.43219567
v 5.07762113 0.30117093 -1.43523348
v 5.0748582 0.30117093 -1.43768122
v 5.07762113 0.30117093 -1.43523348
v 5.07158978 0.30117093 -1.43939662
v 5.06800582 0.30117093 -1.44027998
v 5.06431459 0.30117093 -1.44027998
v 5.06073062 0.30117093 -1.43939661
v 5.0574622 0.30117093 -1.43768121
v 5.05469928 0.30117093 -1.43523347
v 5.05260243 0.30117093 -1.43219565
v 5.05469928 0.30117093 -1.43523347
v 5.0512935 0.30117093 -1.42874429
v 5.05084858 0.30117093 -1.42507998
v 5.0512935 0.30117093 -1.42141566
v 5.05260243 0.30117093 -1.41796431
v 5.05469929 0.30117093 -1.41492649
v 5.05746222 0.30117093 -1.41247875
v 5.05469929 0.30117093 -1.41492649
v 5.06073063 0.30117093 -1.41076335
v 5.0643146 0.30117093 -1.40987999
v 5.06800583 0.30117093 -1.40987999
v 5.0715898 0.30117093 -1.41076336
v 5.07485821 0.30117093 -1.41247876
v 5.07762114 0.30117093 -1.4149265
v 5.07971799 0.30117093 -1.41796432
v 5.07762114 0.30117093 -1.4149265
v 5.08102692 0.30117093 -1.42141568
v 5.07346994 0.32709731 -1.43155597
v 5.07170776 0.32709731 -1.43311713
v 5.07049884 0.33704602 -1.43136576
v 5.07187701 0.33704602 -1.4301448
v 5.06269724 0.32709731 -1.415949
v 5.06498308 0.32709731 -1.4153856
v 5.0652396 0.33704602 -1.41749826
v 5.06345189 0.33704602 -1.41793889
v 5.06962317 0.32709731 -1.4342112
v 5.06886852 0.33704602 -1.43222141
v 5.06733734 0.32709731 -1.4153856
v 5.06708082 0.33704602 -1.41749826
v 5.06733733 0.32709731 -1.43477461
v 5.06708081 0.33704602 -1.43266204
v 5.06962318 0.32709731 -1.41594901
v 5.06886853 0.33704602 -1.41793889
v 5.06498307 0.32709731 -1.43477461
v 5.06523959 0.33704602 -1.43266204
v 5.07170777 0.32709731 -1.41704308
v 5.07049885 0.33704602 -1.41879455
v 5.06269723 0.32709731 -1.4342112
v 5.06345188 0.33704602 -1.43222141
v 5.07346995 0.32709731 -1.41860424
v 5.07187702 0.33704602 -1.4200155
v 5.07564214 0.32709731 -1.42741719
v 5.07357585 0.33704602 -1.42690794
v 5.06061265 0.32709731 -1.43311712
v 5.06182156 0.33704602 -1.43136575
v 5.07346995 0.32709731 -1.41860424
v 5.07480731 0.32709731 -1.42054175
v 5.07292295 0.33704602 -1.42153079
v 5.07187702 0.33704602 -1.4200155
v 5.07480731 0.32709731 -1.42961846
v 5.07292294 0.33704602 -1.42862951
v 5.07346994 0.32709731 -1.43155597
v 5.07187701 0.33704602 -1.4301448
v 5.06061265 0.32709731 -1.41704308
v 5.06182157 0.33704602 -1.41879454
v 5.0575131 0.32709731 -1.42961845
v 5.05885046 0.32709731 -1.43155596
v 5.05885046 0.32709731 -1.43155596
v 5.05885047 0.32709731 -1.41860424
v 5.05885047 0.32709731 -1.41860424
v 5.0575131 0.32709731 -1.42054175
v 5.05667827 0.32709731 -1.42274301
v 5.0563945 0.32709731 -1.4250801
v 5.05667827 0.32709731 -1.42741719
v 5.0966563 0.09286797 -1.50549203
v 5.05579397 0.09286797 -1.5104536
v 5.07652636 0.09286797 -1.51045361
v 5.03566403 0.09286797 -1.505492
v 5.11501392 0.09286797 -1.49585722
v 5.01730641 0.09286797 -1.49585717
v 5.13053235 0.09286797 -1.48210911
v 5.001788 0.09286797 -1.48210905
v 5.14230969 0.09286797 -1.46504669
v 4.99001067 0.09286797 -1.46504662
v 5.14966151 0.09286797 -1.44566157
v 4.98265887 0.09286797 -1.44566149
v 5.15216053 0.09286797 -1.42508034
v 4.98015987 0.09286797 -1.42508026
v 5.14966153 0.09286797 -1.40449911
v 4.98265889 0.09286797 -1.40449903
v 5.14230973 0.09286797 -1.38511398
v 4.99001071 0.09286797 -1.38511391
v 5.1305324 0.09286797 -1.36805155
v 5.00178805 0.09286797 -1.36805149
v 5.11501399 0.09286797 -1.35430343
v 5.01730648 0.09286797 -1.35430338
v 5.09665638 0.09286797 -1.3446686
v 5.0356641 0.09286797 -1.34466857
v 5.07652644 0.09286797 -1.339707
v 5.05579405 0.09286797 -1.33970699
v 5.06523959 0.33704602 -1.43266204
v 5.06886852 0.33704602 -1.43222141
v 5.06708081 0.33704602 -1.43266204
v 5.06345188 0.33704602 -1.43222141
v 5.06182156 0.33704602 -1.43136575
v 5.07049884 0.33704602 -1.43136576
v 5.06044339 0.33704602 -1.4301448
v 5.07187701 0.33704602 -1.4301448
v 5.07292294 0.33704602 -1.42862951
v 5.05939746 0.33704602 -1.42862951
v 5.07357585 0.33704602 -1.42690794
v 5.05874456 0.33704602 -1.42690794
v 5.05852263 0.33704602 -1.42508015
v 5.07379778 0.33704602 -1.42508015
v 5.07357585 0.33704602 -1.42325236
v 5.05874456 0.33704602 -1.42325235
v 5.07292295 0.33704602 -1.42153079
v 5.05939747 0.33704602 -1.42153079
v 5.0604434 0.33704602 -1.42001549
v 5.07187702 0.33704602 -1.4200155
v 5.06182157 0.33704602 -1.41879454
v 5.07049885 0.33704602 -1.41879455
v 5.06345189 0.33704602 -1.41793889
v 5.06886853 0.33704602 -1.41793889
v 5.0652396 0.33704602 -1.41749826
v 5.06708082 0.33704602 -1.41749826
v 5.06182157 0.33704602 -1.41879454
v 5.06061265 0.32709731 -1.41704308
v 5.06061265 0.32709731 -1.43311712
v 5.06182156 0.33704602 -1.43136575
v 5.0604434 0.33704602 -1.42001549
v 5.05939747 0.33704602 -1.42153079
v 5.05874456 0.33704602 -1.42325235
v 5.05852263 0.33704602 -1.42508015
v 5.05874456 0.33704602 -1.42690794
v 5.05939746 0.33704602 -1.42862951
v 5.06044339 0.33704602 -1.4301448
vn -0.1745 -0.70811 0.6842
vn 0 -0.7293 0.6842
vn 0 -0.82199 0.5695
vn -0.1967 -0.79811 0.5695
vn -0.20311 0.82382 0.52921
vn -0.3943 0.75131 0.52921
vn -0.33889 0.64579 0.68419
vn -0.17461 0.70814 0.68414
vn 0.56269 -0.63509 0.52919
vn 0.6983 -0.482 0.5292
vn 0.60024 -0.41433 0.68414
vn 0.48371 -0.54591 0.68411
vn -0.6983 -0.482 0.5292
vn -0.56266 -0.63506 0.52926
vn -0.48371 -0.54591 0.68411
vn -0.6002 -0.4143 0.6842
vn 0.3943 0.75131 0.52921
vn 0.20311 0.82382 0.52921
vn 0.1745 0.7082 0.6841
vn 0.33892 0.64583 0.68413
vn -0.56259 0.63509 0.52929
vn -0.48363 0.54594 0.68414
vn 0.79333 -0.30091 0.52922
vn 0.682 -0.2586 0.6841
vn -0.56262 -0.63512 0.52922
vn -0.3943 -0.75131 0.52921
vn -0.33889 -0.64579 0.68419
vn -0.4836 -0.5459 0.6842
vn 0 0.8485 0.5292
vn 0 0.72935 0.68414
vn -0.56269 0.63509 0.52919
vn -0.6983 0.482 0.5292
vn -0.6002 0.4143 0.6842
vn -0.48371 0.54591 0.68411
vn 0.84231 -0.1023 0.5292
vn 0.72404 -0.0879 0.68414
vn -0.20311 -0.82382 0.52921
vn -0.79333 0.30091 0.52922
vn -0.6819 0.2586 0.6842
vn 0.84231 0.1023 0.5292
vn 0.72404 0.0879 0.68414
vn 0 -0.8485 0.5292
vn 0 -0.72935 0.68414
vn -0.84231 0.1023 0.5292
vn -0.72399 0.0879 0.68419
vn 0.79333 0.30091 0.52922
vn 0.68195 0.25862 0.68415
vn 0.20311 -0.82382 0.52921
vn 0.17461 -0.70814 0.68414
vn -0.84231 -0.1023 0.5292
vn -0.72399 -0.0879 0.68419
vn 0.6983 0.482 0.5292
vn 0.60024 0.41433 0.68414
vn 0.3943 -0.75131 0.52921
vn 0.339 -0.64581 0.68411
vn -0.79333 -0.30091 0.52922
vn -0.6819 -0.2586 0.6842
vn 0.56269 0.63509 0.52919
vn 0.48363 0.54594 0.68414
vn 0.56262 -0.63512 0.52922
vn 0.48361 -0.54601 0.68411
vn 0.56262 0.63512 0.52922
vn -0.1967 -0.79819 0.56939
vn 0 -0.82207 0.56938
vn 0 -0.99213 0.1252
vn -0.2374 -0.96331 0.1252
vn -0.816 0.0991 0.5695
vn -0.76858 0.29149 0.56949
vn 0.72399 0.0879 0.68419
vn 0.6819 0.2586 0.6842
vn 0.76858 0.29149 0.56949
vn 0.816 0.0991 0.5695
vn 0.1745 -0.70811 0.6842
vn 0.1967 -0.79811 0.5695
vn -0.816 -0.0991 0.5695
vn 0.6002 0.4143 0.6842
vn 0.67651 0.46691 0.56951
vn 0.33892 -0.64573 0.68423
vn 0.38198 -0.72787 0.56947
vn -0.76858 -0.29149 0.56949
vn 0.4836 0.5459 0.6842
vn 0.54508 0.61528 0.56948
vn 0 0.7293 0.6842
vn -0.1745 0.70811 0.6842
vn -0.1967 0.79811 0.5695
vn 0 0.82199 0.5695
vn 0.4836 -0.5459 0.6842
vn 0.54508 -0.61528 0.56948
vn -0.67651 -0.46691 0.56951
vn 0.33889 0.64579 0.68419
vn 0.38201 0.72782 0.56952
vn -0.33892 0.64573 0.68423
vn -0.38198 0.72787 0.56947
vn 0.6002 -0.4143 0.6842
vn 0.67648 -0.46698 0.56948
vn -0.54508 -0.61528 0.56948
vn 0.1745 0.70811 0.6842
vn 0.1967 0.79811 0.5695
vn -0.4836 0.5459 0.6842
vn -0.54508 0.61528 0.56948
vn 0.6819 -0.2586 0.6842
vn 0.76858 -0.29149 0.56949
vn -0.38201 -0.72782 0.56952
vn -0.67648 0.46698 0.56948
vn 0.72399 -0.0879 0.68419
vn 0.816 -0.0991 0.5695
vn -0.92767 -0.35179 0.1252
vn -0.8165 -0.5636 0.1252
vn -0.81018 -0.55929 0.1755
vn -0.9205 -0.3491 0.1755
vn -0.9849 0.1196 0.1252
vn -0.92767 0.35179 0.1252
vn 0.81608 0.0991 0.56938
vn 0.76863 0.29151 0.56942
vn 0.92767 0.35179 0.1252
vn 0.9849 0.1196 0.1252
vn 0.1967 -0.79819 0.56939
vn 0.2374 -0.96331 0.1252
vn -0.9849 -0.1196 0.1252
vn 0.67651 0.46701 0.56941
vn 0.8165 0.5636 0.1252
vn 0.382 -0.72791 0.56941
vn 0.46109 -0.87848 0.1252
vn 0.54512 0.61532 0.56942
vn 0.65791 0.74261 0.1252
vn 0 0.82207 0.56938
vn -0.1967 0.79819 0.56939
vn -0.2374 0.96331 0.1252
vn 0 0.99213 0.1252
vn 0.54512 -0.61532 0.56942
vn 0.65792 -0.74262 0.1251
vn 0.382 0.72791 0.56941
vn 0.46109 0.87848 0.1252
vn 0.65786 0.74266 0.12519
vn -0.382 0.72791 0.56941
vn -0.46109 0.87848 0.1252
vn 0.67651 -0.46701 0.56941
vn 0.8165 -0.5636 0.1252
vn 0.65791 -0.74261 0.1252
vn -0.54519 -0.61528 0.56938
vn -0.65792 -0.74262 0.1251
vn 0.19679 0.79817 0.56938
vn 0.2374 0.96331 0.1252
vn -0.54512 0.61532 0.56942
vn -0.65792 0.74262 0.1251
vn 0.76863 -0.29151 0.56942
vn 0.92767 -0.35179 0.1252
vn -0.54512 -0.61532 0.56942
vn -0.382 -0.72791 0.56941
vn -0.46109 -0.87848 0.1252
vn -0.65786 -0.74266 0.12519
vn -0.8165 0.5636 0.1252
vn -0.65791 0.74261 0.1252
vn 0.81608 -0.0991 0.56938
vn 0.9849 -0.1196 0.1252
vn 0.23399 0.94947 0.20919
vn 0 0.97787 0.20919
vn 0.45752 0.87173 0.17541
vn 0.65282 0.73692 0.17541
vn -0.45752 0.87173 0.17541
vn -0.2356 0.95589 0.1754
vn 0.8102 -0.5593 0.1754
vn 0.65282 -0.73692 0.17541
vn -0.65282 -0.73692 0.17541
vn 0.2356 0.95589 0.1754
vn -0.65281 0.73691 0.1755
vn 0.92052 -0.34911 0.1754
vn -0.45752 -0.87173 0.17541
vn 0 0.9845 0.1754
vn -0.8102 0.5593 0.1754
vn -0.65282 0.73692 0.17541
vn 0.97731 -0.1187 0.1754
vn -0.2356 -0.95589 0.1754
vn -0.92052 0.34911 0.1754
vn 0.97731 0.1187 0.1754
vn 0 -0.9845 0.1754
vn -0.9773 0.1187 0.1755
vn 0.92052 0.34911 0.1754
vn 0.2356 -0.95589 0.1754
vn -0.9773 -0.1187 0.1755
vn 0.8102 0.5593 0.1754
vn 0.45752 -0.87173 0.17541
vn 0.65288 0.73688 0.17539
vn -0.231 0.93732 0.26091
vn 0 0.96537 0.26089
vn -0.44859 0.85478 0.26099
vn -0.6401 0.7226 0.261
vn -0.79446 0.54837 0.26099
vn -0.64021 0.72251 0.261
vn -0.90261 0.3423 0.261
vn -0.9583 0.1164 0.261
vn -0.9583 -0.1164 0.261
vn -0.90261 -0.3423 0.261
vn -0.79446 -0.54837 0.26099
vn -0.64016 -0.72255 0.26098
vn -0.44859 -0.85478 0.26099
vn -0.6401 -0.7226 0.261
vn -0.231 -0.93729 0.261
vn 0 -0.96534 0.26098
vn 0.231 -0.93732 0.26091
vn 0.4486 -0.8548 0.2609
vn 0.64012 -0.72262 0.26091
vn 0.79448 -0.54839 0.26089
vn 0.64022 -0.72252 0.26091
vn 0.90263 -0.34231 0.26091
vn 0.95832 -0.1164 0.26091
vn 0.95832 0.1164 0.26091
vn 0.90263 0.34231 0.26091
vn 0.79448 0.54839 0.26089
vn 0.64018 0.72257 0.26089
vn 0.4486 0.8548 0.2609
vn 0.64012 0.72262 0.26091
vn 0.231 0.93732 0.26091
vn -0.6485 0.7319 0.2092
vn -0.80478 0.55549 0.20919
vn 0.91431 -0.3468 0.2092
vn 0.97074 -0.1179 0.20921
vn -0.91431 0.3468 0.2092
vn 0.97074 0.1179 0.20921
vn -0.97074 0.1179 0.20921
vn 0.91431 0.3468 0.2092
vn -0.97074 -0.1179 0.20921
vn 0.80478 0.55549 0.20919
vn -0.91431 -0.3468 0.2092
vn 0.6485 0.7319 0.2092
vn -0.23399 0.94947 0.20919
vn -0.68041 -0.69331 0.2374
vn -0.30781 -0.50651 0.80542
vn 0.6484 0.732 0.2092
vn 0.45439 0.86589 0.2092
vn -0.45439 0.86589 0.2092
vn -0.6484 0.732 0.2092
vn 0.68046 -0.69326 0.23739
vn 0.30781 -0.50651 0.80542
vn -0.45439 -0.86589 0.2092
vn -0.6484 -0.732 0.2092
vn -0.6485 -0.7319 0.2092
vn 0.6485 -0.7319 0.2092
vn 0.6484 -0.732 0.2092
vn 0.45439 -0.86589 0.2092
vn 0.23399 -0.94947 0.20919
vn 0 -0.97787 0.20919
vn -0.23399 -0.94947 0.20919
vn 0 0 -1
vn 0 0 1
vn 0 -0.61591 0.78782
vn -0.0001 -0.61591 0.78782
vn 0.3079 -0.5065 0.80539
vn 0 -0.97042 0.24141
vn 0.68041 -0.69331 0.2374
vn 0 -0.9704 0.2415
vn -0.30778 -0.50647 0.80545
vn 0 -0.6158 0.7879
vn 0.0001 -0.6158 0.7879
vn 0 -0.61586 0.78785
vt 0.71578 0.50009
vt 0.71769 0.50032
vt 0.71769 0.4971
vt 0.71655 0.49697
vt 0.71546 0.50706
vt 0.71336 0.50706
vt 0.71399 0.50489
vt 0.71578 0.50489
vt 0.71068 0.50706
vt 0.71236 0.50706
vt 0.71313 0.50489
vt 0.7117 0.50489
vt 0.72202 0.50706
vt 0.71992 0.50706
vt 0.71959 0.50489
vt 0.72138 0.50489
vt 0.71151 0.50706
vt 0.71241 0.50489
vt 0.71435 0.50706
vt 0.71483 0.50489
vt 0.71769 0.50706
vt 0.71769 0.50489
vt 0.72463 0.50706
vt 0.72295 0.50706
vt 0.72218 0.50489
vt 0.72361 0.50489
vt 0.71653 0.50706
vt 0.71669 0.50489
vt 0.72096 0.50706
vt 0.72048 0.50489
vt 0.71878 0.50706
vt 0.71861 0.50489
vt 0.72386 0.50706
vt 0.72296 0.50489
vt 0.71655 0.50269
vt 0.71769 0.50269
vt 0.71769 0.4903
vt 0.71718 0.4903
vt 0.71024 0.48958
vt 0.70978 0.49144
vt 0.71299 0.49183
vt 0.71327 0.49072
vt 0.72559 0.49144
vt 0.72513 0.48958
vt 0.72211 0.49072
vt 0.72238 0.49183
vt 0.71959 0.50009
vt 0.71882 0.49697
vt 0.70978 0.49335
vt 0.71299 0.49296
vt 0.72424 0.48789
vt 0.72158 0.48972
vt 0.72138 0.49941
vt 0.71988 0.49656
vt 0.71024 0.4952
vt 0.71327 0.49406
vt 0.72296 0.48646
vt 0.72082 0.48887
vt 0.71769 0.48447
vt 0.71578 0.4847
vt 0.71655 0.48782
vt 0.71769 0.48769
vt 0.72296 0.49833
vt 0.72082 0.49592
vt 0.71114 0.4969
vt 0.7138 0.49507
vt 0.72138 0.48537
vt 0.71988 0.48822
vt 0.71399 0.48537
vt 0.71549 0.48822
vt 0.72424 0.4969
vt 0.72158 0.49507
vt 0.71241 0.49833
vt 0.71455 0.49592
vt 0.71959 0.4847
vt 0.71882 0.48782
vt 0.71241 0.48646
vt 0.71455 0.48887
vt 0.72513 0.4952
vt 0.72211 0.49406
vt 0.71399 0.49941
vt 0.71549 0.49656
vt 0.71114 0.48789
vt 0.7138 0.48972
vt 0.72559 0.49335
vt 0.72238 0.49296
vt 0.71691 0.4903
vt 0.71646 0.4903
vt 0.71658 0.4853
vt 0.71698 0.4853
vt 0.71933 0.50269
vt 0.71822 0.50269
vt 0.71791 0.4903
vt 0.7184 0.4903
vt 0.71882 0.50269
vt 0.71819 0.4903
vt 0.71708 0.50269
vt 0.7174 0.4903
vt 0.72034 0.50269
vt 0.71885 0.4903
vt 0.71988 0.50269
vt 0.71866 0.4903
vt 0.71598 0.50269
vt 0.72119 0.50269
vt 0.71923 0.4903
vt 0.72082 0.50269
vt 0.71908 0.4903
vt 0.71497 0.50269
vt 0.71549 0.50269
vt 0.71671 0.4903
vt 0.71412 0.50269
vt 0.71608 0.4903
vt 0.71455 0.50269
vt 0.71629 0.4903
vt 0.71794 0.48179
vt 0.71769 0.48179
vt 0.71769 0.48071
vt 0.71788 0.48071
vt 0.71857 0.4853
vt 0.71894 0.4853
vt 0.71681 0.4853
vt 0.71723 0.4853
vt 0.71624 0.4853
vt 0.71814 0.4853
vt 0.71643 0.4853
vt 0.71769 0.4853
vt 0.71873 0.4853
vt 0.71907 0.4853
vt 0.71743 0.4853
vt 0.71833 0.4853
vt 0.71788 0.4853
vt 0.71729 0.48458
vt 0.71769 0.48458
vt 0.71692 0.48458
vt 0.71659 0.48458
vt 0.7186 0.48458
vt 0.7189 0.48458
vt 0.71824 0.48458
vt 0.71785 0.48458
vt 0.71745 0.48458
vt 0.71707 0.48458
vt 0.71671 0.48458
vt 0.71641 0.48458
vt 0.71808 0.48458
vt 0.71846 0.48458
vt 0.71879 0.48458
vt 0.71845 0.48179
vt 0.71826 0.48179
vt 0.71812 0.48071
vt 0.71827 0.48071
vt 0.71728 0.48179
vt 0.71753 0.48179
vt 0.71755 0.48071
vt 0.71736 0.48071
vt 0.71803 0.48179
vt 0.71795 0.48071
vt 0.71778 0.48179
vt 0.71775 0.48071
vt 0.71743 0.48179
vt 0.71749 0.48071
vt 0.71705 0.48179
vt 0.71718 0.48071
vt 0.71839 0.48179
vt 0.71818 0.48179
vt 0.71807 0.48071
vt 0.71823 0.48071
vt 0.71719 0.48179
vt 0.7173 0.48071
vt 0.71698 0.48179
vt 0.71714 0.48071
vt 0.71686 0.48179
vt 0.70898 0.4891
vt 0.70844 0.49351
vt 0.70844 0.49128
vt 0.70898 0.49568
vt 0.71002 0.48712
vt 0.71002 0.49766
vt 0.71151 0.48545
vt 0.71151 0.49934
vt 0.71336 0.48418
vt 0.71336 0.50061
vt 0.71546 0.48339
vt 0.71546 0.5014
vt 0.71769 0.48312
vt 0.71769 0.50167
vt 0.71992 0.48339
vt 0.71992 0.5014
vt 0.72202 0.48418
vt 0.72202 0.50061
vt 0.72386 0.48545
vt 0.72386 0.49934
vt 0.72535 0.48712
vt 0.72535 0.49766
vt 0.7264 0.4891
vt 0.7264 0.49568
vt 0.72693 0.49128
vt 0.72693 0.49351
vt 0.71686 0.49249
vt 0.71691 0.4921
vt 0.71686 0.49229
vt 0.71691 0.49269
vt 0.71701 0.49286
vt 0.71701 0.49193
vt 0.71714 0.49301
vt 0.71714 0.49178
vt 0.7173 0.49166
vt 0.7173 0.49312
vt 0.71749 0.49159
vt 0.71749 0.49319
vt 0.71769 0.49322
vt 0.71769 0.49157
vt 0.71788 0.49159
vt 0.71788 0.49319
vt 0.71807 0.49166
vt 0.71807 0.49312
vt 0.71823 0.49301
vt 0.71823 0.49178
vt 0.71837 0.49286
vt 0.71837 0.49193
vt 0.71846 0.49269
vt 0.71846 0.4921
vt 0.71851 0.49249
vt 0.71851 0.49229
vt 0.71837 0.48071
vt 0.71856 0.48179
vt 0.71682 0.48179
vt 0.71701 0.48071
usemtl mat3
f 690/442/285 691/443/286 692/444/287
f 690/442/285 692/444/287 693/445/288
f 694/446/289 695/447/290 696/448/291
f 694/446/289 696/448/291 697/449/292
f 698/450/293 699/451/294 700/452/295
f 698/450/293 700/452/295 701/453/296
f 702/451/297 703/450/298 704/453/299
f 702/451/297 704/453/299 705/452/300
f 706/454/301 707/455/302 708/456/303
f 706/454/301 708/456/303 709/457/304
f 695/447/290 710/458/305 711/459/306
f 695/447/290 711/459/306 696/448/291
f 699/451/294 712/460/307 713/461/308
f 699/451/294 713/461/308 700/452/295
f 714/458/309 715/447/310 716/448/311
f 714/458/309 716/448/311 717/459/312
f 707/455/302 718/462/313 719/463/314
f 707/455/302 719/463/314 708/456/303
f 720/464/315 721/465/316 722/466/317
f 720/464/315 722/466/317 723/467/318
f 712/460/307 724/468/319 725/469/320
f 712/460/307 725/469/320 713/461/308
f 715/447/310 726/446/321 727/449/285
f 715/447/310 727/449/285 716/448/311
f 721/465/316 728/470/322 729/471/323
f 721/465/316 729/471/323 722/466/317
f 724/468/319 730/472/324 731/473/325
f 724/468/319 731/473/325 725/469/320
f 726/446/321 732/462/326 733/463/327
f 726/446/321 733/463/327 727/449/285
f 728/470/322 734/472/328 735/473/329
f 728/470/322 735/473/329 729/471/323
f 730/472/324 736/470/330 737/471/331
f 730/472/324 737/471/331 731/473/325
f 732/462/326 738/455/332 739/456/333
f 732/462/326 739/456/333 733/463/327
f 734/472/328 740/468/334 741/469/335
f 734/472/328 741/469/335 735/473/329
f 736/470/330 742/465/336 743/466/337
f 736/470/330 743/466/337 737/471/331
f 738/455/332 744/454/338 745/457/339
f 738/455/332 745/457/339 739/456/333
f 740/468/334 746/460/340 747/461/341
f 740/468/334 747/461/341 741/469/335
f 742/465/336 748/464/342 749/467/343
f 742/465/336 749/467/343 743/466/337
f 718/462/313 694/446/289 697/449/292
f 718/462/313 697/449/292 719/463/314
f 744/454/338 750/474/344 751/475/345
f 744/454/338 751/475/345 745/457/339
f 746/460/340 702/451/297 705/452/300
f 746/460/340 705/452/300 747/461/341
f 752/474/346 706/454/301 709/457/304
f 752/474/346 709/457/304 753/475/343
f 754/476/347 755/477/348 756/478/349
f 754/476/347 756/478/349 757/479/350
f 758/480/323 759/481/329 760/482/351
f 758/480/323 760/482/351 761/483/352
f 762/484/353 763/485/354 764/486/355
f 762/484/353 764/486/355 765/487/356
f 691/443/286 766/488/357 767/489/358
f 691/443/286 767/489/358 692/444/287
f 759/481/329 768/490/335 769/491/359
f 759/481/329 769/491/359 760/482/351
f 763/485/354 770/492/360 771/493/361
f 763/485/354 771/493/361 764/486/355
f 766/488/357 772/494/362 773/495/363
f 766/488/357 773/495/363 767/489/358
f 768/490/335 774/496/341 775/497/364
f 768/490/335 775/497/364 769/491/359
f 770/492/360 776/498/365 777/499/366
f 770/492/360 777/499/366 771/493/361
f 778/500/367 779/501/368 780/502/369
f 778/500/367 780/502/369 781/503/370
f 772/494/362 782/504/371 783/505/372
f 772/494/362 783/505/372 773/495/363
f 774/496/341 784/506/300 785/507/373
f 774/496/341 785/507/373 775/497/364
f 776/498/365 786/508/374 787/509/375
f 776/498/365 787/509/375 777/499/366
f 779/501/368 788/510/376 789/511/377
f 779/501/368 789/511/377 780/502/369
f 782/504/371 790/512/378 791/513/379
f 782/504/371 791/513/379 783/505/372
f 784/506/300 792/514/312 793/515/380
f 784/506/300 793/515/380 785/507/373
f 786/508/374 794/516/381 795/517/382
f 786/508/374 795/517/382 787/509/375
f 788/510/376 796/518/383 797/519/384
f 788/510/376 797/519/384 789/511/377
f 790/512/378 798/520/385 799/521/386
f 790/512/378 799/521/386 791/513/379
f 792/514/312 800/522/311 801/523/387
f 792/514/312 801/523/387 793/515/380
f 794/516/381 778/500/367 781/503/370
f 794/516/381 781/503/370 795/517/382
f 796/518/383 802/524/317 803/525/388
f 796/518/383 803/525/388 797/519/384
f 798/520/385 804/526/389 805/527/390
f 798/520/385 805/527/390 799/521/386
f 800/522/311 690/442/285 693/445/288
f 800/522/311 693/445/288 801/523/387
f 802/524/317 758/480/323 761/483/352
f 802/524/317 761/483/352 803/525/388
f 804/526/389 762/484/353 765/487/356
f 804/526/389 765/487/356 805/527/390
f 806/528/391 807/529/392 808/530/393
f 806/528/391 808/530/393 809/531/394
f 810/532/352 811/533/351 812/534/395
f 810/532/352 812/534/395 813/535/396
f 814/533/397 815/532/398 816/535/399
f 814/533/397 816/535/399 817/534/400
f 755/477/348 818/536/401 819/537/402
f 755/477/348 819/537/402 756/478/349
f 811/533/351 820/538/359 821/539/403
f 811/533/351 821/539/403 812/534/395
f 815/532/398 822/540/404 823/541/405
f 815/532/398 823/541/405 816/535/399
f 818/536/401 824/542/406 825/543/407
f 818/536/401 825/543/407 819/537/402
f 820/538/359 826/544/364 806/528/391
f 820/538/359 806/528/391 821/539/403
f 822/540/404 827/545/408 828/546/409
f 822/540/404 828/546/409 823/541/405
f 829/477/410 830/476/411 831/479/412
f 829/477/410 831/479/412 832/478/413
f 824/542/406 833/547/414 834/548/415
f 824/542/406 834/548/415 825/543/407
f 826/544/364 835/549/373 807/529/392
f 826/544/364 807/529/392 806/528/391
f 836/547/408 837/542/416 838/543/417
f 836/547/408 838/543/417 839/548/418
f 830/476/411 840/550/419 841/551/420
f 830/476/411 841/551/420 831/479/412
f 842/552/414 843/549/421 844/529/422
f 842/552/414 844/529/422 845/553/423
f 835/549/373 846/552/424 847/553/425
f 835/549/373 847/553/425 807/529/392
f 837/542/416 848/536/426 849/537/427
f 837/542/416 849/537/427 838/543/417
f 840/550/419 850/554/428 851/555/429
f 840/550/419 851/555/429 841/551/420
f 843/549/421 852/544/430 853/528/431
f 843/549/421 853/528/431 844/529/422
f 854/554/432 855/550/433 856/551/434
f 854/554/432 856/551/434 857/555/435
f 848/536/426 829/477/410 832/478/413
f 848/536/426 832/478/413 849/537/427
f 858/545/428 859/540/388 860/541/436
f 858/545/428 860/541/436 861/546/437
f 852/544/430 862/538/438 863/539/439
f 852/544/430 863/539/439 853/528/431
f 855/550/433 754/476/347 757/479/350
f 855/550/433 757/479/350 856/551/434
f 859/540/388 810/532/352 813/535/396
f 859/540/388 813/535/396 860/541/436
f 862/538/438 814/533/397 817/534/400
f 862/538/438 817/534/400 863/539/439
f 864/556/440 865/557/441 866/558/441
f 864/556/440 866/558/441 867/559/440
f 839/548/418 838/543/417 868/560/442
f 839/548/418 868/560/442 869/561/443
f 831/479/412 841/551/420 870/562/444
f 831/479/412 870/562/444 871/563/445
f 845/553/423 844/529/422 872/530/446
f 845/553/423 872/530/446 873/564/447
f 807/529/392 847/553/425 874/564/448
f 807/529/392 874/564/448 808/530/393
f 838/543/417 849/537/427 875/565/449
f 838/543/417 875/565/449 868/560/442
f 841/551/420 851/555/429 876/566/450
f 841/551/420 876/566/450 870/562/444
f 844/529/422 853/528/431 877/531/451
f 844/529/422 877/531/451 872/530/446
f 857/555/435 856/551/434 878/562/452
f 857/555/435 878/562/452 879/566/448
f 849/537/427 832/478/413 880/567/453
f 849/537/427 880/567/453 875/565/449
f 861/546/437 860/541/436 881/568/454
f 861/546/437 881/568/454 882/569/455
f 853/528/431 863/539/439 883/570/456
f 853/528/431 883/570/456 877/531/451
f 856/551/434 757/479/350 884/563/457
f 856/551/434 884/563/457 878/562/452
f 860/541/436 813/535/396 885/571/458
f 860/541/436 885/571/458 881/568/454
f 863/539/439 817/534/400 886/572/459
f 863/539/439 886/572/459 883/570/456
f 757/479/350 756/478/349 887/567/460
f 757/479/350 887/567/460 884/563/457
f 813/535/396 812/534/395 888/572/461
f 813/535/396 888/572/461 885/571/458
f 817/534/400 816/535/399 889/571/462
f 817/534/400 889/571/462 886/572/459
f 756/478/349 819/537/402 890/565/463
f 756/478/349 890/565/463 887/567/460
f 812/534/395 821/539/403 891/570/464
f 812/534/395 891/570/464 888/572/461
f 816/535/399 823/541/405 892/568/465
f 816/535/399 892/568/465 889/571/462
f 819/537/402 825/543/407 893/560/466
f 819/537/402 893/560/466 890/565/463
f 821/539/403 806/528/391 809/531/394
f 821/539/403 809/531/394 891/570/464
f 823/541/405 828/546/409 894/569/467
f 823/541/405 894/569/467 892/568/465
f 832/478/413 831/479/412 871/563/445
f 832/478/413 871/563/445 880/567/453
f 825/543/407 834/548/415 895/561/447
f 825/543/407 895/561/447 893/560/466
f 896/573/468 897/574/469 880/567/453
f 896/573/468 880/567/453 871/563/445
f 898/575/470 896/573/468 871/563/445
f 898/575/470 871/563/445 870/562/444
f 899/576/471 898/575/470 870/562/444
f 899/576/471 870/562/444 876/566/450
f 900/577/472 901/578/473 882/569/455
f 900/577/472 882/569/455 881/568/454
f 902/579/474 900/577/472 881/568/454
f 902/579/474 881/568/454 885/571/458
f 903/580/475 902/579/474 885/571/458
f 903/580/475 885/571/458 888/572/461
f 904/581/476 903/580/475 888/572/461
f 904/581/476 888/572/461 891/570/464
f 905/582/477 904/581/476 891/570/464
f 905/582/477 891/570/464 809/531/394
f 906/583/478 905/582/477 809/531/394
f 906/583/478 809/531/394 808/530/393
f 907/584/479 906/583/478 808/530/393
f 907/584/479 808/530/393 874/564/448
f 908/575/480 909/576/481 879/566/448
f 908/575/480 879/566/448 878/562/452
f 910/573/482 908/575/480 878/562/452
f 910/573/482 878/562/452 884/563/457
f 911/574/483 910/573/482 884/563/457
f 911/574/483 884/563/457 887/567/460
f 912/585/484 911/574/483 887/567/460
f 912/585/484 887/567/460 890/565/463
f 913/586/485 912/585/484 890/565/463
f 913/586/485 890/565/463 893/560/466
f 914/587/486 913/586/485 893/560/466
f 914/587/486 893/560/466 895/561/447
f 915/583/487 916/584/488 873/564/447
f 915/583/487 873/564/447 872/530/446
f 917/582/489 915/583/487 872/530/446
f 917/582/489 872/530/446 877/531/451
f 918/581/490 917/582/489 877/531/451
f 918/581/490 877/531/451 883/570/456
f 919/580/491 918/581/490 883/570/456
f 919/580/491 883/570/456 886/572/459
f 920/579/492 919/580/491 886/572/459
f 920/579/492 886/572/459 889/571/462
f 921/577/493 920/579/492 889/571/462
f 921/577/493 889/571/462 892/568/465
f 922/578/494 921/577/493 892/568/465
f 922/578/494 892/568/465 894/569/467
f 923/586/495 924/587/496 869/561/443
f 923/586/495 869/561/443 868/560/442
f 925/585/497 923/586/495 868/560/442
f 925/585/497 868/560/442 875/565/449
f 897/574/469 925/585/497 875/565/449
f 897/574/469 875/565/449 880/567/453
f 926/588/498 927/589/499 928/590/499
f 926/588/498 928/590/499 929/591/498
f 930/592/500 931/593/501 932/594/501
f 930/592/500 932/594/501 933/595/500
f 927/589/499 934/596/502 935/597/502
f 927/589/499 935/597/502 928/590/499
f 931/593/501 936/598/503 937/599/503
f 931/593/501 937/599/503 932/594/501
f 934/596/502 938/598/504 939/599/504
f 934/596/502 939/599/504 935/597/502
f 936/598/503 940/596/505 941/597/505
f 936/598/503 941/597/505 937/599/503
f 938/598/504 942/593/506 943/594/506
f 938/598/504 943/594/506 939/599/504
f 940/596/505 944/589/507 945/590/507
f 940/596/505 945/590/507 941/597/505
f 942/593/506 946/592/508 947/595/508
f 942/593/506 947/595/508 943/594/506
f 944/589/507 948/588/509 949/591/509
f 944/589/507 949/591/509 945/590/507
f 865/557/441 950/600/510 951/601/510
f 865/557/441 951/601/510 866/558/441
f 946/592/508 952/602/511 953/603/512
f 946/592/508 953/603/512 947/595/508
f 954/604/513 955/605/514 956/606/514
f 954/604/513 956/606/514 957/607/513
f 950/600/510 958/608/515 959/609/515
f 950/600/510 959/609/515 951/601/510
f 955/605/514 864/556/440 867/559/440
f 955/605/514 867/559/440 956/606/514
f 958/608/515 960/610/516 961/611/516
f 958/608/515 961/611/516 959/609/515
f 962/602/517 930/592/500 933/595/500
f 962/602/517 933/595/500 963/603/518
f 909/576/481 908/575/480 964/608/519
f 909/576/481 964/608/519 965/610/520
f 915/583/487 917/582/489 930/592/500
f 915/583/487 930/592/500 962/602/517
f 898/575/470 899/576/471 960/610/516
f 898/575/470 960/610/516 958/608/515
f 923/586/495 925/585/497 864/556/440
f 923/586/495 864/556/440 955/605/514
f 906/583/478 907/584/479 966/612/521
f 906/583/478 966/612/521 952/602/511
f 916/584/488 915/583/487 962/602/517
f 916/584/488 962/602/517 967/612/522
f 896/573/468 898/575/470 958/608/515
f 896/573/468 958/608/515 950/600/510
f 924/587/496 923/586/495 955/605/514
f 924/587/496 955/605/514 954/604/513
f 905/582/477 906/583/478 952/602/511
f 905/582/477 952/602/511 946/592/508
f 913/586/485 914/587/486 968/604/523
f 913/586/485 968/604/523 969/605/524
f 897/574/469 896/573/468 950/600/510
f 897/574/469 950/600/510 865/557/441
f 921/577/493 922/578/494 948/588/509
f 921/577/493 948/588/509 944/589/507
f 904/581/476 905/582/477 946/592/508
f 904/581/476 946/592/508 942/593/506
f 912/585/484 913/586/485 969/605/524
f 912/585/484 969/605/524 970/556/525
f 920/579/492 921/577/493 944/589/507
f 920/579/492 944/589/507 940/596/505
f 903/580/475 904/581/476 942/593/506
f 903/580/475 942/593/506 938/598/504
f 911/574/483 912/585/484 970/556/525
f 911/574/483 970/556/525 971/557/526
f 919/580/491 920/579/492 940/596/505
f 919/580/491 940/596/505 936/598/503
f 902/579/474 903/580/475 938/598/504
f 902/579/474 938/598/504 934/596/502
f 910/573/482 911/574/483 971/557/526
f 910/573/482 971/557/526 972/600/527
f 918/581/490 919/580/491 936/598/503
f 918/581/490 936/598/503 931/593/501
f 900/577/472 902/579/474 934/596/502
f 900/577/472 934/596/502 927/589/499
f 908/575/480 910/573/482 972/600/527
f 908/575/480 972/600/527 964/608/519
f 917/582/489 918/581/490 931/593/501
f 917/582/489 931/593/501 930/592/500
f 901/578/473 900/577/472 927/589/499
f 901/578/473 927/589/499 926/588/498
f 925/585/497 897/574/469 865/557/441
f 925/585/497 865/557/441 864/556/440
f 973/613/528 974/614/528 975/615/528
f 974/614/528 973/613/528 976/616/528
f 976/616/528 973/613/528 977/617/528
f 976/616/528 977/617/528 978/618/528
f 978/618/528 977/617/528 979/619/528
f 978/618/528 979/619/528 980/620/528
f 980/620/528 979/619/528 981/621/528
f 980/620/528 981/621/528 982/622/528
f 982/622/528 981/621/528 983/623/528
f 982/622/528 983/623/528 984/624/528
f 984/624/528 983/623/528 985/625/528
f 984/624/528 985/625/528 986/626/528
f 986/626/528 985/625/528 987/627/528
f 986/626/528 987/627/528 988/628/528
f 988/628/528 987/627/528 989/629/528
f 988/628/528 989/629/528 990/630/528
f 990/630/528 989/629/528 991/631/528
f 990/630/528 991/631/528 992/632/528
f 992/632/528 991/631/528 993/633/528
f 992/632/528 993/633/528 994/634/528
f 994/634/528 993/633/528 995/635/528
f 994/634/528 995/635/528 996/636/528
f 996/636/528 995/635/528 997/637/528
f 996/636/528 997/637/528 998/638/528
f 999/639/529 1000/640/529 1001/641/529
f 1000/640/529 999/639/529 1002/642/529
f 1000/640/529 1002/642/529 1003/643/512
f 1000/640/529 1003/643/512 1004/644/529
f 1004/644/529 1003/643/512 1005/645/530
f 1004/644/529 1005/645/530 1006/646/529
f 1006/646/529 1005/645/530 1007/647/529
f 1007/647/529 1005/645/530 1008/648/530
f 1007/647/529 1008/648/530 1009/649/529
f 1009/649/529 1008/648/530 1010/650/531
f 1009/649/529 1010/650/531 1011/651/530
f 1009/649/529 1011/651/530 1012/652/529
f 1012/652/529 1011/651/530 1013/653/529
f 1013/653/529 1011/651/530 1014/654/530
f 1013/653/529 1014/654/530 1015/655/529
f 1015/655/529 1014/654/530 1016/656/530
f 1015/655/529 1016/656/530 1017/657/530
f 1015/655/529 1017/657/530 1018/658/529
f 1018/658/529 1017/657/530 1019/659/532
f 1018/658/529 1019/659/532 1020/660/529
f 1020/660/529 1019/659/532 1021/661/529
f 1020/660/529 1021/661/529 1022/662/529
f 1022/662/529 1021/661/529 1023/663/529
f 1022/662/529 1023/663/529 1024/664/529
f 1025/665/518 968/604/533 1026/666/534
f 968/604/533 1025/665/518 969/605/535
f 969/605/535 1025/665/518 970/556/535
f 970/556/535 1025/665/518 971/557/535
f 971/557/535 1025/665/518 972/600/533
f 972/600/533 1025/665/518 964/608/533
f 964/608/533 1025/665/518 965/610/533
f 965/610/533 1025/665/518 1027/667/511
f 1027/667/511 1025/665/518 1028/668/536
f 1028/668/536 1025/665/518 1029/607/530
f 1028/668/536 1029/607/530 1030/606/537
f 1028/668/536 1030/606/537 1031/559/538
f 1028/668/536 1031/559/538 1032/558/539
f 1028/668/536 1032/558/539 1033/601/539
f 1028/668/536 1033/601/539 1034/609/537
f 1028/668/536 1034/609/537 1035/611/530
# Vertices: 346, normals: 255, texture coordinates: 227, faces: 412

o obj5
v 5.06692314 0.09677734 -0.82837405
v 5.06692314 0.09689126 -0.82837618
v 5.06165004 0.09689126 -0.82837618
v 5.06165004 0.09677734 -0.82837405
v 5.06692314 0.09689121 -0.98513285
v 5.06692314 0.09677729 -0.98513498
v 5.06165004 0.09677729 -0.98513498
v 5.06165004 0.09689121 -0.98513285
v 4.83085861 0.09689125 -0.85456119
v 4.91535567 0.09689125 -0.85456119
v 4.91535567 0.09658349 -0.85456119
v 4.83085861 0.09658349 -0.85456119
v 4.83085861 0.09689125 -0.85456119
v 4.83073562 0.09689122 -0.9589478
v 4.79435143 0.09689122 -0.9589478
v 4.79435143 0.09689125 -0.85456119
v 4.79325676 0.09337392 -0.9589478
v 4.79325676 0.09337395 -0.85456119
v 4.79334009 0.09471996 -0.85456119
v 4.79334009 0.09471993 -0.9589478
v 4.79357738 0.09586106 -0.85456119
v 4.79357738 0.09586103 -0.9589478
v 4.79357738 0.09586103 -0.9589478
v 4.79357738 0.09586106 -0.85456119
v 4.79393252 0.09662352 -0.85456119
v 4.79393252 0.09662348 -0.9589478
v 4.79325676 0.09337388 -1.07420044
v 4.79334009 0.0947199 -1.07420044
v 4.79357738 0.09586099 -1.07420044
v 4.79357738 0.09586099 -1.07420044
v 4.79393252 0.09662345 -1.07420044
v 4.79435143 0.09689119 -1.07420044
v 4.79435143 0.09689129 -0.73930855
v 4.79393252 0.09662355 -0.73930855
v 4.79357738 0.09586109 -0.73930855
v 4.79357738 0.09586109 -0.73930855
v 4.79334009 0.09472 -0.73930855
v 4.79325676 0.09337398 -0.73930855
v 4.91531751 0.09658346 -0.9589478
v 4.83073562 0.09658346 -0.9589478
v 4.83085861 0.09658349 -0.85456119
v 4.91535567 0.09658349 -0.85456119
v 4.83073562 0.09689122 -0.9589478
v 4.83085861 0.09689125 -0.85456119
v 4.83085861 0.09658349 -0.85456119
v 4.83073562 0.09658346 -0.9589478
v 4.91535567 0.09689125 -0.85456119
v 4.91531751 0.09689122 -0.9589478
v 4.91531751 0.09658346 -0.9589478
v 4.91535567 0.09658349 -0.85456119
v 4.91531751 0.09689122 -0.9589478
v 4.83073562 0.09689122 -0.9589478
v 4.83073562 0.09658346 -0.9589478
v 4.91531751 0.09658346 -0.9589478
v 4.83708472 0.09684451 -0.90689172
v 4.83708472 0.09684451 -0.90661723
v 4.85073882 0.09684451 -0.90661723
v 4.85073882 0.09684451 -0.90689172
v 4.83708472 0.09658349 -0.90610982
v 4.83708472 0.09658349 -0.90739914
v 4.85073882 0.09658349 -0.90739914
v 4.85073882 0.09658349 -0.90610982
v 4.83708472 0.09658349 -0.90739914
v 4.83708472 0.09674179 -0.90739914
v 4.85073882 0.09674179 -0.90739914
v 4.85073882 0.09658349 -0.90739914
v 4.83708472 0.09683075 -0.90636352
v 4.85073882 0.09683075 -0.90636352
v 4.83708472 0.09679315 -0.9061778
v 4.85073882 0.09679315 -0.9061778
v 4.83708472 0.09674179 -0.90610982
v 4.85073882 0.09674179 -0.90610982
v 4.85073882 0.09674179 -0.90739914
v 4.83708472 0.09674179 -0.90739914
v 4.83708472 0.09679315 -0.90733116
v 4.85073882 0.09679315 -0.90733116
v 4.83708472 0.09683075 -0.90714543
v 4.85073882 0.09683075 -0.90714543
v 4.83708472 0.09674179 -0.90610982
v 4.83708472 0.09658349 -0.90610982
v 4.85073882 0.09658349 -0.90610982
v 4.85073882 0.09674179 -0.90610982
v 5.06675894 0.09689119 -1.07420044
v 5.06675894 0.0968912 -1.03741728
v 5.06684104 0.09687594 -1.03741699
v 5.06684104 0.0968205 -1.07420044
v 5.06690115 0.09683424 -1.03741621
v 5.06690115 0.09662739 -1.07420044
v 5.06690115 0.09662739 -1.07420044
v 5.06690115 0.09683424 -1.03741621
v 5.06692314 0.09677728 -1.03741515
v 5.06692314 0.09636359 -1.07420044
v 5.06692314 0.09636369 -0.73930855
v 5.06692314 0.09677736 -0.77609388
v 5.06690115 0.09683432 -0.77609282
v 5.06690115 0.09662749 -0.73930855
v 5.06690115 0.09662749 -0.73930855
v 5.06690115 0.09683432 -0.77609282
v 5.06684104 0.09687602 -0.77609204
v 5.06684104 0.09682061 -0.73930855
v 5.06675894 0.09689128 -0.77609175
v 5.06675894 0.09689129 -0.73930855
v 5.06675894 0.09249466 -0.73930855
v 5.06675894 0.09249465 -0.77639331
v 5.06684104 0.09256533 -0.77638837
v 5.06684104 0.09256534 -0.73930855
v 5.06690115 0.09275844 -0.77637486
v 5.06690115 0.09275846 -0.73930855
v 5.06690115 0.09275846 -0.73930855
v 5.06690115 0.09275844 -0.77637486
v 5.06692314 0.09302224 -0.77635642
v 5.06692314 0.09302225 -0.73930855
v 5.06692314 0.09302215 -1.07420044
v 5.06692314 0.09302216 -1.03715261
v 5.06690115 0.09275837 -1.03713416
v 5.06690115 0.09275835 -1.07420044
v 5.06690115 0.09275835 -1.07420044
v 5.06690115 0.09275837 -1.03713416
v 5.06684104 0.09256525 -1.03712066
v 5.06684104 0.09256524 -1.07420044
v 5.06675894 0.09249457 -1.03711572
v 5.06675894 0.09249456 -1.07420044
v 5.06675894 0.09249463 -0.82807461
v 5.06675894 0.09249458 -0.98543442
v 5.06684104 0.09256527 -0.98542948
v 5.06684104 0.09256532 -0.82807955
v 5.06690115 0.09275838 -0.98541598
v 5.06690115 0.09275843 -0.82809305
v 5.06690115 0.09275843 -0.82809305
v 5.06690115 0.09275838 -0.98541598
v 5.06692314 0.09302218 -0.98539753
v 5.06692314 0.09302223 -0.8281115
v 5.06165004 0.09689128 -0.77609175
v 5.06692314 0.09677736 -0.77609388
v 5.06165004 0.09677736 -0.77609388
v 5.06690115 0.09683432 -0.77609282
v 5.06684104 0.09687602 -0.77609204
v 5.06675894 0.09689128 -0.77609175
v 4.91539781 0.09689129 -0.73930855
v 4.91535567 0.09689125 -0.85456119
v 5.06684104 0.09256532 -0.82807955
v 5.06165004 0.09249463 -0.82807461
v 5.06675894 0.09249463 -0.82807461
v 5.06690115 0.09275843 -0.82809305
v 5.06692314 0.09302223 -0.8281115
v 4.79325676 0.09337388 -1.07420044
v 5.06675894 0.09249456 -1.07420044
v 4.79325676 0.09249456 -1.07420044
v 5.06684104 0.09256524 -1.07420044
v 5.06690115 0.09275835 -1.07420044
v 4.79334009 0.0947199 -1.07420044
v 4.79357738 0.09586099 -1.07420044
v 4.79393252 0.09662345 -1.07420044
v 5.06690115 0.09662739 -1.07420044
v 4.79435143 0.09689119 -1.07420044
v 5.06684104 0.0968205 -1.07420044
v 5.06675894 0.09689119 -1.07420044
v 4.91527537 0.09689119 -1.07420044
v 4.91531751 0.09689122 -0.9589478
v 5.06165004 0.09677736 -0.77609388
v 5.06165004 0.09689126 -0.82837618
v 5.06165004 0.09689128 -0.77609175
v 5.06165004 0.09249465 -0.77639331
v 5.06165004 0.09249463 -0.82807461
v 5.06165004 0.09677734 -0.82837405
v 5.06690115 0.09683424 -1.03741621
v 5.06165004 0.09677728 -1.03741515
v 5.06692314 0.09677728 -1.03741515
v 5.06165004 0.0968912 -1.03741728
v 5.06684104 0.09687594 -1.03741699
v 5.06675894 0.0968912 -1.03741728
v 5.06692314 0.09677734 -0.82837405
v 5.06692314 0.09689126 -0.82837618
v 5.06692314 0.09677729 -0.98513498
v 5.06692314 0.09689121 -0.98513285
v 5.06675894 0.09249458 -0.98543442
v 5.06165004 0.09249458 -0.98543442
v 5.06684104 0.09256527 -0.98542948
v 5.06690115 0.09275838 -0.98541598
v 5.06692314 0.09302218 -0.98539753
v 5.06675894 0.09249465 -0.77639331
v 5.06165004 0.09249465 -0.77639331
v 5.06684104 0.09256533 -0.77638837
v 5.06690115 0.09275844 -0.77637486
v 5.06692314 0.09302224 -0.77635642
v 5.06684104 0.09256525 -1.03712066
v 5.06165004 0.09249457 -1.03711572
v 5.06675894 0.09249457 -1.03711572
v 5.06690115 0.09275837 -1.03713416
v 5.06692314 0.09302216 -1.03715261
v 5.06165004 0.09677729 -0.98513498
v 5.06165004 0.0968912 -1.03741728
v 5.06165004 0.09689121 -0.98513285
v 5.06165004 0.09249458 -0.98543442
v 5.06165004 0.09249457 -1.03711572
v 5.06165004 0.09677728 -1.03741515
v 5.03565371 0.09689119 -1.07420044
v 5.03577949 0.09689129 -0.73930855
v 4.79325676 0.09249466 -0.73930855
v 4.79325676 0.09249456 -1.07420044
v 5.06165004 0.09249457 -1.03711572
v 5.06165004 0.09249463 -0.82807461
v 5.06165004 0.09249458 -0.98543442
v 5.06165004 0.09249465 -0.77639331
v 5.06165004 0.09689128 -0.77609175
v 5.06692314 0.09689126 -0.82837618
v 5.06165004 0.09689121 -0.98513285
v 5.06165004 0.09689126 -0.82837618
v 5.06692314 0.09689121 -0.98513285
v 5.06165004 0.0968912 -1.03741728
v 4.79325676 0.09249466 -0.73930855
v 4.79325676 0.09249456 -1.07420044
v 4.83708472 0.09679315 -0.9061778
v 4.83708472 0.09658349 -0.90610982
v 4.83708472 0.09674179 -0.90610982
v 4.83708472 0.09658349 -0.90739914
v 4.83708472 0.09683075 -0.90636352
v 4.83708472 0.09684451 -0.90661723
v 4.83708472 0.09684451 -0.90689172
v 4.83708472 0.09683075 -0.90714543
v 4.83708472 0.09679315 -0.90733116
v 4.83708472 0.09674179 -0.90739914
v 4.85073882 0.09658349 -0.90739914
v 4.85073882 0.09674179 -0.90610982
v 4.85073882 0.09658349 -0.90610982
v 4.85073882 0.09679315 -0.9061778
v 4.85073882 0.09683075 -0.90636352
v 4.85073882 0.09684451 -0.90661723
v 4.85073882 0.09684451 -0.90689172
v 4.85073882 0.09683075 -0.90714543
v 4.85073882 0.09679315 -0.90733116
v 4.85073882 0.09674179 -0.90739914
v 5.06684104 0.09256534 -0.73930855
v 5.06675894 0.09249466 -0.73930855
v 5.06690115 0.09275846 -0.73930855
v 5.06692314 0.09302225 -0.73930855
v 5.06692314 0.09636369 -0.73930855
v 4.79334009 0.09472 -0.73930855
v 4.79357738 0.09586109 -0.73930855
v 4.79393252 0.09662355 -0.73930855
v 5.06690115 0.09662749 -0.73930855
v 4.79435143 0.09689129 -0.73930855
v 5.06684104 0.09682061 -0.73930855
v 5.06675894 0.09689129 -0.73930855
vn 0 -0.99879 0.0492
vn 0 0.99879 0.0492
vn 0 1 0
vn 0 0 1
vn -0.98078 0 0.1951
vn -0.83147 0 0.55558
vn -0.55558 0 0.83147
vn -0.1951 0 0.98078
vn 1 0.0014 0
vn -1 -0.0004 0
vn 0 -1 0
vn 0 0.0103 0.99995
vn 0 -0.0103 0.99995
vn 0 0 -1
vn 0 0.79888 0.60149
vn 0 -0.0488 0.99881
vn 0 -0.1776 0.9841
vn 0 -0.79893 0.60142
vn 0 0.79893 0.60142
vn 0 0.1776 0.9841
vn 0 0.0488 0.99881
vn 0 -0.79888 0.60149
vn 0.1608 0.0003 0.98699
vn 0.1607 -0.0003 0.987
vn 0.1607 0.0003 0.987
vn 0.1608 0.0006 0.98699
vn 0.51949 0.0011 0.85448
vn 0.51941 -0.0029 0.85452
vn 0.51941 0.0012 0.85452
vn 0.51949 0.0015 0.85448
vn 0.91516 0.0013 0.40308
vn 0.91515 0.0013 0.40312
vn 0.91511 0.0013 0.4032
vn 0.91516 0.0011 0.40308
vn 0.91516 -0.0013 0.40308
vn 0.91515 -0.0013 0.40312
vn 0.51949 -0.0011 0.85448
vn 0.51941 -0.0011 0.85452
vn 0.51941 -0.0012 0.85452
vn 0.51949 -0.0012 0.85448
vn 0.1608 -0.0003 0.98699
vn 0.25881 0 -0.96593
vn 0.70711 0 -0.70711
vn 0.70701 0 -0.70721
vn 0.96596 0 -0.25869
vn 0.96593 0 -0.25881
vn 0.96599 0 -0.2586
vn 0.70706 0 -0.70716
vn 1 0 0
vn 0 0.99877 0.0495
vn 0 0.9988 0.049
vn 0 0.99876 0.0497
vn 0 -0.98358 0.1805
vn 0 -0.98356 0.18059
vn 0 -0.9988 0.049
vn 0 -0.99876 0.0497
vn 0 0.98356 0.18059
vn -0.0001 0.98358 0.1805
vn -1 0 0
vn -1 0 0.0002
vn -1 0 -0.0001
vn 1 0 -0.0001
vt 0.50097 0.3913
vt 0.50097 0.3913
vt 0.50068 0.3913
vt 0.50068 0.3913
vt 0.48812 0.3913
vt 0.49272 0.3913
vt 0.49272 0.39131
vt 0.48812 0.39131
vt 0.48812 0.39369
vt 0.48811 0.38907
vt 0.48613 0.38907
vt 0.48613 0.39369
vt 0.49584 0.39136
vt 0.4912 0.39136
vt 0.4912 0.39134
vt 0.49584 0.39134
vt 0.4912 0.39132
vt 0.49584 0.39132
vt 0.48609 0.38907
vt 0.48609 0.39369
vt 0.48611 0.39369
vt 0.48611 0.38907
vt 0.50097 0.39136
vt 0.50097 0.39134
vt 0.50097 0.39132
vt 0.48609 0.38396
vt 0.48611 0.38396
vt 0.48613 0.38396
vt 0.48613 0.39879
vt 0.48611 0.39879
vt 0.48609 0.39879
vt 0.48607 0.39132
vt 0.48607 0.39134
vt 0.48607 0.39136
vt 0.49272 0.38907
vt 0.49272 0.39369
vt 0.49584 0.3913
vt 0.4912 0.3913
vt 0.4912 0.39131
vt 0.49584 0.39131
vt 0.49272 0.3913
vt 0.48811 0.3913
vt 0.48811 0.39131
vt 0.49272 0.39131
vt 0.48846 0.39137
vt 0.48846 0.39138
vt 0.4892 0.39138
vt 0.4892 0.39137
vt 0.48846 0.39141
vt 0.48846 0.39135
vt 0.4892 0.39135
vt 0.4892 0.39141
vt 0.48846 0.39131
vt 0.48846 0.39131
vt 0.4892 0.39131
vt 0.4892 0.39131
vt 0.48846 0.39139
vt 0.4892 0.39139
vt 0.48846 0.3914
vt 0.4892 0.3914
vt 0.48846 0.39135
vt 0.4892 0.39135
vt 0.48846 0.39136
vt 0.4892 0.39136
vt 0.50096 0.38396
vt 0.50096 0.38559
vt 0.50096 0.38559
vt 0.50096 0.38396
vt 0.50097 0.38559
vt 0.50097 0.38396
vt 0.49933 0.3913
vt 0.49933 0.3913
vt 0.50097 0.39131
vt 0.48607 0.39131
vt 0.48771 0.3913
vt 0.48771 0.3913
vt 0.48607 0.3913
vt 0.50097 0.39879
vt 0.50097 0.39716
vt 0.50096 0.39716
vt 0.50096 0.39879
vt 0.50096 0.39716
vt 0.50096 0.39879
vt 0.50096 0.39715
vt 0.50096 0.39715
vt 0.50097 0.39715
vt 0.48607 0.39138
vt 0.48772 0.39138
vt 0.48772 0.39137
vt 0.48607 0.39137
vt 0.50097 0.39137
vt 0.49932 0.39137
vt 0.49932 0.39138
vt 0.50097 0.39138
vt 0.50097 0.3856
vt 0.50096 0.3856
vt 0.50096 0.3856
vt 0.50096 0.39486
vt 0.50096 0.38789
vt 0.50096 0.38789
vt 0.50096 0.39486
vt 0.50097 0.38789
vt 0.50097 0.39486
vt 0.49002 0.39138
vt 0.49702 0.39138
vt 0.49702 0.39137
vt 0.49002 0.39137
vt 0.50097 0.3913
vt 0.50096 0.3913
vt 0.50096 0.3913
vt 0.49272 0.39879
vt 0.50096 0.39138
vt 0.50068 0.39138
vt 0.50096 0.39138
vt 0.50097 0.39137
vt 0.50097 0.39137
vt 0.50096 0.39138
vt 0.50096 0.39138
vt 0.48608 0.39134
vt 0.48609 0.39132
vt 0.48611 0.39131
vt 0.50097 0.39131
vt 0.48613 0.3913
vt 0.50096 0.3913
vt 0.49271 0.38396
vt 0.49004 0.3913
vt 0.48772 0.39138
vt 0.49002 0.39138
vt 0.49004 0.3913
vt 0.50096 0.3913
vt 0.49701 0.3913
vt 0.49701 0.3913
vt 0.50096 0.39138
vt 0.50097 0.39137
vt 0.49702 0.39138
vt 0.49932 0.39138
vt 0.49927 0.38396
vt 0.49927 0.39879
vt 0.48607 0.39879
vt 0.48607 0.38396
vt 0.50068 0.3856
vt 0.50068 0.39486
vt 0.50068 0.38789
vt 0.50068 0.39715
vt 0.50068 0.39716
vt 0.50097 0.39485
vt 0.50068 0.38791
vt 0.50068 0.39485
vt 0.50097 0.38791
vt 0.50068 0.38559
vt 0.4935 0.3913
vt 0.49349 0.39131
vt 0.49349 0.39131
vt 0.49355 0.39131
vt 0.4935 0.3913
vt 0.49351 0.3913
vt 0.49353 0.3913
vt 0.49354 0.3913
vt 0.49355 0.3913
vt 0.49355 0.39131
vt 0.50097 0.39137
vt 0.50096 0.3913
vt 0.50096 0.3913
usemtl mat4
f 1036/669/540 1037/670/540 1038/671/540
f 1036/669/540 1038/671/540 1039/672/540
f 1040/670/541 1041/669/541 1042/672/541
f 1040/670/541 1042/672/541 1043/671/541
f 1044/673/542 1045/674/542 1046/675/542
f 1044/673/542 1046/675/542 1047/676/542
f 1048/677/543 1049/678/543 1050/679/543
f 1048/677/543 1050/679/543 1051/680/543
f 1052/681/544 1053/682/544 1054/683/544
f 1052/681/544 1054/683/544 1055/684/544
f 1055/684/545 1054/683/545 1056/685/545
f 1055/684/545 1056/685/545 1057/686/545
f 1058/687/546 1059/688/546 1060/689/546
f 1058/687/546 1060/689/546 1061/690/546
f 1061/690/547 1060/689/547 1051/680/547
f 1061/690/547 1051/680/547 1050/679/547
f 1062/691/544 1052/681/544 1055/684/544
f 1062/691/544 1055/684/544 1063/692/544
f 1063/692/545 1055/684/545 1057/686/545
f 1063/692/545 1057/686/545 1064/693/545
f 1065/694/546 1058/687/546 1061/690/546
f 1065/694/546 1061/690/546 1066/695/546
f 1066/695/547 1061/690/547 1050/679/547
f 1066/695/547 1050/679/547 1067/696/547
f 1068/697/547 1051/680/547 1060/689/547
f 1068/697/547 1060/689/547 1069/698/547
f 1069/698/546 1060/689/546 1059/688/546
f 1069/698/546 1059/688/546 1070/699/546
f 1071/700/545 1056/685/545 1054/683/545
f 1071/700/545 1054/683/545 1072/701/545
f 1072/701/544 1054/683/544 1053/682/544
f 1072/701/544 1053/682/544 1073/702/544
f 1074/703/543 1075/678/543 1076/677/543
f 1074/703/543 1076/677/543 1077/704/543
f 1078/705/548 1079/706/548 1080/707/548
f 1078/705/548 1080/707/548 1081/708/548
f 1082/706/549 1083/705/549 1084/708/549
f 1082/706/549 1084/708/549 1085/707/549
f 1086/709/550 1087/710/550 1088/711/550
f 1086/709/550 1088/711/550 1089/712/550
f 1090/713/551 1091/714/552 1092/715/552
f 1090/713/551 1092/715/552 1093/716/551
f 1094/717/553 1095/718/553 1096/719/553
f 1094/717/553 1096/719/553 1097/720/553
f 1098/721/542 1099/722/554 1100/723/554
f 1098/721/542 1100/723/554 1101/724/542
f 1092/715/552 1091/714/552 1102/725/555
f 1092/715/552 1102/725/555 1103/726/555
f 1103/726/555 1102/725/555 1104/727/556
f 1103/726/555 1104/727/556 1105/728/556
f 1105/728/556 1104/727/556 1106/717/557
f 1105/728/556 1106/717/557 1107/720/557
f 1108/719/558 1109/718/558 1110/729/559
f 1108/719/558 1110/729/559 1111/730/559
f 1111/730/559 1110/729/559 1112/731/560
f 1111/730/559 1112/731/560 1113/732/560
f 1113/732/560 1112/731/560 1090/713/551
f 1113/732/560 1090/713/551 1093/716/551
f 1114/722/561 1115/721/550 1116/724/550
f 1114/722/561 1116/724/550 1117/723/561
f 1118/733/562 1119/734/563 1120/735/564
f 1118/733/562 1120/735/564 1121/736/565
f 1121/736/566 1120/735/567 1122/737/568
f 1121/736/566 1122/737/568 1123/738/569
f 1124/670/570 1125/739/571 1126/740/572
f 1124/670/570 1126/740/572 1127/741/573
f 1128/742/574 1129/743/575 1130/744/575
f 1128/742/574 1130/744/575 1131/745/575
f 1132/746/576 1133/747/577 1134/748/578
f 1132/746/576 1134/748/578 1135/749/579
f 1135/749/580 1134/748/563 1136/750/563
f 1135/749/580 1136/750/563 1137/751/580
f 1138/751/581 1139/752/581 1140/753/581
f 1138/751/581 1140/753/581 1141/749/581
f 1141/749/582 1140/753/582 1142/754/582
f 1141/749/583 1142/754/583 1143/746/583
f 1144/755/584 1145/756/584 1146/757/584
f 1144/755/584 1146/757/584 1147/758/584
f 1148/759/585 1149/760/585 1150/761/585
f 1148/759/586 1150/761/586 1151/762/586
f 1152/738/587 1153/763/587 1154/764/587
f 1152/738/582 1154/764/582 1155/736/582
f 1155/736/581 1154/764/581 1156/765/581
f 1155/736/581 1156/765/581 1157/733/581
f 1158/766/581 1159/767/581 1160/768/581
f 1158/766/581 1160/768/581 1161/769/581
f 1161/769/582 1160/768/582 1162/770/582
f 1161/769/582 1162/770/582 1163/771/582
f 1164/772/585 1165/773/585 1166/774/585
f 1164/772/584 1166/774/584 1167/775/584
f 1146/757/588 1128/742/588 1147/758/588
f 1128/742/588 1146/757/588 1129/743/588
f 1168/671/541 1169/669/589 1170/672/541
f 1169/669/589 1168/671/541 1171/776/541
f 1171/776/590 1168/671/590 1172/777/590
f 1172/777/591 1168/671/591 1173/778/591
f 1174/779/543 1051/680/543 1068/697/543
f 1051/680/543 1174/779/543 1048/677/543
f 1048/677/543 1174/779/543 1175/704/543
f 1148/759/588 1126/740/588 1149/760/588
f 1126/740/588 1148/759/588 1127/741/588
f 1176/780/592 1177/781/592 1178/782/592
f 1177/781/593 1176/780/593 1039/672/593
f 1039/672/593 1176/780/593 1179/783/593
f 1039/672/593 1179/783/593 1180/784/593
f 1039/672/593 1180/784/593 1036/669/593
f 1181/702/542 1182/785/542 1183/755/542
f 1182/785/542 1181/702/542 1184/786/542
f 1184/786/542 1181/702/542 1185/783/542
f 1185/783/542 1181/702/542 1148/759/542
f 1148/759/542 1181/702/542 1127/741/542
f 1127/741/542 1181/702/542 1186/787/542
f 1127/741/542 1186/787/542 1187/788/542
f 1127/741/542 1187/788/542 1188/789/542
f 1127/741/542 1188/789/542 1189/790/542
f 1189/790/542 1188/789/542 1190/791/542
f 1189/790/542 1190/791/542 1191/792/542
f 1191/792/542 1190/791/542 1192/778/542
f 1049/678/543 1067/696/543 1050/679/543
f 1067/696/543 1049/678/543 1193/793/543
f 1193/793/543 1049/678/543 1194/703/543
f 1195/743/588 1196/794/588 1197/744/588
f 1196/794/588 1195/743/588 1198/795/588
f 1196/794/588 1198/795/588 1199/796/588
f 1196/794/588 1199/796/588 1200/797/588
f 1201/776/540 1202/672/540 1203/669/540
f 1202/672/540 1201/776/540 1204/671/540
f 1204/671/594 1201/776/594 1205/798/594
f 1204/671/595 1205/798/595 1206/778/595
f 1166/774/588 1207/797/588 1167/775/588
f 1207/797/588 1166/774/588 1208/794/588
f 1208/794/588 1166/774/588 1209/799/588
f 1208/794/588 1209/799/588 1210/800/588
f 1042/672/596 1211/782/596 1212/781/596
f 1211/782/596 1042/672/596 1213/780/596
f 1213/780/596 1042/672/596 1214/783/596
f 1214/783/596 1042/672/596 1215/784/596
f 1215/784/596 1042/672/596 1041/669/596
f 1170/672/596 1216/782/596 1217/781/596
f 1216/782/597 1170/672/597 1218/780/597
f 1218/780/596 1170/672/596 1219/783/596
f 1219/783/596 1170/672/596 1220/784/596
f 1220/784/596 1170/672/596 1169/669/596
f 1221/801/592 1222/781/592 1223/782/592
f 1222/781/593 1221/801/593 1202/672/593
f 1202/672/593 1221/801/593 1224/802/593
f 1202/672/593 1224/802/593 1225/759/593
f 1202/672/593 1225/759/593 1203/669/593
f 1226/799/588 1227/739/588 1228/800/588
f 1227/739/588 1226/799/588 1229/803/588
f 1227/739/588 1229/803/588 1230/804/588
f 1227/739/588 1230/804/588 1231/740/588
f 1194/703/543 1232/805/543 1193/793/543
f 1232/805/543 1194/703/543 1175/704/543
f 1232/805/543 1175/704/543 1174/779/543
f 1232/805/543 1174/779/543 1233/806/543
f 1157/733/553 1234/807/553 1235/808/553
f 1234/807/553 1157/733/553 1236/809/553
f 1236/809/553 1157/733/553 1156/765/553
f 1159/767/553 1237/810/553 1238/811/553
f 1237/810/553 1159/767/553 1158/766/553
f 1234/807/553 1239/812/553 1138/751/553
f 1239/812/553 1234/807/553 1236/809/553
f 1138/751/553 1239/812/553 1139/752/553
f 1137/751/543 1240/813/543 1233/806/543
f 1240/813/543 1137/751/543 1136/750/543
f 1241/814/543 1242/815/543 1243/816/543
f 1242/815/543 1241/814/543 1244/817/543
f 1232/805/543 1245/818/543 1118/733/543
f 1245/818/543 1232/805/543 1233/806/543
f 1245/818/543 1233/806/543 1240/813/543
f 1118/733/543 1245/818/543 1119/734/543
f 1053/682/598 1246/755/598 1073/702/598
f 1246/755/598 1053/682/598 1247/762/598
f 1247/762/598 1053/682/598 1052/681/598
f 1247/762/598 1052/681/598 1062/691/598
f 1248/819/598 1249/820/598 1250/821/598
f 1249/820/598 1248/819/598 1251/822/598
f 1251/822/599 1248/819/599 1252/823/599
f 1251/822/600 1252/823/600 1253/824/600
f 1251/822/598 1253/824/598 1254/825/598
f 1251/822/598 1254/825/598 1255/826/598
f 1251/822/599 1255/826/599 1256/827/599
f 1251/822/598 1256/827/598 1257/828/598
f 1258/822/588 1259/821/588 1260/820/588
f 1259/821/588 1258/822/588 1261/819/588
f 1261/819/588 1258/822/588 1262/823/588
f 1262/823/588 1258/822/588 1263/824/588
f 1263/824/588 1258/822/588 1264/825/588
f 1264/825/588 1258/822/588 1265/826/588
f 1265/826/601 1258/822/601 1266/827/601
f 1266/827/588 1258/822/588 1267/828/588
f 1268/780/550 1246/755/550 1269/782/550
f 1246/755/550 1268/780/550 1073/702/550
f 1073/702/550 1268/780/550 1270/829/550
f 1073/702/550 1270/829/550 1271/759/550
f 1073/702/550 1271/759/550 1272/741/550
f 1073/702/550 1272/741/550 1273/787/550
f 1273/787/550 1272/741/550 1274/788/550
f 1274/788/550 1272/741/550 1275/789/550
f 1275/789/550 1272/741/550 1276/790/550
f 1275/789/550 1276/790/550 1277/791/550
f 1277/791/550 1276/790/550 1278/830/550
f 1277/791/550 1278/830/550 1279/831/550
# Vertices: 244, normals: 62, texture coordinates: 163, faces: 204

o obj6
v 5.06517154 0.36387049 -0.7500633
v 5.06517051 0.36385413 -1.06345257
v 5.06516928 0.12251421 -1.0632477
v 5.0651703 0.12214573 -0.75048418
v 5.06539137 0.36387049 -0.7500633
v 5.06539013 0.12214573 -0.75048418
v 5.06538911 0.12251421 -1.0632477
v 5.06539035 0.36385413 -1.06345257
v 5.06517154 0.36387049 -0.7500633
v 5.0651703 0.12214573 -0.75048418
v 5.06539013 0.12214573 -0.75048418
v 5.06539137 0.36387049 -0.7500633
v 5.0651703 0.12214573 -0.75048418
v 5.06516928 0.12251421 -1.0632477
v 5.06538911 0.12251421 -1.0632477
v 5.06539013 0.12214573 -0.75048418
v 5.06516928 0.12251421 -1.0632477
v 5.06517051 0.36385413 -1.06345257
v 5.06539035 0.36385413 -1.06345257
v 5.06538911 0.12251421 -1.0632477
v 5.06517051 0.36385413 -1.06345257
v 5.06517154 0.36387049 -0.7500633
v 5.06539137 0.36387049 -0.7500633
v 5.06539035 0.36385413 -1.06345257
vn 0 0 1
vn 0 0 -1
vn -0.0014 -1 0
vn -1 0.0014 0
vn -0.0007 1 0
vn 1 0.0001 0
vt 0.27421 0.83037
vt 0.27421 0.82349
vt 0.2677 0.8235
vt 0.26769 0.83036
vt 0.27421 0.82692
vt 0.26769 0.82692
vt 0.26769 0.82692
vt 0.27421 0.82692
vt 0.26365 0.82692
vt 0.27054 0.82692
vt 0.27054 0.82692
vt 0.26365 0.82692
vt 0.2677 0.82692
vt 0.27421 0.82692
vt 0.27421 0.82692
vt 0.2677 0.82692
vt 0.27054 0.82692
vt 0.26364 0.82692
vt 0.26364 0.82692
vt 0.27054 0.82692
usemtl mat5
f 1280/832/602 1281/833/602 1282/834/602
f 1280/832/602 1282/834/602 1283/835/602
f 1284/832/603 1285/835/603 1286/834/603
f 1284/832/603 1286/834/603 1287/833/603
f 1288/836/604 1289/837/604 1290/838/604
f 1288/836/604 1290/838/604 1291/839/604
f 1292/840/605 1293/841/605 1294/842/605
f 1292/840/605 1294/842/605 1295/843/605
f 1296/844/606 1297/845/606 1298/846/606
f 1296/844/606 1298/846/606 1299/847/606
f 1300/848/607 1301/849/607 1302/850/607
f 1300/848/607 1302/850/607 1303/851/607
# Vertices: 24, normals: 6, texture coordinates: 20, faces: 12

o obj7
v 5.06516715 0.09996545 -1.0742005
v 5.06490335 0.09998743 -1.07418982
v 5.06463955 0.10012953 -1.0742005
v 5.06471024 0.10004749 -1.07416066
v 5.06463955 0.10012953 -1.0741208
v 5.06850969 0.09996448 -0.77610352
v 5.06850983 0.09996436 -0.73930849
v 5.06516839 0.09996437 -0.73930848
v 5.06516825 0.09996449 -0.77610351
v 5.06516715 0.09996545 -1.0742005
v 5.06850859 0.09996544 -1.07420051
v 5.06850873 0.09996532 -1.03740548
v 5.06516728 0.09996533 -1.03740546
v 5.06464066 0.10280313 -0.77681885
v 5.06464048 0.10280329 -0.82764891
v 5.06903711 0.10280327 -0.82764893
v 5.0690373 0.10280311 -0.77681886
v 5.06463989 0.1028038 -0.98586004
v 5.0646397 0.10280397 -1.03669011
v 5.06903634 0.10280395 -1.03669012
v 5.06903652 0.10280378 -0.98586006
v 5.06850892 0.09996515 -0.98514471
v 5.0685095 0.09996465 -0.82836429
v 5.06516806 0.09996466 -0.82836428
v 5.06516748 0.09996517 -0.9851447
v 5.06464066 0.10202446 -0.77640024
v 5.06464066 0.10280313 -0.77681885
v 5.0690373 0.10280311 -0.77681886
v 5.06903729 0.10202444 -0.77640025
v 5.06903711 0.10280327 -0.82764893
v 5.06464048 0.10280329 -0.82764891
v 5.06464047 0.10202463 -0.82806753
v 5.0690371 0.10202461 -0.82806754
v 5.06903634 0.10280395 -1.03669012
v 5.0646397 0.10280397 -1.03669011
v 5.0646397 0.1020253 -1.03710872
v 5.06903633 0.10202528 -1.03710874
v 5.06463989 0.10202513 -0.98544143
v 5.06463989 0.1028038 -0.98586004
v 5.06903652 0.10280378 -0.98586006
v 5.06903652 0.10202511 -0.98544145
v 5.0646408 0.37341714 -1.06346059
v 5.06464076 0.36385406 -1.06345248
v 5.06464191 0.36387035 -0.75006316
v 5.06464196 0.37341613 -0.75004654
v 5.06464191 0.36387035 -0.75006316
v 5.06464076 0.36385406 -1.06345248
v 5.06516835 0.36385406 -1.06345248
v 5.06516951 0.36387035 -0.75006316
v 5.06463969 0.12251407 -1.06324772
v 5.06464085 0.12214552 -0.75048414
v 5.06516844 0.12214551 -0.75048414
v 5.06516729 0.12251406 -1.06324772
v 5.06464085 0.12214552 -0.75048414
v 5.06464191 0.36387035 -0.75006316
v 5.06516951 0.36387035 -0.75006316
v 5.06516844 0.12214551 -0.75048414
v 5.06464076 0.36385406 -1.06345248
v 5.06463969 0.12251407 -1.06324772
v 5.06516729 0.12251406 -1.06324772
v 5.06516835 0.36385406 -1.06345248
v 5.06464079 0.10012845 -0.73930847
v 5.06464065 0.10012857 -0.77612714
v 5.06471134 0.10004653 -0.77611533
v 5.06471147 0.10004641 -0.73930847
v 5.06490445 0.09998648 -0.77610668
v 5.06490459 0.09998636 -0.73930847
v 5.06490459 0.09998636 -0.73930847
v 5.06490445 0.09998648 -0.77610668
v 5.06490349 0.09998732 -1.0374023
v 5.06490335 0.09998743 -1.07418982
v 5.06490335 0.09998743 -1.07418982
v 5.06490349 0.09998732 -1.0374023
v 5.06471037 0.10004737 -1.03739364
v 5.06463969 0.10012941 -1.03738183
v 5.06463955 0.10012953 -1.0741208
v 5.06464046 0.10012873 -0.82834064
v 5.06463988 0.10012924 -0.98516833
v 5.06471057 0.1000472 -0.98515651
v 5.06471115 0.1000467 -0.82835246
v 5.06490368 0.09998715 -0.98514786
v 5.06490426 0.09998664 -0.82836111
v 5.06490426 0.09998664 -0.82836111
v 5.06490368 0.09998715 -0.98514786
v 5.06903619 0.10012951 -1.07420051
v 5.06903632 0.10012939 -1.03738184
v 5.06896564 0.10004735 -1.03739366
v 5.0689655 0.10004747 -1.07420051
v 5.06877252 0.0999873 -1.03740231
v 5.06877239 0.09998742 -1.07420051
v 5.06877239 0.09998742 -1.07420051
v 5.06877252 0.0999873 -1.03740231
v 5.06877349 0.09998646 -0.77610669
v 5.06877362 0.09998634 -0.73930849
v 5.06877362 0.09998634 -0.73930849
v 5.06877349 0.09998646 -0.77610669
v 5.0689666 0.10004651 -0.77611534
v 5.06896674 0.10004639 -0.73930849
v 5.06903729 0.10012855 -0.77612716
v 5.06903742 0.10012843 -0.73930849
v 5.06903651 0.10012922 -0.98516834
v 5.06903709 0.10012871 -0.82834066
v 5.06896641 0.10004668 -0.82835248
v 5.06896583 0.10004718 -0.98515653
v 5.0687733 0.09998663 -0.82836112
v 5.06877272 0.09998713 -0.98514788
v 5.06877272 0.09998713 -0.98514788
v 5.0687733 0.09998663 -0.82836112
v 5.06903739 0.37341715 -1.0741996
v 5.064642 0.3734161 -0.73930756
v 5.06903863 0.37341608 -0.73930758
v 5.06464196 0.37341613 -0.75004654
v 5.0646408 0.37341714 -1.06346059
v 5.06464076 0.37341717 -1.07419959
v 5.06903739 0.37341715 -1.0741996
v 5.06903633 0.10202528 -1.03710874
v 5.06903634 0.10280395 -1.03669012
v 5.06903652 0.10280378 -0.98586006
v 5.06903711 0.10280327 -0.82764893
v 5.0690373 0.10280311 -0.77681886
v 5.06903729 0.10202444 -0.77640025
v 5.06903863 0.37341608 -0.73930758
v 5.06903652 0.10202511 -0.98544145
v 5.0690371 0.10202461 -0.82806754
v 5.06463969 0.12251407 -1.06324772
v 5.06463955 0.10012953 -1.0742005
v 5.06464076 0.37341717 -1.07419959
v 5.06903709 0.10012871 -0.82834066
v 5.06896641 0.10004668 -0.82835248
v 5.0687733 0.09998663 -0.82836112
v 5.0685095 0.09996465 -0.82836429
v 5.06516806 0.09996466 -0.82836428
v 5.06490426 0.09998664 -0.82836111
v 5.06471115 0.1000467 -0.82835246
v 5.06464046 0.10012873 -0.82834064
v 5.0689666 0.10004651 -0.77611534
v 5.06903729 0.10012855 -0.77612716
v 5.06877349 0.09998646 -0.77610669
v 5.06850969 0.09996448 -0.77610352
v 5.06516825 0.09996449 -0.77610351
v 5.06490445 0.09998648 -0.77610668
v 5.06471134 0.10004653 -0.77611533
v 5.06464065 0.10012857 -0.77612714
v 5.06896583 0.10004718 -0.98515653
v 5.06903651 0.10012922 -0.98516834
v 5.06877272 0.09998713 -0.98514788
v 5.06850892 0.09996515 -0.98514471
v 5.06516748 0.09996517 -0.9851447
v 5.06490368 0.09998715 -0.98514786
v 5.06471057 0.1000472 -0.98515651
v 5.06463988 0.10012924 -0.98516833
v 5.06903632 0.10012939 -1.03738184
v 5.06896564 0.10004735 -1.03739366
v 5.06877252 0.0999873 -1.03740231
v 5.06850873 0.09996532 -1.03740548
v 5.06516728 0.09996533 -1.03740546
v 5.06490349 0.09998732 -1.0374023
v 5.06471037 0.10004737 -1.03739364
v 5.06463969 0.10012941 -1.03738183
v 5.064642 0.3734161 -0.73930756
v 5.06903742 0.10012843 -0.73930849
v 5.06903863 0.37341608 -0.73930758
v 5.06896674 0.10004639 -0.73930849
v 5.06877362 0.09998634 -0.73930849
v 5.06850983 0.09996436 -0.73930849
v 5.06516839 0.09996437 -0.73930848
v 5.06490459 0.09998636 -0.73930847
v 5.06471147 0.10004641 -0.73930847
v 5.06464079 0.10012845 -0.73930847
v 5.0689655 0.10004747 -1.07420051
v 5.06903739 0.37341715 -1.0741996
v 5.06903619 0.10012951 -1.07420051
v 5.06464076 0.37341717 -1.07419959
v 5.06877239 0.09998742 -1.07420051
v 5.06850859 0.09996544 -1.07420051
v 5.06516715 0.09996545 -1.0742005
v 5.06463955 0.10012953 -1.0742005
v 5.06464085 0.12214552 -0.75048414
v 5.064642 0.3734161 -0.73930756
v 5.06464066 0.10202446 -0.77640024
v 5.06464066 0.10280313 -0.77681885
v 5.06464048 0.10280329 -0.82764891
v 5.06463989 0.1028038 -0.98586004
v 5.0646397 0.10280397 -1.03669011
v 5.0646397 0.1020253 -1.03710872
v 5.06464047 0.10202463 -0.82806753
v 5.06463989 0.10202513 -0.98544143
vn -0.1419 0.97961 0.1422
vn -0.42219 0.61499 0.66599
vn -0.25881 0 0.96593
vn -1 0 0
vn -0.40189 0.91569 0
vn -0.40198 0.91565 0
vn -0.40198 -0.91565 0
vn -0.40189 -0.91569 0
vn 0 0 1
vn -1 -0.0001 0
vn 1 -0.0014 0
vn 0.0014 1 0
vn 0.0007 -1 0
vn -0.70711 0 0.70711
vn -0.96593 0 0.25881
vn -0.25881 0 -0.96593
vn -0.70711 0 -0.70711
vn -0.96593 0 -0.25881
vn 1 0 0
vn 0 0 -1
vn -0.11679 -0.99316 0
vn -0.11691 -0.99314 0
vn -0.11679 0.99316 0
vn -0.11691 0.99314 0
vn 0 -1 0
vn 0 1 0
vt 0.48322 0.37647
vt 0.48322 0.37647
vt 0.48323 0.37647
vt 0.48323 0.37647
vt 0.48323 0.37647
vt 0.47668 0.38486
vt 0.47483 0.38486
vt 0.47483 0.38479
vt 0.47668 0.38479
vt 0.49161 0.38479
vt 0.49161 0.38486
vt 0.48977 0.38486
vt 0.48977 0.38479
vt 0.47671 0.38478
vt 0.47926 0.38478
vt 0.47926 0.38487
vt 0.47671 0.38487
vt 0.48718 0.38478
vt 0.48973 0.38478
vt 0.48973 0.38487
vt 0.48718 0.38487
vt 0.48715 0.38486
vt 0.47929 0.38486
vt 0.47929 0.38479
vt 0.48715 0.38479
vt 0.48335 0.38478
vt 0.4834 0.38478
vt 0.4834 0.38487
vt 0.48335 0.38487
vt 0.5 0.37701
vt 0.49941 0.37701
vt 0.49941 0.39264
vt 0.5 0.39264
vt 0.47537 0.38478
vt 0.49107 0.38478
vt 0.49107 0.38479
vt 0.47537 0.38479
vt 0.49106 0.38478
vt 0.47539 0.38478
vt 0.47539 0.38479
vt 0.49106 0.38479
vt 0.48458 0.38478
vt 0.49941 0.38478
vt 0.49941 0.38479
vt 0.48458 0.38479
vt 0.49941 0.38478
vt 0.4846 0.38478
vt 0.4846 0.38479
vt 0.49941 0.38479
vt 0.48323 0.39318
vt 0.48323 0.39134
vt 0.48323 0.39134
vt 0.48323 0.39318
vt 0.48322 0.39134
vt 0.48322 0.39318
vt 0.47483 0.38478
vt 0.47668 0.38478
vt 0.48977 0.38478
vt 0.49161 0.38478
vt 0.48322 0.37647
vt 0.48322 0.37831
vt 0.48323 0.37831
vt 0.48323 0.37831
vt 0.48323 0.37647
vt 0.48323 0.38874
vt 0.48323 0.38091
vt 0.48323 0.38091
vt 0.48323 0.38874
vt 0.48322 0.38091
vt 0.48322 0.38873
vt 0.47929 0.38478
vt 0.48715 0.38478
vt 0.48323 0.37647
vt 0.48323 0.37831
vt 0.48323 0.37647
vt 0.49161 0.38487
vt 0.48977 0.38487
vt 0.47668 0.38487
vt 0.47483 0.38487
vt 0.48323 0.39134
vt 0.48323 0.38091
vt 0.48323 0.38874
vt 0.48323 0.38874
vt 0.48323 0.38091
vt 0.48715 0.38487
vt 0.47929 0.38487
vt 0.47537 0.38478
vt 0.49107 0.38478
vt 0.49161 0.38478
vt 0.5 0.37647
vt 0.48335 0.37832
vt 0.4834 0.37834
vt 0.4834 0.38088
vt 0.4834 0.38877
vt 0.4834 0.39131
vt 0.48335 0.39133
vt 0.5 0.39318
vt 0.48335 0.3809
vt 0.48335 0.38875
vt 0.4846 0.37702
vt 0.48323 0.37647
vt 0.48323 0.38487
vt 0.48323 0.38486
vt 0.48322 0.38486
vt 0.48322 0.38486
vt 0.48322 0.38479
vt 0.48322 0.38479
vt 0.48323 0.38478
vt 0.48323 0.38478
vt 0.48323 0.38486
vt 0.48322 0.38486
vt 0.48322 0.38486
vt 0.48322 0.38479
vt 0.48322 0.38479
vt 0.5 0.38478
vt 0.5 0.38487
vt 0.48323 0.38478
vt 0.48323 0.38486
vt 0.48322 0.38486
vt 0.48458 0.39262
usemtl mat4
f 1304/852/608 1305/853/608 1306/854/608
f 1305/853/609 1307/855/609 1306/854/609
f 1307/855/610 1308/856/610 1306/854/610
f 1309/857/611 1310/858/611 1311/859/611
f 1309/857/611 1311/859/611 1312/860/611
f 1313/861/611 1314/862/611 1315/863/611
f 1313/861/611 1315/863/611 1316/864/611
f 1317/865/611 1318/866/611 1319/867/611
f 1317/865/611 1319/867/611 1320/868/611
f 1321/869/611 1322/870/611 1323/871/611
f 1321/869/611 1323/871/611 1324/872/611
f 1325/873/611 1326/874/611 1327/875/611
f 1325/873/611 1327/875/611 1328/876/611
f 1329/877/612 1330/878/612 1331/879/612
f 1329/877/613 1331/879/613 1332/880/613
f 1333/879/614 1334/878/614 1335/877/614
f 1333/879/615 1335/877/615 1336/880/615
f 1337/879/615 1338/878/615 1339/877/615
f 1337/879/614 1339/877/614 1340/880/614
f 1341/877/613 1342/878/613 1343/879/613
f 1341/877/612 1343/879/612 1344/880/612
f 1345/881/616 1346/882/616 1347/883/616
f 1345/881/616 1347/883/616 1348/884/616
f 1349/885/617 1350/886/617 1351/887/617
f 1349/885/617 1351/887/617 1352/888/617
f 1353/889/618 1354/890/618 1355/891/618
f 1353/889/618 1355/891/618 1356/892/618
f 1357/893/619 1358/894/619 1359/895/619
f 1357/893/619 1359/895/619 1360/896/619
f 1361/897/620 1362/898/620 1363/899/620
f 1361/897/620 1363/899/620 1364/900/620
f 1365/901/610 1366/902/610 1367/903/610
f 1365/901/610 1367/903/610 1368/904/610
f 1368/904/621 1367/903/621 1369/905/621
f 1368/904/621 1369/905/621 1370/906/621
f 1371/907/622 1372/908/622 1312/860/622
f 1371/907/622 1312/860/622 1311/859/622
f 1313/861/622 1316/864/622 1373/909/622
f 1313/861/622 1373/909/622 1374/910/622
f 1375/911/621 1376/912/621 1377/913/621
f 1375/911/621 1377/913/621 1307/855/621
f 1307/855/610 1377/913/610 1378/914/610
f 1307/855/610 1378/914/610 1379/915/610
f 1380/916/610 1381/917/610 1382/918/610
f 1380/916/610 1382/918/610 1383/919/610
f 1383/919/621 1382/918/621 1384/920/621
f 1383/919/621 1384/920/621 1385/921/621
f 1386/922/622 1387/923/622 1328/876/622
f 1386/922/622 1328/876/622 1327/875/622
f 1388/924/623 1389/925/623 1390/913/623
f 1388/924/623 1390/913/623 1391/926/623
f 1391/926/624 1390/913/624 1392/912/624
f 1391/926/624 1392/912/624 1393/852/624
f 1394/927/625 1395/928/625 1315/863/625
f 1394/927/625 1315/863/625 1314/862/625
f 1310/858/625 1309/857/625 1396/929/625
f 1310/858/625 1396/929/625 1397/930/625
f 1398/906/624 1399/905/624 1400/903/624
f 1398/906/624 1400/903/624 1401/904/624
f 1401/904/623 1400/903/623 1402/931/623
f 1401/904/623 1402/931/623 1403/901/623
f 1404/932/623 1405/933/623 1406/934/623
f 1404/932/623 1406/934/623 1407/935/623
f 1407/935/624 1406/934/624 1408/921/624
f 1407/935/624 1408/921/624 1409/920/624
f 1410/936/625 1411/937/625 1326/874/625
f 1410/936/625 1326/874/625 1325/873/625
f 1412/927/626 1413/907/626 1414/930/626
f 1413/907/626 1412/927/626 1415/938/626
f 1415/938/626 1412/927/626 1416/939/626
f 1416/939/626 1412/927/626 1417/940/626
f 1418/941/627 1389/925/627 1388/924/627
f 1389/925/627 1418/941/627 1419/942/627
f 1419/942/627 1418/941/627 1420/943/627
f 1420/943/627 1418/941/627 1421/944/627
f 1421/944/627 1418/941/627 1422/945/627
f 1422/945/627 1418/941/627 1423/946/627
f 1424/947/627 1403/901/627 1402/931/627
f 1403/901/627 1424/947/627 1425/948/627
f 1425/948/627 1424/947/627 1423/946/627
f 1425/948/627 1423/946/627 1418/941/627
f 1426/949/627 1405/933/627 1404/932/627
f 1405/933/627 1426/949/627 1427/950/627
f 1427/950/627 1426/949/627 1421/944/627
f 1427/950/627 1421/944/627 1422/945/627
f 1428/951/616 1429/952/616 1379/915/616
f 1429/952/616 1428/951/616 1430/941/616
f 1430/941/616 1428/951/616 1346/882/616
f 1430/941/616 1346/882/616 1345/881/616
f 1335/877/628 1431/953/628 1336/880/628
f 1431/953/629 1335/877/629 1432/954/629
f 1432/954/628 1335/877/628 1433/955/628
f 1433/955/628 1335/877/628 1434/956/628
f 1434/956/628 1335/877/628 1435/957/628
f 1435/957/628 1335/877/628 1436/958/628
f 1436/958/628 1335/877/628 1437/959/628
f 1437/959/628 1335/877/628 1438/960/628
f 1439/961/630 1332/880/630 1440/953/630
f 1332/880/630 1439/961/630 1329/877/630
f 1329/877/630 1439/961/630 1441/962/630
f 1329/877/631 1441/962/631 1442/963/631
f 1329/877/630 1442/963/630 1443/964/630
f 1329/877/630 1443/964/630 1444/965/630
f 1329/877/630 1444/965/630 1445/959/630
f 1329/877/630 1445/959/630 1446/960/630
f 1447/961/630 1344/880/630 1448/953/630
f 1344/880/630 1447/961/630 1341/877/630
f 1341/877/630 1447/961/630 1449/962/630
f 1341/877/630 1449/962/630 1450/963/630
f 1341/877/630 1450/963/630 1451/964/630
f 1341/877/630 1451/964/630 1452/958/630
f 1341/877/630 1452/958/630 1453/959/630
f 1341/877/630 1453/959/630 1454/960/630
f 1339/877/628 1455/953/628 1340/880/628
f 1455/953/628 1339/877/628 1456/954/628
f 1456/954/628 1339/877/628 1457/955/628
f 1457/955/629 1339/877/629 1458/956/629
f 1458/956/628 1339/877/628 1459/957/628
f 1459/957/628 1339/877/628 1460/965/628
f 1460/965/628 1339/877/628 1461/959/628
f 1461/959/628 1339/877/628 1462/960/628
f 1463/966/632 1464/953/632 1465/967/632
f 1464/953/632 1463/966/632 1466/961/632
f 1466/961/632 1463/966/632 1467/955/632
f 1467/955/632 1463/966/632 1468/956/632
f 1468/956/632 1463/966/632 1469/957/632
f 1469/957/632 1463/966/632 1470/965/632
f 1470/965/632 1463/966/632 1471/968/632
f 1471/968/632 1463/966/632 1472/960/632
f 1473/969/633 1474/967/633 1475/953/633
f 1474/967/633 1473/969/633 1476/966/633
f 1476/966/633 1473/969/633 1477/970/633
f 1476/966/633 1477/970/633 1478/963/633
f 1476/966/633 1478/963/633 1479/964/633
f 1476/966/633 1479/964/633 1480/960/633
f 1365/901/616 1481/971/616 1366/902/616
f 1481/971/616 1365/901/616 1482/948/616
f 1366/902/616 1481/971/616 1483/947/616
f 1483/947/616 1481/971/616 1484/946/616
f 1484/946/616 1481/971/616 1485/945/616
f 1485/945/616 1481/971/616 1486/944/616
f 1486/944/616 1481/971/616 1487/943/616
f 1481/971/616 1482/948/616 1347/883/616
f 1347/883/616 1482/948/616 1348/884/616
f 1488/942/616 1379/915/616 1378/914/616
f 1379/915/616 1488/942/616 1428/951/616
f 1428/951/616 1488/942/616 1487/943/616
f 1428/951/616 1487/943/616 1481/971/616
f 1489/950/616 1381/917/616 1380/916/616
f 1381/917/616 1489/950/616 1490/949/616
f 1490/949/616 1489/950/616 1485/945/616
f 1490/949/616 1485/945/616 1486/944/616
# Vertices: 187, normals: 26, texture coordinates: 120, faces: 152

